t,speed,rpm,gear,ratio,mech,slip,tcc,locked,hold,range,shifting,atf,volt,odo,trip_km,fuel_pt,rate_lh,eco,coolant,map,load
1788102378.7,0.00,766.8,0,0.260,0.000,0.0000,0,False,False,P,False,0.0,0.00,110150,41.63131,82.75,1.299,11.54,79.0,46.0,0.0
1788102379.0,0.00,772.0,0,0.260,0.000,0.0000,0,False,False,P,False,0.0,0.00,110150,41.63131,82.35,1.299,11.54,79.0,46.0,0.0
1788102379.2,0.00,769.0,0,0.260,0.000,0.0000,0,False,False,P,False,0.0,0.00,110150,41.63131,82.75,1.299,11.54,79.0,46.0,0.0
1788102379.4,0.00,769.2,0,0.260,0.000,0.0000,0,False,False,P,False,0.0,0.00,110150,41.63131,81.96,1.269,11.54,79.0,46.0,0.0
1788102379.6,0.00,771.0,0,0.260,0.000,0.0000,0,False,False,P,False,0.0,0.00,110150,41.63131,82.75,1.269,11.54,79.0,46.0,0.0
1788102379.8,0.00,769.0,0,0.260,0.000,0.0000,0,False,False,P,False,0.0,0.00,110150,41.63131,82.35,1.286,11.54,79.0,46.0,0.0
1788102380.0,0.00,771.2,0,0.260,0.000,0.0000,0,False,False,P,False,0.0,0.00,110150,41.63131,82.75,1.269,11.54,79.0,46.0,0.0
1788102380.2,0.00,769.8,0,0.260,0.000,0.0000,0,False,False,P,False,0.0,0.00,110150,41.63131,82.35,1.299,11.54,79.0,46.0,0.0
1788102380.4,0.00,769.8,0,0.260,0.000,0.0000,0,False,False,P,False,0.0,0.00,110150,41.63131,82.75,1.312,11.54,79.0,45.0,0.0
1788102380.6,0.00,769.0,0,0.260,0.000,0.0000,0,False,False,P,False,67.2,0.00,110150,41.63131,82.75,1.269,11.54,79.0,45.0,0.0
1788102380.8,0.00,768.5,0,0.260,0.000,0.0000,0,False,False,P,False,67.2,0.00,110150,41.63131,82.35,1.286,11.54,79.0,45.0,0.0
1788102381.0,0.00,769.0,0,0.260,0.000,0.0000,0,False,False,P,False,67.2,0.00,110150,41.63131,82.35,1.299,11.54,79.0,45.0,0.0
1788102381.2,0.00,769.0,0,0.260,0.000,0.0000,0,False,False,P,False,67.2,0.00,110150,41.63131,82.75,1.299,11.54,79.0,45.0,0.0
1788102381.4,0.00,769.2,0,0.260,0.000,0.0000,0,False,False,P,False,67.2,0.00,110150,41.63131,82.75,1.269,11.54,79.0,45.0,0.0
1788102381.6,0.00,770.5,0,0.260,0.000,0.0000,0,False,False,P,False,67.2,0.00,110150,41.63131,81.96,1.286,11.54,79.0,45.0,0.0
1788102381.8,0.00,769.2,0,0.260,0.000,0.0000,0,False,False,P,False,67.2,0.00,110150,41.63131,81.96,1.269,11.54,79.0,45.0,0.0
1788102382.0,0.00,767.2,0,0.260,0.000,0.0000,0,False,False,P,False,67.2,0.00,110150,41.63131,82.75,1.256,11.53,79.0,45.0,0.0
1788102382.2,0.00,769.0,0,0.260,0.000,0.0000,0,False,False,P,False,67.2,0.00,110150,41.63131,82.75,1.286,11.53,79.0,45.0,0.0
1788102382.4,0.00,769.0,0,0.260,0.000,0.0000,0,False,False,P,False,67.2,0.00,110150,41.63131,82.35,1.227,11.53,79.0,45.0,0.0
1788102382.6,0.00,767.8,0,0.260,0.000,0.0000,0,False,False,P,False,67.2,0.00,110150,41.63131,82.75,1.269,11.53,79.0,45.0,0.0
1788102382.8,0.00,768.5,0,0.260,0.000,0.0000,0,False,False,P,False,67.2,0.00,110150,41.63131,82.75,1.269,11.53,79.0,45.0,0.0
1788102383.0,0.00,768.0,0,0.260,0.000,0.0000,0,False,False,P,False,67.2,0.00,110150,41.63131,82.35,1.269,11.53,79.0,45.0,0.0
1788102383.2,0.00,766.0,0,0.260,0.000,0.0000,0,False,False,P,False,67.2,0.00,110150,41.63131,82.75,1.269,11.53,79.0,45.0,0.0
1788102383.4,0.00,767.2,0,0.260,0.000,0.0000,0,False,False,P,False,67.2,0.00,110150,41.63131,82.75,1.269,11.53,79.0,45.0,0.0
1788102383.6,0.00,766.0,0,0.260,0.000,0.0000,0,False,False,P,False,67.2,0.00,110150,41.63131,82.75,1.256,11.53,79.0,45.0,0.0
1788102383.8,0.00,765.8,0,0.260,0.000,0.0000,0,False,False,P,False,67.2,0.00,110150,41.63131,82.75,1.256,11.53,79.0,45.0,0.0
1788102384.0,0.00,766.2,0,0.260,0.000,0.0000,0,False,False,P,False,67.2,0.00,110150,41.63131,82.35,1.244,11.53,79.0,45.0,0.0
1788102384.3,0.00,766.8,0,0.260,0.000,0.0000,0,False,False,P,False,67.2,0.00,110150,41.63131,82.35,1.269,11.53,79.0,45.0,0.0
1788102384.5,0.00,767.0,0,0.260,0.000,0.0000,0,False,False,P,False,68.2,0.00,110150,41.63131,82.75,1.256,11.53,79.0,45.0,0.0
1788102384.7,0.00,766.5,0,0.260,0.000,0.0000,0,False,False,P,False,68.2,0.00,110150,41.63131,82.75,1.256,11.53,79.0,45.0,0.0
1788102384.9,0.00,766.8,0,0.260,0.000,0.0000,0,False,False,P,False,68.2,0.00,110150,41.63131,82.75,1.286,11.53,79.0,45.0,0.0
1788102385.1,0.00,765.2,0,0.260,0.000,0.0000,0,False,False,P,False,68.2,0.00,110150,41.63131,82.75,1.214,11.53,79.0,45.0,0.0
1788102385.3,0.00,765.2,0,0.260,0.000,0.0000,0,False,False,P,False,68.2,0.00,110150,41.63131,82.35,1.269,11.53,79.0,45.0,0.0
1788102385.5,0.00,766.2,0,0.260,0.000,0.0000,0,False,False,P,False,68.2,0.00,110150,41.63131,82.35,1.244,11.53,79.0,45.0,0.0
1788102385.7,0.00,765.5,0,0.260,0.000,0.0000,0,False,False,P,False,68.2,0.00,110150,41.63131,82.35,1.244,11.53,79.0,45.0,0.0
1788102385.9,0.00,763.0,0,0.260,0.000,0.0000,0,False,False,P,False,68.2,0.00,110150,41.63131,82.75,1.256,11.53,79.0,45.0,0.0
1788102386.1,0.00,762.5,0,0.260,0.000,0.0000,0,False,False,P,False,68.2,0.00,110150,41.63131,82.35,1.256,11.53,79.0,45.0,0.0
1788102386.3,0.00,766.2,0,0.260,0.000,0.0000,0,False,False,P,False,68.2,0.00,110150,41.63131,82.35,1.244,11.53,79.0,45.0,0.0
1788102386.5,0.00,764.5,0,0.260,0.000,0.0000,0,False,False,P,False,68.2,0.00,110150,41.63131,82.35,1.244,11.53,79.0,45.0,0.0
1788102386.7,0.00,764.2,0,0.260,0.000,0.0000,0,False,False,P,False,68.2,0.00,110150,41.63131,82.75,1.256,11.53,79.0,45.0,0.0
1788102386.9,0.00,764.8,0,0.260,0.000,0.0000,0,False,False,P,False,68.2,0.00,110150,41.63131,82.75,1.256,11.53,79.0,45.0,0.0
1788102387.1,0.00,762.2,0,0.260,0.000,0.0000,0,False,False,P,False,68.2,0.00,110150,41.63131,82.35,1.227,11.53,79.0,45.0,0.0
1788102387.3,0.00,763.2,0,0.260,0.000,0.0000,0,False,False,P,False,68.2,0.00,110150,41.63131,82.35,1.244,11.53,79.0,45.0,0.0
1788102387.5,0.00,763.2,0,0.260,0.000,0.0000,0,False,False,P,False,68.2,0.00,110150,41.63131,82.75,1.244,11.53,79.0,45.0,0.0
1788102387.7,0.00,764.0,0,0.260,0.000,0.0000,0,False,False,P,False,68.2,0.00,110150,41.63131,82.35,1.269,11.53,79.0,45.0,0.0
1788102387.9,0.00,761.8,0,0.260,0.000,0.0000,0,False,False,P,False,68.2,0.00,110150,41.63131,82.75,1.244,11.53,79.0,45.0,0.0
1788102388.1,0.00,763.5,0,0.260,0.000,0.0000,0,False,False,P,False,68.2,0.00,110150,41.63131,82.35,1.256,11.53,79.0,45.0,0.0
1788102388.3,0.00,763.5,0,0.260,0.000,0.0000,0,False,False,P,False,68.2,0.00,110150,41.63131,82.75,1.256,11.53,79.0,45.0,0.0
1788102388.5,0.00,760.5,0,0.260,0.000,0.0000,0,False,False,P,False,68.2,0.00,110150,41.63131,82.75,1.256,11.53,79.0,45.0,0.0
1788102388.7,0.00,761.2,0,0.260,0.000,0.0000,0,False,False,P,False,68.2,0.00,110150,41.63131,82.75,1.244,11.53,79.0,45.0,0.0
1788102388.9,0.00,761.5,0,0.260,0.000,0.0000,0,False,False,P,False,68.2,0.00,110150,41.63131,82.35,1.227,11.53,80.0,45.0,0.0
1788102389.1,0.00,762.2,0,0.260,0.000,0.0000,0,False,False,P,False,68.2,0.00,110150,41.63131,82.35,1.244,11.53,79.0,45.0,0.0
1788102389.3,0.00,759.0,0,0.260,0.000,0.0000,0,False,False,P,False,68.2,0.00,110150,41.63131,82.35,1.201,11.53,80.0,45.0,0.0
1788102389.5,0.00,759.5,0,0.260,0.000,0.0000,0,False,False,P,False,68.2,0.00,110150,41.63131,82.35,1.189,11.53,80.0,45.0,0.0
1788102389.7,0.00,759.0,0,0.260,0.000,0.0000,0,False,False,P,False,68.2,0.00,110150,41.63131,82.75,1.244,11.53,80.0,45.0,0.0
1788102389.9,0.00,758.2,0,0.260,0.000,0.0000,0,False,False,P,False,68.2,0.00,110150,41.63131,82.35,1.227,11.53,80.0,45.0,0.0
1788102390.1,0.00,752.8,0,0.260,0.000,0.0000,0,False,False,P,False,68.2,0.00,110150,41.63131,82.75,1.227,11.53,80.0,45.0,0.0
1788102390.3,0.00,752.8,0,0.260,0.000,0.0000,0,False,False,P,False,68.2,0.00,110150,41.63131,82.75,1.227,11.53,80.0,45.0,0.0
1788102390.6,0.00,758.0,0,0.260,0.000,0.0000,0,False,False,P,False,68.2,0.00,110150,41.63131,82.75,1.256,11.53,80.0,45.0,0.0
1788102390.8,0.00,758.2,0,0.260,0.000,0.0000,0,False,False,P,False,68.2,0.00,110150,41.63131,82.75,1.227,11.53,80.0,45.0,0.0
1788102391.0,0.00,756.8,0,0.260,0.000,0.0000,0,False,False,P,False,68.2,0.00,110150,41.63131,82.75,1.269,11.52,80.0,45.0,0.0
1788102391.2,0.00,759.8,0,0.260,0.000,0.0000,0,False,False,P,False,69.1,0.00,110150,41.63131,82.75,1.269,11.52,80.0,45.0,0.0
1788102391.4,0.00,760.2,0,0.260,0.000,0.0000,0,False,False,P,False,69.1,0.00,110150,41.63131,82.35,1.244,11.52,80.0,45.0,0.0
1788102391.6,0.00,762.2,0,0.260,0.000,0.0000,0,False,False,P,False,69.1,0.00,110150,41.63131,82.75,1.227,11.52,80.0,45.0,0.0
1788102391.8,0.00,761.5,0,0.260,0.000,0.0000,0,False,False,P,False,69.1,0.00,110150,41.63131,82.75,1.214,11.52,80.0,45.0,0.0
1788102392.0,0.00,764.0,0,0.260,0.000,0.0000,0,False,False,P,False,69.1,0.00,110150,41.63131,82.75,1.227,11.52,80.0,45.0,0.0
1788102392.2,0.00,761.5,0,0.260,0.000,0.0000,0,False,False,P,False,69.1,13.56,110150,41.63131,82.35,1.227,11.52,80.0,45.0,0.0
1788102392.4,0.00,762.2,0,0.260,0.000,0.0000,0,False,False,P,False,69.1,13.56,110150,41.63131,82.35,1.227,11.52,80.0,45.0,0.0
1788102392.6,0.00,760.8,0,0.260,0.000,0.0000,0,False,False,P,False,69.1,13.56,110150,41.63131,82.75,1.244,11.52,80.0,45.0,0.0
1788102392.8,0.00,761.0,0,0.260,0.000,0.0000,0,False,False,P,False,69.1,13.56,110150,41.63131,82.75,1.256,11.52,80.0,45.0,0.0
1788102393.0,0.00,755.0,0,0.260,0.000,0.0000,0,False,False,P,False,69.1,13.56,110150,41.63131,82.35,1.244,11.52,80.0,45.0,0.0
1788102393.2,0.00,756.8,0,0.260,0.000,0.0000,0,False,False,P,False,69.1,13.56,110150,41.63131,82.35,1.244,11.52,80.0,45.0,0.0
1788102393.4,0.00,756.5,0,0.260,0.000,0.0000,0,False,False,P,False,69.1,13.56,110150,41.63131,82.75,1.227,11.52,80.0,45.0,0.0
1788102393.6,0.00,758.5,0,0.260,0.000,0.0000,0,False,False,P,False,69.1,13.56,110150,41.63131,82.75,1.269,11.52,80.0,45.0,0.0
1788102393.8,0.00,759.5,0,0.260,0.000,0.0000,0,False,False,P,False,69.1,13.56,110150,41.63131,82.35,1.244,11.52,80.0,45.0,0.0
1788102394.0,0.00,763.8,0,0.260,0.000,0.0000,0,False,False,P,False,69.1,13.56,110150,41.63131,82.35,1.244,11.52,80.0,45.0,0.0
1788102394.2,0.00,764.0,0,0.260,0.000,0.0000,0,False,False,P,False,69.1,13.56,110150,41.63131,82.75,1.214,11.52,80.0,45.0,0.0
1788102394.4,0.00,764.2,0,0.260,0.000,0.0000,0,False,False,P,False,69.1,13.56,110150,41.63131,82.35,1.227,11.52,80.0,45.0,0.0
1788102394.6,0.00,760.8,0,0.260,0.000,0.0000,0,False,False,P,False,69.1,13.56,110150,41.63131,82.35,1.244,11.52,80.0,45.0,0.0
1788102394.8,0.00,763.8,0,0.260,0.000,0.0000,0,False,False,P,False,69.1,13.56,110150,41.63131,82.75,1.227,11.52,80.0,45.0,0.0
1788102395.0,0.00,763.5,0,0.260,0.000,0.0000,0,False,False,P,False,69.1,13.56,110150,41.63131,82.75,1.227,11.52,80.0,45.0,0.0
1788102395.2,0.00,761.5,0,0.260,0.000,0.0000,0,False,False,P,False,69.1,13.56,110150,41.63131,82.35,1.244,11.52,80.0,45.0,0.0
1788102395.4,0.00,762.5,0,0.260,0.000,0.0000,0,False,False,P,False,69.1,13.56,110150,41.63131,82.75,1.244,11.52,80.0,45.0,0.0
1788102395.6,0.00,760.8,0,0.260,0.000,0.0000,0,False,False,P,False,69.1,13.56,110150,41.63131,82.35,1.256,11.52,80.0,45.0,0.0
1788102395.8,0.00,758.8,0,0.260,0.000,0.0000,0,False,False,P,False,69.1,13.56,110150,41.63131,82.75,1.214,11.52,80.0,45.0,0.0
1788102396.0,0.00,760.2,0,0.260,0.000,0.0000,0,False,False,P,False,69.1,13.56,110150,41.63131,82.35,1.244,11.52,80.0,44.0,0.0
1788102396.2,0.00,761.8,0,0.260,0.000,0.0000,0,False,False,P,False,69.1,13.56,110150,41.63131,82.75,1.201,11.52,80.0,44.0,0.0
1788102396.4,0.00,758.8,0,0.260,0.000,0.0000,0,False,False,P,False,69.1,13.56,110150,41.63131,82.75,1.214,11.52,80.0,45.0,0.0
1788102396.7,0.00,759.2,0,0.260,0.000,0.0000,0,False,False,P,False,69.1,13.56,110150,41.63131,82.75,1.189,11.52,80.0,45.0,0.0
1788102396.9,0.00,761.2,0,0.260,0.000,0.0000,0,False,False,P,False,69.1,13.56,110150,41.63131,82.35,1.269,11.52,80.0,44.0,0.0
1788102397.1,0.00,764.2,0,0.260,0.000,0.0000,0,False,False,P,False,69.1,13.56,110150,41.63131,82.75,1.214,11.52,80.0,44.0,0.0
1788102397.3,0.00,761.8,0,0.260,0.000,0.0000,0,False,False,P,False,69.1,13.56,110150,41.63131,82.75,1.214,11.52,80.0,44.0,0.0
1788102397.5,0.00,765.2,0,0.260,0.000,0.0000,0,False,False,P,False,69.1,13.56,110150,41.63131,82.75,1.227,11.52,80.0,44.0,0.0
1788102397.7,0.00,762.2,0,0.260,0.000,0.0000,0,False,False,P,False,69.1,13.56,110150,41.63131,82.75,1.256,11.52,80.0,44.0,0.0
1788102397.9,0.00,762.5,0,0.260,0.000,0.0000,0,False,False,P,False,69.1,13.56,110150,41.63131,82.35,1.201,11.52,80.0,44.0,0.0
1788102398.1,0.00,760.5,0,0.260,0.000,0.0000,0,False,False,P,False,69.1,13.56,110150,41.63131,82.35,1.244,11.52,80.0,44.0,0.0
1788102398.3,0.00,761.0,0,0.260,0.000,0.0000,0,False,False,P,False,69.1,13.56,110150,41.63131,82.75,1.201,11.52,80.0,44.0,0.0
1788102398.5,0.00,761.5,0,0.260,0.000,0.0000,0,False,False,P,False,69.1,13.56,110150,41.63131,82.75,1.227,11.52,80.0,44.0,0.0
1788102398.7,0.00,761.8,0,0.260,0.000,0.0000,0,False,False,P,False,69.1,13.56,110150,41.63131,82.75,1.227,11.52,80.0,44.0,0.0
1788102398.9,0.00,763.5,0,0.260,0.000,0.0000,0,False,False,P,False,69.1,13.56,110150,41.63131,82.35,1.214,11.52,80.0,44.0,0.0
1788102399.1,0.00,762.8,0,0.260,0.000,0.0000,0,False,False,P,False,69.1,13.56,110150,41.63131,82.75,1.256,11.52,81.0,44.0,0.0
1788102399.3,0.00,759.0,0,0.260,0.000,0.0000,0,False,False,P,False,69.1,13.56,110150,41.63131,82.35,1.244,11.52,81.0,44.0,0.0
1788102399.5,0.00,758.8,0,0.260,0.000,0.0000,0,False,False,P,False,69.1,13.56,110150,41.63131,82.75,1.201,11.52,81.0,44.0,0.0
1788102399.7,0.00,760.2,0,0.260,0.000,0.0000,0,False,False,P,False,69.1,13.56,110150,41.63131,82.75,1.227,11.52,81.0,44.0,0.0
1788102399.9,0.00,761.0,0,0.260,0.000,0.0000,0,False,False,P,False,69.1,13.56,110150,41.63131,82.35,1.214,11.52,81.0,44.0,0.0
1788102400.1,0.00,762.2,0,0.260,0.000,0.0000,0,False,False,P,False,69.1,13.56,110150,41.63131,82.75,1.256,11.52,81.0,44.0,0.0
1788102400.3,0.00,765.5,0,0.260,0.000,0.0000,0,False,False,P,False,69.1,13.56,110150,41.63131,82.75,1.214,11.51,81.0,44.0,0.0
1788102400.5,0.00,765.2,0,0.260,0.000,0.0000,0,False,False,P,False,70.0,13.56,110150,41.63131,82.35,1.201,11.51,81.0,44.0,0.0
1788102400.7,0.00,761.0,0,0.260,0.000,0.0000,0,False,False,P,False,70.0,13.56,110150,41.63131,81.96,1.201,11.51,81.0,44.0,0.0
1788102400.9,0.00,764.5,0,0.260,0.000,0.0000,0,False,False,P,False,70.0,13.56,110150,41.63131,82.35,1.214,11.51,81.0,44.0,0.0
1788102401.1,0.00,767.5,0,0.260,0.000,0.0000,0,False,False,P,False,70.0,13.56,110150,41.63131,82.75,1.214,11.51,81.0,44.0,0.0
1788102401.3,0.00,762.0,0,0.260,0.000,0.0000,0,False,False,P,False,70.0,13.56,110150,41.63131,82.35,1.244,11.51,81.0,44.0,0.0
1788102401.5,0.00,764.2,0,0.260,0.000,0.0000,0,False,False,P,False,70.0,13.57,110150,41.63131,82.75,1.189,11.51,81.0,44.0,0.0
1788102401.7,0.00,765.5,0,0.260,0.000,0.0000,0,False,False,P,False,70.0,13.57,110150,41.63131,82.75,1.256,11.51,81.0,44.0,0.0
1788102401.9,0.00,764.0,0,0.260,0.000,0.0000,0,False,False,P,False,70.0,13.57,110150,41.63131,82.75,1.214,11.51,81.0,44.0,0.0
1788102402.1,0.00,759.5,0,0.260,0.000,0.0000,0,False,False,P,False,70.0,13.57,110150,41.63131,82.75,1.189,11.51,81.0,44.0,0.0
1788102402.3,0.00,760.5,0,0.260,0.000,0.0000,0,False,False,P,False,70.0,13.57,110150,41.63131,82.35,1.189,11.51,81.0,44.0,0.0
1788102402.5,0.00,762.0,0,0.260,0.000,0.0000,0,False,False,P,False,70.0,13.57,110150,41.63131,82.35,1.201,11.51,81.0,44.0,0.0
1788102402.7,0.00,765.2,0,0.260,0.000,0.0000,0,False,False,P,False,70.0,13.57,110150,41.63131,82.75,1.172,11.51,81.0,44.0,0.0
1788102403.0,0.00,759.2,0,0.260,0.000,0.0000,0,False,False,P,False,70.0,13.57,110150,41.63131,82.75,1.133,11.51,81.0,43.0,0.0
1788102403.2,0.00,761.5,0,0.260,0.000,0.0000,0,False,False,P,False,70.0,13.57,110150,41.63131,82.35,1.146,11.51,81.0,43.0,0.0
1788102403.4,0.00,756.2,0,0.260,0.000,0.0000,0,False,False,P,False,70.0,13.57,110150,41.63131,82.75,1.159,11.51,81.0,43.0,0.0
1788102403.6,0.00,751.2,0,0.260,0.000,0.0000,0,False,False,P,False,70.0,13.57,110150,41.63131,82.35,1.159,11.51,81.0,43.0,0.0
1788102403.8,0.00,745.5,0,0.260,0.000,0.0000,0,False,False,P,False,70.0,13.57,110150,41.63131,82.75,1.159,11.51,81.0,43.0,0.0
1788102404.0,0.00,745.5,0,0.260,0.000,0.0000,0,False,False,P,False,70.0,13.57,110150,41.63131,82.35,1.201,11.51,81.0,43.0,0.0
1788102404.2,0.00,746.0,0,0.260,0.000,0.0000,0,False,False,P,False,70.0,13.57,110150,41.63131,82.75,1.201,11.51,81.0,43.0,0.0
1788102404.4,0.00,744.5,0,0.260,0.000,0.0000,0,False,False,P,False,70.0,13.57,110150,41.63131,82.75,1.146,11.51,81.0,43.0,0.0
1788102404.6,0.00,746.2,0,0.260,0.000,0.0000,0,False,False,P,False,70.0,13.57,110150,41.63131,82.75,1.133,11.51,81.0,43.0,0.0
1788102404.8,0.00,747.8,0,0.260,0.000,0.0000,0,False,False,P,False,70.0,13.57,110150,41.63131,82.35,1.146,11.51,81.0,43.0,0.0
1788102405.0,0.00,744.5,0,0.260,0.000,0.0000,0,False,False,P,False,70.0,13.57,110150,41.63131,82.35,1.133,11.51,81.0,43.0,0.0
1788102405.2,0.00,739.5,0,0.260,0.000,0.0000,0,False,False,P,False,70.0,13.57,110150,41.63131,82.75,1.104,11.51,81.0,43.0,0.0
1788102405.4,0.00,736.2,0,0.260,0.000,0.0000,0,False,False,P,False,70.0,13.57,110150,41.63131,82.35,1.104,11.51,81.0,43.0,0.0
1788102405.6,0.00,734.5,0,0.260,0.000,0.0000,0,False,False,P,False,70.0,13.57,110150,41.63131,82.35,1.104,11.51,81.0,43.0,0.0
1788102405.8,0.00,730.2,0,0.260,0.000,0.0000,0,False,False,P,False,70.0,13.57,110150,41.63131,82.35,1.146,11.51,81.0,42.0,0.0
1788102406.0,0.00,728.2,0,0.260,0.000,0.0000,0,False,False,P,False,70.0,13.57,110150,41.63131,82.75,1.133,11.51,81.0,43.0,0.0
1788102406.2,0.00,726.5,0,0.260,0.000,0.0000,0,False,False,P,False,70.0,13.57,110150,41.63131,82.75,1.133,11.51,81.0,43.0,0.0
1788102406.4,0.00,723.5,0,0.260,0.000,0.0000,0,False,False,P,False,70.0,13.57,110150,41.63131,82.75,1.146,11.51,81.0,43.0,0.0
1788104646.8,0.00,720.8,0,0.260,0.000,0.0000,0,False,False,P,False,71.0,13.57,110150,41.63131,82.75,1.146,11.51,81.0,43.0,0.0
1788104647.0,0.00,720.0,0,0.260,0.000,0.0000,0,False,False,P,False,71.0,13.57,110150,41.63131,82.75,1.146,11.51,81.0,43.0,0.0
1788104647.2,0.00,721.5,0,0.260,0.000,0.0000,0,False,False,P,False,71.0,13.57,110150,41.63131,82.35,1.078,11.51,81.0,43.0,0.0
1788104647.4,0.00,724.8,0,0.260,0.000,0.0000,0,False,False,P,False,71.0,13.57,110150,41.63131,82.35,1.121,11.51,81.0,43.0,0.0
1788104647.6,0.00,723.2,0,0.260,0.000,0.0000,0,False,False,P,False,71.0,13.57,110150,41.63131,82.75,1.133,11.51,81.0,43.0,0.0
1788104647.8,0.00,722.8,0,0.260,0.000,0.0000,0,False,False,P,False,71.0,13.57,110150,41.63131,82.75,1.133,11.51,81.0,43.0,0.0
1788104648.0,0.00,723.0,0,0.260,0.000,0.0000,0,False,False,P,False,71.0,13.57,110150,41.63131,82.35,1.121,11.51,81.0,43.0,0.0
1788104648.2,0.00,724.2,0,0.260,0.000,0.0000,0,False,False,P,False,71.0,13.57,110150,41.63131,82.75,1.104,11.51,82.0,43.0,0.0
1788104648.4,0.00,726.5,0,0.260,0.000,0.0000,0,False,False,P,False,71.0,13.57,110150,41.63131,82.75,1.091,11.51,82.0,43.0,0.0
1788104648.6,0.00,725.2,0,0.260,0.000,0.0000,0,False,False,P,False,71.0,13.57,110150,41.63131,82.35,1.146,11.51,82.0,43.0,0.0
1788104648.8,0.00,720.5,0,0.260,0.000,0.0000,0,False,False,P,False,71.0,13.57,110150,41.63131,82.35,1.121,11.51,82.0,43.0,0.0
1788104649.0,0.00,717.8,0,0.260,0.000,0.0000,0,False,False,P,False,71.0,13.57,110150,41.63131,82.75,1.078,11.51,82.0,43.0,0.0
1788104649.2,0.00,716.0,0,0.260,0.000,0.0000,0,False,False,P,False,71.0,13.57,110150,41.63131,82.75,1.133,11.51,82.0,43.0,0.0
1788104649.4,0.00,714.0,0,0.260,0.000,0.0000,0,False,False,P,False,71.0,13.57,110150,41.63131,82.75,1.121,11.51,82.0,43.0,0.0
1788104649.7,0.00,711.0,0,0.260,0.000,0.0000,0,False,False,P,False,71.0,13.57,110150,41.63131,82.75,1.065,11.51,82.0,43.0,0.0
1788104649.9,0.00,708.5,0,0.260,0.000,0.0000,0,False,False,P,False,71.0,13.57,110150,41.63131,82.75,1.121,11.51,82.0,43.0,0.0
1788104650.1,0.00,707.5,0,0.260,0.000,0.0000,0,False,False,P,False,71.0,13.57,110150,41.63131,82.35,1.065,11.51,82.0,43.0,0.0
1788104650.3,0.00,707.8,0,0.260,0.000,0.0000,0,False,False,P,False,71.0,13.57,110150,41.63131,82.35,1.078,11.50,82.0,43.0,0.0
1788104650.5,0.00,707.2,0,0.260,0.000,0.0000,0,False,False,P,False,71.0,13.57,110150,41.63131,82.75,1.104,11.50,82.0,43.0,0.0
1788104650.7,0.00,708.2,0,0.260,0.000,0.0000,0,False,False,P,False,71.0,13.57,110150,41.63131,82.75,1.091,11.50,82.0,43.0,0.0
1788104650.9,0.00,709.8,0,0.260,0.000,0.0000,0,False,False,P,False,71.0,13.59,110150,41.63131,82.35,1.104,11.50,82.0,43.0,0.0
1788104651.1,0.00,711.0,0,0.260,0.000,0.0000,0,False,False,P,False,71.0,13.59,110150,41.63131,82.35,1.091,11.50,82.0,43.0,0.0
1788104651.3,0.00,710.5,0,0.260,0.000,0.0000,0,False,False,P,False,71.0,13.59,110150,41.63131,82.75,1.065,11.50,82.0,43.0,0.0
1788104651.5,0.00,709.5,0,0.260,0.000,0.0000,0,False,False,P,False,71.0,13.59,110150,41.63131,82.75,1.121,11.50,82.0,43.0,0.0
1788104651.7,0.00,709.8,0,0.260,0.000,0.0000,0,False,False,P,False,71.0,13.59,110150,41.63131,82.75,1.091,11.50,82.0,43.0,0.0
1788104651.9,0.00,707.2,0,0.260,0.000,0.0000,0,False,False,P,False,71.0,13.59,110150,41.63131,82.75,1.091,11.50,82.0,43.0,0.0
1788104652.1,0.00,708.5,0,0.260,0.000,0.0000,0,False,False,P,False,71.0,13.59,110150,41.63131,82.35,1.091,11.50,82.0,43.0,0.0
1788104652.3,0.00,706.5,0,0.260,0.000,0.0000,0,False,False,P,False,71.0,13.59,110150,41.63131,82.35,1.133,11.50,82.0,43.0,0.0
1788104652.5,0.00,705.0,0,0.260,0.000,0.0000,0,False,False,P,False,71.0,13.59,110150,41.63131,82.75,1.078,11.50,82.0,43.0,0.0
1788104652.7,0.00,703.8,0,0.260,0.000,0.0000,0,False,False,P,False,71.0,13.59,110150,41.63131,82.75,1.078,11.50,82.0,43.0,0.0
1788104652.9,0.00,701.2,0,0.260,0.000,0.0000,0,False,False,P,False,71.0,13.59,110150,41.63131,82.35,1.133,11.50,82.0,43.0,0.0
1788104653.1,0.00,699.2,0,0.260,0.000,0.0000,0,False,False,P,False,71.0,13.59,110150,41.63131,82.35,1.078,11.50,82.0,43.0,0.0
1788104653.3,0.00,698.0,0,0.260,0.000,0.0000,0,False,False,P,False,71.0,13.59,110150,41.63131,82.75,1.078,11.50,82.0,43.0,0.0
1788104653.5,0.00,692.8,0,0.260,0.000,0.0000,0,False,False,P,False,71.0,13.59,110150,41.63131,82.75,1.078,11.50,82.0,43.0,0.0
1788104653.7,0.00,691.5,0,0.260,0.000,0.0000,0,False,False,P,False,71.0,13.59,110150,41.63131,82.75,1.104,11.50,82.0,43.0,0.0
1788104653.9,0.00,687.8,0,0.260,0.000,0.0000,0,False,False,P,False,71.0,13.59,110150,41.63131,82.75,1.065,11.50,82.0,43.0,0.0
1788104654.1,0.00,685.8,0,0.260,0.000,0.0000,0,False,False,P,False,71.0,13.57,110150,41.63131,82.35,1.078,11.50,82.0,43.0,0.0
1788104654.3,0.00,680.5,0,0.260,0.000,0.0000,0,False,False,P,False,71.0,13.57,110150,41.63131,82.75,1.053,11.50,82.0,44.0,0.0
1788104654.5,0.00,680.8,0,0.260,0.000,0.0000,0,False,False,P,False,71.0,13.57,110150,41.63131,82.75,1.091,11.50,82.0,44.0,0.0
1788104654.7,0.00,681.5,0,0.260,0.000,0.0000,0,False,False,P,False,71.9,13.57,110150,41.63131,82.75,1.065,11.50,82.0,44.0,0.0
1788104654.9,0.00,684.5,0,0.260,0.000,0.0000,0,False,False,P,False,71.9,13.57,110150,41.63131,82.75,1.065,11.50,82.0,44.0,0.0
1788104655.1,0.00,689.5,0,0.260,0.000,0.0000,0,False,False,P,False,71.9,13.57,110150,41.63131,82.75,1.065,11.50,82.0,44.0,0.0
1788104655.3,0.00,696.5,0,0.260,0.000,0.0000,0,False,False,P,False,71.9,13.57,110150,41.63131,82.35,1.065,11.50,82.0,44.0,0.0
1788104655.5,0.00,703.8,0,0.260,0.000,0.0000,0,False,False,P,False,71.9,13.57,110150,41.63131,82.35,1.104,11.50,82.0,44.0,0.0
1788104655.7,0.00,706.8,0,0.260,0.000,0.0000,0,False,False,P,False,71.9,13.57,110150,41.63131,82.75,1.078,11.50,82.0,43.0,0.0
1788104655.9,0.00,705.0,0,0.260,0.000,0.0000,0,False,False,P,False,71.9,13.57,110150,41.63131,82.75,1.065,11.50,82.0,43.0,0.0
1788104656.1,0.00,701.8,0,0.260,0.000,0.0000,0,False,False,P,False,71.9,13.57,110150,41.63131,82.35,1.053,11.50,82.0,43.0,0.0
1788104656.3,0.00,698.5,0,0.260,0.000,0.0000,0,False,False,P,False,71.9,13.57,110150,41.63131,82.35,1.053,11.50,82.0,43.0,0.0
1788104656.5,0.00,696.2,0,0.260,0.000,0.0000,0,False,False,P,False,71.9,13.57,110150,41.63131,82.75,1.078,11.50,82.0,43.0,0.0
1788104656.8,0.00,694.2,0,0.260,0.000,0.0000,0,False,False,P,False,71.9,13.57,110150,41.63131,82.75,1.104,11.50,82.0,43.0,0.0
1788104657.0,0.00,691.2,0,0.260,0.000,0.0000,0,False,False,P,False,71.9,13.57,110150,41.63131,82.75,1.078,11.50,82.0,44.0,0.0
1788104657.2,0.00,692.0,0,0.260,0.000,0.0000,0,False,False,P,False,71.9,13.59,110150,41.63131,82.35,1.078,11.50,82.0,44.0,0.0
1788104657.4,0.00,692.8,0,0.260,0.000,0.0000,0,False,False,P,False,71.9,13.59,110150,41.63131,82.35,1.091,11.50,82.0,44.0,0.0
1788104657.6,0.00,693.8,0,0.260,0.000,0.0000,0,False,False,P,False,71.9,13.59,110150,41.63131,82.75,1.091,11.50,82.0,44.0,0.0
1788104657.8,0.00,696.0,0,0.260,0.000,0.0000,0,False,False,P,False,71.9,13.59,110150,41.63131,81.96,1.078,11.50,82.0,44.0,0.0
1788104658.0,0.00,697.5,0,0.260,0.000,0.0000,0,False,False,P,False,71.9,13.59,110150,41.63131,82.35,1.091,11.50,82.0,44.0,0.0
1788104658.2,0.00,697.5,0,0.260,0.000,0.0000,0,False,False,P,False,71.9,13.59,110150,41.63131,82.35,1.053,11.50,82.0,43.0,0.0
1788104658.4,0.00,697.0,0,0.260,0.000,0.0000,0,False,False,P,False,71.9,13.59,110150,41.63131,82.35,1.078,11.50,82.0,43.0,0.0
1788104658.6,0.00,697.0,0,0.260,0.000,0.0000,0,False,False,P,False,71.9,13.59,110150,41.63131,82.35,1.091,11.50,82.0,44.0,0.0
1788104658.8,0.00,697.2,0,0.260,0.000,0.0000,0,False,False,P,False,71.9,13.59,110150,41.63131,82.35,1.078,11.50,82.0,43.0,0.0
1788104659.0,0.00,698.0,0,0.260,0.000,0.0000,0,False,False,P,False,71.9,13.59,110150,41.63131,82.35,1.078,11.50,82.0,43.0,0.0
1788104659.2,0.00,698.5,0,0.260,0.000,0.0000,0,False,False,P,False,71.9,13.59,110150,41.63131,82.35,1.091,11.50,82.0,44.0,0.0
1788104659.4,0.00,699.2,0,0.260,0.000,0.0000,0,False,False,P,False,71.9,13.59,110150,41.63131,82.35,1.078,11.50,82.0,43.0,0.0
1788104659.6,0.00,699.0,0,0.260,0.000,0.0000,0,False,False,P,False,71.9,13.59,110150,41.63131,81.96,1.091,11.50,82.0,43.0,0.0
1788104659.8,0.00,699.0,0,0.260,0.000,0.0000,0,False,False,P,False,71.9,13.59,110150,41.63131,82.75,1.104,11.50,82.0,44.0,0.0
1788104660.0,0.00,701.2,0,0.260,0.000,0.0000,0,False,False,P,False,71.9,13.59,110150,41.63131,82.75,1.104,11.50,83.0,43.0,0.0
1788104660.2,0.00,703.0,0,0.260,0.000,0.0000,0,False,False,P,False,71.9,13.58,110150,41.63131,82.75,1.091,11.50,83.0,43.0,0.0
1788104660.4,0.00,701.8,0,0.260,0.000,0.0000,0,False,False,P,False,71.9,13.58,110150,41.63131,82.35,1.078,11.50,83.0,43.0,0.0
1788104660.6,0.00,701.8,0,0.260,0.000,0.0000,0,False,False,P,False,71.9,13.58,110150,41.63131,82.35,1.053,11.49,83.0,43.0,0.0
1788104660.8,0.00,701.2,0,0.260,0.000,0.0000,0,False,False,P,False,71.9,13.58,110150,41.63131,82.75,1.104,11.49,83.0,43.0,0.0
1788104661.0,0.00,700.0,0,0.260,0.000,0.0000,0,False,False,P,False,71.9,13.58,110150,41.63131,82.75,1.065,11.49,83.0,43.0,0.0
1788104661.2,0.00,698.0,0,0.260,0.000,0.0000,0,False,False,P,False,71.9,13.58,110150,41.63131,82.35,1.078,11.49,83.0,43.0,0.0
1788104661.4,0.00,697.5,0,0.260,0.000,0.0000,0,False,False,P,False,71.9,13.58,110150,41.63131,82.75,1.078,11.49,83.0,43.0,0.0
1788104661.6,0.00,695.8,0,0.260,0.000,0.0000,0,False,False,P,False,71.9,13.58,110150,41.63131,82.75,1.065,11.49,83.0,44.0,0.0
1788104661.8,0.00,694.8,0,0.260,0.000,0.0000,0,False,False,P,False,71.9,13.58,110150,41.63131,82.75,1.091,11.49,83.0,43.0,0.0
1788104662.0,0.00,695.0,0,0.260,0.000,0.0000,0,False,False,P,False,71.9,13.58,110150,41.63131,82.35,1.091,11.49,83.0,44.0,0.0
1788104662.2,0.00,697.2,0,0.260,0.000,0.0000,0,False,False,P,False,71.9,13.58,110150,41.63131,82.35,1.091,11.49,83.0,44.0,0.0
1788104662.4,0.00,698.0,0,0.260,0.000,0.0000,0,False,False,P,False,71.9,13.58,110150,41.63131,82.75,1.078,11.49,83.0,44.0,0.0
1788104662.6,0.00,698.2,0,0.260,0.000,0.0000,0,False,False,P,False,71.9,13.58,110150,41.63131,82.35,1.121,11.49,83.0,44.0,0.0
1788104662.9,0.00,699.2,0,0.260,0.000,0.0000,0,False,False,P,False,71.9,13.58,110150,41.63131,82.75,1.133,11.49,83.0,44.0,0.0
1788104663.1,0.00,699.5,0,0.260,0.000,0.0000,0,False,False,P,False,71.9,13.58,110150,41.63131,82.35,1.078,11.49,83.0,44.0,0.0
1788104663.3,0.00,703.0,0,0.260,0.000,0.0000,0,False,False,P,False,71.9,13.58,110150,41.63131,82.35,1.104,11.49,83.0,44.0,0.0
1788104663.5,0.00,704.2,0,0.260,0.000,0.0000,0,False,False,P,False,71.9,13.58,110150,41.63131,82.75,1.091,11.49,83.0,43.0,0.0
1788104663.7,0.00,705.8,0,0.260,0.000,0.0000,0,False,False,P,False,71.9,13.58,110150,41.63131,82.75,1.078,11.49,83.0,43.0,0.0
1788104663.9,0.00,702.8,0,0.260,0.000,0.0000,0,False,False,P,False,71.9,13.58,110150,41.63131,82.75,1.091,11.49,83.0,43.0,0.0
1788104664.1,0.00,703.8,0,0.260,0.000,0.0000,0,False,False,P,False,71.9,13.58,110150,41.63131,82.35,1.078,11.49,83.0,43.0,0.0
1788104664.3,0.00,703.2,0,0.260,0.000,0.0000,0,False,False,P,False,71.9,13.58,110150,41.63131,82.35,1.091,11.49,83.0,43.0,0.0
1788104664.5,0.00,704.8,0,0.260,0.000,0.0000,0,False,False,P,False,71.9,13.58,110150,41.63131,82.35,1.091,11.49,83.0,43.0,0.0
1788104664.7,0.00,704.2,0,0.260,0.000,0.0000,0,False,False,P,False,72.8,13.58,110150,41.63131,82.75,1.104,11.49,83.0,43.0,0.0
1788104664.9,0.00,704.0,0,0.260,0.000,0.0000,0,False,False,P,False,72.8,13.58,110150,41.63131,82.35,1.104,11.49,83.0,43.0,0.0
1788104665.1,0.00,702.2,0,0.260,0.000,0.0000,0,False,False,P,False,72.8,13.58,110150,41.63131,82.35,1.104,11.49,83.0,43.0,0.0
1788104665.3,0.00,698.2,0,0.260,0.000,0.0000,0,False,False,P,False,72.8,13.58,110150,41.63131,81.96,1.078,11.49,83.0,43.0,0.0
1788104665.5,0.00,697.5,0,0.260,0.000,0.0000,0,False,False,P,False,72.8,13.58,110150,41.63131,82.35,1.091,11.49,83.0,43.0,0.0
1788104665.7,0.00,698.2,0,0.260,0.000,0.0000,0,False,False,P,False,72.8,13.58,110150,41.63131,82.35,1.078,11.49,83.0,43.0,0.0
1788104665.9,0.00,698.0,0,0.260,0.000,0.0000,0,False,False,P,False,72.8,13.58,110150,41.63131,82.35,1.091,11.49,83.0,43.0,0.0
1788104666.1,0.00,695.5,0,0.260,0.000,0.0000,0,False,False,P,False,72.8,13.58,110150,41.63131,82.75,1.065,11.49,83.0,43.0,0.0
1788104666.3,0.00,695.8,0,0.260,0.000,0.0000,0,False,False,P,False,72.8,13.59,110150,41.63131,82.75,1.091,11.49,83.0,43.0,0.0
1788104666.5,0.00,698.8,0,0.260,0.000,0.0000,0,False,False,P,False,72.8,13.59,110150,41.63131,82.75,1.091,11.49,83.0,43.0,0.0
1788104666.7,0.00,697.8,0,0.260,0.000,0.0000,0,False,False,P,False,72.8,13.59,110150,41.63131,82.75,1.078,11.49,83.0,44.0,0.0
1788104666.9,0.00,701.0,0,0.260,0.000,0.0000,0,False,False,P,False,72.8,13.59,110150,41.63131,82.35,1.078,11.49,83.0,44.0,0.0
1788104667.1,0.00,702.5,0,0.260,0.000,0.0000,0,False,False,P,False,72.8,13.59,110150,41.63131,82.75,1.065,11.49,83.0,43.0,0.0
1788104667.3,0.00,702.5,0,0.260,0.000,0.0000,0,False,False,P,False,72.8,13.59,110150,41.63131,82.35,1.078,11.49,83.0,44.0,0.0
1788104667.5,0.00,705.0,0,0.260,0.000,0.0000,0,False,False,P,False,72.8,13.59,110150,41.63131,82.75,1.091,11.49,83.0,44.0,0.0
1788104667.7,0.00,706.8,0,0.260,0.000,0.0000,0,False,False,P,False,72.8,13.59,110150,41.63131,82.35,1.065,11.49,83.0,43.0,0.0
1788104667.9,0.00,706.5,0,0.260,0.000,0.0000,0,False,False,P,False,72.8,13.59,110150,41.63131,82.35,1.078,11.49,83.0,43.0,0.0
1788104668.1,0.00,705.2,0,0.260,0.000,0.0000,0,False,False,P,False,72.8,13.59,110150,41.63131,82.35,1.078,11.49,83.0,43.0,0.0
1788104668.3,0.00,702.8,0,0.260,0.000,0.0000,0,False,False,P,False,72.8,13.59,110150,41.63131,82.75,1.065,11.49,83.0,43.0,0.0
1788104668.5,0.00,697.0,0,0.260,0.000,0.0000,0,False,False,P,False,72.8,13.59,110150,41.63131,82.35,1.078,11.49,83.0,43.0,0.0
1788104668.8,0.00,697.0,0,0.260,0.000,0.0000,0,False,False,P,False,72.8,13.59,110150,41.63131,82.35,1.091,11.49,83.0,43.0,0.0
1788104669.0,0.00,697.5,0,0.260,0.000,0.0000,0,False,False,P,False,72.8,13.59,110150,41.63131,82.75,1.065,11.49,83.0,43.0,0.0
1788104669.2,0.00,697.8,0,0.260,0.000,0.0000,0,False,False,P,False,72.8,13.59,110150,41.63131,82.75,1.091,11.49,83.0,43.0,0.0
1788104669.4,0.00,697.8,0,0.260,0.000,0.0000,0,False,False,P,False,72.8,13.59,110150,41.63131,82.35,1.104,11.49,83.0,44.0,0.0
1788104669.6,0.00,698.5,0,0.260,0.000,0.0000,0,False,False,P,False,72.8,13.57,110150,41.63131,82.35,1.078,11.49,83.0,44.0,0.0
1788104669.8,0.00,699.8,0,0.260,0.000,0.0000,0,False,False,P,False,72.8,13.57,110150,41.63131,81.96,1.091,11.49,83.0,43.0,0.0
1788104670.0,0.00,702.2,0,0.260,0.000,0.0000,0,False,False,P,False,72.8,13.57,110150,41.63131,82.35,1.078,11.49,83.0,43.0,0.0
1788104670.2,0.00,704.2,0,0.260,0.000,0.0000,0,False,False,P,False,72.8,13.57,110150,41.63131,82.35,1.040,11.49,83.0,43.0,0.0
1788104670.4,0.00,704.8,0,0.260,0.000,0.0000,0,False,False,P,False,72.8,13.57,110150,41.63131,82.75,1.078,11.49,84.0,43.0,0.0
1788104670.6,0.00,703.5,0,0.260,0.000,0.0000,0,False,False,P,False,72.8,13.57,110150,41.63131,82.35,1.091,11.49,84.0,43.0,0.0
1788104670.8,0.00,704.2,0,0.260,0.000,0.0000,0,False,False,P,False,72.8,13.57,110150,41.63131,82.35,1.065,11.49,84.0,43.0,0.0
1788104671.0,0.00,706.5,0,0.260,0.000,0.0000,0,False,False,P,False,72.8,13.57,110150,41.63131,82.75,1.078,11.49,84.0,43.0,0.0
1788104671.2,0.00,704.2,0,0.260,0.000,0.0000,0,False,False,P,False,72.8,13.57,110150,41.63131,82.75,1.091,11.48,84.0,43.0,0.0
1788104671.4,0.00,703.2,0,0.260,0.000,0.0000,0,False,False,P,False,72.8,13.57,110150,41.63131,82.75,1.091,11.48,84.0,43.0,0.0
1788104671.6,0.00,703.5,0,0.260,0.000,0.0000,0,False,False,P,False,72.8,13.57,110150,41.63131,83.14,1.053,11.48,84.0,43.0,0.0
1788104671.8,0.00,702.5,0,0.260,0.000,0.0000,0,False,False,P,False,72.8,13.57,110150,41.63131,82.35,1.078,11.48,84.0,43.0,0.0
1788104672.0,0.00,702.2,0,0.260,0.000,0.0000,0,False,False,P,False,72.8,13.57,110150,41.63131,82.75,1.078,11.48,84.0,43.0,0.0
1788104672.2,0.00,702.0,0,0.260,0.000,0.0000,0,False,False,P,False,72.8,13.57,110150,41.63131,82.35,1.104,11.48,84.0,43.0,0.0
1788104672.4,0.00,699.5,0,0.260,0.000,0.0000,0,False,False,P,False,72.8,13.57,110150,41.63131,82.75,1.040,11.48,84.0,43.0,0.0
1788104672.6,0.00,699.0,0,0.260,0.000,0.0000,0,False,False,P,False,72.8,13.59,110150,41.63131,82.75,1.078,11.48,84.0,43.0,0.0
1788104672.8,0.00,697.5,0,0.260,0.000,0.0000,0,False,False,P,False,72.8,13.59,110150,41.63131,82.35,1.078,11.48,84.0,43.0,0.0
1788104673.0,0.00,697.2,0,0.260,0.000,0.0000,0,False,False,P,False,72.8,13.59,110150,41.63131,82.75,1.078,11.48,84.0,43.0,0.0
1788104673.2,0.00,697.8,0,0.260,0.000,0.0000,0,False,False,P,False,72.8,13.59,110150,41.63131,82.75,1.091,11.48,84.0,43.0,0.0
1788104673.4,0.00,698.2,0,0.260,0.000,0.0000,0,False,False,P,False,72.8,13.59,110150,41.63131,82.35,1.091,11.48,84.0,43.0,0.0
1788104673.6,0.00,698.0,0,0.260,0.000,0.0000,0,False,False,P,False,72.8,13.60,110150,41.63131,82.75,1.078,11.48,84.0,43.0,0.0
1788104673.8,0.00,700.2,0,0.260,0.000,0.0000,0,False,False,P,False,72.8,13.60,110150,41.63131,82.35,1.065,11.48,84.0,43.0,0.0
1788104674.0,0.00,700.8,0,0.260,0.000,0.0000,0,False,False,P,False,72.8,13.60,110150,41.63131,82.75,1.078,11.48,84.0,43.0,0.0
1788104674.2,0.00,703.8,0,0.260,0.000,0.0000,0,False,False,P,False,72.8,13.60,110150,41.63131,82.75,1.065,11.48,84.0,43.0,0.0
1788104674.4,0.00,707.2,0,0.260,0.000,0.0000,0,False,False,P,False,72.8,13.60,110150,41.63131,82.35,1.078,11.48,84.0,43.0,0.0
1788104674.6,0.00,706.0,0,0.260,0.000,0.0000,0,False,False,P,False,72.8,13.60,110150,41.63131,82.75,1.121,11.48,84.0,43.0,0.0
1788104674.9,0.00,706.5,0,0.260,0.000,0.0000,0,False,False,P,False,72.8,13.60,110150,41.63131,82.35,1.091,11.48,84.0,43.0,0.0
1788104675.1,0.00,704.2,0,0.260,0.000,0.0000,0,False,False,P,False,72.8,13.60,110150,41.63131,82.75,1.065,11.48,84.0,43.0,0.0
1788104675.3,0.00,705.0,0,0.260,0.000,0.0000,0,False,False,P,False,72.8,13.60,110150,41.63131,82.75,1.065,11.48,84.0,43.0,0.0
1788104675.5,0.00,704.0,0,0.260,0.000,0.0000,0,False,False,P,False,72.8,13.60,110150,41.63131,82.35,1.091,11.48,84.0,43.0,0.0
1788104675.7,0.00,701.2,0,0.260,0.000,0.0000,0,False,False,P,False,72.8,13.60,110150,41.63131,82.35,1.121,11.48,84.0,43.0,0.0
1788104675.9,0.00,702.8,0,0.260,0.000,0.0000,0,False,False,P,False,72.8,13.60,110150,41.63131,82.75,1.091,11.48,84.0,43.0,0.0
1788104676.1,0.00,700.8,0,0.260,0.000,0.0000,0,False,False,P,False,72.8,13.60,110150,41.63131,82.35,1.078,11.48,84.0,43.0,0.0
1788104676.3,0.00,701.8,0,0.260,0.000,0.0000,0,False,False,P,False,72.8,13.60,110150,41.63131,82.75,1.078,11.48,84.0,43.0,0.0
1788104676.5,0.00,698.2,0,0.260,0.000,0.0000,0,False,False,P,False,72.8,13.60,110150,41.63131,82.35,1.065,11.48,84.0,43.0,0.0
1788104676.7,0.00,696.8,0,0.260,0.000,0.0000,0,False,False,P,False,72.8,13.60,110150,41.63131,82.75,1.065,11.48,84.0,43.0,0.0
1788104676.9,0.00,696.0,0,0.260,0.000,0.0000,0,False,False,P,False,72.8,13.60,110150,41.63131,82.35,1.078,11.48,84.0,43.0,0.0
1788104677.1,0.00,693.8,0,0.260,0.000,0.0000,0,False,False,P,False,72.8,13.60,110150,41.63131,82.75,1.078,11.48,84.0,43.0,0.0
1788104677.3,0.00,694.0,0,0.260,0.000,0.0000,0,False,False,P,False,72.8,13.60,110150,41.63131,82.75,1.078,11.48,84.0,43.0,0.0
1788104677.5,0.00,697.8,0,0.260,0.000,0.0000,0,False,False,P,False,72.8,13.60,110150,41.63131,82.35,1.091,11.48,84.0,43.0,0.0
1788104677.7,0.00,700.5,0,0.260,0.000,0.0000,0,False,False,P,False,72.8,13.60,110150,41.63131,82.75,1.065,11.48,84.0,43.0,0.0
1788104677.9,0.00,702.8,0,0.260,0.000,0.0000,0,False,False,P,False,73.8,13.60,110150,41.63131,82.35,1.104,11.48,84.0,43.0,0.0
1788104678.1,0.00,704.0,0,0.260,0.000,0.0000,0,False,False,P,False,73.8,13.60,110150,41.63131,82.35,1.121,11.48,84.0,43.0,0.0
1788104678.3,0.00,706.0,0,0.260,0.000,0.0000,0,False,False,P,False,73.8,13.60,110150,41.63131,82.35,1.078,11.48,84.0,43.0,0.0
1788104678.5,0.00,704.8,0,0.260,0.000,0.0000,0,False,False,P,False,73.8,13.60,110150,41.63131,82.35,1.065,11.48,84.0,43.0,0.0
1788104678.7,0.00,704.0,0,0.260,0.000,0.0000,0,False,False,P,False,73.8,13.58,110150,41.63131,82.75,1.078,11.48,84.0,43.0,0.0
1788104678.9,0.00,704.5,0,0.260,0.000,0.0000,0,False,False,P,False,73.8,13.58,110150,41.63131,82.75,1.104,11.48,84.0,43.0,0.0
1788104679.1,0.00,700.8,0,0.260,0.000,0.0000,0,False,False,P,False,73.8,13.58,110150,41.63131,82.35,1.078,11.48,84.0,43.0,0.0
1788104679.3,0.00,698.2,0,0.260,0.000,0.0000,0,False,False,P,False,73.8,13.58,110150,41.63131,82.35,1.091,11.48,84.0,43.0,0.0
1788104679.5,0.00,700.0,0,0.260,0.000,0.0000,0,False,False,P,False,73.8,13.58,110150,41.63131,82.75,1.091,11.48,84.0,43.0,0.0
1788104679.7,0.00,701.2,0,0.260,0.000,0.0000,0,False,False,P,False,73.8,13.60,110150,41.63131,82.35,1.065,11.48,84.0,43.0,0.0
1788104679.9,0.00,701.2,0,0.260,0.000,0.0000,0,False,False,P,False,73.8,13.60,110150,41.63131,82.35,1.091,11.48,84.0,43.0,0.0
1788104680.1,0.00,698.8,0,0.260,0.000,0.0000,0,False,False,P,False,73.8,13.60,110150,41.63131,82.75,1.104,11.48,84.0,43.0,0.0
1788104680.3,0.00,697.0,0,0.260,0.000,0.0000,0,False,False,P,False,73.8,13.60,110150,41.63131,82.75,1.078,11.48,84.0,43.0,0.0
1788104680.5,0.00,697.8,0,0.260,0.000,0.0000,0,False,False,P,False,73.8,13.60,110150,41.63131,82.75,1.078,11.48,84.0,43.0,0.0
1788104680.7,0.00,698.2,0,0.260,0.000,0.0000,0,False,False,P,False,73.8,13.60,110150,41.63131,82.75,1.040,11.48,84.0,43.0,0.0
1788104681.0,0.00,698.5,0,0.260,0.000,0.0000,0,False,False,P,False,73.8,13.60,110150,41.63131,82.75,1.053,11.48,85.0,43.0,0.0
1788104681.2,0.00,694.8,0,0.260,0.000,0.0000,0,False,False,P,False,73.8,13.60,110150,41.63131,82.75,1.091,11.48,85.0,43.0,0.0
1788104681.4,0.00,696.8,0,0.260,0.000,0.0000,0,False,False,P,False,73.8,13.60,110150,41.63131,82.75,1.091,11.48,85.0,43.0,0.0
1788104681.6,0.00,699.2,0,0.260,0.000,0.0000,0,False,False,P,False,73.8,13.60,110150,41.63131,82.75,1.065,11.47,85.0,43.0,0.0
1788104681.8,0.00,702.2,0,0.260,0.000,0.0000,0,False,False,P,False,73.8,13.60,110150,41.63131,82.75,1.078,11.47,85.0,43.0,0.0
1788104682.0,0.00,701.0,0,0.260,0.000,0.0000,0,False,False,P,False,73.8,13.61,110150,41.63131,82.75,1.078,11.47,85.0,43.0,0.0
1788104682.2,0.00,701.0,0,0.260,0.000,0.0000,0,False,False,P,False,73.8,13.61,110150,41.63131,82.75,1.065,11.47,85.0,43.0,0.0
1788104682.4,0.00,700.2,0,0.260,0.000,0.0000,0,False,False,P,False,73.8,13.61,110150,41.63131,82.35,1.078,11.47,85.0,43.0,0.0
1788104682.6,0.00,702.0,0,0.260,0.000,0.0000,0,False,False,P,False,73.8,13.61,110150,41.63131,82.75,1.091,11.47,85.0,43.0,0.0
1788104682.8,0.00,703.0,0,0.260,0.000,0.0000,0,False,False,P,False,73.8,13.61,110150,41.63131,82.35,1.078,11.47,85.0,43.0,0.0
1788104683.0,0.00,704.2,0,0.260,0.000,0.0000,0,False,False,P,False,73.8,13.61,110150,41.63131,82.75,1.065,11.47,85.0,43.0,0.0
1788104683.2,0.00,704.5,0,0.260,0.000,0.0000,0,False,False,P,False,73.8,13.61,110150,41.63131,82.75,1.078,11.47,85.0,43.0,0.0
1788104683.4,0.00,705.2,0,0.260,0.000,0.0000,0,False,False,P,False,73.8,13.61,110150,41.63131,82.75,1.065,11.47,85.0,43.0,0.0
1788104683.6,0.00,706.0,0,0.260,0.000,0.0000,0,False,False,P,False,73.8,13.61,110150,41.63131,82.35,1.065,11.47,85.0,43.0,0.0
1788104683.8,0.00,702.2,0,0.260,0.000,0.0000,0,False,False,P,False,73.8,13.61,110150,41.63131,82.35,1.065,11.47,85.0,43.0,0.0
1788104684.0,0.00,702.0,0,0.260,0.000,0.0000,0,False,False,P,False,73.8,13.61,110150,41.63131,82.75,1.065,11.47,85.0,43.0,0.0
1788104684.2,0.00,700.2,0,0.260,0.000,0.0000,0,False,False,P,False,73.8,13.61,110150,41.63131,82.75,1.091,11.47,85.0,43.0,0.0
1788104684.4,0.00,697.2,0,0.260,0.000,0.0000,0,False,False,P,False,73.8,13.61,110150,41.63131,82.35,1.104,11.47,85.0,43.0,0.0
1788104684.6,0.00,695.8,0,0.260,0.000,0.0000,0,False,False,P,False,73.8,13.61,110150,41.63131,82.75,1.065,11.47,85.0,43.0,0.0
1788104684.8,0.00,694.8,0,0.260,0.000,0.0000,0,False,False,P,False,73.8,13.61,110150,41.63131,82.35,1.104,11.47,85.0,43.0,0.0
1788104685.0,0.00,694.0,0,0.260,0.000,0.0000,0,False,False,P,False,73.8,13.59,110150,41.63131,82.75,1.065,11.47,85.0,43.0,0.0
1788104685.2,0.00,695.5,0,0.260,0.000,0.0000,0,False,False,P,False,73.8,13.59,110150,41.63131,82.75,1.065,11.47,85.0,43.0,0.0
1788104685.4,0.00,698.8,0,0.260,0.000,0.0000,0,False,False,P,False,73.8,13.59,110150,41.63131,82.35,1.078,11.47,85.0,43.0,0.0
1788104685.6,0.00,701.8,0,0.260,0.000,0.0000,0,False,False,P,False,73.8,13.59,110150,41.63131,82.35,1.091,11.47,85.0,43.0,0.0
1788104685.8,0.00,703.2,0,0.260,0.000,0.0000,0,False,False,P,False,73.8,13.59,110150,41.63131,82.75,1.053,11.47,85.0,43.0,0.0
1788104686.0,0.00,704.8,0,0.260,0.000,0.0000,0,False,False,P,False,73.8,13.59,110150,41.63131,82.35,1.053,11.47,85.0,43.0,0.0
1788104686.2,0.00,704.0,0,0.260,0.000,0.0000,0,False,False,P,False,73.8,13.59,110150,41.63131,82.75,1.091,11.47,85.0,43.0,0.0
1788104686.4,0.00,702.2,0,0.260,0.000,0.0000,0,False,False,P,False,73.8,13.59,110150,41.63131,82.75,1.065,11.47,85.0,43.0,0.0
1788104686.6,0.00,697.8,0,0.260,0.000,0.0000,0,False,False,P,False,73.8,13.59,110150,41.63131,82.35,1.053,11.47,85.0,43.0,0.0
1788104686.8,0.00,697.8,0,0.260,0.000,0.0000,0,False,False,P,False,73.8,13.59,110150,41.63131,82.75,1.078,11.47,85.0,43.0,0.0
1788104687.0,0.00,697.0,0,0.260,0.000,0.0000,0,False,False,P,False,73.8,13.59,110150,41.63131,82.75,1.053,11.47,85.0,43.0,0.0
1788104687.3,0.00,696.8,0,0.260,0.000,0.0000,0,False,False,P,False,73.8,13.59,110150,41.63131,82.35,1.065,11.47,85.0,43.0,0.0
1788104687.5,0.00,693.8,0,0.260,0.000,0.0000,0,False,False,P,False,73.8,13.59,110150,41.63131,82.35,1.091,11.47,85.0,43.0,0.0
1788104687.7,0.00,692.8,0,0.260,0.000,0.0000,0,False,False,P,False,73.8,13.61,110150,41.63131,82.75,1.104,11.47,85.0,43.0,0.0
1788104687.9,0.00,693.8,0,0.260,0.000,0.0000,0,False,False,P,False,73.8,13.61,110150,41.63131,82.35,1.065,11.47,85.0,43.0,0.0
1788104688.1,0.00,696.8,0,0.260,0.000,0.0000,0,False,False,P,False,73.8,13.61,110150,41.63131,82.35,1.078,11.47,85.0,43.0,0.0
1788104688.3,0.00,698.5,0,0.260,0.000,0.0000,0,False,False,P,False,73.8,13.61,110150,41.63131,82.75,1.053,11.47,85.0,43.0,0.0
1788104688.5,0.00,700.0,0,0.260,0.000,0.0000,0,False,False,P,False,73.8,13.61,110150,41.63131,82.75,1.065,11.47,85.0,43.0,0.0
1788104688.7,0.00,702.8,0,0.260,0.000,0.0000,0,False,False,P,False,73.8,13.61,110150,41.63131,82.75,1.078,11.47,85.0,43.0,0.0
1788104688.9,0.00,704.0,0,0.260,0.000,0.0000,0,False,False,P,False,73.8,13.61,110150,41.63131,82.35,1.065,11.47,85.0,43.0,0.0
1788104689.1,0.00,705.2,0,0.260,0.000,0.0000,0,False,False,P,False,73.8,13.61,110150,41.63131,82.35,1.065,11.47,85.0,43.0,0.0
1788104689.3,0.00,704.2,0,0.260,0.000,0.0000,0,False,False,P,False,73.8,13.61,110150,41.63131,82.35,1.104,11.47,85.0,43.0,0.0
1788104689.5,0.00,702.5,0,0.260,0.000,0.0000,0,False,False,P,False,73.8,13.61,110150,41.63131,82.75,1.091,11.47,85.0,43.0,0.0
1788104689.7,0.00,703.2,0,0.260,0.000,0.0000,0,False,False,P,False,73.8,13.61,110150,41.63131,82.35,1.040,11.47,85.0,43.0,0.0
1788104689.9,0.00,702.8,0,0.260,0.000,0.0000,0,False,False,P,False,73.8,13.61,110150,41.63131,82.35,1.078,11.47,85.0,43.0,0.0
1788104690.1,0.00,703.5,0,0.260,0.000,0.0000,0,False,False,P,False,73.8,13.61,110150,41.63131,82.75,1.065,11.47,86.0,43.0,0.0
1788104690.3,0.00,702.8,0,0.260,0.000,0.0000,0,False,False,P,False,73.8,13.61,110150,41.63131,82.75,1.078,11.47,85.0,43.0,0.0
1788104690.5,0.00,702.0,0,0.260,0.000,0.0000,0,False,False,P,False,73.8,13.61,110150,41.63131,82.35,1.078,11.47,86.0,43.0,0.0
1788104690.7,0.00,698.8,0,0.260,0.000,0.0000,0,False,False,P,False,73.8,13.60,110150,41.63131,82.35,1.104,11.47,86.0,43.0,0.0
1788104690.9,0.00,698.8,0,0.260,0.000,0.0000,0,False,False,P,False,73.8,13.60,110150,41.63131,82.75,1.078,11.47,86.0,43.0,0.0
1788104691.1,0.00,699.5,0,0.260,0.000,0.0000,0,False,False,P,False,73.8,13.61,110150,41.63131,82.35,1.091,11.47,86.0,43.0,0.0
1788104691.3,0.00,698.0,0,0.260,0.000,0.0000,0,False,False,P,False,73.8,13.61,110150,41.63131,82.75,1.078,11.47,86.0,43.0,0.0
1788104691.5,0.00,696.2,0,0.260,0.000,0.0000,0,False,False,P,False,73.8,13.61,110150,41.63131,82.75,1.078,11.47,86.0,43.0,0.0
1788104691.7,0.00,695.8,0,0.260,0.000,0.0000,0,False,False,P,False,73.8,13.61,110150,41.63131,82.35,1.053,11.47,86.0,43.0,0.0
1788104691.9,0.00,695.5,0,0.260,0.000,0.0000,0,False,False,P,False,73.8,13.61,110150,41.63131,82.75,1.078,11.47,86.0,43.0,0.0
1788104692.1,0.00,698.8,0,0.260,0.000,0.0000,0,False,False,P,False,73.8,13.61,110150,41.63131,82.35,1.065,11.47,86.0,43.0,0.0
1788104692.3,0.00,700.5,0,0.260,0.000,0.0000,0,False,False,P,False,73.8,13.61,110150,41.63131,82.75,1.040,11.46,86.0,43.0,0.0
1788104692.5,0.00,702.5,0,0.260,0.000,0.0000,0,False,False,P,False,73.8,13.61,110150,41.63131,82.35,1.053,11.46,86.0,43.0,0.0
1788104692.7,0.00,701.5,0,0.260,0.000,0.0000,0,False,False,P,False,73.8,13.61,110150,41.63131,82.75,1.104,11.46,86.0,43.0,0.0
1788104693.0,0.00,701.0,0,0.260,0.000,0.0000,0,False,False,P,False,73.8,13.61,110150,41.63131,82.35,1.104,11.46,86.0,43.0,0.0
1788104693.2,0.00,702.5,0,0.260,0.000,0.0000,0,False,False,P,False,73.8,13.61,110150,41.63131,82.75,1.078,11.46,86.0,43.0,0.0
1788104693.4,0.00,705.2,0,0.260,0.000,0.0000,0,False,False,P,False,73.8,13.61,110150,41.63131,82.75,1.065,11.46,86.0,43.0,0.0
1788104693.6,0.00,703.5,0,0.260,0.000,0.0000,0,False,False,P,False,73.8,13.61,110150,41.63131,82.75,1.091,11.46,86.0,43.0,0.0
1788104693.8,0.00,702.0,0,0.260,0.000,0.0000,0,False,False,P,False,73.8,13.61,110150,41.63131,82.35,1.091,11.46,86.0,43.0,0.0
1788104694.0,0.00,698.2,0,0.260,0.000,0.0000,0,False,False,P,False,73.8,13.61,110150,41.63131,82.75,1.091,11.46,86.0,43.0,0.0
1788104694.2,0.00,698.0,0,0.260,0.000,0.0000,0,False,False,P,False,73.8,13.61,110150,41.63131,82.75,1.078,11.46,86.0,43.0,0.0
1788104694.4,0.00,697.2,0,0.260,0.000,0.0000,0,False,False,P,False,73.8,13.61,110150,41.63131,82.75,1.078,11.46,86.0,43.0,0.0
1788104694.6,0.00,697.8,0,0.260,0.000,0.0000,0,False,False,P,False,73.8,13.61,110150,41.63131,82.75,1.065,11.46,86.0,43.0,0.0
1788104694.8,0.00,697.8,0,0.260,0.000,0.0000,0,False,False,P,False,73.8,13.61,110150,41.63131,82.75,1.091,11.46,86.0,43.0,0.0
1788104695.0,0.00,697.8,0,0.260,0.000,0.0000,0,False,False,P,False,73.8,13.61,110150,41.63131,82.75,1.104,11.46,86.0,43.0,0.0
1788104695.2,0.00,697.8,0,0.260,0.000,0.0000,0,False,False,P,False,73.8,13.61,110150,41.63131,82.35,1.078,11.46,86.0,43.0,0.0
1788104695.4,0.00,700.5,0,0.260,0.000,0.0000,0,False,False,P,False,73.8,13.61,110150,41.63131,82.35,1.078,11.46,86.0,43.0,0.0
1788104695.6,0.00,702.0,0,0.260,0.000,0.0000,0,False,False,P,False,73.8,13.61,110150,41.63131,82.35,1.053,11.46,86.0,43.0,0.0
1788104695.8,0.00,705.2,0,0.260,0.000,0.0000,0,False,False,P,False,73.8,13.61,110150,41.63131,83.14,1.065,11.46,86.0,43.0,0.0
1788104696.0,0.00,702.8,0,0.260,0.000,0.0000,0,False,False,P,False,73.8,13.61,110150,41.63131,82.75,1.065,11.46,86.0,43.0,0.0
1788104696.2,0.00,704.2,0,0.260,0.000,0.0000,0,False,False,P,False,73.8,13.61,110150,41.63131,82.75,1.053,11.46,86.0,43.0,0.0
1788104696.4,0.00,703.8,0,0.260,0.000,0.0000,0,False,False,P,False,73.8,13.61,110150,41.63131,82.35,1.091,11.46,86.0,43.0,0.0
1788104696.6,0.00,704.5,0,0.260,0.000,0.0000,0,False,False,P,False,73.8,13.61,110150,41.63131,82.35,1.053,11.46,86.0,43.0,0.0
1788104696.8,0.00,703.5,0,0.260,0.000,0.0000,0,False,False,P,False,73.8,13.61,110150,41.63131,82.75,1.091,11.46,86.0,43.0,0.0
1788104697.0,0.00,703.2,0,0.260,0.000,0.0000,0,False,False,P,False,73.8,13.61,110150,41.63131,82.35,1.065,11.46,86.0,43.0,0.0
1788104697.2,0.00,700.0,0,0.260,0.000,0.0000,0,False,False,P,False,73.8,13.61,110150,41.63131,82.75,1.078,11.46,86.0,43.0,0.0
1788104697.4,0.00,699.2,0,0.260,0.000,0.0000,0,False,False,P,False,73.8,13.62,110150,41.63131,82.75,1.078,11.46,86.0,43.0,0.0
1788104697.6,0.00,698.8,0,0.260,0.000,0.0000,0,False,False,P,False,73.8,13.62,110150,41.63131,82.35,1.078,11.46,86.0,43.0,0.0
1788104697.8,0.00,699.0,0,0.260,0.000,0.0000,0,False,False,P,False,73.8,13.62,110150,41.63131,82.75,1.078,11.46,86.0,43.0,0.0
1788104698.0,0.00,700.2,0,0.260,0.000,0.0000,0,False,False,P,False,73.8,13.62,110150,41.63131,82.35,1.104,11.46,86.0,43.0,0.0
1788104698.2,0.00,699.2,0,0.260,0.000,0.0000,0,False,False,P,False,73.8,13.62,110150,41.63131,82.35,1.065,11.46,86.0,43.0,0.0
1788104698.4,0.00,696.2,0,0.260,0.000,0.0000,0,False,False,P,False,73.8,13.62,110150,41.63131,82.75,1.065,11.46,86.0,43.0,0.0
1788104698.6,0.00,696.2,0,0.260,0.000,0.0000,0,False,False,P,False,73.8,13.60,110150,41.63131,82.35,1.078,11.46,86.0,43.0,0.0
1788104698.8,0.00,697.0,0,0.260,0.000,0.0000,0,False,False,P,False,73.8,13.60,110150,41.63131,82.35,1.040,11.46,86.0,43.0,0.0
1788104699.1,0.00,699.5,0,0.260,0.000,0.0000,0,False,False,P,False,73.8,13.60,110150,41.63131,82.75,1.091,11.46,86.0,43.0,0.0
1788104699.3,0.00,701.2,0,0.260,0.000,0.0000,0,False,False,P,False,73.8,13.60,110150,41.63131,82.35,1.104,11.46,86.0,43.0,0.0
1788104699.5,0.00,703.8,0,0.260,0.000,0.0000,0,False,False,P,False,74.7,13.60,110150,41.63131,82.75,1.078,11.46,86.0,43.0,0.0
1788104699.7,0.00,707.8,0,0.260,0.000,0.0000,0,False,False,P,False,74.7,13.60,110150,41.63131,82.75,1.053,11.46,86.0,43.0,0.0
1788104699.9,0.00,707.2,0,0.260,0.000,0.0000,0,False,False,P,False,74.7,13.60,110150,41.63131,82.75,1.078,11.46,86.0,43.0,0.0
1788104700.1,0.00,706.5,0,0.260,0.000,0.0000,0,False,False,P,False,74.7,13.60,110150,41.63131,82.35,1.065,11.46,86.0,43.0,0.0
1788104700.3,0.00,704.8,0,0.260,0.000,0.0000,0,False,False,P,False,74.7,13.60,110150,41.63131,82.75,1.065,11.46,86.0,43.0,0.0
1788104700.5,0.00,701.5,0,0.260,0.000,0.0000,0,False,False,P,False,74.7,13.61,110150,41.63131,82.75,1.065,11.46,86.0,43.0,0.0
1788104700.7,0.00,700.5,0,0.260,0.000,0.0000,0,False,False,P,False,74.7,13.61,110150,41.63131,82.35,1.091,11.46,86.0,43.0,0.0
1788104700.9,0.00,698.0,0,0.260,0.000,0.0000,0,False,False,P,False,74.7,13.61,110150,41.63131,82.35,1.078,11.46,86.0,43.0,0.0
1788104701.1,0.00,698.5,0,0.260,0.000,0.0000,0,False,False,P,False,74.7,13.61,110150,41.63131,82.75,1.053,11.46,86.0,43.0,0.0
1788104701.3,0.00,695.5,0,0.260,0.000,0.0000,0,False,False,P,False,74.7,13.61,110150,41.63131,82.35,1.091,11.46,86.0,43.0,0.0
1788104701.5,0.00,696.2,0,0.260,0.000,0.0000,0,False,False,P,False,74.7,13.61,110150,41.63131,82.75,1.065,11.46,86.0,43.0,0.0
1788104701.7,0.00,698.0,0,0.260,0.000,0.0000,0,False,False,P,False,74.7,13.61,110150,41.63131,82.75,1.027,11.46,86.0,43.0,0.0
1788104701.9,0.00,700.2,0,0.260,0.000,0.0000,0,False,False,P,False,74.7,13.61,110150,41.63131,82.35,1.065,11.46,86.0,43.0,0.0
1788104702.1,0.00,701.8,0,0.260,0.000,0.0000,0,False,False,P,False,74.7,13.61,110150,41.63131,82.75,1.078,11.46,86.0,43.0,0.0
1788104702.3,0.00,704.8,0,0.260,0.000,0.0000,0,False,False,P,False,74.7,13.61,110150,41.63131,82.75,1.065,11.46,86.0,43.0,0.0
1788104702.5,0.00,704.0,0,0.260,0.000,0.0000,0,False,False,P,False,74.7,13.61,110150,41.63131,82.75,1.078,11.46,86.0,43.0,0.0
1788104702.7,0.00,703.2,0,0.260,0.000,0.0000,0,False,False,P,False,74.7,13.61,110150,41.63131,82.75,1.065,11.46,86.0,43.0,0.0
1788104702.9,0.00,705.0,0,0.260,0.000,0.0000,0,False,False,P,False,74.7,13.61,110150,41.63131,82.35,1.078,11.45,86.0,43.0,0.0
1788104703.1,0.00,707.5,0,0.260,0.000,0.0000,0,False,False,P,False,74.7,13.61,110150,41.63131,82.75,1.065,11.45,86.0,43.0,0.0
1788104703.3,0.00,706.2,0,0.260,0.000,0.0000,0,False,False,P,False,74.7,13.61,110150,41.63131,82.75,1.078,11.45,86.0,43.0,0.0
1788104703.5,0.00,704.5,0,0.260,0.000,0.0000,0,False,False,P,False,74.7,13.62,110150,41.63131,82.75,1.065,11.45,86.0,43.0,0.0
1788104703.7,0.00,702.0,0,0.260,0.000,0.0000,0,False,False,P,False,74.7,13.62,110150,41.63131,82.75,1.078,11.45,86.0,43.0,0.0
1788104703.9,0.00,700.8,0,0.260,0.000,0.0000,0,False,False,P,False,74.7,13.62,110150,41.63131,82.35,1.104,11.45,86.0,43.0,0.0
1788104704.1,0.00,700.2,0,0.260,0.000,0.0000,0,False,False,P,False,74.7,13.62,110150,41.63131,82.35,1.078,11.45,86.0,43.0,0.0
1788104704.3,0.00,702.2,0,0.260,0.000,0.0000,0,False,False,P,False,74.7,13.62,110150,41.63131,82.35,1.078,11.45,86.0,43.0,0.0
1788104704.5,0.00,701.2,0,0.260,0.000,0.0000,0,False,False,P,False,74.7,13.62,110150,41.63131,82.75,1.104,11.45,86.0,43.0,0.0
1788104704.7,0.00,698.5,0,0.260,0.000,0.0000,0,False,False,P,False,74.7,13.62,110150,41.63131,82.75,1.065,11.45,86.0,43.0,0.0
1788104704.9,0.00,695.0,0,0.260,0.000,0.0000,0,False,False,P,False,74.7,13.62,110150,41.63131,82.75,1.053,11.45,86.0,43.0,0.0
1788104705.1,0.00,696.8,0,0.260,0.000,0.0000,0,False,False,P,False,74.7,13.62,110150,41.63131,81.96,1.091,11.45,86.0,43.0,0.0
1788104705.3,0.00,698.0,0,0.260,0.000,0.0000,0,False,False,P,False,74.7,13.62,110150,41.63131,82.75,1.065,11.45,86.0,43.0,0.0
1788104705.6,0.00,698.0,0,0.260,0.000,0.0000,0,False,False,P,False,74.7,13.62,110150,41.63131,82.75,1.053,11.45,86.0,43.0,0.0
1788104705.8,0.00,699.8,0,0.260,0.000,0.0000,0,False,False,P,False,74.7,13.62,110150,41.63131,82.75,1.078,11.45,86.0,43.0,0.0
1788104706.0,0.00,704.5,0,0.260,0.000,0.0000,0,False,False,P,False,74.7,13.62,110150,41.63131,82.35,1.091,11.45,86.0,43.0,0.0
1788104706.2,0.00,705.5,0,0.260,0.000,0.0000,0,False,False,P,False,74.7,13.62,110150,41.63131,82.75,1.065,11.45,86.0,43.0,0.0
1788104706.4,0.00,707.0,0,0.260,0.000,0.0000,0,False,False,P,False,74.7,13.62,110150,41.63131,82.35,1.078,11.45,86.0,43.0,0.0
1788104706.6,0.00,706.2,0,0.260,0.000,0.0000,0,False,False,P,False,74.7,13.62,110150,41.63131,82.35,1.078,11.45,86.0,43.0,0.0
1788104706.8,0.00,705.2,0,0.260,0.000,0.0000,0,False,False,P,False,74.7,13.62,110150,41.63131,82.35,1.091,11.45,86.0,43.0,0.0
1788104707.0,0.00,704.2,0,0.260,0.000,0.0000,0,False,False,P,False,74.7,13.62,110150,41.63131,82.75,1.104,11.45,86.0,43.0,0.0
1788104707.2,0.00,704.0,0,0.260,0.000,0.0000,0,False,False,P,False,74.7,13.62,110150,41.63131,82.75,1.053,11.45,86.0,43.0,0.0
1788104707.4,0.00,704.0,0,0.260,0.000,0.0000,0,False,False,P,False,74.7,13.62,110150,41.63131,82.35,1.104,11.45,86.0,43.0,0.0
1788104707.6,0.00,703.5,0,0.260,0.000,0.0000,0,False,False,P,False,74.7,13.62,110150,41.63131,82.75,1.053,11.45,86.0,43.0,0.0
1788104707.8,0.00,701.5,0,0.260,0.000,0.0000,0,False,False,P,False,74.7,13.62,110150,41.63131,82.35,1.104,11.45,86.0,43.0,0.0
1788104708.0,0.00,701.0,0,0.260,0.000,0.0000,0,False,False,P,False,74.7,13.62,110150,41.63131,82.35,1.104,11.45,86.0,43.0,0.0
1788104708.2,0.00,700.2,0,0.260,0.000,0.0000,0,False,False,P,False,74.7,13.62,110150,41.63131,82.35,1.065,11.45,86.0,43.0,0.0
1788104708.4,0.00,698.8,0,0.260,0.000,0.0000,0,False,False,P,False,74.7,13.62,110150,41.63131,82.75,1.078,11.45,86.0,43.0,0.0
1788104708.6,0.00,698.5,0,0.260,0.000,0.0000,0,False,False,P,False,74.7,13.62,110150,41.63131,82.75,1.121,11.45,86.0,43.0,0.0
1788104708.8,0.00,699.5,0,0.260,0.000,0.0000,0,False,False,P,False,74.7,13.62,110150,41.63131,82.35,1.078,11.45,86.0,43.0,0.0
1788104709.0,0.00,703.0,0,0.260,0.000,0.0000,0,False,False,P,False,74.7,13.62,110150,41.63131,82.35,1.053,11.45,86.0,43.0,0.0
1788104709.2,0.00,702.8,0,0.260,0.000,0.0000,0,False,False,P,False,74.7,13.62,110150,41.63131,82.75,1.104,11.45,86.0,43.0,0.0
1788104709.4,0.00,706.2,0,0.260,0.000,0.0000,0,False,False,P,False,74.7,13.62,110150,41.63131,81.96,1.091,11.45,86.0,43.0,0.0
1788104709.6,0.00,706.2,0,0.260,0.000,0.0000,0,False,False,P,False,74.7,13.62,110150,41.63131,82.35,1.078,11.45,86.0,43.0,0.0
1788104709.8,0.00,706.0,0,0.260,0.000,0.0000,0,False,False,P,False,74.7,13.63,110150,41.63131,82.75,1.091,11.45,86.0,43.0,0.0
1788104710.0,0.00,704.2,0,0.260,0.000,0.0000,0,False,False,P,False,74.7,13.63,110150,41.63131,82.35,1.091,11.45,86.0,43.0,0.0
1788104710.2,0.00,702.5,0,0.260,0.000,0.0000,0,False,False,P,False,74.7,13.63,110150,41.63131,82.75,1.065,11.45,86.0,43.0,0.0
1788104710.4,0.00,702.5,0,0.260,0.000,0.0000,0,False,False,P,False,74.7,13.63,110150,41.63131,82.75,1.091,11.45,86.0,43.0,0.0
1788104710.6,0.00,699.2,0,0.260,0.000,0.0000,0,False,False,P,False,74.7,13.63,110150,41.63131,82.35,1.091,11.45,86.0,43.0,0.0
1788104710.8,0.00,698.2,0,0.260,0.000,0.0000,0,False,False,P,False,74.7,13.63,110150,41.63131,82.35,1.065,11.45,86.0,43.0,0.0
1788104711.0,0.00,696.5,0,0.260,0.000,0.0000,0,False,False,P,False,74.7,13.63,110150,41.63131,82.75,1.078,11.45,86.0,43.0,0.0
1788104711.3,0.00,693.8,0,0.260,0.000,0.0000,0,False,False,P,False,74.7,13.63,110150,41.63131,82.75,1.065,11.45,86.0,43.0,0.0
1788104711.5,0.00,696.8,0,0.260,0.000,0.0000,0,False,False,P,False,74.7,13.63,110150,41.63131,82.75,1.065,11.45,86.0,43.0,0.0
1788104711.7,0.00,698.0,0,0.260,0.000,0.0000,0,False,False,P,False,74.7,13.63,110150,41.63131,82.35,1.065,11.45,86.0,43.0,0.0
1788104711.9,0.00,700.0,0,0.260,0.000,0.0000,0,False,False,P,False,74.7,13.63,110150,41.63131,82.35,1.065,11.45,86.0,43.0,0.0
1788104712.1,0.00,702.2,0,0.260,0.000,0.0000,0,False,False,P,False,74.7,13.63,110150,41.63131,82.35,1.091,11.45,86.0,43.0,0.0
1788104712.3,0.00,704.0,0,0.260,0.000,0.0000,0,False,False,P,False,74.7,13.63,110150,41.63131,82.75,1.091,11.45,86.0,43.0,0.0
1788104712.5,0.00,705.8,0,0.260,0.000,0.0000,0,False,False,P,False,74.7,13.63,110150,41.63131,82.75,1.040,11.45,86.0,43.0,0.0
1788104712.7,0.00,706.2,0,0.260,0.000,0.0000,0,False,False,P,False,74.7,13.63,110150,41.63131,82.75,1.104,11.45,86.0,43.0,0.0
1788104712.9,0.00,706.2,0,0.260,0.000,0.0000,0,False,False,P,False,74.7,13.63,110150,41.63131,82.35,1.091,11.45,86.0,43.0,0.0
1788104713.1,0.00,706.2,0,0.260,0.000,0.0000,0,False,False,P,False,74.7,13.63,110150,41.63131,82.35,1.091,11.45,86.0,43.0,0.0
1788104713.3,0.00,705.8,0,0.260,0.000,0.0000,0,False,False,P,False,74.7,13.63,110150,41.63131,82.35,1.065,11.45,86.0,43.0,0.0
1788104713.5,0.00,704.0,0,0.260,0.000,0.0000,0,False,False,P,False,74.7,13.63,110150,41.63131,82.75,1.078,11.44,86.0,43.0,0.0
1788104713.7,0.00,704.0,0,0.260,0.000,0.0000,0,False,False,P,False,74.7,13.63,110150,41.63131,82.75,1.104,11.44,86.0,43.0,0.0
1788104713.9,0.00,701.8,0,0.260,0.000,0.0000,0,False,False,P,False,74.7,13.63,110150,41.63131,82.35,1.078,11.44,86.0,43.0,0.0
1788104714.1,0.00,701.2,0,0.260,0.000,0.0000,0,False,False,P,False,74.7,13.63,110150,41.63131,82.75,1.053,11.44,86.0,43.0,0.0
1788104714.3,0.00,701.0,0,0.260,0.000,0.0000,0,False,False,P,False,74.7,13.63,110150,41.63131,82.35,1.078,11.44,86.0,43.0,0.0
1788104714.5,0.00,702.0,0,0.260,0.000,0.0000,0,False,False,P,False,74.7,13.63,110150,41.63131,82.75,1.065,11.44,86.0,43.0,0.0
1788104714.7,0.00,700.5,0,0.260,0.000,0.0000,0,False,False,P,False,74.7,13.63,110150,41.63131,82.35,1.078,11.44,86.0,43.0,0.0
1788104714.9,0.00,698.8,0,0.260,0.000,0.0000,0,False,False,P,False,74.7,13.63,110150,41.63131,82.35,1.065,11.44,87.0,43.0,0.0
1788104715.1,0.00,699.0,0,0.260,0.000,0.0000,0,False,False,P,False,74.7,13.63,110150,41.63131,82.75,1.065,11.44,87.0,43.0,0.0
1788104715.3,0.00,695.8,0,0.260,0.000,0.0000,0,False,False,P,False,74.7,13.63,110150,41.63131,82.35,1.078,11.44,86.0,43.0,0.0
1788104715.5,0.00,695.8,0,0.260,0.000,0.0000,0,False,False,P,False,74.7,13.63,110150,41.63131,82.75,1.078,11.44,86.0,43.0,0.0
1788104715.7,0.00,697.0,0,0.260,0.000,0.0000,0,False,False,P,False,74.7,13.63,110150,41.63131,82.75,1.091,11.44,86.0,43.0,0.0
1788104715.9,0.00,699.8,0,0.260,0.000,0.0000,0,False,False,P,False,74.7,13.62,110150,41.63131,82.75,1.065,11.44,87.0,43.0,0.0
1788104716.1,0.00,702.2,0,0.260,0.000,0.0000,0,False,False,P,False,74.7,13.62,110150,41.63131,82.75,1.091,11.44,87.0,43.0,0.0
1788104716.3,0.00,702.2,0,0.260,0.000,0.0000,0,False,False,P,False,74.7,13.62,110150,41.63131,82.75,1.078,11.44,87.0,43.0,0.0
1788104716.5,0.00,702.8,0,0.260,0.000,0.0000,0,False,False,P,False,74.7,13.62,110150,41.63131,82.75,1.078,11.44,87.0,43.0,0.0
1788104716.7,0.00,703.2,0,0.260,0.000,0.0000,0,False,False,P,False,74.7,13.62,110150,41.63131,82.75,1.065,11.44,87.0,43.0,0.0
1788104716.9,0.00,705.2,0,0.260,0.000,0.0000,0,False,False,P,False,74.7,13.62,110150,41.63131,82.75,1.078,11.44,87.0,43.0,0.0
1788104717.2,0.00,704.5,0,0.260,0.000,0.0000,0,False,False,P,False,74.7,13.62,110150,41.63131,82.35,1.040,11.44,87.0,43.0,0.0
1788104717.4,0.00,704.0,0,0.260,0.000,0.0000,0,False,False,P,False,74.7,13.62,110150,41.63131,82.75,1.040,11.44,87.0,43.0,0.0
1788104717.6,0.00,700.5,0,0.260,0.000,0.0000,0,False,False,P,False,74.7,13.62,110150,41.63131,82.75,1.104,11.44,87.0,43.0,0.0
1788104717.8,0.00,699.2,0,0.260,0.000,0.0000,0,False,False,P,False,74.7,13.62,110150,41.63131,82.75,1.078,11.44,87.0,43.0,0.0
1788104718.0,0.00,696.5,0,0.260,0.000,0.0000,0,False,False,P,False,74.7,13.62,110150,41.63131,82.75,1.121,11.44,87.0,43.0,0.0
1788104718.2,0.00,697.5,0,0.260,0.000,0.0000,0,False,False,P,False,74.7,13.62,110150,41.63131,82.75,1.104,11.44,87.0,43.0,0.0
1788104718.4,0.00,696.8,0,0.260,0.000,0.0000,0,False,False,P,False,74.7,13.62,110150,41.63131,82.35,1.065,11.44,87.0,43.0,0.0
1788104718.6,0.00,697.5,0,0.260,0.000,0.0000,0,False,False,P,False,74.7,13.62,110150,41.63131,82.75,1.078,11.44,87.0,43.0,0.0
1788104718.8,0.00,697.2,0,0.260,0.000,0.0000,0,False,False,P,False,74.7,13.62,110150,41.63131,82.35,1.078,11.44,87.0,43.0,0.0
1788104719.0,0.00,699.2,0,0.260,0.000,0.0000,0,False,False,P,False,74.7,13.64,110150,41.63131,82.75,1.078,11.44,87.0,43.0,0.0
1788104719.2,0.00,699.8,0,0.260,0.000,0.0000,0,False,False,P,False,74.7,13.64,110150,41.63131,82.75,1.078,11.44,87.0,43.0,0.0
1788104719.4,0.00,700.2,0,0.260,0.000,0.0000,0,False,False,P,False,74.7,13.64,110150,41.63131,82.75,1.104,11.44,87.0,43.0,0.0
1788104719.6,0.00,701.5,0,0.260,0.000,0.0000,0,False,False,P,False,74.7,13.64,110150,41.63131,82.35,1.065,11.44,87.0,43.0,0.0
1788104719.8,0.00,702.8,0,0.260,0.000,0.0000,0,False,False,P,False,74.7,13.64,110150,41.63131,82.75,1.078,11.44,87.0,43.0,0.0
1788104720.0,0.00,702.2,0,0.260,0.000,0.0000,0,False,False,P,False,74.7,13.64,110150,41.63131,82.35,1.078,11.44,87.0,43.0,0.0
1788104720.2,0.00,699.0,0,0.260,0.000,0.0000,0,False,False,P,False,74.7,13.64,110150,41.63131,82.35,1.078,11.44,87.0,42.0,0.0
1788104720.4,0.00,682.5,0,0.260,0.000,0.0000,0,False,False,P,False,74.7,13.64,110150,41.63131,82.75,0.785,11.44,87.0,40.0,0.0
1788104720.6,0.00,745.2,0,0.260,0.000,0.0000,0,False,False,P,False,74.7,13.64,110150,41.63131,82.35,0.807,11.44,87.0,40.0,0.0
1788104720.8,0.00,747.8,0,0.260,0.000,0.0000,0,False,False,P,False,74.7,13.73,110150,41.63131,82.35,0.777,11.44,87.0,37.0,0.0
1788104721.0,0.00,740.5,0,0.260,0.000,0.0000,0,False,False,P,False,74.7,13.73,110150,41.63131,82.35,0.764,11.44,87.0,35.0,0.0
1788104721.2,0.00,740.2,0,0.260,0.000,0.0000,0,False,False,P,False,74.7,13.73,110150,41.63131,82.75,0.726,11.44,87.0,33.0,0.0
1788104721.4,0.00,732.0,0,0.260,0.000,0.0000,0,False,False,P,False,74.7,13.73,110150,41.63131,82.35,0.705,11.44,87.0,32.0,0.0
1788104721.6,0.00,720.0,0,0.260,0.000,0.0000,0,False,False,P,False,74.7,13.73,110150,41.63131,82.35,0.743,11.44,87.0,32.0,0.0
1788104721.8,0.00,709.2,0,0.260,0.000,0.0000,0,False,False,P,False,74.7,13.73,110150,41.63131,82.35,0.743,11.44,87.0,31.0,0.0
1788104722.0,0.00,707.2,0,0.260,0.000,0.0000,0,False,False,P,False,74.7,13.60,110150,41.63131,82.75,0.756,11.44,87.0,31.0,0.0
1788104722.2,0.00,703.2,0,0.260,0.000,0.0000,0,False,False,P,False,74.7,13.60,110150,41.63131,82.75,0.756,11.44,87.0,31.0,0.0
1788104722.4,0.00,700.8,0,0.260,0.000,0.0000,0,False,False,P,False,74.7,13.60,110150,41.63131,82.75,0.734,11.44,87.0,32.0,0.0
1788104722.6,0.00,694.0,0,0.260,0.000,0.0000,0,False,False,P,False,74.7,13.60,110150,41.63131,82.35,0.777,11.44,87.0,32.0,0.0
1788104722.8,0.00,694.8,0,0.260,0.000,0.0000,0,False,False,P,False,74.7,13.60,110150,41.63131,82.35,0.764,11.44,87.0,32.0,0.0
1788104723.0,0.00,700.5,0,0.260,0.000,0.0000,0,False,False,P,False,74.7,13.60,110150,41.63131,82.75,0.743,11.44,87.0,32.0,0.0
1788104723.2,0.00,700.5,0,0.260,0.000,0.0000,0,False,False,P,False,74.7,13.60,110150,41.63131,82.75,0.764,11.44,87.0,32.0,0.0
1788104723.4,0.00,705.0,0,0.260,0.000,0.0000,0,False,False,P,False,74.7,13.60,110150,41.63131,82.75,0.734,11.44,87.0,32.0,0.0
1788104723.6,0.00,704.8,0,0.260,0.000,0.0000,0,False,False,P,False,74.7,13.60,110150,41.63131,82.75,0.726,11.44,87.0,32.0,0.0
1788104723.8,0.00,704.5,0,0.260,0.000,0.0000,0,False,False,P,False,74.7,13.60,110150,41.63131,82.75,0.756,11.44,87.0,32.0,0.0
1788104724.0,0.00,705.5,0,0.260,0.000,0.0000,0,False,False,P,False,74.7,13.60,110150,41.63131,82.75,0.743,11.44,87.0,32.0,0.0
1788104724.3,0.00,706.8,0,0.260,0.000,0.0000,0,False,False,P,False,74.7,13.60,110150,41.63131,82.75,0.743,11.44,87.0,32.0,0.0
1788104724.5,0.00,706.8,0,0.260,0.000,0.0000,0,False,False,P,False,74.7,13.60,110150,41.63131,82.75,0.726,11.44,87.0,32.0,0.0
1788104724.7,0.00,706.0,0,0.260,0.000,0.0000,0,False,False,P,False,74.7,13.60,110150,41.63131,82.35,0.756,11.44,87.0,32.0,0.0
1788104724.9,0.00,705.2,0,0.260,0.000,0.0000,0,False,False,P,False,74.7,13.60,110150,41.63131,82.75,0.713,11.44,87.0,31.0,0.0
1788104725.1,0.00,705.2,0,0.260,0.000,0.0000,0,False,False,P,False,74.7,13.60,110150,41.63131,82.75,0.734,11.44,87.0,31.0,0.0
1788104725.3,0.00,706.5,0,0.260,0.000,0.0000,0,False,False,P,False,74.7,13.63,110150,41.63131,81.96,0.734,11.44,87.0,32.0,0.0
1788104725.5,0.00,705.2,0,0.260,0.000,0.0000,0,False,False,P,False,74.7,13.63,110150,41.63131,82.75,0.734,11.44,87.0,32.0,0.0
1788104725.7,0.00,705.8,0,0.260,0.000,0.0000,0,False,False,P,False,74.7,13.64,110150,41.63131,82.75,0.743,11.44,87.0,32.0,0.0
1788104725.9,0.00,707.5,0,0.260,0.000,0.0000,0,False,False,P,False,74.7,13.64,110150,41.63131,82.75,0.734,11.43,87.0,31.0,0.0
1788104726.1,0.00,706.5,0,0.260,0.000,0.0000,0,False,False,P,False,74.7,13.64,110150,41.63131,82.35,0.734,11.43,87.0,31.0,0.0
1788104726.3,0.00,707.2,0,0.260,0.000,0.0000,0,False,False,P,False,74.7,13.64,110150,41.63131,82.75,0.734,11.43,87.0,31.0,0.0
1788104726.5,0.00,707.2,0,0.260,0.000,0.0000,0,False,False,P,False,74.7,13.64,110150,41.63131,82.75,0.743,11.43,87.0,31.0,0.0
1788104726.7,0.00,705.5,0,0.260,0.000,0.0000,0,False,False,P,False,74.7,13.64,110150,41.63131,82.35,0.756,11.43,87.0,31.0,0.0
1788104726.9,0.00,705.0,0,0.260,0.000,0.0000,0,False,False,P,False,74.7,13.64,110150,41.63131,82.75,0.743,11.43,87.0,31.0,0.0
1788104727.1,0.00,711.8,0,0.260,0.000,0.0000,0,False,False,P,False,74.7,13.64,110150,41.63131,82.75,1.944,11.43,87.0,32.0,0.0
1788104727.3,0.00,803.8,0,0.260,0.000,0.0000,0,False,False,P,False,74.7,13.64,110150,41.63131,82.75,0.989,11.43,87.0,40.0,0.0
1788104727.5,0.00,752.2,0,0.260,0.000,0.0000,0,False,False,P,False,74.7,13.64,110150,41.63131,82.75,1.341,11.43,87.0,39.0,0.0
1788104727.7,0.00,749.0,0,0.260,0.000,0.0000,0,False,False,P,False,74.7,13.64,110150,41.63131,82.75,1.269,11.43,87.0,41.0,0.0
1788104727.9,0.00,738.5,0,0.260,0.000,0.0000,0,False,False,P,False,74.7,13.64,110150,41.63131,82.35,1.244,11.43,87.0,41.0,0.0
1788104728.1,0.00,734.0,0,0.260,0.000,0.0000,0,False,False,P,False,74.7,13.64,110150,41.63131,82.75,1.133,11.43,87.0,42.0,0.0
1788104728.3,0.00,735.8,0,0.260,0.000,0.0000,0,False,False,P,False,74.7,13.25,110150,41.63131,82.35,1.146,11.43,87.0,42.0,0.0
1788104728.5,0.00,729.0,0,0.260,0.000,0.0000,0,False,False,P,False,74.7,13.25,110150,41.63131,82.75,1.172,11.43,87.0,42.0,0.0
1788104728.7,0.00,726.8,0,0.260,0.000,0.0000,0,False,False,P,False,74.7,13.25,110150,41.63131,82.75,1.133,11.43,87.0,43.0,0.0
1788104728.9,0.00,726.8,0,0.260,0.000,0.0000,0,False,False,P,False,74.7,13.25,110150,41.63131,82.75,1.091,11.43,87.0,43.0,0.0
1788104729.1,0.00,721.0,0,0.260,0.000,0.0000,0,False,False,P,False,74.7,13.25,110150,41.63131,82.75,1.121,11.43,87.0,43.0,0.0
1788104729.3,0.00,718.2,0,0.260,0.000,0.0000,0,False,False,P,False,74.7,13.25,110150,41.63131,82.75,1.146,11.43,87.0,43.0,0.0
1788104729.5,0.00,716.8,0,0.260,0.000,0.0000,0,False,False,P,False,74.7,13.25,110150,41.63131,82.75,1.159,11.43,87.0,44.0,0.0
1788104729.7,0.00,713.5,0,0.260,0.000,0.0000,0,False,False,P,False,74.7,13.25,110150,41.63131,82.75,1.159,11.43,87.0,44.0,0.0
1788104729.9,0.00,713.5,0,0.260,0.000,0.0000,0,False,False,P,False,74.7,13.25,110150,41.63131,82.35,1.146,11.43,87.0,44.0,0.0
1788104730.1,0.00,715.5,0,0.260,0.000,0.0000,0,False,False,P,False,74.7,13.25,110150,41.63131,82.75,1.146,11.43,87.0,45.0,0.0
1788104730.4,0.00,718.8,0,0.260,0.000,0.0000,0,False,False,P,False,74.7,13.25,110150,41.63131,82.75,1.146,11.43,87.0,45.0,0.0
1788104730.6,0.00,725.0,0,0.260,0.000,0.0000,0,False,False,P,False,74.7,13.25,110150,41.63131,82.75,1.189,11.43,87.0,45.0,0.0
1788104730.8,0.00,733.8,0,0.260,0.000,0.0000,0,False,False,P,False,74.7,13.25,110150,41.63131,82.75,1.159,11.43,87.0,45.0,0.0
1788104731.0,0.00,738.0,0,0.260,0.000,0.0000,0,False,False,P,False,74.7,13.25,110150,41.63131,82.75,1.133,11.43,87.0,45.0,0.0
1788104731.2,0.00,739.5,0,0.260,0.000,0.0000,0,False,False,P,False,74.7,13.25,110150,41.63131,81.96,1.078,11.43,87.0,44.0,0.0
1788104731.4,0.00,735.5,0,0.260,0.000,0.0000,0,False,False,P,False,74.7,13.69,110150,41.63131,82.75,1.091,11.43,87.0,44.0,0.0
1788104731.6,0.00,733.8,0,0.260,0.000,0.0000,0,False,False,P,False,74.7,13.69,110150,41.63131,82.35,1.121,11.43,87.0,43.0,0.0
1788104731.8,0.00,726.8,0,0.260,0.000,0.0000,0,False,False,P,False,74.7,13.64,110150,41.63131,82.35,1.121,11.43,87.0,43.0,0.0
1788104732.0,0.00,718.8,0,0.260,0.000,0.0000,0,False,False,P,False,74.7,13.64,110150,41.63131,82.35,1.091,11.43,87.0,43.0,0.0
1788104732.2,0.00,712.8,0,0.260,0.000,0.0000,0,False,False,P,False,74.7,13.64,110150,41.63131,82.75,1.091,11.43,87.0,43.0,0.0
1788104732.4,0.00,707.0,0,0.260,0.000,0.0000,0,False,False,P,False,74.7,13.64,110150,41.63131,82.35,1.091,11.43,87.0,43.0,0.0
1788104732.6,0.00,703.5,0,0.260,0.000,0.0000,0,False,False,P,False,74.7,13.64,110150,41.63131,82.75,1.104,11.43,87.0,43.0,0.0
1788104732.8,0.00,700.2,0,0.260,0.000,0.0000,0,False,False,P,False,74.7,13.64,110150,41.63131,82.75,1.091,11.43,87.0,44.0,0.0
1788104733.0,0.00,700.0,0,0.260,0.000,0.0000,0,False,False,P,False,74.7,13.64,110150,41.63131,82.35,1.091,11.43,87.0,44.0,0.0
1788104733.2,0.00,701.8,0,0.260,0.000,0.0000,0,False,False,P,False,74.7,13.64,110150,41.63131,82.75,1.121,11.43,87.0,44.0,0.0
1788104733.4,0.00,709.8,0,0.260,0.000,0.0000,0,False,False,P,False,74.7,13.64,110150,41.63131,82.75,1.091,11.43,87.0,44.0,0.0
1788104733.6,0.00,712.8,0,0.260,0.000,0.0000,0,False,False,P,False,74.7,13.64,110150,41.63131,82.35,1.091,11.43,87.0,44.0,0.0
1788104733.8,0.00,712.5,0,0.260,0.000,0.0000,0,False,False,P,False,74.7,13.64,110150,41.63131,82.35,1.078,11.43,87.0,43.0,0.0
1788104734.0,0.00,712.2,0,0.260,0.000,0.0000,0,False,False,P,False,74.7,13.64,110150,41.63131,82.75,1.091,11.43,87.0,43.0,0.0
1788104734.2,0.00,712.5,0,0.260,0.000,0.0000,0,False,False,P,False,74.7,13.64,110150,41.63131,82.75,1.091,11.43,87.0,43.0,0.0
1788104734.4,0.00,709.5,0,0.260,0.000,0.0000,0,False,False,P,False,74.7,13.64,110150,41.63131,82.35,1.091,11.43,87.0,43.0,0.0
1788104734.6,0.00,707.5,0,0.260,0.000,0.0000,0,False,False,P,False,74.7,13.64,110150,41.63131,82.75,1.091,11.43,87.0,43.0,0.0
1788104734.8,0.00,704.2,0,0.260,0.000,0.0000,0,False,False,P,False,74.7,13.64,110150,41.63131,82.75,1.078,11.43,87.0,43.0,0.0
1788104736.5,0.00,0.0,0,0.000,0.000,0.0000,0,False,False,,False,0.0,0.00,0,0.00000,0.00,0.000,0.00,0.0,0.0,0.0
1788104736.7,0.00,696.0,0,0.260,0.000,0.0000,0,False,False,P,False,0.0,0.00,110150,41.63131,82.75,1.104,11.42,0.0,43.0,0.0
1788104736.9,0.00,696.2,0,0.260,0.000,0.0000,0,False,False,P,False,0.0,0.00,110150,41.63131,82.75,1.104,11.42,87.0,44.0,0.0
1788104737.1,0.00,696.5,0,0.260,0.000,0.0000,0,False,False,P,False,0.0,0.00,110150,41.63131,82.35,1.065,11.42,87.0,44.0,0.0
1788104737.3,0.00,697.5,0,0.260,0.000,0.0000,0,False,False,P,False,0.0,0.00,110150,41.63131,82.75,1.091,11.42,87.0,44.0,0.0
1788104737.5,0.00,698.5,0,0.260,0.000,0.0000,0,False,False,P,False,0.0,0.00,110150,41.63131,82.75,1.078,11.42,87.0,44.0,0.0
1788104737.8,0.00,698.5,0,0.260,0.000,0.0000,0,False,False,P,False,0.0,0.00,110150,41.63131,82.35,1.065,11.42,87.0,44.0,0.0
1788104738.0,0.00,696.8,0,0.260,0.000,0.0000,0,False,False,P,False,0.0,0.00,110150,41.63131,82.35,1.078,11.42,87.0,44.0,0.0
1788104738.2,0.00,699.0,0,0.260,0.000,0.0000,0,False,False,P,False,0.0,0.00,110150,41.63131,82.75,1.104,11.42,87.0,44.0,0.0
1788104738.4,0.00,699.5,0,0.260,0.000,0.0000,0,False,False,P,False,0.0,0.00,110150,41.63131,82.75,1.040,11.42,87.0,43.0,0.0
1788104738.6,0.00,702.2,0,0.260,0.000,0.0000,0,False,False,P,False,0.0,0.00,110150,41.63131,82.35,1.104,11.42,87.0,44.0,0.0
1788104738.8,0.00,703.8,0,0.260,0.000,0.0000,0,False,False,P,False,74.7,0.00,110150,41.63131,82.75,1.133,11.42,87.0,44.0,0.0
1788104739.0,0.00,706.5,0,0.260,0.000,0.0000,0,False,False,P,False,74.7,0.00,110150,41.63131,82.75,1.078,11.42,87.0,44.0,0.0
1788104739.2,0.00,705.5,0,0.260,0.000,0.0000,0,False,False,P,False,74.7,0.00,110150,41.63131,82.75,1.091,11.42,87.0,43.0,0.0
1788104739.4,0.00,703.8,0,0.260,0.000,0.0000,0,False,False,P,False,74.7,0.00,110150,42.77409,82.75,1.078,11.42,87.0,43.0,0.0
1788104739.6,0.00,698.5,0,0.260,0.000,0.0000,0,False,False,P,False,74.7,0.00,110150,42.77409,82.75,1.104,11.42,87.0,43.0,0.0
1788104739.8,0.00,696.0,0,0.260,0.000,0.0000,0,False,False,P,False,74.7,0.00,110150,42.77409,82.35,1.078,11.42,87.0,43.0,0.0
1788104740.0,0.00,693.5,0,0.260,0.000,0.0000,0,False,False,P,False,74.7,0.00,110150,42.77409,82.35,1.104,11.42,87.0,44.0,0.0
1788104740.2,0.00,691.2,0,0.260,0.000,0.0000,0,False,False,P,False,74.7,0.00,110150,42.77409,82.75,1.078,11.42,87.0,44.0,0.0
1788104740.4,0.00,689.5,0,0.260,0.000,0.0000,0,False,False,P,False,74.7,0.00,110150,42.77409,82.35,1.078,11.42,87.0,44.0,0.0
1788104740.6,0.00,690.8,0,0.260,0.000,0.0000,0,False,False,P,False,74.7,0.00,110150,42.77409,82.75,1.091,11.42,87.0,44.0,0.0
1788104740.8,0.00,693.5,0,0.260,0.000,0.0000,0,False,False,P,False,74.7,0.00,110150,42.77409,82.35,1.078,11.42,87.0,44.0,0.0
1788104741.0,0.00,694.8,0,0.260,0.000,0.0000,0,False,False,P,False,74.7,0.00,110150,42.77409,82.75,1.078,11.42,87.0,44.0,0.0
1788104741.2,0.00,697.8,0,0.260,0.000,0.0000,0,False,False,P,False,74.7,0.00,110150,42.77409,82.75,1.078,11.42,87.0,44.0,0.0
1788104741.4,0.00,699.8,0,0.260,0.000,0.0000,0,False,False,P,False,74.7,0.00,110150,42.77409,82.35,1.065,11.42,87.0,44.0,0.0
1788104741.6,0.00,702.0,0,0.260,0.000,0.0000,0,False,False,P,False,74.7,0.00,110150,42.77409,82.35,1.078,11.42,87.0,44.0,0.0
1788104741.8,0.00,705.8,0,0.260,0.000,0.0000,0,False,False,P,False,74.7,0.00,110150,42.77409,82.75,1.065,11.42,87.0,44.0,0.0
1788104742.0,0.00,707.0,0,0.260,0.000,0.0000,0,False,False,P,False,74.7,0.00,110150,42.77409,82.75,1.078,11.42,87.0,44.0,0.0
1788104742.2,0.00,708.0,0,0.260,0.000,0.0000,0,False,False,P,False,74.7,0.00,110150,42.77409,82.35,1.104,11.42,87.0,44.0,0.0
1788104742.4,0.00,706.0,0,0.260,0.000,0.0000,0,False,False,P,False,74.7,0.00,110150,42.77409,82.75,1.078,11.42,87.0,44.0,0.0
1788104742.6,0.00,707.0,0,0.260,0.000,0.0000,0,False,False,P,False,74.7,13.64,110150,42.77409,82.75,1.091,11.42,87.0,44.0,0.0
1788104742.8,0.00,708.2,0,0.260,0.000,0.0000,0,False,False,P,False,74.7,13.64,110150,42.77409,82.75,1.078,11.42,87.0,44.0,0.0
1788104743.0,0.00,705.0,0,0.260,0.000,0.0000,0,False,False,P,False,74.7,13.64,110150,42.77409,82.35,1.104,11.42,87.0,44.0,0.0
1788104743.2,0.00,702.8,0,0.260,0.000,0.0000,0,False,False,P,False,74.7,13.64,110150,42.77409,82.75,1.121,11.42,87.0,44.0,0.0
1788104743.4,0.00,700.2,0,0.260,0.000,0.0000,0,False,False,P,False,74.7,13.64,110150,42.77409,82.75,1.078,11.42,87.0,44.0,0.0
1788104743.6,0.00,701.0,0,0.260,0.000,0.0000,0,False,False,P,False,74.7,13.64,110150,42.77409,82.75,1.091,11.42,87.0,44.0,0.0
1788104743.8,0.00,699.8,0,0.260,0.000,0.0000,0,False,False,P,False,74.7,13.64,110150,42.77409,82.35,1.091,11.42,87.0,44.0,0.0
1788104744.1,0.00,701.0,0,0.260,0.000,0.0000,0,False,False,P,False,74.7,13.64,110150,42.77409,82.35,1.065,11.42,87.0,44.0,0.0
1788104744.3,0.00,698.2,0,0.260,0.000,0.0000,0,False,False,P,False,74.7,13.64,110150,42.77409,82.75,1.091,11.42,87.0,44.0,0.0
1788104744.5,0.00,698.0,0,0.260,0.000,0.0000,0,False,False,P,False,74.7,13.64,110150,42.77409,82.75,1.078,11.42,87.0,44.0,0.0
1788104744.7,0.00,696.2,0,0.260,0.000,0.0000,0,False,False,P,False,74.7,13.64,110150,42.77409,82.35,1.091,11.42,87.0,44.0,0.0
1788104744.9,0.00,699.5,0,0.260,0.000,0.0000,0,False,False,P,False,74.7,13.64,110150,42.77409,82.75,1.053,11.42,87.0,44.0,0.0
1788104745.1,0.00,705.0,0,0.260,0.000,0.0000,0,False,False,P,False,74.7,13.64,110150,42.77409,82.75,1.104,11.42,87.0,44.0,0.0
1788104745.3,0.00,705.2,0,0.260,0.000,0.0000,0,False,False,P,False,74.7,13.64,110150,42.77409,82.35,1.053,11.42,87.0,44.0,0.0
1788104745.5,0.00,704.2,0,0.260,0.000,0.0000,0,False,False,P,False,74.7,13.64,110150,42.77409,82.75,1.078,11.42,87.0,44.0,0.0
1788104745.7,0.00,703.2,0,0.260,0.000,0.0000,0,False,False,P,False,74.7,13.64,110150,42.77409,82.75,1.078,11.42,87.0,44.0,0.0
1788104745.9,0.00,705.0,0,0.260,0.000,0.0000,0,False,False,P,False,74.7,13.64,110150,42.77409,82.75,1.104,11.42,87.0,44.0,0.0
1788104746.1,0.00,705.0,0,0.260,0.000,0.0000,0,False,False,P,False,74.7,13.64,110150,42.77409,82.35,1.065,11.42,87.0,44.0,0.0
1788104746.3,0.00,702.5,0,0.260,0.000,0.0000,0,False,False,P,False,74.7,13.64,110150,42.77409,82.35,1.065,11.42,87.0,44.0,0.0
1788104746.5,0.00,703.2,0,0.260,0.000,0.0000,0,False,False,P,False,74.7,13.64,110150,42.77409,82.35,1.065,11.41,87.0,44.0,0.0
1788104746.7,0.00,704.5,0,0.260,0.000,0.0000,0,False,False,P,False,74.7,13.64,110150,42.77409,82.35,1.091,11.41,87.0,44.0,0.0
1788104746.9,0.00,703.8,0,0.260,0.000,0.0000,0,False,False,P,False,74.7,13.64,110150,42.77409,82.75,1.091,11.41,87.0,44.0,0.0
1788104747.1,0.00,704.5,0,0.260,0.000,0.0000,0,False,False,P,False,74.7,13.64,110150,42.77409,82.75,1.078,11.41,87.0,44.0,0.0
1788104747.3,0.00,703.8,0,0.260,0.000,0.0000,0,False,False,P,False,74.7,13.64,110150,42.77409,82.75,1.091,11.41,87.0,44.0,0.0
1788104747.5,0.00,700.0,0,0.260,0.000,0.0000,0,False,False,P,False,74.7,13.64,110150,42.77409,82.35,1.065,11.41,87.0,44.0,0.0
1788104747.7,0.00,697.8,0,0.260,0.000,0.0000,0,False,False,P,False,74.7,13.64,110150,42.77409,82.35,1.091,11.41,87.0,44.0,0.0
1788104747.9,0.00,700.2,0,0.260,0.000,0.0000,0,False,False,P,False,74.7,13.64,110150,42.77409,82.75,1.078,11.41,87.0,44.0,0.0
1788104748.1,0.00,698.5,0,0.260,0.000,0.0000,0,False,False,P,False,74.7,13.64,110150,42.77409,82.35,1.078,11.41,87.0,44.0,0.0
1788104748.3,0.00,700.2,0,0.260,0.000,0.0000,0,False,False,P,False,74.7,13.64,110150,42.77409,82.75,1.065,11.41,87.0,44.0,0.0
1788104748.5,0.00,700.5,0,0.260,0.000,0.0000,0,False,False,P,False,74.7,13.64,110150,42.77409,82.75,1.104,11.41,87.0,44.0,0.0
1788104748.7,0.00,703.0,0,0.260,0.000,0.0000,0,False,False,P,False,74.7,13.64,110150,42.77409,82.75,1.078,11.41,87.0,44.0,0.0
1788104748.9,0.00,705.5,0,0.260,0.000,0.0000,0,False,False,P,False,74.7,13.64,110150,42.77409,82.75,1.091,11.41,87.0,44.0,0.0
1788104749.1,0.00,706.5,0,0.260,0.000,0.0000,0,False,False,P,False,74.7,13.66,110150,42.77409,82.35,1.091,11.41,87.0,44.0,0.0
1788104749.3,0.00,704.5,0,0.260,0.000,0.0000,0,False,False,P,False,74.7,13.66,110150,42.77409,82.35,1.065,11.41,87.0,44.0,0.0
1788104749.5,0.00,704.8,0,0.260,0.000,0.0000,0,False,False,P,False,74.7,13.66,110150,42.77409,82.75,1.065,11.41,87.0,44.0,0.0
1788104749.7,0.00,705.5,0,0.260,0.000,0.0000,0,False,False,P,False,74.7,13.66,110150,42.77409,82.75,1.104,11.41,87.0,44.0,0.0
1788104749.9,0.00,707.0,0,0.260,0.000,0.0000,0,False,False,P,False,74.7,13.66,110150,42.77409,82.75,1.078,11.41,87.0,44.0,0.0
1788104750.1,0.00,707.2,0,0.260,0.000,0.0000,0,False,False,P,False,74.7,13.66,110150,42.77409,82.75,1.078,11.41,87.0,44.0,0.0
1788104750.4,0.00,708.0,0,0.260,0.000,0.0000,0,False,False,P,False,74.7,13.66,110150,42.77409,82.75,1.121,11.41,87.0,43.0,0.0
1788104750.6,0.00,706.5,0,0.260,0.000,0.0000,0,False,False,P,False,74.7,13.66,110150,42.77409,82.75,1.104,11.41,87.0,44.0,0.0
1788104750.8,0.00,704.2,0,0.260,0.000,0.0000,0,False,False,P,False,74.7,13.66,110150,42.77409,82.35,1.091,11.41,87.0,44.0,0.0
1788104751.0,0.00,703.2,0,0.260,0.000,0.0000,0,False,False,P,False,74.7,13.66,110150,42.77409,82.35,1.104,11.41,87.0,43.0,0.0
1788104751.2,0.00,703.5,0,0.260,0.000,0.0000,0,False,False,P,False,74.7,13.66,110150,42.77409,82.75,1.121,11.41,87.0,44.0,0.0
1788104751.4,0.00,704.2,0,0.260,0.000,0.0000,0,False,False,P,False,74.7,13.66,110150,42.77409,82.75,1.065,11.41,87.0,44.0,0.0
1788104751.6,0.00,704.0,0,0.260,0.000,0.0000,0,False,False,P,False,74.7,13.66,110150,42.77409,82.75,1.091,11.41,87.0,44.0,0.0
1788104751.8,0.00,702.2,0,0.260,0.000,0.0000,0,False,False,P,False,74.7,13.66,110150,42.77409,82.75,1.091,11.41,87.0,44.0,0.0
1788104752.0,0.00,701.2,0,0.260,0.000,0.0000,0,False,False,P,False,74.7,13.66,110150,42.77409,82.75,1.091,11.41,87.0,44.0,0.0
1788104752.2,0.00,699.8,0,0.260,0.000,0.0000,0,False,False,P,False,74.7,13.65,110150,42.77409,82.75,1.078,11.41,87.0,44.0,0.0
1788104752.4,0.00,702.0,0,0.260,0.000,0.0000,0,False,False,P,False,74.7,13.65,110150,42.77409,82.35,1.091,11.41,87.0,44.0,0.0
1788104752.6,0.00,700.0,0,0.260,0.000,0.0000,0,False,False,P,False,74.7,13.65,110150,42.77409,82.35,1.065,11.41,87.0,44.0,0.0
1788104752.8,0.00,701.2,0,0.260,0.000,0.0000,0,False,False,P,False,74.7,13.65,110150,42.77409,82.35,1.104,11.41,87.0,44.0,0.0
1788104753.0,0.00,701.8,0,0.260,0.000,0.0000,0,False,False,P,False,74.7,13.65,110150,42.77409,82.75,1.078,11.41,87.0,44.0,0.0
1788104753.2,0.00,702.5,0,0.260,0.000,0.0000,0,False,False,P,False,74.7,13.65,110150,42.77409,82.35,1.053,11.41,87.0,44.0,0.0
1788104753.4,0.00,702.5,0,0.260,0.000,0.0000,0,False,False,P,False,74.7,13.65,110150,42.77409,82.75,1.091,11.41,87.0,44.0,0.0
1788104753.6,0.00,706.5,0,0.260,0.000,0.0000,0,False,False,P,False,74.7,13.65,110150,42.77409,82.75,1.078,11.41,87.0,44.0,0.0
1788104753.8,0.00,705.8,0,0.260,0.000,0.0000,0,False,False,P,False,74.7,13.65,110150,42.77409,82.75,1.065,11.41,87.0,44.0,0.0
1788104754.0,0.00,707.2,0,0.260,0.000,0.0000,0,False,False,P,False,74.7,13.65,110150,42.77409,82.75,1.104,11.41,88.0,44.0,0.0
1788104754.2,0.00,706.2,0,0.260,0.000,0.0000,0,False,False,P,False,74.7,13.65,110150,42.77409,82.35,1.040,11.41,87.0,44.0,0.0
1788104754.4,0.00,704.2,0,0.260,0.000,0.0000,0,False,False,P,False,74.7,13.65,110150,42.77409,82.75,1.065,11.41,87.0,43.0,0.0
1788104754.6,0.00,704.2,0,0.260,0.000,0.0000,0,False,False,P,False,74.7,13.65,110150,42.77409,82.75,1.065,11.41,87.0,44.0,0.0
1788104754.8,0.00,705.5,0,0.260,0.000,0.0000,0,False,False,P,False,74.7,13.65,110150,42.77409,82.35,1.065,11.41,87.0,43.0,0.0
1788104755.0,0.00,706.5,0,0.260,0.000,0.0000,0,False,False,P,False,74.7,13.65,110150,42.77409,82.35,1.078,11.41,87.0,43.0,0.0
1788104755.2,0.00,706.2,0,0.260,0.000,0.0000,0,False,False,P,False,74.7,13.66,110150,42.77409,82.75,1.078,11.41,88.0,44.0,0.0
1788104755.4,0.00,704.8,0,0.260,0.000,0.0000,0,False,False,P,False,74.7,13.66,110150,42.77409,82.75,1.121,11.41,88.0,44.0,0.0
1788104755.6,0.00,704.0,0,0.260,0.000,0.0000,0,False,False,P,False,74.7,13.66,110150,42.77409,82.35,1.053,11.41,88.0,43.0,0.0
1788104755.8,0.00,702.0,0,0.260,0.000,0.0000,0,False,False,P,False,74.7,13.66,110150,42.77409,82.75,1.078,11.41,88.0,43.0,0.0
1788104756.0,0.00,703.0,0,0.260,0.000,0.0000,0,False,False,P,False,74.7,13.66,110150,42.77409,82.35,1.121,11.41,88.0,44.0,0.0
1788104756.2,0.00,701.5,0,0.260,0.000,0.0000,0,False,False,P,False,74.7,13.66,110150,42.77409,81.96,1.121,11.41,87.0,44.0,0.0
1788104756.4,0.00,701.0,0,0.260,0.000,0.0000,0,False,False,P,False,74.7,13.66,110150,42.77409,82.35,1.078,11.41,87.0,43.0,0.0
1788104756.7,0.00,700.5,0,0.260,0.000,0.0000,0,False,False,P,False,74.7,13.66,110150,42.77409,82.35,1.091,11.41,88.0,44.0,0.0
1788104756.9,0.00,700.5,0,0.260,0.000,0.0000,0,False,False,P,False,74.7,13.66,110150,42.77409,81.96,1.078,11.41,87.0,44.0,0.0
1788104757.1,0.00,699.5,0,0.260,0.000,0.0000,0,False,False,P,False,74.7,13.66,110150,42.77409,82.35,1.040,11.41,88.0,44.0,0.0
1788104757.3,0.00,700.5,0,0.260,0.000,0.0000,0,False,False,P,False,74.7,13.66,110150,42.77409,82.35,1.104,11.41,87.0,44.0,0.0
1788104757.5,0.00,702.0,0,0.260,0.000,0.0000,0,False,False,P,False,74.7,13.66,110150,42.77409,82.75,1.104,11.40,88.0,44.0,0.0
1788104757.7,0.00,706.2,0,0.260,0.000,0.0000,0,False,False,P,False,74.7,13.66,110150,42.77409,82.75,1.053,11.40,88.0,44.0,0.0
1788104757.9,0.00,705.5,0,0.260,0.000,0.0000,0,False,False,P,False,74.7,13.66,110150,42.77409,82.35,1.078,11.40,88.0,44.0,0.0
1788104758.1,0.00,706.0,0,0.260,0.000,0.0000,0,False,False,P,False,74.7,13.66,110150,42.77409,82.75,1.065,11.40,88.0,44.0,0.0
1788104758.3,0.00,706.0,0,0.260,0.000,0.0000,0,False,False,P,False,74.7,13.66,110150,42.77409,82.75,1.078,11.40,88.0,43.0,0.0
1788104758.5,0.00,706.8,0,0.260,0.000,0.0000,0,False,False,P,False,74.7,13.66,110150,42.77409,82.75,1.065,11.40,88.0,43.0,0.0
1788104758.7,0.00,708.2,0,0.260,0.000,0.0000,0,False,False,P,False,74.7,13.66,110150,42.77409,82.75,1.078,11.40,88.0,43.0,0.0
1788104758.9,0.00,706.5,0,0.260,0.000,0.0000,0,False,False,P,False,74.7,13.66,110150,42.77409,82.75,1.104,11.40,88.0,43.0,0.0
1788104759.1,0.00,707.8,0,0.260,0.000,0.0000,0,False,False,P,False,74.7,13.66,110150,42.77409,82.75,1.078,11.40,88.0,43.0,0.0
1788104759.3,0.00,708.5,0,0.260,0.000,0.0000,0,False,False,P,False,74.7,13.66,110150,42.77409,82.35,1.091,11.40,88.0,43.0,0.0
1788104759.5,0.00,705.5,0,0.260,0.000,0.0000,0,False,False,P,False,74.7,13.66,110150,42.77409,82.75,1.065,11.40,88.0,43.0,0.0
1788104759.7,0.00,706.2,0,0.260,0.000,0.0000,0,False,False,P,False,74.7,13.66,110150,42.77409,82.35,1.078,11.40,88.0,43.0,0.0
1788104759.9,0.00,705.2,0,0.260,0.000,0.0000,0,False,False,P,False,74.7,13.66,110150,42.77409,82.75,1.053,11.40,88.0,43.0,0.0
1788104760.1,0.00,702.5,0,0.260,0.000,0.0000,0,False,False,P,False,74.7,13.66,110150,42.77409,82.75,1.053,11.40,88.0,44.0,0.0
1788104760.3,0.00,703.0,0,0.260,0.000,0.0000,0,False,False,P,False,74.7,13.66,110150,42.77409,82.75,1.091,11.40,88.0,44.0,0.0
1788104760.5,0.00,701.8,0,0.260,0.000,0.0000,0,False,False,P,False,74.7,13.66,110150,42.77409,82.35,1.065,11.40,88.0,44.0,0.0
1788104760.7,0.00,701.5,0,0.260,0.000,0.0000,0,False,False,P,False,74.7,13.66,110150,42.77409,82.75,1.053,11.40,88.0,44.0,0.0
1788104760.9,0.00,700.5,0,0.260,0.000,0.0000,0,False,False,P,False,74.7,13.66,110150,42.77409,82.75,1.091,11.40,88.0,44.0,0.0
1788104761.1,0.00,703.0,0,0.260,0.000,0.0000,0,False,False,P,False,74.7,13.66,110150,42.77409,82.35,0.904,11.40,88.0,44.0,0.0
1788104761.3,0.00,688.5,0,0.260,0.000,0.0000,0,False,False,P,False,74.7,13.66,110150,42.77409,82.35,0.807,11.40,88.0,41.0,0.0
1788104761.5,0.00,744.2,0,0.260,0.000,0.0000,0,False,False,P,False,74.7,13.65,110150,42.77409,82.35,0.777,11.40,88.0,39.0,0.0
1788104761.7,0.00,748.0,0,0.260,0.000,0.0000,0,False,False,P,False,74.7,13.65,110150,42.77409,82.75,0.777,11.40,88.0,37.0,0.0
1788104761.9,0.00,746.8,0,0.260,0.000,0.0000,0,False,False,P,False,74.7,13.65,110150,42.77409,82.35,0.743,11.40,88.0,36.0,0.0
1788104762.1,0.00,741.2,0,0.260,0.000,0.0000,0,False,False,P,False,74.7,13.65,110150,42.77409,82.35,0.726,11.40,88.0,34.0,0.0
1788104762.3,0.00,735.2,0,0.260,0.000,0.0000,0,False,False,P,False,74.7,13.65,110150,42.77409,82.75,0.713,11.40,88.0,33.0,0.0
1788104762.5,0.00,724.5,0,0.260,0.000,0.0000,0,False,False,P,False,74.7,13.65,110150,42.77409,82.75,0.713,11.40,88.0,32.0,0.0
1788104762.7,0.00,711.8,0,0.260,0.000,0.0000,0,False,False,P,False,74.7,13.65,110150,42.77409,82.75,0.713,11.40,88.0,32.0,0.0
1788104763.0,0.00,707.2,0,0.260,0.000,0.0000,0,False,False,P,False,74.7,13.65,110150,42.77409,82.75,0.734,11.40,88.0,32.0,0.0
1788104763.2,0.00,699.8,0,0.260,0.000,0.0000,0,False,False,P,False,74.7,13.65,110150,42.77409,82.75,0.764,11.40,88.0,32.0,0.0
1788104763.4,0.00,700.0,0,0.260,0.000,0.0000,0,False,False,P,False,74.7,13.65,110150,42.77409,81.96,0.743,11.40,88.0,32.0,0.0
1788104763.6,0.00,700.2,0,0.260,0.000,0.0000,0,False,False,P,False,74.7,13.65,110150,42.77409,82.35,0.756,11.40,88.0,32.0,0.0
1788104763.8,0.00,702.2,0,0.260,0.000,0.0000,0,False,False,P,False,74.7,13.65,110150,42.77409,82.75,0.743,11.40,88.0,32.0,0.0
1788104764.0,0.00,706.8,0,0.260,0.000,0.0000,0,False,False,P,False,74.7,13.65,110150,42.77409,82.75,0.734,11.40,88.0,32.0,0.0
1788104764.2,0.00,707.2,0,0.260,0.000,0.0000,0,False,False,P,False,74.7,13.65,110150,42.77409,82.75,0.756,11.40,88.0,32.0,0.0
1788104764.4,0.00,709.2,0,0.260,0.000,0.0000,0,False,False,P,False,74.7,13.65,110150,42.77409,82.75,0.743,11.40,88.0,32.0,0.0
1788104764.6,0.00,711.5,0,0.260,0.000,0.0000,0,False,False,P,False,74.7,13.68,110150,42.77409,82.75,0.734,11.40,88.0,32.0,0.0
1788104764.8,0.00,710.8,0,0.260,0.000,0.0000,0,False,False,P,False,74.7,13.67,110150,42.77409,82.75,0.743,11.40,88.0,32.0,0.0
1788104765.0,0.00,711.2,0,0.260,0.000,0.0000,0,False,False,P,False,74.7,13.67,110150,42.77409,82.35,0.743,11.40,88.0,32.0,0.0
1788104765.2,0.00,709.8,0,0.260,0.000,0.0000,0,False,False,P,False,74.7,13.67,110150,42.77409,82.75,0.713,11.40,88.0,32.0,0.0
1788104765.4,0.00,709.8,0,0.260,0.000,0.0000,0,False,False,P,False,74.7,13.67,110150,42.77409,82.75,0.726,11.40,88.0,32.0,0.0
1788104765.6,0.00,710.8,0,0.260,0.000,0.0000,0,False,False,P,False,74.7,13.67,110150,42.77409,82.35,0.705,11.40,88.0,32.0,0.0
1788104765.8,0.00,710.2,0,0.260,0.000,0.0000,0,False,False,P,False,74.7,13.67,110150,42.77409,82.35,0.726,11.40,88.0,32.0,0.0
1788104766.0,0.00,705.0,0,0.260,0.000,0.0000,0,False,False,P,False,74.7,13.67,110150,42.77409,82.75,0.756,11.40,88.0,32.0,0.0
1788104766.2,0.00,707.5,0,0.260,0.000,0.0000,0,False,False,P,False,74.7,13.67,110150,42.77409,82.75,0.756,11.40,88.0,32.0,0.0
1788104766.4,0.00,702.5,0,0.260,0.000,0.0000,0,False,False,P,False,74.7,13.67,110150,42.77409,82.75,0.743,11.40,88.0,32.0,0.0
1788104766.6,0.00,706.0,0,0.260,0.000,0.0000,0,False,False,P,False,74.7,13.67,110150,42.77409,82.75,0.734,11.40,88.0,32.0,0.0
1788104766.8,0.00,705.8,0,0.260,0.000,0.0000,0,False,False,P,False,74.7,13.67,110150,42.77409,82.75,0.743,11.40,88.0,32.0,0.0
1788104767.0,0.00,707.5,0,0.260,0.000,0.0000,0,False,False,P,False,74.7,13.67,110150,42.77409,82.35,0.743,11.40,88.0,32.0,0.0
1788104767.2,0.00,704.0,0,0.260,0.000,0.0000,0,False,False,P,False,74.7,13.67,110150,42.77409,82.35,0.743,11.40,88.0,32.0,0.0
1788104767.4,0.00,707.0,0,0.260,0.000,0.0000,0,False,False,P,False,74.7,13.67,110150,42.77409,82.35,0.696,11.40,88.0,32.0,0.0
1788104767.6,0.00,703.2,0,0.260,0.000,0.0000,0,False,False,P,False,74.7,13.67,110150,42.77409,82.75,2.216,11.40,88.0,37.0,0.0
1788104767.8,0.00,787.5,0,0.260,0.000,0.0000,0,False,False,P,False,74.7,13.67,110150,42.77409,82.35,1.121,11.40,88.0,41.0,0.0
1788104768.0,0.00,769.5,0,0.260,0.000,0.0000,0,False,False,P,False,74.7,13.67,110150,42.77409,82.35,1.015,11.40,88.0,40.0,0.0
1788104768.2,0.00,756.0,0,0.260,0.000,0.0000,0,False,False,P,False,74.7,13.67,110150,42.77409,82.35,1.256,11.40,88.0,41.0,0.0
1788104768.4,0.00,750.2,0,0.260,0.000,0.0000,0,False,False,P,False,74.7,13.67,110150,42.77409,82.75,1.146,11.40,88.0,41.0,0.0
1788104768.7,0.00,742.8,0,0.260,0.000,0.0000,0,False,False,P,False,74.7,13.67,110150,42.77409,82.75,1.286,11.40,88.0,42.0,0.0
1788104768.9,0.00,742.8,0,0.260,0.000,0.0000,0,False,False,P,False,74.7,13.67,110150,42.77409,82.75,1.065,11.40,88.0,43.0,0.0
1788104769.1,0.00,740.5,0,0.260,0.000,0.0000,0,False,False,P,False,74.7,13.67,110150,42.77409,82.35,1.189,11.40,88.0,43.0,0.0
1788104769.3,0.00,739.8,0,0.260,0.000,0.0000,0,False,False,P,False,74.7,13.67,110150,42.77409,82.75,1.146,11.40,88.0,43.0,0.0
1788104769.5,0.00,733.2,0,0.260,0.000,0.0000,0,False,False,P,False,74.7,13.67,110150,42.77409,82.35,1.146,11.40,88.0,43.0,0.0
1788104769.7,0.00,727.8,0,0.260,0.000,0.0000,0,False,False,P,False,74.7,13.67,110150,42.77409,82.35,1.121,11.40,88.0,43.0,0.0
1788104769.9,0.00,724.8,0,0.260,0.000,0.0000,0,False,False,P,False,74.7,13.67,110150,42.77409,82.75,1.078,11.40,88.0,43.0,0.0
1788104770.1,0.00,719.2,0,0.260,0.000,0.0000,0,False,False,P,False,74.7,13.67,110150,42.77409,82.35,1.189,11.40,88.0,44.0,0.0
1788104770.3,0.00,716.5,0,0.260,0.000,0.0000,0,False,False,P,False,74.7,13.67,110150,42.77409,82.35,1.146,11.39,88.0,44.0,0.0
1788104770.5,0.00,715.0,0,0.260,0.000,0.0000,0,False,False,P,False,74.7,13.67,110150,42.77409,82.75,1.189,11.39,88.0,45.0,0.0
1788104770.7,0.00,720.0,0,0.260,0.000,0.0000,0,False,False,P,False,74.7,13.51,110150,42.77409,82.35,1.189,11.39,88.0,45.0,0.0
1788104770.9,0.00,723.2,0,0.260,0.000,0.0000,0,False,False,P,False,74.7,13.51,110150,42.77409,82.75,1.146,11.39,88.0,45.0,0.0
1788104771.1,0.00,727.8,0,0.260,0.000,0.0000,0,False,False,P,False,74.7,13.51,110150,42.77409,82.35,1.146,11.39,88.0,46.0,0.0
1788104771.3,0.00,733.0,0,0.260,0.000,0.0000,0,False,False,P,False,74.7,13.51,110150,42.77409,82.75,1.146,11.39,88.0,46.0,0.0
1788104771.5,0.00,739.5,0,0.260,0.000,0.0000,0,False,False,P,False,74.7,13.51,110150,42.77409,82.35,1.104,11.39,88.0,45.0,0.0
1788104771.7,0.00,739.2,0,0.260,0.000,0.0000,0,False,False,P,False,74.7,13.51,110150,42.77409,82.35,1.091,11.39,88.0,45.0,0.0
1788104771.9,0.00,737.2,0,0.260,0.000,0.0000,0,False,False,P,False,74.7,13.51,110150,42.77409,82.75,1.078,11.39,88.0,44.0,0.0
1788104772.1,0.00,733.2,0,0.260,0.000,0.0000,0,False,False,P,False,74.7,13.51,110150,42.77409,82.35,1.078,11.39,88.0,44.0,0.0
1788104772.3,0.00,728.0,0,0.260,0.000,0.0000,0,False,False,P,False,74.7,13.51,110150,42.77409,82.35,1.091,11.39,88.0,43.0,0.0
1788104772.5,0.00,724.5,0,0.260,0.000,0.0000,0,False,False,P,False,74.7,13.51,110150,42.77409,82.35,1.091,11.39,88.0,43.0,0.0
1788104772.7,0.00,721.2,0,0.260,0.000,0.0000,0,False,False,P,False,74.7,13.51,110150,42.77409,82.75,1.133,11.39,88.0,43.0,0.0
1788104772.9,0.00,716.5,0,0.260,0.000,0.0000,0,False,False,P,False,74.7,13.51,110150,42.77409,82.35,1.146,11.39,88.0,43.0,0.0
1788104773.1,0.00,714.2,0,0.260,0.000,0.0000,0,False,False,P,False,74.7,13.51,110150,42.77409,82.75,1.091,11.39,88.0,43.0,0.0
1788104773.3,0.00,714.0,0,0.260,0.000,0.0000,0,False,False,P,False,74.7,13.51,110150,42.77409,82.75,1.121,11.39,88.0,43.0,0.0
1788104773.5,0.00,716.5,0,0.260,0.000,0.0000,0,False,False,P,False,74.7,13.51,110150,42.77409,82.75,1.104,11.39,88.0,43.0,0.0
1788104773.7,0.00,717.0,0,0.260,0.000,0.0000,0,False,False,P,False,74.7,13.68,110150,42.77409,82.75,1.078,11.39,88.0,44.0,0.0
1788104773.9,0.00,713.2,0,0.260,0.000,0.0000,0,False,False,P,False,74.7,13.68,110150,42.77409,82.75,1.065,11.39,88.0,43.0,0.0
1788104774.1,0.00,708.5,0,0.260,0.000,0.0000,0,False,False,P,False,74.7,13.68,110150,42.77409,82.35,1.078,11.39,88.0,43.0,0.0
1788104774.3,0.00,708.0,0,0.260,0.000,0.0000,0,False,False,P,False,74.7,13.68,110150,42.77409,82.75,1.091,11.39,88.0,43.0,0.0
1788104774.5,0.00,707.5,0,0.260,0.000,0.0000,0,False,False,P,False,74.7,13.68,110150,42.77409,82.75,1.104,11.39,88.0,44.0,0.0
1788104774.7,0.00,708.5,0,0.260,0.000,0.0000,0,False,False,P,False,74.7,13.68,110150,42.77409,82.75,1.053,11.39,88.0,44.0,0.0
1788104775.0,0.00,706.2,0,0.260,0.000,0.0000,0,False,False,P,False,74.7,13.68,110150,42.77409,82.75,1.091,11.39,88.0,44.0,0.0
1788104775.2,0.00,708.0,0,0.260,0.000,0.0000,0,False,False,P,False,74.7,13.68,110150,42.77409,82.75,1.104,11.39,88.0,44.0,0.0
1788104775.4,0.00,711.5,0,0.260,0.000,0.0000,0,False,False,P,False,74.7,13.68,110150,42.77409,82.35,1.091,11.39,88.0,44.0,0.0
1788104775.6,0.00,713.5,0,0.260,0.000,0.0000,0,False,False,P,False,74.7,13.68,110150,42.77409,82.35,1.078,11.39,88.0,44.0,0.0
1788104775.8,0.00,715.2,0,0.260,0.000,0.0000,0,False,False,P,False,74.7,13.68,110150,42.77409,82.75,1.091,11.39,88.0,43.0,0.0
1788104776.0,0.00,712.5,0,0.260,0.000,0.0000,0,False,False,P,False,74.7,13.68,110150,42.77409,81.96,1.078,11.39,88.0,43.0,0.0
1788104776.2,0.00,708.2,0,0.260,0.000,0.0000,0,False,False,P,False,74.7,13.68,110150,42.77409,82.35,1.053,11.39,88.0,43.0,0.0
1788104776.4,0.00,707.0,0,0.260,0.000,0.0000,0,False,False,P,False,74.7,13.68,110150,42.77409,82.75,1.091,11.39,88.0,43.0,0.0
1788104776.6,0.00,705.2,0,0.260,0.000,0.0000,0,False,False,P,False,74.7,13.65,110150,42.77409,82.75,1.065,11.39,88.0,43.0,0.0
1788104776.8,0.00,702.2,0,0.260,0.000,0.0000,0,False,False,P,False,74.7,13.65,110150,42.77409,82.35,1.091,11.39,88.0,43.0,0.0
1788104777.0,0.00,699.2,0,0.260,0.000,0.0000,0,False,False,P,False,74.7,13.65,110150,42.77409,82.35,1.078,11.39,88.0,43.0,0.0
1788104777.2,0.00,698.2,0,0.260,0.000,0.0000,0,False,False,P,False,74.7,13.65,110150,42.77409,82.35,1.091,11.39,88.0,43.0,0.0
1788104777.4,0.00,699.2,0,0.260,0.000,0.0000,0,False,False,P,False,74.7,13.65,110150,42.77409,82.75,1.091,11.39,88.0,44.0,0.0
1788104777.6,0.00,700.2,0,0.260,0.000,0.0000,0,False,False,P,False,74.7,13.65,110150,42.77409,82.35,1.065,11.39,88.0,44.0,0.0
1788104777.8,0.00,703.5,0,0.260,0.000,0.0000,0,False,False,P,False,74.7,13.65,110150,42.77409,82.75,1.053,11.39,88.0,44.0,0.0
1788104778.0,0.00,703.8,0,0.260,0.000,0.0000,0,False,False,P,False,74.7,13.65,110150,42.77409,82.35,1.053,11.39,88.0,44.0,0.0
1788104778.2,0.00,707.5,0,0.260,0.000,0.0000,0,False,False,P,False,74.7,13.65,110150,42.77409,82.35,1.065,11.39,88.0,43.0,0.0
1788104778.4,0.00,705.0,0,0.260,0.000,0.0000,0,False,False,P,False,74.7,13.65,110150,42.77409,82.75,1.065,11.39,88.0,43.0,0.0
1788104778.6,0.00,705.2,0,0.260,0.000,0.0000,0,False,False,P,False,74.7,13.65,110150,42.77409,82.75,1.078,11.39,88.0,43.0,0.0
1788104778.8,0.00,705.5,0,0.260,0.000,0.0000,0,False,False,P,False,74.7,13.65,110150,42.77409,82.75,1.091,11.39,88.0,43.0,0.0
1788104779.0,0.00,704.2,0,0.260,0.000,0.0000,0,False,False,P,False,74.7,13.65,110150,42.77409,82.75,1.065,11.39,88.0,43.0,0.0
1788104779.2,0.00,703.8,0,0.260,0.000,0.0000,0,False,False,P,False,74.7,13.65,110150,42.77409,82.35,1.065,11.39,88.0,43.0,0.0
1788104779.4,0.00,707.8,0,0.260,0.000,0.0000,0,False,False,P,False,74.7,13.65,110150,42.77409,82.75,1.091,11.39,88.0,43.0,0.0
1788104779.6,0.00,705.8,0,0.260,0.000,0.0000,0,False,False,P,False,74.7,13.66,110150,42.77409,82.75,1.053,11.39,88.0,43.0,0.0
1788104779.8,0.00,703.8,0,0.260,0.000,0.0000,0,False,False,P,False,74.7,13.66,110150,42.77409,82.35,1.065,11.39,88.0,43.0,0.0
1788104780.0,0.00,700.0,0,0.260,0.000,0.0000,0,False,False,P,False,74.7,13.67,110150,42.77409,82.75,1.078,11.39,88.0,43.0,0.0
1788104780.2,0.00,697.5,0,0.260,0.000,0.0000,0,False,False,P,False,74.7,13.67,110150,42.77409,82.75,1.091,11.39,88.0,44.0,0.0
1788104780.4,0.00,697.0,0,0.260,0.000,0.0000,0,False,False,P,False,74.7,13.67,110150,42.77409,82.75,1.104,11.39,88.0,44.0,0.0
1788104780.6,0.00,695.5,0,0.260,0.000,0.0000,0,False,False,P,False,74.7,13.66,110150,42.77409,82.75,1.065,11.39,88.0,44.0,0.0
1788104780.8,0.00,696.8,0,0.260,0.000,0.0000,0,False,False,P,False,74.7,13.66,110150,42.77409,82.75,1.091,11.39,88.0,44.0,0.0
1788104781.1,0.00,699.8,0,0.260,0.000,0.0000,0,False,False,P,False,74.7,13.66,110150,42.77409,82.35,1.053,11.38,88.0,44.0,0.0
1788104781.3,0.00,703.0,0,0.260,0.000,0.0000,0,False,False,P,False,74.7,13.66,110150,42.77409,82.75,1.053,11.38,88.0,44.0,0.0
1788104781.5,0.00,705.8,0,0.260,0.000,0.0000,0,False,False,P,False,74.7,13.66,110150,42.77409,82.75,1.053,11.38,88.0,44.0,0.0
1788104781.7,0.00,707.5,0,0.260,0.000,0.0000,0,False,False,P,False,74.7,13.66,110150,42.77409,82.75,1.053,11.38,88.0,43.0,0.0
1788104781.9,0.00,709.0,0,0.260,0.000,0.0000,0,False,False,P,False,74.7,13.66,110150,42.77409,82.75,1.053,11.38,88.0,44.0,0.0
1788104782.1,0.00,710.0,0,0.260,0.000,0.0000,0,False,False,P,False,74.7,13.66,110150,42.77409,82.35,1.078,11.38,88.0,43.0,0.0
1788104782.3,0.00,707.2,0,0.260,0.000,0.0000,0,False,False,P,False,74.7,13.66,110150,42.77409,82.75,1.078,11.38,88.0,43.0,0.0
1788104782.5,0.00,705.2,0,0.260,0.000,0.0000,0,False,False,P,False,74.7,13.66,110150,42.77409,82.75,1.065,11.38,88.0,43.0,0.0
1788104782.7,0.00,703.0,0,0.260,0.000,0.0000,0,False,False,P,False,74.7,13.66,110150,42.77409,82.75,1.065,11.38,88.0,43.0,0.0
1788104782.9,0.00,700.5,0,0.260,0.000,0.0000,0,False,False,P,False,74.7,13.66,110150,42.77409,82.75,1.065,11.38,88.0,43.0,0.0
1788104783.1,0.00,697.5,0,0.260,0.000,0.0000,0,False,False,P,False,74.7,13.68,110150,42.77409,82.35,1.065,11.38,88.0,43.0,0.0
1788104783.3,0.00,698.0,0,0.260,0.000,0.0000,0,False,False,P,False,74.7,13.68,110150,42.77409,82.75,1.065,11.38,88.0,44.0,0.0
1788104783.5,0.00,699.2,0,0.260,0.000,0.0000,0,False,False,P,False,74.7,13.68,110150,42.77409,82.75,1.091,11.38,88.0,44.0,0.0
1788104783.7,0.00,697.8,0,0.260,0.000,0.0000,0,False,False,P,False,74.7,13.68,110150,42.77409,82.75,1.053,11.38,88.0,44.0,0.0
1788104783.9,0.00,699.8,0,0.260,0.000,0.0000,0,False,False,P,False,74.7,13.68,110150,42.77409,82.75,1.091,11.38,88.0,44.0,0.0
1788104784.1,0.00,705.0,0,0.260,0.000,0.0000,0,False,False,P,False,74.7,13.68,110150,42.77409,82.75,1.078,11.38,88.0,44.0,0.0
1788104784.3,0.00,707.0,0,0.260,0.000,0.0000,0,False,False,P,False,74.7,13.68,110150,42.77409,82.75,1.065,11.38,88.0,44.0,0.0
1788104784.5,0.00,706.2,0,0.260,0.000,0.0000,0,False,False,P,False,74.7,13.68,110150,42.77409,82.35,1.040,11.38,88.0,44.0,0.0
1788104784.7,0.00,705.8,0,0.260,0.000,0.0000,0,False,False,P,False,74.7,13.68,110150,42.77409,82.75,1.053,11.38,88.0,44.0,0.0
1788104784.9,0.00,705.8,0,0.260,0.000,0.0000,0,False,False,P,False,74.7,13.68,110150,42.77409,82.75,1.091,11.38,88.0,43.0,0.0
1788104785.1,0.00,705.8,0,0.260,0.000,0.0000,0,False,False,P,False,74.7,13.68,110150,42.77409,82.75,1.091,11.38,88.0,43.0,0.0
1788104785.3,0.00,703.2,0,0.260,0.000,0.0000,0,False,False,P,False,74.7,13.68,110150,42.77409,82.35,1.065,11.38,88.0,43.0,0.0
1788104785.5,0.00,702.5,0,0.260,0.000,0.0000,0,False,False,P,False,74.7,13.68,110150,42.77409,82.35,1.078,11.38,88.0,43.0,0.0
1788104785.7,0.00,699.5,0,0.260,0.000,0.0000,0,False,False,P,False,74.7,13.68,110150,42.77409,82.35,1.065,11.38,88.0,43.0,0.0
1788104785.9,0.00,698.2,0,0.260,0.000,0.0000,0,False,False,P,False,74.7,13.68,110150,42.77409,82.75,1.078,11.38,88.0,44.0,0.0
1788104786.1,0.00,699.5,0,0.260,0.000,0.0000,0,False,False,P,False,74.7,13.66,110150,42.77409,82.75,1.065,11.38,88.0,44.0,0.0
1788104786.3,0.00,699.8,0,0.260,0.000,0.0000,0,False,False,P,False,74.7,13.66,110150,42.77409,82.35,1.065,11.38,88.0,44.0,0.0
1788104786.5,0.00,702.5,0,0.260,0.000,0.0000,0,False,False,P,False,74.7,13.66,110150,42.77409,82.75,1.027,11.38,88.0,44.0,0.0
1788104786.7,0.00,699.5,0,0.260,0.000,0.0000,0,False,False,P,False,74.7,13.66,110150,42.77409,82.75,1.091,11.38,88.0,44.0,0.0
1788104787.0,0.00,699.2,0,0.260,0.000,0.0000,0,False,False,P,False,74.7,13.66,110150,42.77409,82.35,1.053,11.38,88.0,44.0,0.0
1788104787.2,0.00,701.2,0,0.260,0.000,0.0000,0,False,False,P,False,74.7,13.66,110150,42.77409,82.75,1.078,11.38,88.0,44.0,0.0
1788104787.4,0.00,702.5,0,0.260,0.000,0.0000,0,False,False,P,False,74.7,13.66,110150,42.77409,82.75,1.078,11.38,88.0,44.0,0.0
1788104787.6,0.00,703.0,0,0.260,0.000,0.0000,0,False,False,P,False,74.7,13.66,110150,42.77409,82.75,1.040,11.38,88.0,44.0,0.0
1788104787.8,0.00,706.0,0,0.260,0.000,0.0000,0,False,False,P,False,74.7,13.66,110150,42.77409,82.75,1.065,11.38,88.0,44.0,0.0
1788104788.0,0.00,708.0,0,0.260,0.000,0.0000,0,False,False,P,False,74.7,13.66,110150,42.77409,82.75,1.104,11.38,88.0,44.0,0.0
1788104788.2,0.00,707.2,0,0.260,0.000,0.0000,0,False,False,P,False,74.7,13.66,110150,42.77409,82.75,1.078,11.38,88.0,44.0,0.0
1788104788.4,0.00,708.5,0,0.260,0.000,0.0000,0,False,False,P,False,74.7,13.66,110150,42.77409,82.35,1.065,11.38,88.0,43.0,0.0
1788104788.6,0.00,705.5,0,0.260,0.000,0.0000,0,False,False,P,False,74.7,13.66,110150,42.77409,82.35,1.065,11.38,88.0,43.0,0.0
1788104788.8,0.00,705.2,0,0.260,0.000,0.0000,0,False,False,P,False,74.7,13.66,110150,42.77409,82.35,1.065,11.38,88.0,44.0,0.0
1788104789.0,0.00,702.0,0,0.260,0.000,0.0000,0,False,False,P,False,74.7,13.66,110150,42.77409,82.75,1.065,11.38,88.0,44.0,0.0
1788104789.2,0.00,702.0,0,0.260,0.000,0.0000,0,False,False,P,False,74.7,13.68,110150,42.77409,82.75,1.053,11.38,88.0,43.0,0.0
1788104789.4,0.00,700.0,0,0.260,0.000,0.0000,0,False,False,P,False,74.7,13.68,110150,42.77409,82.35,1.065,11.38,88.0,44.0,0.0
1788104789.6,0.00,699.2,0,0.260,0.000,0.0000,0,False,False,P,False,74.7,13.68,110150,42.77409,82.75,1.065,11.38,88.0,44.0,0.0
1788104789.8,0.00,699.2,0,0.260,0.000,0.0000,0,False,False,P,False,74.7,13.68,110150,42.77409,82.75,1.040,11.38,88.0,44.0,0.0
1788104790.0,0.00,698.2,0,0.260,0.000,0.0000,0,False,False,P,False,74.7,13.68,110150,42.77409,82.75,1.053,11.38,88.0,44.0,0.0
1788104790.2,0.00,696.5,0,0.260,0.000,0.0000,0,False,False,P,False,74.7,13.68,110150,42.77409,82.75,1.078,11.38,88.0,44.0,0.0
1788104790.4,0.00,697.0,0,0.260,0.000,0.0000,0,False,False,P,False,74.7,13.68,110150,42.77409,82.75,1.053,11.38,88.0,44.0,0.0
1788104790.6,0.00,698.8,0,0.260,0.000,0.0000,0,False,False,P,False,74.7,13.68,110150,42.77409,82.35,1.053,11.38,88.0,44.0,0.0
1788104790.8,0.00,700.5,0,0.260,0.000,0.0000,0,False,False,P,False,74.7,13.68,110150,42.77409,82.75,1.040,11.38,88.0,44.0,0.0
1788104791.0,0.00,701.0,0,0.260,0.000,0.0000,0,False,False,P,False,74.7,13.68,110150,42.77409,82.75,1.053,11.38,88.0,44.0,0.0
1788104791.2,0.00,702.5,0,0.260,0.000,0.0000,0,False,False,P,False,74.7,13.68,110150,42.77409,82.35,1.053,11.38,88.0,44.0,0.0
1788104791.4,0.00,703.8,0,0.260,0.000,0.0000,0,False,False,P,False,74.7,13.68,110150,42.77409,82.75,1.091,11.38,88.0,44.0,0.0
1788104793.1,0.00,700.5,0,0.260,0.000,0.0000,0,False,False,P,False,0.0,0.00,110150,42.77409,82.35,1.078,11.37,88.0,44.0,0.0
1788104793.3,0.00,700.0,0,0.260,0.000,0.0000,0,False,False,P,False,0.0,0.00,110150,42.77409,82.35,1.078,11.37,88.0,44.0,0.0
1788104793.5,0.00,700.2,0,0.260,0.000,0.0000,0,False,False,P,False,0.0,0.00,110150,42.77409,82.75,1.091,11.37,88.0,44.0,0.0
1788104793.7,0.00,698.2,0,0.260,0.000,0.0000,0,False,False,P,False,0.0,0.00,110150,42.77409,82.35,1.091,11.37,88.0,44.0,0.0
1788104793.9,0.00,698.2,0,0.260,0.000,0.0000,0,False,False,P,False,0.0,0.00,110150,42.77409,82.35,1.091,11.37,88.0,44.0,0.0
1788104794.1,0.00,704.2,0,0.260,0.000,0.0000,0,False,False,P,False,0.0,0.00,110150,42.77409,82.35,1.065,11.37,88.0,44.0,0.0
1788104794.3,0.00,706.0,0,0.260,0.000,0.0000,0,False,False,P,False,0.0,0.00,110150,42.77409,82.75,1.091,11.37,88.0,44.0,0.0
1788104794.5,0.00,707.8,0,0.260,0.000,0.0000,0,False,False,P,False,0.0,0.00,110150,42.77409,82.35,1.027,11.37,88.0,44.0,0.0
1788104794.8,0.00,705.5,0,0.260,0.000,0.0000,0,False,False,P,False,0.0,0.00,110150,42.77409,82.75,1.078,11.37,88.0,44.0,0.0
1788104795.0,0.00,702.0,0,0.260,0.000,0.0000,0,False,False,P,False,0.0,13.67,110150,42.77409,82.75,1.091,11.37,88.0,44.0,0.0
1788104795.2,0.00,701.2,0,0.260,0.000,0.0000,0,False,False,P,False,0.0,13.67,110150,42.77409,81.96,1.065,11.37,88.0,44.0,0.0
1788104795.4,0.00,701.8,0,0.260,0.000,0.0000,0,False,False,P,False,0.0,13.67,110150,42.77409,82.35,1.078,11.37,88.0,44.0,0.0
1788104795.6,0.00,702.5,0,0.260,0.000,0.0000,0,False,False,P,False,0.0,13.67,110150,42.77409,82.75,1.078,11.37,88.0,44.0,0.0
1788104795.8,0.00,699.8,0,0.260,0.000,0.0000,0,False,False,P,False,0.0,13.67,110150,42.77409,82.35,1.104,11.37,88.0,44.0,0.0
1788104796.0,0.00,698.5,0,0.260,0.000,0.0000,0,False,False,P,False,0.0,13.67,110150,42.77409,82.75,1.078,11.37,88.0,44.0,0.0
1788104796.2,0.00,700.8,0,0.260,0.000,0.0000,0,False,False,P,False,0.0,13.67,110150,42.77409,82.75,1.078,11.37,88.0,44.0,0.0
1788104796.4,0.00,701.8,0,0.260,0.000,0.0000,0,False,False,P,False,0.0,13.67,110150,42.77409,82.75,1.065,11.37,88.0,44.0,0.0
1788104796.6,0.00,704.0,0,0.260,0.000,0.0000,0,False,False,P,False,0.0,13.67,110150,42.77409,82.35,1.053,11.37,88.0,44.0,0.0
1788104796.8,0.00,704.2,0,0.260,0.000,0.0000,0,False,False,P,False,0.0,13.67,110150,42.77409,82.75,1.053,11.37,88.0,44.0,0.0
1788104797.0,0.00,705.8,0,0.260,0.000,0.0000,0,False,False,P,False,74.7,13.67,110150,42.77409,82.75,1.078,11.37,88.0,44.0,0.0
1788104797.2,0.00,705.0,0,0.260,0.000,0.0000,0,False,False,P,False,74.7,13.67,110150,42.77409,82.75,1.091,11.37,88.0,44.0,0.0
1788104797.4,0.00,705.5,0,0.260,0.000,0.0000,0,False,False,P,False,74.7,13.67,110150,42.77409,82.35,1.065,11.37,88.0,44.0,0.0
1788104797.6,0.00,706.0,0,0.260,0.000,0.0000,0,False,False,P,False,74.7,13.67,110150,42.77409,82.75,1.091,11.37,88.0,44.0,0.0
1788104797.8,0.00,705.0,0,0.260,0.000,0.0000,0,False,False,P,False,74.7,13.67,110150,42.77409,82.75,1.065,11.37,88.0,44.0,0.0
1788104798.0,0.00,703.2,0,0.260,0.000,0.0000,0,False,False,P,False,74.7,13.67,110150,42.77409,82.35,1.065,11.37,88.0,44.0,0.0
1788104798.2,0.00,701.2,0,0.260,0.000,0.0000,0,False,False,P,False,74.7,13.67,110150,42.77409,82.35,1.065,11.37,88.0,44.0,0.0
1788104798.4,0.00,698.0,0,0.260,0.000,0.0000,0,False,False,P,False,74.7,13.67,110150,42.77409,82.75,1.078,11.37,88.0,44.0,0.0
1788104798.6,0.00,698.8,0,0.260,0.000,0.0000,0,False,False,P,False,74.7,13.67,110150,42.77409,82.75,1.065,11.37,88.0,44.0,0.0
1788104798.8,0.00,699.2,0,0.260,0.000,0.0000,0,False,False,P,False,74.7,13.67,110150,42.77409,82.75,1.053,11.37,88.0,44.0,0.0
1788104799.0,0.00,698.5,0,0.260,0.000,0.0000,0,False,False,P,False,74.7,13.67,110150,42.77409,82.75,1.078,11.37,88.0,44.0,0.0
1788104799.2,0.00,700.2,0,0.260,0.000,0.0000,0,False,False,P,False,74.7,13.67,110150,42.77409,82.35,1.065,11.37,88.0,44.0,0.0
1788104799.4,0.00,703.8,0,0.260,0.000,0.0000,0,False,False,P,False,74.7,13.67,110150,42.77409,82.75,1.091,11.37,88.0,44.0,0.0
1788104799.6,0.00,704.5,0,0.260,0.000,0.0000,0,False,False,P,False,74.7,13.67,110150,42.77409,82.75,1.078,11.37,88.0,44.0,0.0
1788104799.8,0.00,707.2,0,0.260,0.000,0.0000,0,False,False,P,False,74.7,13.67,110150,42.77409,82.75,1.053,11.37,88.0,44.0,0.0
1788104800.0,0.00,708.5,0,0.260,0.000,0.0000,0,False,False,P,False,74.7,13.67,110150,42.77409,82.75,0.815,11.37,88.0,42.0,0.0
1788104800.2,0.00,691.0,0,0.260,0.000,0.0000,0,False,False,P,False,74.7,13.67,110150,42.77409,82.75,0.777,11.37,88.0,41.0,0.0
1788104800.4,0.00,741.8,0,0.260,0.000,0.0000,0,False,False,P,False,74.7,13.67,110150,42.77409,82.35,0.785,11.37,88.0,39.0,0.0
1788104800.6,0.00,747.0,0,0.260,0.000,0.0000,0,False,False,P,False,74.7,13.67,110150,42.77409,82.35,0.764,11.37,88.0,37.0,0.0
1788104800.8,0.00,748.2,0,0.260,0.000,0.0000,0,False,False,P,False,74.7,13.67,110150,42.77409,82.35,0.743,11.37,88.0,36.0,0.0
1788104801.1,0.00,739.5,0,0.260,0.000,0.0000,0,False,False,P,False,73.8,13.67,110150,42.77409,82.75,0.705,11.37,88.0,34.0,0.0
1788104801.3,0.00,733.5,0,0.260,0.000,0.0000,0,False,False,P,False,73.8,13.67,110150,42.77409,82.75,0.713,11.37,88.0,33.0,0.0
1788104801.5,0.00,727.2,0,0.260,0.000,0.0000,0,False,False,P,False,73.8,13.67,110150,42.77409,82.75,0.734,11.37,88.0,32.0,0.0
1788104801.7,0.00,714.0,0,0.260,0.000,0.0000,0,False,False,P,False,73.8,13.67,110150,42.77409,82.75,0.743,11.37,88.0,32.0,0.0
1788104801.9,0.00,706.0,0,0.260,0.000,0.0000,0,False,False,P,False,73.8,13.67,110150,42.77409,82.75,0.756,11.37,88.0,32.0,0.0
1788104802.1,0.00,705.2,0,0.260,0.000,0.0000,0,False,False,P,False,73.8,13.67,110150,42.77409,82.75,0.734,11.37,88.0,32.0,0.0
1788104802.3,0.00,701.2,0,0.260,0.000,0.0000,0,False,False,P,False,73.8,13.67,110150,42.77409,82.75,0.756,11.37,88.0,32.0,0.0
1788104802.5,0.00,702.0,0,0.260,0.000,0.0000,0,False,False,P,False,73.8,13.67,110150,42.77409,82.35,0.764,11.37,88.0,32.0,0.0
1788104802.7,0.00,703.5,0,0.260,0.000,0.0000,0,False,False,P,False,73.8,13.67,110150,42.77409,82.75,0.743,11.37,88.0,32.0,0.0
1788104802.9,0.00,705.2,0,0.260,0.000,0.0000,0,False,False,P,False,73.8,13.67,110150,42.77409,82.35,0.743,11.37,88.0,32.0,0.0
1788104803.1,0.00,708.8,0,0.260,0.000,0.0000,0,False,False,P,False,73.8,13.67,110150,42.77409,82.75,0.743,11.37,88.0,32.0,0.0
1788104803.3,0.00,711.0,0,0.260,0.000,0.0000,0,False,False,P,False,73.8,13.67,110150,42.77409,82.75,0.743,11.37,88.0,32.0,0.0
1788104803.5,0.00,712.8,0,0.260,0.000,0.0000,0,False,False,P,False,73.8,13.67,110150,42.77409,82.75,0.734,11.37,88.0,32.0,0.0
1788104803.7,0.00,710.5,0,0.260,0.000,0.0000,0,False,False,P,False,73.8,13.67,110150,42.77409,82.35,0.734,11.37,88.0,32.0,0.0
1788104803.9,0.00,707.8,0,0.260,0.000,0.0000,0,False,False,P,False,73.8,13.67,110150,42.77409,82.35,0.734,11.37,88.0,32.0,0.0
1788104804.1,0.00,708.0,0,0.260,0.000,0.0000,0,False,False,P,False,73.8,13.67,110150,42.77409,82.75,0.726,11.37,88.0,32.0,0.0
1788104804.3,0.00,710.2,0,0.260,0.000,0.0000,0,False,False,P,False,73.8,13.67,110150,42.77409,82.75,0.734,11.36,88.0,32.0,0.0
1788104804.5,0.00,708.0,0,0.260,0.000,0.0000,0,False,False,P,False,73.8,13.67,110150,42.77409,82.35,0.713,11.36,88.0,32.0,0.0
1788104804.7,0.00,709.2,0,0.260,0.000,0.0000,0,False,False,P,False,73.8,13.67,110150,42.77409,82.35,0.756,11.36,88.0,32.0,0.0
1788104804.9,0.00,707.8,0,0.260,0.000,0.0000,0,False,False,P,False,73.8,13.67,110150,42.77409,82.35,0.726,11.36,88.0,32.0,0.0
1788104805.1,0.00,704.8,0,0.260,0.000,0.0000,0,False,False,P,False,73.8,13.69,110150,42.77409,82.75,0.743,11.36,88.0,32.0,0.0
1788104805.3,0.00,703.2,0,0.260,0.000,0.0000,0,False,False,P,False,73.8,13.69,110150,42.77409,82.35,0.713,11.36,88.0,32.0,0.0
1788104805.5,0.00,704.2,0,0.260,0.000,0.0000,0,False,False,P,False,73.8,13.69,110150,42.77409,82.75,0.734,11.36,88.0,32.0,0.0
1788104805.7,0.00,701.8,0,0.260,0.000,0.0000,0,False,False,P,False,73.8,13.69,110150,42.77409,82.75,0.743,11.36,88.0,32.0,0.0
1788104805.9,0.00,700.5,0,0.260,0.000,0.0000,0,False,False,P,False,73.8,13.69,110150,42.77409,82.35,0.734,11.36,88.0,32.0,0.0
1788104806.1,0.00,705.2,0,0.260,0.000,0.0000,0,False,False,P,False,73.8,13.69,110150,42.77409,82.35,0.734,11.36,88.0,32.0,0.0
1788104806.3,0.00,708.5,0,0.260,0.000,0.0000,0,False,False,P,False,73.8,13.69,110150,42.77409,82.75,0.705,11.36,88.0,32.0,0.0
1788104806.5,0.00,708.0,0,0.260,0.000,0.0000,0,False,False,P,False,73.8,13.69,110150,42.77409,82.75,0.726,11.36,88.0,32.0,0.0
1788104806.7,0.00,711.2,0,0.260,0.000,0.0000,0,False,False,P,False,73.8,13.69,110150,42.77409,82.35,0.726,11.36,88.0,32.0,0.0
1788104807.0,0.00,708.0,0,0.260,0.000,0.0000,0,False,False,P,False,73.8,13.69,110150,42.77409,82.75,1.745,11.36,88.0,33.0,0.0
1788104807.2,0.00,770.0,0,0.260,0.000,0.0000,0,False,False,P,False,73.8,13.69,110150,42.77409,82.35,1.214,11.36,88.0,38.0,0.0
1788104807.4,0.00,746.8,0,0.260,0.000,0.0000,0,False,False,P,False,73.8,13.69,110150,42.77409,82.35,1.027,11.36,88.0,39.0,0.0
1788104807.6,0.00,742.2,0,0.260,0.000,0.0000,0,False,False,P,False,73.8,13.69,110150,42.77409,82.35,1.146,11.36,88.0,40.0,0.0
1788104807.8,0.00,738.0,0,0.260,0.000,0.0000,0,False,False,P,False,73.8,13.69,110150,42.77409,82.75,1.040,11.36,88.0,41.0,0.0
1788104808.0,0.00,730.2,0,0.260,0.000,0.0000,0,False,False,P,False,73.8,13.69,110150,42.77409,82.35,1.133,11.36,88.0,42.0,0.0
1788104808.2,0.00,731.8,0,0.260,0.000,0.0000,0,False,False,P,False,73.8,13.27,110150,42.77409,82.35,1.104,11.36,88.0,42.0,0.0
1788104808.4,0.00,731.8,0,0.260,0.000,0.0000,0,False,False,P,False,73.8,13.27,110150,42.77409,82.75,1.078,11.36,88.0,43.0,0.0
1788104808.6,0.00,732.0,0,0.260,0.000,0.0000,0,False,False,P,False,73.8,13.27,110150,42.77409,82.75,1.133,11.36,88.0,43.0,0.0
1788104808.8,0.00,729.2,0,0.260,0.000,0.0000,0,False,False,P,False,73.8,13.27,110150,42.77409,82.35,1.065,11.36,88.0,43.0,0.0
1788104809.0,0.00,722.8,0,0.260,0.000,0.0000,0,False,False,P,False,73.8,13.27,110150,42.77409,82.75,1.091,11.36,88.0,43.0,0.0
1788104809.2,0.00,719.5,0,0.260,0.000,0.0000,0,False,False,P,False,73.8,13.27,110150,42.77409,82.75,1.146,11.36,88.0,44.0,0.0
1788104809.4,0.00,714.8,0,0.260,0.000,0.0000,0,False,False,P,False,73.8,13.27,110150,42.77409,82.75,1.133,11.36,88.0,44.0,0.0
1788104809.6,0.00,710.5,0,0.260,0.000,0.0000,0,False,False,P,False,73.8,13.27,110150,42.77409,82.35,1.146,11.36,88.0,44.0,0.0
1788104809.8,0.00,709.8,0,0.260,0.000,0.0000,0,False,False,P,False,73.8,13.27,110150,42.77409,82.35,1.172,11.36,88.0,45.0,0.0
1788104810.0,0.00,714.8,0,0.260,0.000,0.0000,0,False,False,P,False,73.8,13.27,110150,42.77409,82.35,1.172,11.36,88.0,45.0,0.0
1788104810.2,0.00,724.2,0,0.260,0.000,0.0000,0,False,False,P,False,73.8,13.27,110150,42.77409,82.35,1.214,11.36,88.0,46.0,0.0
1788104810.4,0.00,730.0,0,0.260,0.000,0.0000,0,False,False,P,False,73.8,13.27,110150,42.77409,82.35,1.159,11.36,88.0,46.0,0.0
1788104810.6,0.00,738.5,0,0.260,0.000,0.0000,0,False,False,P,False,73.8,13.27,110150,42.77409,82.75,1.159,11.36,88.0,46.0,0.0
1788104810.8,0.00,742.2,0,0.260,0.000,0.0000,0,False,False,P,False,73.8,13.27,110150,42.77409,82.35,1.091,11.36,88.0,45.0,0.0
1788104811.0,0.00,741.8,0,0.260,0.000,0.0000,0,False,False,P,False,73.8,13.27,110150,42.77409,82.75,1.091,11.36,88.0,44.0,0.0
1788104811.2,0.00,736.2,0,0.260,0.000,0.0000,0,False,False,P,False,73.8,13.27,110150,42.77409,82.75,1.078,11.36,88.0,44.0,0.0
1788104811.4,0.00,731.5,0,0.260,0.000,0.0000,0,False,False,P,False,73.8,13.71,110150,42.77409,82.35,1.065,11.36,88.0,43.0,0.0
1788104811.6,0.00,724.8,0,0.260,0.000,0.0000,0,False,False,P,False,73.8,13.71,110150,42.77409,82.75,1.078,11.36,88.0,43.0,0.0
1788104811.8,0.00,718.0,0,0.260,0.000,0.0000,0,False,False,P,False,73.8,13.71,110150,42.77409,82.35,1.078,11.36,88.0,43.0,0.0
1788104812.0,0.00,710.8,0,0.260,0.000,0.0000,0,False,False,P,False,73.8,13.71,110150,42.77409,82.75,1.133,11.36,88.0,43.0,0.0
1788104813.7,0.00,718.0,0,0.260,0.000,0.0000,0,False,False,P,False,0.0,0.00,110150,42.77409,82.75,0.898,11.36,88.0,43.0,0.0
1788104813.9,0.00,716.0,0,0.260,0.000,0.0000,0,False,False,P,False,0.0,0.00,110150,42.77409,82.35,0.898,11.36,88.0,43.0,0.0
1788104814.1,0.00,711.8,0,0.260,0.000,0.0000,0,False,False,P,False,0.0,0.00,110150,42.77409,82.35,0.887,11.36,88.0,43.0,0.0
1788104814.3,0.00,712.0,0,0.260,0.000,0.0000,0,False,False,P,False,0.0,0.00,110150,42.77409,82.35,0.887,11.36,88.0,43.0,0.0
1788104814.6,0.00,709.2,0,0.260,0.000,0.0000,0,False,False,P,False,0.0,0.00,110150,42.77409,82.75,0.898,11.36,88.0,43.0,0.0
1788104814.8,0.00,707.0,0,0.260,0.000,0.0000,0,False,False,P,False,0.0,0.00,110150,42.77409,82.35,0.898,11.36,88.0,43.0,0.0
1788104815.0,0.00,703.8,0,0.260,0.000,0.0000,0,False,False,P,False,0.0,0.00,110150,42.77409,82.35,0.898,11.36,88.0,43.0,0.0
1788104815.2,0.00,702.8,0,0.260,0.000,0.0000,0,False,False,P,False,0.0,0.00,110150,42.77409,82.75,0.898,11.36,88.0,43.0,0.0
1788104815.4,0.00,703.5,0,0.260,0.000,0.0000,0,False,False,P,False,0.0,0.00,110150,42.77409,82.75,0.898,11.36,88.0,44.0,0.0
1788104815.6,0.00,705.2,0,0.260,0.000,0.0000,0,False,False,P,False,0.0,13.69,110150,42.77409,82.75,0.877,11.36,88.0,44.0,0.0
1788104815.8,0.00,706.8,0,0.260,0.000,0.0000,0,False,False,P,False,0.0,13.69,110150,42.77409,82.75,0.877,11.36,88.0,44.0,0.0
1788104816.0,0.00,706.5,0,0.260,0.000,0.0000,0,False,False,P,False,0.0,13.69,110150,42.77409,82.75,0.887,11.36,88.0,44.0,0.0
1788104816.2,0.00,706.5,0,0.260,0.000,0.0000,0,False,False,P,False,0.0,13.69,110150,42.77409,82.75,0.887,11.36,88.0,43.0,0.0
1788104816.4,0.00,706.8,0,0.260,0.000,0.0000,0,False,False,P,False,0.0,13.69,110150,42.77409,82.75,0.866,11.36,88.0,43.0,0.0
1788104816.6,0.00,707.8,0,0.260,0.000,0.0000,0,False,False,P,False,0.0,13.68,110150,42.77409,82.75,0.877,11.36,88.0,43.0,0.0
1788104816.8,0.00,708.0,0,0.260,0.000,0.0000,0,False,False,P,False,0.0,13.68,110150,42.77409,82.35,0.908,11.35,88.0,43.0,0.0
1788104817.0,0.00,709.5,0,0.260,0.000,0.0000,0,False,False,P,False,0.0,13.68,110150,42.77409,82.35,0.877,11.35,88.0,43.0,0.0
1788104817.2,0.00,709.2,0,0.260,0.000,0.0000,0,False,False,P,False,0.0,13.68,110150,42.77409,82.35,0.877,11.35,88.0,43.0,0.0
1788104817.4,0.00,705.5,0,0.260,0.000,0.0000,0,False,False,P,False,0.0,13.68,110150,42.77409,82.75,0.887,11.35,88.0,43.0,0.0
1788104817.6,0.00,704.5,0,0.260,0.000,0.0000,0,False,False,P,False,0.0,13.69,110150,42.77409,82.35,0.898,11.35,88.0,43.0,0.0
1788104817.8,0.00,700.8,0,0.260,0.000,0.0000,0,False,False,P,False,0.0,13.69,110150,42.77409,82.75,0.887,11.35,88.0,43.0,0.0
1788104818.0,0.00,703.0,0,0.260,0.000,0.0000,0,False,False,P,False,0.0,13.69,110150,42.77409,81.96,0.908,11.35,88.0,43.0,0.0
1788104818.2,0.00,701.5,0,0.260,0.000,0.0000,0,False,False,P,False,0.0,13.69,110150,42.77409,82.75,0.877,11.35,88.0,43.0,0.0
1788104818.4,0.00,702.5,0,0.260,0.000,0.0000,0,False,False,P,False,0.0,13.69,110150,42.77409,82.35,0.887,11.35,88.0,43.0,0.0
1788104818.6,0.00,704.0,0,0.260,0.000,0.0000,0,False,False,P,False,0.0,13.69,110150,42.77409,82.75,0.877,11.35,88.0,43.0,0.0
1788104818.8,0.00,702.0,0,0.260,0.000,0.0000,0,False,False,P,False,0.0,13.69,110150,42.77409,82.75,0.856,11.35,88.0,43.0,0.0
1788104819.0,0.00,700.0,0,0.260,0.000,0.0000,0,False,False,P,False,0.0,13.69,110150,42.77409,82.35,0.877,11.35,88.0,43.0,0.0
1788104819.2,0.00,702.2,0,0.260,0.000,0.0000,0,False,False,P,False,0.0,13.69,110150,42.77409,82.75,0.887,11.35,88.0,43.0,0.0
1788104819.4,0.00,704.0,0,0.260,0.000,0.0000,0,False,False,P,False,0.0,13.69,110150,42.77409,82.75,0.887,11.35,88.0,43.0,0.0
1788104819.6,0.00,705.5,0,0.260,0.000,0.0000,0,False,False,P,False,0.0,13.70,110150,42.77409,82.75,0.877,11.35,88.0,43.0,0.0
1788104819.8,0.00,706.0,0,0.260,0.000,0.0000,0,False,False,P,False,0.0,13.70,110150,42.77409,82.75,0.856,11.35,88.0,43.0,0.0
1788104820.0,0.00,704.8,0,0.260,0.000,0.0000,0,False,False,P,False,0.0,13.70,110150,42.77409,82.75,0.887,11.35,88.0,43.0,0.0
1788104820.2,0.00,706.0,0,0.260,0.000,0.0000,0,False,False,P,False,0.0,13.70,110150,42.77409,82.35,0.908,11.35,88.0,43.0,0.0
1788104820.4,0.00,706.5,0,0.260,0.000,0.0000,0,False,False,P,False,0.0,13.70,110150,42.77409,82.75,0.866,11.35,88.0,43.0,0.0
1788104820.6,0.00,708.5,0,0.260,0.000,0.0000,0,False,False,P,False,0.0,13.70,110150,42.77409,82.35,0.877,11.35,88.0,43.0,0.0
1788104820.8,0.00,706.2,0,0.260,0.000,0.0000,0,False,False,P,False,0.0,13.70,110150,42.77409,82.75,0.887,11.35,88.0,43.0,0.0
1788104821.0,0.00,709.5,0,0.260,0.000,0.0000,0,False,False,P,False,0.0,13.70,110150,42.77409,82.35,0.887,11.35,88.0,43.0,0.0
1788104821.3,0.00,704.8,0,0.260,0.000,0.0000,0,False,False,P,False,0.0,13.70,110150,42.77409,82.35,0.866,11.35,88.0,43.0,0.0
1788104821.5,0.00,705.2,0,0.260,0.000,0.0000,0,False,False,P,False,73.8,13.70,110150,42.77409,82.75,0.856,11.35,88.0,43.0,0.0
1788104821.7,0.00,701.5,0,0.260,0.000,0.0000,0,False,False,P,False,73.8,13.70,110150,42.77409,82.75,0.866,11.35,88.0,43.0,0.0
1788104821.9,0.00,701.0,0,0.260,0.000,0.0000,0,False,False,P,False,73.8,13.70,110150,42.77409,82.75,0.866,11.35,88.0,43.0,0.0
1788104822.1,0.00,698.8,0,0.260,0.000,0.0000,0,False,False,P,False,73.8,13.70,110150,42.77409,82.75,0.866,11.35,88.0,43.0,0.0
1788104822.3,0.00,698.8,0,0.260,0.000,0.0000,0,False,False,P,False,73.8,13.70,110150,42.77409,82.35,0.877,11.35,88.0,43.0,0.0
1788104822.5,0.00,699.0,0,0.260,0.000,0.0000,0,False,False,P,False,73.8,13.70,110150,42.77409,82.75,0.866,11.35,88.0,43.0,0.0
1788104822.7,0.00,700.5,0,0.260,0.000,0.0000,0,False,False,P,False,73.8,13.70,110150,42.77409,82.75,0.866,11.35,88.0,43.0,0.0
1788104822.9,0.00,701.5,0,0.260,0.000,0.0000,0,False,False,P,False,73.8,13.70,110150,42.77409,82.75,0.898,11.35,88.0,44.0,0.0
1788104823.1,0.00,704.2,0,0.260,0.000,0.0000,0,False,False,P,False,73.8,13.70,110150,42.77409,82.75,0.866,11.35,88.0,43.0,0.0
1788104823.3,0.00,703.5,0,0.260,0.000,0.0000,0,False,False,P,False,73.8,13.70,110150,42.77409,82.75,0.866,11.35,88.0,43.0,0.0
1788104823.5,0.00,707.2,0,0.260,0.000,0.0000,0,False,False,P,False,73.8,13.69,110150,42.77409,82.75,0.866,11.35,88.0,43.0,0.0
1788104823.7,0.00,708.2,0,0.260,0.000,0.0000,0,False,False,P,False,73.8,13.69,110150,42.77409,82.75,0.887,11.35,88.0,43.0,0.0
1788104823.9,0.00,708.8,0,0.260,0.000,0.0000,0,False,False,P,False,73.8,13.69,110150,42.77409,82.35,0.866,11.35,88.0,43.0,0.0
1788104824.1,0.00,707.8,0,0.260,0.000,0.0000,0,False,False,P,False,73.8,13.69,110150,42.77409,82.75,0.866,11.35,88.0,43.0,0.0
1788104824.3,0.00,705.8,0,0.260,0.000,0.0000,0,False,False,P,False,73.8,13.69,110150,42.77409,82.75,0.887,11.35,88.0,43.0,0.0
1788104824.5,0.00,703.2,0,0.260,0.000,0.0000,0,False,False,P,False,73.8,13.69,110150,42.77409,82.75,0.877,11.35,88.0,43.0,0.0
1788104824.7,0.00,702.0,0,0.260,0.000,0.0000,0,False,False,P,False,73.8,13.69,110150,42.77409,82.35,0.846,11.35,88.0,43.0,0.0
1788104824.9,0.00,699.0,0,0.260,0.000,0.0000,0,False,False,P,False,73.8,13.69,110150,42.77409,82.75,0.898,11.35,88.0,43.0,0.0
1788104825.1,0.00,698.8,0,0.260,0.000,0.0000,0,False,False,P,False,73.8,13.69,110150,42.77409,82.35,0.877,11.35,88.0,43.0,0.0
1788104825.3,0.00,697.5,0,0.260,0.000,0.0000,0,False,False,P,False,73.8,13.69,110150,42.77409,82.75,0.877,11.35,88.0,43.0,0.0
1788104825.5,0.00,700.5,0,0.260,0.000,0.0000,0,False,False,P,False,73.8,13.69,110150,42.77409,82.75,0.877,11.35,88.0,44.0,0.0
1788104825.7,0.00,702.8,0,0.260,0.000,0.0000,0,False,False,P,False,73.8,13.69,110150,42.77409,82.35,0.866,11.35,88.0,44.0,0.0
1788104825.9,0.00,706.0,0,0.260,0.000,0.0000,0,False,False,P,False,73.8,13.69,110150,42.77409,82.75,0.866,11.35,88.0,43.0,0.0
1788104826.1,0.00,707.2,0,0.260,0.000,0.0000,0,False,False,P,False,73.8,13.69,110150,42.77409,82.75,0.866,11.35,88.0,43.0,0.0
1788104826.3,0.00,705.2,0,0.260,0.000,0.0000,0,False,False,P,False,73.8,13.69,110150,42.77409,82.75,0.887,11.35,88.0,43.0,0.0
1788104826.5,0.00,704.2,0,0.260,0.000,0.0000,0,False,False,P,False,73.8,13.69,110150,42.77409,82.75,0.866,11.35,88.0,43.0,0.0
1788104826.7,0.00,704.8,0,0.260,0.000,0.0000,0,False,False,P,False,73.8,13.69,110150,42.77409,82.75,0.877,11.35,88.0,43.0,0.0
1788104827.0,0.00,704.5,0,0.260,0.000,0.0000,0,False,False,P,False,73.8,13.69,110150,42.77409,82.75,0.887,11.35,88.0,43.0,0.0
1788104827.2,0.00,706.0,0,0.260,0.000,0.0000,0,False,False,P,False,73.8,13.69,110150,42.77409,82.35,0.877,11.35,88.0,43.0,0.0
1788104827.4,0.00,703.8,0,0.260,0.000,0.0000,0,False,False,P,False,73.8,13.69,110150,42.77409,82.35,0.755,11.35,88.0,43.0,0.0
1788104827.6,0.00,694.2,0,0.260,0.000,0.0000,0,False,False,P,False,73.8,13.69,110150,42.77409,82.75,0.646,11.35,88.0,42.0,0.0
1788104827.8,0.00,733.8,0,0.260,0.000,0.0000,0,False,False,P,False,73.8,13.69,110150,42.77409,82.35,0.653,11.35,88.0,40.0,0.0
1788104828.0,0.00,747.5,0,0.260,0.000,0.0000,0,False,False,P,False,73.8,13.69,110150,42.77409,82.35,0.629,11.35,88.0,38.0,0.0
1788104828.2,0.00,746.0,0,0.260,0.000,0.0000,0,False,False,P,False,73.8,13.69,110150,42.77409,82.75,0.622,11.35,88.0,37.0,0.0
1788104828.4,0.00,743.8,0,0.260,0.000,0.0000,0,False,False,P,False,73.8,13.69,110150,42.77409,82.35,0.597,11.35,88.0,35.0,0.0
1788104828.6,0.00,731.8,0,0.260,0.000,0.0000,0,False,False,P,False,73.8,13.69,110150,42.77409,82.35,0.587,11.35,88.0,33.0,0.0
1788104828.8,0.00,722.2,0,0.260,0.000,0.0000,0,False,False,P,False,73.8,13.69,110150,42.77409,82.75,0.597,11.35,88.0,32.0,0.0
1788104829.0,0.00,714.0,0,0.260,0.000,0.0000,0,False,False,P,False,73.8,13.66,110150,42.77409,82.75,0.597,11.35,88.0,32.0,0.0
1788104829.2,0.00,710.8,0,0.260,0.000,0.0000,0,False,False,P,False,73.8,13.66,110150,42.77409,82.75,0.611,11.35,88.0,32.0,0.0
1788104829.4,0.00,706.2,0,0.260,0.000,0.0000,0,False,False,P,False,73.8,13.66,110150,42.77409,82.75,0.622,11.35,88.0,32.0,0.0
1788104829.6,0.00,702.5,0,0.260,0.000,0.0000,0,False,False,P,False,73.8,13.66,110150,42.77409,82.35,0.622,11.35,88.0,32.0,0.0
1788104829.8,0.00,701.8,0,0.260,0.000,0.0000,0,False,False,P,False,73.8,13.66,110150,42.77409,82.75,0.587,11.35,88.0,32.0,0.0
1788104830.0,0.00,703.0,0,0.260,0.000,0.0000,0,False,False,P,False,73.8,13.66,110150,42.77409,82.35,0.622,11.35,88.0,32.0,0.0
1788104830.2,0.00,704.2,0,0.260,0.000,0.0000,0,False,False,P,False,73.8,13.66,110150,42.77409,82.35,0.622,11.35,88.0,32.0,0.0
1788104830.4,0.00,710.8,0,0.260,0.000,0.0000,0,False,False,P,False,73.8,13.66,110150,42.77409,82.75,0.604,11.35,88.0,32.0,0.0
1788104830.6,0.00,713.5,0,0.260,0.000,0.0000,0,False,False,P,False,73.8,13.66,110150,42.77409,82.75,0.597,11.35,88.0,32.0,0.0
1788104830.8,0.00,707.0,0,0.260,0.000,0.0000,0,False,False,P,False,73.8,13.66,110150,42.77409,82.75,0.604,11.35,88.0,32.0,0.0
1788104831.0,0.00,705.0,0,0.260,0.000,0.0000,0,False,False,P,False,73.8,13.66,110150,42.77409,82.35,0.587,11.35,88.0,32.0,0.0
1788104831.2,0.00,705.8,0,0.260,0.000,0.0000,0,False,False,P,False,73.8,13.66,110150,42.77409,82.75,0.597,11.35,88.0,32.0,0.0
1788104831.4,0.00,709.2,0,0.260,0.000,0.0000,0,False,False,P,False,73.8,13.66,110150,42.77409,82.75,0.611,11.35,88.0,32.0,0.0
1788104831.6,0.00,709.5,0,0.260,0.000,0.0000,0,False,False,P,False,73.8,13.66,110150,42.77409,82.35,0.597,11.34,88.0,32.0,0.0
1788104831.8,0.00,711.8,0,0.260,0.000,0.0000,0,False,False,P,False,73.8,13.66,110150,42.77409,82.35,0.597,11.34,88.0,32.0,0.0
1788104832.0,0.00,708.2,0,0.260,0.000,0.0000,0,False,False,P,False,73.8,13.66,110150,42.77409,82.75,0.597,11.34,88.0,32.0,0.0
1788104832.2,0.00,712.5,0,0.260,0.000,0.0000,0,False,False,P,False,73.8,13.70,110150,42.77409,82.35,0.587,11.34,88.0,32.0,0.0
1788104832.4,0.00,713.2,0,0.260,0.000,0.0000,0,False,False,P,False,73.8,13.70,110150,42.77409,82.35,0.580,11.34,88.0,32.0,0.0
1788104832.6,0.00,709.0,0,0.260,0.000,0.0000,0,False,False,P,False,73.8,13.70,110150,42.77409,82.35,0.611,11.34,88.0,32.0,0.0
1788104832.8,0.00,709.2,0,0.260,0.000,0.0000,0,False,False,P,False,73.8,13.70,110150,42.77409,82.75,0.604,11.34,88.0,32.0,0.0
1788104833.0,0.00,701.0,0,0.260,0.000,0.0000,0,False,False,P,False,73.8,13.70,110150,42.77409,82.75,0.604,11.34,88.0,32.0,0.0
1788104833.3,0.00,705.0,0,0.260,0.000,0.0000,0,False,False,P,False,73.8,13.70,110150,42.77409,82.35,0.604,11.34,88.0,32.0,0.0
1788104833.5,0.00,703.2,0,0.260,0.000,0.0000,0,False,False,P,False,73.8,13.71,110150,42.77409,82.35,0.597,11.34,88.0,32.0,0.0
1788104833.7,0.00,707.8,0,0.260,0.000,0.0000,0,False,False,P,False,73.8,13.71,110150,42.77409,82.75,0.587,11.34,88.0,32.0,0.0
1788104833.9,0.00,708.0,0,0.260,0.000,0.0000,0,False,False,P,False,73.8,13.71,110150,42.77409,82.75,0.604,11.34,88.0,32.0,0.0
1788104834.1,0.00,706.2,0,0.260,0.000,0.0000,0,False,False,P,False,73.8,13.71,110150,42.77409,82.35,0.604,11.34,88.0,32.0,0.0
1788104834.3,0.00,701.2,0,0.260,0.000,0.0000,0,False,False,P,False,73.8,13.71,110150,42.77409,82.75,0.604,11.34,88.0,32.0,0.0
1788104834.5,0.00,705.5,0,0.260,0.000,0.0000,0,False,False,P,False,73.8,13.71,110150,42.77409,82.75,0.597,11.34,88.0,32.0,0.0
1788104834.7,0.00,697.8,0,0.260,0.000,0.0000,0,False,False,P,False,73.8,13.71,110150,42.77409,82.35,0.597,11.34,88.0,32.0,0.0
1788104834.9,0.00,706.0,0,0.260,0.000,0.0000,0,False,False,P,False,73.8,13.71,110150,42.77409,82.75,0.597,11.34,88.0,32.0,0.0
1788104835.1,0.00,706.8,0,0.260,0.000,0.0000,0,False,False,P,False,73.8,13.71,110150,42.77409,81.96,1.244,11.34,88.0,37.0,0.0
1788104835.3,0.00,786.0,0,0.260,0.000,0.0000,0,False,False,P,False,73.8,13.71,110150,42.77409,82.35,0.866,11.34,88.0,40.0,0.0
1788104835.5,0.00,749.2,0,0.260,0.000,0.0000,0,False,False,P,False,73.8,13.71,110150,42.77409,82.35,0.846,11.34,88.0,40.0,0.0
1788104835.7,0.00,751.8,0,0.260,0.000,0.0000,0,False,False,P,False,73.8,13.71,110150,42.77409,82.75,1.059,11.34,88.0,41.0,0.0
1788104835.9,0.00,741.0,0,0.260,0.000,0.0000,0,False,False,P,False,73.8,13.71,110150,42.77409,82.35,1.059,11.34,88.0,42.0,0.0
1788104836.1,0.00,740.5,0,0.260,0.000,0.0000,0,False,False,P,False,73.8,13.71,110150,42.77409,82.75,0.964,11.34,88.0,42.0,0.0
1788104836.3,0.00,741.2,0,0.260,0.000,0.0000,0,False,False,P,False,73.8,13.71,110150,42.77409,82.35,0.908,11.34,88.0,43.0,0.0
1788104836.5,0.00,741.0,0,0.260,0.000,0.0000,0,False,False,P,False,73.8,13.71,110150,42.77409,82.75,0.898,11.34,88.0,43.0,0.0
1788104836.7,0.00,733.5,0,0.260,0.000,0.0000,0,False,False,P,False,73.8,13.71,110150,42.77409,82.75,0.908,11.34,88.0,43.0,0.0
1788104836.9,0.00,727.5,0,0.260,0.000,0.0000,0,False,False,P,False,73.8,13.71,110150,42.77409,82.35,0.908,11.34,88.0,43.0,0.0
1788104837.1,0.00,721.0,0,0.260,0.000,0.0000,0,False,False,P,False,73.8,13.71,110150,42.77409,82.35,0.908,11.34,88.0,43.0,0.0
1788104837.3,0.00,719.0,0,0.260,0.000,0.0000,0,False,False,P,False,73.8,13.71,110150,42.77409,82.75,0.933,11.34,88.0,44.0,0.0
1788104837.5,0.00,717.5,0,0.260,0.000,0.0000,0,False,False,P,False,73.8,13.71,110150,42.77409,82.35,0.943,11.34,88.0,44.0,0.0
1788104837.7,0.00,719.0,0,0.260,0.000,0.0000,0,False,False,P,False,73.8,13.71,110150,42.77409,82.75,0.954,11.34,88.0,44.0,0.0
1788104837.9,0.00,721.8,0,0.260,0.000,0.0000,0,False,False,P,False,73.8,13.71,110150,42.77409,82.35,0.954,11.34,88.0,45.0,0.0
1788104838.1,0.00,725.2,0,0.260,0.000,0.0000,0,False,False,P,False,73.8,13.71,110150,42.77409,82.75,0.954,11.34,88.0,45.0,0.0
1788104838.3,0.00,726.5,0,0.260,0.000,0.0000,0,False,False,P,False,73.8,13.62,110150,42.77409,82.75,0.964,11.34,88.0,45.0,0.0
1788104838.5,0.00,731.2,0,0.260,0.000,0.0000,0,False,False,P,False,73.8,13.62,110150,42.77409,82.35,0.943,11.34,88.0,45.0,0.0
1788104838.7,0.00,742.0,0,0.260,0.000,0.0000,0,False,False,P,False,73.8,13.62,110150,42.77409,82.75,0.908,11.34,88.0,45.0,0.0
1788104838.9,0.00,742.2,0,0.260,0.000,0.0000,0,False,False,P,False,73.8,13.62,110150,42.77409,82.75,0.887,11.34,88.0,44.0,0.0
1788104839.1,0.00,738.2,0,0.260,0.000,0.0000,0,False,False,P,False,73.8,13.62,110150,42.77409,82.35,0.877,11.34,88.0,43.0,0.0
1788104839.4,0.00,733.2,0,0.260,0.000,0.0000,0,False,False,P,False,73.8,13.62,110150,42.77409,82.75,0.866,11.34,88.0,43.0,0.0
1788104839.6,0.00,727.0,0,0.260,0.000,0.0000,0,False,False,P,False,73.8,13.68,110150,42.77409,82.75,0.866,11.34,88.0,43.0,0.0
1788104839.8,0.00,720.8,0,0.260,0.000,0.0000,0,False,False,P,False,73.8,13.68,110150,42.77409,82.75,0.877,11.34,88.0,43.0,0.0
1788104840.0,0.00,712.5,0,0.260,0.000,0.0000,0,False,False,P,False,73.8,13.68,110150,42.77409,82.75,0.898,11.34,88.0,43.0,0.0
1788104840.2,0.00,708.5,0,0.260,0.000,0.0000,0,False,False,P,False,73.8,13.68,110150,42.77409,82.35,0.898,11.34,88.0,43.0,0.0
1788104840.4,0.00,708.5,0,0.260,0.000,0.0000,0,False,False,P,False,73.8,13.68,110150,42.77409,82.75,0.898,11.34,88.0,43.0,0.0
1788104840.6,0.00,708.8,0,0.260,0.000,0.0000,0,False,False,P,False,73.8,13.68,110150,42.77409,82.75,0.887,11.34,88.0,43.0,0.0
1788104840.8,0.00,711.0,0,0.260,0.000,0.0000,0,False,False,P,False,73.8,13.68,110150,42.77409,82.75,0.887,11.34,88.0,43.0,0.0
1788104841.0,0.00,712.8,0,0.260,0.000,0.0000,0,False,False,P,False,73.8,13.68,110150,42.77409,82.35,0.898,11.34,88.0,44.0,0.0
1788104841.2,0.00,715.5,0,0.260,0.000,0.0000,0,False,False,P,False,73.8,13.68,110150,42.77409,82.35,0.898,11.34,88.0,44.0,0.0
1788104841.4,0.00,715.8,0,0.260,0.000,0.0000,0,False,False,P,False,73.8,13.71,110150,42.77409,82.75,0.887,11.34,88.0,43.0,0.0
1788104841.6,0.00,718.0,0,0.260,0.000,0.0000,0,False,False,P,False,73.8,13.71,110150,42.77409,82.75,0.898,11.34,88.0,43.0,0.0
1788104841.8,0.00,715.8,0,0.260,0.000,0.0000,0,False,False,P,False,73.8,13.71,110150,42.77409,82.75,0.877,11.34,88.0,43.0,0.0
1788104842.0,0.00,715.2,0,0.260,0.000,0.0000,0,False,False,P,False,73.8,13.71,110150,42.77409,82.35,0.846,11.34,88.0,43.0,0.0
1788104842.2,0.00,713.2,0,0.260,0.000,0.0000,0,False,False,P,False,73.8,13.71,110150,42.77409,82.75,0.866,11.34,88.0,43.0,0.0
1788104842.4,0.00,711.8,0,0.260,0.000,0.0000,0,False,False,P,False,73.8,13.71,110150,42.77409,82.75,0.856,11.34,88.0,43.0,0.0
1788104842.6,0.00,709.8,0,0.260,0.000,0.0000,0,False,False,P,False,73.8,13.70,110150,42.77409,82.75,0.898,11.34,88.0,43.0,0.0
1788104842.8,0.00,709.2,0,0.260,0.000,0.0000,0,False,False,P,False,73.8,13.70,110150,42.77409,82.75,0.877,11.34,88.0,43.0,0.0
1788104843.0,0.00,707.8,0,0.260,0.000,0.0000,0,False,False,P,False,73.8,13.70,110150,42.77409,82.75,0.877,11.34,88.0,43.0,0.0
1788104843.2,0.00,703.0,0,0.260,0.000,0.0000,0,False,False,P,False,73.8,13.70,110150,42.77409,82.75,0.887,11.34,88.0,43.0,0.0
1788104843.4,0.00,702.8,0,0.260,0.000,0.0000,0,False,False,P,False,73.8,13.70,110150,42.77409,82.75,0.887,11.34,88.0,43.0,0.0
1788104843.6,0.00,702.2,0,0.260,0.000,0.0000,0,False,False,P,False,73.8,13.69,110150,42.77409,82.35,0.877,11.34,88.0,43.0,0.0
1788104843.8,0.00,705.5,0,0.260,0.000,0.0000,0,False,False,P,False,73.8,13.69,110150,42.77409,82.75,0.877,11.34,88.0,43.0,0.0
1788104844.0,0.00,703.8,0,0.260,0.000,0.0000,0,False,False,P,False,73.8,13.69,110150,42.77409,82.75,0.866,11.34,88.0,43.0,0.0
1788104844.2,0.00,703.0,0,0.260,0.000,0.0000,0,False,False,P,False,73.8,13.69,110150,42.77409,82.75,0.846,11.34,88.0,43.0,0.0
1788104844.4,0.00,703.0,0,0.260,0.000,0.0000,0,False,False,P,False,73.8,13.70,110150,42.77409,82.35,0.887,11.34,88.0,43.0,0.0
1788104844.6,0.00,701.5,0,0.260,0.000,0.0000,0,False,False,P,False,73.8,13.70,110150,42.77409,82.75,0.877,11.34,88.0,43.0,0.0
1788104844.9,0.00,702.8,0,0.260,0.000,0.0000,0,False,False,P,False,73.8,13.70,110150,42.77409,82.35,0.898,11.34,88.0,43.0,0.0
1788104845.1,0.00,703.0,0,0.260,0.000,0.0000,0,False,False,P,False,73.8,13.70,110150,42.77409,82.75,0.877,11.34,88.0,43.0,0.0
1788104845.3,0.00,703.2,0,0.260,0.000,0.0000,0,False,False,P,False,73.8,13.70,110150,42.77409,82.75,0.856,11.34,88.0,43.0,0.0
1788104845.5,0.00,704.5,0,0.260,0.000,0.0000,0,False,False,P,False,73.8,13.70,110150,42.77409,82.75,0.866,11.34,88.0,43.0,0.0
1788104845.7,0.00,702.8,0,0.260,0.000,0.0000,0,False,False,P,False,73.8,13.70,110150,42.77409,82.35,0.887,11.34,88.0,43.0,0.0
1788104845.9,0.00,703.8,0,0.260,0.000,0.0000,0,False,False,P,False,73.8,13.70,110150,42.77409,82.35,0.856,11.34,88.0,43.0,0.0
1788104846.1,0.00,703.0,0,0.260,0.000,0.0000,0,False,False,P,False,73.8,13.70,110150,42.77409,82.75,0.856,11.33,88.0,43.0,0.0
1788104846.3,0.00,701.5,0,0.260,0.000,0.0000,0,False,False,P,False,73.8,13.70,110150,42.77409,82.75,0.887,11.33,88.0,43.0,0.0
1788104846.5,0.00,699.5,0,0.260,0.000,0.0000,0,False,False,P,False,73.8,13.70,110150,42.77409,82.75,0.856,11.33,88.0,43.0,0.0
1788104846.7,0.00,698.0,0,0.260,0.000,0.0000,0,False,False,P,False,73.8,13.70,110150,42.77409,82.75,0.877,11.33,88.0,43.0,0.0
1788104846.9,0.00,698.0,0,0.260,0.000,0.0000,0,False,False,P,False,73.8,13.70,110150,42.77409,82.75,0.866,11.33,88.0,43.0,0.0
1788104847.1,0.00,699.0,0,0.260,0.000,0.0000,0,False,False,P,False,73.8,13.70,110150,42.77409,82.75,0.856,11.33,88.0,43.0,0.0
1788104847.3,0.00,698.5,0,0.260,0.000,0.0000,0,False,False,P,False,73.8,13.70,110150,42.77409,82.75,0.866,11.33,88.0,43.0,0.0
1788104847.5,0.00,696.8,0,0.260,0.000,0.0000,0,False,False,P,False,73.8,13.71,110150,42.77409,82.35,0.877,11.33,88.0,43.0,0.0
1788104847.7,0.00,697.2,0,0.260,0.000,0.0000,0,False,False,P,False,73.8,13.71,110150,42.77409,82.75,0.846,11.33,88.0,43.0,0.0
1788104847.9,0.00,700.2,0,0.260,0.000,0.0000,0,False,False,P,False,73.8,13.71,110150,42.77409,82.35,0.887,11.33,88.0,43.0,0.0
1788104848.1,0.00,703.0,0,0.260,0.000,0.0000,0,False,False,P,False,73.8,13.71,110150,42.77409,82.35,0.856,11.33,88.0,43.0,0.0
1788104848.3,0.00,703.8,0,0.260,0.000,0.0000,0,False,False,P,False,73.8,13.71,110150,42.77409,82.35,0.846,11.33,88.0,43.0,0.0
1788104848.5,0.00,703.8,0,0.260,0.000,0.0000,0,False,False,P,False,73.8,13.71,110150,42.77409,82.75,0.866,11.33,88.0,43.0,0.0
1788104848.7,0.00,702.5,0,0.260,0.000,0.0000,0,False,False,P,False,73.8,13.71,110150,42.77409,82.75,0.877,11.33,88.0,43.0,0.0
1788104848.9,0.00,703.5,0,0.260,0.000,0.0000,0,False,False,P,False,73.8,13.71,110150,42.77409,82.75,0.856,11.33,88.0,43.0,0.0
1788104849.1,0.00,703.8,0,0.260,0.000,0.0000,0,False,False,P,False,73.8,13.71,110150,42.77409,82.75,0.866,11.33,88.0,43.0,0.0
1788104849.3,0.00,702.8,0,0.260,0.000,0.0000,0,False,False,P,False,73.8,13.71,110150,42.77409,82.35,0.877,11.33,88.0,43.0,0.0
1788104849.5,0.00,699.5,0,0.260,0.000,0.0000,0,False,False,P,False,73.8,13.71,110150,42.77409,82.35,0.856,11.33,88.0,43.0,0.0
1788104849.7,0.00,694.8,0,0.260,0.000,0.0000,0,False,False,P,False,73.8,13.71,110150,42.77409,82.75,0.846,11.33,88.0,43.0,0.0
1788104849.9,0.00,692.2,0,0.260,0.000,0.0000,0,False,False,P,False,73.8,13.71,110150,42.77409,82.75,0.877,11.33,88.0,43.0,0.0
1788104850.1,0.00,689.0,0,0.260,0.000,0.0000,0,False,False,P,False,73.8,13.71,110150,42.77409,82.75,0.866,11.33,88.0,43.0,0.0
1788104850.3,0.00,686.8,0,0.260,0.000,0.0000,0,False,False,P,False,73.8,13.71,110150,42.77409,82.75,0.877,11.33,88.0,43.0,0.0
1788104850.6,0.00,686.2,0,0.260,0.000,0.0000,0,False,False,P,False,73.8,13.71,110150,42.77409,82.35,0.856,11.33,88.0,43.0,0.0
1788104850.8,0.00,682.8,0,0.260,0.000,0.0000,0,False,False,P,False,73.8,13.69,110150,42.77409,82.35,0.856,11.33,88.0,43.0,0.0
1788104851.0,0.00,682.2,0,0.260,0.000,0.0000,0,False,False,P,False,73.8,13.69,110150,42.77409,82.75,0.866,11.33,88.0,43.0,0.0
1788104851.2,0.00,682.0,0,0.260,0.000,0.0000,0,False,False,P,False,73.8,13.69,110150,42.77409,82.35,0.866,11.33,88.0,43.0,0.0
1788104851.4,0.00,683.8,0,0.260,0.000,0.0000,0,False,False,P,False,73.8,13.69,110150,42.77409,82.75,0.898,11.33,88.0,44.0,0.0
1788104851.6,0.00,687.0,0,0.260,0.000,0.0000,0,False,False,P,False,73.8,13.69,110150,42.77409,82.35,0.877,11.33,88.0,44.0,0.0
1788104851.8,0.00,694.0,0,0.260,0.000,0.0000,0,False,False,P,False,73.8,13.69,110150,42.77409,82.75,0.856,11.33,88.0,44.0,0.0
1788104852.0,0.00,699.8,0,0.260,0.000,0.0000,0,False,False,P,False,73.8,13.69,110150,42.77409,82.35,0.856,11.33,88.0,44.0,0.0
1788104852.2,0.00,705.2,0,0.260,0.000,0.0000,0,False,False,P,False,73.8,13.69,110150,42.77409,82.35,0.856,11.33,88.0,43.0,0.0
1788104852.4,0.00,706.5,0,0.260,0.000,0.0000,0,False,False,P,False,73.8,13.69,110150,42.77409,82.75,0.877,11.33,88.0,43.0,0.0
1788104852.6,0.00,707.2,0,0.260,0.000,0.0000,0,False,False,P,False,73.8,13.69,110150,42.77409,82.75,0.898,11.33,88.0,43.0,0.0
1788104852.8,0.00,706.2,0,0.260,0.000,0.0000,0,False,False,P,False,73.8,13.69,110150,42.77409,82.35,0.898,11.33,88.0,43.0,0.0
1788104853.0,0.00,705.2,0,0.260,0.000,0.0000,0,False,False,P,False,73.8,13.69,110150,42.77409,82.75,0.877,11.33,88.0,43.0,0.0
1788104853.2,0.00,703.5,0,0.260,0.000,0.0000,0,False,False,P,False,73.8,13.69,110150,42.77409,82.75,0.877,11.33,88.0,43.0,0.0
1788104853.4,0.00,700.8,0,0.260,0.000,0.0000,0,False,False,P,False,73.8,13.69,110150,42.77409,82.35,0.877,11.33,88.0,43.0,0.0
1788104853.6,0.00,697.8,0,0.260,0.000,0.0000,0,False,False,P,False,73.8,13.70,110150,42.77409,82.35,0.866,11.33,88.0,43.0,0.0
1788104853.8,0.00,696.5,0,0.260,0.000,0.0000,0,False,False,P,False,73.8,13.70,110150,42.77409,82.75,0.887,11.33,88.0,43.0,0.0
1788104854.0,0.00,696.2,0,0.260,0.000,0.0000,0,False,False,P,False,73.8,13.70,110150,42.77409,82.35,0.887,11.33,88.0,43.0,0.0
1788104854.2,0.00,695.2,0,0.260,0.000,0.0000,0,False,False,P,False,73.8,13.70,110150,42.77409,82.75,0.877,11.33,88.0,43.0,0.0
1788104854.4,0.00,697.2,0,0.260,0.000,0.0000,0,False,False,P,False,73.8,13.70,110150,42.77409,82.75,0.765,11.33,88.0,42.0,0.0
1788104854.6,0.00,684.0,0,0.260,0.000,0.0000,0,False,False,P,False,73.8,13.70,110150,42.77409,82.35,0.671,11.33,88.0,40.0,0.0
1788104854.8,0.00,735.0,0,0.260,0.000,0.0000,0,False,False,P,False,73.8,13.70,110150,42.77409,82.35,0.671,11.33,88.0,39.0,0.0
1788104855.0,0.00,747.0,0,0.260,0.000,0.0000,0,False,False,P,False,73.8,13.70,110150,42.77409,82.35,0.646,11.33,88.0,37.0,0.0
1788104855.2,0.00,741.2,0,0.260,0.000,0.0000,0,False,False,P,False,73.8,13.70,110150,42.77409,82.75,0.629,11.33,88.0,35.0,0.0
1788104855.4,0.00,738.8,0,0.260,0.000,0.0000,0,False,False,P,False,73.8,13.70,110150,42.77409,82.75,0.597,11.33,88.0,34.0,0.0
1788104855.6,0.00,729.2,0,0.260,0.000,0.0000,0,False,False,P,False,73.8,13.70,110150,42.77409,82.35,0.604,11.33,88.0,33.0,0.0
1788104855.8,0.00,722.5,0,0.260,0.000,0.0000,0,False,False,P,False,73.8,13.70,110150,42.77409,82.75,0.604,11.33,88.0,32.0,0.0
1788104856.0,0.00,710.2,0,0.260,0.000,0.0000,0,False,False,P,False,73.8,13.70,110150,42.77409,82.35,0.597,11.33,88.0,32.0,0.0
1788104856.2,0.00,703.5,0,0.260,0.000,0.0000,0,False,False,P,False,73.8,13.70,110150,42.77409,82.35,0.622,11.33,88.0,32.0,0.0
1788104856.4,0.00,701.0,0,0.260,0.000,0.0000,0,False,False,P,False,73.8,13.70,110150,42.77409,82.75,0.622,11.33,88.0,32.0,0.0
1788104856.6,0.00,699.0,0,0.260,0.000,0.0000,0,False,False,P,False,73.8,13.70,110150,42.77409,82.35,0.611,11.33,88.0,32.0,0.0
1788104856.8,0.00,700.0,0,0.260,0.000,0.0000,0,False,False,P,False,73.8,13.73,110150,42.77409,82.75,0.622,11.33,88.0,32.0,0.0
1788104857.1,0.00,701.5,0,0.260,0.000,0.0000,0,False,False,P,False,73.8,13.73,110150,42.77409,82.75,0.604,11.33,88.0,32.0,0.0
1788104857.3,0.00,705.8,0,0.260,0.000,0.0000,0,False,False,P,False,73.8,13.73,110150,42.77409,82.35,0.611,11.33,88.0,32.0,0.0
1788104857.5,0.00,708.0,0,0.260,0.000,0.0000,0,False,False,P,False,72.8,13.73,110150,42.77409,82.75,0.611,11.33,88.0,32.0,0.0
1788104857.7,0.00,706.8,0,0.260,0.000,0.0000,0,False,False,P,False,72.8,13.73,110150,42.77409,82.75,0.611,11.33,88.0,32.0,0.0
1788104857.9,0.00,706.5,0,0.260,0.000,0.0000,0,False,False,P,False,72.8,13.73,110150,42.77409,82.75,0.622,11.33,88.0,32.0,0.0
1788104858.1,0.00,706.8,0,0.260,0.000,0.0000,0,False,False,P,False,72.8,13.73,110150,42.77409,82.35,0.587,11.33,88.0,32.0,0.0
1788104858.3,0.00,705.8,0,0.260,0.000,0.0000,0,False,False,P,False,72.8,13.73,110150,42.77409,82.35,0.597,11.33,88.0,32.0,0.0
1788104858.5,0.00,707.5,0,0.260,0.000,0.0000,0,False,False,P,False,72.8,13.73,110150,42.77409,82.35,0.597,11.33,88.0,32.0,0.0
1788104858.7,0.00,710.0,0,0.260,0.000,0.0000,0,False,False,P,False,72.8,13.73,110150,42.77409,82.35,0.622,11.33,88.0,32.0,0.0
1788104858.9,0.00,709.0,0,0.260,0.000,0.0000,0,False,False,P,False,72.8,13.73,110150,42.77409,82.75,0.629,11.33,88.0,32.0,0.0
1788104859.1,0.00,709.0,0,0.260,0.000,0.0000,0,False,False,P,False,72.8,13.73,110150,42.77409,82.75,0.597,11.33,88.0,32.0,0.0
1788104859.3,0.00,707.2,0,0.260,0.000,0.0000,0,False,False,P,False,72.8,13.73,110150,42.77409,82.75,0.611,11.33,88.0,31.0,0.0
1788104859.5,0.00,710.0,0,0.260,0.000,0.0000,0,False,False,P,False,72.8,13.73,110150,42.77409,82.35,0.611,11.33,88.0,32.0,0.0
1788104859.7,0.00,707.8,0,0.260,0.000,0.0000,0,False,False,P,False,72.8,13.73,110150,42.77409,82.35,0.622,11.33,88.0,32.0,0.0
1788104859.9,0.00,709.8,0,0.260,0.000,0.0000,0,False,False,P,False,72.8,13.71,110150,42.77409,82.75,0.604,11.33,88.0,31.0,0.0
1788104860.1,0.00,707.0,0,0.260,0.000,0.0000,0,False,False,P,False,72.8,13.71,110150,42.77409,82.75,0.622,11.33,88.0,32.0,0.0
1788104860.3,0.00,706.0,0,0.260,0.000,0.0000,0,False,False,P,False,72.8,13.71,110150,42.77409,81.96,0.622,11.33,88.0,32.0,0.0
1788104860.5,0.00,706.5,0,0.260,0.000,0.0000,0,False,False,P,False,72.8,13.71,110150,42.77409,82.75,0.587,11.33,88.0,31.0,0.0
1788104860.7,0.00,707.2,0,0.260,0.000,0.0000,0,False,False,P,False,72.8,13.71,110150,42.77409,82.75,0.604,11.33,88.0,31.0,0.0
1788104860.9,0.00,705.8,0,0.260,0.000,0.0000,0,False,False,P,False,72.8,13.71,110150,42.77409,82.75,0.611,11.33,88.0,31.0,0.0
1788104861.1,0.00,705.0,0,0.260,0.000,0.0000,0,False,False,P,False,72.8,13.71,110150,42.77409,82.35,0.604,11.33,88.0,32.0,0.0
1788104861.3,0.00,700.8,0,0.260,0.000,0.0000,0,False,False,P,False,72.8,13.71,110150,42.77409,82.75,0.604,11.33,88.0,31.0,0.0
1788104861.5,0.00,699.5,0,0.260,0.000,0.0000,0,False,False,P,False,72.8,13.71,110150,42.77409,82.75,0.622,11.33,88.0,32.0,0.0
1788104861.7,0.00,703.5,0,0.260,0.000,0.0000,0,False,False,P,False,72.8,13.71,110150,42.77409,82.35,0.622,11.33,88.0,32.0,0.0
1788104861.9,0.00,703.0,0,0.260,0.000,0.0000,0,False,False,P,False,72.8,13.71,110150,42.77409,82.35,0.597,11.32,88.0,32.0,0.0
1788104862.1,0.00,702.8,0,0.260,0.000,0.0000,0,False,False,P,False,72.8,13.71,110150,42.77409,82.75,0.622,11.32,88.0,32.0,0.0
1788104862.3,0.00,743.8,0,0.260,0.000,0.0000,0,False,False,P,False,72.8,13.71,110150,42.77409,82.35,0.933,11.32,88.0,36.0,0.0
1788104862.5,0.00,779.0,0,0.260,0.000,0.0000,0,False,False,P,False,72.8,13.71,110150,42.77409,82.75,0.846,11.32,88.0,38.0,0.0
1788104862.7,0.00,733.8,0,0.260,0.000,0.0000,0,False,False,P,False,72.8,13.71,110150,42.77409,82.35,1.069,11.32,88.0,38.0,0.0
1788104863.0,0.00,742.2,0,0.260,0.000,0.0000,0,False,False,P,False,72.8,13.59,110150,42.77409,82.35,0.856,11.32,88.0,41.0,0.0
1788104863.2,0.00,736.0,0,0.260,0.000,0.0000,0,False,False,P,False,72.8,13.59,110150,42.77409,82.35,0.954,11.32,88.0,41.0,0.0
1788104863.4,0.00,736.8,0,0.260,0.000,0.0000,0,False,False,P,False,72.8,13.59,110150,42.77409,82.35,0.922,11.32,88.0,42.0,0.0
1788104863.6,0.00,737.0,0,0.260,0.000,0.0000,0,False,False,P,False,72.8,13.59,110150,42.77409,82.35,0.922,11.32,88.0,42.0,0.0
1788104863.8,0.00,731.5,0,0.260,0.000,0.0000,0,False,False,P,False,72.8,13.59,110150,42.77409,82.75,0.877,11.32,88.0,42.0,0.0
1788104864.0,0.00,729.5,0,0.260,0.000,0.0000,0,False,False,P,False,72.8,13.59,110150,42.77409,82.35,0.954,11.32,88.0,43.0,0.0
1788104864.2,0.00,728.0,0,0.260,0.000,0.0000,0,False,False,P,False,72.8,13.59,110150,42.77409,82.75,0.933,11.32,88.0,43.0,0.0
1788104864.4,0.00,722.0,0,0.260,0.000,0.0000,0,False,False,P,False,72.8,13.59,110150,42.77409,82.75,0.933,11.32,88.0,43.0,0.0
1788104864.6,0.00,720.0,0,0.260,0.000,0.0000,0,False,False,P,False,72.8,13.59,110150,42.77409,82.75,0.933,11.32,88.0,43.0,0.0
1788104864.8,0.00,719.2,0,0.260,0.000,0.0000,0,False,False,P,False,72.8,13.59,110150,42.77409,82.75,0.922,11.32,88.0,44.0,0.0
1788104865.0,0.00,719.2,0,0.260,0.000,0.0000,0,False,False,P,False,72.8,13.59,110150,42.77409,82.75,0.978,11.32,88.0,44.0,0.0
1788104865.2,0.00,720.8,0,0.260,0.000,0.0000,0,False,False,P,False,72.8,13.59,110150,42.77409,82.75,0.989,11.32,88.0,44.0,0.0
1788104865.4,0.00,724.8,0,0.260,0.000,0.0000,0,False,False,P,False,72.8,13.59,110150,42.77409,82.35,0.943,11.32,88.0,45.0,0.0
1788104865.6,0.00,729.8,0,0.260,0.000,0.0000,0,False,False,P,False,72.8,13.63,110150,42.77409,82.75,0.943,11.32,88.0,45.0,0.0
1788104865.8,0.00,737.2,0,0.260,0.000,0.0000,0,False,False,P,False,72.8,13.63,110150,42.77409,82.75,0.954,11.32,88.0,45.0,0.0
1788104866.0,0.00,743.0,0,0.260,0.000,0.0000,0,False,False,P,False,72.8,13.63,110150,42.77409,82.35,0.922,11.32,88.0,44.0,0.0
1788104866.2,0.00,741.8,0,0.260,0.000,0.0000,0,False,False,P,False,72.8,13.79,110150,42.77409,82.35,0.887,11.32,88.0,44.0,0.0
1788104866.4,0.00,732.8,0,0.260,0.000,0.0000,0,False,False,P,False,72.8,13.79,110150,42.77409,82.75,0.887,11.32,88.0,43.0,0.0
1788104866.6,0.00,728.8,0,0.260,0.000,0.0000,0,False,False,P,False,72.8,13.79,110150,42.77409,82.75,0.922,11.32,88.0,43.0,0.0
1788104866.8,0.00,726.5,0,0.260,0.000,0.0000,0,False,False,P,False,72.8,13.79,110150,42.77409,82.75,0.933,11.32,88.0,43.0,0.0
1788104867.0,0.00,721.2,0,0.260,0.000,0.0000,0,False,False,P,False,72.8,13.79,110150,42.77409,82.75,0.908,11.32,88.0,43.0,0.0
1788104867.2,0.00,716.2,0,0.260,0.000,0.0000,0,False,False,P,False,72.8,13.79,110150,42.77409,82.75,0.908,11.32,88.0,43.0,0.0
1788104867.4,0.00,712.5,0,0.260,0.000,0.0000,0,False,False,P,False,72.8,13.79,110150,42.77409,82.75,0.922,11.32,88.0,43.0,0.0
1788104867.6,0.00,711.0,0,0.260,0.000,0.0000,0,False,False,P,False,72.8,13.70,110150,42.77409,82.75,0.922,11.32,88.0,43.0,0.0
1788104867.8,0.00,712.2,0,0.260,0.000,0.0000,0,False,False,P,False,72.8,13.70,110150,42.77409,82.75,0.898,11.32,88.0,43.0,0.0
1788104868.0,0.00,715.8,0,0.260,0.000,0.0000,0,False,False,P,False,72.8,13.70,110150,42.77409,82.75,0.898,11.32,88.0,43.0,0.0
1788104868.2,0.00,718.5,0,0.260,0.000,0.0000,0,False,False,P,False,72.8,13.70,110150,42.77409,82.75,0.887,11.32,88.0,43.0,0.0
1788104868.4,0.00,716.5,0,0.260,0.000,0.0000,0,False,False,P,False,72.8,13.70,110150,42.77409,82.35,0.908,11.32,88.0,43.0,0.0
1788104868.6,0.00,719.5,0,0.260,0.000,0.0000,0,False,False,P,False,72.8,13.70,110150,42.77409,82.35,0.908,11.32,88.0,43.0,0.0
1788104868.8,0.00,717.2,0,0.260,0.000,0.0000,0,False,False,P,False,72.8,13.70,110150,42.77409,82.75,0.908,11.32,88.0,43.0,0.0
1788104869.0,0.00,716.8,0,0.260,0.000,0.0000,0,False,False,P,False,72.8,13.70,110150,42.77409,82.75,0.898,11.32,88.0,43.0,0.0
1788104869.2,0.00,712.2,0,0.260,0.000,0.0000,0,False,False,P,False,72.8,13.70,110150,42.77409,82.75,0.922,11.32,88.0,43.0,0.0
1788104869.4,0.00,711.5,0,0.260,0.000,0.0000,0,False,False,P,False,72.8,13.70,110150,42.77409,82.75,0.908,11.32,88.0,43.0,0.0
1788104869.7,0.00,710.2,0,0.260,0.000,0.0000,0,False,False,P,False,72.8,13.70,110150,42.77409,82.35,0.922,11.32,88.0,43.0,0.0
1788104869.9,0.00,709.0,0,0.260,0.000,0.0000,0,False,False,P,False,72.8,13.70,110150,42.77409,82.75,0.898,11.32,88.0,43.0,0.0
1788104870.1,0.00,709.0,0,0.260,0.000,0.0000,0,False,False,P,False,72.8,13.70,110150,42.77409,82.75,0.887,11.32,88.0,43.0,0.0
1788104870.3,0.00,708.8,0,0.260,0.000,0.0000,0,False,False,P,False,72.8,13.70,110150,42.77409,82.35,0.908,11.32,88.0,43.0,0.0
1788104870.5,0.00,707.0,0,0.260,0.000,0.0000,0,False,False,P,False,72.8,13.70,110150,42.77409,82.75,0.908,11.32,88.0,43.0,0.0
1788104870.7,0.00,704.8,0,0.260,0.000,0.0000,0,False,False,P,False,72.8,13.70,110150,42.77409,82.75,0.908,11.32,88.0,43.0,0.0
1788104870.9,0.00,704.8,0,0.260,0.000,0.0000,0,False,False,P,False,72.8,13.70,110150,42.77409,82.75,0.887,11.32,88.0,43.0,0.0
1788104871.1,0.00,704.2,0,0.260,0.000,0.0000,0,False,False,P,False,72.8,13.70,110150,42.77409,82.35,0.877,11.32,88.0,43.0,0.0
1788104871.3,0.00,704.2,0,0.260,0.000,0.0000,0,False,False,P,False,72.8,13.70,110150,42.77409,82.35,0.866,11.32,88.0,43.0,0.0
1788104871.5,0.00,701.0,0,0.260,0.000,0.0000,0,False,False,P,False,72.8,13.70,110150,42.77409,82.35,0.887,11.32,88.0,43.0,0.0
1788104871.7,0.00,702.0,0,0.260,0.000,0.0000,0,False,False,P,False,72.8,13.70,110150,42.77409,82.35,0.908,11.32,88.0,43.0,0.0
1788104871.9,0.00,704.0,0,0.260,0.000,0.0000,0,False,False,P,False,72.8,13.70,110150,42.77409,82.75,0.866,11.32,88.0,43.0,0.0
1788104872.1,0.00,702.5,0,0.260,0.000,0.0000,0,False,False,P,False,72.8,13.70,110150,42.77409,82.75,0.887,11.32,88.0,43.0,0.0
1788104872.3,0.00,704.0,0,0.260,0.000,0.0000,0,False,False,P,False,72.8,13.72,110150,42.77409,82.75,0.877,11.32,88.0,43.0,0.0
1788104872.5,0.00,701.5,0,0.260,0.000,0.0000,0,False,False,P,False,72.8,13.72,110150,42.77409,82.35,0.877,11.32,88.0,43.0,0.0
1788104872.7,0.00,700.5,0,0.260,0.000,0.0000,0,False,False,P,False,72.8,13.72,110150,42.77409,82.75,0.908,11.32,88.0,43.0,0.0
1788104872.9,0.00,699.2,0,0.260,0.000,0.0000,0,False,False,P,False,72.8,13.72,110150,42.77409,82.75,0.898,11.32,88.0,43.0,0.0
1788104873.1,0.00,699.5,0,0.260,0.000,0.0000,0,False,False,P,False,72.8,13.72,110150,42.77409,82.35,0.898,11.32,88.0,43.0,0.0
1788104873.3,0.00,699.5,0,0.260,0.000,0.0000,0,False,False,P,False,72.8,13.72,110150,42.77409,82.75,0.877,11.32,88.0,43.0,0.0
1788104873.5,0.00,699.5,0,0.260,0.000,0.0000,0,False,False,P,False,72.8,13.72,110150,42.77409,82.75,0.877,11.32,88.0,43.0,0.0
1788104873.7,0.00,697.8,0,0.260,0.000,0.0000,0,False,False,P,False,72.8,13.72,110150,42.77409,82.35,0.898,11.32,88.0,43.0,0.0
1788104873.9,0.00,696.5,0,0.260,0.000,0.0000,0,False,False,P,False,72.8,13.72,110150,42.77409,82.75,0.887,11.32,88.0,43.0,0.0
1788104874.1,0.00,700.2,0,0.260,0.000,0.0000,0,False,False,P,False,72.8,13.72,110150,42.77409,82.75,0.887,11.32,88.0,43.0,0.0
1788104874.3,0.00,702.8,0,0.260,0.000,0.0000,0,False,False,P,False,72.8,13.72,110150,42.77409,82.75,0.898,11.32,88.0,43.0,0.0
1788104874.5,0.00,703.0,0,0.260,0.000,0.0000,0,False,False,P,False,72.8,13.71,110150,42.77409,82.35,0.877,11.32,88.0,43.0,0.0
1788104874.7,0.00,703.8,0,0.260,0.000,0.0000,0,False,False,P,False,72.8,13.71,110150,42.77409,82.75,0.887,11.32,88.0,43.0,0.0
1788104874.9,0.00,705.0,0,0.260,0.000,0.0000,0,False,False,P,False,72.8,13.71,110150,42.77409,82.35,0.887,11.32,88.0,43.0,0.0
1788104875.1,0.00,703.8,0,0.260,0.000,0.0000,0,False,False,P,False,72.8,13.71,110150,42.77409,82.35,0.898,11.32,88.0,43.0,0.0
1788104875.3,0.00,705.8,0,0.260,0.000,0.0000,0,False,False,P,False,72.8,13.70,110150,42.77409,82.75,0.877,11.31,88.0,43.0,0.0
1788104875.5,0.00,701.2,0,0.260,0.000,0.0000,0,False,False,P,False,72.8,13.70,110150,42.77409,82.75,0.887,11.31,88.0,43.0,0.0
1788104875.8,0.00,699.8,0,0.260,0.000,0.0000,0,False,False,P,False,72.8,13.70,110150,42.77409,82.35,0.887,11.31,88.0,43.0,0.0
1788104876.0,0.00,700.0,0,0.260,0.000,0.0000,0,False,False,P,False,72.8,13.70,110150,42.77409,82.75,0.898,11.31,88.0,43.0,0.0
1788104876.2,0.00,699.0,0,0.260,0.000,0.0000,0,False,False,P,False,72.8,13.70,110150,42.77409,82.75,0.887,11.31,88.0,43.0,0.0
1788104876.4,0.00,700.5,0,0.260,0.000,0.0000,0,False,False,P,False,72.8,13.70,110150,42.77409,82.75,0.908,11.31,88.0,43.0,0.0
1788104876.6,0.00,702.8,0,0.260,0.000,0.0000,0,False,False,P,False,72.8,13.70,110150,42.77409,82.35,0.866,11.31,88.0,43.0,0.0
1788104876.8,0.00,700.8,0,0.260,0.000,0.0000,0,False,False,P,False,72.8,13.70,110150,42.77409,82.75,0.887,11.31,88.0,43.0,0.0
1788104877.0,0.00,702.0,0,0.260,0.000,0.0000,0,False,False,P,False,72.8,13.70,110150,42.77409,82.75,0.887,11.31,88.0,44.0,0.0
1788104877.2,0.00,703.5,0,0.260,0.000,0.0000,0,False,False,P,False,72.8,13.70,110150,42.77409,82.75,0.887,11.31,88.0,43.0,0.0
1788104877.4,0.00,704.0,0,0.260,0.000,0.0000,0,False,False,P,False,72.8,13.70,110150,42.77409,82.75,0.887,11.31,88.0,43.0,0.0
1788104877.6,0.00,707.2,0,0.260,0.000,0.0000,0,False,False,P,False,72.8,13.70,110150,42.77409,82.75,0.877,11.31,88.0,43.0,0.0
1788104877.8,0.00,707.0,0,0.260,0.000,0.0000,0,False,False,P,False,72.8,13.70,110150,42.77409,82.35,0.898,11.31,88.0,43.0,0.0
1788104878.0,0.00,705.5,0,0.260,0.000,0.0000,0,False,False,P,False,72.8,13.70,110150,42.77409,82.75,0.877,11.31,88.0,43.0,0.0
1788104878.2,0.00,706.0,0,0.260,0.000,0.0000,0,False,False,P,False,72.8,13.70,110150,42.77409,82.75,0.908,11.31,88.0,43.0,0.0
1788104878.4,0.00,706.2,0,0.260,0.000,0.0000,0,False,False,P,False,72.8,13.70,110150,42.77409,82.35,0.908,11.31,88.0,43.0,0.0
1788104878.6,0.00,707.0,0,0.260,0.000,0.0000,0,False,False,P,False,72.8,13.72,110150,42.77409,82.75,0.898,11.31,88.0,43.0,0.0
1788104878.8,0.00,708.2,0,0.260,0.000,0.0000,0,False,False,P,False,72.8,13.72,110150,42.77409,82.75,0.898,11.31,88.0,43.0,0.0
1788104879.0,0.00,706.5,0,0.260,0.000,0.0000,0,False,False,P,False,72.8,13.72,110150,42.77409,82.35,0.887,11.31,88.0,43.0,0.0
1788104879.2,0.00,704.0,0,0.260,0.000,0.0000,0,False,False,P,False,72.8,13.72,110150,42.77409,82.75,0.898,11.31,88.0,43.0,0.0
1788104879.4,0.00,705.2,0,0.260,0.000,0.0000,0,False,False,P,False,72.8,13.72,110150,42.77409,82.35,0.877,11.31,88.0,43.0,0.0
1788104879.6,0.00,705.2,0,0.260,0.000,0.0000,0,False,False,P,False,72.8,13.72,110150,42.77409,82.75,0.887,11.31,88.0,43.0,0.0
1788104879.8,0.00,703.0,0,0.260,0.000,0.0000,0,False,False,P,False,72.8,13.72,110150,42.77409,82.35,0.877,11.31,88.0,43.0,0.0
1788104880.0,0.00,702.2,0,0.260,0.000,0.0000,0,False,False,P,False,72.8,13.72,110150,42.77409,82.75,0.887,11.31,88.0,43.0,0.0
1788104880.2,0.00,703.5,0,0.260,0.000,0.0000,0,False,False,P,False,72.8,13.72,110150,42.77409,81.96,0.898,11.31,88.0,43.0,0.0
1788104880.4,0.00,703.5,0,0.260,0.000,0.0000,0,False,False,P,False,72.8,13.72,110150,42.77409,82.35,0.877,11.31,88.0,43.0,0.0
1788104880.6,0.00,704.2,0,0.260,0.000,0.0000,0,False,False,P,False,72.8,13.72,110150,42.77409,82.35,0.887,11.31,88.0,43.0,0.0
1788104880.8,0.00,704.0,0,0.260,0.000,0.0000,0,False,False,P,False,72.8,13.72,110150,42.77409,82.75,0.887,11.31,88.0,43.0,0.0
1788104881.0,0.00,700.0,0,0.260,0.000,0.0000,0,False,False,P,False,72.8,13.72,110150,42.77409,82.35,0.877,11.31,88.0,43.0,0.0
1788104881.2,0.00,700.2,0,0.260,0.000,0.0000,0,False,False,P,False,72.8,13.72,110150,42.77409,82.35,0.898,11.31,88.0,44.0,0.0
1788104881.4,0.00,702.0,0,0.260,0.000,0.0000,0,False,False,P,False,72.8,13.72,110150,42.77409,82.75,0.887,11.31,88.0,43.0,0.0
1788104881.6,0.00,703.5,0,0.260,0.000,0.0000,0,False,False,P,False,72.8,13.72,110150,42.77409,82.75,0.877,11.31,88.0,44.0,0.0
1788104881.9,0.00,704.2,0,0.260,0.000,0.0000,0,False,False,P,False,72.8,13.72,110150,42.77409,82.35,0.887,11.31,88.0,44.0,0.0
1788104882.1,0.00,706.2,0,0.260,0.000,0.0000,0,False,False,P,False,72.8,13.72,110150,42.77409,82.75,0.866,11.31,88.0,43.0,0.0
1788104882.3,0.00,706.8,0,0.260,0.000,0.0000,0,False,False,P,False,72.8,13.72,110150,42.77409,82.75,0.866,11.31,88.0,43.0,0.0
1788104882.5,0.00,707.0,0,0.260,0.000,0.0000,0,False,False,P,False,72.8,13.72,110150,42.77409,81.96,0.887,11.31,88.0,43.0,0.0
1788104882.7,0.00,706.5,0,0.260,0.000,0.0000,0,False,False,P,False,72.8,13.72,110150,42.77409,82.35,0.856,11.31,88.0,43.0,0.0
1788104882.9,0.00,707.5,0,0.260,0.000,0.0000,0,False,False,P,False,72.8,13.72,110150,42.77409,82.75,0.887,11.31,88.0,43.0,0.0
1788104883.1,0.00,704.0,0,0.260,0.000,0.0000,0,False,False,P,False,72.8,13.72,110150,42.77409,82.75,0.887,11.31,88.0,43.0,0.0
1788104883.3,0.00,703.2,0,0.260,0.000,0.0000,0,False,False,P,False,72.8,13.72,110150,42.77409,82.75,0.898,11.31,88.0,43.0,0.0
1788104883.5,0.00,705.5,0,0.260,0.000,0.0000,0,False,False,P,False,72.8,13.72,110150,42.77409,82.75,0.877,11.31,88.0,43.0,0.0
1788104883.7,0.00,707.5,0,0.260,0.000,0.0000,0,False,False,P,False,72.8,13.72,110150,42.77409,82.35,0.877,11.31,88.0,43.0,0.0
1788104883.9,0.00,707.0,0,0.260,0.000,0.0000,0,False,False,P,False,72.8,13.72,110150,42.77409,82.75,0.887,11.31,88.0,43.0,0.0
1788104884.1,0.00,704.5,0,0.260,0.000,0.0000,0,False,False,P,False,72.8,13.72,110150,42.77409,82.35,0.877,11.31,88.0,43.0,0.0
1788104884.3,0.00,704.2,0,0.260,0.000,0.0000,0,False,False,P,False,72.8,13.72,110150,42.77409,82.75,0.877,11.31,88.0,43.0,0.0
1788104884.5,0.00,704.2,0,0.260,0.000,0.0000,0,False,False,P,False,72.8,13.72,110150,42.77409,82.35,0.887,11.31,88.0,43.0,0.0
1788104884.7,0.00,703.2,0,0.260,0.000,0.0000,0,False,False,P,False,72.8,13.71,110150,42.77409,82.35,0.908,11.31,88.0,43.0,0.0
1788104884.9,0.00,701.0,0,0.260,0.000,0.0000,0,False,False,P,False,72.8,13.71,110150,42.77409,82.35,0.856,11.31,88.0,43.0,0.0
1788104885.1,0.00,702.5,0,0.260,0.000,0.0000,0,False,False,P,False,72.8,13.71,110150,42.77409,82.75,0.898,11.31,88.0,43.0,0.0
1788104885.3,0.00,701.8,0,0.260,0.000,0.0000,0,False,False,P,False,72.8,13.71,110150,42.77409,82.35,0.877,11.31,88.0,44.0,0.0
1788104885.5,0.00,700.2,0,0.260,0.000,0.0000,0,False,False,P,False,72.8,13.71,110150,42.77409,82.35,0.866,11.31,88.0,44.0,0.0
1788104885.7,0.00,699.8,0,0.260,0.000,0.0000,0,False,False,P,False,72.8,13.71,110150,42.77409,82.75,0.866,11.31,88.0,44.0,0.0
1788104885.9,0.00,699.8,0,0.260,0.000,0.0000,0,False,False,P,False,72.8,13.71,110150,42.77409,82.35,0.877,11.31,88.0,44.0,0.0
1788104886.1,0.00,699.8,0,0.260,0.000,0.0000,0,False,False,P,False,72.8,13.71,110150,42.77409,82.75,0.866,11.31,88.0,44.0,0.0
1788104886.3,0.00,702.5,0,0.260,0.000,0.0000,0,False,False,P,False,72.8,13.71,110150,42.77409,82.75,0.866,11.31,88.0,44.0,0.0
1788104886.5,0.00,703.2,0,0.260,0.000,0.0000,0,False,False,P,False,72.8,13.71,110150,42.77409,82.35,0.877,11.31,88.0,44.0,0.0
1788104886.7,0.00,704.8,0,0.260,0.000,0.0000,0,False,False,P,False,72.8,13.71,110150,42.77409,82.35,0.877,11.31,88.0,44.0,0.0
1788104886.9,0.00,707.5,0,0.260,0.000,0.0000,0,False,False,P,False,72.8,13.71,110150,42.77409,82.75,0.887,11.31,88.0,43.0,0.0
1788104887.1,0.00,706.2,0,0.260,0.000,0.0000,0,False,False,P,False,72.8,13.71,110150,42.77409,82.75,0.877,11.31,88.0,44.0,0.0
1788104887.3,0.00,707.0,0,0.260,0.000,0.0000,0,False,False,P,False,72.8,13.71,110150,42.77409,82.35,0.887,11.31,88.0,44.0,0.0
1788104887.5,0.00,708.0,0,0.260,0.000,0.0000,0,False,False,P,False,72.8,13.71,110150,42.77409,82.75,0.898,11.31,88.0,43.0,0.0
1788104887.8,0.00,707.0,0,0.260,0.000,0.0000,0,False,False,P,False,72.8,13.72,110150,42.77409,82.75,0.866,11.31,88.0,43.0,0.0
1788104888.0,0.00,705.0,0,0.260,0.000,0.0000,0,False,False,P,False,72.8,13.72,110150,42.77409,82.75,0.898,11.31,88.0,43.0,0.0
1788104888.2,0.00,704.0,0,0.260,0.000,0.0000,0,False,False,P,False,72.8,13.72,110150,42.77409,82.35,0.877,11.31,88.0,43.0,0.0
1788104888.4,0.00,704.2,0,0.260,0.000,0.0000,0,False,False,P,False,72.8,13.72,110150,42.77409,82.75,0.898,11.31,88.0,43.0,0.0
1788104888.6,0.00,703.5,0,0.260,0.000,0.0000,0,False,False,P,False,72.8,13.72,110150,42.77409,82.75,0.856,11.31,88.0,43.0,0.0
1788104888.8,0.00,701.5,0,0.260,0.000,0.0000,0,False,False,P,False,72.8,13.72,110150,42.77409,82.75,0.887,11.31,88.0,43.0,0.0
1788104889.0,0.00,700.2,0,0.260,0.000,0.0000,0,False,False,P,False,72.8,13.72,110150,42.77409,82.35,0.887,11.30,88.0,43.0,0.0
1788104889.2,0.00,698.5,0,0.260,0.000,0.0000,0,False,False,P,False,72.8,13.72,110150,42.77409,82.75,0.887,11.30,88.0,43.0,0.0
1788104889.4,0.00,695.2,0,0.260,0.000,0.0000,0,False,False,P,False,72.8,13.72,110150,42.77409,82.75,0.887,11.30,88.0,44.0,0.0
1788104889.6,0.00,696.5,0,0.260,0.000,0.0000,0,False,False,P,False,72.8,13.72,110150,42.77409,82.75,0.887,11.30,88.0,44.0,0.0
1788104889.8,0.00,698.2,0,0.260,0.000,0.0000,0,False,False,P,False,72.8,13.72,110150,42.77409,82.35,0.877,11.30,88.0,44.0,0.0
1788104890.0,0.00,702.2,0,0.260,0.000,0.0000,0,False,False,P,False,72.8,13.72,110150,42.77409,82.35,0.887,11.30,88.0,44.0,0.0
1788104890.2,0.00,703.5,0,0.260,0.000,0.0000,0,False,False,P,False,72.8,13.72,110150,42.77409,82.75,0.877,11.30,88.0,44.0,0.0
1788104890.4,0.00,698.0,0,0.260,0.000,0.0000,0,False,False,P,False,72.8,13.72,110150,42.77409,82.75,0.671,11.30,88.0,42.0,0.0
1788104890.6,0.00,718.5,0,0.260,0.000,0.0000,0,False,False,P,False,72.8,13.72,110150,42.77409,82.75,0.653,11.30,88.0,40.0,0.0
1788104890.8,0.00,752.8,0,0.260,0.000,0.0000,0,False,False,P,False,72.8,13.82,110150,42.77409,82.35,0.611,11.30,88.0,38.0,0.0
1788104891.0,0.00,749.0,0,0.260,0.000,0.0000,0,False,False,P,False,72.8,13.82,110150,42.77409,82.75,0.629,11.30,88.0,36.0,0.0
1788104891.2,0.00,746.5,0,0.260,0.000,0.0000,0,False,False,P,False,72.8,13.82,110150,42.77409,82.75,0.611,11.30,88.0,35.0,0.0
1788104891.4,0.00,733.2,0,0.260,0.000,0.0000,0,False,False,P,False,72.8,13.82,110150,42.77409,82.75,0.604,11.30,88.0,34.0,0.0
1788104891.6,0.00,729.0,0,0.260,0.000,0.0000,0,False,False,P,False,72.8,13.82,110150,42.77409,82.35,0.597,11.30,88.0,33.0,0.0
1788104891.8,0.00,718.0,0,0.260,0.000,0.0000,0,False,False,P,False,72.8,13.82,110150,42.77409,82.75,0.622,11.30,88.0,32.0,0.0
1788104892.0,0.00,712.5,0,0.260,0.000,0.0000,0,False,False,P,False,72.8,13.82,110150,42.77409,82.75,0.604,11.30,88.0,32.0,0.0
1788104892.2,0.00,704.0,0,0.260,0.000,0.0000,0,False,False,P,False,72.8,13.82,110150,42.77409,82.35,0.604,11.30,88.0,32.0,0.0
1788104892.4,0.00,704.8,0,0.260,0.000,0.0000,0,False,False,P,False,72.8,13.82,110150,42.77409,81.96,0.629,11.30,88.0,32.0,0.0
1788104892.6,0.00,708.0,0,0.260,0.000,0.0000,0,False,False,P,False,72.8,13.82,110150,42.77409,82.75,0.629,11.30,88.0,32.0,0.0
1788104892.8,0.00,709.8,0,0.260,0.000,0.0000,0,False,False,P,False,72.8,13.82,110150,42.77409,82.75,0.611,11.30,88.0,32.0,0.0
1788104893.0,0.00,709.5,0,0.260,0.000,0.0000,0,False,False,P,False,72.8,13.82,110150,42.77409,81.96,0.597,11.30,88.0,32.0,0.0
1788104893.3,0.00,711.0,0,0.260,0.000,0.0000,0,False,False,P,False,72.8,13.82,110150,42.77409,82.35,0.622,11.30,88.0,32.0,0.0
1788104893.5,0.00,716.2,0,0.260,0.000,0.0000,0,False,False,P,False,72.8,13.82,110150,42.77409,82.35,0.611,11.30,88.0,32.0,0.0
1788104893.7,0.00,715.5,0,0.260,0.000,0.0000,0,False,False,P,False,72.8,13.82,110150,42.77409,82.75,0.611,11.30,88.0,32.0,0.0
1788104893.9,0.00,715.0,0,0.260,0.000,0.0000,0,False,False,P,False,72.8,13.82,110150,42.77409,82.75,0.604,11.30,88.0,32.0,0.0
1788104894.1,0.00,712.5,0,0.260,0.000,0.0000,0,False,False,P,False,72.8,13.73,110150,42.77409,82.75,0.622,11.30,88.0,32.0,0.0
1788104894.3,0.00,710.0,0,0.260,0.000,0.0000,0,False,False,P,False,72.8,13.73,110150,42.77409,82.35,0.611,11.30,88.0,32.0,0.0
1788104894.5,0.00,711.8,0,0.260,0.000,0.0000,0,False,False,P,False,72.8,13.73,110150,42.77409,82.75,0.611,11.30,88.0,32.0,0.0
1788104894.7,0.00,710.0,0,0.260,0.000,0.0000,0,False,False,P,False,72.8,13.73,110150,42.77409,82.75,0.604,11.30,88.0,32.0,0.0
1788104894.9,0.00,709.2,0,0.260,0.000,0.0000,0,False,False,P,False,72.8,13.73,110150,42.77409,82.35,0.611,11.30,88.0,32.0,0.0
1788104895.1,0.00,711.2,0,0.260,0.000,0.0000,0,False,False,P,False,72.8,13.73,110150,42.77409,82.75,0.604,11.30,88.0,32.0,0.0
1788104895.3,0.00,709.5,0,0.260,0.000,0.0000,0,False,False,P,False,72.8,13.73,110150,42.77409,82.75,0.604,11.30,88.0,32.0,0.0
1788104895.5,0.00,708.2,0,0.260,0.000,0.0000,0,False,False,P,False,72.8,13.73,110150,42.77409,82.35,0.604,11.30,88.0,32.0,0.0
1788104895.7,0.00,706.8,0,0.260,0.000,0.0000,0,False,False,P,False,72.8,13.73,110150,42.77409,82.35,0.604,11.30,88.0,32.0,0.0
1788104895.9,0.00,708.2,0,0.260,0.000,0.0000,0,False,False,P,False,72.8,13.73,110150,42.77409,82.75,0.611,11.30,88.0,32.0,0.0
1788104896.1,0.00,707.2,0,0.260,0.000,0.0000,0,False,False,P,False,72.8,13.73,110150,42.77409,81.96,0.587,11.30,88.0,32.0,0.0
1788104896.3,0.00,709.8,0,0.260,0.000,0.0000,0,False,False,P,False,72.8,13.73,110150,42.77409,82.35,0.611,11.30,88.0,32.0,0.0
1788104896.5,0.00,709.5,0,0.260,0.000,0.0000,0,False,False,P,False,72.8,13.73,110150,42.77409,82.35,0.597,11.30,88.0,32.0,0.0
1788104896.7,0.00,709.8,0,0.260,0.000,0.0000,0,False,False,P,False,72.8,13.73,110150,42.77409,82.35,0.611,11.30,88.0,32.0,0.0
1788104896.9,0.00,714.0,0,0.260,0.000,0.0000,0,False,False,P,False,72.8,13.73,110150,42.77409,82.35,0.597,11.30,88.0,32.0,0.0
1788104897.1,0.00,711.0,0,0.260,0.000,0.0000,0,False,False,P,False,72.8,13.74,110150,42.77409,82.35,0.604,11.30,88.0,32.0,0.0
1788104897.3,0.00,711.0,0,0.260,0.000,0.0000,0,False,False,P,False,72.8,13.74,110150,42.77409,82.75,1.345,11.30,88.0,34.0,0.0
1788104897.5,0.00,762.5,0,0.260,0.000,0.0000,0,False,False,P,False,72.8,13.74,110150,42.77409,82.35,0.866,11.30,88.0,38.0,0.0
1788104897.7,0.00,749.5,0,0.260,0.000,0.0000,0,False,False,P,False,72.8,13.74,110150,42.77409,82.75,0.814,11.30,88.0,38.0,0.0
1788104897.9,0.00,735.2,0,0.260,0.000,0.0000,0,False,False,P,False,72.8,13.74,110150,42.77409,82.75,0.989,11.30,88.0,40.0,0.0
1788104898.1,0.00,735.5,0,0.260,0.000,0.0000,0,False,False,P,False,72.8,13.74,110150,42.77409,82.75,0.898,11.30,88.0,40.0,0.0
1788104898.3,0.00,726.2,0,0.260,0.000,0.0000,0,False,False,P,False,72.8,13.74,110150,42.77409,82.75,0.978,11.30,88.0,42.0,0.0
1788104898.5,0.00,729.8,0,0.260,0.000,0.0000,0,False,False,P,False,72.8,13.74,110150,42.77409,82.75,0.898,11.30,88.0,42.0,0.0
1788104898.7,0.00,732.8,0,0.260,0.000,0.0000,0,False,False,P,False,72.8,13.74,110150,42.77409,82.35,0.933,11.30,88.0,43.0,0.0
1788104898.9,0.00,732.8,0,0.260,0.000,0.0000,0,False,False,P,False,72.8,13.74,110150,42.77409,82.75,0.954,11.30,88.0,43.0,0.0
1788104899.1,0.00,728.2,0,0.260,0.000,0.0000,0,False,False,P,False,72.8,13.74,110150,42.77409,82.35,0.898,11.30,88.0,43.0,0.0
1788104899.3,0.00,726.2,0,0.260,0.000,0.0000,0,False,False,P,False,72.8,13.74,110150,42.77409,82.75,0.908,11.30,88.0,43.0,0.0
1788104899.5,0.00,721.8,0,0.260,0.000,0.0000,0,False,False,P,False,72.8,13.74,110150,42.77409,82.75,0.954,11.30,88.0,43.0,0.0
1788104899.7,0.00,721.0,0,0.260,0.000,0.0000,0,False,False,P,False,72.8,13.74,110150,42.77409,82.75,0.978,11.30,88.0,44.0,0.0
1788104899.9,0.00,720.2,0,0.260,0.000,0.0000,0,False,False,P,False,72.8,13.74,110150,42.77409,82.75,0.999,11.30,88.0,44.0,0.0
1788104900.2,0.00,721.5,0,0.260,0.000,0.0000,0,False,False,P,False,72.8,13.48,110150,42.77409,82.75,0.933,11.30,88.0,44.0,0.0
1788104900.4,0.00,725.2,0,0.260,0.000,0.0000,0,False,False,P,False,72.8,13.48,110150,42.77409,82.35,0.933,11.30,88.0,45.0,0.0
1788104900.6,0.00,729.5,0,0.260,0.000,0.0000,0,False,False,P,False,72.8,13.48,110150,42.77409,82.75,0.978,11.30,88.0,45.0,0.0
1788104900.8,0.00,735.2,0,0.260,0.000,0.0000,0,False,False,P,False,72.8,13.48,110150,42.77409,82.75,0.954,11.30,88.0,45.0,0.0
1788104901.0,0.00,740.2,0,0.260,0.000,0.0000,0,False,False,P,False,72.8,13.48,110150,42.77409,82.75,0.943,11.30,88.0,45.0,0.0
1788104901.2,0.00,740.0,0,0.260,0.000,0.0000,0,False,False,P,False,72.8,13.48,110150,42.77409,82.75,0.908,11.30,88.0,44.0,0.0
1788104901.4,0.00,739.2,0,0.260,0.000,0.0000,0,False,False,P,False,72.8,13.48,110150,42.77409,82.75,0.898,11.30,88.0,44.0,0.0
1788104901.6,0.00,735.0,0,0.260,0.000,0.0000,0,False,False,P,False,72.8,13.48,110150,42.77409,82.35,0.866,11.30,88.0,43.0,0.0
1788104901.8,0.00,726.2,0,0.260,0.000,0.0000,0,False,False,P,False,72.8,13.48,110150,42.77409,82.75,0.887,11.30,88.0,43.0,0.0
1788104902.0,0.00,720.0,0,0.260,0.000,0.0000,0,False,False,P,False,72.8,13.48,110150,42.77409,82.75,0.877,11.30,88.0,43.0,0.0
1788104902.2,0.00,715.0,0,0.260,0.000,0.0000,0,False,False,P,False,72.8,13.48,110150,42.77409,82.75,0.908,11.30,88.0,43.0,0.0
1788104902.4,0.00,710.2,0,0.260,0.000,0.0000,0,False,False,P,False,72.8,13.48,110150,42.77409,82.35,0.922,11.30,88.0,43.0,0.0
1788104902.6,0.00,709.5,0,0.260,0.000,0.0000,0,False,False,P,False,72.8,13.71,110150,42.77409,82.75,0.908,11.30,88.0,44.0,0.0
1788104902.8,0.00,709.8,0,0.260,0.000,0.0000,0,False,False,P,False,72.8,13.71,110150,42.77409,82.75,0.908,11.30,88.0,44.0,0.0
1788104903.0,0.00,715.0,0,0.260,0.000,0.0000,0,False,False,P,False,72.8,13.71,110150,42.77409,82.35,0.898,11.30,88.0,44.0,0.0
1788104903.2,0.00,717.0,0,0.260,0.000,0.0000,0,False,False,P,False,72.8,13.74,110150,42.77409,82.35,0.908,11.30,88.0,44.0,0.0
1788104903.4,0.00,718.8,0,0.260,0.000,0.0000,0,False,False,P,False,72.8,13.74,110150,42.77409,82.75,0.908,11.30,88.0,44.0,0.0
1788104903.6,0.00,717.2,0,0.260,0.000,0.0000,0,False,False,P,False,72.8,13.74,110150,42.77409,82.75,0.866,11.30,88.0,43.0,0.0
1788104903.8,0.00,718.0,0,0.260,0.000,0.0000,0,False,False,P,False,72.8,13.74,110150,42.77409,82.35,0.908,11.30,88.0,43.0,0.0
1788104904.0,0.00,719.2,0,0.260,0.000,0.0000,0,False,False,P,False,72.8,13.74,110150,42.77409,82.75,0.887,11.30,88.0,43.0,0.0
1788104904.2,0.00,714.8,0,0.260,0.000,0.0000,0,False,False,P,False,72.8,13.74,110150,42.77409,82.35,0.898,11.30,88.0,43.0,0.0
1788104904.4,0.00,713.5,0,0.260,0.000,0.0000,0,False,False,P,False,72.8,13.74,110150,42.77409,82.35,0.898,11.29,88.0,43.0,0.0
1788104904.6,0.00,708.5,0,0.260,0.000,0.0000,0,False,False,P,False,72.8,13.71,110150,42.77409,82.75,0.866,11.29,88.0,43.0,0.0
1788104904.8,0.00,706.8,0,0.260,0.000,0.0000,0,False,False,P,False,72.8,13.71,110150,42.77409,82.35,0.898,11.29,88.0,43.0,0.0
1788104905.0,0.00,702.0,0,0.260,0.000,0.0000,0,False,False,P,False,72.8,13.71,110150,42.77409,81.96,0.898,11.29,88.0,43.0,0.0
1788104905.2,0.00,703.0,0,0.260,0.000,0.0000,0,False,False,P,False,72.8,13.71,110150,42.77409,82.35,0.866,11.29,88.0,44.0,0.0
1788104905.4,0.00,701.5,0,0.260,0.000,0.0000,0,False,False,P,False,72.8,13.71,110150,42.77409,82.75,0.908,11.29,88.0,44.0,0.0
1788104905.6,0.00,703.5,0,0.260,0.000,0.0000,0,False,False,P,False,72.8,13.71,110150,42.77409,82.75,0.887,11.29,88.0,44.0,0.0
1788104905.8,0.00,707.5,0,0.260,0.000,0.0000,0,False,False,P,False,72.8,13.71,110150,42.77409,82.75,0.898,11.29,88.0,44.0,0.0
1788104906.0,0.00,709.2,0,0.260,0.000,0.0000,0,False,False,P,False,72.8,13.71,110150,42.77409,82.75,0.866,11.29,88.0,43.0,0.0
1788104906.2,0.00,710.2,0,0.260,0.000,0.0000,0,False,False,P,False,72.8,13.71,110150,42.77409,82.35,0.866,11.29,88.0,43.0,0.0
1788104906.4,0.00,709.0,0,0.260,0.000,0.0000,0,False,False,P,False,72.8,13.71,110150,42.77409,82.35,0.866,11.29,88.0,43.0,0.0
1788104906.7,0.00,706.8,0,0.260,0.000,0.0000,0,False,False,P,False,72.8,13.71,110150,42.77409,82.35,0.908,11.29,88.0,43.0,0.0
1788104906.9,0.00,706.5,0,0.260,0.000,0.0000,0,False,False,P,False,72.8,13.71,110150,42.77409,82.75,0.877,11.29,88.0,43.0,0.0
1788104907.1,0.00,707.0,0,0.260,0.000,0.0000,0,False,False,P,False,72.8,13.71,110150,42.77409,82.75,0.898,11.29,88.0,43.0,0.0
1788104907.3,0.00,707.8,0,0.260,0.000,0.0000,0,False,False,P,False,72.8,13.71,110150,42.77409,82.75,0.898,11.29,88.0,43.0,0.0
1788104907.5,0.00,706.8,0,0.260,0.000,0.0000,0,False,False,P,False,72.8,13.71,110150,42.77409,82.35,0.887,11.29,88.0,43.0,0.0
1788104907.7,0.00,706.2,0,0.260,0.000,0.0000,0,False,False,P,False,72.8,13.71,110150,42.77409,82.75,0.856,11.29,88.0,43.0,0.0
1788104907.9,0.00,705.0,0,0.260,0.000,0.0000,0,False,False,P,False,72.8,13.71,110150,42.77409,82.75,0.877,11.29,88.0,43.0,0.0
1788104908.1,0.00,705.2,0,0.260,0.000,0.0000,0,False,False,P,False,72.8,13.71,110150,42.77409,82.75,0.877,11.29,88.0,43.0,0.0
1788104908.3,0.00,705.2,0,0.260,0.000,0.0000,0,False,False,P,False,72.8,13.71,110150,42.77409,82.75,0.877,11.29,88.0,43.0,0.0
1788104908.5,0.00,702.8,0,0.260,0.000,0.0000,0,False,False,P,False,72.8,13.71,110150,42.77409,82.35,0.866,11.29,88.0,43.0,0.0
1788104908.7,0.00,703.0,0,0.260,0.000,0.0000,0,False,False,P,False,72.8,13.71,110150,42.77409,82.35,0.887,11.29,88.0,43.0,0.0
1788104908.9,0.00,705.2,0,0.260,0.000,0.0000,0,False,False,P,False,72.8,13.71,110150,42.77409,82.75,0.877,11.29,88.0,43.0,0.0
1788104909.1,0.00,703.8,0,0.260,0.000,0.0000,0,False,False,P,False,72.8,13.71,110150,42.77409,82.75,0.887,11.29,88.0,43.0,0.0
1788104909.3,0.00,705.2,0,0.260,0.000,0.0000,0,False,False,P,False,72.8,13.71,110150,42.77409,82.35,0.898,11.29,88.0,43.0,0.0
1788104909.5,0.00,704.5,0,0.260,0.000,0.0000,0,False,False,P,False,72.8,13.72,110150,42.77409,82.35,0.866,11.29,88.0,43.0,0.0
1788104909.7,0.00,703.8,0,0.260,0.000,0.0000,0,False,False,P,False,72.8,13.72,110150,42.77409,82.75,0.856,11.29,88.0,43.0,0.0
1788104909.9,0.00,705.8,0,0.260,0.000,0.0000,0,False,False,P,False,72.8,13.72,110150,42.77409,82.75,0.898,11.29,88.0,43.0,0.0
1788104910.1,0.00,707.0,0,0.260,0.000,0.0000,0,False,False,P,False,72.8,13.72,110150,42.77409,82.75,0.922,11.29,88.0,43.0,0.0
1788104910.3,0.00,706.5,0,0.260,0.000,0.0000,0,False,False,P,False,72.8,13.72,110150,42.77409,82.35,0.877,11.29,88.0,43.0,0.0
1788104910.5,0.00,705.0,0,0.260,0.000,0.0000,0,False,False,P,False,72.8,13.72,110150,42.77409,82.75,0.887,11.29,88.0,43.0,0.0
1788104910.7,0.00,708.8,0,0.260,0.000,0.0000,0,False,False,P,False,72.8,13.72,110150,42.77409,82.35,0.898,11.29,88.0,43.0,0.0
1788104910.9,0.00,709.5,0,0.260,0.000,0.0000,0,False,False,P,False,72.8,13.72,110150,42.77409,82.35,0.887,11.29,88.0,43.0,0.0
1788104911.1,0.00,708.8,0,0.260,0.000,0.0000,0,False,False,P,False,72.8,13.72,110150,42.77409,82.75,0.856,11.29,88.0,43.0,0.0
1788104911.3,0.00,707.0,0,0.260,0.000,0.0000,0,False,False,P,False,72.8,13.72,110150,42.77409,82.75,0.887,11.29,88.0,43.0,0.0
1788104911.5,0.00,704.0,0,0.260,0.000,0.0000,0,False,False,P,False,72.8,13.72,110150,42.77409,82.35,0.734,11.29,88.0,42.0,0.0
1788104911.7,0.00,687.8,0,0.260,0.000,0.0000,0,False,False,P,False,72.8,13.72,110150,42.77409,82.75,0.639,11.29,88.0,40.0,0.0
1788104911.9,0.00,738.0,0,0.260,0.000,0.0000,0,False,False,P,False,72.8,13.72,110150,42.77409,82.75,0.653,11.29,88.0,39.0,0.0
1788104912.1,0.00,745.0,0,0.260,0.000,0.0000,0,False,False,P,False,72.8,13.72,110150,42.77409,82.35,0.639,11.29,88.0,37.0,0.0
1788104912.3,0.00,745.0,0,0.260,0.000,0.0000,0,False,False,P,False,72.8,13.72,110150,42.77409,82.75,0.629,11.29,88.0,35.0,0.0
1788104912.5,0.00,740.5,0,0.260,0.000,0.0000,0,False,False,P,False,72.8,13.88,110150,42.77409,82.75,0.573,11.29,88.0,34.0,0.0
1788104912.7,0.00,728.0,0,0.260,0.000,0.0000,0,False,False,P,False,72.8,13.88,110150,42.77409,82.75,0.597,11.29,88.0,33.0,0.0
1788104913.0,0.00,722.0,0,0.260,0.000,0.0000,0,False,False,P,False,72.8,13.88,110150,42.77409,81.96,0.597,11.29,88.0,32.0,0.0
1788104913.2,0.00,714.0,0,0.260,0.000,0.0000,0,False,False,P,False,72.8,13.88,110150,42.77409,82.35,0.604,11.29,88.0,32.0,0.0
1788104913.4,0.00,707.2,0,0.260,0.000,0.0000,0,False,False,P,False,72.8,13.88,110150,42.77409,82.75,0.604,11.29,88.0,32.0,0.0
1788104913.6,0.00,704.0,0,0.260,0.000,0.0000,0,False,False,P,False,71.9,13.88,110150,42.77409,82.75,0.611,11.29,88.0,32.0,0.0
1788104913.8,0.00,707.8,0,0.260,0.000,0.0000,0,False,False,P,False,71.9,13.88,110150,42.77409,82.75,0.622,11.29,88.0,32.0,0.0
1788104914.0,0.00,707.5,0,0.260,0.000,0.0000,0,False,False,P,False,71.9,13.88,110150,42.77409,82.35,0.622,11.29,88.0,32.0,0.0
1788104914.2,0.00,713.5,0,0.260,0.000,0.0000,0,False,False,P,False,71.9,13.88,110150,42.77409,82.35,0.611,11.29,88.0,32.0,0.0
1788104914.4,0.00,714.2,0,0.260,0.000,0.0000,0,False,False,P,False,71.9,13.88,110150,42.77409,82.35,0.611,11.29,88.0,32.0,0.0
1788104914.6,0.00,712.2,0,0.260,0.000,0.0000,0,False,False,P,False,71.9,13.88,110150,42.77409,82.35,0.604,11.29,88.0,32.0,0.0
1788104914.8,0.00,713.0,0,0.260,0.000,0.0000,0,False,False,P,False,71.9,13.88,110150,42.77409,82.75,0.604,11.29,88.0,32.0,0.0
1788104915.0,0.00,713.2,0,0.260,0.000,0.0000,0,False,False,P,False,71.9,13.88,110150,42.77409,82.75,0.611,11.29,88.0,32.0,0.0
1788104915.2,0.00,712.2,0,0.260,0.000,0.0000,0,False,False,P,False,71.9,13.88,110150,42.77409,82.35,0.604,11.29,88.0,32.0,0.0
1788104915.4,0.00,712.8,0,0.260,0.000,0.0000,0,False,False,P,False,71.9,13.88,110150,42.77409,82.75,0.604,11.29,88.0,32.0,0.0
1788104915.6,0.00,711.2,0,0.260,0.000,0.0000,0,False,False,P,False,71.9,13.73,110150,42.77409,82.75,0.611,11.29,88.0,32.0,0.0
1788104915.8,0.00,713.0,0,0.260,0.000,0.0000,0,False,False,P,False,71.9,13.73,110150,42.77409,82.35,0.622,11.29,88.0,32.0,0.0
1788104916.0,0.00,713.0,0,0.260,0.000,0.0000,0,False,False,P,False,71.9,13.73,110150,42.77409,82.75,0.580,11.29,88.0,32.0,0.0
1788104916.2,0.00,712.0,0,0.260,0.000,0.0000,0,False,False,P,False,71.9,13.73,110150,42.77409,82.75,0.622,11.29,88.0,32.0,0.0
1788104916.4,0.00,713.0,0,0.260,0.000,0.0000,0,False,False,P,False,71.9,13.73,110150,42.77409,82.35,0.622,11.29,88.0,32.0,0.0
1788104916.6,0.00,709.0,0,0.260,0.000,0.0000,0,False,False,P,False,71.9,13.73,110150,42.77409,82.35,0.629,11.29,88.0,32.0,0.0
1788104916.8,0.00,710.2,0,0.260,0.000,0.0000,0,False,False,P,False,71.9,13.73,110150,42.77409,82.75,0.597,11.29,88.0,32.0,0.0
1788104917.0,0.00,711.0,0,0.260,0.000,0.0000,0,False,False,P,False,71.9,13.73,110150,42.77409,82.75,0.611,11.29,88.0,32.0,0.0
1788104917.2,0.00,708.5,0,0.260,0.000,0.0000,0,False,False,P,False,71.9,13.73,110150,42.77409,82.35,0.611,11.29,88.0,32.0,0.0
1788104917.4,0.00,710.5,0,0.260,0.000,0.0000,0,False,False,P,False,71.9,13.73,110150,42.77409,82.35,0.622,11.29,88.0,32.0,0.0
1788104917.6,0.00,707.8,0,0.260,0.000,0.0000,0,False,False,P,False,71.9,13.73,110150,42.77409,82.75,0.604,11.29,88.0,32.0,0.0
1788104917.8,0.00,711.8,0,0.260,0.000,0.0000,0,False,False,P,False,71.9,13.73,110150,42.77409,82.75,0.604,11.29,88.0,32.0,0.0
1788104918.0,0.00,711.0,0,0.260,0.000,0.0000,0,False,False,P,False,71.9,13.73,110150,42.77409,82.35,0.611,11.29,88.0,32.0,0.0
1788104918.2,0.00,710.8,0,0.260,0.000,0.0000,0,False,False,P,False,71.9,13.73,110150,42.77409,82.35,0.611,11.29,88.0,32.0,0.0
1788104918.4,0.00,706.0,0,0.260,0.000,0.0000,0,False,False,P,False,71.9,13.73,110150,42.77409,81.96,0.622,11.29,88.0,32.0,0.0
1788104918.6,0.00,709.5,0,0.260,0.000,0.0000,0,False,False,P,False,71.9,13.74,110150,42.77409,82.35,0.597,11.29,88.0,32.0,0.0
1788104918.8,0.00,713.8,0,0.260,0.000,0.0000,0,False,False,P,False,71.9,13.74,110150,42.77409,82.35,0.604,11.29,88.0,32.0,0.0
1788104919.0,0.00,708.8,0,0.260,0.000,0.0000,0,False,False,P,False,71.9,13.74,110150,42.77409,82.35,0.604,11.29,88.0,32.0,0.0
1788104919.2,0.00,708.2,0,0.260,0.000,0.0000,0,False,False,P,False,71.9,13.74,110150,42.77409,82.75,0.597,11.29,88.0,32.0,0.0
1788104919.4,0.00,711.0,0,0.260,0.000,0.0000,0,False,False,P,False,71.9,13.74,110150,42.77409,82.75,0.597,11.29,88.0,32.0,0.0
1788104919.7,0.00,712.5,0,0.260,0.000,0.0000,0,False,False,P,False,71.9,13.74,110150,42.77409,82.35,0.611,11.29,88.0,32.0,0.0
1788104919.9,0.00,711.8,0,0.260,0.000,0.0000,0,False,False,P,False,71.9,13.74,110150,42.77409,82.75,0.611,11.29,88.0,32.0,0.0
1788104920.1,0.00,709.5,0,0.260,0.000,0.0000,0,False,False,P,False,71.9,13.74,110150,42.77409,82.75,1.771,11.29,88.0,36.0,0.0
1788104920.3,0.00,779.5,0,0.260,0.000,0.0000,0,False,False,P,False,71.9,13.74,110150,42.77409,82.75,0.835,11.28,88.0,39.0,0.0
1788104920.5,0.00,758.2,0,0.260,0.000,0.0000,0,False,False,P,False,71.9,13.74,110150,42.77409,82.75,0.898,11.28,88.0,39.0,0.0
1788104920.7,0.00,746.0,0,0.260,0.000,0.0000,0,False,False,P,False,71.9,13.74,110150,42.77409,82.75,0.908,11.28,88.0,40.0,0.0
1788104920.9,0.00,745.5,0,0.260,0.000,0.0000,0,False,False,P,False,71.9,13.74,110150,42.77409,82.35,0.943,11.28,88.0,41.0,0.0
1788104921.1,0.00,738.2,0,0.260,0.000,0.0000,0,False,False,P,False,71.9,13.74,110150,42.77409,82.75,0.922,11.28,88.0,42.0,0.0
1788104921.3,0.00,739.0,0,0.260,0.000,0.0000,0,False,False,P,False,71.9,13.74,110150,42.77409,82.35,0.877,11.28,88.0,42.0,0.0
1788104921.5,0.00,739.0,0,0.260,0.000,0.0000,0,False,False,P,False,71.9,13.74,110150,42.77409,82.75,0.877,11.28,88.0,43.0,0.0
1788104921.7,0.00,737.8,0,0.260,0.000,0.0000,0,False,False,P,False,71.9,13.74,110150,42.77409,82.35,0.887,11.28,88.0,43.0,0.0
1788104921.9,0.00,730.2,0,0.260,0.000,0.0000,0,False,False,P,False,71.9,13.33,110150,42.77409,82.35,0.922,11.28,88.0,43.0,0.0
1788104922.1,0.00,726.0,0,0.260,0.000,0.0000,0,False,False,P,False,71.9,13.33,110150,42.77409,82.75,0.922,11.28,88.0,43.0,0.0
1788104922.3,0.00,726.8,0,0.260,0.000,0.0000,0,False,False,P,False,71.9,13.33,110150,42.77409,82.75,0.943,11.28,88.0,44.0,0.0
1788104922.5,0.00,728.2,0,0.260,0.000,0.0000,0,False,False,P,False,71.9,13.33,110150,42.77409,82.75,0.943,11.28,88.0,44.0,0.0
1788104922.7,0.00,728.8,0,0.260,0.000,0.0000,0,False,False,P,False,71.9,13.33,110150,42.77409,82.75,0.933,11.28,88.0,44.0,0.0
1788104922.9,0.00,728.2,0,0.260,0.000,0.0000,0,False,False,P,False,71.9,13.33,110150,42.77409,82.75,0.954,11.28,88.0,44.0,0.0
1788104923.1,0.00,730.2,0,0.260,0.000,0.0000,0,False,False,P,False,71.9,13.33,110150,42.77409,82.75,0.943,11.28,88.0,44.0,0.0
1788104923.3,0.00,733.2,0,0.260,0.000,0.0000,0,False,False,P,False,71.9,13.33,110150,42.77409,82.35,0.943,11.28,88.0,45.0,0.0
1788104923.5,0.00,737.8,0,0.260,0.000,0.0000,0,False,False,P,False,71.9,13.33,110150,42.77409,82.35,0.922,11.28,88.0,44.0,0.0
1788104923.7,0.00,742.8,0,0.260,0.000,0.0000,0,False,False,P,False,71.9,13.33,110150,42.77409,82.75,0.898,11.28,88.0,44.0,0.0
1788104923.9,0.00,740.0,0,0.260,0.000,0.0000,0,False,False,P,False,71.9,13.33,110150,42.77409,82.35,0.908,11.28,88.0,43.0,0.0
1788104924.1,0.00,736.5,0,0.260,0.000,0.0000,0,False,False,P,False,71.9,13.33,110150,42.77409,82.35,0.856,11.28,88.0,43.0,0.0
1788104924.3,0.00,730.2,0,0.260,0.000,0.0000,0,False,False,P,False,71.9,13.33,110150,42.77409,82.35,0.877,11.28,88.0,43.0,0.0
1788104924.5,0.00,724.0,0,0.260,0.000,0.0000,0,False,False,P,False,71.9,13.33,110150,42.77409,83.14,0.877,11.28,88.0,43.0,0.0
1788104924.7,0.00,718.0,0,0.260,0.000,0.0000,0,False,False,P,False,71.9,13.33,110150,42.77409,82.75,0.877,11.28,88.0,43.0,0.0
1788104924.9,0.00,716.0,0,0.260,0.000,0.0000,0,False,False,P,False,71.9,13.70,110150,42.77409,82.75,0.877,11.28,88.0,43.0,0.0
1788104925.1,0.00,712.2,0,0.260,0.000,0.0000,0,False,False,P,False,71.9,13.70,110150,42.77409,81.96,0.866,11.28,88.0,43.0,0.0
1788104925.3,0.00,711.2,0,0.260,0.000,0.0000,0,False,False,P,False,71.9,13.70,110150,42.77409,82.35,0.887,11.28,88.0,43.0,0.0
1788104925.6,0.00,714.5,0,0.260,0.000,0.0000,0,False,False,P,False,71.9,13.73,110150,42.77409,82.35,0.887,11.28,88.0,43.0,0.0
1788104925.8,0.00,717.8,0,0.260,0.000,0.0000,0,False,False,P,False,71.9,13.73,110150,42.77409,82.35,0.887,11.28,88.0,43.0,0.0
1788104926.0,0.00,718.8,0,0.260,0.000,0.0000,0,False,False,P,False,71.9,13.73,110150,42.77409,82.75,0.856,11.28,88.0,43.0,0.0
1788104926.2,0.00,718.2,0,0.260,0.000,0.0000,0,False,False,P,False,71.9,13.73,110150,42.77409,82.75,0.877,11.28,88.0,43.0,0.0
1788104926.4,0.00,716.5,0,0.260,0.000,0.0000,0,False,False,P,False,71.9,13.73,110150,42.77409,82.35,0.898,11.28,88.0,43.0,0.0
1788104926.6,0.00,716.8,0,0.260,0.000,0.0000,0,False,False,P,False,71.9,13.73,110150,42.77409,82.35,0.887,11.28,88.0,43.0,0.0
1788104926.8,0.00,717.2,0,0.260,0.000,0.0000,0,False,False,P,False,71.9,13.73,110150,42.77409,82.75,0.887,11.28,88.0,43.0,0.0
1788104927.0,0.00,716.0,0,0.260,0.000,0.0000,0,False,False,P,False,71.9,13.73,110150,42.77409,82.35,0.887,11.28,88.0,43.0,0.0
1788104927.2,0.00,711.0,0,0.260,0.000,0.0000,0,False,False,P,False,71.9,13.73,110150,42.77409,82.75,0.877,11.28,88.0,43.0,0.0
1788104927.4,0.00,709.8,0,0.260,0.000,0.0000,0,False,False,P,False,71.9,13.73,110150,42.77409,82.35,0.908,11.28,88.0,43.0,0.0
1788104927.6,0.00,710.2,0,0.260,0.000,0.0000,0,False,False,P,False,71.9,13.73,110150,42.77409,82.35,0.877,11.28,88.0,43.0,0.0
1788104927.8,0.00,710.0,0,0.260,0.000,0.0000,0,False,False,P,False,71.9,13.73,110150,42.77409,82.75,0.898,11.28,88.0,43.0,0.0
1788104928.0,0.00,707.5,0,0.260,0.000,0.0000,0,False,False,P,False,71.9,13.73,110150,42.77409,82.35,0.898,11.28,88.0,43.0,0.0
1788104928.2,0.00,706.0,0,0.260,0.000,0.0000,0,False,False,P,False,71.9,13.73,110150,42.77409,82.75,0.898,11.28,88.0,43.0,0.0
1788104928.4,0.00,703.5,0,0.260,0.000,0.0000,0,False,False,P,False,71.9,13.73,110150,42.77409,82.75,0.877,11.28,88.0,43.0,0.0
1788104928.6,0.00,703.2,0,0.260,0.000,0.0000,0,False,False,P,False,71.9,13.73,110150,42.77409,82.35,0.866,11.28,88.0,43.0,0.0
1788104928.8,0.00,703.8,0,0.260,0.000,0.0000,0,False,False,P,False,71.9,13.73,110150,42.77409,82.35,0.887,11.28,88.0,43.0,0.0
1788104929.0,0.00,704.2,0,0.260,0.000,0.0000,0,False,False,P,False,71.9,13.73,110150,42.77409,82.75,0.856,11.28,88.0,43.0,0.0
1788104929.2,0.00,703.5,0,0.260,0.000,0.0000,0,False,False,P,False,71.9,13.73,110150,42.77409,82.75,0.866,11.28,88.0,43.0,0.0
1788104929.4,0.00,702.2,0,0.260,0.000,0.0000,0,False,False,P,False,71.9,13.73,110150,42.77409,82.35,0.866,11.28,88.0,43.0,0.0
1788104929.6,0.00,702.8,0,0.260,0.000,0.0000,0,False,False,P,False,71.9,13.73,110150,42.77409,82.75,0.866,11.28,88.0,43.0,0.0
1788104929.8,0.00,703.8,0,0.260,0.000,0.0000,0,False,False,P,False,71.9,13.73,110150,42.77409,82.75,0.866,11.28,88.0,43.0,0.0
1788104930.0,0.00,702.8,0,0.260,0.000,0.0000,0,False,False,P,False,71.9,13.73,110150,42.77409,82.35,0.856,11.28,88.0,43.0,0.0
1788104930.2,0.00,700.8,0,0.260,0.000,0.0000,0,False,False,P,False,71.9,13.73,110150,42.77409,82.75,0.856,11.28,88.0,43.0,0.0
1788104930.4,0.00,699.8,0,0.260,0.000,0.0000,0,False,False,P,False,71.9,13.73,110150,42.77409,82.75,0.866,11.28,88.0,43.0,0.0
1788104930.6,0.00,698.5,0,0.260,0.000,0.0000,0,False,False,P,False,71.9,13.73,110150,42.77409,82.35,0.856,11.28,88.0,43.0,0.0
1788104930.8,0.00,698.2,0,0.260,0.000,0.0000,0,False,False,P,False,71.9,13.73,110150,42.77409,82.35,0.877,11.28,88.0,43.0,0.0
1788104931.0,0.00,699.5,0,0.260,0.000,0.0000,0,False,False,P,False,71.9,13.74,110150,42.77409,81.96,0.856,11.28,88.0,43.0,0.0
1788104931.2,0.00,701.5,0,0.260,0.000,0.0000,0,False,False,P,False,71.9,13.74,110150,42.77409,82.35,0.856,11.28,88.0,43.0,0.0
1788104931.4,0.00,703.5,0,0.260,0.000,0.0000,0,False,False,P,False,71.9,13.73,110150,42.77409,82.35,0.887,11.28,88.0,43.0,0.0
1788104931.6,0.00,706.0,0,0.260,0.000,0.0000,0,False,False,P,False,71.9,13.73,110150,42.77409,82.35,0.866,11.28,88.0,43.0,0.0
1788104931.9,0.00,710.0,0,0.260,0.000,0.0000,0,False,False,P,False,71.9,13.73,110150,42.77409,82.75,0.866,11.28,88.0,43.0,0.0
1788104932.1,0.00,711.5,0,0.260,0.000,0.0000,0,False,False,P,False,71.9,13.73,110150,42.77409,82.75,0.866,11.28,88.0,43.0,0.0
1788104932.3,0.00,708.8,0,0.260,0.000,0.0000,0,False,False,P,False,71.9,13.73,110150,42.77409,82.75,0.887,11.28,88.0,43.0,0.0
1788104932.5,0.00,708.8,0,0.260,0.000,0.0000,0,False,False,P,False,71.9,13.73,110150,42.77409,82.75,0.866,11.28,88.0,43.0,0.0
1788104932.7,0.00,705.5,0,0.260,0.000,0.0000,0,False,False,P,False,71.9,13.73,110150,42.77409,82.75,0.866,11.28,88.0,43.0,0.0
1788104932.9,0.00,707.0,0,0.260,0.000,0.0000,0,False,False,P,False,71.9,13.73,110150,42.77409,82.35,0.866,11.28,88.0,43.0,0.0
1788104933.1,0.00,706.5,0,0.260,0.000,0.0000,0,False,False,P,False,71.9,13.73,110150,42.77409,82.75,0.877,11.28,88.0,43.0,0.0
1788104933.3,0.00,706.5,0,0.260,0.000,0.0000,0,False,False,P,False,71.9,13.73,110150,42.77409,82.75,0.877,11.28,88.0,43.0,0.0
1788104933.5,0.00,705.5,0,0.260,0.000,0.0000,0,False,False,P,False,71.9,13.73,110150,42.77409,82.75,0.866,11.28,88.0,43.0,0.0
1788104933.7,0.00,704.0,0,0.260,0.000,0.0000,0,False,False,P,False,71.9,13.73,110150,42.77409,82.75,0.887,11.28,88.0,43.0,0.0
1788104933.9,0.00,704.0,0,0.260,0.000,0.0000,0,False,False,P,False,71.9,13.73,110150,42.77409,82.75,0.856,11.28,88.0,43.0,0.0
1788104934.1,0.00,703.2,0,0.260,0.000,0.0000,0,False,False,P,False,71.9,13.72,110150,42.77409,82.35,0.877,11.27,88.0,43.0,0.0
1788104934.3,0.00,701.2,0,0.260,0.000,0.0000,0,False,False,P,False,71.9,13.72,110150,42.77409,82.35,0.866,11.27,88.0,43.0,0.0
1788104934.5,0.00,700.2,0,0.260,0.000,0.0000,0,False,False,P,False,71.9,13.72,110150,42.77409,82.75,0.866,11.27,88.0,43.0,0.0
1788104934.7,0.00,701.8,0,0.260,0.000,0.0000,0,False,False,P,False,71.9,13.72,110150,42.77409,82.75,0.898,11.27,88.0,43.0,0.0
1788104934.9,0.00,705.5,0,0.260,0.000,0.0000,0,False,False,P,False,71.9,13.72,110150,42.77409,82.35,0.877,11.27,88.0,43.0,0.0
1788104935.1,0.00,709.5,0,0.260,0.000,0.0000,0,False,False,P,False,71.9,13.72,110150,42.77409,82.35,0.866,11.27,88.0,43.0,0.0
1788104935.3,0.00,711.0,0,0.260,0.000,0.0000,0,False,False,P,False,71.9,13.72,110150,42.77409,82.75,0.835,11.27,88.0,43.0,0.0
1788104935.5,0.00,708.8,0,0.260,0.000,0.0000,0,False,False,P,False,71.9,13.72,110150,42.77409,82.35,0.877,11.27,88.0,43.0,0.0
1788104935.7,0.00,707.8,0,0.260,0.000,0.0000,0,False,False,P,False,71.9,13.72,110150,42.77409,82.35,0.856,11.27,88.0,43.0,0.0
1788104935.9,0.00,703.5,0,0.260,0.000,0.0000,0,False,False,P,False,71.9,13.72,110150,42.77409,82.35,0.866,11.27,88.0,43.0,0.0
1788104936.1,0.00,704.2,0,0.260,0.000,0.0000,0,False,False,P,False,71.9,13.72,110150,42.77409,82.75,0.866,11.27,88.0,43.0,0.0
1788104936.3,0.00,704.2,0,0.260,0.000,0.0000,0,False,False,P,False,71.9,13.72,110150,42.77409,82.35,0.887,11.27,88.0,43.0,0.0
1788104936.5,0.00,702.2,0,0.260,0.000,0.0000,0,False,False,P,False,71.9,13.72,110150,42.77409,82.35,0.877,11.27,88.0,43.0,0.0
1788104936.7,0.00,702.5,0,0.260,0.000,0.0000,0,False,False,P,False,71.9,13.72,110150,42.77409,82.75,0.866,11.27,88.0,43.0,0.0
1788104936.9,0.00,702.2,0,0.260,0.000,0.0000,0,False,False,P,False,71.9,13.72,110150,42.77409,82.75,0.877,11.27,88.0,43.0,0.0
1788104937.1,0.00,704.0,0,0.260,0.000,0.0000,0,False,False,P,False,71.9,13.72,110150,42.77409,82.35,0.846,11.27,88.0,43.0,0.0
1788104937.3,0.00,701.8,0,0.260,0.000,0.0000,0,False,False,P,False,71.9,13.73,110150,42.77409,82.75,0.877,11.27,88.0,43.0,0.0
1788104937.5,0.00,702.0,0,0.260,0.000,0.0000,0,False,False,P,False,71.9,13.73,110150,42.77409,82.75,0.856,11.27,88.0,43.0,0.0
1788104937.7,0.00,702.8,0,0.260,0.000,0.0000,0,False,False,P,False,71.9,13.73,110150,42.77409,82.75,0.887,11.27,88.0,43.0,0.0
1788104938.0,0.00,705.5,0,0.260,0.000,0.0000,0,False,False,P,False,71.9,13.73,110150,42.77409,82.35,0.887,11.27,88.0,43.0,0.0
1788104938.2,0.00,705.5,0,0.260,0.000,0.0000,0,False,False,P,False,71.9,13.73,110150,42.77409,82.35,0.846,11.27,88.0,43.0,0.0
1788104938.4,0.00,708.0,0,0.260,0.000,0.0000,0,False,False,P,False,71.9,13.73,110150,42.77409,82.75,0.866,11.27,88.0,43.0,0.0
1788104938.6,0.00,706.8,0,0.260,0.000,0.0000,0,False,False,P,False,71.9,13.73,110150,42.77409,82.35,0.825,11.27,88.0,43.0,0.0
1788104938.8,0.00,704.8,0,0.260,0.000,0.0000,0,False,False,P,False,71.9,13.73,110150,42.77409,82.75,0.866,11.27,88.0,43.0,0.0
1788104939.0,0.00,703.5,0,0.260,0.000,0.0000,0,False,False,P,False,71.9,13.73,110150,42.77409,82.35,0.846,11.27,88.0,43.0,0.0
1788104939.2,0.00,702.0,0,0.260,0.000,0.0000,0,False,False,P,False,71.9,13.73,110150,42.77409,82.35,0.877,11.27,88.0,43.0,0.0
1788104939.4,0.00,700.8,0,0.260,0.000,0.0000,0,False,False,P,False,71.9,13.73,110150,42.77409,82.35,0.887,11.27,88.0,43.0,0.0
1788104939.6,0.00,700.8,0,0.260,0.000,0.0000,0,False,False,P,False,71.9,13.73,110150,42.77409,82.75,0.856,11.27,88.0,43.0,0.0
1788104939.8,0.00,699.8,0,0.260,0.000,0.0000,0,False,False,P,False,71.9,13.73,110150,42.77409,82.75,0.877,11.27,88.0,43.0,0.0
1788104940.0,0.00,699.5,0,0.260,0.000,0.0000,0,False,False,P,False,71.9,13.73,110150,42.77409,82.35,0.856,11.27,88.0,43.0,0.0
1788104940.2,0.00,700.2,0,0.260,0.000,0.0000,0,False,False,P,False,71.9,13.73,110150,42.77409,82.75,0.866,11.27,88.0,43.0,0.0
1788104940.4,0.00,704.0,0,0.260,0.000,0.0000,0,False,False,P,False,71.9,13.73,110150,42.77409,82.35,0.866,11.27,88.0,43.0,0.0
1788104940.6,0.00,705.0,0,0.260,0.000,0.0000,0,False,False,P,False,71.9,13.73,110150,42.77409,82.35,0.887,11.27,88.0,43.0,0.0
1788104940.8,0.00,705.2,0,0.260,0.000,0.0000,0,False,False,P,False,71.9,13.73,110150,42.77409,82.75,0.856,11.27,88.0,43.0,0.0
1788104941.0,0.00,705.2,0,0.260,0.000,0.0000,0,False,False,P,False,71.9,13.73,110150,42.77409,82.75,0.825,11.27,88.0,43.0,0.0
1788104941.2,0.00,705.8,0,0.260,0.000,0.0000,0,False,False,P,False,71.9,13.73,110150,42.77409,82.35,0.856,11.27,88.0,43.0,0.0
1788104941.4,0.00,702.8,0,0.260,0.000,0.0000,0,False,False,P,False,71.9,13.73,110150,42.77409,82.75,0.866,11.27,88.0,43.0,0.0
1788104941.6,0.00,701.2,0,0.260,0.000,0.0000,0,False,False,P,False,71.9,13.73,110150,42.77409,82.35,0.856,11.27,89.0,43.0,0.0
1788104941.8,0.00,701.5,0,0.260,0.000,0.0000,0,False,False,P,False,71.9,13.73,110150,42.77409,82.35,0.877,11.27,88.0,43.0,0.0
1788104942.0,0.00,701.2,0,0.260,0.000,0.0000,0,False,False,P,False,71.9,13.73,110150,42.77409,82.75,0.866,11.27,88.0,43.0,0.0
1788104942.2,0.00,702.5,0,0.260,0.000,0.0000,0,False,False,P,False,71.9,13.73,110150,42.77409,82.75,0.856,11.27,88.0,43.0,0.0
1788104942.4,0.00,704.2,0,0.260,0.000,0.0000,0,False,False,P,False,71.9,13.73,110150,42.77409,82.35,0.866,11.27,88.0,43.0,0.0
1788104942.6,0.00,701.2,0,0.260,0.000,0.0000,0,False,False,P,False,71.9,13.73,110150,42.77409,82.35,0.846,11.27,89.0,43.0,0.0
1788104942.8,0.00,700.0,0,0.260,0.000,0.0000,0,False,False,P,False,71.9,13.73,110150,42.77409,82.75,0.866,11.27,88.0,43.0,0.0
1788104943.0,0.00,698.5,0,0.260,0.000,0.0000,0,False,False,P,False,71.9,13.73,110150,42.77409,82.35,0.856,11.27,89.0,43.0,0.0
1788104943.2,0.00,696.0,0,0.260,0.000,0.0000,0,False,False,P,False,71.9,13.73,110150,42.77409,82.75,0.835,11.27,88.0,43.0,0.0
1788104943.4,0.00,695.5,0,0.260,0.000,0.0000,0,False,False,P,False,71.9,13.74,110150,42.77409,82.75,0.866,11.27,88.0,43.0,0.0
1788104943.7,0.00,696.0,0,0.260,0.000,0.0000,0,False,False,P,False,71.9,13.74,110150,42.77409,82.75,0.866,11.27,89.0,43.0,0.0
1788104943.9,0.00,697.2,0,0.260,0.000,0.0000,0,False,False,P,False,71.9,13.74,110150,42.77409,82.75,0.877,11.27,88.0,43.0,0.0
1788104944.1,0.00,697.5,0,0.260,0.000,0.0000,0,False,False,P,False,71.9,13.74,110150,42.77409,82.35,0.877,11.27,88.0,43.0,0.0
1788104944.3,0.00,699.2,0,0.260,0.000,0.0000,0,False,False,P,False,71.9,13.74,110150,42.77409,82.35,0.887,11.27,89.0,43.0,0.0
1788104944.5,0.00,700.5,0,0.260,0.000,0.0000,0,False,False,P,False,71.9,13.74,110150,42.77409,82.75,0.887,11.27,88.0,43.0,0.0
1788104944.7,0.00,702.2,0,0.260,0.000,0.0000,0,False,False,P,False,71.9,13.74,110150,42.77409,82.75,0.866,11.27,88.0,43.0,0.0
1788104944.9,0.00,704.8,0,0.260,0.000,0.0000,0,False,False,P,False,71.9,13.74,110150,42.77409,82.35,0.866,11.27,89.0,43.0,0.0
1788104945.1,0.00,704.8,0,0.260,0.000,0.0000,0,False,False,P,False,71.9,13.74,110150,42.77409,82.75,0.846,11.27,89.0,43.0,0.0
1788104945.3,0.00,704.2,0,0.260,0.000,0.0000,0,False,False,P,False,71.9,13.74,110150,42.77409,82.75,0.866,11.27,89.0,43.0,0.0
1788104945.5,0.00,706.0,0,0.260,0.000,0.0000,0,False,False,P,False,71.9,13.74,110150,42.77409,82.35,0.866,11.27,89.0,43.0,0.0
1788104945.7,0.00,705.5,0,0.260,0.000,0.0000,0,False,False,P,False,71.9,13.74,110150,42.77409,82.35,0.866,11.27,88.0,43.0,0.0
1788104945.9,0.00,702.8,0,0.260,0.000,0.0000,0,False,False,P,False,71.9,13.74,110150,42.77409,82.75,0.866,11.27,88.0,43.0,0.0
1788104946.1,0.00,700.8,0,0.260,0.000,0.0000,0,False,False,P,False,71.9,13.74,110150,42.77409,82.75,0.846,11.27,89.0,43.0,0.0
1788104946.3,0.00,698.0,0,0.260,0.000,0.0000,0,False,False,P,False,71.9,13.74,110150,42.77409,82.75,0.846,11.27,89.0,43.0,0.0
1788104946.5,0.00,698.0,0,0.260,0.000,0.0000,0,False,False,P,False,71.9,13.74,110150,42.77409,82.35,0.866,11.27,88.0,43.0,0.0
1788104946.7,0.00,696.2,0,0.260,0.000,0.0000,0,False,False,P,False,71.9,13.74,110150,42.77409,82.35,0.856,11.27,88.0,43.0,0.0
1788104946.9,0.00,697.0,0,0.260,0.000,0.0000,0,False,False,P,False,71.9,13.74,110150,42.77409,82.35,0.866,11.27,89.0,43.0,0.0
1788104947.1,0.00,696.2,0,0.260,0.000,0.0000,0,False,False,P,False,71.9,13.74,110150,42.77409,82.35,0.856,11.27,89.0,43.0,0.0
1788104947.3,0.00,697.8,0,0.260,0.000,0.0000,0,False,False,P,False,71.9,13.74,110150,42.77409,82.35,0.877,11.27,88.0,43.0,0.0
1788104947.5,0.00,699.0,0,0.260,0.000,0.0000,0,False,False,P,False,71.9,13.74,110150,42.77409,82.35,0.856,11.27,88.0,43.0,0.0
1788104947.7,0.00,701.2,0,0.260,0.000,0.0000,0,False,False,P,False,71.9,13.74,110150,42.77409,82.35,0.856,11.27,89.0,43.0,0.0
1788104947.9,0.00,702.5,0,0.260,0.000,0.0000,0,False,False,P,False,71.9,13.74,110150,42.77409,82.75,0.877,11.26,89.0,43.0,0.0
1788104948.1,0.00,706.5,0,0.260,0.000,0.0000,0,False,False,P,False,71.9,13.74,110150,42.77409,82.35,0.877,11.26,89.0,43.0,0.0
1788104948.3,0.00,706.0,0,0.260,0.000,0.0000,0,False,False,P,False,71.9,13.74,110150,42.77409,82.75,0.877,11.26,89.0,43.0,0.0
1788104948.5,0.00,707.2,0,0.260,0.000,0.0000,0,False,False,P,False,71.9,13.74,110150,42.77409,82.75,0.866,11.26,88.0,43.0,0.0
1788104948.7,0.00,696.5,0,0.260,0.000,0.0000,0,False,False,P,False,71.9,13.74,110150,42.77409,82.75,0.671,11.26,89.0,41.0,0.0
1788104948.9,0.00,738.5,0,0.260,0.000,0.0000,0,False,False,P,False,71.9,13.74,110150,42.77409,82.75,0.646,11.26,89.0,39.0,0.0
1788104949.1,0.00,748.8,0,0.260,0.000,0.0000,0,False,False,P,False,71.9,13.74,110150,42.77409,82.35,0.653,11.26,89.0,38.0,0.0
1788104949.3,0.00,749.2,0,0.260,0.000,0.0000,0,False,False,P,False,71.9,13.74,110150,42.77409,82.75,0.622,11.26,88.0,36.0,0.0
1788104949.5,0.00,742.5,0,0.260,0.000,0.0000,0,False,False,P,False,71.9,13.88,110150,42.77409,82.35,0.611,11.26,88.0,35.0,0.0
1788104949.8,0.00,738.0,0,0.260,0.000,0.0000,0,False,False,P,False,71.9,13.86,110150,42.77409,82.75,0.604,11.26,88.0,33.0,0.0
1788104950.0,0.00,730.0,0,0.260,0.000,0.0000,0,False,False,P,False,71.9,13.86,110150,42.77409,82.35,0.611,11.26,89.0,33.0,0.0
1788104950.2,0.00,717.0,0,0.260,0.000,0.0000,0,False,False,P,False,71.9,13.86,110150,42.77409,82.35,0.622,11.26,89.0,32.0,0.0
1788104950.4,0.00,715.2,0,0.260,0.000,0.0000,0,False,False,P,False,71.9,13.86,110150,42.77409,82.75,0.622,11.26,89.0,32.0,0.0
1788104950.6,0.00,713.2,0,0.260,0.000,0.0000,0,False,False,P,False,71.9,13.86,110150,42.77409,82.35,0.622,11.26,88.0,32.0,0.0
1788104950.8,0.00,710.0,0,0.260,0.000,0.0000,0,False,False,P,False,71.9,13.86,110150,42.77409,82.35,0.639,11.26,89.0,32.0,0.0
1788104951.0,0.00,707.5,0,0.260,0.000,0.0000,0,False,False,P,False,71.9,13.86,110150,42.77409,82.35,0.629,11.26,89.0,32.0,0.0
1788104951.2,0.00,713.2,0,0.260,0.000,0.0000,0,False,False,P,False,71.9,13.86,110150,42.77409,82.35,0.611,11.26,89.0,32.0,0.0
1788104951.4,0.00,713.5,0,0.260,0.000,0.0000,0,False,False,P,False,71.9,13.86,110150,42.77409,82.35,0.604,11.26,89.0,32.0,0.0
1788104951.6,0.00,716.0,0,0.260,0.000,0.0000,0,False,False,P,False,71.9,13.86,110150,42.77409,82.35,0.611,11.26,89.0,32.0,0.0
1788104951.8,0.00,719.2,0,0.260,0.000,0.0000,0,False,False,P,False,71.9,13.86,110150,42.77409,82.75,0.622,11.26,89.0,32.0,0.0
1788104952.0,0.00,715.2,0,0.260,0.000,0.0000,0,False,False,P,False,71.9,13.86,110150,42.77409,82.35,0.611,11.26,89.0,32.0,0.0
1788104952.2,0.00,715.0,0,0.260,0.000,0.0000,0,False,False,P,False,71.9,13.86,110150,42.77409,82.75,0.597,11.26,89.0,32.0,0.0
1788104952.4,0.00,710.8,0,0.260,0.000,0.0000,0,False,False,P,False,71.9,13.86,110150,42.77409,82.75,0.604,11.26,89.0,32.0,0.0
1788104952.6,0.00,713.8,0,0.260,0.000,0.0000,0,False,False,P,False,71.9,13.86,110150,42.77409,82.35,0.604,11.26,89.0,32.0,0.0
1788104952.8,0.00,710.8,0,0.260,0.000,0.0000,0,False,False,P,False,71.9,13.75,110150,42.77409,82.75,0.629,11.26,89.0,32.0,0.0
1788104953.0,0.00,715.0,0,0.260,0.000,0.0000,0,False,False,P,False,71.9,13.75,110150,42.77409,82.75,0.611,11.26,89.0,32.0,0.0
1788104953.2,0.00,711.2,0,0.260,0.000,0.0000,0,False,False,P,False,71.9,13.75,110150,42.77409,82.75,0.604,11.26,89.0,32.0,0.0
1788104953.4,0.00,715.2,0,0.260,0.000,0.0000,0,False,False,P,False,71.9,13.75,110150,42.77409,82.35,0.611,11.26,89.0,32.0,0.0
1788104953.6,0.00,712.2,0,0.260,0.000,0.0000,0,False,False,P,False,71.9,13.75,110150,42.77409,82.75,0.604,11.26,89.0,32.0,0.0
1788104953.8,0.00,712.0,0,0.260,0.000,0.0000,0,False,False,P,False,71.9,13.75,110150,42.77409,82.75,0.597,11.26,89.0,32.0,0.0
1788104954.0,0.00,711.0,0,0.260,0.000,0.0000,0,False,False,P,False,71.9,13.75,110150,42.77409,82.35,0.604,11.26,89.0,32.0,0.0
1788104954.2,0.00,706.5,0,0.260,0.000,0.0000,0,False,False,P,False,71.9,13.75,110150,42.77409,82.35,0.604,11.26,89.0,32.0,0.0
1788104954.4,0.00,705.8,0,0.260,0.000,0.0000,0,False,False,P,False,71.9,13.75,110150,42.77409,82.75,0.622,11.26,89.0,32.0,0.0
1788104954.6,0.00,707.0,0,0.260,0.000,0.0000,0,False,False,P,False,71.9,13.75,110150,42.77409,82.75,0.597,11.26,89.0,32.0,0.0
1788104954.8,0.00,706.8,0,0.260,0.000,0.0000,0,False,False,P,False,71.9,13.75,110150,42.77409,82.75,0.611,11.26,89.0,32.0,0.0
1788104955.0,0.00,705.8,0,0.260,0.000,0.0000,0,False,False,P,False,71.9,13.75,110150,42.77409,82.35,0.611,11.26,89.0,32.0,0.0
1788104955.2,0.00,711.8,0,0.260,0.000,0.0000,0,False,False,P,False,71.9,13.75,110150,42.77409,82.35,0.622,11.26,89.0,32.0,0.0
1788104955.4,0.00,712.0,0,0.260,0.000,0.0000,0,False,False,P,False,71.9,13.75,110150,42.77409,82.35,0.622,11.26,89.0,32.0,0.0
1788104955.6,0.00,712.0,0,0.260,0.000,0.0000,0,False,False,P,False,71.9,13.75,110150,42.77409,82.35,0.597,11.26,89.0,32.0,0.0
1788104955.8,0.00,712.2,0,0.260,0.000,0.0000,0,False,False,P,False,71.9,13.74,110150,42.77409,82.35,0.597,11.26,89.0,32.0,0.0
1788104956.1,0.00,709.0,0,0.260,0.000,0.0000,0,False,False,P,False,71.9,13.74,110150,42.77409,82.75,0.604,11.26,89.0,32.0,0.0
1788104956.3,0.00,713.0,0,0.260,0.000,0.0000,0,False,False,P,False,71.9,13.74,110150,42.77409,82.35,0.604,11.26,89.0,32.0,0.0
1788104956.5,0.00,708.8,0,0.260,0.000,0.0000,0,False,False,P,False,71.9,13.74,110150,42.77409,82.75,0.587,11.26,89.0,32.0,0.0
1788104956.7,0.00,709.5,0,0.260,0.000,0.0000,0,False,False,P,False,71.9,13.74,110150,42.77409,82.75,0.587,11.26,89.0,32.0,0.0
1788104956.9,0.00,712.2,0,0.260,0.000,0.0000,0,False,False,P,False,71.9,13.74,110150,42.77409,82.35,0.587,11.26,89.0,32.0,0.0
1788104957.1,0.00,714.8,0,0.260,0.000,0.0000,0,False,False,P,False,71.9,13.74,110150,42.77409,82.35,0.597,11.26,89.0,32.0,0.0
1788104957.3,0.00,711.5,0,0.260,0.000,0.0000,0,False,False,P,False,71.9,13.74,110150,42.77409,82.75,0.597,11.26,89.0,32.0,0.0
1788104957.5,0.00,723.2,0,0.260,0.000,0.0000,0,False,False,P,False,71.9,13.74,110150,42.77409,82.35,1.142,11.26,89.0,32.0,0.0
1788104957.7,0.00,775.5,0,0.260,0.000,0.0000,0,False,False,P,False,71.9,13.74,110150,42.77409,82.75,0.825,11.26,89.0,37.0,0.0
1788104957.9,0.00,738.2,0,0.260,0.000,0.0000,0,False,False,P,False,71.9,13.74,110150,42.77409,82.75,0.804,11.26,89.0,37.0,0.0
1788104958.1,0.00,734.2,0,0.260,0.000,0.0000,0,False,False,P,False,71.9,13.74,110150,42.77409,82.35,0.964,11.26,89.0,39.0,0.0
1788104958.3,0.00,730.5,0,0.260,0.000,0.0000,0,False,False,P,False,71.9,13.74,110150,42.77409,82.35,0.964,11.26,89.0,40.0,0.0
1788104958.5,0.00,724.2,0,0.260,0.000,0.0000,0,False,False,P,False,71.9,13.74,110150,42.77409,82.75,0.943,11.26,89.0,41.0,0.0
1788104958.7,0.00,726.5,0,0.260,0.000,0.0000,0,False,False,P,False,71.9,13.74,110150,42.77409,82.75,0.856,11.26,89.0,42.0,0.0
1788104958.9,0.00,727.8,0,0.260,0.000,0.0000,0,False,False,P,False,71.9,13.28,110150,42.77409,82.35,0.877,11.26,89.0,42.0,0.0
1788104959.1,0.00,725.8,0,0.260,0.000,0.0000,0,False,False,P,False,71.9,13.28,110150,42.77409,82.35,0.908,11.26,89.0,42.0,0.0
1788104959.3,0.00,726.0,0,0.260,0.000,0.0000,0,False,False,P,False,71.9,13.28,110150,42.77409,82.75,0.887,11.26,89.0,43.0,0.0
1788104959.5,0.00,723.0,0,0.260,0.000,0.0000,0,False,False,P,False,71.9,13.28,110150,42.77409,82.75,0.887,11.26,89.0,43.0,0.0
1788104959.7,0.00,721.8,0,0.260,0.000,0.0000,0,False,False,P,False,71.9,13.28,110150,42.77409,82.75,0.908,11.26,89.0,43.0,0.0
1788104959.9,0.00,716.8,0,0.260,0.000,0.0000,0,False,False,P,False,71.9,13.28,110150,42.77409,82.35,0.922,11.26,89.0,43.0,0.0
1788104960.1,0.00,714.0,0,0.260,0.000,0.0000,0,False,False,P,False,71.9,13.28,110150,42.77409,82.75,0.933,11.26,89.0,44.0,0.0
1788104960.3,0.00,713.2,0,0.260,0.000,0.0000,0,False,False,P,False,71.9,13.28,110150,42.77409,82.75,0.933,11.26,89.0,44.0,0.0
1788104960.5,0.00,715.0,0,0.260,0.000,0.0000,0,False,False,P,False,71.9,13.28,110150,42.77409,82.75,0.978,11.26,89.0,45.0,0.0
1788104960.7,0.00,720.8,0,0.260,0.000,0.0000,0,False,False,P,False,71.9,13.28,110150,42.77409,82.75,0.978,11.26,89.0,45.0,0.0
1788104960.9,0.00,728.8,0,0.260,0.000,0.0000,0,False,False,P,False,71.9,13.28,110150,42.77409,82.35,0.943,11.26,89.0,45.0,0.0
1788104961.1,0.00,740.5,0,0.260,0.000,0.0000,0,False,False,P,False,71.9,13.28,110150,42.77409,82.35,0.887,11.26,89.0,44.0,0.0
1788104961.3,0.00,743.5,0,0.260,0.000,0.0000,0,False,False,P,False,71.9,13.28,110150,42.77409,82.75,0.846,11.26,89.0,43.0,0.0
1788104961.5,0.00,736.0,0,0.260,0.000,0.0000,0,False,False,P,False,71.9,13.28,110150,42.77409,82.35,0.866,11.26,89.0,43.0,0.0
1788104961.7,0.00,728.2,0,0.260,0.000,0.0000,0,False,False,P,False,71.9,13.28,110150,42.77409,82.75,0.877,11.26,89.0,42.0,0.0
1788104961.9,0.00,722.0,0,0.260,0.000,0.0000,0,False,False,P,False,71.9,13.70,110150,42.77409,82.75,0.877,11.26,89.0,42.0,0.0
1788104962.1,0.00,710.8,0,0.260,0.000,0.0000,0,False,False,P,False,71.9,13.70,110150,42.77409,82.75,0.866,11.26,89.0,42.0,0.0
1788104962.3,0.00,705.5,0,0.260,0.000,0.0000,0,False,False,P,False,71.9,13.70,110150,42.77409,82.75,0.887,11.26,89.0,43.0,0.0
1788104962.6,0.00,702.5,0,0.260,0.000,0.0000,0,False,False,P,False,71.9,13.70,110150,42.77409,82.75,0.866,11.26,89.0,43.0,0.0
1788104962.8,0.00,699.2,0,0.260,0.000,0.0000,0,False,False,P,False,71.9,13.70,110150,42.77409,82.35,0.877,11.26,89.0,43.0,0.0
1788104963.0,0.00,700.8,0,0.260,0.000,0.0000,0,False,False,P,False,71.9,13.70,110150,42.77409,82.75,0.887,11.26,89.0,43.0,0.0
1788104963.2,0.00,705.2,0,0.260,0.000,0.0000,0,False,False,P,False,71.9,13.70,110150,42.77409,82.35,0.866,11.26,89.0,43.0,0.0
1788104963.4,0.00,709.8,0,0.260,0.000,0.0000,0,False,False,P,False,71.9,13.70,110150,42.77409,82.35,0.866,11.26,89.0,43.0,0.0
1788104963.6,0.00,716.0,0,0.260,0.000,0.0000,0,False,False,P,False,71.9,13.70,110150,42.77409,81.96,0.866,11.26,89.0,43.0,0.0
1788104963.8,0.00,718.2,0,0.260,0.000,0.0000,0,False,False,P,False,71.9,13.70,110150,42.77409,82.75,0.877,11.26,89.0,43.0,0.0
1788104964.0,0.00,718.5,0,0.260,0.000,0.0000,0,False,False,P,False,71.9,13.70,110150,42.77409,81.96,0.877,11.26,89.0,43.0,0.0
1788104964.2,0.00,717.2,0,0.260,0.000,0.0000,0,False,False,P,False,71.9,13.70,110150,42.77409,82.75,0.877,11.25,89.0,43.0,0.0
1788104964.4,0.00,712.5,0,0.260,0.000,0.0000,0,False,False,P,False,71.9,13.70,110150,42.77409,82.75,0.856,11.25,89.0,43.0,0.0
1788104964.6,0.00,708.2,0,0.260,0.000,0.0000,0,False,False,P,False,71.9,13.73,110150,42.77409,82.35,0.887,11.25,89.0,43.0,0.0
1788104964.8,0.00,704.5,0,0.260,0.000,0.0000,0,False,False,P,False,71.9,13.73,110150,42.77409,82.75,0.887,11.25,89.0,43.0,0.0
1788104965.0,0.00,702.5,0,0.260,0.000,0.0000,0,False,False,P,False,71.9,13.73,110150,42.77409,82.75,0.866,11.25,89.0,43.0,0.0
1788104965.2,0.00,699.2,0,0.260,0.000,0.0000,0,False,False,P,False,71.9,13.73,110150,42.77409,82.35,0.866,11.25,89.0,43.0,0.0
1788104965.4,0.00,700.2,0,0.260,0.000,0.0000,0,False,False,P,False,71.9,13.73,110150,42.77409,82.75,0.877,11.25,89.0,43.0,0.0
1788104965.6,0.00,700.0,0,0.260,0.000,0.0000,0,False,False,P,False,71.9,13.73,110150,42.77409,82.75,0.835,11.25,89.0,43.0,0.0
1788104965.8,0.00,699.2,0,0.260,0.000,0.0000,0,False,False,P,False,71.9,13.73,110150,42.77409,82.35,0.866,11.25,89.0,43.0,0.0
1788104966.0,0.00,698.2,0,0.260,0.000,0.0000,0,False,False,P,False,71.9,13.73,110150,42.77409,82.75,0.866,11.25,89.0,43.0,0.0
1788104966.2,0.00,701.5,0,0.260,0.000,0.0000,0,False,False,P,False,71.9,13.73,110150,42.77409,82.75,0.856,11.25,89.0,43.0,0.0
1788104966.4,0.00,701.8,0,0.260,0.000,0.0000,0,False,False,P,False,71.9,13.73,110150,42.77409,82.75,0.877,11.25,89.0,43.0,0.0
1788104966.6,0.00,702.2,0,0.260,0.000,0.0000,0,False,False,P,False,71.9,13.73,110150,42.77409,82.75,0.866,11.25,89.0,43.0,0.0
1788104966.8,0.00,703.0,0,0.260,0.000,0.0000,0,False,False,P,False,71.9,13.73,110150,42.77409,82.75,0.846,11.25,89.0,43.0,0.0
1788104967.0,0.00,702.5,0,0.260,0.000,0.0000,0,False,False,P,False,71.9,13.73,110150,42.77409,82.75,0.877,11.25,89.0,43.0,0.0
1788104967.2,0.00,703.8,0,0.260,0.000,0.0000,0,False,False,P,False,71.9,13.73,110150,42.77409,82.35,0.856,11.25,89.0,43.0,0.0
1788104967.4,0.00,704.2,0,0.260,0.000,0.0000,0,False,False,P,False,71.9,13.73,110150,42.77409,82.75,0.877,11.25,89.0,43.0,0.0
1788104967.6,0.00,702.0,0,0.260,0.000,0.0000,0,False,False,P,False,71.9,13.73,110150,42.77409,82.75,0.856,11.25,89.0,43.0,0.0
1788104967.8,0.00,701.0,0,0.260,0.000,0.0000,0,False,False,P,False,71.9,13.73,110150,42.77409,82.75,0.856,11.25,89.0,43.0,0.0
1788104968.0,0.00,702.5,0,0.260,0.000,0.0000,0,False,False,P,False,71.9,13.73,110150,42.77409,82.35,0.856,11.25,89.0,43.0,0.0
1788104968.2,0.00,702.0,0,0.260,0.000,0.0000,0,False,False,P,False,71.9,13.73,110150,42.77409,82.75,0.877,11.25,89.0,43.0,0.0
1788104968.4,0.00,702.8,0,0.260,0.000,0.0000,0,False,False,P,False,71.9,13.73,110150,42.77409,82.35,0.856,11.25,89.0,43.0,0.0
1788104968.6,0.00,700.5,0,0.260,0.000,0.0000,0,False,False,P,False,71.9,13.73,110150,42.77409,82.35,0.866,11.25,89.0,43.0,0.0
1788104968.9,0.00,700.0,0,0.260,0.000,0.0000,0,False,False,P,False,71.9,13.73,110150,42.77409,82.75,0.866,11.25,89.0,43.0,0.0
1788104969.1,0.00,696.8,0,0.260,0.000,0.0000,0,False,False,P,False,71.9,13.73,110150,42.77409,82.35,0.856,11.25,89.0,43.0,0.0
1788104969.3,0.00,695.8,0,0.260,0.000,0.0000,0,False,False,P,False,71.9,13.73,110150,42.77409,82.35,0.856,11.25,89.0,43.0,0.0
1788104969.5,0.00,694.0,0,0.260,0.000,0.0000,0,False,False,P,False,71.9,13.73,110150,42.77409,82.35,0.856,11.25,89.0,43.0,0.0
1788104969.7,0.00,693.0,0,0.260,0.000,0.0000,0,False,False,P,False,71.9,13.73,110150,42.77409,82.35,0.866,11.25,89.0,43.0,0.0
1788104969.9,0.00,692.2,0,0.260,0.000,0.0000,0,False,False,P,False,71.9,13.73,110150,42.77409,82.75,0.866,11.25,89.0,43.0,0.0
1788104970.1,0.00,694.2,0,0.260,0.000,0.0000,0,False,False,P,False,71.9,13.73,110150,42.77409,82.75,0.846,11.25,89.0,43.0,0.0
1788104970.3,0.00,696.5,0,0.260,0.000,0.0000,0,False,False,P,False,71.9,13.73,110150,42.77409,82.35,0.866,11.25,89.0,43.0,0.0
1788104970.5,0.00,699.0,0,0.260,0.000,0.0000,0,False,False,P,False,71.9,13.73,110150,42.77409,82.75,0.856,11.25,89.0,43.0,0.0
1788104970.7,0.00,702.0,0,0.260,0.000,0.0000,0,False,False,P,False,71.9,13.73,110150,42.77409,82.75,0.856,11.25,89.0,43.0,0.0
1788104970.9,0.00,705.5,0,0.260,0.000,0.0000,0,False,False,P,False,71.9,13.73,110150,42.77409,82.35,0.866,11.25,89.0,43.0,0.0
1788104971.1,0.00,706.0,0,0.260,0.000,0.0000,0,False,False,P,False,71.9,13.73,110150,42.77409,82.35,0.856,11.25,89.0,43.0,0.0
1788104971.3,0.00,706.2,0,0.260,0.000,0.0000,0,False,False,P,False,71.9,13.74,110150,42.77409,82.75,0.866,11.25,89.0,43.0,0.0
1788104971.5,0.00,705.2,0,0.260,0.000,0.0000,0,False,False,P,False,71.0,13.74,110150,42.77409,82.75,0.877,11.25,89.0,43.0,0.0
1788104971.7,0.00,702.5,0,0.260,0.000,0.0000,0,False,False,P,False,71.0,13.74,110150,42.77409,82.75,0.877,11.25,89.0,43.0,0.0
1788104971.9,0.00,702.0,0,0.260,0.000,0.0000,0,False,False,P,False,71.0,13.74,110150,42.77409,82.35,0.866,11.25,89.0,43.0,0.0
1788104972.1,0.00,699.2,0,0.260,0.000,0.0000,0,False,False,P,False,71.0,13.74,110150,42.77409,82.35,0.835,11.25,89.0,43.0,0.0
1788104972.3,0.00,697.5,0,0.260,0.000,0.0000,0,False,False,P,False,71.0,13.74,110150,42.77409,82.75,0.887,11.25,89.0,43.0,0.0
1788104972.5,0.00,696.5,0,0.260,0.000,0.0000,0,False,False,P,False,71.0,13.74,110150,42.77409,82.35,0.866,11.25,89.0,43.0,0.0
1788104972.7,0.00,698.2,0,0.260,0.000,0.0000,0,False,False,P,False,71.0,13.74,110150,42.77409,82.75,0.856,11.25,89.0,43.0,0.0
1788104972.9,0.00,697.8,0,0.260,0.000,0.0000,0,False,False,P,False,71.0,13.74,110150,42.77409,82.75,0.866,11.25,89.0,43.0,0.0
1788104973.1,0.00,697.8,0,0.260,0.000,0.0000,0,False,False,P,False,71.0,13.74,110150,42.77409,82.75,0.835,11.25,89.0,43.0,0.0
1788104973.3,0.00,698.2,0,0.260,0.000,0.0000,0,False,False,P,False,71.0,13.74,110150,42.77409,82.75,0.887,11.25,89.0,43.0,0.0
1788104973.5,0.00,699.8,0,0.260,0.000,0.0000,0,False,False,P,False,71.0,13.73,110150,42.77409,82.35,0.877,11.25,89.0,43.0,0.0
1788104973.7,0.00,701.5,0,0.260,0.000,0.0000,0,False,False,P,False,71.0,13.73,110150,42.77409,82.75,0.887,11.25,89.0,43.0,0.0
1788104973.9,0.00,704.0,0,0.260,0.000,0.0000,0,False,False,P,False,71.0,13.73,110150,42.77409,82.75,0.846,11.25,89.0,43.0,0.0
1788104974.1,0.00,705.8,0,0.260,0.000,0.0000,0,False,False,P,False,71.0,13.73,110150,42.77409,82.75,0.835,11.25,89.0,43.0,0.0
1788104974.3,0.00,706.5,0,0.260,0.000,0.0000,0,False,False,P,False,71.0,13.73,110150,42.77409,82.35,0.877,11.25,89.0,43.0,0.0
1788104974.5,0.00,703.5,0,0.260,0.000,0.0000,0,False,False,P,False,71.0,13.72,110150,42.77409,82.35,0.846,11.25,89.0,43.0,0.0
1788104974.7,0.00,702.8,0,0.260,0.000,0.0000,0,False,False,P,False,71.0,13.72,110150,42.77409,82.35,0.898,11.25,89.0,43.0,0.0
1788104974.9,0.00,699.8,0,0.260,0.000,0.0000,0,False,False,P,False,71.0,13.72,110150,42.77409,82.35,0.877,11.25,89.0,43.0,0.0
1788104975.1,0.00,698.2,0,0.260,0.000,0.0000,0,False,False,P,False,71.0,13.72,110150,42.77409,82.75,0.846,11.25,89.0,43.0,0.0
1788104975.3,0.00,698.5,0,0.260,0.000,0.0000,0,False,False,P,False,71.0,13.72,110150,42.77409,82.35,0.877,11.25,89.0,43.0,0.0
1788104975.5,0.00,701.5,0,0.260,0.000,0.0000,0,False,False,P,False,71.0,13.72,110150,42.77409,82.75,0.866,11.25,89.0,43.0,0.0
1788104975.7,0.00,702.5,0,0.260,0.000,0.0000,0,False,False,P,False,71.0,13.72,110150,42.77409,82.75,0.856,11.25,89.0,43.0,0.0
1788104976.0,0.00,700.2,0,0.260,0.000,0.0000,0,False,False,P,False,71.0,13.72,110150,42.77409,82.75,0.653,11.25,89.0,42.0,0.0
1788104976.2,0.00,688.0,0,0.260,0.000,0.0000,0,False,False,P,False,71.0,13.72,110150,42.77409,82.75,0.671,11.25,89.0,40.0,0.0
1788104976.4,0.00,745.8,0,0.260,0.000,0.0000,0,False,False,P,False,71.0,13.72,110150,42.77409,82.75,0.639,11.25,89.0,39.0,0.0
1788104976.6,0.00,750.2,0,0.260,0.000,0.0000,0,False,False,P,False,71.0,13.72,110150,42.77409,82.35,0.639,11.25,89.0,37.0,0.0
1788104976.8,0.00,743.0,0,0.260,0.000,0.0000,0,False,False,P,False,71.0,13.72,110150,42.77409,82.75,0.622,11.25,89.0,35.0,0.0
1788104977.0,0.00,736.8,0,0.260,0.000,0.0000,0,False,False,P,False,71.0,13.72,110150,42.77409,82.75,0.604,11.25,89.0,34.0,0.0
1788104977.2,0.00,728.8,0,0.260,0.000,0.0000,0,False,False,P,False,71.0,13.72,110150,42.77409,82.75,0.563,11.25,89.0,34.0,0.0
1788104977.4,0.00,719.2,0,0.260,0.000,0.0000,0,False,False,P,False,71.0,13.72,110150,42.77409,82.75,0.587,11.25,89.0,32.0,0.0
1788104977.6,0.00,715.2,0,0.260,0.000,0.0000,0,False,False,P,False,71.0,13.72,110150,42.77409,82.75,0.611,11.25,89.0,32.0,0.0
1788104977.8,0.00,705.0,0,0.260,0.000,0.0000,0,False,False,P,False,71.0,13.72,110150,42.77409,82.35,0.611,11.25,89.0,32.0,0.0
1788104978.0,0.00,704.8,0,0.260,0.000,0.0000,0,False,False,P,False,71.0,13.72,110150,42.77409,82.75,0.622,11.25,89.0,32.0,0.0
1788104978.2,0.00,709.2,0,0.260,0.000,0.0000,0,False,False,P,False,71.0,13.72,110150,42.77409,82.35,0.611,11.25,89.0,32.0,0.0
1788104978.4,0.00,709.0,0,0.260,0.000,0.0000,0,False,False,P,False,71.0,13.72,110150,42.77409,82.75,0.622,11.25,89.0,32.0,0.0
1788104978.6,0.00,714.8,0,0.260,0.000,0.0000,0,False,False,P,False,71.0,13.77,110150,42.77409,82.75,0.622,11.25,89.0,32.0,0.0
1788104978.8,0.00,715.5,0,0.260,0.000,0.0000,0,False,False,P,False,71.0,13.77,110150,42.77409,82.35,0.611,11.25,89.0,32.0,0.0
1788104979.0,0.00,712.5,0,0.260,0.000,0.0000,0,False,False,P,False,71.0,13.77,110150,42.77409,82.75,0.597,11.25,89.0,32.0,0.0
1788104979.2,0.00,715.0,0,0.260,0.000,0.0000,0,False,False,P,False,71.0,13.77,110150,42.77409,82.35,0.629,11.24,89.0,32.0,0.0
1788104979.4,0.00,712.2,0,0.260,0.000,0.0000,0,False,False,P,False,71.0,13.77,110150,42.77409,82.35,0.629,11.24,89.0,32.0,0.0
1788104979.6,0.00,714.2,0,0.260,0.000,0.0000,0,False,False,P,False,71.0,13.77,110150,42.77409,82.75,0.604,11.24,89.0,32.0,0.0
1788104979.8,0.00,714.8,0,0.260,0.000,0.0000,0,False,False,P,False,71.0,13.77,110150,42.77409,82.35,0.604,11.24,89.0,32.0,0.0
1788104980.0,0.00,713.2,0,0.260,0.000,0.0000,0,False,False,P,False,71.0,13.77,110150,42.77409,82.75,0.611,11.24,89.0,32.0,0.0
1788104980.2,0.00,716.0,0,0.260,0.000,0.0000,0,False,False,P,False,71.0,13.77,110150,42.77409,82.35,0.597,11.24,89.0,32.0,0.0
1788104980.4,0.00,715.0,0,0.260,0.000,0.0000,0,False,False,P,False,71.0,13.77,110150,42.77409,82.75,0.597,11.24,89.0,32.0,0.0
1788104980.6,0.00,715.0,0,0.260,0.000,0.0000,0,False,False,P,False,71.0,13.75,110150,42.77409,82.75,0.611,11.24,89.0,32.0,0.0
1788104980.8,0.00,714.2,0,0.260,0.000,0.0000,0,False,False,P,False,71.0,13.75,110150,42.77409,82.75,0.604,11.24,89.0,32.0,0.0
1788104981.0,0.00,712.8,0,0.260,0.000,0.0000,0,False,False,P,False,71.0,13.75,110150,42.77409,82.75,0.604,11.24,89.0,32.0,0.0
1788104981.2,0.00,712.0,0,0.260,0.000,0.0000,0,False,False,P,False,71.0,13.75,110150,42.77409,82.35,0.587,11.24,89.0,32.0,0.0
1788104981.4,0.00,713.5,0,0.260,0.000,0.0000,0,False,False,P,False,71.0,13.75,110150,42.77409,82.75,0.597,11.24,89.0,32.0,0.0
1788104981.7,0.00,709.8,0,0.260,0.000,0.0000,0,False,False,P,False,71.0,13.75,110150,42.77409,82.35,0.604,11.24,89.0,32.0,0.0
1788104981.9,0.00,710.0,0,0.260,0.000,0.0000,0,False,False,P,False,71.0,13.75,110150,42.77409,82.75,0.604,11.24,89.0,32.0,0.0
1788104982.1,0.00,709.8,0,0.260,0.000,0.0000,0,False,False,P,False,71.0,13.75,110150,42.77409,82.35,0.604,11.24,89.0,32.0,0.0
1788104982.3,0.00,710.2,0,0.260,0.000,0.0000,0,False,False,P,False,71.0,13.75,110150,42.77409,82.75,0.611,11.24,89.0,32.0,0.0
1788104982.5,0.00,708.8,0,0.260,0.000,0.0000,0,False,False,P,False,71.0,13.75,110150,42.77409,82.35,0.587,11.24,89.0,32.0,0.0
1788104982.7,0.00,706.2,0,0.260,0.000,0.0000,0,False,False,P,False,71.0,13.75,110150,42.77409,82.35,0.604,11.24,89.0,32.0,0.0
1788104982.9,0.00,710.5,0,0.260,0.000,0.0000,0,False,False,P,False,71.0,13.75,110150,42.77409,82.75,0.597,11.24,89.0,32.0,0.0
1788104983.1,0.00,710.0,0,0.260,0.000,0.0000,0,False,False,P,False,71.0,13.75,110150,42.77409,82.75,0.622,11.24,89.0,32.0,0.0
1788104983.3,0.00,712.8,0,0.260,0.000,0.0000,0,False,False,P,False,71.0,13.75,110150,42.77409,82.35,0.587,11.24,89.0,32.0,0.0
1788104983.5,0.00,716.2,0,0.260,0.000,0.0000,0,False,False,P,False,71.0,13.75,110150,42.77409,82.35,0.587,11.24,89.0,32.0,0.0
1788104983.7,0.00,711.0,0,0.260,0.000,0.0000,0,False,False,P,False,71.0,13.74,110150,42.77409,82.35,1.258,11.24,89.0,32.0,0.0
1788104983.9,0.00,761.8,0,0.260,0.000,0.0000,0,False,False,P,False,71.0,13.74,110150,42.77409,82.75,0.866,11.24,89.0,37.0,0.0
1788104984.1,0.00,740.5,0,0.260,0.000,0.0000,0,False,False,P,False,71.0,13.74,110150,42.77409,82.35,0.825,11.24,89.0,37.0,0.0
1788104984.3,0.00,734.5,0,0.260,0.000,0.0000,0,False,False,P,False,71.0,13.74,110150,42.77409,82.75,1.010,11.24,89.0,40.0,0.0
1788104984.5,0.00,740.8,0,0.260,0.000,0.0000,0,False,False,P,False,71.0,13.74,110150,42.77409,82.75,0.835,11.24,89.0,40.0,0.0
1788104984.7,0.00,729.5,0,0.260,0.000,0.0000,0,False,False,P,False,71.0,13.74,110150,42.77409,82.35,0.978,11.24,89.0,42.0,0.0
1788104984.9,0.00,729.2,0,0.260,0.000,0.0000,0,False,False,P,False,71.0,13.74,110150,42.77409,82.75,0.898,11.24,89.0,42.0,0.0
1788104985.1,0.00,728.0,0,0.260,0.000,0.0000,0,False,False,P,False,71.0,13.74,110150,42.77409,82.75,0.898,11.24,89.0,43.0,0.0
1788104985.3,0.00,734.0,0,0.260,0.000,0.0000,0,False,False,P,False,71.0,13.74,110150,42.77409,82.35,0.943,11.24,89.0,43.0,0.0
1788104985.5,0.00,735.2,0,0.260,0.000,0.0000,0,False,False,P,False,71.0,13.74,110150,42.77409,82.75,0.877,11.24,89.0,43.0,0.0
1788104985.7,0.00,732.8,0,0.260,0.000,0.0000,0,False,False,P,False,71.0,13.74,110150,42.77409,82.75,0.922,11.24,89.0,43.0,0.0
1788104985.9,0.00,727.0,0,0.260,0.000,0.0000,0,False,False,P,False,71.0,13.74,110150,42.77409,82.35,0.922,11.24,89.0,43.0,0.0
1788104986.1,0.00,725.2,0,0.260,0.000,0.0000,0,False,False,P,False,71.0,13.74,110150,42.77409,82.75,0.933,11.24,89.0,44.0,0.0
1788104986.3,0.00,724.2,0,0.260,0.000,0.0000,0,False,False,P,False,71.0,13.74,110150,42.77409,82.35,0.943,11.24,89.0,44.0,0.0
1788104986.5,0.00,720.5,0,0.260,0.000,0.0000,0,False,False,P,False,71.0,13.74,110150,42.77409,82.75,0.933,11.24,89.0,44.0,0.0
1788104986.7,0.00,724.8,0,0.260,0.000,0.0000,0,False,False,P,False,71.0,13.62,110150,42.77409,82.35,0.954,11.24,89.0,44.0,0.0
1788104986.9,0.00,729.0,0,0.260,0.000,0.0000,0,False,False,P,False,71.0,13.62,110150,42.77409,82.75,0.999,11.24,89.0,45.0,0.0
1788104987.1,0.00,736.0,0,0.260,0.000,0.0000,0,False,False,P,False,71.0,13.62,110150,42.77409,82.75,0.943,11.24,89.0,45.0,0.0
1788104987.3,0.00,742.8,0,0.260,0.000,0.0000,0,False,False,P,False,71.0,13.62,110150,42.77409,82.75,0.866,11.24,89.0,44.0,0.0
1788104987.5,0.00,739.0,0,0.260,0.000,0.0000,0,False,False,P,False,71.0,13.62,110150,42.77409,82.35,0.887,11.24,89.0,44.0,0.0
1788104987.8,0.00,734.8,0,0.260,0.000,0.0000,0,False,False,P,False,71.0,13.62,110150,42.77409,82.75,0.887,11.24,89.0,43.0,0.0
1788104988.0,0.00,730.5,0,0.260,0.000,0.0000,0,False,False,P,False,71.0,13.62,110150,42.77409,82.35,0.908,11.24,89.0,43.0,0.0
1788104988.2,0.00,721.2,0,0.260,0.000,0.0000,0,False,False,P,False,71.0,13.62,110150,42.77409,82.35,0.898,11.24,89.0,43.0,0.0
1788104988.4,0.00,714.5,0,0.260,0.000,0.0000,0,False,False,P,False,71.0,13.62,110150,42.77409,82.75,0.898,11.24,89.0,43.0,0.0
1788104988.6,0.00,708.5,0,0.260,0.000,0.0000,0,False,False,P,False,71.0,13.62,110150,42.77409,82.75,0.877,11.24,89.0,43.0,0.0
1788104988.8,0.00,708.5,0,0.260,0.000,0.0000,0,False,False,P,False,71.0,13.62,110150,42.77409,82.75,0.877,11.24,89.0,43.0,0.0
1788104989.0,0.00,707.0,0,0.260,0.000,0.0000,0,False,False,P,False,71.0,13.62,110150,42.77409,82.75,0.898,11.24,89.0,43.0,0.0
1788104989.2,0.00,706.8,0,0.260,0.000,0.0000,0,False,False,P,False,71.0,13.62,110150,42.77409,82.35,0.887,11.24,89.0,43.0,0.0
1788104989.4,0.00,708.0,0,0.260,0.000,0.0000,0,False,False,P,False,71.0,13.62,110150,42.77409,82.35,0.908,11.24,89.0,43.0,0.0
1788104989.6,0.00,711.8,0,0.260,0.000,0.0000,0,False,False,P,False,71.0,13.62,110150,42.77409,82.75,0.877,11.24,89.0,43.0,0.0
1788104989.8,0.00,713.0,0,0.260,0.000,0.0000,0,False,False,P,False,71.0,13.62,110150,42.77409,82.75,0.856,11.24,89.0,43.0,0.0
1788104990.0,0.00,716.0,0,0.260,0.000,0.0000,0,False,False,P,False,71.0,13.74,110150,42.77409,82.75,0.856,11.24,89.0,43.0,0.0
1788104990.2,0.00,716.8,0,0.260,0.000,0.0000,0,False,False,P,False,71.0,13.74,110150,42.77409,82.75,0.877,11.24,89.0,43.0,0.0
1788104990.4,0.00,713.8,0,0.260,0.000,0.0000,0,False,False,P,False,71.0,13.74,110150,42.77409,82.35,0.908,11.24,89.0,43.0,0.0
1788104990.6,0.00,712.5,0,0.260,0.000,0.0000,0,False,False,P,False,71.0,13.74,110150,42.77409,82.35,0.877,11.24,89.0,43.0,0.0
1788104990.8,0.00,713.0,0,0.260,0.000,0.0000,0,False,False,P,False,71.0,13.74,110150,42.77409,82.35,0.846,11.24,89.0,43.0,0.0
1788104991.0,0.00,708.8,0,0.260,0.000,0.0000,0,False,False,P,False,71.0,13.74,110150,42.77409,82.75,0.887,11.24,89.0,43.0,0.0
1788104991.2,0.00,707.2,0,0.260,0.000,0.0000,0,False,False,P,False,71.0,13.74,110150,42.77409,82.35,0.887,11.24,89.0,43.0,0.0
1788104991.4,0.00,705.5,0,0.260,0.000,0.0000,0,False,False,P,False,71.0,13.74,110150,42.77409,82.75,0.898,11.24,89.0,43.0,0.0
1788104991.6,0.00,700.5,0,0.260,0.000,0.0000,0,False,False,P,False,71.0,13.74,110150,42.77409,82.75,0.898,11.24,89.0,43.0,0.0
1788104991.8,0.00,701.0,0,0.260,0.000,0.0000,0,False,False,P,False,71.0,13.74,110150,42.77409,82.75,0.877,11.24,89.0,43.0,0.0
1788104992.0,0.00,700.0,0,0.260,0.000,0.0000,0,False,False,P,False,71.0,13.74,110150,42.77409,82.75,0.877,11.24,89.0,43.0,0.0
1788104992.2,0.00,697.8,0,0.260,0.000,0.0000,0,False,False,P,False,71.0,13.74,110150,42.77409,82.75,0.887,11.24,89.0,43.0,0.0
1788104992.4,0.00,702.0,0,0.260,0.000,0.0000,0,False,False,P,False,71.0,13.74,110150,42.77409,82.75,0.887,11.24,89.0,43.0,0.0
1788104992.6,0.00,702.8,0,0.260,0.000,0.0000,0,False,False,P,False,71.0,13.74,110150,42.77409,82.35,0.877,11.24,89.0,43.0,0.0
1788104992.8,0.00,705.0,0,0.260,0.000,0.0000,0,False,False,P,False,71.0,13.74,110150,42.77409,82.35,0.856,11.24,89.0,43.0,0.0
1788104993.0,0.00,704.5,0,0.260,0.000,0.0000,0,False,False,P,False,71.0,13.75,110150,42.77409,82.35,0.866,11.24,89.0,43.0,0.0
1788104993.2,0.00,704.8,0,0.260,0.000,0.0000,0,False,False,P,False,71.0,13.75,110150,42.77409,82.35,0.856,11.24,89.0,43.0,0.0
1788104993.4,0.00,704.5,0,0.260,0.000,0.0000,0,False,False,P,False,71.0,13.75,110150,42.77409,82.75,0.856,11.24,89.0,43.0,0.0
1788104993.6,0.00,702.2,0,0.260,0.000,0.0000,0,False,False,P,False,71.0,13.75,110150,42.77409,82.75,0.856,11.24,89.0,43.0,0.0
1788104993.8,0.00,700.0,0,0.260,0.000,0.0000,0,False,False,P,False,71.0,13.75,110150,42.77409,82.35,0.866,11.24,89.0,43.0,0.0
1788104994.0,0.00,698.2,0,0.260,0.000,0.0000,0,False,False,P,False,71.0,13.75,110150,42.77409,82.35,0.887,11.24,89.0,43.0,0.0
1788104994.2,0.00,695.8,0,0.260,0.000,0.0000,0,False,False,P,False,71.0,13.75,110150,42.77409,82.35,0.856,11.23,89.0,43.0,0.0
1788104994.4,0.00,693.2,0,0.260,0.000,0.0000,0,False,False,P,False,71.0,13.75,110150,42.77409,82.35,0.877,11.23,89.0,43.0,0.0
1788104994.7,0.00,693.0,0,0.260,0.000,0.0000,0,False,False,P,False,71.0,13.75,110150,42.77409,82.35,0.866,11.23,89.0,43.0,0.0
1788104994.9,0.00,695.5,0,0.260,0.000,0.0000,0,False,False,P,False,71.0,13.75,110150,42.77409,82.75,0.866,11.23,89.0,43.0,0.0
1788104995.1,0.00,698.5,0,0.260,0.000,0.0000,0,False,False,P,False,71.0,13.75,110150,42.77409,82.75,0.877,11.23,89.0,43.0,0.0
1788104995.3,0.00,703.2,0,0.260,0.000,0.0000,0,False,False,P,False,71.0,13.75,110150,42.77409,82.75,0.866,11.23,89.0,43.0,0.0
1788104995.5,0.00,706.2,0,0.260,0.000,0.0000,0,False,False,P,False,71.0,13.75,110150,42.77409,82.75,0.877,11.23,89.0,43.0,0.0
1788104995.7,0.00,705.5,0,0.260,0.000,0.0000,0,False,False,P,False,71.0,13.75,110150,42.77409,82.75,0.877,11.23,89.0,43.0,0.0
1788104995.9,0.00,705.2,0,0.260,0.000,0.0000,0,False,False,P,False,71.0,13.75,110150,42.77409,82.35,0.887,11.23,89.0,43.0,0.0
1788104996.1,0.00,705.0,0,0.260,0.000,0.0000,0,False,False,P,False,71.0,13.74,110150,42.77409,82.75,0.866,11.23,89.0,43.0,0.0
1788104996.3,0.00,703.5,0,0.260,0.000,0.0000,0,False,False,P,False,71.0,13.74,110150,42.77409,82.35,0.866,11.23,89.0,43.0,0.0
1788104996.5,0.00,701.8,0,0.260,0.000,0.0000,0,False,False,P,False,71.0,13.74,110150,42.77409,82.75,0.856,11.23,89.0,43.0,0.0
1788104996.7,0.00,699.8,0,0.260,0.000,0.0000,0,False,False,P,False,71.0,13.74,110150,42.77409,82.75,0.877,11.23,89.0,43.0,0.0
1788104996.9,0.00,699.8,0,0.260,0.000,0.0000,0,False,False,P,False,71.0,13.74,110150,42.77409,82.75,0.846,11.23,89.0,43.0,0.0
1788104997.1,0.00,699.0,0,0.260,0.000,0.0000,0,False,False,P,False,71.0,13.74,110150,42.77409,82.75,0.887,11.23,89.0,43.0,0.0
1788104997.3,0.00,699.0,0,0.260,0.000,0.0000,0,False,False,P,False,71.0,13.74,110150,42.77409,82.75,0.877,11.23,89.0,43.0,0.0
1788104997.5,0.00,698.0,0,0.260,0.000,0.0000,0,False,False,P,False,71.0,13.74,110150,42.77409,82.75,0.866,11.23,89.0,43.0,0.0
1788104997.7,0.00,699.2,0,0.260,0.000,0.0000,0,False,False,P,False,71.0,13.74,110150,42.77409,82.75,0.877,11.23,89.0,43.0,0.0
1788104997.9,0.00,700.5,0,0.260,0.000,0.0000,0,False,False,P,False,71.0,13.74,110150,42.77409,82.75,0.887,11.23,89.0,43.0,0.0
1788104998.1,0.00,700.8,0,0.260,0.000,0.0000,0,False,False,P,False,71.0,13.74,110150,42.77409,82.75,0.856,11.23,89.0,43.0,0.0
1788104998.3,0.00,702.5,0,0.260,0.000,0.0000,0,False,False,P,False,71.0,13.74,110150,42.77409,82.35,0.877,11.23,89.0,43.0,0.0
1788104998.5,0.00,705.0,0,0.260,0.000,0.0000,0,False,False,P,False,71.0,13.74,110150,42.77409,82.35,0.856,11.23,89.0,43.0,0.0
1788104998.7,0.00,705.5,0,0.260,0.000,0.0000,0,False,False,P,False,71.0,13.74,110150,42.77409,82.75,0.866,11.23,89.0,43.0,0.0
1788104998.9,0.00,708.5,0,0.260,0.000,0.0000,0,False,False,P,False,71.0,13.74,110150,42.77409,82.35,0.856,11.23,89.0,43.0,0.0
1788104999.1,0.00,709.2,0,0.260,0.000,0.0000,0,False,False,P,False,71.0,13.73,110150,42.77409,82.35,0.877,11.23,89.0,43.0,0.0
1788104999.3,0.00,706.5,0,0.260,0.000,0.0000,0,False,False,P,False,71.0,13.73,110150,42.77409,82.35,0.856,11.23,89.0,43.0,0.0
1788104999.5,0.00,704.8,0,0.260,0.000,0.0000,0,False,False,P,False,71.0,13.73,110150,42.77409,82.35,0.877,11.23,89.0,43.0,0.0
1788104999.7,0.00,701.0,0,0.260,0.000,0.0000,0,False,False,P,False,71.0,13.73,110150,42.77409,82.35,0.877,11.23,89.0,43.0,0.0
1788104999.9,0.00,698.8,0,0.260,0.000,0.0000,0,False,False,P,False,71.0,13.73,110150,42.77409,82.75,0.734,11.23,89.0,43.0,0.0
1788105000.1,0.00,685.0,0,0.260,0.000,0.0000,0,False,False,P,False,71.0,13.73,110150,42.77409,82.75,0.681,11.23,89.0,41.0,0.0
1788105000.3,0.00,734.8,0,0.260,0.000,0.0000,0,False,False,P,False,71.0,13.73,110150,42.77409,82.75,0.653,11.23,89.0,40.0,0.0
1788105000.5,0.00,750.8,0,0.260,0.000,0.0000,0,False,False,P,False,71.0,13.87,110150,42.77409,82.75,0.646,11.23,89.0,38.0,0.0
1788105000.8,0.00,744.2,0,0.260,0.000,0.0000,0,False,False,P,False,71.0,13.87,110150,42.77409,82.75,0.646,11.23,89.0,37.0,0.0
1788105001.0,0.00,743.5,0,0.260,0.000,0.0000,0,False,False,P,False,71.0,13.87,110150,42.77409,82.75,0.604,11.23,89.0,35.0,0.0
1788105001.2,0.00,739.5,0,0.260,0.000,0.0000,0,False,False,P,False,71.0,13.87,110150,42.77409,82.75,0.604,11.23,89.0,34.0,0.0
1788105001.4,0.00,726.0,0,0.260,0.000,0.0000,0,False,False,P,False,71.0,13.87,110150,42.77409,82.75,0.611,11.23,89.0,33.0,0.0
1788105001.6,0.00,719.0,0,0.260,0.000,0.0000,0,False,False,P,False,71.0,13.87,110150,42.77409,82.75,0.622,11.23,89.0,32.0,0.0
1788105001.8,0.00,716.2,0,0.260,0.000,0.0000,0,False,False,P,False,71.0,13.87,110150,42.77409,82.75,0.622,11.23,89.0,32.0,0.0
1788105002.0,0.00,707.0,0,0.260,0.000,0.0000,0,False,False,P,False,71.0,13.87,110150,42.77409,82.75,0.611,11.23,89.0,32.0,0.0
1788105002.2,0.00,705.2,0,0.260,0.000,0.0000,0,False,False,P,False,71.0,13.74,110150,42.77409,82.35,0.629,11.23,89.0,32.0,0.0
1788105002.4,0.00,706.2,0,0.260,0.000,0.0000,0,False,False,P,False,71.0,13.74,110150,42.77409,82.35,0.622,11.23,89.0,32.0,0.0
1788105002.6,0.00,710.5,0,0.260,0.000,0.0000,0,False,False,P,False,71.0,13.74,110150,42.77409,82.75,0.611,11.23,89.0,32.0,0.0
1788105002.8,0.00,714.0,0,0.260,0.000,0.0000,0,False,False,P,False,71.0,13.74,110150,42.77409,82.35,0.611,11.23,89.0,32.0,0.0
1788105003.0,0.00,713.5,0,0.260,0.000,0.0000,0,False,False,P,False,71.0,13.74,110150,42.77409,82.75,0.611,11.23,89.0,32.0,0.0
1788105003.2,0.00,713.0,0,0.260,0.000,0.0000,0,False,False,P,False,71.0,13.74,110150,42.77409,82.35,0.622,11.23,89.0,32.0,0.0
1788105003.4,0.00,713.5,0,0.260,0.000,0.0000,0,False,False,P,False,71.0,13.74,110150,42.77409,82.75,0.611,11.23,89.0,32.0,0.0
1788105003.6,0.00,716.0,0,0.260,0.000,0.0000,0,False,False,P,False,71.0,13.74,110150,42.77409,82.75,0.611,11.23,89.0,32.0,0.0
1788105003.8,0.00,717.5,0,0.260,0.000,0.0000,0,False,False,P,False,71.0,13.74,110150,42.77409,82.35,0.629,11.23,89.0,32.0,0.0
1788105004.0,0.00,714.5,0,0.260,0.000,0.0000,0,False,False,P,False,71.0,13.74,110150,42.77409,82.75,0.622,11.23,89.0,32.0,0.0
1788105004.2,0.00,716.8,0,0.260,0.000,0.0000,0,False,False,P,False,71.0,13.74,110150,42.77409,82.35,0.604,11.23,89.0,32.0,0.0
1788105004.4,0.00,713.2,0,0.260,0.000,0.0000,0,False,False,P,False,71.0,13.74,110150,42.77409,82.35,0.597,11.23,89.0,32.0,0.0
1788105004.6,0.00,715.0,0,0.260,0.000,0.0000,0,False,False,P,False,71.0,13.74,110150,42.77409,82.35,0.611,11.23,89.0,32.0,0.0
1788105004.8,0.00,712.5,0,0.260,0.000,0.0000,0,False,False,P,False,71.0,13.74,110150,42.77409,82.75,0.611,11.23,89.0,32.0,0.0
1788105005.0,0.00,712.0,0,0.260,0.000,0.0000,0,False,False,P,False,71.0,13.74,110150,42.77409,82.75,0.597,11.23,89.0,32.0,0.0
1788105005.2,0.00,710.8,0,0.260,0.000,0.0000,0,False,False,P,False,71.0,13.74,110150,42.77409,82.35,0.611,11.23,89.0,32.0,0.0
1788105005.4,0.00,708.2,0,0.260,0.000,0.0000,0,False,False,P,False,71.0,13.76,110150,42.77409,82.75,0.629,11.23,89.0,32.0,0.0
1788105005.6,0.00,709.2,0,0.260,0.000,0.0000,0,False,False,P,False,71.0,13.76,110150,42.77409,82.75,0.611,11.23,89.0,32.0,0.0
1788105005.8,0.00,708.8,0,0.260,0.000,0.0000,0,False,False,P,False,71.0,13.76,110150,42.77409,82.75,0.611,11.23,89.0,32.0,0.0
1788105006.0,0.00,711.8,0,0.260,0.000,0.0000,0,False,False,P,False,71.0,13.76,110150,42.77409,82.35,0.604,11.23,89.0,32.0,0.0
1788105006.2,0.00,710.0,0,0.260,0.000,0.0000,0,False,False,P,False,71.0,13.76,110150,42.77409,82.35,0.604,11.23,89.0,32.0,0.0
1788105006.4,0.00,708.8,0,0.260,0.000,0.0000,0,False,False,P,False,71.0,13.76,110150,42.77409,82.75,0.604,11.23,89.0,32.0,0.0
1788105006.6,0.00,712.2,0,0.260,0.000,0.0000,0,False,False,P,False,71.0,13.76,110150,42.77409,82.35,0.604,11.23,89.0,32.0,0.0
1788105006.8,0.00,714.5,0,0.260,0.000,0.0000,0,False,False,P,False,71.0,13.76,110150,42.77409,82.35,0.604,11.23,89.0,32.0,0.0
1788105007.1,0.00,713.8,0,0.260,0.000,0.0000,0,False,False,P,False,71.0,13.76,110150,42.77409,82.35,0.611,11.23,89.0,32.0,0.0
1788105007.3,0.00,710.8,0,0.260,0.000,0.0000,0,False,False,P,False,71.0,13.76,110150,42.77409,82.75,0.611,11.23,89.0,32.0,0.0
1788105007.5,0.00,710.8,0,0.260,0.000,0.0000,0,False,False,P,False,71.0,13.76,110150,42.77409,82.35,0.604,11.23,89.0,32.0,0.0
1788105007.7,0.00,714.0,0,0.260,0.000,0.0000,0,False,False,P,False,71.0,13.76,110150,42.77409,82.35,0.604,11.23,89.0,32.0,0.0
1788105007.9,0.00,723.8,0,0.260,0.000,0.0000,0,False,False,P,False,71.0,13.76,110150,42.77409,82.35,1.219,11.23,89.0,34.0,0.0
1788105008.1,0.00,781.0,0,0.260,0.000,0.0000,0,False,False,P,False,71.0,13.76,110150,42.77409,82.75,0.825,11.23,89.0,38.0,0.0
1788105008.3,0.00,739.0,0,0.260,0.000,0.0000,0,False,False,P,False,71.0,13.76,110150,42.77409,82.75,1.191,11.23,89.0,38.0,0.0
1788105008.5,0.00,744.8,0,0.260,0.000,0.0000,0,False,False,P,False,71.0,13.65,110150,42.77409,82.35,0.908,11.23,89.0,41.0,0.0
1788105008.7,0.00,740.0,0,0.260,0.000,0.0000,0,False,False,P,False,71.0,13.65,110150,42.77409,82.35,0.908,11.23,89.0,41.0,0.0
1788105008.9,0.00,736.2,0,0.260,0.000,0.0000,0,False,False,P,False,71.0,13.65,110150,42.77409,82.35,0.898,11.23,89.0,42.0,0.0
1788105009.1,0.00,736.2,0,0.260,0.000,0.0000,0,False,False,P,False,71.0,13.65,110150,42.77409,82.35,0.898,11.23,89.0,42.0,0.0
1788105009.3,0.00,734.2,0,0.260,0.000,0.0000,0,False,False,P,False,71.0,13.65,110150,42.77409,82.35,0.887,11.23,89.0,42.0,0.0
1788105009.5,0.00,729.5,0,0.260,0.000,0.0000,0,False,False,P,False,71.0,13.65,110150,42.77409,82.75,0.887,11.23,89.0,43.0,0.0
1788105009.7,0.00,726.8,0,0.260,0.000,0.0000,0,False,False,P,False,71.0,13.65,110150,42.77409,82.35,0.978,11.23,89.0,44.0,0.0
1788105009.9,0.00,727.8,0,0.260,0.000,0.0000,0,False,False,P,False,71.0,13.65,110150,42.77409,82.75,0.933,11.23,89.0,44.0,0.0
1788105010.1,0.00,727.8,0,0.260,0.000,0.0000,0,False,False,P,False,71.0,13.65,110150,42.77409,83.14,0.943,11.23,89.0,44.0,0.0
1788105010.3,0.00,725.0,0,0.260,0.000,0.0000,0,False,False,P,False,71.0,13.65,110150,42.77409,82.75,0.908,11.22,89.0,44.0,0.0
1788105010.5,0.00,723.8,0,0.260,0.000,0.0000,0,False,False,P,False,71.0,13.65,110150,42.77409,82.35,0.943,11.22,89.0,44.0,0.0
1788105010.7,0.00,720.2,0,0.260,0.000,0.0000,0,False,False,P,False,71.0,13.65,110150,42.77409,82.75,0.943,11.22,89.0,44.0,0.0
1788105010.9,0.00,722.0,0,0.260,0.000,0.0000,0,False,False,P,False,71.0,13.65,110150,42.77409,82.75,0.964,11.22,89.0,45.0,0.0
1788105011.1,0.00,726.8,0,0.260,0.000,0.0000,0,False,False,P,False,71.0,13.65,110150,42.77409,82.75,0.943,11.22,89.0,45.0,0.0
1788105011.3,0.00,732.5,0,0.260,0.000,0.0000,0,False,False,P,False,71.0,13.65,110150,42.77409,82.35,0.908,11.22,89.0,44.0,0.0
1788105011.5,0.00,741.2,0,0.260,0.000,0.0000,0,False,False,P,False,71.0,13.85,110150,42.77409,82.75,0.856,11.22,89.0,44.0,0.0
1788105011.7,0.00,739.0,0,0.260,0.000,0.0000,0,False,False,P,False,71.0,13.85,110150,42.77409,82.35,0.866,11.22,89.0,43.0,0.0
1788105011.9,0.00,734.2,0,0.260,0.000,0.0000,0,False,False,P,False,71.0,13.85,110150,42.77409,82.75,0.877,11.22,89.0,43.0,0.0
1788105012.1,0.00,725.5,0,0.260,0.000,0.0000,0,False,False,P,False,71.0,13.85,110150,42.77409,82.75,0.877,11.22,89.0,43.0,0.0
1788105012.3,0.00,715.8,0,0.260,0.000,0.0000,0,False,False,P,False,71.0,13.85,110150,42.77409,82.75,0.877,11.22,89.0,43.0,0.0
1788105012.5,0.00,711.0,0,0.260,0.000,0.0000,0,False,False,P,False,71.0,13.85,110150,42.77409,82.35,0.866,11.22,89.0,43.0,0.0
1788105012.7,0.00,705.0,0,0.260,0.000,0.0000,0,False,False,P,False,71.0,13.85,110150,42.77409,82.35,0.866,11.22,89.0,43.0,0.0
1788105012.9,0.00,699.5,0,0.260,0.000,0.0000,0,False,False,P,False,71.0,13.85,110150,42.77409,82.75,0.877,11.22,89.0,43.0,0.0
1788105013.2,0.00,696.2,0,0.260,0.000,0.0000,0,False,False,P,False,71.0,13.85,110150,42.77409,82.35,0.887,11.22,89.0,43.0,0.0
1788105013.4,0.00,696.0,0,0.260,0.000,0.0000,0,False,False,P,False,71.0,13.85,110150,42.77409,82.75,0.887,11.22,89.0,43.0,0.0
1788105013.6,0.00,698.0,0,0.260,0.000,0.0000,0,False,False,P,False,71.0,13.85,110150,42.77409,82.35,0.898,11.22,89.0,44.0,0.0
1788105013.8,0.00,703.8,0,0.260,0.000,0.0000,0,False,False,P,False,71.0,13.85,110150,42.77409,82.35,0.877,11.22,89.0,44.0,0.0
1788105014.0,0.00,712.8,0,0.260,0.000,0.0000,0,False,False,P,False,71.0,13.85,110150,42.77409,82.35,0.856,11.22,89.0,44.0,0.0
1788105014.2,0.00,718.0,0,0.260,0.000,0.0000,0,False,False,P,False,71.0,13.85,110150,42.77409,82.75,0.866,11.22,89.0,43.0,0.0
1788105014.4,0.00,716.8,0,0.260,0.000,0.0000,0,False,False,P,False,71.0,13.85,110150,42.77409,82.75,0.866,11.22,89.0,43.0,0.0
1788105014.6,0.00,715.0,0,0.260,0.000,0.0000,0,False,False,P,False,71.0,13.73,110150,42.77409,82.35,0.877,11.22,89.0,43.0,0.0
1788105014.8,0.00,713.8,0,0.260,0.000,0.0000,0,False,False,P,False,71.0,13.73,110150,42.77409,83.14,0.866,11.22,89.0,43.0,0.0
1788105015.0,0.00,711.5,0,0.260,0.000,0.0000,0,False,False,P,False,71.0,13.73,110150,42.77409,82.75,0.887,11.22,89.0,43.0,0.0
1788105015.2,0.00,712.5,0,0.260,0.000,0.0000,0,False,False,P,False,71.0,13.73,110150,42.77409,82.75,0.887,11.22,89.0,43.0,0.0
1788105015.4,0.00,710.2,0,0.260,0.000,0.0000,0,False,False,P,False,71.0,13.73,110150,42.77409,82.35,0.898,11.22,89.0,43.0,0.0
1788105015.6,0.00,709.8,0,0.260,0.000,0.0000,0,False,False,P,False,71.0,13.73,110150,42.77409,82.75,0.887,11.22,89.0,43.0,0.0
1788105015.8,0.00,708.5,0,0.260,0.000,0.0000,0,False,False,P,False,71.0,13.73,110150,42.77409,82.35,0.866,11.22,89.0,43.0,0.0
1788105016.0,0.00,706.5,0,0.260,0.000,0.0000,0,False,False,P,False,71.0,13.73,110150,42.77409,82.35,0.898,11.22,89.0,43.0,0.0
1788105016.2,0.00,706.2,0,0.260,0.000,0.0000,0,False,False,P,False,71.0,13.73,110150,42.77409,82.35,0.898,11.22,89.0,43.0,0.0
1788105016.4,0.00,705.8,0,0.260,0.000,0.0000,0,False,False,P,False,71.0,13.73,110150,42.77409,82.75,0.887,11.22,89.0,43.0,0.0
1788105016.6,0.00,704.5,0,0.260,0.000,0.0000,0,False,False,P,False,71.0,13.73,110150,42.77409,82.75,0.866,11.22,89.0,43.0,0.0
1788105016.8,0.00,702.8,0,0.260,0.000,0.0000,0,False,False,P,False,71.0,13.73,110150,42.77409,82.35,0.866,11.22,89.0,43.0,0.0
1788105017.0,0.00,702.2,0,0.260,0.000,0.0000,0,False,False,P,False,71.0,13.73,110150,42.77409,82.75,0.887,11.22,89.0,43.0,0.0
1788105017.2,0.00,699.2,0,0.260,0.000,0.0000,0,False,False,P,False,71.0,13.73,110150,42.77409,82.75,0.877,11.22,89.0,43.0,0.0
1788105017.4,0.00,698.2,0,0.260,0.000,0.0000,0,False,False,P,False,71.0,13.73,110150,42.77409,82.35,0.887,11.22,89.0,43.0,0.0
1788105017.6,0.00,698.0,0,0.260,0.000,0.0000,0,False,False,P,False,71.0,13.73,110150,42.77409,82.75,0.856,11.22,89.0,43.0,0.0
1788105017.8,0.00,698.2,0,0.260,0.000,0.0000,0,False,False,P,False,71.0,13.74,110150,42.77409,82.75,0.866,11.22,89.0,43.0,0.0
1788105018.0,0.00,699.5,0,0.260,0.000,0.0000,0,False,False,P,False,71.0,13.74,110150,42.77409,82.75,0.877,11.22,89.0,43.0,0.0
1788105018.2,0.00,700.8,0,0.260,0.000,0.0000,0,False,False,P,False,71.0,13.74,110150,42.77409,82.35,0.856,11.22,89.0,43.0,0.0
1788105018.4,0.00,700.8,0,0.260,0.000,0.0000,0,False,False,P,False,71.0,13.74,110150,42.77409,82.75,0.814,11.22,89.0,43.0,0.0
1788105018.7,0.00,700.5,0,0.260,0.000,0.0000,0,False,False,P,False,71.0,13.74,110150,42.77409,82.35,0.866,11.22,89.0,43.0,0.0
1788105018.9,0.00,702.8,0,0.260,0.000,0.0000,0,False,False,P,False,71.0,13.74,110150,42.77409,82.35,0.856,11.22,89.0,43.0,0.0
1788105019.1,0.00,705.2,0,0.260,0.000,0.0000,0,False,False,P,False,71.0,13.74,110150,42.77409,82.75,0.866,11.22,89.0,43.0,0.0
1788105019.3,0.00,703.8,0,0.260,0.000,0.0000,0,False,False,P,False,71.0,13.74,110150,42.77409,82.75,0.856,11.22,89.0,43.0,0.0
1788105019.5,0.00,705.0,0,0.260,0.000,0.0000,0,False,False,P,False,71.0,13.74,110150,42.77409,82.35,0.898,11.22,89.0,43.0,0.0
1788105019.7,0.00,703.8,0,0.260,0.000,0.0000,0,False,False,P,False,71.0,13.74,110150,42.77409,82.75,0.898,11.22,89.0,43.0,0.0
1788105019.9,0.00,702.8,0,0.260,0.000,0.0000,0,False,False,P,False,71.0,13.74,110150,42.77409,82.75,0.877,11.22,89.0,43.0,0.0
1788105020.1,0.00,704.0,0,0.260,0.000,0.0000,0,False,False,P,False,71.0,13.74,110150,42.77409,82.35,0.856,11.22,89.0,43.0,0.0
1788105020.3,0.00,705.0,0,0.260,0.000,0.0000,0,False,False,P,False,71.0,13.74,110150,42.77409,82.75,0.877,11.22,89.0,43.0,0.0
1788105020.5,0.00,703.8,0,0.260,0.000,0.0000,0,False,False,P,False,71.0,13.74,110150,42.77409,82.75,0.846,11.22,89.0,43.0,0.0
1788105020.7,0.00,702.2,0,0.260,0.000,0.0000,0,False,False,P,False,71.0,13.74,110150,42.77409,82.75,0.846,11.22,89.0,43.0,0.0
1788105020.9,0.00,702.0,0,0.260,0.000,0.0000,0,False,False,P,False,71.0,13.76,110150,42.77409,82.35,0.866,11.22,89.0,43.0,0.0
1788105021.1,0.00,701.5,0,0.260,0.000,0.0000,0,False,False,P,False,71.0,13.76,110150,42.77409,82.75,0.866,11.22,89.0,43.0,0.0
1788105021.3,0.00,700.8,0,0.260,0.000,0.0000,0,False,False,P,False,71.0,13.76,110150,42.77409,82.75,0.887,11.22,89.0,43.0,0.0
1788105021.5,0.00,699.2,0,0.260,0.000,0.0000,0,False,False,P,False,71.0,13.76,110150,42.77409,82.35,0.887,11.22,89.0,43.0,0.0
1788105021.7,0.00,699.8,0,0.260,0.000,0.0000,0,False,False,P,False,71.0,13.76,110150,42.77409,82.35,0.887,11.22,89.0,43.0,0.0
1788105021.9,0.00,699.8,0,0.260,0.000,0.0000,0,False,False,P,False,71.0,13.76,110150,42.77409,82.75,0.866,11.22,89.0,43.0,0.0
1788105022.1,0.00,700.2,0,0.260,0.000,0.0000,0,False,False,P,False,71.0,13.76,110150,42.77409,82.35,0.898,11.22,89.0,43.0,0.0
1788105022.3,0.00,701.5,0,0.260,0.000,0.0000,0,False,False,P,False,71.0,13.76,110150,42.77409,82.75,0.898,11.22,89.0,43.0,0.0
1788105022.5,0.00,700.2,0,0.260,0.000,0.0000,0,False,False,P,False,71.0,13.76,110150,42.77409,82.75,0.877,11.22,89.0,43.0,0.0
1788105022.7,0.00,698.8,0,0.260,0.000,0.0000,0,False,False,P,False,71.0,13.76,110150,42.77409,82.35,0.898,11.22,89.0,43.0,0.0
1788105022.9,0.00,698.0,0,0.260,0.000,0.0000,0,False,False,P,False,71.0,13.76,110150,42.77409,82.35,0.866,11.22,89.0,43.0,0.0
1788105023.1,0.00,695.8,0,0.260,0.000,0.0000,0,False,False,P,False,71.0,13.76,110150,42.77409,82.75,0.877,11.22,89.0,43.0,0.0
1788105023.3,0.00,693.0,0,0.260,0.000,0.0000,0,False,False,P,False,71.0,13.76,110150,42.77409,82.35,0.734,11.22,89.0,42.0,0.0
1788105023.5,0.00,672.0,0,0.260,0.000,0.0000,0,False,False,P,False,71.0,13.76,110150,42.77409,82.35,0.653,11.22,89.0,40.0,0.0
1788105023.7,0.00,735.5,0,0.260,0.000,0.0000,0,False,False,P,False,71.0,13.76,110150,42.77409,82.75,0.671,11.22,89.0,38.0,0.0
1788105023.9,0.00,750.2,0,0.260,0.000,0.0000,0,False,False,P,False,71.0,13.86,110150,42.77409,82.35,0.646,11.22,89.0,37.0,0.0
1788105024.1,0.00,744.8,0,0.260,0.000,0.0000,0,False,False,P,False,71.0,13.86,110150,42.77409,82.75,0.611,11.22,89.0,35.0,0.0
1788105024.3,0.00,738.2,0,0.260,0.000,0.0000,0,False,False,P,False,71.0,13.86,110150,42.77409,82.75,0.597,11.22,89.0,34.0,0.0
1788105024.5,0.00,729.8,0,0.260,0.000,0.0000,0,False,False,P,False,71.0,13.86,110150,42.77409,82.75,0.597,11.21,89.0,33.0,0.0
1788105024.7,0.00,720.2,0,0.260,0.000,0.0000,0,False,False,P,False,71.0,13.86,110150,42.77409,82.35,0.604,11.21,89.0,32.0,0.0
1788105024.9,0.00,714.5,0,0.260,0.000,0.0000,0,False,False,P,False,71.0,13.86,110150,42.77409,82.35,0.622,11.21,89.0,32.0,0.0
1788105025.2,0.00,706.0,0,0.260,0.000,0.0000,0,False,False,P,False,71.0,13.86,110150,42.77409,82.35,0.611,11.21,89.0,32.0,0.0
1788105025.4,0.00,703.2,0,0.260,0.000,0.0000,0,False,False,P,False,71.0,13.86,110150,42.77409,82.35,0.611,11.21,89.0,32.0,0.0
1788105025.6,0.00,699.8,0,0.260,0.000,0.0000,0,False,False,P,False,71.0,13.86,110150,42.77409,82.35,0.639,11.21,89.0,32.0,0.0
1788105025.8,0.00,699.2,0,0.260,0.000,0.0000,0,False,False,P,False,71.0,13.86,110150,42.77409,82.35,0.629,11.21,89.0,32.0,0.0
1788105026.0,0.00,703.0,0,0.260,0.000,0.0000,0,False,False,P,False,71.0,13.86,110150,42.77409,82.35,0.604,11.21,89.0,32.0,0.0
1788105026.2,0.00,710.5,0,0.260,0.000,0.0000,0,False,False,P,False,71.0,13.86,110150,42.77409,82.75,0.611,11.21,89.0,32.0,0.0
1788105026.4,0.00,708.8,0,0.260,0.000,0.0000,0,False,False,P,False,71.0,13.86,110150,42.77409,82.75,0.622,11.21,89.0,32.0,0.0
1788105026.6,0.00,711.2,0,0.260,0.000,0.0000,0,False,False,P,False,71.0,13.86,110150,42.77409,82.35,0.622,11.21,89.0,32.0,0.0
1788105026.8,0.00,710.5,0,0.260,0.000,0.0000,0,False,False,P,False,71.0,13.86,110150,42.77409,82.35,0.611,11.21,89.0,32.0,0.0
1788105027.0,0.00,709.5,0,0.260,0.000,0.0000,0,False,False,P,False,71.0,13.76,110150,42.77409,82.75,0.622,11.21,89.0,32.0,0.0
1788105027.2,0.00,711.2,0,0.260,0.000,0.0000,0,False,False,P,False,71.0,13.76,110150,42.77409,82.35,0.639,11.21,89.0,32.0,0.0
1788105027.4,0.00,712.8,0,0.260,0.000,0.0000,0,False,False,P,False,71.0,13.76,110150,42.77409,82.75,0.604,11.21,89.0,32.0,0.0
1788105027.6,0.00,713.0,0,0.260,0.000,0.0000,0,False,False,P,False,71.0,13.76,110150,42.77409,82.35,0.611,11.21,89.0,32.0,0.0
1788105027.8,0.00,709.8,0,0.260,0.000,0.0000,0,False,False,P,False,71.0,13.76,110150,42.77409,82.75,0.629,11.21,89.0,32.0,0.0
1788105028.0,0.00,710.0,0,0.260,0.000,0.0000,0,False,False,P,False,71.0,13.76,110150,42.77409,82.35,0.629,11.21,89.0,32.0,0.0
1788105028.2,0.00,707.8,0,0.260,0.000,0.0000,0,False,False,P,False,71.0,13.76,110150,42.77409,82.75,0.629,11.21,89.0,32.0,0.0
1788105028.4,0.00,710.0,0,0.260,0.000,0.0000,0,False,False,P,False,71.0,13.76,110150,42.77409,82.75,0.611,11.21,89.0,31.0,0.0
1788105028.6,0.00,708.5,0,0.260,0.000,0.0000,0,False,False,P,False,71.0,13.76,110150,42.77409,82.35,0.622,11.21,89.0,32.0,0.0
1788105028.8,0.00,708.0,0,0.260,0.000,0.0000,0,False,False,P,False,71.0,13.76,110150,42.77409,82.75,0.622,11.21,89.0,32.0,0.0
1788105029.0,0.00,706.5,0,0.260,0.000,0.0000,0,False,False,P,False,71.0,13.76,110150,42.77409,82.35,0.611,11.21,89.0,32.0,0.0
1788105029.2,0.00,704.0,0,0.260,0.000,0.0000,0,False,False,P,False,71.0,13.76,110150,42.77409,82.35,0.622,11.21,89.0,32.0,0.0
1788105029.4,0.00,705.2,0,0.260,0.000,0.0000,0,False,False,P,False,71.0,13.76,110150,42.77409,82.35,0.604,11.21,89.0,32.0,0.0
1788105029.6,0.00,705.0,0,0.260,0.000,0.0000,0,False,False,P,False,71.0,13.76,110150,42.77409,82.75,0.604,11.21,89.0,32.0,0.0
1788105029.8,0.00,703.2,0,0.260,0.000,0.0000,0,False,False,P,False,71.0,13.76,110150,42.77409,82.35,0.604,11.21,89.0,32.0,0.0
1788105030.0,0.00,703.5,0,0.260,0.000,0.0000,0,False,False,P,False,71.0,13.77,110150,42.77409,82.35,0.611,11.21,89.0,32.0,0.0
1788105030.2,0.00,707.5,0,0.260,0.000,0.0000,0,False,False,P,False,71.0,13.77,110150,42.77409,82.35,0.604,11.21,89.0,32.0,0.0
1788105030.4,0.00,711.8,0,0.260,0.000,0.0000,0,False,False,P,False,71.0,13.77,110150,42.77409,82.75,0.611,11.21,89.0,32.0,0.0
1788105030.6,0.00,712.0,0,0.260,0.000,0.0000,0,False,False,P,False,71.0,13.77,110150,42.77409,82.35,0.611,11.21,89.0,32.0,0.0
1788105030.8,0.00,710.5,0,0.260,0.000,0.0000,0,False,False,P,False,71.0,13.77,110150,42.77409,82.35,0.611,11.21,89.0,32.0,0.0
1788105031.0,0.00,711.5,0,0.260,0.000,0.0000,0,False,False,P,False,71.0,13.77,110150,42.77409,82.75,0.611,11.21,89.0,32.0,0.0
1788105031.3,0.00,712.5,0,0.260,0.000,0.0000,0,False,False,P,False,71.0,13.77,110150,42.77409,82.35,0.629,11.21,89.0,31.0,0.0
1788105031.5,0.00,710.5,0,0.260,0.000,0.0000,0,False,False,P,False,70.0,13.77,110150,42.77409,82.35,1.981,11.21,89.0,31.0,0.0
1788105031.7,0.00,749.8,0,0.260,0.000,0.0000,0,False,False,P,False,70.0,13.77,110150,42.77409,82.75,0.877,11.21,89.0,38.0,0.0
1788105031.9,0.00,783.5,0,0.260,0.000,0.0000,0,False,False,P,False,70.0,13.77,110150,42.77409,82.75,0.825,11.21,89.0,39.0,0.0
1788105032.1,0.00,737.2,0,0.260,0.000,0.0000,0,False,False,P,False,70.0,13.77,110150,42.77409,82.75,1.069,11.21,89.0,39.0,0.0
1788105032.3,0.00,741.5,0,0.260,0.000,0.0000,0,False,False,P,False,70.0,13.77,110150,42.77409,82.35,0.887,11.21,89.0,40.0,0.0
1788105032.5,0.00,733.0,0,0.260,0.000,0.0000,0,False,False,P,False,70.0,13.77,110150,42.77409,82.35,0.999,11.21,89.0,41.0,0.0
1788105032.7,0.00,732.0,0,0.260,0.000,0.0000,0,False,False,P,False,70.0,13.77,110150,42.77409,82.35,0.898,11.21,89.0,42.0,0.0
1788105032.9,0.00,730.2,0,0.260,0.000,0.0000,0,False,False,P,False,70.0,13.77,110150,42.77409,82.35,0.908,11.21,89.0,42.0,0.0
1788105033.1,0.00,724.2,0,0.260,0.000,0.0000,0,False,False,P,False,70.0,13.77,110150,42.77409,82.75,0.933,11.21,89.0,42.0,0.0
1788105033.3,0.00,722.8,0,0.260,0.000,0.0000,0,False,False,P,False,70.0,13.29,110150,42.77409,82.75,0.933,11.21,89.0,43.0,0.0
1788105033.5,0.00,722.8,0,0.260,0.000,0.0000,0,False,False,P,False,70.0,13.29,110150,42.77409,82.75,0.922,11.21,89.0,43.0,0.0
1788105033.7,0.00,720.5,0,0.260,0.000,0.0000,0,False,False,P,False,70.0,13.29,110150,42.77409,82.75,0.908,11.21,89.0,43.0,0.0
1788105033.9,0.00,718.2,0,0.260,0.000,0.0000,0,False,False,P,False,70.0,13.29,110150,42.77409,82.75,0.954,11.21,89.0,43.0,0.0
1788105034.1,0.00,717.2,0,0.260,0.000,0.0000,0,False,False,P,False,70.0,13.29,110150,42.77409,82.35,0.954,11.21,89.0,44.0,0.0
1788105034.3,0.00,717.8,0,0.260,0.000,0.0000,0,False,False,P,False,70.0,13.29,110150,42.77409,82.75,0.943,11.21,89.0,44.0,0.0
1788105034.5,0.00,716.0,0,0.260,0.000,0.0000,0,False,False,P,False,70.0,13.29,110150,42.77409,82.35,0.933,11.21,89.0,44.0,0.0
1788105034.7,0.00,719.8,0,0.260,0.000,0.0000,0,False,False,P,False,70.0,13.29,110150,42.77409,82.35,0.954,11.21,89.0,44.0,0.0
1788105034.9,0.00,726.2,0,0.260,0.000,0.0000,0,False,False,P,False,70.0,13.29,110150,42.77409,82.75,0.943,11.21,89.0,44.0,0.0
1788105035.1,0.00,737.0,0,0.260,0.000,0.0000,0,False,False,P,False,70.0,13.29,110150,42.77409,82.75,0.922,11.21,89.0,44.0,0.0
1788105035.3,0.00,740.5,0,0.260,0.000,0.0000,0,False,False,P,False,70.0,13.29,110150,42.77409,82.75,0.877,11.21,89.0,43.0,0.0
1788105035.5,0.00,736.0,0,0.260,0.000,0.0000,0,False,False,P,False,70.0,13.29,110150,42.77409,82.35,0.866,11.21,89.0,43.0,0.0
1788105035.7,0.00,729.2,0,0.260,0.000,0.0000,0,False,False,P,False,70.0,13.29,110150,42.77409,82.35,0.877,11.21,89.0,42.0,0.0
1788105035.9,0.00,719.5,0,0.260,0.000,0.0000,0,False,False,P,False,70.0,13.29,110150,42.77409,82.75,0.887,11.21,89.0,42.0,0.0
1788105036.1,0.00,714.0,0,0.260,0.000,0.0000,0,False,False,P,False,70.0,13.29,110150,42.77409,82.75,0.908,11.21,89.0,42.0,0.0
1788105036.3,0.00,705.5,0,0.260,0.000,0.0000,0,False,False,P,False,70.0,13.72,110150,42.77409,82.35,0.908,11.21,89.0,43.0,0.0
1788105036.5,0.00,701.0,0,0.260,0.000,0.0000,0,False,False,P,False,70.0,13.74,110150,42.77409,82.35,0.908,11.21,89.0,43.0,0.0
1788105036.7,0.00,699.2,0,0.260,0.000,0.0000,0,False,False,P,False,70.0,13.74,110150,42.77409,82.75,0.908,11.21,89.0,43.0,0.0
1788105036.9,0.00,698.2,0,0.260,0.000,0.0000,0,False,False,P,False,70.0,13.74,110150,42.77409,82.35,0.877,11.21,89.0,43.0,0.0
1788105037.1,0.00,699.8,0,0.260,0.000,0.0000,0,False,False,P,False,70.0,13.74,110150,42.77409,82.35,0.908,11.21,89.0,43.0,0.0
1788105037.4,0.00,702.2,0,0.260,0.000,0.0000,0,False,False,P,False,70.0,13.74,110150,42.77409,82.35,0.887,11.21,89.0,43.0,0.0
1788105037.6,0.00,707.8,0,0.260,0.000,0.0000,0,False,False,P,False,70.0,13.74,110150,42.77409,82.75,0.877,11.21,89.0,43.0,0.0
1788105037.8,0.00,712.2,0,0.260,0.000,0.0000,0,False,False,P,False,70.0,13.74,110150,42.77409,82.35,0.877,11.21,89.0,43.0,0.0
1788105038.0,0.00,712.8,0,0.260,0.000,0.0000,0,False,False,P,False,70.0,13.74,110150,42.77409,82.75,0.877,11.21,89.0,43.0,0.0
1788105038.2,0.00,711.2,0,0.260,0.000,0.0000,0,False,False,P,False,70.0,13.74,110150,42.77409,82.35,0.908,11.21,89.0,43.0,0.0
1788105038.4,0.00,709.2,0,0.260,0.000,0.0000,0,False,False,P,False,70.0,13.74,110150,42.77409,82.35,0.887,11.21,89.0,43.0,0.0
1788105038.6,0.00,707.0,0,0.260,0.000,0.0000,0,False,False,P,False,70.0,13.74,110150,42.77409,82.35,0.887,11.21,89.0,43.0,0.0
1788105038.8,0.00,705.8,0,0.260,0.000,0.0000,0,False,False,P,False,70.0,13.74,110150,42.77409,82.75,0.898,11.21,89.0,43.0,0.0
1788105039.0,0.00,705.2,0,0.260,0.000,0.0000,0,False,False,P,False,70.0,13.74,110150,42.77409,82.75,0.887,11.21,89.0,43.0,0.0
1788105039.2,0.00,702.0,0,0.260,0.000,0.0000,0,False,False,P,False,70.0,13.74,110150,42.77409,82.35,0.898,11.21,89.0,43.0,0.0
1788105039.4,0.00,700.2,0,0.260,0.000,0.0000,0,False,False,P,False,70.0,13.75,110150,42.77409,82.35,0.908,11.21,89.0,43.0,0.0
1788105039.6,0.00,702.5,0,0.260,0.000,0.0000,0,False,False,P,False,70.0,13.76,110150,42.77409,82.75,0.887,11.21,89.0,43.0,0.0
1788105039.8,0.00,704.2,0,0.260,0.000,0.0000,0,False,False,P,False,70.0,13.76,110150,42.77409,82.75,0.898,11.21,89.0,43.0,0.0
1788105040.0,0.00,705.0,0,0.260,0.000,0.0000,0,False,False,P,False,70.0,13.76,110150,42.77409,82.35,0.898,11.20,89.0,43.0,0.0
1788105040.2,0.00,703.0,0,0.260,0.000,0.0000,0,False,False,P,False,70.0,13.76,110150,42.77409,82.35,0.887,11.20,89.0,43.0,0.0
1788105040.4,0.00,704.2,0,0.260,0.000,0.0000,0,False,False,P,False,70.0,13.76,110150,42.77409,82.75,0.908,11.20,89.0,43.0,0.0
1788105040.6,0.00,702.8,0,0.260,0.000,0.0000,0,False,False,P,False,70.0,13.76,110150,42.77409,82.35,0.866,11.20,89.0,43.0,0.0
1788105040.8,0.00,704.2,0,0.260,0.000,0.0000,0,False,False,P,False,70.0,13.76,110150,42.77409,82.35,0.887,11.20,89.0,43.0,0.0
1788105041.0,0.00,703.5,0,0.260,0.000,0.0000,0,False,False,P,False,70.0,13.76,110150,42.77409,82.75,0.856,11.20,89.0,43.0,0.0
1788105041.2,0.00,703.2,0,0.260,0.000,0.0000,0,False,False,P,False,70.0,13.76,110150,42.77409,82.75,0.898,11.20,89.0,43.0,0.0
1788105041.4,0.00,700.0,0,0.260,0.000,0.0000,0,False,False,P,False,70.0,13.76,110150,42.77409,82.75,0.877,11.20,89.0,43.0,0.0
1788105041.6,0.00,697.8,0,0.260,0.000,0.0000,0,False,False,P,False,70.0,13.76,110150,42.77409,82.75,0.866,11.20,89.0,43.0,0.0
1788105041.8,0.00,696.2,0,0.260,0.000,0.0000,0,False,False,P,False,70.0,13.76,110150,42.77409,82.75,0.887,11.20,89.0,43.0,0.0
1788105042.0,0.00,697.8,0,0.260,0.000,0.0000,0,False,False,P,False,70.0,13.76,110150,42.77409,82.75,0.887,11.20,89.0,43.0,0.0
1788105042.2,0.00,696.8,0,0.260,0.000,0.0000,0,False,False,P,False,70.0,13.76,110150,42.77409,82.75,0.877,11.20,89.0,43.0,0.0
1788105042.4,0.00,696.0,0,0.260,0.000,0.0000,0,False,False,P,False,70.0,13.74,110150,42.77409,82.35,0.908,11.20,89.0,43.0,0.0
1788105042.6,0.00,695.2,0,0.260,0.000,0.0000,0,False,False,P,False,70.0,13.74,110150,42.77409,82.75,0.898,11.20,89.0,43.0,0.0
1788105042.8,0.00,696.0,0,0.260,0.000,0.0000,0,False,False,P,False,70.0,13.74,110150,42.77409,82.75,0.877,11.20,89.0,43.0,0.0
1788105043.0,0.00,700.0,0,0.260,0.000,0.0000,0,False,False,P,False,70.0,13.74,110150,42.77409,82.75,0.887,11.20,89.0,43.0,0.0
1788105043.2,0.00,700.8,0,0.260,0.000,0.0000,0,False,False,P,False,70.0,13.74,110150,42.77409,82.75,0.898,11.20,89.0,43.0,0.0
1788105043.4,0.00,703.5,0,0.260,0.000,0.0000,0,False,False,P,False,70.0,13.76,110150,42.77409,82.75,0.866,11.20,89.0,43.0,0.0
1788105043.6,0.00,703.5,0,0.260,0.000,0.0000,0,False,False,P,False,70.0,13.76,110150,42.77409,82.75,0.846,11.20,89.0,43.0,0.0
1788105043.9,0.00,704.8,0,0.260,0.000,0.0000,0,False,False,P,False,70.0,13.76,110150,42.77409,82.35,0.877,11.20,89.0,43.0,0.0
1788105044.1,0.00,703.8,0,0.260,0.000,0.0000,0,False,False,P,False,70.0,13.76,110150,42.77409,82.35,0.887,11.20,89.0,43.0,0.0
1788105044.3,0.00,705.2,0,0.260,0.000,0.0000,0,False,False,P,False,70.0,13.76,110150,42.77409,82.35,0.866,11.20,89.0,43.0,0.0
1788105044.5,0.00,704.8,0,0.260,0.000,0.0000,0,False,False,P,False,70.0,13.76,110150,42.77409,82.35,0.877,11.20,89.0,43.0,0.0
1788105044.7,0.00,703.2,0,0.260,0.000,0.0000,0,False,False,P,False,70.0,13.76,110150,42.77409,82.75,0.887,11.20,89.0,43.0,0.0
1788105044.9,0.00,703.0,0,0.260,0.000,0.0000,0,False,False,P,False,70.0,13.76,110150,42.77409,82.75,0.877,11.20,89.0,43.0,0.0
1788105045.1,0.00,701.2,0,0.260,0.000,0.0000,0,False,False,P,False,70.0,13.76,110150,42.77409,82.75,0.908,11.20,89.0,43.0,0.0
1788105045.3,0.00,699.2,0,0.260,0.000,0.0000,0,False,False,P,False,70.0,13.76,110150,42.77409,82.35,0.877,11.20,89.0,43.0,0.0
1788105045.5,0.00,702.5,0,0.260,0.000,0.0000,0,False,False,P,False,70.0,13.75,110150,42.77409,82.75,0.856,11.20,89.0,43.0,0.0
1788105045.7,0.00,706.0,0,0.260,0.000,0.0000,0,False,False,P,False,70.0,13.75,110150,42.77409,82.35,0.887,11.20,89.0,43.0,0.0
1788105045.9,0.00,706.5,0,0.260,0.000,0.0000,0,False,False,P,False,70.0,13.75,110150,42.77409,82.35,0.887,11.20,89.0,43.0,0.0
1788105046.1,0.00,708.0,0,0.260,0.000,0.0000,0,False,False,P,False,70.0,13.75,110150,42.77409,82.75,0.887,11.20,89.0,43.0,0.0
1788105046.3,0.00,707.5,0,0.260,0.000,0.0000,0,False,False,P,False,70.0,13.75,110150,42.77409,82.75,0.898,11.20,89.0,43.0,0.0
1788105046.5,0.00,708.8,0,0.260,0.000,0.0000,0,False,False,P,False,70.0,13.75,110150,42.77409,82.35,0.887,11.20,89.0,43.0,0.0
1788105046.7,0.00,708.5,0,0.260,0.000,0.0000,0,False,False,P,False,70.0,13.75,110150,42.77409,82.75,0.908,11.20,89.0,43.0,0.0
1788105046.9,0.00,706.8,0,0.260,0.000,0.0000,0,False,False,P,False,70.0,13.75,110150,42.77409,82.35,0.877,11.20,89.0,43.0,0.0
1788105047.1,0.00,704.5,0,0.260,0.000,0.0000,0,False,False,P,False,70.0,13.75,110150,42.77409,82.35,0.898,11.20,89.0,43.0,0.0
1788105047.3,0.00,696.0,0,0.260,0.000,0.0000,0,False,False,P,False,70.0,13.75,110150,42.77409,82.35,0.734,11.20,89.0,41.0,0.0
1788105047.5,0.00,720.2,0,0.260,0.000,0.0000,0,False,False,P,False,70.0,13.75,110150,42.77409,82.35,0.653,11.20,89.0,39.0,0.0
1788105047.7,0.00,753.5,0,0.260,0.000,0.0000,0,False,False,P,False,70.0,13.75,110150,42.77409,82.75,0.639,11.20,89.0,38.0,0.0
1788105047.9,0.00,741.2,0,0.260,0.000,0.0000,0,False,False,P,False,70.0,13.75,110150,42.77409,82.75,0.646,11.20,89.0,37.0,0.0
1788105048.1,0.00,747.0,0,0.260,0.000,0.0000,0,False,False,P,False,70.0,13.75,110150,42.77409,82.75,0.622,11.20,89.0,35.0,0.0
1788105048.3,0.00,738.2,0,0.260,0.000,0.0000,0,False,False,P,False,70.0,13.75,110150,42.77409,82.35,0.597,11.20,89.0,33.0,0.0
1788105048.5,0.00,727.8,0,0.260,0.000,0.0000,0,False,False,P,False,70.0,13.75,110150,42.77409,82.35,0.597,11.20,89.0,32.0,0.0
1788105048.7,0.00,721.2,0,0.260,0.000,0.0000,0,False,False,P,False,70.0,13.73,110150,42.77409,82.75,0.611,11.20,89.0,32.0,0.0
1788105048.9,0.00,708.8,0,0.260,0.000,0.0000,0,False,False,P,False,70.0,13.73,110150,42.77409,82.75,0.646,11.20,89.0,32.0,0.0
1788105049.1,0.00,706.8,0,0.260,0.000,0.0000,0,False,False,P,False,70.0,13.73,110150,42.77409,82.35,0.629,11.20,89.0,32.0,0.0
1788105049.3,0.00,709.5,0,0.260,0.000,0.0000,0,False,False,P,False,70.0,13.73,110150,42.77409,82.35,0.629,11.20,89.0,32.0,0.0
1788105049.6,0.00,707.5,0,0.260,0.000,0.0000,0,False,False,P,False,70.0,13.73,110150,42.77409,82.75,0.622,11.20,89.0,32.0,0.0
1788105049.8,0.00,711.0,0,0.260,0.000,0.0000,0,False,False,P,False,70.0,13.73,110150,42.77409,82.35,0.611,11.20,89.0,32.0,0.0
1788105050.0,0.00,715.5,0,0.260,0.000,0.0000,0,False,False,P,False,70.0,13.73,110150,42.77409,82.75,0.611,11.20,89.0,32.0,0.0
1788105050.2,0.00,716.5,0,0.260,0.000,0.0000,0,False,False,P,False,70.0,13.73,110150,42.77409,82.35,0.622,11.20,89.0,32.0,0.0
1788105050.4,0.00,716.2,0,0.260,0.000,0.0000,0,False,False,P,False,70.0,13.73,110150,42.77409,82.35,0.611,11.20,89.0,32.0,0.0
1788105050.6,0.00,709.5,0,0.260,0.000,0.0000,0,False,False,P,False,70.0,13.73,110150,42.77409,82.75,0.611,11.20,89.0,32.0,0.0
1788105050.8,0.00,714.2,0,0.260,0.000,0.0000,0,False,False,P,False,70.0,13.73,110150,42.77409,82.35,0.611,11.20,89.0,32.0,0.0
1788105051.0,0.00,713.8,0,0.260,0.000,0.0000,0,False,False,P,False,70.0,13.73,110150,42.77409,82.75,0.611,11.20,89.0,32.0,0.0
1788105051.2,0.00,713.5,0,0.260,0.000,0.0000,0,False,False,P,False,70.0,13.73,110150,42.77409,82.75,0.611,11.20,89.0,32.0,0.0
1788105051.4,0.00,713.2,0,0.260,0.000,0.0000,0,False,False,P,False,70.0,13.73,110150,42.77409,82.75,0.622,11.20,89.0,32.0,0.0
1788105051.6,0.00,713.8,0,0.260,0.000,0.0000,0,False,False,P,False,70.0,13.73,110150,42.77409,82.35,0.622,11.20,89.0,32.0,0.0
1788105051.8,0.00,717.2,0,0.260,0.000,0.0000,0,False,False,P,False,70.0,13.76,110150,42.77409,82.75,0.611,11.20,89.0,32.0,0.0
1788105052.0,0.00,718.0,0,0.260,0.000,0.0000,0,False,False,P,False,70.0,13.76,110150,42.77409,82.35,0.604,11.20,89.0,32.0,0.0
1788105052.2,0.00,709.8,0,0.260,0.000,0.0000,0,False,False,P,False,70.0,13.76,110150,42.77409,82.35,0.597,11.20,89.0,32.0,0.0
1788105052.4,0.00,709.8,0,0.260,0.000,0.0000,0,False,False,P,False,70.0,13.76,110150,42.77409,82.35,0.597,11.20,89.0,32.0,0.0
1788105052.6,0.00,708.5,0,0.260,0.000,0.0000,0,False,False,P,False,70.0,13.76,110150,42.77409,82.75,0.611,11.20,89.0,32.0,0.0
1788105052.8,0.00,708.0,0,0.260,0.000,0.0000,0,False,False,P,False,70.0,13.76,110150,42.77409,82.35,0.597,11.20,89.0,32.0,0.0
1788105053.0,0.00,706.2,0,0.260,0.000,0.0000,0,False,False,P,False,70.0,13.76,110150,42.77409,82.35,0.611,11.20,89.0,32.0,0.0
1788105053.2,0.00,709.2,0,0.260,0.000,0.0000,0,False,False,P,False,70.0,13.76,110150,42.77409,82.75,0.611,11.20,89.0,32.0,0.0
1788105053.4,0.00,709.8,0,0.260,0.000,0.0000,0,False,False,P,False,70.0,13.76,110150,42.77409,82.35,0.604,11.20,89.0,32.0,0.0
1788105053.6,0.00,708.2,0,0.260,0.000,0.0000,0,False,False,P,False,70.0,13.76,110150,42.77409,82.75,0.604,11.20,89.0,32.0,0.0
1788105053.8,0.00,711.0,0,0.260,0.000,0.0000,0,False,False,P,False,70.0,13.76,110150,42.77409,82.75,0.629,11.20,89.0,32.0,0.0
1788105054.0,0.00,710.8,0,0.260,0.000,0.0000,0,False,False,P,False,70.0,13.76,110150,42.77409,82.75,0.629,11.20,89.0,32.0,0.0
1788105054.2,0.00,710.2,0,0.260,0.000,0.0000,0,False,False,P,False,70.0,13.76,110150,42.77409,82.35,0.604,11.20,89.0,32.0,0.0
1788105054.4,0.00,712.2,0,0.260,0.000,0.0000,0,False,False,P,False,70.0,13.76,110150,42.77409,82.35,0.604,11.20,89.0,32.0,0.0
1788105054.6,0.00,712.2,0,0.260,0.000,0.0000,0,False,False,P,False,70.0,13.76,110150,42.77409,82.75,0.622,11.20,89.0,32.0,0.0
1788105054.8,0.00,713.0,0,0.260,0.000,0.0000,0,False,False,P,False,70.0,13.78,110150,42.77409,82.35,0.611,11.20,89.0,32.0,0.0
1788105055.0,0.00,715.8,0,0.260,0.000,0.0000,0,False,False,P,False,70.0,13.78,110150,42.77409,82.35,0.622,11.20,89.0,32.0,0.0
1788105055.2,0.00,714.0,0,0.260,0.000,0.0000,0,False,False,P,False,70.0,13.78,110150,42.77409,82.75,0.604,11.20,89.0,32.0,0.0
1788105055.4,0.00,714.0,0,0.260,0.000,0.0000,0,False,False,P,False,70.0,13.78,110150,42.77409,82.35,0.622,11.20,89.0,31.0,0.0
1788105055.6,0.00,715.0,0,0.260,0.000,0.0000,0,False,False,P,False,70.0,13.78,110150,42.77409,82.75,1.300,11.20,89.0,34.0,0.0
1788105055.8,0.00,779.5,0,0.260,0.000,0.0000,0,False,False,P,False,70.0,13.78,110150,42.77409,82.75,0.835,11.20,89.0,38.0,0.0
1788105056.1,0.00,738.5,0,0.260,0.000,0.0000,0,False,False,P,False,70.0,13.78,110150,42.77409,82.75,1.244,11.20,89.0,38.0,0.0
1788105056.3,0.00,746.5,0,0.260,0.000,0.0000,0,False,False,P,False,70.0,13.78,110150,42.77409,82.35,0.898,11.20,89.0,41.0,0.0
1788105056.5,0.00,740.2,0,0.260,0.000,0.0000,0,False,False,P,False,70.0,13.78,110150,42.77409,82.75,1.010,11.19,89.0,41.0,0.0
1788105056.7,0.00,735.8,0,0.260,0.000,0.0000,0,False,False,P,False,70.0,13.78,110150,42.77409,82.35,0.954,11.19,89.0,42.0,0.0
1788105056.9,0.00,733.8,0,0.260,0.000,0.0000,0,False,False,P,False,70.0,13.78,110150,42.77409,82.35,0.989,11.19,89.0,42.0,0.0
1788105057.1,0.00,737.8,0,0.260,0.000,0.0000,0,False,False,P,False,70.0,13.78,110150,42.77409,82.75,0.964,11.19,89.0,43.0,0.0
1788105057.3,0.00,735.8,0,0.260,0.000,0.0000,0,False,False,P,False,70.0,13.78,110150,42.77409,82.75,0.908,11.19,89.0,43.0,0.0
1788105057.5,0.00,731.8,0,0.260,0.000,0.0000,0,False,False,P,False,70.0,13.78,110150,42.77409,82.75,0.908,11.19,89.0,43.0,0.0
1788105057.7,0.00,728.5,0,0.260,0.000,0.0000,0,False,False,P,False,70.0,13.78,110150,42.77409,82.75,0.908,11.19,89.0,43.0,0.0
1788105057.9,0.00,722.0,0,0.260,0.000,0.0000,0,False,False,P,False,70.0,13.38,110150,42.77409,82.75,0.943,11.19,89.0,43.0,0.0
1788105058.1,0.00,720.2,0,0.260,0.000,0.0000,0,False,False,P,False,70.0,13.38,110150,42.77409,82.75,0.922,11.19,89.0,44.0,0.0
1788105058.3,0.00,722.0,0,0.260,0.000,0.0000,0,False,False,P,False,70.0,13.38,110150,42.77409,82.35,0.933,11.19,89.0,44.0,0.0
1788105058.5,0.00,723.8,0,0.260,0.000,0.0000,0,False,False,P,False,70.0,13.38,110150,42.77409,82.35,0.964,11.19,89.0,45.0,0.0
1788105058.7,0.00,723.2,0,0.260,0.000,0.0000,0,False,False,P,False,70.0,13.38,110150,42.77409,82.75,0.954,11.19,89.0,45.0,0.0
1788105058.9,0.00,729.2,0,0.260,0.000,0.0000,0,False,False,P,False,70.0,13.38,110150,42.77409,82.35,0.922,11.19,89.0,45.0,0.0
1788105059.1,0.00,737.5,0,0.260,0.000,0.0000,0,False,False,P,False,70.0,13.38,110150,42.77409,82.75,0.877,11.19,89.0,45.0,0.0
1788105059.3,0.00,741.5,0,0.260,0.000,0.0000,0,False,False,P,False,70.0,13.38,110150,42.77409,82.35,0.866,11.19,89.0,45.0,0.0
1788105059.5,0.00,741.2,0,0.260,0.000,0.0000,0,False,False,P,False,70.0,13.38,110150,42.77409,82.75,0.877,11.19,89.0,44.0,0.0
1788105059.7,0.00,735.2,0,0.260,0.000,0.0000,0,False,False,P,False,70.0,13.38,110150,42.77409,82.75,0.877,11.19,89.0,43.0,0.0
1788105059.9,0.00,732.0,0,0.260,0.000,0.0000,0,False,False,P,False,70.0,13.38,110150,42.77409,82.35,0.898,11.19,89.0,43.0,0.0
1788105060.1,0.00,725.8,0,0.260,0.000,0.0000,0,False,False,P,False,70.0,13.38,110150,42.77409,82.75,0.887,11.19,89.0,43.0,0.0
1788105060.3,0.00,721.2,0,0.260,0.000,0.0000,0,False,False,P,False,70.0,13.38,110150,42.77409,82.35,0.866,11.19,89.0,43.0,0.0
1788105060.5,0.00,721.2,0,0.260,0.000,0.0000,0,False,False,P,False,70.0,13.38,110150,42.77409,82.35,0.877,11.19,89.0,43.0,0.0
1788105060.7,0.00,719.2,0,0.260,0.000,0.0000,0,False,False,P,False,70.0,13.38,110150,42.77409,82.35,0.887,11.19,89.0,43.0,0.0
1788105060.9,0.00,716.8,0,0.260,0.000,0.0000,0,False,False,P,False,70.0,13.76,110150,42.77409,82.35,0.887,11.19,89.0,43.0,0.0
1788105061.1,0.00,715.8,0,0.260,0.000,0.0000,0,False,False,P,False,70.0,13.76,110150,42.77409,82.75,0.898,11.19,89.0,43.0,0.0
1788105061.3,0.00,714.2,0,0.260,0.000,0.0000,0,False,False,P,False,70.0,13.76,110150,42.77409,82.35,0.898,11.19,89.0,43.0,0.0
1788105061.5,0.00,714.8,0,0.260,0.000,0.0000,0,False,False,P,False,70.0,13.76,110150,42.77409,82.35,0.922,11.19,89.0,43.0,0.0
1788105061.8,0.00,714.5,0,0.260,0.000,0.0000,0,False,False,P,False,70.0,13.76,110150,42.77409,82.35,0.887,11.19,89.0,43.0,0.0
1788105062.0,0.00,714.0,0,0.260,0.000,0.0000,0,False,False,P,False,70.0,13.76,110150,42.77409,82.75,0.898,11.19,89.0,43.0,0.0
1788105062.2,0.00,712.8,0,0.260,0.000,0.0000,0,False,False,P,False,70.0,13.76,110150,42.77409,82.75,0.898,11.19,89.0,43.0,0.0
1788105062.4,0.00,711.8,0,0.260,0.000,0.0000,0,False,False,P,False,70.0,13.76,110150,42.77409,82.35,0.887,11.19,89.0,43.0,0.0
1788105062.6,0.00,712.0,0,0.260,0.000,0.0000,0,False,False,P,False,70.0,13.76,110150,42.77409,82.75,0.877,11.19,89.0,43.0,0.0
1788105062.8,0.00,712.0,0,0.260,0.000,0.0000,0,False,False,P,False,70.0,13.76,110150,42.77409,82.75,0.887,11.19,89.0,43.0,0.0
1788105063.0,0.00,712.8,0,0.260,0.000,0.0000,0,False,False,P,False,70.0,13.76,110150,42.77409,82.75,0.887,11.19,89.0,43.0,0.0
1788105063.2,0.00,710.2,0,0.260,0.000,0.0000,0,False,False,P,False,70.0,13.76,110150,42.77409,82.35,0.856,11.19,89.0,43.0,0.0
1788105063.4,0.00,710.8,0,0.260,0.000,0.0000,0,False,False,P,False,70.0,13.76,110150,42.77409,82.75,0.877,11.19,89.0,43.0,0.0
1788105063.6,0.00,710.5,0,0.260,0.000,0.0000,0,False,False,P,False,70.0,13.76,110150,42.77409,82.75,0.877,11.19,89.0,43.0,0.0
1788105063.8,0.00,706.8,0,0.260,0.000,0.0000,0,False,False,P,False,70.0,13.76,110150,42.77409,82.75,0.877,11.19,89.0,43.0,0.0
1788105064.0,0.00,704.8,0,0.260,0.000,0.0000,0,False,False,P,False,70.0,13.76,110150,42.77409,82.35,0.866,11.19,89.0,43.0,0.0
1788105064.2,0.00,704.5,0,0.260,0.000,0.0000,0,False,False,P,False,70.0,13.75,110150,42.77409,82.75,0.887,11.19,89.0,43.0,0.0
1788105064.4,0.00,703.2,0,0.260,0.000,0.0000,0,False,False,P,False,70.0,13.75,110150,42.77409,82.75,0.887,11.19,89.0,43.0,0.0
1788105064.6,0.00,704.5,0,0.260,0.000,0.0000,0,False,False,P,False,70.0,13.75,110150,42.77409,82.35,0.898,11.19,89.0,43.0,0.0
1788105064.8,0.00,705.8,0,0.260,0.000,0.0000,0,False,False,P,False,70.0,13.75,110150,42.77409,82.35,0.866,11.19,89.0,43.0,0.0
1788105065.0,0.00,703.8,0,0.260,0.000,0.0000,0,False,False,P,False,70.0,13.75,110150,42.77409,82.75,0.856,11.19,89.0,43.0,0.0
1788105065.2,0.00,703.8,0,0.260,0.000,0.0000,0,False,False,P,False,70.0,13.75,110150,42.77409,82.75,0.887,11.19,89.0,43.0,0.0
1788105065.4,0.00,704.0,0,0.260,0.000,0.0000,0,False,False,P,False,70.0,13.75,110150,42.77409,82.35,0.846,11.19,89.0,43.0,0.0
1788105065.6,0.00,703.2,0,0.260,0.000,0.0000,0,False,False,P,False,70.0,13.75,110150,42.77409,82.35,0.866,11.19,89.0,43.0,0.0
1788105065.8,0.00,703.2,0,0.260,0.000,0.0000,0,False,False,P,False,70.0,13.75,110150,42.77409,82.35,0.898,11.19,89.0,43.0,0.0
1788105066.0,0.00,702.8,0,0.260,0.000,0.0000,0,False,False,P,False,70.0,13.75,110150,42.77409,82.35,0.877,11.19,89.0,43.0,0.0
1788105066.2,0.00,700.2,0,0.260,0.000,0.0000,0,False,False,P,False,70.0,13.75,110150,42.77409,82.75,0.856,11.19,89.0,43.0,0.0
1788105066.4,0.00,698.8,0,0.260,0.000,0.0000,0,False,False,P,False,70.0,13.75,110150,42.77409,82.35,0.877,11.19,89.0,43.0,0.0
1788105066.6,0.00,699.2,0,0.260,0.000,0.0000,0,False,False,P,False,70.0,13.75,110150,42.77409,82.35,0.887,11.19,89.0,43.0,0.0
1788105066.8,0.00,699.5,0,0.260,0.000,0.0000,0,False,False,P,False,70.0,13.75,110150,42.77409,82.75,0.866,11.19,89.0,43.0,0.0
1788105067.0,0.00,698.0,0,0.260,0.000,0.0000,0,False,False,P,False,70.0,13.75,110150,42.77409,82.35,0.856,11.19,89.0,43.0,0.0
1788105067.2,0.00,697.2,0,0.260,0.000,0.0000,0,False,False,P,False,70.0,13.75,110150,42.77409,82.75,0.877,11.19,89.0,43.0,0.0
1788105067.4,0.00,697.8,0,0.260,0.000,0.0000,0,False,False,P,False,70.0,13.75,110150,42.77409,82.75,0.877,11.19,89.0,43.0,0.0
1788105067.6,0.00,698.2,0,0.260,0.000,0.0000,0,False,False,P,False,70.0,13.75,110150,42.77409,82.75,0.877,11.19,89.0,43.0,0.0
1788105067.8,0.00,700.2,0,0.260,0.000,0.0000,0,False,False,P,False,70.0,13.75,110150,42.77409,82.35,0.877,11.19,89.0,43.0,0.0
1788105068.0,0.00,702.2,0,0.260,0.000,0.0000,0,False,False,P,False,70.0,13.75,110150,42.77409,82.75,0.877,11.19,89.0,43.0,0.0
1788105068.3,0.00,704.2,0,0.260,0.000,0.0000,0,False,False,P,False,70.0,13.75,110150,42.77409,82.75,0.866,11.19,89.0,43.0,0.0
1788105068.5,0.00,705.8,0,0.260,0.000,0.0000,0,False,False,P,False,70.0,13.75,110150,42.77409,82.35,0.866,11.19,89.0,43.0,0.0
1788105068.7,0.00,702.5,0,0.260,0.000,0.0000,0,False,False,P,False,70.0,13.75,110150,42.77409,82.35,0.856,11.19,89.0,43.0,0.0
1788105068.9,0.00,703.5,0,0.260,0.000,0.0000,0,False,False,P,False,70.0,13.75,110150,42.77409,82.75,0.856,11.19,89.0,43.0,0.0
1788105069.1,0.00,702.8,0,0.260,0.000,0.0000,0,False,False,P,False,70.0,13.75,110150,42.77409,82.75,0.877,11.19,89.0,43.0,0.0
1788105069.3,0.00,705.0,0,0.260,0.000,0.0000,0,False,False,P,False,70.0,13.75,110150,42.77409,82.35,0.846,11.19,89.0,43.0,0.0
1788105069.5,0.00,706.2,0,0.260,0.000,0.0000,0,False,False,P,False,70.0,13.75,110150,42.77409,82.75,0.846,11.19,89.0,43.0,0.0
1788105069.7,0.00,705.2,0,0.260,0.000,0.0000,0,False,False,P,False,70.0,13.75,110150,42.77409,82.35,0.866,11.19,89.0,43.0,0.0
1788105069.9,0.00,705.5,0,0.260,0.000,0.0000,0,False,False,P,False,70.0,13.75,110150,42.77409,82.75,0.856,11.19,89.0,43.0,0.0
1788105070.1,0.00,703.5,0,0.260,0.000,0.0000,0,False,False,P,False,70.0,13.75,110150,42.77409,82.75,0.887,11.19,89.0,43.0,0.0
1788105070.3,0.00,703.0,0,0.260,0.000,0.0000,0,False,False,P,False,70.0,13.76,110150,42.77409,82.75,0.866,11.18,89.0,43.0,0.0
1788105070.5,0.00,701.2,0,0.260,0.000,0.0000,0,False,False,P,False,70.0,13.76,110150,42.77409,82.35,0.877,11.18,89.0,43.0,0.0
1788105070.7,0.00,699.8,0,0.260,0.000,0.0000,0,False,False,P,False,70.0,13.76,110150,42.77409,82.35,0.877,11.18,89.0,43.0,0.0
1788105070.9,0.00,699.2,0,0.260,0.000,0.0000,0,False,False,P,False,70.0,13.76,110150,42.77409,82.35,0.856,11.18,89.0,43.0,0.0
1788105071.1,0.00,698.8,0,0.260,0.000,0.0000,0,False,False,P,False,70.0,13.76,110150,42.77409,82.35,0.887,11.18,89.0,43.0,0.0
1788105071.3,0.00,701.5,0,0.260,0.000,0.0000,0,False,False,P,False,70.0,13.76,110150,42.77409,82.35,0.877,11.18,89.0,43.0,0.0
1788105071.5,0.00,702.8,0,0.260,0.000,0.0000,0,False,False,P,False,70.0,13.76,110150,42.77409,82.35,0.877,11.18,89.0,43.0,0.0
1788105071.7,0.00,701.8,0,0.260,0.000,0.0000,0,False,False,P,False,70.0,13.76,110150,42.77409,82.35,0.723,11.18,89.0,42.0,0.0
1788105071.9,0.00,685.2,0,0.260,0.000,0.0000,0,False,False,P,False,70.0,13.76,110150,42.77409,82.75,0.664,11.18,89.0,41.0,0.0
1788105072.1,0.00,741.8,0,0.260,0.000,0.0000,0,False,False,P,False,70.0,13.76,110150,42.77409,82.75,0.629,11.18,89.0,41.0,0.0
1788105072.3,0.00,748.2,0,0.260,0.000,0.0000,0,False,False,P,False,70.0,13.76,110150,42.77409,82.75,0.629,11.18,89.0,41.0,0.0
1788105072.5,0.00,745.0,0,0.260,0.000,0.0000,0,False,False,P,False,70.0,13.76,110150,42.77409,82.75,0.622,11.18,89.0,35.0,0.0
1788105072.7,0.00,744.8,0,0.260,0.000,0.0000,0,False,False,P,False,70.0,13.76,110150,42.77409,82.35,0.573,11.18,89.0,34.0,0.0
1788105072.9,0.00,735.0,0,0.260,0.000,0.0000,0,False,False,P,False,70.0,13.76,110150,42.77409,82.35,0.587,11.18,89.0,33.0,0.0
1788105073.1,0.00,727.0,0,0.260,0.000,0.0000,0,False,False,P,False,70.0,13.76,110150,42.77409,82.75,0.587,11.18,89.0,32.0,0.0
1788105073.3,0.00,716.2,0,0.260,0.000,0.0000,0,False,False,P,False,70.0,13.69,110150,42.77409,82.75,0.597,11.18,89.0,32.0,0.0
1788105073.5,0.00,707.8,0,0.260,0.000,0.0000,0,False,False,P,False,70.0,13.69,110150,42.77409,82.35,0.611,11.18,89.0,32.0,0.0
1788105073.7,0.00,705.0,0,0.260,0.000,0.0000,0,False,False,P,False,70.0,13.69,110150,42.77409,82.75,0.597,11.18,89.0,32.0,0.0
1788105073.9,0.00,702.5,0,0.260,0.000,0.0000,0,False,False,P,False,70.0,13.69,110150,42.77409,82.35,0.629,11.18,89.0,32.0,0.0
1788105074.1,0.00,709.0,0,0.260,0.000,0.0000,0,False,False,P,False,70.0,13.69,110150,42.77409,82.35,0.622,11.18,89.0,32.0,0.0
1788105074.3,0.00,712.0,0,0.260,0.000,0.0000,0,False,False,P,False,70.0,13.69,110150,42.77409,82.75,0.622,11.18,89.0,32.0,0.0
1788105074.6,0.00,714.8,0,0.260,0.000,0.0000,0,False,False,P,False,70.0,13.79,110150,42.77409,82.75,0.597,11.18,89.0,32.0,0.0
1788105074.8,0.00,712.0,0,0.260,0.000,0.0000,0,False,False,P,False,70.0,13.79,110150,42.77409,82.35,0.597,11.18,89.0,32.0,0.0
1788105075.0,0.00,717.2,0,0.260,0.000,0.0000,0,False,False,P,False,70.0,13.79,110150,42.77409,82.75,0.604,11.18,89.0,32.0,0.0
1788105075.2,0.00,714.0,0,0.260,0.000,0.0000,0,False,False,P,False,70.0,13.79,110150,42.77409,82.35,0.604,11.18,89.0,32.0,0.0
1788105075.4,0.00,716.8,0,0.260,0.000,0.0000,0,False,False,P,False,70.0,13.79,110150,42.77409,82.35,0.622,11.18,89.0,32.0,0.0
1788105075.6,0.00,715.5,0,0.260,0.000,0.0000,0,False,False,P,False,70.0,13.79,110150,42.77409,82.35,0.597,11.18,89.0,32.0,0.0
1788105075.8,0.00,712.0,0,0.260,0.000,0.0000,0,False,False,P,False,70.0,13.79,110150,42.77409,82.35,0.604,11.18,89.0,32.0,0.0
1788105076.0,0.00,710.0,0,0.260,0.000,0.0000,0,False,False,P,False,70.0,13.79,110150,42.77409,82.35,0.622,11.18,89.0,32.0,0.0
1788105076.2,0.00,713.5,0,0.260,0.000,0.0000,0,False,False,P,False,70.0,13.79,110150,42.77409,82.35,0.604,11.18,89.0,32.0,0.0
1788105076.4,0.00,712.5,0,0.260,0.000,0.0000,0,False,False,P,False,70.0,13.79,110150,42.77409,82.75,0.597,11.18,89.0,32.0,0.0
1788105076.6,0.00,716.5,0,0.260,0.000,0.0000,0,False,False,P,False,70.0,13.77,110150,42.77409,82.35,0.604,11.18,89.0,32.0,0.0
1788105076.8,0.00,715.8,0,0.260,0.000,0.0000,0,False,False,P,False,70.0,13.77,110150,42.77409,82.35,0.622,11.18,89.0,32.0,0.0
1788105077.0,0.00,714.8,0,0.260,0.000,0.0000,0,False,False,P,False,70.0,13.77,110150,42.77409,82.35,0.611,11.18,89.0,32.0,0.0
1788105077.2,0.00,713.2,0,0.260,0.000,0.0000,0,False,False,P,False,70.0,13.77,110150,42.77409,82.35,0.604,11.18,89.0,32.0,0.0
1788105077.4,0.00,712.5,0,0.260,0.000,0.0000,0,False,False,P,False,70.0,13.77,110150,42.77409,82.35,0.604,11.18,89.0,32.0,0.0
1788105077.6,0.00,710.8,0,0.260,0.000,0.0000,0,False,False,P,False,70.0,13.77,110150,42.77409,82.35,0.611,11.18,89.0,32.0,0.0
1788105077.8,0.00,710.8,0,0.260,0.000,0.0000,0,False,False,P,False,70.0,13.77,110150,42.77409,82.35,0.622,11.18,89.0,32.0,0.0
1788105078.0,0.00,710.0,0,0.260,0.000,0.0000,0,False,False,P,False,70.0,13.77,110150,42.77409,82.75,0.611,11.18,89.0,32.0,0.0
1788105078.2,0.00,711.2,0,0.260,0.000,0.0000,0,False,False,P,False,70.0,13.77,110150,42.77409,82.75,0.629,11.18,89.0,32.0,0.0
1788105078.4,0.00,711.0,0,0.260,0.000,0.0000,0,False,False,P,False,70.0,13.77,110150,42.77409,82.35,0.629,11.18,89.0,32.0,0.0
1788105078.6,0.00,708.0,0,0.260,0.000,0.0000,0,False,False,P,False,70.0,13.77,110150,42.77409,82.35,0.611,11.18,89.0,32.0,0.0
1788105078.8,0.00,709.0,0,0.260,0.000,0.0000,0,False,False,P,False,70.0,13.77,110150,42.77409,82.35,0.604,11.18,89.0,32.0,0.0
1788105079.0,0.00,708.5,0,0.260,0.000,0.0000,0,False,False,P,False,70.0,13.77,110150,42.77409,82.75,0.611,11.18,89.0,32.0,0.0
1788105079.2,0.00,708.0,0,0.260,0.000,0.0000,0,False,False,P,False,70.0,13.77,110150,42.77409,82.35,0.611,11.18,89.0,32.0,0.0
1788105079.4,0.00,706.5,0,0.260,0.000,0.0000,0,False,False,P,False,70.0,13.77,110150,42.77409,82.35,0.611,11.18,89.0,32.0,0.0
1788105079.6,0.00,705.8,0,0.260,0.000,0.0000,0,False,False,P,False,70.0,13.77,110150,42.77409,82.35,0.597,11.18,89.0,32.0,0.0
1788105079.8,0.00,708.5,0,0.260,0.000,0.0000,0,False,False,P,False,70.0,13.77,110150,42.77409,82.75,0.604,11.18,89.0,32.0,0.0
1788105080.0,0.00,734.2,0,0.260,0.000,0.0000,0,False,False,P,False,70.0,13.77,110150,42.77409,82.35,1.069,11.18,89.0,39.0,0.0
1788105080.3,0.00,788.8,0,0.260,0.000,0.0000,0,False,False,P,False,70.0,13.77,110150,42.77409,82.35,0.825,11.18,89.0,40.0,0.0
1788105080.5,0.00,747.5,0,0.260,0.000,0.0000,0,False,False,P,False,70.0,13.77,110150,42.77409,82.75,1.080,11.18,89.0,40.0,0.0
1788105080.7,0.00,749.0,0,0.260,0.000,0.0000,0,False,False,P,False,70.0,13.77,110150,42.77409,82.35,0.856,11.18,89.0,41.0,0.0
1788105080.9,0.00,732.8,0,0.260,0.000,0.0000,0,False,False,P,False,70.0,13.77,110150,42.77409,82.35,0.964,11.18,89.0,41.0,0.0
1788105081.1,0.00,735.8,0,0.260,0.000,0.0000,0,False,False,P,False,70.0,13.77,110150,42.77409,82.35,0.887,11.18,89.0,42.0,0.0
1788105081.3,0.00,736.5,0,0.260,0.000,0.0000,0,False,False,P,False,70.0,13.77,110150,42.77409,82.35,0.898,11.18,89.0,42.0,0.0
1788105081.5,0.00,729.8,0,0.260,0.000,0.0000,0,False,False,P,False,70.0,13.77,110150,42.77409,82.35,0.954,11.18,89.0,43.0,0.0
1788105081.7,0.00,733.5,0,0.260,0.000,0.0000,0,False,False,P,False,70.0,13.77,110150,42.77409,82.35,0.933,11.18,89.0,43.0,0.0
1788105081.9,0.00,733.2,0,0.260,0.000,0.0000,0,False,False,P,False,70.0,13.77,110150,42.77409,82.35,0.922,11.18,89.0,43.0,0.0
1788105082.1,0.00,725.2,0,0.260,0.000,0.0000,0,False,False,P,False,70.0,13.77,110150,42.77409,82.35,0.898,11.18,89.0,43.0,0.0
1788105082.3,0.00,722.5,0,0.260,0.000,0.0000,0,False,False,P,False,70.0,13.77,110150,42.77409,82.35,0.922,11.18,89.0,43.0,0.0
1788105082.5,0.00,716.0,0,0.260,0.000,0.0000,0,False,False,P,False,70.0,13.77,110150,42.77409,82.75,0.943,11.18,89.0,44.0,0.0
1788105082.7,0.00,717.0,0,0.260,0.000,0.0000,0,False,False,P,False,70.0,13.46,110150,42.77409,82.75,0.954,11.18,89.0,44.0,0.0
1788105082.9,0.00,717.5,0,0.260,0.000,0.0000,0,False,False,P,False,70.0,13.46,110150,42.77409,82.35,0.954,11.18,89.0,44.0,0.0
1788105083.1,0.00,720.8,0,0.260,0.000,0.0000,0,False,False,P,False,70.0,13.46,110150,42.77409,82.75,0.964,11.18,89.0,45.0,0.0
1788105083.3,0.00,725.5,0,0.260,0.000,0.0000,0,False,False,P,False,70.0,13.46,110150,42.77409,82.35,0.887,11.18,89.0,45.0,0.0
1788105083.5,0.00,735.2,0,0.260,0.000,0.0000,0,False,False,P,False,70.0,13.46,110150,42.77409,82.75,0.933,11.18,89.0,44.0,0.0
1788105083.7,0.00,743.5,0,0.260,0.000,0.0000,0,False,False,P,False,70.0,13.46,110150,42.77409,82.75,0.933,11.18,89.0,44.0,0.0
1788105083.9,0.00,737.0,0,0.260,0.000,0.0000,0,False,False,P,False,70.0,13.46,110150,42.77409,82.35,0.856,11.18,89.0,43.0,0.0
1788105084.1,0.00,729.8,0,0.260,0.000,0.0000,0,False,False,P,False,70.0,13.46,110150,42.77409,82.75,0.887,11.18,89.0,43.0,0.0
1788105084.3,0.00,721.2,0,0.260,0.000,0.0000,0,False,False,P,False,70.0,13.46,110150,42.77409,82.75,0.887,11.18,89.0,43.0,0.0
1788105084.5,0.00,715.0,0,0.260,0.000,0.0000,0,False,False,P,False,70.0,13.46,110150,42.77409,82.35,0.887,11.18,89.0,42.0,0.0
1788105084.7,0.00,709.2,0,0.260,0.000,0.0000,0,False,False,P,False,70.0,13.46,110150,42.77409,82.75,0.877,11.18,89.0,43.0,0.0
1788105084.9,0.00,704.0,0,0.260,0.000,0.0000,0,False,False,P,False,70.0,13.46,110150,42.77409,82.75,0.887,11.18,89.0,43.0,0.0
1788105085.1,0.00,697.8,0,0.260,0.000,0.0000,0,False,False,P,False,70.0,13.46,110150,42.77409,82.75,0.877,11.18,89.0,43.0,0.0
1788105085.3,0.00,694.5,0,0.260,0.000,0.0000,0,False,False,P,False,70.0,13.46,110150,42.77409,82.75,0.887,11.18,89.0,43.0,0.0
1788105085.5,0.00,696.2,0,0.260,0.000,0.0000,0,False,False,P,False,70.0,13.46,110150,42.77409,82.75,0.877,11.18,89.0,44.0,0.0
1788105085.7,0.00,701.0,0,0.260,0.000,0.0000,0,False,False,P,False,70.0,13.77,110150,42.77409,82.35,0.846,11.18,89.0,44.0,0.0
1788105085.9,0.00,705.8,0,0.260,0.000,0.0000,0,False,False,P,False,70.0,13.77,110150,42.77409,82.75,0.887,11.18,89.0,44.0,0.0
1788105086.1,0.00,713.0,0,0.260,0.000,0.0000,0,False,False,P,False,70.0,13.77,110150,42.77409,82.75,0.887,11.18,89.0,43.0,0.0
1788105086.4,0.00,717.5,0,0.260,0.000,0.0000,0,False,False,P,False,70.0,13.77,110150,42.77409,82.35,0.887,11.18,89.0,43.0,0.0
1788105086.6,0.00,720.2,0,0.260,0.000,0.0000,0,False,False,P,False,70.0,13.77,110150,42.77409,82.75,0.866,11.17,89.0,43.0,0.0
1788105086.8,0.00,717.5,0,0.260,0.000,0.0000,0,False,False,P,False,70.0,13.77,110150,42.77409,82.35,0.877,11.17,89.0,43.0,0.0
1788105087.0,0.00,716.2,0,0.260,0.000,0.0000,0,False,False,P,False,70.0,13.77,110150,42.77409,82.35,0.877,11.17,89.0,43.0,0.0
1788105087.2,0.00,711.0,0,0.260,0.000,0.0000,0,False,False,P,False,70.0,13.77,110150,42.77409,82.75,0.856,11.17,89.0,43.0,0.0
1788105087.4,0.00,707.0,0,0.260,0.000,0.0000,0,False,False,P,False,70.0,13.77,110150,42.77409,82.35,0.887,11.17,89.0,43.0,0.0
1788105087.6,0.00,704.8,0,0.260,0.000,0.0000,0,False,False,P,False,70.0,13.77,110150,42.77409,82.35,0.877,11.17,89.0,43.0,0.0
1788105087.8,0.00,702.8,0,0.260,0.000,0.0000,0,False,False,P,False,70.0,13.77,110150,42.77409,82.75,0.887,11.17,89.0,43.0,0.0
1788105088.0,0.00,697.8,0,0.260,0.000,0.0000,0,False,False,P,False,70.0,13.77,110150,42.77409,82.75,0.846,11.17,89.0,43.0,0.0
1788105088.2,0.00,698.0,0,0.260,0.000,0.0000,0,False,False,P,False,70.0,13.77,110150,42.77409,82.35,0.877,11.17,89.0,43.0,0.0
1788105088.4,0.00,697.8,0,0.260,0.000,0.0000,0,False,False,P,False,70.0,13.77,110150,42.77409,82.75,0.887,11.17,89.0,43.0,0.0
1788105088.6,0.00,700.8,0,0.260,0.000,0.0000,0,False,False,P,False,70.0,13.77,110150,42.77409,82.75,0.887,11.17,89.0,43.0,0.0
1788105088.8,0.00,703.2,0,0.260,0.000,0.0000,0,False,False,P,False,70.0,13.77,110150,42.77409,82.35,0.866,11.17,89.0,43.0,0.0
1788105089.0,0.00,704.2,0,0.260,0.000,0.0000,0,False,False,P,False,70.0,13.77,110150,42.77409,82.35,0.887,11.17,89.0,43.0,0.0
1788105089.2,0.00,705.0,0,0.260,0.000,0.0000,0,False,False,P,False,70.0,13.77,110150,42.77409,82.75,0.866,11.17,89.0,43.0,0.0
1788105089.4,0.00,703.5,0,0.260,0.000,0.0000,0,False,False,P,False,70.0,13.77,110150,42.77409,82.35,0.887,11.17,89.0,43.0,0.0
1788105089.6,0.00,703.5,0,0.260,0.000,0.0000,0,False,False,P,False,70.0,13.76,110150,42.77409,82.75,0.877,11.17,89.0,43.0,0.0
1788105089.8,0.00,703.5,0,0.260,0.000,0.0000,0,False,False,P,False,70.0,13.76,110150,42.77409,82.75,0.856,11.17,89.0,43.0,0.0
1788105090.0,0.00,703.0,0,0.260,0.000,0.0000,0,False,False,P,False,70.0,13.76,110150,42.77409,82.75,0.877,11.17,89.0,43.0,0.0
1788105090.2,0.00,702.5,0,0.260,0.000,0.0000,0,False,False,P,False,70.0,13.76,110150,42.77409,82.75,0.887,11.17,89.0,43.0,0.0
1788105090.4,0.00,700.5,0,0.260,0.000,0.0000,0,False,False,P,False,70.0,13.76,110150,42.77409,82.75,0.877,11.17,89.0,43.0,0.0
1788105090.6,0.00,701.5,0,0.260,0.000,0.0000,0,False,False,P,False,70.0,13.76,110150,42.77409,82.75,0.866,11.17,89.0,43.0,0.0
1788105090.8,0.00,702.0,0,0.260,0.000,0.0000,0,False,False,P,False,70.0,13.76,110150,42.77409,82.75,0.866,11.17,89.0,43.0,0.0
1788105091.0,0.00,700.5,0,0.260,0.000,0.0000,0,False,False,P,False,69.1,13.76,110150,42.77409,82.75,0.887,11.17,89.0,43.0,0.0
1788105091.2,0.00,700.0,0,0.260,0.000,0.0000,0,False,False,P,False,69.1,13.76,110150,42.77409,82.75,0.866,11.17,89.0,43.0,0.0
1788105091.4,0.00,700.8,0,0.260,0.000,0.0000,0,False,False,P,False,69.1,13.76,110150,42.77409,82.75,0.887,11.17,89.0,43.0,0.0
1788105091.6,0.00,701.0,0,0.260,0.000,0.0000,0,False,False,P,False,69.1,13.76,110150,42.77409,82.75,0.856,11.17,89.0,43.0,0.0
1788105091.8,0.00,703.8,0,0.260,0.000,0.0000,0,False,False,P,False,69.1,13.74,110150,42.77409,82.75,0.866,11.17,89.0,43.0,0.0
1788105092.0,0.00,704.5,0,0.260,0.000,0.0000,0,False,False,P,False,69.1,13.74,110150,42.77409,82.35,0.866,11.17,89.0,43.0,0.0
1788105092.2,0.00,705.2,0,0.260,0.000,0.0000,0,False,False,P,False,69.1,13.74,110150,42.77409,82.35,0.877,11.17,89.0,43.0,0.0
1788105092.4,0.00,704.5,0,0.260,0.000,0.0000,0,False,False,P,False,69.1,13.76,110150,42.77409,82.75,0.877,11.17,89.0,43.0,0.0
1788105092.7,0.00,703.8,0,0.260,0.000,0.0000,0,False,False,P,False,69.1,13.76,110150,42.77409,82.75,0.856,11.17,89.0,43.0,0.0
1788105092.9,0.00,703.0,0,0.260,0.000,0.0000,0,False,False,P,False,69.1,13.76,110150,42.77409,82.75,0.866,11.17,89.0,43.0,0.0
1788105093.1,0.00,701.2,0,0.260,0.000,0.0000,0,False,False,P,False,69.1,13.76,110150,42.77409,82.75,0.856,11.17,89.0,43.0,0.0
1788105093.3,0.00,699.0,0,0.260,0.000,0.0000,0,False,False,P,False,69.1,13.76,110150,42.77409,82.75,0.856,11.17,89.0,43.0,0.0
1788105093.5,0.00,696.2,0,0.260,0.000,0.0000,0,False,False,P,False,69.1,13.76,110150,42.77409,82.75,0.877,11.17,89.0,43.0,0.0
1788105093.7,0.00,696.2,0,0.260,0.000,0.0000,0,False,False,P,False,69.1,13.76,110150,42.77409,82.75,0.856,11.17,89.0,43.0,0.0
1788105093.9,0.00,696.0,0,0.260,0.000,0.0000,0,False,False,P,False,69.1,13.76,110150,42.77409,82.75,0.866,11.17,89.0,43.0,0.0
1788105094.1,0.00,697.2,0,0.260,0.000,0.0000,0,False,False,P,False,69.1,13.76,110150,42.77409,82.35,0.877,11.17,89.0,43.0,0.0
1788105094.3,0.00,699.8,0,0.260,0.000,0.0000,0,False,False,P,False,69.1,13.76,110150,42.77409,82.75,0.866,11.17,89.0,43.0,0.0
1788105094.5,0.00,701.0,0,0.260,0.000,0.0000,0,False,False,P,False,69.1,13.76,110150,42.77409,82.35,0.887,11.17,89.0,43.0,0.0
1788105094.7,0.00,702.8,0,0.260,0.000,0.0000,0,False,False,P,False,69.1,13.76,110150,42.77409,82.35,0.866,11.17,89.0,43.0,0.0
1788105094.9,0.00,703.5,0,0.260,0.000,0.0000,0,False,False,P,False,69.1,13.76,110150,42.77409,82.75,0.877,11.17,89.0,43.0,0.0
1788105095.1,0.00,706.5,0,0.260,0.000,0.0000,0,False,False,P,False,69.1,13.77,110150,42.77409,82.75,0.877,11.17,89.0,43.0,0.0
1788105095.3,0.00,705.0,0,0.260,0.000,0.0000,0,False,False,P,False,69.1,13.77,110150,42.77409,82.35,0.877,11.17,89.0,43.0,0.0
1788105095.5,0.00,707.8,0,0.260,0.000,0.0000,0,False,False,P,False,69.1,13.77,110150,42.77409,82.75,0.877,11.17,89.0,43.0,0.0
1788105095.7,0.00,706.8,0,0.260,0.000,0.0000,0,False,False,P,False,69.1,13.77,110150,42.77409,82.75,0.856,11.17,89.0,43.0,0.0
1788105095.9,0.00,705.0,0,0.260,0.000,0.0000,0,False,False,P,False,69.1,13.77,110150,42.77409,82.75,0.706,11.17,89.0,43.0,0.0
1788105096.1,0.00,688.0,0,0.260,0.000,0.0000,0,False,False,P,False,69.1,13.77,110150,42.77409,82.75,0.639,11.17,89.0,40.0,0.0
1788105096.3,0.00,744.0,0,0.260,0.000,0.0000,0,False,False,P,False,69.1,13.77,110150,42.77409,82.75,0.639,11.17,89.0,38.0,0.0
1788105096.5,0.00,746.8,0,0.260,0.000,0.0000,0,False,False,P,False,69.1,13.87,110150,42.77409,82.75,0.646,11.17,89.0,37.0,0.0
1788105096.7,0.00,743.2,0,0.260,0.000,0.0000,0,False,False,P,False,69.1,13.87,110150,42.77409,82.75,0.646,11.17,89.0,35.0,0.0
1788105096.9,0.00,736.8,0,0.260,0.000,0.0000,0,False,False,P,False,69.1,13.87,110150,42.77409,82.75,0.639,11.17,89.0,34.0,0.0
1788105097.1,0.00,729.5,0,0.260,0.000,0.0000,0,False,False,P,False,69.1,13.87,110150,42.77409,82.35,0.587,11.17,89.0,33.0,0.0
1788105097.3,0.00,721.8,0,0.260,0.000,0.0000,0,False,False,P,False,69.1,13.87,110150,42.77409,82.75,0.597,11.17,89.0,32.0,0.0
1788105097.5,0.00,715.5,0,0.260,0.000,0.0000,0,False,False,P,False,69.1,13.87,110150,42.77409,82.35,0.622,11.17,89.0,32.0,0.0
1788105097.7,0.00,712.0,0,0.260,0.000,0.0000,0,False,False,P,False,69.1,13.87,110150,42.77409,82.35,0.622,11.17,89.0,32.0,0.0
1788105097.9,0.00,707.2,0,0.260,0.000,0.0000,0,False,False,P,False,69.1,13.87,110150,42.77409,82.35,0.629,11.17,89.0,32.0,0.0
1788105098.1,0.00,708.8,0,0.260,0.000,0.0000,0,False,False,P,False,69.1,13.75,110150,42.77409,82.35,0.611,11.17,89.0,32.0,0.0
1788105098.3,0.00,712.0,0,0.260,0.000,0.0000,0,False,False,P,False,69.1,13.75,110150,42.77409,82.75,0.622,11.17,89.0,32.0,0.0
1788105098.6,0.00,718.5,0,0.260,0.000,0.0000,0,False,False,P,False,69.1,13.75,110150,42.77409,82.35,0.622,11.17,89.0,32.0,0.0
1788105098.8,0.00,715.0,0,0.260,0.000,0.0000,0,False,False,P,False,69.1,13.75,110150,42.77409,82.75,0.604,11.17,89.0,32.0,0.0
1788105099.0,0.00,719.2,0,0.260,0.000,0.0000,0,False,False,P,False,69.1,13.75,110150,42.77409,82.35,0.597,11.17,89.0,32.0,0.0
1788105099.2,0.00,716.8,0,0.260,0.000,0.0000,0,False,False,P,False,69.1,13.75,110150,42.77409,82.35,0.611,11.17,89.0,32.0,0.0
1788105099.4,0.00,715.0,0,0.260,0.000,0.0000,0,False,False,P,False,69.1,13.75,110150,42.77409,82.35,0.622,11.17,89.0,32.0,0.0
1788105099.6,0.00,717.0,0,0.260,0.000,0.0000,0,False,False,P,False,69.1,13.75,110150,42.77409,82.35,0.611,11.17,89.0,32.0,0.0
1788105099.8,0.00,717.5,0,0.260,0.000,0.0000,0,False,False,P,False,69.1,13.75,110150,42.77409,82.75,0.622,11.17,89.0,32.0,0.0
1788105100.0,0.00,712.0,0,0.260,0.000,0.0000,0,False,False,P,False,69.1,13.75,110150,42.77409,82.75,0.604,11.17,89.0,32.0,0.0
1788105100.2,0.00,716.2,0,0.260,0.000,0.0000,0,False,False,P,False,69.1,13.75,110150,42.77409,82.35,0.604,11.17,89.0,32.0,0.0
1788105100.4,0.00,711.0,0,0.260,0.000,0.0000,0,False,False,P,False,69.1,13.75,110150,42.77409,82.35,0.604,11.17,89.0,32.0,0.0
1788105100.6,0.00,713.2,0,0.260,0.000,0.0000,0,False,False,P,False,69.1,13.75,110150,42.77409,82.75,0.597,11.17,89.0,32.0,0.0
1788105100.8,0.00,713.2,0,0.260,0.000,0.0000,0,False,False,P,False,69.1,13.75,110150,42.77409,82.75,0.604,11.17,89.0,32.0,0.0
1788105101.0,0.00,707.8,0,0.260,0.000,0.0000,0,False,False,P,False,69.1,13.75,110150,42.77409,82.35,0.587,11.17,89.0,32.0,0.0
1788105101.2,0.00,708.0,0,0.260,0.000,0.0000,0,False,False,P,False,69.1,13.77,110150,42.77409,82.35,0.622,11.17,89.0,32.0,0.0
1788105101.4,0.00,705.0,0,0.260,0.000,0.0000,0,False,False,P,False,69.1,13.77,110150,42.77409,82.35,0.604,11.17,89.0,32.0,0.0
1788105101.6,0.00,705.0,0,0.260,0.000,0.0000,0,False,False,P,False,69.1,13.77,110150,42.77409,82.35,0.611,11.17,89.0,32.0,0.0
1788105101.8,0.00,703.8,0,0.260,0.000,0.0000,0,False,False,P,False,69.1,13.77,110150,42.77409,82.75,0.622,11.17,89.0,32.0,0.0
1788105102.0,0.00,708.0,0,0.260,0.000,0.0000,0,False,False,P,False,69.1,13.77,110150,42.77409,82.75,0.604,11.17,89.0,32.0,0.0
1788105102.2,0.00,708.8,0,0.260,0.000,0.0000,0,False,False,P,False,69.1,13.77,110150,42.77409,82.75,0.597,11.17,89.0,32.0,0.0
1788105102.4,0.00,711.8,0,0.260,0.000,0.0000,0,False,False,P,False,69.1,13.77,110150,42.77409,82.35,0.622,11.17,89.0,32.0,0.0
1788105102.6,0.00,712.2,0,0.260,0.000,0.0000,0,False,False,P,False,69.1,13.78,110150,42.77409,82.35,0.604,11.16,89.0,32.0,0.0
1788105102.8,0.00,710.2,0,0.260,0.000,0.0000,0,False,False,P,False,69.1,13.78,110150,42.77409,82.35,0.622,11.16,89.0,32.0,0.0
1788105103.0,0.00,713.8,0,0.260,0.000,0.0000,0,False,False,P,False,69.1,13.78,110150,42.77409,82.75,0.604,11.16,89.0,32.0,0.0
1788105103.2,0.00,712.0,0,0.260,0.000,0.0000,0,False,False,P,False,69.1,13.78,110150,42.77409,82.35,0.604,11.16,89.0,32.0,0.0
1788105103.4,0.00,711.5,0,0.260,0.000,0.0000,0,False,False,P,False,69.1,13.78,110150,42.77409,82.35,0.629,11.16,89.0,32.0,0.0
1788105103.6,0.00,714.5,0,0.260,0.000,0.0000,0,False,False,P,False,69.1,13.78,110150,42.77409,82.35,0.597,11.16,89.0,32.0,0.0
1788105103.8,0.00,713.8,0,0.260,0.000,0.0000,0,False,False,P,False,69.1,13.78,110150,42.77409,82.75,0.604,11.16,89.0,32.0,0.0
1788105104.0,0.00,710.5,0,0.260,0.000,0.0000,0,False,False,P,False,69.1,13.78,110150,42.77409,82.35,0.597,11.16,89.0,32.0,0.0
1788105104.2,0.00,712.0,0,0.260,0.000,0.0000,0,False,False,P,False,69.1,13.76,110150,42.77409,82.35,1.034,11.16,89.0,34.0,0.0
1788105104.4,0.00,771.5,0,0.260,0.000,0.0000,0,False,False,P,False,69.1,13.76,110150,42.77409,82.75,0.825,11.16,89.0,37.0,0.0
1788105104.6,0.00,733.8,0,0.260,0.000,0.0000,0,False,False,P,False,69.1,13.76,110150,42.77409,82.35,1.069,11.16,89.0,37.0,0.0
1788105104.9,0.00,729.2,0,0.260,0.000,0.0000,0,False,False,P,False,69.1,13.76,110150,42.77409,82.75,0.922,11.16,89.0,39.0,0.0
1788105105.1,0.00,727.8,0,0.260,0.000,0.0000,0,False,False,P,False,69.1,13.76,110150,42.77409,82.35,1.010,11.16,89.0,41.0,0.0
1788105105.3,0.00,727.2,0,0.260,0.000,0.0000,0,False,False,P,False,69.1,13.76,110150,42.77409,82.35,0.933,11.16,89.0,42.0,0.0
1788105105.5,0.00,731.8,0,0.260,0.000,0.0000,0,False,False,P,False,69.1,13.76,110150,42.77409,82.75,0.933,11.16,89.0,43.0,0.0
1788105105.7,0.00,735.8,0,0.260,0.000,0.0000,0,False,False,P,False,69.1,13.76,110150,42.77409,82.75,0.908,11.16,89.0,43.0,0.0
1788105105.9,0.00,731.2,0,0.260,0.000,0.0000,0,False,False,P,False,69.1,13.76,110150,42.77409,82.75,0.898,11.16,89.0,43.0,0.0
1788105106.1,0.00,727.0,0,0.260,0.000,0.0000,0,False,False,P,False,69.1,13.76,110150,42.77409,82.35,0.887,11.16,89.0,43.0,0.0
1788105106.3,0.00,720.2,0,0.260,0.000,0.0000,0,False,False,P,False,69.1,13.76,110150,42.77409,82.75,0.922,11.16,89.0,43.0,0.0
1788105106.5,0.00,717.5,0,0.260,0.000,0.0000,0,False,False,P,False,69.1,13.76,110150,42.77409,82.75,0.922,11.16,89.0,43.0,0.0
1788105106.7,0.00,714.8,0,0.260,0.000,0.0000,0,False,False,P,False,69.1,13.76,110150,42.77409,82.75,0.964,11.16,89.0,44.0,0.0
1788105106.9,0.00,716.8,0,0.260,0.000,0.0000,0,False,False,P,False,69.1,13.76,110150,42.77409,82.75,0.964,11.16,89.0,44.0,0.0
1788105107.1,0.00,718.5,0,0.260,0.000,0.0000,0,False,False,P,False,69.1,13.76,110150,42.77409,82.75,0.954,11.16,89.0,45.0,0.0
1788105107.3,0.00,723.0,0,0.260,0.000,0.0000,0,False,False,P,False,69.1,13.76,110150,42.77409,82.75,0.933,11.16,89.0,45.0,0.0
1788105107.5,0.00,731.2,0,0.260,0.000,0.0000,0,False,False,P,False,69.1,13.68,110150,42.77409,82.75,0.922,11.16,89.0,45.0,0.0
1788105107.7,0.00,740.0,0,0.260,0.000,0.0000,0,False,False,P,False,69.1,13.68,110150,42.77409,82.35,0.922,11.16,89.0,44.0,0.0
1788105107.9,0.00,741.0,0,0.260,0.000,0.0000,0,False,False,P,False,69.1,13.68,110150,42.77409,82.75,0.922,11.16,89.0,44.0,0.0
1788105108.1,0.00,737.8,0,0.260,0.000,0.0000,0,False,False,P,False,69.1,13.68,110150,42.77409,82.35,0.856,11.16,89.0,43.0,0.0
1788105108.3,0.00,731.2,0,0.260,0.000,0.0000,0,False,False,P,False,69.1,13.68,110150,42.77409,82.35,0.887,11.16,89.0,43.0,0.0
1788105108.5,0.00,724.8,0,0.260,0.000,0.0000,0,False,False,P,False,69.1,13.74,110150,42.77409,82.35,0.866,11.16,89.0,43.0,0.0
1788105108.7,0.00,714.2,0,0.260,0.000,0.0000,0,False,False,P,False,69.1,13.74,110150,42.77409,82.75,0.856,11.16,89.0,43.0,0.0
1788105108.9,0.00,710.5,0,0.260,0.000,0.0000,0,False,False,P,False,69.1,13.74,110150,42.77409,81.96,0.898,11.16,89.0,43.0,0.0
1788105109.1,0.00,707.0,0,0.260,0.000,0.0000,0,False,False,P,False,69.1,13.74,110150,42.77409,82.35,0.898,11.16,89.0,43.0,0.0
1788105109.3,0.00,707.0,0,0.260,0.000,0.0000,0,False,False,P,False,69.1,13.74,110150,42.77409,82.75,0.898,11.16,89.0,43.0,0.0
1788105109.5,0.00,707.0,0,0.260,0.000,0.0000,0,False,False,P,False,69.1,13.74,110150,42.77409,82.75,0.877,11.16,89.0,43.0,0.0
1788105109.7,0.00,708.5,0,0.260,0.000,0.0000,0,False,False,P,False,69.1,13.74,110150,42.77409,81.96,0.887,11.16,89.0,43.0,0.0
1788105109.9,0.00,711.5,0,0.260,0.000,0.0000,0,False,False,P,False,69.1,13.74,110150,42.77409,82.75,0.887,11.16,89.0,43.0,0.0
1788105110.1,0.00,713.5,0,0.260,0.000,0.0000,0,False,False,P,False,69.1,13.74,110150,42.77409,82.35,0.866,11.16,89.0,43.0,0.0
1788105110.3,0.00,715.2,0,0.260,0.000,0.0000,0,False,False,P,False,69.1,13.74,110150,42.77409,82.35,0.866,11.16,89.0,43.0,0.0
1788105110.5,0.00,716.5,0,0.260,0.000,0.0000,0,False,False,P,False,69.1,13.76,110150,42.77409,82.75,0.877,11.16,89.0,43.0,0.0
1788105110.7,0.00,716.0,0,0.260,0.000,0.0000,0,False,False,P,False,69.1,13.76,110150,42.77409,82.35,0.887,11.16,89.0,43.0,0.0
1788105110.9,0.00,715.0,0,0.260,0.000,0.0000,0,False,False,P,False,69.1,13.76,110150,42.77409,82.75,0.887,11.16,89.0,43.0,0.0
1788105111.2,0.00,712.0,0,0.260,0.000,0.0000,0,False,False,P,False,69.1,13.76,110150,42.77409,82.75,0.877,11.16,89.0,43.0,0.0
1788105111.4,0.00,708.5,0,0.260,0.000,0.0000,0,False,False,P,False,69.1,13.76,110150,42.77409,82.75,0.866,11.16,89.0,43.0,0.0
1788105111.6,0.00,705.0,0,0.260,0.000,0.0000,0,False,False,P,False,69.1,13.76,110150,42.77409,82.35,0.898,11.16,89.0,43.0,0.0
1788105111.8,0.00,702.0,0,0.260,0.000,0.0000,0,False,False,P,False,69.1,13.76,110150,42.77409,82.75,0.898,11.16,89.0,43.0,0.0
1788105112.0,0.00,700.0,0,0.260,0.000,0.0000,0,False,False,P,False,69.1,13.76,110150,42.77409,82.75,0.877,11.16,89.0,43.0,0.0
1788105112.2,0.00,700.2,0,0.260,0.000,0.0000,0,False,False,P,False,69.1,13.76,110150,42.77409,82.35,0.887,11.16,89.0,43.0,0.0
1788105112.4,0.00,700.5,0,0.260,0.000,0.0000,0,False,False,P,False,69.1,13.76,110150,42.77409,82.75,0.887,11.16,89.0,43.0,0.0
1788105112.6,0.00,703.0,0,0.260,0.000,0.0000,0,False,False,P,False,69.1,13.76,110150,42.77409,82.75,0.866,11.16,89.0,43.0,0.0
1788105112.8,0.00,704.2,0,0.260,0.000,0.0000,0,False,False,P,False,69.1,13.76,110150,42.77409,82.75,0.898,11.16,89.0,43.0,0.0
1788105113.0,0.00,704.5,0,0.260,0.000,0.0000,0,False,False,P,False,69.1,13.76,110150,42.77409,82.75,0.877,11.16,89.0,43.0,0.0
1788105113.2,0.00,705.2,0,0.260,0.000,0.0000,0,False,False,P,False,69.1,13.76,110150,42.77409,82.75,0.856,11.16,89.0,43.0,0.0
1788105113.4,0.00,706.8,0,0.260,0.000,0.0000,0,False,False,P,False,69.1,13.76,110150,42.77409,82.35,0.877,11.16,89.0,43.0,0.0
1788105113.6,0.00,704.2,0,0.260,0.000,0.0000,0,False,False,P,False,69.1,13.74,110150,42.77409,82.75,0.866,11.16,89.0,43.0,0.0
1788105113.8,0.00,702.8,0,0.260,0.000,0.0000,0,False,False,P,False,69.1,13.74,110150,42.77409,82.35,0.877,11.16,89.0,43.0,0.0
1788105114.0,0.00,702.0,0,0.260,0.000,0.0000,0,False,False,P,False,69.1,13.74,110150,42.77409,82.75,0.866,11.16,89.0,43.0,0.0
1788105114.2,0.00,698.0,0,0.260,0.000,0.0000,0,False,False,P,False,69.1,13.74,110150,42.77409,82.75,0.887,11.16,89.0,43.0,0.0
1788105114.4,0.00,696.2,0,0.260,0.000,0.0000,0,False,False,P,False,69.1,13.74,110150,42.77409,82.75,0.856,11.16,89.0,43.0,0.0
1788105114.6,0.00,695.8,0,0.260,0.000,0.0000,0,False,False,P,False,69.1,13.74,110150,42.77409,82.75,0.877,11.16,89.0,43.0,0.0
1788105114.8,0.00,696.2,0,0.260,0.000,0.0000,0,False,False,P,False,69.1,13.74,110150,42.77409,82.35,0.887,11.16,89.0,43.0,0.0
1788105115.0,0.00,697.2,0,0.260,0.000,0.0000,0,False,False,P,False,69.1,13.74,110150,42.77409,82.35,0.856,11.16,89.0,43.0,0.0
1788105115.2,0.00,699.8,0,0.260,0.000,0.0000,0,False,False,P,False,69.1,13.74,110150,42.77409,82.75,0.866,11.16,89.0,43.0,0.0
1788105115.4,0.00,701.8,0,0.260,0.000,0.0000,0,False,False,P,False,69.1,13.74,110150,42.77409,82.35,0.856,11.16,89.0,43.0,0.0
1788105115.6,0.00,703.5,0,0.260,0.000,0.0000,0,False,False,P,False,69.1,13.74,110150,42.77409,82.35,0.866,11.16,89.0,43.0,0.0
1788105115.8,0.00,704.0,0,0.260,0.000,0.0000,0,False,False,P,False,69.1,13.74,110150,42.77409,82.35,0.877,11.16,89.0,43.0,0.0
1788105116.0,0.00,703.8,0,0.260,0.000,0.0000,0,False,False,P,False,69.1,13.74,110150,42.77409,82.75,0.877,11.16,89.0,43.0,0.0
1788105116.2,0.00,703.2,0,0.260,0.000,0.0000,0,False,False,P,False,69.1,13.74,110150,42.77409,82.75,0.877,11.16,89.0,43.0,0.0
1788105116.4,0.00,704.2,0,0.260,0.000,0.0000,0,False,False,P,False,69.1,13.74,110150,42.77409,82.75,0.866,11.16,89.0,43.0,0.0
1788105116.6,0.00,703.8,0,0.260,0.000,0.0000,0,False,False,P,False,69.1,13.75,110150,42.77409,82.75,0.877,11.16,89.0,43.0,0.0
1788105116.8,0.00,703.5,0,0.260,0.000,0.0000,0,False,False,P,False,69.1,13.75,110150,42.77409,82.75,0.877,11.15,89.0,43.0,0.0
1788105117.0,0.00,702.8,0,0.260,0.000,0.0000,0,False,False,P,False,69.1,13.75,110150,42.77409,82.75,0.877,11.15,89.0,43.0,0.0
1788105117.2,0.00,701.8,0,0.260,0.000,0.0000,0,False,False,P,False,69.1,13.75,110150,42.77409,82.75,0.846,11.15,89.0,43.0,0.0
1788105117.4,0.00,698.5,0,0.260,0.000,0.0000,0,False,False,P,False,69.1,13.75,110150,42.77409,82.35,0.877,11.15,89.0,43.0,0.0
1788105117.7,0.00,697.5,0,0.260,0.000,0.0000,0,False,False,P,False,69.1,13.75,110150,42.77409,82.75,0.877,11.15,89.0,43.0,0.0
1788105117.9,0.00,697.5,0,0.260,0.000,0.0000,0,False,False,P,False,69.1,13.75,110150,42.77409,82.75,0.877,11.15,89.0,43.0,0.0
1788105118.1,0.00,698.8,0,0.260,0.000,0.0000,0,False,False,P,False,69.1,13.75,110150,42.77409,82.75,0.866,11.15,89.0,43.0,0.0
1788105118.3,0.00,699.5,0,0.260,0.000,0.0000,0,False,False,P,False,69.1,13.75,110150,42.77409,82.75,0.846,11.15,89.0,43.0,0.0
1788105118.5,0.00,700.2,0,0.260,0.000,0.0000,0,False,False,P,False,69.1,13.75,110150,42.77409,82.75,0.846,11.15,89.0,43.0,0.0
1788105118.7,0.00,701.5,0,0.260,0.000,0.0000,0,False,False,P,False,69.1,13.75,110150,42.77409,82.35,0.887,11.15,89.0,43.0,0.0
1788105118.9,0.00,702.2,0,0.260,0.000,0.0000,0,False,False,P,False,69.1,13.75,110150,42.77409,82.75,0.877,11.15,89.0,43.0,0.0
1788105119.1,0.00,704.5,0,0.260,0.000,0.0000,0,False,False,P,False,69.1,13.75,110150,42.77409,82.75,0.856,11.15,89.0,43.0,0.0
1788105119.3,0.00,706.5,0,0.260,0.000,0.0000,0,False,False,P,False,69.1,13.75,110150,42.77409,82.35,0.723,11.15,89.0,43.0,0.0
1788105119.5,0.00,694.8,0,0.260,0.000,0.0000,0,False,False,P,False,69.1,13.75,110150,42.77409,82.75,0.671,11.15,89.0,43.0,0.0
1788105119.7,0.00,744.2,0,0.260,0.000,0.0000,0,False,False,P,False,69.1,13.87,110150,42.77409,82.35,0.653,11.15,89.0,39.0,0.0
1788105119.9,0.00,751.8,0,0.260,0.000,0.0000,0,False,False,P,False,69.1,13.87,110150,42.77409,82.75,0.629,11.15,89.0,37.0,0.0
1788105120.1,0.00,752.2,0,0.260,0.000,0.0000,0,False,False,P,False,69.1,13.87,110150,42.77409,82.35,0.622,11.15,89.0,35.0,0.0
1788105120.3,0.00,741.2,0,0.260,0.000,0.0000,0,False,False,P,False,69.1,13.87,110150,42.77409,82.75,0.587,11.15,89.0,34.0,0.0
1788105120.5,0.00,733.5,0,0.260,0.000,0.0000,0,False,False,P,False,69.1,13.87,110150,42.77409,82.35,0.587,11.15,89.0,34.0,0.0
1788105120.7,0.00,727.8,0,0.260,0.000,0.0000,0,False,False,P,False,69.1,13.87,110150,42.77409,82.75,0.611,11.15,89.0,32.0,0.0
1788105120.9,0.00,715.5,0,0.260,0.000,0.0000,0,False,False,P,False,69.1,13.87,110150,42.77409,82.75,0.611,11.15,89.0,32.0,0.0
1788105121.1,0.00,714.8,0,0.260,0.000,0.0000,0,False,False,P,False,69.1,13.87,110150,42.77409,82.35,0.639,11.15,89.0,32.0,0.0
1788105121.3,0.00,709.5,0,0.260,0.000,0.0000,0,False,False,P,False,69.1,13.87,110150,42.77409,82.35,0.611,11.15,89.0,32.0,0.0
1788105121.5,0.00,709.2,0,0.260,0.000,0.0000,0,False,False,P,False,69.1,13.87,110150,42.77409,82.35,0.622,11.15,89.0,32.0,0.0
1788105121.7,0.00,711.2,0,0.260,0.000,0.0000,0,False,False,P,False,69.1,13.87,110150,42.77409,82.35,0.622,11.15,89.0,32.0,0.0
1788105121.9,0.00,713.0,0,0.260,0.000,0.0000,0,False,False,P,False,69.1,13.87,110150,42.77409,82.75,0.622,11.15,89.0,32.0,0.0
1788105122.1,0.00,711.5,0,0.260,0.000,0.0000,0,False,False,P,False,69.1,13.87,110150,42.77409,82.75,0.629,11.15,89.0,32.0,0.0
1788105122.3,0.00,717.5,0,0.260,0.000,0.0000,0,False,False,P,False,69.1,13.87,110150,42.77409,82.35,0.629,11.15,89.0,32.0,0.0
1788105122.5,0.00,718.0,0,0.260,0.000,0.0000,0,False,False,P,False,69.1,13.87,110150,42.77409,82.35,0.611,11.15,89.0,32.0,0.0
1788105122.7,0.00,714.8,0,0.260,0.000,0.0000,0,False,False,P,False,69.1,13.87,110150,42.77409,82.35,0.611,11.15,89.0,32.0,0.0
1788105122.9,0.00,714.0,0,0.260,0.000,0.0000,0,False,False,P,False,69.1,13.77,110150,42.77409,82.35,0.629,11.15,89.0,32.0,0.0
1788105123.1,0.00,715.5,0,0.260,0.000,0.0000,0,False,False,P,False,69.1,13.77,110150,42.77409,82.35,0.611,11.15,89.0,32.0,0.0
1788105123.3,0.00,714.2,0,0.260,0.000,0.0000,0,False,False,P,False,69.1,13.77,110150,42.77409,82.75,0.611,11.15,89.0,32.0,0.0
1788105123.5,0.00,709.5,0,0.260,0.000,0.0000,0,False,False,P,False,69.1,13.77,110150,42.77409,82.35,0.604,11.15,89.0,32.0,0.0
1788105123.8,0.00,708.5,0,0.260,0.000,0.0000,0,False,False,P,False,69.1,13.77,110150,42.77409,82.35,0.611,11.15,89.0,32.0,0.0
1788105124.0,0.00,707.5,0,0.260,0.000,0.0000,0,False,False,P,False,69.1,13.77,110150,42.77409,82.75,0.611,11.15,89.0,32.0,0.0
1788105124.2,0.00,711.8,0,0.260,0.000,0.0000,0,False,False,P,False,69.1,13.77,110150,42.77409,82.35,0.604,11.15,89.0,32.0,0.0
1788105124.4,0.00,708.8,0,0.260,0.000,0.0000,0,False,False,P,False,69.1,13.77,110150,42.77409,82.35,0.604,11.15,89.0,32.0,0.0
1788105124.6,0.00,707.0,0,0.260,0.000,0.0000,0,False,False,P,False,69.1,13.77,110150,42.77409,82.35,0.622,11.15,89.0,32.0,0.0
1788105124.8,0.00,707.8,0,0.260,0.000,0.0000,0,False,False,P,False,69.1,13.77,110150,42.77409,82.75,0.604,11.15,89.0,32.0,0.0
1788105125.0,0.00,701.5,0,0.260,0.000,0.0000,0,False,False,P,False,69.1,13.77,110150,42.77409,82.75,0.604,11.15,89.0,32.0,0.0
1788105125.2,0.00,709.2,0,0.260,0.000,0.0000,0,False,False,P,False,69.1,13.77,110150,42.77409,82.35,0.622,11.15,89.0,32.0,0.0
1788105125.4,0.00,711.5,0,0.260,0.000,0.0000,0,False,False,P,False,69.1,13.77,110150,42.77409,82.75,0.622,11.15,89.0,32.0,0.0
1788105125.6,0.00,713.2,0,0.260,0.000,0.0000,0,False,False,P,False,69.1,13.77,110150,42.77409,82.75,0.597,11.15,89.0,32.0,0.0
1788105125.8,0.00,711.2,0,0.260,0.000,0.0000,0,False,False,P,False,69.1,13.77,110150,42.77409,82.75,0.604,11.15,89.0,32.0,0.0
1788105126.0,0.00,715.0,0,0.260,0.000,0.0000,0,False,False,P,False,69.1,13.76,110150,42.77409,82.35,0.611,11.15,89.0,32.0,0.0
1788105126.2,0.00,714.2,0,0.260,0.000,0.0000,0,False,False,P,False,69.1,13.76,110150,42.77409,82.35,0.611,11.15,89.0,32.0,0.0
1788105126.4,0.00,717.0,0,0.260,0.000,0.0000,0,False,False,P,False,69.1,13.76,110150,42.77409,82.75,0.597,11.15,89.0,32.0,0.0
1788105126.6,0.00,713.8,0,0.260,0.000,0.0000,0,False,False,P,False,69.1,13.76,110150,42.77409,82.75,0.604,11.15,89.0,32.0,0.0
1788105126.8,0.00,713.5,0,0.260,0.000,0.0000,0,False,False,P,False,69.1,13.76,110150,42.77409,82.75,0.604,11.15,89.0,31.0,0.0
1788105127.0,0.00,713.5,0,0.260,0.000,0.0000,0,False,False,P,False,69.1,13.76,110150,42.77409,82.35,0.604,11.15,89.0,32.0,0.0
1788105127.2,0.00,710.8,0,0.260,0.000,0.0000,0,False,False,P,False,69.1,13.76,110150,42.77409,82.75,0.597,11.15,89.0,31.0,0.0
1788105127.4,0.00,710.5,0,0.260,0.000,0.0000,0,False,False,P,False,69.1,13.76,110150,42.77409,82.35,0.587,11.15,89.0,32.0,0.0
1788105127.6,0.00,710.2,0,0.260,0.000,0.0000,0,False,False,P,False,69.1,13.76,110150,42.77409,82.35,1.244,11.15,89.0,34.0,0.0
1788105127.8,0.00,760.0,0,0.260,0.000,0.0000,0,False,False,P,False,69.1,13.76,110150,42.77409,82.35,1.045,11.15,89.0,37.0,0.0
1788105128.0,0.00,741.2,0,0.260,0.000,0.0000,0,False,False,P,False,69.1,13.76,110150,42.77409,82.75,0.825,11.15,89.0,37.0,0.0
1788105128.2,0.00,729.5,0,0.260,0.000,0.0000,0,False,False,P,False,69.1,13.76,110150,42.77409,82.75,0.989,11.15,89.0,40.0,0.0
1788105128.4,0.00,733.5,0,0.260,0.000,0.0000,0,False,False,P,False,69.1,13.76,110150,42.77409,82.35,0.877,11.15,89.0,40.0,0.0
1788105128.6,0.00,728.0,0,0.260,0.000,0.0000,0,False,False,P,False,69.1,13.76,110150,42.77409,82.75,0.887,11.15,89.0,40.0,0.0
1788105128.8,0.00,731.0,0,0.260,0.000,0.0000,0,False,False,P,False,69.1,13.76,110150,42.77409,82.35,0.898,11.15,89.0,42.0,0.0
1788105129.0,0.00,730.5,0,0.260,0.000,0.0000,0,False,False,P,False,69.1,13.27,110150,42.77409,82.75,0.908,11.15,89.0,42.0,0.0
1788105129.2,0.00,730.5,0,0.260,0.000,0.0000,0,False,False,P,False,69.1,13.27,110150,42.77409,82.75,0.898,11.15,89.0,43.0,0.0
1788105129.4,0.00,729.2,0,0.260,0.000,0.0000,0,False,False,P,False,69.1,13.27,110150,42.77409,82.75,0.898,11.15,89.0,43.0,0.0
1788105129.7,0.00,727.2,0,0.260,0.000,0.0000,0,False,False,P,False,69.1,13.27,110150,42.77409,82.75,0.922,11.15,89.0,43.0,0.0
1788105129.9,0.00,722.0,0,0.260,0.000,0.0000,0,False,False,P,False,69.1,13.27,110150,42.77409,82.75,0.922,11.15,89.0,43.0,0.0
1788105130.1,0.00,717.0,0,0.260,0.000,0.0000,0,False,False,P,False,69.1,13.27,110150,42.77409,82.75,0.933,11.15,89.0,44.0,0.0
1788105130.3,0.00,714.5,0,0.260,0.000,0.0000,0,False,False,P,False,69.1,13.27,110150,42.77409,82.35,0.933,11.15,89.0,44.0,0.0
1788105130.5,0.00,712.2,0,0.260,0.000,0.0000,0,False,False,P,False,69.1,13.27,110150,42.77409,82.75,0.943,11.15,89.0,44.0,0.0
1788105130.7,0.00,714.5,0,0.260,0.000,0.0000,0,False,False,P,False,69.1,13.27,110150,42.77409,82.75,0.954,11.15,89.0,45.0,0.0
1788105130.9,0.00,722.2,0,0.260,0.000,0.0000,0,False,False,P,False,69.1,13.27,110150,42.77409,82.35,0.943,11.15,89.0,45.0,0.0
1788105131.1,0.00,732.5,0,0.260,0.000,0.0000,0,False,False,P,False,69.1,13.27,110150,42.77409,82.35,0.933,11.15,89.0,45.0,0.0
1788105131.3,0.00,742.2,0,0.260,0.000,0.0000,0,False,False,P,False,69.1,13.27,110150,42.77409,82.75,0.877,11.15,89.0,44.0,0.0
1788105131.5,0.00,740.5,0,0.260,0.000,0.0000,0,False,False,P,False,69.1,13.27,110150,42.77409,82.35,0.877,11.15,89.0,43.0,0.0
1788105131.7,0.00,735.5,0,0.260,0.000,0.0000,0,False,False,P,False,69.1,13.27,110150,42.77409,82.75,0.922,11.15,89.0,43.0,0.0
1788105131.9,0.00,726.5,0,0.260,0.000,0.0000,0,False,False,P,False,69.1,13.27,110150,42.77409,82.35,0.877,11.15,89.0,43.0,0.0
1788105132.1,0.00,720.5,0,0.260,0.000,0.0000,0,False,False,P,False,69.1,13.71,110150,42.77409,82.75,0.877,11.15,89.0,43.0,0.0
1788105132.3,0.00,713.5,0,0.260,0.000,0.0000,0,False,False,P,False,69.1,13.71,110150,42.77409,82.75,0.887,11.15,89.0,43.0,0.0
1788105132.5,0.00,711.0,0,0.260,0.000,0.0000,0,False,False,P,False,69.1,13.71,110150,42.77409,82.35,0.898,11.15,89.0,43.0,0.0
1788105132.7,0.00,707.8,0,0.260,0.000,0.0000,0,False,False,P,False,69.1,13.71,110150,42.77409,82.35,0.866,11.15,89.0,43.0,0.0
1788105132.9,0.00,706.2,0,0.260,0.000,0.0000,0,False,False,P,False,69.1,13.71,110150,42.77409,82.75,0.887,11.15,89.0,43.0,0.0
1788105133.1,0.00,705.5,0,0.260,0.000,0.0000,0,False,False,P,False,69.1,13.71,110150,42.77409,82.75,0.887,11.15,89.0,43.0,0.0
1788105133.3,0.00,708.2,0,0.260,0.000,0.0000,0,False,False,P,False,69.1,13.71,110150,42.77409,82.75,0.866,11.14,89.0,43.0,0.0
1788105133.5,0.00,710.5,0,0.260,0.000,0.0000,0,False,False,P,False,69.1,13.71,110150,42.77409,82.75,0.898,11.14,89.0,43.0,0.0
1788105133.7,0.00,712.2,0,0.260,0.000,0.0000,0,False,False,P,False,69.1,13.71,110150,42.77409,82.75,0.866,11.14,89.0,43.0,0.0
1788105133.9,0.00,712.5,0,0.260,0.000,0.0000,0,False,False,P,False,69.1,13.71,110150,42.77409,82.75,0.898,11.14,89.0,43.0,0.0
1788105134.1,0.00,712.5,0,0.260,0.000,0.0000,0,False,False,P,False,69.1,13.71,110150,42.77409,82.35,0.877,11.14,89.0,43.0,0.0
1788105134.3,0.00,712.2,0,0.260,0.000,0.0000,0,False,False,P,False,69.1,13.71,110150,42.77409,82.35,0.898,11.14,89.0,43.0,0.0
1788105134.5,0.00,712.5,0,0.260,0.000,0.0000,0,False,False,P,False,69.1,13.71,110150,42.77409,82.75,0.877,11.14,89.0,43.0,0.0
1788105134.7,0.00,712.8,0,0.260,0.000,0.0000,0,False,False,P,False,69.1,13.71,110150,42.77409,82.35,0.887,11.14,89.0,43.0,0.0
1788105134.9,0.00,709.2,0,0.260,0.000,0.0000,0,False,False,P,False,69.1,13.71,110150,42.77409,82.75,0.898,11.14,89.0,43.0,0.0
1788105135.2,0.00,707.0,0,0.260,0.000,0.0000,0,False,False,P,False,69.1,13.76,110150,42.77409,82.35,0.887,11.14,89.0,43.0,0.0
1788105135.4,0.00,705.5,0,0.260,0.000,0.0000,0,False,False,P,False,69.1,13.76,110150,42.77409,82.75,0.866,11.14,89.0,43.0,0.0
1788105135.6,0.00,701.8,0,0.260,0.000,0.0000,0,False,False,P,False,69.1,13.76,110150,42.77409,82.35,0.866,11.14,89.0,43.0,0.0
1788105135.8,0.00,701.8,0,0.260,0.000,0.0000,0,False,False,P,False,69.1,13.76,110150,42.77409,82.35,0.887,11.14,89.0,43.0,0.0
1788105136.0,0.00,699.0,0,0.260,0.000,0.0000,0,False,False,P,False,69.1,13.76,110150,42.77409,82.35,0.887,11.14,89.0,43.0,0.0
1788105136.2,0.00,697.8,0,0.260,0.000,0.0000,0,False,False,P,False,69.1,13.76,110150,42.77409,82.35,0.877,11.14,89.0,43.0,0.0
1788105136.4,0.00,697.8,0,0.260,0.000,0.0000,0,False,False,P,False,69.1,13.76,110150,42.77409,82.35,0.877,11.14,89.0,43.0,0.0
1788105136.6,0.00,699.8,0,0.260,0.000,0.0000,0,False,False,P,False,69.1,13.76,110150,42.77409,82.35,0.877,11.14,89.0,43.0,0.0
1788105136.8,0.00,698.0,0,0.260,0.000,0.0000,0,False,False,P,False,69.1,13.76,110150,42.77409,82.75,0.856,11.14,89.0,43.0,0.0
1788105137.0,0.00,699.5,0,0.260,0.000,0.0000,0,False,False,P,False,69.1,13.76,110150,42.77409,82.35,0.866,11.14,89.0,43.0,0.0
1788105137.2,0.00,699.5,0,0.260,0.000,0.0000,0,False,False,P,False,69.1,13.76,110150,42.77409,82.35,0.877,11.14,89.0,43.0,0.0
1788105137.4,0.00,702.5,0,0.260,0.000,0.0000,0,False,False,P,False,69.1,13.76,110150,42.77409,82.35,0.877,11.14,89.0,43.0,0.0
1788105137.6,0.00,704.8,0,0.260,0.000,0.0000,0,False,False,P,False,69.1,13.76,110150,42.77409,82.35,0.898,11.14,89.0,43.0,0.0
1788105137.8,0.00,704.8,0,0.260,0.000,0.0000,0,False,False,P,False,69.1,13.76,110150,42.77409,82.35,0.898,11.14,89.0,43.0,0.0
1788105138.0,0.00,704.5,0,0.260,0.000,0.0000,0,False,False,P,False,69.1,13.76,110150,42.77409,82.35,0.856,11.14,89.0,43.0,0.0
1788105138.2,0.00,702.2,0,0.260,0.000,0.0000,0,False,False,P,False,69.1,13.76,110150,42.77409,82.75,0.887,11.14,89.0,43.0,0.0
1788105138.4,0.00,702.8,0,0.260,0.000,0.0000,0,False,False,P,False,69.1,13.76,110150,42.77409,82.35,0.877,11.14,89.0,43.0,0.0
1788105138.6,0.00,700.0,0,0.260,0.000,0.0000,0,False,False,P,False,69.1,13.76,110150,42.77409,82.75,0.877,11.14,89.0,43.0,0.0
1788105138.8,0.00,701.2,0,0.260,0.000,0.0000,0,False,False,P,False,69.1,13.76,110150,42.77409,82.75,0.866,11.14,89.0,43.0,0.0
1788105139.0,0.00,699.0,0,0.260,0.000,0.0000,0,False,False,P,False,69.1,13.76,110150,42.77409,82.35,0.856,11.14,89.0,43.0,0.0
1788105139.2,0.00,698.5,0,0.260,0.000,0.0000,0,False,False,P,False,69.1,13.76,110150,42.77409,82.75,0.856,11.14,89.0,43.0,0.0
1788105139.4,0.00,696.5,0,0.260,0.000,0.0000,0,False,False,P,False,69.1,13.76,110150,42.77409,82.75,0.856,11.14,89.0,43.0,0.0
1788105139.6,0.00,696.0,0,0.260,0.000,0.0000,0,False,False,P,False,69.1,13.76,110150,42.77409,82.75,0.877,11.14,89.0,43.0,0.0
1788105139.8,0.00,696.8,0,0.260,0.000,0.0000,0,False,False,P,False,69.1,13.76,110150,42.77409,82.35,0.866,11.14,89.0,43.0,0.0
1788105140.0,0.00,699.0,0,0.260,0.000,0.0000,0,False,False,P,False,69.1,13.76,110150,42.77409,82.35,0.887,11.14,89.0,43.0,0.0
1788105140.2,0.00,699.0,0,0.260,0.000,0.0000,0,False,False,P,False,69.1,13.76,110150,42.77409,82.75,0.877,11.14,89.0,43.0,0.0
1788105140.4,0.00,701.5,0,0.260,0.000,0.0000,0,False,False,P,False,69.1,13.76,110150,42.77409,82.75,0.877,11.14,89.0,43.0,0.0
1788105140.6,0.00,703.0,0,0.260,0.000,0.0000,0,False,False,P,False,69.1,13.76,110150,42.77409,82.75,0.877,11.14,89.0,43.0,0.0
1788105140.8,0.00,705.8,0,0.260,0.000,0.0000,0,False,False,P,False,69.1,13.76,110150,42.77409,82.75,0.846,11.14,89.0,43.0,0.0
1788105141.0,0.00,706.2,0,0.260,0.000,0.0000,0,False,False,P,False,69.1,13.76,110150,42.77409,82.75,0.877,11.14,89.0,43.0,0.0
1788105141.2,0.00,707.5,0,0.260,0.000,0.0000,0,False,False,P,False,69.1,13.76,110150,42.77409,82.35,0.898,11.14,89.0,43.0,0.0
1788105141.4,0.00,705.2,0,0.260,0.000,0.0000,0,False,False,P,False,69.1,13.75,110150,42.77409,82.35,0.856,11.14,89.0,43.0,0.0
1788105141.7,0.00,704.8,0,0.260,0.000,0.0000,0,False,False,P,False,69.1,13.75,110150,42.77409,82.35,0.898,11.14,89.0,43.0,0.0
1788105141.9,0.00,702.0,0,0.260,0.000,0.0000,0,False,False,P,False,69.1,13.75,110150,42.77409,82.35,0.887,11.14,89.0,43.0,0.0
1788105142.1,0.00,698.0,0,0.260,0.000,0.0000,0,False,False,P,False,69.1,13.75,110150,42.77409,82.75,0.856,11.14,89.0,43.0,0.0
1788105142.3,0.00,697.8,0,0.260,0.000,0.0000,0,False,False,P,False,69.1,13.75,110150,42.77409,82.35,0.856,11.14,89.0,43.0,0.0
1788105142.5,0.00,696.8,0,0.260,0.000,0.0000,0,False,False,P,False,69.1,13.77,110150,42.77409,82.35,0.877,11.14,89.0,43.0,0.0
1788105142.7,0.00,697.2,0,0.260,0.000,0.0000,0,False,False,P,False,69.1,13.77,110150,42.77409,82.35,0.856,11.14,89.0,43.0,0.0
1788105142.9,0.00,697.5,0,0.260,0.000,0.0000,0,False,False,P,False,69.1,13.77,110150,42.77409,82.35,0.887,11.14,89.0,43.0,0.0
1788105143.1,0.00,696.2,0,0.260,0.000,0.0000,0,False,False,P,False,69.1,13.77,110150,42.77409,82.75,0.664,11.14,89.0,42.0,0.0
1788105143.3,0.00,704.2,0,0.260,0.000,0.0000,0,False,False,P,False,69.1,13.77,110150,42.77409,82.75,0.653,11.14,89.0,40.0,0.0
1788105143.5,0.00,750.2,0,0.260,0.000,0.0000,0,False,False,P,False,69.1,13.77,110150,42.77409,82.75,0.639,11.14,89.0,39.0,0.0
1788105143.7,0.00,749.5,0,0.260,0.000,0.0000,0,False,False,P,False,69.1,13.77,110150,42.77409,82.75,0.639,11.14,89.0,37.0,0.0
1788105143.9,0.00,750.2,0,0.260,0.000,0.0000,0,False,False,P,False,69.1,13.77,110150,42.77409,82.75,0.622,11.14,89.0,35.0,0.0
1788105144.1,0.00,733.5,0,0.260,0.000,0.0000,0,False,False,P,False,69.1,13.77,110150,42.77409,82.35,0.597,11.14,89.0,33.0,0.0
1788105144.3,0.00,728.8,0,0.260,0.000,0.0000,0,False,False,P,False,69.1,13.77,110150,42.77409,82.35,0.604,11.14,89.0,32.0,0.0
1788105144.5,0.00,724.8,0,0.260,0.000,0.0000,0,False,False,P,False,69.1,13.72,110150,42.77409,82.75,0.604,11.14,89.0,32.0,0.0
1788105144.7,0.00,716.5,0,0.260,0.000,0.0000,0,False,False,P,False,69.1,13.72,110150,42.77409,82.35,0.639,11.14,89.0,32.0,0.0
1788105144.9,0.00,710.0,0,0.260,0.000,0.0000,0,False,False,P,False,69.1,13.72,110150,42.77409,81.96,0.622,11.14,89.0,32.0,0.0
1788105145.1,0.00,703.8,0,0.260,0.000,0.0000,0,False,False,P,False,69.1,13.72,110150,42.77409,82.35,0.622,11.14,89.0,32.0,0.0
1788105145.3,0.00,708.8,0,0.260,0.000,0.0000,0,False,False,P,False,69.1,13.72,110150,42.77409,82.35,0.622,11.14,89.0,32.0,0.0
1788105145.5,0.00,708.0,0,0.260,0.000,0.0000,0,False,False,P,False,69.1,13.72,110150,42.77409,82.35,0.604,11.14,89.0,32.0,0.0
1788105145.7,0.00,714.0,0,0.260,0.000,0.0000,0,False,False,P,False,69.1,13.72,110150,42.77409,82.35,0.604,11.14,89.0,32.0,0.0
1788105145.9,0.00,715.0,0,0.260,0.000,0.0000,0,False,False,P,False,69.1,13.72,110150,42.77409,82.35,0.611,11.14,89.0,32.0,0.0
1788105146.1,0.00,714.8,0,0.260,0.000,0.0000,0,False,False,P,False,69.1,13.72,110150,42.77409,82.35,0.611,11.14,89.0,32.0,0.0
1788105146.3,0.00,711.2,0,0.260,0.000,0.0000,0,False,False,P,False,69.1,13.72,110150,42.77409,82.35,0.604,11.14,89.0,32.0,0.0
1788105146.5,0.00,715.2,0,0.260,0.000,0.0000,0,False,False,P,False,69.1,13.72,110150,42.77409,82.75,0.597,11.14,89.0,32.0,0.0
1788105146.7,0.00,716.5,0,0.260,0.000,0.0000,0,False,False,P,False,69.1,13.72,110150,42.77409,82.35,0.597,11.14,89.0,32.0,0.0
1788105146.9,0.00,712.8,0,0.260,0.000,0.0000,0,False,False,P,False,69.1,13.72,110150,42.77409,82.35,0.611,11.14,89.0,32.0,0.0
1788105147.1,0.00,716.0,0,0.260,0.000,0.0000,0,False,False,P,False,69.1,13.72,110150,42.77409,82.75,0.611,11.14,89.0,32.0,0.0
1788105147.3,0.00,716.0,0,0.260,0.000,0.0000,0,False,False,P,False,69.1,13.72,110150,42.77409,82.35,0.622,11.14,89.0,32.0,0.0
1788105147.5,0.00,717.0,0,0.260,0.000,0.0000,0,False,False,P,False,69.1,13.76,110150,42.77409,82.35,0.604,11.14,89.0,32.0,0.0
1788105147.8,0.00,716.0,0,0.260,0.000,0.0000,0,False,False,P,False,69.1,13.76,110150,42.77409,82.35,0.604,11.14,89.0,32.0,0.0
1788105148.0,0.00,712.5,0,0.260,0.000,0.0000,0,False,False,P,False,69.1,13.76,110150,42.77409,82.75,0.622,11.14,89.0,32.0,0.0
1788105148.2,0.00,712.0,0,0.260,0.000,0.0000,0,False,False,P,False,69.1,13.76,110150,42.77409,82.75,0.604,11.14,89.0,32.0,0.0
1788105148.4,0.00,710.0,0,0.260,0.000,0.0000,0,False,False,P,False,69.1,13.76,110150,42.77409,82.75,0.611,11.14,89.0,32.0,0.0
1788105148.6,0.00,712.2,0,0.260,0.000,0.0000,0,False,False,P,False,69.1,13.76,110150,42.77409,82.75,0.597,11.14,89.0,32.0,0.0
1788105148.8,0.00,709.5,0,0.260,0.000,0.0000,0,False,False,P,False,69.1,13.76,110150,42.77409,82.75,0.597,11.14,89.0,32.0,0.0
1788105149.0,0.00,707.8,0,0.260,0.000,0.0000,0,False,False,P,False,69.1,13.76,110150,42.77409,82.35,0.611,11.14,89.0,32.0,0.0
1788105149.2,0.00,708.5,0,0.260,0.000,0.0000,0,False,False,P,False,69.1,13.76,110150,42.77409,82.35,0.622,11.14,89.0,32.0,0.0
1788105151.4,0.00,758.5,0,0.260,0.000,0.0000,0,False,False,P,False,0.0,0.00,110150,42.77409,81.96,0.887,11.13,89.0,38.0,0.0
1788105151.6,0.00,767.2,0,0.260,0.000,0.0000,0,False,False,P,False,0.0,0.00,110150,42.77409,82.75,0.846,11.13,89.0,38.0,0.0
1788105151.8,0.00,738.0,0,0.260,0.000,0.0000,0,False,False,P,False,0.0,0.00,110150,42.77409,82.75,1.010,11.13,89.0,39.0,0.0
1788105152.0,0.00,739.8,0,0.260,0.000,0.0000,0,False,False,P,False,0.0,0.00,110150,42.77409,81.96,0.866,11.13,89.0,40.0,0.0
1788105152.2,0.00,729.8,0,0.260,0.000,0.0000,0,False,False,P,False,0.0,0.00,110150,42.77409,82.35,0.999,11.13,89.0,42.0,0.0
1788105152.4,0.00,729.5,0,0.260,0.000,0.0000,0,False,False,P,False,0.0,0.00,110150,42.77409,82.35,0.978,11.13,89.0,42.0,0.0
1788105152.6,0.00,732.5,0,0.260,0.000,0.0000,0,False,False,P,False,0.0,0.00,110150,42.77409,82.75,0.922,11.13,89.0,43.0,0.0
1788105152.8,0.00,732.8,0,0.260,0.000,0.0000,0,False,False,P,False,0.0,0.00,110150,42.77409,82.35,0.856,11.13,89.0,43.0,0.0
1788105153.0,0.00,728.2,0,0.260,0.000,0.0000,0,False,False,P,False,0.0,0.00,110150,42.77409,82.75,0.846,11.13,89.0,43.0,0.0
1788105153.2,0.00,720.5,0,0.260,0.000,0.0000,0,False,False,P,False,69.1,0.00,110150,42.77409,82.75,0.922,11.13,89.0,43.0,0.0
1788105153.4,0.00,714.0,0,0.260,0.000,0.0000,0,False,False,P,False,69.1,0.00,110150,42.77409,82.75,0.908,11.13,89.0,44.0,0.0
1788105153.6,0.00,707.0,0,0.260,0.000,0.0000,0,False,False,P,False,69.1,0.00,110150,42.77409,82.75,0.999,11.13,89.0,44.0,0.0
1788105153.8,0.00,706.2,0,0.260,0.000,0.0000,0,False,False,P,False,69.1,0.00,110150,42.77409,82.75,0.933,11.13,89.0,45.0,0.0
1788105154.0,0.00,711.2,0,0.260,0.000,0.0000,0,False,False,P,False,69.1,0.00,110150,42.77409,82.75,0.933,11.13,89.0,45.0,0.0
1788105154.2,0.00,718.2,0,0.260,0.000,0.0000,0,False,False,P,False,69.1,0.00,110150,42.77409,82.75,0.943,11.13,89.0,45.0,0.0
1788105154.4,0.00,725.8,0,0.260,0.000,0.0000,0,False,False,P,False,69.1,0.00,110150,42.77409,82.75,0.978,11.13,89.0,46.0,0.0
1788105154.6,0.00,733.2,0,0.260,0.000,0.0000,0,False,False,P,False,69.1,0.00,110150,42.77409,82.75,0.933,11.13,89.0,45.0,0.0
1788105154.8,0.00,744.8,0,0.260,0.000,0.0000,0,False,False,P,False,69.1,0.00,110150,42.77409,82.75,0.898,11.13,89.0,45.0,0.0
1788105155.0,0.00,741.2,0,0.260,0.000,0.0000,0,False,False,P,False,69.1,0.00,110150,42.77409,82.75,0.856,11.13,89.0,44.0,0.0
1788105155.2,0.00,737.5,0,0.260,0.000,0.0000,0,False,False,P,False,69.1,0.00,110150,42.77409,82.35,0.877,11.13,89.0,43.0,0.0
1788105155.4,0.00,732.2,0,0.260,0.000,0.0000,0,False,False,P,False,69.1,0.00,110150,42.77409,82.35,0.887,11.13,89.0,43.0,0.0
1788105155.7,0.00,723.5,0,0.260,0.000,0.0000,0,False,False,P,False,69.1,0.00,110150,42.77409,82.75,0.877,11.13,89.0,43.0,0.0
1788105155.9,0.00,719.0,0,0.260,0.000,0.0000,0,False,False,P,False,69.1,0.00,110150,42.77409,82.35,0.877,11.13,89.0,43.0,0.0
1788105156.1,0.00,714.8,0,0.260,0.000,0.0000,0,False,False,P,False,69.1,0.00,110150,42.77409,82.35,0.898,11.13,89.0,43.0,0.0
1788105156.3,0.00,712.2,0,0.260,0.000,0.0000,0,False,False,P,False,69.1,0.00,110150,42.77409,82.35,0.898,11.13,89.0,43.0,0.0
1788105156.5,0.00,709.5,0,0.260,0.000,0.0000,0,False,False,P,False,69.1,0.00,110150,42.77409,82.35,0.908,11.13,89.0,43.0,0.0
1788105156.7,0.00,707.2,0,0.260,0.000,0.0000,0,False,False,P,False,69.1,0.00,110150,42.77409,82.35,0.866,11.13,89.0,43.0,0.0
1788105156.9,0.00,706.5,0,0.260,0.000,0.0000,0,False,False,P,False,69.1,0.00,110150,42.77409,82.35,0.898,11.13,89.0,43.0,0.0
1788105157.1,0.00,709.0,0,0.260,0.000,0.0000,0,False,False,P,False,69.1,0.00,110150,42.77409,82.75,0.908,11.13,89.0,43.0,0.0
1788105157.3,0.00,712.5,0,0.260,0.000,0.0000,0,False,False,P,False,69.1,0.00,110150,42.77409,82.75,0.877,11.13,89.0,43.0,0.0
1788105157.5,0.00,716.0,0,0.260,0.000,0.0000,0,False,False,P,False,69.1,0.00,110150,42.77409,82.75,0.866,11.13,89.0,43.0,0.0
1788105157.7,0.00,716.0,0,0.260,0.000,0.0000,0,False,False,P,False,69.1,0.00,110150,42.77409,82.75,0.866,11.13,89.0,43.0,0.0
1788105157.9,0.00,715.2,0,0.260,0.000,0.0000,0,False,False,P,False,69.1,0.00,110150,42.77409,82.75,0.908,11.13,89.0,43.0,0.0
1788105158.1,0.00,712.8,0,0.260,0.000,0.0000,0,False,False,P,False,69.1,0.00,110150,42.77409,82.75,0.877,11.13,89.0,43.0,0.0
1788105158.3,0.00,712.5,0,0.260,0.000,0.0000,0,False,False,P,False,69.1,0.00,110150,42.77409,82.35,0.887,11.13,89.0,43.0,0.0
1788105158.5,0.00,710.0,0,0.260,0.000,0.0000,0,False,False,P,False,69.1,0.00,110150,42.77409,82.75,0.887,11.13,89.0,43.0,0.0
1788105158.7,0.00,708.8,0,0.260,0.000,0.0000,0,False,False,P,False,69.1,0.00,110150,42.77409,82.35,0.898,11.13,89.0,43.0,0.0
1788105158.9,0.00,706.8,0,0.260,0.000,0.0000,0,False,False,P,False,69.1,0.00,110150,42.77409,82.75,0.877,11.13,89.0,43.0,0.0
1788105159.1,0.00,705.0,0,0.260,0.000,0.0000,0,False,False,P,False,69.1,0.00,110150,42.77409,82.75,0.866,11.13,89.0,43.0,0.0
1788105159.3,0.00,704.8,0,0.260,0.000,0.0000,0,False,False,P,False,69.1,0.00,110150,42.77409,82.75,0.866,11.13,89.0,43.0,0.0
1788105159.5,0.00,704.0,0,0.260,0.000,0.0000,0,False,False,P,False,69.1,0.00,110150,42.77409,82.35,0.877,11.13,89.0,43.0,0.0
1788105159.7,0.00,702.8,0,0.260,0.000,0.0000,0,False,False,P,False,69.1,0.00,110150,42.77409,82.75,0.856,11.13,89.0,43.0,0.0
1788105159.9,0.00,701.2,0,0.260,0.000,0.0000,0,False,False,P,False,69.1,0.00,110150,42.77409,82.35,0.887,11.13,89.0,43.0,0.0
1788105160.1,0.00,700.2,0,0.260,0.000,0.0000,0,False,False,P,False,69.1,0.00,110150,42.77409,82.75,0.877,11.13,89.0,43.0,0.0
1788105160.3,0.00,699.8,0,0.260,0.000,0.0000,0,False,False,P,False,69.1,0.00,110150,42.77409,82.35,0.846,11.13,89.0,43.0,0.0
1788105160.5,0.00,701.2,0,0.260,0.000,0.0000,0,False,False,P,False,69.1,0.00,110150,42.77409,82.35,0.877,11.13,89.0,43.0,0.0
1788105160.7,0.00,701.8,0,0.260,0.000,0.0000,0,False,False,P,False,69.1,0.00,110150,42.77409,82.35,0.856,11.13,89.0,43.0,0.0
1788105160.9,0.00,704.2,0,0.260,0.000,0.0000,0,False,False,P,False,69.1,0.00,110150,42.77409,82.75,0.835,11.13,89.0,43.0,0.0
1788105161.2,0.00,705.5,0,0.260,0.000,0.0000,0,False,False,P,False,69.1,0.00,110150,42.77409,82.35,0.877,11.13,89.0,43.0,0.0
1788105161.4,0.00,705.2,0,0.260,0.000,0.0000,0,False,False,P,False,69.1,0.00,110150,42.77409,82.75,0.856,11.13,89.0,43.0,0.0
1788105161.6,0.00,703.5,0,0.260,0.000,0.0000,0,False,False,P,False,69.1,0.00,110150,42.77409,82.75,0.877,11.13,89.0,43.0,0.0
1788105161.8,0.00,701.5,0,0.260,0.000,0.0000,0,False,False,P,False,69.1,0.00,110150,42.77409,82.75,0.866,11.13,89.0,43.0,0.0
1788105162.0,0.00,700.0,0,0.260,0.000,0.0000,0,False,False,P,False,69.1,0.00,110150,42.77409,82.35,0.866,11.13,89.0,43.0,0.0
1788105162.2,0.00,698.8,0,0.260,0.000,0.0000,0,False,False,P,False,69.1,0.00,110150,42.77409,82.75,0.866,11.13,89.0,43.0,0.0
1788105162.4,0.00,699.5,0,0.260,0.000,0.0000,0,False,False,P,False,69.1,0.00,110150,42.77409,82.75,0.866,11.13,89.0,43.0,0.0
1788105162.6,0.00,697.2,0,0.260,0.000,0.0000,0,False,False,P,False,68.2,0.00,110150,42.77409,82.75,0.877,11.13,89.0,43.0,0.0
1788105162.8,0.00,697.2,0,0.260,0.000,0.0000,0,False,False,P,False,68.2,0.00,110150,42.77409,82.35,0.866,11.13,89.0,43.0,0.0
1788105163.0,0.00,697.5,0,0.260,0.000,0.0000,0,False,False,P,False,68.2,0.00,110150,42.77409,82.75,0.866,11.12,89.0,43.0,0.0
1788105163.2,0.00,697.0,0,0.260,0.000,0.0000,0,False,False,P,False,68.2,0.00,110150,42.77409,82.35,0.866,11.12,89.0,43.0,0.0
1788105163.4,0.00,697.0,0,0.260,0.000,0.0000,0,False,False,P,False,68.2,0.00,110150,42.77409,82.75,0.887,11.12,89.0,43.0,0.0
1788105163.6,0.00,700.8,0,0.260,0.000,0.0000,0,False,False,P,False,68.2,13.76,110150,42.77409,82.75,0.898,11.12,89.0,43.0,0.0
1788105163.8,0.00,702.0,0,0.260,0.000,0.0000,0,False,False,P,False,68.2,13.76,110150,42.77409,82.75,0.887,11.12,89.0,43.0,0.0
1788105164.0,0.00,705.5,0,0.260,0.000,0.0000,0,False,False,P,False,68.2,13.76,110150,42.77409,82.35,0.887,11.12,89.0,43.0,0.0
1788105164.2,0.00,705.5,0,0.260,0.000,0.0000,0,False,False,P,False,68.2,13.76,110150,42.77409,82.75,0.866,11.12,89.0,43.0,0.0
1788105164.4,0.00,706.0,0,0.260,0.000,0.0000,0,False,False,P,False,68.2,13.76,110150,42.77409,82.75,0.856,11.12,89.0,43.0,0.0
1788105164.6,0.00,706.0,0,0.260,0.000,0.0000,0,False,False,P,False,68.2,13.76,110150,42.77409,82.35,0.898,11.12,89.0,43.0,0.0
1788105164.8,0.00,703.8,0,0.260,0.000,0.0000,0,False,False,P,False,68.2,13.76,110150,42.77409,82.75,0.846,11.12,89.0,43.0,0.0
1788105165.0,0.00,701.2,0,0.260,0.000,0.0000,0,False,False,P,False,68.2,13.76,110150,42.77409,82.75,0.877,11.12,89.0,43.0,0.0
1788105165.2,0.00,698.5,0,0.260,0.000,0.0000,0,False,False,P,False,68.2,13.76,110150,42.77409,82.35,0.877,11.12,89.0,43.0,0.0
1788105165.4,0.00,698.0,0,0.260,0.000,0.0000,0,False,False,P,False,68.2,13.76,110150,42.77409,82.75,0.887,11.12,89.0,43.0,0.0
1788105165.6,0.00,697.2,0,0.260,0.000,0.0000,0,False,False,P,False,68.2,13.76,110150,42.77409,82.75,0.856,11.12,89.0,43.0,0.0
1788105165.8,0.00,696.5,0,0.260,0.000,0.0000,0,False,False,P,False,68.2,13.76,110150,42.77409,82.75,0.877,11.12,89.0,43.0,0.0
1788105166.0,0.00,695.5,0,0.260,0.000,0.0000,0,False,False,P,False,68.2,13.76,110150,42.77409,82.35,0.866,11.12,89.0,44.0,0.0
1788105166.2,0.00,698.0,0,0.260,0.000,0.0000,0,False,False,P,False,68.2,13.76,110150,42.77409,82.35,0.856,11.12,89.0,43.0,0.0
1788105166.4,0.00,701.5,0,0.260,0.000,0.0000,0,False,False,P,False,68.2,13.76,110150,42.77409,82.35,0.866,11.12,89.0,43.0,0.0
1788105166.6,0.00,703.0,0,0.260,0.000,0.0000,0,False,False,P,False,68.2,13.76,110150,42.77409,82.75,0.887,11.12,89.0,44.0,0.0
1788105166.8,0.00,700.8,0,0.260,0.000,0.0000,0,False,False,P,False,68.2,13.76,110150,42.77409,82.75,0.646,11.12,89.0,42.0,0.0
1788105167.0,0.00,710.5,0,0.260,0.000,0.0000,0,False,False,P,False,68.2,13.76,110150,42.77409,82.35,0.646,11.12,89.0,40.0,0.0
1788105167.3,0.00,752.5,0,0.260,0.000,0.0000,0,False,False,P,False,68.2,13.76,110150,42.77409,82.35,0.639,11.12,89.0,39.0,0.0
1788105167.5,0.00,750.5,0,0.260,0.000,0.0000,0,False,False,P,False,68.2,13.76,110150,42.77409,82.75,0.611,11.12,89.0,37.0,0.0
1788105167.7,0.00,745.0,0,0.260,0.000,0.0000,0,False,False,P,False,68.2,13.76,110150,42.77409,82.75,0.622,11.12,89.0,35.0,0.0
1788105167.9,0.00,737.5,0,0.260,0.000,0.0000,0,False,False,P,False,68.2,13.76,110150,42.77409,82.75,0.622,11.12,89.0,34.0,0.0
1788105168.1,0.00,728.5,0,0.260,0.000,0.0000,0,False,False,P,False,68.2,13.76,110150,42.77409,82.35,0.604,11.12,89.0,33.0,0.0
1788105168.3,0.00,725.0,0,0.260,0.000,0.0000,0,False,False,P,False,68.2,13.76,110150,42.77409,82.35,0.629,11.12,89.0,32.0,0.0
1788105168.5,0.00,715.8,0,0.260,0.000,0.0000,0,False,False,P,False,68.2,13.76,110150,42.77409,82.75,0.629,11.12,89.0,32.0,0.0
1788105168.7,0.00,709.0,0,0.260,0.000,0.0000,0,False,False,P,False,68.2,13.76,110150,42.77409,82.35,0.622,11.12,89.0,32.0,0.0
1788105168.9,0.00,708.8,0,0.260,0.000,0.0000,0,False,False,P,False,68.2,13.76,110150,42.77409,82.35,0.622,11.12,89.0,32.0,0.0
1788105169.1,0.00,710.5,0,0.260,0.000,0.0000,0,False,False,P,False,68.2,13.76,110150,42.77409,82.75,0.622,11.12,89.0,32.0,0.0
1788105169.3,0.00,714.8,0,0.260,0.000,0.0000,0,False,False,P,False,68.2,13.76,110150,42.77409,82.75,0.629,11.12,89.0,32.0,0.0
1788105169.5,0.00,710.8,0,0.260,0.000,0.0000,0,False,False,P,False,68.2,13.76,110150,42.77409,82.35,0.622,11.12,89.0,32.0,0.0
1788105169.7,0.00,713.8,0,0.260,0.000,0.0000,0,False,False,P,False,68.2,13.78,110150,42.77409,82.75,0.622,11.12,89.0,32.0,0.0
1788105169.9,0.00,714.5,0,0.260,0.000,0.0000,0,False,False,P,False,68.2,13.78,110150,42.77409,82.75,0.629,11.12,89.0,32.0,0.0
1788105170.1,0.00,715.0,0,0.260,0.000,0.0000,0,False,False,P,False,68.2,13.78,110150,42.77409,82.35,0.629,11.12,89.0,32.0,0.0
1788105170.3,0.00,719.8,0,0.260,0.000,0.0000,0,False,False,P,False,68.2,13.78,110150,42.77409,82.35,0.629,11.12,89.0,32.0,0.0
1788105170.5,0.00,719.8,0,0.260,0.000,0.0000,0,False,False,P,False,68.2,13.78,110150,42.77409,82.35,0.611,11.12,89.0,32.0,0.0
1788105170.7,0.00,720.0,0,0.260,0.000,0.0000,0,False,False,P,False,68.2,13.78,110150,42.77409,82.35,0.629,11.12,89.0,32.0,0.0
1788105170.9,0.00,718.0,0,0.260,0.000,0.0000,0,False,False,P,False,68.2,13.78,110150,42.77409,82.75,0.622,11.12,89.0,32.0,0.0
1788105171.1,0.00,715.5,0,0.260,0.000,0.0000,0,False,False,P,False,68.2,13.78,110150,42.77409,82.75,0.611,11.12,89.0,32.0,0.0
1788105171.3,0.00,715.2,0,0.260,0.000,0.0000,0,False,False,P,False,68.2,13.78,110150,42.77409,82.35,0.604,11.12,89.0,32.0,0.0
1788105171.5,0.00,712.5,0,0.260,0.000,0.0000,0,False,False,P,False,68.2,13.78,110150,42.77409,82.75,0.611,11.12,89.0,32.0,0.0
1788105171.7,0.00,712.2,0,0.260,0.000,0.0000,0,False,False,P,False,68.2,13.78,110150,42.77409,82.75,0.611,11.12,89.0,32.0,0.0
1788105171.9,0.00,709.8,0,0.260,0.000,0.0000,0,False,False,P,False,68.2,13.78,110150,42.77409,82.75,0.611,11.12,89.0,32.0,0.0
1788105172.1,0.00,709.0,0,0.260,0.000,0.0000,0,False,False,P,False,68.2,13.78,110150,42.77409,82.35,0.611,11.12,89.0,32.0,0.0
1788105172.3,0.00,705.5,0,0.260,0.000,0.0000,0,False,False,P,False,68.2,13.78,110150,42.77409,82.35,0.604,11.12,89.0,32.0,0.0
1788105172.5,0.00,708.8,0,0.260,0.000,0.0000,0,False,False,P,False,68.2,13.78,110150,42.77409,82.35,0.611,11.12,89.0,32.0,0.0
1788105172.7,0.00,704.2,0,0.260,0.000,0.0000,0,False,False,P,False,68.2,13.77,110150,42.77409,82.75,0.622,11.12,89.0,32.0,0.0
1788105173.0,0.00,707.2,0,0.260,0.000,0.0000,0,False,False,P,False,68.2,13.77,110150,42.77409,82.75,0.622,11.12,89.0,32.0,0.0
1788105173.2,0.00,707.5,0,0.260,0.000,0.0000,0,False,False,P,False,68.2,13.77,110150,42.77409,82.35,0.597,11.12,89.0,32.0,0.0
1788105173.4,0.00,705.0,0,0.260,0.000,0.0000,0,False,False,P,False,68.2,13.77,110150,42.77409,82.75,0.622,11.12,89.0,32.0,0.0
1788105173.6,0.00,706.5,0,0.260,0.000,0.0000,0,False,False,P,False,68.2,13.77,110150,42.77409,82.35,0.604,11.12,89.0,32.0,0.0
1788105173.8,0.00,708.8,0,0.260,0.000,0.0000,0,False,False,P,False,68.2,13.77,110150,42.77409,82.35,0.604,11.12,89.0,32.0,0.0
1788105174.0,0.00,711.0,0,0.260,0.000,0.0000,0,False,False,P,False,68.2,13.77,110150,42.77409,82.35,0.611,11.12,89.0,32.0,0.0
1788105174.2,0.00,712.2,0,0.260,0.000,0.0000,0,False,False,P,False,68.2,13.77,110150,42.77409,82.35,0.611,11.12,89.0,32.0,0.0
1788105174.4,0.00,712.0,0,0.260,0.000,0.0000,0,False,False,P,False,68.2,13.77,110150,42.77409,82.35,0.611,11.12,89.0,32.0,0.0
1788105174.6,0.00,712.2,0,0.260,0.000,0.0000,0,False,False,P,False,68.2,13.77,110150,42.77409,82.35,0.604,11.12,89.0,32.0,0.0
1788105174.8,0.00,714.0,0,0.260,0.000,0.0000,0,False,False,P,False,68.2,13.77,110150,42.77409,82.35,1.167,11.12,89.0,32.0,0.0
1788105175.0,0.00,764.0,0,0.260,0.000,0.0000,0,False,False,P,False,68.2,13.77,110150,42.77409,82.75,0.866,11.12,89.0,37.0,0.0
1788105175.2,0.00,768.5,0,0.260,0.000,0.0000,0,False,False,P,False,68.2,13.81,110150,42.77409,82.35,0.835,11.12,89.0,38.0,0.0
1788105175.4,0.00,743.2,0,0.260,0.000,0.0000,0,False,False,P,False,68.2,13.81,110150,42.77409,82.35,0.835,11.12,89.0,40.0,0.0
1788105175.6,0.00,740.5,0,0.260,0.000,0.0000,0,False,False,P,False,68.2,13.81,110150,42.77409,82.75,1.024,11.12,89.0,40.0,0.0
1788105175.8,0.00,729.5,0,0.260,0.000,0.0000,0,False,False,P,False,68.2,13.33,110150,42.77409,82.75,0.978,11.12,89.0,42.0,0.0
1788105176.0,0.00,730.0,0,0.260,0.000,0.0000,0,False,False,P,False,68.2,13.33,110150,42.77409,82.35,0.978,11.12,89.0,43.0,0.0
1788105176.2,0.00,731.8,0,0.260,0.000,0.0000,0,False,False,P,False,68.2,13.33,110150,42.77409,82.35,0.877,11.12,89.0,43.0,0.0
1788105176.4,0.00,729.0,0,0.260,0.000,0.0000,0,False,False,P,False,68.2,13.33,110150,42.77409,82.35,0.898,11.12,89.0,43.0,0.0
1788105176.6,0.00,720.0,0,0.260,0.000,0.0000,0,False,False,P,False,68.2,13.33,110150,42.77409,82.75,0.898,11.12,89.0,43.0,0.0
1788105176.8,0.00,718.8,0,0.260,0.000,0.0000,0,False,False,P,False,68.2,13.33,110150,42.77409,82.35,0.922,11.12,89.0,43.0,0.0
1788105177.0,0.00,714.5,0,0.260,0.000,0.0000,0,False,False,P,False,68.2,13.33,110150,42.77409,82.75,0.933,11.12,89.0,44.0,0.0
1788105177.2,0.00,712.8,0,0.260,0.000,0.0000,0,False,False,P,False,68.2,13.33,110150,42.77409,82.35,0.933,11.12,89.0,44.0,0.0
1788105177.4,0.00,711.5,0,0.260,0.000,0.0000,0,False,False,P,False,68.2,13.33,110150,42.77409,82.75,0.908,11.12,89.0,44.0,0.0
1788105177.6,0.00,711.5,0,0.260,0.000,0.0000,0,False,False,P,False,68.2,13.33,110150,42.77409,82.75,0.943,11.12,89.0,45.0,0.0
1788105177.8,0.00,714.5,0,0.260,0.000,0.0000,0,False,False,P,False,68.2,13.33,110150,42.77409,82.75,0.954,11.12,89.0,45.0,0.0
1788105178.0,0.00,721.5,0,0.260,0.000,0.0000,0,False,False,P,False,68.2,13.33,110150,42.77409,82.75,0.954,11.12,89.0,45.0,0.0
1788105178.2,0.00,729.2,0,0.260,0.000,0.0000,0,False,False,P,False,68.2,13.71,110150,42.77409,82.35,0.933,11.12,89.0,45.0,0.0
1788105178.4,0.00,740.8,0,0.260,0.000,0.0000,0,False,False,P,False,68.2,13.71,110150,42.77409,82.75,0.877,11.12,89.0,45.0,0.0
1788105178.6,0.00,739.8,0,0.260,0.000,0.0000,0,False,False,P,False,68.2,13.71,110150,42.77409,82.75,0.877,11.12,89.0,44.0,0.0
1788105178.9,0.00,734.8,0,0.260,0.000,0.0000,0,False,False,P,False,68.2,13.77,110150,42.77409,82.35,0.887,11.12,89.0,43.0,0.0
1788105179.1,0.00,728.8,0,0.260,0.000,0.0000,0,False,False,P,False,68.2,13.77,110150,42.77409,82.75,0.887,11.12,89.0,43.0,0.0
1788105179.3,0.00,720.5,0,0.260,0.000,0.0000,0,False,False,P,False,68.2,13.77,110150,42.77409,82.75,0.877,11.12,89.0,43.0,0.0
1788105179.5,0.00,713.2,0,0.260,0.000,0.0000,0,False,False,P,False,68.2,13.77,110150,42.77409,82.35,0.877,11.11,89.0,43.0,0.0
1788105179.7,0.00,705.0,0,0.260,0.000,0.0000,0,False,False,P,False,68.2,13.77,110150,42.77409,82.35,0.933,11.11,89.0,43.0,0.0
1788105179.9,0.00,702.8,0,0.260,0.000,0.0000,0,False,False,P,False,68.2,13.77,110150,42.77409,82.75,0.898,11.11,89.0,43.0,0.0
1788105180.1,0.00,697.8,0,0.260,0.000,0.0000,0,False,False,P,False,68.2,13.77,110150,42.77409,82.75,0.898,11.11,89.0,43.0,0.0
1788105180.3,0.00,697.8,0,0.260,0.000,0.0000,0,False,False,P,False,68.2,13.77,110150,42.77409,82.35,0.887,11.11,89.0,44.0,0.0
1788105180.5,0.00,700.5,0,0.260,0.000,0.0000,0,False,False,P,False,68.2,13.77,110150,42.77409,82.35,0.877,11.11,89.0,44.0,0.0
1788105180.7,0.00,707.0,0,0.260,0.000,0.0000,0,False,False,P,False,68.2,13.77,110150,42.77409,81.96,0.866,11.11,89.0,44.0,0.0
1788105180.9,0.00,711.8,0,0.260,0.000,0.0000,0,False,False,P,False,68.2,13.77,110150,42.77409,82.75,0.856,11.11,89.0,44.0,0.0
1788105181.1,0.00,715.0,0,0.260,0.000,0.0000,0,False,False,P,False,68.2,13.77,110150,42.77409,82.75,0.877,11.11,89.0,44.0,0.0
1788105181.3,0.00,715.0,0,0.260,0.000,0.0000,0,False,False,P,False,68.2,13.77,110150,42.77409,82.75,0.877,11.11,89.0,43.0,0.0
1788105181.5,0.00,712.0,0,0.260,0.000,0.0000,0,False,False,P,False,68.2,13.77,110150,42.77409,82.35,0.866,11.11,89.0,43.0,0.0
1788105181.7,0.00,710.2,0,0.260,0.000,0.0000,0,False,False,P,False,68.2,13.77,110150,42.77409,82.35,0.898,11.11,89.0,43.0,0.0
1788105181.9,0.00,707.2,0,0.260,0.000,0.0000,0,False,False,P,False,68.2,13.77,110150,42.77409,82.35,0.866,11.11,89.0,43.0,0.0
1788105182.1,0.00,704.8,0,0.260,0.000,0.0000,0,False,False,P,False,68.2,13.74,110150,42.77409,82.75,0.877,11.11,89.0,43.0,0.0
1788105182.3,0.00,701.8,0,0.260,0.000,0.0000,0,False,False,P,False,68.2,13.74,110150,42.77409,82.75,0.877,11.11,89.0,43.0,0.0
1788105182.5,0.00,701.0,0,0.260,0.000,0.0000,0,False,False,P,False,68.2,13.74,110150,42.77409,82.35,0.866,11.11,89.0,43.0,0.0
1788105182.7,0.00,699.8,0,0.260,0.000,0.0000,0,False,False,P,False,68.2,13.74,110150,42.77409,82.75,0.898,11.11,89.0,44.0,0.0
1788105182.9,0.00,701.5,0,0.260,0.000,0.0000,0,False,False,P,False,68.2,13.74,110150,42.77409,82.75,0.866,11.11,89.0,44.0,0.0
1788105183.1,0.00,703.2,0,0.260,0.000,0.0000,0,False,False,P,False,68.2,13.74,110150,42.77409,82.75,0.856,11.11,89.0,43.0,0.0
1788105183.3,0.00,705.2,0,0.260,0.000,0.0000,0,False,False,P,False,68.2,13.74,110150,42.77409,82.35,0.877,11.11,89.0,43.0,0.0
1788105183.5,0.00,705.8,0,0.260,0.000,0.0000,0,False,False,P,False,68.2,13.74,110150,42.77409,82.75,0.887,11.11,89.0,43.0,0.0
1788105183.7,0.00,705.2,0,0.260,0.000,0.0000,0,False,False,P,False,68.2,13.74,110150,42.77409,82.35,0.887,11.11,89.0,43.0,0.0
1788105183.9,0.00,703.5,0,0.260,0.000,0.0000,0,False,False,P,False,68.2,13.74,110150,42.77409,82.75,0.877,11.11,89.0,43.0,0.0
1788105184.1,0.00,703.5,0,0.260,0.000,0.0000,0,False,False,P,False,68.2,13.74,110150,42.77409,82.75,0.877,11.11,89.0,43.0,0.0
1788105184.3,0.00,703.8,0,0.260,0.000,0.0000,0,False,False,P,False,68.2,13.74,110150,42.77409,82.75,0.877,11.11,89.0,43.0,0.0
1788105184.5,0.00,704.8,0,0.260,0.000,0.0000,0,False,False,P,False,68.2,13.74,110150,42.77409,82.75,0.856,11.11,89.0,43.0,0.0
1788105184.8,0.00,704.5,0,0.260,0.000,0.0000,0,False,False,P,False,68.2,13.74,110150,42.77409,82.35,0.887,11.11,89.0,43.0,0.0
1788105185.0,0.00,702.8,0,0.260,0.000,0.0000,0,False,False,P,False,68.2,13.74,110150,42.77409,82.35,0.856,11.11,89.0,43.0,0.0
1788105185.2,0.00,699.5,0,0.260,0.000,0.0000,0,False,False,P,False,68.2,13.74,110150,42.77409,82.75,0.898,11.11,89.0,43.0,0.0
1788105185.4,0.00,700.2,0,0.260,0.000,0.0000,0,False,False,P,False,68.2,13.74,110150,42.77409,82.35,0.866,11.11,89.0,43.0,0.0
1788105185.6,0.00,699.8,0,0.260,0.000,0.0000,0,False,False,P,False,68.2,13.74,110150,42.77409,82.35,0.887,11.11,89.0,43.0,0.0
1788105185.8,0.00,698.8,0,0.260,0.000,0.0000,0,False,False,P,False,68.2,13.74,110150,42.77409,82.35,0.866,11.11,89.0,43.0,0.0
1788105186.0,0.00,698.8,0,0.260,0.000,0.0000,0,False,False,P,False,68.2,13.74,110150,42.77409,82.75,0.846,11.11,89.0,43.0,0.0
1788105186.2,0.00,696.2,0,0.260,0.000,0.0000,0,False,False,P,False,68.2,13.74,110150,42.77409,82.75,0.866,11.11,89.0,43.0,0.0
1788105186.4,0.00,698.0,0,0.260,0.000,0.0000,0,False,False,P,False,68.2,13.74,110150,42.77409,82.75,0.866,11.11,89.0,43.0,0.0
1788105186.6,0.00,700.2,0,0.260,0.000,0.0000,0,False,False,P,False,68.2,13.74,110150,42.77409,82.35,0.898,11.11,89.0,44.0,0.0
1788105186.8,0.00,701.8,0,0.260,0.000,0.0000,0,False,False,P,False,68.2,13.74,110150,42.77409,82.75,0.856,11.11,89.0,43.0,0.0
1788105187.0,0.00,702.8,0,0.260,0.000,0.0000,0,False,False,P,False,68.2,13.74,110150,42.77409,82.75,0.866,11.11,89.0,43.0,0.0
1788105187.2,0.00,704.0,0,0.260,0.000,0.0000,0,False,False,P,False,68.2,13.74,110150,42.77409,82.75,0.887,11.11,89.0,43.0,0.0
1788105187.4,0.00,704.2,0,0.260,0.000,0.0000,0,False,False,P,False,68.2,13.74,110150,42.77409,82.35,0.887,11.11,89.0,43.0,0.0
1788105187.6,0.00,705.2,0,0.260,0.000,0.0000,0,False,False,P,False,68.2,13.74,110150,42.77409,82.75,0.856,11.11,89.0,43.0,0.0
1788105187.8,0.00,705.8,0,0.260,0.000,0.0000,0,False,False,P,False,68.2,13.74,110150,42.77409,82.75,0.887,11.11,89.0,43.0,0.0
1788105188.0,0.00,704.5,0,0.260,0.000,0.0000,0,False,False,P,False,68.2,13.74,110150,42.77409,82.75,0.866,11.11,89.0,43.0,0.0
1788105188.2,0.00,701.8,0,0.260,0.000,0.0000,0,False,False,P,False,68.2,13.76,110150,42.77409,82.75,0.856,11.11,89.0,43.0,0.0
1788105188.4,0.00,698.2,0,0.260,0.000,0.0000,0,False,False,P,False,68.2,13.76,110150,42.77409,82.35,0.877,11.11,89.0,43.0,0.0
1788105188.6,0.00,696.0,0,0.260,0.000,0.0000,0,False,False,P,False,68.2,13.76,110150,42.77409,82.75,0.898,11.11,89.0,43.0,0.0
1788105188.8,0.00,697.5,0,0.260,0.000,0.0000,0,False,False,P,False,68.2,13.76,110150,42.77409,82.75,0.866,11.11,89.0,43.0,0.0
1788105189.0,0.00,698.5,0,0.260,0.000,0.0000,0,False,False,P,False,68.2,13.76,110150,42.77409,82.75,0.866,11.11,89.0,44.0,0.0
1788105189.2,0.00,698.5,0,0.260,0.000,0.0000,0,False,False,P,False,68.2,13.76,110150,42.77409,82.35,0.877,11.11,89.0,44.0,0.0
1788105189.4,0.00,700.5,0,0.260,0.000,0.0000,0,False,False,P,False,68.2,13.76,110150,42.77409,82.75,0.877,11.11,89.0,44.0,0.0
1788105189.6,0.00,700.2,0,0.260,0.000,0.0000,0,False,False,P,False,68.2,13.76,110150,42.77409,82.35,0.866,11.11,89.0,44.0,0.0
1788105189.8,0.00,702.2,0,0.260,0.000,0.0000,0,False,False,P,False,68.2,13.76,110150,42.77409,82.35,0.877,11.11,89.0,44.0,0.0
1788105190.0,0.00,706.8,0,0.260,0.000,0.0000,0,False,False,P,False,68.2,13.75,110150,42.77409,82.75,0.877,11.11,89.0,43.0,0.0
1788105190.2,0.00,706.0,0,0.260,0.000,0.0000,0,False,False,P,False,68.2,13.75,110150,42.77409,82.75,0.856,11.11,89.0,43.0,0.0
1788105190.4,0.00,704.8,0,0.260,0.000,0.0000,0,False,False,P,False,68.2,13.75,110150,42.77409,82.35,0.856,11.11,89.0,43.0,0.0
1788105190.6,0.00,701.2,0,0.260,0.000,0.0000,0,False,False,P,False,68.2,13.75,110150,42.77409,82.35,0.671,11.11,89.0,42.0,0.0
1788105190.9,0.00,704.2,0,0.260,0.000,0.0000,0,False,False,P,False,68.2,13.75,110150,42.77409,82.35,0.646,11.11,89.0,40.0,0.0
1788105191.1,0.00,750.5,0,0.260,0.000,0.0000,0,False,False,P,False,68.2,13.75,110150,42.77409,82.75,0.629,11.11,89.0,38.0,0.0
1788105191.3,0.00,750.2,0,0.260,0.000,0.0000,0,False,False,P,False,68.2,13.85,110150,42.77409,82.35,0.629,11.11,89.0,37.0,0.0
1788105191.5,0.00,742.5,0,0.260,0.000,0.0000,0,False,False,P,False,68.2,13.85,110150,42.77409,82.75,0.604,11.11,89.0,35.0,0.0
1788105191.7,0.00,742.5,0,0.260,0.000,0.0000,0,False,False,P,False,68.2,13.85,110150,42.77409,82.35,0.580,11.11,89.0,34.0,0.0
1788105191.9,0.00,731.0,0,0.260,0.000,0.0000,0,False,False,P,False,68.2,13.85,110150,42.77409,82.35,0.604,11.11,89.0,33.0,0.0
1788105192.1,0.00,719.8,0,0.260,0.000,0.0000,0,False,False,P,False,68.2,13.85,110150,42.77409,82.75,0.604,11.11,89.0,32.0,0.0
1788105192.3,0.00,714.5,0,0.260,0.000,0.0000,0,False,False,P,False,68.2,13.85,110150,42.77409,82.35,0.604,11.11,89.0,32.0,0.0
1788105192.5,0.00,711.0,0,0.260,0.000,0.0000,0,False,False,P,False,68.2,13.85,110150,42.77409,82.75,0.622,11.11,89.0,32.0,0.0
1788105192.7,0.00,710.5,0,0.260,0.000,0.0000,0,False,False,P,False,68.2,13.85,110150,42.77409,82.35,0.622,11.11,89.0,32.0,0.0
1788105192.9,0.00,707.5,0,0.260,0.000,0.0000,0,False,False,P,False,68.2,13.85,110150,42.77409,82.75,0.611,11.11,89.0,32.0,0.0
1788105193.1,0.00,710.8,0,0.260,0.000,0.0000,0,False,False,P,False,68.2,13.85,110150,42.77409,82.75,0.622,11.11,89.0,32.0,0.0
1788105193.3,0.00,713.2,0,0.260,0.000,0.0000,0,False,False,P,False,68.2,13.85,110150,42.77409,82.75,0.622,11.11,89.0,32.0,0.0
1788105193.5,0.00,717.2,0,0.260,0.000,0.0000,0,False,False,P,False,68.2,13.85,110150,42.77409,82.35,0.604,11.11,89.0,32.0,0.0
1788105193.7,0.00,713.8,0,0.260,0.000,0.0000,0,False,False,P,False,68.2,13.85,110150,42.77409,82.75,0.597,11.11,89.0,32.0,0.0
1788105193.9,0.00,712.5,0,0.260,0.000,0.0000,0,False,False,P,False,68.2,13.85,110150,42.77409,82.35,0.629,11.11,89.0,32.0,0.0
1788105194.1,0.00,711.0,0,0.260,0.000,0.0000,0,False,False,P,False,68.2,13.85,110150,42.77409,82.35,0.629,11.11,89.0,32.0,0.0
1788105194.3,0.00,715.8,0,0.260,0.000,0.0000,0,False,False,P,False,68.2,13.85,110150,42.77409,82.75,0.604,11.11,89.0,32.0,0.0
1788105194.5,0.00,715.5,0,0.260,0.000,0.0000,0,False,False,P,False,68.2,13.76,110150,42.77409,82.75,0.611,11.11,89.0,32.0,0.0
1788105194.7,0.00,716.0,0,0.260,0.000,0.0000,0,False,False,P,False,68.2,13.76,110150,42.77409,82.35,0.611,11.10,89.0,32.0,0.0
1788105194.9,0.00,714.5,0,0.260,0.000,0.0000,0,False,False,P,False,68.2,13.76,110150,42.77409,82.75,0.622,11.10,89.0,31.0,0.0
1788105195.1,0.00,710.2,0,0.260,0.000,0.0000,0,False,False,P,False,68.2,13.76,110150,42.77409,82.75,0.604,11.10,89.0,32.0,0.0
1788105195.3,0.00,710.8,0,0.260,0.000,0.0000,0,False,False,P,False,68.2,13.76,110150,42.77409,82.75,0.604,11.10,89.0,31.0,0.0
1788105195.5,0.00,708.0,0,0.260,0.000,0.0000,0,False,False,P,False,68.2,13.76,110150,42.77409,82.75,0.604,11.10,89.0,32.0,0.0
1788105195.7,0.00,704.0,0,0.260,0.000,0.0000,0,False,False,P,False,68.2,13.76,110150,42.77409,82.35,0.604,11.10,89.0,32.0,0.0
1788105195.9,0.00,706.0,0,0.260,0.000,0.0000,0,False,False,P,False,68.2,13.76,110150,42.77409,82.75,0.604,11.10,89.0,32.0,0.0
1788105196.1,0.00,702.5,0,0.260,0.000,0.0000,0,False,False,P,False,68.2,13.77,110150,42.77409,82.35,0.604,11.10,89.0,32.0,0.0
1788105196.3,0.00,706.5,0,0.260,0.000,0.0000,0,False,False,P,False,68.2,13.77,110150,42.77409,82.75,0.611,11.10,89.0,32.0,0.0
1788105196.6,0.00,709.0,0,0.260,0.000,0.0000,0,False,False,P,False,68.2,13.77,110150,42.77409,82.75,0.622,11.10,89.0,32.0,0.0
1788105196.8,0.00,708.2,0,0.260,0.000,0.0000,0,False,False,P,False,68.2,13.77,110150,42.77409,82.75,0.597,11.10,89.0,32.0,0.0
1788105197.0,0.00,705.8,0,0.260,0.000,0.0000,0,False,False,P,False,68.2,13.77,110150,42.77409,82.75,0.604,11.10,89.0,32.0,0.0
1788105197.2,0.00,713.8,0,0.260,0.000,0.0000,0,False,False,P,False,68.2,13.77,110150,42.77409,82.35,0.622,11.10,89.0,32.0,0.0
1788105197.4,0.00,712.2,0,0.260,0.000,0.0000,0,False,False,P,False,68.2,13.77,110150,42.77409,82.75,0.611,11.10,89.0,32.0,0.0
1788105197.6,0.00,714.2,0,0.260,0.000,0.0000,0,False,False,P,False,68.2,13.77,110150,42.77409,82.35,0.604,11.10,89.0,32.0,0.0
1788105197.8,0.00,713.2,0,0.260,0.000,0.0000,0,False,False,P,False,68.2,13.77,110150,42.77409,82.75,0.604,11.10,89.0,32.0,0.0
1788105198.0,0.00,709.2,0,0.260,0.000,0.0000,0,False,False,P,False,68.2,13.77,110150,42.77409,82.75,0.622,11.10,89.0,32.0,0.0
1788105198.2,0.00,714.0,0,0.260,0.000,0.0000,0,False,False,P,False,68.2,13.76,110150,42.77409,82.75,0.611,11.10,89.0,31.0,0.0
1788105198.4,0.00,713.8,0,0.260,0.000,0.0000,0,False,False,P,False,68.2,13.76,110150,42.77409,82.35,0.604,11.10,89.0,31.0,0.0
1788105198.6,0.00,716.0,0,0.260,0.000,0.0000,0,False,False,P,False,68.2,13.76,110150,42.77409,82.35,0.611,11.10,89.0,31.0,0.0
1788105198.8,0.00,729.0,0,0.260,0.000,0.0000,0,False,False,P,False,68.2,13.76,110150,42.77409,82.75,0.999,11.10,89.0,32.0,0.0
1788105199.0,0.00,769.5,0,0.260,0.000,0.0000,0,False,False,P,False,68.2,13.76,110150,42.77409,82.75,0.835,11.10,89.0,37.0,0.0
1788105199.2,0.00,731.5,0,0.260,0.000,0.0000,0,False,False,P,False,68.2,13.76,110150,42.77409,82.75,0.846,11.10,89.0,39.0,0.0
1788105199.4,0.00,736.2,0,0.260,0.000,0.0000,0,False,False,P,False,68.2,13.76,110150,42.77409,82.75,0.846,11.10,89.0,40.0,0.0
1788105199.6,0.00,729.2,0,0.260,0.000,0.0000,0,False,False,P,False,68.2,13.76,110150,42.77409,82.35,1.010,11.10,89.0,41.0,0.0
1788105199.8,0.00,726.2,0,0.260,0.000,0.0000,0,False,False,P,False,68.2,13.76,110150,42.77409,82.75,0.908,11.10,89.0,41.0,0.0
1788105200.0,0.00,730.5,0,0.260,0.000,0.0000,0,False,False,P,False,68.2,13.76,110150,42.77409,82.75,0.943,11.10,89.0,43.0,0.0
1788105200.2,0.00,732.2,0,0.260,0.000,0.0000,0,False,False,P,False,68.2,13.76,110150,42.77409,82.75,0.887,11.10,89.0,43.0,0.0
1788105200.4,0.00,728.2,0,0.260,0.000,0.0000,0,False,False,P,False,68.2,13.76,110150,42.77409,82.35,0.922,11.10,89.0,43.0,0.0
1788105200.6,0.00,722.5,0,0.260,0.000,0.0000,0,False,False,P,False,68.2,13.32,110150,42.77409,82.75,0.908,11.10,89.0,43.0,0.0
1788105200.8,0.00,718.5,0,0.260,0.000,0.0000,0,False,False,P,False,68.2,13.32,110150,42.77409,82.75,0.898,11.10,89.0,43.0,0.0
1788105201.0,0.00,716.5,0,0.260,0.000,0.0000,0,False,False,P,False,68.2,13.32,110150,42.77409,82.75,0.954,11.10,89.0,43.0,0.0
1788105201.2,0.00,716.0,0,0.260,0.000,0.0000,0,False,False,P,False,68.2,13.32,110150,42.77409,82.75,0.943,11.10,89.0,44.0,0.0
1788105201.4,0.00,719.2,0,0.260,0.000,0.0000,0,False,False,P,False,68.2,13.32,110150,42.77409,82.75,0.943,11.10,89.0,45.0,0.0
1788105201.6,0.00,720.8,0,0.260,0.000,0.0000,0,False,False,P,False,68.2,13.32,110150,42.77409,82.35,0.954,11.10,89.0,45.0,0.0
1788105201.8,0.00,724.8,0,0.260,0.000,0.0000,0,False,False,P,False,68.2,13.32,110150,42.77409,82.35,0.954,11.10,89.0,45.0,0.0
1788105202.0,0.00,731.0,0,0.260,0.000,0.0000,0,False,False,P,False,68.2,13.32,110150,42.77409,82.35,0.954,11.10,89.0,45.0,0.0
1788105202.2,0.00,740.8,0,0.260,0.000,0.0000,0,False,False,P,False,68.2,13.80,110150,42.77409,82.35,0.908,11.10,89.0,45.0,0.0
1788105202.4,0.00,740.5,0,0.260,0.000,0.0000,0,False,False,P,False,68.2,13.80,110150,42.77409,82.35,0.887,11.10,89.0,44.0,0.0
1788105202.7,0.00,736.0,0,0.260,0.000,0.0000,0,False,False,P,False,68.2,13.80,110150,42.77409,82.75,0.898,11.10,89.0,43.0,0.0
1788105202.9,0.00,730.5,0,0.260,0.000,0.0000,0,False,False,P,False,68.2,13.80,110150,42.77409,82.35,0.908,11.10,89.0,43.0,0.0
1788105203.1,0.00,725.8,0,0.260,0.000,0.0000,0,False,False,P,False,68.2,13.80,110150,42.77409,82.75,0.908,11.10,89.0,43.0,0.0
1788105203.3,0.00,719.5,0,0.260,0.000,0.0000,0,False,False,P,False,68.2,13.80,110150,42.77409,82.75,0.877,11.10,89.0,43.0,0.0
1788105203.5,0.00,712.5,0,0.260,0.000,0.0000,0,False,False,P,False,68.2,13.80,110150,42.77409,82.35,0.887,11.10,89.0,43.0,0.0
1788105203.7,0.00,705.5,0,0.260,0.000,0.0000,0,False,False,P,False,68.2,13.74,110150,42.77409,82.35,0.887,11.10,89.0,43.0,0.0
1788105203.9,0.00,701.8,0,0.260,0.000,0.0000,0,False,False,P,False,68.2,13.74,110150,42.77409,82.75,0.898,11.10,89.0,43.0,0.0
1788105204.1,0.00,698.5,0,0.260,0.000,0.0000,0,False,False,P,False,68.2,13.74,110150,42.77409,82.75,0.887,11.10,89.0,43.0,0.0
1788105204.3,0.00,698.2,0,0.260,0.000,0.0000,0,False,False,P,False,68.2,13.74,110150,42.77409,82.35,0.877,11.10,89.0,44.0,0.0
1788105204.5,0.00,701.8,0,0.260,0.000,0.0000,0,False,False,P,False,68.2,13.74,110150,42.77409,82.75,0.877,11.10,89.0,44.0,0.0
1788105204.7,0.00,707.8,0,0.260,0.000,0.0000,0,False,False,P,False,68.2,13.74,110150,42.77409,82.75,0.856,11.10,89.0,44.0,0.0
1788105204.9,0.00,715.0,0,0.260,0.000,0.0000,0,False,False,P,False,68.2,13.74,110150,42.77409,82.35,0.908,11.10,89.0,44.0,0.0
1788105205.1,0.00,716.8,0,0.260,0.000,0.0000,0,False,False,P,False,68.2,13.74,110150,42.77409,82.75,0.887,11.10,89.0,44.0,0.0
1788105205.3,0.00,716.5,0,0.260,0.000,0.0000,0,False,False,P,False,68.2,13.74,110150,42.77409,82.75,0.898,11.10,89.0,43.0,0.0
1788105205.5,0.00,717.0,0,0.260,0.000,0.0000,0,False,False,P,False,68.2,13.74,110150,42.77409,82.75,0.877,11.10,89.0,43.0,0.0
1788105205.7,0.00,715.5,0,0.260,0.000,0.0000,0,False,False,P,False,68.2,13.74,110150,42.77409,82.75,0.877,11.10,89.0,43.0,0.0
1788105205.9,0.00,712.0,0,0.260,0.000,0.0000,0,False,False,P,False,68.2,13.74,110150,42.77409,82.75,0.877,11.10,89.0,43.0,0.0
1788105206.1,0.00,707.8,0,0.260,0.000,0.0000,0,False,False,P,False,68.2,13.74,110150,42.77409,82.35,0.922,11.10,89.0,43.0,0.0
1788105206.3,0.00,705.5,0,0.260,0.000,0.0000,0,False,False,P,False,68.2,13.74,110150,42.77409,82.75,0.877,11.10,89.0,43.0,0.0
1788105206.5,0.00,703.5,0,0.260,0.000,0.0000,0,False,False,P,False,68.2,13.74,110150,42.77409,82.75,0.898,11.10,89.0,43.0,0.0
1788105206.7,0.00,703.0,0,0.260,0.000,0.0000,0,False,False,P,False,68.2,13.74,110150,42.77409,82.35,0.898,11.10,89.0,43.0,0.0
1788105206.9,0.00,704.2,0,0.260,0.000,0.0000,0,False,False,P,False,68.2,13.77,110150,42.77409,82.35,0.877,11.10,89.0,44.0,0.0
1788105207.1,0.00,702.0,0,0.260,0.000,0.0000,0,False,False,P,False,68.2,13.77,110150,42.77409,82.75,0.877,11.10,89.0,43.0,0.0
1788105207.3,0.00,703.2,0,0.260,0.000,0.0000,0,False,False,P,False,68.2,13.77,110150,42.77409,82.35,0.877,11.10,89.0,44.0,0.0
1788105207.5,0.00,704.5,0,0.260,0.000,0.0000,0,False,False,P,False,68.2,13.77,110150,42.77409,82.75,0.877,11.10,89.0,44.0,0.0
1788105207.7,0.00,707.2,0,0.260,0.000,0.0000,0,False,False,P,False,68.2,13.77,110150,42.77409,82.75,0.866,11.10,89.0,43.0,0.0
1788105207.9,0.00,708.8,0,0.260,0.000,0.0000,0,False,False,P,False,68.2,13.77,110150,42.77409,82.75,0.877,11.10,89.0,43.0,0.0
1788105208.1,0.00,706.8,0,0.260,0.000,0.0000,0,False,False,P,False,68.2,13.77,110150,42.77409,82.35,0.887,11.10,89.0,43.0,0.0
1788105208.3,0.00,705.8,0,0.260,0.000,0.0000,0,False,False,P,False,68.2,13.77,110150,42.77409,82.35,0.887,11.10,89.0,43.0,0.0
1788105208.5,0.00,702.0,0,0.260,0.000,0.0000,0,False,False,P,False,68.2,13.77,110150,42.77409,81.96,0.866,11.10,89.0,43.0,0.0
1788105208.7,0.00,701.2,0,0.260,0.000,0.0000,0,False,False,P,False,68.2,13.77,110150,42.77409,82.75,0.856,11.10,89.0,43.0,0.0
1788105209.0,0.00,700.0,0,0.260,0.000,0.0000,0,False,False,P,False,68.2,13.77,110150,42.77409,82.75,0.887,11.10,89.0,43.0,0.0
1788105209.2,0.00,697.8,0,0.260,0.000,0.0000,0,False,False,P,False,68.2,13.77,110150,42.77409,82.75,0.877,11.10,89.0,43.0,0.0
1788105209.4,0.00,695.8,0,0.260,0.000,0.0000,0,False,False,P,False,68.2,13.77,110150,42.77409,82.35,0.877,11.10,89.0,44.0,0.0
1788105209.6,0.00,698.5,0,0.260,0.000,0.0000,0,False,False,P,False,68.2,13.77,110150,42.77409,82.35,0.887,11.10,89.0,44.0,0.0
1788105209.8,0.00,699.0,0,0.260,0.000,0.0000,0,False,False,P,False,68.2,13.77,110150,42.77409,82.75,0.856,11.10,89.0,44.0,0.0
1788105210.0,0.00,700.5,0,0.260,0.000,0.0000,0,False,False,P,False,68.2,13.75,110150,42.77409,82.35,0.887,11.09,89.0,44.0,0.0
1788105210.2,0.00,702.2,0,0.260,0.000,0.0000,0,False,False,P,False,68.2,13.75,110150,42.77409,82.35,0.877,11.09,89.0,44.0,0.0
1788105210.4,0.00,704.8,0,0.260,0.000,0.0000,0,False,False,P,False,68.2,13.75,110150,42.77409,82.75,0.877,11.09,89.0,43.0,0.0
1788105210.6,0.00,707.0,0,0.260,0.000,0.0000,0,False,False,P,False,68.2,13.75,110150,42.77409,82.75,0.898,11.09,89.0,43.0,0.0
1788105210.8,0.00,709.0,0,0.260,0.000,0.0000,0,False,False,P,False,68.2,13.75,110150,42.77409,82.35,0.866,11.09,89.0,43.0,0.0
1788105211.0,0.00,707.8,0,0.260,0.000,0.0000,0,False,False,P,False,68.2,13.75,110150,42.77409,82.35,0.877,11.09,89.0,43.0,0.0
1788105211.2,0.00,708.8,0,0.260,0.000,0.0000,0,False,False,P,False,68.2,13.75,110150,42.77409,82.35,0.877,11.09,89.0,43.0,0.0
1788105211.4,0.00,706.2,0,0.260,0.000,0.0000,0,False,False,P,False,68.2,13.75,110150,42.77409,82.35,0.898,11.09,89.0,43.0,0.0
1788105211.6,0.00,704.2,0,0.260,0.000,0.0000,0,False,False,P,False,68.2,13.75,110150,42.77409,82.35,0.887,11.09,89.0,43.0,0.0
1788105211.8,0.00,701.5,0,0.260,0.000,0.0000,0,False,False,P,False,68.2,13.75,110150,42.77409,82.35,0.877,11.09,89.0,43.0,0.0
1788105212.0,0.00,700.5,0,0.260,0.000,0.0000,0,False,False,P,False,68.2,13.75,110150,42.77409,82.75,0.866,11.09,89.0,43.0,0.0
1788105212.2,0.00,699.2,0,0.260,0.000,0.0000,0,False,False,P,False,68.2,13.75,110150,42.77409,82.35,0.887,11.09,89.0,43.0,0.0
1788105212.4,0.00,698.2,0,0.260,0.000,0.0000,0,False,False,P,False,68.2,13.75,110150,42.77409,82.75,0.887,11.09,89.0,43.0,0.0
1788105212.6,0.00,698.5,0,0.260,0.000,0.0000,0,False,False,P,False,68.2,13.75,110150,42.77409,82.75,0.866,11.09,89.0,43.0,0.0
1788105212.8,0.00,696.8,0,0.260,0.000,0.0000,0,False,False,P,False,68.2,13.75,110150,42.77409,82.75,0.866,11.09,89.0,44.0,0.0
1788105213.0,0.00,697.0,0,0.260,0.000,0.0000,0,False,False,P,False,68.2,13.76,110150,42.77409,82.75,0.877,11.09,89.0,44.0,0.0
1788105213.2,0.00,700.8,0,0.260,0.000,0.0000,0,False,False,P,False,68.2,13.76,110150,42.77409,82.35,0.866,11.09,89.0,44.0,0.0
1788105213.4,0.00,702.0,0,0.260,0.000,0.0000,0,False,False,P,False,68.2,13.76,110150,42.77409,82.35,0.898,11.09,89.0,44.0,0.0
1788105213.6,0.00,704.5,0,0.260,0.000,0.0000,0,False,False,P,False,68.2,13.76,110150,42.77409,82.75,0.856,11.09,89.0,44.0,0.0
1788105213.8,0.00,700.0,0,0.260,0.000,0.0000,0,False,False,P,False,68.2,13.76,110150,42.77409,82.75,0.856,11.09,89.0,43.0,0.0
1788105214.0,0.00,702.2,0,0.260,0.000,0.0000,0,False,False,P,False,68.2,13.76,110150,42.77409,82.35,0.922,11.09,89.0,43.0,0.0
1788105214.2,0.00,685.8,0,0.260,0.000,0.0000,0,False,False,P,False,68.2,13.76,110150,42.77409,82.35,0.653,11.09,89.0,42.0,0.0
1788105214.4,0.00,741.2,0,0.260,0.000,0.0000,0,False,False,P,False,68.2,13.76,110150,42.77409,82.35,0.629,11.09,89.0,40.0,0.0
1788105214.6,0.00,760.2,0,0.260,0.000,0.0000,0,False,False,P,False,68.2,13.76,110150,42.77409,82.75,0.629,11.09,89.0,38.0,0.0
1788105214.9,0.00,748.8,0,0.260,0.000,0.0000,0,False,False,P,False,68.2,13.76,110150,42.77409,82.75,0.629,11.09,89.0,36.0,0.0
1788105215.1,0.00,742.8,0,0.260,0.000,0.0000,0,False,False,P,False,68.2,13.89,110150,42.77409,82.75,0.646,11.09,89.0,34.0,0.0
1788105215.3,0.00,735.5,0,0.260,0.000,0.0000,0,False,False,P,False,68.2,13.89,110150,42.77409,82.35,0.556,11.09,89.0,33.0,0.0
1788105215.5,0.00,725.8,0,0.260,0.000,0.0000,0,False,False,P,False,68.2,13.89,110150,42.77409,82.75,0.604,11.09,89.0,33.0,0.0
1788105215.7,0.00,717.8,0,0.260,0.000,0.0000,0,False,False,P,False,68.2,13.89,110150,42.77409,82.75,0.604,11.09,89.0,33.0,0.0
1788105215.9,0.00,715.2,0,0.260,0.000,0.0000,0,False,False,P,False,68.2,13.89,110150,42.77409,82.35,0.611,11.09,89.0,32.0,0.0
1788105216.1,0.00,708.0,0,0.260,0.000,0.0000,0,False,False,P,False,68.2,13.72,110150,42.77409,82.35,0.629,11.09,89.0,32.0,0.0
1788105216.3,0.00,708.0,0,0.260,0.000,0.0000,0,False,False,P,False,68.2,13.72,110150,42.77409,82.75,0.622,11.09,89.0,32.0,0.0
1788105216.5,0.00,710.2,0,0.260,0.000,0.0000,0,False,False,P,False,68.2,13.72,110150,42.77409,82.35,0.622,11.09,89.0,32.0,0.0
1788105216.7,0.00,711.0,0,0.260,0.000,0.0000,0,False,False,P,False,68.2,13.72,110150,42.77409,82.35,0.622,11.09,89.0,32.0,0.0
1788105216.9,0.00,715.0,0,0.260,0.000,0.0000,0,False,False,P,False,68.2,13.72,110150,42.77409,82.35,0.622,11.09,89.0,32.0,0.0
1788105217.1,0.00,717.2,0,0.260,0.000,0.0000,0,False,False,P,False,68.2,13.72,110150,42.77409,82.75,0.622,11.09,89.0,32.0,0.0
1788105217.3,0.00,715.0,0,0.260,0.000,0.0000,0,False,False,P,False,68.2,13.72,110150,42.77409,82.75,0.604,11.09,89.0,32.0,0.0
1788105217.5,0.00,716.5,0,0.260,0.000,0.0000,0,False,False,P,False,68.2,13.72,110150,42.77409,82.35,0.611,11.09,89.0,32.0,0.0
1788105217.7,0.00,717.2,0,0.260,0.000,0.0000,0,False,False,P,False,68.2,13.72,110150,42.77409,82.75,0.611,11.09,89.0,32.0,0.0
1788105217.9,0.00,717.2,0,0.260,0.000,0.0000,0,False,False,P,False,68.2,13.72,110150,42.77409,82.75,0.611,11.09,89.0,32.0,0.0
1788105218.1,0.00,716.2,0,0.260,0.000,0.0000,0,False,False,P,False,68.2,13.72,110150,42.77409,82.35,0.622,11.09,89.0,32.0,0.0
1788105218.3,0.00,712.2,0,0.260,0.000,0.0000,0,False,False,P,False,68.2,13.72,110150,42.77409,82.35,0.611,11.09,89.0,31.0,0.0
1788105218.5,0.00,709.0,0,0.260,0.000,0.0000,0,False,False,P,False,68.2,13.72,110150,42.77409,82.35,0.622,11.09,89.0,32.0,0.0
1788105218.7,0.00,711.2,0,0.260,0.000,0.0000,0,False,False,P,False,68.2,13.72,110150,42.77409,82.35,0.611,11.09,89.0,32.0,0.0
1788105218.9,0.00,710.5,0,0.260,0.000,0.0000,0,False,False,P,False,68.2,13.72,110150,42.77409,82.35,0.611,11.09,89.0,32.0,0.0
1788105219.1,0.00,708.8,0,0.260,0.000,0.0000,0,False,False,P,False,68.2,13.77,110150,42.77409,81.96,0.604,11.09,89.0,32.0,0.0
1788105219.3,0.00,706.2,0,0.260,0.000,0.0000,0,False,False,P,False,68.2,13.77,110150,42.77409,82.35,0.611,11.09,89.0,32.0,0.0
1788105219.5,0.00,704.0,0,0.260,0.000,0.0000,0,False,False,P,False,68.2,13.77,110150,42.77409,82.35,0.597,11.09,89.0,32.0,0.0
1788105219.7,0.00,702.2,0,0.260,0.000,0.0000,0,False,False,P,False,68.2,13.77,110150,42.77409,82.35,0.597,11.09,89.0,32.0,0.0
1788105219.9,0.00,706.0,0,0.260,0.000,0.0000,0,False,False,P,False,68.2,13.77,110150,42.77409,82.35,0.622,11.09,89.0,32.0,0.0
1788105220.1,0.00,704.0,0,0.260,0.000,0.0000,0,False,False,P,False,68.2,13.77,110150,42.77409,82.35,0.611,11.09,89.0,32.0,0.0
1788105220.3,0.00,707.0,0,0.260,0.000,0.0000,0,False,False,P,False,68.2,13.77,110150,42.77409,82.35,0.597,11.09,89.0,32.0,0.0
1788105220.5,0.00,707.2,0,0.260,0.000,0.0000,0,False,False,P,False,68.2,13.77,110150,42.77409,82.35,0.622,11.09,89.0,32.0,0.0
1788105220.7,0.00,713.2,0,0.260,0.000,0.0000,0,False,False,P,False,68.2,13.77,110150,42.77409,82.35,0.604,11.09,89.0,32.0,0.0
1788105220.9,0.00,714.8,0,0.260,0.000,0.0000,0,False,False,P,False,68.2,13.77,110150,42.77409,82.35,0.604,11.09,89.0,32.0,0.0
1788105221.2,0.00,712.5,0,0.260,0.000,0.0000,0,False,False,P,False,68.2,13.76,110150,42.77409,82.35,0.604,11.09,89.0,31.0,0.0
1788105221.4,0.00,708.8,0,0.260,0.000,0.0000,0,False,False,P,False,68.2,13.76,110150,42.77409,82.75,0.597,11.09,89.0,32.0,0.0
1788105221.6,0.00,711.5,0,0.260,0.000,0.0000,0,False,False,P,False,68.2,13.76,110150,42.77409,82.35,0.611,11.09,89.0,31.0,0.0
1788105221.8,0.00,713.0,0,0.260,0.000,0.0000,0,False,False,P,False,68.2,13.76,110150,42.77409,82.75,0.611,11.09,89.0,32.0,0.0
1788105222.0,0.00,711.0,0,0.260,0.000,0.0000,0,False,False,P,False,68.2,13.76,110150,42.77409,82.35,0.611,11.09,89.0,31.0,0.0
1788105222.2,0.00,710.5,0,0.260,0.000,0.0000,0,False,False,P,False,68.2,13.76,110150,42.77409,82.35,0.611,11.09,89.0,31.0,0.0
1788105222.4,0.00,709.0,0,0.260,0.000,0.0000,0,False,False,P,False,68.2,13.78,110150,42.77409,82.35,1.709,11.09,89.0,32.0,0.0
1788105222.6,0.00,776.5,0,0.260,0.000,0.0000,0,False,False,P,False,68.2,13.78,110150,42.77409,82.75,0.887,11.09,89.0,37.0,0.0
1788105222.8,0.00,780.2,0,0.260,0.000,0.0000,0,False,False,P,False,68.2,13.78,110150,42.77409,82.75,0.804,11.09,89.0,39.0,0.0
1788105223.0,0.00,740.8,0,0.260,0.000,0.0000,0,False,False,P,False,68.2,13.78,110150,42.77409,82.75,0.989,11.09,89.0,40.0,0.0
1788105223.2,0.00,740.5,0,0.260,0.000,0.0000,0,False,False,P,False,68.2,13.60,110150,42.77409,82.75,0.943,11.09,89.0,41.0,0.0
1788105223.4,0.00,729.0,0,0.260,0.000,0.0000,0,False,False,P,False,68.2,13.60,110150,42.77409,82.75,1.069,11.09,89.0,42.0,0.0
1788105223.6,0.00,730.2,0,0.260,0.000,0.0000,0,False,False,P,False,68.2,13.60,110150,42.77409,82.75,0.978,11.09,89.0,43.0,0.0
1788105223.8,0.00,733.2,0,0.260,0.000,0.0000,0,False,False,P,False,68.2,13.60,110150,42.77409,82.75,0.877,11.09,89.0,43.0,0.0
1788105224.0,0.00,734.0,0,0.260,0.000,0.0000,0,False,False,P,False,68.2,13.60,110150,42.77409,82.75,0.887,11.09,89.0,43.0,0.0
1788105224.2,0.00,727.5,0,0.260,0.000,0.0000,0,False,False,P,False,68.2,13.60,110150,42.77409,82.75,0.866,11.09,89.0,43.0,0.0
1788105224.4,0.00,722.8,0,0.260,0.000,0.0000,0,False,False,P,False,68.2,13.60,110150,42.77409,82.75,0.908,11.09,89.0,43.0,0.0
1788105224.6,0.00,717.0,0,0.260,0.000,0.0000,0,False,False,P,False,68.2,13.60,110150,42.77409,82.75,0.908,11.09,89.0,43.0,0.0
1788105224.8,0.00,712.2,0,0.260,0.000,0.0000,0,False,False,P,False,68.2,13.60,110150,42.77409,82.75,0.908,11.09,89.0,44.0,0.0
1788105225.0,0.00,710.2,0,0.260,0.000,0.0000,0,False,False,P,False,68.2,13.60,110150,42.77409,82.75,0.933,11.09,89.0,44.0,0.0
1788105225.2,0.00,709.5,0,0.260,0.000,0.0000,0,False,False,P,False,68.2,13.60,110150,42.77409,82.75,0.943,11.09,89.0,45.0,0.0
1788105225.4,0.00,712.2,0,0.260,0.000,0.0000,0,False,False,P,False,68.2,13.49,110150,42.77409,82.35,0.933,11.09,89.0,45.0,0.0
1788105225.6,0.00,717.0,0,0.260,0.000,0.0000,0,False,False,P,False,68.2,13.49,110150,42.77409,82.75,0.964,11.09,89.0,45.0,0.0
1788105225.8,0.00,724.2,0,0.260,0.000,0.0000,0,False,False,P,False,68.2,13.49,110150,42.77409,82.35,0.908,11.09,89.0,45.0,0.0
1788105226.0,0.00,735.2,0,0.260,0.000,0.0000,0,False,False,P,False,68.2,13.49,110150,42.77409,82.35,0.908,11.09,89.0,45.0,0.0
1788105226.2,0.00,741.2,0,0.260,0.000,0.0000,0,False,False,P,False,68.2,13.84,110150,42.77409,82.75,0.908,11.09,89.0,45.0,0.0
1788105226.4,0.00,738.2,0,0.260,0.000,0.0000,0,False,False,P,False,68.2,13.84,110150,42.77409,82.75,0.866,11.08,89.0,44.0,0.0
1788105226.6,0.00,737.0,0,0.260,0.000,0.0000,0,False,False,P,False,68.2,13.84,110150,42.77409,82.35,0.877,11.08,89.0,43.0,0.0
1788105226.8,0.00,726.0,0,0.260,0.000,0.0000,0,False,False,P,False,68.2,13.84,110150,42.77409,82.35,0.877,11.08,89.0,43.0,0.0
1788105227.0,0.00,719.0,0,0.260,0.000,0.0000,0,False,False,P,False,68.2,13.84,110150,42.77409,82.75,0.877,11.08,89.0,43.0,0.0
1788105227.3,0.00,709.8,0,0.260,0.000,0.0000,0,False,False,P,False,68.2,13.84,110150,42.77409,82.75,0.846,11.08,89.0,43.0,0.0
1788105227.5,0.00,702.0,0,0.260,0.000,0.0000,0,False,False,P,False,68.2,13.84,110150,42.77409,82.35,0.898,11.08,89.0,43.0,0.0
1788105227.7,0.00,694.0,0,0.260,0.000,0.0000,0,False,False,P,False,68.2,13.84,110150,42.77409,82.35,0.856,11.08,89.0,43.0,0.0
1788105227.9,0.00,687.0,0,0.260,0.000,0.0000,0,False,False,P,False,68.2,13.84,110150,42.77409,82.35,0.898,11.08,89.0,44.0,0.0
1788105228.1,0.00,687.8,0,0.260,0.000,0.0000,0,False,False,P,False,68.2,13.84,110150,42.77409,82.35,0.908,11.08,89.0,44.0,0.0
1788105228.3,0.00,691.0,0,0.260,0.000,0.0000,0,False,False,P,False,68.2,13.84,110150,42.77409,82.75,0.804,11.08,89.0,44.0,0.0
1788105228.5,0.00,701.2,0,0.260,0.000,0.0000,0,False,False,P,False,68.2,13.78,110150,42.77409,82.35,0.877,11.08,89.0,44.0,0.0
1788105228.7,0.00,712.5,0,0.260,0.000,0.0000,0,False,False,P,False,68.2,13.78,110150,42.77409,82.75,0.898,11.08,89.0,44.0,0.0
1788105228.9,0.00,720.2,0,0.260,0.000,0.0000,0,False,False,P,False,68.2,13.78,110150,42.77409,82.75,0.866,11.08,89.0,44.0,0.0
1788105229.1,0.00,722.5,0,0.260,0.000,0.0000,0,False,False,P,False,68.2,13.78,110150,42.77409,82.35,0.877,11.08,89.0,44.0,0.0
1788105229.3,0.00,720.5,0,0.260,0.000,0.0000,0,False,False,P,False,68.2,13.78,110150,42.77409,82.35,0.866,11.08,89.0,43.0,0.0
1788105229.5,0.00,717.0,0,0.260,0.000,0.0000,0,False,False,P,False,68.2,13.78,110150,42.77409,82.35,0.866,11.08,89.0,43.0,0.0
1788105229.7,0.00,710.8,0,0.260,0.000,0.0000,0,False,False,P,False,68.2,13.78,110150,42.77409,82.35,0.877,11.08,89.0,43.0,0.0
1788105229.9,0.00,706.8,0,0.260,0.000,0.0000,0,False,False,P,False,68.2,13.78,110150,42.77409,82.35,0.866,11.08,89.0,43.0,0.0
1788105230.1,0.00,704.0,0,0.260,0.000,0.0000,0,False,False,P,False,68.2,13.78,110150,42.77409,82.35,0.908,11.08,89.0,43.0,0.0
1788105230.3,0.00,702.2,0,0.260,0.000,0.0000,0,False,False,P,False,68.2,13.78,110150,42.77409,82.35,0.898,11.08,89.0,43.0,0.0
1788105230.5,0.00,703.2,0,0.260,0.000,0.0000,0,False,False,P,False,68.2,13.78,110150,42.77409,82.35,0.887,11.08,89.0,43.0,0.0
1788105230.7,0.00,701.0,0,0.260,0.000,0.0000,0,False,False,P,False,68.2,13.78,110150,42.77409,81.96,0.877,11.08,89.0,43.0,0.0
1788105230.9,0.00,701.8,0,0.260,0.000,0.0000,0,False,False,P,False,68.2,13.78,110150,42.77409,82.35,0.922,11.08,89.0,43.0,0.0
1788105231.1,0.00,703.8,0,0.260,0.000,0.0000,0,False,False,P,False,68.2,13.78,110150,42.77409,82.75,0.866,11.08,89.0,44.0,0.0
1788105231.3,0.00,705.8,0,0.260,0.000,0.0000,0,False,False,P,False,68.2,13.78,110150,42.77409,82.75,0.877,11.08,89.0,43.0,0.0
1788105231.5,0.00,707.5,0,0.260,0.000,0.0000,0,False,False,P,False,68.2,13.77,110150,42.77409,82.35,0.887,11.08,89.0,43.0,0.0
1788105231.7,0.00,706.5,0,0.260,0.000,0.0000,0,False,False,P,False,68.2,13.77,110150,42.77409,82.35,0.887,11.08,89.0,43.0,0.0
1788105231.9,0.00,707.5,0,0.260,0.000,0.0000,0,False,False,P,False,68.2,13.77,110150,42.77409,82.75,0.846,11.08,89.0,43.0,0.0
1788105232.1,0.00,707.2,0,0.260,0.000,0.0000,0,False,False,P,False,68.2,13.75,110150,42.77409,82.35,0.877,11.08,89.0,43.0,0.0
1788105232.3,0.00,706.2,0,0.260,0.000,0.0000,0,False,False,P,False,68.2,13.75,110150,42.77409,82.35,0.877,11.08,89.0,43.0,0.0
1788105232.5,0.00,704.5,0,0.260,0.000,0.0000,0,False,False,P,False,68.2,13.75,110150,42.77409,82.75,0.866,11.08,89.0,43.0,0.0
1788105232.7,0.00,702.8,0,0.260,0.000,0.0000,0,False,False,P,False,68.2,13.75,110150,42.77409,82.75,0.887,11.08,89.0,43.0,0.0
1788105232.9,0.00,700.5,0,0.260,0.000,0.0000,0,False,False,P,False,68.2,13.75,110150,42.77409,82.35,0.887,11.08,89.0,43.0,0.0
1788105233.1,0.00,699.5,0,0.260,0.000,0.0000,0,False,False,P,False,68.2,13.75,110150,42.77409,82.75,0.887,11.08,89.0,43.0,0.0
1788105233.3,0.00,699.2,0,0.260,0.000,0.0000,0,False,False,P,False,68.2,13.75,110150,42.77409,82.75,0.866,11.08,89.0,43.0,0.0
1788105233.6,0.00,699.2,0,0.260,0.000,0.0000,0,False,False,P,False,68.2,13.75,110150,42.77409,82.75,0.898,11.08,89.0,43.0,0.0
1788105233.8,0.00,701.0,0,0.260,0.000,0.0000,0,False,False,P,False,68.2,13.75,110150,42.77409,82.75,0.898,11.08,89.0,44.0,0.0
1788105234.0,0.00,703.2,0,0.260,0.000,0.0000,0,False,False,P,False,68.2,13.75,110150,42.77409,82.75,0.877,11.08,89.0,43.0,0.0
1788105234.2,0.00,702.0,0,0.260,0.000,0.0000,0,False,False,P,False,68.2,13.75,110150,42.77409,82.75,0.877,11.08,89.0,43.0,0.0
1788105234.4,0.00,705.0,0,0.260,0.000,0.0000,0,False,False,P,False,68.2,13.75,110150,42.77409,82.75,0.887,11.08,89.0,43.0,0.0
1788105234.6,0.00,706.5,0,0.260,0.000,0.0000,0,False,False,P,False,68.2,13.75,110150,42.77409,82.75,0.877,11.08,89.0,43.0,0.0
1788105234.8,0.00,708.2,0,0.260,0.000,0.0000,0,False,False,P,False,68.2,13.75,110150,42.77409,82.75,0.846,11.08,89.0,43.0,0.0
1788105235.0,0.00,706.5,0,0.260,0.000,0.0000,0,False,False,P,False,68.2,13.75,110150,42.77409,82.35,0.856,11.08,89.0,43.0,0.0
1788105235.2,0.00,703.5,0,0.260,0.000,0.0000,0,False,False,P,False,68.2,13.75,110150,42.77409,82.75,0.866,11.08,89.0,43.0,0.0
1788105235.4,0.00,704.2,0,0.260,0.000,0.0000,0,False,False,P,False,68.2,13.75,110150,42.77409,82.75,0.877,11.08,89.0,43.0,0.0
1788105235.6,0.00,700.8,0,0.260,0.000,0.0000,0,False,False,P,False,68.2,13.75,110150,42.77409,82.35,0.887,11.08,89.0,43.0,0.0
1788105235.8,0.00,697.0,0,0.260,0.000,0.0000,0,False,False,P,False,68.2,13.75,110150,42.77409,82.35,0.887,11.08,89.0,43.0,0.0
1788105236.0,0.00,690.2,0,0.260,0.000,0.0000,0,False,False,P,False,68.2,13.75,110150,42.77409,82.35,0.856,11.08,89.0,43.0,0.0
1788105236.2,0.00,683.5,0,0.260,0.000,0.0000,0,False,False,P,False,68.2,13.75,110150,42.77409,82.75,0.887,11.08,89.0,43.0,0.0
1788105236.4,0.00,678.0,0,0.260,0.000,0.0000,0,False,False,P,False,68.2,13.75,110150,42.77409,82.75,0.887,11.08,89.0,43.0,0.0
1788105236.6,0.00,676.2,0,0.260,0.000,0.0000,0,False,False,P,False,68.2,13.75,110150,42.77409,82.35,0.877,11.08,89.0,44.0,0.0
1788105236.8,0.00,676.8,0,0.260,0.000,0.0000,0,False,False,P,False,68.2,13.75,110150,42.77409,82.35,0.877,11.08,89.0,44.0,0.0
1788105237.0,0.00,682.2,0,0.260,0.000,0.0000,0,False,False,P,False,68.2,13.75,110150,42.77409,81.96,0.887,11.08,89.0,44.0,0.0
1788105237.2,0.00,688.5,0,0.260,0.000,0.0000,0,False,False,P,False,68.2,13.75,110150,42.77409,82.35,0.877,11.08,89.0,44.0,0.0
1788105237.4,0.00,697.0,0,0.260,0.000,0.0000,0,False,False,P,False,68.2,13.75,110150,42.77409,82.75,0.856,11.08,89.0,44.0,0.0
1788105237.6,0.00,702.5,0,0.260,0.000,0.0000,0,False,False,P,False,68.2,13.75,110150,42.77409,82.35,0.706,11.08,89.0,43.0,0.0
1788105237.8,0.00,703.5,0,0.260,0.000,0.0000,0,False,False,P,False,68.2,13.76,110150,42.77409,82.75,0.653,11.08,89.0,40.0,0.0
1788105238.0,0.00,750.0,0,0.260,0.000,0.0000,0,False,False,P,False,68.2,13.76,110150,42.77409,82.75,0.664,11.08,89.0,38.0,0.0
1788105238.2,0.00,753.2,0,0.260,0.000,0.0000,0,False,False,P,False,68.2,13.76,110150,42.77409,82.35,0.639,11.08,89.0,36.0,0.0
1788105238.4,0.00,747.8,0,0.260,0.000,0.0000,0,False,False,P,False,68.2,13.76,110150,42.77409,82.75,0.639,11.08,89.0,35.0,0.0
1788105238.6,0.00,739.2,0,0.260,0.000,0.0000,0,False,False,P,False,68.2,13.76,110150,42.77409,82.75,0.604,11.08,89.0,35.0,0.0
1788105238.8,0.00,736.2,0,0.260,0.000,0.0000,0,False,False,P,False,68.2,13.76,110150,42.77409,82.75,0.587,11.08,89.0,32.0,0.0
1788105239.0,0.00,723.5,0,0.260,0.000,0.0000,0,False,False,P,False,68.2,13.76,110150,42.77409,82.75,0.604,11.08,89.0,32.0,0.0
1788105239.2,0.00,714.0,0,0.260,0.000,0.0000,0,False,False,P,False,68.2,13.76,110150,42.77409,82.75,0.622,11.08,89.0,32.0,0.0
1788105239.5,0.00,707.0,0,0.260,0.000,0.0000,0,False,False,P,False,68.2,13.76,110150,42.77409,82.35,0.629,11.08,89.0,32.0,0.0
1788105239.7,0.00,703.0,0,0.260,0.000,0.0000,0,False,False,P,False,68.2,13.76,110150,42.77409,82.35,0.629,11.08,89.0,32.0,0.0
1788105239.9,0.00,706.0,0,0.260,0.000,0.0000,0,False,False,P,False,68.2,13.76,110150,42.77409,82.35,0.611,11.08,89.0,32.0,0.0
1788105240.1,0.00,703.0,0,0.260,0.000,0.0000,0,False,False,P,False,68.2,13.76,110150,42.77409,82.35,0.622,11.08,89.0,32.0,0.0
1788105240.3,0.00,709.8,0,0.260,0.000,0.0000,0,False,False,P,False,68.2,13.76,110150,42.77409,82.75,0.622,11.08,89.0,32.0,0.0
1788105240.5,0.00,711.2,0,0.260,0.000,0.0000,0,False,False,P,False,68.2,13.76,110150,42.77409,82.75,0.629,11.08,89.0,32.0,0.0
1788105240.7,0.00,713.8,0,0.260,0.000,0.0000,0,False,False,P,False,68.2,13.76,110150,42.77409,82.35,0.622,11.08,89.0,32.0,0.0
1788105240.9,0.00,713.5,0,0.260,0.000,0.0000,0,False,False,P,False,68.2,13.78,110150,42.77409,82.75,0.629,11.08,89.0,32.0,0.0
1788105241.1,0.00,713.0,0,0.260,0.000,0.0000,0,False,False,P,False,68.2,13.78,110150,42.77409,82.75,0.622,11.08,89.0,32.0,0.0
1788105241.3,0.00,713.5,0,0.260,0.000,0.0000,0,False,False,P,False,68.2,13.78,110150,42.77409,82.75,0.611,11.08,89.0,31.0,0.0
1788105241.5,0.00,715.2,0,0.260,0.000,0.0000,0,False,False,P,False,68.2,13.78,110150,42.77409,82.35,0.611,11.08,89.0,31.0,0.0
1788105241.7,0.00,712.8,0,0.260,0.000,0.0000,0,False,False,P,False,68.2,13.78,110150,42.77409,82.75,0.611,11.08,89.0,31.0,0.0
1788105241.9,0.00,710.2,0,0.260,0.000,0.0000,0,False,False,P,False,68.2,13.78,110150,42.77409,82.75,0.629,11.08,89.0,31.0,0.0
1788105242.1,0.00,705.8,0,0.260,0.000,0.0000,0,False,False,P,False,68.2,13.78,110150,42.77409,82.35,0.629,11.07,89.0,31.0,0.0
1788105242.3,0.00,704.8,0,0.260,0.000,0.0000,0,False,False,P,False,68.2,13.78,110150,42.77409,82.75,0.622,11.07,89.0,31.0,0.0
1788105242.5,0.00,709.8,0,0.260,0.000,0.0000,0,False,False,P,False,68.2,13.78,110150,42.77409,82.75,0.611,11.07,89.0,31.0,0.0
1788105242.7,0.00,709.0,0,0.260,0.000,0.0000,0,False,False,P,False,68.2,13.78,110150,42.77409,82.35,0.611,11.07,89.0,32.0,0.0
1788105242.9,0.00,707.5,0,0.260,0.000,0.0000,0,False,False,P,False,68.2,13.78,110150,42.77409,82.75,0.629,11.07,89.0,32.0,0.0
1788105243.1,0.00,705.5,0,0.260,0.000,0.0000,0,False,False,P,False,68.2,13.78,110150,42.77409,82.35,0.604,11.07,89.0,31.0,0.0
1788105243.3,0.00,704.0,0,0.260,0.000,0.0000,0,False,False,P,False,68.2,13.78,110150,42.77409,82.35,0.629,11.07,89.0,32.0,0.0
1788105243.5,0.00,707.5,0,0.260,0.000,0.0000,0,False,False,P,False,68.2,13.78,110150,42.77409,82.75,0.622,11.07,89.0,32.0,0.0
1788105243.7,0.00,709.0,0,0.260,0.000,0.0000,0,False,False,P,False,68.2,13.78,110150,42.77409,82.35,0.611,11.07,89.0,32.0,0.0
1788105243.9,0.00,709.0,0,0.260,0.000,0.0000,0,False,False,P,False,68.2,13.76,110150,42.77409,82.75,0.622,11.07,89.0,31.0,0.0
1788105244.1,0.00,710.0,0,0.260,0.000,0.0000,0,False,False,P,False,68.2,13.76,110150,42.77409,82.35,0.622,11.07,89.0,31.0,0.0
1788105244.3,0.00,709.5,0,0.260,0.000,0.0000,0,False,False,P,False,68.2,13.76,110150,42.77409,82.75,0.622,11.07,89.0,31.0,0.0
1788105244.5,0.00,707.0,0,0.260,0.000,0.0000,0,False,False,P,False,68.2,13.76,110150,42.77409,82.75,0.597,11.07,89.0,31.0,0.0
1788105244.7,0.00,711.8,0,0.260,0.000,0.0000,0,False,False,P,False,68.2,13.76,110150,42.77409,82.35,0.622,11.07,89.0,31.0,0.0
1788105244.9,0.00,707.8,0,0.260,0.000,0.0000,0,False,False,P,False,68.2,13.76,110150,42.77409,82.35,0.611,11.07,89.0,31.0,0.0
1788105245.1,0.00,706.5,0,0.260,0.000,0.0000,0,False,False,P,False,68.2,13.76,110150,42.77409,82.35,0.629,11.07,89.0,31.0,0.0
1788105245.3,0.00,705.5,0,0.260,0.000,0.0000,0,False,False,P,False,68.2,13.76,110150,42.77409,82.35,0.611,11.07,89.0,31.0,0.0
1788105245.6,0.00,706.8,0,0.260,0.000,0.0000,0,False,False,P,False,68.2,13.76,110150,42.77409,82.75,0.604,11.07,89.0,31.0,0.0
1788105245.8,0.00,706.2,0,0.260,0.000,0.0000,0,False,False,P,False,68.2,13.76,110150,42.77409,82.35,0.604,11.07,89.0,32.0,0.0
1788105246.0,0.00,712.5,0,0.260,0.000,0.0000,0,False,False,P,False,68.2,13.76,110150,42.77409,82.35,0.604,11.07,89.0,35.0,0.0
1788105246.2,0.00,787.8,0,0.260,0.000,0.0000,0,False,False,P,False,68.2,13.76,110150,42.77409,82.35,0.856,11.07,89.0,38.0,0.0
1788105246.4,0.00,738.2,0,0.260,0.000,0.0000,0,False,False,P,False,68.2,13.76,110150,42.77409,82.75,1.118,11.07,89.0,38.0,0.0
1788105246.6,0.00,738.2,0,0.260,0.000,0.0000,0,False,False,P,False,68.2,13.76,110150,42.77409,82.35,0.933,11.07,89.0,39.0,0.0
1788105246.8,0.00,733.5,0,0.260,0.000,0.0000,0,False,False,P,False,68.2,13.76,110150,42.77409,82.75,0.978,11.07,89.0,41.0,0.0
1788105247.0,0.00,723.5,0,0.260,0.000,0.0000,0,False,False,P,False,68.2,13.28,110150,42.77409,82.75,0.954,11.07,89.0,42.0,0.0
1788105247.2,0.00,730.2,0,0.260,0.000,0.0000,0,False,False,P,False,68.2,13.28,110150,42.77409,82.35,0.954,11.07,89.0,43.0,0.0
1788105247.4,0.00,730.0,0,0.260,0.000,0.0000,0,False,False,P,False,68.2,13.28,110150,42.77409,82.35,0.954,11.07,89.0,43.0,0.0
1788105247.6,0.00,731.2,0,0.260,0.000,0.0000,0,False,False,P,False,68.2,13.28,110150,42.77409,82.35,0.933,11.07,89.0,43.0,0.0
1788105247.8,0.00,732.0,0,0.260,0.000,0.0000,0,False,False,P,False,68.2,13.28,110150,42.77409,82.75,0.933,11.07,89.0,43.0,0.0
1788105248.0,0.00,726.0,0,0.260,0.000,0.0000,0,False,False,P,False,68.2,13.28,110150,42.77409,82.75,0.933,11.07,89.0,43.0,0.0
1788105248.2,0.00,722.0,0,0.260,0.000,0.0000,0,False,False,P,False,68.2,13.28,110150,42.77409,82.75,0.933,11.07,89.0,44.0,0.0
1788105248.4,0.00,721.8,0,0.260,0.000,0.0000,0,False,False,P,False,68.2,13.28,110150,42.77409,82.75,0.933,11.07,89.0,44.0,0.0
1788105248.6,0.00,719.5,0,0.260,0.000,0.0000,0,False,False,P,False,68.2,13.28,110150,42.77409,82.75,0.943,11.07,89.0,44.0,0.0
1788105248.8,0.00,720.8,0,0.260,0.000,0.0000,0,False,False,P,False,68.2,13.28,110150,42.77409,82.35,0.989,11.07,89.0,45.0,0.0
1788105249.0,0.00,722.8,0,0.260,0.000,0.0000,0,False,False,P,False,68.2,13.28,110150,42.77409,82.75,0.978,11.07,89.0,45.0,0.0
1788105249.2,0.00,727.8,0,0.260,0.000,0.0000,0,False,False,P,False,68.2,13.61,110150,42.77409,82.35,0.964,11.07,89.0,45.0,0.0
1788105249.4,0.00,736.8,0,0.260,0.000,0.0000,0,False,False,P,False,68.2,13.61,110150,42.77409,82.75,0.954,11.07,90.0,45.0,0.0
1788105249.6,0.00,741.8,0,0.260,0.000,0.0000,0,False,False,P,False,68.2,13.61,110150,42.77409,82.35,0.933,11.07,89.0,45.0,0.0
1788105249.8,0.00,743.2,0,0.260,0.000,0.0000,0,False,False,P,False,68.2,13.61,110150,42.77409,82.35,0.908,11.07,89.0,44.0,0.0
1788105250.0,0.00,740.5,0,0.260,0.000,0.0000,0,False,False,P,False,68.2,13.79,110150,42.77409,82.75,0.887,11.07,89.0,43.0,0.0
1788105250.2,0.00,735.5,0,0.260,0.000,0.0000,0,False,False,P,False,68.2,13.79,110150,42.77409,82.75,0.898,11.07,89.0,43.0,0.0
1788105250.4,0.00,728.2,0,0.260,0.000,0.0000,0,False,False,P,False,68.2,13.79,110150,42.77409,82.75,0.898,11.07,89.0,43.0,0.0
1788105250.6,0.00,718.5,0,0.260,0.000,0.0000,0,False,False,P,False,68.2,13.79,110150,42.77409,82.75,0.887,11.07,89.0,43.0,0.0
1788105250.8,0.00,712.0,0,0.260,0.000,0.0000,0,False,False,P,False,68.2,13.79,110150,42.77409,82.35,0.887,11.07,89.0,43.0,0.0
1788105251.0,0.00,709.0,0,0.260,0.000,0.0000,0,False,False,P,False,68.2,13.73,110150,42.77409,82.75,0.933,11.07,89.0,43.0,0.0
1788105251.3,0.00,710.0,0,0.260,0.000,0.0000,0,False,False,P,False,68.2,13.73,110150,42.77409,82.35,0.898,11.07,89.0,43.0,0.0
1788105251.5,0.00,709.5,0,0.260,0.000,0.0000,0,False,False,P,False,68.2,13.73,110150,42.77409,82.35,0.922,11.07,89.0,44.0,0.0
1788105251.7,0.00,709.5,0,0.260,0.000,0.0000,0,False,False,P,False,68.2,13.73,110150,42.77409,82.35,0.898,11.07,89.0,44.0,0.0
1788105251.9,0.00,711.8,0,0.260,0.000,0.0000,0,False,False,P,False,68.2,13.73,110150,42.77409,82.75,0.908,11.07,89.0,44.0,0.0
1788105252.1,0.00,716.5,0,0.260,0.000,0.0000,0,False,False,P,False,68.2,13.73,110150,42.77409,82.75,0.887,11.07,89.0,44.0,0.0
1788105252.3,0.00,718.8,0,0.260,0.000,0.0000,0,False,False,P,False,68.2,13.73,110150,42.77409,82.75,0.887,11.07,89.0,44.0,0.0
1788105252.5,0.00,720.2,0,0.260,0.000,0.0000,0,False,False,P,False,68.2,13.73,110150,42.77409,82.35,0.908,11.07,89.0,43.0,0.0
1788105252.7,0.00,716.8,0,0.260,0.000,0.0000,0,False,False,P,False,68.2,13.73,110150,42.77409,82.75,0.933,11.07,89.0,43.0,0.0
1788105252.9,0.00,715.2,0,0.260,0.000,0.0000,0,False,False,P,False,68.2,13.73,110150,42.77409,82.35,0.908,11.07,89.0,43.0,0.0
1788105253.1,0.00,714.2,0,0.260,0.000,0.0000,0,False,False,P,False,67.2,13.74,110150,42.77409,82.75,0.877,11.07,89.0,43.0,0.0
1788105253.3,0.00,710.0,0,0.260,0.000,0.0000,0,False,False,P,False,67.2,13.74,110150,42.77409,82.75,0.877,11.07,89.0,43.0,0.0
1788105253.5,0.00,708.0,0,0.260,0.000,0.0000,0,False,False,P,False,67.2,13.74,110150,42.77409,82.35,0.922,11.07,89.0,43.0,0.0
1788105253.7,0.00,708.0,0,0.260,0.000,0.0000,0,False,False,P,False,67.2,13.74,110150,42.77409,82.35,0.877,11.07,89.0,44.0,0.0
1788105253.9,0.00,707.8,0,0.260,0.000,0.0000,0,False,False,P,False,67.2,13.74,110150,42.77409,82.75,0.898,11.07,89.0,44.0,0.0
1788105254.1,0.00,707.0,0,0.260,0.000,0.0000,0,False,False,P,False,67.2,13.74,110150,42.77409,82.35,0.877,11.07,89.0,44.0,0.0
1788105254.3,0.00,706.0,0,0.260,0.000,0.0000,0,False,False,P,False,67.2,13.74,110150,42.77409,82.35,0.908,11.07,89.0,44.0,0.0
1788105254.5,0.00,705.8,0,0.260,0.000,0.0000,0,False,False,P,False,67.2,13.74,110150,42.77409,82.35,0.887,11.07,89.0,44.0,0.0
1788105254.7,0.00,707.8,0,0.260,0.000,0.0000,0,False,False,P,False,67.2,13.74,110150,42.77409,82.75,0.887,11.07,89.0,44.0,0.0
1788105254.9,0.00,705.2,0,0.260,0.000,0.0000,0,False,False,P,False,67.2,13.74,110150,42.77409,82.75,0.898,11.07,89.0,43.0,0.0
1788105255.1,0.00,703.8,0,0.260,0.000,0.0000,0,False,False,P,False,67.2,13.74,110150,42.77409,82.35,0.866,11.07,89.0,44.0,0.0
1788105255.3,0.00,704.5,0,0.260,0.000,0.0000,0,False,False,P,False,67.2,13.74,110150,42.77409,82.75,0.877,11.07,89.0,44.0,0.0
1788105255.5,0.00,704.2,0,0.260,0.000,0.0000,0,False,False,P,False,67.2,13.74,110150,42.77409,82.75,0.887,11.07,89.0,44.0,0.0
1788105255.7,0.00,705.0,0,0.260,0.000,0.0000,0,False,False,P,False,67.2,13.74,110150,42.77409,82.35,0.866,11.07,89.0,44.0,0.0
1788105255.9,0.00,705.0,0,0.260,0.000,0.0000,0,False,False,P,False,67.2,13.74,110150,42.77409,82.35,0.877,11.07,89.0,43.0,0.0
1788105256.1,0.00,706.2,0,0.260,0.000,0.0000,0,False,False,P,False,67.2,13.75,110150,42.77409,82.35,0.856,11.07,89.0,43.0,0.0
1788105256.3,0.00,706.8,0,0.260,0.000,0.0000,0,False,False,P,False,67.2,13.76,110150,42.77409,82.35,0.877,11.07,89.0,43.0,0.0
1788105256.5,0.00,706.5,0,0.260,0.000,0.0000,0,False,False,P,False,67.2,13.76,110150,42.77409,82.35,0.866,11.07,89.0,43.0,0.0
1788105256.7,0.00,706.0,0,0.260,0.000,0.0000,0,False,False,P,False,67.2,13.76,110150,42.77409,82.75,0.866,11.07,89.0,43.0,0.0
1788105256.9,0.00,702.0,0,0.260,0.000,0.0000,0,False,False,P,False,67.2,13.76,110150,42.77409,81.96,0.887,11.07,89.0,43.0,0.0
1788105257.2,0.00,699.5,0,0.260,0.000,0.0000,0,False,False,P,False,67.2,13.76,110150,42.77409,82.35,0.887,11.06,89.0,43.0,0.0
1788105257.4,0.00,699.8,0,0.260,0.000,0.0000,0,False,False,P,False,67.2,13.76,110150,42.77409,82.75,0.887,11.06,89.0,43.0,0.0
1788105257.6,0.00,699.8,0,0.260,0.000,0.0000,0,False,False,P,False,67.2,13.76,110150,42.77409,82.75,0.887,11.06,89.0,44.0,0.0
1788105257.8,0.00,701.2,0,0.260,0.000,0.0000,0,False,False,P,False,67.2,13.76,110150,42.77409,82.35,0.908,11.06,89.0,44.0,0.0
1788105258.0,0.00,702.0,0,0.260,0.000,0.0000,0,False,False,P,False,67.2,13.76,110150,42.77409,82.75,0.866,11.06,89.0,44.0,0.0
1788105258.2,0.00,705.2,0,0.260,0.000,0.0000,0,False,False,P,False,67.2,13.76,110150,42.77409,82.35,0.898,11.06,89.0,44.0,0.0
1788105258.4,0.00,706.0,0,0.260,0.000,0.0000,0,False,False,P,False,67.2,13.76,110150,42.77409,82.35,0.877,11.06,89.0,44.0,0.0
1788105258.6,0.00,708.0,0,0.260,0.000,0.0000,0,False,False,P,False,67.2,13.76,110150,42.77409,82.75,0.866,11.06,89.0,43.0,0.0
1788105258.8,0.00,709.0,0,0.260,0.000,0.0000,0,False,False,P,False,67.2,13.76,110150,42.77409,82.75,0.877,11.06,89.0,44.0,0.0
1788105259.0,0.00,706.8,0,0.260,0.000,0.0000,0,False,False,P,False,67.2,13.76,110150,42.77409,82.75,0.856,11.06,89.0,43.0,0.0
1788105259.2,0.00,704.8,0,0.260,0.000,0.0000,0,False,False,P,False,67.2,13.75,110150,42.77409,82.75,0.887,11.06,89.0,43.0,0.0
1788105259.4,0.00,704.2,0,0.260,0.000,0.0000,0,False,False,P,False,67.2,13.75,110150,42.77409,82.35,0.887,11.06,89.0,43.0,0.0
1788105259.6,0.00,702.8,0,0.260,0.000,0.0000,0,False,False,P,False,67.2,13.75,110150,42.77409,81.96,0.856,11.06,89.0,43.0,0.0
1788105259.8,0.00,701.5,0,0.260,0.000,0.0000,0,False,False,P,False,67.2,13.75,110150,42.77409,82.75,0.887,11.06,89.0,43.0,0.0
1788105260.0,0.00,701.5,0,0.260,0.000,0.0000,0,False,False,P,False,67.2,13.75,110150,42.77409,82.75,0.866,11.06,89.0,43.0,0.0
1788105260.2,0.00,701.0,0,0.260,0.000,0.0000,0,False,False,P,False,67.2,13.75,110150,42.77409,82.75,0.887,11.06,89.0,44.0,0.0
1788105260.4,0.00,702.5,0,0.260,0.000,0.0000,0,False,False,P,False,67.2,13.75,110150,42.77409,82.35,0.898,11.06,89.0,44.0,0.0
1788105260.6,0.00,702.8,0,0.260,0.000,0.0000,0,False,False,P,False,67.2,13.75,110150,42.77409,82.35,0.866,11.06,89.0,44.0,0.0
1788105260.8,0.00,705.0,0,0.260,0.000,0.0000,0,False,False,P,False,67.2,13.75,110150,42.77409,82.75,0.866,11.06,89.0,44.0,0.0
1788105261.0,0.00,706.0,0,0.260,0.000,0.0000,0,False,False,P,False,67.2,13.75,110150,42.77409,82.35,0.898,11.06,89.0,43.0,0.0
1788105261.2,0.00,702.8,0,0.260,0.000,0.0000,0,False,False,P,False,67.2,13.75,110150,42.77409,82.75,0.716,11.06,89.0,42.0,0.0
1788105261.4,0.00,687.0,0,0.260,0.000,0.0000,0,False,False,P,False,67.2,13.75,110150,42.77409,82.35,0.639,11.06,89.0,40.0,0.0
1788105261.6,0.00,749.8,0,0.260,0.000,0.0000,0,False,False,P,False,67.2,13.75,110150,42.77409,82.75,0.653,11.06,89.0,38.0,0.0
1788105261.8,0.00,754.5,0,0.260,0.000,0.0000,0,False,False,P,False,67.2,13.75,110150,42.77409,82.75,0.639,11.06,89.0,37.0,0.0
1788105262.0,0.00,748.5,0,0.260,0.000,0.0000,0,False,False,P,False,67.2,13.75,110150,42.77409,82.75,0.604,11.06,89.0,35.0,0.0
1788105262.2,0.00,746.5,0,0.260,0.000,0.0000,0,False,False,P,False,67.2,13.75,110150,42.77409,82.35,0.587,11.06,89.0,34.0,0.0
1788105262.4,0.00,733.2,0,0.260,0.000,0.0000,0,False,False,P,False,67.2,13.81,110150,42.77409,82.35,0.580,11.06,89.0,33.0,0.0
1788105262.6,0.00,720.8,0,0.260,0.000,0.0000,0,False,False,P,False,67.2,13.81,110150,42.77409,82.75,0.604,11.06,89.0,32.0,0.0
1788105262.8,0.00,716.8,0,0.260,0.000,0.0000,0,False,False,P,False,67.2,13.81,110150,42.77409,82.35,0.604,11.06,89.0,32.0,0.0
1788105263.0,0.00,710.5,0,0.260,0.000,0.0000,0,False,False,P,False,67.2,13.81,110150,42.77409,82.35,0.597,11.06,89.0,32.0,0.0
1788105263.2,0.00,704.0,0,0.260,0.000,0.0000,0,False,False,P,False,67.2,13.71,110150,42.77409,82.35,0.622,11.06,89.0,32.0,0.0
1788105263.4,0.00,705.8,0,0.260,0.000,0.0000,0,False,False,P,False,67.2,13.71,110150,42.77409,82.35,0.604,11.06,89.0,32.0,0.0
1788105263.7,0.00,708.0,0,0.260,0.000,0.0000,0,False,False,P,False,67.2,13.71,110150,42.77409,82.35,0.604,11.06,89.0,32.0,0.0
1788105263.9,0.00,714.8,0,0.260,0.000,0.0000,0,False,False,P,False,67.2,13.71,110150,42.77409,82.35,0.629,11.06,89.0,32.0,0.0
1788105264.1,0.00,718.8,0,0.260,0.000,0.0000,0,False,False,P,False,67.2,13.71,110150,42.77409,82.75,0.611,11.06,89.0,32.0,0.0
1788105264.3,0.00,720.2,0,0.260,0.000,0.0000,0,False,False,P,False,67.2,13.71,110150,42.77409,82.75,0.597,11.06,89.0,32.0,0.0
1788105264.5,0.00,715.0,0,0.260,0.000,0.0000,0,False,False,P,False,67.2,13.71,110150,42.77409,82.35,0.622,11.06,89.0,32.0,0.0
1788105264.7,0.00,717.0,0,0.260,0.000,0.0000,0,False,False,P,False,67.2,13.71,110150,42.77409,82.35,0.622,11.06,89.0,32.0,0.0
1788105264.9,0.00,714.8,0,0.260,0.000,0.0000,0,False,False,P,False,67.2,13.71,110150,42.77409,82.75,0.604,11.06,89.0,32.0,0.0
1788105265.1,0.00,711.0,0,0.260,0.000,0.0000,0,False,False,P,False,67.2,13.71,110150,42.77409,82.75,0.611,11.06,89.0,32.0,0.0
1788105265.3,0.00,711.5,0,0.260,0.000,0.0000,0,False,False,P,False,67.2,13.71,110150,42.77409,82.35,0.611,11.06,89.0,32.0,0.0
1788105265.5,0.00,713.2,0,0.260,0.000,0.0000,0,False,False,P,False,67.2,13.77,110150,42.77409,82.35,0.611,11.06,89.0,32.0,0.0
1788105265.7,0.00,714.5,0,0.260,0.000,0.0000,0,False,False,P,False,67.2,13.77,110150,42.77409,82.75,0.611,11.06,89.0,32.0,0.0
1788105265.9,0.00,712.0,0,0.260,0.000,0.0000,0,False,False,P,False,67.2,13.77,110150,42.77409,82.75,0.611,11.06,89.0,32.0,0.0
1788105266.1,0.00,709.8,0,0.260,0.000,0.0000,0,False,False,P,False,67.2,13.76,110150,42.77409,82.35,0.611,11.06,90.0,32.0,0.0
1788105266.3,0.00,707.2,0,0.260,0.000,0.0000,0,False,False,P,False,67.2,13.76,110150,42.77409,82.35,0.622,11.06,89.0,32.0,0.0
1788105266.5,0.00,711.5,0,0.260,0.000,0.0000,0,False,False,P,False,67.2,13.76,110150,42.77409,82.75,0.611,11.06,89.0,32.0,0.0
1788105266.7,0.00,710.0,0,0.260,0.000,0.0000,0,False,False,P,False,67.2,13.76,110150,42.77409,82.35,0.622,11.06,89.0,32.0,0.0
1788105266.9,0.00,709.2,0,0.260,0.000,0.0000,0,False,False,P,False,67.2,13.76,110150,42.77409,82.35,0.622,11.06,89.0,32.0,0.0
1788105267.1,0.00,705.5,0,0.260,0.000,0.0000,0,False,False,P,False,67.2,13.76,110150,42.77409,82.35,0.611,11.06,89.0,32.0,0.0
1788105267.3,0.00,708.5,0,0.260,0.000,0.0000,0,False,False,P,False,67.2,13.76,110150,42.77409,82.75,0.611,11.06,89.0,32.0,0.0
1788105267.5,0.00,711.0,0,0.260,0.000,0.0000,0,False,False,P,False,67.2,13.76,110150,42.77409,82.35,0.597,11.06,89.0,32.0,0.0
1788105267.7,0.00,712.8,0,0.260,0.000,0.0000,0,False,False,P,False,67.2,13.76,110150,42.77409,81.96,0.604,11.06,90.0,32.0,0.0
1788105267.9,0.00,709.5,0,0.260,0.000,0.0000,0,False,False,P,False,67.2,13.76,110150,42.77409,82.35,0.622,11.06,89.0,32.0,0.0
1788105268.1,0.00,711.2,0,0.260,0.000,0.0000,0,False,False,P,False,67.2,13.76,110150,42.77409,82.75,0.611,11.06,89.0,32.0,0.0
1788105268.3,0.00,709.8,0,0.260,0.000,0.0000,0,False,False,P,False,67.2,13.76,110150,42.77409,82.35,0.604,11.06,89.0,32.0,0.0
1788105268.5,0.00,712.2,0,0.260,0.000,0.0000,0,False,False,P,False,67.2,13.76,110150,42.77409,82.35,0.611,11.06,89.0,32.0,0.0
1788105268.7,0.00,718.8,0,0.260,0.000,0.0000,0,False,False,P,False,67.2,13.76,110150,42.77409,82.35,0.597,11.06,89.0,32.0,0.0
1788105268.9,0.00,716.0,0,0.260,0.000,0.0000,0,False,False,P,False,67.2,13.76,110150,42.77409,82.75,0.611,11.06,89.0,31.0,0.0
1788105269.1,0.00,711.0,0,0.260,0.000,0.0000,0,False,False,P,False,67.2,13.76,110150,42.77409,82.35,0.611,11.06,89.0,31.0,0.0
1788105269.4,0.00,722.5,0,0.260,0.000,0.0000,0,False,False,P,False,67.2,13.76,110150,42.77409,82.75,1.118,11.06,89.0,32.0,0.0
1788105269.6,0.00,794.5,0,0.260,0.000,0.0000,0,False,False,P,False,67.2,13.76,110150,42.77409,82.75,0.804,11.06,90.0,40.0,0.0
1788105269.8,0.00,747.2,0,0.260,0.000,0.0000,0,False,False,P,False,67.2,13.76,110150,42.77409,82.75,1.069,11.06,89.0,39.0,0.0
1788105270.0,0.00,744.2,0,0.260,0.000,0.0000,0,False,False,P,False,67.2,13.76,110150,42.77409,83.14,0.866,11.06,89.0,41.0,0.0
1788105270.2,0.00,737.5,0,0.260,0.000,0.0000,0,False,False,P,False,67.2,13.76,110150,42.77409,82.35,0.999,11.06,90.0,41.0,0.0
1788105270.4,0.00,727.8,0,0.260,0.000,0.0000,0,False,False,P,False,67.2,13.76,110150,42.77409,82.75,0.999,11.06,90.0,42.0,0.0
1788105270.6,0.00,733.2,0,0.260,0.000,0.0000,0,False,False,P,False,67.2,13.76,110150,42.77409,82.75,0.922,11.06,89.0,42.0,0.0
1788105270.8,0.00,731.5,0,0.260,0.000,0.0000,0,False,False,P,False,67.2,13.76,110150,42.77409,82.35,0.887,11.06,90.0,43.0,0.0
1788105271.0,0.00,728.0,0,0.260,0.000,0.0000,0,False,False,P,False,67.2,13.76,110150,42.77409,82.75,0.898,11.06,89.0,43.0,0.0
1788105271.2,0.00,722.8,0,0.260,0.000,0.0000,0,False,False,P,False,67.2,13.76,110150,42.77409,82.35,0.887,11.06,89.0,43.0,0.0
1788105271.4,0.00,716.5,0,0.260,0.000,0.0000,0,False,False,P,False,67.2,13.76,110150,42.77409,82.35,0.922,11.06,89.0,43.0,0.0
1788105271.6,0.00,713.8,0,0.260,0.000,0.0000,0,False,False,P,False,67.2,13.76,110150,42.77409,82.75,0.964,11.06,89.0,44.0,0.0
1788105271.8,0.00,713.0,0,0.260,0.000,0.0000,0,False,False,P,False,67.2,13.38,110150,42.77409,82.75,0.964,11.06,89.0,44.0,0.0
1788105272.0,0.00,717.2,0,0.260,0.000,0.0000,0,False,False,P,False,67.2,13.38,110150,42.77409,82.35,0.954,11.06,90.0,45.0,0.0
1788105272.2,0.00,720.2,0,0.260,0.000,0.0000,0,False,False,P,False,67.2,13.38,110150,42.77409,82.75,0.954,11.06,90.0,45.0,0.0
1788105272.4,0.00,722.5,0,0.260,0.000,0.0000,0,False,False,P,False,67.2,13.38,110150,42.77409,82.35,0.943,11.06,89.0,45.0,0.0
1788105272.6,0.00,725.5,0,0.260,0.000,0.0000,0,False,False,P,False,67.2,13.38,110150,42.77409,82.35,0.943,11.06,90.0,45.0,0.0
1788105272.8,0.00,732.2,0,0.260,0.000,0.0000,0,False,False,P,False,67.2,13.38,110150,42.77409,82.35,0.922,11.06,90.0,45.0,0.0
1788105273.0,0.00,743.2,0,0.260,0.000,0.0000,0,False,False,P,False,67.2,13.38,110150,42.77409,82.35,0.887,11.06,89.0,44.0,0.0
1788105273.2,0.00,741.2,0,0.260,0.000,0.0000,0,False,False,P,False,67.2,13.38,110150,42.77409,82.35,0.877,11.06,89.0,44.0,0.0
1788105273.4,0.00,734.2,0,0.260,0.000,0.0000,0,False,False,P,False,67.2,13.38,110150,42.77409,82.35,0.866,11.06,90.0,43.0,0.0
1788105273.6,0.00,724.8,0,0.260,0.000,0.0000,0,False,False,P,False,67.2,13.38,110150,42.77409,82.75,0.898,11.05,89.0,43.0,0.0
1788105273.8,0.00,717.0,0,0.260,0.000,0.0000,0,False,False,P,False,67.2,13.38,110150,42.77409,82.75,0.887,11.05,89.0,43.0,0.0
1788105274.0,0.00,711.8,0,0.260,0.000,0.0000,0,False,False,P,False,67.2,13.38,110150,42.77409,82.35,0.887,11.05,89.0,43.0,0.0
1788105274.2,0.00,707.0,0,0.260,0.000,0.0000,0,False,False,P,False,67.2,13.38,110150,42.77409,82.75,0.898,11.05,89.0,43.0,0.0
1788105274.4,0.00,702.5,0,0.260,0.000,0.0000,0,False,False,P,False,67.2,13.38,110150,42.77409,82.75,0.908,11.05,90.0,43.0,0.0
1788105274.6,0.00,697.5,0,0.260,0.000,0.0000,0,False,False,P,False,67.2,13.38,110150,42.77409,82.75,0.898,11.05,89.0,44.0,0.0
1788105274.8,0.00,696.5,0,0.260,0.000,0.0000,0,False,False,P,False,67.2,13.78,110150,42.77409,82.35,0.877,11.05,89.0,44.0,0.0
1788105275.1,0.00,701.2,0,0.260,0.000,0.0000,0,False,False,P,False,67.2,13.77,110150,42.77409,82.75,0.877,11.05,90.0,44.0,0.0
1788105275.3,0.00,707.5,0,0.260,0.000,0.0000,0,False,False,P,False,67.2,13.77,110150,42.77409,82.35,0.908,11.05,90.0,44.0,0.0
1788105275.5,0.00,713.0,0,0.260,0.000,0.0000,0,False,False,P,False,67.2,13.77,110150,42.77409,82.75,0.908,11.05,89.0,44.0,0.0
1788105275.7,0.00,718.8,0,0.260,0.000,0.0000,0,False,False,P,False,67.2,13.77,110150,42.77409,82.75,0.908,11.05,89.0,44.0,0.0
1788105275.9,0.00,721.2,0,0.260,0.000,0.0000,0,False,False,P,False,67.2,13.77,110150,42.77409,82.35,0.887,11.05,89.0,43.0,0.0
1788105276.1,0.00,720.5,0,0.260,0.000,0.0000,0,False,False,P,False,67.2,13.77,110150,42.77409,82.35,0.887,11.05,89.0,43.0,0.0
1788105276.3,0.00,715.2,0,0.260,0.000,0.0000,0,False,False,P,False,67.2,13.77,110150,42.77409,82.35,0.887,11.05,89.0,43.0,0.0
1788105276.5,0.00,712.5,0,0.260,0.000,0.0000,0,False,False,P,False,67.2,13.77,110150,42.77409,82.35,0.877,11.05,89.0,43.0,0.0
1788105276.7,0.00,708.5,0,0.260,0.000,0.0000,0,False,False,P,False,67.2,13.77,110150,42.77409,82.75,0.887,11.05,89.0,43.0,0.0
1788105276.9,0.00,702.8,0,0.260,0.000,0.0000,0,False,False,P,False,67.2,13.77,110150,42.77409,82.35,0.877,11.05,89.0,43.0,0.0
1788105277.1,0.00,699.2,0,0.260,0.000,0.0000,0,False,False,P,False,67.2,13.73,110150,42.77409,82.75,0.898,11.05,90.0,43.0,0.0
1788105277.3,0.00,698.5,0,0.260,0.000,0.0000,0,False,False,P,False,67.2,13.73,110150,42.77409,82.35,0.898,11.05,90.0,43.0,0.0
1788105277.5,0.00,695.8,0,0.260,0.000,0.0000,0,False,False,P,False,67.2,13.73,110150,42.77409,82.35,0.908,11.05,89.0,44.0,0.0
1788105277.7,0.00,699.5,0,0.260,0.000,0.0000,0,False,False,P,False,67.2,13.73,110150,42.77409,82.35,0.877,11.05,90.0,44.0,0.0
1788105277.9,0.00,703.0,0,0.260,0.000,0.0000,0,False,False,P,False,67.2,13.76,110150,42.77409,82.35,0.887,11.05,89.0,44.0,0.0
1788105278.1,0.00,705.8,0,0.260,0.000,0.0000,0,False,False,P,False,67.2,13.76,110150,42.77409,82.35,0.866,11.05,89.0,44.0,0.0
1788105278.3,0.00,706.2,0,0.260,0.000,0.0000,0,False,False,P,False,67.2,13.76,110150,42.77409,82.35,0.877,11.05,89.0,43.0,0.0
1788105278.5,0.00,706.8,0,0.260,0.000,0.0000,0,False,False,P,False,67.2,13.76,110150,42.77409,82.35,0.877,11.05,89.0,43.0,0.0
1788105278.7,0.00,704.0,0,0.260,0.000,0.0000,0,False,False,P,False,67.2,13.76,110150,42.77409,82.75,0.898,11.05,89.0,43.0,0.0
1788105278.9,0.00,703.2,0,0.260,0.000,0.0000,0,False,False,P,False,67.2,13.76,110150,42.77409,82.35,0.877,11.05,89.0,43.0,0.0
1788105279.1,0.00,702.5,0,0.260,0.000,0.0000,0,False,False,P,False,67.2,13.76,110150,42.77409,82.35,0.898,11.05,89.0,43.0,0.0
1788105279.3,0.00,703.5,0,0.260,0.000,0.0000,0,False,False,P,False,67.2,13.76,110150,42.77409,82.75,0.866,11.05,89.0,43.0,0.0
1788105279.5,0.00,703.5,0,0.260,0.000,0.0000,0,False,False,P,False,67.2,13.76,110150,42.77409,82.75,0.877,11.05,90.0,43.0,0.0
1788105279.7,0.00,701.5,0,0.260,0.000,0.0000,0,False,False,P,False,67.2,13.76,110150,42.77409,82.75,0.877,11.05,89.0,43.0,0.0
1788105279.9,0.00,699.5,0,0.260,0.000,0.0000,0,False,False,P,False,67.2,13.76,110150,42.77409,82.75,0.856,11.05,89.0,43.0,0.0
1788105280.1,0.00,699.5,0,0.260,0.000,0.0000,0,False,False,P,False,67.2,13.76,110150,42.77409,82.75,0.908,11.05,89.0,43.0,0.0
1788105280.3,0.00,697.0,0,0.260,0.000,0.0000,0,False,False,P,False,67.2,13.76,110150,42.77409,82.35,0.877,11.05,89.0,43.0,0.0
1788105280.5,0.00,697.8,0,0.260,0.000,0.0000,0,False,False,P,False,67.2,13.76,110150,42.77409,82.75,0.877,11.05,90.0,43.0,0.0
1788105280.8,0.00,698.5,0,0.260,0.000,0.0000,0,False,False,P,False,67.2,13.76,110150,42.77409,82.35,0.856,11.05,89.0,44.0,0.0
1788105281.0,0.00,699.2,0,0.260,0.000,0.0000,0,False,False,P,False,67.2,13.76,110150,42.77409,82.35,0.856,11.05,89.0,44.0,0.0
1788105281.2,0.00,701.0,0,0.260,0.000,0.0000,0,False,False,P,False,67.2,13.76,110150,42.77409,82.75,0.887,11.05,90.0,44.0,0.0
1788105281.4,0.00,701.8,0,0.260,0.000,0.0000,0,False,False,P,False,67.2,13.76,110150,42.77409,82.35,0.866,11.05,89.0,44.0,0.0
1788105281.6,0.00,703.5,0,0.260,0.000,0.0000,0,False,False,P,False,67.2,13.76,110150,42.77409,82.35,0.866,11.05,90.0,44.0,0.0
1788105281.8,0.00,702.2,0,0.260,0.000,0.0000,0,False,False,P,False,67.2,13.76,110150,42.77409,82.75,0.877,11.05,89.0,43.0,0.0
1788105282.0,0.00,703.5,0,0.260,0.000,0.0000,0,False,False,P,False,67.2,13.76,110150,42.77409,82.35,0.877,11.05,89.0,43.0,0.0
1788105282.2,0.00,704.0,0,0.260,0.000,0.0000,0,False,False,P,False,67.2,13.76,110150,42.77409,82.35,0.877,11.05,89.0,43.0,0.0
1788105282.4,0.00,704.8,0,0.260,0.000,0.0000,0,False,False,P,False,67.2,13.76,110150,42.77409,82.75,0.877,11.05,90.0,43.0,0.0
1788105282.6,0.00,706.0,0,0.260,0.000,0.0000,0,False,False,P,False,67.2,13.76,110150,42.77409,82.75,0.887,11.05,89.0,43.0,0.0
1788105282.8,0.00,706.2,0,0.260,0.000,0.0000,0,False,False,P,False,67.2,13.76,110150,42.77409,82.35,0.877,11.05,89.0,43.0,0.0
1788105283.0,0.00,704.8,0,0.260,0.000,0.0000,0,False,False,P,False,67.2,13.76,110150,42.77409,82.75,0.877,11.05,89.0,43.0,0.0
1788105283.2,0.00,703.5,0,0.260,0.000,0.0000,0,False,False,P,False,67.2,13.76,110150,42.77409,82.75,0.877,11.05,90.0,43.0,0.0
1788105283.4,0.00,703.0,0,0.260,0.000,0.0000,0,False,False,P,False,67.2,13.76,110150,42.77409,82.75,0.877,11.05,90.0,43.0,0.0
1788105283.6,0.00,703.2,0,0.260,0.000,0.0000,0,False,False,P,False,67.2,13.76,110150,42.77409,82.35,0.877,11.05,90.0,43.0,0.0
1788105283.8,0.00,703.0,0,0.260,0.000,0.0000,0,False,False,P,False,67.2,13.76,110150,42.77409,82.35,0.866,11.05,89.0,43.0,0.0
1788105284.0,0.00,701.0,0,0.260,0.000,0.0000,0,False,False,P,False,67.2,13.76,110150,42.77409,82.35,0.846,11.05,90.0,43.0,0.0
1788105284.2,0.00,689.5,0,0.260,0.000,0.0000,0,False,False,P,False,67.2,13.76,110150,42.77409,82.35,0.664,11.05,89.0,41.0,0.0
1788105284.4,0.00,719.5,0,0.260,0.000,0.0000,0,False,False,P,False,67.2,13.76,110150,42.77409,82.35,0.653,11.05,90.0,40.0,0.0
1788105284.6,0.00,747.5,0,0.260,0.000,0.0000,0,False,False,P,False,67.2,13.76,110150,42.77409,82.35,0.653,11.05,90.0,38.0,0.0
1788105284.8,0.00,747.5,0,0.260,0.000,0.0000,0,False,False,P,False,67.2,13.76,110150,42.77409,82.75,0.646,11.05,89.0,36.0,0.0
1788105285.0,0.00,743.5,0,0.260,0.000,0.0000,0,False,False,P,False,67.2,13.76,110150,42.77409,82.75,0.639,11.05,89.0,34.0,0.0
1788105285.2,0.00,742.5,0,0.260,0.000,0.0000,0,False,False,P,False,67.2,13.76,110150,42.77409,82.35,0.587,11.05,89.0,33.0,0.0
1788105285.4,0.00,725.8,0,0.260,0.000,0.0000,0,False,False,P,False,67.2,13.76,110150,42.77409,82.75,0.597,11.05,89.0,32.0,0.0
1788105285.6,0.00,713.5,0,0.260,0.000,0.0000,0,False,False,P,False,67.2,13.76,110150,42.77409,82.75,0.611,11.05,90.0,32.0,0.0
1788105285.8,0.00,712.5,0,0.260,0.000,0.0000,0,False,False,P,False,67.2,13.76,110150,42.77409,82.35,0.611,11.05,89.0,32.0,0.0
1788105286.0,0.00,707.8,0,0.260,0.000,0.0000,0,False,False,P,False,67.2,13.76,110150,42.77409,82.35,0.622,11.05,89.0,32.0,0.0
1788105286.2,0.00,707.2,0,0.260,0.000,0.0000,0,False,False,P,False,67.2,13.76,110150,42.77409,82.35,0.622,11.05,89.0,32.0,0.0
1788105286.5,0.00,709.5,0,0.260,0.000,0.0000,0,False,False,P,False,67.2,13.76,110150,42.77409,82.35,0.622,11.05,90.0,32.0,0.0
1788105286.7,0.00,712.8,0,0.260,0.000,0.0000,0,False,False,P,False,67.2,13.76,110150,42.77409,82.75,0.604,11.05,89.0,32.0,0.0
1788105286.9,0.00,717.8,0,0.260,0.000,0.0000,0,False,False,P,False,67.2,13.76,110150,42.77409,82.75,0.639,11.05,89.0,32.0,0.0
1788105287.1,0.00,721.8,0,0.260,0.000,0.0000,0,False,False,P,False,67.2,13.76,110150,42.77409,82.75,0.611,11.05,90.0,32.0,0.0
1788105287.3,0.00,720.2,0,0.260,0.000,0.0000,0,False,False,P,False,67.2,13.78,110150,42.77409,82.75,0.611,11.05,89.0,32.0,0.0
1788105287.5,0.00,713.2,0,0.260,0.000,0.0000,0,False,False,P,False,67.2,13.78,110150,42.77409,82.35,0.597,11.05,90.0,32.0,0.0
1788105287.7,0.00,717.5,0,0.260,0.000,0.0000,0,False,False,P,False,67.2,13.78,110150,42.77409,82.35,0.611,11.05,89.0,32.0,0.0
1788105287.9,0.00,715.8,0,0.260,0.000,0.0000,0,False,False,P,False,67.2,13.78,110150,42.77409,82.75,0.611,11.05,90.0,32.0,0.0
1788105288.1,0.00,716.5,0,0.260,0.000,0.0000,0,False,False,P,False,67.2,13.76,110150,42.77409,82.35,0.604,11.05,90.0,32.0,0.0
1788105288.3,0.00,714.5,0,0.260,0.000,0.0000,0,False,False,P,False,67.2,13.76,110150,42.77409,82.35,0.611,11.05,89.0,32.0,0.0
1788105288.5,0.00,708.5,0,0.260,0.000,0.0000,0,False,False,P,False,67.2,13.76,110150,42.77409,82.35,0.611,11.05,90.0,32.0,0.0
1788105288.7,0.00,701.0,0,0.260,0.000,0.0000,0,False,False,P,False,67.2,13.76,110150,42.77409,82.75,0.622,11.05,89.0,32.0,0.0
1788105288.9,0.00,704.2,0,0.260,0.000,0.0000,0,False,False,P,False,67.2,13.76,110150,42.77409,82.35,0.611,11.05,89.0,32.0,0.0
1788105289.1,0.00,707.8,0,0.260,0.000,0.0000,0,False,False,P,False,67.2,13.76,110150,42.77409,82.35,0.622,11.05,90.0,32.0,0.0
1788105289.3,0.00,710.2,0,0.260,0.000,0.0000,0,False,False,P,False,67.2,13.76,110150,42.77409,82.35,0.622,11.04,89.0,32.0,0.0
1788105289.5,0.00,708.8,0,0.260,0.000,0.0000,0,False,False,P,False,67.2,13.76,110150,42.77409,82.35,0.611,11.04,89.0,32.0,0.0
1788105289.7,0.00,706.5,0,0.260,0.000,0.0000,0,False,False,P,False,67.2,13.76,110150,42.77409,82.35,0.604,11.04,89.0,32.0,0.0
1788105289.9,0.00,711.8,0,0.260,0.000,0.0000,0,False,False,P,False,67.2,13.76,110150,42.77409,82.75,0.604,11.04,90.0,32.0,0.0
1788105290.1,0.00,708.5,0,0.260,0.000,0.0000,0,False,False,P,False,67.2,13.76,110150,42.77409,82.35,0.604,11.04,89.0,32.0,0.0
1788105290.3,0.00,711.0,0,0.260,0.000,0.0000,0,False,False,P,False,67.2,13.77,110150,42.77409,82.75,0.611,11.04,90.0,32.0,0.0
1788105290.5,0.00,710.8,0,0.260,0.000,0.0000,0,False,False,P,False,67.2,13.77,110150,42.77409,81.96,0.587,11.04,90.0,32.0,0.0
1788105290.7,0.00,712.8,0,0.260,0.000,0.0000,0,False,False,P,False,67.2,13.77,110150,42.77409,82.35,0.587,11.04,90.0,32.0,0.0
1788105290.9,0.00,710.8,0,0.260,0.000,0.0000,0,False,False,P,False,67.2,13.77,110150,42.77409,82.35,0.629,11.04,90.0,32.0,0.0
1788105291.1,0.00,710.0,0,0.260,0.000,0.0000,0,False,False,P,False,67.2,13.77,110150,42.77409,82.35,0.604,11.04,90.0,31.0,0.0
1788105291.3,0.00,713.5,0,0.260,0.000,0.0000,0,False,False,P,False,67.2,13.77,110150,42.77409,82.75,0.597,11.04,90.0,32.0,0.0
1788105291.5,0.00,709.8,0,0.260,0.000,0.0000,0,False,False,P,False,67.2,13.77,110150,42.77409,82.75,0.604,11.04,90.0,31.0,0.0
1788105291.7,0.00,711.8,0,0.260,0.000,0.0000,0,False,False,P,False,67.2,13.77,110150,42.77409,82.35,0.622,11.04,90.0,31.0,0.0
1788105291.9,0.00,710.0,0,0.260,0.000,0.0000,0,False,False,P,False,67.2,13.77,110150,42.77409,82.35,0.622,11.04,90.0,32.0,0.0
1788105292.1,0.00,708.8,0,0.260,0.000,0.0000,0,False,False,P,False,67.2,13.77,110150,42.77409,82.35,0.597,11.04,90.0,31.0,0.0
1788105292.3,0.00,700.8,0,0.260,0.000,0.0000,0,False,False,P,False,67.2,13.77,110150,42.77409,82.35,1.191,11.04,90.0,32.0,0.0
1788105292.6,0.00,759.0,0,0.260,0.000,0.0000,0,False,False,P,False,67.2,13.77,110150,42.77409,82.75,0.866,11.04,90.0,38.0,0.0
1788105292.8,0.00,757.0,0,0.260,0.000,0.0000,0,False,False,P,False,67.2,13.77,110150,42.77409,82.75,0.846,11.04,89.0,38.0,0.0
1788105293.0,0.00,734.2,0,0.260,0.000,0.0000,0,False,False,P,False,67.2,13.77,110150,42.77409,82.35,0.933,11.04,90.0,40.0,0.0
1788105293.2,0.00,736.2,0,0.260,0.000,0.0000,0,False,False,P,False,67.2,13.77,110150,42.77409,82.75,0.877,11.04,90.0,40.0,0.0
1788105293.4,0.00,724.5,0,0.260,0.000,0.0000,0,False,False,P,False,67.2,13.39,110150,42.77409,82.35,0.989,11.04,90.0,41.0,0.0
1788105293.6,0.00,726.8,0,0.260,0.000,0.0000,0,False,False,P,False,67.2,13.39,110150,42.77409,82.35,0.943,11.04,90.0,43.0,0.0
1788105293.8,0.00,728.8,0,0.260,0.000,0.0000,0,False,False,P,False,67.2,13.39,110150,42.77409,82.75,0.908,11.04,89.0,43.0,0.0
1788105294.0,0.00,731.5,0,0.260,0.000,0.0000,0,False,False,P,False,67.2,13.39,110150,42.77409,82.35,0.922,11.04,90.0,43.0,0.0
1788105294.2,0.00,729.2,0,0.260,0.000,0.0000,0,False,False,P,False,67.2,13.39,110150,42.77409,82.35,0.898,11.04,90.0,43.0,0.0
1788105294.4,0.00,721.2,0,0.260,0.000,0.0000,0,False,False,P,False,67.2,13.39,110150,42.77409,82.75,0.887,11.04,90.0,43.0,0.0
1788105294.6,0.00,717.0,0,0.260,0.000,0.0000,0,False,False,P,False,67.2,13.39,110150,42.77409,82.35,0.898,11.04,90.0,43.0,0.0
1788105294.8,0.00,712.2,0,0.260,0.000,0.0000,0,False,False,P,False,67.2,13.39,110150,42.77409,82.35,0.943,11.04,90.0,44.0,0.0
1788105295.0,0.00,708.2,0,0.260,0.000,0.0000,0,False,False,P,False,67.2,13.39,110150,42.77409,82.75,0.933,11.04,90.0,44.0,0.0
1788105295.2,0.00,707.2,0,0.260,0.000,0.0000,0,False,False,P,False,67.2,13.44,110150,42.77409,82.75,0.933,11.04,90.0,45.0,0.0
1788105295.4,0.00,709.0,0,0.260,0.000,0.0000,0,False,False,P,False,67.2,13.44,110150,42.77409,82.35,0.964,11.04,90.0,45.0,0.0
1788105295.6,0.00,718.8,0,0.260,0.000,0.0000,0,False,False,P,False,67.2,13.44,110150,42.77409,82.35,0.978,11.04,90.0,46.0,0.0
1788105295.8,0.00,730.2,0,0.260,0.000,0.0000,0,False,False,P,False,67.2,13.44,110150,42.77409,82.75,0.933,11.04,90.0,46.0,0.0
1788105296.0,0.00,743.2,0,0.260,0.000,0.0000,0,False,False,P,False,67.2,13.44,110150,42.77409,82.75,0.943,11.04,89.0,45.0,0.0
1788105296.2,0.00,746.5,0,0.260,0.000,0.0000,0,False,False,P,False,67.2,13.44,110150,42.77409,82.75,0.887,11.04,90.0,44.0,0.0
1788105296.4,0.00,741.8,0,0.260,0.000,0.0000,0,False,False,P,False,67.2,13.78,110150,42.77409,82.75,0.887,11.04,90.0,44.0,0.0
1788105296.6,0.00,736.0,0,0.260,0.000,0.0000,0,False,False,P,False,67.2,13.78,110150,42.77409,82.75,0.877,11.04,90.0,43.0,0.0
1788105296.8,0.00,726.8,0,0.260,0.000,0.0000,0,False,False,P,False,67.2,13.78,110150,42.77409,82.75,0.887,11.04,90.0,43.0,0.0
1788105297.0,0.00,722.0,0,0.260,0.000,0.0000,0,False,False,P,False,67.2,13.78,110150,42.77409,82.35,0.908,11.04,90.0,43.0,0.0
1788105297.2,0.00,717.2,0,0.260,0.000,0.0000,0,False,False,P,False,67.2,13.78,110150,42.77409,82.35,0.908,11.04,90.0,43.0,0.0
1788105297.4,0.00,715.2,0,0.260,0.000,0.0000,0,False,False,P,False,67.2,13.78,110150,42.77409,82.35,0.898,11.04,90.0,43.0,0.0
1788105297.6,0.00,713.0,0,0.260,0.000,0.0000,0,False,False,P,False,67.2,13.78,110150,42.77409,82.75,0.898,11.04,90.0,43.0,0.0
1788105297.8,0.00,712.2,0,0.260,0.000,0.0000,0,False,False,P,False,67.2,13.78,110150,42.77409,82.75,0.922,11.04,90.0,43.0,0.0
1788105298.0,0.00,713.2,0,0.260,0.000,0.0000,0,False,False,P,False,67.2,13.78,110150,42.77409,82.35,0.887,11.04,90.0,43.0,0.0
1788105298.3,0.00,712.0,0,0.260,0.000,0.0000,0,False,False,P,False,67.2,13.78,110150,42.77409,82.35,0.908,11.04,90.0,43.0,0.0
1788105298.5,0.00,712.8,0,0.260,0.000,0.0000,0,False,False,P,False,67.2,13.78,110150,42.77409,82.75,0.908,11.04,90.0,43.0,0.0
1788105298.7,0.00,711.8,0,0.260,0.000,0.0000,0,False,False,P,False,67.2,13.78,110150,42.77409,82.75,0.908,11.04,90.0,43.0,0.0
1788105298.9,0.00,712.5,0,0.260,0.000,0.0000,0,False,False,P,False,67.2,13.78,110150,42.77409,82.35,0.887,11.04,90.0,43.0,0.0
1788105299.1,0.00,712.5,0,0.260,0.000,0.0000,0,False,False,P,False,67.2,13.78,110150,42.77409,81.96,0.887,11.04,90.0,43.0,0.0
1788105299.3,0.00,714.8,0,0.260,0.000,0.0000,0,False,False,P,False,67.2,13.78,110150,42.77409,82.35,0.877,11.04,90.0,43.0,0.0
1788105299.5,0.00,717.2,0,0.260,0.000,0.0000,0,False,False,P,False,67.2,13.78,110150,42.77409,82.75,0.877,11.04,89.0,43.0,0.0
1788105299.7,0.00,713.2,0,0.260,0.000,0.0000,0,False,False,P,False,67.2,13.75,110150,42.77409,82.35,0.898,11.04,89.0,43.0,0.0
1788105299.9,0.00,709.2,0,0.260,0.000,0.0000,0,False,False,P,False,67.2,13.75,110150,42.77409,82.35,0.877,11.04,90.0,43.0,0.0
1788105300.1,0.00,706.8,0,0.260,0.000,0.0000,0,False,False,P,False,67.2,13.75,110150,42.77409,82.75,0.898,11.04,90.0,43.0,0.0
1788105300.3,0.00,705.5,0,0.260,0.000,0.0000,0,False,False,P,False,67.2,13.75,110150,42.77409,82.35,0.887,11.04,90.0,43.0,0.0
1788105300.5,0.00,701.5,0,0.260,0.000,0.0000,0,False,False,P,False,67.2,13.75,110150,42.77409,82.35,0.866,11.04,90.0,43.0,0.0
1788105300.7,0.00,702.8,0,0.260,0.000,0.0000,0,False,False,P,False,67.2,13.75,110150,42.77409,82.35,0.898,11.04,90.0,44.0,0.0
1788105300.9,0.00,703.2,0,0.260,0.000,0.0000,0,False,False,P,False,67.2,13.75,110150,42.77409,82.75,0.877,11.04,90.0,44.0,0.0
1788105301.1,0.00,701.8,0,0.260,0.000,0.0000,0,False,False,P,False,67.2,13.75,110150,42.77409,82.75,0.877,11.04,90.0,44.0,0.0
1788105301.3,0.00,704.5,0,0.260,0.000,0.0000,0,False,False,P,False,67.2,13.75,110150,42.77409,82.35,0.887,11.04,90.0,44.0,0.0
1788105301.5,0.00,707.8,0,0.260,0.000,0.0000,0,False,False,P,False,67.2,13.75,110150,42.77409,82.75,0.887,11.04,90.0,44.0,0.0
1788105301.7,0.00,706.8,0,0.260,0.000,0.0000,0,False,False,P,False,67.2,13.75,110150,42.77409,82.75,0.877,11.04,90.0,43.0,0.0
1788105301.9,0.00,708.5,0,0.260,0.000,0.0000,0,False,False,P,False,67.2,13.75,110150,42.77409,82.75,0.866,11.04,90.0,43.0,0.0
1788105302.1,0.00,709.0,0,0.260,0.000,0.0000,0,False,False,P,False,67.2,13.75,110150,42.77409,82.75,0.898,11.04,90.0,43.0,0.0
1788105302.3,0.00,708.8,0,0.260,0.000,0.0000,0,False,False,P,False,67.2,13.75,110150,42.77409,82.75,0.866,11.04,90.0,43.0,0.0
1788105302.5,0.00,708.5,0,0.260,0.000,0.0000,0,False,False,P,False,67.2,13.75,110150,42.77409,82.75,0.887,11.04,90.0,43.0,0.0
1788105302.7,0.00,705.0,0,0.260,0.000,0.0000,0,False,False,P,False,67.2,13.74,110150,42.77409,82.35,0.898,11.04,90.0,43.0,0.0
1788105302.9,0.00,705.2,0,0.260,0.000,0.0000,0,False,False,P,False,67.2,13.74,110150,42.77409,82.35,0.877,11.04,90.0,43.0,0.0
1788105303.1,0.00,703.0,0,0.260,0.000,0.0000,0,False,False,P,False,67.2,13.74,110150,42.77409,82.75,0.877,11.04,89.0,43.0,0.0
1788105303.3,0.00,701.8,0,0.260,0.000,0.0000,0,False,False,P,False,67.2,13.74,110150,42.77409,82.35,0.866,11.04,90.0,43.0,0.0
1788105303.5,0.00,701.5,0,0.260,0.000,0.0000,0,False,False,P,False,67.2,13.74,110150,42.77409,82.35,0.856,11.04,90.0,43.0,0.0
1788105303.7,0.00,699.8,0,0.260,0.000,0.0000,0,False,False,P,False,67.2,13.74,110150,42.77409,82.75,0.856,11.04,90.0,43.0,0.0
1788105303.9,0.00,698.8,0,0.260,0.000,0.0000,0,False,False,P,False,67.2,13.74,110150,42.77409,82.35,0.866,11.04,89.0,43.0,0.0
1788105304.1,0.00,701.0,0,0.260,0.000,0.0000,0,False,False,P,False,67.2,13.74,110150,42.77409,82.75,0.877,11.04,90.0,44.0,0.0
1788105304.4,0.00,703.2,0,0.260,0.000,0.0000,0,False,False,P,False,67.2,13.74,110150,42.77409,82.75,0.856,11.03,90.0,44.0,0.0
1788105304.6,0.00,705.5,0,0.260,0.000,0.0000,0,False,False,P,False,67.2,13.74,110150,42.77409,82.75,0.856,11.03,89.0,43.0,0.0
1788105304.8,0.00,706.2,0,0.260,0.000,0.0000,0,False,False,P,False,67.2,13.74,110150,42.77409,82.35,0.866,11.03,90.0,43.0,0.0
1788105305.0,0.00,705.5,0,0.260,0.000,0.0000,0,False,False,P,False,67.2,13.74,110150,42.77409,82.35,0.887,11.03,90.0,43.0,0.0
1788105305.2,0.00,704.0,0,0.260,0.000,0.0000,0,False,False,P,False,67.2,13.74,110150,42.77409,82.75,0.877,11.03,90.0,43.0,0.0
1788105305.4,0.00,704.2,0,0.260,0.000,0.0000,0,False,False,P,False,67.2,13.74,110150,42.77409,82.75,0.856,11.03,90.0,43.0,0.0
1788105305.6,0.00,706.0,0,0.260,0.000,0.0000,0,False,False,P,False,67.2,13.74,110150,42.77409,82.75,0.887,11.03,89.0,43.0,0.0
1788105305.8,0.00,707.2,0,0.260,0.000,0.0000,0,False,False,P,False,67.2,13.76,110150,42.77409,82.35,0.856,11.03,90.0,43.0,0.0
1788105306.0,0.00,706.0,0,0.260,0.000,0.0000,0,False,False,P,False,67.2,13.76,110150,42.77409,82.75,0.898,11.03,89.0,43.0,0.0
1788105306.2,0.00,706.2,0,0.260,0.000,0.0000,0,False,False,P,False,67.2,13.76,110150,42.77409,82.35,0.887,11.03,90.0,43.0,0.0
1788105306.4,0.00,707.5,0,0.260,0.000,0.0000,0,False,False,P,False,67.2,13.76,110150,42.77409,82.75,0.898,11.03,89.0,43.0,0.0
1788105306.6,0.00,707.5,0,0.260,0.000,0.0000,0,False,False,P,False,67.2,13.76,110150,42.77409,82.35,0.866,11.03,90.0,43.0,0.0
1788105306.8,0.00,699.0,0,0.260,0.000,0.0000,0,False,False,P,False,67.2,13.76,110150,42.77409,82.75,0.671,11.03,89.0,42.0,0.0
1788105307.0,0.00,735.0,0,0.260,0.000,0.0000,0,False,False,P,False,67.2,13.76,110150,42.77409,82.75,0.671,11.03,90.0,39.0,0.0
1788105307.2,0.00,749.8,0,0.260,0.000,0.0000,0,False,False,P,False,67.2,13.76,110150,42.77409,82.75,0.646,11.03,90.0,38.0,0.0
1788105307.4,0.00,749.8,0,0.260,0.000,0.0000,0,False,False,P,False,67.2,13.76,110150,42.77409,82.35,0.639,11.03,90.0,37.0,0.0
1788105307.6,0.00,746.5,0,0.260,0.000,0.0000,0,False,False,P,False,67.2,13.76,110150,42.77409,82.75,0.597,11.03,90.0,34.0,0.0
1788105307.8,0.00,740.5,0,0.260,0.000,0.0000,0,False,False,P,False,67.2,13.76,110150,42.77409,82.75,0.580,11.03,90.0,33.0,0.0
1788105308.0,0.00,724.8,0,0.260,0.000,0.0000,0,False,False,P,False,67.2,13.76,110150,42.77409,82.35,0.587,11.03,89.0,32.0,0.0
1788105308.2,0.00,717.8,0,0.260,0.000,0.0000,0,False,False,P,False,67.2,13.76,110150,42.77409,82.75,0.622,11.03,90.0,32.0,0.0
1788105308.4,0.00,711.0,0,0.260,0.000,0.0000,0,False,False,P,False,67.2,13.76,110150,42.77409,82.35,0.604,11.03,90.0,32.0,0.0
1788105308.6,0.00,708.0,0,0.260,0.000,0.0000,0,False,False,P,False,67.2,13.76,110150,42.77409,82.35,0.611,11.03,89.0,32.0,0.0
1788105308.8,0.00,706.0,0,0.260,0.000,0.0000,0,False,False,P,False,67.2,13.74,110150,42.77409,82.75,0.629,11.03,90.0,32.0,0.0
1788105309.0,0.00,708.8,0,0.260,0.000,0.0000,0,False,False,P,False,67.2,13.74,110150,42.77409,82.35,0.604,11.03,90.0,32.0,0.0
1788105309.2,0.00,714.8,0,0.260,0.000,0.0000,0,False,False,P,False,67.2,13.74,110150,42.77409,82.75,0.622,11.03,90.0,32.0,0.0
1788105309.4,0.00,716.2,0,0.260,0.000,0.0000,0,False,False,P,False,67.2,13.74,110150,42.77409,82.75,0.622,11.03,90.0,32.0,0.0
1788105309.6,0.00,717.0,0,0.260,0.000,0.0000,0,False,False,P,False,67.2,13.74,110150,42.77409,82.35,0.611,11.03,90.0,32.0,0.0
1788105309.8,0.00,713.5,0,0.260,0.000,0.0000,0,False,False,P,False,67.2,13.74,110150,42.77409,81.96,0.597,11.03,90.0,32.0,0.0
1788105310.0,0.00,712.2,0,0.260,0.000,0.0000,0,False,False,P,False,67.2,13.74,110150,42.77409,82.75,0.604,11.03,90.0,32.0,0.0
1788105310.2,0.00,712.2,0,0.260,0.000,0.0000,0,False,False,P,False,67.2,13.74,110150,42.77409,82.35,0.604,11.03,90.0,32.0,0.0
1788105310.5,0.00,712.0,0,0.260,0.000,0.0000,0,False,False,P,False,67.2,13.74,110150,42.77409,82.35,0.604,11.03,90.0,32.0,0.0
1788105310.7,0.00,712.0,0,0.260,0.000,0.0000,0,False,False,P,False,67.2,13.74,110150,42.77409,82.35,0.611,11.03,90.0,32.0,0.0
1788105310.9,0.00,714.2,0,0.260,0.000,0.0000,0,False,False,P,False,67.2,13.74,110150,42.77409,82.75,0.604,11.03,89.0,32.0,0.0
1788105311.1,0.00,714.8,0,0.260,0.000,0.0000,0,False,False,P,False,67.2,13.74,110150,42.77409,82.75,0.611,11.03,90.0,32.0,0.0
1788105311.3,0.00,712.0,0,0.260,0.000,0.0000,0,False,False,P,False,67.2,13.74,110150,42.77409,82.35,0.604,11.03,90.0,32.0,0.0
1788105311.5,0.00,708.5,0,0.260,0.000,0.0000,0,False,False,P,False,67.2,13.74,110150,42.77409,82.75,0.611,11.03,90.0,32.0,0.0
1788105311.7,0.00,710.8,0,0.260,0.000,0.0000,0,False,False,P,False,67.2,13.74,110150,42.77409,82.75,0.611,11.03,90.0,31.0,0.0
1788105311.9,0.00,708.5,0,0.260,0.000,0.0000,0,False,False,P,False,67.2,13.74,110150,42.77409,82.75,0.604,11.03,90.0,32.0,0.0
1788105312.1,0.00,709.0,0,0.260,0.000,0.0000,0,False,False,P,False,67.2,13.77,110150,42.77409,82.75,0.604,11.03,90.0,32.0,0.0
1788105312.3,0.00,710.8,0,0.260,0.000,0.0000,0,False,False,P,False,67.2,13.77,110150,42.77409,82.35,0.611,11.03,90.0,32.0,0.0
1788105312.5,0.00,708.5,0,0.260,0.000,0.0000,0,False,False,P,False,67.2,13.77,110150,42.77409,82.35,0.604,11.03,90.0,32.0,0.0
1788105312.7,0.00,709.5,0,0.260,0.000,0.0000,0,False,False,P,False,67.2,13.77,110150,42.77409,82.35,0.622,11.03,90.0,32.0,0.0
1788105312.9,0.00,709.0,0,0.260,0.000,0.0000,0,False,False,P,False,67.2,13.77,110150,42.77409,82.35,0.611,11.03,90.0,32.0,0.0
1788105313.1,0.00,708.2,0,0.260,0.000,0.0000,0,False,False,P,False,67.2,13.77,110150,42.77409,82.75,0.611,11.03,90.0,32.0,0.0
1788105313.3,0.00,706.8,0,0.260,0.000,0.0000,0,False,False,P,False,67.2,13.77,110150,42.77409,82.75,0.597,11.03,90.0,32.0,0.0
1788105313.5,0.00,705.5,0,0.260,0.000,0.0000,0,False,False,P,False,67.2,13.77,110150,42.77409,82.75,0.611,11.03,90.0,32.0,0.0
1788105313.7,0.00,711.2,0,0.260,0.000,0.0000,0,False,False,P,False,67.2,13.77,110150,42.77409,82.35,0.604,11.03,90.0,32.0,0.0
1788105313.9,0.00,710.2,0,0.260,0.000,0.0000,0,False,False,P,False,67.2,13.77,110150,42.77409,82.35,0.604,11.03,90.0,32.0,0.0
1788105314.1,0.00,710.0,0,0.260,0.000,0.0000,0,False,False,P,False,67.2,13.77,110150,42.77409,82.35,0.604,11.03,90.0,32.0,0.0
1788105314.3,0.00,712.2,0,0.260,0.000,0.0000,0,False,False,P,False,67.2,13.77,110150,42.77409,82.35,0.604,11.03,90.0,32.0,0.0
1788105314.5,0.00,712.8,0,0.260,0.000,0.0000,0,False,False,P,False,67.2,13.77,110150,42.77409,82.35,0.629,11.03,90.0,31.0,0.0
1788105314.7,0.00,713.2,0,0.260,0.000,0.0000,0,False,False,P,False,67.2,13.77,110150,42.77409,82.35,0.604,11.03,90.0,32.0,0.0
1788105314.9,0.00,715.0,0,0.260,0.000,0.0000,0,False,False,P,False,67.2,13.77,110150,42.77409,82.35,0.611,11.03,90.0,31.0,0.0
1788105315.1,0.00,710.5,0,0.260,0.000,0.0000,0,False,False,P,False,67.2,13.76,110150,42.77409,82.35,1.600,11.03,90.0,37.0,0.0
1788105315.3,0.00,785.0,0,0.260,0.000,0.0000,0,False,False,P,False,67.2,13.76,110150,42.77409,82.35,0.866,11.03,90.0,40.0,0.0
1788105315.5,0.00,757.2,0,0.260,0.000,0.0000,0,False,False,P,False,67.2,13.76,110150,42.77409,82.75,0.804,11.03,90.0,39.0,0.0
1788105315.7,0.00,744.8,0,0.260,0.000,0.0000,0,False,False,P,False,67.2,13.76,110150,42.77409,82.75,0.954,11.03,90.0,40.0,0.0
1788105315.9,0.00,740.0,0,0.260,0.000,0.0000,0,False,False,P,False,67.2,13.76,110150,42.77409,82.75,0.856,11.03,90.0,41.0,0.0
1788105316.1,0.00,731.2,0,0.260,0.000,0.0000,0,False,False,P,False,67.2,13.76,110150,42.77409,82.35,0.943,11.03,90.0,42.0,0.0
1788105316.3,0.00,736.8,0,0.260,0.000,0.0000,0,False,False,P,False,67.2,13.76,110150,42.77409,82.75,0.908,11.03,90.0,43.0,0.0
1788105316.6,0.00,734.5,0,0.260,0.000,0.0000,0,False,False,P,False,67.2,13.76,110150,42.77409,82.35,0.898,11.03,90.0,43.0,0.0
1788105316.8,0.00,729.8,0,0.260,0.000,0.0000,0,False,False,P,False,67.2,13.76,110150,42.77409,82.75,0.922,11.03,90.0,43.0,0.0
1788105317.0,0.00,726.5,0,0.260,0.000,0.0000,0,False,False,P,False,67.2,13.76,110150,42.77409,82.75,0.887,11.03,90.0,43.0,0.0
1788105317.2,0.00,721.2,0,0.260,0.000,0.0000,0,False,False,P,False,67.2,13.76,110150,42.77409,82.35,0.898,11.03,90.0,43.0,0.0
1788105317.4,0.00,717.2,0,0.260,0.000,0.0000,0,False,False,P,False,67.2,13.76,110150,42.77409,82.75,0.922,11.03,90.0,43.0,0.0
1788105317.6,0.00,714.2,0,0.260,0.000,0.0000,0,False,False,P,False,67.2,13.76,110150,42.77409,82.75,0.933,11.03,90.0,44.0,0.0
1788105317.8,0.00,715.5,0,0.260,0.000,0.0000,0,False,False,P,False,67.2,13.76,110150,42.77409,82.75,0.954,11.03,90.0,44.0,0.0
1788105318.0,0.00,715.8,0,0.260,0.000,0.0000,0,False,False,P,False,67.2,13.76,110150,42.77409,82.75,0.954,11.03,90.0,45.0,0.0
1788105318.2,0.00,718.8,0,0.260,0.000,0.0000,0,False,False,P,False,67.2,13.55,110150,42.77409,82.75,0.964,11.03,90.0,45.0,0.0
1788105318.4,0.00,722.2,0,0.260,0.000,0.0000,0,False,False,P,False,67.2,13.55,110150,42.77409,82.75,0.943,11.03,90.0,45.0,0.0
1788105318.6,0.00,729.2,0,0.260,0.000,0.0000,0,False,False,P,False,67.2,13.55,110150,42.77409,82.75,0.922,11.03,90.0,45.0,0.0
1788105318.8,0.00,741.2,0,0.260,0.000,0.0000,0,False,False,P,False,67.2,13.55,110150,42.77409,82.75,0.877,11.03,90.0,45.0,0.0
1788105319.0,0.00,741.5,0,0.260,0.000,0.0000,0,False,False,P,False,67.2,13.55,110150,42.77409,82.35,0.866,11.03,90.0,44.0,0.0
1788105319.2,0.00,736.0,0,0.260,0.000,0.0000,0,False,False,P,False,67.2,13.55,110150,42.77409,82.75,0.877,11.03,90.0,43.0,0.0
1788105319.4,0.00,728.8,0,0.260,0.000,0.0000,0,False,False,P,False,67.2,13.55,110150,42.77409,82.75,0.877,11.03,90.0,43.0,0.0
1788105319.6,0.00,721.2,0,0.260,0.000,0.0000,0,False,False,P,False,67.2,13.55,110150,42.77409,82.75,0.856,11.03,90.0,43.0,0.0
1788105319.8,0.00,713.0,0,0.260,0.000,0.0000,0,False,False,P,False,67.2,13.55,110150,42.77409,82.75,0.877,11.03,90.0,43.0,0.0
1788105320.0,0.00,708.8,0,0.260,0.000,0.0000,0,False,False,P,False,67.2,13.55,110150,42.77409,82.75,0.877,11.03,90.0,43.0,0.0
1788105320.2,0.00,703.2,0,0.260,0.000,0.0000,0,False,False,P,False,67.2,13.55,110150,42.77409,82.35,0.887,11.03,90.0,43.0,0.0
1788105320.4,0.00,698.8,0,0.260,0.000,0.0000,0,False,False,P,False,67.2,13.55,110150,42.77409,82.35,0.887,11.03,90.0,43.0,0.0
1788105320.6,0.00,696.0,0,0.260,0.000,0.0000,0,False,False,P,False,67.2,13.55,110150,42.77409,82.75,0.866,11.03,90.0,44.0,0.0
1788105320.8,0.00,696.2,0,0.260,0.000,0.0000,0,False,False,P,False,67.2,13.55,110150,42.77409,82.75,0.887,11.03,90.0,44.0,0.0
1788105321.0,0.00,701.8,0,0.260,0.000,0.0000,0,False,False,P,False,67.2,13.55,110150,42.77409,82.75,0.898,11.02,90.0,44.0,0.0
1788105321.2,0.00,707.8,0,0.260,0.000,0.0000,0,False,False,P,False,67.2,13.55,110150,42.77409,82.75,0.846,11.02,90.0,44.0,0.0
1788105321.4,0.00,714.5,0,0.260,0.000,0.0000,0,False,False,P,False,67.2,13.55,110150,42.77409,82.35,0.877,11.02,90.0,44.0,0.0
1788105321.6,0.00,719.0,0,0.260,0.000,0.0000,0,False,False,P,False,67.2,13.55,110150,42.77409,82.35,0.887,11.02,90.0,43.0,0.0
1788105321.8,0.00,717.2,0,0.260,0.000,0.0000,0,False,False,P,False,67.2,13.55,110150,42.77409,82.35,0.877,11.02,90.0,43.0,0.0
1788105322.1,0.00,714.0,0,0.260,0.000,0.0000,0,False,False,P,False,67.2,13.55,110150,42.77409,82.75,0.898,11.02,90.0,43.0,0.0
1788105322.3,0.00,715.0,0,0.260,0.000,0.0000,0,False,False,P,False,67.2,13.55,110150,42.77409,82.75,0.887,11.02,90.0,43.0,0.0
1788105322.5,0.00,711.5,0,0.260,0.000,0.0000,0,False,False,P,False,67.2,13.55,110150,42.77409,82.35,0.866,11.02,90.0,43.0,0.0
1788105322.7,0.00,707.0,0,0.260,0.000,0.0000,0,False,False,P,False,67.2,13.55,110150,42.77409,82.35,0.877,11.02,90.0,43.0,0.0
1788105322.9,0.00,704.5,0,0.260,0.000,0.0000,0,False,False,P,False,67.2,13.55,110150,42.77409,82.75,0.898,11.02,90.0,43.0,0.0
1788105323.1,0.00,704.5,0,0.260,0.000,0.0000,0,False,False,P,False,67.2,13.74,110150,42.77409,82.75,0.898,11.02,90.0,43.0,0.0
1788105323.3,0.00,704.2,0,0.260,0.000,0.0000,0,False,False,P,False,67.2,13.74,110150,42.77409,82.35,0.856,11.02,90.0,43.0,0.0
1788105323.5,0.00,703.2,0,0.260,0.000,0.0000,0,False,False,P,False,67.2,13.74,110150,42.77409,82.75,0.887,11.02,90.0,43.0,0.0
1788105323.7,0.00,701.5,0,0.260,0.000,0.0000,0,False,False,P,False,67.2,13.74,110150,42.77409,82.75,0.887,11.02,90.0,43.0,0.0
1788105323.9,0.00,699.8,0,0.260,0.000,0.0000,0,False,False,P,False,67.2,13.74,110150,42.77409,82.75,0.877,11.02,90.0,43.0,0.0
1788105324.1,0.00,700.5,0,0.260,0.000,0.0000,0,False,False,P,False,67.2,13.74,110150,42.77409,82.35,0.898,11.02,90.0,43.0,0.0
1788105324.3,0.00,701.5,0,0.260,0.000,0.0000,0,False,False,P,False,67.2,13.74,110150,42.77409,82.75,0.877,11.02,90.0,43.0,0.0
1788105324.5,0.00,704.5,0,0.260,0.000,0.0000,0,False,False,P,False,67.2,13.75,110150,42.77409,82.75,0.856,11.02,90.0,43.0,0.0
1788105324.7,0.00,704.2,0,0.260,0.000,0.0000,0,False,False,P,False,67.2,13.75,110150,42.77409,82.35,0.866,11.02,90.0,43.0,0.0
1788105324.9,0.00,707.2,0,0.260,0.000,0.0000,0,False,False,P,False,67.2,13.75,110150,42.77409,82.35,0.877,11.02,90.0,43.0,0.0
1788105325.1,0.00,707.0,0,0.260,0.000,0.0000,0,False,False,P,False,67.2,13.75,110150,42.77409,82.75,0.856,11.02,90.0,43.0,0.0
1788105325.3,0.00,708.0,0,0.260,0.000,0.0000,0,False,False,P,False,67.2,13.75,110150,42.77409,82.75,0.856,11.02,90.0,43.0,0.0
1788105325.5,0.00,707.2,0,0.260,0.000,0.0000,0,False,False,P,False,67.2,13.75,110150,42.77409,82.35,0.887,11.02,90.0,43.0,0.0
1788105325.7,0.00,704.5,0,0.260,0.000,0.0000,0,False,False,P,False,67.2,13.75,110150,42.77409,82.35,0.877,11.02,90.0,43.0,0.0
1788105325.9,0.00,700.8,0,0.260,0.000,0.0000,0,False,False,P,False,67.2,13.75,110150,42.77409,82.75,0.866,11.02,90.0,43.0,0.0
1788105326.1,0.00,698.2,0,0.260,0.000,0.0000,0,False,False,P,False,67.2,13.75,110150,42.77409,82.35,0.866,11.02,90.0,43.0,0.0
1788105326.3,0.00,698.8,0,0.260,0.000,0.0000,0,False,False,P,False,67.2,13.75,110150,42.77409,82.75,0.866,11.02,90.0,43.0,0.0
1788105326.5,0.00,697.2,0,0.260,0.000,0.0000,0,False,False,P,False,67.2,13.75,110150,42.77409,82.35,0.877,11.02,90.0,43.0,0.0
1788105326.7,0.00,696.8,0,0.260,0.000,0.0000,0,False,False,P,False,67.2,13.75,110150,42.77409,82.35,0.866,11.02,90.0,43.0,0.0
1788105326.9,0.00,698.0,0,0.260,0.000,0.0000,0,False,False,P,False,67.2,13.75,110150,42.77409,82.35,0.856,11.02,90.0,44.0,0.0
1788105327.1,0.00,700.5,0,0.260,0.000,0.0000,0,False,False,P,False,67.2,13.75,110150,42.77409,82.35,0.877,11.02,90.0,44.0,0.0
1788105327.3,0.00,702.2,0,0.260,0.000,0.0000,0,False,False,P,False,67.2,13.75,110150,42.77409,82.35,0.877,11.02,90.0,44.0,0.0
1788105327.5,0.00,704.0,0,0.260,0.000,0.0000,0,False,False,P,False,67.2,13.76,110150,42.77409,82.35,0.856,11.02,90.0,44.0,0.0
1788105327.7,0.00,707.8,0,0.260,0.000,0.0000,0,False,False,P,False,67.2,13.76,110150,42.77409,82.75,0.877,11.02,90.0,43.0,0.0
1788105327.9,0.00,708.8,0,0.260,0.000,0.0000,0,False,False,P,False,67.2,13.76,110150,42.77409,82.75,0.866,11.02,90.0,43.0,0.0
1788105328.1,0.00,707.2,0,0.260,0.000,0.0000,0,False,False,P,False,67.2,13.75,110150,42.77409,82.35,0.866,11.02,90.0,43.0,0.0
1788105328.4,0.00,705.2,0,0.260,0.000,0.0000,0,False,False,P,False,67.2,13.75,110150,42.77409,82.35,0.846,11.02,90.0,43.0,0.0
1788105328.6,0.00,701.8,0,0.260,0.000,0.0000,0,False,False,P,False,67.2,13.75,110150,42.77409,82.75,0.846,11.02,90.0,43.0,0.0
1788105328.8,0.00,700.5,0,0.260,0.000,0.0000,0,False,False,P,False,67.2,13.75,110150,42.77409,82.35,0.877,11.02,90.0,43.0,0.0
1788105329.0,0.00,700.0,0,0.260,0.000,0.0000,0,False,False,P,False,67.2,13.75,110150,42.77409,82.75,0.898,11.02,90.0,43.0,0.0
1788105329.2,0.00,699.8,0,0.260,0.000,0.0000,0,False,False,P,False,67.2,13.75,110150,42.77409,82.75,0.856,11.02,90.0,43.0,0.0
1788105329.4,0.00,700.8,0,0.260,0.000,0.0000,0,False,False,P,False,67.2,13.75,110150,42.77409,82.35,0.866,11.02,90.0,43.0,0.0
1788105329.6,0.00,703.2,0,0.260,0.000,0.0000,0,False,False,P,False,67.2,13.75,110150,42.77409,82.75,0.866,11.02,90.0,42.0,0.0
1788105329.8,0.00,686.5,0,0.260,0.000,0.0000,0,False,False,P,False,67.2,13.75,110150,42.77409,82.75,0.639,11.02,90.0,41.0,0.0
1788105330.0,0.00,744.5,0,0.260,0.000,0.0000,0,False,False,P,False,67.2,13.75,110150,42.77409,82.75,0.646,11.02,90.0,40.0,0.0
1788105330.2,0.00,748.0,0,0.260,0.000,0.0000,0,False,False,P,False,67.2,13.75,110150,42.77409,82.35,0.629,11.02,90.0,38.0,0.0
1788105330.4,0.00,743.2,0,0.260,0.000,0.0000,0,False,False,P,False,67.2,13.75,110150,42.77409,82.75,0.629,11.02,90.0,36.0,0.0
1788105330.6,0.00,741.0,0,0.260,0.000,0.0000,0,False,False,P,False,67.2,13.91,110150,42.77409,82.35,0.604,11.02,90.0,34.0,0.0
1788105330.8,0.00,723.2,0,0.260,0.000,0.0000,0,False,False,P,False,67.2,13.91,110150,42.77409,82.75,0.611,11.02,90.0,33.0,0.0
1788105331.0,0.00,724.2,0,0.260,0.000,0.0000,0,False,False,P,False,67.2,13.91,110150,42.77409,82.75,0.611,11.02,90.0,32.0,0.0
1788105331.2,0.00,717.2,0,0.260,0.000,0.0000,0,False,False,P,False,67.2,13.91,110150,42.77409,82.35,0.611,11.02,90.0,32.0,0.0
1788105331.4,0.00,714.0,0,0.260,0.000,0.0000,0,False,False,P,False,67.2,13.91,110150,42.77409,82.75,0.629,11.02,90.0,32.0,0.0
1788105331.6,0.00,708.8,0,0.260,0.000,0.0000,0,False,False,P,False,67.2,13.91,110150,42.77409,82.35,0.629,11.02,90.0,32.0,0.0
1788105331.8,0.00,703.2,0,0.260,0.000,0.0000,0,False,False,P,False,67.2,13.91,110150,42.77409,82.35,0.629,11.02,90.0,32.0,0.0
1788105332.0,0.00,710.8,0,0.260,0.000,0.0000,0,False,False,P,False,67.2,13.91,110150,42.77409,82.75,0.604,11.02,90.0,32.0,0.0
1788105332.2,0.00,713.5,0,0.260,0.000,0.0000,0,False,False,P,False,67.2,13.91,110150,42.77409,82.75,0.597,11.02,90.0,32.0,0.0
1788105332.4,0.00,713.8,0,0.260,0.000,0.0000,0,False,False,P,False,67.2,13.91,110150,42.77409,82.35,0.597,11.02,90.0,32.0,0.0
1788105332.6,0.00,711.0,0,0.260,0.000,0.0000,0,False,False,P,False,67.2,13.91,110150,42.77409,82.35,0.611,11.02,90.0,32.0,0.0
1788105332.8,0.00,712.5,0,0.260,0.000,0.0000,0,False,False,P,False,67.2,13.91,110150,42.77409,82.75,0.611,11.02,90.0,32.0,0.0
1788105333.0,0.00,715.8,0,0.260,0.000,0.0000,0,False,False,P,False,67.2,13.91,110150,42.77409,82.75,0.604,11.02,90.0,32.0,0.0
1788105333.2,0.00,712.2,0,0.260,0.000,0.0000,0,False,False,P,False,67.2,13.91,110150,42.77409,82.35,0.611,11.02,90.0,32.0,0.0
1788105333.4,0.00,715.2,0,0.260,0.000,0.0000,0,False,False,P,False,67.2,13.91,110150,42.77409,82.35,0.611,11.02,90.0,32.0,0.0
1788105333.6,0.00,715.0,0,0.260,0.000,0.0000,0,False,False,P,False,67.2,13.76,110150,42.77409,82.75,0.611,11.02,90.0,32.0,0.0
1788105333.8,0.00,716.5,0,0.260,0.000,0.0000,0,False,False,P,False,67.2,13.76,110150,42.77409,82.35,0.629,11.02,90.0,32.0,0.0
1788105334.0,0.00,712.8,0,0.260,0.000,0.0000,0,False,False,P,False,67.2,13.76,110150,42.77409,82.75,0.611,11.02,90.0,31.0,0.0
1788105334.2,0.00,713.0,0,0.260,0.000,0.0000,0,False,False,P,False,67.2,13.76,110150,42.77409,82.35,0.597,11.02,90.0,31.0,0.0
1788105334.5,0.00,711.5,0,0.260,0.000,0.0000,0,False,False,P,False,67.2,13.76,110150,42.77409,82.35,0.611,11.02,90.0,32.0,0.0
1788105334.7,0.00,709.0,0,0.260,0.000,0.0000,0,False,False,P,False,67.2,13.76,110150,42.77409,82.75,0.611,11.02,90.0,32.0,0.0
1788105334.9,0.00,706.5,0,0.260,0.000,0.0000,0,False,False,P,False,67.2,13.76,110150,42.77409,81.96,0.622,11.02,90.0,32.0,0.0
1788105335.1,0.00,710.0,0,0.260,0.000,0.0000,0,False,False,P,False,67.2,13.76,110150,42.77409,82.75,0.622,11.02,90.0,32.0,0.0
1788105335.3,0.00,709.2,0,0.260,0.000,0.0000,0,False,False,P,False,67.2,13.76,110150,42.77409,82.75,0.604,11.02,90.0,32.0,0.0
1788105335.5,0.00,707.8,0,0.260,0.000,0.0000,0,False,False,P,False,67.2,13.76,110150,42.77409,82.35,0.604,11.02,90.0,32.0,0.0
1788105335.7,0.00,708.5,0,0.260,0.000,0.0000,0,False,False,P,False,67.2,13.76,110150,42.77409,82.35,0.604,11.02,90.0,32.0,0.0
1788105335.9,0.00,704.2,0,0.260,0.000,0.0000,0,False,False,P,False,67.2,13.76,110150,42.77409,82.35,0.622,11.02,90.0,32.0,0.0
1788105336.1,0.00,707.5,0,0.260,0.000,0.0000,0,False,False,P,False,67.2,13.76,110150,42.77409,82.75,0.629,11.02,90.0,32.0,0.0
1788105336.3,0.00,708.8,0,0.260,0.000,0.0000,0,False,False,P,False,67.2,13.76,110150,42.77409,82.75,0.611,11.02,90.0,32.0,0.0
1788105336.5,0.00,712.5,0,0.260,0.000,0.0000,0,False,False,P,False,67.2,13.76,110150,42.77409,82.75,0.597,11.02,90.0,32.0,0.0
1788105336.7,0.00,712.8,0,0.260,0.000,0.0000,0,False,False,P,False,67.2,13.77,110150,42.77409,82.35,0.604,11.02,90.0,32.0,0.0
1788105336.9,0.00,712.0,0,0.260,0.000,0.0000,0,False,False,P,False,67.2,13.77,110150,42.77409,82.75,0.622,11.02,90.0,32.0,0.0
1788105337.1,0.00,710.8,0,0.260,0.000,0.0000,0,False,False,P,False,67.2,13.77,110150,42.77409,82.75,0.611,11.02,90.0,32.0,0.0
1788105337.3,0.00,713.5,0,0.260,0.000,0.0000,0,False,False,P,False,67.2,13.77,110150,42.77409,82.75,0.604,11.02,90.0,31.0,0.0
1788105337.5,0.00,713.5,0,0.260,0.000,0.0000,0,False,False,P,False,67.2,13.77,110150,42.77409,82.75,0.604,11.02,90.0,31.0,0.0
1788105337.7,0.00,709.2,0,0.260,0.000,0.0000,0,False,False,P,False,67.2,13.77,110150,42.77409,82.75,0.604,11.02,90.0,31.0,0.0
1788105337.9,0.00,705.8,0,0.260,0.000,0.0000,0,False,False,P,False,67.2,13.77,110150,42.77409,82.75,0.604,11.02,90.0,32.0,0.0
1788105338.1,0.00,731.8,0,0.260,0.000,0.0000,0,False,False,P,False,67.2,13.77,110150,42.77409,82.35,0.989,11.01,90.0,37.0,0.0
1788105338.3,0.00,777.2,0,0.260,0.000,0.0000,0,False,False,P,False,67.2,13.77,110150,42.77409,82.75,0.804,11.01,90.0,37.0,0.0
1788105338.5,0.00,723.8,0,0.260,0.000,0.0000,0,False,False,P,False,67.2,13.77,110150,42.77409,82.75,1.191,11.01,90.0,39.0,0.0
1788105338.7,0.00,726.8,0,0.260,0.000,0.0000,0,False,False,P,False,67.2,13.77,110150,42.77409,82.75,0.887,11.01,90.0,41.0,0.0
1788105338.9,0.00,727.0,0,0.260,0.000,0.0000,0,False,False,P,False,67.2,13.77,110150,42.77409,82.35,0.846,11.01,90.0,42.0,0.0
1788105339.1,0.00,726.8,0,0.260,0.000,0.0000,0,False,False,P,False,67.2,13.77,110150,42.77409,82.75,0.908,11.01,90.0,42.0,0.0
1788105339.3,0.00,728.0,0,0.260,0.000,0.0000,0,False,False,P,False,67.2,13.77,110150,42.77409,82.75,0.922,11.01,90.0,42.0,0.0
1788105339.5,0.00,726.0,0,0.260,0.000,0.0000,0,False,False,P,False,67.2,13.77,110150,42.77409,82.75,1.045,11.01,90.0,44.0,0.0
1788105339.7,0.00,734.0,0,0.260,0.000,0.0000,0,False,False,P,False,67.2,13.32,110150,42.77409,82.75,0.964,11.01,90.0,44.0,0.0
1788105339.9,0.00,736.8,0,0.260,0.000,0.0000,0,False,False,P,False,67.2,13.32,110150,42.77409,82.75,0.933,11.01,90.0,44.0,0.0
1788105340.2,0.00,738.0,0,0.260,0.000,0.0000,0,False,False,P,False,67.2,13.32,110150,42.77409,82.75,0.908,11.01,90.0,44.0,0.0
1788105340.4,0.00,733.2,0,0.260,0.000,0.0000,0,False,False,P,False,67.2,13.32,110150,42.77409,82.75,0.943,11.01,90.0,44.0,0.0
1788105340.6,0.00,730.2,0,0.260,0.000,0.0000,0,False,False,P,False,67.2,13.32,110150,42.77409,82.35,0.954,11.01,90.0,44.0,0.0
1788105340.8,0.00,725.8,0,0.260,0.000,0.0000,0,False,False,P,False,67.2,13.32,110150,42.77409,82.35,0.954,11.01,90.0,44.0,0.0
1788105341.0,0.00,725.5,0,0.260,0.000,0.0000,0,False,False,P,False,67.2,13.32,110150,42.77409,82.75,0.954,11.01,90.0,44.0,0.0
1788105341.2,0.00,724.8,0,0.260,0.000,0.0000,0,False,False,P,False,67.2,13.32,110150,42.77409,82.75,0.943,11.01,90.0,45.0,0.0
1788105341.4,0.00,728.5,0,0.260,0.000,0.0000,0,False,False,P,False,67.2,13.32,110150,42.77409,82.75,0.954,11.01,90.0,45.0,0.0
1788105341.6,0.00,735.0,0,0.260,0.000,0.0000,0,False,False,P,False,67.2,13.32,110150,42.77409,82.35,0.898,11.01,90.0,44.0,0.0
1788105341.8,0.00,736.0,0,0.260,0.000,0.0000,0,False,False,P,False,67.2,13.32,110150,42.77409,82.75,0.856,11.01,90.0,44.0,0.0
1788105342.0,0.00,737.0,0,0.260,0.000,0.0000,0,False,False,P,False,67.2,13.32,110150,42.77409,82.75,0.877,11.01,90.0,43.0,0.0
1788105342.2,0.00,728.0,0,0.260,0.000,0.0000,0,False,False,P,False,67.2,13.32,110150,42.77409,82.75,0.877,11.01,90.0,43.0,0.0
1788105342.4,0.00,722.5,0,0.260,0.000,0.0000,0,False,False,P,False,67.2,13.32,110150,42.77409,82.75,0.887,11.01,90.0,43.0,0.0
1788105342.6,0.00,716.2,0,0.260,0.000,0.0000,0,False,False,P,False,67.2,13.32,110150,42.77409,82.35,0.877,11.01,90.0,43.0,0.0
1788105342.8,0.00,712.0,0,0.260,0.000,0.0000,0,False,False,P,False,67.2,13.72,110150,42.77409,82.75,0.898,11.01,90.0,43.0,0.0
1788105343.0,0.00,712.5,0,0.260,0.000,0.0000,0,False,False,P,False,67.2,13.72,110150,42.77409,82.35,0.908,11.01,90.0,43.0,0.0
1788105343.2,0.00,713.0,0,0.260,0.000,0.0000,0,False,False,P,False,67.2,13.72,110150,42.77409,82.75,0.877,11.01,90.0,43.0,0.0
1788105343.4,0.00,714.5,0,0.260,0.000,0.0000,0,False,False,P,False,67.2,13.72,110150,42.77409,82.35,0.898,11.01,90.0,43.0,0.0
1788105343.6,0.00,717.0,0,0.260,0.000,0.0000,0,False,False,P,False,67.2,13.72,110150,42.77409,82.75,0.887,11.01,90.0,43.0,0.0
1788105343.8,0.00,717.2,0,0.260,0.000,0.0000,0,False,False,P,False,67.2,13.72,110150,42.77409,82.35,0.898,11.01,90.0,43.0,0.0
1788105344.0,0.00,718.5,0,0.260,0.000,0.0000,0,False,False,P,False,67.2,13.72,110150,42.77409,82.75,0.887,11.01,90.0,43.0,0.0
1788105344.2,0.00,716.0,0,0.260,0.000,0.0000,0,False,False,P,False,67.2,13.75,110150,42.77409,82.35,0.898,11.01,90.0,43.0,0.0
1788105344.4,0.00,713.8,0,0.260,0.000,0.0000,0,False,False,P,False,67.2,13.75,110150,42.77409,82.35,0.898,11.01,90.0,43.0,0.0
1788105344.6,0.00,710.2,0,0.260,0.000,0.0000,0,False,False,P,False,67.2,13.75,110150,42.77409,82.75,0.898,11.01,90.0,43.0,0.0
1788105344.8,0.00,709.0,0,0.260,0.000,0.0000,0,False,False,P,False,67.2,13.75,110150,42.77409,82.75,0.877,11.01,90.0,43.0,0.0
1788105345.0,0.00,708.0,0,0.260,0.000,0.0000,0,False,False,P,False,67.2,13.75,110150,42.77409,82.75,0.887,11.01,90.0,43.0,0.0
1788105345.2,0.00,707.2,0,0.260,0.000,0.0000,0,False,False,P,False,67.2,13.75,110150,42.77409,82.75,0.908,11.01,90.0,43.0,0.0
1788105345.4,0.00,706.2,0,0.260,0.000,0.0000,0,False,False,P,False,67.2,13.75,110150,42.77409,82.35,0.908,11.01,90.0,43.0,0.0
1788105345.6,0.00,703.0,0,0.260,0.000,0.0000,0,False,False,P,False,67.2,13.75,110150,42.77409,82.75,0.856,11.01,90.0,43.0,0.0
1788105345.8,0.00,705.0,0,0.260,0.000,0.0000,0,False,False,P,False,67.2,13.75,110150,42.77409,82.75,0.887,11.01,90.0,43.0,0.0
1788105346.0,0.00,707.2,0,0.260,0.000,0.0000,0,False,False,P,False,67.2,13.76,110150,42.77409,82.35,0.887,11.01,90.0,43.0,0.0
1788105346.3,0.00,709.8,0,0.260,0.000,0.0000,0,False,False,P,False,67.2,13.76,110150,42.77409,82.75,0.877,11.01,90.0,43.0,0.0
1788105346.5,0.00,710.2,0,0.260,0.000,0.0000,0,False,False,P,False,67.2,13.76,110150,42.77409,82.75,0.866,11.01,90.0,43.0,0.0
1788105346.7,0.00,708.8,0,0.260,0.000,0.0000,0,False,False,P,False,67.2,13.76,110150,42.77409,82.35,0.877,11.01,90.0,43.0,0.0
1788105346.9,0.00,707.2,0,0.260,0.000,0.0000,0,False,False,P,False,67.2,13.76,110150,42.77409,82.75,0.856,11.01,90.0,43.0,0.0
1788105347.1,0.00,705.8,0,0.260,0.000,0.0000,0,False,False,P,False,67.2,13.76,110150,42.77409,82.75,0.877,11.01,90.0,43.0,0.0
1788105347.3,0.00,704.2,0,0.260,0.000,0.0000,0,False,False,P,False,67.2,13.76,110150,42.77409,82.75,0.866,11.01,90.0,43.0,0.0
1788105347.5,0.00,700.5,0,0.260,0.000,0.0000,0,False,False,P,False,67.2,13.76,110150,42.77409,82.75,0.898,11.01,90.0,43.0,0.0
1788105347.7,0.00,698.0,0,0.260,0.000,0.0000,0,False,False,P,False,67.2,13.76,110150,42.77409,82.35,0.877,11.01,90.0,43.0,0.0
1788105347.9,0.00,695.5,0,0.260,0.000,0.0000,0,False,False,P,False,67.2,13.76,110150,42.77409,82.35,0.887,11.01,90.0,43.0,0.0
1788105348.1,0.00,695.5,0,0.260,0.000,0.0000,0,False,False,P,False,67.2,13.76,110150,42.77409,82.35,0.866,11.01,90.0,43.0,0.0
1788105348.3,0.00,696.2,0,0.260,0.000,0.0000,0,False,False,P,False,67.2,13.76,110150,42.77409,82.75,0.866,11.01,90.0,43.0,0.0
1788105348.5,0.00,697.5,0,0.260,0.000,0.0000,0,False,False,P,False,67.2,13.76,110150,42.77409,82.75,0.866,11.01,90.0,44.0,0.0
1788105348.7,0.00,703.5,0,0.260,0.000,0.0000,0,False,False,P,False,67.2,13.76,110150,42.77409,81.96,0.856,11.01,90.0,44.0,0.0
1788105348.9,0.00,714.8,0,0.260,0.000,0.0000,0,False,False,P,False,67.2,13.76,110150,42.77409,82.75,0.835,11.01,90.0,43.0,0.0
1788105349.1,0.00,714.5,0,0.260,0.000,0.0000,0,False,False,P,False,67.2,13.83,110150,42.77409,82.75,0.835,11.01,90.0,42.0,0.0
1788105349.3,0.00,712.2,0,0.260,0.000,0.0000,0,False,False,P,False,67.2,13.83,110150,42.77409,82.35,0.846,11.01,90.0,42.0,0.0
1788105349.5,0.00,707.8,0,0.260,0.000,0.0000,0,False,False,P,False,67.2,13.83,110150,42.77409,82.75,0.835,11.01,90.0,42.0,0.0
1788105349.7,0.00,702.0,0,0.260,0.000,0.0000,0,False,False,P,False,67.2,13.83,110150,42.77409,82.75,0.866,11.01,90.0,42.0,0.0
1788105349.9,0.00,699.0,0,0.260,0.000,0.0000,0,False,False,P,False,67.2,13.83,110150,42.77409,82.75,0.856,11.01,90.0,42.0,0.0
1788105350.1,0.00,699.0,0,0.260,0.000,0.0000,0,False,False,P,False,67.2,13.83,110150,42.77409,82.35,0.835,11.01,90.0,42.0,0.0
1788105350.3,0.00,697.0,0,0.260,0.000,0.0000,0,False,False,P,False,67.2,13.83,110150,42.77409,82.75,0.846,11.01,90.0,42.0,0.0
1788105350.5,0.00,698.5,0,0.260,0.000,0.0000,0,False,False,P,False,67.2,13.83,110150,42.77409,82.35,0.866,11.01,90.0,42.0,0.0
1788105350.7,0.00,699.8,0,0.260,0.000,0.0000,0,False,False,P,False,67.2,13.83,110150,42.77409,82.35,0.846,11.01,90.0,42.0,0.0
1788105350.9,0.00,699.0,0,0.260,0.000,0.0000,0,False,False,P,False,67.2,13.83,110150,42.77409,82.75,0.846,11.01,90.0,42.0,0.0
1788105351.1,0.00,700.0,0,0.260,0.000,0.0000,0,False,False,P,False,67.2,13.83,110150,42.77409,82.35,0.856,11.01,90.0,42.0,0.0
1788105351.3,0.00,700.0,0,0.260,0.000,0.0000,0,False,False,P,False,67.2,13.83,110150,42.77409,82.35,0.835,11.01,90.0,42.0,0.0
1788105351.5,0.00,700.5,0,0.260,0.000,0.0000,0,False,False,P,False,67.2,13.83,110150,42.77409,82.75,0.866,11.01,90.0,42.0,0.0
1788105351.7,0.00,698.5,0,0.260,0.000,0.0000,0,False,False,P,False,67.2,13.83,110150,42.77409,82.35,0.846,11.01,90.0,42.0,0.0
1788105351.9,0.00,699.2,0,0.260,0.000,0.0000,0,False,False,P,False,67.2,13.83,110150,42.77409,82.35,0.856,11.01,90.0,42.0,0.0
1788105352.1,0.00,698.0,0,0.260,0.000,0.0000,0,False,False,P,False,67.2,13.75,110150,42.77409,82.35,0.688,11.01,90.0,42.0,0.0
1788105352.4,0.00,684.5,0,0.260,0.000,0.0000,0,False,False,P,False,67.2,13.75,110150,42.77409,82.75,0.629,11.00,90.0,40.0,0.0
1788105352.6,0.00,745.8,0,0.260,0.000,0.0000,0,False,False,P,False,67.2,13.75,110150,42.77409,82.75,0.639,11.00,90.0,38.0,0.0
1788105352.8,0.00,749.5,0,0.260,0.000,0.0000,0,False,False,P,False,67.2,13.75,110150,42.77409,82.75,0.611,11.00,90.0,37.0,0.0
1788105353.0,0.00,751.2,0,0.260,0.000,0.0000,0,False,False,P,False,67.2,13.75,110150,42.77409,82.75,0.597,11.00,90.0,35.0,0.0
1788105353.2,0.00,740.5,0,0.260,0.000,0.0000,0,False,False,P,False,67.2,13.89,110150,42.77409,82.75,0.597,11.00,90.0,34.0,0.0
1788105353.4,0.00,737.8,0,0.260,0.000,0.0000,0,False,False,P,False,67.2,13.89,110150,42.77409,82.35,0.597,11.00,90.0,33.0,0.0
1788105353.6,0.00,726.0,0,0.260,0.000,0.0000,0,False,False,P,False,67.2,13.89,110150,42.77409,82.75,0.597,11.00,90.0,32.0,0.0
1788105353.8,0.00,718.5,0,0.260,0.000,0.0000,0,False,False,P,False,67.2,13.89,110150,42.77409,82.35,0.604,11.00,90.0,31.0,0.0
1788105354.0,0.00,710.2,0,0.260,0.000,0.0000,0,False,False,P,False,67.2,13.89,110150,42.77409,82.75,0.611,11.00,90.0,31.0,0.0
1788105354.2,0.00,709.8,0,0.260,0.000,0.0000,0,False,False,P,False,67.2,13.89,110150,42.77409,82.35,0.604,11.00,90.0,31.0,0.0
1788105354.4,0.00,707.0,0,0.260,0.000,0.0000,0,False,False,P,False,67.2,13.89,110150,42.77409,82.35,0.611,11.00,90.0,31.0,0.0
1788105354.6,0.00,712.0,0,0.260,0.000,0.0000,0,False,False,P,False,67.2,13.89,110150,42.77409,82.75,0.597,11.00,90.0,31.0,0.0
1788105354.8,0.00,712.2,0,0.260,0.000,0.0000,0,False,False,P,False,67.2,13.89,110150,42.77409,82.75,0.604,11.00,90.0,31.0,0.0
1788105355.0,0.00,715.0,0,0.260,0.000,0.0000,0,False,False,P,False,67.2,13.89,110150,42.77409,82.75,0.580,11.00,90.0,31.0,0.0
1788105355.2,0.00,714.0,0,0.260,0.000,0.0000,0,False,False,P,False,67.2,13.78,110150,42.77409,82.35,0.597,11.00,90.0,31.0,0.0
1788105355.4,0.00,713.5,0,0.260,0.000,0.0000,0,False,False,P,False,67.2,13.78,110150,42.77409,82.75,0.597,11.00,90.0,31.0,0.0
1788105355.6,0.00,715.2,0,0.260,0.000,0.0000,0,False,False,P,False,67.2,13.78,110150,42.77409,82.75,0.604,11.00,90.0,31.0,0.0
1788105355.8,0.00,717.5,0,0.260,0.000,0.0000,0,False,False,P,False,67.2,13.78,110150,42.77409,82.75,0.587,11.00,90.0,31.0,0.0
1788105356.0,0.00,713.2,0,0.260,0.000,0.0000,0,False,False,P,False,67.2,13.78,110150,42.77409,82.75,0.597,11.00,90.0,31.0,0.0
1788105356.2,0.00,713.8,0,0.260,0.000,0.0000,0,False,False,P,False,67.2,13.78,110150,42.77409,82.75,0.611,11.00,90.0,31.0,0.0
1788105356.4,0.00,715.0,0,0.260,0.000,0.0000,0,False,False,P,False,67.2,13.78,110150,42.77409,82.35,0.597,11.00,90.0,31.0,0.0
1788105356.6,0.00,713.2,0,0.260,0.000,0.0000,0,False,False,P,False,67.2,13.78,110150,42.77409,82.35,0.597,11.00,90.0,31.0,0.0
1788105356.8,0.00,715.8,0,0.260,0.000,0.0000,0,False,False,P,False,67.2,13.78,110150,42.77409,82.35,0.597,11.00,90.0,31.0,0.0
1788105357.0,0.00,713.5,0,0.260,0.000,0.0000,0,False,False,P,False,67.2,13.78,110150,42.77409,82.35,0.580,11.00,90.0,31.0,0.0
1788105357.2,0.00,711.5,0,0.260,0.000,0.0000,0,False,False,P,False,67.2,13.78,110150,42.77409,82.75,0.587,11.00,90.0,31.0,0.0
1788105357.4,0.00,711.0,0,0.260,0.000,0.0000,0,False,False,P,False,67.2,13.78,110150,42.77409,82.35,0.604,11.00,90.0,31.0,0.0
1788105357.6,0.00,709.0,0,0.260,0.000,0.0000,0,False,False,P,False,67.2,13.78,110150,42.77409,82.35,0.604,11.00,90.0,31.0,0.0
1788105357.8,0.00,708.0,0,0.260,0.000,0.0000,0,False,False,P,False,67.2,13.78,110150,42.77409,82.35,0.597,11.00,90.0,31.0,0.0
1788105358.0,0.00,710.2,0,0.260,0.000,0.0000,0,False,False,P,False,67.2,13.78,110150,42.77409,82.75,0.597,11.00,90.0,31.0,0.0
1788105358.2,0.00,706.5,0,0.260,0.000,0.0000,0,False,False,P,False,67.2,13.77,110150,42.77409,82.35,0.597,11.00,90.0,31.0,0.0
1788105358.4,0.00,707.8,0,0.260,0.000,0.0000,0,False,False,P,False,67.2,13.77,110150,42.77409,82.35,0.587,11.00,90.0,31.0,0.0
1788105358.7,0.00,703.8,0,0.260,0.000,0.0000,0,False,False,P,False,67.2,13.77,110150,42.77409,82.35,0.597,11.00,90.0,31.0,0.0
1788105358.9,0.00,703.8,0,0.260,0.000,0.0000,0,False,False,P,False,67.2,13.77,110150,42.77409,82.75,0.597,11.00,90.0,31.0,0.0
1788105359.1,0.00,704.5,0,0.260,0.000,0.0000,0,False,False,P,False,67.2,13.77,110150,42.77409,82.75,0.580,11.00,90.0,31.0,0.0
1788105359.3,0.00,710.2,0,0.260,0.000,0.0000,0,False,False,P,False,67.2,13.77,110150,42.77409,82.75,0.587,11.00,90.0,31.0,0.0
1788105359.5,0.00,712.2,0,0.260,0.000,0.0000,0,False,False,P,False,67.2,13.77,110150,42.77409,82.75,0.580,11.00,90.0,31.0,0.0
1788105359.7,0.00,714.2,0,0.260,0.000,0.0000,0,False,False,P,False,67.2,13.77,110150,42.77409,82.75,0.580,11.00,90.0,31.0,0.0
1788105359.9,0.00,716.0,0,0.260,0.000,0.0000,0,False,False,P,False,67.2,13.77,110150,42.77409,82.35,0.587,11.00,90.0,31.0,0.0
1788105360.1,0.00,711.2,0,0.260,0.000,0.0000,0,False,False,P,False,67.2,13.77,110150,42.77409,82.35,0.597,11.00,90.0,31.0,0.0
1788105360.3,0.00,709.5,0,0.260,0.000,0.0000,0,False,False,P,False,67.2,13.77,110150,42.77409,82.75,0.580,11.00,90.0,31.0,0.0
1788105360.5,0.00,710.8,0,0.260,0.000,0.0000,0,False,False,P,False,67.2,13.77,110150,42.77409,82.75,0.587,11.00,90.0,31.0,0.0
1788105360.7,0.00,710.2,0,0.260,0.000,0.0000,0,False,False,P,False,67.2,13.77,110150,42.77409,82.35,0.580,11.00,90.0,31.0,0.0
1788105360.9,0.00,709.2,0,0.260,0.000,0.0000,0,False,False,P,False,67.2,13.77,110150,42.77409,82.35,0.597,11.00,90.0,31.0,0.0
1788105361.1,0.00,704.5,0,0.260,0.000,0.0000,0,False,False,P,False,67.2,13.77,110150,42.77409,82.35,0.597,11.00,90.0,31.0,0.0
1788105361.3,0.00,707.8,0,0.260,0.000,0.0000,0,False,False,P,False,67.2,13.76,110150,42.77409,82.75,0.587,11.00,90.0,31.0,0.0
1788105361.5,0.00,707.5,0,0.260,0.000,0.0000,0,False,False,P,False,67.2,13.76,110150,42.77409,82.75,0.597,11.00,90.0,31.0,0.0
1788105361.7,0.00,708.2,0,0.260,0.000,0.0000,0,False,False,P,False,67.2,13.76,110150,42.77409,82.35,0.597,11.00,90.0,31.0,0.0
1788105361.9,0.00,705.2,0,0.260,0.000,0.0000,0,False,False,P,False,67.2,13.76,110150,42.77409,82.35,0.580,11.00,90.0,31.0,0.0
1788105362.1,0.00,705.8,0,0.260,0.000,0.0000,0,False,False,P,False,67.2,13.76,110150,42.77409,82.35,0.587,11.00,90.0,31.0,0.0
1788105362.3,0.00,711.5,0,0.260,0.000,0.0000,0,False,False,P,False,67.2,13.76,110150,42.77409,82.75,0.580,11.00,90.0,31.0,0.0
1788105362.5,0.00,714.2,0,0.260,0.000,0.0000,0,False,False,P,False,67.2,13.76,110150,42.77409,82.35,0.587,11.00,90.0,31.0,0.0
1788105362.7,0.00,708.2,0,0.260,0.000,0.0000,0,False,False,P,False,67.2,13.76,110150,42.77409,82.75,0.587,11.00,90.0,31.0,0.0
1788105362.9,0.00,708.8,0,0.260,0.000,0.0000,0,False,False,P,False,67.2,13.76,110150,42.77409,82.75,0.587,11.00,90.0,31.0,0.0
1788105363.1,0.00,702.5,0,0.260,0.000,0.0000,0,False,False,P,False,66.3,13.76,110150,42.77409,82.75,0.587,11.00,90.0,31.0,0.0
1788105363.3,0.00,707.8,0,0.260,0.000,0.0000,0,False,False,P,False,66.3,13.76,110150,42.77409,82.35,0.587,11.00,90.0,31.0,0.0
1788105363.5,0.00,714.2,0,0.260,0.000,0.0000,0,False,False,P,False,66.3,13.76,110150,42.77409,82.35,0.587,11.00,90.0,31.0,0.0
1788105363.7,0.00,714.8,0,0.260,0.000,0.0000,0,False,False,P,False,66.3,13.76,110150,42.77409,82.35,0.587,11.00,90.0,31.0,0.0
1788105363.9,0.00,713.2,0,0.260,0.000,0.0000,0,False,False,P,False,66.3,13.76,110150,42.77409,82.75,0.580,11.00,90.0,31.0,0.0
1788105364.1,0.00,708.2,0,0.260,0.000,0.0000,0,False,False,P,False,66.3,13.76,110150,42.77409,82.35,0.580,11.00,90.0,31.0,0.0
1788105364.3,0.00,710.2,0,0.260,0.000,0.0000,0,False,False,P,False,66.3,13.76,110150,42.77409,82.75,0.587,11.00,90.0,31.0,0.0
1788105364.5,0.00,710.2,0,0.260,0.000,0.0000,0,False,False,P,False,66.3,13.77,110150,42.77409,82.35,0.587,11.00,90.0,31.0,0.0
1788105364.8,0.00,710.0,0,0.260,0.000,0.0000,0,False,False,P,False,66.3,13.77,110150,42.77409,82.35,0.587,11.00,90.0,31.0,0.0
1788105365.0,0.00,703.8,0,0.260,0.000,0.0000,0,False,False,P,False,66.3,13.77,110150,42.77409,82.35,0.597,11.00,90.0,31.0,0.0
1788105365.2,0.00,707.2,0,0.260,0.000,0.0000,0,False,False,P,False,66.3,13.77,110150,42.77409,82.35,0.597,11.00,90.0,31.0,0.0
1788105365.4,0.00,707.8,0,0.260,0.000,0.0000,0,False,False,P,False,66.3,13.77,110150,42.77409,82.35,0.580,11.00,90.0,31.0,0.0
1788105365.6,0.00,705.8,0,0.260,0.000,0.0000,0,False,False,P,False,66.3,13.77,110150,42.77409,82.35,0.587,11.00,90.0,31.0,0.0
1788105365.8,0.00,702.0,0,0.260,0.000,0.0000,0,False,False,P,False,66.3,13.77,110150,42.77409,82.75,0.587,11.00,90.0,31.0,0.0
1788105366.0,0.00,700.0,0,0.260,0.000,0.0000,0,False,False,P,False,66.3,13.77,110150,42.77409,82.35,0.580,11.00,90.0,31.0,0.0
1788105366.2,0.00,701.8,0,0.260,0.000,0.0000,0,False,False,P,False,66.3,13.77,110150,42.77409,81.96,0.580,11.00,90.0,31.0,0.0
1788105366.4,0.00,702.2,0,0.260,0.000,0.0000,0,False,False,P,False,66.3,13.77,110150,42.77409,82.75,0.587,11.00,90.0,31.0,0.0
1788105366.6,0.00,705.8,0,0.260,0.000,0.0000,0,False,False,P,False,66.3,13.77,110150,42.77409,82.75,0.580,11.00,90.0,31.0,0.0
1788105366.8,0.00,704.8,0,0.260,0.000,0.0000,0,False,False,P,False,66.3,13.77,110150,42.77409,82.35,0.587,11.00,90.0,32.0,0.0
1788105367.0,0.00,775.8,0,0.260,0.000,0.0000,0,False,False,P,False,66.3,13.77,110150,42.77409,82.35,0.587,11.00,90.0,39.0,0.0
1788105367.2,0.00,762.2,0,0.260,0.000,0.0000,0,False,False,P,False,66.3,13.77,110150,42.77409,82.75,0.793,11.00,90.0,38.0,0.0
1788105367.4,0.00,745.8,0,0.260,0.000,0.0000,0,False,False,P,False,66.3,13.77,110150,42.77409,82.75,0.933,11.00,90.0,40.0,0.0
1788105367.6,0.00,741.0,0,0.260,0.000,0.0000,0,False,False,P,False,66.3,13.59,110150,42.77409,82.35,0.866,11.00,90.0,40.0,0.0
1788105367.8,0.00,731.5,0,0.260,0.000,0.0000,0,False,False,P,False,66.3,13.59,110150,42.77409,82.75,0.866,11.00,90.0,41.0,0.0
1788105368.0,0.00,732.0,0,0.260,0.000,0.0000,0,False,False,P,False,66.3,13.59,110150,42.77409,81.96,0.846,11.00,90.0,41.0,0.0
1788105368.2,0.00,728.2,0,0.260,0.000,0.0000,0,False,False,P,False,66.3,13.59,110150,42.77409,82.75,0.933,11.00,90.0,42.0,0.0
1788105368.4,0.00,732.5,0,0.260,0.000,0.0000,0,False,False,P,False,66.3,13.59,110150,42.77409,82.75,0.856,11.00,90.0,42.0,0.0
1788105368.6,0.00,727.2,0,0.260,0.000,0.0000,0,False,False,P,False,66.3,13.59,110150,42.77409,82.35,0.866,11.00,90.0,42.0,0.0
1788105368.8,0.00,722.5,0,0.260,0.000,0.0000,0,False,False,P,False,66.3,13.59,110150,42.77409,82.75,0.877,11.00,90.0,42.0,0.0
1788105369.0,0.00,717.0,0,0.260,0.000,0.0000,0,False,False,P,False,66.3,13.59,110150,42.77409,82.75,0.887,11.00,90.0,42.0,0.0
1788105369.2,0.00,713.0,0,0.260,0.000,0.0000,0,False,False,P,False,66.3,13.59,110150,42.77409,82.75,0.908,11.00,90.0,42.0,0.0
1788105369.4,0.00,709.5,0,0.260,0.000,0.0000,0,False,False,P,False,66.3,13.59,110150,42.77409,82.75,0.908,11.00,90.0,42.0,0.0
1788105369.6,0.00,706.0,0,0.260,0.000,0.0000,0,False,False,P,False,66.3,13.59,110150,42.77409,82.35,0.943,11.00,90.0,43.0,0.0
1788105369.8,0.00,706.2,0,0.260,0.000,0.0000,0,False,False,P,False,66.3,13.59,110150,42.77409,82.35,0.933,11.00,90.0,44.0,0.0
1788105370.0,0.00,709.2,0,0.260,0.000,0.0000,0,False,False,P,False,66.3,13.59,110150,42.77409,82.75,0.954,11.00,90.0,44.0,0.0
1788105370.2,0.00,723.2,0,0.260,0.000,0.0000,0,False,False,P,False,66.3,13.59,110150,42.77409,82.75,0.933,11.00,90.0,44.0,0.0
1788105370.4,0.00,735.2,0,0.260,0.000,0.0000,0,False,False,P,False,66.3,13.59,110150,42.77409,82.75,0.887,11.00,90.0,44.0,0.0
1788105370.6,0.00,740.2,0,0.260,0.000,0.0000,0,False,False,P,False,66.3,13.86,110150,42.77409,82.35,0.856,11.00,90.0,43.0,0.0
1788105370.9,0.00,740.0,0,0.260,0.000,0.0000,0,False,False,P,False,66.3,13.86,110150,42.77409,82.35,0.846,11.00,90.0,43.0,0.0
1788105371.1,0.00,732.5,0,0.260,0.000,0.0000,0,False,False,P,False,66.3,13.86,110150,42.77409,82.75,0.877,11.00,90.0,42.0,0.0
1788105371.3,0.00,726.2,0,0.260,0.000,0.0000,0,False,False,P,False,66.3,13.86,110150,42.77409,82.35,0.898,11.00,90.0,42.0,0.0
1788105371.5,0.00,717.0,0,0.260,0.000,0.0000,0,False,False,P,False,66.3,13.86,110150,42.77409,82.75,0.866,11.00,90.0,42.0,0.0
1788105371.7,0.00,711.0,0,0.260,0.000,0.0000,0,False,False,P,False,66.3,13.86,110150,42.77409,82.35,0.856,10.99,90.0,42.0,0.0
1788105371.9,0.00,707.2,0,0.260,0.000,0.0000,0,False,False,P,False,66.3,13.86,110150,42.77409,82.35,0.856,10.99,90.0,42.0,0.0
1788105372.1,0.00,707.2,0,0.260,0.000,0.0000,0,False,False,P,False,66.3,13.86,110150,42.77409,82.75,0.887,10.99,90.0,42.0,0.0
1788105372.3,0.00,705.5,0,0.260,0.000,0.0000,0,False,False,P,False,66.3,13.86,110150,42.77409,82.75,0.877,10.99,90.0,42.0,0.0
1788105372.5,0.00,710.0,0,0.260,0.000,0.0000,0,False,False,P,False,66.3,13.86,110150,42.77409,82.35,0.866,10.99,90.0,42.0,0.0
1788105372.7,0.00,714.8,0,0.260,0.000,0.0000,0,False,False,P,False,66.3,13.86,110150,42.77409,82.35,0.887,10.99,90.0,43.0,0.0
1788105372.9,0.00,716.5,0,0.260,0.000,0.0000,0,False,False,P,False,66.3,13.86,110150,42.77409,82.75,0.856,10.99,90.0,42.0,0.0
1788105373.1,0.00,719.5,0,0.260,0.000,0.0000,0,False,False,P,False,66.3,13.86,110150,42.77409,82.75,0.856,10.99,90.0,42.0,0.0
1788105373.3,0.00,718.8,0,0.260,0.000,0.0000,0,False,False,P,False,66.3,13.86,110150,42.77409,82.75,0.856,10.99,90.0,42.0,0.0
1788105373.5,0.00,716.0,0,0.260,0.000,0.0000,0,False,False,P,False,66.3,13.86,110150,42.77409,82.75,0.846,10.99,90.0,42.0,0.0
1788105373.7,0.00,709.2,0,0.260,0.000,0.0000,0,False,False,P,False,66.3,13.75,110150,42.77409,82.75,0.877,10.99,90.0,42.0,0.0
1788105373.9,0.00,704.5,0,0.260,0.000,0.0000,0,False,False,P,False,66.3,13.75,110150,42.77409,82.35,0.856,10.99,90.0,42.0,0.0
1788105374.1,0.00,703.2,0,0.260,0.000,0.0000,0,False,False,P,False,66.3,13.75,110150,42.77409,82.75,0.856,10.99,90.0,42.0,0.0
1788105374.3,0.00,702.8,0,0.260,0.000,0.0000,0,False,False,P,False,66.3,13.75,110150,42.77409,82.35,0.877,10.99,90.0,42.0,0.0
1788105374.5,0.00,702.5,0,0.260,0.000,0.0000,0,False,False,P,False,66.3,13.75,110150,42.77409,82.35,0.856,10.99,90.0,42.0,0.0
1788105374.7,0.00,703.5,0,0.260,0.000,0.0000,0,False,False,P,False,66.3,13.75,110150,42.77409,82.75,0.866,10.99,90.0,42.0,0.0
1788105374.9,0.00,707.0,0,0.260,0.000,0.0000,0,False,False,P,False,66.3,13.75,110150,42.77409,82.75,0.856,10.99,90.0,42.0,0.0
1788105375.1,0.00,708.0,0,0.260,0.000,0.0000,0,False,False,P,False,66.3,13.75,110150,42.77409,82.35,0.856,10.99,90.0,42.0,0.0
1788105375.3,0.00,710.5,0,0.260,0.000,0.0000,0,False,False,P,False,66.3,13.75,110150,42.77409,82.35,0.856,10.99,89.0,42.0,0.0
1788105375.5,0.00,710.5,0,0.260,0.000,0.0000,0,False,False,P,False,66.3,13.75,110150,42.77409,82.75,0.856,10.99,90.0,42.0,0.0
1788105375.7,0.00,710.2,0,0.260,0.000,0.0000,0,False,False,P,False,66.3,13.75,110150,42.77409,82.35,0.877,10.99,90.0,42.0,0.0
1788105375.9,0.00,708.0,0,0.260,0.000,0.0000,0,False,False,P,False,66.3,13.75,110150,42.77409,82.75,0.835,10.99,90.0,42.0,0.0
1788105376.1,0.00,706.0,0,0.260,0.000,0.0000,0,False,False,P,False,66.3,13.75,110150,42.77409,82.75,0.835,10.99,90.0,42.0,0.0
1788105376.3,0.00,705.8,0,0.260,0.000,0.0000,0,False,False,P,False,66.3,13.75,110150,42.77409,82.35,0.866,10.99,90.0,42.0,0.0
1788105376.5,0.00,704.0,0,0.260,0.000,0.0000,0,False,False,P,False,66.3,13.75,110150,42.77409,82.35,0.856,10.99,90.0,42.0,0.0
1788105376.7,0.00,703.2,0,0.260,0.000,0.0000,0,False,False,P,False,66.3,13.75,110150,42.77409,82.75,0.846,10.99,90.0,42.0,0.0
1788105376.9,0.00,702.2,0,0.260,0.000,0.0000,0,False,False,P,False,66.3,13.74,110150,42.77409,82.75,0.846,10.99,90.0,42.0,0.0
1788105377.2,0.00,701.2,0,0.260,0.000,0.0000,0,False,False,P,False,66.3,13.74,110150,42.77409,82.75,0.856,10.99,90.0,42.0,0.0
1788105377.4,0.00,701.5,0,0.260,0.000,0.0000,0,False,False,P,False,66.3,13.74,110150,42.77409,82.75,0.846,10.99,90.0,42.0,0.0
1788105377.6,0.00,703.8,0,0.260,0.000,0.0000,0,False,False,P,False,66.3,13.74,110150,42.77409,82.75,0.846,10.99,90.0,42.0,0.0
1788105377.8,0.00,702.0,0,0.260,0.000,0.0000,0,False,False,P,False,66.3,13.74,110150,42.77409,82.75,0.866,10.99,90.0,42.0,0.0
1788105378.0,0.00,703.5,0,0.260,0.000,0.0000,0,False,False,P,False,66.3,13.74,110150,42.77409,82.35,0.856,10.99,90.0,42.0,0.0
1788105378.2,0.00,701.8,0,0.260,0.000,0.0000,0,False,False,P,False,66.3,13.74,110150,42.77409,82.35,0.825,10.99,90.0,42.0,0.0
1788105378.4,0.00,698.2,0,0.260,0.000,0.0000,0,False,False,P,False,66.3,13.74,110150,42.77409,82.35,0.825,10.99,90.0,41.0,0.0
1788105378.6,0.00,725.8,0,0.260,0.000,0.0000,0,False,False,P,False,66.3,13.74,110150,42.77409,82.75,0.629,10.99,90.0,39.0,0.0
1788105378.8,0.00,750.0,0,0.260,0.000,0.0000,0,False,False,P,False,66.3,13.74,110150,42.77409,82.75,0.629,10.99,90.0,37.0,0.0
1788105379.0,0.00,747.5,0,0.260,0.000,0.0000,0,False,False,P,False,66.3,13.74,110150,42.77409,82.75,0.611,10.99,90.0,36.0,0.0
1788105379.2,0.00,742.0,0,0.260,0.000,0.0000,0,False,False,P,False,66.3,13.74,110150,42.77409,82.75,0.604,10.99,90.0,34.0,0.0
1788105379.4,0.00,736.2,0,0.260,0.000,0.0000,0,False,False,P,False,66.3,13.74,110150,42.77409,82.75,0.573,10.99,89.0,33.0,0.0
1788105379.6,0.00,728.2,0,0.260,0.000,0.0000,0,False,False,P,False,66.3,13.74,110150,42.77409,82.75,0.587,10.99,90.0,32.0,0.0
1788105379.8,0.00,721.0,0,0.260,0.000,0.0000,0,False,False,P,False,66.3,13.74,110150,42.77409,82.35,0.587,10.99,90.0,31.0,0.0
1788105380.0,0.00,714.0,0,0.260,0.000,0.0000,0,False,False,P,False,66.3,13.70,110150,42.77409,82.75,0.580,10.99,90.0,31.0,0.0
1788105380.2,0.00,705.5,0,0.260,0.000,0.0000,0,False,False,P,False,66.3,13.70,110150,42.77409,82.75,0.597,10.99,89.0,31.0,0.0
1788105380.4,0.00,702.5,0,0.260,0.000,0.0000,0,False,False,P,False,66.3,13.70,110150,42.77409,82.75,0.604,10.99,90.0,31.0,0.0
1788105380.6,0.00,701.2,0,0.260,0.000,0.0000,0,False,False,P,False,66.3,13.70,110150,42.77409,82.75,0.580,10.99,90.0,31.0,0.0
1788105380.8,0.00,707.2,0,0.260,0.000,0.0000,0,False,False,P,False,66.3,13.70,110150,42.77409,82.75,0.587,10.99,90.0,31.0,0.0
1788105381.0,0.00,711.5,0,0.260,0.000,0.0000,0,False,False,P,False,66.3,13.70,110150,42.77409,82.75,0.587,10.99,90.0,31.0,0.0
1788105381.2,0.00,712.0,0,0.260,0.000,0.0000,0,False,False,P,False,66.3,13.70,110150,42.77409,82.35,0.587,10.99,90.0,31.0,0.0
1788105381.4,0.00,711.2,0,0.260,0.000,0.0000,0,False,False,P,False,66.3,13.70,110150,42.77409,82.35,0.597,10.99,90.0,31.0,0.0
1788105381.6,0.00,710.5,0,0.260,0.000,0.0000,0,False,False,P,False,66.3,13.70,110150,42.77409,82.35,0.604,10.99,90.0,31.0,0.0
1788105381.8,0.00,710.2,0,0.260,0.000,0.0000,0,False,False,P,False,66.3,13.70,110150,42.77409,82.75,0.587,10.99,90.0,31.0,0.0
1788105382.0,0.00,714.2,0,0.260,0.000,0.0000,0,False,False,P,False,66.3,13.70,110150,42.77409,82.75,0.597,10.99,90.0,31.0,0.0
1788105382.2,0.00,712.8,0,0.260,0.000,0.0000,0,False,False,P,False,66.3,13.70,110150,42.77409,82.35,0.587,10.99,89.0,31.0,0.0
1788105382.4,0.00,712.5,0,0.260,0.000,0.0000,0,False,False,P,False,66.3,13.70,110150,42.77409,82.75,0.604,10.99,90.0,31.0,0.0
1788105382.6,0.00,715.5,0,0.260,0.000,0.0000,0,False,False,P,False,66.3,13.70,110150,42.77409,82.75,0.597,10.99,90.0,31.0,0.0
1788105382.8,0.00,715.8,0,0.260,0.000,0.0000,0,False,False,P,False,66.3,13.70,110150,42.77409,82.35,0.587,10.99,90.0,31.0,0.0
1788105383.0,0.00,714.8,0,0.260,0.000,0.0000,0,False,False,P,False,66.3,13.77,110150,42.77409,82.35,0.587,10.99,90.0,31.0,0.0
1788105383.3,0.00,711.5,0,0.260,0.000,0.0000,0,False,False,P,False,66.3,13.77,110150,42.77409,82.75,0.580,10.99,90.0,31.0,0.0
1788105383.5,0.00,707.0,0,0.260,0.000,0.0000,0,False,False,P,False,66.3,13.77,110150,42.77409,82.75,0.580,10.99,90.0,31.0,0.0
1788105383.7,0.00,705.0,0,0.260,0.000,0.0000,0,False,False,P,False,66.3,13.77,110150,42.77409,82.35,0.597,10.99,90.0,31.0,0.0
1788105383.9,0.00,706.8,0,0.260,0.000,0.0000,0,False,False,P,False,66.3,13.77,110150,42.77409,82.35,0.597,10.99,90.0,31.0,0.0
1788105384.1,0.00,708.5,0,0.260,0.000,0.0000,0,False,False,P,False,66.3,13.77,110150,42.77409,82.35,0.587,10.99,90.0,31.0,0.0
1788105384.3,0.00,706.2,0,0.260,0.000,0.0000,0,False,False,P,False,66.3,13.77,110150,42.77409,82.35,0.563,10.99,90.0,31.0,0.0
1788105384.5,0.00,701.8,0,0.260,0.000,0.0000,0,False,False,P,False,66.3,13.77,110150,42.77409,82.75,0.587,10.99,90.0,31.0,0.0
1788105384.7,0.00,707.2,0,0.260,0.000,0.0000,0,False,False,P,False,66.3,13.77,110150,42.77409,82.75,0.597,10.99,90.0,31.0,0.0
1788105384.9,0.00,708.0,0,0.260,0.000,0.0000,0,False,False,P,False,66.3,13.77,110150,42.77409,82.75,0.580,10.99,90.0,31.0,0.0
1788105385.1,0.00,708.8,0,0.260,0.000,0.0000,0,False,False,P,False,66.3,13.77,110150,42.77409,82.35,0.604,10.99,90.0,31.0,0.0
1788105385.3,0.00,714.5,0,0.260,0.000,0.0000,0,False,False,P,False,66.3,13.77,110150,42.77409,82.35,0.580,10.99,89.0,31.0,0.0
1788105385.5,0.00,705.8,0,0.260,0.000,0.0000,0,False,False,P,False,66.3,13.77,110150,42.77409,82.75,0.587,10.99,90.0,31.0,0.0
1788105385.7,0.00,713.2,0,0.260,0.000,0.0000,0,False,False,P,False,66.3,13.77,110150,42.77409,82.35,0.587,10.99,90.0,31.0,0.0
1788105385.9,0.00,715.5,0,0.260,0.000,0.0000,0,False,False,P,False,66.3,13.77,110150,42.77409,82.75,0.587,10.99,90.0,31.0,0.0
1788105386.1,0.00,714.8,0,0.260,0.000,0.0000,0,False,False,P,False,66.3,13.76,110150,42.77409,82.75,0.597,10.99,90.0,31.0,0.0
1788105386.3,0.00,709.0,0,0.260,0.000,0.0000,0,False,False,P,False,66.3,13.76,110150,42.77409,82.35,0.580,10.99,90.0,31.0,0.0
1788105386.5,0.00,709.0,0,0.260,0.000,0.0000,0,False,False,P,False,66.3,13.76,110150,42.77409,82.35,0.580,10.99,90.0,31.0,0.0
1788105386.7,0.00,711.0,0,0.260,0.000,0.0000,0,False,False,P,False,66.3,13.76,110150,42.77409,82.35,0.587,10.99,89.0,31.0,0.0
1788105386.9,0.00,711.8,0,0.260,0.000,0.0000,0,False,False,P,False,66.3,13.76,110150,42.77409,82.35,0.587,10.99,90.0,31.0,0.0
1788105387.1,0.00,706.8,0,0.260,0.000,0.0000,0,False,False,P,False,66.3,13.76,110150,42.77409,82.35,0.580,10.99,90.0,31.0,0.0
1788105387.3,0.00,705.2,0,0.260,0.000,0.0000,0,False,False,P,False,66.3,13.76,110150,42.77409,82.35,0.580,10.99,90.0,31.0,0.0
1788105387.5,0.00,705.8,0,0.260,0.000,0.0000,0,False,False,P,False,66.3,13.76,110150,42.77409,82.35,0.587,10.99,89.0,31.0,0.0
1788105387.7,0.00,707.2,0,0.260,0.000,0.0000,0,False,False,P,False,66.3,13.76,110150,42.77409,82.35,0.587,10.99,90.0,31.0,0.0
1788105387.9,0.00,710.0,0,0.260,0.000,0.0000,0,False,False,P,False,66.3,13.76,110150,42.77409,82.35,0.587,10.99,90.0,31.0,0.0
1788105388.1,0.00,706.5,0,0.260,0.000,0.0000,0,False,False,P,False,66.3,13.76,110150,42.77409,82.35,0.597,10.99,90.0,31.0,0.0
1788105388.3,0.00,703.5,0,0.260,0.000,0.0000,0,False,False,P,False,66.3,13.76,110150,42.77409,82.75,0.587,10.99,90.0,31.0,0.0
1788105388.5,0.00,703.0,0,0.260,0.000,0.0000,0,False,False,P,False,66.3,13.76,110150,42.77409,82.35,0.580,10.99,90.0,31.0,0.0
1788105388.7,0.00,705.2,0,0.260,0.000,0.0000,0,False,False,P,False,66.3,13.76,110150,42.77409,82.75,0.597,10.99,90.0,31.0,0.0
1788105388.9,0.00,710.8,0,0.260,0.000,0.0000,0,False,False,P,False,66.3,13.76,110150,42.77409,82.75,0.587,10.99,90.0,31.0,0.0
1788105389.1,0.00,705.5,0,0.260,0.000,0.0000,0,False,False,P,False,66.3,13.77,110150,42.77409,82.75,0.580,10.99,90.0,31.0,0.0
1788105389.3,0.00,709.8,0,0.260,0.000,0.0000,0,False,False,P,False,66.3,13.77,110150,42.77409,82.35,0.573,10.99,90.0,31.0,0.0
1788105389.5,0.00,708.5,0,0.260,0.000,0.0000,0,False,False,P,False,66.3,13.77,110150,42.77409,82.75,0.587,10.99,90.0,31.0,0.0
1788105389.8,0.00,711.2,0,0.260,0.000,0.0000,0,False,False,P,False,66.3,13.77,110150,42.77409,82.35,0.580,10.99,90.0,31.0,0.0
1788105390.0,0.00,712.2,0,0.260,0.000,0.0000,0,False,False,P,False,66.3,13.77,110150,42.77409,82.75,0.580,10.99,89.0,31.0,0.0
1788105390.2,0.00,707.2,0,0.260,0.000,0.0000,0,False,False,P,False,66.3,13.77,110150,42.77409,82.35,0.587,10.98,89.0,31.0,0.0
1788105390.4,0.00,709.2,0,0.260,0.000,0.0000,0,False,False,P,False,66.3,13.77,110150,42.77409,82.75,0.573,10.98,90.0,31.0,0.0
1788105390.6,0.00,711.2,0,0.260,0.000,0.0000,0,False,False,P,False,66.3,13.77,110150,42.77409,82.35,0.573,10.98,90.0,31.0,0.0
1788105390.8,0.00,708.0,0,0.260,0.000,0.0000,0,False,False,P,False,66.3,13.77,110150,42.77409,82.35,0.580,10.98,90.0,31.0,0.0
1788105391.0,0.00,709.0,0,0.260,0.000,0.0000,0,False,False,P,False,66.3,13.77,110150,42.77409,82.75,0.573,10.98,90.0,31.0,0.0
1788105391.2,0.00,704.2,0,0.260,0.000,0.0000,0,False,False,P,False,66.3,13.77,110150,42.77409,82.35,0.597,10.98,89.0,31.0,0.0
1788105391.4,0.00,706.5,0,0.260,0.000,0.0000,0,False,False,P,False,66.3,13.77,110150,42.77409,82.75,0.597,10.98,90.0,31.0,0.0
1788105391.6,0.00,706.8,0,0.260,0.000,0.0000,0,False,False,P,False,66.3,13.77,110150,42.77409,82.35,0.580,10.98,90.0,31.0,0.0
1788105391.8,0.00,707.0,0,0.260,0.000,0.0000,0,False,False,P,False,66.3,13.77,110150,42.77409,82.35,0.573,10.98,90.0,31.0,0.0
1788105392.0,0.00,709.0,0,0.260,0.000,0.0000,0,False,False,P,False,66.3,13.77,110150,42.77409,82.75,0.580,10.98,90.0,31.0,0.0
1788105392.2,0.00,709.8,0,0.260,0.000,0.0000,0,False,False,P,False,66.3,13.77,110150,42.77409,82.75,0.587,10.98,90.0,31.0,0.0
1788105392.4,0.00,702.5,0,0.260,0.000,0.0000,0,False,False,P,False,66.3,13.77,110150,42.77409,82.35,0.580,10.98,90.0,31.0,0.0
1788105392.6,0.00,711.0,0,0.260,0.000,0.0000,0,False,False,P,False,66.3,13.77,110150,42.77409,82.35,0.597,10.98,90.0,31.0,0.0
1788105392.8,0.00,708.8,0,0.260,0.000,0.0000,0,False,False,P,False,66.3,13.77,110150,42.77409,82.35,0.587,10.98,90.0,31.0,0.0
1788105393.0,0.00,709.0,0,0.260,0.000,0.0000,0,False,False,P,False,66.3,13.77,110150,42.77409,82.75,0.573,10.98,89.0,31.0,0.0
1788105393.2,0.00,707.5,0,0.260,0.000,0.0000,0,False,False,P,False,66.3,13.75,110150,42.77409,82.75,0.587,10.98,90.0,31.0,0.0
1788105393.4,0.00,709.0,0,0.260,0.000,0.0000,0,False,False,P,False,66.3,13.75,110150,42.77409,82.75,0.587,10.98,90.0,31.0,0.0
1788105393.6,0.00,707.2,0,0.260,0.000,0.0000,0,False,False,P,False,66.3,13.75,110150,42.77409,82.35,0.597,10.98,90.0,31.0,0.0
1788105393.8,0.00,710.5,0,0.260,0.000,0.0000,0,False,False,P,False,66.3,13.75,110150,42.77409,82.75,0.587,10.98,90.0,31.0,0.0
1788105394.0,0.00,712.0,0,0.260,0.000,0.0000,0,False,False,P,False,66.3,13.75,110150,42.77409,82.75,0.580,10.98,89.0,31.0,0.0
1788105394.2,0.00,752.8,0,0.260,0.000,0.0000,0,False,False,P,False,66.3,13.75,110150,42.77409,82.35,1.010,10.98,90.0,37.0,0.0
1788105394.4,0.00,785.0,0,0.260,0.000,0.0000,0,False,False,P,False,66.3,13.75,110150,42.77409,82.35,1.010,10.98,90.0,37.0,0.0
1788105394.6,0.00,737.2,0,0.260,0.000,0.0000,0,False,False,P,False,66.3,13.75,110150,42.77409,82.75,1.104,10.98,90.0,39.0,0.0
1788105394.8,0.00,740.5,0,0.260,0.000,0.0000,0,False,False,P,False,66.3,13.75,110150,42.77409,82.75,0.856,10.98,90.0,40.0,0.0
1788105395.0,0.00,731.0,0,0.260,0.000,0.0000,0,False,False,P,False,66.3,13.75,110150,42.77409,82.75,0.954,10.98,90.0,40.0,0.0
1788105395.2,0.00,732.8,0,0.260,0.000,0.0000,0,False,False,P,False,66.3,13.75,110150,42.77409,82.75,0.866,10.98,90.0,41.0,0.0
1788105395.5,0.00,731.2,0,0.260,0.000,0.0000,0,False,False,P,False,66.3,13.25,110150,42.77409,82.75,0.835,10.98,90.0,41.0,0.0
1788105395.7,0.00,727.8,0,0.260,0.000,0.0000,0,False,False,P,False,66.3,13.25,110150,42.77409,82.75,0.898,10.98,89.0,41.0,0.0
1788105395.9,0.00,724.5,0,0.260,0.000,0.0000,0,False,False,P,False,66.3,13.25,110150,42.77409,82.35,0.866,10.98,90.0,42.0,0.0
1788105396.1,0.00,721.0,0,0.260,0.000,0.0000,0,False,False,P,False,66.3,13.25,110150,42.77409,82.75,0.887,10.98,90.0,42.0,0.0
1788105396.3,0.00,716.2,0,0.260,0.000,0.0000,0,False,False,P,False,66.3,13.25,110150,42.77409,82.75,0.856,10.98,90.0,42.0,0.0
1788105396.5,0.00,711.0,0,0.260,0.000,0.0000,0,False,False,P,False,66.3,13.25,110150,42.77409,82.75,0.898,10.98,90.0,42.0,0.0
1788105396.7,0.00,706.2,0,0.260,0.000,0.0000,0,False,False,P,False,66.3,13.25,110150,42.77409,82.75,0.933,10.98,89.0,42.0,0.0
1788105396.9,0.00,704.0,0,0.260,0.000,0.0000,0,False,False,P,False,66.3,13.25,110150,42.77409,82.75,0.933,10.98,90.0,43.0,0.0
1788105397.1,0.00,703.0,0,0.260,0.000,0.0000,0,False,False,P,False,66.3,13.25,110150,42.77409,82.75,0.908,10.98,90.0,44.0,0.0
1788105397.3,0.00,707.2,0,0.260,0.000,0.0000,0,False,False,P,False,66.3,13.25,110150,42.77409,82.75,0.922,10.98,90.0,44.0,0.0
1788105397.5,0.00,718.5,0,0.260,0.000,0.0000,0,False,False,P,False,66.3,13.25,110150,42.77409,82.75,0.898,10.98,90.0,45.0,0.0
1788105397.7,0.00,735.5,0,0.260,0.000,0.0000,0,False,False,P,False,66.3,13.25,110150,42.77409,82.75,0.877,10.98,89.0,44.0,0.0
1788105397.9,0.00,742.8,0,0.260,0.000,0.0000,0,False,False,P,False,66.3,13.25,110150,42.77409,82.75,0.846,10.98,90.0,43.0,0.0
1788105398.1,0.00,742.0,0,0.260,0.000,0.0000,0,False,False,P,False,66.3,13.25,110150,42.77409,82.75,0.846,10.98,90.0,43.0,0.0
1788105398.3,0.00,737.5,0,0.260,0.000,0.0000,0,False,False,P,False,66.3,13.25,110150,42.77409,82.35,0.856,10.98,89.0,42.0,0.0
1788105398.5,0.00,730.2,0,0.260,0.000,0.0000,0,False,False,P,False,66.3,13.73,110150,42.77409,82.75,0.887,10.98,89.0,42.0,0.0
1788105398.7,0.00,720.8,0,0.260,0.000,0.0000,0,False,False,P,False,66.3,13.73,110150,42.77409,82.75,0.866,10.98,89.0,42.0,0.0
1788105398.9,0.00,714.5,0,0.260,0.000,0.0000,0,False,False,P,False,66.3,13.73,110150,42.77409,82.75,0.866,10.98,90.0,42.0,0.0
1788105399.1,0.00,710.2,0,0.260,0.000,0.0000,0,False,False,P,False,66.3,13.73,110150,42.77409,82.35,0.877,10.98,90.0,42.0,0.0
1788105399.3,0.00,709.2,0,0.260,0.000,0.0000,0,False,False,P,False,66.3,13.73,110150,42.77409,82.35,0.856,10.98,89.0,42.0,0.0
1788105399.5,0.00,709.5,0,0.260,0.000,0.0000,0,False,False,P,False,66.3,13.73,110150,42.77409,82.75,0.866,10.98,90.0,42.0,0.0
1788105399.7,0.00,710.8,0,0.260,0.000,0.0000,0,False,False,P,False,66.3,13.73,110150,42.77409,82.75,0.866,10.98,90.0,42.0,0.0
1788105399.9,0.00,714.0,0,0.260,0.000,0.0000,0,False,False,P,False,66.3,13.73,110150,42.77409,82.75,0.856,10.98,90.0,42.0,0.0
1788105400.1,0.00,716.5,0,0.260,0.000,0.0000,0,False,False,P,False,66.3,13.73,110150,42.77409,82.75,0.866,10.98,90.0,42.0,0.0
1788105400.3,0.00,719.0,0,0.260,0.000,0.0000,0,False,False,P,False,66.3,13.73,110150,42.77409,82.75,0.877,10.98,90.0,42.0,0.0
1788105400.5,0.00,717.0,0,0.260,0.000,0.0000,0,False,False,P,False,66.3,13.73,110150,42.77409,82.75,0.835,10.98,90.0,42.0,0.0
1788105400.7,0.00,714.5,0,0.260,0.000,0.0000,0,False,False,P,False,66.3,13.73,110150,42.77409,82.75,0.866,10.98,90.0,42.0,0.0
1788105400.9,0.00,710.5,0,0.260,0.000,0.0000,0,False,False,P,False,66.3,13.73,110150,42.77409,82.35,0.866,10.98,90.0,42.0,0.0
1788105401.2,0.00,708.8,0,0.260,0.000,0.0000,0,False,False,P,False,66.3,13.73,110150,42.77409,82.75,0.866,10.98,89.0,42.0,0.0
1788105401.4,0.00,706.0,0,0.260,0.000,0.0000,0,False,False,P,False,66.3,13.73,110150,42.77409,82.75,0.856,10.98,90.0,42.0,0.0
1788105401.6,0.00,701.5,0,0.260,0.000,0.0000,0,False,False,P,False,66.3,13.73,110150,42.77409,82.35,0.856,10.98,90.0,42.0,0.0
1788105401.8,0.00,700.8,0,0.260,0.000,0.0000,0,False,False,P,False,66.3,13.73,110150,42.77409,82.75,0.866,10.98,89.0,42.0,0.0
1788105402.0,0.00,699.8,0,0.260,0.000,0.0000,0,False,False,P,False,66.3,13.73,110150,42.77409,82.75,0.835,10.98,89.0,42.0,0.0
1788105402.2,0.00,700.5,0,0.260,0.000,0.0000,0,False,False,P,False,66.3,13.73,110150,42.77409,82.35,0.835,10.98,90.0,43.0,0.0
1788105402.4,0.00,702.0,0,0.260,0.000,0.0000,0,False,False,P,False,66.3,13.73,110150,42.77409,82.75,0.846,10.98,90.0,43.0,0.0
1788105402.6,0.00,705.2,0,0.260,0.000,0.0000,0,False,False,P,False,66.3,13.73,110150,42.77409,82.75,0.835,10.98,90.0,42.0,0.0
1788105402.8,0.00,707.5,0,0.260,0.000,0.0000,0,False,False,P,False,66.3,13.73,110150,42.77409,82.75,0.846,10.98,90.0,42.0,0.0
1788105403.0,0.00,708.8,0,0.260,0.000,0.0000,0,False,False,P,False,66.3,13.73,110150,42.77409,82.75,0.846,10.98,90.0,42.0,0.0
1788105403.2,0.00,706.5,0,0.260,0.000,0.0000,0,False,False,P,False,66.3,13.74,110150,42.77409,82.35,0.856,10.98,90.0,42.0,0.0
1788105403.4,0.00,706.8,0,0.260,0.000,0.0000,0,False,False,P,False,66.3,13.74,110150,42.77409,82.35,0.846,10.98,90.0,42.0,0.0
1788105403.6,0.00,707.2,0,0.260,0.000,0.0000,0,False,False,P,False,66.3,13.74,110150,42.77409,82.35,0.846,10.98,90.0,42.0,0.0
1788105403.8,0.00,708.0,0,0.260,0.000,0.0000,0,False,False,P,False,66.3,13.74,110150,42.77409,82.35,0.866,10.98,89.0,42.0,0.0
1788105404.0,0.00,705.2,0,0.260,0.000,0.0000,0,False,False,P,False,66.3,13.74,110150,42.77409,82.75,0.856,10.98,89.0,42.0,0.0
1788105404.2,0.00,703.8,0,0.260,0.000,0.0000,0,False,False,P,False,66.3,13.74,110150,42.77409,82.75,0.846,10.98,90.0,42.0,0.0
1788105404.4,0.00,704.2,0,0.260,0.000,0.0000,0,False,False,P,False,66.3,13.74,110150,42.77409,82.35,0.877,10.98,89.0,42.0,0.0
1788105404.6,0.00,705.0,0,0.260,0.000,0.0000,0,False,False,P,False,66.3,13.74,110150,42.77409,82.35,0.783,10.98,89.0,42.0,0.0
1788105404.8,0.00,694.2,0,0.260,0.000,0.0000,0,False,False,P,False,66.3,13.74,110150,42.77409,82.75,0.629,10.98,90.0,40.0,0.0
1788105405.0,0.00,735.5,0,0.260,0.000,0.0000,0,False,False,P,False,66.3,13.74,110150,42.77409,82.35,0.629,10.98,90.0,38.0,0.0
1788105405.2,0.00,747.8,0,0.260,0.000,0.0000,0,False,False,P,False,66.3,13.82,110150,42.77409,82.35,0.639,10.98,89.0,36.0,0.0
1788105405.4,0.00,746.0,0,0.260,0.000,0.0000,0,False,False,P,False,66.3,13.82,110150,42.77409,82.75,0.629,10.98,89.0,35.0,0.0
1788105405.6,0.00,741.0,0,0.260,0.000,0.0000,0,False,False,P,False,66.3,13.82,110150,42.77409,82.75,0.587,10.98,90.0,33.0,0.0
1788105405.8,0.00,732.8,0,0.260,0.000,0.0000,0,False,False,P,False,66.3,13.82,110150,42.77409,82.35,0.580,10.98,89.0,32.0,0.0
1788105406.0,0.00,725.5,0,0.260,0.000,0.0000,0,False,False,P,False,66.3,13.82,110150,42.77409,82.35,0.597,10.98,90.0,32.0,0.0
1788105406.2,0.00,717.5,0,0.260,0.000,0.0000,0,False,False,P,False,66.3,13.82,110150,42.77409,82.75,0.597,10.98,89.0,31.0,0.0
1788105406.4,0.00,714.0,0,0.260,0.000,0.0000,0,False,False,P,False,66.3,13.82,110150,42.77409,82.75,0.604,10.98,90.0,31.0,0.0
1788105406.6,0.00,703.5,0,0.260,0.000,0.0000,0,False,False,P,False,66.3,13.82,110150,42.77409,82.75,0.597,10.97,89.0,31.0,0.0
1788105406.8,0.00,706.5,0,0.260,0.000,0.0000,0,False,False,P,False,66.3,13.82,110150,42.77409,82.75,0.597,10.97,90.0,31.0,0.0
1788105407.0,0.00,710.5,0,0.260,0.000,0.0000,0,False,False,P,False,66.3,13.82,110150,42.77409,82.75,0.597,10.97,89.0,31.0,0.0
1788105407.2,0.00,708.0,0,0.260,0.000,0.0000,0,False,False,P,False,66.3,13.82,110150,42.77409,82.35,0.597,10.97,89.0,31.0,0.0
1788105407.4,0.00,709.8,0,0.260,0.000,0.0000,0,False,False,P,False,66.3,13.82,110150,42.77409,82.35,0.597,10.97,90.0,31.0,0.0
1788105407.7,0.00,713.0,0,0.260,0.000,0.0000,0,False,False,P,False,66.3,13.82,110150,42.77409,82.75,0.587,10.97,89.0,31.0,0.0
1788105407.9,0.00,709.5,0,0.260,0.000,0.0000,0,False,False,P,False,66.3,13.77,110150,42.77409,82.75,0.597,10.97,90.0,31.0,0.0
1788105408.1,0.00,710.2,0,0.260,0.000,0.0000,0,False,False,P,False,66.3,13.77,110150,42.77409,82.35,0.587,10.97,89.0,31.0,0.0
1788105408.3,0.00,710.2,0,0.260,0.000,0.0000,0,False,False,P,False,66.3,13.77,110150,42.77409,82.35,0.580,10.97,90.0,31.0,0.0
1788105408.5,0.00,710.8,0,0.260,0.000,0.0000,0,False,False,P,False,66.3,13.77,110150,42.77409,82.75,0.580,10.97,90.0,31.0,0.0
1788105408.7,0.00,713.2,0,0.260,0.000,0.0000,0,False,False,P,False,66.3,13.77,110150,42.77409,82.35,0.597,10.97,90.0,31.0,0.0
1788105408.9,0.00,713.5,0,0.260,0.000,0.0000,0,False,False,P,False,66.3,13.77,110150,42.77409,82.35,0.597,10.97,89.0,31.0,0.0
1788105409.1,0.00,711.8,0,0.260,0.000,0.0000,0,False,False,P,False,66.3,13.77,110150,42.77409,82.35,0.597,10.97,90.0,31.0,0.0
1788105409.3,0.00,714.2,0,0.260,0.000,0.0000,0,False,False,P,False,66.3,13.77,110150,42.77409,82.75,0.580,10.97,89.0,31.0,0.0
1788105409.5,0.00,712.5,0,0.260,0.000,0.0000,0,False,False,P,False,66.3,13.77,110150,42.77409,82.75,0.604,10.97,90.0,31.0,0.0
1788105409.7,0.00,711.8,0,0.260,0.000,0.0000,0,False,False,P,False,66.3,13.77,110150,42.77409,82.35,0.597,10.97,90.0,31.0,0.0
1788105409.9,0.00,710.8,0,0.260,0.000,0.0000,0,False,False,P,False,66.3,13.77,110150,42.77409,82.35,0.587,10.97,90.0,31.0,0.0
1788105410.1,0.00,708.5,0,0.260,0.000,0.0000,0,False,False,P,False,66.3,13.77,110150,42.77409,82.75,0.597,10.97,90.0,31.0,0.0
1788105410.3,0.00,710.5,0,0.260,0.000,0.0000,0,False,False,P,False,66.3,13.77,110150,42.77409,82.35,0.587,10.97,90.0,31.0,0.0
1788105410.5,0.00,707.0,0,0.260,0.000,0.0000,0,False,False,P,False,66.3,13.77,110150,42.77409,82.75,0.563,10.97,89.0,31.0,0.0
1788105410.7,0.00,711.5,0,0.260,0.000,0.0000,0,False,False,P,False,66.3,13.77,110150,42.77409,82.75,0.587,10.97,90.0,31.0,0.0
1788105410.9,0.00,707.2,0,0.260,0.000,0.0000,0,False,False,P,False,66.3,13.76,110150,42.77409,82.35,0.587,10.97,90.0,31.0,0.0
1788105411.1,0.00,708.5,0,0.260,0.000,0.0000,0,False,False,P,False,66.3,13.76,110150,42.77409,82.35,0.587,10.97,90.0,31.0,0.0
1788105411.3,0.00,709.2,0,0.260,0.000,0.0000,0,False,False,P,False,66.3,13.76,110150,42.77409,82.35,0.587,10.97,90.0,31.0,0.0
1788105411.5,0.00,708.0,0,0.260,0.000,0.0000,0,False,False,P,False,66.3,13.76,110150,42.77409,82.35,0.587,10.97,90.0,31.0,0.0
1788105411.7,0.00,706.2,0,0.260,0.000,0.0000,0,False,False,P,False,66.3,13.76,110150,42.77409,82.75,0.587,10.97,89.0,31.0,0.0
1788105411.9,0.00,709.0,0,0.260,0.000,0.0000,0,False,False,P,False,66.3,13.76,110150,42.77409,82.75,0.580,10.97,90.0,31.0,0.0
1788105412.1,0.00,710.8,0,0.260,0.000,0.0000,0,False,False,P,False,66.3,13.75,110150,42.77409,82.75,0.587,10.97,90.0,31.0,0.0
1788105412.3,0.00,712.0,0,0.260,0.000,0.0000,0,False,False,P,False,66.3,13.75,110150,42.77409,82.35,0.580,10.97,90.0,31.0,0.0
1788105412.5,0.00,710.2,0,0.260,0.000,0.0000,0,False,False,P,False,66.3,13.75,110150,42.77409,82.75,0.587,10.97,89.0,31.0,0.0
1788105412.7,0.00,708.2,0,0.260,0.000,0.0000,0,False,False,P,False,66.3,13.75,110150,42.77409,82.75,0.573,10.97,90.0,31.0,0.0
1788105412.9,0.00,706.5,0,0.260,0.000,0.0000,0,False,False,P,False,66.3,13.75,110150,42.77409,82.75,0.587,10.97,90.0,31.0,0.0
1788105413.1,0.00,711.5,0,0.260,0.000,0.0000,0,False,False,P,False,66.3,13.75,110150,42.77409,82.75,0.597,10.97,90.0,31.0,0.0
1788105413.3,0.00,711.0,0,0.260,0.000,0.0000,0,False,False,P,False,66.3,13.75,110150,42.77409,82.75,0.580,10.97,90.0,31.0,0.0
1788105413.5,0.00,712.0,0,0.260,0.000,0.0000,0,False,False,P,False,66.3,13.75,110150,42.77409,82.35,0.580,10.97,90.0,31.0,0.0
1788105413.8,0.00,710.5,0,0.260,0.000,0.0000,0,False,False,P,False,66.3,13.75,110150,42.77409,82.35,0.587,10.97,90.0,31.0,0.0
1788105414.0,0.00,712.5,0,0.260,0.000,0.0000,0,False,False,P,False,66.3,13.76,110150,42.77409,82.35,0.580,10.97,90.0,31.0,0.0
1788105414.2,0.00,710.8,0,0.260,0.000,0.0000,0,False,False,P,False,66.3,13.76,110150,42.77409,82.35,0.587,10.97,90.0,31.0,0.0
1788105414.4,0.00,711.2,0,0.260,0.000,0.0000,0,False,False,P,False,66.3,13.76,110150,42.77409,82.35,0.587,10.97,90.0,31.0,0.0
1788105414.6,0.00,708.0,0,0.260,0.000,0.0000,0,False,False,P,False,66.3,13.76,110150,42.77409,82.35,0.587,10.97,90.0,31.0,0.0
1788105414.8,0.00,712.2,0,0.260,0.000,0.0000,0,False,False,P,False,66.3,13.76,110150,42.77409,82.75,0.580,10.97,90.0,31.0,0.0
1788105415.0,0.00,709.8,0,0.260,0.000,0.0000,0,False,False,P,False,66.3,13.76,110150,42.77409,82.75,0.580,10.97,90.0,31.0,0.0
1788105415.2,0.00,706.2,0,0.260,0.000,0.0000,0,False,False,P,False,66.3,13.76,110150,42.77409,82.35,0.580,10.97,90.0,31.0,0.0
1788105415.4,0.00,704.2,0,0.260,0.000,0.0000,0,False,False,P,False,66.3,13.76,110150,42.77409,82.35,0.587,10.97,90.0,31.0,0.0
1788105415.6,0.00,705.8,0,0.260,0.000,0.0000,0,False,False,P,False,66.3,13.76,110150,42.77409,82.75,0.587,10.97,90.0,31.0,0.0
1788105415.8,0.00,702.0,0,0.260,0.000,0.0000,0,False,False,P,False,66.3,13.76,110150,42.77409,82.75,0.597,10.97,90.0,31.0,0.0
1788105416.0,0.00,705.8,0,0.260,0.000,0.0000,0,False,False,P,False,66.3,13.76,110150,42.77409,82.75,0.573,10.97,90.0,31.0,0.0
1788105416.2,0.00,707.2,0,0.260,0.000,0.0000,0,False,False,P,False,66.3,13.76,110150,42.77409,82.35,0.580,10.97,89.0,31.0,0.0
1788105416.4,0.00,709.5,0,0.260,0.000,0.0000,0,False,False,P,False,66.3,13.76,110150,42.77409,82.35,0.580,10.97,90.0,31.0,0.0
1788105416.6,0.00,706.0,0,0.260,0.000,0.0000,0,False,False,P,False,66.3,13.76,110150,42.77409,82.75,0.580,10.97,90.0,31.0,0.0
1788105416.8,0.00,708.0,0,0.260,0.000,0.0000,0,False,False,P,False,66.3,13.76,110150,42.77409,82.35,0.597,10.97,90.0,31.0,0.0
1788105417.0,0.00,707.2,0,0.260,0.000,0.0000,0,False,False,P,False,66.3,13.76,110150,42.77409,82.35,0.580,10.97,90.0,31.0,0.0
1788105417.2,0.00,709.0,0,0.260,0.000,0.0000,0,False,False,P,False,66.3,13.76,110150,42.77409,82.75,0.573,10.97,90.0,31.0,0.0
1788105417.4,0.00,705.2,0,0.260,0.000,0.0000,0,False,False,P,False,66.3,13.76,110150,42.77409,82.35,0.573,10.97,90.0,31.0,0.0
1788105417.6,0.00,710.2,0,0.260,0.000,0.0000,0,False,False,P,False,66.3,13.76,110150,42.77409,82.35,0.587,10.97,90.0,31.0,0.0
1788105417.8,0.00,711.8,0,0.260,0.000,0.0000,0,False,False,P,False,66.3,13.76,110150,42.77409,82.35,0.587,10.97,90.0,31.0,0.0
1788105418.0,0.00,712.2,0,0.260,0.000,0.0000,0,False,False,P,False,66.3,13.76,110150,42.77409,82.35,0.573,10.97,90.0,31.0,0.0
1788105418.2,0.00,712.8,0,0.260,0.000,0.0000,0,False,False,P,False,66.3,13.76,110150,42.77409,82.35,0.580,10.97,90.0,31.0,0.0
1788105418.4,0.00,710.2,0,0.260,0.000,0.0000,0,False,False,P,False,66.3,13.76,110150,42.77409,82.35,0.587,10.97,90.0,31.0,0.0
1788105418.6,0.00,714.2,0,0.260,0.000,0.0000,0,False,False,P,False,66.3,13.76,110150,42.77409,82.75,0.587,10.97,90.0,31.0,0.0
1788105418.8,0.00,709.8,0,0.260,0.000,0.0000,0,False,False,P,False,66.3,13.76,110150,42.77409,82.35,0.573,10.97,90.0,31.0,0.0
1788105419.0,0.00,710.0,0,0.260,0.000,0.0000,0,False,False,P,False,66.3,13.76,110150,42.77409,82.35,0.587,10.97,90.0,31.0,0.0
1788105419.2,0.00,707.8,0,0.260,0.000,0.0000,0,False,False,P,False,66.3,13.76,110150,42.77409,82.35,0.580,10.97,90.0,31.0,0.0
1788105419.4,0.00,706.8,0,0.260,0.000,0.0000,0,False,False,P,False,66.3,13.76,110150,42.77409,82.75,0.587,10.97,90.0,31.0,0.0
1788105419.6,0.00,704.2,0,0.260,0.000,0.0000,0,False,False,P,False,66.3,13.76,110150,42.77409,82.75,0.556,10.97,90.0,31.0,0.0
1788105419.8,0.00,700.5,0,0.260,0.000,0.0000,0,False,False,P,False,66.3,13.76,110150,42.77409,82.35,0.580,10.97,90.0,31.0,0.0
1788105420.0,0.00,702.0,0,0.260,0.000,0.0000,0,False,False,P,False,66.3,13.75,110150,42.77409,82.35,0.573,10.97,90.0,31.0,0.0
1788105420.3,0.00,701.5,0,0.260,0.000,0.0000,0,False,False,P,False,66.3,13.75,110150,42.77409,82.35,0.580,10.97,90.0,31.0,0.0
1788105420.5,0.00,706.0,0,0.260,0.000,0.0000,0,False,False,P,False,66.3,13.75,110150,42.77409,82.35,0.580,10.97,90.0,31.0,0.0
1788105420.7,0.00,700.2,0,0.260,0.000,0.0000,0,False,False,P,False,66.3,13.75,110150,42.77409,82.35,0.580,10.97,90.0,31.0,0.0
1788105420.9,0.00,701.5,0,0.260,0.000,0.0000,0,False,False,P,False,66.3,13.75,110150,42.77409,82.75,0.587,10.97,90.0,31.0,0.0
1788105421.1,0.00,699.8,0,0.260,0.000,0.0000,0,False,False,P,False,66.3,13.75,110150,42.77409,82.75,0.587,10.97,90.0,31.0,0.0
1788105421.3,0.00,703.5,0,0.260,0.000,0.0000,0,False,False,P,False,66.3,13.75,110150,42.77409,82.35,0.580,10.97,90.0,31.0,0.0
1788105421.5,0.00,701.0,0,0.260,0.000,0.0000,0,False,False,P,False,66.3,13.75,110150,42.77409,82.75,0.587,10.97,90.0,31.0,0.0
1788105421.7,0.00,700.5,0,0.260,0.000,0.0000,0,False,False,P,False,66.3,13.75,110150,42.77409,82.75,0.597,10.97,90.0,31.0,0.0
1788105421.9,0.00,698.8,0,0.260,0.000,0.0000,0,False,False,P,False,66.3,13.75,110150,42.77409,82.35,0.573,10.97,90.0,31.0,0.0
1788105422.1,0.00,707.0,0,0.260,0.000,0.0000,0,False,False,P,False,66.3,13.75,110150,42.77409,82.35,0.573,10.97,90.0,32.0,0.0
1788105422.3,0.00,760.5,0,0.260,0.000,0.0000,0,False,False,P,False,66.3,13.75,110150,42.77409,82.35,0.825,10.97,90.0,36.0,0.0
1788105422.5,0.00,749.0,0,0.260,0.000,0.0000,0,False,False,P,False,66.3,13.75,110150,42.77409,82.75,0.814,10.97,90.0,36.0,0.0
1788105422.7,0.00,735.0,0,0.260,0.000,0.0000,0,False,False,P,False,66.3,13.75,110150,42.77409,82.35,0.908,10.97,90.0,38.0,0.0
1788105422.9,0.00,734.8,0,0.260,0.000,0.0000,0,False,False,P,False,66.3,13.75,110150,42.77409,82.75,0.814,10.97,90.0,39.0,0.0
1788105423.1,0.00,725.5,0,0.260,0.000,0.0000,0,False,False,P,False,66.3,13.75,110150,42.77409,82.35,1.034,10.97,90.0,41.0,0.0
1788105423.3,0.00,728.0,0,0.260,0.000,0.0000,0,False,False,P,False,66.3,13.26,110150,42.77409,82.35,0.856,10.97,90.0,41.0,0.0
1788105423.5,0.00,722.8,0,0.260,0.000,0.0000,0,False,False,P,False,66.3,13.26,110150,42.77409,82.35,0.866,10.97,90.0,41.0,0.0
1788105423.7,0.00,723.5,0,0.260,0.000,0.0000,0,False,False,P,False,66.3,13.26,110150,42.77409,82.35,0.887,10.97,90.0,42.0,0.0
1788105423.9,0.00,717.8,0,0.260,0.000,0.0000,0,False,False,P,False,66.3,13.26,110150,42.77409,82.75,0.877,10.97,90.0,42.0,0.0
1788105424.1,0.00,714.5,0,0.260,0.000,0.0000,0,False,False,P,False,66.3,13.26,110150,42.77409,82.35,0.933,10.97,90.0,42.0,0.0
1788105424.3,0.00,712.0,0,0.260,0.000,0.0000,0,False,False,P,False,66.3,13.26,110150,42.77409,82.75,0.887,10.97,90.0,42.0,0.0
1788105424.5,0.00,708.0,0,0.260,0.000,0.0000,0,False,False,P,False,66.3,13.26,110150,42.77409,82.75,0.908,10.97,90.0,43.0,0.0
1788105424.7,0.00,705.5,0,0.260,0.000,0.0000,0,False,False,P,False,66.3,13.26,110150,42.77409,82.35,0.908,10.97,90.0,43.0,0.0
1788105424.9,0.00,702.8,0,0.260,0.000,0.0000,0,False,False,P,False,66.3,13.26,110150,42.77409,82.75,0.922,10.97,90.0,44.0,0.0
1788105425.1,0.00,704.2,0,0.260,0.000,0.0000,0,False,False,P,False,66.3,13.26,110150,42.77409,82.75,0.943,10.97,90.0,44.0,0.0
1788105425.3,0.00,709.2,0,0.260,0.000,0.0000,0,False,False,P,False,66.3,13.26,110150,42.77409,82.75,0.943,10.97,90.0,44.0,0.0
1788105425.5,0.00,720.8,0,0.260,0.000,0.0000,0,False,False,P,False,66.3,13.26,110150,42.77409,82.75,0.922,10.97,89.0,44.0,0.0
1788105425.7,0.00,736.8,0,0.260,0.000,0.0000,0,False,False,P,False,66.3,13.26,110150,42.77409,82.75,0.877,10.97,90.0,44.0,0.0
1788105425.9,0.00,746.8,0,0.260,0.000,0.0000,0,False,False,P,False,66.3,13.26,110150,42.77409,82.75,0.866,10.97,90.0,43.0,0.0
1788105426.1,0.00,738.0,0,0.260,0.000,0.0000,0,False,False,P,False,66.3,13.80,110150,42.77409,82.75,0.866,10.97,90.0,42.0,0.0
1788105426.3,0.00,730.8,0,0.260,0.000,0.0000,0,False,False,P,False,66.3,13.73,110150,42.77409,82.35,0.866,10.96,90.0,42.0,0.0
1788105426.6,0.00,722.0,0,0.260,0.000,0.0000,0,False,False,P,False,66.3,13.73,110150,42.77409,82.35,0.866,10.96,90.0,41.0,0.0
1788105426.8,0.00,715.2,0,0.260,0.000,0.0000,0,False,False,P,False,66.3,13.73,110150,42.77409,82.75,0.856,10.96,90.0,42.0,0.0
1788105427.0,0.00,707.2,0,0.260,0.000,0.0000,0,False,False,P,False,66.3,13.73,110150,42.77409,82.75,0.887,10.96,89.0,42.0,0.0
1788105427.2,0.00,702.8,0,0.260,0.000,0.0000,0,False,False,P,False,66.3,13.73,110150,42.77409,82.75,0.877,10.96,89.0,42.0,0.0
1788105427.4,0.00,700.0,0,0.260,0.000,0.0000,0,False,False,P,False,66.3,13.73,110150,42.77409,82.75,0.887,10.96,89.0,42.0,0.0
1788105427.6,0.00,700.0,0,0.260,0.000,0.0000,0,False,False,P,False,66.3,13.73,110150,42.77409,82.35,0.887,10.96,90.0,42.0,0.0
1788105427.8,0.00,704.8,0,0.260,0.000,0.0000,0,False,False,P,False,66.3,13.73,110150,42.77409,82.35,0.877,10.96,89.0,43.0,0.0
1788105428.0,0.00,708.5,0,0.260,0.000,0.0000,0,False,False,P,False,66.3,13.73,110150,42.77409,82.75,0.846,10.96,90.0,42.0,0.0
1788105428.2,0.00,713.8,0,0.260,0.000,0.0000,0,False,False,P,False,66.3,13.73,110150,42.77409,82.75,0.846,10.96,90.0,42.0,0.0
1788105428.4,0.00,713.0,0,0.260,0.000,0.0000,0,False,False,P,False,66.3,13.73,110150,42.77409,82.75,0.856,10.96,90.0,42.0,0.0
1788105428.6,0.00,714.5,0,0.260,0.000,0.0000,0,False,False,P,False,66.3,13.73,110150,42.77409,82.75,0.877,10.96,90.0,42.0,0.0
1788105428.8,0.00,713.8,0,0.260,0.000,0.0000,0,False,False,P,False,66.3,13.73,110150,42.77409,82.35,0.856,10.96,90.0,42.0,0.0
1788105429.0,0.00,709.8,0,0.260,0.000,0.0000,0,False,False,P,False,66.3,13.73,110150,42.77409,82.75,0.846,10.96,90.0,42.0,0.0
1788105429.2,0.00,705.0,0,0.260,0.000,0.0000,0,False,False,P,False,66.3,13.73,110150,42.77409,82.75,0.846,10.96,89.0,42.0,0.0
1788105429.4,0.00,700.0,0,0.260,0.000,0.0000,0,False,False,P,False,66.3,13.73,110150,42.77409,82.35,0.887,10.96,90.0,42.0,0.0
1788105429.6,0.00,699.5,0,0.260,0.000,0.0000,0,False,False,P,False,66.3,13.73,110150,42.77409,82.75,0.866,10.96,90.0,42.0,0.0
1788105429.8,0.00,700.5,0,0.260,0.000,0.0000,0,False,False,P,False,66.3,13.73,110150,42.77409,82.75,0.866,10.96,90.0,42.0,0.0
1788105430.0,0.00,703.5,0,0.260,0.000,0.0000,0,False,False,P,False,66.3,13.73,110150,42.77409,82.35,0.898,10.96,90.0,42.0,0.0
1788105430.2,0.00,707.0,0,0.260,0.000,0.0000,0,False,False,P,False,66.3,13.73,110150,42.77409,82.35,0.856,10.96,90.0,42.0,0.0
1788105430.4,0.00,708.5,0,0.260,0.000,0.0000,0,False,False,P,False,66.3,13.73,110150,42.77409,82.35,0.866,10.96,89.0,42.0,0.0
1788105430.6,0.00,708.5,0,0.260,0.000,0.0000,0,False,False,P,False,66.3,13.73,110150,42.77409,82.35,0.877,10.96,90.0,42.0,0.0
1788105430.8,0.00,709.2,0,0.260,0.000,0.0000,0,False,False,P,False,66.3,13.73,110150,42.77409,82.75,0.835,10.96,90.0,42.0,0.0
1788105431.0,0.00,708.8,0,0.260,0.000,0.0000,0,False,False,P,False,66.3,13.73,110150,42.77409,82.75,0.846,10.96,90.0,42.0,0.0
1788105431.2,0.00,706.5,0,0.260,0.000,0.0000,0,False,False,P,False,66.3,13.73,110150,42.77409,82.35,0.866,10.96,90.0,42.0,0.0
1788105431.4,0.00,702.5,0,0.260,0.000,0.0000,0,False,False,P,False,66.3,13.73,110150,42.77409,82.75,0.835,10.96,90.0,42.0,0.0
1788105431.6,0.00,689.2,0,0.260,0.000,0.0000,0,False,False,P,False,66.3,13.73,110150,42.77409,82.75,0.629,10.96,90.0,39.0,0.0
1788105431.8,0.00,728.8,0,0.260,0.000,0.0000,0,False,False,P,False,66.3,13.73,110150,42.77409,82.75,0.646,10.96,89.0,38.0,0.0
1788105432.0,0.00,749.8,0,0.260,0.000,0.0000,0,False,False,P,False,66.3,13.73,110150,42.77409,82.35,0.622,10.96,90.0,36.0,0.0
1788105432.2,0.00,743.0,0,0.260,0.000,0.0000,0,False,False,P,False,66.3,13.73,110150,42.77409,82.35,0.597,10.96,90.0,34.0,0.0
1788105432.4,0.00,741.0,0,0.260,0.000,0.0000,0,False,False,P,False,66.3,13.89,110150,42.77409,82.75,0.563,10.96,89.0,33.0,0.0
1788105432.7,0.00,733.8,0,0.260,0.000,0.0000,0,False,False,P,False,66.3,13.89,110150,42.77409,82.75,0.563,10.96,90.0,32.0,0.0
1788105432.9,0.00,720.8,0,0.260,0.000,0.0000,0,False,False,P,False,66.3,13.89,110150,42.77409,82.75,0.597,10.96,90.0,31.0,0.0
1788105433.1,0.00,708.8,0,0.260,0.000,0.0000,0,False,False,P,False,66.3,13.89,110150,42.77409,82.75,0.597,10.96,89.0,31.0,0.0
1788105433.3,0.00,700.8,0,0.260,0.000,0.0000,0,False,False,P,False,66.3,13.89,110150,42.77409,82.35,0.604,10.96,90.0,31.0,0.0
1788105433.5,0.00,702.0,0,0.260,0.000,0.0000,0,False,False,P,False,66.3,13.89,110150,42.77409,82.75,0.587,10.96,89.0,31.0,0.0
1788105433.7,0.00,702.0,0,0.260,0.000,0.0000,0,False,False,P,False,66.3,13.89,110150,42.77409,82.75,0.604,10.96,89.0,31.0,0.0
1788105433.9,0.00,702.2,0,0.260,0.000,0.0000,0,False,False,P,False,66.3,13.89,110150,42.77409,82.75,0.611,10.96,89.0,31.0,0.0
1788105434.1,0.00,705.0,0,0.260,0.000,0.0000,0,False,False,P,False,66.3,13.89,110150,42.77409,82.75,0.597,10.96,90.0,31.0,0.0
1788105434.3,0.00,702.8,0,0.260,0.000,0.0000,0,False,False,P,False,66.3,13.89,110150,42.77409,82.35,0.597,10.96,89.0,31.0,0.0
1788105434.5,0.00,708.2,0,0.260,0.000,0.0000,0,False,False,P,False,66.3,13.89,110150,42.77409,82.35,0.587,10.96,89.0,31.0,0.0
1788105434.7,0.00,709.8,0,0.260,0.000,0.0000,0,False,False,P,False,66.3,13.89,110150,42.77409,82.35,0.587,10.96,90.0,31.0,0.0
1788105434.9,0.00,710.5,0,0.260,0.000,0.0000,0,False,False,P,False,66.3,13.89,110150,42.77409,82.35,0.604,10.96,90.0,31.0,0.0
1788105435.1,0.00,706.8,0,0.260,0.000,0.0000,0,False,False,P,False,66.3,13.89,110150,42.77409,82.35,0.604,10.96,90.0,31.0,0.0
1788105435.3,0.00,712.0,0,0.260,0.000,0.0000,0,False,False,P,False,66.3,13.89,110150,42.77409,82.35,0.604,10.96,90.0,31.0,0.0
1788105435.5,0.00,711.0,0,0.260,0.000,0.0000,0,False,False,P,False,66.3,13.75,110150,42.77409,82.75,0.587,10.96,90.0,31.0,0.0
1788105435.7,0.00,710.0,0,0.260,0.000,0.0000,0,False,False,P,False,66.3,13.75,110150,42.77409,82.75,0.604,10.96,89.0,31.0,0.0
1788105435.9,0.00,709.8,0,0.260,0.000,0.0000,0,False,False,P,False,66.3,13.75,110150,42.77409,82.35,0.611,10.96,89.0,31.0,0.0
1788105436.1,0.00,709.8,0,0.260,0.000,0.0000,0,False,False,P,False,66.3,13.75,110150,42.77409,82.75,0.587,10.96,90.0,31.0,0.0
1788105436.3,0.00,708.2,0,0.260,0.000,0.0000,0,False,False,P,False,66.3,13.75,110150,42.77409,82.35,0.587,10.96,90.0,31.0,0.0
1788105436.5,0.00,704.8,0,0.260,0.000,0.0000,0,False,False,P,False,66.3,13.75,110150,42.77409,82.35,0.597,10.96,89.0,31.0,0.0
1788105436.7,0.00,710.5,0,0.260,0.000,0.0000,0,False,False,P,False,66.3,13.75,110150,42.77409,82.75,0.597,10.96,90.0,31.0,0.0
1788105436.9,0.00,708.0,0,0.260,0.000,0.0000,0,False,False,P,False,66.3,13.75,110150,42.77409,82.75,0.597,10.96,90.0,31.0,0.0
1788105437.1,0.00,705.5,0,0.260,0.000,0.0000,0,False,False,P,False,66.3,13.75,110150,42.77409,82.35,0.604,10.96,90.0,31.0,0.0
1788105437.3,0.00,703.5,0,0.260,0.000,0.0000,0,False,False,P,False,66.3,13.75,110150,42.77409,82.35,0.587,10.96,89.0,31.0,0.0
1788105437.5,0.00,703.8,0,0.260,0.000,0.0000,0,False,False,P,False,66.3,13.75,110150,42.77409,82.35,0.597,10.96,90.0,31.0,0.0
1788105437.7,0.00,702.8,0,0.260,0.000,0.0000,0,False,False,P,False,66.3,13.75,110150,42.77409,82.35,0.597,10.96,89.0,31.0,0.0
1788105437.9,0.00,702.8,0,0.260,0.000,0.0000,0,False,False,P,False,66.3,13.75,110150,42.77409,82.35,0.587,10.96,90.0,31.0,0.0
1788105438.1,0.00,700.2,0,0.260,0.000,0.0000,0,False,False,P,False,66.3,13.75,110150,42.77409,82.75,0.587,10.96,90.0,31.0,0.0
1788105438.3,0.00,704.8,0,0.260,0.000,0.0000,0,False,False,P,False,66.3,13.75,110150,42.77409,82.35,0.587,10.96,90.0,31.0,0.0
1788105438.5,0.00,707.5,0,0.260,0.000,0.0000,0,False,False,P,False,66.3,13.75,110150,42.77409,82.35,0.597,10.96,90.0,31.0,0.0
1788105438.8,0.00,707.8,0,0.260,0.000,0.0000,0,False,False,P,False,66.3,13.76,110150,42.77409,82.35,0.597,10.96,90.0,31.0,0.0
1788105439.0,0.00,705.8,0,0.260,0.000,0.0000,0,False,False,P,False,66.3,13.76,110150,42.77409,82.75,0.597,10.96,90.0,31.0,0.0
1788105439.2,0.00,707.8,0,0.260,0.000,0.0000,0,False,False,P,False,66.3,13.76,110150,42.77409,82.75,0.587,10.96,90.0,31.0,0.0
1788105439.4,0.00,707.5,0,0.260,0.000,0.0000,0,False,False,P,False,66.3,13.76,110150,42.77409,82.35,0.587,10.96,90.0,31.0,0.0
1788105439.6,0.00,708.8,0,0.260,0.000,0.0000,0,False,False,P,False,66.3,13.76,110150,42.77409,82.75,0.597,10.96,90.0,31.0,0.0
1788105439.8,0.00,710.5,0,0.260,0.000,0.0000,0,False,False,P,False,66.3,13.76,110150,42.77409,82.75,0.597,10.96,90.0,31.0,0.0
1788105440.0,0.00,710.8,0,0.260,0.000,0.0000,0,False,False,P,False,66.3,13.76,110150,42.77409,82.35,0.580,10.96,90.0,31.0,0.0
1788105440.2,0.00,709.0,0,0.260,0.000,0.0000,0,False,False,P,False,66.3,13.76,110150,42.77409,82.35,0.597,10.96,90.0,31.0,0.0
1788105440.4,0.00,705.0,0,0.260,0.000,0.0000,0,False,False,P,False,66.3,13.76,110150,42.77409,82.75,0.597,10.96,90.0,31.0,0.0
1788105440.6,0.00,702.2,0,0.260,0.000,0.0000,0,False,False,P,False,66.3,13.76,110150,42.77409,82.75,0.580,10.96,89.0,31.0,0.0
1788105440.8,0.00,706.2,0,0.260,0.000,0.0000,0,False,False,P,False,66.3,13.76,110150,42.77409,82.75,0.587,10.96,90.0,31.0,0.0
1788105441.0,0.00,703.2,0,0.260,0.000,0.0000,0,False,False,P,False,66.3,13.76,110150,42.77409,82.75,0.604,10.96,90.0,31.0,0.0
1788105441.2,0.00,704.0,0,0.260,0.000,0.0000,0,False,False,P,False,66.3,13.76,110150,42.77409,82.75,0.580,10.96,90.0,31.0,0.0
1788105441.4,0.00,700.8,0,0.260,0.000,0.0000,0,False,False,P,False,66.3,13.76,110150,42.77409,81.96,0.587,10.96,90.0,31.0,0.0
1788105441.6,0.00,700.2,0,0.260,0.000,0.0000,0,False,False,P,False,66.3,13.76,110150,42.77409,82.35,0.587,10.96,90.0,31.0,0.0
1788105441.8,0.00,702.5,0,0.260,0.000,0.0000,0,False,False,P,False,66.3,13.76,110150,42.77409,82.75,0.587,10.96,90.0,31.0,0.0
1788105442.0,0.00,707.2,0,0.260,0.000,0.0000,0,False,False,P,False,66.3,13.76,110150,42.77409,82.75,0.587,10.96,90.0,31.0,0.0
1788105442.2,0.00,707.2,0,0.260,0.000,0.0000,0,False,False,P,False,66.3,13.76,110150,42.77409,82.75,0.580,10.96,90.0,31.0,0.0
1788105442.4,0.00,703.0,0,0.260,0.000,0.0000,0,False,False,P,False,66.3,13.76,110150,42.77409,82.35,0.587,10.96,90.0,31.0,0.0
1788105442.6,0.00,705.2,0,0.260,0.000,0.0000,0,False,False,P,False,66.3,13.76,110150,42.77409,82.35,0.587,10.96,90.0,31.0,0.0
1788105442.8,0.00,705.2,0,0.260,0.000,0.0000,0,False,False,P,False,66.3,13.76,110150,42.77409,82.35,0.604,10.96,90.0,31.0,0.0
1788105443.0,0.00,707.0,0,0.260,0.000,0.0000,0,False,False,P,False,66.3,13.76,110150,42.77409,82.35,0.587,10.96,89.0,31.0,0.0
1788105443.2,0.00,709.0,0,0.260,0.000,0.0000,0,False,False,P,False,66.3,13.76,110150,42.77409,82.75,0.587,10.96,90.0,31.0,0.0
1788105443.4,0.00,709.8,0,0.260,0.000,0.0000,0,False,False,P,False,66.3,13.76,110150,42.77409,82.75,0.587,10.96,90.0,31.0,0.0
1788105443.6,0.00,707.8,0,0.260,0.000,0.0000,0,False,False,P,False,66.3,13.76,110150,42.77409,82.75,0.587,10.96,90.0,30.0,0.0
1788105443.8,0.00,703.2,0,0.260,0.000,0.0000,0,False,False,P,False,66.3,13.76,110150,42.77409,82.35,0.597,10.96,89.0,31.0,0.0
1788105444.0,0.00,701.2,0,0.260,0.000,0.0000,0,False,False,P,False,66.3,13.76,110150,42.77409,82.75,0.580,10.96,90.0,31.0,0.0
1788105444.2,0.00,701.8,0,0.260,0.000,0.0000,0,False,False,P,False,66.3,13.76,110150,42.77409,82.75,0.587,10.96,90.0,31.0,0.0
1788105444.5,0.00,701.0,0,0.260,0.000,0.0000,0,False,False,P,False,66.3,13.76,110150,42.77409,82.35,0.604,10.96,90.0,31.0,0.0
1788105444.7,0.00,700.5,0,0.260,0.000,0.0000,0,False,False,P,False,66.3,13.76,110150,42.77409,82.35,0.587,10.96,90.0,31.0,0.0
1788105444.9,0.00,697.8,0,0.260,0.000,0.0000,0,False,False,P,False,66.3,13.74,110150,42.77409,82.75,0.580,10.96,90.0,31.0,0.0
1788105445.1,0.00,703.2,0,0.260,0.000,0.0000,0,False,False,P,False,66.3,13.74,110150,42.77409,82.75,0.587,10.96,90.0,31.0,0.0
1788105445.3,0.00,702.2,0,0.260,0.000,0.0000,0,False,False,P,False,66.3,13.74,110150,42.77409,82.75,0.587,10.96,90.0,31.0,0.0
1788105445.5,0.00,700.5,0,0.260,0.000,0.0000,0,False,False,P,False,66.3,13.74,110150,42.77409,82.35,0.563,10.95,90.0,31.0,0.0
1788105445.7,0.00,700.2,0,0.260,0.000,0.0000,0,False,False,P,False,66.3,13.74,110150,42.77409,82.35,0.587,10.95,90.0,31.0,0.0
1788105445.9,0.00,703.2,0,0.260,0.000,0.0000,0,False,False,P,False,66.3,13.74,110150,42.77409,82.75,0.597,10.95,90.0,31.0,0.0
1788105446.1,0.00,706.5,0,0.260,0.000,0.0000,0,False,False,P,False,66.3,13.74,110150,42.77409,82.35,0.597,10.95,90.0,31.0,0.0
1788105446.3,0.00,710.5,0,0.260,0.000,0.0000,0,False,False,P,False,66.3,13.74,110150,42.77409,82.75,0.580,10.95,90.0,31.0,0.0
1788105446.5,0.00,714.0,0,0.260,0.000,0.0000,0,False,False,P,False,66.3,13.74,110150,42.77409,82.35,0.580,10.95,90.0,31.0,0.0
1788105446.7,0.00,711.8,0,0.260,0.000,0.0000,0,False,False,P,False,66.3,13.74,110150,42.77409,82.75,0.587,10.95,90.0,31.0,0.0
1788105446.9,0.00,715.5,0,0.260,0.000,0.0000,0,False,False,P,False,66.3,13.74,110150,42.77409,82.75,0.580,10.95,90.0,31.0,0.0
1788105447.1,0.00,711.0,0,0.260,0.000,0.0000,0,False,False,P,False,66.3,13.74,110150,42.77409,82.75,0.580,10.95,90.0,31.0,0.0
1788105447.3,0.00,711.8,0,0.260,0.000,0.0000,0,False,False,P,False,66.3,13.74,110150,42.77409,82.75,0.597,10.95,90.0,31.0,0.0
1788105447.5,0.00,705.8,0,0.260,0.000,0.0000,0,False,False,P,False,66.3,13.74,110150,42.77409,82.35,0.587,10.95,90.0,31.0,0.0
1788105447.7,0.00,707.5,0,0.260,0.000,0.0000,0,False,False,P,False,66.3,13.74,110150,42.77409,82.35,0.587,10.95,90.0,31.0,0.0
1788105447.9,0.00,711.5,0,0.260,0.000,0.0000,0,False,False,P,False,66.3,13.76,110150,42.77409,82.35,0.580,10.95,90.0,31.0,0.0
1788105448.1,0.00,709.8,0,0.260,0.000,0.0000,0,False,False,P,False,66.3,13.76,110150,42.77409,82.35,0.587,10.95,90.0,31.0,0.0
1788105448.3,0.00,709.8,0,0.260,0.000,0.0000,0,False,False,P,False,66.3,13.76,110150,42.77409,82.35,0.587,10.95,90.0,31.0,0.0
1788105448.5,0.00,711.0,0,0.260,0.000,0.0000,0,False,False,P,False,66.3,13.76,110150,42.77409,82.75,0.573,10.95,90.0,31.0,0.0
1788105448.7,0.00,705.5,0,0.260,0.000,0.0000,0,False,False,P,False,66.3,13.76,110150,42.77409,82.35,0.587,10.95,90.0,31.0,0.0
1788105448.9,0.00,708.2,0,0.260,0.000,0.0000,0,False,False,P,False,66.3,13.76,110150,42.77409,82.35,0.587,10.95,90.0,31.0,0.0
1788105449.1,0.00,706.5,0,0.260,0.000,0.0000,0,False,False,P,False,66.3,13.76,110150,42.77409,82.75,0.573,10.95,90.0,32.0,0.0
1788105449.3,0.00,735.8,0,0.260,0.000,0.0000,0,False,False,P,False,66.3,13.76,110150,42.77409,82.35,0.954,10.95,90.0,36.0,0.0
1788105449.5,0.00,783.2,0,0.260,0.000,0.0000,0,False,False,P,False,66.3,13.76,110150,42.77409,82.35,0.814,10.95,90.0,37.0,0.0
1788105449.7,0.00,735.8,0,0.260,0.000,0.0000,0,False,False,P,False,66.3,13.76,110150,42.77409,82.75,1.094,10.95,90.0,39.0,0.0
1788105449.9,0.00,740.8,0,0.260,0.000,0.0000,0,False,False,P,False,66.3,13.76,110150,42.77409,82.35,0.846,10.95,90.0,40.0,0.0
1788105450.1,0.00,735.0,0,0.260,0.000,0.0000,0,False,False,P,False,66.3,13.76,110150,42.77409,82.75,0.978,10.95,90.0,40.0,0.0
1788105450.3,0.00,732.8,0,0.260,0.000,0.0000,0,False,False,P,False,66.3,13.76,110150,42.77409,82.75,0.866,10.95,90.0,41.0,0.0
1788105450.5,0.00,732.5,0,0.260,0.000,0.0000,0,False,False,P,False,66.3,13.76,110150,42.77409,82.35,0.887,10.95,90.0,41.0,0.0
1788105450.7,0.00,731.2,0,0.260,0.000,0.0000,0,False,False,P,False,66.3,13.76,110150,42.77409,82.75,0.908,10.95,90.0,42.0,0.0
1788105451.0,0.00,735.0,0,0.260,0.000,0.0000,0,False,False,P,False,66.3,13.32,110150,42.77409,82.75,0.877,10.95,90.0,42.0,0.0
1788105451.2,0.00,732.0,0,0.260,0.000,0.0000,0,False,False,P,False,66.3,13.32,110150,42.77409,82.35,0.887,10.95,90.0,42.0,0.0
1788105451.4,0.00,728.8,0,0.260,0.000,0.0000,0,False,False,P,False,66.3,13.32,110150,42.77409,82.75,0.908,10.95,90.0,42.0,0.0
1788105451.6,0.00,724.0,0,0.260,0.000,0.0000,0,False,False,P,False,66.3,13.32,110150,42.77409,82.75,0.954,10.95,90.0,43.0,0.0
1788105451.8,0.00,722.8,0,0.260,0.000,0.0000,0,False,False,P,False,66.3,13.32,110150,42.77409,82.35,0.922,10.95,90.0,43.0,0.0
1788105452.0,0.00,723.5,0,0.260,0.000,0.0000,0,False,False,P,False,66.3,13.32,110150,42.77409,82.35,0.898,10.95,90.0,43.0,0.0
1788105452.2,0.00,723.5,0,0.260,0.000,0.0000,0,False,False,P,False,66.3,13.51,110150,42.77409,82.75,0.898,10.95,90.0,43.0,0.0
1788105452.4,0.00,726.8,0,0.260,0.000,0.0000,0,False,False,P,False,66.3,13.51,110150,42.77409,82.35,0.943,10.95,90.0,44.0,0.0
1788105452.6,0.00,733.8,0,0.260,0.000,0.0000,0,False,False,P,False,66.3,13.51,110150,42.77409,82.75,0.898,10.95,90.0,44.0,0.0
1788105452.8,0.00,742.8,0,0.260,0.000,0.0000,0,False,False,P,False,66.3,13.51,110150,42.77409,82.75,0.887,10.95,90.0,44.0,0.0
1788105453.0,0.00,742.2,0,0.260,0.000,0.0000,0,False,False,P,False,66.3,13.51,110150,42.77409,82.75,0.877,10.95,90.0,43.0,0.0
1788105453.2,0.00,740.8,0,0.260,0.000,0.0000,0,False,False,P,False,66.3,13.51,110150,42.77409,82.35,0.877,10.95,90.0,42.0,0.0
1788105453.4,0.00,733.5,0,0.260,0.000,0.0000,0,False,False,P,False,66.3,13.51,110150,42.77409,82.75,0.866,10.95,90.0,42.0,0.0
1788105453.6,0.00,727.2,0,0.260,0.000,0.0000,0,False,False,P,False,66.3,13.51,110150,42.77409,82.75,0.846,10.95,90.0,42.0,0.0
1788105453.8,0.00,720.0,0,0.260,0.000,0.0000,0,False,False,P,False,66.3,13.51,110150,42.77409,82.75,0.856,10.95,90.0,42.0,0.0
1788105454.0,0.00,714.8,0,0.260,0.000,0.0000,0,False,False,P,False,66.3,13.51,110150,42.77409,82.75,0.856,10.95,90.0,42.0,0.0
1788105454.2,0.00,712.2,0,0.260,0.000,0.0000,0,False,False,P,False,66.3,13.71,110150,42.77409,82.35,0.887,10.95,90.0,42.0,0.0
1788105454.4,0.00,713.2,0,0.260,0.000,0.0000,0,False,False,P,False,66.3,13.71,110150,42.77409,82.35,0.887,10.95,90.0,42.0,0.0
1788105454.6,0.00,716.5,0,0.260,0.000,0.0000,0,False,False,P,False,66.3,13.71,110150,42.77409,82.75,0.856,10.95,90.0,42.0,0.0
1788105454.8,0.00,720.8,0,0.260,0.000,0.0000,0,False,False,P,False,66.3,13.71,110150,42.77409,82.75,0.846,10.95,90.0,42.0,0.0
1788105455.0,0.00,723.8,0,0.260,0.000,0.0000,0,False,False,P,False,66.3,13.71,110150,42.77409,82.35,0.846,10.95,89.0,42.0,0.0
1788105455.2,0.00,722.5,0,0.260,0.000,0.0000,0,False,False,P,False,66.3,13.71,110150,42.77409,82.75,0.866,10.95,90.0,42.0,0.0
1788105455.4,0.00,722.0,0,0.260,0.000,0.0000,0,False,False,P,False,66.3,13.71,110150,42.77409,82.35,0.887,10.95,90.0,42.0,0.0
1788105455.6,0.00,721.5,0,0.260,0.000,0.0000,0,False,False,P,False,66.3,13.71,110150,42.77409,82.35,0.866,10.95,90.0,42.0,0.0
1788105455.8,0.00,718.5,0,0.260,0.000,0.0000,0,False,False,P,False,66.3,13.71,110150,42.77409,82.75,0.856,10.95,90.0,42.0,0.0
1788105456.0,0.00,716.8,0,0.260,0.000,0.0000,0,False,False,P,False,66.3,13.71,110150,42.77409,82.75,0.866,10.95,89.0,42.0,0.0
1788105456.2,0.00,714.0,0,0.260,0.000,0.0000,0,False,False,P,False,66.3,13.71,110150,42.77409,82.75,0.866,10.95,90.0,42.0,0.0
1788105456.4,0.00,715.0,0,0.260,0.000,0.0000,0,False,False,P,False,66.3,13.71,110150,42.77409,82.75,0.856,10.95,89.0,42.0,0.0
1788105456.6,0.00,711.2,0,0.260,0.000,0.0000,0,False,False,P,False,66.3,13.71,110150,42.77409,82.75,0.856,10.95,90.0,42.0,0.0
1788105456.8,0.00,708.8,0,0.260,0.000,0.0000,0,False,False,P,False,66.3,13.71,110150,42.77409,82.75,0.866,10.95,90.0,42.0,0.0
1788105457.0,0.00,706.0,0,0.260,0.000,0.0000,0,False,False,P,False,66.3,13.71,110150,42.77409,82.75,0.846,10.95,90.0,42.0,0.0
1788105457.2,0.00,705.5,0,0.260,0.000,0.0000,0,False,False,P,False,66.3,13.74,110150,42.77409,82.35,0.856,10.95,90.0,42.0,0.0
1788105457.4,0.00,707.5,0,0.260,0.000,0.0000,0,False,False,P,False,66.3,13.74,110150,42.77409,82.75,0.846,10.95,90.0,42.0,0.0
1788105457.7,0.00,708.2,0,0.260,0.000,0.0000,0,False,False,P,False,66.3,13.74,110150,42.77409,82.35,0.846,10.95,90.0,42.0,0.0
1788105457.9,0.00,711.5,0,0.260,0.000,0.0000,0,False,False,P,False,66.3,13.74,110150,42.77409,82.35,0.846,10.95,90.0,42.0,0.0
1788105458.1,0.00,711.2,0,0.260,0.000,0.0000,0,False,False,P,False,66.3,13.74,110150,42.77409,82.35,0.866,10.95,90.0,42.0,0.0
1788105458.3,0.00,711.0,0,0.260,0.000,0.0000,0,False,False,P,False,66.3,13.74,110150,42.77409,82.75,0.846,10.95,90.0,42.0,0.0
1788105458.5,0.00,709.5,0,0.260,0.000,0.0000,0,False,False,P,False,66.3,13.74,110150,42.77409,82.35,0.856,10.95,90.0,42.0,0.0
1788105458.7,0.00,710.8,0,0.260,0.000,0.0000,0,False,False,P,False,66.3,13.74,110150,42.77409,82.35,0.846,10.95,90.0,42.0,0.0
1788105458.9,0.00,710.5,0,0.260,0.000,0.0000,0,False,False,P,False,66.3,13.74,110150,42.77409,82.35,0.846,10.95,90.0,42.0,0.0
1788105459.1,0.00,707.8,0,0.260,0.000,0.0000,0,False,False,P,False,66.3,13.74,110150,42.77409,82.75,0.846,10.95,90.0,42.0,0.0
1788105459.3,0.00,708.5,0,0.260,0.000,0.0000,0,False,False,P,False,66.3,13.74,110150,42.77409,82.75,0.835,10.95,90.0,42.0,0.0
1788105459.5,0.00,705.5,0,0.260,0.000,0.0000,0,False,False,P,False,66.3,13.74,110150,42.77409,82.35,0.856,10.95,90.0,42.0,0.0
1788105459.7,0.00,703.8,0,0.260,0.000,0.0000,0,False,False,P,False,66.3,13.74,110150,42.77409,82.75,0.856,10.95,90.0,42.0,0.0
1788105459.9,0.00,702.8,0,0.260,0.000,0.0000,0,False,False,P,False,66.3,13.74,110150,42.77409,82.35,0.664,10.95,90.0,42.0,0.0
1788105460.1,0.00,686.5,0,0.260,0.000,0.0000,0,False,False,P,False,66.3,13.74,110150,42.77409,82.35,0.646,10.95,90.0,40.0,0.0
1788105460.3,0.00,753.5,0,0.260,0.000,0.0000,0,False,False,P,False,66.3,13.84,110150,42.77409,82.75,0.646,10.95,90.0,37.0,0.0
1788105460.5,0.00,742.8,0,0.260,0.000,0.0000,0,False,False,P,False,66.3,13.84,110150,42.77409,82.75,0.622,10.95,90.0,36.0,0.0
1788105460.7,0.00,748.0,0,0.260,0.000,0.0000,0,False,False,P,False,66.3,13.84,110150,42.77409,82.35,0.622,10.95,90.0,34.0,0.0
1788105460.9,0.00,743.8,0,0.260,0.000,0.0000,0,False,False,P,False,66.3,13.84,110150,42.77409,82.75,0.573,10.95,90.0,33.0,0.0
1788105461.1,0.00,730.0,0,0.260,0.000,0.0000,0,False,False,P,False,66.3,13.79,110150,42.77409,82.35,0.556,10.95,90.0,32.0,0.0
1788105461.3,0.00,720.8,0,0.260,0.000,0.0000,0,False,False,P,False,66.3,13.79,110150,42.77409,82.75,0.597,10.95,90.0,31.0,0.0
1788105461.5,0.00,715.8,0,0.260,0.000,0.0000,0,False,False,P,False,66.3,13.79,110150,42.77409,82.75,0.587,10.95,90.0,31.0,0.0
1788105461.7,0.00,709.8,0,0.260,0.000,0.0000,0,False,False,P,False,66.3,13.79,110150,42.77409,82.75,0.604,10.95,90.0,31.0,0.0
1788105461.9,0.00,705.0,0,0.260,0.000,0.0000,0,False,False,P,False,66.3,13.79,110150,42.77409,82.75,0.587,10.94,90.0,31.0,0.0
1788105462.1,0.00,706.2,0,0.260,0.000,0.0000,0,False,False,P,False,66.3,13.73,110150,42.77409,82.35,0.597,10.94,90.0,31.0,0.0
1788105462.3,0.00,705.5,0,0.260,0.000,0.0000,0,False,False,P,False,66.3,13.73,110150,42.77409,82.35,0.597,10.94,90.0,31.0,0.0
1788105462.5,0.00,706.8,0,0.260,0.000,0.0000,0,False,False,P,False,66.3,13.73,110150,42.77409,82.35,0.597,10.94,90.0,31.0,0.0
1788105462.7,0.00,712.0,0,0.260,0.000,0.0000,0,False,False,P,False,66.3,13.73,110150,42.77409,82.35,0.587,10.94,90.0,31.0,0.0
1788105462.9,0.00,709.8,0,0.260,0.000,0.0000,0,False,False,P,False,66.3,13.73,110150,42.77409,82.35,0.597,10.94,90.0,31.0,0.0
1788105463.1,0.00,708.8,0,0.260,0.000,0.0000,0,False,False,P,False,66.3,13.73,110150,42.77409,82.75,0.597,10.94,90.0,31.0,0.0
1788105463.3,0.00,712.0,0,0.260,0.000,0.0000,0,False,False,P,False,66.3,13.73,110150,42.77409,82.35,0.587,10.94,90.0,31.0,0.0
1788105463.5,0.00,711.8,0,0.260,0.000,0.0000,0,False,False,P,False,66.3,13.73,110150,42.77409,82.35,0.604,10.94,90.0,31.0,0.0
1788105463.8,0.00,713.2,0,0.260,0.000,0.0000,0,False,False,P,False,66.3,13.73,110150,42.77409,82.75,0.597,10.94,90.0,31.0,0.0
1788105464.0,0.00,715.5,0,0.260,0.000,0.0000,0,False,False,P,False,66.3,13.73,110150,42.77409,82.35,0.580,10.94,90.0,31.0,0.0
1788105464.2,0.00,707.2,0,0.260,0.000,0.0000,0,False,False,P,False,66.3,13.73,110150,42.77409,82.75,0.580,10.94,90.0,31.0,0.0
1788105464.4,0.00,709.8,0,0.260,0.000,0.0000,0,False,False,P,False,66.3,13.73,110150,42.77409,82.35,0.604,10.94,90.0,31.0,0.0
1788105464.6,0.00,711.8,0,0.260,0.000,0.0000,0,False,False,P,False,66.3,13.73,110150,42.77409,82.75,0.597,10.94,90.0,31.0,0.0
1788105464.8,0.00,714.2,0,0.260,0.000,0.0000,0,False,False,P,False,66.3,13.73,110150,42.77409,82.75,0.580,10.94,90.0,31.0,0.0
1788105465.0,0.00,710.8,0,0.260,0.000,0.0000,0,False,False,P,False,66.3,13.73,110150,42.77409,82.35,0.580,10.94,90.0,31.0,0.0
1788105465.2,0.00,710.0,0,0.260,0.000,0.0000,0,False,False,P,False,66.3,13.73,110150,42.77409,82.75,0.587,10.94,90.0,31.0,0.0
1788105465.4,0.00,711.0,0,0.260,0.000,0.0000,0,False,False,P,False,66.3,13.73,110150,42.77409,82.75,0.597,10.94,90.0,31.0,0.0
1788105465.6,0.00,710.5,0,0.260,0.000,0.0000,0,False,False,P,False,66.3,13.73,110150,42.77409,82.75,0.597,10.94,90.0,31.0,0.0
1788105465.8,0.00,711.8,0,0.260,0.000,0.0000,0,False,False,P,False,66.3,13.73,110150,42.77409,82.75,0.573,10.94,90.0,31.0,0.0
1788105466.0,0.00,704.0,0,0.260,0.000,0.0000,0,False,False,P,False,66.3,13.73,110150,42.77409,82.75,0.587,10.94,90.0,31.0,0.0
1788105466.2,0.00,706.2,0,0.260,0.000,0.0000,0,False,False,P,False,66.3,13.73,110150,42.77409,82.75,0.587,10.94,90.0,31.0,0.0
                                                                                                                                                                                                                                                                                                                                                                                                                                                                                                                                                                                                                                                                                                                                                                                                                                                                                                                                                                                                                                                                                                                                                                                                                                                                                                                                                                                                                                                                                                                                                                                                                                                                                                                                                                                                                                                                                                                                                                                                                                                                                                                                                                                                                                                                                                                                                                                                                                                                                                                                                                                                                                                                                                                                                                                                                                                                                                                                                                                                                                                                                                                                                                                                                                                                                                                                                                                                                                        