t,speed,rpm,gear,ratio,mech,slip,tcc,locked,hold,range,shifting,atf,volt,odo,trip_km,fuel_pt,rate_lh,eco,coolant,map,load
1787963704.3,0.00,839.8,0,0.260,0.000,0.0000,0,False,False,P,False,0.0,0.00,109560,11.45710,95.29,1.371,10.43,62.0,43.0,0.0
1787963704.5,0.00,837.0,0,0.260,0.000,0.0000,0,False,False,P,False,0.0,0.00,109560,11.45710,94.12,1.418,10.42,62.0,43.0,0.0
1787963704.7,0.00,836.5,0,0.260,0.000,0.0000,0,False,False,P,False,0.0,0.00,109560,11.45710,94.51,1.388,10.42,62.0,43.0,0.0
1787963704.9,0.00,836.2,0,0.260,0.000,0.0000,0,False,False,P,False,0.0,0.00,109560,11.45710,93.73,1.388,10.42,62.0,43.0,0.0
1787963705.1,0.00,838.0,0,0.260,0.000,0.0000,0,False,False,P,False,0.0,0.00,109560,11.45710,93.73,1.371,10.42,62.0,43.0,0.0
1787963705.3,0.00,839.2,0,0.260,0.000,0.0000,0,False,False,P,False,0.0,0.00,109560,11.45710,94.51,1.371,10.42,62.0,43.0,0.0
1787963705.5,0.00,840.2,0,0.260,0.000,0.0000,0,False,False,P,False,0.0,0.00,109560,11.45710,94.90,1.371,10.42,62.0,43.0,0.0
1787963705.7,0.00,838.8,0,0.260,0.000,0.0000,0,False,False,P,False,0.0,0.00,109560,11.45710,94.90,1.388,10.42,62.0,43.0,0.0
1787963705.9,0.00,833.5,0,0.260,0.000,0.0000,0,False,False,P,False,0.0,0.00,109560,11.45710,94.12,1.401,10.42,62.0,43.0,0.0
1787963706.1,0.00,833.5,0,0.260,0.000,0.0000,0,False,False,P,False,50.4,0.00,109560,11.45710,93.73,1.371,10.42,62.0,43.0,0.0
1787963706.3,0.00,832.8,0,0.260,0.000,0.0000,0,False,False,P,False,50.4,0.00,109560,11.45710,94.90,1.401,10.42,62.0,43.0,0.0
1787963706.5,0.00,834.0,0,0.260,0.000,0.0000,0,False,False,P,False,50.4,0.00,109560,11.45710,94.90,1.358,10.42,62.0,43.0,0.0
1787963706.7,0.00,834.5,0,0.260,0.000,0.0000,0,False,False,P,False,50.4,0.00,109560,11.45710,94.51,1.401,10.42,62.0,44.0,0.0
1787963706.9,0.00,833.5,0,0.260,0.000,0.0000,0,False,False,P,False,50.4,0.00,109560,11.45710,94.51,1.418,10.42,62.0,43.0,0.0
1787963707.1,0.00,831.5,0,0.260,0.000,0.0000,0,False,False,P,False,50.4,0.00,109560,11.45710,94.12,1.401,10.42,62.0,43.0,0.0
1787963707.3,0.00,832.5,0,0.260,0.000,0.0000,0,False,False,P,False,50.4,0.00,109560,11.45710,93.73,1.371,10.41,62.0,43.0,0.0
1787963707.5,0.00,833.8,0,0.260,0.000,0.0000,0,False,False,P,False,50.4,0.00,109560,11.45710,94.90,1.371,10.41,62.0,43.0,0.0
1787963707.8,0.00,832.8,0,0.260,0.000,0.0000,0,False,False,P,False,50.4,0.00,109560,11.45710,94.51,1.401,10.41,62.0,43.0,0.0
1787963708.0,0.00,832.8,0,0.260,0.000,0.0000,0,False,False,P,False,50.4,0.00,109560,11.45710,94.90,1.371,10.41,62.0,44.0,0.0
1787963708.2,0.00,832.0,0,0.260,0.000,0.0000,0,False,False,P,False,50.4,0.00,109560,11.45710,94.12,1.388,10.41,62.0,43.0,0.0
1787963708.4,0.00,830.0,0,0.260,0.000,0.0000,0,False,False,P,False,50.4,0.00,109560,11.45710,93.73,1.371,10.41,62.0,43.0,0.0
1787963708.6,0.00,829.8,0,0.260,0.000,0.0000,0,False,False,P,False,50.4,0.00,109560,11.45710,93.73,1.388,10.41,62.0,43.0,0.0
1787963708.8,0.00,829.2,0,0.260,0.000,0.0000,0,False,False,P,False,50.4,0.00,109560,11.45710,93.73,1.371,10.41,62.0,44.0,0.0
1787963709.0,0.00,830.5,0,0.260,0.000,0.0000,0,False,False,P,False,50.4,0.00,109560,11.45710,94.12,1.371,10.41,63.0,43.0,0.0
1787963709.2,0.00,832.2,0,0.260,0.000,0.0000,0,False,False,P,False,50.4,0.00,109560,11.45710,94.12,1.388,10.41,63.0,43.0,0.0
1787963709.4,0.00,831.2,0,0.260,0.000,0.0000,0,False,False,P,False,50.4,0.00,109560,11.45710,94.12,1.341,10.41,63.0,43.0,0.0
1787963709.6,0.00,830.5,0,0.260,0.000,0.0000,0,False,False,P,False,50.4,0.00,109560,11.45710,93.73,1.388,10.41,63.0,43.0,0.0
1787963709.8,0.00,830.5,0,0.260,0.000,0.0000,0,False,False,P,False,50.4,0.00,109560,11.45710,93.73,1.341,10.41,63.0,43.0,0.0
1787963710.0,0.00,833.0,0,0.260,0.000,0.0000,0,False,False,P,False,50.4,0.00,109560,11.45710,93.73,1.358,10.40,63.0,43.0,0.0
1787963710.2,0.00,832.0,0,0.260,0.000,0.0000,0,False,False,P,False,50.4,0.00,109560,11.45710,94.12,1.358,10.40,63.0,43.0,0.0
1787963710.4,0.00,832.2,0,0.260,0.000,0.0000,0,False,False,P,False,50.4,0.00,109560,11.45710,94.90,1.371,10.40,63.0,43.0,0.0
1787963710.6,0.00,834.0,0,0.260,0.000,0.0000,0,False,False,P,False,50.4,0.00,109560,11.45710,95.29,1.341,10.40,63.0,43.0,0.0
1787963710.8,0.00,833.2,0,0.260,0.000,0.0000,0,False,False,P,False,50.4,0.00,109560,11.45710,93.73,1.371,10.40,63.0,43.0,0.0
1787963711.0,0.00,831.8,0,0.260,0.000,0.0000,0,False,False,P,False,50.4,0.00,109560,11.45710,93.73,1.388,10.40,63.0,43.0,0.0
1787963711.2,0.00,829.8,0,0.260,0.000,0.0000,0,False,False,P,False,50.4,0.00,109560,11.45710,94.12,1.371,10.40,63.0,43.0,0.0
1787963711.4,0.00,828.0,0,0.260,0.000,0.0000,0,False,False,P,False,50.4,0.00,109560,11.45710,94.51,1.341,10.40,63.0,43.0,0.0
1787963711.6,0.00,828.5,0,0.260,0.000,0.0000,0,False,False,P,False,50.4,0.00,109560,11.45710,95.29,1.388,10.40,63.0,43.0,0.0
1787963711.8,0.00,828.5,0,0.260,0.000,0.0000,0,False,False,P,False,50.4,0.00,109560,11.45710,94.51,1.371,10.40,63.0,43.0,0.0
1787963712.0,0.00,831.8,0,0.260,0.000,0.0000,0,False,False,P,False,51.4,0.00,109560,11.45710,94.12,1.358,10.40,63.0,43.0,0.0
1787963712.2,0.00,831.8,0,0.260,0.000,0.0000,0,False,False,P,False,51.4,0.00,109560,11.45710,93.73,1.371,10.40,63.0,43.0,0.0
1787963712.4,0.00,829.2,0,0.260,0.000,0.0000,0,False,False,P,False,51.4,0.00,109560,11.45710,94.12,1.358,10.40,63.0,43.0,0.0
1787963712.6,0.00,829.5,0,0.260,0.000,0.0000,0,False,False,P,False,51.4,0.00,109560,11.45710,93.73,1.388,10.40,63.0,43.0,0.0
1787963712.8,0.00,829.2,0,0.260,0.000,0.0000,0,False,False,P,False,51.4,0.00,109560,11.45710,94.51,1.371,10.39,63.0,43.0,0.0
1787963713.0,0.00,832.5,0,0.260,0.000,0.0000,0,False,False,P,False,51.4,13.69,109560,11.45710,93.73,1.371,10.39,63.0,43.0,0.0
1787963713.2,0.00,833.2,0,0.260,0.000,0.0000,0,False,False,P,False,51.4,13.69,109560,11.45710,93.73,1.388,10.39,63.0,43.0,0.0
1787963713.4,0.00,829.0,0,0.260,0.000,0.0000,0,False,False,P,False,51.4,13.69,109560,11.45710,93.73,1.358,10.39,63.0,43.0,0.0
1787963713.6,0.00,829.5,0,0.260,0.000,0.0000,0,False,False,P,False,51.4,13.69,109560,11.45710,93.73,1.358,10.39,63.0,43.0,0.0
1787963713.8,0.00,831.2,0,0.260,0.000,0.0000,0,False,False,P,False,51.4,13.69,109560,11.45710,94.12,1.358,10.39,63.0,43.0,0.0
1787963714.0,0.00,831.5,0,0.260,0.000,0.0000,0,False,False,P,False,51.4,13.69,109560,11.45710,94.12,1.341,10.39,63.0,43.0,0.0
1787963714.2,0.00,830.0,0,0.260,0.000,0.0000,0,False,False,P,False,51.4,13.69,109560,11.45710,95.29,1.388,10.39,63.0,43.0,0.0
1787963714.4,0.00,830.0,0,0.260,0.000,0.0000,0,False,False,P,False,51.4,13.69,109560,11.45710,93.73,1.341,10.39,63.0,43.0,0.0
1787963714.6,0.00,830.2,0,0.260,0.000,0.0000,0,False,False,P,False,51.4,13.69,109560,11.45710,93.73,1.371,10.39,63.0,43.0,0.0
1787963714.9,0.00,829.5,0,0.260,0.000,0.0000,0,False,False,P,False,51.4,13.69,109560,11.45710,94.12,1.358,10.39,63.0,43.0,0.0
1787963715.1,0.00,830.5,0,0.260,0.000,0.0000,0,False,False,P,False,51.4,13.69,109560,11.45710,94.12,1.358,10.39,63.0,43.0,0.0
1787963715.3,0.00,829.2,0,0.260,0.000,0.0000,0,False,False,P,False,51.4,13.69,109560,11.45710,95.29,1.371,10.39,63.0,43.0,0.0
1787963715.5,0.00,832.2,0,0.260,0.000,0.0000,0,False,False,P,False,51.4,13.69,109560,11.45710,95.29,1.358,10.39,63.0,43.0,0.0
1787963715.7,0.00,831.8,0,0.260,0.000,0.0000,0,False,False,P,False,51.4,13.69,109560,11.45710,95.29,1.358,10.38,63.0,43.0,0.0
1787963715.9,0.00,829.2,0,0.260,0.000,0.0000,0,False,False,P,False,51.4,13.69,109560,11.45710,95.29,1.358,10.38,63.0,43.0,0.0
1787963716.1,0.00,830.2,0,0.260,0.000,0.0000,0,False,False,P,False,51.4,13.69,109560,11.45710,95.29,1.358,10.38,63.0,43.0,0.0
1787963716.3,0.00,831.8,0,0.260,0.000,0.0000,0,False,False,P,False,51.4,13.69,109560,11.45710,95.29,1.371,10.38,63.0,43.0,0.0
1787963716.5,0.00,827.5,0,0.260,0.000,0.0000,0,False,False,P,False,51.4,13.69,109560,11.45710,95.29,1.401,10.38,63.0,43.0,0.0
1787963716.7,0.00,828.2,0,0.260,0.000,0.0000,0,False,False,P,False,51.4,13.69,109560,11.45710,95.29,1.358,10.38,63.0,43.0,0.0
1787963716.9,0.00,825.8,0,0.260,0.000,0.0000,0,False,False,P,False,51.4,13.69,109560,11.45710,95.29,1.358,10.38,63.0,43.0,0.0
1787963717.1,0.00,830.0,0,0.260,0.000,0.0000,0,False,False,P,False,51.4,13.69,109560,11.45710,95.29,1.371,10.38,63.0,43.0,0.0
1787963717.3,0.00,830.0,0,0.260,0.000,0.0000,0,False,False,P,False,51.4,13.69,109560,11.45710,94.51,1.341,10.38,63.0,43.0,0.0
1787963717.5,0.00,829.0,0,0.260,0.000,0.0000,0,False,False,P,False,51.4,13.69,109560,11.45710,95.29,1.312,10.38,63.0,43.0,0.0
1787963717.7,0.00,831.5,0,0.260,0.000,0.0000,0,False,False,P,False,51.4,13.69,109560,11.45710,95.29,1.358,10.38,63.0,43.0,0.0
1787963717.9,0.00,828.2,0,0.260,0.000,0.0000,0,False,False,P,False,51.4,13.69,109560,11.45710,95.29,1.341,10.38,63.0,43.0,0.0
1787963718.1,0.00,829.5,0,0.260,0.000,0.0000,0,False,False,P,False,51.4,13.69,109560,11.45710,95.29,1.358,10.38,63.0,43.0,0.0
1787963718.3,0.00,830.5,0,0.260,0.000,0.0000,0,False,False,P,False,51.4,13.69,109560,11.45710,94.90,1.358,10.38,64.0,43.0,0.0
1787963718.5,0.00,829.5,0,0.260,0.000,0.0000,0,False,False,P,False,51.4,13.69,109560,11.45710,95.29,1.329,10.37,64.0,43.0,0.0
1787963718.7,0.00,828.8,0,0.260,0.000,0.0000,0,False,False,P,False,51.4,13.69,109560,11.45710,95.29,1.358,10.37,64.0,43.0,0.0
1787963718.9,0.00,825.5,0,0.260,0.000,0.0000,0,False,False,P,False,51.4,13.69,109560,11.45710,95.29,1.329,10.37,64.0,43.0,0.0
1787963719.1,0.00,826.0,0,0.260,0.000,0.0000,0,False,False,P,False,51.4,13.69,109560,11.45710,94.90,1.358,10.37,64.0,43.0,0.0
1787963719.3,0.00,824.5,0,0.260,0.000,0.0000,0,False,False,P,False,51.4,13.69,109560,11.45710,94.90,1.358,10.37,64.0,43.0,0.0
1787963719.5,0.00,825.5,0,0.260,0.000,0.0000,0,False,False,P,False,51.4,13.69,109560,11.45710,93.73,1.329,10.37,64.0,43.0,0.0
1787963719.7,0.00,826.0,0,0.260,0.000,0.0000,0,False,False,P,False,51.4,13.69,109560,11.45710,94.90,1.371,10.37,64.0,43.0,0.0
1787963719.9,0.00,826.0,0,0.260,0.000,0.0000,0,False,False,P,False,51.4,13.69,109560,11.45710,94.90,1.358,10.37,64.0,43.0,0.0
1787963720.1,0.00,823.8,0,0.260,0.000,0.0000,0,False,False,P,False,51.4,13.69,109560,11.45710,95.29,1.341,10.37,64.0,43.0,0.0
1787963720.3,0.00,824.0,0,0.260,0.000,0.0000,0,False,False,P,False,51.4,13.69,109560,11.45710,95.29,1.329,10.37,64.0,43.0,0.0
1787963720.5,0.00,823.5,0,0.260,0.000,0.0000,0,False,False,P,False,51.4,13.69,109560,11.45710,95.29,1.329,10.37,64.0,43.0,0.0
1787963720.7,0.00,823.8,0,0.260,0.000,0.0000,0,False,False,P,False,51.4,13.69,109560,11.45710,95.29,1.341,10.37,64.0,43.0,0.0
1787963720.9,0.00,825.2,0,0.260,0.000,0.0000,0,False,False,P,False,51.4,13.70,109560,11.45710,95.29,1.371,10.37,64.0,43.0,0.0
1787963721.2,0.00,827.2,0,0.260,0.000,0.0000,0,False,False,P,False,51.4,13.70,109560,11.45710,95.29,1.312,10.37,64.0,43.0,0.0
1787963721.4,0.00,826.5,0,0.260,0.000,0.0000,0,False,False,P,False,51.4,13.70,109560,11.45710,95.29,1.341,10.36,64.0,43.0,0.0
1787963721.6,0.00,823.0,0,0.260,0.000,0.0000,0,False,False,P,False,51.4,13.70,109560,11.45710,95.29,1.299,10.36,64.0,43.0,0.0
1787963721.8,0.00,823.5,0,0.260,0.000,0.0000,0,False,False,P,False,51.4,13.70,109560,11.45710,93.73,1.358,10.36,64.0,43.0,0.0
1787963722.0,0.00,820.0,0,0.260,0.000,0.0000,0,False,False,P,False,51.4,13.70,109560,11.45710,95.29,1.312,10.36,64.0,43.0,0.0
1787963722.2,0.00,821.8,0,0.260,0.000,0.0000,0,False,False,P,False,51.4,13.70,109560,11.45710,94.90,1.329,10.36,64.0,43.0,0.0
1787963722.4,0.00,821.5,0,0.260,0.000,0.0000,0,False,False,P,False,51.4,13.70,109560,11.45710,95.29,1.299,10.36,64.0,43.0,0.0
1787963722.6,0.00,821.5,0,0.260,0.000,0.0000,0,False,False,P,False,51.4,13.70,109560,11.45710,95.29,1.329,10.36,64.0,43.0,0.0
1787963722.8,0.00,822.5,0,0.260,0.000,0.0000,0,False,False,P,False,51.4,13.70,109560,11.45710,95.29,1.329,10.36,64.0,43.0,0.0
1787963723.0,0.00,820.2,0,0.260,0.000,0.0000,0,False,False,P,False,52.3,13.70,109560,11.45710,94.12,1.312,10.36,64.0,43.0,0.0
1787963723.2,0.00,820.5,0,0.260,0.000,0.0000,0,False,False,P,False,52.3,13.70,109560,11.45710,95.29,1.341,10.36,64.0,43.0,0.0
1787963723.4,0.00,818.5,0,0.260,0.000,0.0000,0,False,False,P,False,52.3,13.70,109560,11.45710,94.90,1.341,10.36,64.0,43.0,0.0
1787963723.6,0.00,814.8,0,0.260,0.000,0.0000,0,False,False,P,False,52.3,13.70,109560,11.45710,95.29,1.341,10.36,64.0,43.0,0.0
1787963723.8,0.00,816.0,0,0.260,0.000,0.0000,0,False,False,P,False,52.3,13.70,109560,11.45710,95.29,1.388,10.36,64.0,43.0,0.0
1787963724.0,0.00,816.5,0,0.260,0.000,0.0000,0,False,False,P,False,52.3,13.69,109560,11.45710,95.29,1.312,10.36,64.0,43.0,0.0
1787963724.2,0.00,815.5,0,0.260,0.000,0.0000,0,False,False,P,False,52.3,13.69,109560,11.45710,95.29,1.329,10.35,64.0,43.0,0.0
1787963724.4,0.00,817.0,0,0.260,0.000,0.0000,0,False,False,P,False,52.3,13.69,109560,11.45710,95.29,1.329,10.35,64.0,43.0,0.0
1787963724.6,0.00,815.2,0,0.260,0.000,0.0000,0,False,False,P,False,52.3,13.69,109560,11.45710,95.29,1.312,10.35,64.0,43.0,0.0
1787963724.8,0.00,817.8,0,0.260,0.000,0.0000,0,False,False,P,False,52.3,13.69,109560,11.45710,95.29,1.312,10.35,64.0,43.0,0.0
1787963725.0,0.00,819.0,0,0.260,0.000,0.0000,0,False,False,P,False,52.3,13.69,109560,11.45710,95.29,1.329,10.35,64.0,43.0,0.0
1787963725.2,0.00,818.5,0,0.260,0.000,0.0000,0,False,False,P,False,52.3,13.69,109560,11.45710,95.29,1.312,10.35,64.0,43.0,0.0
1787963725.4,0.00,819.2,0,0.260,0.000,0.0000,0,False,False,P,False,52.3,13.69,109560,11.45710,95.29,1.341,10.35,64.0,43.0,0.0
1787963725.6,0.00,820.8,0,0.260,0.000,0.0000,0,False,False,P,False,52.3,13.69,109560,11.45710,94.90,1.312,10.35,64.0,43.0,0.0
1787963725.8,0.00,821.0,0,0.260,0.000,0.0000,0,False,False,P,False,52.3,13.69,109560,11.45710,95.29,1.341,10.35,64.0,43.0,0.0
1787963726.0,0.00,821.0,0,0.260,0.000,0.0000,0,False,False,P,False,52.3,13.69,109560,11.45710,94.90,1.299,10.35,64.0,43.0,0.0
1787963726.2,0.00,817.8,0,0.260,0.000,0.0000,0,False,False,P,False,52.3,13.69,109560,11.45710,95.29,1.341,10.35,64.0,43.0,0.0
1787963726.4,0.00,816.5,0,0.260,0.000,0.0000,0,False,False,P,False,52.3,13.69,109560,11.45710,94.90,1.286,10.35,64.0,43.0,0.0
1787963726.6,0.00,815.2,0,0.260,0.000,0.0000,0,False,False,P,False,52.3,13.69,109560,11.45710,94.51,1.329,10.35,65.0,43.0,0.0
1787963726.9,0.00,811.5,0,0.260,0.000,0.0000,0,False,False,P,False,52.3,13.69,109560,11.45710,95.29,1.312,10.35,65.0,43.0,0.0
1787963727.1,0.00,810.8,0,0.260,0.000,0.0000,0,False,False,P,False,52.3,13.70,109560,11.45710,95.29,1.312,10.34,65.0,43.0,0.0
1787963727.3,0.00,811.8,0,0.260,0.000,0.0000,0,False,False,P,False,52.3,13.70,109560,11.45710,95.29,1.358,10.34,65.0,43.0,0.0
1787963727.5,0.00,815.8,0,0.260,0.000,0.0000,0,False,False,P,False,52.3,13.70,109560,11.45710,95.29,1.358,10.34,65.0,43.0,0.0
1787963727.7,0.00,816.0,0,0.260,0.000,0.0000,0,False,False,P,False,52.3,13.70,109560,11.45710,94.90,1.329,10.34,65.0,43.0,0.0
1787963727.9,0.00,815.5,0,0.260,0.000,0.0000,0,False,False,P,False,52.3,13.70,109560,11.45710,95.29,1.329,10.34,65.0,43.0,0.0
1787963728.1,0.00,816.0,0,0.260,0.000,0.0000,0,False,False,P,False,52.3,13.70,109560,11.45710,94.90,1.312,10.34,65.0,43.0,0.0
1787963728.3,0.00,814.2,0,0.260,0.000,0.0000,0,False,False,P,False,52.3,13.70,109560,11.45710,95.29,1.329,10.34,65.0,43.0,0.0
1787963728.5,0.00,817.2,0,0.260,0.000,0.0000,0,False,False,P,False,52.3,13.70,109560,11.45710,95.29,1.299,10.34,65.0,43.0,0.0
1787963728.7,0.00,817.5,0,0.260,0.000,0.0000,0,False,False,P,False,52.3,13.70,109560,11.45710,95.29,1.329,10.34,65.0,43.0,0.0
1787963728.9,0.00,818.0,0,0.260,0.000,0.0000,0,False,False,P,False,52.3,13.70,109560,11.45710,95.29,1.329,10.34,65.0,43.0,0.0
1787963729.1,0.00,820.5,0,0.260,0.000,0.0000,0,False,False,P,False,52.3,13.70,109560,11.45710,95.29,1.312,10.34,65.0,43.0,0.0
1787963729.3,0.00,814.0,0,0.260,0.000,0.0000,0,False,False,P,False,52.3,13.70,109560,11.45710,94.90,1.329,10.34,65.0,43.0,0.0
1787963729.5,0.00,814.0,0,0.260,0.000,0.0000,0,False,False,P,False,52.3,13.70,109560,11.45710,95.29,1.312,10.34,65.0,43.0,0.0
1787963729.7,0.00,817.2,0,0.260,0.000,0.0000,0,False,False,P,False,52.3,13.70,109560,11.45710,95.29,1.312,10.34,65.0,43.0,0.0
1787963729.9,0.00,817.8,0,0.260,0.000,0.0000,0,False,False,P,False,52.3,13.70,109560,11.45710,95.29,1.299,10.34,65.0,43.0,0.0
1787963730.1,0.00,815.2,0,0.260,0.000,0.0000,0,False,False,P,False,52.3,13.69,109560,11.45710,95.29,1.299,10.33,65.0,43.0,0.0
1787963730.3,0.00,815.0,0,0.260,0.000,0.0000,0,False,False,P,False,52.3,13.69,109560,11.45710,94.90,1.312,10.33,65.0,43.0,0.0
1787963730.5,0.00,815.8,0,0.260,0.000,0.0000,0,False,False,P,False,52.3,13.69,109560,11.45710,95.29,1.299,10.33,65.0,43.0,0.0
1787963730.7,0.00,814.8,0,0.260,0.000,0.0000,0,False,False,P,False,52.3,13.69,109560,11.45710,94.90,1.329,10.33,65.0,43.0,0.0
1787963730.9,0.00,810.5,0,0.260,0.000,0.0000,0,False,False,P,False,52.3,13.69,109560,11.45710,94.90,1.299,10.33,65.0,43.0,0.0
1787963731.1,0.00,810.2,0,0.260,0.000,0.0000,0,False,False,P,False,52.3,13.69,109560,11.45710,94.90,1.329,10.33,65.0,43.0,0.0
1787963731.3,0.00,813.8,0,0.260,0.000,0.0000,0,False,False,P,False,52.3,13.69,109560,11.45710,94.90,1.329,10.33,65.0,43.0,0.0
1787968878.5,0.00,815.0,0,0.260,0.000,0.0000,0,False,False,P,False,52.3,13.69,109560,11.45710,95.29,1.329,10.33,65.0,43.0,0.0
1787968878.7,0.00,815.0,0,0.260,0.000,0.0000,0,False,False,P,False,52.3,13.69,109560,11.45710,95.29,1.329,10.33,65.0,43.0,0.0
1787968878.9,0.00,813.5,0,0.260,0.000,0.0000,0,False,False,P,False,52.3,13.69,109560,11.45710,95.29,1.269,10.33,65.0,43.0,0.0
1787968879.1,0.00,813.2,0,0.260,0.000,0.0000,0,False,False,P,False,52.3,13.69,109560,11.45710,95.29,1.329,10.33,65.0,43.0,0.0
1787968879.3,0.00,814.2,0,0.260,0.000,0.0000,0,False,False,P,False,53.2,13.69,109560,11.45710,95.29,1.299,10.33,65.0,43.0,0.0
1787968879.5,0.00,813.2,0,0.260,0.000,0.0000,0,False,False,P,False,53.2,13.69,109560,11.45710,94.90,1.286,10.33,65.0,43.0,0.0
1787968879.7,0.00,812.0,0,0.260,0.000,0.0000,0,False,False,P,False,53.2,13.69,109560,11.45710,95.29,1.244,10.33,65.0,43.0,0.0
1787968879.9,0.00,813.0,0,0.260,0.000,0.0000,0,False,False,P,False,53.2,13.69,109560,11.45710,95.29,1.312,10.32,65.0,43.0,0.0
1787968880.1,0.00,812.0,0,0.260,0.000,0.0000,0,False,False,P,False,53.2,13.70,109560,11.45710,95.29,1.312,10.32,65.0,43.0,0.0
1787968880.3,0.00,814.2,0,0.260,0.000,0.0000,0,False,False,P,False,53.2,13.70,109560,11.45710,95.29,1.269,10.32,65.0,43.0,0.0
1787968880.5,0.00,811.0,0,0.260,0.000,0.0000,0,False,False,P,False,53.2,13.70,109560,11.45710,95.29,1.299,10.32,65.0,43.0,0.0
1787968880.7,0.00,809.2,0,0.260,0.000,0.0000,0,False,False,P,False,53.2,13.70,109560,11.45710,94.90,1.299,10.32,65.0,43.0,0.0
1787968880.9,0.00,807.8,0,0.260,0.000,0.0000,0,False,False,P,False,53.2,13.70,109560,11.45710,94.90,1.312,10.32,65.0,43.0,0.0
1787968881.1,0.00,809.0,0,0.260,0.000,0.0000,0,False,False,P,False,53.2,13.71,109560,11.45710,94.51,1.286,10.32,65.0,43.0,0.0
1787968881.3,0.00,812.8,0,0.260,0.000,0.0000,0,False,False,P,False,53.2,13.71,109560,11.45710,94.90,1.269,10.32,65.0,43.0,0.0
1787968881.5,0.00,812.8,0,0.260,0.000,0.0000,0,False,False,P,False,53.2,13.71,109560,11.45710,95.29,1.299,10.32,65.0,43.0,0.0
1787968881.7,0.00,814.0,0,0.260,0.000,0.0000,0,False,False,P,False,53.2,13.71,109560,11.45710,95.29,1.286,10.32,65.0,43.0,0.0
1787968881.9,0.00,813.5,0,0.260,0.000,0.0000,0,False,False,P,False,53.2,13.71,109560,11.45710,94.90,1.286,10.32,65.0,43.0,0.0
1787968882.1,0.00,811.2,0,0.260,0.000,0.0000,0,False,False,P,False,53.2,13.71,109560,11.45710,95.29,1.299,10.32,65.0,43.0,0.0
1787968882.3,0.00,812.8,0,0.260,0.000,0.0000,0,False,False,P,False,53.2,13.71,109560,11.45710,94.90,1.312,10.32,65.0,43.0,0.0
1787968882.5,0.00,815.0,0,0.260,0.000,0.0000,0,False,False,P,False,53.2,13.71,109560,11.45710,94.90,1.312,10.32,65.0,43.0,0.0
1787968882.7,0.00,812.5,0,0.260,0.000,0.0000,0,False,False,P,False,53.2,13.71,109560,11.45710,94.90,1.299,10.32,66.0,43.0,0.0
1787968882.9,0.00,811.2,0,0.260,0.000,0.0000,0,False,False,P,False,53.2,13.71,109560,11.45710,94.90,1.312,10.31,66.0,43.0,0.0
1787968883.1,0.00,810.0,0,0.260,0.000,0.0000,0,False,False,P,False,53.2,13.71,109560,11.45710,94.90,1.329,10.31,66.0,43.0,0.0
1787968883.3,0.00,809.0,0,0.260,0.000,0.0000,0,False,False,P,False,53.2,13.71,109560,11.45710,94.90,1.329,10.31,66.0,43.0,0.0
1787968883.5,0.00,808.2,0,0.260,0.000,0.0000,0,False,False,P,False,53.2,13.71,109560,11.45710,95.29,1.299,10.31,66.0,43.0,0.0
1787968883.7,0.00,805.5,0,0.260,0.000,0.0000,0,False,False,P,False,53.2,13.71,109560,11.45710,95.29,1.299,10.31,66.0,43.0,0.0
1787968883.9,0.00,807.8,0,0.260,0.000,0.0000,0,False,False,P,False,53.2,13.71,109560,11.45710,95.29,1.312,10.31,66.0,43.0,0.0
1787968884.1,0.00,808.8,0,0.260,0.000,0.0000,0,False,False,P,False,53.2,13.71,109560,11.45710,94.90,1.256,10.31,66.0,43.0,0.0
1787968884.3,0.00,806.8,0,0.260,0.000,0.0000,0,False,False,P,False,53.2,13.71,109560,11.45710,94.51,1.269,10.31,66.0,43.0,0.0
1787968884.5,0.00,805.0,0,0.260,0.000,0.0000,0,False,False,P,False,53.2,13.71,109560,11.45710,94.90,1.299,10.31,66.0,43.0,0.0
1787968884.8,0.00,807.0,0,0.260,0.000,0.0000,0,False,False,P,False,53.2,13.71,109560,11.45710,95.29,1.312,10.31,66.0,43.0,0.0
1787968885.0,0.00,806.8,0,0.260,0.000,0.0000,0,False,False,P,False,53.2,13.71,109560,11.45710,94.90,1.312,10.31,66.0,43.0,0.0
1787968885.2,0.00,808.2,0,0.260,0.000,0.0000,0,False,False,P,False,53.2,13.71,109560,11.45710,95.29,1.312,10.31,66.0,43.0,0.0
1787968885.4,0.00,811.0,0,0.260,0.000,0.0000,0,False,False,P,False,53.2,13.71,109560,11.45710,95.29,1.286,10.31,66.0,43.0,0.0
1787968885.6,0.00,810.0,0,0.260,0.000,0.0000,0,False,False,P,False,53.2,13.71,109560,11.45710,94.90,1.312,10.31,66.0,43.0,0.0
1787968885.8,0.00,814.5,0,0.260,0.000,0.0000,0,False,False,P,False,53.2,13.71,109560,11.45710,95.29,1.269,10.31,66.0,43.0,0.0
1787968886.0,0.00,810.0,0,0.260,0.000,0.0000,0,False,False,P,False,53.2,13.71,109560,11.45710,95.29,1.244,10.30,66.0,43.0,0.0
1787968886.2,0.00,806.8,0,0.260,0.000,0.0000,0,False,False,P,False,53.2,13.71,109560,11.45710,94.90,1.286,10.30,66.0,43.0,0.0
1787968886.4,0.00,806.8,0,0.260,0.000,0.0000,0,False,False,P,False,53.2,13.70,109560,11.45710,94.90,1.256,10.30,66.0,43.0,0.0
1787968886.6,0.00,803.8,0,0.260,0.000,0.0000,0,False,False,P,False,53.2,13.70,109560,11.45710,94.90,1.286,10.30,66.0,43.0,0.0
1787968886.8,0.00,805.8,0,0.260,0.000,0.0000,0,False,False,P,False,53.2,13.70,109560,11.45710,95.29,1.256,10.30,66.0,43.0,0.0
1787968887.0,0.00,806.0,0,0.260,0.000,0.0000,0,False,False,P,False,53.2,13.70,109560,11.45710,95.29,1.269,10.30,66.0,43.0,0.0
1787968887.2,0.00,804.5,0,0.260,0.000,0.0000,0,False,False,P,False,53.2,13.70,109560,11.45710,95.29,1.256,10.30,66.0,43.0,0.0
1787968887.4,0.00,800.5,0,0.260,0.000,0.0000,0,False,False,P,False,53.2,13.70,109560,11.45710,95.29,1.244,10.30,66.0,43.0,0.0
1787968887.6,0.00,802.8,0,0.260,0.000,0.0000,0,False,False,P,False,53.2,13.70,109560,11.45710,95.29,1.286,10.30,66.0,43.0,0.0
1787968887.8,0.00,800.0,0,0.260,0.000,0.0000,0,False,False,P,False,53.2,13.70,109560,11.45710,95.29,1.299,10.30,66.0,43.0,0.0
1787968888.0,0.00,806.2,0,0.260,0.000,0.0000,0,False,False,P,False,53.2,13.70,109560,11.45710,94.90,1.286,10.30,66.0,43.0,0.0
1787968888.2,0.00,807.5,0,0.260,0.000,0.0000,0,False,False,P,False,53.2,13.70,109560,11.45710,95.29,1.256,10.30,66.0,43.0,0.0
1787968888.4,0.00,805.8,0,0.260,0.000,0.0000,0,False,False,P,False,53.2,13.70,109560,11.45710,95.29,1.299,10.30,66.0,43.0,0.0
1787968888.6,0.00,808.2,0,0.260,0.000,0.0000,0,False,False,P,False,53.2,13.70,109560,11.45710,95.29,1.244,10.30,66.0,43.0,0.0
1787968888.8,0.00,809.8,0,0.260,0.000,0.0000,0,False,False,P,False,53.2,13.70,109560,11.45710,95.29,1.269,10.30,66.0,43.0,0.0
1787968889.0,0.00,808.2,0,0.260,0.000,0.0000,0,False,False,P,False,53.2,13.70,109560,11.45710,95.29,1.269,10.29,66.0,42.0,0.0
1787968889.2,0.00,805.8,0,0.260,0.000,0.0000,0,False,False,P,False,53.2,13.70,109560,11.45710,94.90,1.256,10.29,66.0,42.0,0.0
1787968889.4,0.00,806.8,0,0.260,0.000,0.0000,0,False,False,P,False,53.2,13.71,109560,11.45710,95.29,1.269,10.29,66.0,43.0,0.0
1787968889.6,0.00,807.2,0,0.260,0.000,0.0000,0,False,False,P,False,53.2,13.71,109560,11.45710,95.29,1.286,10.29,66.0,43.0,0.0
1787968889.8,0.00,802.2,0,0.260,0.000,0.0000,0,False,False,P,False,53.2,13.71,109560,11.45710,95.29,1.244,10.29,66.0,43.0,0.0
1787968890.0,0.00,801.5,0,0.260,0.000,0.0000,0,False,False,P,False,53.2,13.71,109560,11.45710,95.29,1.269,10.29,66.0,43.0,0.0
1787968890.2,0.00,798.5,0,0.260,0.000,0.0000,0,False,False,P,False,53.2,13.71,109560,11.45710,95.29,1.269,10.29,66.0,43.0,0.0
1787968890.5,0.00,800.5,0,0.260,0.000,0.0000,0,False,False,P,False,53.2,13.71,109560,11.45710,95.29,1.244,10.29,66.0,43.0,0.0
1787968890.7,0.00,802.5,0,0.260,0.000,0.0000,0,False,False,P,False,53.2,13.71,109560,11.45710,95.29,1.286,10.29,66.0,43.0,0.0
1787968890.9,0.00,801.5,0,0.260,0.000,0.0000,0,False,False,P,False,53.2,13.71,109560,11.45710,95.29,1.256,10.29,67.0,43.0,0.0
1787968891.1,0.00,799.0,0,0.260,0.000,0.0000,0,False,False,P,False,54.2,13.71,109560,11.45710,95.29,1.286,10.29,66.0,43.0,0.0
1787968891.3,0.00,801.2,0,0.260,0.000,0.0000,0,False,False,P,False,54.2,13.71,109560,11.45710,95.29,1.269,10.29,67.0,43.0,0.0
1787968891.5,0.00,800.5,0,0.260,0.000,0.0000,0,False,False,P,False,54.2,13.71,109560,11.45710,95.29,1.286,10.29,67.0,43.0,0.0
1787968891.7,0.00,799.2,0,0.260,0.000,0.0000,0,False,False,P,False,54.2,13.71,109560,11.45710,95.29,1.299,10.29,67.0,43.0,0.0
1787968891.9,0.00,801.8,0,0.260,0.000,0.0000,0,False,False,P,False,54.2,13.71,109560,11.45710,95.29,1.269,10.29,67.0,43.0,0.0
1787968892.1,0.00,803.5,0,0.260,0.000,0.0000,0,False,False,P,False,54.2,13.71,109560,11.45710,95.29,1.269,10.28,67.0,43.0,0.0
1787968892.3,0.00,806.2,0,0.260,0.000,0.0000,0,False,False,P,False,54.2,13.71,109560,11.45710,95.29,1.286,10.28,67.0,43.0,0.0
1787968892.5,0.00,805.8,0,0.260,0.000,0.0000,0,False,False,P,False,54.2,13.72,109560,11.45710,95.29,1.269,10.28,67.0,43.0,0.0
1787968892.7,0.00,805.5,0,0.260,0.000,0.0000,0,False,False,P,False,54.2,13.72,109560,11.45710,95.29,1.256,10.28,67.0,43.0,0.0
1787968892.9,0.00,803.0,0,0.260,0.000,0.0000,0,False,False,P,False,54.2,13.72,109560,11.45710,95.29,1.269,10.28,67.0,43.0,0.0
1787968893.1,0.00,799.5,0,0.260,0.000,0.0000,0,False,False,P,False,54.2,13.72,109560,11.45710,94.90,1.286,10.28,67.0,43.0,0.0
1787968893.3,0.00,799.0,0,0.260,0.000,0.0000,0,False,False,P,False,54.2,13.72,109560,11.45710,94.90,1.286,10.28,67.0,43.0,0.0
1787968893.5,0.00,797.8,0,0.260,0.000,0.0000,0,False,False,P,False,54.2,13.72,109560,11.45710,95.29,1.256,10.28,67.0,43.0,0.0
1787968893.7,0.00,800.0,0,0.260,0.000,0.0000,0,False,False,P,False,54.2,13.72,109560,11.45710,95.29,1.286,10.28,67.0,43.0,0.0
1787968893.9,0.00,798.2,0,0.260,0.000,0.0000,0,False,False,P,False,54.2,13.72,109560,11.45710,95.29,1.269,10.28,67.0,43.0,0.0
1787968894.1,0.00,799.0,0,0.260,0.000,0.0000,0,False,False,P,False,54.2,13.72,109560,11.45710,95.29,1.269,10.28,67.0,43.0,0.0
1787968894.3,0.00,796.8,0,0.260,0.000,0.0000,0,False,False,P,False,54.2,13.72,109560,11.45710,95.29,1.244,10.28,67.0,43.0,0.0
1787968894.5,0.00,794.5,0,0.260,0.000,0.0000,0,False,False,P,False,54.2,13.72,109560,11.45710,95.29,1.269,10.28,67.0,43.0,0.0
1787968894.7,0.00,797.8,0,0.260,0.000,0.0000,0,False,False,P,False,54.2,13.72,109560,11.45710,94.90,1.269,10.28,67.0,43.0,0.0
1787968894.9,0.00,795.0,0,0.260,0.000,0.0000,0,False,False,P,False,54.2,13.72,109560,11.45710,95.29,1.299,10.28,67.0,43.0,0.0
1787968895.1,0.00,800.0,0,0.260,0.000,0.0000,0,False,False,P,False,54.2,13.72,109560,11.45710,94.90,1.299,10.27,67.0,43.0,0.0
1787968895.3,0.00,802.8,0,0.260,0.000,0.0000,0,False,False,P,False,54.2,13.72,109560,11.45710,95.29,1.269,10.27,67.0,43.0,0.0
1787968895.5,0.00,800.0,0,0.260,0.000,0.0000,0,False,False,P,False,54.2,13.71,109560,11.45710,95.29,1.286,10.27,67.0,43.0,0.0
1787968895.7,0.00,801.0,0,0.260,0.000,0.0000,0,False,False,P,False,54.2,13.71,109560,11.45710,95.29,1.269,10.27,67.0,43.0,0.0
1787968895.9,0.00,803.0,0,0.260,0.000,0.0000,0,False,False,P,False,54.2,13.71,109560,11.45710,95.29,1.256,10.27,67.0,43.0,0.0
1787968896.1,0.00,800.2,0,0.260,0.000,0.0000,0,False,False,P,False,54.2,13.71,109560,11.45710,95.29,1.227,10.27,67.0,43.0,0.0
1787968896.3,0.00,801.0,0,0.260,0.000,0.0000,0,False,False,P,False,54.2,13.71,109560,11.45710,95.29,1.256,10.27,67.0,42.0,0.0
1787968896.5,0.00,796.5,0,0.260,0.000,0.0000,0,False,False,P,False,54.2,13.71,109560,11.45710,95.29,1.269,10.27,67.0,43.0,0.0
1787968896.7,0.00,793.8,0,0.260,0.000,0.0000,0,False,False,P,False,54.2,13.71,109560,11.45710,95.29,1.256,10.27,67.0,42.0,0.0
1787968896.9,0.00,793.5,0,0.260,0.000,0.0000,0,False,False,P,False,54.2,13.71,109560,11.45710,95.29,1.244,10.27,67.0,42.0,0.0
1787968897.2,0.00,793.0,0,0.260,0.000,0.0000,0,False,False,P,False,54.2,13.71,109560,11.45710,95.29,1.256,10.27,67.0,43.0,0.0
1787968897.4,0.00,792.2,0,0.260,0.000,0.0000,0,False,False,P,False,54.2,13.71,109560,11.45710,95.29,1.269,10.27,67.0,43.0,0.0
1787968897.6,0.00,792.8,0,0.260,0.000,0.0000,0,False,False,P,False,54.2,13.71,109560,11.45710,95.29,1.244,10.27,67.0,43.0,0.0
1787968897.8,0.00,795.5,0,0.260,0.000,0.0000,0,False,False,P,False,54.2,13.71,109560,11.45710,95.29,1.269,10.27,67.0,43.0,0.0
1787968898.0,0.00,796.0,0,0.260,0.000,0.0000,0,False,False,P,False,54.2,13.71,109560,11.45710,95.29,1.244,10.27,67.0,43.0,0.0
1787968898.2,0.00,797.0,0,0.260,0.000,0.0000,0,False,False,P,False,54.2,13.71,109560,11.45710,95.29,1.244,10.26,67.0,43.0,0.0
1787968898.4,0.00,796.0,0,0.260,0.000,0.0000,0,False,False,P,False,54.2,13.71,109560,11.45710,95.29,1.244,10.26,67.0,43.0,0.0
1787968898.6,0.00,799.0,0,0.260,0.000,0.0000,0,False,False,P,False,54.2,13.71,109560,11.45710,95.29,1.256,10.26,67.0,43.0,0.0
1787968898.8,0.00,799.8,0,0.260,0.000,0.0000,0,False,False,P,False,54.2,13.72,109560,11.45710,94.90,1.244,10.26,67.0,43.0,0.0
1787968899.0,0.00,798.2,0,0.260,0.000,0.0000,0,False,False,P,False,54.2,13.72,109560,11.45710,95.29,1.286,10.26,67.0,43.0,0.0
1787968899.2,0.00,796.5,0,0.260,0.000,0.0000,0,False,False,P,False,54.2,13.72,109560,11.45710,94.90,1.286,10.26,67.0,43.0,0.0
1787968899.4,0.00,796.8,0,0.260,0.000,0.0000,0,False,False,P,False,54.2,13.72,109560,11.45710,95.29,1.256,10.26,67.0,43.0,0.0
1787968899.6,0.00,793.0,0,0.260,0.000,0.0000,0,False,False,P,False,54.2,13.72,109560,11.45710,95.29,1.244,10.26,68.0,43.0,0.0
1787968899.8,0.00,793.2,0,0.260,0.000,0.0000,0,False,False,P,False,54.2,13.72,109560,11.45710,95.29,1.244,10.26,68.0,43.0,0.0
1787968900.0,0.00,790.8,0,0.260,0.000,0.0000,0,False,False,P,False,54.2,13.72,109560,11.45710,95.29,1.256,10.26,68.0,43.0,0.0
1787968900.2,0.00,791.2,0,0.260,0.000,0.0000,0,False,False,P,False,54.2,13.72,109560,11.45710,95.29,1.214,10.26,68.0,43.0,0.0
1787968900.4,0.00,787.2,0,0.260,0.000,0.0000,0,False,False,P,False,54.2,13.72,109560,11.45710,95.29,1.244,10.26,68.0,43.0,0.0
1787968900.6,0.00,787.0,0,0.260,0.000,0.0000,0,False,False,P,False,54.2,13.72,109560,11.45710,94.90,1.269,10.26,68.0,43.0,0.0
1787968900.8,0.00,788.8,0,0.260,0.000,0.0000,0,False,False,P,False,54.2,13.72,109560,11.45710,95.29,1.214,10.26,68.0,43.0,0.0
1787968901.0,0.00,785.2,0,0.260,0.000,0.0000,0,False,False,P,False,54.2,13.72,109560,11.45710,95.29,1.244,10.26,68.0,43.0,0.0
1787968901.2,0.00,789.8,0,0.260,0.000,0.0000,0,False,False,P,False,54.2,13.72,109560,11.45710,94.90,1.256,10.25,68.0,43.0,0.0
1787968901.4,0.00,790.5,0,0.260,0.000,0.0000,0,False,False,P,False,54.2,13.72,109560,11.45710,95.29,1.256,10.25,68.0,43.0,0.0
1787968901.6,0.00,793.0,0,0.260,0.000,0.0000,0,False,False,P,False,54.2,13.72,109560,11.45710,95.29,1.244,10.25,68.0,43.0,0.0
1787968901.8,0.00,793.8,0,0.260,0.000,0.0000,0,False,False,P,False,54.2,13.71,109560,11.45710,95.29,1.269,10.25,68.0,43.0,0.0
1787968902.0,0.00,796.0,0,0.260,0.000,0.0000,0,False,False,P,False,54.2,13.71,109560,11.45710,95.29,1.227,10.25,68.0,43.0,0.0
1787968902.2,0.00,796.0,0,0.260,0.000,0.0000,0,False,False,P,False,54.2,13.71,109560,11.45710,95.29,1.227,10.25,68.0,43.0,0.0
1787968902.4,0.00,792.8,0,0.260,0.000,0.0000,0,False,False,P,False,54.2,13.71,109560,11.45710,95.29,1.244,10.25,68.0,43.0,0.0
1787968902.6,0.00,792.0,0,0.260,0.000,0.0000,0,False,False,P,False,54.2,13.71,109560,11.45710,95.29,1.227,10.25,68.0,43.0,0.0
1787968902.8,0.00,791.5,0,0.260,0.000,0.0000,0,False,False,P,False,54.2,13.71,109560,11.45710,95.29,1.256,10.25,68.0,43.0,0.0
1787968903.0,0.00,786.0,0,0.260,0.000,0.0000,0,False,False,P,False,54.2,13.72,109560,11.45710,95.29,1.256,10.25,68.0,43.0,0.0
1787968903.3,0.00,787.8,0,0.260,0.000,0.0000,0,False,False,P,False,54.2,13.72,109560,11.45710,95.29,1.244,10.25,68.0,43.0,0.0
1787968903.5,0.00,786.2,0,0.260,0.000,0.0000,0,False,False,P,False,54.2,13.72,109560,11.45710,95.29,1.214,10.25,68.0,43.0,0.0
1787968903.7,0.00,787.0,0,0.260,0.000,0.0000,0,False,False,P,False,54.2,13.72,109560,11.45710,95.29,1.214,10.25,68.0,43.0,0.0
1787968903.9,0.00,786.5,0,0.260,0.000,0.0000,0,False,False,P,False,54.2,13.72,109560,11.45710,95.29,1.214,10.25,68.0,43.0,0.0
1787968904.1,0.00,787.8,0,0.260,0.000,0.0000,0,False,False,P,False,54.2,13.72,109560,11.45710,95.29,1.244,10.25,68.0,43.0,0.0
1787968904.3,0.00,789.2,0,0.260,0.000,0.0000,0,False,False,P,False,54.2,13.72,109560,11.45710,95.29,1.227,10.25,68.0,43.0,0.0
1787968904.5,0.00,789.2,0,0.260,0.000,0.0000,0,False,False,P,False,54.2,13.72,109560,11.45710,95.29,1.256,10.24,68.0,43.0,0.0
1787968904.7,0.00,790.5,0,0.260,0.000,0.0000,0,False,False,P,False,54.2,13.72,109560,11.45710,95.29,1.256,10.24,68.0,43.0,0.0
1787968904.9,0.00,792.2,0,0.260,0.000,0.0000,0,False,False,P,False,54.2,13.72,109560,11.45710,95.29,1.244,10.24,68.0,43.0,0.0
1787968905.1,0.00,791.8,0,0.260,0.000,0.0000,0,False,False,P,False,55.1,13.72,109560,11.45710,95.29,1.256,10.24,68.0,43.0,0.0
1787968905.3,0.00,792.5,0,0.260,0.000,0.0000,0,False,False,P,False,55.1,13.72,109560,11.45710,95.29,1.256,10.24,68.0,43.0,0.0
1787968905.5,0.00,793.8,0,0.260,0.000,0.0000,0,False,False,P,False,55.1,13.72,109560,11.45710,95.29,1.227,10.24,68.0,43.0,0.0
1787968905.7,0.00,791.8,0,0.260,0.000,0.0000,0,False,False,P,False,55.1,13.72,109560,11.45710,95.29,1.227,10.24,68.0,43.0,0.0
1787968905.9,0.00,792.0,0,0.260,0.000,0.0000,0,False,False,P,False,55.1,13.72,109560,11.45710,95.29,1.269,10.24,68.0,43.0,0.0
1787968906.1,0.00,786.2,0,0.260,0.000,0.0000,0,False,False,P,False,55.1,13.72,109560,11.45710,95.29,1.244,10.24,68.0,43.0,0.0
1787968906.3,0.00,787.8,0,0.260,0.000,0.0000,0,False,False,P,False,55.1,13.72,109560,11.45710,95.29,1.256,10.24,68.0,43.0,0.0
1787968906.5,0.00,789.0,0,0.260,0.000,0.0000,0,False,False,P,False,55.1,13.72,109560,11.45710,95.29,1.214,10.24,68.0,43.0,0.0
1787968906.7,0.00,788.5,0,0.260,0.000,0.0000,0,False,False,P,False,55.1,13.72,109560,11.45710,95.29,1.256,10.24,68.0,43.0,0.0
1787968906.9,0.00,788.2,0,0.260,0.000,0.0000,0,False,False,P,False,55.1,13.72,109560,11.45710,95.29,1.256,10.24,68.0,43.0,0.0
1787968907.1,0.00,788.8,0,0.260,0.000,0.0000,0,False,False,P,False,55.1,13.72,109560,11.45710,95.29,1.244,10.24,68.0,43.0,0.0
1787968907.3,0.00,789.5,0,0.260,0.000,0.0000,0,False,False,P,False,55.1,13.72,109560,11.45710,95.29,1.244,10.24,68.0,43.0,0.0
1787968907.5,0.00,786.5,0,0.260,0.000,0.0000,0,False,False,P,False,55.1,13.72,109560,11.45710,95.29,1.244,10.24,68.0,43.0,0.0
1787968907.7,0.00,788.2,0,0.260,0.000,0.0000,0,False,False,P,False,55.1,13.72,109560,11.45710,95.29,1.256,10.23,68.0,43.0,0.0
1787968907.9,0.00,783.2,0,0.260,0.000,0.0000,0,False,False,P,False,55.1,13.72,109560,11.45710,95.29,1.214,10.23,68.0,43.0,0.0
1787968908.1,0.00,789.2,0,0.260,0.000,0.0000,0,False,False,P,False,55.1,13.72,109560,11.45710,95.29,1.227,10.23,68.0,43.0,0.0
1787968908.3,0.00,787.8,0,0.260,0.000,0.0000,0,False,False,P,False,55.1,13.72,109560,11.45710,95.29,1.227,10.23,68.0,43.0,0.0
1787968908.5,0.00,789.2,0,0.260,0.000,0.0000,0,False,False,P,False,55.1,13.72,109560,11.45710,95.29,1.214,10.23,68.0,43.0,0.0
1787968908.7,0.00,789.5,0,0.260,0.000,0.0000,0,False,False,P,False,55.1,13.72,109560,11.45710,95.29,1.227,10.23,68.0,43.0,0.0
1787968908.9,0.00,787.8,0,0.260,0.000,0.0000,0,False,False,P,False,55.1,13.72,109560,11.45710,95.29,1.227,10.23,68.0,43.0,0.0
1787968909.1,0.00,789.2,0,0.260,0.000,0.0000,0,False,False,P,False,55.1,13.72,109560,11.45710,95.29,1.214,10.23,68.0,43.0,0.0
1787968909.3,0.00,786.8,0,0.260,0.000,0.0000,0,False,False,P,False,55.1,13.72,109560,11.45710,95.29,1.244,10.23,68.0,43.0,0.0
1787968909.5,0.00,784.2,0,0.260,0.000,0.0000,0,False,False,P,False,55.1,13.72,109560,11.45710,95.29,1.227,10.23,68.0,43.0,0.0
1787968909.8,0.00,787.2,0,0.260,0.000,0.0000,0,False,False,P,False,55.1,13.72,109560,11.45710,95.29,1.269,10.23,68.0,43.0,0.0
1787968910.0,0.00,790.0,0,0.260,0.000,0.0000,0,False,False,P,False,55.1,13.72,109560,11.45710,95.29,1.244,10.23,68.0,43.0,0.0
1787968910.2,0.00,785.2,0,0.260,0.000,0.0000,0,False,False,P,False,55.1,13.72,109560,11.45710,95.29,1.227,10.23,68.0,43.0,0.0
1787968910.4,0.00,785.5,0,0.260,0.000,0.0000,0,False,False,P,False,55.1,13.72,109560,11.45710,95.29,1.227,10.23,69.0,43.0,0.0
1787968910.6,0.00,784.5,0,0.260,0.000,0.0000,0,False,False,P,False,55.1,13.72,109560,11.45710,95.29,1.256,10.23,69.0,43.0,0.0
1787968910.8,0.00,790.2,0,0.260,0.000,0.0000,0,False,False,P,False,55.1,13.72,109560,11.45710,95.29,1.227,10.22,69.0,43.0,0.0
1787968911.0,0.00,788.2,0,0.260,0.000,0.0000,0,False,False,P,False,55.1,13.72,109560,11.45710,95.29,1.227,10.22,69.0,43.0,0.0
1787968911.2,0.00,789.5,0,0.260,0.000,0.0000,0,False,False,P,False,55.1,13.71,109560,11.45710,95.29,1.269,10.22,69.0,43.0,0.0
1787968911.4,0.00,790.8,0,0.260,0.000,0.0000,0,False,False,P,False,55.1,13.71,109560,11.45710,95.29,1.269,10.22,69.0,43.0,0.0
1787968911.6,0.00,791.8,0,0.260,0.000,0.0000,0,False,False,P,False,55.1,13.71,109560,11.45710,95.29,1.214,10.22,69.0,43.0,0.0
1787968911.8,0.00,789.2,0,0.260,0.000,0.0000,0,False,False,P,False,55.1,13.71,109560,11.45710,95.29,1.201,10.22,69.0,42.0,0.0
1787968912.0,0.00,789.0,0,0.260,0.000,0.0000,0,False,False,P,False,55.1,13.71,109560,11.45710,95.29,1.227,10.22,69.0,42.0,0.0
1787968912.2,0.00,785.0,0,0.260,0.000,0.0000,0,False,False,P,False,55.1,13.71,109560,11.45710,95.29,1.201,10.22,69.0,42.0,0.0
1787968912.4,0.00,781.5,0,0.260,0.000,0.0000,0,False,False,P,False,55.1,13.71,109560,11.45710,95.29,1.227,10.22,69.0,43.0,0.0
1787968912.6,0.00,784.5,0,0.260,0.000,0.0000,0,False,False,P,False,55.1,13.71,109560,11.45710,95.29,1.256,10.22,69.0,43.0,0.0
1787968912.8,0.00,787.5,0,0.260,0.000,0.0000,0,False,False,P,False,55.1,13.71,109560,11.45710,95.29,1.214,10.22,69.0,43.0,0.0
1787968913.0,0.00,782.2,0,0.260,0.000,0.0000,0,False,False,P,False,55.1,13.71,109560,11.45710,95.29,1.244,10.22,69.0,43.0,0.0
1787968913.2,0.00,782.8,0,0.260,0.000,0.0000,0,False,False,P,False,55.1,13.71,109560,11.45710,95.29,1.214,10.22,69.0,43.0,0.0
1787968913.4,0.00,785.0,0,0.260,0.000,0.0000,0,False,False,P,False,55.1,13.71,109560,11.45710,95.29,1.227,10.22,69.0,43.0,0.0
1787968913.6,0.00,786.2,0,0.260,0.000,0.0000,0,False,False,P,False,55.1,13.71,109560,11.45710,95.29,1.244,10.22,69.0,43.0,0.0
1787968913.8,0.00,788.5,0,0.260,0.000,0.0000,0,False,False,P,False,55.1,13.71,109560,11.45710,95.29,1.227,10.22,69.0,43.0,0.0
1787968914.0,0.00,791.2,0,0.260,0.000,0.0000,0,False,False,P,False,55.1,13.72,109560,11.45710,95.29,1.269,10.21,69.0,43.0,0.0
1787968914.2,0.00,788.2,0,0.260,0.000,0.0000,0,False,False,P,False,55.1,13.72,109560,11.45710,95.29,1.244,10.21,69.0,43.0,0.0
1787968914.4,0.00,790.5,0,0.260,0.000,0.0000,0,False,False,P,False,55.1,13.72,109560,11.45710,95.29,1.244,10.21,69.0,42.0,0.0
1787968914.6,0.00,787.2,0,0.260,0.000,0.0000,0,False,False,P,False,55.1,13.72,109560,11.45710,95.29,1.201,10.21,69.0,42.0,0.0
1787968914.8,0.00,785.5,0,0.260,0.000,0.0000,0,False,False,P,False,55.1,13.72,109560,11.45710,95.29,1.201,10.21,69.0,42.0,0.0
1787968915.0,0.00,784.8,0,0.260,0.000,0.0000,0,False,False,P,False,55.1,13.73,109560,11.45710,95.29,1.256,10.21,69.0,43.0,0.0
1787968915.2,0.00,785.2,0,0.260,0.000,0.0000,0,False,False,P,False,55.1,13.73,109560,11.45710,95.29,1.256,10.21,69.0,43.0,0.0
1787968915.5,0.00,785.5,0,0.260,0.000,0.0000,0,False,False,P,False,55.1,13.73,109560,11.45710,95.29,1.227,10.21,69.0,43.0,0.0
1787968915.7,0.00,785.2,0,0.260,0.000,0.0000,0,False,False,P,False,55.1,13.73,109560,11.45710,95.29,1.214,10.21,69.0,43.0,0.0
1787968915.9,0.00,782.8,0,0.260,0.000,0.0000,0,False,False,P,False,55.1,13.73,109560,11.45710,95.29,1.256,10.21,69.0,43.0,0.0
1787968916.1,0.00,779.5,0,0.260,0.000,0.0000,0,False,False,P,False,55.1,13.73,109560,11.45710,95.29,1.227,10.21,69.0,43.0,0.0
1787968916.3,0.00,781.0,0,0.260,0.000,0.0000,0,False,False,P,False,55.1,13.73,109560,11.45710,95.29,1.201,10.21,69.0,43.0,0.0
1787968916.5,0.00,778.0,0,0.260,0.000,0.0000,0,False,False,P,False,55.1,13.73,109560,11.45710,95.29,1.244,10.21,69.0,43.0,0.0
1787968916.7,0.00,782.8,0,0.260,0.000,0.0000,0,False,False,P,False,55.1,13.73,109560,11.45710,95.29,1.227,10.21,69.0,43.0,0.0
1787968916.9,0.00,780.0,0,0.260,0.000,0.0000,0,False,False,P,False,55.1,13.73,109560,11.45710,95.29,1.244,10.21,69.0,43.0,0.0
1787968917.1,0.00,784.5,0,0.260,0.000,0.0000,0,False,False,P,False,55.1,13.73,109560,11.45710,95.29,1.269,10.21,69.0,43.0,0.0
1787968917.3,0.00,785.0,0,0.260,0.000,0.0000,0,False,False,P,False,55.1,13.73,109560,11.45710,95.29,1.214,10.20,69.0,43.0,0.0
1787968917.5,0.00,786.0,0,0.260,0.000,0.0000,0,False,False,P,False,55.1,13.73,109560,11.45710,95.29,1.244,10.20,69.0,43.0,0.0
1787968917.7,0.00,783.8,0,0.260,0.000,0.0000,0,False,False,P,False,55.1,13.73,109560,11.45710,95.29,1.244,10.20,69.0,43.0,0.0
1787968917.9,0.00,785.0,0,0.260,0.000,0.0000,0,False,False,P,False,55.1,13.73,109560,11.45710,95.29,1.227,10.20,69.0,43.0,0.0
1787968918.1,0.00,788.2,0,0.260,0.000,0.0000,0,False,False,P,False,55.1,13.73,109560,11.45710,95.29,1.214,10.20,69.0,43.0,0.0
1787968918.3,0.00,785.2,0,0.260,0.000,0.0000,0,False,False,P,False,55.1,13.73,109560,11.45710,95.29,1.227,10.20,69.0,43.0,0.0
1787968918.5,0.00,782.0,0,0.260,0.000,0.0000,0,False,False,P,False,55.1,13.73,109560,11.45710,95.29,1.244,10.20,69.0,42.0,0.0
1787968918.7,0.00,784.2,0,0.260,0.000,0.0000,0,False,False,P,False,55.1,13.73,109560,11.45710,95.29,1.214,10.20,69.0,42.0,0.0
1787968918.9,0.00,784.0,0,0.260,0.000,0.0000,0,False,False,P,False,55.1,13.73,109560,11.45710,95.29,1.214,10.20,69.0,42.0,0.0
1787968919.1,0.00,782.0,0,0.260,0.000,0.0000,0,False,False,P,False,55.1,13.73,109560,11.45710,95.29,1.227,10.20,69.0,42.0,0.0
1787968919.3,0.00,782.8,0,0.260,0.000,0.0000,0,False,False,P,False,55.1,13.73,109560,11.45710,95.29,1.227,10.20,69.0,42.0,0.0
1787968919.5,0.00,782.2,0,0.260,0.000,0.0000,0,False,False,P,False,55.1,13.73,109560,11.45710,95.29,1.244,10.20,69.0,42.0,0.0
1787968919.7,0.00,781.0,0,0.260,0.000,0.0000,0,False,False,P,False,55.1,13.73,109560,11.45710,95.29,1.244,10.20,69.0,42.0,0.0
1787968919.9,0.00,780.0,0,0.260,0.000,0.0000,0,False,False,P,False,55.1,13.73,109560,11.45710,95.29,1.227,10.20,70.0,43.0,0.0
1787968920.1,0.00,777.5,0,0.260,0.000,0.0000,0,False,False,P,False,55.1,13.73,109560,11.45710,95.29,1.201,10.20,70.0,43.0,0.0
1787968920.3,0.00,779.2,0,0.260,0.000,0.0000,0,False,False,P,False,55.1,13.72,109560,11.45710,95.29,1.227,10.19,70.0,43.0,0.0
1787968920.5,0.00,780.2,0,0.260,0.000,0.0000,0,False,False,P,False,55.1,13.72,109560,11.45710,95.29,1.227,10.19,70.0,43.0,0.0
1787968920.7,0.00,784.8,0,0.260,0.000,0.0000,0,False,False,P,False,55.1,13.72,109560,11.45710,95.29,1.227,10.19,70.0,43.0,0.0
1787968920.9,0.00,787.8,0,0.260,0.000,0.0000,0,False,False,P,False,55.1,13.72,109560,11.45710,95.29,1.227,10.19,70.0,42.0,0.0
1787968921.1,0.00,784.5,0,0.260,0.000,0.0000,0,False,False,P,False,55.1,13.72,109560,11.45710,95.29,1.244,10.19,70.0,42.0,0.0
1787968921.3,0.00,784.2,0,0.260,0.000,0.0000,0,False,False,P,False,55.1,13.72,109560,11.45710,95.29,1.227,10.19,70.0,42.0,0.0
1787968921.5,0.00,779.0,0,0.260,0.000,0.0000,0,False,False,P,False,55.1,13.72,109560,11.45710,95.29,1.214,10.19,70.0,42.0,0.0
1787968921.7,0.00,780.0,0,0.260,0.000,0.0000,0,False,False,P,False,55.1,13.72,109560,11.45710,95.29,1.244,10.19,70.0,42.0,0.0
1787968921.9,0.00,784.5,0,0.260,0.000,0.0000,0,False,False,P,False,55.1,13.73,109560,11.45710,95.29,1.189,10.19,70.0,42.0,0.0
1787968922.2,0.00,782.0,0,0.260,0.000,0.0000,0,False,False,P,False,55.1,13.73,109560,11.45710,95.29,1.201,10.19,70.0,42.0,0.0
1787968922.4,0.00,781.2,0,0.260,0.000,0.0000,0,False,False,P,False,55.1,13.73,109560,11.45710,95.29,1.201,10.19,70.0,42.0,0.0
1787968922.6,0.00,779.2,0,0.260,0.000,0.0000,0,False,False,P,False,55.1,13.73,109560,11.45710,95.29,1.227,10.19,70.0,42.0,0.0
1787968922.8,0.00,777.2,0,0.260,0.000,0.0000,0,False,False,P,False,55.1,13.73,109560,11.45710,95.29,1.256,10.19,70.0,42.0,0.0
1787968923.0,0.00,776.8,0,0.260,0.000,0.0000,0,False,False,P,False,55.1,13.73,109560,11.45710,95.29,1.214,10.19,70.0,43.0,0.0
1787968923.2,0.00,774.8,0,0.260,0.000,0.0000,0,False,False,P,False,55.1,13.73,109560,11.45710,95.29,1.214,10.19,70.0,43.0,0.0
1787968923.4,0.00,776.2,0,0.260,0.000,0.0000,0,False,False,P,False,55.1,13.73,109560,11.45710,95.29,1.256,10.19,70.0,43.0,0.0
1787968923.6,0.00,775.0,0,0.260,0.000,0.0000,0,False,False,P,False,55.1,13.73,109560,11.45710,95.29,1.227,10.18,70.0,43.0,0.0
1787968923.8,0.00,777.2,0,0.260,0.000,0.0000,0,False,False,P,False,55.1,13.73,109560,11.45710,95.29,1.227,10.18,70.0,43.0,0.0
1787968924.0,0.00,780.5,0,0.260,0.000,0.0000,0,False,False,P,False,55.1,13.73,109560,11.45710,95.29,1.201,10.18,70.0,43.0,0.0
1787968924.2,0.00,781.0,0,0.260,0.000,0.0000,0,False,False,P,False,55.1,13.73,109560,11.45710,95.29,1.227,10.18,70.0,43.0,0.0
1787968924.4,0.00,780.8,0,0.260,0.000,0.0000,0,False,False,P,False,55.1,13.73,109560,11.45710,95.29,1.189,10.18,70.0,43.0,0.0
1787968924.6,0.00,779.8,0,0.260,0.000,0.0000,0,False,False,P,False,55.1,13.73,109560,11.45710,95.29,1.172,10.18,70.0,43.0,0.0
1787968924.8,0.00,780.0,0,0.260,0.000,0.0000,0,False,False,P,False,55.1,13.73,109560,11.45710,95.29,1.227,10.18,70.0,43.0,0.0
1787968925.0,0.00,777.8,0,0.260,0.000,0.0000,0,False,False,P,False,56.0,13.73,109560,11.45710,95.29,1.189,10.18,70.0,42.0,0.0
1787968925.2,0.00,780.0,0,0.260,0.000,0.0000,0,False,False,P,False,56.0,13.73,109560,11.45710,95.29,1.214,10.18,70.0,42.0,0.0
1787968925.4,0.00,779.8,0,0.260,0.000,0.0000,0,False,False,P,False,56.0,13.73,109560,11.45710,95.29,1.201,10.18,70.0,42.0,0.0
1787968925.6,0.00,777.8,0,0.260,0.000,0.0000,0,False,False,P,False,56.0,13.73,109560,11.45710,95.29,1.227,10.18,70.0,42.0,0.0
1787968925.8,0.00,779.2,0,0.260,0.000,0.0000,0,False,False,P,False,56.0,13.73,109560,11.45710,95.29,1.227,10.18,70.0,42.0,0.0
1787968926.0,0.00,776.8,0,0.260,0.000,0.0000,0,False,False,P,False,56.0,13.73,109560,11.45710,95.29,1.214,10.18,70.0,42.0,0.0
1787968926.2,0.00,777.8,0,0.260,0.000,0.0000,0,False,False,P,False,56.0,13.73,109560,11.45710,95.29,1.189,10.18,70.0,42.0,0.0
1787968926.4,0.00,774.5,0,0.260,0.000,0.0000,0,False,False,P,False,56.0,13.73,109560,11.45710,95.29,1.244,10.18,70.0,42.0,0.0
1787968926.6,0.00,774.5,0,0.260,0.000,0.0000,0,False,False,P,False,56.0,13.73,109560,11.45710,95.29,1.244,10.18,70.0,43.0,0.0
1787968926.8,0.00,777.5,0,0.260,0.000,0.0000,0,False,False,P,False,56.0,13.73,109560,11.45710,95.29,1.227,10.18,70.0,43.0,0.0
1787968927.0,0.00,773.5,0,0.260,0.000,0.0000,0,False,False,P,False,56.0,13.73,109560,11.45710,95.29,1.214,10.17,70.0,43.0,0.0
1787968927.2,0.00,775.5,0,0.260,0.000,0.0000,0,False,False,P,False,56.0,13.73,109560,11.45710,95.29,1.227,10.17,70.0,43.0,0.0
1787968927.4,0.00,777.8,0,0.260,0.000,0.0000,0,False,False,P,False,56.0,13.73,109560,11.45710,95.29,1.201,10.17,70.0,42.0,0.0
1787968927.6,0.00,777.8,0,0.260,0.000,0.0000,0,False,False,P,False,56.0,13.73,109560,11.45710,95.29,1.227,10.17,70.0,42.0,0.0
1787968927.8,0.00,779.0,0,0.260,0.000,0.0000,0,False,False,P,False,56.0,13.73,109560,11.45710,95.29,1.201,10.17,70.0,42.0,0.0
1787968928.0,0.00,775.8,0,0.260,0.000,0.0000,0,False,False,P,False,56.0,13.73,109560,11.45710,95.29,1.189,10.17,70.0,42.0,0.0
1787968928.2,0.00,778.2,0,0.260,0.000,0.0000,0,False,False,P,False,56.0,13.73,109560,11.45710,95.29,1.189,10.17,70.0,42.0,0.0
1787968928.4,0.00,778.8,0,0.260,0.000,0.0000,0,False,False,P,False,56.0,13.73,109560,11.45710,95.29,1.201,10.17,70.0,42.0,0.0
1787968928.7,0.00,776.0,0,0.260,0.000,0.0000,0,False,False,P,False,56.0,13.73,109560,11.45710,95.29,1.201,10.17,70.0,42.0,0.0
1787968928.9,0.00,773.2,0,0.260,0.000,0.0000,0,False,False,P,False,56.0,13.73,109560,11.45710,95.29,1.201,10.17,70.0,42.0,0.0
1787968929.1,0.00,772.8,0,0.260,0.000,0.0000,0,False,False,P,False,56.0,13.73,109560,11.45710,95.29,1.244,10.17,70.0,42.0,0.0
1787968929.3,0.00,772.2,0,0.260,0.000,0.0000,0,False,False,P,False,56.0,13.73,109560,11.45710,95.29,1.189,10.17,70.0,42.0,0.0
1787968929.5,0.00,773.0,0,0.260,0.000,0.0000,0,False,False,P,False,56.0,13.73,109560,11.45710,95.29,1.172,10.17,70.0,42.0,0.0
1787968929.7,0.00,767.8,0,0.260,0.000,0.0000,0,False,False,P,False,56.0,13.73,109560,11.45710,95.29,1.214,10.17,70.0,42.0,0.0
1787968929.9,0.00,770.2,0,0.260,0.000,0.0000,0,False,False,P,False,56.0,13.73,109560,11.45710,95.29,1.189,10.17,70.0,42.0,0.0
1787968930.1,0.00,768.5,0,0.260,0.000,0.0000,0,False,False,P,False,56.0,13.73,109560,11.45710,95.29,1.201,10.17,70.0,43.0,0.0
1787968930.3,0.00,772.0,0,0.260,0.000,0.0000,0,False,False,P,False,56.0,13.73,109560,11.45710,95.29,1.227,10.16,71.0,43.0,0.0
1787968930.5,0.00,772.2,0,0.260,0.000,0.0000,0,False,False,P,False,56.0,13.73,109560,11.45710,95.29,1.214,10.16,71.0,43.0,0.0
1787968930.7,0.00,772.0,0,0.260,0.000,0.0000,0,False,False,P,False,56.0,13.73,109560,11.45710,95.29,1.214,10.16,71.0,42.0,0.0
1787968930.9,0.00,771.5,0,0.260,0.000,0.0000,0,False,False,P,False,56.0,13.73,109560,11.45710,95.29,1.189,10.16,71.0,42.0,0.0
1787968931.1,0.00,775.0,0,0.260,0.000,0.0000,0,False,False,P,False,56.0,13.73,109560,11.45710,95.29,1.201,10.16,71.0,42.0,0.0
1787968931.3,0.00,772.8,0,0.260,0.000,0.0000,0,False,False,P,False,56.0,13.73,109560,11.45710,95.29,1.201,10.16,71.0,42.0,0.0
1787968931.5,0.00,773.8,0,0.260,0.000,0.0000,0,False,False,P,False,56.0,13.73,109560,11.45710,95.29,1.189,10.16,71.0,42.0,0.0
1787968931.7,0.00,774.2,0,0.260,0.000,0.0000,0,False,False,P,False,56.0,13.73,109560,11.45710,95.29,1.201,10.16,71.0,42.0,0.0
1787968931.9,0.00,772.5,0,0.260,0.000,0.0000,0,False,False,P,False,56.0,13.73,109560,11.45710,95.29,1.159,10.16,71.0,42.0,0.0
1787968932.1,0.00,768.5,0,0.260,0.000,0.0000,0,False,False,P,False,56.0,13.73,109560,11.45710,95.29,1.189,10.16,71.0,42.0,0.0
1787968932.3,0.00,766.5,0,0.260,0.000,0.0000,0,False,False,P,False,56.0,13.73,109560,11.45710,95.29,1.172,10.16,71.0,42.0,0.0
1787968932.5,0.00,767.5,0,0.260,0.000,0.0000,0,False,False,P,False,56.0,13.73,109560,11.45710,95.29,1.201,10.16,71.0,42.0,0.0
1787968932.7,0.00,766.2,0,0.260,0.000,0.0000,0,False,False,P,False,56.0,13.75,109560,11.45710,95.29,1.189,10.16,71.0,42.0,0.0
1787968932.9,0.00,765.5,0,0.260,0.000,0.0000,0,False,False,P,False,56.0,13.75,109560,11.45710,95.29,1.214,10.16,71.0,42.0,0.0
1787968933.1,0.00,767.5,0,0.260,0.000,0.0000,0,False,False,P,False,56.0,13.75,109560,11.45710,95.29,1.189,10.16,71.0,42.0,0.0
1787968933.3,0.00,768.2,0,0.260,0.000,0.0000,0,False,False,P,False,56.0,13.75,109560,11.45710,95.29,1.146,10.16,71.0,42.0,0.0
1787968933.5,0.00,769.2,0,0.260,0.000,0.0000,0,False,False,P,False,56.0,13.75,109560,11.45710,95.29,1.189,10.15,71.0,42.0,0.0
1787968933.7,0.00,770.5,0,0.260,0.000,0.0000,0,False,False,P,False,56.0,13.75,109560,11.45710,95.29,1.189,10.15,71.0,42.0,0.0
1787968933.9,0.00,769.0,0,0.260,0.000,0.0000,0,False,False,P,False,56.0,13.75,109560,11.45710,95.29,1.189,10.15,71.0,42.0,0.0
1787968934.1,0.00,768.2,0,0.260,0.000,0.0000,0,False,False,P,False,56.0,13.75,109560,11.45710,95.29,1.172,10.15,71.0,42.0,0.0
1787968934.3,0.00,767.2,0,0.260,0.000,0.0000,0,False,False,P,False,56.0,13.75,109560,11.45710,95.29,1.172,10.15,71.0,42.0,0.0
1787968934.5,0.00,766.8,0,0.260,0.000,0.0000,0,False,False,P,False,56.0,13.75,109560,11.45710,95.29,1.159,10.15,71.0,42.0,0.0
1787968934.8,0.00,764.5,0,0.260,0.000,0.0000,0,False,False,P,False,56.0,13.75,109560,11.45710,95.29,1.189,10.15,71.0,42.0,0.0
1787968935.0,0.00,762.0,0,0.260,0.000,0.0000,0,False,False,P,False,56.0,13.75,109560,11.45710,95.29,1.189,10.15,71.0,42.0,0.0
1787968935.2,0.00,763.2,0,0.260,0.000,0.0000,0,False,False,P,False,56.0,13.75,109560,11.45710,95.29,1.189,10.15,71.0,42.0,0.0
1787968935.4,0.00,765.8,0,0.260,0.000,0.0000,0,False,False,P,False,56.0,13.75,109560,11.45710,95.29,1.189,10.15,71.0,42.0,0.0
1787968935.6,0.00,765.5,0,0.260,0.000,0.0000,0,False,False,P,False,56.0,13.75,109560,11.45710,95.29,1.201,10.15,71.0,42.0,0.0
1787968935.8,0.00,767.5,0,0.260,0.000,0.0000,0,False,False,P,False,56.0,13.75,109560,11.45710,95.29,1.172,10.15,71.0,42.0,0.0
1787968936.0,0.00,767.8,0,0.260,0.000,0.0000,0,False,False,P,False,56.0,13.72,109560,11.45710,95.29,1.189,10.15,71.0,42.0,0.0
1787968936.2,0.00,766.0,0,0.260,0.000,0.0000,0,False,False,P,False,56.0,13.72,109560,11.45710,95.29,1.189,10.15,71.0,42.0,0.0
1787968936.4,0.00,766.0,0,0.260,0.000,0.0000,0,False,False,P,False,56.0,13.72,109560,11.45710,95.29,1.172,10.15,71.0,42.0,0.0
1787968936.6,0.00,764.5,0,0.260,0.000,0.0000,0,False,False,P,False,56.0,13.72,109560,11.45710,95.29,1.172,10.15,71.0,42.0,0.0
1787968936.8,0.00,768.8,0,0.260,0.000,0.0000,0,False,False,P,False,56.0,13.72,109560,11.45710,95.29,1.189,10.15,71.0,42.0,0.0
1787968937.0,0.00,771.8,0,0.260,0.000,0.0000,0,False,False,P,False,56.0,13.72,109560,11.45710,95.29,1.091,10.14,71.0,42.0,0.0
1787968937.2,0.00,757.8,0,0.260,0.000,0.0000,0,False,False,P,False,56.0,13.72,109560,11.45710,95.29,0.951,10.14,71.0,41.0,0.0
1787968937.4,0.00,807.2,0,0.260,0.000,0.0000,0,False,False,P,False,56.0,13.72,109560,11.45710,95.29,0.951,10.14,72.0,39.0,0.0
1787968937.6,0.00,803.8,0,0.260,0.000,0.0000,0,False,False,P,False,56.0,13.72,109560,11.45710,95.29,0.938,10.14,72.0,37.0,0.0
1787968937.8,0.00,802.5,0,0.260,0.000,0.0000,0,False,False,P,False,56.0,13.72,109560,11.45710,95.29,0.938,10.14,72.0,36.0,0.0
1787968938.0,0.00,794.2,0,0.260,0.000,0.0000,0,False,False,P,False,56.0,13.72,109560,11.45710,95.29,0.904,10.14,72.0,35.0,0.0
1787968938.2,0.00,796.5,0,0.260,0.000,0.0000,0,False,False,P,False,56.0,13.72,109560,11.45710,95.29,0.879,10.14,72.0,34.0,0.0
1787968938.4,0.00,784.8,0,0.260,0.000,0.0000,0,False,False,P,False,56.0,13.72,109560,11.45710,95.29,0.849,10.14,72.0,33.0,0.0
1787968938.6,0.00,784.2,0,0.260,0.000,0.0000,0,False,False,P,False,56.0,13.72,109560,11.45710,95.29,0.870,10.14,72.0,33.0,0.0
1787968938.8,0.00,775.2,0,0.260,0.000,0.0000,0,False,False,P,False,56.0,13.72,109560,11.45710,95.29,0.891,10.14,72.0,33.0,0.0
1787968939.0,0.00,775.5,0,0.260,0.000,0.0000,0,False,False,P,False,56.0,13.71,109560,11.45710,95.29,0.891,10.14,72.0,33.0,0.0
1787968939.2,0.00,778.5,0,0.260,0.000,0.0000,0,False,False,P,False,56.0,13.71,109560,11.45710,95.29,0.879,10.14,72.0,33.0,0.0
1787968939.4,0.00,782.8,0,0.260,0.000,0.0000,0,False,False,P,False,56.0,13.71,109560,11.45710,95.29,0.891,10.14,72.0,33.0,0.0
1787968939.6,0.00,777.5,0,0.260,0.000,0.0000,0,False,False,P,False,56.0,13.71,109560,11.45710,95.29,0.879,10.14,72.0,33.0,0.0
1787968939.8,0.00,782.2,0,0.260,0.000,0.0000,0,False,False,P,False,56.0,13.71,109560,11.45710,95.29,0.904,10.14,72.0,32.0,0.0
1787968940.0,0.00,780.0,0,0.260,0.000,0.0000,0,False,False,P,False,56.0,13.71,109560,11.45710,95.29,0.879,10.14,72.0,32.0,0.0
1787968940.2,0.00,780.2,0,0.260,0.000,0.0000,0,False,False,P,False,56.0,13.71,109560,11.45710,95.29,0.870,10.14,72.0,32.0,0.0
1787968940.4,0.00,778.0,0,0.260,0.000,0.0000,0,False,False,P,False,56.0,13.71,109560,11.45710,95.29,0.891,10.14,72.0,32.0,0.0
1787968940.6,0.00,778.2,0,0.260,0.000,0.0000,0,False,False,P,False,56.0,13.71,109560,11.45710,95.29,0.879,10.14,72.0,32.0,0.0
1787968940.8,0.00,780.0,0,0.260,0.000,0.0000,0,False,False,P,False,56.0,13.71,109560,11.45710,95.29,0.879,10.14,72.0,32.0,0.0
1787968941.1,0.00,778.0,0,0.260,0.000,0.0000,0,False,False,P,False,56.0,13.71,109560,11.45710,95.29,0.870,10.14,72.0,32.0,0.0
1787968941.3,0.00,775.5,0,0.260,0.000,0.0000,0,False,False,P,False,56.0,13.71,109560,11.45710,95.29,0.891,10.14,72.0,32.0,0.0
1787968941.5,0.00,775.5,0,0.260,0.000,0.0000,0,False,False,P,False,56.0,13.71,109560,11.45710,95.29,0.891,10.13,72.0,32.0,0.0
1787968941.7,0.00,772.5,0,0.260,0.000,0.0000,0,False,False,P,False,56.0,13.71,109560,11.45710,95.29,0.870,10.13,72.0,32.0,0.0
1787968941.9,0.00,771.5,0,0.260,0.000,0.0000,0,False,False,P,False,56.0,13.71,109560,11.45710,95.29,0.870,10.13,72.0,32.0,0.0
1787968942.1,0.00,773.8,0,0.260,0.000,0.0000,0,False,False,P,False,56.0,13.75,109560,11.45710,95.29,0.857,10.13,72.0,32.0,0.0
1787968942.3,0.00,771.8,0,0.260,0.000,0.0000,0,False,False,P,False,56.0,13.75,109560,11.45710,95.29,0.857,10.13,72.0,32.0,0.0
1787968942.5,0.00,769.8,0,0.260,0.000,0.0000,0,False,False,P,False,56.0,13.75,109560,11.45710,95.29,0.857,10.13,72.0,32.0,0.0
1787968942.7,0.00,771.0,0,0.260,0.000,0.0000,0,False,False,P,False,56.0,13.75,109560,11.45710,95.29,0.870,10.13,72.0,32.0,0.0
1787968942.9,0.00,770.5,0,0.260,0.000,0.0000,0,False,False,P,False,56.0,13.75,109560,11.45710,95.29,0.879,10.13,72.0,32.0,0.0
1787968943.1,0.00,770.8,0,0.260,0.000,0.0000,0,False,False,P,False,56.0,13.75,109560,11.45710,95.29,0.849,10.13,72.0,32.0,0.0
1787968943.3,0.00,766.8,0,0.260,0.000,0.0000,0,False,False,P,False,56.0,13.75,109560,11.45710,95.29,0.879,10.13,72.0,32.0,0.0
1787968943.5,0.00,773.8,0,0.260,0.000,0.0000,0,False,False,P,False,56.0,13.75,109560,11.45710,95.29,0.849,10.13,72.0,32.0,0.0
1787968943.7,0.00,774.0,0,0.260,0.000,0.0000,0,False,False,P,False,56.0,13.75,109560,11.45710,95.29,0.870,10.13,72.0,32.0,0.0
1787968943.9,0.00,773.5,0,0.260,0.000,0.0000,0,False,False,P,False,56.0,13.75,109560,11.45710,95.29,0.870,10.13,72.0,32.0,0.0
1787968944.1,0.00,772.5,0,0.260,0.000,0.0000,0,False,False,P,False,56.0,13.75,109560,11.45710,95.29,0.849,10.13,72.0,32.0,0.0
1787968944.3,0.00,770.2,0,0.260,0.000,0.0000,0,False,False,P,False,56.0,13.75,109560,11.45710,95.29,0.857,10.13,72.0,32.0,0.0
1787968944.5,0.00,770.2,0,0.260,0.000,0.0000,0,False,False,P,False,56.0,13.75,109560,11.45710,95.29,0.870,10.13,72.0,32.0,0.0
1787968944.7,0.00,764.8,0,0.260,0.000,0.0000,0,False,False,P,False,56.0,13.75,109560,11.45710,95.29,0.849,10.13,72.0,32.0,0.0
1787968944.9,0.00,767.5,0,0.260,0.000,0.0000,0,False,False,P,False,56.0,13.75,109560,11.45710,95.29,0.870,10.13,72.0,32.0,0.0
1787968945.1,0.00,770.2,0,0.260,0.000,0.0000,0,False,False,P,False,56.0,13.74,109560,11.45710,95.29,0.857,10.13,72.0,32.0,0.0
1787968945.3,0.00,766.8,0,0.260,0.000,0.0000,0,False,False,P,False,56.0,13.74,109560,11.45710,95.29,0.857,10.13,72.0,32.0,0.0
1787968945.5,0.00,766.0,0,0.260,0.000,0.0000,0,False,False,P,False,56.0,13.74,109560,11.45710,95.29,0.828,10.13,72.0,32.0,0.0
1787968945.7,0.00,767.0,0,0.260,0.000,0.0000,0,False,False,P,False,56.0,13.74,109560,11.45710,95.29,0.836,10.13,72.0,32.0,0.0
1787968945.9,0.00,763.8,0,0.260,0.000,0.0000,0,False,False,P,False,56.0,13.75,109560,11.45710,95.29,0.857,10.13,72.0,32.0,0.0
1787968946.1,0.00,761.8,0,0.260,0.000,0.0000,0,False,False,P,False,56.0,13.75,109560,11.45710,95.29,0.857,10.12,72.0,32.0,0.0
1787968946.3,0.00,760.2,0,0.260,0.000,0.0000,0,False,False,P,False,56.0,13.75,109560,11.45710,95.29,0.849,10.12,72.0,32.0,0.0
1787968946.5,0.00,761.5,0,0.260,0.000,0.0000,0,False,False,P,False,56.0,13.75,109560,11.45710,95.29,0.849,10.12,72.0,32.0,0.0
1787968946.7,0.00,761.2,0,0.260,0.000,0.0000,0,False,False,P,False,56.0,13.75,109560,11.45710,95.29,0.836,10.12,72.0,32.0,0.0
1787968946.9,0.00,762.2,0,0.260,0.000,0.0000,0,False,False,P,False,56.0,13.75,109560,11.45710,95.29,0.857,10.12,72.0,32.0,0.0
1787968947.1,0.00,764.8,0,0.260,0.000,0.0000,0,False,False,P,False,56.0,13.75,109560,11.45710,95.29,0.857,10.12,72.0,32.0,0.0
1787968947.4,0.00,765.8,0,0.260,0.000,0.0000,0,False,False,P,False,56.0,13.75,109560,11.45710,95.29,0.836,10.12,72.0,32.0,0.0
1787968947.6,0.00,769.8,0,0.260,0.000,0.0000,0,False,False,P,False,56.0,13.75,109560,11.45710,95.29,1.745,10.12,73.0,32.0,0.0
1787968947.8,0.00,806.8,0,0.260,0.000,0.0000,0,False,False,P,False,56.0,13.75,109560,11.45710,95.29,1.159,10.12,73.0,38.0,0.0
1787968948.0,0.00,771.5,0,0.260,0.000,0.0000,0,False,False,P,False,56.0,13.75,109560,11.45710,95.29,1.464,10.12,73.0,39.0,0.0
1787968948.2,0.00,772.8,0,0.260,0.000,0.0000,0,False,False,P,False,56.0,13.68,109560,11.45710,95.29,1.227,10.12,73.0,41.0,0.0
1787968948.4,0.00,770.5,0,0.260,0.000,0.0000,0,False,False,P,False,56.0,13.68,109560,11.45710,95.29,1.244,10.12,73.0,41.0,0.0
1787968948.6,0.00,768.2,0,0.260,0.000,0.0000,0,False,False,P,False,56.0,13.68,109560,11.45710,95.29,1.227,10.12,73.0,42.0,0.0
1787968948.8,0.00,768.5,0,0.260,0.000,0.0000,0,False,False,P,False,56.0,13.68,109560,11.45710,95.29,1.172,10.12,73.0,43.0,0.0
1787968949.0,0.00,768.2,0,0.260,0.000,0.0000,0,False,False,P,False,56.0,13.68,109560,11.45710,95.29,1.201,10.12,73.0,43.0,0.0
1787968949.2,0.00,764.5,0,0.260,0.000,0.0000,0,False,False,P,False,56.0,13.68,109560,11.45710,95.29,1.201,10.12,73.0,43.0,0.0
1787968949.4,0.00,757.5,0,0.260,0.000,0.0000,0,False,False,P,False,56.0,13.68,109560,11.45710,95.29,1.244,10.12,73.0,43.0,0.0
1787968949.6,0.00,759.8,0,0.260,0.000,0.0000,0,False,False,P,False,56.0,13.68,109560,11.45710,95.29,1.244,10.11,73.0,44.0,0.0
1787968949.8,0.00,757.2,0,0.260,0.000,0.0000,0,False,False,P,False,56.0,13.68,109560,11.45710,95.29,1.256,10.11,73.0,44.0,0.0
1787968950.0,0.00,758.5,0,0.260,0.000,0.0000,0,False,False,P,False,56.0,13.68,109560,11.45710,95.29,1.256,10.11,73.0,44.0,0.0
1787968950.2,0.00,760.0,0,0.260,0.000,0.0000,0,False,False,P,False,56.0,13.68,109560,11.45710,95.29,1.256,10.11,73.0,44.0,0.0
1787968950.4,0.00,758.0,0,0.260,0.000,0.0000,0,False,False,P,False,56.0,13.68,109560,11.45710,95.29,1.256,10.11,73.0,44.0,0.0
1787968950.6,0.00,761.2,0,0.260,0.000,0.0000,0,False,False,P,False,56.0,13.68,109560,11.45710,95.29,1.269,10.11,73.0,45.0,0.0
1787968950.8,0.00,763.5,0,0.260,0.000,0.0000,0,False,False,P,False,56.0,13.68,109560,11.45710,95.29,1.256,10.11,73.0,45.0,0.0
1787968951.0,0.00,770.2,0,0.260,0.000,0.0000,0,False,False,P,False,56.0,13.68,109560,11.45710,95.29,1.244,10.11,73.0,44.0,0.0
1787968951.2,0.00,771.8,0,0.260,0.000,0.0000,0,False,False,P,False,56.0,13.68,109560,11.45710,95.29,1.214,10.11,73.0,44.0,0.0
1787968951.4,0.00,772.0,0,0.260,0.000,0.0000,0,False,False,P,False,56.0,13.80,109560,11.45710,95.29,1.244,10.11,73.0,44.0,0.0
1787968951.6,0.00,768.8,0,0.260,0.000,0.0000,0,False,False,P,False,56.0,13.80,109560,11.45710,95.29,1.214,10.11,73.0,44.0,0.0
1787968951.8,0.00,769.2,0,0.260,0.000,0.0000,0,False,False,P,False,56.0,13.80,109560,11.45710,95.29,1.189,10.11,73.0,44.0,0.0
1787968952.0,0.00,768.2,0,0.260,0.000,0.0000,0,False,False,P,False,56.0,13.80,109560,11.45710,95.29,1.201,10.11,73.0,43.0,0.0
1787968952.2,0.00,766.2,0,0.260,0.000,0.0000,0,False,False,P,False,56.0,13.80,109560,11.45710,95.29,1.189,10.11,73.0,43.0,0.0
1787968952.4,0.00,763.2,0,0.260,0.000,0.0000,0,False,False,P,False,56.0,13.80,109560,11.45710,95.29,1.201,10.11,73.0,43.0,0.0
1787968952.6,0.00,763.5,0,0.260,0.000,0.0000,0,False,False,P,False,56.0,13.80,109560,11.45710,95.29,1.214,10.11,73.0,43.0,0.0
1787968952.8,0.00,764.5,0,0.260,0.000,0.0000,0,False,False,P,False,56.0,13.80,109560,11.45710,95.29,1.214,10.11,73.0,43.0,0.0
1787968953.0,0.00,762.8,0,0.260,0.000,0.0000,0,False,False,P,False,56.0,13.80,109560,11.45710,95.29,1.189,10.10,73.0,43.0,0.0
1787968953.2,0.00,756.5,0,0.260,0.000,0.0000,0,False,False,P,False,56.0,13.80,109560,11.45710,95.29,1.214,10.10,73.0,43.0,0.0
1787968953.5,0.00,760.5,0,0.260,0.000,0.0000,0,False,False,P,False,56.0,13.80,109560,11.45710,95.29,1.201,10.10,73.0,43.0,0.0
1787968953.7,0.00,759.2,0,0.260,0.000,0.0000,0,False,False,P,False,56.0,13.80,109560,11.45710,95.29,1.214,10.10,73.0,43.0,0.0
1787968953.9,0.00,762.5,0,0.260,0.000,0.0000,0,False,False,P,False,56.0,13.80,109560,11.45710,95.29,1.227,10.10,73.0,43.0,0.0
1787968954.1,0.00,761.8,0,0.260,0.000,0.0000,0,False,False,P,False,56.0,13.80,109560,11.45710,95.29,1.227,10.10,73.0,43.0,0.0
1787968954.3,0.00,765.8,0,0.260,0.000,0.0000,0,False,False,P,False,56.0,13.80,109560,11.45710,95.29,1.214,10.10,73.0,43.0,0.0
1787968954.5,0.00,765.5,0,0.260,0.000,0.0000,0,False,False,P,False,56.0,13.74,109560,11.45710,95.29,1.189,10.10,73.0,43.0,0.0
1787968954.7,0.00,766.0,0,0.260,0.000,0.0000,0,False,False,P,False,56.0,13.74,109560,11.45710,95.29,1.189,10.10,73.0,43.0,0.0
1787968954.9,0.00,763.2,0,0.260,0.000,0.0000,0,False,False,P,False,56.0,13.74,109560,11.45710,95.29,1.214,10.10,73.0,43.0,0.0
1787968955.1,0.00,765.0,0,0.260,0.000,0.0000,0,False,False,P,False,56.0,13.74,109560,11.45710,95.29,1.244,10.10,73.0,43.0,0.0
1787968955.3,0.00,764.5,0,0.260,0.000,0.0000,0,False,False,P,False,56.0,13.74,109560,11.45710,95.29,1.214,10.10,73.0,43.0,0.0
1787968955.5,0.00,764.0,0,0.260,0.000,0.0000,0,False,False,P,False,56.0,13.74,109560,11.45710,95.29,1.214,10.10,73.0,43.0,0.0
1787968955.7,0.00,759.8,0,0.260,0.000,0.0000,0,False,False,P,False,56.0,13.74,109560,11.45710,95.29,1.227,10.10,73.0,43.0,0.0
1787968955.9,0.00,760.0,0,0.260,0.000,0.0000,0,False,False,P,False,56.0,13.74,109560,11.45710,95.29,1.214,10.10,73.0,43.0,0.0
1787968956.1,0.00,762.8,0,0.260,0.000,0.0000,0,False,False,P,False,56.0,13.74,109560,11.45710,95.29,1.201,10.10,73.0,43.0,0.0
1787968956.3,0.00,761.0,0,0.260,0.000,0.0000,0,False,False,P,False,56.0,13.74,109560,11.45710,95.29,1.189,10.09,73.0,43.0,0.0
1787968956.5,0.00,762.5,0,0.260,0.000,0.0000,0,False,False,P,False,57.0,13.74,109560,11.45710,95.29,1.214,10.09,73.0,43.0,0.0
1787968956.7,0.00,761.0,0,0.260,0.000,0.0000,0,False,False,P,False,57.0,13.74,109560,11.45710,95.29,1.189,10.09,73.0,43.0,0.0
1787968956.9,0.00,755.5,0,0.260,0.000,0.0000,0,False,False,P,False,57.0,13.74,109560,11.45710,95.29,1.189,10.09,73.0,43.0,0.0
1787968957.1,0.00,756.8,0,0.260,0.000,0.0000,0,False,False,P,False,57.0,13.74,109560,11.45710,95.29,1.189,10.09,73.0,43.0,0.0
1787968957.3,0.00,754.8,0,0.260,0.000,0.0000,0,False,False,P,False,57.0,13.74,109560,11.45710,95.29,1.227,10.09,73.0,43.0,0.0
1787968957.5,0.00,757.2,0,0.260,0.000,0.0000,0,False,False,P,False,57.0,13.76,109560,11.45710,95.29,1.201,10.09,73.0,43.0,0.0
1787968957.7,0.00,759.5,0,0.260,0.000,0.0000,0,False,False,P,False,57.0,13.76,109560,11.45710,95.29,1.189,10.09,73.0,43.0,0.0
1787968957.9,0.00,763.0,0,0.260,0.000,0.0000,0,False,False,P,False,57.0,13.76,109560,11.45710,95.29,1.201,10.09,73.0,43.0,0.0
1787968958.1,0.00,763.8,0,0.260,0.000,0.0000,0,False,False,P,False,57.0,13.76,109560,11.45710,95.29,1.214,10.09,73.0,43.0,0.0
1787968958.3,0.00,763.0,0,0.260,0.000,0.0000,0,False,False,P,False,57.0,13.76,109560,11.45710,95.29,1.146,10.09,73.0,43.0,0.0
1787968958.5,0.00,763.0,0,0.260,0.000,0.0000,0,False,False,P,False,57.0,13.76,109560,11.45710,95.29,1.201,10.09,73.0,43.0,0.0
1787968958.7,0.00,761.5,0,0.260,0.000,0.0000,0,False,False,P,False,57.0,13.76,109560,11.45710,95.29,1.189,10.09,73.0,43.0,0.0
1787968958.9,0.00,759.2,0,0.260,0.000,0.0000,0,False,False,P,False,57.0,13.76,109560,11.45710,95.29,1.146,10.09,74.0,43.0,0.0
1787968959.1,0.00,756.5,0,0.260,0.000,0.0000,0,False,False,P,False,57.0,13.76,109560,11.45710,95.29,1.189,10.09,74.0,43.0,0.0
1787968959.3,0.00,759.0,0,0.260,0.000,0.0000,0,False,False,P,False,57.0,13.76,109560,11.45710,95.29,1.201,10.09,74.0,43.0,0.0
1787968959.5,0.00,756.8,0,0.260,0.000,0.0000,0,False,False,P,False,57.0,13.76,109560,11.45710,95.29,1.201,10.09,74.0,43.0,0.0
1787968959.8,0.00,756.5,0,0.260,0.000,0.0000,0,False,False,P,False,57.0,13.76,109560,11.45710,95.29,1.053,10.08,74.0,43.0,0.0
1787968960.0,0.00,749.5,0,0.260,0.000,0.0000,0,False,False,P,False,57.0,13.76,109560,11.45710,95.29,0.930,10.08,74.0,41.0,0.0
1787968960.2,0.00,790.2,0,0.260,0.000,0.0000,0,False,False,P,False,57.0,13.76,109560,11.45710,95.29,0.930,10.08,74.0,39.0,0.0
1787968960.4,0.00,785.2,0,0.260,0.000,0.0000,0,False,False,P,False,57.0,13.76,109560,11.45710,95.29,0.930,10.08,74.0,37.0,0.0
1787968960.6,0.00,785.0,0,0.260,0.000,0.0000,0,False,False,P,False,57.0,13.81,109560,11.45710,95.29,0.917,10.08,74.0,36.0,0.0
1787968960.8,0.00,784.8,0,0.260,0.000,0.0000,0,False,False,P,False,57.0,13.81,109560,11.45710,95.29,0.917,10.08,74.0,35.0,0.0
1787968961.0,0.00,777.8,0,0.260,0.000,0.0000,0,False,False,P,False,57.0,13.81,109560,11.45710,95.29,0.849,10.08,74.0,34.0,0.0
1787968961.2,0.00,773.2,0,0.260,0.000,0.0000,0,False,False,P,False,57.0,13.81,109560,11.45710,95.29,0.849,10.08,74.0,33.0,0.0
1787968961.4,0.00,760.2,0,0.260,0.000,0.0000,0,False,False,P,False,57.0,13.81,109560,11.45710,95.29,0.857,10.08,74.0,33.0,0.0
1787968961.6,0.00,757.2,0,0.260,0.000,0.0000,0,False,False,P,False,57.0,13.81,109560,11.45710,95.29,0.857,10.08,74.0,32.0,0.0
1787968961.8,0.00,759.2,0,0.260,0.000,0.0000,0,False,False,P,False,57.0,13.81,109560,11.45710,95.29,0.815,10.08,74.0,32.0,0.0
1787968962.0,0.00,756.0,0,0.260,0.000,0.0000,0,False,False,P,False,57.0,13.81,109560,11.45710,95.29,0.879,10.08,74.0,32.0,0.0
1787968962.2,0.00,758.5,0,0.260,0.000,0.0000,0,False,False,P,False,57.0,13.81,109560,11.45710,95.29,0.836,10.08,74.0,32.0,0.0
1787968962.4,0.00,758.0,0,0.260,0.000,0.0000,0,False,False,P,False,57.0,13.81,109560,11.45710,95.29,0.857,10.08,74.0,32.0,0.0
1787968962.6,0.00,760.2,0,0.260,0.000,0.0000,0,False,False,P,False,57.0,13.81,109560,11.45710,95.29,0.857,10.08,74.0,32.0,0.0
1787968962.8,0.00,758.0,0,0.260,0.000,0.0000,0,False,False,P,False,57.0,13.81,109560,11.45710,95.29,0.836,10.08,74.0,32.0,0.0
1787968963.0,0.00,761.2,0,0.260,0.000,0.0000,0,False,False,P,False,57.0,13.81,109560,11.45710,95.29,0.870,10.08,74.0,32.0,0.0
1787968963.2,0.00,762.8,0,0.260,0.000,0.0000,0,False,False,P,False,57.0,13.81,109560,11.45710,95.29,0.870,10.08,74.0,32.0,0.0
1787968963.4,0.00,762.8,0,0.260,0.000,0.0000,0,False,False,P,False,57.0,13.81,109560,11.45710,95.29,0.849,10.08,74.0,32.0,0.0
1787968963.6,0.00,759.8,0,0.260,0.000,0.0000,0,False,False,P,False,57.0,13.75,109560,11.45710,95.29,0.870,10.08,74.0,32.0,0.0
1787968963.8,0.00,760.2,0,0.260,0.000,0.0000,0,False,False,P,False,57.0,13.75,109560,11.45710,95.29,0.828,10.08,74.0,32.0,0.0
1787968964.0,0.00,756.0,0,0.260,0.000,0.0000,0,False,False,P,False,57.0,13.75,109560,11.45710,95.29,0.857,10.08,74.0,32.0,0.0
1787968964.2,0.00,757.0,0,0.260,0.000,0.0000,0,False,False,P,False,57.0,13.75,109560,11.45710,95.29,0.836,10.07,74.0,32.0,0.0
1787968964.4,0.00,756.8,0,0.260,0.000,0.0000,0,False,False,P,False,57.0,13.75,109560,11.45710,95.29,0.836,10.07,74.0,32.0,0.0
1787968964.6,0.00,752.2,0,0.260,0.000,0.0000,0,False,False,P,False,57.0,13.75,109560,11.45710,95.29,0.836,10.07,74.0,32.0,0.0
1787968964.8,0.00,757.5,0,0.260,0.000,0.0000,0,False,False,P,False,57.0,13.75,109560,11.45710,95.29,0.828,10.07,74.0,32.0,0.0
1787968965.0,0.00,754.8,0,0.260,0.000,0.0000,0,False,False,P,False,57.0,13.75,109560,11.45710,95.29,0.879,10.07,74.0,32.0,0.0
1787968965.2,0.00,751.8,0,0.260,0.000,0.0000,0,False,False,P,False,57.0,13.75,109560,11.45710,95.29,0.879,10.07,74.0,32.0,0.0
1787968965.4,0.00,756.5,0,0.260,0.000,0.0000,0,False,False,P,False,57.0,13.75,109560,11.45710,95.29,0.849,10.07,74.0,32.0,0.0
1787968965.6,0.00,752.2,0,0.260,0.000,0.0000,0,False,False,P,False,57.0,13.75,109560,11.45710,95.29,0.836,10.07,74.0,32.0,0.0
1787968965.8,0.00,745.2,0,0.260,0.000,0.0000,0,False,False,P,False,57.0,13.75,109560,11.45710,95.29,0.836,10.07,74.0,32.0,0.0
1787968966.0,0.00,751.2,0,0.260,0.000,0.0000,0,False,False,P,False,57.0,13.75,109560,11.45710,95.29,0.836,10.07,74.0,32.0,0.0
1787968966.3,0.00,749.8,0,0.260,0.000,0.0000,0,False,False,P,False,57.0,13.75,109560,11.45710,95.29,0.836,10.07,74.0,32.0,0.0
1787968966.5,0.00,755.5,0,0.260,0.000,0.0000,0,False,False,P,False,57.0,13.75,109560,11.45710,95.29,0.857,10.07,74.0,32.0,0.0
1787968966.7,0.00,753.2,0,0.260,0.000,0.0000,0,False,False,P,False,57.0,13.75,109560,11.45710,95.29,0.857,10.07,74.0,32.0,0.0
1787968966.9,0.00,757.0,0,0.260,0.000,0.0000,0,False,False,P,False,57.0,13.77,109560,11.45710,95.29,0.836,10.07,74.0,32.0,0.0
1787968967.1,0.00,756.0,0,0.260,0.000,0.0000,0,False,False,P,False,57.0,13.76,109560,11.45710,95.29,0.857,10.07,74.0,32.0,0.0
1787968967.3,0.00,755.8,0,0.260,0.000,0.0000,0,False,False,P,False,57.0,13.76,109560,11.45710,95.29,0.836,10.07,74.0,32.0,0.0
1787968967.5,0.00,751.0,0,0.260,0.000,0.0000,0,False,False,P,False,57.0,13.76,109560,11.45710,95.29,0.836,10.07,74.0,32.0,0.0
1787968967.7,0.00,753.0,0,0.260,0.000,0.0000,0,False,False,P,False,57.0,13.76,109560,11.45710,95.29,0.836,10.07,74.0,32.0,0.0
1787968967.9,0.00,749.2,0,0.260,0.000,0.0000,0,False,False,P,False,57.0,13.76,109560,11.45710,95.29,0.849,10.07,75.0,32.0,0.0
1787968968.1,0.00,750.8,0,0.260,0.000,0.0000,0,False,False,P,False,57.0,13.76,109560,11.45710,95.29,0.828,10.07,75.0,32.0,0.0
1787968968.3,0.00,749.5,0,0.260,0.000,0.0000,0,False,False,P,False,57.0,13.76,109560,11.45710,95.29,0.828,10.07,75.0,32.0,0.0
1787968968.5,0.00,746.8,0,0.260,0.000,0.0000,0,False,False,P,False,57.0,13.76,109560,11.45710,95.29,0.836,10.07,75.0,32.0,0.0
1787968968.7,0.00,756.5,0,0.260,0.000,0.0000,0,False,False,P,False,57.0,13.76,109560,11.45710,95.29,1.762,10.07,75.0,37.0,0.0
1787968968.9,0.00,790.2,0,0.260,0.000,0.0000,0,False,False,P,False,57.0,13.76,109560,11.45710,95.29,1.172,10.06,75.0,39.0,0.0
1787968969.1,0.00,755.5,0,0.260,0.000,0.0000,0,False,False,P,False,57.0,13.76,109560,11.45710,95.29,1.358,10.06,75.0,40.0,0.0
1787968969.3,0.00,758.5,0,0.260,0.000,0.0000,0,False,False,P,False,57.0,13.76,109560,11.45710,95.29,1.159,10.06,75.0,41.0,0.0
1787968969.5,0.00,753.0,0,0.260,0.000,0.0000,0,False,False,P,False,57.0,13.76,109560,11.45710,95.29,1.201,10.06,75.0,42.0,0.0
1787968969.7,0.00,757.5,0,0.260,0.000,0.0000,0,False,False,P,False,57.0,13.76,109560,11.45710,95.29,1.244,10.06,75.0,43.0,0.0
1787968969.9,0.00,758.5,0,0.260,0.000,0.0000,0,False,False,P,False,57.0,13.40,109560,11.45710,95.29,1.201,10.06,75.0,43.0,0.0
1787968970.1,0.00,752.0,0,0.260,0.000,0.0000,0,False,False,P,False,57.0,13.40,109560,11.45710,95.29,1.201,10.06,75.0,43.0,0.0
1787968970.3,0.00,753.0,0,0.260,0.000,0.0000,0,False,False,P,False,57.0,13.40,109560,11.45710,95.29,1.189,10.06,75.0,43.0,0.0
1787968970.5,0.00,755.5,0,0.260,0.000,0.0000,0,False,False,P,False,57.0,13.40,109560,11.45710,95.29,1.201,10.06,75.0,44.0,0.0
1787968970.7,0.00,748.2,0,0.260,0.000,0.0000,0,False,False,P,False,57.0,13.40,109560,11.45710,95.29,1.227,10.06,75.0,44.0,0.0
1787968970.9,0.00,746.5,0,0.260,0.000,0.0000,0,False,False,P,False,57.0,13.40,109560,11.45710,95.29,1.214,10.06,75.0,44.0,0.0
1787968971.1,0.00,743.2,0,0.260,0.000,0.0000,0,False,False,P,False,57.0,13.40,109560,11.45710,95.29,1.214,10.06,75.0,44.0,0.0
1787968971.3,0.00,746.5,0,0.260,0.000,0.0000,0,False,False,P,False,57.0,13.40,109560,11.45710,95.29,1.256,10.06,75.0,44.0,0.0
1787968971.5,0.00,748.2,0,0.260,0.000,0.0000,0,False,False,P,False,57.0,13.40,109560,11.45710,95.29,1.244,10.06,75.0,45.0,0.0
1787968971.7,0.00,751.0,0,0.260,0.000,0.0000,0,False,False,P,False,57.0,13.40,109560,11.45710,95.29,1.244,10.06,75.0,45.0,0.0
1787968971.9,0.00,756.5,0,0.260,0.000,0.0000,0,False,False,P,False,57.0,13.40,109560,11.45710,95.29,1.227,10.06,75.0,45.0,0.0
1787968972.2,0.00,756.8,0,0.260,0.000,0.0000,0,False,False,P,False,57.0,13.40,109560,11.45710,95.29,1.201,10.05,75.0,45.0,0.0
1787968972.4,0.00,759.0,0,0.260,0.000,0.0000,0,False,False,P,False,57.0,13.40,109560,11.45710,95.29,1.214,10.05,75.0,44.0,0.0
1787968972.6,0.00,759.5,0,0.260,0.000,0.0000,0,False,False,P,False,57.0,13.40,109560,11.45710,95.29,1.189,10.05,75.0,44.0,0.0
1787968972.8,0.00,757.2,0,0.260,0.000,0.0000,0,False,False,P,False,57.0,13.40,109560,11.45710,95.29,1.172,10.05,75.0,44.0,0.0
1787968973.0,0.00,758.0,0,0.260,0.000,0.0000,0,False,False,P,False,57.0,13.77,109560,11.45710,95.29,1.201,10.05,75.0,44.0,0.0
1787968973.2,0.00,754.5,0,0.260,0.000,0.0000,0,False,False,P,False,57.0,13.77,109560,11.45710,95.29,1.172,10.05,75.0,43.0,0.0
1787968973.4,0.00,753.5,0,0.260,0.000,0.0000,0,False,False,P,False,57.0,13.77,109560,11.45710,95.29,1.214,10.05,75.0,43.0,0.0
1787968973.6,0.00,753.5,0,0.260,0.000,0.0000,0,False,False,P,False,57.0,13.77,109560,11.45710,95.29,1.201,10.05,75.0,43.0,0.0
1787968973.8,0.00,751.5,0,0.260,0.000,0.0000,0,False,False,P,False,57.0,13.77,109560,11.45710,95.29,1.189,10.05,75.0,43.0,0.0
1787968974.0,0.00,751.8,0,0.260,0.000,0.0000,0,False,False,P,False,57.0,13.77,109560,11.45710,95.29,1.189,10.05,75.0,43.0,0.0
1787968974.2,0.00,750.5,0,0.260,0.000,0.0000,0,False,False,P,False,57.0,13.77,109560,11.45710,95.29,1.189,10.05,75.0,43.0,0.0
1787968974.4,0.00,751.0,0,0.260,0.000,0.0000,0,False,False,P,False,57.0,13.77,109560,11.45710,95.29,1.201,10.05,75.0,43.0,0.0
1787968974.6,0.00,749.8,0,0.260,0.000,0.0000,0,False,False,P,False,57.0,13.77,109560,11.45710,95.29,1.159,10.05,75.0,43.0,0.0
1787968974.8,0.00,749.0,0,0.260,0.000,0.0000,0,False,False,P,False,57.0,13.77,109560,11.45710,95.29,1.172,10.05,75.0,43.0,0.0
1787968975.0,0.00,749.2,0,0.260,0.000,0.0000,0,False,False,P,False,57.0,13.77,109560,11.45710,95.29,1.146,10.05,75.0,43.0,0.0
1787968975.2,0.00,748.0,0,0.260,0.000,0.0000,0,False,False,P,False,57.0,13.77,109560,11.45710,95.29,1.189,10.05,75.0,43.0,0.0
1787968975.4,0.00,747.5,0,0.260,0.000,0.0000,0,False,False,P,False,57.0,13.77,109560,11.45710,95.29,1.201,10.05,75.0,43.0,0.0
1787968975.6,0.00,748.5,0,0.260,0.000,0.0000,0,False,False,P,False,57.0,13.77,109560,11.45710,95.29,1.189,10.04,75.0,43.0,0.0
1787968975.8,0.00,748.5,0,0.260,0.000,0.0000,0,False,False,P,False,57.0,13.77,109560,11.45710,95.29,1.172,10.04,75.0,43.0,0.0
1787968976.0,0.00,749.2,0,0.260,0.000,0.0000,0,False,False,P,False,57.0,13.77,109560,11.45710,95.29,1.189,10.04,75.0,43.0,0.0
1787968976.2,0.00,749.2,0,0.260,0.000,0.0000,0,False,False,P,False,57.0,13.77,109560,11.45710,95.29,1.189,10.04,75.0,43.0,0.0
1787968976.4,0.00,747.2,0,0.260,0.000,0.0000,0,False,False,P,False,57.0,13.77,109560,11.45710,95.29,1.189,10.04,75.0,43.0,0.0
1787968976.6,0.00,751.8,0,0.260,0.000,0.0000,0,False,False,P,False,57.0,13.77,109560,11.45710,95.29,1.201,10.04,75.0,43.0,0.0
1787968976.8,0.00,751.5,0,0.260,0.000,0.0000,0,False,False,P,False,57.0,13.77,109560,11.45710,95.29,1.201,10.04,75.0,43.0,0.0
1787968977.0,0.00,748.5,0,0.260,0.000,0.0000,0,False,False,P,False,57.0,13.77,109560,11.45710,95.29,1.189,10.04,75.0,43.0,0.0
1787968977.2,0.00,748.8,0,0.260,0.000,0.0000,0,False,False,P,False,57.0,13.77,109560,11.45710,95.29,1.214,10.04,75.0,43.0,0.0
1787968977.4,0.00,749.8,0,0.260,0.000,0.0000,0,False,False,P,False,57.0,13.77,109560,11.45710,95.29,1.189,10.04,75.0,43.0,0.0
1787968977.6,0.00,746.0,0,0.260,0.000,0.0000,0,False,False,P,False,57.0,13.77,109560,11.45710,95.29,1.189,10.04,75.0,43.0,0.0
1787968977.8,0.00,746.0,0,0.260,0.000,0.0000,0,False,False,P,False,57.0,13.77,109560,11.45710,95.29,1.201,10.04,75.0,43.0,0.0
1787968978.0,0.00,745.5,0,0.260,0.000,0.0000,0,False,False,P,False,57.0,13.77,109560,11.45710,95.29,1.159,10.04,75.0,43.0,0.0
1787968978.2,0.00,746.0,0,0.260,0.000,0.0000,0,False,False,P,False,57.0,13.77,109560,11.45710,95.29,1.159,10.04,75.0,43.0,0.0
1787968978.4,0.00,738.5,0,0.260,0.000,0.0000,0,False,False,P,False,57.0,13.77,109560,11.45710,95.29,1.159,10.04,75.0,43.0,0.0
1787968978.7,0.00,738.2,0,0.260,0.000,0.0000,0,False,False,P,False,57.0,13.77,109560,11.45710,95.29,1.172,10.04,75.0,43.0,0.0
1787968978.9,0.00,740.0,0,0.260,0.000,0.0000,0,False,False,P,False,57.0,13.77,109560,11.45710,95.29,1.146,10.04,75.0,43.0,0.0
1787968979.1,0.00,739.8,0,0.260,0.000,0.0000,0,False,False,P,False,57.0,13.76,109560,11.45710,95.29,1.172,10.03,75.0,43.0,0.0
1787968979.3,0.00,739.2,0,0.260,0.000,0.0000,0,False,False,P,False,57.0,13.76,109560,11.45710,95.29,1.146,10.03,75.0,43.0,0.0
1787968979.5,0.00,744.0,0,0.260,0.000,0.0000,0,False,False,P,False,57.0,13.76,109560,11.45710,95.29,1.172,10.03,75.0,43.0,0.0
1787968979.7,0.00,746.5,0,0.260,0.000,0.0000,0,False,False,P,False,57.0,13.76,109560,11.45710,95.29,1.146,10.03,75.0,43.0,0.0
1787968979.9,0.00,747.2,0,0.260,0.000,0.0000,0,False,False,P,False,57.0,13.76,109560,11.45710,95.29,1.172,10.03,75.0,43.0,0.0
1787968980.1,0.00,745.0,0,0.260,0.000,0.0000,0,False,False,P,False,57.0,13.76,109560,11.45710,95.29,1.189,10.03,75.0,43.0,0.0
1787968980.3,0.00,745.5,0,0.260,0.000,0.0000,0,False,False,P,False,57.0,13.76,109560,11.45710,95.29,1.159,10.03,75.0,43.0,0.0
1787968980.5,0.00,748.5,0,0.260,0.000,0.0000,0,False,False,P,False,57.0,13.76,109560,11.45710,95.29,1.159,10.03,75.0,43.0,0.0
1787968980.7,0.00,744.0,0,0.260,0.000,0.0000,0,False,False,P,False,57.0,13.76,109560,11.45710,95.29,1.159,10.03,76.0,43.0,0.0
1787968980.9,0.00,744.0,0,0.260,0.000,0.0000,0,False,False,P,False,57.0,13.76,109560,11.45710,95.29,1.146,10.03,76.0,43.0,0.0
1787968981.1,0.00,743.0,0,0.260,0.000,0.0000,0,False,False,P,False,57.0,13.76,109560,11.45710,95.29,1.133,10.03,76.0,43.0,0.0
1787968981.3,0.00,742.8,0,0.260,0.000,0.0000,0,False,False,P,False,57.0,13.76,109560,11.45710,95.29,1.159,10.03,76.0,43.0,0.0
1787968981.5,0.00,741.2,0,0.260,0.000,0.0000,0,False,False,P,False,57.0,13.76,109560,11.45710,95.29,1.159,10.03,76.0,43.0,0.0
1787968981.7,0.00,742.5,0,0.260,0.000,0.0000,0,False,False,P,False,57.0,13.76,109560,11.45710,95.29,1.172,10.03,76.0,43.0,0.0
1787968981.9,0.00,741.0,0,0.260,0.000,0.0000,0,False,False,P,False,57.0,13.76,109560,11.45710,95.29,1.172,10.03,76.0,43.0,0.0
1787968982.1,0.00,742.0,0,0.260,0.000,0.0000,0,False,False,P,False,57.0,13.76,109560,11.45710,95.29,1.189,10.03,76.0,43.0,0.0
1787968982.3,0.00,740.8,0,0.260,0.000,0.0000,0,False,False,P,False,57.0,13.76,109560,11.45710,95.29,1.146,10.03,76.0,43.0,0.0
1787968982.5,0.00,740.0,0,0.260,0.000,0.0000,0,False,False,P,False,57.0,13.76,109560,11.45710,95.29,1.159,10.02,76.0,43.0,0.0
1787968982.7,0.00,741.0,0,0.260,0.000,0.0000,0,False,False,P,False,57.0,13.76,109560,11.45710,95.29,1.159,10.02,76.0,43.0,0.0
1787968982.9,0.00,739.8,0,0.260,0.000,0.0000,0,False,False,P,False,57.0,13.76,109560,11.45710,95.29,1.146,10.02,76.0,43.0,0.0
1787968983.1,0.00,740.5,0,0.260,0.000,0.0000,0,False,False,P,False,57.0,13.76,109560,11.45710,95.29,1.189,10.02,76.0,43.0,0.0
1787968983.3,0.00,738.5,0,0.260,0.000,0.0000,0,False,False,P,False,57.0,13.76,109560,11.45710,95.29,1.159,10.02,76.0,43.0,0.0
1787968983.5,0.00,740.2,0,0.260,0.000,0.0000,0,False,False,P,False,57.0,13.76,109560,11.45710,95.29,1.159,10.02,76.0,43.0,0.0
1787968983.7,0.00,742.2,0,0.260,0.000,0.0000,0,False,False,P,False,57.0,13.76,109560,11.45710,95.29,1.159,10.02,76.0,43.0,0.0
1787968983.9,0.00,742.2,0,0.260,0.000,0.0000,0,False,False,P,False,57.0,13.76,109560,11.45710,95.29,1.159,10.02,76.0,43.0,0.0
1787968984.1,0.00,742.0,0,0.260,0.000,0.0000,0,False,False,P,False,57.0,13.76,109560,11.45710,95.29,1.159,10.02,76.0,43.0,0.0
1787968984.3,0.00,737.0,0,0.260,0.000,0.0000,0,False,False,P,False,57.0,13.76,109560,11.45710,95.29,1.214,10.02,76.0,43.0,0.0
1787968984.5,0.00,739.5,0,0.260,0.000,0.0000,0,False,False,P,False,57.0,13.76,109560,11.45710,95.29,1.159,10.02,76.0,43.0,0.0
1787968984.7,0.00,738.0,0,0.260,0.000,0.0000,0,False,False,P,False,57.0,13.76,109560,11.45710,95.29,1.133,10.02,76.0,43.0,0.0
1787968985.0,0.00,734.8,0,0.260,0.000,0.0000,0,False,False,P,False,57.0,13.76,109560,11.45710,95.29,1.146,10.02,76.0,43.0,0.0
1787968985.2,0.00,735.5,0,0.260,0.000,0.0000,0,False,False,P,False,57.0,13.76,109560,11.45710,95.29,1.146,10.02,76.0,43.0,0.0
1787968985.4,0.00,734.8,0,0.260,0.000,0.0000,0,False,False,P,False,57.0,13.74,109560,11.45710,95.29,1.159,10.02,76.0,43.0,0.0
1787968985.6,0.00,732.2,0,0.260,0.000,0.0000,0,False,False,P,False,57.0,13.74,109560,11.45710,95.29,1.159,10.02,76.0,43.0,0.0
1787968985.8,0.00,731.8,0,0.260,0.000,0.0000,0,False,False,P,False,57.0,13.74,109560,11.45710,95.29,1.133,10.02,76.0,43.0,0.0
1787968986.0,0.00,731.0,0,0.260,0.000,0.0000,0,False,False,P,False,57.0,13.74,109560,11.45710,95.29,1.159,10.02,76.0,43.0,0.0
1787968986.2,0.00,732.2,0,0.260,0.000,0.0000,0,False,False,P,False,57.0,13.74,109560,11.45710,95.29,1.159,10.01,76.0,43.0,0.0
1787968986.4,0.00,732.8,0,0.260,0.000,0.0000,0,False,False,P,False,57.0,13.74,109560,11.45710,95.29,1.146,10.01,76.0,43.0,0.0
1787968986.6,0.00,730.8,0,0.260,0.000,0.0000,0,False,False,P,False,57.0,13.74,109560,11.45710,95.29,1.133,10.01,76.0,43.0,0.0
1787968986.8,0.00,732.5,0,0.260,0.000,0.0000,0,False,False,P,False,57.0,13.74,109560,11.45710,95.29,1.159,10.01,76.0,43.0,0.0
1787968987.0,0.00,736.8,0,0.260,0.000,0.0000,0,False,False,P,False,57.0,13.74,109560,11.45710,95.29,1.159,10.01,76.0,43.0,0.0
1787968987.2,0.00,736.2,0,0.260,0.000,0.0000,0,False,False,P,False,57.0,13.74,109560,11.45710,95.29,1.159,10.01,76.0,43.0,0.0
1787968987.4,0.00,739.0,0,0.260,0.000,0.0000,0,False,False,P,False,57.0,13.74,109560,11.45710,95.29,1.146,10.01,76.0,43.0,0.0
1787968987.6,0.00,738.8,0,0.260,0.000,0.0000,0,False,False,P,False,57.0,13.74,109560,11.45710,95.29,1.159,10.01,76.0,43.0,0.0
1787968987.8,0.00,740.8,0,0.260,0.000,0.0000,0,False,False,P,False,57.0,13.74,109560,11.45710,95.29,1.146,10.01,76.0,43.0,0.0
1787968988.0,0.00,736.8,0,0.260,0.000,0.0000,0,False,False,P,False,57.0,13.74,109560,11.45710,95.29,1.146,10.01,76.0,43.0,0.0
1787968988.2,0.00,735.2,0,0.260,0.000,0.0000,0,False,False,P,False,57.0,13.74,109560,11.45710,95.29,1.133,10.01,76.0,43.0,0.0
1787968988.4,0.00,732.2,0,0.260,0.000,0.0000,0,False,False,P,False,57.0,13.75,109560,11.45710,95.29,1.172,10.01,76.0,43.0,0.0
1787968988.6,0.00,731.8,0,0.260,0.000,0.0000,0,False,False,P,False,57.0,13.75,109560,11.45710,95.29,1.172,10.01,76.0,43.0,0.0
1787968988.8,0.00,729.0,0,0.260,0.000,0.0000,0,False,False,P,False,57.0,13.75,109560,11.45710,95.29,1.172,10.01,76.0,43.0,0.0
1787968989.0,0.00,730.8,0,0.260,0.000,0.0000,0,False,False,P,False,57.0,13.75,109560,11.45710,95.29,1.159,10.01,76.0,43.0,0.0
1787968989.2,0.00,730.2,0,0.260,0.000,0.0000,0,False,False,P,False,57.0,13.75,109560,11.45710,95.29,1.159,10.01,76.0,43.0,0.0
1787968989.4,0.00,727.2,0,0.260,0.000,0.0000,0,False,False,P,False,57.0,13.75,109560,11.45710,95.29,1.159,10.01,76.0,43.0,0.0
1787968989.6,0.00,730.2,0,0.260,0.000,0.0000,0,False,False,P,False,57.0,13.75,109560,11.45710,95.29,1.159,10.01,76.0,43.0,0.0
1787968989.8,0.00,730.8,0,0.260,0.000,0.0000,0,False,False,P,False,57.0,13.75,109560,11.45710,95.29,1.133,10.00,76.0,43.0,0.0
1787968990.0,0.00,732.5,0,0.260,0.000,0.0000,0,False,False,P,False,57.0,13.77,109560,11.45710,95.29,1.133,10.00,76.0,43.0,0.0
1787968990.2,0.00,734.8,0,0.260,0.000,0.0000,0,False,False,P,False,57.0,13.77,109560,11.45710,95.29,1.133,10.00,76.0,43.0,0.0
1787968990.4,0.00,726.5,0,0.260,0.000,0.0000,0,False,False,P,False,57.0,13.77,109560,11.45710,95.29,0.879,10.00,76.0,41.0,0.0
1787968990.6,0.00,763.8,0,0.260,0.000,0.0000,0,False,False,P,False,57.0,13.77,109560,11.45710,95.29,0.891,10.00,76.0,39.0,0.0
1787968990.8,0.00,776.5,0,0.260,0.000,0.0000,0,False,False,P,False,57.0,13.77,109560,11.45710,95.29,0.857,10.00,76.0,39.0,0.0
1787968991.0,0.00,769.8,0,0.260,0.000,0.0000,0,False,False,P,False,57.0,13.85,109560,11.45710,95.29,0.849,10.00,76.0,36.0,0.0
1787968991.3,0.00,754.2,0,0.260,0.000,0.0000,0,False,False,P,False,57.0,13.85,109560,11.45710,95.29,0.794,10.00,76.0,35.0,0.0
1787968991.5,0.00,758.5,0,0.260,0.000,0.0000,0,False,False,P,False,57.0,13.84,109560,11.45710,95.29,0.794,10.00,76.0,34.0,0.0
1787968991.7,0.00,748.2,0,0.260,0.000,0.0000,0,False,False,P,False,57.0,13.84,109560,11.45710,95.29,0.807,10.00,76.0,33.0,0.0
1787968991.9,0.00,743.5,0,0.260,0.000,0.0000,0,False,False,P,False,57.0,13.84,109560,11.45710,95.29,0.836,10.00,76.0,33.0,0.0
1787968992.1,0.00,741.8,0,0.260,0.000,0.0000,0,False,False,P,False,57.0,13.84,109560,11.45710,95.29,0.815,10.00,76.0,32.0,0.0
1787968992.3,0.00,741.0,0,0.260,0.000,0.0000,0,False,False,P,False,57.0,13.84,109560,11.45710,95.29,0.828,10.00,76.0,32.0,0.0
1787968992.5,0.00,741.2,0,0.260,0.000,0.0000,0,False,False,P,False,57.0,13.84,109560,11.45710,95.29,0.836,10.00,76.0,32.0,0.0
1787968992.7,0.00,743.0,0,0.260,0.000,0.0000,0,False,False,P,False,57.0,13.84,109560,11.45710,95.29,0.836,10.00,76.0,32.0,0.0
1787968992.9,0.00,742.2,0,0.260,0.000,0.0000,0,False,False,P,False,57.0,13.84,109560,11.45710,95.29,0.849,10.00,76.0,32.0,0.0
1787968993.1,0.00,741.0,0,0.260,0.000,0.0000,0,False,False,P,False,57.0,13.84,109560,11.45710,95.29,0.836,10.00,76.0,32.0,0.0
1787968993.3,0.00,741.8,0,0.260,0.000,0.0000,0,False,False,P,False,57.0,13.84,109560,11.45710,95.29,0.836,10.00,76.0,32.0,0.0
1787968993.5,0.00,740.2,0,0.260,0.000,0.0000,0,False,False,P,False,57.0,13.84,109560,11.45710,95.29,0.794,10.00,77.0,32.0,0.0
1787968993.7,0.00,740.0,0,0.260,0.000,0.0000,0,False,False,P,False,57.0,13.84,109560,11.45710,95.29,0.815,10.00,76.0,32.0,0.0
1787968993.9,0.00,740.0,0,0.260,0.000,0.0000,0,False,False,P,False,57.0,13.84,109560,11.45710,95.29,0.815,10.00,77.0,32.0,0.0
1787968994.1,0.00,739.0,0,0.260,0.000,0.0000,0,False,False,P,False,57.0,13.84,109560,11.45710,95.29,0.815,10.00,77.0,32.0,0.0
1787968994.3,0.00,737.0,0,0.260,0.000,0.0000,0,False,False,P,False,57.0,13.84,109560,11.45710,95.29,0.815,10.00,77.0,32.0,0.0
1787968994.5,0.00,735.2,0,0.260,0.000,0.0000,0,False,False,P,False,57.0,13.84,109560,11.45710,95.29,0.807,9.99,77.0,32.0,0.0
1787968994.7,0.00,735.8,0,0.260,0.000,0.0000,0,False,False,P,False,57.0,13.76,109560,11.45710,95.29,0.828,9.99,77.0,32.0,0.0
1787968994.9,0.00,731.8,0,0.260,0.000,0.0000,0,False,False,P,False,57.0,13.76,109560,11.45710,95.29,0.815,9.99,77.0,32.0,0.0
1787968995.1,0.00,735.0,0,0.260,0.000,0.0000,0,False,False,P,False,57.0,13.76,109560,11.45710,95.29,0.815,9.99,77.0,32.0,0.0
1787968995.3,0.00,733.8,0,0.260,0.000,0.0000,0,False,False,P,False,57.0,13.76,109560,11.45710,95.29,0.807,9.99,77.0,32.0,0.0
1787968995.5,0.00,729.5,0,0.260,0.000,0.0000,0,False,False,P,False,57.0,13.76,109560,11.45710,95.29,0.807,9.99,77.0,32.0,0.0
1787968995.7,0.00,732.2,0,0.260,0.000,0.0000,0,False,False,P,False,57.0,13.76,109560,11.45710,95.29,0.815,9.99,77.0,32.0,0.0
1787968995.9,0.00,729.8,0,0.260,0.000,0.0000,0,False,False,P,False,57.0,13.76,109560,11.45710,95.29,0.815,9.99,77.0,32.0,0.0
1787968996.1,0.00,728.2,0,0.260,0.000,0.0000,0,False,False,P,False,57.0,13.76,109560,11.45710,95.29,0.815,9.99,77.0,32.0,0.0
1787968996.3,0.00,728.5,0,0.260,0.000,0.0000,0,False,False,P,False,57.0,13.76,109560,11.45710,95.29,0.849,9.99,77.0,32.0,0.0
1787968996.5,0.00,734.2,0,0.260,0.000,0.0000,0,False,False,P,False,57.0,13.76,109560,11.45710,95.29,0.807,9.99,77.0,32.0,0.0
1787968996.7,0.00,732.5,0,0.260,0.000,0.0000,0,False,False,P,False,57.0,13.76,109560,11.45710,95.29,0.794,9.99,77.0,32.0,0.0
1787968996.9,0.00,736.0,0,0.260,0.000,0.0000,0,False,False,P,False,57.0,13.76,109560,11.45710,95.29,0.794,9.99,77.0,32.0,0.0
1787968997.2,0.00,736.8,0,0.260,0.000,0.0000,0,False,False,P,False,57.0,13.76,109560,11.45710,95.29,0.807,9.99,77.0,32.0,0.0
1787968997.4,0.00,738.8,0,0.260,0.000,0.0000,0,False,False,P,False,57.0,13.76,109560,11.45710,95.29,0.807,9.99,77.0,32.0,0.0
1787968997.6,0.00,738.0,0,0.260,0.000,0.0000,0,False,False,P,False,57.0,13.76,109560,11.45710,95.29,0.807,9.99,77.0,32.0,0.0
1787968997.8,0.00,732.2,0,0.260,0.000,0.0000,0,False,False,P,False,57.0,13.78,109560,11.45710,95.29,0.785,9.99,77.0,32.0,0.0
1787968998.0,0.00,731.2,0,0.260,0.000,0.0000,0,False,False,P,False,57.0,13.78,109560,11.45710,95.29,0.836,9.99,77.0,32.0,0.0
1787968998.2,0.00,732.0,0,0.260,0.000,0.0000,0,False,False,P,False,57.0,13.78,109560,11.45710,95.29,0.836,9.99,77.0,32.0,0.0
1787968998.4,0.00,730.0,0,0.260,0.000,0.0000,0,False,False,P,False,57.0,13.78,109560,11.45710,95.29,0.836,9.99,77.0,32.0,0.0
1787968998.6,0.00,727.2,0,0.260,0.000,0.0000,0,False,False,P,False,57.0,13.78,109560,11.45710,95.29,0.785,9.99,77.0,32.0,0.0
1787968998.8,0.00,729.0,0,0.260,0.000,0.0000,0,False,False,P,False,57.0,13.78,109560,11.45710,95.29,0.807,9.99,77.0,32.0,0.0
1787968999.0,0.00,728.2,0,0.260,0.000,0.0000,0,False,False,P,False,57.0,13.78,109560,11.45710,95.29,0.807,9.99,77.0,32.0,0.0
1787968999.2,0.00,729.8,0,0.260,0.000,0.0000,0,False,False,P,False,57.0,13.78,109560,11.45710,95.29,0.794,9.99,77.0,32.0,0.0
1787968999.4,0.00,724.0,0,0.260,0.000,0.0000,0,False,False,P,False,57.0,13.78,109560,11.45710,95.29,0.794,9.99,77.0,32.0,0.0
1787968999.6,0.00,722.2,0,0.260,0.000,0.0000,0,False,False,P,False,57.0,13.78,109560,11.45710,95.29,0.807,9.98,77.0,32.0,0.0
1787968999.8,0.00,724.5,0,0.260,0.000,0.0000,0,False,False,P,False,57.0,13.78,109560,11.45710,95.29,0.777,9.98,77.0,32.0,0.0
1787969000.0,0.00,725.0,0,0.260,0.000,0.0000,0,False,False,P,False,57.0,13.78,109560,11.45710,95.29,0.794,9.98,77.0,32.0,0.0
1787969000.2,0.00,725.2,0,0.260,0.000,0.0000,0,False,False,P,False,57.0,13.78,109560,11.45710,95.29,0.764,9.98,77.0,32.0,0.0
1787969000.4,0.00,725.0,0,0.260,0.000,0.0000,0,False,False,P,False,57.0,13.78,109560,11.45710,95.29,0.807,9.98,77.0,32.0,0.0
1787969000.6,0.00,730.8,0,0.260,0.000,0.0000,0,False,False,P,False,57.0,13.78,109560,11.45710,95.29,0.807,9.98,77.0,32.0,0.0
1787969000.8,0.00,730.2,0,0.260,0.000,0.0000,0,False,False,P,False,57.0,13.77,109560,11.45710,95.29,1.783,9.98,77.0,34.0,0.0
1787969001.0,0.00,774.8,0,0.260,0.000,0.0000,0,False,False,P,False,57.0,13.77,109560,11.45710,95.29,1.227,9.98,77.0,38.0,0.0
1787969001.2,0.00,752.2,0,0.260,0.000,0.0000,0,False,False,P,False,57.0,13.77,109560,11.45710,95.29,1.121,9.98,77.0,38.0,0.0
1787969001.4,0.00,737.2,0,0.260,0.000,0.0000,0,False,False,P,False,57.0,13.77,109560,11.45710,95.29,1.418,9.98,77.0,41.0,0.0
1787969001.6,0.00,744.0,0,0.260,0.000,0.0000,0,False,False,P,False,57.0,13.77,109560,11.45710,95.29,1.172,9.98,77.0,41.0,0.0
1787969001.8,0.00,736.5,0,0.260,0.000,0.0000,0,False,False,P,False,57.0,13.77,109560,11.45710,95.29,1.159,9.98,77.0,42.0,0.0
1787969002.0,0.00,738.5,0,0.260,0.000,0.0000,0,False,False,P,False,57.0,13.77,109560,11.45710,95.29,1.201,9.98,77.0,43.0,0.0
1787969002.2,0.00,738.5,0,0.260,0.000,0.0000,0,False,False,P,False,57.0,13.77,109560,11.45710,95.29,1.201,9.98,77.0,43.0,0.0
1787969002.4,0.00,739.0,0,0.260,0.000,0.0000,0,False,False,P,False,57.0,13.77,109560,11.45710,95.29,1.133,9.98,77.0,43.0,0.0
1787969002.6,0.00,734.8,0,0.260,0.000,0.0000,0,False,False,P,False,57.0,13.77,109560,11.45710,95.29,1.172,9.98,77.0,43.0,0.0
1787969002.8,0.00,729.8,0,0.260,0.000,0.0000,0,False,False,P,False,57.0,13.77,109560,11.45710,95.29,1.201,9.98,77.0,43.0,0.0
1787969003.0,0.00,726.5,0,0.260,0.000,0.0000,0,False,False,P,False,57.0,13.77,109560,11.45710,95.29,1.201,9.98,77.0,43.0,0.0
1787969003.3,0.00,726.2,0,0.260,0.000,0.0000,0,False,False,P,False,57.0,13.77,109560,11.45710,95.29,1.214,9.97,77.0,44.0,0.0
1787969003.5,0.00,726.8,0,0.260,0.000,0.0000,0,False,False,P,False,57.0,13.77,109560,11.45710,95.29,1.201,9.97,77.0,44.0,0.0
1787969003.7,0.00,728.2,0,0.260,0.000,0.0000,0,False,False,P,False,57.0,13.77,109560,11.45710,95.29,1.201,9.97,77.0,44.0,0.0
1787969003.9,0.00,727.8,0,0.260,0.000,0.0000,0,False,False,P,False,57.0,13.70,109560,11.45710,95.29,1.201,9.97,77.0,45.0,0.0
1787969004.1,0.00,729.2,0,0.260,0.000,0.0000,0,False,False,P,False,57.0,13.70,109560,11.45710,95.29,1.227,9.97,77.0,45.0,0.0
1787969004.3,0.00,734.2,0,0.260,0.000,0.0000,0,False,False,P,False,57.0,13.70,109560,11.45710,95.29,1.201,9.97,77.0,45.0,0.0
1787969004.5,0.00,739.8,0,0.260,0.000,0.0000,0,False,False,P,False,57.0,13.70,109560,11.45710,95.29,1.133,9.97,77.0,45.0,0.0
1787969004.7,0.00,739.5,0,0.260,0.000,0.0000,0,False,False,P,False,57.0,13.70,109560,11.45710,95.29,1.172,9.97,77.0,44.0,0.0
1787969004.9,0.00,736.8,0,0.260,0.000,0.0000,0,False,False,P,False,57.0,13.70,109560,11.45710,95.29,1.133,9.97,78.0,44.0,0.0
1787969005.1,0.00,735.8,0,0.260,0.000,0.0000,0,False,False,P,False,57.0,13.70,109560,11.45710,95.29,1.146,9.97,78.0,44.0,0.0
1787969005.3,0.00,734.5,0,0.260,0.000,0.0000,0,False,False,P,False,57.0,13.70,109560,11.45710,95.29,1.159,9.97,78.0,44.0,0.0
1787969005.5,0.00,727.8,0,0.260,0.000,0.0000,0,False,False,P,False,57.0,13.70,109560,11.45710,95.29,1.133,9.97,78.0,43.0,0.0
1787969005.7,0.00,726.5,0,0.260,0.000,0.0000,0,False,False,P,False,57.0,13.70,109560,11.45710,95.29,1.133,9.97,78.0,43.0,0.0
1787969005.9,0.00,726.0,0,0.260,0.000,0.0000,0,False,False,P,False,57.0,13.70,109560,11.45710,95.29,1.159,9.97,78.0,43.0,0.0
1787969006.1,0.00,724.0,0,0.260,0.000,0.0000,0,False,False,P,False,57.0,13.70,109560,11.45710,95.29,1.172,9.97,78.0,43.0,0.0
1787969006.3,0.00,722.2,0,0.260,0.000,0.0000,0,False,False,P,False,57.0,13.70,109560,11.45710,95.29,1.159,9.97,78.0,43.0,0.0
1787969006.5,0.00,723.2,0,0.260,0.000,0.0000,0,False,False,P,False,57.0,13.70,109560,11.45710,95.29,1.146,9.97,78.0,43.0,0.0
1787969006.7,0.00,725.0,0,0.260,0.000,0.0000,0,False,False,P,False,57.0,13.70,109560,11.45710,95.29,1.146,9.97,78.0,43.0,0.0
1787969006.9,0.00,723.5,0,0.260,0.000,0.0000,0,False,False,P,False,57.0,13.70,109560,11.45710,95.29,1.146,9.96,78.0,43.0,0.0
1787969007.1,0.00,730.5,0,0.260,0.000,0.0000,0,False,False,P,False,57.0,13.78,109560,11.45710,95.29,1.189,9.96,78.0,43.0,0.0
1787969007.3,0.00,729.0,0,0.260,0.000,0.0000,0,False,False,P,False,57.0,13.78,109560,11.45710,95.29,1.159,9.96,78.0,43.0,0.0
1787969007.5,0.00,726.0,0,0.260,0.000,0.0000,0,False,False,P,False,57.0,13.78,109560,11.45710,95.29,1.146,9.96,78.0,43.0,0.0
1787969007.7,0.00,726.8,0,0.260,0.000,0.0000,0,False,False,P,False,57.0,13.78,109560,11.45710,95.29,1.133,9.96,78.0,43.0,0.0
1787969007.9,0.00,721.5,0,0.260,0.000,0.0000,0,False,False,P,False,57.0,13.78,109560,11.45710,95.29,1.121,9.96,78.0,43.0,0.0
1787969008.1,0.00,721.5,0,0.260,0.000,0.0000,0,False,False,P,False,57.0,13.78,109560,11.45710,95.29,1.121,9.96,78.0,43.0,0.0
1787969008.3,0.00,719.5,0,0.260,0.000,0.0000,0,False,False,P,False,57.0,13.78,109560,11.45710,95.29,1.133,9.96,78.0,43.0,0.0
1787969008.6,0.00,719.5,0,0.260,0.000,0.0000,0,False,False,P,False,57.0,13.78,109560,11.45710,95.29,1.146,9.96,78.0,43.0,0.0
1787969008.8,0.00,721.0,0,0.260,0.000,0.0000,0,False,False,P,False,57.0,13.78,109560,11.45710,95.29,1.146,9.96,78.0,43.0,0.0
1787969009.0,0.00,722.0,0,0.260,0.000,0.0000,0,False,False,P,False,57.0,13.78,109560,11.45710,95.29,1.133,9.96,78.0,43.0,0.0
1787969009.2,0.00,724.8,0,0.260,0.000,0.0000,0,False,False,P,False,57.0,13.78,109560,11.45710,95.29,1.133,9.96,78.0,43.0,0.0
1787969009.4,0.00,726.0,0,0.260,0.000,0.0000,0,False,False,P,False,57.0,13.78,109560,11.45710,95.29,1.133,9.96,78.0,43.0,0.0
1787969009.6,0.00,725.8,0,0.260,0.000,0.0000,0,False,False,P,False,57.0,13.78,109560,11.45710,95.29,1.146,9.96,78.0,43.0,0.0
1787969009.8,0.00,727.0,0,0.260,0.000,0.0000,0,False,False,P,False,57.0,13.78,109560,11.45710,95.29,1.146,9.96,78.0,43.0,0.0
1787969010.0,0.00,725.5,0,0.260,0.000,0.0000,0,False,False,P,False,57.0,13.76,109560,11.45710,95.29,1.146,9.96,78.0,43.0,0.0
1787969010.2,0.00,724.0,0,0.260,0.000,0.0000,0,False,False,P,False,57.0,13.76,109560,11.45710,95.29,1.159,9.96,78.0,43.0,0.0
1787969010.4,0.00,724.8,0,0.260,0.000,0.0000,0,False,False,P,False,57.0,13.76,109560,11.45710,95.29,1.133,9.96,78.0,43.0,0.0
1787969010.6,0.00,724.5,0,0.260,0.000,0.0000,0,False,False,P,False,57.0,13.76,109560,11.45710,95.29,1.133,9.95,78.0,43.0,0.0
1787969010.8,0.00,724.2,0,0.260,0.000,0.0000,0,False,False,P,False,57.0,13.76,109560,11.45710,95.29,1.121,9.95,78.0,43.0,0.0
1787969011.0,0.00,724.0,0,0.260,0.000,0.0000,0,False,False,P,False,57.0,13.76,109560,11.45710,95.29,1.146,9.95,78.0,43.0,0.0
1787969011.2,0.00,723.0,0,0.260,0.000,0.0000,0,False,False,P,False,57.0,13.76,109560,11.45710,95.29,1.133,9.95,78.0,43.0,0.0
1787969011.4,0.00,722.2,0,0.260,0.000,0.0000,0,False,False,P,False,57.0,13.76,109560,11.45710,95.29,1.121,9.95,78.0,43.0,0.0
1787969011.6,0.00,720.2,0,0.260,0.000,0.0000,0,False,False,P,False,57.0,13.76,109560,11.45710,95.29,1.133,9.95,78.0,43.0,0.0
1787969011.8,0.00,721.5,0,0.260,0.000,0.0000,0,False,False,P,False,57.0,13.76,109560,11.45710,95.29,1.104,9.95,78.0,43.0,0.0
1787969012.0,0.00,720.0,0,0.260,0.000,0.0000,0,False,False,P,False,57.0,13.76,109560,11.45710,95.29,1.159,9.95,78.0,43.0,0.0
1787969012.2,0.00,720.8,0,0.260,0.000,0.0000,0,False,False,P,False,57.0,13.76,109560,11.45710,95.29,1.146,9.95,78.0,43.0,0.0
1787969012.4,0.00,722.5,0,0.260,0.000,0.0000,0,False,False,P,False,57.0,13.76,109560,11.45710,95.29,1.146,9.95,78.0,43.0,0.0
1787969012.6,0.00,720.2,0,0.260,0.000,0.0000,0,False,False,P,False,57.0,13.76,109560,11.45710,95.29,1.159,9.95,78.0,43.0,0.0
1787969012.8,0.00,723.0,0,0.260,0.000,0.0000,0,False,False,P,False,57.0,13.76,109560,11.45710,95.29,1.133,9.95,78.0,43.0,0.0
1787969013.0,0.00,725.8,0,0.260,0.000,0.0000,0,False,False,P,False,57.0,13.76,109560,11.45710,95.29,1.146,9.95,78.0,43.0,0.0
1787969013.2,0.00,726.5,0,0.260,0.000,0.0000,0,False,False,P,False,57.0,13.78,109560,11.45710,95.29,1.121,9.95,78.0,43.0,0.0
1787969013.4,0.00,720.5,0,0.260,0.000,0.0000,0,False,False,P,False,57.0,13.78,109560,11.45710,95.29,1.121,9.95,78.0,43.0,0.0
1787969013.6,0.00,719.5,0,0.260,0.000,0.0000,0,False,False,P,False,57.0,13.78,109560,11.45710,95.29,1.146,9.95,78.0,43.0,0.0
1787969013.8,0.00,718.8,0,0.260,0.000,0.0000,0,False,False,P,False,57.0,13.78,109560,11.45710,95.29,1.133,9.95,78.0,43.0,0.0
1787969014.0,0.00,720.0,0,0.260,0.000,0.0000,0,False,False,P,False,57.0,13.78,109560,11.45710,95.29,1.133,9.95,78.0,43.0,0.0
1787969014.2,0.00,719.2,0,0.260,0.000,0.0000,0,False,False,P,False,57.0,13.78,109560,11.45710,95.29,1.146,9.94,78.0,43.0,0.0
1787969014.5,0.00,720.8,0,0.260,0.000,0.0000,0,False,False,P,False,57.0,13.78,109560,11.45710,95.29,1.146,9.94,78.0,43.0,0.0
1787969014.7,0.00,718.8,0,0.260,0.000,0.0000,0,False,False,P,False,57.0,13.78,109560,11.45710,95.29,1.121,9.94,78.0,43.0,0.0
1787969014.9,0.00,714.8,0,0.260,0.000,0.0000,0,False,False,P,False,57.0,13.78,109560,11.45710,95.29,1.159,9.94,78.0,43.0,0.0
1787969015.1,0.00,717.8,0,0.260,0.000,0.0000,0,False,False,P,False,57.0,13.78,109560,11.45710,95.29,1.146,9.94,78.0,43.0,0.0
1787969015.3,0.00,718.0,0,0.260,0.000,0.0000,0,False,False,P,False,57.0,13.78,109560,11.45710,95.29,1.133,9.94,78.0,43.0,0.0
1787969015.5,0.00,721.0,0,0.260,0.000,0.0000,0,False,False,P,False,57.0,13.78,109560,11.45710,95.29,1.121,9.94,78.0,43.0,0.0
1787969015.7,0.00,722.0,0,0.260,0.000,0.0000,0,False,False,P,False,57.0,13.78,109560,11.45710,95.29,1.133,9.94,78.0,43.0,0.0
1787969015.9,0.00,722.5,0,0.260,0.000,0.0000,0,False,False,P,False,57.0,13.78,109560,11.45710,95.29,1.104,9.94,78.0,43.0,0.0
1787969016.1,0.00,721.8,0,0.260,0.000,0.0000,0,False,False,P,False,57.0,13.78,109560,11.45710,95.29,1.146,9.94,78.0,43.0,0.0
1787969016.3,0.00,718.8,0,0.260,0.000,0.0000,0,False,False,P,False,57.0,13.77,109560,11.45710,95.29,1.104,9.94,78.0,43.0,0.0
1787969016.5,0.00,717.2,0,0.260,0.000,0.0000,0,False,False,P,False,57.0,13.77,109560,11.45710,95.29,1.121,9.94,78.0,43.0,0.0
1787969016.7,0.00,716.2,0,0.260,0.000,0.0000,0,False,False,P,False,57.0,13.77,109560,11.45710,95.29,1.121,9.94,78.0,43.0,0.0
1787969016.9,0.00,715.2,0,0.260,0.000,0.0000,0,False,False,P,False,57.0,13.77,109560,11.45710,95.29,1.133,9.94,79.0,43.0,0.0
1787969017.1,0.00,711.2,0,0.260,0.000,0.0000,0,False,False,P,False,57.0,13.76,109560,11.45710,95.29,1.121,9.94,79.0,43.0,0.0
1787969017.3,0.00,712.5,0,0.260,0.000,0.0000,0,False,False,P,False,57.0,13.76,109560,11.45710,95.29,1.091,9.94,79.0,43.0,0.0
1787969017.5,0.00,711.8,0,0.260,0.000,0.0000,0,False,False,P,False,57.0,13.76,109560,11.45710,95.29,1.091,9.94,79.0,43.0,0.0
1787969017.7,0.00,710.0,0,0.260,0.000,0.0000,0,False,False,P,False,57.0,13.76,109560,11.45710,95.29,1.146,9.94,79.0,43.0,0.0
1787969017.9,0.00,714.5,0,0.260,0.000,0.0000,0,False,False,P,False,57.0,13.76,109560,11.45710,95.29,1.121,9.93,79.0,43.0,0.0
1787969018.1,0.00,714.2,0,0.260,0.000,0.0000,0,False,False,P,False,57.0,13.76,109560,11.45710,95.29,1.104,9.93,79.0,43.0,0.0
1787969018.3,0.00,715.5,0,0.260,0.000,0.0000,0,False,False,P,False,57.0,13.76,109560,11.45710,95.29,1.121,9.93,79.0,43.0,0.0
1787969018.5,0.00,718.0,0,0.260,0.000,0.0000,0,False,False,P,False,57.0,13.76,109560,11.45710,95.29,1.121,9.93,79.0,43.0,0.0
1787969018.7,0.00,717.5,0,0.260,0.000,0.0000,0,False,False,P,False,57.0,13.76,109560,11.45710,95.29,1.104,9.93,79.0,43.0,0.0
1787969018.9,0.00,716.5,0,0.260,0.000,0.0000,0,False,False,P,False,57.0,13.76,109560,11.45710,95.29,1.121,9.93,79.0,43.0,0.0
1787969019.1,0.00,715.2,0,0.260,0.000,0.0000,0,False,False,P,False,57.0,13.76,109560,11.45710,95.29,1.121,9.93,79.0,43.0,0.0
1787969019.3,0.00,714.2,0,0.260,0.000,0.0000,0,False,False,P,False,57.0,13.77,109560,11.45710,95.29,0.870,9.93,79.0,42.0,0.0
1787969019.5,0.00,716.0,0,0.260,0.000,0.0000,0,False,False,P,False,57.0,13.77,109560,11.45710,95.29,0.857,9.93,79.0,40.0,0.0
1787969019.7,0.00,755.8,0,0.260,0.000,0.0000,0,False,False,P,False,57.0,13.77,109560,11.45710,95.29,0.870,9.93,79.0,39.0,0.0
1787969019.9,0.00,756.5,0,0.260,0.000,0.0000,0,False,False,P,False,57.0,13.77,109560,11.45710,95.29,0.836,9.93,79.0,39.0,0.0
1787969020.1,0.00,752.8,0,0.260,0.000,0.0000,0,False,False,P,False,57.0,13.77,109560,11.45710,95.29,0.807,9.93,79.0,36.0,0.0
1787969020.3,0.00,749.2,0,0.260,0.000,0.0000,0,False,False,P,False,57.0,13.77,109560,11.45710,95.29,0.785,9.93,79.0,34.0,0.0
1787969020.5,0.00,739.8,0,0.260,0.000,0.0000,0,False,False,P,False,57.0,13.77,109560,11.45710,95.29,0.785,9.93,79.0,33.0,0.0
1787969020.8,0.00,730.8,0,0.260,0.000,0.0000,0,False,False,P,False,57.0,13.77,109560,11.45710,95.29,0.794,9.93,79.0,32.0,0.0
1787969021.0,0.00,727.0,0,0.260,0.000,0.0000,0,False,False,P,False,57.0,13.77,109560,11.45710,95.29,0.807,9.93,79.0,32.0,0.0
1787969021.2,0.00,721.5,0,0.260,0.000,0.0000,0,False,False,P,False,57.0,13.77,109560,11.45710,95.29,0.807,9.93,79.0,32.0,0.0
1787969021.4,0.00,720.2,0,0.260,0.000,0.0000,0,False,False,P,False,57.0,13.77,109560,11.45710,95.29,0.807,9.93,79.0,32.0,0.0
1787969021.6,0.00,718.5,0,0.260,0.000,0.0000,0,False,False,P,False,57.0,13.77,109560,11.45710,95.29,0.764,9.93,79.0,32.0,0.0
1787969021.8,0.00,715.0,0,0.260,0.000,0.0000,0,False,False,P,False,57.0,13.77,109560,11.45710,95.29,0.807,9.93,79.0,32.0,0.0
1787969022.0,0.00,718.5,0,0.260,0.000,0.0000,0,False,False,P,False,57.0,13.77,109560,11.45710,95.29,0.828,9.93,79.0,32.0,0.0
1787969022.2,0.00,717.0,0,0.260,0.000,0.0000,0,False,False,P,False,57.0,13.77,109560,11.45710,95.29,0.764,9.93,79.0,32.0,0.0
1787969022.4,0.00,720.5,0,0.260,0.000,0.0000,0,False,False,P,False,57.0,13.77,109560,11.45710,95.29,0.807,9.93,79.0,32.0,0.0
1787969022.6,0.00,717.2,0,0.260,0.000,0.0000,0,False,False,P,False,57.0,13.80,109560,11.45710,95.29,0.815,9.92,79.0,32.0,0.0
1787969022.8,0.00,724.0,0,0.260,0.000,0.0000,0,False,False,P,False,57.0,13.80,109560,11.45710,95.29,0.794,9.92,79.0,32.0,0.0
1787969023.0,0.00,724.8,0,0.260,0.000,0.0000,0,False,False,P,False,57.0,13.80,109560,11.45710,95.29,0.807,9.92,79.0,32.0,0.0
1787969023.2,0.00,723.5,0,0.260,0.000,0.0000,0,False,False,P,False,57.0,13.80,109560,11.45710,95.29,0.807,9.92,79.0,32.0,0.0
1787969023.4,0.00,717.2,0,0.260,0.000,0.0000,0,False,False,P,False,57.0,13.80,109560,11.45710,95.29,0.794,9.92,79.0,32.0,0.0
1787969023.6,0.00,722.2,0,0.260,0.000,0.0000,0,False,False,P,False,57.0,13.80,109560,11.45710,95.29,0.815,9.92,79.0,32.0,0.0
1787969023.8,0.00,715.8,0,0.260,0.000,0.0000,0,False,False,P,False,57.0,13.80,109560,11.45710,95.29,0.807,9.92,79.0,32.0,0.0
1787969024.0,0.00,719.8,0,0.260,0.000,0.0000,0,False,False,P,False,57.0,13.80,109560,11.45710,95.29,0.815,9.92,79.0,32.0,0.0
1787969024.2,0.00,720.0,0,0.260,0.000,0.0000,0,False,False,P,False,57.0,13.80,109560,11.45710,95.29,0.794,9.92,79.0,32.0,0.0
1787969024.4,0.00,723.0,0,0.260,0.000,0.0000,0,False,False,P,False,57.0,13.80,109560,11.45710,95.29,0.777,9.92,79.0,32.0,0.0
1787969024.6,0.00,714.0,0,0.260,0.000,0.0000,0,False,False,P,False,57.0,13.80,109560,11.45710,95.29,0.794,9.92,79.0,32.0,0.0
1787969024.8,0.00,715.2,0,0.260,0.000,0.0000,0,False,False,P,False,57.0,13.80,109560,11.45710,95.29,0.807,9.92,79.0,32.0,0.0
1787969025.0,0.00,713.5,0,0.260,0.000,0.0000,0,False,False,P,False,57.0,13.80,109560,11.45710,95.29,0.785,9.92,79.0,32.0,0.0
1787969025.2,0.00,714.2,0,0.260,0.000,0.0000,0,False,False,P,False,57.0,13.80,109560,11.45710,95.29,0.785,9.92,79.0,32.0,0.0
1787969025.4,0.00,712.2,0,0.260,0.000,0.0000,0,False,False,P,False,57.0,13.80,109560,11.45710,95.29,0.807,9.92,79.0,32.0,0.0
1787969025.6,0.00,712.2,0,0.260,0.000,0.0000,0,False,False,P,False,57.0,13.77,109560,11.45710,95.29,0.777,9.92,79.0,32.0,0.0
1787969025.8,0.00,712.2,0,0.260,0.000,0.0000,0,False,False,P,False,57.0,13.77,109560,11.45710,95.29,0.785,9.92,79.0,32.0,0.0
1787969026.0,0.00,714.0,0,0.260,0.000,0.0000,0,False,False,P,False,57.0,13.77,109560,11.45710,95.29,0.785,9.92,79.0,32.0,0.0
1787969026.2,0.00,715.5,0,0.260,0.000,0.0000,0,False,False,P,False,57.0,13.77,109560,11.45710,95.29,0.777,9.92,79.0,32.0,0.0
1787969026.4,0.00,719.8,0,0.260,0.000,0.0000,0,False,False,P,False,57.0,13.77,109560,11.45710,95.29,0.777,9.92,79.0,32.0,0.0
1787969026.6,0.00,719.5,0,0.260,0.000,0.0000,0,False,False,P,False,57.0,13.77,109560,11.45710,95.29,0.756,9.92,79.0,32.0,0.0
1787969026.8,0.00,719.8,0,0.260,0.000,0.0000,0,False,False,P,False,57.0,13.77,109560,11.45710,95.29,0.777,9.92,79.0,32.0,0.0
1787969027.0,0.00,715.8,0,0.260,0.000,0.0000,0,False,False,P,False,57.0,13.77,109560,11.45710,95.29,0.794,9.92,79.0,32.0,0.0
1787969027.2,0.00,717.0,0,0.260,0.000,0.0000,0,False,False,P,False,57.0,13.77,109560,11.45710,95.29,0.785,9.92,79.0,32.0,0.0
1787969027.4,0.00,717.8,0,0.260,0.000,0.0000,0,False,False,P,False,57.0,13.77,109560,11.45710,95.29,0.764,9.92,79.0,32.0,0.0
1787969027.7,0.00,715.5,0,0.260,0.000,0.0000,0,False,False,P,False,57.0,13.77,109560,11.45710,95.29,0.764,9.92,79.0,32.0,0.0
1787969027.9,0.00,715.5,0,0.260,0.000,0.0000,0,False,False,P,False,57.0,13.77,109560,11.45710,95.29,0.815,9.91,79.0,32.0,0.0
1787969028.1,0.00,713.5,0,0.260,0.000,0.0000,0,False,False,P,False,57.0,13.77,109560,11.45710,95.29,0.777,9.91,79.0,32.0,0.0
1787969028.3,0.00,709.8,0,0.260,0.000,0.0000,0,False,False,P,False,57.0,13.77,109560,11.45710,95.29,0.777,9.91,79.0,32.0,0.0
1787969028.5,0.00,715.5,0,0.260,0.000,0.0000,0,False,False,P,False,57.0,13.77,109560,11.45710,95.29,1.269,9.91,79.0,34.0,0.0
1787969028.7,0.00,770.8,0,0.260,0.000,0.0000,0,False,False,P,False,57.0,13.83,109560,11.45710,95.29,1.121,9.91,79.0,38.0,0.0
1787969028.9,0.00,732.5,0,0.260,0.000,0.0000,0,False,False,P,False,57.0,13.83,109560,11.45710,95.29,1.121,9.91,79.0,38.0,0.0
1787969029.1,0.00,740.2,0,0.260,0.000,0.0000,0,False,False,P,False,57.0,13.83,109560,11.45710,95.29,1.121,9.91,79.0,41.0,0.0
1787969029.3,0.00,734.5,0,0.260,0.000,0.0000,0,False,False,P,False,57.0,13.83,109560,11.45710,95.29,1.227,9.91,79.0,41.0,0.0
1787969029.5,0.00,734.2,0,0.260,0.000,0.0000,0,False,False,P,False,57.0,13.83,109560,11.45710,95.29,1.189,9.91,79.0,43.0,0.0
1787969029.7,0.00,738.8,0,0.260,0.000,0.0000,0,False,False,P,False,57.0,13.83,109560,11.45710,95.29,1.201,9.91,79.0,43.0,0.0
1787969029.9,0.00,738.2,0,0.260,0.000,0.0000,0,False,False,P,False,57.0,13.83,109560,11.45710,95.29,1.172,9.91,79.0,43.0,0.0
1787969030.1,0.00,732.5,0,0.260,0.000,0.0000,0,False,False,P,False,57.0,13.83,109560,11.45710,95.29,1.159,9.91,79.0,43.0,0.0
1787969030.3,0.00,732.2,0,0.260,0.000,0.0000,0,False,False,P,False,57.0,13.83,109560,11.45710,95.29,1.172,9.91,79.0,43.0,0.0
1787969030.5,0.00,727.8,0,0.260,0.000,0.0000,0,False,False,P,False,57.0,13.83,109560,11.45710,95.29,1.172,9.91,79.0,44.0,0.0
1787969030.7,0.00,728.8,0,0.260,0.000,0.0000,0,False,False,P,False,57.0,13.83,109560,11.45710,95.29,1.214,9.91,79.0,44.0,0.0
1787969030.9,0.00,729.2,0,0.260,0.000,0.0000,0,False,False,P,False,57.0,13.83,109560,11.45710,95.29,1.189,9.91,79.0,44.0,0.0
1787969031.1,0.00,727.2,0,0.260,0.000,0.0000,0,False,False,P,False,57.0,13.58,109560,11.45710,95.29,1.214,9.91,79.0,44.0,0.0
1787969031.3,0.00,728.2,0,0.260,0.000,0.0000,0,False,False,P,False,57.0,13.58,109560,11.45710,95.29,1.214,9.91,79.0,44.0,0.0
1787969031.5,0.00,726.8,0,0.260,0.000,0.0000,0,False,False,P,False,57.0,13.58,109560,11.45710,95.29,1.227,9.90,79.0,45.0,0.0
1787969031.7,0.00,728.8,0,0.260,0.000,0.0000,0,False,False,P,False,57.0,13.58,109560,11.45710,95.29,1.214,9.90,79.0,45.0,0.0
1787969031.9,0.00,733.2,0,0.260,0.000,0.0000,0,False,False,P,False,57.0,13.78,109560,11.45710,95.29,1.214,9.90,79.0,45.0,0.0
1787969032.1,0.00,736.8,0,0.260,0.000,0.0000,0,False,False,P,False,57.0,13.78,109560,11.45710,95.29,1.146,9.90,79.0,45.0,0.0
1787969032.3,0.00,739.0,0,0.260,0.000,0.0000,0,False,False,P,False,57.0,13.78,109560,11.45710,95.29,1.133,9.90,79.0,44.0,0.0
1787969032.5,0.00,735.8,0,0.260,0.000,0.0000,0,False,False,P,False,57.0,13.78,109560,11.45710,95.29,1.189,9.90,79.0,44.0,0.0
1787969032.7,0.00,735.2,0,0.260,0.000,0.0000,0,False,False,P,False,57.0,13.78,109560,11.45710,95.29,1.146,9.90,79.0,44.0,0.0
1787969032.9,0.00,732.0,0,0.260,0.000,0.0000,0,False,False,P,False,57.0,13.78,109560,11.45710,95.29,1.133,9.90,79.0,43.0,0.0
1787969033.1,0.00,730.8,0,0.260,0.000,0.0000,0,False,False,P,False,57.0,13.78,109560,11.45710,95.29,1.146,9.90,80.0,43.0,0.0
1787969033.3,0.00,726.2,0,0.260,0.000,0.0000,0,False,False,P,False,57.0,13.78,109560,11.45710,95.29,1.133,9.90,80.0,43.0,0.0
1787969033.5,0.00,725.5,0,0.260,0.000,0.0000,0,False,False,P,False,57.0,13.78,109560,11.45710,95.29,1.159,9.90,80.0,43.0,0.0
1787969033.7,0.00,725.2,0,0.260,0.000,0.0000,0,False,False,P,False,57.0,13.78,109560,11.45710,95.29,1.172,9.90,80.0,43.0,0.0
1787969034.0,0.00,724.2,0,0.260,0.000,0.0000,0,False,False,P,False,57.0,13.78,109560,11.45710,95.29,1.189,9.90,80.0,43.0,0.0
1787969034.2,0.00,725.2,0,0.260,0.000,0.0000,0,False,False,P,False,57.0,13.78,109560,11.45710,95.29,1.159,9.90,80.0,43.0,0.0
1787969034.4,0.00,718.2,0,0.260,0.000,0.0000,0,False,False,P,False,57.0,13.78,109560,11.45710,95.29,1.133,9.90,80.0,43.0,0.0
1787969034.6,0.00,719.5,0,0.260,0.000,0.0000,0,False,False,P,False,57.0,13.78,109560,11.45710,95.29,1.133,9.90,80.0,43.0,0.0
1787969034.8,0.00,716.5,0,0.260,0.000,0.0000,0,False,False,P,False,57.0,13.78,109560,11.45710,95.29,1.146,9.90,80.0,43.0,0.0
1787969035.0,0.00,716.8,0,0.260,0.000,0.0000,0,False,False,P,False,57.0,13.76,109560,11.45710,95.29,1.172,9.90,80.0,43.0,0.0
1787969035.2,0.00,715.5,0,0.260,0.000,0.0000,0,False,False,P,False,57.0,13.76,109560,11.45710,95.29,1.172,9.89,80.0,43.0,0.0
1787969035.4,0.00,716.5,0,0.260,0.000,0.0000,0,False,False,P,False,57.0,13.76,109560,11.45710,95.29,1.133,9.89,80.0,43.0,0.0
1787969035.6,0.00,714.2,0,0.260,0.000,0.0000,0,False,False,P,False,57.0,13.76,109560,11.45710,95.29,1.133,9.89,80.0,43.0,0.0
1787969035.8,0.00,712.8,0,0.260,0.000,0.0000,0,False,False,P,False,57.0,13.76,109560,11.45710,95.29,1.146,9.89,80.0,43.0,0.0
1787969036.0,0.00,709.0,0,0.260,0.000,0.0000,0,False,False,P,False,57.0,13.76,109560,11.45710,95.29,1.121,9.89,80.0,43.0,0.0
1787969036.2,0.00,709.0,0,0.260,0.000,0.0000,0,False,False,P,False,57.0,13.76,109560,11.45710,95.29,1.053,9.89,80.0,44.0,0.0
1787969036.4,0.00,703.2,0,0.260,0.000,0.0000,0,False,False,P,False,57.0,13.76,109560,11.45710,95.29,1.104,9.89,80.0,44.0,0.0
1787969036.6,0.00,702.5,0,0.260,0.000,0.0000,0,False,False,P,False,57.0,13.76,109560,11.45710,95.29,1.133,9.89,80.0,44.0,0.0
1787969036.8,0.00,700.0,0,0.260,0.000,0.0000,0,False,False,P,False,57.0,13.76,109560,11.45710,95.29,1.146,9.89,80.0,44.0,0.0
1787969037.0,0.00,703.0,0,0.260,0.000,0.0000,0,False,False,P,False,57.0,13.76,109560,11.45710,95.29,1.159,9.89,80.0,44.0,0.0
1787969037.2,0.00,706.5,0,0.260,0.000,0.0000,0,False,False,P,False,57.0,13.76,109560,11.45710,95.29,1.159,9.89,80.0,44.0,0.0
1787969037.4,0.00,707.8,0,0.260,0.000,0.0000,0,False,False,P,False,57.0,13.76,109560,11.45710,95.29,1.078,9.89,80.0,44.0,0.0
1787969037.6,0.00,708.0,0,0.260,0.000,0.0000,0,False,False,P,False,57.0,13.76,109560,11.45710,95.29,1.121,9.89,80.0,44.0,0.0
1787969037.8,0.00,710.0,0,0.260,0.000,0.0000,0,False,False,P,False,57.0,13.76,109560,11.45710,95.29,1.091,9.89,80.0,43.0,0.0
1787969038.0,0.00,706.8,0,0.260,0.000,0.0000,0,False,False,P,False,57.0,13.77,109560,11.45710,95.29,1.104,9.89,80.0,44.0,0.0
1787969038.2,0.00,707.0,0,0.260,0.000,0.0000,0,False,False,P,False,57.0,13.77,109560,11.45710,95.29,1.078,9.89,80.0,43.0,0.0
1787969038.4,0.00,704.8,0,0.260,0.000,0.0000,0,False,False,P,False,57.0,13.77,109560,11.45710,95.29,1.104,9.89,80.0,43.0,0.0
1787969038.6,0.00,707.2,0,0.260,0.000,0.0000,0,False,False,P,False,57.0,13.77,109560,11.45710,95.29,1.133,9.89,80.0,43.0,0.0
1787969038.8,0.00,710.5,0,0.260,0.000,0.0000,0,False,False,P,False,57.0,13.77,109560,11.45710,95.29,1.121,9.89,80.0,43.0,0.0
1787969039.0,0.00,709.5,0,0.260,0.000,0.0000,0,False,False,P,False,57.0,13.77,109560,11.45710,95.29,1.121,9.88,80.0,43.0,0.0
1787969039.2,0.00,710.5,0,0.260,0.000,0.0000,0,False,False,P,False,57.0,13.77,109560,11.45710,95.29,1.078,9.88,80.0,43.0,0.0
1787969039.4,0.00,707.8,0,0.260,0.000,0.0000,0,False,False,P,False,57.0,13.77,109560,11.45710,95.29,1.121,9.88,80.0,43.0,0.0
1787969039.6,0.00,708.0,0,0.260,0.000,0.0000,0,False,False,P,False,57.0,13.77,109560,11.45710,95.29,1.121,9.88,80.0,43.0,0.0
1787969039.8,0.00,707.0,0,0.260,0.000,0.0000,0,False,False,P,False,57.0,13.77,109560,11.45710,95.29,1.121,9.88,80.0,43.0,0.0
1787969040.0,0.00,705.8,0,0.260,0.000,0.0000,0,False,False,P,False,57.0,13.77,109560,11.45710,95.29,1.091,9.88,80.0,43.0,0.0
1787969040.2,0.00,704.2,0,0.260,0.000,0.0000,0,False,False,P,False,57.0,13.77,109560,11.45710,95.29,1.133,9.88,80.0,43.0,0.0
1787969040.5,0.00,705.5,0,0.260,0.000,0.0000,0,False,False,P,False,57.0,13.77,109560,11.45710,95.29,1.133,9.88,80.0,43.0,0.0
1787969040.7,0.00,702.0,0,0.260,0.000,0.0000,0,False,False,P,False,57.0,13.77,109560,11.45710,95.29,1.091,9.88,80.0,43.0,0.0
1787969040.9,0.00,700.2,0,0.260,0.000,0.0000,0,False,False,P,False,57.0,13.77,109560,11.45710,95.29,1.133,9.88,80.0,43.0,0.0
1787969041.1,0.00,700.5,0,0.260,0.000,0.0000,0,False,False,P,False,57.0,13.78,109560,11.45710,95.29,1.091,9.88,80.0,43.0,0.0
1787969041.3,0.00,704.2,0,0.260,0.000,0.0000,0,False,False,P,False,57.0,13.78,109560,11.45710,95.29,1.104,9.88,80.0,43.0,0.0
1787969041.5,0.00,707.0,0,0.260,0.000,0.0000,0,False,False,P,False,57.0,13.78,109560,11.45710,95.29,1.121,9.88,80.0,43.0,0.0
1787969041.7,0.00,705.0,0,0.260,0.000,0.0000,0,False,False,P,False,57.0,13.78,109560,11.45710,95.29,1.146,9.88,80.0,43.0,0.0
1787969041.9,0.00,705.2,0,0.260,0.000,0.0000,0,False,False,P,False,57.0,13.78,109560,11.45710,95.29,1.146,9.88,80.0,43.0,0.0
1787969042.1,0.00,708.8,0,0.260,0.000,0.0000,0,False,False,P,False,57.0,13.78,109560,11.45710,95.29,1.091,9.88,80.0,43.0,0.0
1787969042.3,0.00,709.5,0,0.260,0.000,0.0000,0,False,False,P,False,57.0,13.78,109560,11.45710,95.29,1.133,9.88,80.0,43.0,0.0
1787969042.5,0.00,707.0,0,0.260,0.000,0.0000,0,False,False,P,False,57.0,13.78,109560,11.45710,95.29,1.078,9.88,80.0,43.0,0.0
1787969042.7,0.00,706.8,0,0.260,0.000,0.0000,0,False,False,P,False,57.0,13.78,109560,11.45710,95.29,1.121,9.87,80.0,43.0,0.0
1787969042.9,0.00,705.0,0,0.260,0.000,0.0000,0,False,False,P,False,57.0,13.78,109560,11.45710,95.29,1.121,9.87,80.0,43.0,0.0
1787969043.1,0.00,704.8,0,0.260,0.000,0.0000,0,False,False,P,False,57.0,13.78,109560,11.45710,95.29,1.121,9.87,80.0,43.0,0.0
1787969043.3,0.00,702.0,0,0.260,0.000,0.0000,0,False,False,P,False,57.0,13.78,109560,11.45710,95.29,1.104,9.87,80.0,43.0,0.0
1787969043.5,0.00,702.2,0,0.260,0.000,0.0000,0,False,False,P,False,57.0,13.78,109560,11.45710,95.29,1.133,9.87,80.0,43.0,0.0
1787969043.7,0.00,703.0,0,0.260,0.000,0.0000,0,False,False,P,False,57.0,13.78,109560,11.45710,95.29,1.133,9.87,80.0,43.0,0.0
1787969043.9,0.00,703.5,0,0.260,0.000,0.0000,0,False,False,P,False,57.0,13.78,109560,11.45710,95.29,1.104,9.87,80.0,43.0,0.0
1787969044.1,0.00,704.5,0,0.260,0.000,0.0000,0,False,False,P,False,57.0,13.77,109560,11.45710,95.29,1.091,9.87,80.0,43.0,0.0
1787969044.3,0.00,704.0,0,0.260,0.000,0.0000,0,False,False,P,False,57.0,13.77,109560,11.45710,95.29,1.133,9.87,80.0,43.0,0.0
1787969044.5,0.00,707.2,0,0.260,0.000,0.0000,0,False,False,P,False,57.0,13.77,109560,11.45710,95.29,1.091,9.87,80.0,43.0,0.0
1787969044.7,0.00,709.0,0,0.260,0.000,0.0000,0,False,False,P,False,57.0,13.77,109560,11.45710,95.29,1.091,9.87,80.0,43.0,0.0
1787969044.9,0.00,706.5,0,0.260,0.000,0.0000,0,False,False,P,False,57.0,13.77,109560,11.45710,95.29,1.121,9.87,80.0,43.0,0.0
1787969045.1,0.00,704.5,0,0.260,0.000,0.0000,0,False,False,P,False,57.0,13.77,109560,11.45710,95.29,0.951,9.87,80.0,42.0,0.0
1787969045.3,0.00,692.8,0,0.260,0.000,0.0000,0,False,False,P,False,57.0,13.77,109560,11.45710,95.29,0.836,9.87,80.0,40.0,0.0
1787969045.5,0.00,742.5,0,0.260,0.000,0.0000,0,False,False,P,False,57.0,13.77,109560,11.45710,95.29,0.828,9.87,80.0,38.0,0.0
1787969045.7,0.00,746.5,0,0.260,0.000,0.0000,0,False,False,P,False,57.0,13.77,109560,11.45710,95.29,0.807,9.87,80.0,37.0,0.0
1787969045.9,0.00,740.2,0,0.260,0.000,0.0000,0,False,False,P,False,57.0,13.77,109560,11.45710,95.29,0.777,9.87,80.0,35.0,0.0
1787969046.1,0.00,734.5,0,0.260,0.000,0.0000,0,False,False,P,False,57.0,13.77,109560,11.45710,95.29,0.743,9.87,80.0,34.0,0.0
1787969046.3,0.00,729.5,0,0.260,0.000,0.0000,0,False,False,P,False,57.0,13.77,109560,11.45710,95.29,0.777,9.87,80.0,33.0,0.0
1787969046.5,0.00,714.8,0,0.260,0.000,0.0000,0,False,False,P,False,57.0,13.77,109560,11.45710,95.29,0.764,9.87,80.0,32.0,0.0
1787969046.8,0.00,717.0,0,0.260,0.000,0.0000,0,False,False,P,False,57.0,13.77,109560,11.45710,95.29,0.777,9.87,80.0,32.0,0.0
1787969047.0,0.00,712.0,0,0.260,0.000,0.0000,0,False,False,P,False,57.0,13.77,109560,11.45710,95.29,0.777,9.87,80.0,32.0,0.0
1787969047.2,0.00,701.5,0,0.260,0.000,0.0000,0,False,False,P,False,57.0,13.76,109560,11.45710,95.29,0.777,9.86,81.0,32.0,0.0
1787969047.4,0.00,703.2,0,0.260,0.000,0.0000,0,False,False,P,False,57.0,13.76,109560,11.45710,95.29,0.777,9.86,81.0,32.0,0.0
1787969047.6,0.00,708.0,0,0.260,0.000,0.0000,0,False,False,P,False,57.0,13.76,109560,11.45710,95.29,0.807,9.86,81.0,32.0,0.0
1787969047.8,0.00,709.8,0,0.260,0.000,0.0000,0,False,False,P,False,57.0,13.76,109560,11.45710,95.29,0.764,9.86,81.0,32.0,0.0
1787969048.0,0.00,712.5,0,0.260,0.000,0.0000,0,False,False,P,False,57.0,13.76,109560,11.45710,95.29,0.756,9.86,81.0,32.0,0.0
1787969048.2,0.00,712.0,0,0.260,0.000,0.0000,0,False,False,P,False,57.0,13.76,109560,11.45710,95.29,0.777,9.86,81.0,32.0,0.0
1787969048.4,0.00,710.0,0,0.260,0.000,0.0000,0,False,False,P,False,57.0,13.76,109560,11.45710,95.29,0.764,9.86,81.0,32.0,0.0
1787969048.6,0.00,710.2,0,0.260,0.000,0.0000,0,False,False,P,False,57.0,13.76,109560,11.45710,95.29,0.764,9.86,81.0,32.0,0.0
1787969048.8,0.00,714.8,0,0.260,0.000,0.0000,0,False,False,P,False,57.0,13.76,109560,11.45710,95.29,0.785,9.86,81.0,32.0,0.0
1787969049.0,0.00,709.0,0,0.260,0.000,0.0000,0,False,False,P,False,57.0,13.80,109560,11.45710,95.29,0.777,9.86,81.0,32.0,0.0
1787969049.2,0.00,709.0,0,0.260,0.000,0.0000,0,False,False,P,False,57.0,13.80,109560,11.45710,95.29,0.756,9.86,81.0,32.0,0.0
1787969049.4,0.00,706.8,0,0.260,0.000,0.0000,0,False,False,P,False,57.0,13.80,109560,11.45710,95.29,0.764,9.86,81.0,32.0,0.0
1787969049.6,0.00,704.8,0,0.260,0.000,0.0000,0,False,False,P,False,57.0,13.80,109560,11.45710,95.29,0.794,9.86,81.0,32.0,0.0
1787969049.8,0.00,703.8,0,0.260,0.000,0.0000,0,False,False,P,False,57.0,13.80,109560,11.45710,95.29,0.777,9.86,81.0,32.0,0.0
1787969050.0,0.00,703.5,0,0.260,0.000,0.0000,0,False,False,P,False,57.0,13.80,109560,11.45710,95.29,0.764,9.86,81.0,32.0,0.0
1787969050.2,0.00,703.5,0,0.260,0.000,0.0000,0,False,False,P,False,57.0,13.80,109560,11.45710,95.29,0.756,9.86,81.0,32.0,0.0
1787969050.4,0.00,704.8,0,0.260,0.000,0.0000,0,False,False,P,False,57.0,13.79,109560,11.45710,95.29,0.777,9.86,81.0,32.0,0.0
1787969050.6,0.00,705.5,0,0.260,0.000,0.0000,0,False,False,P,False,57.0,13.79,109560,11.45710,95.29,0.764,9.86,81.0,32.0,0.0
1787969050.8,0.00,710.8,0,0.260,0.000,0.0000,0,False,False,P,False,57.0,13.79,109560,11.45710,95.29,0.756,9.86,81.0,32.0,0.0
1787969051.0,0.00,712.8,0,0.260,0.000,0.0000,0,False,False,P,False,57.0,13.79,109560,11.45710,95.29,0.743,9.86,81.0,32.0,0.0
1787969051.2,0.00,705.2,0,0.260,0.000,0.0000,0,False,False,P,False,57.0,13.79,109560,11.45710,95.29,0.777,9.86,81.0,32.0,0.0
1787969051.4,0.00,706.8,0,0.260,0.000,0.0000,0,False,False,P,False,57.0,13.79,109560,11.45710,95.29,0.794,9.86,81.0,32.0,0.0
1787969051.6,0.00,709.0,0,0.260,0.000,0.0000,0,False,False,P,False,57.0,13.79,109560,11.45710,95.29,0.756,9.86,81.0,32.0,0.0
1787969051.8,0.00,710.8,0,0.260,0.000,0.0000,0,False,False,P,False,57.0,13.79,109560,11.45710,95.29,0.734,9.86,81.0,32.0,0.0
1787969052.0,0.00,711.5,0,0.260,0.000,0.0000,0,False,False,P,False,57.0,13.79,109560,11.45710,95.29,0.777,9.86,81.0,32.0,0.0
1787969052.2,0.00,712.2,0,0.260,0.000,0.0000,0,False,False,P,False,57.0,13.79,109560,11.45710,95.29,0.756,9.86,81.0,32.0,0.0
1787969052.5,0.00,708.8,0,0.260,0.000,0.0000,0,False,False,P,False,57.0,13.79,109560,11.45710,95.29,0.777,9.86,81.0,31.0,0.0
1787969052.7,0.00,706.0,0,0.260,0.000,0.0000,0,False,False,P,False,57.0,13.79,109560,11.45710,95.29,0.764,9.85,81.0,31.0,0.0
1787969052.9,0.00,702.8,0,0.260,0.000,0.0000,0,False,False,P,False,57.0,13.79,109560,11.45710,95.29,0.777,9.85,81.0,32.0,0.0
1787969053.1,0.00,704.8,0,0.260,0.000,0.0000,0,False,False,P,False,57.0,13.79,109560,11.45710,95.29,0.764,9.85,81.0,32.0,0.0
1787969053.3,0.00,703.2,0,0.260,0.000,0.0000,0,False,False,P,False,57.0,13.79,109560,11.45710,95.29,0.756,9.85,81.0,32.0,0.0
1787969053.5,0.00,706.5,0,0.260,0.000,0.0000,0,False,False,P,False,57.0,13.80,109560,11.45710,95.29,0.777,9.85,81.0,32.0,0.0
1787969053.7,0.00,706.5,0,0.260,0.000,0.0000,0,False,False,P,False,57.0,13.80,109560,11.45710,95.29,0.777,9.85,81.0,32.0,0.0
1787969053.9,0.00,707.2,0,0.260,0.000,0.0000,0,False,False,P,False,57.0,13.80,109560,11.45710,95.29,0.726,9.85,81.0,32.0,0.0
1787969054.1,0.00,700.8,0,0.260,0.000,0.0000,0,False,False,P,False,57.0,13.80,109560,11.45710,95.29,0.764,9.85,81.0,32.0,0.0
1787969054.3,0.00,702.5,0,0.260,0.000,0.0000,0,False,False,P,False,57.0,13.80,109560,11.45710,95.29,0.764,9.85,81.0,32.0,0.0
1787969054.5,0.00,710.5,0,0.260,0.000,0.0000,0,False,False,P,False,57.0,13.80,109560,11.45710,95.29,1.481,9.85,81.0,39.0,0.0
1787969054.7,0.00,789.2,0,0.260,0.000,0.0000,0,False,False,P,False,57.0,13.80,109560,11.45710,95.29,1.040,9.85,81.0,39.0,0.0
1787969054.9,0.00,742.5,0,0.260,0.000,0.0000,0,False,False,P,False,57.0,13.80,109560,11.45710,95.29,1.189,9.85,81.0,39.0,0.0
1787969055.1,0.00,741.0,0,0.260,0.000,0.0000,0,False,False,P,False,57.0,13.80,109560,11.45710,94.90,1.159,9.85,81.0,41.0,0.0
1787969055.3,0.00,729.0,0,0.260,0.000,0.0000,0,False,False,P,False,57.0,13.80,109560,11.45710,95.29,1.189,9.85,81.0,41.0,0.0
1787969055.5,0.00,730.0,0,0.260,0.000,0.0000,0,False,False,P,False,57.0,13.80,109560,11.45710,95.29,1.133,9.85,81.0,42.0,0.0
1787969055.7,0.00,729.2,0,0.260,0.000,0.0000,0,False,False,P,False,57.0,13.80,109560,11.45710,95.29,1.146,9.85,81.0,42.0,0.0
1787969055.9,0.00,729.2,0,0.260,0.000,0.0000,0,False,False,P,False,57.0,13.80,109560,11.45710,95.29,1.159,9.85,81.0,43.0,0.0
1787969056.1,0.00,725.2,0,0.260,0.000,0.0000,0,False,False,P,False,57.0,13.80,109560,11.45710,95.29,1.159,9.85,81.0,43.0,0.0
1787969056.3,0.00,723.2,0,0.260,0.000,0.0000,0,False,False,P,False,57.0,13.80,109560,11.45710,95.29,1.104,9.85,81.0,43.0,0.0
1787969056.5,0.00,719.2,0,0.260,0.000,0.0000,0,False,False,P,False,57.0,13.50,109560,11.45710,95.29,1.133,9.85,81.0,43.0,0.0
1787969056.7,0.00,715.5,0,0.260,0.000,0.0000,0,False,False,P,False,57.0,13.50,109560,11.45710,95.29,1.121,9.85,81.0,43.0,0.0
1787969056.9,0.00,711.5,0,0.260,0.000,0.0000,0,False,False,P,False,57.0,13.50,109560,11.45710,95.29,1.201,9.84,81.0,43.0,0.0
1787969057.1,0.00,708.8,0,0.260,0.000,0.0000,0,False,False,P,False,57.0,13.50,109560,11.45710,95.29,1.201,9.84,81.0,44.0,0.0
1787969057.3,0.00,709.8,0,0.260,0.000,0.0000,0,False,False,P,False,57.0,13.50,109560,11.45710,95.29,1.189,9.84,81.0,44.0,0.0
1787969057.5,0.00,714.5,0,0.260,0.000,0.0000,0,False,False,P,False,57.0,13.50,109560,11.45710,95.29,1.189,9.84,81.0,45.0,0.0
1787969057.7,0.00,719.0,0,0.260,0.000,0.0000,0,False,False,P,False,57.0,13.50,109560,11.45710,95.29,1.189,9.84,81.0,45.0,0.0
1787969057.9,0.00,727.5,0,0.260,0.000,0.0000,0,False,False,P,False,57.0,13.50,109560,11.45710,95.29,1.104,9.84,81.0,45.0,0.0
1787969058.1,0.00,735.0,0,0.260,0.000,0.0000,0,False,False,P,False,57.0,13.50,109560,11.45710,95.29,1.121,9.84,81.0,44.0,0.0
1787969058.3,0.00,739.2,0,0.260,0.000,0.0000,0,False,False,P,False,57.0,13.50,109560,11.45710,95.29,1.121,9.84,81.0,44.0,0.0
1787969058.5,0.00,735.2,0,0.260,0.000,0.0000,0,False,False,P,False,57.0,13.50,109560,11.45710,95.29,1.078,9.84,81.0,43.0,0.0
1787969058.8,0.00,729.2,0,0.260,0.000,0.0000,0,False,False,P,False,57.0,13.50,109560,11.45710,95.29,1.146,9.84,81.0,43.0,0.0
1787969059.0,0.00,722.5,0,0.260,0.000,0.0000,0,False,False,P,False,57.0,13.50,109560,11.45710,95.29,1.121,9.84,81.0,43.0,0.0
1787969059.2,0.00,714.8,0,0.260,0.000,0.0000,0,False,False,P,False,57.0,13.50,109560,11.45710,95.29,1.121,9.84,81.0,42.0,0.0
1787969059.4,0.00,710.8,0,0.260,0.000,0.0000,0,False,False,P,False,57.0,13.50,109560,11.45710,95.29,1.091,9.84,81.0,43.0,0.0
1787969059.6,0.00,707.0,0,0.260,0.000,0.0000,0,False,False,P,False,57.0,13.75,109560,11.45710,95.29,1.159,9.84,81.0,43.0,0.0
1787969059.8,0.00,706.5,0,0.260,0.000,0.0000,0,False,False,P,False,57.0,13.75,109560,11.45710,95.29,1.146,9.84,81.0,43.0,0.0
1787969060.0,0.00,705.8,0,0.260,0.000,0.0000,0,False,False,P,False,57.0,13.75,109560,11.45710,95.29,1.121,9.84,81.0,43.0,0.0
1787969060.2,0.00,710.2,0,0.260,0.000,0.0000,0,False,False,P,False,57.0,13.75,109560,11.45710,95.29,1.133,9.84,81.0,43.0,0.0
1787969060.4,0.00,713.5,0,0.260,0.000,0.0000,0,False,False,P,False,57.0,13.75,109560,11.45710,95.29,1.146,9.84,81.0,43.0,0.0
1787969060.6,0.00,715.0,0,0.260,0.000,0.0000,0,False,False,P,False,57.0,13.75,109560,11.45710,95.29,1.121,9.84,81.0,43.0,0.0
1787969060.8,0.00,715.2,0,0.260,0.000,0.0000,0,False,False,P,False,57.0,13.75,109560,11.45710,95.29,1.078,9.83,81.0,43.0,0.0
1787969061.0,0.00,714.8,0,0.260,0.000,0.0000,0,False,False,P,False,57.0,13.75,109560,11.45710,95.29,1.078,9.83,81.0,43.0,0.0
1787969061.2,0.00,715.2,0,0.260,0.000,0.0000,0,False,False,P,False,57.0,13.75,109560,11.45710,95.29,1.091,9.83,81.0,43.0,0.0
1787969061.4,0.00,712.2,0,0.260,0.000,0.0000,0,False,False,P,False,57.0,13.75,109560,11.45710,95.29,1.104,9.83,81.0,43.0,0.0
1787969061.6,0.00,709.0,0,0.260,0.000,0.0000,0,False,False,P,False,57.0,13.75,109560,11.45710,95.29,1.133,9.83,81.0,43.0,0.0
1787969061.8,0.00,706.5,0,0.260,0.000,0.0000,0,False,False,P,False,57.0,13.75,109560,11.45710,95.29,1.091,9.83,81.0,43.0,0.0
1787969062.0,0.00,703.5,0,0.260,0.000,0.0000,0,False,False,P,False,57.0,13.79,109560,11.45710,95.29,1.121,9.83,81.0,43.0,0.0
1787969062.2,0.00,703.0,0,0.260,0.000,0.0000,0,False,False,P,False,57.0,13.79,109560,11.45710,95.29,1.091,9.83,82.0,43.0,0.0
1787969062.4,0.00,701.5,0,0.260,0.000,0.0000,0,False,False,P,False,57.0,13.79,109560,11.45710,95.29,1.104,9.83,82.0,43.0,0.0
1787969062.6,0.00,700.2,0,0.260,0.000,0.0000,0,False,False,P,False,57.0,13.79,109560,11.45710,95.29,1.146,9.83,82.0,43.0,0.0
1787969062.8,0.00,699.8,0,0.260,0.000,0.0000,0,False,False,P,False,57.0,13.79,109560,11.45710,95.29,1.104,9.83,82.0,43.0,0.0
1787969063.0,0.00,701.5,0,0.260,0.000,0.0000,0,False,False,P,False,57.0,13.79,109560,11.45710,95.29,1.121,9.83,82.0,43.0,0.0
1787969063.2,0.00,704.2,0,0.260,0.000,0.0000,0,False,False,P,False,57.0,13.79,109560,11.45710,95.29,1.091,9.83,82.0,43.0,0.0
1787969063.4,0.00,703.0,0,0.260,0.000,0.0000,0,False,False,P,False,57.0,13.79,109560,11.45710,95.29,1.091,9.83,82.0,43.0,0.0
1787969063.6,0.00,701.0,0,0.260,0.000,0.0000,0,False,False,P,False,57.0,13.79,109560,11.45710,95.29,1.065,9.83,82.0,43.0,0.0
1787969063.8,0.00,698.8,0,0.260,0.000,0.0000,0,False,False,P,False,57.0,13.79,109560,11.45710,95.29,1.078,9.83,82.0,43.0,0.0
1787969064.0,0.00,698.8,0,0.260,0.000,0.0000,0,False,False,P,False,57.0,13.79,109560,11.45710,95.29,1.104,9.83,82.0,43.0,0.0
1787969064.2,0.00,700.0,0,0.260,0.000,0.0000,0,False,False,P,False,57.0,13.79,109560,11.45710,95.29,1.091,9.83,82.0,43.0,0.0
1787969064.4,0.00,699.5,0,0.260,0.000,0.0000,0,False,False,P,False,57.0,13.79,109560,11.45710,95.29,1.078,9.83,82.0,43.0,0.0
1787969064.6,0.00,698.8,0,0.260,0.000,0.0000,0,False,False,P,False,57.0,13.79,109560,11.45710,95.29,1.065,9.82,82.0,43.0,0.0
1787969064.9,0.00,699.8,0,0.260,0.000,0.0000,0,False,False,P,False,57.0,13.79,109560,11.45710,95.29,1.133,9.82,82.0,43.0,0.0
1787969065.1,0.00,701.0,0,0.260,0.000,0.0000,0,False,False,P,False,57.0,13.80,109560,11.45710,95.29,1.091,9.82,82.0,43.0,0.0
1787969065.3,0.00,702.8,0,0.260,0.000,0.0000,0,False,False,P,False,57.0,13.80,109560,11.45710,95.29,1.053,9.82,82.0,43.0,0.0
1787969065.5,0.00,706.2,0,0.260,0.000,0.0000,0,False,False,P,False,57.0,13.80,109560,11.45710,95.29,1.053,9.82,82.0,43.0,0.0
1787969065.7,0.00,705.2,0,0.260,0.000,0.0000,0,False,False,P,False,57.0,13.80,109560,11.45710,95.29,1.078,9.82,82.0,43.0,0.0
1787969065.9,0.00,703.8,0,0.260,0.000,0.0000,0,False,False,P,False,57.0,13.78,109560,11.45710,95.29,1.065,9.82,82.0,43.0,0.0
1787969066.1,0.00,700.8,0,0.260,0.000,0.0000,0,False,False,P,False,57.0,13.79,109560,11.45710,95.29,1.104,9.82,82.0,43.0,0.0
1787969066.3,0.00,699.2,0,0.260,0.000,0.0000,0,False,False,P,False,57.0,13.79,109560,11.45710,95.29,1.104,9.82,82.0,43.0,0.0
1787969066.5,0.00,698.2,0,0.260,0.000,0.0000,0,False,False,P,False,57.0,13.79,109560,11.45710,95.29,1.078,9.82,82.0,43.0,0.0
1787969066.7,0.00,697.2,0,0.260,0.000,0.0000,0,False,False,P,False,57.0,13.79,109560,11.45710,95.29,1.133,9.82,82.0,43.0,0.0
1787969066.9,0.00,697.2,0,0.260,0.000,0.0000,0,False,False,P,False,57.0,13.79,109560,11.45710,95.29,1.091,9.82,82.0,43.0,0.0
1787969067.1,0.00,699.0,0,0.260,0.000,0.0000,0,False,False,P,False,57.0,13.79,109560,11.45710,95.29,1.091,9.82,82.0,43.0,0.0
1787969067.3,0.00,699.2,0,0.260,0.000,0.0000,0,False,False,P,False,57.0,13.79,109560,11.45710,95.29,1.133,9.82,82.0,43.0,0.0
1787969067.5,0.00,698.8,0,0.260,0.000,0.0000,0,False,False,P,False,57.0,13.79,109560,11.45710,95.29,1.065,9.82,82.0,43.0,0.0
1787969067.7,0.00,701.0,0,0.260,0.000,0.0000,0,False,False,P,False,57.0,13.79,109560,11.45710,95.29,1.121,9.82,82.0,43.0,0.0
1787969067.9,0.00,703.2,0,0.260,0.000,0.0000,0,False,False,P,False,57.0,13.79,109560,11.45710,95.29,1.121,9.82,82.0,43.0,0.0
1787969068.1,0.00,703.5,0,0.260,0.000,0.0000,0,False,False,P,False,57.0,13.79,109560,11.45710,95.29,1.091,9.82,82.0,43.0,0.0
1787969068.3,0.00,699.8,0,0.260,0.000,0.0000,0,False,False,P,False,57.0,13.79,109560,11.45710,95.29,0.815,9.82,82.0,41.0,0.0
1787969068.5,0.00,723.0,0,0.260,0.000,0.0000,0,False,False,P,False,57.0,13.79,109560,11.45710,95.29,0.794,9.82,82.0,39.0,0.0
1787969068.7,0.00,737.2,0,0.260,0.000,0.0000,0,False,False,P,False,57.0,13.79,109560,11.45710,95.29,0.785,9.81,82.0,37.0,0.0
1787969068.9,0.00,736.0,0,0.260,0.000,0.0000,0,False,False,P,False,57.0,13.86,109560,11.45710,95.29,0.764,9.81,82.0,36.0,0.0
1787969069.1,0.00,734.8,0,0.260,0.000,0.0000,0,False,False,P,False,57.0,13.86,109560,11.45710,95.29,0.756,9.81,82.0,35.0,0.0
1787969069.3,0.00,728.0,0,0.260,0.000,0.0000,0,False,False,P,False,57.0,13.86,109560,11.45710,95.29,0.713,9.81,82.0,33.0,0.0
1787969069.5,0.00,720.5,0,0.260,0.000,0.0000,0,False,False,P,False,57.0,13.86,109560,11.45710,95.29,0.713,9.81,82.0,32.0,0.0
1787969069.7,0.00,711.0,0,0.260,0.000,0.0000,0,False,False,P,False,57.0,13.86,109560,11.45710,95.29,0.743,9.81,82.0,32.0,0.0
1787969069.9,0.00,703.5,0,0.260,0.000,0.0000,0,False,False,P,False,57.0,13.86,109560,11.45710,95.29,0.764,9.81,82.0,32.0,0.0
1787969070.1,0.00,698.8,0,0.260,0.000,0.0000,0,False,False,P,False,57.0,13.86,109560,11.45710,95.29,0.764,9.81,82.0,31.0,0.0
1787969070.4,0.00,693.2,0,0.260,0.000,0.0000,0,False,False,P,False,57.0,13.86,109560,11.45710,95.29,0.764,9.81,82.0,32.0,0.0
1787969070.6,0.00,695.8,0,0.260,0.000,0.0000,0,False,False,P,False,57.0,13.86,109560,11.45710,95.29,0.764,9.81,82.0,32.0,0.0
1787969070.8,0.00,700.8,0,0.260,0.000,0.0000,0,False,False,P,False,57.0,13.86,109560,11.45710,95.29,0.764,9.81,82.0,32.0,0.0
1787969071.0,0.00,702.5,0,0.260,0.000,0.0000,0,False,False,P,False,57.0,13.82,109560,11.45710,95.29,0.743,9.81,82.0,32.0,0.0
1787969071.2,0.00,708.0,0,0.260,0.000,0.0000,0,False,False,P,False,57.0,13.82,109560,11.45710,95.29,0.756,9.81,82.0,32.0,0.0
1787969071.4,0.00,709.0,0,0.260,0.000,0.0000,0,False,False,P,False,57.0,13.82,109560,11.45710,95.29,0.764,9.81,82.0,32.0,0.0
1787969071.6,0.00,706.8,0,0.260,0.000,0.0000,0,False,False,P,False,57.0,13.82,109560,11.45710,95.29,0.743,9.81,82.0,31.0,0.0
1787969071.8,0.00,701.2,0,0.260,0.000,0.0000,0,False,False,P,False,57.0,13.82,109560,11.45710,95.29,0.756,9.81,82.0,31.0,0.0
1787969072.0,0.00,702.5,0,0.260,0.000,0.0000,0,False,False,P,False,57.0,13.80,109560,11.45710,95.29,0.764,9.81,82.0,31.0,0.0
1787969072.2,0.00,703.5,0,0.260,0.000,0.0000,0,False,False,P,False,57.0,13.80,109560,11.45710,95.29,0.756,9.81,82.0,31.0,0.0
1787969072.4,0.00,706.0,0,0.260,0.000,0.0000,0,False,False,P,False,57.0,13.80,109560,11.45710,95.29,0.743,9.81,82.0,31.0,0.0
1787969072.6,0.00,705.0,0,0.260,0.000,0.0000,0,False,False,P,False,57.0,13.80,109560,11.45710,95.29,0.743,9.81,82.0,31.0,0.0
1787969072.8,0.00,699.8,0,0.260,0.000,0.0000,0,False,False,P,False,57.0,13.80,109560,11.45710,95.29,0.764,9.81,82.0,31.0,0.0
1787969073.0,0.00,704.8,0,0.260,0.000,0.0000,0,False,False,P,False,57.0,13.80,109560,11.45710,95.29,0.756,9.81,82.0,31.0,0.0
1787969073.2,0.00,704.2,0,0.260,0.000,0.0000,0,False,False,P,False,57.0,13.80,109560,11.45710,95.29,0.756,9.81,82.0,31.0,0.0
1787969073.4,0.00,698.8,0,0.260,0.000,0.0000,0,False,False,P,False,57.0,13.80,109560,11.45710,95.29,0.777,9.81,82.0,31.0,0.0
1787969073.6,0.00,702.5,0,0.260,0.000,0.0000,0,False,False,P,False,57.0,13.80,109560,11.45710,95.29,0.764,9.81,82.0,31.0,0.0
1787969073.8,0.00,702.2,0,0.260,0.000,0.0000,0,False,False,P,False,57.0,13.80,109560,11.45710,95.29,0.756,9.81,82.0,31.0,0.0
1787969074.0,0.00,702.5,0,0.260,0.000,0.0000,0,False,False,P,False,57.0,13.80,109560,11.45710,95.29,0.734,9.81,82.0,31.0,0.0
1787969074.2,0.00,703.5,0,0.260,0.000,0.0000,0,False,False,P,False,57.0,13.80,109560,11.45710,95.29,0.777,9.80,82.0,31.0,0.0
1787969074.4,0.00,698.2,0,0.260,0.000,0.0000,0,False,False,P,False,57.0,13.80,109560,11.45710,95.29,0.777,9.80,82.0,31.0,0.0
1787969074.6,0.00,697.0,0,0.260,0.000,0.0000,0,False,False,P,False,57.0,13.80,109560,11.45710,95.29,0.743,9.80,82.0,31.0,0.0
1787969074.8,0.00,698.0,0,0.260,0.000,0.0000,0,False,False,P,False,57.0,13.80,109560,11.45710,95.29,0.743,9.80,82.0,31.0,0.0
1787969075.0,0.00,699.5,0,0.260,0.000,0.0000,0,False,False,P,False,57.0,13.79,109560,11.45710,95.29,0.756,9.80,82.0,31.0,0.0
1787969075.2,0.00,700.5,0,0.260,0.000,0.0000,0,False,False,P,False,57.0,13.79,109560,11.45710,95.29,0.756,9.80,82.0,31.0,0.0
1787969075.4,0.00,700.5,0,0.260,0.000,0.0000,0,False,False,P,False,57.0,13.79,109560,11.45710,95.29,0.764,9.80,82.0,31.0,0.0
1787969075.6,0.00,702.5,0,0.260,0.000,0.0000,0,False,False,P,False,57.0,13.79,109560,11.45710,95.29,0.743,9.80,82.0,31.0,0.0
1787969075.8,0.00,703.8,0,0.260,0.000,0.0000,0,False,False,P,False,57.0,13.79,109560,11.45710,95.29,0.743,9.80,82.0,31.0,0.0
1787969076.0,0.00,705.0,0,0.260,0.000,0.0000,0,False,False,P,False,57.0,13.79,109560,11.45710,95.29,0.764,9.80,82.0,31.0,0.0
1787969076.3,0.00,704.5,0,0.260,0.000,0.0000,0,False,False,P,False,57.0,13.79,109560,11.45710,95.29,0.734,9.80,82.0,31.0,0.0
1787969076.5,0.00,705.8,0,0.260,0.000,0.0000,0,False,False,P,False,57.0,13.79,109560,11.45710,95.29,0.756,9.80,82.0,31.0,0.0
1787969076.7,0.00,703.8,0,0.260,0.000,0.0000,0,False,False,P,False,57.0,13.79,109560,11.45710,95.29,0.764,9.80,82.0,31.0,0.0
1787969076.9,0.00,703.8,0,0.260,0.000,0.0000,0,False,False,P,False,57.0,13.79,109560,11.45710,95.29,0.756,9.80,82.0,31.0,0.0
1787969077.1,0.00,699.8,0,0.260,0.000,0.0000,0,False,False,P,False,57.0,13.79,109560,11.45710,95.29,0.743,9.80,82.0,31.0,0.0
1787969077.3,0.00,697.5,0,0.260,0.000,0.0000,0,False,False,P,False,57.0,13.79,109560,11.45710,95.29,0.764,9.80,82.0,31.0,0.0
1787969077.5,0.00,695.0,0,0.260,0.000,0.0000,0,False,False,P,False,57.0,13.79,109560,11.45710,95.29,0.756,9.80,82.0,31.0,0.0
1787969077.7,0.00,696.5,0,0.260,0.000,0.0000,0,False,False,P,False,57.0,13.79,109560,11.45710,95.29,0.734,9.80,82.0,31.0,0.0
1787969077.9,0.00,696.5,0,0.260,0.000,0.0000,0,False,False,P,False,57.0,13.79,109560,11.45710,95.29,0.743,9.80,82.0,31.0,0.0
1787969078.1,0.00,698.8,0,0.260,0.000,0.0000,0,False,False,P,False,57.0,13.80,109560,11.45710,95.29,0.764,9.80,82.0,31.0,0.0
1787969078.3,0.00,697.2,0,0.260,0.000,0.0000,0,False,False,P,False,57.0,13.80,109560,11.45710,95.29,0.734,9.80,82.0,31.0,0.0
1787969078.5,0.00,697.5,0,0.260,0.000,0.0000,0,False,False,P,False,57.0,13.80,109560,11.45710,95.29,0.764,9.80,82.0,31.0,0.0
1787969078.7,0.00,699.2,0,0.260,0.000,0.0000,0,False,False,P,False,57.0,13.80,109560,11.45710,95.29,0.713,9.80,82.0,32.0,0.0
1787969078.9,0.00,701.2,0,0.260,0.000,0.0000,0,False,False,P,False,57.0,13.80,109560,11.45710,95.29,0.764,9.80,82.0,31.0,0.0
1787969079.1,0.00,705.8,0,0.260,0.000,0.0000,0,False,False,P,False,57.0,13.80,109560,11.45710,95.29,0.756,9.80,82.0,31.0,0.0
1787969079.3,0.00,703.2,0,0.260,0.000,0.0000,0,False,False,P,False,57.0,13.80,109560,11.45710,95.29,1.728,9.80,82.0,34.0,0.0
1787969079.5,0.00,762.5,0,0.260,0.000,0.0000,0,False,False,P,False,57.0,13.80,109560,11.45710,95.29,1.104,9.80,82.0,38.0,0.0
1787969079.7,0.00,756.8,0,0.260,0.000,0.0000,0,False,False,P,False,57.0,13.80,109560,11.45710,95.29,1.002,9.79,82.0,38.0,0.0
1787969079.9,0.00,731.8,0,0.260,0.000,0.0000,0,False,False,P,False,57.0,13.80,109560,11.45710,95.29,1.002,9.79,82.0,40.0,0.0
1787969080.1,0.00,737.0,0,0.260,0.000,0.0000,0,False,False,P,False,57.0,13.69,109560,11.45710,95.29,1.002,9.79,82.0,40.0,0.0
1787969080.3,0.00,722.8,0,0.260,0.000,0.0000,0,False,False,P,False,57.0,13.69,109560,11.45710,95.29,1.244,9.79,82.0,42.0,0.0
1787969080.5,0.00,731.8,0,0.260,0.000,0.0000,0,False,False,P,False,57.0,13.69,109560,11.45710,95.29,1.121,9.79,82.0,42.0,0.0
1787969080.7,0.00,733.8,0,0.260,0.000,0.0000,0,False,False,P,False,57.0,13.69,109560,11.45710,95.29,1.104,9.79,82.0,42.0,0.0
1787969080.9,0.00,733.2,0,0.260,0.000,0.0000,0,False,False,P,False,57.0,13.69,109560,11.45710,95.29,1.121,9.79,82.0,42.0,0.0
1787969081.1,0.00,730.5,0,0.260,0.000,0.0000,0,False,False,P,False,57.0,13.69,109560,11.45710,95.29,1.133,9.79,82.0,42.0,0.0
1787969081.3,0.00,726.0,0,0.260,0.000,0.0000,0,False,False,P,False,57.0,13.46,109560,11.45710,95.29,1.121,9.79,82.0,42.0,0.0
1787969081.5,0.00,724.0,0,0.260,0.000,0.0000,0,False,False,P,False,57.0,13.46,109560,11.45710,95.29,1.133,9.79,82.0,43.0,0.0
1787969081.7,0.00,721.0,0,0.260,0.000,0.0000,0,False,False,P,False,57.0,13.46,109560,11.45710,95.29,1.146,9.79,82.0,43.0,0.0
1787969081.9,0.00,715.5,0,0.260,0.000,0.0000,0,False,False,P,False,57.0,13.46,109560,11.45710,95.29,1.172,9.79,82.0,43.0,0.0
1787969082.1,0.00,714.8,0,0.260,0.000,0.0000,0,False,False,P,False,57.0,13.46,109560,11.45710,95.29,1.172,9.79,82.0,43.0,0.0
1787969082.3,0.00,716.5,0,0.260,0.000,0.0000,0,False,False,P,False,57.0,13.46,109560,11.45710,95.29,1.172,9.79,83.0,44.0,0.0
1787969082.5,0.00,720.5,0,0.260,0.000,0.0000,0,False,False,P,False,57.0,13.46,109560,11.45710,95.29,1.133,9.79,83.0,44.0,0.0
1787969082.7,0.00,724.8,0,0.260,0.000,0.0000,0,False,False,P,False,57.0,13.46,109560,11.45710,95.29,1.133,9.79,83.0,44.0,0.0
1787969083.0,0.00,733.0,0,0.260,0.000,0.0000,0,False,False,P,False,57.0,13.46,109560,11.45710,95.29,1.121,9.79,83.0,44.0,0.0
1787969083.2,0.00,738.0,0,0.260,0.000,0.0000,0,False,False,P,False,57.0,13.46,109560,11.45710,95.29,1.091,9.79,83.0,44.0,0.0
1787969083.4,0.00,739.2,0,0.260,0.000,0.0000,0,False,False,P,False,57.0,13.46,109560,11.45710,95.29,1.104,9.79,83.0,44.0,0.0
1787969083.6,0.00,733.5,0,0.260,0.000,0.0000,0,False,False,P,False,57.0,13.46,109560,11.45710,95.29,1.078,9.78,83.0,43.0,0.0
1787969083.8,0.00,731.5,0,0.260,0.000,0.0000,0,False,False,P,False,57.0,13.46,109560,11.45710,95.29,1.091,9.78,83.0,42.0,0.0
1787969084.0,0.00,723.8,0,0.260,0.000,0.0000,0,False,False,P,False,57.0,13.46,109560,11.45710,95.29,1.121,9.78,83.0,42.0,0.0
1787969084.2,0.00,720.0,0,0.260,0.000,0.0000,0,False,False,P,False,57.0,13.46,109560,11.45710,95.29,1.104,9.78,83.0,42.0,0.0
1787969084.4,0.00,714.0,0,0.260,0.000,0.0000,0,False,False,P,False,57.0,13.76,109560,11.45710,95.29,1.104,9.78,83.0,43.0,0.0
1787969084.6,0.00,713.5,0,0.260,0.000,0.0000,0,False,False,P,False,57.0,13.76,109560,11.45710,95.29,1.104,9.78,83.0,43.0,0.0
1787969084.8,0.00,711.2,0,0.260,0.000,0.0000,0,False,False,P,False,57.0,13.76,109560,11.45710,95.29,1.133,9.78,83.0,43.0,0.0
1787969085.0,0.00,711.8,0,0.260,0.000,0.0000,0,False,False,P,False,57.0,13.76,109560,11.45710,95.29,1.091,9.78,83.0,43.0,0.0
1787969085.2,0.00,712.5,0,0.260,0.000,0.0000,0,False,False,P,False,57.0,13.76,109560,11.45710,95.29,1.121,9.78,83.0,43.0,0.0
1787969085.4,0.00,712.8,0,0.260,0.000,0.0000,0,False,False,P,False,57.0,13.76,109560,11.45710,95.29,1.065,9.78,83.0,43.0,0.0
1787969085.6,0.00,711.8,0,0.260,0.000,0.0000,0,False,False,P,False,57.0,13.76,109560,11.45710,95.29,1.078,9.78,83.0,43.0,0.0
1787969085.8,0.00,713.2,0,0.260,0.000,0.0000,0,False,False,P,False,57.0,13.76,109560,11.45710,95.29,1.078,9.78,83.0,43.0,0.0
1787969086.0,0.00,715.0,0,0.260,0.000,0.0000,0,False,False,P,False,57.0,13.80,109560,11.45710,95.29,1.078,9.78,83.0,43.0,0.0
1787969086.2,0.00,713.8,0,0.260,0.000,0.0000,0,False,False,P,False,57.0,13.80,109560,11.45710,95.29,1.091,9.78,83.0,43.0,0.0
1787969086.4,0.00,712.8,0,0.260,0.000,0.0000,0,False,False,P,False,57.0,13.80,109560,11.45710,95.29,1.104,9.78,83.0,43.0,0.0
1787969086.6,0.00,713.5,0,0.260,0.000,0.0000,0,False,False,P,False,57.0,13.80,109560,11.45710,95.29,1.091,9.78,83.0,43.0,0.0
1787969086.8,0.00,710.8,0,0.260,0.000,0.0000,0,False,False,P,False,57.0,13.80,109560,11.45710,95.29,1.091,9.78,83.0,43.0,0.0
1787969087.0,0.00,710.8,0,0.260,0.000,0.0000,0,False,False,P,False,57.0,13.80,109560,11.45710,95.29,1.091,9.78,83.0,43.0,0.0
1787969087.2,0.00,708.5,0,0.260,0.000,0.0000,0,False,False,P,False,57.0,13.80,109560,11.45710,95.29,1.091,9.78,83.0,43.0,0.0
1787969087.4,0.00,707.5,0,0.260,0.000,0.0000,0,False,False,P,False,57.0,13.79,109560,11.45710,95.29,1.121,9.77,83.0,43.0,0.0
1787969087.6,0.00,705.2,0,0.260,0.000,0.0000,0,False,False,P,False,57.0,13.79,109560,11.45710,95.29,1.091,9.77,83.0,43.0,0.0
1787969087.8,0.00,704.2,0,0.260,0.000,0.0000,0,False,False,P,False,57.0,13.79,109560,11.45710,95.29,1.078,9.77,83.0,43.0,0.0
1787969088.0,0.00,703.8,0,0.260,0.000,0.0000,0,False,False,P,False,57.0,13.79,109560,11.45710,95.29,1.078,9.77,83.0,43.0,0.0
1787969088.2,0.00,702.0,0,0.260,0.000,0.0000,0,False,False,P,False,57.0,13.79,109560,11.45710,95.29,1.078,9.77,83.0,43.0,0.0
1787969088.4,0.00,699.5,0,0.260,0.000,0.0000,0,False,False,P,False,57.0,13.79,109560,11.45710,95.29,1.078,9.77,83.0,43.0,0.0
1787969088.6,0.00,697.2,0,0.260,0.000,0.0000,0,False,False,P,False,57.0,13.79,109560,11.45710,95.29,1.078,9.77,83.0,43.0,0.0
1787969088.8,0.00,697.0,0,0.260,0.000,0.0000,0,False,False,P,False,57.0,13.79,109560,11.45710,95.29,1.065,9.77,83.0,43.0,0.0
1787969089.0,0.00,695.8,0,0.260,0.000,0.0000,0,False,False,P,False,57.0,13.79,109560,11.45710,95.29,1.078,9.77,83.0,43.0,0.0
1787969089.2,0.00,699.2,0,0.260,0.000,0.0000,0,False,False,P,False,57.0,13.79,109560,11.45710,95.29,1.078,9.77,83.0,43.0,0.0
1787969089.5,0.00,700.2,0,0.260,0.000,0.0000,0,False,False,P,False,57.0,13.79,109560,11.45710,95.29,1.078,9.77,83.0,43.0,0.0
1787969089.7,0.00,701.2,0,0.260,0.000,0.0000,0,False,False,P,False,57.0,13.79,109560,11.45710,95.29,1.065,9.77,83.0,43.0,0.0
1787969089.9,0.00,702.8,0,0.260,0.000,0.0000,0,False,False,P,False,57.0,13.79,109560,11.45710,95.29,1.065,9.77,83.0,43.0,0.0
1787969090.1,0.00,704.0,0,0.260,0.000,0.0000,0,False,False,P,False,57.0,13.79,109560,11.45710,95.29,1.104,9.77,83.0,43.0,0.0
1787969090.3,0.00,704.0,0,0.260,0.000,0.0000,0,False,False,P,False,57.0,13.79,109560,11.45710,95.29,1.065,9.77,83.0,43.0,0.0
1787969090.5,0.00,705.5,0,0.260,0.000,0.0000,0,False,False,P,False,57.0,13.80,109560,11.45710,95.29,1.053,9.77,83.0,43.0,0.0
1787969090.7,0.00,705.8,0,0.260,0.000,0.0000,0,False,False,P,False,57.0,13.80,109560,11.45710,95.29,1.078,9.77,83.0,43.0,0.0
1787969090.9,0.00,702.5,0,0.260,0.000,0.0000,0,False,False,P,False,57.0,13.80,109560,11.45710,95.29,1.065,9.77,83.0,43.0,0.0
1787969091.1,0.00,701.8,0,0.260,0.000,0.0000,0,False,False,P,False,57.0,13.80,109560,11.45710,95.29,1.053,9.77,83.0,43.0,0.0
1787969091.3,0.00,697.2,0,0.260,0.000,0.0000,0,False,False,P,False,57.0,13.80,109560,11.45710,95.29,1.065,9.77,83.0,43.0,0.0
1787969091.5,0.00,697.5,0,0.260,0.000,0.0000,0,False,False,P,False,57.0,13.80,109560,11.45710,95.29,1.091,9.76,83.0,43.0,0.0
1787969091.7,0.00,696.0,0,0.260,0.000,0.0000,0,False,False,P,False,57.0,13.80,109560,11.45710,95.29,1.078,9.76,83.0,43.0,0.0
1787969091.9,0.00,698.5,0,0.260,0.000,0.0000,0,False,False,P,False,57.0,13.80,109560,11.45710,95.29,1.078,9.76,83.0,43.0,0.0
1787969092.1,0.00,698.5,0,0.260,0.000,0.0000,0,False,False,P,False,57.0,13.80,109560,11.45710,95.29,1.065,9.76,83.0,43.0,0.0
1787969092.3,0.00,701.2,0,0.260,0.000,0.0000,0,False,False,P,False,57.0,13.80,109560,11.45710,95.29,1.065,9.76,83.0,43.0,0.0
1787969092.5,0.00,703.8,0,0.260,0.000,0.0000,0,False,False,P,False,57.0,13.80,109560,11.45710,95.29,1.078,9.76,83.0,43.0,0.0
1787969092.7,0.00,705.2,0,0.260,0.000,0.0000,0,False,False,P,False,57.0,13.80,109560,11.45710,95.29,1.078,9.76,83.0,43.0,0.0
1787969092.9,0.00,702.5,0,0.260,0.000,0.0000,0,False,False,P,False,57.0,13.80,109560,11.45710,95.29,1.053,9.76,83.0,43.0,0.0
1787969093.1,0.00,702.2,0,0.260,0.000,0.0000,0,False,False,P,False,57.0,13.80,109560,11.45710,95.29,1.065,9.76,83.0,43.0,0.0
1787969093.3,0.00,701.0,0,0.260,0.000,0.0000,0,False,False,P,False,57.0,13.80,109560,11.45710,95.29,1.065,9.76,83.0,43.0,0.0
1787969093.5,0.00,699.5,0,0.260,0.000,0.0000,0,False,False,P,False,57.0,13.80,109560,11.45710,95.29,1.040,9.76,83.0,43.0,0.0
1787969093.7,0.00,697.2,0,0.260,0.000,0.0000,0,False,False,P,False,57.0,13.78,109560,11.45710,95.29,1.091,9.76,83.0,43.0,0.0
1787969093.9,0.00,694.8,0,0.260,0.000,0.0000,0,False,False,P,False,57.0,13.78,109560,11.45710,95.29,1.078,9.76,83.0,43.0,0.0
1787969094.1,0.00,697.0,0,0.260,0.000,0.0000,0,False,False,P,False,57.0,13.78,109560,11.45710,95.29,1.053,9.76,83.0,43.0,0.0
1787969094.3,0.00,696.2,0,0.260,0.000,0.0000,0,False,False,P,False,57.0,13.78,109560,11.45710,95.29,1.053,9.76,83.0,43.0,0.0
1787969094.5,0.00,695.0,0,0.260,0.000,0.0000,0,False,False,P,False,57.0,13.78,109560,11.45710,95.29,1.078,9.76,83.0,43.0,0.0
1787969094.7,0.00,697.0,0,0.260,0.000,0.0000,0,False,False,P,False,57.0,13.78,109560,11.45710,95.29,1.065,9.76,83.0,43.0,0.0
1787969094.9,0.00,700.0,0,0.260,0.000,0.0000,0,False,False,P,False,57.0,13.78,109560,11.45710,95.29,1.053,9.76,83.0,43.0,0.0
1787969095.1,0.00,701.5,0,0.260,0.000,0.0000,0,False,False,P,False,57.0,13.78,109560,11.45710,95.29,1.065,9.76,83.0,43.0,0.0
1787969095.4,0.00,704.0,0,0.260,0.000,0.0000,0,False,False,P,False,57.0,13.78,109560,11.45710,95.29,1.091,9.76,83.0,43.0,0.0
1787969095.6,0.00,704.0,0,0.260,0.000,0.0000,0,False,False,P,False,57.0,13.78,109560,11.45710,95.29,1.078,9.75,83.0,43.0,0.0
1787969095.8,0.00,704.8,0,0.260,0.000,0.0000,0,False,False,P,False,57.0,13.78,109560,11.45710,95.29,1.078,9.75,83.0,43.0,0.0
1787969096.0,0.00,702.8,0,0.260,0.000,0.0000,0,False,False,P,False,57.0,13.78,109560,11.45710,95.29,1.065,9.75,83.0,43.0,0.0
1787969096.2,0.00,701.0,0,0.260,0.000,0.0000,0,False,False,P,False,57.0,13.78,109560,11.45710,95.29,1.078,9.75,83.0,43.0,0.0
1787969096.4,0.00,700.0,0,0.260,0.000,0.0000,0,False,False,P,False,57.0,13.78,109560,11.45710,95.29,1.065,9.75,83.0,43.0,0.0
1787969096.6,0.00,700.5,0,0.260,0.000,0.0000,0,False,False,P,False,57.0,13.78,109560,11.45710,95.29,1.091,9.75,83.0,43.0,0.0
1787969096.8,0.00,700.2,0,0.260,0.000,0.0000,0,False,False,P,False,57.0,13.80,109560,11.45710,95.29,1.053,9.75,83.0,43.0,0.0
1787969097.0,0.00,700.0,0,0.260,0.000,0.0000,0,False,False,P,False,57.0,13.80,109560,11.45710,95.29,1.104,9.75,83.0,43.0,0.0
1787969097.2,0.00,700.5,0,0.260,0.000,0.0000,0,False,False,P,False,57.0,13.80,109560,11.45710,95.29,1.091,9.75,83.0,43.0,0.0
1787969097.4,0.00,698.8,0,0.260,0.000,0.0000,0,False,False,P,False,57.0,13.80,109560,11.45710,95.29,1.053,9.75,83.0,43.0,0.0
1787969097.6,0.00,698.0,0,0.260,0.000,0.0000,0,False,False,P,False,57.0,13.80,109560,11.45710,95.29,1.053,9.75,83.0,43.0,0.0
1787969097.8,0.00,695.8,0,0.260,0.000,0.0000,0,False,False,P,False,57.0,13.80,109560,11.45710,95.29,1.065,9.75,83.0,43.0,0.0
1787969098.0,0.00,696.2,0,0.260,0.000,0.0000,0,False,False,P,False,57.0,13.80,109560,11.45710,95.29,1.053,9.75,83.0,43.0,0.0
1787969098.2,0.00,698.0,0,0.260,0.000,0.0000,0,False,False,P,False,57.0,13.80,109560,11.45710,95.29,1.091,9.75,83.0,43.0,0.0
1787969098.4,0.00,698.2,0,0.260,0.000,0.0000,0,False,False,P,False,57.0,13.80,109560,11.45710,95.29,1.053,9.75,83.0,43.0,0.0
1787969098.6,0.00,700.8,0,0.260,0.000,0.0000,0,False,False,P,False,57.0,13.80,109560,11.45710,95.29,1.104,9.75,83.0,43.0,0.0
1787969098.8,0.00,703.8,0,0.260,0.000,0.0000,0,False,False,P,False,57.0,13.80,109560,11.45710,95.29,1.065,9.75,83.0,43.0,0.0
1787969099.0,0.00,705.0,0,0.260,0.000,0.0000,0,False,False,P,False,57.0,13.80,109560,11.45710,95.29,1.091,9.75,83.0,43.0,0.0
1787969099.2,0.00,705.5,0,0.260,0.000,0.0000,0,False,False,P,False,57.0,13.80,109560,11.45710,95.29,1.065,9.75,83.0,43.0,0.0
1787969099.4,0.00,706.5,0,0.260,0.000,0.0000,0,False,False,P,False,57.0,13.80,109560,11.45710,95.29,1.065,9.75,83.0,43.0,0.0
1787969099.6,0.00,702.0,0,0.260,0.000,0.0000,0,False,False,P,False,57.0,13.80,109560,11.45710,95.29,1.078,9.74,83.0,43.0,0.0
1787969099.8,0.00,699.2,0,0.260,0.000,0.0000,0,False,False,P,False,57.0,13.80,109560,11.45710,95.29,0.794,9.74,83.0,42.0,0.0
1787969100.0,0.00,691.5,0,0.260,0.000,0.0000,0,False,False,P,False,57.0,13.80,109560,11.45710,95.29,0.777,9.74,83.0,41.0,0.0
1787969100.2,0.00,737.2,0,0.260,0.000,0.0000,0,False,False,P,False,57.0,13.80,109560,11.45710,95.29,0.785,9.74,83.0,38.0,0.0
1787969100.4,0.00,742.8,0,0.260,0.000,0.0000,0,False,False,P,False,57.0,13.80,109560,11.45710,95.29,0.764,9.74,83.0,36.0,0.0
1787969100.6,0.00,741.8,0,0.260,0.000,0.0000,0,False,False,P,False,57.0,13.80,109560,11.45710,95.29,0.764,9.74,83.0,35.0,0.0
1787969100.8,0.00,730.0,0,0.260,0.000,0.0000,0,False,False,P,False,57.0,13.80,109560,11.45710,95.29,0.713,9.74,84.0,33.0,0.0
1787969101.0,0.00,725.5,0,0.260,0.000,0.0000,0,False,False,P,False,57.0,13.80,109560,11.45710,95.29,0.713,9.74,84.0,32.0,0.0
1787969101.3,0.00,715.0,0,0.260,0.000,0.0000,0,False,False,P,False,57.0,13.80,109560,11.45710,95.29,0.713,9.74,83.0,32.0,0.0
1787969101.5,0.00,704.5,0,0.260,0.000,0.0000,0,False,False,P,False,57.0,13.80,109560,11.45710,95.29,0.734,9.74,84.0,31.0,0.0
1787969101.7,0.00,696.0,0,0.260,0.000,0.0000,0,False,False,P,False,57.0,13.80,109560,11.45710,95.29,0.756,9.74,84.0,31.0,0.0
1787969101.9,0.00,693.5,0,0.260,0.000,0.0000,0,False,False,P,False,57.0,13.80,109560,11.45710,95.29,0.713,9.74,84.0,31.0,0.0
1787969102.1,0.00,690.0,0,0.260,0.000,0.0000,0,False,False,P,False,57.0,13.79,109560,11.45710,95.29,0.743,9.74,84.0,32.0,0.0
1787969102.3,0.00,694.2,0,0.260,0.000,0.0000,0,False,False,P,False,57.0,13.79,109560,11.45710,95.29,0.743,9.74,84.0,32.0,0.0
1787969102.5,0.00,696.5,0,0.260,0.000,0.0000,0,False,False,P,False,57.0,13.79,109560,11.45710,95.29,0.726,9.74,84.0,32.0,0.0
1787969102.7,0.00,702.2,0,0.260,0.000,0.0000,0,False,False,P,False,57.0,13.79,109560,11.45710,95.29,0.734,9.74,84.0,32.0,0.0
1787969102.9,0.00,701.8,0,0.260,0.000,0.0000,0,False,False,P,False,57.0,13.81,109560,11.45710,95.29,0.734,9.74,84.0,32.0,0.0
1787969103.1,0.00,706.2,0,0.260,0.000,0.0000,0,False,False,P,False,57.0,13.81,109560,11.45710,95.29,0.726,9.74,84.0,32.0,0.0
1787969103.3,0.00,701.0,0,0.260,0.000,0.0000,0,False,False,P,False,57.0,13.81,109560,11.45710,95.29,0.734,9.74,84.0,31.0,0.0
1787969103.5,0.00,697.0,0,0.260,0.000,0.0000,0,False,False,P,False,57.0,13.81,109560,11.45710,95.29,0.726,9.74,84.0,31.0,0.0
1787969103.7,0.00,700.2,0,0.260,0.000,0.0000,0,False,False,P,False,57.0,13.81,109560,11.45710,95.29,0.726,9.74,84.0,31.0,0.0
1787969103.9,0.00,699.5,0,0.260,0.000,0.0000,0,False,False,P,False,57.0,13.81,109560,11.45710,95.29,0.726,9.74,84.0,31.0,0.0
1787969104.1,0.00,700.8,0,0.260,0.000,0.0000,0,False,False,P,False,57.0,13.81,109560,11.45710,95.29,0.734,9.74,84.0,31.0,0.0
1787969104.3,0.00,703.8,0,0.260,0.000,0.0000,0,False,False,P,False,57.0,13.81,109560,11.45710,95.29,0.726,9.74,84.0,31.0,0.0
1787969104.5,0.00,702.8,0,0.260,0.000,0.0000,0,False,False,P,False,57.0,13.81,109560,11.45710,95.29,0.713,9.74,84.0,31.0,0.0
1787969104.7,0.00,704.2,0,0.260,0.000,0.0000,0,False,False,P,False,57.0,13.81,109560,11.45710,95.29,0.734,9.74,84.0,31.0,0.0
1787969104.9,0.00,706.0,0,0.260,0.000,0.0000,0,False,False,P,False,57.0,13.81,109560,11.45710,95.29,0.726,9.74,84.0,31.0,0.0
1787969105.1,0.00,703.8,0,0.260,0.000,0.0000,0,False,False,P,False,57.0,13.81,109560,11.45710,95.29,0.726,9.74,84.0,31.0,0.0
1787969105.3,0.00,706.2,0,0.260,0.000,0.0000,0,False,False,P,False,57.0,13.81,109560,11.45710,95.29,0.743,9.74,84.0,31.0,0.0
1787969105.5,0.00,702.5,0,0.260,0.000,0.0000,0,False,False,P,False,57.0,13.81,109560,11.45710,95.29,0.743,9.73,84.0,31.0,0.0
1787969105.7,0.00,701.0,0,0.260,0.000,0.0000,0,False,False,P,False,57.0,13.81,109560,11.45710,95.29,0.734,9.73,84.0,31.0,0.0
1787969105.9,0.00,699.2,0,0.260,0.000,0.0000,0,False,False,P,False,57.0,13.81,109560,11.45710,95.29,0.726,9.73,84.0,31.0,0.0
1787969106.1,0.00,700.2,0,0.260,0.000,0.0000,0,False,False,P,False,57.0,13.81,109560,11.45710,95.29,0.726,9.73,84.0,31.0,0.0
1787969106.3,0.00,702.5,0,0.260,0.000,0.0000,0,False,False,P,False,57.0,13.81,109560,11.45710,95.29,0.743,9.73,84.0,31.0,0.0
1787969106.5,0.00,702.5,0,0.260,0.000,0.0000,0,False,False,P,False,57.0,13.81,109560,11.45710,95.29,0.726,9.73,84.0,31.0,0.0
1787969106.7,0.00,701.8,0,0.260,0.000,0.0000,0,False,False,P,False,57.0,13.81,109560,11.45710,95.29,0.734,9.73,84.0,31.0,0.0
1787969106.9,0.00,700.2,0,0.260,0.000,0.0000,0,False,False,P,False,57.0,13.81,109560,11.45710,95.29,0.743,9.73,84.0,31.0,0.0
1787969107.1,0.00,695.2,0,0.260,0.000,0.0000,0,False,False,P,False,57.0,13.81,109560,11.45710,95.29,0.726,9.73,84.0,31.0,0.0
1787969107.4,0.00,698.2,0,0.260,0.000,0.0000,0,False,False,P,False,57.0,13.81,109560,11.45710,95.29,0.743,9.73,84.0,31.0,0.0
1787969107.6,0.00,697.8,0,0.260,0.000,0.0000,0,False,False,P,False,57.0,13.81,109560,11.45710,95.29,0.743,9.73,84.0,31.0,0.0
1787969107.8,0.00,696.2,0,0.260,0.000,0.0000,0,False,False,P,False,57.0,13.81,109560,11.45710,95.29,0.734,9.73,84.0,31.0,0.0
1787969108.0,0.00,695.8,0,0.260,0.000,0.0000,0,False,False,P,False,57.0,13.81,109560,11.45710,95.29,0.726,9.73,84.0,31.0,0.0
1787969108.2,0.00,699.8,0,0.260,0.000,0.0000,0,False,False,P,False,57.0,13.81,109560,11.45710,95.29,0.726,9.73,84.0,31.0,0.0
1787969108.4,0.00,696.8,0,0.260,0.000,0.0000,0,False,False,P,False,57.0,13.81,109560,11.45710,95.29,0.713,9.73,84.0,31.0,0.0
1787969108.6,0.00,699.0,0,0.260,0.000,0.0000,0,False,False,P,False,57.0,13.81,109560,11.45710,95.29,0.743,9.73,84.0,31.0,0.0
1787969108.8,0.00,695.2,0,0.260,0.000,0.0000,0,False,False,P,False,57.0,13.81,109560,11.45710,95.29,0.734,9.73,84.0,31.0,0.0
1787969109.0,0.00,697.5,0,0.260,0.000,0.0000,0,False,False,P,False,57.0,13.81,109560,11.45710,95.29,0.734,9.73,84.0,31.0,0.0
1787969109.2,0.00,698.8,0,0.260,0.000,0.0000,0,False,False,P,False,57.0,13.81,109560,11.45710,95.29,0.734,9.73,84.0,31.0,0.0
1787969109.4,0.00,704.0,0,0.260,0.000,0.0000,0,False,False,P,False,57.0,13.81,109560,11.45710,95.29,0.726,9.73,84.0,31.0,0.0
1787969109.6,0.00,702.5,0,0.260,0.000,0.0000,0,False,False,P,False,57.0,13.81,109560,11.45710,95.29,0.734,9.73,84.0,31.0,0.0
1787969109.8,0.00,703.8,0,0.260,0.000,0.0000,0,False,False,P,False,57.0,13.81,109560,11.45710,95.29,0.743,9.73,84.0,31.0,0.0
1787969110.0,0.00,743.8,0,0.260,0.000,0.0000,0,False,False,P,False,57.0,13.81,109560,11.45710,95.29,1.651,9.73,84.0,39.0,0.0
1787969110.2,0.00,797.5,0,0.260,0.000,0.0000,0,False,False,P,False,57.0,13.81,109560,11.45710,95.29,1.002,9.73,84.0,40.0,0.0
1787969110.4,0.00,738.0,0,0.260,0.000,0.0000,0,False,False,P,False,57.0,13.81,109560,11.45710,95.29,1.040,9.73,84.0,40.0,0.0
1787969110.6,0.00,750.0,0,0.260,0.000,0.0000,0,False,False,P,False,57.0,13.81,109560,11.45710,95.29,1.121,9.73,84.0,41.0,0.0
1787969110.8,0.00,738.5,0,0.260,0.000,0.0000,0,False,False,P,False,57.0,13.81,109560,11.45710,95.29,1.214,9.72,84.0,41.0,0.0
1787969111.0,0.00,737.5,0,0.260,0.000,0.0000,0,False,False,P,False,57.0,13.38,109560,11.45710,95.29,1.133,9.72,84.0,42.0,0.0
1787969111.2,0.00,734.2,0,0.260,0.000,0.0000,0,False,False,P,False,57.0,13.38,109560,11.45710,95.29,1.104,9.72,84.0,42.0,0.0
1787969111.4,0.00,729.5,0,0.260,0.000,0.0000,0,False,False,P,False,57.0,13.38,109560,11.45710,95.29,1.121,9.72,84.0,42.0,0.0
1787969111.6,0.00,728.5,0,0.260,0.000,0.0000,0,False,False,P,False,57.0,13.38,109560,11.45710,95.29,1.078,9.72,84.0,42.0,0.0
1787969111.8,0.00,724.0,0,0.260,0.000,0.0000,0,False,False,P,False,57.0,13.38,109560,11.45710,95.29,1.121,9.72,84.0,43.0,0.0
1787969112.0,0.00,717.8,0,0.260,0.000,0.0000,0,False,False,P,False,57.0,13.38,109560,11.45710,95.29,1.091,9.72,84.0,43.0,0.0
1787969112.2,0.00,710.8,0,0.260,0.000,0.0000,0,False,False,P,False,57.0,13.47,109560,11.45710,95.29,1.201,9.72,84.0,43.0,0.0
1787969112.4,0.00,702.2,0,0.260,0.000,0.0000,0,False,False,P,False,57.0,13.47,109560,11.45710,95.29,1.133,9.72,84.0,44.0,0.0
1787969112.6,0.00,699.2,0,0.260,0.000,0.0000,0,False,False,P,False,57.0,13.47,109560,11.45710,95.29,1.172,9.72,84.0,45.0,0.0
1787969112.8,0.00,701.5,0,0.260,0.000,0.0000,0,False,False,P,False,57.0,13.47,109560,11.45710,95.29,1.189,9.72,84.0,45.0,0.0
1787969113.0,0.00,710.2,0,0.260,0.000,0.0000,0,False,False,P,False,57.0,13.47,109560,11.45710,95.29,1.159,9.72,84.0,45.0,0.0
1787969113.2,0.00,715.8,0,0.260,0.000,0.0000,0,False,False,P,False,57.0,13.47,109560,11.45710,95.29,1.159,9.72,84.0,45.0,0.0
1787969113.4,0.00,728.5,0,0.260,0.000,0.0000,0,False,False,P,False,57.0,13.47,109560,11.45710,95.29,1.121,9.72,84.0,45.0,0.0
1787969113.7,0.00,738.5,0,0.260,0.000,0.0000,0,False,False,P,False,57.0,13.47,109560,11.45710,95.29,1.104,9.72,84.0,45.0,0.0
1787969113.9,0.00,736.2,0,0.260,0.000,0.0000,0,False,False,P,False,57.0,13.47,109560,11.45710,95.29,1.065,9.72,84.0,44.0,0.0
1787969114.1,0.00,734.5,0,0.260,0.000,0.0000,0,False,False,P,False,57.0,13.47,109560,11.45710,95.29,1.053,9.72,84.0,43.0,0.0
1787969114.3,0.00,725.2,0,0.260,0.000,0.0000,0,False,False,P,False,57.0,13.47,109560,11.45710,95.29,1.065,9.72,84.0,43.0,0.0
1787969114.5,0.00,724.5,0,0.260,0.000,0.0000,0,False,False,P,False,57.0,13.47,109560,11.45710,95.29,1.078,9.72,84.0,43.0,0.0
1787969114.7,0.00,720.5,0,0.260,0.000,0.0000,0,False,False,P,False,57.0,13.47,109560,11.45710,95.29,1.133,9.71,84.0,43.0,0.0
1787969114.9,0.00,717.0,0,0.260,0.000,0.0000,0,False,False,P,False,57.0,13.47,109560,11.45710,95.29,1.104,9.71,84.0,43.0,0.0
1787969115.1,0.00,715.8,0,0.260,0.000,0.0000,0,False,False,P,False,57.0,13.47,109560,11.45710,95.29,1.104,9.71,84.0,43.0,0.0
1787969115.3,0.00,713.8,0,0.260,0.000,0.0000,0,False,False,P,False,57.0,13.80,109560,11.45710,95.29,1.053,9.71,84.0,43.0,0.0
1787969115.5,0.00,715.2,0,0.260,0.000,0.0000,0,False,False,P,False,57.0,13.80,109560,11.45710,95.29,1.078,9.71,84.0,43.0,0.0
1787969115.7,0.00,713.2,0,0.260,0.000,0.0000,0,False,False,P,False,57.0,13.80,109560,11.45710,95.29,1.091,9.71,84.0,43.0,0.0
1787969115.9,0.00,709.5,0,0.260,0.000,0.0000,0,False,False,P,False,57.0,13.80,109560,11.45710,95.29,1.078,9.71,84.0,43.0,0.0
1787969116.1,0.00,708.5,0,0.260,0.000,0.0000,0,False,False,P,False,57.0,13.80,109560,11.45710,95.29,1.091,9.71,84.0,43.0,0.0
1787969116.3,0.00,708.8,0,0.260,0.000,0.0000,0,False,False,P,False,57.0,13.80,109560,11.45710,95.29,1.078,9.71,84.0,43.0,0.0
1787969116.5,0.00,706.0,0,0.260,0.000,0.0000,0,False,False,P,False,57.0,13.80,109560,11.45710,95.29,1.065,9.71,84.0,43.0,0.0
1787969116.7,0.00,707.2,0,0.260,0.000,0.0000,0,False,False,P,False,57.0,13.80,109560,11.45710,95.29,1.078,9.71,84.0,43.0,0.0
1787969116.9,0.00,705.8,0,0.260,0.000,0.0000,0,False,False,P,False,57.0,13.80,109560,11.45710,95.29,1.065,9.71,84.0,43.0,0.0
1787969117.1,0.00,706.8,0,0.260,0.000,0.0000,0,False,False,P,False,57.0,13.80,109560,11.45710,95.29,1.065,9.71,84.0,43.0,0.0
1787969117.3,0.00,705.0,0,0.260,0.000,0.0000,0,False,False,P,False,57.0,13.80,109560,11.45710,95.29,1.053,9.71,84.0,43.0,0.0
1787969117.5,0.00,704.8,0,0.260,0.000,0.0000,0,False,False,P,False,57.0,13.80,109560,11.45710,95.29,1.078,9.71,84.0,43.0,0.0
1787969117.7,0.00,705.0,0,0.260,0.000,0.0000,0,False,False,P,False,57.0,13.80,109560,11.45710,95.29,1.065,9.71,84.0,43.0,0.0
1787969117.9,0.00,703.0,0,0.260,0.000,0.0000,0,False,False,P,False,57.0,13.80,109560,11.45710,95.29,1.053,9.71,84.0,43.0,0.0
1787969118.1,0.00,705.0,0,0.260,0.000,0.0000,0,False,False,P,False,57.0,13.80,109560,11.45710,95.29,1.065,9.71,84.0,43.0,0.0
1787969118.3,0.00,705.0,0,0.260,0.000,0.0000,0,False,False,P,False,57.0,13.79,109560,11.45710,95.29,1.078,9.71,84.0,43.0,0.0
1787969118.5,0.00,705.2,0,0.260,0.000,0.0000,0,False,False,P,False,57.0,13.79,109560,11.45710,95.29,1.065,9.71,84.0,43.0,0.0
1787969118.7,0.00,707.0,0,0.260,0.000,0.0000,0,False,False,P,False,57.0,13.79,109560,11.45710,95.29,1.091,9.70,84.0,43.0,0.0
1787969118.9,0.00,704.8,0,0.260,0.000,0.0000,0,False,False,P,False,57.0,13.79,109560,11.45710,95.29,1.065,9.70,84.0,43.0,0.0
1787969119.1,0.00,703.0,0,0.260,0.000,0.0000,0,False,False,P,False,57.0,13.79,109560,11.45710,95.29,1.027,9.70,84.0,43.0,0.0
1787969119.3,0.00,700.2,0,0.260,0.000,0.0000,0,False,False,P,False,57.0,13.79,109560,11.45710,95.29,1.104,9.70,84.0,43.0,0.0
1787969119.5,0.00,701.2,0,0.260,0.000,0.0000,0,False,False,P,False,57.0,13.79,109560,11.45710,95.29,1.078,9.70,84.0,43.0,0.0
1787969119.7,0.00,700.2,0,0.260,0.000,0.0000,0,False,False,P,False,57.0,13.79,109560,11.45710,95.29,1.078,9.70,84.0,43.0,0.0
1787969119.9,0.00,701.2,0,0.260,0.000,0.0000,0,False,False,P,False,57.0,13.79,109560,11.45710,95.29,1.053,9.70,84.0,43.0,0.0
1787969120.2,0.00,700.8,0,0.260,0.000,0.0000,0,False,False,P,False,57.0,13.79,109560,11.45710,95.29,1.065,9.70,84.0,43.0,0.0
1787969120.4,0.00,701.5,0,0.260,0.000,0.0000,0,False,False,P,False,57.0,13.79,109560,11.45710,95.29,1.065,9.70,84.0,43.0,0.0
1787969120.6,0.00,701.2,0,0.260,0.000,0.0000,0,False,False,P,False,57.0,13.79,109560,11.45710,95.29,1.091,9.70,84.0,43.0,0.0
1787969120.8,0.00,698.8,0,0.260,0.000,0.0000,0,False,False,P,False,57.0,13.79,109560,11.45710,95.29,1.065,9.70,84.0,43.0,0.0
1787969121.0,0.00,697.2,0,0.260,0.000,0.0000,0,False,False,P,False,57.0,13.79,109560,11.45710,95.29,1.053,9.70,84.0,43.0,0.0
1787969121.2,0.00,699.8,0,0.260,0.000,0.0000,0,False,False,P,False,57.0,13.79,109560,11.45710,95.29,1.078,9.70,84.0,43.0,0.0
1787969121.4,0.00,702.2,0,0.260,0.000,0.0000,0,False,False,P,False,57.0,13.81,109560,11.45710,95.29,1.027,9.70,84.0,43.0,0.0
1787969121.6,0.00,702.8,0,0.260,0.000,0.0000,0,False,False,P,False,57.0,13.81,109560,11.45710,95.29,1.091,9.70,84.0,43.0,0.0
1787969121.8,0.00,703.0,0,0.260,0.000,0.0000,0,False,False,P,False,57.0,13.81,109560,11.45710,95.29,1.078,9.70,84.0,43.0,0.0
1787969122.0,0.00,704.0,0,0.260,0.000,0.0000,0,False,False,P,False,57.0,13.81,109560,11.45710,95.29,1.053,9.70,84.0,43.0,0.0
1787969122.2,0.00,703.0,0,0.260,0.000,0.0000,0,False,False,P,False,57.0,13.81,109560,11.45710,95.29,1.078,9.70,84.0,43.0,0.0
1787969122.4,0.00,703.0,0,0.260,0.000,0.0000,0,False,False,P,False,57.0,13.81,109560,11.45710,95.29,1.065,9.70,84.0,43.0,0.0
1787969122.6,0.00,700.0,0,0.260,0.000,0.0000,0,False,False,P,False,57.0,13.81,109560,11.45710,95.29,1.065,9.70,84.0,43.0,0.0
1787969122.8,0.00,700.8,0,0.260,0.000,0.0000,0,False,False,P,False,57.0,13.81,109560,11.45710,95.29,1.053,9.69,84.0,43.0,0.0
1787969123.0,0.00,699.8,0,0.260,0.000,0.0000,0,False,False,P,False,57.0,13.81,109560,11.45710,95.29,1.091,9.69,84.0,43.0,0.0
1787969123.2,0.00,699.0,0,0.260,0.000,0.0000,0,False,False,P,False,57.0,13.81,109560,11.45710,95.29,1.065,9.69,84.0,43.0,0.0
1787969123.4,0.00,698.8,0,0.260,0.000,0.0000,0,False,False,P,False,57.0,13.81,109560,11.45710,95.29,1.091,9.69,84.0,43.0,0.0
1787969123.6,0.00,698.8,0,0.260,0.000,0.0000,0,False,False,P,False,57.0,13.81,109560,11.45710,95.29,1.104,9.69,84.0,43.0,0.0
1787969123.8,0.00,699.5,0,0.260,0.000,0.0000,0,False,False,P,False,57.0,13.81,109560,11.45710,95.29,1.053,9.69,84.0,43.0,0.0
1787969124.0,0.00,698.2,0,0.260,0.000,0.0000,0,False,False,P,False,57.0,13.81,109560,11.45710,95.29,1.065,9.69,84.0,43.0,0.0
1787969124.2,0.00,696.0,0,0.260,0.000,0.0000,0,False,False,P,False,57.0,13.81,109560,11.45710,95.29,1.065,9.69,84.0,43.0,0.0
1787969124.4,0.00,697.0,0,0.260,0.000,0.0000,0,False,False,P,False,57.0,13.81,109560,11.45710,95.29,0.891,9.69,84.0,43.0,0.0
1787969124.6,0.00,686.8,0,0.260,0.000,0.0000,0,False,False,P,False,57.0,13.81,109560,11.45710,95.29,0.726,9.69,84.0,41.0,0.0
1787969124.8,0.00,729.0,0,0.260,0.000,0.0000,0,False,False,P,False,57.0,13.81,109560,11.45710,95.29,0.743,9.69,84.0,39.0,0.0
1787969125.0,0.00,743.0,0,0.260,0.000,0.0000,0,False,False,P,False,57.0,13.81,109560,11.45710,95.29,0.756,9.69,84.0,38.0,0.0
1787969125.2,0.00,733.2,0,0.260,0.000,0.0000,0,False,False,P,False,57.0,13.81,109560,11.45710,95.29,0.777,9.69,84.0,35.0,0.0
1787969125.4,0.00,734.2,0,0.260,0.000,0.0000,0,False,False,P,False,57.0,13.81,109560,11.45710,95.29,0.705,9.69,85.0,34.0,0.0
1787969125.6,0.00,726.5,0,0.260,0.000,0.0000,0,False,False,P,False,57.0,13.81,109560,11.45710,95.29,0.705,9.69,85.0,33.0,0.0
1787969125.8,0.00,710.0,0,0.260,0.000,0.0000,0,False,False,P,False,57.0,13.81,109560,11.45710,95.29,0.726,9.69,84.0,32.0,0.0
1787969126.1,0.00,711.2,0,0.260,0.000,0.0000,0,False,False,P,False,57.0,13.81,109560,11.45710,95.29,0.705,9.69,85.0,32.0,0.0
1787969126.3,0.00,699.5,0,0.260,0.000,0.0000,0,False,False,P,False,57.0,13.81,109560,11.45710,95.29,0.734,9.69,84.0,31.0,0.0
1787969126.5,0.00,693.0,0,0.260,0.000,0.0000,0,False,False,P,False,57.0,13.81,109560,11.45710,95.29,0.726,9.69,84.0,31.0,0.0
1787969126.7,0.00,690.5,0,0.260,0.000,0.0000,0,False,False,P,False,57.0,13.81,109560,11.45710,95.29,0.713,9.69,85.0,31.0,0.0
1787969126.9,0.00,692.8,0,0.260,0.000,0.0000,0,False,False,P,False,57.0,13.81,109560,11.45710,95.29,0.713,9.69,84.0,32.0,0.0
1787969127.1,0.00,690.5,0,0.260,0.000,0.0000,0,False,False,P,False,57.0,13.81,109560,11.45710,95.29,0.726,9.69,85.0,31.0,0.0
1787969127.3,0.00,693.5,0,0.260,0.000,0.0000,0,False,False,P,False,57.0,13.81,109560,11.45710,95.29,0.713,9.69,85.0,32.0,0.0
1787969127.5,0.00,698.2,0,0.260,0.000,0.0000,0,False,False,P,False,57.0,13.81,109560,11.45710,95.29,0.726,9.69,85.0,31.0,0.0
1787969127.7,0.00,695.5,0,0.260,0.000,0.0000,0,False,False,P,False,57.0,13.81,109560,11.45710,95.29,0.705,9.69,84.0,31.0,0.0
1787969127.9,0.00,696.0,0,0.260,0.000,0.0000,0,False,False,P,False,57.0,13.81,109560,11.45710,95.29,0.713,9.68,85.0,31.0,0.0
1787969128.1,0.00,695.2,0,0.260,0.000,0.0000,0,False,False,P,False,57.0,13.81,109560,11.45710,95.29,0.734,9.68,85.0,31.0,0.0
1787969128.3,0.00,697.8,0,0.260,0.000,0.0000,0,False,False,P,False,57.0,13.81,109560,11.45710,95.29,0.734,9.68,85.0,31.0,0.0
1787969128.5,0.00,697.8,0,0.260,0.000,0.0000,0,False,False,P,False,57.0,13.81,109560,11.45710,95.29,0.726,9.68,85.0,31.0,0.0
1787969128.7,0.00,699.2,0,0.260,0.000,0.0000,0,False,False,P,False,57.0,13.81,109560,11.45710,95.29,0.726,9.68,85.0,31.0,0.0
1787969128.9,0.00,698.5,0,0.260,0.000,0.0000,0,False,False,P,False,57.0,13.81,109560,11.45710,95.29,0.713,9.68,85.0,31.0,0.0
1787969129.1,0.00,698.2,0,0.260,0.000,0.0000,0,False,False,P,False,57.0,13.83,109560,11.45710,95.29,0.734,9.68,85.0,31.0,0.0
1787969129.3,0.00,700.8,0,0.260,0.000,0.0000,0,False,False,P,False,57.0,13.83,109560,11.45710,95.29,0.726,9.68,85.0,31.0,0.0
1787969129.5,0.00,703.5,0,0.260,0.000,0.0000,0,False,False,P,False,57.0,13.83,109560,11.45710,95.29,0.734,9.68,85.0,31.0,0.0
1787969129.7,0.00,700.8,0,0.260,0.000,0.0000,0,False,False,P,False,57.0,13.83,109560,11.45710,95.29,0.705,9.68,85.0,31.0,0.0
1787969129.9,0.00,700.8,0,0.260,0.000,0.0000,0,False,False,P,False,57.0,13.83,109560,11.45710,95.29,0.726,9.68,85.0,31.0,0.0
1787969130.1,0.00,694.8,0,0.260,0.000,0.0000,0,False,False,P,False,57.0,13.83,109560,11.45710,95.29,0.726,9.68,85.0,31.0,0.0
1787969130.3,0.00,692.8,0,0.260,0.000,0.0000,0,False,False,P,False,57.0,13.83,109560,11.45710,95.29,0.734,9.68,85.0,31.0,0.0
1787969130.5,0.00,698.0,0,0.260,0.000,0.0000,0,False,False,P,False,57.0,13.83,109560,11.45710,95.29,0.743,9.68,85.0,31.0,0.0
1787969130.7,0.00,696.0,0,0.260,0.000,0.0000,0,False,False,P,False,57.0,13.82,109560,11.45710,95.29,0.713,9.68,85.0,31.0,0.0
1787969130.9,0.00,696.2,0,0.260,0.000,0.0000,0,False,False,P,False,57.0,13.82,109560,11.45710,95.29,0.713,9.68,85.0,31.0,0.0
1787969131.1,0.00,698.2,0,0.260,0.000,0.0000,0,False,False,P,False,57.0,13.82,109560,11.45710,95.29,0.734,9.68,85.0,31.0,0.0
1787969131.3,0.00,694.5,0,0.260,0.000,0.0000,0,False,False,P,False,57.0,13.82,109560,11.45710,95.29,0.713,9.68,85.0,31.0,0.0
1787969131.5,0.00,696.0,0,0.260,0.000,0.0000,0,False,False,P,False,57.0,13.82,109560,11.45710,95.29,0.734,9.68,85.0,31.0,0.0
1787969131.7,0.00,694.0,0,0.260,0.000,0.0000,0,False,False,P,False,57.0,13.82,109560,11.45710,95.29,0.726,9.68,85.0,31.0,0.0
1787969131.9,0.00,694.0,0,0.260,0.000,0.0000,0,False,False,P,False,57.0,13.82,109560,11.45710,95.29,0.734,9.68,85.0,31.0,0.0
1787969132.1,0.00,698.0,0,0.260,0.000,0.0000,0,False,False,P,False,57.0,13.82,109560,11.45710,95.29,0.734,9.68,85.0,32.0,0.0
1787969132.3,0.00,701.0,0,0.260,0.000,0.0000,0,False,False,P,False,57.0,13.82,109560,11.45710,95.29,0.713,9.68,85.0,31.0,0.0
1787969132.6,0.00,701.2,0,0.260,0.000,0.0000,0,False,False,P,False,57.0,13.82,109560,11.45710,95.29,0.713,9.68,85.0,31.0,0.0
1787969132.8,0.00,702.0,0,0.260,0.000,0.0000,0,False,False,P,False,57.0,13.82,109560,11.45710,95.29,0.726,9.68,85.0,31.0,0.0
1787969133.0,0.00,700.5,0,0.260,0.000,0.0000,0,False,False,P,False,57.0,13.82,109560,11.45710,95.29,0.726,9.68,85.0,31.0,0.0
1787969133.2,0.00,701.5,0,0.260,0.000,0.0000,0,False,False,P,False,57.0,13.82,109560,11.45710,95.29,0.726,9.68,85.0,31.0,0.0
1787969133.4,0.00,699.0,0,0.260,0.000,0.0000,0,False,False,P,False,57.0,13.82,109560,11.45710,95.29,0.726,9.68,85.0,31.0,0.0
1787969133.6,0.00,701.0,0,0.260,0.000,0.0000,0,False,False,P,False,57.0,13.82,109560,11.45710,95.29,0.734,9.68,85.0,31.0,0.0
1787969133.8,0.00,700.8,0,0.260,0.000,0.0000,0,False,False,P,False,57.0,13.82,109560,11.45710,95.29,0.726,9.68,85.0,31.0,0.0
1787969134.0,0.00,699.8,0,0.260,0.000,0.0000,0,False,False,P,False,57.0,13.82,109560,11.45710,95.29,0.713,9.67,85.0,31.0,0.0
1787969134.2,0.00,700.0,0,0.260,0.000,0.0000,0,False,False,P,False,57.0,13.82,109560,11.45710,95.29,0.713,9.67,85.0,31.0,0.0
1787969134.4,0.00,700.2,0,0.260,0.000,0.0000,0,False,False,P,False,57.0,13.82,109560,11.45710,95.29,0.726,9.67,85.0,31.0,0.0
1787969134.6,0.00,728.2,0,0.260,0.000,0.0000,0,False,False,P,False,57.0,13.82,109560,11.45710,95.29,1.762,9.67,85.0,31.0,0.0
1787969134.8,0.00,780.5,0,0.260,0.000,0.0000,0,False,False,P,False,57.0,13.82,109560,11.45710,95.29,1.065,9.67,85.0,39.0,0.0
1787969135.0,0.00,743.0,0,0.260,0.000,0.0000,0,False,False,P,False,57.0,13.82,109560,11.45710,95.29,1.227,9.67,85.0,39.0,0.0
1787969135.2,0.00,744.2,0,0.260,0.000,0.0000,0,False,False,P,False,57.0,13.82,109560,11.45710,95.29,1.121,9.67,85.0,40.0,0.0
1787969135.4,0.00,734.0,0,0.260,0.000,0.0000,0,False,False,P,False,57.0,13.82,109560,11.45710,95.29,1.121,9.67,85.0,41.0,0.0
1787969135.6,0.00,736.0,0,0.260,0.000,0.0000,0,False,False,P,False,57.0,13.82,109560,11.45710,95.29,1.172,9.67,85.0,42.0,0.0
1787969135.8,0.00,738.5,0,0.260,0.000,0.0000,0,False,False,P,False,57.0,13.82,109560,11.45710,95.29,1.104,9.67,85.0,42.0,0.0
1787969136.0,0.00,735.0,0,0.260,0.000,0.0000,0,False,False,P,False,57.0,13.38,109560,11.45710,95.29,1.091,9.67,85.0,42.0,0.0
1787969136.2,0.00,728.2,0,0.260,0.000,0.0000,0,False,False,P,False,57.0,13.38,109560,11.45710,95.29,1.091,9.67,85.0,42.0,0.0
1787969136.4,0.00,721.2,0,0.260,0.000,0.0000,0,False,False,P,False,57.0,13.38,109560,11.45710,95.29,1.091,9.67,85.0,43.0,0.0
1787969136.6,0.00,717.0,0,0.260,0.000,0.0000,0,False,False,P,False,57.0,13.38,109560,11.45710,95.29,1.121,9.67,85.0,43.0,0.0
1787969136.8,0.00,711.5,0,0.260,0.000,0.0000,0,False,False,P,False,57.0,13.50,109560,11.45710,95.29,1.146,9.67,85.0,43.0,0.0
1787969137.0,0.00,709.8,0,0.260,0.000,0.0000,0,False,False,P,False,57.0,13.50,109560,11.45710,95.29,1.172,9.67,85.0,44.0,0.0
1787969137.2,0.00,711.2,0,0.260,0.000,0.0000,0,False,False,P,False,57.0,13.50,109560,11.45710,95.29,1.159,9.67,85.0,44.0,0.0
1787969137.4,0.00,714.5,0,0.260,0.000,0.0000,0,False,False,P,False,57.0,13.50,109560,11.45710,95.29,1.159,9.67,85.0,44.0,0.0
1787969137.6,0.00,718.0,0,0.260,0.000,0.0000,0,False,False,P,False,57.0,13.50,109560,11.45710,95.29,1.189,9.67,85.0,45.0,0.0
1787969137.8,0.00,724.5,0,0.260,0.000,0.0000,0,False,False,P,False,57.0,13.50,109560,11.45710,95.29,1.159,9.67,85.0,45.0,0.0
1787969138.0,0.00,732.0,0,0.260,0.000,0.0000,0,False,False,P,False,57.0,13.50,109560,11.45710,95.29,1.159,9.66,85.0,45.0,0.0
1787969138.2,0.00,737.8,0,0.260,0.000,0.0000,0,False,False,P,False,57.0,13.50,109560,11.45710,95.29,1.104,9.66,85.0,45.0,0.0
1787969138.4,0.00,739.2,0,0.260,0.000,0.0000,0,False,False,P,False,57.0,13.50,109560,11.45710,95.29,1.104,9.66,85.0,44.0,0.0
1787969138.6,0.00,735.8,0,0.260,0.000,0.0000,0,False,False,P,False,57.0,13.50,109560,11.45710,95.29,1.053,9.66,85.0,43.0,0.0
1787969138.9,0.00,728.8,0,0.260,0.000,0.0000,0,False,False,P,False,57.0,13.50,109560,11.45710,95.29,1.091,9.66,85.0,43.0,0.0
1787969139.1,0.00,723.5,0,0.260,0.000,0.0000,0,False,False,P,False,57.0,13.50,109560,11.45710,95.29,1.091,9.66,85.0,43.0,0.0
1787969139.3,0.00,719.5,0,0.260,0.000,0.0000,0,False,False,P,False,57.0,13.50,109560,11.45710,95.29,1.104,9.66,85.0,43.0,0.0
1787969139.5,0.00,717.2,0,0.260,0.000,0.0000,0,False,False,P,False,57.0,13.50,109560,11.45710,95.29,1.104,9.66,85.0,43.0,0.0
1787969139.7,0.00,714.8,0,0.260,0.000,0.0000,0,False,False,P,False,57.0,13.50,109560,11.45710,95.29,1.121,9.66,85.0,43.0,0.0
1787969139.9,0.00,714.8,0,0.260,0.000,0.0000,0,False,False,P,False,57.0,13.50,109560,11.45710,95.29,1.121,9.66,85.0,43.0,0.0
1787969140.1,0.00,716.5,0,0.260,0.000,0.0000,0,False,False,P,False,57.0,13.82,109560,11.45710,95.29,1.091,9.66,85.0,43.0,0.0
1787969140.3,0.00,716.8,0,0.260,0.000,0.0000,0,False,False,P,False,57.0,13.82,109560,11.45710,95.29,1.078,9.66,85.0,43.0,0.0
1787969140.5,0.00,719.0,0,0.260,0.000,0.0000,0,False,False,P,False,57.0,13.82,109560,11.45710,95.29,1.078,9.66,85.0,43.0,0.0
1787969140.7,0.00,715.5,0,0.260,0.000,0.0000,0,False,False,P,False,57.0,13.82,109560,11.45710,95.29,1.091,9.66,85.0,43.0,0.0
1787969140.9,0.00,713.2,0,0.260,0.000,0.0000,0,False,False,P,False,57.0,13.82,109560,11.45710,95.29,1.078,9.66,85.0,43.0,0.0
1787969141.1,0.00,709.5,0,0.260,0.000,0.0000,0,False,False,P,False,57.0,13.82,109560,11.45710,95.29,1.078,9.66,85.0,43.0,0.0
1787969141.3,0.00,708.0,0,0.260,0.000,0.0000,0,False,False,P,False,57.0,13.82,109560,11.45710,95.29,1.121,9.66,85.0,43.0,0.0
1787969141.5,0.00,706.0,0,0.260,0.000,0.0000,0,False,False,P,False,57.0,13.82,109560,11.45710,95.29,1.091,9.66,85.0,43.0,0.0
1787969141.7,0.00,706.2,0,0.260,0.000,0.0000,0,False,False,P,False,57.0,13.82,109560,11.45710,95.29,1.104,9.66,85.0,43.0,0.0
1787969141.9,0.00,706.0,0,0.260,0.000,0.0000,0,False,False,P,False,57.0,13.82,109560,11.45710,95.29,1.091,9.66,85.0,43.0,0.0
1787969142.1,0.00,706.2,0,0.260,0.000,0.0000,0,False,False,P,False,57.0,13.82,109560,11.45710,95.29,1.091,9.65,85.0,43.0,0.0
1787969142.3,0.00,707.0,0,0.260,0.000,0.0000,0,False,False,P,False,57.0,13.82,109560,11.45710,95.29,1.078,9.65,85.0,43.0,0.0
1787969142.5,0.00,707.5,0,0.260,0.000,0.0000,0,False,False,P,False,57.0,13.82,109560,11.45710,95.29,1.078,9.65,85.0,43.0,0.0
1787969142.7,0.00,704.2,0,0.260,0.000,0.0000,0,False,False,P,False,57.0,13.82,109560,11.45710,95.29,1.104,9.65,85.0,43.0,0.0
1787969142.9,0.00,700.5,0,0.260,0.000,0.0000,0,False,False,P,False,57.0,13.82,109560,11.45710,95.29,1.104,9.65,85.0,43.0,0.0
1787969143.1,0.00,699.0,0,0.260,0.000,0.0000,0,False,False,P,False,57.0,13.81,109560,11.45710,95.29,1.078,9.65,85.0,43.0,0.0
1787969143.3,0.00,698.8,0,0.260,0.000,0.0000,0,False,False,P,False,57.0,13.81,109560,11.45710,95.29,1.091,9.65,85.0,43.0,0.0
1787969143.5,0.00,700.5,0,0.260,0.000,0.0000,0,False,False,P,False,57.0,13.81,109560,11.45710,95.29,1.065,9.65,85.0,43.0,0.0
1787969143.7,0.00,704.0,0,0.260,0.000,0.0000,0,False,False,P,False,57.0,13.81,109560,11.45710,95.29,1.091,9.65,85.0,43.0,0.0
1787969143.9,0.00,704.5,0,0.260,0.000,0.0000,0,False,False,P,False,57.0,13.82,109560,11.45710,95.29,1.065,9.65,85.0,43.0,0.0
1787969144.1,0.00,704.2,0,0.260,0.000,0.0000,0,False,False,P,False,57.0,13.82,109560,11.45710,95.29,1.078,9.65,85.0,43.0,0.0
1787969144.3,0.00,704.2,0,0.260,0.000,0.0000,0,False,False,P,False,57.0,13.82,109560,11.45710,95.29,1.091,9.65,85.0,43.0,0.0
1787969144.5,0.00,703.2,0,0.260,0.000,0.0000,0,False,False,P,False,57.0,13.82,109560,11.45710,95.29,1.091,9.65,85.0,43.0,0.0
1787969144.7,0.00,702.8,0,0.260,0.000,0.0000,0,False,False,P,False,57.0,13.82,109560,11.45710,95.29,1.078,9.65,85.0,43.0,0.0
1787969144.9,0.00,703.2,0,0.260,0.000,0.0000,0,False,False,P,False,57.0,13.82,109560,11.45710,95.29,1.040,9.65,85.0,43.0,0.0
1787969145.1,0.00,703.2,0,0.260,0.000,0.0000,0,False,False,P,False,57.0,13.82,109560,11.45710,95.29,1.065,9.65,85.0,43.0,0.0
1787969145.3,0.00,699.0,0,0.260,0.000,0.0000,0,False,False,P,False,57.0,13.82,109560,11.45710,95.29,1.065,9.65,85.0,43.0,0.0
1787969145.6,0.00,697.5,0,0.260,0.000,0.0000,0,False,False,P,False,57.0,13.82,109560,11.45710,95.29,1.078,9.65,85.0,43.0,0.0
1787969145.8,0.00,698.8,0,0.260,0.000,0.0000,0,False,False,P,False,57.0,13.82,109560,11.45710,95.29,1.078,9.65,85.0,43.0,0.0
1787969146.0,0.00,699.2,0,0.260,0.000,0.0000,0,False,False,P,False,57.0,13.82,109560,11.45710,95.29,1.078,9.65,85.0,43.0,0.0
1787969146.2,0.00,699.0,0,0.260,0.000,0.0000,0,False,False,P,False,57.0,13.81,109560,11.45710,95.29,1.104,9.64,85.0,43.0,0.0
1787969146.4,0.00,698.0,0,0.260,0.000,0.0000,0,False,False,P,False,57.0,13.81,109560,11.45710,95.29,1.078,9.64,85.0,43.0,0.0
1787969146.6,0.00,697.8,0,0.260,0.000,0.0000,0,False,False,P,False,57.0,13.81,109560,11.45710,95.29,1.078,9.64,85.0,43.0,0.0
1787969146.8,0.00,700.0,0,0.260,0.000,0.0000,0,False,False,P,False,57.0,13.81,109560,11.45710,95.29,1.078,9.64,85.0,43.0,0.0
1787969147.0,0.00,703.0,0,0.260,0.000,0.0000,0,False,False,P,False,57.0,13.81,109560,11.45710,95.29,1.078,9.64,85.0,43.0,0.0
1787969147.2,0.00,703.5,0,0.260,0.000,0.0000,0,False,False,P,False,57.0,13.81,109560,11.45710,95.29,1.053,9.64,85.0,43.0,0.0
1787969147.4,0.00,701.8,0,0.260,0.000,0.0000,0,False,False,P,False,57.0,13.81,109560,11.45710,95.29,1.065,9.64,85.0,43.0,0.0
1787969147.6,0.00,701.5,0,0.260,0.000,0.0000,0,False,False,P,False,57.0,13.81,109560,11.45710,95.29,1.091,9.64,85.0,43.0,0.0
1787969147.8,0.00,700.5,0,0.260,0.000,0.0000,0,False,False,P,False,57.0,13.81,109560,11.45710,95.29,1.065,9.64,85.0,43.0,0.0
1787969148.0,0.00,701.8,0,0.260,0.000,0.0000,0,False,False,P,False,57.0,13.80,109560,11.45710,95.29,1.078,9.64,85.0,43.0,0.0
1787969148.2,0.00,702.2,0,0.260,0.000,0.0000,0,False,False,P,False,57.0,13.80,109560,11.45710,95.29,1.065,9.64,85.0,43.0,0.0
1787969148.4,0.00,700.2,0,0.260,0.000,0.0000,0,False,False,P,False,57.0,13.80,109560,11.45710,95.29,1.104,9.64,85.0,43.0,0.0
1787969148.6,0.00,701.8,0,0.260,0.000,0.0000,0,False,False,P,False,57.0,13.80,109560,11.45710,95.29,1.091,9.64,85.0,43.0,0.0
1787969148.8,0.00,701.2,0,0.260,0.000,0.0000,0,False,False,P,False,57.0,13.80,109560,11.45710,95.29,1.053,9.64,85.0,43.0,0.0
1787969149.0,0.00,702.5,0,0.260,0.000,0.0000,0,False,False,P,False,57.0,13.80,109560,11.45710,95.29,1.091,9.64,85.0,43.0,0.0
1787969149.2,0.00,703.2,0,0.260,0.000,0.0000,0,False,False,P,False,57.0,13.82,109560,11.45710,95.29,1.091,9.64,85.0,43.0,0.0
1787969149.4,0.00,701.5,0,0.260,0.000,0.0000,0,False,False,P,False,57.0,13.82,109560,11.45710,95.29,1.065,9.64,85.0,43.0,0.0
1787969149.6,0.00,700.8,0,0.260,0.000,0.0000,0,False,False,P,False,57.0,13.82,109560,11.45710,95.29,1.053,9.64,85.0,43.0,0.0
1787969149.8,0.00,695.0,0,0.260,0.000,0.0000,0,False,False,P,False,57.0,13.82,109560,11.45710,95.29,0.794,9.64,85.0,42.0,0.0
1787969150.0,0.00,700.2,0,0.260,0.000,0.0000,0,False,False,P,False,57.0,13.82,109560,11.45710,95.29,0.777,9.64,85.0,40.0,0.0
1787969150.2,0.00,741.2,0,0.260,0.000,0.0000,0,False,False,P,False,57.0,13.82,109560,11.45710,95.29,0.743,9.64,85.0,38.0,0.0
1787969150.4,0.00,740.0,0,0.260,0.000,0.0000,0,False,False,P,False,57.0,13.82,109560,11.45710,95.29,0.734,9.63,85.0,37.0,0.0
1787969150.6,0.00,734.0,0,0.260,0.000,0.0000,0,False,False,P,False,57.0,13.82,109560,11.45710,95.29,0.743,9.63,85.0,35.0,0.0
1787969150.8,0.00,724.8,0,0.260,0.000,0.0000,0,False,False,P,False,57.0,13.82,109560,11.45710,95.29,0.696,9.63,85.0,33.0,0.0
1787969151.1,0.00,717.2,0,0.260,0.000,0.0000,0,False,False,P,False,57.0,13.82,109560,11.45710,95.29,0.726,9.63,85.0,32.0,0.0
1787969151.3,0.00,705.8,0,0.260,0.000,0.0000,0,False,False,P,False,57.0,13.82,109560,11.45710,95.29,0.713,9.63,85.0,32.0,0.0
1787969151.5,0.00,696.8,0,0.260,0.000,0.0000,0,False,False,P,False,57.0,13.82,109560,11.45710,95.29,0.734,9.63,85.0,31.0,0.0
1787969151.7,0.00,689.0,0,0.260,0.000,0.0000,0,False,False,P,False,57.0,13.82,109560,11.45710,95.29,0.726,9.63,85.0,31.0,0.0
1787969151.9,0.00,686.2,0,0.260,0.000,0.0000,0,False,False,P,False,57.0,13.82,109560,11.45710,95.29,0.734,9.63,85.0,31.0,0.0
1787969152.1,0.00,687.5,0,0.260,0.000,0.0000,0,False,False,P,False,57.0,13.81,109560,11.45710,95.29,0.734,9.63,85.0,32.0,0.0
1787969152.3,0.00,690.2,0,0.260,0.000,0.0000,0,False,False,P,False,57.0,13.83,109560,11.45710,95.29,0.705,9.63,85.0,32.0,0.0
1787969152.5,0.00,697.2,0,0.260,0.000,0.0000,0,False,False,P,False,57.0,13.83,109560,11.45710,95.29,0.713,9.63,85.0,32.0,0.0
1787969152.7,0.00,695.5,0,0.260,0.000,0.0000,0,False,False,P,False,57.0,13.83,109560,11.45710,95.29,0.713,9.63,85.0,32.0,0.0
1787969152.9,0.00,699.5,0,0.260,0.000,0.0000,0,False,False,P,False,57.0,13.83,109560,11.45710,95.29,0.726,9.63,85.0,31.0,0.0
1787969153.1,0.00,695.2,0,0.260,0.000,0.0000,0,False,False,P,False,57.0,13.83,109560,11.45710,95.29,0.713,9.63,85.0,31.0,0.0
1787969153.3,0.00,695.0,0,0.260,0.000,0.0000,0,False,False,P,False,57.0,13.83,109560,11.45710,95.29,0.713,9.63,85.0,31.0,0.0
1787969153.5,0.00,697.2,0,0.260,0.000,0.0000,0,False,False,P,False,57.0,13.83,109560,11.45710,95.29,0.713,9.63,85.0,31.0,0.0
1787969153.7,0.00,696.8,0,0.260,0.000,0.0000,0,False,False,P,False,57.0,13.83,109560,11.45710,95.29,0.713,9.63,85.0,31.0,0.0
1787969153.9,0.00,698.8,0,0.260,0.000,0.0000,0,False,False,P,False,57.0,13.83,109560,11.45710,95.29,0.726,9.63,85.0,31.0,0.0
1787969154.1,0.00,696.0,0,0.260,0.000,0.0000,0,False,False,P,False,57.0,13.83,109560,11.45710,95.29,0.734,9.63,85.0,31.0,0.0
1787969154.3,0.00,699.8,0,0.260,0.000,0.0000,0,False,False,P,False,57.0,13.83,109560,11.45710,95.29,0.713,9.63,85.0,31.0,0.0
1787969154.5,0.00,699.5,0,0.260,0.000,0.0000,0,False,False,P,False,57.0,13.83,109560,11.45710,95.29,0.713,9.63,85.0,31.0,0.0
1787969154.7,0.00,697.2,0,0.260,0.000,0.0000,0,False,False,P,False,57.0,13.83,109560,11.45710,95.29,0.734,9.63,85.0,31.0,0.0
1787969154.9,0.00,698.8,0,0.260,0.000,0.0000,0,False,False,P,False,57.0,13.83,109560,11.45710,95.29,0.743,9.63,85.0,31.0,0.0
1787969155.1,0.00,700.5,0,0.260,0.000,0.0000,0,False,False,P,False,57.0,13.83,109560,11.45710,95.29,0.734,9.63,85.0,31.0,0.0
1787969155.3,0.00,702.8,0,0.260,0.000,0.0000,0,False,False,P,False,57.0,13.82,109560,11.45710,95.29,0.734,9.63,85.0,31.0,0.0
1787969155.5,0.00,702.8,0,0.260,0.000,0.0000,0,False,False,P,False,57.0,13.82,109560,11.45710,95.29,0.743,9.63,85.0,31.0,0.0
1787969155.7,0.00,700.5,0,0.260,0.000,0.0000,0,False,False,P,False,57.0,13.82,109560,11.45710,95.29,0.713,9.63,85.0,31.0,0.0
1787969155.9,0.00,700.5,0,0.260,0.000,0.0000,0,False,False,P,False,57.0,13.82,109560,11.45710,95.29,0.713,9.63,85.0,31.0,0.0
1787969156.1,0.00,699.5,0,0.260,0.000,0.0000,0,False,False,P,False,57.0,13.82,109560,11.45710,95.29,0.734,9.63,85.0,31.0,0.0
1787969156.3,0.00,698.5,0,0.260,0.000,0.0000,0,False,False,P,False,57.0,13.82,109560,11.45710,95.29,0.734,9.63,85.0,31.0,0.0
1787969156.5,0.00,698.5,0,0.260,0.000,0.0000,0,False,False,P,False,57.0,13.82,109560,11.45710,95.29,0.734,9.62,85.0,31.0,0.0
1787969156.8,0.00,700.5,0,0.260,0.000,0.0000,0,False,False,P,False,57.0,13.82,109560,11.45710,95.29,0.726,9.62,85.0,31.0,0.0
1787969157.0,0.00,699.0,0,0.260,0.000,0.0000,0,False,False,P,False,57.0,13.82,109560,11.45710,95.29,0.713,9.62,85.0,31.0,0.0
1787969157.2,0.00,699.5,0,0.260,0.000,0.0000,0,False,False,P,False,57.0,13.82,109560,11.45710,95.29,0.726,9.62,85.0,31.0,0.0
1787969157.4,0.00,698.5,0,0.260,0.000,0.0000,0,False,False,P,False,57.0,13.82,109560,11.45710,95.29,0.734,9.62,85.0,31.0,0.0
1787969157.6,0.00,697.5,0,0.260,0.000,0.0000,0,False,False,P,False,57.0,13.82,109560,11.45710,95.29,0.743,9.62,85.0,31.0,0.0
1787969157.8,0.00,698.2,0,0.260,0.000,0.0000,0,False,False,P,False,57.0,13.82,109560,11.45710,95.29,0.726,9.62,85.0,31.0,0.0
1787969158.0,0.00,695.8,0,0.260,0.000,0.0000,0,False,False,P,False,57.0,13.82,109560,11.45710,95.29,0.726,9.62,85.0,31.0,0.0
1787969158.2,0.00,696.2,0,0.260,0.000,0.0000,0,False,False,P,False,57.0,13.82,109560,11.45710,95.29,0.726,9.62,85.0,31.0,0.0
1787969158.4,0.00,698.8,0,0.260,0.000,0.0000,0,False,False,P,False,57.0,13.82,109560,11.45710,95.29,0.726,9.62,85.0,31.0,0.0
1787969158.6,0.00,699.5,0,0.260,0.000,0.0000,0,False,False,P,False,57.0,13.83,109560,11.45710,95.29,0.726,9.62,85.0,31.0,0.0
1787969158.8,0.00,696.2,0,0.260,0.000,0.0000,0,False,False,P,False,57.0,13.83,109560,11.45710,95.29,0.713,9.62,85.0,31.0,0.0
1787969159.0,0.00,699.0,0,0.260,0.000,0.0000,0,False,False,P,False,57.0,13.83,109560,11.45710,95.29,0.713,9.62,85.0,32.0,0.0
1787969159.2,0.00,703.5,0,0.260,0.000,0.0000,0,False,False,P,False,57.0,13.83,109560,11.45710,95.29,0.726,9.62,85.0,31.0,0.0
1787969159.4,0.00,701.8,0,0.260,0.000,0.0000,0,False,False,P,False,57.0,13.83,109560,11.45710,95.29,0.713,9.62,85.0,31.0,0.0
1787969159.6,0.00,703.5,0,0.260,0.000,0.0000,0,False,False,P,False,57.0,13.83,109560,11.45710,95.29,0.726,9.62,85.0,31.0,0.0
1787969159.8,0.00,741.5,0,0.260,0.000,0.0000,0,False,False,P,False,57.0,13.83,109560,11.45710,95.29,1.498,9.62,85.0,39.0,0.0
1787969160.0,0.00,791.2,0,0.260,0.000,0.0000,0,False,False,P,False,57.0,13.83,109560,11.45710,95.29,1.053,9.62,85.0,39.0,0.0
1787969160.2,0.00,749.8,0,0.260,0.000,0.0000,0,False,False,P,False,57.0,13.83,109560,11.45710,95.29,1.286,9.62,85.0,39.0,0.0
1787969160.4,0.00,747.0,0,0.260,0.000,0.0000,0,False,False,P,False,57.0,13.83,109560,11.45710,95.29,1.104,9.62,85.0,41.0,0.0
1787969160.6,0.00,740.0,0,0.260,0.000,0.0000,0,False,False,P,False,57.0,13.83,109560,11.45710,95.29,1.227,9.62,85.0,42.0,0.0
1787969160.8,0.00,741.0,0,0.260,0.000,0.0000,0,False,False,P,False,57.0,13.83,109560,11.45710,95.29,1.227,9.62,85.0,42.0,0.0
1787969161.0,0.00,735.8,0,0.260,0.000,0.0000,0,False,False,P,False,57.0,13.83,109560,11.45710,95.29,1.121,9.62,85.0,42.0,0.0
1787969161.2,0.00,734.0,0,0.260,0.000,0.0000,0,False,False,P,False,57.0,13.83,109560,11.45710,95.29,1.133,9.62,85.0,42.0,0.0
1787969161.4,0.00,731.8,0,0.260,0.000,0.0000,0,False,False,P,False,57.0,13.83,109560,11.45710,95.29,1.133,9.61,85.0,43.0,0.0
1787969161.6,0.00,726.0,0,0.260,0.000,0.0000,0,False,False,P,False,57.0,13.43,109560,11.45710,95.29,1.133,9.61,85.0,43.0,0.0
1787969161.8,0.00,722.2,0,0.260,0.000,0.0000,0,False,False,P,False,57.0,13.43,109560,11.45710,95.29,1.133,9.61,85.0,43.0,0.0
1787969162.0,0.00,713.8,0,0.260,0.000,0.0000,0,False,False,P,False,57.0,13.43,109560,11.45710,95.29,1.146,9.61,85.0,43.0,0.0
1787969162.2,0.00,711.0,0,0.260,0.000,0.0000,0,False,False,P,False,57.0,13.43,109560,11.45710,95.29,1.189,9.61,85.0,44.0,0.0
1787969162.4,0.00,708.5,0,0.260,0.000,0.0000,0,False,False,P,False,57.0,13.43,109560,11.45710,95.29,1.172,9.61,85.0,44.0,0.0
1787969162.6,0.00,707.5,0,0.260,0.000,0.0000,0,False,False,P,False,57.0,13.43,109560,11.45710,95.29,1.146,9.61,85.0,45.0,0.0
1787969162.8,0.00,711.2,0,0.260,0.000,0.0000,0,False,False,P,False,57.0,13.43,109560,11.45710,95.29,1.159,9.61,85.0,45.0,0.0
1787969163.0,0.00,720.2,0,0.260,0.000,0.0000,0,False,False,P,False,57.0,13.43,109560,11.45710,95.29,1.159,9.61,85.0,45.0,0.0
1787969163.3,0.00,734.0,0,0.260,0.000,0.0000,0,False,False,P,False,57.0,13.43,109560,11.45710,95.29,1.159,9.61,85.0,45.0,0.0
1787969163.5,0.00,743.2,0,0.260,0.000,0.0000,0,False,False,P,False,57.0,13.43,109560,11.45710,95.29,1.091,9.61,85.0,45.0,0.0
1787969163.7,0.00,738.2,0,0.260,0.000,0.0000,0,False,False,P,False,57.0,13.43,109560,11.45710,95.29,1.121,9.61,85.0,44.0,0.0
1787969163.9,0.00,734.8,0,0.260,0.000,0.0000,0,False,False,P,False,57.0,13.43,109560,11.45710,95.29,1.091,9.61,85.0,43.0,0.0
1787969164.1,0.00,732.8,0,0.260,0.000,0.0000,0,False,False,P,False,57.0,13.81,109560,11.45710,95.29,1.121,9.61,85.0,43.0,0.0
1787969164.3,0.00,727.0,0,0.260,0.000,0.0000,0,False,False,P,False,57.0,13.81,109560,11.45710,95.29,1.091,9.61,85.0,43.0,0.0
1787969164.5,0.00,722.8,0,0.260,0.000,0.0000,0,False,False,P,False,57.0,13.81,109560,11.45710,95.29,1.104,9.61,85.0,43.0,0.0
1787969164.7,0.00,716.0,0,0.260,0.000,0.0000,0,False,False,P,False,57.0,13.81,109560,11.45710,95.29,1.121,9.61,85.0,43.0,0.0
1787969164.9,0.00,712.0,0,0.260,0.000,0.0000,0,False,False,P,False,57.0,13.81,109560,11.45710,95.29,1.121,9.61,85.0,43.0,0.0
1787969165.1,0.00,712.0,0,0.260,0.000,0.0000,0,False,False,P,False,57.0,13.81,109560,11.45710,95.29,1.133,9.61,85.0,43.0,0.0
1787969165.3,0.00,711.0,0,0.260,0.000,0.0000,0,False,False,P,False,57.0,13.81,109560,11.45710,95.29,1.091,9.60,85.0,43.0,0.0
1787969165.5,0.00,710.0,0,0.260,0.000,0.0000,0,False,False,P,False,57.0,13.81,109560,11.45710,95.29,1.091,9.60,85.0,43.0,0.0
1787969165.7,0.00,710.8,0,0.260,0.000,0.0000,0,False,False,P,False,57.0,13.81,109560,11.45710,95.29,1.121,9.60,85.0,43.0,0.0
1787969165.9,0.00,712.8,0,0.260,0.000,0.0000,0,False,False,P,False,57.0,13.81,109560,11.45710,95.29,1.104,9.60,85.0,43.0,0.0
1787969166.1,0.00,714.5,0,0.260,0.000,0.0000,0,False,False,P,False,57.0,13.81,109560,11.45710,95.29,1.065,9.60,85.0,43.0,0.0
1787969166.3,0.00,714.0,0,0.260,0.000,0.0000,0,False,False,P,False,57.0,13.81,109560,11.45710,95.29,1.065,9.60,85.0,43.0,0.0
1787969166.5,0.00,715.8,0,0.260,0.000,0.0000,0,False,False,P,False,57.0,13.81,109560,11.45710,95.29,1.078,9.60,85.0,43.0,0.0
1787969166.7,0.00,714.5,0,0.260,0.000,0.0000,0,False,False,P,False,57.0,13.81,109560,11.45710,95.29,1.104,9.60,85.0,43.0,0.0
1787969166.9,0.00,714.2,0,0.260,0.000,0.0000,0,False,False,P,False,57.0,13.81,109560,11.45710,95.29,1.091,9.60,85.0,43.0,0.0
1787969167.1,0.00,710.0,0,0.260,0.000,0.0000,0,False,False,P,False,57.0,13.81,109560,11.45710,95.29,1.078,9.60,85.0,43.0,0.0
1787969167.3,0.00,709.0,0,0.260,0.000,0.0000,0,False,False,P,False,57.0,13.81,109560,11.45710,95.29,1.065,9.60,85.0,43.0,0.0
1787969167.5,0.00,708.8,0,0.260,0.000,0.0000,0,False,False,P,False,57.0,13.81,109560,11.45710,95.29,1.104,9.60,85.0,43.0,0.0
1787969167.7,0.00,705.2,0,0.260,0.000,0.0000,0,False,False,P,False,57.0,13.81,109560,11.45710,95.29,1.091,9.60,85.0,43.0,0.0
1787969167.9,0.00,703.2,0,0.260,0.000,0.0000,0,False,False,P,False,57.0,13.81,109560,11.45710,95.29,1.104,9.60,85.0,43.0,0.0
1787969168.1,0.00,702.8,0,0.260,0.000,0.0000,0,False,False,P,False,57.0,13.81,109560,11.45710,95.29,1.091,9.60,85.0,43.0,0.0
1787969168.3,0.00,701.8,0,0.260,0.000,0.0000,0,False,False,P,False,57.0,13.81,109560,11.45710,95.29,1.104,9.60,85.0,43.0,0.0
1787969168.5,0.00,701.5,0,0.260,0.000,0.0000,0,False,False,P,False,57.0,13.81,109560,11.45710,95.29,1.078,9.60,85.0,43.0,0.0
1787969168.8,0.00,703.0,0,0.260,0.000,0.0000,0,False,False,P,False,57.0,13.81,109560,11.45710,95.29,1.078,9.60,85.0,43.0,0.0
1787969169.0,0.00,706.0,0,0.260,0.000,0.0000,0,False,False,P,False,57.0,13.81,109560,11.45710,95.29,1.091,9.60,85.0,43.0,0.0
1787969169.2,0.00,705.8,0,0.260,0.000,0.0000,0,False,False,P,False,57.0,13.81,109560,11.45710,95.29,1.091,9.60,85.0,43.0,0.0
1787969169.4,0.00,703.8,0,0.260,0.000,0.0000,0,False,False,P,False,57.0,13.81,109560,11.45710,95.29,1.091,9.60,85.0,43.0,0.0
1787969169.6,0.00,705.0,0,0.260,0.000,0.0000,0,False,False,P,False,57.0,13.81,109560,11.45710,95.29,1.091,9.59,85.0,43.0,0.0
1787969169.8,0.00,706.5,0,0.260,0.000,0.0000,0,False,False,P,False,57.0,13.81,109560,11.45710,95.29,1.053,9.59,85.0,43.0,0.0
1787969170.0,0.00,706.5,0,0.260,0.000,0.0000,0,False,False,P,False,57.0,13.81,109560,11.45710,95.29,1.091,9.59,85.0,43.0,0.0
1787969170.2,0.00,706.0,0,0.260,0.000,0.0000,0,False,False,P,False,57.0,13.81,109560,11.45710,95.29,1.121,9.59,85.0,43.0,0.0
1787969170.4,0.00,705.2,0,0.260,0.000,0.0000,0,False,False,P,False,57.0,13.81,109560,11.45710,95.29,1.104,9.59,85.0,43.0,0.0
1787969170.6,0.00,703.5,0,0.260,0.000,0.0000,0,False,False,P,False,57.0,13.81,109560,11.45710,95.29,1.065,9.59,85.0,43.0,0.0
1787969170.8,0.00,699.8,0,0.260,0.000,0.0000,0,False,False,P,False,57.0,13.81,109560,11.45710,95.29,1.040,9.59,85.0,43.0,0.0
1787969171.0,0.00,700.5,0,0.260,0.000,0.0000,0,False,False,P,False,57.0,13.81,109560,11.45710,95.29,1.104,9.59,85.0,43.0,0.0
1787969171.2,0.00,701.0,0,0.260,0.000,0.0000,0,False,False,P,False,57.0,13.81,109560,11.45710,95.29,1.065,9.59,85.0,43.0,0.0
1787969171.4,0.00,702.0,0,0.260,0.000,0.0000,0,False,False,P,False,57.0,13.81,109560,11.45710,95.29,1.078,9.59,85.0,43.0,0.0
1787969171.6,0.00,702.8,0,0.260,0.000,0.0000,0,False,False,P,False,57.0,13.81,109560,11.45710,95.29,1.091,9.59,85.0,43.0,0.0
1787969171.8,0.00,704.0,0,0.260,0.000,0.0000,0,False,False,P,False,57.0,13.81,109560,11.45710,95.29,1.078,9.59,85.0,43.0,0.0
1787969172.0,0.00,701.5,0,0.260,0.000,0.0000,0,False,False,P,False,57.0,13.81,109560,11.45710,95.29,1.078,9.59,85.0,43.0,0.0
1787969172.2,0.00,702.5,0,0.260,0.000,0.0000,0,False,False,P,False,57.0,13.81,109560,11.45710,95.29,1.078,9.59,85.0,43.0,0.0
1787969172.4,0.00,704.5,0,0.260,0.000,0.0000,0,False,False,P,False,57.0,13.81,109560,11.45710,95.29,1.104,9.59,85.0,43.0,0.0
1787969172.6,0.00,706.8,0,0.260,0.000,0.0000,0,False,False,P,False,57.0,13.81,109560,11.45710,95.29,1.091,9.59,85.0,43.0,0.0
1787969172.8,0.00,707.8,0,0.260,0.000,0.0000,0,False,False,P,False,57.0,13.81,109560,11.45710,95.29,1.091,9.59,85.0,43.0,0.0
1787969173.0,0.00,706.8,0,0.260,0.000,0.0000,0,False,False,P,False,57.0,13.81,109560,11.45710,95.29,1.091,9.59,85.0,43.0,0.0
1787969173.2,0.00,709.0,0,0.260,0.000,0.0000,0,False,False,P,False,57.0,13.81,109560,11.45710,95.29,1.078,9.59,85.0,43.0,0.0
1787969173.4,0.00,712.0,0,0.260,0.000,0.0000,0,False,False,P,False,57.0,13.81,109560,11.45710,95.29,1.078,9.59,85.0,43.0,0.0
1787969173.6,0.00,693.8,0,0.260,0.000,0.0000,0,False,False,P,False,57.0,13.81,109560,11.45710,95.29,0.794,9.58,85.0,41.0,0.0
1787969173.8,0.00,726.8,0,0.260,0.000,0.0000,0,False,False,P,False,57.0,13.81,109560,11.45710,95.29,0.777,9.58,85.0,39.0,0.0
1787969174.0,0.00,741.2,0,0.260,0.000,0.0000,0,False,False,P,False,57.0,13.93,109560,11.45710,95.29,0.764,9.58,85.0,37.0,0.0
1787969174.2,0.00,736.8,0,0.260,0.000,0.0000,0,False,False,P,False,57.0,13.93,109560,11.45710,95.29,0.726,9.58,85.0,35.0,0.0
1787969174.4,0.00,735.8,0,0.260,0.000,0.0000,0,False,False,P,False,57.0,13.93,109560,11.45710,95.29,0.743,9.58,85.0,34.0,0.0
1787969174.6,0.00,729.5,0,0.260,0.000,0.0000,0,False,False,P,False,57.0,13.93,109560,11.45710,95.29,0.713,9.58,85.0,33.0,0.0
1787969174.8,0.00,719.2,0,0.260,0.000,0.0000,0,False,False,P,False,57.0,13.93,109560,11.45710,95.29,0.696,9.58,85.0,32.0,0.0
1787969175.0,0.00,705.2,0,0.260,0.000,0.0000,0,False,False,P,False,57.0,13.93,109560,11.45710,95.29,0.696,9.58,85.0,31.0,0.0
1787969175.3,0.00,698.0,0,0.260,0.000,0.0000,0,False,False,P,False,57.0,13.93,109560,11.45710,95.29,0.726,9.58,85.0,31.0,0.0
1787969175.5,0.00,689.0,0,0.260,0.000,0.0000,0,False,False,P,False,57.0,13.93,109560,11.45710,95.29,0.726,9.58,85.0,31.0,0.0
1787969175.7,0.00,685.2,0,0.260,0.000,0.0000,0,False,False,P,False,57.0,13.93,109560,11.45710,95.29,0.743,9.58,85.0,31.0,0.0
1787969175.9,0.00,688.5,0,0.260,0.000,0.0000,0,False,False,P,False,57.0,13.93,109560,11.45710,95.29,0.734,9.58,85.0,32.0,0.0
1787969176.1,0.00,691.8,0,0.260,0.000,0.0000,0,False,False,P,False,57.0,13.93,109560,11.45710,95.29,0.726,9.58,85.0,32.0,0.0
1787969176.3,0.00,696.2,0,0.260,0.000,0.0000,0,False,False,P,False,57.0,13.93,109560,11.45710,95.29,0.726,9.58,85.0,32.0,0.0
1787969176.5,0.00,697.0,0,0.260,0.000,0.0000,0,False,False,P,False,57.0,13.93,109560,11.45710,95.29,0.726,9.58,85.0,31.0,0.0
1787969176.7,0.00,699.0,0,0.260,0.000,0.0000,0,False,False,P,False,57.0,13.93,109560,11.45710,95.29,0.726,9.58,85.0,31.0,0.0
1787969176.9,0.00,697.5,0,0.260,0.000,0.0000,0,False,False,P,False,57.0,13.93,109560,11.45710,95.29,0.734,9.58,85.0,31.0,0.0
1787969177.1,0.00,696.8,0,0.260,0.000,0.0000,0,False,False,P,False,57.0,13.81,109560,11.45710,95.29,0.705,9.58,85.0,31.0,0.0
1787969177.3,0.00,699.8,0,0.260,0.000,0.0000,0,False,False,P,False,57.0,13.81,109560,11.45710,95.29,0.726,9.58,85.0,31.0,0.0
1787969177.5,0.00,698.8,0,0.260,0.000,0.0000,0,False,False,P,False,57.0,13.81,109560,11.45710,95.29,0.734,9.58,85.0,31.0,0.0
1787969177.7,0.00,697.8,0,0.260,0.000,0.0000,0,False,False,P,False,57.0,13.81,109560,11.45710,95.29,0.734,9.58,85.0,31.0,0.0
1787969177.9,0.00,699.0,0,0.260,0.000,0.0000,0,False,False,P,False,57.0,13.81,109560,11.45710,95.29,0.743,9.58,85.0,31.0,0.0
1787969178.1,0.00,698.2,0,0.260,0.000,0.0000,0,False,False,P,False,57.0,13.81,109560,11.45710,95.29,0.726,9.58,85.0,31.0,0.0
1787969178.3,0.00,698.0,0,0.260,0.000,0.0000,0,False,False,P,False,57.0,13.81,109560,11.45710,95.29,0.713,9.58,85.0,31.0,0.0
1787969178.5,0.00,701.2,0,0.260,0.000,0.0000,0,False,False,P,False,57.0,13.81,109560,11.45710,95.29,0.743,9.58,85.0,31.0,0.0
1787969178.7,0.00,704.5,0,0.260,0.000,0.0000,0,False,False,P,False,57.0,13.81,109560,11.45710,95.29,0.726,9.58,85.0,31.0,0.0
1787969178.9,0.00,700.0,0,0.260,0.000,0.0000,0,False,False,P,False,57.0,13.81,109560,11.45710,95.29,0.726,9.58,85.0,31.0,0.0
1787969179.1,0.00,702.2,0,0.260,0.000,0.0000,0,False,False,P,False,57.0,13.83,109560,11.45710,95.29,0.726,9.58,85.0,31.0,0.0
1787969179.3,0.00,696.2,0,0.260,0.000,0.0000,0,False,False,P,False,57.0,13.83,109560,11.45710,95.29,0.743,9.58,85.0,31.0,0.0
1787969179.5,0.00,697.0,0,0.260,0.000,0.0000,0,False,False,P,False,57.0,13.83,109560,11.45710,95.29,0.726,9.58,85.0,31.0,0.0
1787969179.7,0.00,698.2,0,0.260,0.000,0.0000,0,False,False,P,False,57.0,13.83,109560,11.45710,95.29,0.713,9.57,85.0,31.0,0.0
1787969179.9,0.00,696.0,0,0.260,0.000,0.0000,0,False,False,P,False,57.0,13.83,109560,11.45710,95.29,0.726,9.57,85.0,31.0,0.0
1787969180.1,0.00,695.2,0,0.260,0.000,0.0000,0,False,False,P,False,57.0,13.83,109560,11.45710,95.29,0.705,9.57,85.0,31.0,0.0
1787969180.3,0.00,696.2,0,0.260,0.000,0.0000,0,False,False,P,False,57.0,13.83,109560,11.45710,95.29,0.705,9.57,85.0,31.0,0.0
1787969180.5,0.00,698.0,0,0.260,0.000,0.0000,0,False,False,P,False,57.0,13.83,109560,11.45710,95.29,0.705,9.57,85.0,31.0,0.0
1787969180.7,0.00,696.5,0,0.260,0.000,0.0000,0,False,False,P,False,57.0,13.83,109560,11.45710,95.29,0.726,9.57,85.0,31.0,0.0
1787969180.9,0.00,696.8,0,0.260,0.000,0.0000,0,False,False,P,False,57.0,13.83,109560,11.45710,95.29,0.726,9.57,85.0,32.0,0.0
1787969181.2,0.00,694.8,0,0.260,0.000,0.0000,0,False,False,P,False,57.0,13.83,109560,11.45710,95.29,0.734,9.57,85.0,31.0,0.0
1787969181.4,0.00,698.5,0,0.260,0.000,0.0000,0,False,False,P,False,57.0,13.83,109560,11.45710,95.29,0.726,9.57,85.0,31.0,0.0
1787969181.6,0.00,699.0,0,0.260,0.000,0.0000,0,False,False,P,False,57.0,13.83,109560,11.45710,95.29,0.743,9.57,85.0,32.0,0.0
1787969181.8,0.00,701.0,0,0.260,0.000,0.0000,0,False,False,P,False,57.0,13.83,109560,11.45710,95.29,0.743,9.57,85.0,31.0,0.0
1787969182.0,0.00,701.5,0,0.260,0.000,0.0000,0,False,False,P,False,57.0,13.83,109560,11.45710,95.29,0.734,9.57,85.0,31.0,0.0
1787969182.2,0.00,702.2,0,0.260,0.000,0.0000,0,False,False,P,False,57.0,13.83,109560,11.45710,95.29,0.713,9.57,85.0,31.0,0.0
1787969182.4,0.00,702.8,0,0.260,0.000,0.0000,0,False,False,P,False,56.0,13.83,109560,11.45710,95.29,0.734,9.57,85.0,31.0,0.0
1787969182.6,0.00,705.0,0,0.260,0.000,0.0000,0,False,False,P,False,56.0,13.83,109560,11.45710,95.29,0.713,9.57,85.0,31.0,0.0
1787969182.8,0.00,703.8,0,0.260,0.000,0.0000,0,False,False,P,False,56.0,13.83,109560,11.45710,95.29,0.734,9.57,85.0,31.0,0.0
1787969183.0,0.00,702.2,0,0.260,0.000,0.0000,0,False,False,P,False,56.0,13.83,109560,11.45710,95.29,0.734,9.57,85.0,31.0,0.0
1787969183.2,0.00,700.5,0,0.260,0.000,0.0000,0,False,False,P,False,56.0,13.83,109560,11.45710,95.29,0.726,9.57,85.0,31.0,0.0
1787969183.4,0.00,699.8,0,0.260,0.000,0.0000,0,False,False,P,False,56.0,13.83,109560,11.45710,95.29,0.713,9.57,85.0,31.0,0.0
1787969183.6,0.00,700.0,0,0.260,0.000,0.0000,0,False,False,P,False,56.0,13.83,109560,11.45710,95.29,0.734,9.57,85.0,31.0,0.0
1787969183.8,0.00,702.2,0,0.260,0.000,0.0000,0,False,False,P,False,56.0,13.83,109560,11.45710,95.29,0.713,9.57,85.0,31.0,0.0
1787969184.0,0.00,697.2,0,0.260,0.000,0.0000,0,False,False,P,False,56.0,13.83,109560,11.45710,95.29,0.726,9.57,85.0,31.0,0.0
1787969184.2,0.00,697.0,0,0.260,0.000,0.0000,0,False,False,P,False,56.0,13.83,109560,11.45710,95.29,0.734,9.57,85.0,31.0,0.0
1787969184.4,0.00,693.8,0,0.260,0.000,0.0000,0,False,False,P,False,56.0,13.83,109560,11.45710,95.29,0.734,9.57,85.0,31.0,0.0
1787969184.6,0.00,698.5,0,0.260,0.000,0.0000,0,False,False,P,False,56.0,13.83,109560,11.45710,95.29,0.726,9.57,85.0,31.0,0.0
1787969184.8,0.00,695.8,0,0.260,0.000,0.0000,0,False,False,P,False,56.0,13.83,109560,11.45710,95.29,0.734,9.57,85.0,31.0,0.0
1787969185.0,0.00,697.8,0,0.260,0.000,0.0000,0,False,False,P,False,56.0,13.83,109560,11.45710,95.29,0.734,9.57,85.0,31.0,0.0
1787969185.2,0.00,699.0,0,0.260,0.000,0.0000,0,False,False,P,False,56.0,13.83,109560,11.45710,95.29,0.726,9.57,85.0,32.0,0.0
1787969185.4,0.00,700.2,0,0.260,0.000,0.0000,0,False,False,P,False,56.0,13.83,109560,11.45710,95.29,1.511,9.57,85.0,39.0,0.0
1787969185.6,0.00,792.2,0,0.260,0.000,0.0000,0,False,False,P,False,56.0,13.83,109560,11.45710,95.29,1.015,9.56,85.0,40.0,0.0
1787969185.8,0.00,745.2,0,0.260,0.000,0.0000,0,False,False,P,False,56.0,13.83,109560,11.45710,95.29,1.269,9.56,85.0,40.0,0.0
1787969186.0,0.00,741.5,0,0.260,0.000,0.0000,0,False,False,P,False,56.0,13.83,109560,11.45710,95.29,1.078,9.56,85.0,41.0,0.0
1787969186.2,0.00,738.0,0,0.260,0.000,0.0000,0,False,False,P,False,56.0,13.83,109560,11.45710,95.29,1.244,9.56,85.0,42.0,0.0
1787969186.4,0.00,740.0,0,0.260,0.000,0.0000,0,False,False,P,False,56.0,13.38,109560,11.45710,95.29,1.189,9.56,85.0,43.0,0.0
1787969186.6,0.00,742.0,0,0.260,0.000,0.0000,0,False,False,P,False,56.0,13.38,109560,11.45710,95.29,1.146,9.56,85.0,43.0,0.0
1787969186.9,0.00,738.0,0,0.260,0.000,0.0000,0,False,False,P,False,56.0,13.38,109560,11.45710,95.29,1.146,9.56,85.0,43.0,0.0
1787969187.1,0.00,730.5,0,0.260,0.000,0.0000,0,False,False,P,False,56.0,13.38,109560,11.45710,95.29,1.121,9.56,85.0,43.0,0.0
1787969187.3,0.00,728.5,0,0.260,0.000,0.0000,0,False,False,P,False,56.0,13.38,109560,11.45710,95.29,1.104,9.56,85.0,43.0,0.0
1787969187.5,0.00,723.8,0,0.260,0.000,0.0000,0,False,False,P,False,56.0,13.38,109560,11.45710,95.29,1.121,9.56,85.0,43.0,0.0
1787969187.7,0.00,723.8,0,0.260,0.000,0.0000,0,False,False,P,False,56.0,13.38,109560,11.45710,95.29,1.121,9.56,85.0,43.0,0.0
1787969187.9,0.00,721.0,0,0.260,0.000,0.0000,0,False,False,P,False,56.0,13.38,109560,11.45710,95.29,1.146,9.56,85.0,44.0,0.0
1787969188.1,0.00,723.0,0,0.260,0.000,0.0000,0,False,False,P,False,56.0,13.38,109560,11.45710,95.29,1.146,9.56,85.0,44.0,0.0
1787969188.3,0.00,724.2,0,0.260,0.000,0.0000,0,False,False,P,False,56.0,13.38,109560,11.45710,95.29,1.159,9.56,85.0,44.0,0.0
1787969188.5,0.00,726.8,0,0.260,0.000,0.0000,0,False,False,P,False,56.0,13.38,109560,11.45710,95.29,1.159,9.56,85.0,45.0,0.0
1787969188.7,0.00,730.0,0,0.260,0.000,0.0000,0,False,False,P,False,56.0,13.38,109560,11.45710,95.29,1.146,9.56,85.0,45.0,0.0
1787969188.9,0.00,735.2,0,0.260,0.000,0.0000,0,False,False,P,False,56.0,13.38,109560,11.45710,95.29,1.159,9.56,85.0,45.0,0.0
1787969189.1,0.00,741.2,0,0.260,0.000,0.0000,0,False,False,P,False,56.0,13.38,109560,11.45710,95.29,1.104,9.56,85.0,44.0,0.0
1787969189.3,0.00,740.2,0,0.260,0.000,0.0000,0,False,False,P,False,56.0,13.38,109560,11.45710,95.29,1.091,9.56,85.0,44.0,0.0
1787969189.5,0.00,734.2,0,0.260,0.000,0.0000,0,False,False,P,False,56.0,13.86,109560,11.45710,95.29,1.104,9.55,85.0,43.0,0.0
1787969189.7,0.00,730.0,0,0.260,0.000,0.0000,0,False,False,P,False,56.0,13.86,109560,11.45710,95.29,1.104,9.55,85.0,43.0,0.0
1787969189.9,0.00,724.5,0,0.260,0.000,0.0000,0,False,False,P,False,56.0,13.86,109560,11.45710,95.29,1.091,9.55,85.0,43.0,0.0
1787969190.1,0.00,719.8,0,0.260,0.000,0.0000,0,False,False,P,False,56.0,13.86,109560,11.45710,95.29,1.091,9.55,85.0,43.0,0.0
1787969190.3,0.00,714.5,0,0.260,0.000,0.0000,0,False,False,P,False,56.0,13.86,109560,11.45710,95.29,1.121,9.55,85.0,43.0,0.0
1787969190.5,0.00,714.0,0,0.260,0.000,0.0000,0,False,False,P,False,56.0,13.86,109560,11.45710,95.29,1.121,9.55,85.0,43.0,0.0
1787969190.7,0.00,713.5,0,0.260,0.000,0.0000,0,False,False,P,False,56.0,13.86,109560,11.45710,95.29,1.091,9.55,85.0,43.0,0.0
1787969190.9,0.00,717.8,0,0.260,0.000,0.0000,0,False,False,P,False,56.0,13.86,109560,11.45710,95.29,1.078,9.55,85.0,43.0,0.0
1787969191.1,0.00,720.0,0,0.260,0.000,0.0000,0,False,False,P,False,56.0,13.86,109560,11.45710,95.29,1.104,9.55,85.0,43.0,0.0
1787969191.3,0.00,719.5,0,0.260,0.000,0.0000,0,False,False,P,False,56.0,13.86,109560,11.45710,95.29,1.078,9.55,85.0,43.0,0.0
1787969191.5,0.00,719.0,0,0.260,0.000,0.0000,0,False,False,P,False,56.0,13.86,109560,11.45710,95.29,1.104,9.55,85.0,43.0,0.0
1787969191.7,0.00,718.5,0,0.260,0.000,0.0000,0,False,False,P,False,56.0,13.86,109560,11.45710,95.29,1.078,9.55,85.0,43.0,0.0
1787969191.9,0.00,718.0,0,0.260,0.000,0.0000,0,False,False,P,False,56.0,13.86,109560,11.45710,95.29,1.104,9.55,85.0,43.0,0.0
1787969192.1,0.00,717.5,0,0.260,0.000,0.0000,0,False,False,P,False,56.0,13.86,109560,11.45710,95.29,1.104,9.55,85.0,43.0,0.0
1787969192.3,0.00,716.0,0,0.260,0.000,0.0000,0,False,False,P,False,56.0,13.86,109560,11.45710,95.29,1.121,9.55,85.0,43.0,0.0
1787969192.5,0.00,715.2,0,0.260,0.000,0.0000,0,False,False,P,False,56.0,13.82,109560,11.45710,95.29,1.121,9.55,85.0,43.0,0.0
1787969192.8,0.00,714.8,0,0.260,0.000,0.0000,0,False,False,P,False,56.0,13.82,109560,11.45710,95.29,1.078,9.55,85.0,43.0,0.0
1787969193.0,0.00,713.0,0,0.260,0.000,0.0000,0,False,False,P,False,56.0,13.82,109560,11.45710,95.29,1.091,9.55,85.0,43.0,0.0
1787969193.2,0.00,713.2,0,0.260,0.000,0.0000,0,False,False,P,False,56.0,13.82,109560,11.45710,95.29,1.091,9.55,85.0,43.0,0.0
1787969193.4,0.00,708.8,0,0.260,0.000,0.0000,0,False,False,P,False,56.0,13.82,109560,11.45710,95.29,1.053,9.55,85.0,43.0,0.0
1787969193.6,0.00,707.0,0,0.260,0.000,0.0000,0,False,False,P,False,56.0,13.82,109560,11.45710,95.29,1.078,9.55,85.0,43.0,0.0
1787969193.8,0.00,706.0,0,0.260,0.000,0.0000,0,False,False,P,False,56.0,13.82,109560,11.45710,95.29,1.121,9.54,85.0,43.0,0.0
1787969194.0,0.00,707.8,0,0.260,0.000,0.0000,0,False,False,P,False,56.0,13.82,109560,11.45710,95.29,1.078,9.54,85.0,43.0,0.0
1787969194.2,0.00,706.2,0,0.260,0.000,0.0000,0,False,False,P,False,56.0,13.82,109560,11.45710,95.29,1.065,9.54,85.0,43.0,0.0
1787969194.4,0.00,704.0,0,0.260,0.000,0.0000,0,False,False,P,False,56.0,13.82,109560,11.45710,95.29,1.104,9.54,85.0,43.0,0.0
1787969194.6,0.00,704.5,0,0.260,0.000,0.0000,0,False,False,P,False,56.0,13.82,109560,11.45710,95.29,1.065,9.54,85.0,43.0,0.0
1787969194.8,0.00,703.5,0,0.260,0.000,0.0000,0,False,False,P,False,56.0,13.82,109560,11.45710,95.29,1.091,9.54,85.0,43.0,0.0
1787969195.0,0.00,700.2,0,0.260,0.000,0.0000,0,False,False,P,False,56.0,13.82,109560,11.45710,95.29,1.078,9.54,85.0,43.0,0.0
1787969195.2,0.00,701.0,0,0.260,0.000,0.0000,0,False,False,P,False,56.0,13.82,109560,11.45710,95.29,1.065,9.54,85.0,43.0,0.0
1787969195.4,0.00,701.8,0,0.260,0.000,0.0000,0,False,False,P,False,56.0,13.82,109560,11.45710,95.29,1.078,9.54,85.0,43.0,0.0
1787969195.6,0.00,703.2,0,0.260,0.000,0.0000,0,False,False,P,False,56.0,13.81,109560,11.45710,95.29,1.078,9.54,85.0,43.0,0.0
1787969195.8,0.00,704.0,0,0.260,0.000,0.0000,0,False,False,P,False,56.0,13.81,109560,11.45710,95.29,1.104,9.54,85.0,43.0,0.0
1787969196.0,0.00,707.0,0,0.260,0.000,0.0000,0,False,False,P,False,56.0,13.81,109560,11.45710,95.29,1.027,9.54,85.0,43.0,0.0
1787969196.2,0.00,708.2,0,0.260,0.000,0.0000,0,False,False,P,False,56.0,13.81,109560,11.45710,95.29,1.104,9.54,85.0,43.0,0.0
1787969196.4,0.00,707.8,0,0.260,0.000,0.0000,0,False,False,P,False,56.0,13.81,109560,11.45710,95.29,1.078,9.54,85.0,43.0,0.0
1787969196.6,0.00,704.2,0,0.260,0.000,0.0000,0,False,False,P,False,56.0,13.81,109560,11.45710,95.29,1.078,9.54,85.0,43.0,0.0
1787969196.8,0.00,704.0,0,0.260,0.000,0.0000,0,False,False,P,False,56.0,13.81,109560,11.45710,95.29,1.091,9.54,85.0,43.0,0.0
1787969197.0,0.00,701.0,0,0.260,0.000,0.0000,0,False,False,P,False,56.0,13.81,109560,11.45710,95.29,1.078,9.54,85.0,43.0,0.0
1787969197.2,0.00,701.8,0,0.260,0.000,0.0000,0,False,False,P,False,56.0,13.81,109560,11.45710,95.29,1.065,9.54,85.0,43.0,0.0
1787969197.4,0.00,702.5,0,0.260,0.000,0.0000,0,False,False,P,False,56.0,13.81,109560,11.45710,95.29,1.053,9.54,85.0,43.0,0.0
1787969197.6,0.00,700.8,0,0.260,0.000,0.0000,0,False,False,P,False,56.0,13.81,109560,11.45710,95.29,1.091,9.54,85.0,43.0,0.0
1787969197.8,0.00,699.0,0,0.260,0.000,0.0000,0,False,False,P,False,56.0,13.81,109560,11.45710,95.29,1.091,9.53,85.0,43.0,0.0
1787969198.0,0.00,699.0,0,0.260,0.000,0.0000,0,False,False,P,False,56.0,13.81,109560,11.45710,95.29,1.078,9.53,85.0,43.0,0.0
1787969198.3,0.00,700.0,0,0.260,0.000,0.0000,0,False,False,P,False,56.0,13.81,109560,11.45710,95.29,1.040,9.53,85.0,43.0,0.0
1787969198.5,0.00,702.0,0,0.260,0.000,0.0000,0,False,False,P,False,56.0,13.81,109560,11.45710,95.29,1.078,9.53,85.0,43.0,0.0
1787969198.7,0.00,703.5,0,0.260,0.000,0.0000,0,False,False,P,False,56.0,13.83,109560,11.45710,95.29,1.065,9.53,85.0,43.0,0.0
1787969198.9,0.00,703.2,0,0.260,0.000,0.0000,0,False,False,P,False,56.0,13.83,109560,11.45710,95.29,1.078,9.53,85.0,43.0,0.0
1787969199.1,0.00,706.8,0,0.260,0.000,0.0000,0,False,False,P,False,56.0,13.83,109560,11.45710,95.29,1.078,9.53,85.0,43.0,0.0
1787969199.3,0.00,706.2,0,0.260,0.000,0.0000,0,False,False,P,False,56.0,13.83,109560,11.45710,95.29,1.040,9.53,85.0,43.0,0.0
1787969199.5,0.00,705.0,0,0.260,0.000,0.0000,0,False,False,P,False,56.0,13.83,109560,11.45710,95.29,1.065,9.53,85.0,43.0,0.0
1787969199.7,0.00,702.0,0,0.260,0.000,0.0000,0,False,False,P,False,56.0,13.83,109560,11.45710,95.29,1.065,9.53,85.0,43.0,0.0
1787969199.9,0.00,699.2,0,0.260,0.000,0.0000,0,False,False,P,False,56.0,13.83,109560,11.45710,95.29,1.091,9.53,85.0,43.0,0.0
1787969200.1,0.00,697.5,0,0.260,0.000,0.0000,0,False,False,P,False,56.0,13.83,109560,11.45710,95.29,1.078,9.53,85.0,43.0,0.0
1787969200.3,0.00,697.5,0,0.260,0.000,0.0000,0,False,False,P,False,56.0,13.83,109560,11.45710,95.29,1.091,9.53,85.0,43.0,0.0
1787969200.5,0.00,698.2,0,0.260,0.000,0.0000,0,False,False,P,False,56.0,13.83,109560,11.45710,95.29,1.078,9.53,85.0,43.0,0.0
1787969200.7,0.00,700.2,0,0.260,0.000,0.0000,0,False,False,P,False,56.0,13.83,109560,11.45710,95.29,1.040,9.53,85.0,43.0,0.0
1787969200.9,0.00,702.8,0,0.260,0.000,0.0000,0,False,False,P,False,56.0,13.83,109560,11.45710,95.29,1.121,9.53,85.0,43.0,0.0
1787969201.1,0.00,706.2,0,0.260,0.000,0.0000,0,False,False,P,False,56.0,13.83,109560,11.45710,95.29,1.104,9.53,85.0,43.0,0.0
1787969201.3,0.00,707.2,0,0.260,0.000,0.0000,0,False,False,P,False,56.0,13.83,109560,11.45710,95.29,1.053,9.53,85.0,43.0,0.0
1787969201.5,0.00,708.0,0,0.260,0.000,0.0000,0,False,False,P,False,56.0,13.83,109560,11.45710,95.29,1.091,9.53,85.0,43.0,0.0
1787969201.7,0.00,707.0,0,0.260,0.000,0.0000,0,False,False,P,False,56.0,13.83,109560,11.45710,95.29,1.078,9.53,85.0,43.0,0.0
1787969201.9,0.00,703.8,0,0.260,0.000,0.0000,0,False,False,P,False,56.0,13.81,109560,11.45710,95.29,1.053,9.53,85.0,43.0,0.0
1787969202.1,0.00,703.0,0,0.260,0.000,0.0000,0,False,False,P,False,56.0,13.81,109560,11.45710,95.29,1.078,9.52,85.0,43.0,0.0
1787969202.3,0.00,689.8,0,0.260,0.000,0.0000,0,False,False,P,False,56.0,13.81,109560,11.45710,95.29,0.777,9.52,85.0,42.0,0.0
1787969202.5,0.00,729.5,0,0.260,0.000,0.0000,0,False,False,P,False,56.0,13.81,109560,11.45710,95.29,0.764,9.52,85.0,39.0,0.0
1787969202.7,0.00,743.2,0,0.260,0.000,0.0000,0,False,False,P,False,56.0,13.81,109560,11.45710,95.29,0.756,9.52,85.0,37.0,0.0
1787969202.9,0.00,738.2,0,0.260,0.000,0.0000,0,False,False,P,False,56.0,13.81,109560,11.45710,95.29,0.734,9.52,85.0,36.0,0.0
1787969203.1,0.00,734.5,0,0.260,0.000,0.0000,0,False,False,P,False,56.0,13.81,109560,11.45710,95.29,0.713,9.52,85.0,34.0,0.0
1787969203.3,0.00,723.5,0,0.260,0.000,0.0000,0,False,False,P,False,56.0,13.81,109560,11.45710,95.29,0.696,9.52,85.0,33.0,0.0
1787969203.5,0.00,714.0,0,0.260,0.000,0.0000,0,False,False,P,False,56.0,13.81,109560,11.45710,95.29,0.713,9.52,85.0,32.0,0.0
1787969203.7,0.00,703.0,0,0.260,0.000,0.0000,0,False,False,P,False,56.0,13.81,109560,11.45710,95.29,0.726,9.52,85.0,32.0,0.0
1787969203.9,0.00,696.2,0,0.260,0.000,0.0000,0,False,False,P,False,56.0,13.81,109560,11.45710,95.29,0.734,9.52,85.0,32.0,0.0
1787969204.2,0.00,692.5,0,0.260,0.000,0.0000,0,False,False,P,False,56.0,13.81,109560,11.45710,95.29,0.726,9.52,85.0,32.0,0.0
1787969204.4,0.00,691.0,0,0.260,0.000,0.0000,0,False,False,P,False,56.0,13.81,109560,11.45710,95.29,0.743,9.52,85.0,32.0,0.0
1787969204.6,0.00,688.8,0,0.260,0.000,0.0000,0,False,False,P,False,56.0,13.81,109560,11.45710,95.29,0.734,9.52,85.0,32.0,0.0
1787969204.8,0.00,692.0,0,0.260,0.000,0.0000,0,False,False,P,False,56.0,13.81,109560,11.45710,95.29,0.713,9.52,85.0,32.0,0.0
1787969205.0,0.00,697.0,0,0.260,0.000,0.0000,0,False,False,P,False,56.0,13.85,109560,11.45710,95.29,0.726,9.52,85.0,32.0,0.0
1787969205.2,0.00,699.2,0,0.260,0.000,0.0000,0,False,False,P,False,56.0,13.85,109560,11.45710,95.29,0.713,9.52,85.0,32.0,0.0
1787969205.4,0.00,699.2,0,0.260,0.000,0.0000,0,False,False,P,False,56.0,13.85,109560,11.45710,95.29,0.726,9.52,85.0,32.0,0.0
1787969205.6,0.00,695.0,0,0.260,0.000,0.0000,0,False,False,P,False,56.0,13.85,109560,11.45710,95.29,0.734,9.52,85.0,32.0,0.0
1787969205.8,0.00,699.5,0,0.260,0.000,0.0000,0,False,False,P,False,56.0,13.85,109560,11.45710,95.29,0.734,9.52,85.0,32.0,0.0
1787969206.0,0.00,702.0,0,0.260,0.000,0.0000,0,False,False,P,False,56.0,13.83,109560,11.45710,95.29,0.734,9.52,85.0,31.0,0.0
1787969206.2,0.00,698.8,0,0.260,0.000,0.0000,0,False,False,P,False,56.0,13.83,109560,11.45710,95.29,0.734,9.52,85.0,32.0,0.0
1787969206.4,0.00,699.8,0,0.260,0.000,0.0000,0,False,False,P,False,56.0,13.83,109560,11.45710,95.29,0.726,9.52,85.0,32.0,0.0
1787969206.6,0.00,698.8,0,0.260,0.000,0.0000,0,False,False,P,False,56.0,13.83,109560,11.45710,95.29,0.734,9.52,85.0,31.0,0.0
1787969206.8,0.00,701.2,0,0.260,0.000,0.0000,0,False,False,P,False,56.0,13.83,109560,11.45710,95.29,0.713,9.52,85.0,32.0,0.0
1787969207.0,0.00,703.2,0,0.260,0.000,0.0000,0,False,False,P,False,56.0,13.84,109560,11.45710,95.29,0.713,9.52,85.0,31.0,0.0
1787969207.2,0.00,705.5,0,0.260,0.000,0.0000,0,False,False,P,False,56.0,13.84,109560,11.45710,95.29,0.726,9.52,85.0,31.0,0.0
1787969207.4,0.00,702.2,0,0.260,0.000,0.0000,0,False,False,P,False,56.0,13.84,109560,11.45710,95.29,0.734,9.52,85.0,31.0,0.0
1787969207.6,0.00,704.2,0,0.260,0.000,0.0000,0,False,False,P,False,56.0,13.84,109560,11.45710,95.29,0.726,9.52,85.0,31.0,0.0
1787969207.8,0.00,702.2,0,0.260,0.000,0.0000,0,False,False,P,False,56.0,13.84,109560,11.45710,95.29,0.734,9.52,85.0,31.0,0.0
1787969208.0,0.00,699.8,0,0.260,0.000,0.0000,0,False,False,P,False,56.0,13.84,109560,11.45710,95.29,0.734,9.52,85.0,31.0,0.0
1787969208.2,0.00,702.8,0,0.260,0.000,0.0000,0,False,False,P,False,56.0,13.84,109560,11.45710,95.29,0.713,9.51,85.0,31.0,0.0
1787969208.4,0.00,703.0,0,0.260,0.000,0.0000,0,False,False,P,False,56.0,13.84,109560,11.45710,95.29,0.726,9.51,85.0,31.0,0.0
1787969208.6,0.00,703.5,0,0.260,0.000,0.0000,0,False,False,P,False,56.0,13.84,109560,11.45710,95.29,0.734,9.51,86.0,31.0,0.0
1787969208.8,0.00,704.0,0,0.260,0.000,0.0000,0,False,False,P,False,56.0,13.84,109560,11.45710,95.29,0.756,9.51,85.0,31.0,0.0
1787969209.0,0.00,699.8,0,0.260,0.000,0.0000,0,False,False,P,False,56.0,13.84,109560,11.45710,95.29,0.756,9.51,86.0,31.0,0.0
1787969209.2,0.00,700.0,0,0.260,0.000,0.0000,0,False,False,P,False,56.0,13.84,109560,11.45710,95.29,0.713,9.51,85.0,31.0,0.0
1787969209.4,0.00,700.2,0,0.260,0.000,0.0000,0,False,False,P,False,56.0,13.84,109560,11.45710,95.29,0.726,9.51,86.0,31.0,0.0
1787969209.6,0.00,701.2,0,0.260,0.000,0.0000,0,False,False,P,False,56.0,13.84,109560,11.45710,95.29,0.726,9.51,86.0,31.0,0.0
1787969209.8,0.00,698.2,0,0.260,0.000,0.0000,0,False,False,P,False,56.0,13.84,109560,11.45710,95.29,0.713,9.51,86.0,31.0,0.0
1787969210.1,0.00,695.8,0,0.260,0.000,0.0000,0,False,False,P,False,56.0,13.84,109560,11.45710,95.29,0.743,9.51,85.0,31.0,0.0
1787969210.3,0.00,696.5,0,0.260,0.000,0.0000,0,False,False,P,False,56.0,13.84,109560,11.45710,95.29,0.713,9.51,86.0,31.0,0.0
1787969210.5,0.00,696.5,0,0.260,0.000,0.0000,0,False,False,P,False,56.0,13.84,109560,11.45710,95.29,0.713,9.51,85.0,31.0,0.0
1787969210.7,0.00,697.8,0,0.260,0.000,0.0000,0,False,False,P,False,56.0,13.84,109560,11.45710,95.29,0.734,9.51,86.0,31.0,0.0
1787969210.9,0.00,697.5,0,0.260,0.000,0.0000,0,False,False,P,False,56.0,13.84,109560,11.45710,95.29,0.726,9.51,86.0,31.0,0.0
1787969211.1,0.00,701.8,0,0.260,0.000,0.0000,0,False,False,P,False,56.0,13.82,109560,11.45710,95.29,0.726,9.51,85.0,31.0,0.0
1787969211.3,0.00,700.0,0,0.260,0.000,0.0000,0,False,False,P,False,56.0,13.82,109560,11.45710,95.29,0.734,9.51,86.0,31.0,0.0
1787969211.5,0.00,700.0,0,0.260,0.000,0.0000,0,False,False,P,False,56.0,13.82,109560,11.45710,95.29,0.726,9.51,85.0,31.0,0.0
1787969211.7,0.00,699.5,0,0.260,0.000,0.0000,0,False,False,P,False,56.0,13.82,109560,11.45710,95.29,0.705,9.51,85.0,31.0,0.0
1787969211.9,0.00,699.8,0,0.260,0.000,0.0000,0,False,False,P,False,56.0,13.82,109560,11.45710,95.29,0.743,9.51,86.0,31.0,0.0
1787969212.1,0.00,700.2,0,0.260,0.000,0.0000,0,False,False,P,False,56.0,13.82,109560,11.45710,95.29,0.726,9.51,85.0,31.0,0.0
1787969212.3,0.00,703.5,0,0.260,0.000,0.0000,0,False,False,P,False,56.0,13.82,109560,11.45710,95.29,0.726,9.51,86.0,31.0,0.0
1787969212.5,0.00,703.2,0,0.260,0.000,0.0000,0,False,False,P,False,56.0,13.82,109560,11.45710,95.29,0.713,9.51,86.0,31.0,0.0
1787969212.7,0.00,701.8,0,0.260,0.000,0.0000,0,False,False,P,False,56.0,13.82,109560,11.45710,95.29,0.726,9.51,86.0,31.0,0.0
1787969212.9,0.00,700.2,0,0.260,0.000,0.0000,0,False,False,P,False,56.0,13.82,109560,11.45710,95.29,1.978,9.51,86.0,35.0,0.0
1787969213.1,0.00,780.2,0,0.260,0.000,0.0000,0,False,False,P,False,56.0,13.82,109560,11.45710,95.29,1.133,9.51,86.0,40.0,0.0
1787969213.3,0.00,783.8,0,0.260,0.000,0.0000,0,False,False,P,False,56.0,13.82,109560,11.45710,95.29,0.989,9.51,86.0,39.0,0.0
1787969213.5,0.00,751.8,0,0.260,0.000,0.0000,0,False,False,P,False,56.0,13.82,109560,11.45710,95.29,1.299,9.51,86.0,41.0,0.0
1787969213.7,0.00,747.2,0,0.260,0.000,0.0000,0,False,False,P,False,56.0,13.82,109560,11.45710,95.29,1.053,9.51,86.0,41.0,0.0
1787969213.9,0.00,739.5,0,0.260,0.000,0.0000,0,False,False,P,False,56.0,13.82,109560,11.45710,95.29,1.172,9.50,86.0,41.0,0.0
1787969214.1,0.00,739.2,0,0.260,0.000,0.0000,0,False,False,P,False,56.0,13.82,109560,11.45710,95.29,1.121,9.50,86.0,42.0,0.0
1787969214.3,0.00,735.8,0,0.260,0.000,0.0000,0,False,False,P,False,56.0,13.34,109560,11.45710,95.29,1.172,9.50,86.0,42.0,0.0
1787969214.5,0.00,732.5,0,0.260,0.000,0.0000,0,False,False,P,False,56.0,13.34,109560,11.45710,95.29,1.104,9.50,86.0,42.0,0.0
1787969214.7,0.00,728.2,0,0.260,0.000,0.0000,0,False,False,P,False,56.0,13.34,109560,11.45710,95.29,1.091,9.50,86.0,42.0,0.0
1787969214.9,0.00,725.5,0,0.260,0.000,0.0000,0,False,False,P,False,56.0,13.34,109560,11.45710,95.29,1.121,9.50,86.0,43.0,0.0
1787969215.1,0.00,721.5,0,0.260,0.000,0.0000,0,False,False,P,False,56.0,13.34,109560,11.45710,95.29,1.121,9.50,86.0,43.0,0.0
1787969215.3,0.00,715.8,0,0.260,0.000,0.0000,0,False,False,P,False,56.0,13.34,109560,11.45710,95.29,1.172,9.50,86.0,43.0,0.0
1787969215.5,0.00,713.5,0,0.260,0.000,0.0000,0,False,False,P,False,56.0,13.34,109560,11.45710,95.29,1.146,9.50,86.0,43.0,0.0
1787969215.7,0.00,710.5,0,0.260,0.000,0.0000,0,False,False,P,False,56.0,13.34,109560,11.45710,95.29,1.146,9.50,86.0,44.0,0.0
1787969215.9,0.00,708.8,0,0.260,0.000,0.0000,0,False,False,P,False,56.0,13.34,109560,11.45710,95.29,1.172,9.50,86.0,44.0,0.0
1787969216.2,0.00,708.0,0,0.260,0.000,0.0000,0,False,False,P,False,56.0,13.34,109560,11.45710,95.29,1.172,9.50,86.0,45.0,0.0
1787969216.4,0.00,710.5,0,0.260,0.000,0.0000,0,False,False,P,False,56.0,13.34,109560,11.45710,95.29,1.146,9.50,86.0,45.0,0.0
1787969216.6,0.00,723.2,0,0.260,0.000,0.0000,0,False,False,P,False,56.0,13.34,109560,11.45710,95.29,1.121,9.50,86.0,45.0,0.0
1787969216.8,0.00,737.5,0,0.260,0.000,0.0000,0,False,False,P,False,56.0,13.34,109560,11.45710,95.29,1.091,9.50,86.0,45.0,0.0
1787969217.0,0.00,740.0,0,0.260,0.000,0.0000,0,False,False,P,False,56.0,13.34,109560,11.45710,95.29,1.053,9.50,86.0,45.0,0.0
1787969217.2,0.00,737.2,0,0.260,0.000,0.0000,0,False,False,P,False,56.0,13.34,109560,11.45710,95.29,1.104,9.50,86.0,43.0,0.0
1787969217.4,0.00,727.2,0,0.260,0.000,0.0000,0,False,False,P,False,56.0,13.34,109560,11.45710,95.29,1.065,9.50,86.0,43.0,0.0
1787969217.6,0.00,722.0,0,0.260,0.000,0.0000,0,False,False,P,False,56.0,13.34,109560,11.45710,95.29,1.053,9.50,86.0,43.0,0.0
1787969217.8,0.00,713.8,0,0.260,0.000,0.0000,0,False,False,P,False,56.0,13.34,109560,11.45710,95.29,1.065,9.50,86.0,43.0,0.0
1787969218.0,0.00,706.8,0,0.260,0.000,0.0000,0,False,False,P,False,56.0,13.34,109560,11.45710,95.29,1.091,9.49,86.0,43.0,0.0
1787969218.2,0.00,702.5,0,0.260,0.000,0.0000,0,False,False,P,False,56.0,13.34,109560,11.45710,95.29,1.104,9.49,86.0,43.0,0.0
1787969218.4,0.00,701.8,0,0.260,0.000,0.0000,0,False,False,P,False,56.0,13.34,109560,11.45710,95.29,1.091,9.49,86.0,43.0,0.0
1787969218.6,0.00,705.0,0,0.260,0.000,0.0000,0,False,False,P,False,56.0,13.34,109560,11.45710,95.29,1.065,9.49,86.0,43.0,0.0
1787969218.8,0.00,710.5,0,0.260,0.000,0.0000,0,False,False,P,False,56.0,13.34,109560,11.45710,95.29,1.121,9.49,86.0,43.0,0.0
1787969219.0,0.00,714.8,0,0.260,0.000,0.0000,0,False,False,P,False,56.0,13.85,109560,11.45710,95.29,1.091,9.49,86.0,43.0,0.0
1787969219.2,0.00,716.0,0,0.260,0.000,0.0000,0,False,False,P,False,56.0,13.85,109560,11.45710,95.29,1.065,9.49,86.0,43.0,0.0
1787969219.4,0.00,715.0,0,0.260,0.000,0.0000,0,False,False,P,False,56.0,13.85,109560,11.45710,95.29,1.040,9.49,86.0,43.0,0.0
1787969219.6,0.00,714.0,0,0.260,0.000,0.0000,0,False,False,P,False,56.0,13.85,109560,11.45710,95.29,1.091,9.49,86.0,43.0,0.0
1787969219.8,0.00,712.0,0,0.260,0.000,0.0000,0,False,False,P,False,56.0,13.85,109560,11.45710,95.29,1.078,9.49,86.0,43.0,0.0
1787969220.0,0.00,711.2,0,0.260,0.000,0.0000,0,False,False,P,False,56.0,13.85,109560,11.45710,95.29,1.065,9.49,86.0,43.0,0.0
1787969220.2,0.00,708.8,0,0.260,0.000,0.0000,0,False,False,P,False,56.0,13.85,109560,11.45710,95.29,1.078,9.49,86.0,43.0,0.0
1787969220.4,0.00,707.5,0,0.260,0.000,0.0000,0,False,False,P,False,56.0,13.80,109560,11.45710,95.29,1.078,9.49,86.0,43.0,0.0
1787969220.6,0.00,705.0,0,0.260,0.000,0.0000,0,False,False,P,False,56.0,13.80,109560,11.45710,95.29,1.078,9.49,86.0,43.0,0.0
1787969220.8,0.00,702.0,0,0.260,0.000,0.0000,0,False,False,P,False,56.0,13.80,109560,11.45710,95.29,1.104,9.49,86.0,43.0,0.0
1787969221.0,0.00,704.2,0,0.260,0.000,0.0000,0,False,False,P,False,56.0,13.80,109560,11.45710,95.29,1.065,9.49,86.0,43.0,0.0
1787969221.2,0.00,702.8,0,0.260,0.000,0.0000,0,False,False,P,False,56.0,13.80,109560,11.45710,95.29,1.053,9.49,86.0,43.0,0.0
1787969221.4,0.00,701.2,0,0.260,0.000,0.0000,0,False,False,P,False,56.0,13.80,109560,11.45710,95.29,1.091,9.49,86.0,43.0,0.0
1787969221.6,0.00,700.2,0,0.260,0.000,0.0000,0,False,False,P,False,56.0,13.80,109560,11.45710,95.29,1.091,9.49,86.0,43.0,0.0
1787969221.8,0.00,701.5,0,0.260,0.000,0.0000,0,False,False,P,False,56.0,13.80,109560,11.45710,95.29,1.065,9.49,86.0,43.0,0.0
1787969222.0,0.00,702.8,0,0.260,0.000,0.0000,0,False,False,P,False,56.0,13.80,109560,11.45710,95.29,1.078,9.49,86.0,43.0,0.0
1787969222.3,0.00,704.5,0,0.260,0.000,0.0000,0,False,False,P,False,56.0,13.80,109560,11.45710,95.29,1.065,9.48,86.0,43.0,0.0
1787969222.5,0.00,703.8,0,0.260,0.000,0.0000,0,False,False,P,False,56.0,13.80,109560,11.45710,95.29,1.091,9.48,86.0,43.0,0.0
1787969222.7,0.00,705.2,0,0.260,0.000,0.0000,0,False,False,P,False,56.0,13.80,109560,11.45710,95.29,1.091,9.48,86.0,43.0,0.0
1787969222.9,0.00,703.0,0,0.260,0.000,0.0000,0,False,False,P,False,56.0,13.80,109560,11.45710,95.29,1.078,9.48,86.0,43.0,0.0
1787969223.1,0.00,701.0,0,0.260,0.000,0.0000,0,False,False,P,False,56.0,13.80,109560,11.45710,95.29,1.078,9.48,86.0,43.0,0.0
1787969223.3,0.00,702.8,0,0.260,0.000,0.0000,0,False,False,P,False,56.0,13.80,109560,11.45710,95.29,1.040,9.48,86.0,43.0,0.0
1787969223.5,0.00,699.2,0,0.260,0.000,0.0000,0,False,False,P,False,56.0,13.82,109560,11.45710,95.29,1.065,9.48,86.0,43.0,0.0
1787969223.7,0.00,697.8,0,0.260,0.000,0.0000,0,False,False,P,False,56.0,13.82,109560,11.45710,95.29,1.053,9.48,86.0,43.0,0.0
1787969223.9,0.00,696.8,0,0.260,0.000,0.0000,0,False,False,P,False,56.0,13.82,109560,11.45710,95.29,1.078,9.48,86.0,43.0,0.0
1787969224.1,0.00,697.2,0,0.260,0.000,0.0000,0,False,False,P,False,56.0,13.82,109560,11.45710,95.29,1.078,9.48,86.0,43.0,0.0
1787969224.3,0.00,696.5,0,0.260,0.000,0.0000,0,False,False,P,False,56.0,13.82,109560,11.45710,95.29,1.053,9.48,86.0,43.0,0.0
1787969224.5,0.00,697.0,0,0.260,0.000,0.0000,0,False,False,P,False,56.0,13.82,109560,11.45710,95.29,1.091,9.48,86.0,43.0,0.0
1787969224.7,0.00,698.2,0,0.260,0.000,0.0000,0,False,False,P,False,56.0,13.82,109560,11.45710,95.29,1.078,9.48,86.0,43.0,0.0
1787969224.9,0.00,703.0,0,0.260,0.000,0.0000,0,False,False,P,False,56.0,13.82,109560,11.45710,95.29,1.040,9.48,86.0,43.0,0.0
1787969225.1,0.00,703.8,0,0.260,0.000,0.0000,0,False,False,P,False,56.0,13.82,109560,11.45710,95.29,1.078,9.48,86.0,43.0,0.0
1787969225.3,0.00,705.2,0,0.260,0.000,0.0000,0,False,False,P,False,56.0,13.82,109560,11.45710,95.29,1.078,9.48,86.0,43.0,0.0
1787969225.5,0.00,704.0,0,0.260,0.000,0.0000,0,False,False,P,False,56.0,13.82,109560,11.45710,95.29,1.091,9.48,86.0,43.0,0.0
1787969225.7,0.00,706.2,0,0.260,0.000,0.0000,0,False,False,P,False,56.0,13.82,109560,11.45710,95.29,1.040,9.48,86.0,43.0,0.0
1787969225.9,0.00,706.2,0,0.260,0.000,0.0000,0,False,False,P,False,56.0,13.82,109560,11.45710,95.29,1.078,9.48,86.0,43.0,0.0
1787969226.1,0.00,706.5,0,0.260,0.000,0.0000,0,False,False,P,False,56.0,13.82,109560,11.45710,95.29,1.091,9.48,86.0,43.0,0.0
1787969226.3,0.00,704.8,0,0.260,0.000,0.0000,0,False,False,P,False,56.0,13.82,109560,11.45710,95.29,1.091,9.48,86.0,43.0,0.0
1787969226.5,0.00,704.8,0,0.260,0.000,0.0000,0,False,False,P,False,56.0,13.83,109560,11.45710,95.29,1.091,9.47,86.0,43.0,0.0
1787969226.7,0.00,704.2,0,0.260,0.000,0.0000,0,False,False,P,False,56.0,13.83,109560,11.45710,95.29,1.091,9.47,86.0,43.0,0.0
1787969226.9,0.00,703.2,0,0.260,0.000,0.0000,0,False,False,P,False,56.0,13.83,109560,11.45710,95.29,1.065,9.47,86.0,43.0,0.0
1787969227.1,0.00,701.5,0,0.260,0.000,0.0000,0,False,False,P,False,56.0,13.83,109560,11.45710,95.29,1.065,9.47,86.0,43.0,0.0
1787969227.3,0.00,700.2,0,0.260,0.000,0.0000,0,False,False,P,False,56.0,13.83,109560,11.45710,95.29,1.065,9.47,86.0,43.0,0.0
1787969227.5,0.00,700.0,0,0.260,0.000,0.0000,0,False,False,P,False,56.0,13.83,109560,11.45710,95.29,1.078,9.47,86.0,43.0,0.0
1787969227.7,0.00,699.8,0,0.260,0.000,0.0000,0,False,False,P,False,56.0,13.83,109560,11.45710,95.29,1.065,9.47,86.0,43.0,0.0
1787969227.9,0.00,698.2,0,0.260,0.000,0.0000,0,False,False,P,False,56.0,13.83,109560,11.45710,95.29,1.078,9.47,86.0,43.0,0.0
1787969228.1,0.00,694.2,0,0.260,0.000,0.0000,0,False,False,P,False,56.0,13.83,109560,11.45710,95.29,0.807,9.47,86.0,42.0,0.0
1787969228.4,0.00,686.8,0,0.260,0.000,0.0000,0,False,False,P,False,56.0,13.83,109560,11.45710,95.29,0.785,9.47,86.0,40.0,0.0
1787969228.6,0.00,743.2,0,0.260,0.000,0.0000,0,False,False,P,False,56.0,13.83,109560,11.45710,95.29,0.756,9.47,86.0,38.0,0.0
1787969228.8,0.00,741.8,0,0.260,0.000,0.0000,0,False,False,P,False,56.0,13.83,109560,11.45710,95.29,0.743,9.47,86.0,36.0,0.0
1787969229.0,0.00,745.0,0,0.260,0.000,0.0000,0,False,False,P,False,56.0,13.83,109560,11.45710,95.29,0.734,9.47,86.0,35.0,0.0
1787969229.2,0.00,735.8,0,0.260,0.000,0.0000,0,False,False,P,False,56.0,13.83,109560,11.45710,95.29,0.696,9.47,86.0,33.0,0.0
1787969229.4,0.00,724.2,0,0.260,0.000,0.0000,0,False,False,P,False,56.0,13.83,109560,11.45710,95.29,0.696,9.47,86.0,32.0,0.0
1787969229.6,0.00,712.2,0,0.260,0.000,0.0000,0,False,False,P,False,56.0,13.83,109560,11.45710,95.29,0.726,9.47,86.0,32.0,0.0
1787969229.8,0.00,700.2,0,0.260,0.000,0.0000,0,False,False,P,False,56.0,13.78,109560,11.45710,95.29,0.734,9.47,86.0,31.0,0.0
1787969230.0,0.00,692.0,0,0.260,0.000,0.0000,0,False,False,P,False,56.0,13.78,109560,11.45710,95.29,0.726,9.47,86.0,31.0,0.0
1787969230.2,0.00,690.0,0,0.260,0.000,0.0000,0,False,False,P,False,56.0,13.78,109560,11.45710,95.29,0.726,9.47,86.0,31.0,0.0
1787969230.4,0.00,692.5,0,0.260,0.000,0.0000,0,False,False,P,False,56.0,13.78,109560,11.45710,95.29,0.743,9.47,86.0,32.0,0.0
1787969230.6,0.00,695.0,0,0.260,0.000,0.0000,0,False,False,P,False,56.0,13.78,109560,11.45710,95.29,0.726,9.47,86.0,32.0,0.0
1787969230.8,0.00,695.5,0,0.260,0.000,0.0000,0,False,False,P,False,56.0,13.78,109560,11.45710,95.29,0.726,9.47,86.0,32.0,0.0
1787969231.0,0.00,695.8,0,0.260,0.000,0.0000,0,False,False,P,False,56.0,13.78,109560,11.45710,95.29,0.726,9.47,86.0,32.0,0.0
1787969231.2,0.00,697.2,0,0.260,0.000,0.0000,0,False,False,P,False,56.0,13.78,109560,11.45710,95.29,0.726,9.47,86.0,32.0,0.0
1787969231.4,0.00,700.0,0,0.260,0.000,0.0000,0,False,False,P,False,56.0,13.78,109560,11.45710,95.29,0.734,9.47,86.0,31.0,0.0
1787969231.6,0.00,700.8,0,0.260,0.000,0.0000,0,False,False,P,False,56.0,13.78,109560,11.45710,95.29,0.734,9.47,86.0,31.0,0.0
1787969231.8,0.00,702.8,0,0.260,0.000,0.0000,0,False,False,P,False,56.0,13.78,109560,11.45710,95.29,0.713,9.46,86.0,31.0,0.0
1787969232.0,0.00,701.8,0,0.260,0.000,0.0000,0,False,False,P,False,56.0,13.78,109560,11.45710,95.29,0.705,9.46,86.0,31.0,0.0
1787969232.2,0.00,698.5,0,0.260,0.000,0.0000,0,False,False,P,False,56.0,13.78,109560,11.45710,95.29,0.734,9.46,86.0,31.0,0.0
1787969232.4,0.00,698.5,0,0.260,0.000,0.0000,0,False,False,P,False,56.0,13.78,109560,11.45710,95.29,0.726,9.46,86.0,31.0,0.0
1787969232.6,0.00,701.5,0,0.260,0.000,0.0000,0,False,False,P,False,56.0,13.78,109560,11.45710,95.29,0.734,9.46,86.0,31.0,0.0
1787969232.8,0.00,704.2,0,0.260,0.000,0.0000,0,False,False,P,False,56.0,13.85,109560,11.45710,95.29,0.726,9.46,86.0,31.0,0.0
1787969233.0,0.00,701.0,0,0.260,0.000,0.0000,0,False,False,P,False,56.0,13.85,109560,11.45710,95.29,0.734,9.46,86.0,31.0,0.0
1787969233.2,0.00,702.5,0,0.260,0.000,0.0000,0,False,False,P,False,56.0,13.85,109560,11.45710,95.29,0.713,9.46,86.0,31.0,0.0
1787969233.4,0.00,701.2,0,0.260,0.000,0.0000,0,False,False,P,False,56.0,13.85,109560,11.45710,95.29,0.713,9.46,86.0,31.0,0.0
1787969233.6,0.00,700.0,0,0.260,0.000,0.0000,0,False,False,P,False,56.0,13.85,109560,11.45710,95.29,0.734,9.46,86.0,31.0,0.0
1787969233.8,0.00,699.8,0,0.260,0.000,0.0000,0,False,False,P,False,56.0,13.85,109560,11.45710,95.29,0.726,9.46,86.0,31.0,0.0
1787969234.0,0.00,698.8,0,0.260,0.000,0.0000,0,False,False,P,False,56.0,13.85,109560,11.45710,95.29,0.726,9.46,86.0,31.0,0.0
1787969234.2,0.00,701.0,0,0.260,0.000,0.0000,0,False,False,P,False,56.0,13.85,109560,11.45710,95.29,0.726,9.46,86.0,31.0,0.0
1787969234.5,0.00,700.0,0,0.260,0.000,0.0000,0,False,False,P,False,56.0,13.85,109560,11.45710,95.29,0.713,9.46,86.0,31.0,0.0
1787969234.7,0.00,698.0,0,0.260,0.000,0.0000,0,False,False,P,False,56.0,13.85,109560,11.45710,95.29,0.726,9.46,86.0,31.0,0.0
1787969234.9,0.00,703.0,0,0.260,0.000,0.0000,0,False,False,P,False,56.0,13.85,109560,11.45710,95.29,0.743,9.46,86.0,31.0,0.0
1787969235.1,0.00,699.8,0,0.260,0.000,0.0000,0,False,False,P,False,56.0,13.85,109560,11.45710,95.29,0.734,9.46,86.0,31.0,0.0
1787969235.3,0.00,697.5,0,0.260,0.000,0.0000,0,False,False,P,False,56.0,13.85,109560,11.45710,95.29,0.726,9.46,86.0,31.0,0.0
1787969235.5,0.00,697.2,0,0.260,0.000,0.0000,0,False,False,P,False,56.0,13.85,109560,11.45710,95.29,0.726,9.46,86.0,31.0,0.0
1787969235.7,0.00,697.0,0,0.260,0.000,0.0000,0,False,False,P,False,56.0,13.85,109560,11.45710,95.29,0.726,9.46,86.0,31.0,0.0
1787969235.9,0.00,702.5,0,0.260,0.000,0.0000,0,False,False,P,False,56.0,13.83,109560,11.45710,95.29,0.713,9.46,86.0,31.0,0.0
1787969236.1,0.00,701.5,0,0.260,0.000,0.0000,0,False,False,P,False,56.0,13.83,109560,11.45710,95.29,0.734,9.46,86.0,31.0,0.0
1787969236.3,0.00,699.0,0,0.260,0.000,0.0000,0,False,False,P,False,56.0,13.83,109560,11.45710,95.29,0.726,9.46,86.0,31.0,0.0
1787969236.5,0.00,704.0,0,0.260,0.000,0.0000,0,False,False,P,False,56.0,13.83,109560,11.45710,95.29,0.713,9.46,86.0,31.0,0.0
1787969236.7,0.00,702.0,0,0.260,0.000,0.0000,0,False,False,P,False,56.0,13.83,109560,11.45710,95.29,0.726,9.46,86.0,31.0,0.0
1787969236.9,0.00,704.5,0,0.260,0.000,0.0000,0,False,False,P,False,56.0,13.83,109560,11.45710,95.29,0.734,9.46,86.0,31.0,0.0
1787969237.1,0.00,705.5,0,0.260,0.000,0.0000,0,False,False,P,False,56.0,13.83,109560,11.45710,95.29,0.726,9.46,86.0,31.0,0.0
1787969237.3,0.00,705.0,0,0.260,0.000,0.0000,0,False,False,P,False,56.0,13.83,109560,11.45710,95.29,0.726,9.46,86.0,31.0,0.0
1787969237.5,0.00,702.0,0,0.260,0.000,0.0000,0,False,False,P,False,56.0,13.83,109560,11.45710,95.29,0.734,9.46,86.0,31.0,0.0
1787969237.7,0.00,704.5,0,0.260,0.000,0.0000,0,False,False,P,False,56.0,13.83,109560,11.45710,95.29,0.734,9.46,86.0,31.0,0.0
1787969237.9,0.00,699.5,0,0.260,0.000,0.0000,0,False,False,P,False,56.0,13.83,109560,11.45710,95.29,0.713,9.46,86.0,31.0,0.0
1787969238.1,0.00,698.8,0,0.260,0.000,0.0000,0,False,False,P,False,56.0,13.83,109560,11.45710,95.29,0.734,9.46,86.0,31.0,0.0
1787969238.3,0.00,716.2,0,0.260,0.000,0.0000,0,False,False,P,False,56.0,13.83,109560,11.45710,95.29,2.093,9.45,86.0,39.0,0.0
1787969238.5,0.00,803.0,0,0.260,0.000,0.0000,0,False,False,P,False,56.0,13.83,109560,11.45710,95.29,1.002,9.45,86.0,40.0,0.0
1787969238.7,0.00,747.8,0,0.260,0.000,0.0000,0,False,False,P,False,56.0,13.83,109560,11.45710,95.29,1.065,9.45,86.0,40.0,0.0
1787969238.9,0.00,750.5,0,0.260,0.000,0.0000,0,False,False,P,False,56.0,13.68,109560,11.45710,95.29,1.133,9.45,86.0,41.0,0.0
1787969239.1,0.00,741.8,0,0.260,0.000,0.0000,0,False,False,P,False,56.0,13.68,109560,11.45710,95.29,1.065,9.45,86.0,41.0,0.0
1787969239.3,0.00,736.5,0,0.260,0.000,0.0000,0,False,False,P,False,56.0,13.68,109560,11.45710,95.29,1.091,9.45,86.0,42.0,0.0
1787969239.5,0.00,730.2,0,0.260,0.000,0.0000,0,False,False,P,False,56.0,13.68,109560,11.45710,95.29,1.159,9.45,86.0,42.0,0.0
1787969239.7,0.00,729.8,0,0.260,0.000,0.0000,0,False,False,P,False,56.0,13.68,109560,11.45710,95.29,1.146,9.45,86.0,43.0,0.0
1787969239.9,0.00,728.5,0,0.260,0.000,0.0000,0,False,False,P,False,56.0,13.68,109560,11.45710,95.29,1.104,9.45,86.0,43.0,0.0
1787969240.1,0.00,728.0,0,0.260,0.000,0.0000,0,False,False,P,False,56.0,13.68,109560,11.45710,95.29,1.121,9.45,86.0,43.0,0.0
1787969240.3,0.00,723.2,0,0.260,0.000,0.0000,0,False,False,P,False,56.0,13.68,109560,11.45710,95.29,1.133,9.45,86.0,43.0,0.0
1787969240.5,0.00,719.8,0,0.260,0.000,0.0000,0,False,False,P,False,56.0,13.68,109560,11.45710,95.29,1.133,9.45,86.0,43.0,0.0
1787969240.7,0.00,716.8,0,0.260,0.000,0.0000,0,False,False,P,False,56.0,13.68,109560,11.45710,95.29,1.146,9.45,86.0,44.0,0.0
1787969240.9,0.00,711.5,0,0.260,0.000,0.0000,0,False,False,P,False,56.0,13.68,109560,11.45710,95.29,1.172,9.45,86.0,44.0,0.0
1787969241.2,0.00,709.8,0,0.260,0.000,0.0000,0,False,False,P,False,56.0,13.68,109560,11.45710,95.29,1.121,9.45,86.0,44.0,0.0
1787969241.4,0.00,709.0,0,0.260,0.000,0.0000,0,False,False,P,False,56.0,13.68,109560,11.45710,95.29,1.189,9.45,86.0,45.0,0.0
1787969241.6,0.00,713.0,0,0.260,0.000,0.0000,0,False,False,P,False,56.0,13.68,109560,11.45710,95.29,1.189,9.45,86.0,45.0,0.0
1787969241.8,0.00,721.5,0,0.260,0.000,0.0000,0,False,False,P,False,56.0,13.68,109560,11.45710,95.29,1.159,9.45,86.0,45.0,0.0
1787969242.0,0.00,736.2,0,0.260,0.000,0.0000,0,False,False,P,False,56.0,13.68,109560,11.45710,95.29,1.091,9.45,86.0,45.0,0.0
1787969242.2,0.00,741.5,0,0.260,0.000,0.0000,0,False,False,P,False,56.0,13.93,109560,11.45710,95.29,1.053,9.44,86.0,44.0,0.0
1787969242.4,0.00,738.0,0,0.260,0.000,0.0000,0,False,False,P,False,56.0,13.93,109560,11.45710,95.29,1.078,9.44,86.0,44.0,0.0
1787969242.6,0.00,730.5,0,0.260,0.000,0.0000,0,False,False,P,False,56.0,13.93,109560,11.45710,95.29,1.053,9.44,86.0,43.0,0.0
1787969242.8,0.00,719.5,0,0.260,0.000,0.0000,0,False,False,P,False,56.0,13.93,109560,11.45710,95.29,1.078,9.44,86.0,43.0,0.0
1787969243.0,0.00,714.2,0,0.260,0.000,0.0000,0,False,False,P,False,56.0,13.93,109560,11.45710,95.29,1.121,9.44,86.0,43.0,0.0
1787969243.2,0.00,707.2,0,0.260,0.000,0.0000,0,False,False,P,False,56.0,13.93,109560,11.45710,95.29,1.091,9.44,86.0,43.0,0.0
1787969243.4,0.00,703.0,0,0.260,0.000,0.0000,0,False,False,P,False,56.0,13.93,109560,11.45710,95.29,1.091,9.44,86.0,43.0,0.0
1787969243.6,0.00,699.0,0,0.260,0.000,0.0000,0,False,False,P,False,56.0,13.93,109560,11.45710,95.29,1.091,9.44,86.0,43.0,0.0
1787969243.8,0.00,697.5,0,0.260,0.000,0.0000,0,False,False,P,False,56.0,13.93,109560,11.45710,95.29,1.091,9.44,86.0,43.0,0.0
1787969244.0,0.00,699.5,0,0.260,0.000,0.0000,0,False,False,P,False,56.0,13.93,109560,11.45710,95.29,1.104,9.44,86.0,44.0,0.0
1787969244.2,0.00,704.2,0,0.260,0.000,0.0000,0,False,False,P,False,56.0,13.93,109560,11.45710,95.29,1.078,9.44,86.0,44.0,0.0
1787969244.4,0.00,710.8,0,0.260,0.000,0.0000,0,False,False,P,False,56.0,13.93,109560,11.45710,95.29,1.078,9.44,86.0,44.0,0.0
1787969244.6,0.00,711.8,0,0.260,0.000,0.0000,0,False,False,P,False,56.0,13.93,109560,11.45710,95.29,1.065,9.44,86.0,44.0,0.0
1787969244.8,0.00,714.2,0,0.260,0.000,0.0000,0,False,False,P,False,56.0,13.93,109560,11.45710,95.29,1.065,9.44,86.0,43.0,0.0
1787969245.0,0.00,713.5,0,0.260,0.000,0.0000,0,False,False,P,False,56.0,13.93,109560,11.45710,95.29,1.078,9.44,86.0,43.0,0.0
1787969245.2,0.00,714.8,0,0.260,0.000,0.0000,0,False,False,P,False,56.0,13.82,109560,11.45710,95.29,1.091,9.44,86.0,43.0,0.0
1787969245.4,0.00,712.2,0,0.260,0.000,0.0000,0,False,False,P,False,56.0,13.82,109560,11.45710,95.29,1.078,9.44,86.0,43.0,0.0
1787969245.6,0.00,711.2,0,0.260,0.000,0.0000,0,False,False,P,False,56.0,13.82,109560,11.45710,95.29,1.065,9.44,86.0,43.0,0.0
1787969245.8,0.00,709.2,0,0.260,0.000,0.0000,0,False,False,P,False,56.0,13.82,109560,11.45710,95.29,1.065,9.44,86.0,43.0,0.0
1787969246.0,0.00,707.0,0,0.260,0.000,0.0000,0,False,False,P,False,56.0,13.82,109560,11.45710,95.29,1.078,9.44,86.0,43.0,0.0
1787969246.2,0.00,705.0,0,0.260,0.000,0.0000,0,False,False,P,False,56.0,13.82,109560,11.45710,95.29,1.065,9.44,86.0,43.0,0.0
1787969246.4,0.00,703.8,0,0.260,0.000,0.0000,0,False,False,P,False,56.0,13.82,109560,11.45710,95.29,1.078,9.43,86.0,43.0,0.0
1787969246.6,0.00,700.0,0,0.260,0.000,0.0000,0,False,False,P,False,56.0,13.82,109560,11.45710,95.29,1.065,9.43,86.0,43.0,0.0
1787969246.8,0.00,699.8,0,0.260,0.000,0.0000,0,False,False,P,False,56.0,13.82,109560,11.45710,95.29,1.053,9.43,86.0,43.0,0.0
1787969247.0,0.00,698.0,0,0.260,0.000,0.0000,0,False,False,P,False,56.0,13.82,109560,11.45710,95.29,1.078,9.43,86.0,43.0,0.0
1787969247.2,0.00,696.2,0,0.260,0.000,0.0000,0,False,False,P,False,56.0,13.82,109560,11.45710,95.29,1.040,9.43,86.0,43.0,0.0
1787969247.4,0.00,697.0,0,0.260,0.000,0.0000,0,False,False,P,False,56.0,13.82,109560,11.45710,95.29,1.040,9.43,86.0,43.0,0.0
1787969247.7,0.00,694.0,0,0.260,0.000,0.0000,0,False,False,P,False,56.0,13.82,109560,11.45710,95.29,1.078,9.43,86.0,43.0,0.0
1787969247.9,0.00,694.5,0,0.260,0.000,0.0000,0,False,False,P,False,56.0,13.82,109560,11.45710,95.29,1.053,9.43,86.0,43.0,0.0
1787969248.1,0.00,694.8,0,0.260,0.000,0.0000,0,False,False,P,False,56.0,13.82,109560,11.45710,95.29,1.065,9.43,86.0,43.0,0.0
1787969248.3,0.00,698.0,0,0.260,0.000,0.0000,0,False,False,P,False,56.0,13.83,109560,11.45710,95.29,1.078,9.43,86.0,44.0,0.0
1787969248.5,0.00,699.2,0,0.260,0.000,0.0000,0,False,False,P,False,56.0,13.83,109560,11.45710,95.29,1.065,9.43,86.0,44.0,0.0
1787969248.7,0.00,700.8,0,0.260,0.000,0.0000,0,False,False,P,False,56.0,13.83,109560,11.45710,95.29,1.078,9.43,86.0,43.0,0.0
1787969248.9,0.00,701.5,0,0.260,0.000,0.0000,0,False,False,P,False,56.0,13.83,109560,11.45710,95.29,1.065,9.43,86.0,43.0,0.0
1787969249.1,0.00,704.2,0,0.260,0.000,0.0000,0,False,False,P,False,56.0,13.83,109560,11.45710,95.29,1.065,9.43,86.0,43.0,0.0
1787969249.3,0.00,703.5,0,0.260,0.000,0.0000,0,False,False,P,False,56.0,13.83,109560,11.45710,95.29,1.065,9.43,86.0,43.0,0.0
1787969249.5,0.00,704.0,0,0.260,0.000,0.0000,0,False,False,P,False,56.0,13.83,109560,11.45710,95.29,1.065,9.43,86.0,43.0,0.0
1787969249.7,0.00,703.2,0,0.260,0.000,0.0000,0,False,False,P,False,56.0,13.83,109560,11.45710,95.29,1.065,9.43,86.0,43.0,0.0
1787969249.9,0.00,700.8,0,0.260,0.000,0.0000,0,False,False,P,False,56.0,13.83,109560,11.45710,95.29,1.065,9.43,86.0,43.0,0.0
1787969250.1,0.00,700.8,0,0.260,0.000,0.0000,0,False,False,P,False,56.0,13.83,109560,11.45710,95.29,1.053,9.43,86.0,43.0,0.0
1787969250.3,0.00,699.0,0,0.260,0.000,0.0000,0,False,False,P,False,56.0,13.83,109560,11.45710,95.29,1.065,9.43,86.0,43.0,0.0
1787969250.5,0.00,698.2,0,0.260,0.000,0.0000,0,False,False,P,False,56.0,13.83,109560,11.45710,95.29,1.104,9.43,86.0,43.0,0.0
1787969250.7,0.00,695.8,0,0.260,0.000,0.0000,0,False,False,P,False,56.0,13.83,109560,11.45710,95.29,1.078,9.43,86.0,43.0,0.0
1787969250.9,0.00,696.2,0,0.260,0.000,0.0000,0,False,False,P,False,56.0,13.83,109560,11.45710,95.29,1.091,9.42,86.0,43.0,0.0
1787969251.1,0.00,695.5,0,0.260,0.000,0.0000,0,False,False,P,False,56.0,13.83,109560,11.45710,95.29,1.065,9.42,86.0,44.0,0.0
1787969251.3,0.00,697.0,0,0.260,0.000,0.0000,0,False,False,P,False,56.0,13.82,109560,11.45710,95.29,1.065,9.42,86.0,44.0,0.0
1787969251.5,0.00,700.8,0,0.260,0.000,0.0000,0,False,False,P,False,56.0,13.82,109560,11.45710,95.29,1.078,9.42,86.0,43.0,0.0
1787969251.7,0.00,702.0,0,0.260,0.000,0.0000,0,False,False,P,False,56.0,13.82,109560,11.45710,95.29,1.065,9.42,86.0,44.0,0.0
1787969251.9,0.00,704.5,0,0.260,0.000,0.0000,0,False,False,P,False,56.0,13.82,109560,11.45710,95.29,1.065,9.42,86.0,44.0,0.0
1787969252.1,0.00,705.2,0,0.260,0.000,0.0000,0,False,False,P,False,56.0,13.82,109560,11.45710,95.29,1.065,9.42,86.0,43.0,0.0
1787969252.3,0.00,702.2,0,0.260,0.000,0.0000,0,False,False,P,False,56.0,13.82,109560,11.45710,95.29,1.091,9.42,86.0,43.0,0.0
1787969252.5,0.00,703.0,0,0.260,0.000,0.0000,0,False,False,P,False,56.0,13.82,109560,11.45710,95.29,1.065,9.42,86.0,43.0,0.0
1787969252.7,0.00,704.8,0,0.260,0.000,0.0000,0,False,False,P,False,56.0,13.82,109560,11.45710,95.29,1.091,9.42,86.0,43.0,0.0
1787969252.9,0.00,701.8,0,0.260,0.000,0.0000,0,False,False,P,False,56.0,13.82,109560,11.45710,95.29,1.091,9.42,86.0,43.0,0.0
1787969253.1,0.00,702.5,0,0.260,0.000,0.0000,0,False,False,P,False,56.0,13.82,109560,11.45710,95.29,1.091,9.42,86.0,43.0,0.0
1787969253.3,0.00,702.5,0,0.260,0.000,0.0000,0,False,False,P,False,56.0,13.82,109560,11.45710,95.29,1.091,9.42,86.0,43.0,0.0
1787969253.5,0.00,701.5,0,0.260,0.000,0.0000,0,False,False,P,False,56.0,13.82,109560,11.45710,95.29,1.053,9.42,86.0,43.0,0.0
1787969253.7,0.00,700.8,0,0.260,0.000,0.0000,0,False,False,P,False,56.0,13.82,109560,11.45710,95.29,1.091,9.42,86.0,43.0,0.0
1787969254.0,0.00,698.2,0,0.260,0.000,0.0000,0,False,False,P,False,56.0,13.82,109560,11.45710,95.29,1.053,9.42,86.0,43.0,0.0
1787969254.2,0.00,695.8,0,0.260,0.000,0.0000,0,False,False,P,False,56.0,13.82,109560,11.45710,95.29,1.065,9.42,86.0,43.0,0.0
1787969254.4,0.00,691.8,0,0.260,0.000,0.0000,0,False,False,P,False,56.0,13.82,109560,11.45710,95.29,0.807,9.42,86.0,43.0,0.0
1787969254.6,0.00,674.5,0,0.260,0.000,0.0000,0,False,False,P,False,56.0,13.82,109560,11.45710,95.29,0.734,9.42,86.0,39.0,0.0
1787969254.8,0.00,737.0,0,0.260,0.000,0.0000,0,False,False,P,False,56.0,13.82,109560,11.45710,95.29,0.743,9.42,86.0,39.0,0.0
1787969255.0,0.00,742.0,0,0.260,0.000,0.0000,0,False,False,P,False,56.0,13.92,109560,11.45710,95.29,0.734,9.42,86.0,37.0,0.0
1787969255.2,0.00,740.8,0,0.260,0.000,0.0000,0,False,False,P,False,56.0,13.92,109560,11.45710,95.29,0.713,9.42,86.0,35.0,0.0
1787969255.4,0.00,734.8,0,0.260,0.000,0.0000,0,False,False,P,False,56.0,13.92,109560,11.45710,95.29,0.726,9.42,86.0,34.0,0.0
1787969255.6,0.00,716.5,0,0.260,0.000,0.0000,0,False,False,P,False,56.0,13.92,109560,11.45710,95.29,0.713,9.41,86.0,32.0,0.0
1787969255.8,0.00,710.5,0,0.260,0.000,0.0000,0,False,False,P,False,56.0,13.92,109560,11.45710,95.29,0.705,9.41,86.0,32.0,0.0
1787969256.0,0.00,696.2,0,0.260,0.000,0.0000,0,False,False,P,False,56.0,13.92,109560,11.45710,95.29,0.734,9.41,86.0,31.0,0.0
1787969256.2,0.00,691.5,0,0.260,0.000,0.0000,0,False,False,P,False,56.0,13.92,109560,11.45710,95.29,0.743,9.41,86.0,31.0,0.0
1787969256.4,0.00,689.2,0,0.260,0.000,0.0000,0,False,False,P,False,56.0,13.92,109560,11.45710,95.29,0.734,9.41,86.0,32.0,0.0
1787969256.6,0.00,693.5,0,0.260,0.000,0.0000,0,False,False,P,False,56.0,13.92,109560,11.45710,95.29,0.726,9.41,86.0,32.0,0.0
1787969256.8,0.00,697.2,0,0.260,0.000,0.0000,0,False,False,P,False,56.0,13.92,109560,11.45710,95.29,0.734,9.41,86.0,32.0,0.0
1787969257.0,0.00,700.5,0,0.260,0.000,0.0000,0,False,False,P,False,56.0,13.92,109560,11.45710,95.29,0.734,9.41,86.0,32.0,0.0
1787969257.2,0.00,702.5,0,0.260,0.000,0.0000,0,False,False,P,False,56.0,13.92,109560,11.45710,95.29,0.734,9.41,86.0,31.0,0.0
1787969257.4,0.00,699.2,0,0.260,0.000,0.0000,0,False,False,P,False,56.0,13.83,109560,11.45710,95.29,0.713,9.41,86.0,31.0,0.0
1787969257.6,0.00,698.2,0,0.260,0.000,0.0000,0,False,False,P,False,56.0,13.83,109560,11.45710,95.29,0.726,9.41,86.0,31.0,0.0
1787969257.8,0.00,700.0,0,0.260,0.000,0.0000,0,False,False,P,False,56.0,13.83,109560,11.45710,95.29,0.734,9.41,86.0,31.0,0.0
1787969258.0,0.00,700.8,0,0.260,0.000,0.0000,0,False,False,P,False,56.0,13.83,109560,11.45710,95.29,0.726,9.41,86.0,31.0,0.0
1787969258.2,0.00,701.2,0,0.260,0.000,0.0000,0,False,False,P,False,56.0,13.83,109560,11.45710,95.29,0.743,9.41,86.0,31.0,0.0
1787969258.4,0.00,703.2,0,0.260,0.000,0.0000,0,False,False,P,False,56.0,13.83,109560,11.45710,95.29,0.734,9.41,86.0,31.0,0.0
1787969258.6,0.00,703.0,0,0.260,0.000,0.0000,0,False,False,P,False,56.0,13.83,109560,11.45710,95.29,0.726,9.41,86.0,31.0,0.0
1787969258.8,0.00,701.2,0,0.260,0.000,0.0000,0,False,False,P,False,56.0,13.83,109560,11.45710,95.29,0.726,9.41,86.0,31.0,0.0
1787969259.0,0.00,702.8,0,0.260,0.000,0.0000,0,False,False,P,False,56.0,13.83,109560,11.45710,95.29,0.713,9.41,86.0,31.0,0.0
1787969259.2,0.00,703.0,0,0.260,0.000,0.0000,0,False,False,P,False,56.0,13.83,109560,11.45710,95.29,0.734,9.41,86.0,31.0,0.0
1787969259.4,0.00,702.0,0,0.260,0.000,0.0000,0,False,False,P,False,56.0,13.83,109560,11.45710,95.29,0.726,9.41,86.0,31.0,0.0
1787969259.6,0.00,697.5,0,0.260,0.000,0.0000,0,False,False,P,False,56.0,13.83,109560,11.45710,95.29,0.726,9.41,86.0,31.0,0.0
1787969259.8,0.00,698.2,0,0.260,0.000,0.0000,0,False,False,P,False,56.0,13.83,109560,11.45710,95.29,0.743,9.41,86.0,31.0,0.0
1787969260.0,0.00,698.8,0,0.260,0.000,0.0000,0,False,False,P,False,56.0,13.83,109560,11.45710,95.29,0.743,9.41,86.0,31.0,0.0
1787969260.2,0.00,697.5,0,0.260,0.000,0.0000,0,False,False,P,False,56.0,13.83,109560,11.45710,95.29,0.743,9.41,86.0,31.0,0.0
1787969260.5,0.00,699.0,0,0.260,0.000,0.0000,0,False,False,P,False,56.0,13.83,109560,11.45710,95.29,0.713,9.41,86.0,31.0,0.0
1787969260.7,0.00,698.5,0,0.260,0.000,0.0000,0,False,False,P,False,56.0,13.83,109560,11.45710,95.29,0.726,9.41,86.0,31.0,0.0
1787969260.9,0.00,698.2,0,0.260,0.000,0.0000,0,False,False,P,False,56.0,13.83,109560,11.45710,95.29,0.734,9.41,86.0,31.0,0.0
1787969261.1,0.00,696.8,0,0.260,0.000,0.0000,0,False,False,P,False,56.0,13.83,109560,11.45710,95.29,0.726,9.41,86.0,31.0,0.0
1787969261.3,0.00,694.5,0,0.260,0.000,0.0000,0,False,False,P,False,56.0,13.83,109560,11.45710,95.29,0.726,9.41,86.0,31.0,0.0
1787969261.5,0.00,696.5,0,0.260,0.000,0.0000,0,False,False,P,False,56.0,13.83,109560,11.45710,95.29,0.743,9.41,86.0,31.0,0.0
1787969261.7,0.00,695.2,0,0.260,0.000,0.0000,0,False,False,P,False,56.0,13.83,109560,11.45710,95.29,0.713,9.41,86.0,31.0,0.0
1787969261.9,0.00,700.8,0,0.260,0.000,0.0000,0,False,False,P,False,56.0,13.83,109560,11.45710,95.29,0.713,9.40,86.0,31.0,0.0
1787969262.1,0.00,697.0,0,0.260,0.000,0.0000,0,False,False,P,False,56.0,13.83,109560,11.45710,95.29,0.726,9.40,86.0,31.0,0.0
1787969262.3,0.00,701.0,0,0.260,0.000,0.0000,0,False,False,P,False,56.0,13.83,109560,11.45710,95.29,0.726,9.40,86.0,31.0,0.0
1787969262.5,0.00,705.0,0,0.260,0.000,0.0000,0,False,False,P,False,56.0,13.83,109560,11.45710,95.29,0.726,9.40,86.0,31.0,0.0
1787969262.7,0.00,705.8,0,0.260,0.000,0.0000,0,False,False,P,False,56.0,13.83,109560,11.45710,95.29,0.726,9.40,86.0,31.0,0.0
1787969262.9,0.00,703.8,0,0.260,0.000,0.0000,0,False,False,P,False,56.0,13.83,109560,11.45710,95.29,0.726,9.40,86.0,31.0,0.0
1787969263.1,0.00,700.5,0,0.260,0.000,0.0000,0,False,False,P,False,56.0,13.83,109560,11.45710,95.29,0.726,9.40,86.0,31.0,0.0
1787969263.3,0.00,700.2,0,0.260,0.000,0.0000,0,False,False,P,False,56.0,13.83,109560,11.45710,95.29,0.705,9.40,86.0,31.0,0.0
1787969263.5,0.00,701.8,0,0.260,0.000,0.0000,0,False,False,P,False,56.0,13.83,109560,11.45710,95.29,0.726,9.40,86.0,31.0,0.0
1787969263.7,0.00,702.2,0,0.260,0.000,0.0000,0,False,False,P,False,56.0,13.83,109560,11.45710,95.29,0.734,9.40,86.0,31.0,0.0
1787969263.9,0.00,701.0,0,0.260,0.000,0.0000,0,False,False,P,False,56.0,13.83,109560,11.45710,95.29,0.734,9.40,86.0,31.0,0.0
1787969264.1,0.00,698.2,0,0.260,0.000,0.0000,0,False,False,P,False,56.0,13.83,109560,11.45710,95.29,0.734,9.40,86.0,31.0,0.0
1787969264.3,0.00,695.2,0,0.260,0.000,0.0000,0,False,False,P,False,56.0,13.83,109560,11.45710,95.29,0.726,9.40,86.0,31.0,0.0
1787969264.5,0.00,696.2,0,0.260,0.000,0.0000,0,False,False,P,False,56.0,13.83,109560,11.45710,95.29,0.726,9.40,86.0,31.0,0.0
1787969264.7,0.00,694.5,0,0.260,0.000,0.0000,0,False,False,P,False,56.0,13.83,109560,11.45710,95.29,1.800,9.40,86.0,31.0,0.0
1787969264.9,0.00,794.5,0,0.260,0.000,0.0000,0,False,False,P,False,56.0,13.83,109560,11.45710,95.29,0.989,9.40,86.0,41.0,0.0
1787969265.1,0.00,765.0,0,0.260,0.000,0.0000,0,False,False,P,False,56.0,13.83,109560,11.45710,95.29,1.091,9.40,86.0,40.0,0.0
1787969265.3,0.00,748.8,0,0.260,0.000,0.0000,0,False,False,P,False,56.0,13.83,109560,11.45710,95.29,1.133,9.40,86.0,41.0,0.0
1787969265.5,0.00,742.8,0,0.260,0.000,0.0000,0,False,False,P,False,56.0,13.83,109560,11.45710,95.29,1.133,9.40,86.0,42.0,0.0
1787969265.7,0.00,738.8,0,0.260,0.000,0.0000,0,False,False,P,False,56.0,13.83,109560,11.45710,95.29,1.172,9.40,86.0,42.0,0.0
1787969265.9,0.00,735.2,0,0.260,0.000,0.0000,0,False,False,P,False,56.0,13.83,109560,11.45710,95.29,1.133,9.40,86.0,42.0,0.0
1787969266.1,0.00,731.0,0,0.260,0.000,0.0000,0,False,False,P,False,56.0,13.83,109560,11.45710,95.29,1.104,9.40,86.0,43.0,0.0
1787969266.3,0.00,727.0,0,0.260,0.000,0.0000,0,False,False,P,False,56.0,13.83,109560,11.45710,95.29,1.172,9.40,86.0,43.0,0.0
1787969266.6,0.00,726.2,0,0.260,0.000,0.0000,0,False,False,P,False,56.0,13.83,109560,11.45710,95.29,1.159,9.40,86.0,44.0,0.0
1787969266.8,0.00,725.2,0,0.260,0.000,0.0000,0,False,False,P,False,56.0,13.43,109560,11.45710,95.29,1.133,9.39,86.0,44.0,0.0
1787969267.0,0.00,722.0,0,0.260,0.000,0.0000,0,False,False,P,False,56.0,13.43,109560,11.45710,95.29,1.146,9.39,86.0,44.0,0.0
1787969267.2,0.00,722.0,0,0.260,0.000,0.0000,0,False,False,P,False,56.0,13.43,109560,11.45710,95.29,1.159,9.39,86.0,44.0,0.0
1787969267.4,0.00,716.8,0,0.260,0.000,0.0000,0,False,False,P,False,56.0,13.43,109560,11.45710,95.29,1.091,9.39,86.0,44.0,0.0
1787969267.6,0.00,717.0,0,0.260,0.000,0.0000,0,False,False,P,False,56.0,13.43,109560,11.45710,95.29,1.189,9.39,86.0,45.0,0.0
1787969267.8,0.00,717.0,0,0.260,0.000,0.0000,0,False,False,P,False,56.0,13.43,109560,11.45710,95.29,1.121,9.39,86.0,45.0,0.0
1787969268.0,0.00,721.0,0,0.260,0.000,0.0000,0,False,False,P,False,56.0,13.43,109560,11.45710,95.29,1.159,9.39,86.0,45.0,0.0
1787969268.2,0.00,725.0,0,0.260,0.000,0.0000,0,False,False,P,False,56.0,13.43,109560,11.45710,95.29,1.146,9.39,86.0,45.0,0.0
1787969268.4,0.00,734.2,0,0.260,0.000,0.0000,0,False,False,P,False,56.0,13.43,109560,11.45710,95.29,1.121,9.39,86.0,45.0,0.0
1787969268.6,0.00,739.8,0,0.260,0.000,0.0000,0,False,False,P,False,56.0,13.43,109560,11.45710,95.29,1.104,9.39,86.0,44.0,0.0
1787969268.8,0.00,738.2,0,0.260,0.000,0.0000,0,False,False,P,False,56.0,13.43,109560,11.45710,95.29,1.078,9.39,86.0,44.0,0.0
1787969269.0,0.00,732.8,0,0.260,0.000,0.0000,0,False,False,P,False,56.0,13.43,109560,11.45710,95.29,1.078,9.39,86.0,43.0,0.0
1787969269.2,0.00,726.2,0,0.260,0.000,0.0000,0,False,False,P,False,56.0,13.43,109560,11.45710,95.29,1.078,9.39,86.0,43.0,0.0
1787969269.4,0.00,718.5,0,0.260,0.000,0.0000,0,False,False,P,False,56.0,13.43,109560,11.45710,95.29,1.091,9.39,86.0,43.0,0.0
1787969269.6,0.00,713.0,0,0.260,0.000,0.0000,0,False,False,P,False,56.0,13.43,109560,11.45710,95.29,1.121,9.39,86.0,43.0,0.0
1787969269.8,0.00,712.0,0,0.260,0.000,0.0000,0,False,False,P,False,56.0,13.82,109560,11.45710,95.29,1.078,9.39,86.0,43.0,0.0
1787969270.0,0.00,711.0,0,0.260,0.000,0.0000,0,False,False,P,False,56.0,13.82,109560,11.45710,95.29,1.133,9.39,86.0,43.0,0.0
1787969270.2,0.00,711.0,0,0.260,0.000,0.0000,0,False,False,P,False,56.0,13.82,109560,11.45710,95.29,1.121,9.39,86.0,44.0,0.0
1787969270.4,0.00,711.8,0,0.260,0.000,0.0000,0,False,False,P,False,56.0,13.82,109560,11.45710,95.29,1.121,9.39,86.0,44.0,0.0
1787969270.6,0.00,716.2,0,0.260,0.000,0.0000,0,False,False,P,False,56.0,13.82,109560,11.45710,95.29,1.104,9.39,86.0,43.0,0.0
1787969270.8,0.00,717.5,0,0.260,0.000,0.0000,0,False,False,P,False,56.0,13.82,109560,11.45710,95.29,1.078,9.39,86.0,43.0,0.0
1787969271.0,0.00,713.5,0,0.260,0.000,0.0000,0,False,False,P,False,56.0,13.82,109560,11.45710,95.29,1.078,9.38,86.0,43.0,0.0
1787969271.2,0.00,714.8,0,0.260,0.000,0.0000,0,False,False,P,False,56.0,13.82,109560,11.45710,95.29,1.078,9.38,86.0,43.0,0.0
1787969271.4,0.00,714.0,0,0.260,0.000,0.0000,0,False,False,P,False,56.0,13.82,109560,11.45710,95.29,1.091,9.38,86.0,43.0,0.0
1787969271.6,0.00,710.5,0,0.260,0.000,0.0000,0,False,False,P,False,56.0,13.82,109560,11.45710,95.29,1.091,9.38,86.0,43.0,0.0
1787969271.8,0.00,710.0,0,0.260,0.000,0.0000,0,False,False,P,False,56.0,13.82,109560,11.45710,95.29,1.133,9.38,86.0,43.0,0.0
1787969272.0,0.00,712.0,0,0.260,0.000,0.0000,0,False,False,P,False,56.0,13.82,109560,11.45710,95.29,1.133,9.38,86.0,43.0,0.0
1787969272.2,0.00,712.0,0,0.260,0.000,0.0000,0,False,False,P,False,56.0,13.82,109560,11.45710,95.29,1.091,9.38,86.0,43.0,0.0
1787969272.5,0.00,713.5,0,0.260,0.000,0.0000,0,False,False,P,False,56.0,13.82,109560,11.45710,95.29,1.065,9.38,86.0,43.0,0.0
1787969272.7,0.00,709.8,0,0.260,0.000,0.0000,0,False,False,P,False,56.0,13.82,109560,11.45710,95.29,1.091,9.38,86.0,43.0,0.0
1787969272.9,0.00,708.8,0,0.260,0.000,0.0000,0,False,False,P,False,56.0,13.82,109560,11.45710,95.29,1.121,9.38,86.0,43.0,0.0
1787969273.1,0.00,708.0,0,0.260,0.000,0.0000,0,False,False,P,False,56.0,13.82,109560,11.45710,95.29,1.065,9.38,86.0,43.0,0.0
1787969273.3,0.00,705.8,0,0.260,0.000,0.0000,0,False,False,P,False,56.0,13.82,109560,11.45710,95.29,1.091,9.38,86.0,43.0,0.0
1787969273.5,0.00,704.5,0,0.260,0.000,0.0000,0,False,False,P,False,56.0,13.82,109560,11.45710,95.29,1.065,9.38,86.0,43.0,0.0
1787969273.7,0.00,700.2,0,0.260,0.000,0.0000,0,False,False,P,False,56.0,13.82,109560,11.45710,95.29,1.091,9.38,86.0,43.0,0.0
1787969273.9,0.00,698.0,0,0.260,0.000,0.0000,0,False,False,P,False,56.0,13.82,109560,11.45710,95.29,1.078,9.38,86.0,43.0,0.0
1787969274.1,0.00,696.0,0,0.260,0.000,0.0000,0,False,False,P,False,56.0,13.82,109560,11.45710,95.29,1.065,9.38,86.0,43.0,0.0
1787969274.3,0.00,696.2,0,0.260,0.000,0.0000,0,False,False,P,False,56.0,13.82,109560,11.45710,95.29,1.091,9.38,86.0,44.0,0.0
1787969274.5,0.00,696.2,0,0.260,0.000,0.0000,0,False,False,P,False,56.0,13.82,109560,11.45710,95.29,1.065,9.38,86.0,44.0,0.0
1787969274.7,0.00,699.0,0,0.260,0.000,0.0000,0,False,False,P,False,56.0,13.82,109560,11.45710,95.29,1.121,9.38,86.0,44.0,0.0
1787969274.9,0.00,701.8,0,0.260,0.000,0.0000,0,False,False,P,False,56.0,13.82,109560,11.45710,95.29,1.065,9.38,86.0,44.0,0.0
1787969275.1,0.00,703.0,0,0.260,0.000,0.0000,0,False,False,P,False,56.0,13.82,109560,11.45710,95.29,1.104,9.38,86.0,44.0,0.0
1787969275.3,0.00,706.2,0,0.260,0.000,0.0000,0,False,False,P,False,56.0,13.82,109560,11.45710,95.29,1.091,9.37,86.0,44.0,0.0
1787969275.5,0.00,708.8,0,0.260,0.000,0.0000,0,False,False,P,False,56.0,13.82,109560,11.45710,95.29,1.091,9.37,86.0,43.0,0.0
1787969275.7,0.00,710.0,0,0.260,0.000,0.0000,0,False,False,P,False,56.0,13.82,109560,11.45710,95.29,1.078,9.37,86.0,43.0,0.0
1787969275.9,0.00,708.2,0,0.260,0.000,0.0000,0,False,False,P,False,56.0,13.82,109560,11.45710,95.29,1.104,9.37,86.0,43.0,0.0
1787969276.1,0.00,707.0,0,0.260,0.000,0.0000,0,False,False,P,False,56.0,13.83,109560,11.45710,95.29,1.065,9.37,86.0,43.0,0.0
1787969276.3,0.00,703.5,0,0.260,0.000,0.0000,0,False,False,P,False,56.0,13.83,109560,11.45710,95.29,1.065,9.37,86.0,43.0,0.0
1787969276.5,0.00,703.8,0,0.260,0.000,0.0000,0,False,False,P,False,56.0,13.83,109560,11.45710,95.29,1.065,9.37,86.0,43.0,0.0
1787969276.7,0.00,701.2,0,0.260,0.000,0.0000,0,False,False,P,False,56.0,13.83,109560,11.45710,95.29,1.091,9.37,86.0,43.0,0.0
1787969276.9,0.00,700.0,0,0.260,0.000,0.0000,0,False,False,P,False,56.0,13.83,109560,11.45710,95.29,1.104,9.37,86.0,43.0,0.0
1787969277.1,0.00,700.8,0,0.260,0.000,0.0000,0,False,False,P,False,56.0,13.83,109560,11.45710,95.29,1.078,9.37,86.0,43.0,0.0
1787969277.3,0.00,700.2,0,0.260,0.000,0.0000,0,False,False,P,False,56.0,13.83,109560,11.45710,95.29,1.065,9.37,86.0,43.0,0.0
1787969277.5,0.00,700.8,0,0.260,0.000,0.0000,0,False,False,P,False,56.0,13.83,109560,11.45710,95.29,1.104,9.37,86.0,43.0,0.0
1787969277.7,0.00,703.5,0,0.260,0.000,0.0000,0,False,False,P,False,56.0,13.83,109560,11.45710,95.29,1.078,9.37,86.0,43.0,0.0
1787969277.9,0.00,706.5,0,0.260,0.000,0.0000,0,False,False,P,False,56.0,13.83,109560,11.45710,95.29,0.930,9.37,86.0,43.0,0.0
1787969278.2,0.00,694.2,0,0.260,0.000,0.0000,0,False,False,P,False,56.0,13.83,109560,11.45710,95.29,0.743,9.37,86.0,43.0,0.0
1787969278.4,0.00,738.0,0,0.260,0.000,0.0000,0,False,False,P,False,56.0,13.83,109560,11.45710,95.29,0.756,9.37,86.0,39.0,0.0
1787969278.6,0.00,743.2,0,0.260,0.000,0.0000,0,False,False,P,False,56.0,13.83,109560,11.45710,95.29,0.743,9.37,86.0,37.0,0.0
1787969278.8,0.00,739.2,0,0.260,0.000,0.0000,0,False,False,P,False,56.0,13.83,109560,11.45710,95.29,0.743,9.37,86.0,35.0,0.0
1787969279.0,0.00,735.8,0,0.260,0.000,0.0000,0,False,False,P,False,56.0,13.83,109560,11.45710,95.29,0.713,9.37,86.0,34.0,0.0
1787969279.2,0.00,728.8,0,0.260,0.000,0.0000,0,False,False,P,False,56.0,13.93,109560,11.45710,95.29,0.696,9.37,86.0,33.0,0.0
1787969279.4,0.00,717.8,0,0.260,0.000,0.0000,0,False,False,P,False,56.0,13.93,109560,11.45710,95.29,0.713,9.37,86.0,32.0,0.0
1787969279.6,0.00,706.0,0,0.260,0.000,0.0000,0,False,False,P,False,56.0,13.93,109560,11.45710,95.29,0.713,9.37,86.0,31.0,0.0
1787969279.8,0.00,700.5,0,0.260,0.000,0.0000,0,False,False,P,False,56.0,13.93,109560,11.45710,95.29,0.713,9.37,86.0,31.0,0.0
1787969280.0,0.00,695.5,0,0.260,0.000,0.0000,0,False,False,P,False,56.0,13.93,109560,11.45710,95.29,0.726,9.37,86.0,31.0,0.0
1787969280.2,0.00,689.5,0,0.260,0.000,0.0000,0,False,False,P,False,56.0,13.93,109560,11.45710,95.29,0.756,9.37,86.0,31.0,0.0
1787969280.4,0.00,694.5,0,0.260,0.000,0.0000,0,False,False,P,False,56.0,13.93,109560,11.45710,95.29,0.726,9.36,86.0,32.0,0.0
1787969280.6,0.00,696.0,0,0.260,0.000,0.0000,0,False,False,P,False,56.0,13.93,109560,11.45710,95.29,0.705,9.36,86.0,31.0,0.0
1787969280.8,0.00,698.0,0,0.260,0.000,0.0000,0,False,False,P,False,56.0,13.93,109560,11.45710,95.29,0.726,9.36,86.0,32.0,0.0
1787969281.0,0.00,700.0,0,0.260,0.000,0.0000,0,False,False,P,False,56.0,13.93,109560,11.45710,95.29,0.713,9.36,86.0,31.0,0.0
1787969281.2,0.00,701.2,0,0.260,0.000,0.0000,0,False,False,P,False,56.0,13.93,109560,11.45710,95.29,0.726,9.36,86.0,31.0,0.0
1787969281.4,0.00,698.8,0,0.260,0.000,0.0000,0,False,False,P,False,56.0,13.93,109560,11.45710,95.29,0.726,9.36,86.0,31.0,0.0
1787969281.6,0.00,699.2,0,0.260,0.000,0.0000,0,False,False,P,False,56.0,13.93,109560,11.45710,95.29,0.734,9.36,86.0,31.0,0.0
1787969281.8,0.00,696.8,0,0.260,0.000,0.0000,0,False,False,P,False,56.0,13.93,109560,11.45710,95.29,0.705,9.36,86.0,31.0,0.0
1787969282.0,0.00,701.8,0,0.260,0.000,0.0000,0,False,False,P,False,56.0,13.93,109560,11.45710,95.29,0.726,9.36,86.0,31.0,0.0
1787969282.2,0.00,700.0,0,0.260,0.000,0.0000,0,False,False,P,False,56.0,13.84,109560,11.45710,95.29,0.726,9.36,86.0,31.0,0.0
1787969282.4,0.00,703.5,0,0.260,0.000,0.0000,0,False,False,P,False,56.0,13.84,109560,11.45710,95.29,0.734,9.36,86.0,31.0,0.0
1787969282.6,0.00,704.0,0,0.260,0.000,0.0000,0,False,False,P,False,56.0,13.84,109560,11.45710,95.29,0.726,9.36,86.0,31.0,0.0
1787969282.8,0.00,701.8,0,0.260,0.000,0.0000,0,False,False,P,False,56.0,13.84,109560,11.45710,95.29,0.734,9.36,86.0,31.0,0.0
1787969283.0,0.00,702.2,0,0.260,0.000,0.0000,0,False,False,P,False,56.0,13.84,109560,11.45710,95.29,0.705,9.36,86.0,31.0,0.0
1787969283.2,0.00,703.2,0,0.260,0.000,0.0000,0,False,False,P,False,56.0,13.84,109560,11.45710,95.29,0.705,9.36,86.0,31.0,0.0
1787969283.4,0.00,700.5,0,0.260,0.000,0.0000,0,False,False,P,False,56.0,13.84,109560,11.45710,95.29,0.713,9.36,86.0,31.0,0.0
1787969283.6,0.00,699.8,0,0.260,0.000,0.0000,0,False,False,P,False,56.0,13.84,109560,11.45710,95.29,0.726,9.36,86.0,31.0,0.0
1787969283.8,0.00,693.0,0,0.260,0.000,0.0000,0,False,False,P,False,56.0,13.84,109560,11.45710,95.29,0.734,9.36,86.0,31.0,0.0
1787969284.0,0.00,697.5,0,0.260,0.000,0.0000,0,False,False,P,False,56.0,13.84,109560,11.45710,95.29,0.726,9.36,86.0,31.0,0.0
1787969284.2,0.00,698.5,0,0.260,0.000,0.0000,0,False,False,P,False,56.0,13.84,109560,11.45710,95.29,0.713,9.36,86.0,31.0,0.0
1787969284.4,0.00,698.0,0,0.260,0.000,0.0000,0,False,False,P,False,56.0,13.84,109560,11.45710,95.29,0.713,9.36,86.0,31.0,0.0
1787969284.6,0.00,696.8,0,0.260,0.000,0.0000,0,False,False,P,False,56.0,13.84,109560,11.45710,95.29,0.734,9.36,86.0,31.0,0.0
1787969284.9,0.00,696.5,0,0.260,0.000,0.0000,0,False,False,P,False,56.0,13.84,109560,11.45710,95.29,0.756,9.36,86.0,31.0,0.0
1787969285.1,0.00,693.2,0,0.260,0.000,0.0000,0,False,False,P,False,56.0,13.84,109560,11.45710,95.29,0.734,9.36,86.0,31.0,0.0
1787969285.3,0.00,695.0,0,0.260,0.000,0.0000,0,False,False,P,False,56.0,13.84,109560,11.45710,95.29,0.734,9.36,86.0,31.0,0.0
1787969285.5,0.00,697.2,0,0.260,0.000,0.0000,0,False,False,P,False,56.0,13.84,109560,11.45710,95.29,0.734,9.36,86.0,31.0,0.0
1787969285.7,0.00,695.8,0,0.260,0.000,0.0000,0,False,False,P,False,56.0,13.84,109560,11.45710,95.29,0.734,9.36,86.0,31.0,0.0
1787969285.9,0.00,699.8,0,0.260,0.000,0.0000,0,False,False,P,False,56.0,13.84,109560,11.45710,95.29,0.743,9.36,86.0,31.0,0.0
1787969286.1,0.00,702.0,0,0.260,0.000,0.0000,0,False,False,P,False,56.0,13.84,109560,11.45710,95.29,0.713,9.36,86.0,31.0,0.0
1787969286.3,0.00,700.2,0,0.260,0.000,0.0000,0,False,False,P,False,56.0,13.84,109560,11.45710,95.29,0.705,9.36,86.0,31.0,0.0
1787969286.5,0.00,700.0,0,0.260,0.000,0.0000,0,False,False,P,False,56.0,13.84,109560,11.45710,95.29,0.726,9.36,86.0,31.0,0.0
1787969286.7,0.00,702.5,0,0.260,0.000,0.0000,0,False,False,P,False,56.0,13.84,109560,11.45710,95.29,0.734,9.36,86.0,31.0,0.0
1787969286.9,0.00,700.2,0,0.260,0.000,0.0000,0,False,False,P,False,56.0,13.84,109560,11.45710,95.29,0.734,9.35,86.0,31.0,0.0
1787969287.1,0.00,701.2,0,0.260,0.000,0.0000,0,False,False,P,False,56.0,13.84,109560,11.45710,95.29,0.726,9.35,86.0,31.0,0.0
1787969287.3,0.00,703.8,0,0.260,0.000,0.0000,0,False,False,P,False,56.0,13.84,109560,11.45710,95.29,0.705,9.35,86.0,31.0,0.0
1787969287.5,0.00,705.2,0,0.260,0.000,0.0000,0,False,False,P,False,56.0,13.84,109560,11.45710,95.29,0.734,9.35,86.0,31.0,0.0
1787969287.7,0.00,705.8,0,0.260,0.000,0.0000,0,False,False,P,False,56.0,13.84,109560,11.45710,95.29,0.734,9.35,86.0,31.0,0.0
1787969287.9,0.00,703.5,0,0.260,0.000,0.0000,0,False,False,P,False,56.0,13.84,109560,11.45710,95.29,0.726,9.35,86.0,31.0,0.0
1787969288.1,0.00,698.5,0,0.260,0.000,0.0000,0,False,False,P,False,56.0,13.84,109560,11.45710,95.29,0.726,9.35,86.0,31.0,0.0
1787969288.3,0.00,701.2,0,0.260,0.000,0.0000,0,False,False,P,False,56.0,13.83,109560,11.45710,95.29,0.726,9.35,86.0,31.0,0.0
1787969288.5,0.00,699.5,0,0.260,0.000,0.0000,0,False,False,P,False,56.0,13.83,109560,11.45710,95.29,0.726,9.35,86.0,31.0,0.0
1787969288.7,0.00,699.8,0,0.260,0.000,0.0000,0,False,False,P,False,56.0,13.83,109560,11.45710,95.29,0.726,9.35,86.0,31.0,0.0
1787969288.9,0.00,701.0,0,0.260,0.000,0.0000,0,False,False,P,False,56.0,13.83,109560,11.45710,95.29,0.726,9.35,86.0,31.0,0.0
1787969289.1,0.00,699.5,0,0.260,0.000,0.0000,0,False,False,P,False,56.0,13.83,109560,11.45710,95.29,0.726,9.35,86.0,31.0,0.0
1787969289.3,0.00,698.0,0,0.260,0.000,0.0000,0,False,False,P,False,56.0,13.83,109560,11.45710,95.29,0.726,9.35,86.0,31.0,0.0
1787969289.5,0.00,688.5,0,0.260,0.000,0.0000,0,False,False,P,False,56.0,13.83,109560,11.45710,95.29,0.726,9.35,86.0,31.0,0.0
1787969289.7,0.00,695.8,0,0.260,0.000,0.0000,0,False,False,P,False,56.0,13.83,109560,11.45710,95.29,0.726,9.35,86.0,31.0,0.0
1787969289.9,0.00,695.8,0,0.260,0.000,0.0000,0,False,False,P,False,56.0,13.83,109560,11.45710,95.29,0.713,9.35,86.0,31.0,0.0
1787969290.1,0.00,698.0,0,0.260,0.000,0.0000,0,False,False,P,False,56.0,13.83,109560,11.45710,95.29,0.726,9.35,86.0,31.0,0.0
1787969290.3,0.00,698.2,0,0.260,0.000,0.0000,0,False,False,P,False,56.0,13.83,109560,11.45710,95.29,0.726,9.35,86.0,31.0,0.0
1787969290.5,0.00,696.2,0,0.260,0.000,0.0000,0,False,False,P,False,56.0,13.83,109560,11.45710,95.29,2.386,9.35,86.0,31.0,0.0
1787969290.8,0.00,792.0,0,0.260,0.000,0.0000,0,False,False,P,False,56.0,13.83,109560,11.45710,95.29,1.027,9.35,86.0,41.0,0.0
1787969291.0,0.00,771.8,0,0.260,0.000,0.0000,0,False,False,P,False,56.0,13.83,109560,11.45710,95.29,1.002,9.35,86.0,40.0,0.0
1787969291.2,0.00,749.8,0,0.260,0.000,0.0000,0,False,False,P,False,56.0,13.83,109560,11.45710,95.29,1.214,9.35,86.0,41.0,0.0
1787969291.4,0.00,745.5,0,0.260,0.000,0.0000,0,False,False,P,False,56.0,13.83,109560,11.45710,95.29,1.121,9.35,86.0,42.0,0.0
1787969291.6,0.00,738.0,0,0.260,0.000,0.0000,0,False,False,P,False,56.0,13.44,109560,11.45710,95.29,1.244,9.35,86.0,42.0,0.0
1787969291.8,0.00,743.0,0,0.260,0.000,0.0000,0,False,False,P,False,56.0,13.44,109560,11.45710,95.29,1.121,9.35,86.0,42.0,0.0
1787969292.0,0.00,737.5,0,0.260,0.000,0.0000,0,False,False,P,False,56.0,13.44,109560,11.45710,95.29,1.104,9.35,86.0,43.0,0.0
1787969292.2,0.00,733.5,0,0.260,0.000,0.0000,0,False,False,P,False,56.0,13.44,109560,11.45710,95.29,1.146,9.34,86.0,43.0,0.0
1787969292.4,0.00,726.2,0,0.260,0.000,0.0000,0,False,False,P,False,56.0,13.44,109560,11.45710,95.29,1.104,9.34,86.0,43.0,0.0
1787969292.6,0.00,720.5,0,0.260,0.000,0.0000,0,False,False,P,False,56.0,13.44,109560,11.45710,95.29,1.172,9.34,86.0,43.0,0.0
1787969292.8,0.00,715.8,0,0.260,0.000,0.0000,0,False,False,P,False,56.0,13.44,109560,11.45710,95.29,1.133,9.34,86.0,43.0,0.0
1787969293.0,0.00,713.8,0,0.260,0.000,0.0000,0,False,False,P,False,56.0,13.44,109560,11.45710,95.29,1.146,9.34,86.0,44.0,0.0
1787969293.2,0.00,714.5,0,0.260,0.000,0.0000,0,False,False,P,False,56.0,13.44,109560,11.45710,95.29,1.159,9.34,86.0,44.0,0.0
1787969293.4,0.00,714.5,0,0.260,0.000,0.0000,0,False,False,P,False,56.0,13.44,109560,11.45710,95.29,1.172,9.34,86.0,44.0,0.0
1787969293.6,0.00,719.5,0,0.260,0.000,0.0000,0,False,False,P,False,56.0,13.44,109560,11.45710,95.29,1.214,9.34,86.0,45.0,0.0
1787969293.8,0.00,721.5,0,0.260,0.000,0.0000,0,False,False,P,False,56.0,13.44,109560,11.45710,95.29,1.172,9.34,86.0,45.0,0.0
1787969294.0,0.00,728.8,0,0.260,0.000,0.0000,0,False,False,P,False,56.0,13.44,109560,11.45710,95.29,1.159,9.34,86.0,45.0,0.0
1787969294.2,0.00,736.0,0,0.260,0.000,0.0000,0,False,False,P,False,56.0,13.44,109560,11.45710,95.29,1.133,9.34,86.0,45.0,0.0
1787969294.4,0.00,740.8,0,0.260,0.000,0.0000,0,False,False,P,False,56.0,13.44,109560,11.45710,95.29,1.091,9.34,86.0,44.0,0.0
1787969294.6,0.00,738.5,0,0.260,0.000,0.0000,0,False,False,P,False,56.0,13.90,109560,11.45710,95.29,1.065,9.34,86.0,44.0,0.0
1787969294.8,0.00,734.8,0,0.260,0.000,0.0000,0,False,False,P,False,56.0,13.90,109560,11.45710,95.29,1.078,9.34,86.0,43.0,0.0
1787969295.0,0.00,727.5,0,0.260,0.000,0.0000,0,False,False,P,False,56.0,13.90,109560,11.45710,95.29,1.078,9.34,86.0,43.0,0.0
1787969295.2,0.00,720.2,0,0.260,0.000,0.0000,0,False,False,P,False,56.0,13.90,109560,11.45710,95.29,1.121,9.34,86.0,43.0,0.0
1787969295.4,0.00,713.0,0,0.260,0.000,0.0000,0,False,False,P,False,56.0,13.90,109560,11.45710,95.29,1.104,9.34,86.0,43.0,0.0
1787969295.6,0.00,708.5,0,0.260,0.000,0.0000,0,False,False,P,False,56.0,13.90,109560,11.45710,95.29,1.091,9.34,86.0,43.0,0.0
1787969295.8,0.00,706.8,0,0.260,0.000,0.0000,0,False,False,P,False,56.0,13.90,109560,11.45710,95.29,1.078,9.34,86.0,43.0,0.0
1787969296.0,0.00,709.5,0,0.260,0.000,0.0000,0,False,False,P,False,56.0,13.90,109560,11.45710,95.29,1.104,9.34,86.0,43.0,0.0
1787969296.2,0.00,714.0,0,0.260,0.000,0.0000,0,False,False,P,False,56.0,13.90,109560,11.45710,95.29,1.121,9.34,86.0,44.0,0.0
1787969296.4,0.00,718.0,0,0.260,0.000,0.0000,0,False,False,P,False,56.0,13.90,109560,11.45710,95.29,1.091,9.33,86.0,43.0,0.0
1787969296.6,0.00,719.2,0,0.260,0.000,0.0000,0,False,False,P,False,56.0,13.90,109560,11.45710,95.29,1.065,9.33,86.0,43.0,0.0
1787969296.8,0.00,718.8,0,0.260,0.000,0.0000,0,False,False,P,False,56.0,13.90,109560,11.45710,95.29,1.053,9.33,86.0,43.0,0.0
1787969297.1,0.00,718.2,0,0.260,0.000,0.0000,0,False,False,P,False,56.0,13.90,109560,11.45710,95.29,1.078,9.33,86.0,43.0,0.0
1787969297.3,0.00,716.2,0,0.260,0.000,0.0000,0,False,False,P,False,56.0,13.90,109560,11.45710,95.29,1.078,9.33,86.0,43.0,0.0
1787969297.5,0.00,715.2,0,0.260,0.000,0.0000,0,False,False,P,False,56.0,13.90,109560,11.45710,95.29,1.091,9.33,86.0,43.0,0.0
1787969297.7,0.00,713.2,0,0.260,0.000,0.0000,0,False,False,P,False,56.0,13.82,109560,11.45710,95.29,1.091,9.33,86.0,43.0,0.0
1787969297.9,0.00,709.2,0,0.260,0.000,0.0000,0,False,False,P,False,56.0,13.82,109560,11.45710,95.29,1.104,9.33,86.0,43.0,0.0
1787969298.1,0.00,709.5,0,0.260,0.000,0.0000,0,False,False,P,False,56.0,13.82,109560,11.45710,95.29,1.091,9.33,86.0,43.0,0.0
1787969298.3,0.00,709.8,0,0.260,0.000,0.0000,0,False,False,P,False,56.0,13.82,109560,11.45710,95.29,1.091,9.33,86.0,43.0,0.0
1787969298.5,0.00,708.0,0,0.260,0.000,0.0000,0,False,False,P,False,56.0,13.82,109560,11.45710,95.29,1.078,9.33,86.0,43.0,0.0
1787969298.7,0.00,707.5,0,0.260,0.000,0.0000,0,False,False,P,False,56.0,13.82,109560,11.45710,95.29,1.091,9.33,86.0,43.0,0.0
1787969298.9,0.00,706.0,0,0.260,0.000,0.0000,0,False,False,P,False,56.0,13.82,109560,11.45710,95.29,1.104,9.33,86.0,43.0,0.0
1787969299.1,0.00,706.0,0,0.260,0.000,0.0000,0,False,False,P,False,56.0,13.82,109560,11.45710,95.29,1.065,9.33,86.0,43.0,0.0
1787969299.3,0.00,705.8,0,0.260,0.000,0.0000,0,False,False,P,False,56.0,13.82,109560,11.45710,95.29,1.065,9.33,86.0,43.0,0.0
1787969299.5,0.00,699.5,0,0.260,0.000,0.0000,0,False,False,P,False,56.0,13.82,109560,11.45710,95.29,1.078,9.33,86.0,43.0,0.0
1787969299.7,0.00,699.2,0,0.260,0.000,0.0000,0,False,False,P,False,56.0,13.82,109560,11.45710,95.29,1.078,9.33,86.0,43.0,0.0
1787969299.9,0.00,696.2,0,0.260,0.000,0.0000,0,False,False,P,False,56.0,13.82,109560,11.45710,95.29,1.053,9.33,86.0,43.0,0.0
1787969300.1,0.00,700.0,0,0.260,0.000,0.0000,0,False,False,P,False,56.0,13.82,109560,11.45710,95.29,1.078,9.33,86.0,43.0,0.0
1787969300.3,0.00,703.2,0,0.260,0.000,0.0000,0,False,False,P,False,56.0,13.82,109560,11.45710,95.29,1.040,9.33,86.0,43.0,0.0
1787969300.5,0.00,702.5,0,0.260,0.000,0.0000,0,False,False,P,False,56.0,13.82,109560,11.45710,95.29,1.053,9.33,86.0,43.0,0.0
1787969300.7,0.00,706.2,0,0.260,0.000,0.0000,0,False,False,P,False,56.0,13.84,109560,11.45710,95.29,1.065,9.33,86.0,43.0,0.0
1787969300.9,0.00,707.8,0,0.260,0.000,0.0000,0,False,False,P,False,56.0,13.84,109560,11.45710,95.29,1.078,9.32,86.0,43.0,0.0
1787969301.1,0.00,708.5,0,0.260,0.000,0.0000,0,False,False,P,False,56.0,13.84,109560,11.45710,95.29,1.040,9.32,86.0,43.0,0.0
1787969301.3,0.00,706.0,0,0.260,0.000,0.0000,0,False,False,P,False,56.0,13.84,109560,11.45710,95.29,1.053,9.32,86.0,43.0,0.0
1787969301.5,0.00,705.8,0,0.260,0.000,0.0000,0,False,False,P,False,56.0,13.84,109560,11.45710,95.29,1.078,9.32,86.0,43.0,0.0
1787969301.7,0.00,704.8,0,0.260,0.000,0.0000,0,False,False,P,False,56.0,13.84,109560,11.45710,95.29,1.078,9.32,86.0,43.0,0.0
1787969301.9,0.00,704.2,0,0.260,0.000,0.0000,0,False,False,P,False,56.0,13.84,109560,11.45710,95.29,1.065,9.32,86.0,43.0,0.0
1787969302.1,0.00,702.5,0,0.260,0.000,0.0000,0,False,False,P,False,56.0,13.84,109560,11.45710,95.29,1.078,9.32,86.0,43.0,0.0
1787969302.3,0.00,702.8,0,0.260,0.000,0.0000,0,False,False,P,False,56.0,13.84,109560,11.45710,95.29,1.065,9.32,86.0,43.0,0.0
1787969302.5,0.00,702.0,0,0.260,0.000,0.0000,0,False,False,P,False,56.0,13.84,109560,11.45710,95.29,1.104,9.32,86.0,43.0,0.0
1787969302.7,0.00,701.5,0,0.260,0.000,0.0000,0,False,False,P,False,56.0,13.84,109560,11.45710,95.29,1.015,9.32,86.0,43.0,0.0
1787969302.9,0.00,699.5,0,0.260,0.000,0.0000,0,False,False,P,False,56.0,13.84,109560,11.45710,95.29,1.091,9.32,86.0,43.0,0.0
1787969303.1,0.00,697.8,0,0.260,0.000,0.0000,0,False,False,P,False,56.0,13.84,109560,11.45710,95.29,1.078,9.32,86.0,43.0,0.0
1787969303.3,0.00,695.8,0,0.260,0.000,0.0000,0,False,False,P,False,56.0,13.84,109560,11.45710,95.29,1.078,9.32,86.0,43.0,0.0
1787969303.5,0.00,696.8,0,0.260,0.000,0.0000,0,False,False,P,False,56.0,13.84,109560,11.45710,95.29,1.078,9.32,86.0,43.0,0.0
1787969303.7,0.00,699.8,0,0.260,0.000,0.0000,0,False,False,P,False,56.0,13.84,109560,11.45710,95.29,1.065,9.32,86.0,43.0,0.0
1787969303.9,0.00,702.5,0,0.260,0.000,0.0000,0,False,False,P,False,56.0,13.82,109560,11.45710,95.29,1.078,9.32,86.0,43.0,0.0
1787969304.2,0.00,705.0,0,0.260,0.000,0.0000,0,False,False,P,False,56.0,13.82,109560,11.45710,95.29,1.065,9.32,86.0,43.0,0.0
1787969304.4,0.00,702.5,0,0.260,0.000,0.0000,0,False,False,P,False,56.0,13.82,109560,11.45710,95.29,1.091,9.32,86.0,43.0,0.0
1787969304.6,0.00,704.5,0,0.260,0.000,0.0000,0,False,False,P,False,56.0,13.82,109560,11.45710,95.29,1.065,9.32,86.0,43.0,0.0
1787969304.8,0.00,705.8,0,0.260,0.000,0.0000,0,False,False,P,False,56.0,13.82,109560,11.45710,95.29,1.078,9.32,86.0,43.0,0.0
1787969305.0,0.00,708.0,0,0.260,0.000,0.0000,0,False,False,P,False,56.0,13.82,109560,11.45710,95.29,1.091,9.32,86.0,43.0,0.0
1787969305.2,0.00,706.2,0,0.260,0.000,0.0000,0,False,False,P,False,56.0,13.82,109560,11.45710,95.29,1.091,9.32,86.0,43.0,0.0
1787969305.4,0.00,704.8,0,0.260,0.000,0.0000,0,False,False,P,False,56.0,13.82,109560,11.45710,95.29,1.091,9.31,86.0,43.0,0.0
1787969305.6,0.00,700.8,0,0.260,0.000,0.0000,0,False,False,P,False,56.0,13.82,109560,11.45710,95.29,1.078,9.31,86.0,43.0,0.0
1787969305.8,0.00,700.2,0,0.260,0.000,0.0000,0,False,False,P,False,56.0,13.82,109560,11.45710,95.29,1.091,9.31,86.0,43.0,0.0
1787969306.0,0.00,700.5,0,0.260,0.000,0.0000,0,False,False,P,False,56.0,13.82,109560,11.45710,95.29,1.065,9.31,86.0,43.0,0.0
1787969306.2,0.00,698.5,0,0.260,0.000,0.0000,0,False,False,P,False,56.0,13.82,109560,11.45710,95.29,1.078,9.31,86.0,43.0,0.0
1787969306.4,0.00,698.2,0,0.260,0.000,0.0000,0,False,False,P,False,56.0,13.82,109560,11.45710,95.29,1.091,9.31,86.0,43.0,0.0
1787969306.6,0.00,697.5,0,0.260,0.000,0.0000,0,False,False,P,False,56.0,13.82,109560,11.45710,95.29,1.053,9.31,86.0,43.0,0.0
1787969306.8,0.00,701.5,0,0.260,0.000,0.0000,0,False,False,P,False,56.0,13.82,109560,11.45710,95.29,1.078,9.31,86.0,43.0,0.0
1787969307.0,0.00,703.2,0,0.260,0.000,0.0000,0,False,False,P,False,56.0,13.82,109560,11.45710,95.29,1.091,9.31,86.0,43.0,0.0
1787969307.2,0.00,705.2,0,0.260,0.000,0.0000,0,False,False,P,False,56.0,13.82,109560,11.45710,95.29,1.078,9.31,86.0,43.0,0.0
1787969307.4,0.00,706.5,0,0.260,0.000,0.0000,0,False,False,P,False,56.0,13.82,109560,11.45710,95.29,1.065,9.31,86.0,43.0,0.0
1787969307.6,0.00,707.0,0,0.260,0.000,0.0000,0,False,False,P,False,56.0,13.82,109560,11.45710,95.29,1.078,9.31,86.0,43.0,0.0
1787969307.8,0.00,707.2,0,0.260,0.000,0.0000,0,False,False,P,False,56.0,13.82,109560,11.45710,95.29,1.027,9.31,86.0,43.0,0.0
1787969308.0,0.00,699.2,0,0.260,0.000,0.0000,0,False,False,P,False,56.0,13.82,109560,11.45710,95.29,0.904,9.31,86.0,41.0,0.0
1787969308.2,0.00,719.5,0,0.260,0.000,0.0000,0,False,False,P,False,56.0,13.82,109560,11.45710,95.29,0.743,9.31,86.0,39.0,0.0
1787969308.4,0.00,744.0,0,0.260,0.000,0.0000,0,False,False,P,False,56.0,13.82,109560,11.45710,95.29,0.756,9.31,86.0,37.0,0.0
1787969308.6,0.00,735.0,0,0.260,0.000,0.0000,0,False,False,P,False,56.0,13.82,109560,11.45710,95.29,0.743,9.31,86.0,36.0,0.0
1787969308.8,0.00,731.2,0,0.260,0.000,0.0000,0,False,False,P,False,56.0,13.82,109560,11.45710,95.29,0.705,9.31,86.0,34.0,0.0
1787969309.0,0.00,722.2,0,0.260,0.000,0.0000,0,False,False,P,False,56.0,13.96,109560,11.45710,95.29,0.713,9.31,86.0,33.0,0.0
1787969309.2,0.00,719.0,0,0.260,0.000,0.0000,0,False,False,P,False,56.0,13.96,109560,11.45710,95.29,0.726,9.31,86.0,32.0,0.0
1787969309.4,0.00,711.0,0,0.260,0.000,0.0000,0,False,False,P,False,56.0,13.96,109560,11.45710,95.29,0.713,9.31,86.0,31.0,0.0
1787969309.6,0.00,699.8,0,0.260,0.000,0.0000,0,False,False,P,False,56.0,13.96,109560,11.45710,95.29,0.734,9.31,86.0,31.0,0.0
1787969309.8,0.00,695.0,0,0.260,0.000,0.0000,0,False,False,P,False,56.0,13.96,109560,11.45710,95.29,0.743,9.31,86.0,31.0,0.0
1787969310.0,0.00,694.8,0,0.260,0.000,0.0000,0,False,False,P,False,56.0,13.82,109560,11.45710,95.29,0.713,9.31,86.0,31.0,0.0
1787969310.3,0.00,696.2,0,0.260,0.000,0.0000,0,False,False,P,False,56.0,13.82,109560,11.45710,95.29,0.713,9.31,86.0,31.0,0.0
1787969310.5,0.00,698.2,0,0.260,0.000,0.0000,0,False,False,P,False,56.0,13.82,109560,11.45710,95.29,0.726,9.30,86.0,31.0,0.0
1787969310.7,0.00,699.8,0,0.260,0.000,0.0000,0,False,False,P,False,56.0,13.82,109560,11.45710,95.29,0.713,9.30,86.0,31.0,0.0
1787969310.9,0.00,700.0,0,0.260,0.000,0.0000,0,False,False,P,False,56.0,13.82,109560,11.45710,95.29,0.734,9.30,86.0,31.0,0.0
1787969311.1,0.00,701.2,0,0.260,0.000,0.0000,0,False,False,P,False,56.0,13.82,109560,11.45710,95.29,0.734,9.30,86.0,31.0,0.0
1787969311.3,0.00,702.2,0,0.260,0.000,0.0000,0,False,False,P,False,56.0,13.82,109560,11.45710,95.29,0.696,9.30,86.0,31.0,0.0
1787969311.5,0.00,695.8,0,0.260,0.000,0.0000,0,False,False,P,False,56.0,13.82,109560,11.45710,95.29,0.713,9.30,86.0,31.0,0.0
1787969311.7,0.00,699.2,0,0.260,0.000,0.0000,0,False,False,P,False,56.0,13.82,109560,11.45710,95.29,0.726,9.30,86.0,31.0,0.0
1787969311.9,0.00,696.5,0,0.260,0.000,0.0000,0,False,False,P,False,56.0,13.82,109560,11.45710,95.29,0.713,9.30,86.0,31.0,0.0
1787969312.1,0.00,703.5,0,0.260,0.000,0.0000,0,False,False,P,False,56.0,13.82,109560,11.45710,95.29,0.734,9.30,86.0,31.0,0.0
1787969312.3,0.00,701.0,0,0.260,0.000,0.0000,0,False,False,P,False,56.0,13.82,109560,11.45710,95.29,0.726,9.30,86.0,31.0,0.0
1787969312.5,0.00,704.5,0,0.260,0.000,0.0000,0,False,False,P,False,56.0,13.82,109560,11.45710,95.29,0.705,9.30,86.0,31.0,0.0
1787969312.7,0.00,703.5,0,0.260,0.000,0.0000,0,False,False,P,False,56.0,13.82,109560,11.45710,95.29,0.743,9.30,86.0,31.0,0.0
1787969312.9,0.00,701.0,0,0.260,0.000,0.0000,0,False,False,P,False,56.0,13.82,109560,11.45710,95.29,0.713,9.30,86.0,31.0,0.0
1787969313.1,0.00,703.5,0,0.260,0.000,0.0000,0,False,False,P,False,56.0,13.83,109560,11.45710,95.29,0.713,9.30,86.0,31.0,0.0
1787969313.3,0.00,705.0,0,0.260,0.000,0.0000,0,False,False,P,False,56.0,13.83,109560,11.45710,95.29,0.705,9.30,86.0,31.0,0.0
1787969313.5,0.00,702.0,0,0.260,0.000,0.0000,0,False,False,P,False,56.0,13.83,109560,11.45710,95.29,0.734,9.30,86.0,31.0,0.0
1787969313.7,0.00,703.0,0,0.260,0.000,0.0000,0,False,False,P,False,56.0,13.83,109560,11.45710,95.29,0.734,9.30,86.0,31.0,0.0
1787969313.9,0.00,700.5,0,0.260,0.000,0.0000,0,False,False,P,False,56.0,13.83,109560,11.45710,95.29,0.726,9.30,86.0,31.0,0.0
1787969314.1,0.00,698.2,0,0.260,0.000,0.0000,0,False,False,P,False,56.0,13.83,109560,11.45710,95.29,0.726,9.30,86.0,31.0,0.0
1787969314.3,0.00,697.2,0,0.260,0.000,0.0000,0,False,False,P,False,56.0,13.83,109560,11.45710,95.29,0.726,9.30,86.0,31.0,0.0
1787969314.5,0.00,699.8,0,0.260,0.000,0.0000,0,False,False,P,False,56.0,13.83,109560,11.45710,95.29,0.713,9.30,86.0,31.0,0.0
1787969314.7,0.00,698.5,0,0.260,0.000,0.0000,0,False,False,P,False,56.0,13.83,109560,11.45710,95.29,0.734,9.30,86.0,31.0,0.0
1787969314.9,0.00,694.5,0,0.260,0.000,0.0000,0,False,False,P,False,56.0,13.84,109560,11.45710,95.29,0.734,9.30,86.0,31.0,0.0
1787969315.1,0.00,696.0,0,0.260,0.000,0.0000,0,False,False,P,False,56.0,13.84,109560,11.45710,95.29,0.734,9.30,86.0,31.0,0.0
1787969315.3,0.00,696.8,0,0.260,0.000,0.0000,0,False,False,P,False,56.0,13.84,109560,11.45710,95.29,0.726,9.30,86.0,31.0,0.0
1787969315.5,0.00,702.5,0,0.260,0.000,0.0000,0,False,False,P,False,56.0,13.84,109560,11.45710,95.29,0.743,9.30,86.0,31.0,0.0
1787969315.7,0.00,703.0,0,0.260,0.000,0.0000,0,False,False,P,False,56.0,13.84,109560,11.45710,95.29,0.705,9.30,86.0,31.0,0.0
1787969315.9,0.00,702.8,0,0.260,0.000,0.0000,0,False,False,P,False,56.0,13.84,109560,11.45710,95.29,0.726,9.30,86.0,31.0,0.0
1787969316.1,0.00,702.5,0,0.260,0.000,0.0000,0,False,False,P,False,56.0,13.84,109560,11.45710,95.29,0.743,9.30,86.0,31.0,0.0
1787969316.3,0.00,702.2,0,0.260,0.000,0.0000,0,False,False,P,False,56.0,13.84,109560,11.45710,95.29,0.734,9.30,86.0,31.0,0.0
1787969316.5,0.00,703.5,0,0.260,0.000,0.0000,0,False,False,P,False,56.0,13.84,109560,11.45710,95.29,0.734,9.30,86.0,31.0,0.0
1787969316.7,0.00,707.5,0,0.260,0.000,0.0000,0,False,False,P,False,56.0,13.84,109560,11.45710,95.29,0.734,9.30,86.0,31.0,0.0
1787969317.0,0.00,704.8,0,0.260,0.000,0.0000,0,False,False,P,False,56.0,13.84,109560,11.45710,95.29,0.726,9.30,86.0,31.0,0.0
1787969317.2,0.00,702.8,0,0.260,0.000,0.0000,0,False,False,P,False,56.0,13.84,109560,11.45710,95.29,0.726,9.29,86.0,31.0,0.0
1787969317.4,0.00,702.8,0,0.260,0.000,0.0000,0,False,False,P,False,56.0,13.84,109560,11.45710,95.29,0.743,9.29,86.0,31.0,0.0
1787969317.6,0.00,701.2,0,0.260,0.000,0.0000,0,False,False,P,False,56.0,13.84,109560,11.45710,95.29,0.734,9.29,86.0,31.0,0.0
1787969317.8,0.00,701.0,0,0.260,0.000,0.0000,0,False,False,P,False,56.0,13.84,109560,11.45710,95.29,0.705,9.29,86.0,31.0,0.0
1787969318.0,0.00,698.2,0,0.260,0.000,0.0000,0,False,False,P,False,56.0,13.84,109560,11.45710,95.29,0.705,9.29,86.0,31.0,0.0
1787969318.2,0.00,693.8,0,0.260,0.000,0.0000,0,False,False,P,False,56.0,13.84,109560,11.45710,95.29,0.734,9.29,86.0,31.0,0.0
1787969318.4,0.00,695.2,0,0.260,0.000,0.0000,0,False,False,P,False,56.0,13.84,109560,11.45710,95.29,0.713,9.29,86.0,31.0,0.0
1787969318.6,0.00,692.2,0,0.260,0.000,0.0000,0,False,False,P,False,56.0,13.84,109560,11.45710,95.29,0.726,9.29,86.0,31.0,0.0
1787969318.8,0.00,696.0,0,0.260,0.000,0.0000,0,False,False,P,False,56.0,13.84,109560,11.45710,95.29,0.734,9.29,86.0,31.0,0.0
1787969319.0,0.00,699.8,0,0.260,0.000,0.0000,0,False,False,P,False,56.0,13.85,109560,11.45710,95.29,0.734,9.29,86.0,31.0,0.0
1787969319.2,0.00,704.5,0,0.260,0.000,0.0000,0,False,False,P,False,56.0,13.85,109560,11.45710,95.29,0.726,9.29,86.0,31.0,0.0
1787969319.4,0.00,703.5,0,0.260,0.000,0.0000,0,False,False,P,False,56.0,13.83,109560,11.45710,95.29,0.734,9.29,86.0,31.0,0.0
1787969319.6,0.00,705.5,0,0.260,0.000,0.0000,0,False,False,P,False,56.0,13.83,109560,11.45710,95.29,2.296,9.29,86.0,36.0,0.0
1787969319.8,0.00,787.5,0,0.260,0.000,0.0000,0,False,False,P,False,56.0,13.83,109560,11.45710,95.29,1.172,9.29,86.0,41.0,0.0
1787969320.0,0.00,792.0,0,0.260,0.000,0.0000,0,False,False,P,False,56.0,13.83,109560,11.45710,95.29,0.989,9.29,86.0,40.0,0.0
1787969320.2,0.00,750.2,0,0.260,0.000,0.0000,0,False,False,P,False,56.0,13.83,109560,11.45710,95.29,1.312,9.29,86.0,41.0,0.0
1787969320.4,0.00,750.2,0,0.260,0.000,0.0000,0,False,False,P,False,56.0,13.83,109560,11.45710,95.29,1.053,9.29,86.0,41.0,0.0
1787969320.6,0.00,739.8,0,0.260,0.000,0.0000,0,False,False,P,False,56.0,13.83,109560,11.45710,95.29,1.269,9.29,86.0,42.0,0.0
1787969320.8,0.00,741.8,0,0.260,0.000,0.0000,0,False,False,P,False,56.0,13.83,109560,11.45710,95.29,1.104,9.29,86.0,43.0,0.0
1787969321.0,0.00,737.5,0,0.260,0.000,0.0000,0,False,False,P,False,56.0,13.83,109560,11.45710,95.29,1.121,9.29,86.0,42.0,0.0
1787969321.2,0.00,735.8,0,0.260,0.000,0.0000,0,False,False,P,False,56.0,13.83,109560,11.45710,95.29,1.121,9.29,86.0,43.0,0.0
1787969321.4,0.00,728.5,0,0.260,0.000,0.0000,0,False,False,P,False,56.0,13.83,109560,11.45710,95.29,1.091,9.29,86.0,43.0,0.0
1787969321.6,0.00,723.5,0,0.260,0.000,0.0000,0,False,False,P,False,56.0,13.83,109560,11.45710,95.29,1.133,9.29,86.0,43.0,0.0
1787969321.8,0.00,719.2,0,0.260,0.000,0.0000,0,False,False,P,False,56.0,13.83,109560,11.45710,95.29,1.159,9.29,86.0,43.0,0.0
1787969322.0,0.00,713.5,0,0.260,0.000,0.0000,0,False,False,P,False,56.0,13.83,109560,11.45710,95.29,1.172,9.28,86.0,43.0,0.0
1787969322.2,0.00,712.5,0,0.260,0.000,0.0000,0,False,False,P,False,56.0,13.83,109560,11.45710,95.29,1.189,9.28,86.0,44.0,0.0
1787969322.4,0.00,709.8,0,0.260,0.000,0.0000,0,False,False,P,False,56.0,13.52,109560,11.45710,95.29,1.146,9.28,86.0,44.0,0.0
1787969322.6,0.00,709.5,0,0.260,0.000,0.0000,0,False,False,P,False,56.0,13.52,109560,11.45710,95.29,1.172,9.28,86.0,45.0,0.0
1787969322.8,0.00,713.8,0,0.260,0.000,0.0000,0,False,False,P,False,56.0,13.52,109560,11.45710,95.29,1.172,9.28,86.0,45.0,0.0
1787969323.0,0.00,716.8,0,0.260,0.000,0.0000,0,False,False,P,False,56.0,13.52,109560,11.45710,95.29,1.159,9.28,86.0,45.0,0.0
1787969323.2,0.00,728.8,0,0.260,0.000,0.0000,0,False,False,P,False,56.0,13.52,109560,11.45710,95.29,1.121,9.28,86.0,45.0,0.0
1787969323.5,0.00,741.8,0,0.260,0.000,0.0000,0,False,False,P,False,56.0,13.52,109560,11.45710,95.29,1.104,9.28,86.0,45.0,0.0
1787969323.7,0.00,740.5,0,0.260,0.000,0.0000,0,False,False,P,False,56.0,13.52,109560,11.45710,95.29,1.065,9.28,86.0,44.0,0.0
1787969323.9,0.00,733.2,0,0.260,0.000,0.0000,0,False,False,P,False,56.0,13.52,109560,11.45710,95.29,1.078,9.28,86.0,43.0,0.0
1787969324.1,0.00,725.0,0,0.260,0.000,0.0000,0,False,False,P,False,56.0,13.82,109560,11.45710,95.29,1.040,9.28,86.0,43.0,0.0
1787969324.3,0.00,716.2,0,0.260,0.000,0.0000,0,False,False,P,False,56.0,13.82,109560,11.45710,95.29,1.040,9.28,86.0,43.0,0.0
1787969324.5,0.00,712.2,0,0.260,0.000,0.0000,0,False,False,P,False,56.0,13.82,109560,11.45710,95.29,1.104,9.28,86.0,43.0,0.0
1787969324.7,0.00,706.5,0,0.260,0.000,0.0000,0,False,False,P,False,56.0,13.82,109560,11.45710,95.29,1.091,9.28,86.0,43.0,0.0
1787969324.9,0.00,702.2,0,0.260,0.000,0.0000,0,False,False,P,False,56.0,13.82,109560,11.45710,95.29,1.104,9.28,86.0,43.0,0.0
1787969325.1,0.00,702.5,0,0.260,0.000,0.0000,0,False,False,P,False,56.0,13.83,109560,11.45710,95.29,1.091,9.28,86.0,43.0,0.0
1787969325.3,0.00,705.2,0,0.260,0.000,0.0000,0,False,False,P,False,56.0,13.83,109560,11.45710,95.29,1.065,9.28,86.0,44.0,0.0
1787969325.5,0.00,712.8,0,0.260,0.000,0.0000,0,False,False,P,False,56.0,13.85,109560,11.45710,95.29,1.065,9.28,86.0,44.0,0.0
1787969325.7,0.00,715.5,0,0.260,0.000,0.0000,0,False,False,P,False,56.0,13.85,109560,11.45710,95.29,1.065,9.28,86.0,43.0,0.0
1787969325.9,0.00,715.8,0,0.260,0.000,0.0000,0,False,False,P,False,56.0,13.85,109560,11.45710,95.29,1.091,9.28,86.0,43.0,0.0
1787969326.1,0.00,713.8,0,0.260,0.000,0.0000,0,False,False,P,False,56.0,13.85,109560,11.45710,95.29,1.091,9.28,86.0,43.0,0.0
1787969326.3,0.00,712.2,0,0.260,0.000,0.0000,0,False,False,P,False,56.0,13.85,109560,11.45710,95.29,1.078,9.27,86.0,43.0,0.0
1787969326.5,0.00,709.8,0,0.260,0.000,0.0000,0,False,False,P,False,56.0,13.85,109560,11.45710,95.29,1.104,9.27,86.0,43.0,0.0
1787969326.7,0.00,711.2,0,0.260,0.000,0.0000,0,False,False,P,False,56.0,13.85,109560,11.45710,95.29,1.091,9.27,86.0,43.0,0.0
1787969326.9,0.00,711.2,0,0.260,0.000,0.0000,0,False,False,P,False,56.0,13.85,109560,11.45710,95.29,1.078,9.27,86.0,43.0,0.0
1787969327.1,0.00,709.8,0,0.260,0.000,0.0000,0,False,False,P,False,56.0,13.85,109560,11.45710,95.29,1.078,9.27,86.0,43.0,0.0
1787969327.3,0.00,710.2,0,0.260,0.000,0.0000,0,False,False,P,False,56.0,13.85,109560,11.45710,95.29,1.078,9.27,86.0,43.0,0.0
1787969327.5,0.00,706.5,0,0.260,0.000,0.0000,0,False,False,P,False,56.0,13.85,109560,11.45710,95.29,1.078,9.27,86.0,43.0,0.0
1787969327.7,0.00,705.0,0,0.260,0.000,0.0000,0,False,False,P,False,56.0,13.85,109560,11.45710,95.29,1.065,9.27,86.0,43.0,0.0
1787969327.9,0.00,699.5,0,0.260,0.000,0.0000,0,False,False,P,False,56.0,13.85,109560,11.45710,95.29,1.065,9.27,86.0,43.0,0.0
1787969328.1,0.00,700.2,0,0.260,0.000,0.0000,0,False,False,P,False,56.0,13.85,109560,11.45710,95.29,1.078,9.27,86.0,43.0,0.0
1787969328.3,0.00,698.8,0,0.260,0.000,0.0000,0,False,False,P,False,56.0,13.85,109560,11.45710,95.29,1.065,9.27,86.0,43.0,0.0
1787969328.5,0.00,697.0,0,0.260,0.000,0.0000,0,False,False,P,False,56.0,13.82,109560,11.45710,95.29,1.065,9.27,86.0,43.0,0.0
1787969328.7,0.00,697.2,0,0.260,0.000,0.0000,0,False,False,P,False,56.0,13.82,109560,11.45710,95.29,1.078,9.27,86.0,43.0,0.0
1787969328.9,0.00,698.5,0,0.260,0.000,0.0000,0,False,False,P,False,56.0,13.82,109560,11.45710,95.29,1.078,9.27,86.0,43.0,0.0
1787969329.1,0.00,700.0,0,0.260,0.000,0.0000,0,False,False,P,False,56.0,13.82,109560,11.45710,95.29,1.065,9.27,86.0,43.0,0.0
1787969329.3,0.00,701.8,0,0.260,0.000,0.0000,0,False,False,P,False,56.0,13.82,109560,11.45710,95.29,1.065,9.27,86.0,43.0,0.0
1787969329.5,0.00,702.5,0,0.260,0.000,0.0000,0,False,False,P,False,56.0,13.82,109560,11.45710,95.29,1.065,9.27,86.0,43.0,0.0
1787969329.7,0.00,704.2,0,0.260,0.000,0.0000,0,False,False,P,False,56.0,13.82,109560,11.45710,95.29,1.091,9.27,86.0,43.0,0.0
1787969330.0,0.00,703.5,0,0.260,0.000,0.0000,0,False,False,P,False,56.0,13.82,109560,11.45710,95.29,1.078,9.27,86.0,43.0,0.0
1787969330.2,0.00,703.5,0,0.260,0.000,0.0000,0,False,False,P,False,56.0,13.82,109560,11.45710,95.29,1.078,9.27,86.0,43.0,0.0
1787969330.4,0.00,703.0,0,0.260,0.000,0.0000,0,False,False,P,False,56.0,13.82,109560,11.45710,95.29,1.091,9.27,86.0,43.0,0.0
1787969330.6,0.00,703.0,0,0.260,0.000,0.0000,0,False,False,P,False,56.0,13.82,109560,11.45710,95.29,1.078,9.27,86.0,43.0,0.0
1787969330.8,0.00,703.0,0,0.260,0.000,0.0000,0,False,False,P,False,56.0,13.82,109560,11.45710,95.29,1.053,9.26,86.0,43.0,0.0
1787969331.0,0.00,701.5,0,0.260,0.000,0.0000,0,False,False,P,False,56.0,13.82,109560,11.45710,95.29,1.053,9.26,86.0,43.0,0.0
1787969331.2,0.00,698.0,0,0.260,0.000,0.0000,0,False,False,P,False,56.0,13.82,109560,11.45710,95.29,1.078,9.26,86.0,43.0,0.0
1787969331.4,0.00,697.2,0,0.260,0.000,0.0000,0,False,False,P,False,56.0,13.82,109560,11.45710,95.29,1.065,9.26,86.0,43.0,0.0
1787969331.6,0.00,693.8,0,0.260,0.000,0.0000,0,False,False,P,False,56.0,13.83,109560,11.45710,95.29,1.065,9.26,86.0,43.0,0.0
1787969331.8,0.00,693.8,0,0.260,0.000,0.0000,0,False,False,P,False,56.0,13.83,109560,11.45710,95.29,1.065,9.26,86.0,43.0,0.0
1787969332.0,0.00,695.5,0,0.260,0.000,0.0000,0,False,False,P,False,56.0,13.83,109560,11.45710,95.29,1.104,9.26,86.0,43.0,0.0
1787969332.2,0.00,698.2,0,0.260,0.000,0.0000,0,False,False,P,False,56.0,13.83,109560,11.45710,95.29,1.091,9.26,86.0,44.0,0.0
1787969332.4,0.00,702.0,0,0.260,0.000,0.0000,0,False,False,P,False,56.0,13.83,109560,11.45710,95.29,1.091,9.26,86.0,43.0,0.0
1787969332.6,0.00,704.0,0,0.260,0.000,0.0000,0,False,False,P,False,56.0,13.83,109560,11.45710,95.29,1.078,9.26,86.0,43.0,0.0
1787969332.8,0.00,703.2,0,0.260,0.000,0.0000,0,False,False,P,False,56.0,13.83,109560,11.45710,95.29,1.078,9.26,86.0,43.0,0.0
1787969333.0,0.00,703.5,0,0.260,0.000,0.0000,0,False,False,P,False,56.0,13.83,109560,11.45710,95.29,1.065,9.26,86.0,43.0,0.0
1787969333.2,0.00,704.5,0,0.260,0.000,0.0000,0,False,False,P,False,56.0,13.83,109560,11.45710,95.29,1.078,9.26,86.0,43.0,0.0
1787969333.4,0.00,703.8,0,0.260,0.000,0.0000,0,False,False,P,False,56.0,13.83,109560,11.45710,95.29,1.078,9.26,86.0,43.0,0.0
1787969333.6,0.00,703.0,0,0.260,0.000,0.0000,0,False,False,P,False,56.0,13.83,109560,11.45710,95.29,1.078,9.26,86.0,43.0,0.0
1787969333.8,0.00,702.8,0,0.260,0.000,0.0000,0,False,False,P,False,56.0,13.83,109560,11.45710,95.29,1.065,9.26,86.0,43.0,0.0
1787969334.0,0.00,701.8,0,0.260,0.000,0.0000,0,False,False,P,False,56.0,13.83,109560,11.45710,95.29,1.065,9.26,86.0,43.0,0.0
1787969334.2,0.00,698.2,0,0.260,0.000,0.0000,0,False,False,P,False,56.0,13.83,109560,11.45710,95.29,1.053,9.26,86.0,43.0,0.0
1787969334.4,0.00,698.5,0,0.260,0.000,0.0000,0,False,False,P,False,56.0,13.83,109560,11.45710,95.29,1.065,9.26,86.0,43.0,0.0
1787969334.6,0.00,693.5,0,0.260,0.000,0.0000,0,False,False,P,False,56.0,13.83,109560,11.45710,95.29,0.794,9.26,86.0,42.0,0.0
1787969334.8,0.00,683.5,0,0.260,0.000,0.0000,0,False,False,P,False,56.0,13.82,109560,11.45710,95.29,0.764,9.26,86.0,40.0,0.0
1787969335.0,0.00,742.0,0,0.260,0.000,0.0000,0,False,False,P,False,56.0,13.82,109560,11.45710,95.29,0.734,9.26,86.0,38.0,0.0
1787969335.2,0.00,743.5,0,0.260,0.000,0.0000,0,False,False,P,False,56.0,13.82,109560,11.45710,95.29,0.734,9.26,86.0,36.0,0.0
1787969335.4,0.00,736.5,0,0.260,0.000,0.0000,0,False,False,P,False,56.0,13.82,109560,11.45710,95.29,0.726,9.26,86.0,34.0,0.0
1787969335.6,0.00,732.8,0,0.260,0.000,0.0000,0,False,False,P,False,56.0,13.82,109560,11.45710,95.29,0.705,9.25,86.0,33.0,0.0
1787969335.8,0.00,721.0,0,0.260,0.000,0.0000,0,False,False,P,False,56.0,13.82,109560,11.45710,95.29,0.705,9.25,86.0,32.0,0.0
1787969336.0,0.00,711.8,0,0.260,0.000,0.0000,0,False,False,P,False,56.0,13.82,109560,11.45710,95.29,0.726,9.25,86.0,32.0,0.0
1787969336.2,0.00,707.2,0,0.260,0.000,0.0000,0,False,False,P,False,56.0,13.82,109560,11.45710,95.29,0.713,9.25,86.0,31.0,0.0
1787969336.5,0.00,698.8,0,0.260,0.000,0.0000,0,False,False,P,False,56.0,13.82,109560,11.45710,95.29,0.726,9.25,86.0,31.0,0.0
1787969336.7,0.00,696.0,0,0.260,0.000,0.0000,0,False,False,P,False,56.0,13.82,109560,11.45710,95.29,0.734,9.25,86.0,31.0,0.0
1787969336.9,0.00,693.2,0,0.260,0.000,0.0000,0,False,False,P,False,56.0,13.82,109560,11.45710,95.29,0.726,9.25,86.0,31.0,0.0
1787969338.6,0.00,704.0,0,0.260,0.000,0.0000,0,False,False,P,False,0.0,0.00,109560,11.45710,95.29,0.734,9.25,87.0,31.0,0.0
1787969338.8,0.00,701.5,0,0.260,0.000,0.0000,0,False,False,P,False,0.0,0.00,109560,11.45710,95.29,0.726,9.25,86.0,31.0,0.0
1787969339.0,0.00,700.2,0,0.260,0.000,0.0000,0,False,False,P,False,0.0,0.00,109560,11.45710,95.29,0.726,9.25,87.0,31.0,0.0
1787969339.2,0.00,701.8,0,0.260,0.000,0.0000,0,False,False,P,False,0.0,0.00,109560,11.45710,95.29,0.726,9.25,86.0,31.0,0.0
1787969339.4,0.00,703.2,0,0.260,0.000,0.0000,0,False,False,P,False,0.0,0.00,109560,11.45710,95.29,0.726,9.25,86.0,31.0,0.0
1787969339.6,0.00,701.5,0,0.260,0.000,0.0000,0,False,False,P,False,0.0,0.00,109560,11.45710,95.29,0.713,9.25,86.0,31.0,0.0
1787969339.8,0.00,703.0,0,0.260,0.000,0.0000,0,False,False,P,False,0.0,0.00,109560,11.45710,95.29,0.726,9.25,87.0,31.0,0.0
1787969340.0,0.00,700.5,0,0.260,0.000,0.0000,0,False,False,P,False,0.0,0.00,109560,11.45710,95.29,0.734,9.25,86.0,31.0,0.0
1787969340.2,0.00,698.2,0,0.260,0.000,0.0000,0,False,False,P,False,0.0,0.00,109560,11.45710,95.29,0.726,9.25,87.0,31.0,0.0
1787969340.4,0.00,698.0,0,0.260,0.000,0.0000,0,False,False,P,False,56.0,0.00,109560,11.45710,95.29,0.734,9.25,87.0,31.0,0.0
1787969340.6,0.00,700.2,0,0.260,0.000,0.0000,0,False,False,P,False,56.0,0.00,109560,11.45710,95.29,0.726,9.25,87.0,31.0,0.0
1787969340.8,0.00,697.0,0,0.260,0.000,0.0000,0,False,False,P,False,56.0,0.00,109560,11.45710,95.29,0.726,9.25,87.0,31.0,0.0
1787969341.0,0.00,700.5,0,0.260,0.000,0.0000,0,False,False,P,False,56.0,0.00,109560,11.45710,95.29,0.713,9.25,86.0,31.0,0.0
1787969341.2,0.00,700.2,0,0.260,0.000,0.0000,0,False,False,P,False,56.0,0.00,109560,11.45710,95.29,0.734,9.25,86.0,31.0,0.0
1787969341.4,0.00,695.5,0,0.260,0.000,0.0000,0,False,False,P,False,56.0,0.00,109560,11.45710,95.29,0.726,9.25,87.0,31.0,0.0
1787969341.6,0.00,697.8,0,0.260,0.000,0.0000,0,False,False,P,False,56.0,0.00,109560,11.45710,95.29,0.734,9.24,87.0,31.0,0.0
1787969341.8,0.00,694.8,0,0.260,0.000,0.0000,0,False,False,P,False,56.0,0.00,109560,11.45710,95.29,0.726,9.24,87.0,31.0,0.0
1787969342.0,0.00,701.0,0,0.260,0.000,0.0000,0,False,False,P,False,56.0,0.00,109560,11.45710,95.29,0.696,9.24,86.0,31.0,0.0
1787969342.2,0.00,698.8,0,0.260,0.000,0.0000,0,False,False,P,False,56.0,0.00,109560,11.45710,95.29,0.726,9.24,86.0,31.0,0.0
1787969342.4,0.00,699.8,0,0.260,0.000,0.0000,0,False,False,P,False,56.0,0.00,109560,11.45710,95.29,0.734,9.24,86.0,31.0,0.0
1787969342.6,0.00,701.5,0,0.260,0.000,0.0000,0,False,False,P,False,56.0,0.00,109560,11.45710,95.29,0.713,9.24,87.0,31.0,0.0
1787969342.8,0.00,701.2,0,0.260,0.000,0.0000,0,False,False,P,False,56.0,0.00,109560,11.45710,95.29,0.726,9.24,87.0,31.0,0.0
1787969343.0,0.00,703.5,0,0.260,0.000,0.0000,0,False,False,P,False,56.0,0.00,109560,11.45710,95.29,0.726,9.24,87.0,31.0,0.0
1787969343.2,0.00,705.8,0,0.260,0.000,0.0000,0,False,False,P,False,56.0,0.00,109560,11.45710,95.29,0.726,9.24,87.0,31.0,0.0
1787969343.4,0.00,705.8,0,0.260,0.000,0.0000,0,False,False,P,False,56.0,0.00,109560,11.45710,95.29,0.726,9.24,87.0,31.0,0.0
1787969343.6,0.00,707.2,0,0.260,0.000,0.0000,0,False,False,P,False,56.0,0.00,109560,11.45710,95.29,0.743,9.24,87.0,31.0,0.0
1787969343.8,0.00,700.5,0,0.260,0.000,0.0000,0,False,False,P,False,56.0,0.00,109560,11.45710,95.29,0.726,9.24,87.0,31.0,0.0
1787969344.1,0.00,700.5,0,0.260,0.000,0.0000,0,False,False,P,False,56.0,0.00,109560,11.45710,95.29,0.726,9.24,87.0,31.0,0.0
1787969344.3,0.00,701.2,0,0.260,0.000,0.0000,0,False,False,P,False,56.0,0.00,109560,11.45710,95.29,0.726,9.24,87.0,31.0,0.0
1787969344.5,0.00,701.0,0,0.260,0.000,0.0000,0,False,False,P,False,56.0,0.00,109560,11.45710,95.29,0.713,9.24,86.0,31.0,0.0
1787969344.7,0.00,701.0,0,0.260,0.000,0.0000,0,False,False,P,False,56.0,0.00,109560,11.45710,95.29,0.705,9.24,87.0,31.0,0.0
1787969344.9,0.00,699.2,0,0.260,0.000,0.0000,0,False,False,P,False,56.0,0.00,109560,11.45710,95.29,0.726,9.24,86.0,31.0,0.0
1787969345.1,0.00,698.8,0,0.260,0.000,0.0000,0,False,False,P,False,56.0,0.00,109560,11.45710,95.29,0.734,9.24,87.0,31.0,0.0
1787969345.3,0.00,700.0,0,0.260,0.000,0.0000,0,False,False,P,False,56.0,0.00,109560,11.45710,95.29,0.713,9.24,87.0,31.0,0.0
1787969345.5,0.00,695.5,0,0.260,0.000,0.0000,0,False,False,P,False,56.0,0.00,109560,11.45710,95.29,0.705,9.24,87.0,31.0,0.0
1787969345.7,0.00,708.0,0,0.260,0.000,0.0000,0,False,False,P,False,56.0,0.00,109560,11.45710,95.29,1.388,9.24,87.0,36.0,0.0
1787969345.9,0.00,787.8,0,0.260,0.000,0.0000,0,False,False,P,False,56.0,0.00,109560,11.45710,95.29,1.027,9.24,87.0,39.0,0.0
1787969346.1,0.00,740.5,0,0.260,0.000,0.0000,0,False,False,P,False,56.0,0.00,109560,11.45710,95.29,1.401,9.24,87.0,39.0,0.0
1787969346.3,0.00,741.0,0,0.260,0.000,0.0000,0,False,False,P,False,56.0,0.00,109560,11.45710,95.29,1.133,9.24,87.0,41.0,0.0
1787969346.5,0.00,739.0,0,0.260,0.000,0.0000,0,False,False,P,False,56.0,0.00,109560,11.45710,95.29,1.329,9.24,87.0,41.0,0.0
1787969346.7,0.00,737.8,0,0.260,0.000,0.0000,0,False,False,P,False,56.0,0.00,109560,11.45710,95.29,1.121,9.24,87.0,42.0,0.0
1787969346.9,0.00,738.5,0,0.260,0.000,0.0000,0,False,False,P,False,56.0,0.00,109560,11.45710,95.29,1.091,9.24,87.0,43.0,0.0
1787969347.1,0.00,733.5,0,0.260,0.000,0.0000,0,False,False,P,False,56.0,0.00,109560,11.45710,95.29,1.121,9.24,87.0,42.0,0.0
1787969347.3,0.00,729.8,0,0.260,0.000,0.0000,0,False,False,P,False,56.0,0.00,109560,11.45710,95.29,1.121,9.23,87.0,43.0,0.0
1787969347.5,0.00,723.0,0,0.260,0.000,0.0000,0,False,False,P,False,56.0,0.00,109560,11.45710,95.29,1.133,9.23,87.0,43.0,0.0
1787969347.7,0.00,719.5,0,0.260,0.000,0.0000,0,False,False,P,False,56.0,0.00,109560,11.45710,95.29,1.121,9.23,87.0,43.0,0.0
1787969347.9,0.00,716.2,0,0.260,0.000,0.0000,0,False,False,P,False,56.0,0.00,109560,11.45710,95.29,1.146,9.23,87.0,43.0,0.0
1787969348.1,0.00,712.0,0,0.260,0.000,0.0000,0,False,False,P,False,56.0,0.00,109560,11.45710,95.29,1.172,9.23,87.0,43.0,0.0
1787969348.3,0.00,710.8,0,0.260,0.000,0.0000,0,False,False,P,False,56.0,0.00,109560,11.45710,95.29,1.146,9.23,87.0,43.0,0.0
1787969348.5,0.00,711.0,0,0.260,0.000,0.0000,0,False,False,P,False,56.0,0.00,109560,11.45710,95.29,1.159,9.23,87.0,45.0,0.0
1787969348.7,0.00,715.2,0,0.260,0.000,0.0000,0,False,False,P,False,56.0,0.00,109560,11.45710,95.29,1.159,9.23,87.0,45.0,0.0
1787969348.9,0.00,721.2,0,0.260,0.000,0.0000,0,False,False,P,False,56.0,0.00,109560,11.45710,95.29,1.189,9.23,87.0,45.0,0.0
1787969349.1,0.00,728.5,0,0.260,0.000,0.0000,0,False,False,P,False,56.0,0.00,109560,11.45710,95.29,1.146,9.23,87.0,45.0,0.0
1787969349.3,0.00,740.2,0,0.260,0.000,0.0000,0,False,False,P,False,56.0,0.00,109560,11.45710,95.29,1.104,9.23,87.0,45.0,0.0
1787969349.5,0.00,739.2,0,0.260,0.000,0.0000,0,False,False,P,False,56.0,0.00,109560,11.45710,95.29,1.078,9.23,87.0,44.0,0.0
1787969349.7,0.00,736.2,0,0.260,0.000,0.0000,0,False,False,P,False,56.0,0.00,109560,11.45710,95.29,1.065,9.23,87.0,43.0,0.0
1787969349.9,0.00,724.5,0,0.260,0.000,0.0000,0,False,False,P,False,56.0,0.00,109560,11.45710,95.29,1.040,9.23,87.0,43.0,0.0
1787969350.2,0.00,715.5,0,0.260,0.000,0.0000,0,False,False,P,False,56.0,0.00,109560,11.45710,95.29,1.104,9.23,87.0,43.0,0.0
1787969350.4,0.00,707.5,0,0.260,0.000,0.0000,0,False,False,P,False,56.0,0.00,109560,11.45710,95.29,1.104,9.23,87.0,43.0,0.0
1787969350.6,0.00,700.8,0,0.260,0.000,0.0000,0,False,False,P,False,56.0,0.00,109560,11.45710,95.29,1.146,9.23,87.0,43.0,0.0
1787969350.8,0.00,695.2,0,0.260,0.000,0.0000,0,False,False,P,False,56.0,0.00,109560,11.45710,95.29,1.091,9.23,87.0,44.0,0.0
1787969351.0,0.00,695.2,0,0.260,0.000,0.0000,0,False,False,P,False,56.0,13.83,109560,11.45710,95.29,1.091,9.23,87.0,44.0,0.0
1787969351.2,0.00,698.2,0,0.260,0.000,0.0000,0,False,False,P,False,56.0,13.83,109560,11.45710,95.29,1.078,9.23,87.0,44.0,0.0
1787969351.4,0.00,704.5,0,0.260,0.000,0.0000,0,False,False,P,False,56.0,13.83,109560,11.45710,95.29,1.091,9.23,87.0,44.0,0.0
1787969351.6,0.00,713.8,0,0.260,0.000,0.0000,0,False,False,P,False,56.0,13.83,109560,11.45710,95.29,1.091,9.22,87.0,44.0,0.0
1787969351.8,0.00,720.5,0,0.260,0.000,0.0000,0,False,False,P,False,56.0,13.83,109560,11.45710,95.29,1.104,9.22,87.0,44.0,0.0
1787969352.0,0.00,720.8,0,0.260,0.000,0.0000,0,False,False,P,False,56.0,13.83,109560,11.45710,95.29,1.104,9.22,87.0,44.0,0.0
1787969352.2,0.00,719.0,0,0.260,0.000,0.0000,0,False,False,P,False,56.0,13.83,109560,11.45710,95.29,1.078,9.22,87.0,43.0,0.0
1787969352.4,0.00,716.8,0,0.260,0.000,0.0000,0,False,False,P,False,56.0,13.82,109560,11.45710,95.29,1.065,9.22,87.0,43.0,0.0
1787969352.6,0.00,713.8,0,0.260,0.000,0.0000,0,False,False,P,False,56.0,13.82,109560,11.45710,95.29,1.091,9.22,87.0,43.0,0.0
1787969352.8,0.00,711.5,0,0.260,0.000,0.0000,0,False,False,P,False,56.0,13.82,109560,11.45710,95.29,1.078,9.22,87.0,43.0,0.0
1787969353.0,0.00,708.8,0,0.260,0.000,0.0000,0,False,False,P,False,56.0,13.82,109560,11.45710,95.29,1.078,9.22,87.0,43.0,0.0
1787969353.2,0.00,705.0,0,0.260,0.000,0.0000,0,False,False,P,False,56.0,13.82,109560,11.45710,95.29,1.078,9.22,87.0,43.0,0.0
1787969353.4,0.00,705.2,0,0.260,0.000,0.0000,0,False,False,P,False,56.0,13.82,109560,11.45710,95.29,1.104,9.22,87.0,43.0,0.0
1787969353.6,0.00,703.8,0,0.260,0.000,0.0000,0,False,False,P,False,56.0,13.82,109560,11.45710,95.29,1.091,9.22,87.0,43.0,0.0
1787969353.8,0.00,700.5,0,0.260,0.000,0.0000,0,False,False,P,False,56.0,13.82,109560,11.45710,95.29,1.078,9.22,87.0,43.0,0.0
1787969354.0,0.00,701.5,0,0.260,0.000,0.0000,0,False,False,P,False,56.0,13.82,109560,11.45710,95.29,1.065,9.22,87.0,43.0,0.0
1787969354.2,0.00,700.5,0,0.260,0.000,0.0000,0,False,False,P,False,56.0,13.82,109560,11.45710,95.29,1.078,9.22,87.0,44.0,0.0
1787969354.4,0.00,701.2,0,0.260,0.000,0.0000,0,False,False,P,False,56.0,13.83,109560,11.45710,95.29,1.091,9.22,87.0,44.0,0.0
1787969354.6,0.00,699.2,0,0.260,0.000,0.0000,0,False,False,P,False,56.0,13.83,109560,11.45710,95.29,1.065,9.22,87.0,44.0,0.0
1787969354.8,0.00,704.2,0,0.260,0.000,0.0000,0,False,False,P,False,56.0,13.83,109560,11.45710,95.29,1.091,9.22,87.0,44.0,0.0
1787969355.0,0.00,703.2,0,0.260,0.000,0.0000,0,False,False,P,False,56.0,13.83,109560,11.45710,95.29,1.065,9.22,87.0,43.0,0.0
1787969355.2,0.00,705.2,0,0.260,0.000,0.0000,0,False,False,P,False,56.0,13.83,109560,11.45710,95.29,1.104,9.22,87.0,43.0,0.0
1787969355.4,0.00,703.8,0,0.260,0.000,0.0000,0,False,False,P,False,56.0,13.83,109560,11.45710,95.29,1.104,9.22,87.0,43.0,0.0
1787969355.6,0.00,705.0,0,0.260,0.000,0.0000,0,False,False,P,False,56.0,13.83,109560,11.45710,95.29,1.065,9.22,87.0,43.0,0.0
1787969355.8,0.00,703.2,0,0.260,0.000,0.0000,0,False,False,P,False,56.0,13.83,109560,11.45710,95.29,1.065,9.22,87.0,43.0,0.0
1787969356.0,0.00,705.5,0,0.260,0.000,0.0000,0,False,False,P,False,56.0,13.83,109560,11.45710,95.29,1.091,9.21,87.0,43.0,0.0
1787969356.2,0.00,705.2,0,0.260,0.000,0.0000,0,False,False,P,False,56.0,13.83,109560,11.45710,95.29,1.078,9.21,87.0,43.0,0.0
1787969356.5,0.00,706.0,0,0.260,0.000,0.0000,0,False,False,P,False,56.0,13.83,109560,11.45710,95.29,1.078,9.21,87.0,43.0,0.0
1787969356.7,0.00,706.2,0,0.260,0.000,0.0000,0,False,False,P,False,56.0,13.83,109560,11.45710,95.29,1.040,9.21,87.0,43.0,0.0
1787969356.9,0.00,705.5,0,0.260,0.000,0.0000,0,False,False,P,False,56.0,13.83,109560,11.45710,95.29,1.091,9.21,87.0,43.0,0.0
1787969357.1,0.00,703.8,0,0.260,0.000,0.0000,0,False,False,P,False,56.0,13.82,109560,11.45710,95.29,1.091,9.21,87.0,43.0,0.0
1787969357.3,0.00,702.2,0,0.260,0.000,0.0000,0,False,False,P,False,56.0,13.82,109560,11.45710,95.29,1.078,9.21,87.0,43.0,0.0
1787969357.5,0.00,700.5,0,0.260,0.000,0.0000,0,False,False,P,False,56.0,13.82,109560,11.45710,95.29,1.104,9.21,87.0,43.0,0.0
1787969357.7,0.00,699.0,0,0.260,0.000,0.0000,0,False,False,P,False,56.0,13.82,109560,11.45710,95.29,1.091,9.21,87.0,43.0,0.0
1787969357.9,0.00,697.5,0,0.260,0.000,0.0000,0,False,False,P,False,56.0,13.82,109560,11.45710,95.29,1.078,9.21,87.0,43.0,0.0
1787969358.1,0.00,698.5,0,0.260,0.000,0.0000,0,False,False,P,False,56.0,13.82,109560,11.45710,95.29,1.091,9.21,87.0,43.0,0.0
1787969358.3,0.00,699.8,0,0.260,0.000,0.0000,0,False,False,P,False,56.0,13.82,109560,11.45710,95.29,1.121,9.21,87.0,44.0,0.0
1787969358.5,0.00,702.8,0,0.260,0.000,0.0000,0,False,False,P,False,56.0,13.82,109560,11.45710,95.29,1.065,9.21,87.0,43.0,0.0
1787969358.7,0.00,705.2,0,0.260,0.000,0.0000,0,False,False,P,False,56.0,13.82,109560,11.45710,95.29,1.065,9.21,87.0,43.0,0.0
1787969358.9,0.00,707.8,0,0.260,0.000,0.0000,0,False,False,P,False,56.0,13.82,109560,11.45710,95.29,1.104,9.21,87.0,43.0,0.0
1787969359.1,0.00,706.2,0,0.260,0.000,0.0000,0,False,False,P,False,56.0,13.82,109560,11.45710,95.29,1.104,9.21,87.0,43.0,0.0
1787969359.3,0.00,705.5,0,0.260,0.000,0.0000,0,False,False,P,False,56.0,13.82,109560,11.45710,95.29,1.065,9.21,87.0,43.0,0.0
1787969359.5,0.00,706.8,0,0.260,0.000,0.0000,0,False,False,P,False,56.0,13.82,109560,11.45710,95.29,1.065,9.21,87.0,43.0,0.0
1787969359.7,0.00,706.2,0,0.260,0.000,0.0000,0,False,False,P,False,56.0,13.82,109560,11.45710,95.29,1.091,9.21,87.0,43.0,0.0
1787969359.9,0.00,705.0,0,0.260,0.000,0.0000,0,False,False,P,False,56.0,13.82,109560,11.45710,95.29,1.065,9.21,87.0,43.0,0.0
1787969360.1,0.00,702.8,0,0.260,0.000,0.0000,0,False,False,P,False,56.0,13.82,109560,11.45710,95.29,1.078,9.21,87.0,43.0,0.0
1787969360.3,0.00,700.5,0,0.260,0.000,0.0000,0,False,False,P,False,56.0,13.83,109560,11.45710,95.29,1.091,9.21,87.0,43.0,0.0
1787969360.5,0.00,698.0,0,0.260,0.000,0.0000,0,False,False,P,False,56.0,13.83,109560,11.45710,95.29,1.104,9.20,87.0,43.0,0.0
1787969360.7,0.00,698.5,0,0.260,0.000,0.0000,0,False,False,P,False,56.0,13.83,109560,11.45710,95.29,1.078,9.20,87.0,43.0,0.0
1787969360.9,0.00,696.0,0,0.260,0.000,0.0000,0,False,False,P,False,56.0,13.83,109560,11.45710,95.29,1.104,9.20,87.0,44.0,0.0
1787969361.1,0.00,694.5,0,0.260,0.000,0.0000,0,False,False,P,False,56.0,13.83,109560,11.45710,95.29,1.065,9.20,87.0,44.0,0.0
1787969361.3,0.00,695.8,0,0.260,0.000,0.0000,0,False,False,P,False,56.0,13.83,109560,11.45710,95.29,0.836,9.20,87.0,42.0,0.0
1787969361.5,0.00,702.2,0,0.260,0.000,0.0000,0,False,False,P,False,56.0,13.83,109560,11.45710,95.29,0.777,9.20,87.0,40.0,0.0
1787969361.7,0.00,748.2,0,0.260,0.000,0.0000,0,False,False,P,False,56.0,13.83,109560,11.45710,95.29,0.785,9.20,87.0,38.0,0.0
1787969361.9,0.00,748.0,0,0.260,0.000,0.0000,0,False,False,P,False,56.0,13.83,109560,11.45710,95.29,0.734,9.20,87.0,36.0,0.0
1787969362.1,0.00,737.5,0,0.260,0.000,0.0000,0,False,False,P,False,56.0,13.83,109560,11.45710,95.29,0.734,9.20,87.0,34.0,0.0
1787969362.3,0.00,731.5,0,0.260,0.000,0.0000,0,False,False,P,False,56.0,13.83,109560,11.45710,95.29,0.705,9.20,87.0,33.0,0.0
1787969362.5,0.00,720.5,0,0.260,0.000,0.0000,0,False,False,P,False,56.0,13.92,109560,11.45710,95.29,0.683,9.20,87.0,32.0,0.0
1787969362.7,0.00,710.5,0,0.260,0.000,0.0000,0,False,False,P,False,56.0,13.92,109560,11.45710,95.29,0.696,9.20,87.0,32.0,0.0
1787969362.9,0.00,702.2,0,0.260,0.000,0.0000,0,False,False,P,False,56.0,13.92,109560,11.45710,95.29,0.734,9.20,87.0,31.0,0.0
1787969363.2,0.00,699.2,0,0.260,0.000,0.0000,0,False,False,P,False,56.0,13.92,109560,11.45710,95.29,0.734,9.20,87.0,31.0,0.0
1787969363.4,0.00,694.0,0,0.260,0.000,0.0000,0,False,False,P,False,56.0,13.80,109560,11.45710,95.29,0.705,9.20,87.0,31.0,0.0
1787969363.6,0.00,692.8,0,0.260,0.000,0.0000,0,False,False,P,False,56.0,13.80,109560,11.45710,95.29,0.726,9.20,87.0,31.0,0.0
1787969363.8,0.00,692.5,0,0.260,0.000,0.0000,0,False,False,P,False,56.0,13.80,109560,11.45710,95.29,0.713,9.20,87.0,32.0,0.0
1787969364.0,0.00,698.2,0,0.260,0.000,0.0000,0,False,False,P,False,56.0,13.80,109560,11.45710,95.29,0.726,9.20,87.0,32.0,0.0
1787969364.2,0.00,700.0,0,0.260,0.000,0.0000,0,False,False,P,False,56.0,13.80,109560,11.45710,95.29,0.726,9.20,87.0,31.0,0.0
1787969364.4,0.00,698.2,0,0.260,0.000,0.0000,0,False,False,P,False,56.0,13.84,109560,11.45710,95.29,0.726,9.20,87.0,31.0,0.0
1787969364.6,0.00,699.8,0,0.260,0.000,0.0000,0,False,False,P,False,56.0,13.84,109560,11.45710,95.29,0.713,9.20,87.0,31.0,0.0
1787969364.8,0.00,697.8,0,0.260,0.000,0.0000,0,False,False,P,False,56.0,13.84,109560,11.45710,95.29,0.726,9.20,87.0,31.0,0.0
1787969365.0,0.00,700.8,0,0.260,0.000,0.0000,0,False,False,P,False,56.0,13.84,109560,11.45710,95.29,0.705,9.20,87.0,31.0,0.0
1787969365.2,0.00,703.0,0,0.260,0.000,0.0000,0,False,False,P,False,56.0,13.84,109560,11.45710,95.29,0.743,9.20,87.0,31.0,0.0
1787969365.4,0.00,704.0,0,0.260,0.000,0.0000,0,False,False,P,False,56.0,13.84,109560,11.45710,95.29,0.743,9.20,87.0,31.0,0.0
1787969365.6,0.00,703.8,0,0.260,0.000,0.0000,0,False,False,P,False,56.0,13.84,109560,11.45710,95.29,0.726,9.20,87.0,31.0,0.0
1787969365.8,0.00,706.8,0,0.260,0.000,0.0000,0,False,False,P,False,56.0,13.84,109560,11.45710,95.29,0.726,9.20,87.0,31.0,0.0
1787969366.0,0.00,704.5,0,0.260,0.000,0.0000,0,False,False,P,False,56.0,13.84,109560,11.45710,95.29,0.726,9.20,87.0,31.0,0.0
1787969366.2,0.00,702.2,0,0.260,0.000,0.0000,0,False,False,P,False,56.0,13.84,109560,11.45710,95.29,0.726,9.20,87.0,31.0,0.0
1787969366.4,0.00,706.0,0,0.260,0.000,0.0000,0,False,False,P,False,56.0,13.83,109560,11.45710,95.29,0.713,9.20,87.0,31.0,0.0
1787969366.6,0.00,705.0,0,0.260,0.000,0.0000,0,False,False,P,False,56.0,13.83,109560,11.45710,95.29,0.743,9.20,87.0,31.0,0.0
1787969366.8,0.00,704.2,0,0.260,0.000,0.0000,0,False,False,P,False,56.0,13.83,109560,11.45710,95.29,0.726,9.20,87.0,31.0,0.0
1787969367.0,0.00,702.8,0,0.260,0.000,0.0000,0,False,False,P,False,56.0,13.83,109560,11.45710,95.29,0.726,9.19,87.0,31.0,0.0
1787969367.2,0.00,703.5,0,0.260,0.000,0.0000,0,False,False,P,False,56.0,13.83,109560,11.45710,95.29,0.713,9.19,87.0,31.0,0.0
1787969367.4,0.00,701.2,0,0.260,0.000,0.0000,0,False,False,P,False,56.0,13.83,109560,11.45710,95.29,0.726,9.19,87.0,31.0,0.0
1787969367.6,0.00,698.2,0,0.260,0.000,0.0000,0,False,False,P,False,56.0,13.83,109560,11.45710,95.29,0.713,9.19,87.0,31.0,0.0
1787969367.8,0.00,699.2,0,0.260,0.000,0.0000,0,False,False,P,False,56.0,13.83,109560,11.45710,95.29,0.713,9.19,87.0,31.0,0.0
1787969368.0,0.00,697.2,0,0.260,0.000,0.0000,0,False,False,P,False,56.0,13.83,109560,11.45710,95.29,0.734,9.19,87.0,31.0,0.0
1787969368.2,0.00,697.8,0,0.260,0.000,0.0000,0,False,False,P,False,56.0,13.83,109560,11.45710,95.29,0.705,9.19,87.0,31.0,0.0
1787969368.4,0.00,698.5,0,0.260,0.000,0.0000,0,False,False,P,False,56.0,13.83,109560,11.45710,95.29,0.713,9.19,87.0,31.0,0.0
1787969368.6,0.00,696.5,0,0.260,0.000,0.0000,0,False,False,P,False,56.0,13.83,109560,11.45710,95.29,0.713,9.19,87.0,31.0,0.0
1787969368.8,0.00,693.5,0,0.260,0.000,0.0000,0,False,False,P,False,56.0,13.83,109560,11.45710,95.29,0.713,9.19,87.0,31.0,0.0
1787969369.0,0.00,696.5,0,0.260,0.000,0.0000,0,False,False,P,False,56.0,13.83,109560,11.45710,95.29,0.734,9.19,87.0,31.0,0.0
1787969369.2,0.00,704.2,0,0.260,0.000,0.0000,0,False,False,P,False,56.0,13.83,109560,11.45710,95.29,0.713,9.19,87.0,31.0,0.0
1787969369.5,0.00,705.0,0,0.260,0.000,0.0000,0,False,False,P,False,56.0,13.85,109560,11.45710,95.29,0.713,9.19,87.0,31.0,0.0
1787969369.7,0.00,705.2,0,0.260,0.000,0.0000,0,False,False,P,False,56.0,13.85,109560,11.45710,95.29,0.713,9.19,87.0,31.0,0.0
1787969369.9,0.00,700.8,0,0.260,0.000,0.0000,0,False,False,P,False,56.0,13.85,109560,11.45710,95.29,0.726,9.19,87.0,31.0,0.0
1787969370.1,0.00,701.0,0,0.260,0.000,0.0000,0,False,False,P,False,56.0,13.85,109560,11.45710,95.29,0.726,9.19,87.0,31.0,0.0
1787969370.3,0.00,697.5,0,0.260,0.000,0.0000,0,False,False,P,False,56.0,13.85,109560,11.45710,95.29,0.726,9.19,87.0,31.0,0.0
1787969370.5,0.00,699.2,0,0.260,0.000,0.0000,0,False,False,P,False,56.0,13.83,109560,11.45710,95.29,0.713,9.19,87.0,31.0,0.0
1787969370.7,0.00,701.5,0,0.260,0.000,0.0000,0,False,False,P,False,56.0,13.83,109560,11.45710,95.29,0.713,9.19,87.0,31.0,0.0
1787969370.9,0.00,703.8,0,0.260,0.000,0.0000,0,False,False,P,False,56.0,13.83,109560,11.45710,95.29,0.734,9.19,87.0,31.0,0.0
1787969371.1,0.00,703.8,0,0.260,0.000,0.0000,0,False,False,P,False,56.0,13.83,109560,11.45710,95.29,0.726,9.19,87.0,31.0,0.0
1787969371.3,0.00,704.8,0,0.260,0.000,0.0000,0,False,False,P,False,56.0,13.83,109560,11.45710,95.29,0.734,9.19,87.0,31.0,0.0
1787969371.5,0.00,701.0,0,0.260,0.000,0.0000,0,False,False,P,False,56.0,13.83,109560,11.45710,95.29,0.726,9.19,87.0,31.0,0.0
1787969371.7,0.00,697.8,0,0.260,0.000,0.0000,0,False,False,P,False,56.0,13.83,109560,11.45710,95.29,0.705,9.19,87.0,31.0,0.0
1787969371.9,0.00,689.8,0,0.260,0.000,0.0000,0,False,False,P,False,56.0,13.83,109560,11.45710,95.29,0.705,9.19,87.0,32.0,0.0
1787969372.1,0.00,761.5,0,0.260,0.000,0.0000,0,False,False,P,False,56.0,13.83,109560,11.45710,95.29,1.104,9.19,87.0,39.0,0.0
1787969372.3,0.00,759.5,0,0.260,0.000,0.0000,0,False,False,P,False,56.0,13.83,109560,11.45710,95.29,1.027,9.19,87.0,39.0,0.0
1787969372.5,0.00,750.5,0,0.260,0.000,0.0000,0,False,False,P,False,56.0,13.83,109560,11.45710,95.29,1.189,9.19,87.0,41.0,0.0
1787969372.7,0.00,747.8,0,0.260,0.000,0.0000,0,False,False,P,False,56.0,13.68,109560,11.45710,95.29,1.091,9.19,87.0,41.0,0.0
1787969372.9,0.00,739.5,0,0.260,0.000,0.0000,0,False,False,P,False,56.0,13.68,109560,11.45710,95.29,1.172,9.19,87.0,42.0,0.0
1787969373.1,0.00,736.0,0,0.260,0.000,0.0000,0,False,False,P,False,56.0,13.68,109560,11.45710,95.29,1.133,9.18,87.0,42.0,0.0
1787969373.3,0.00,733.2,0,0.260,0.000,0.0000,0,False,False,P,False,56.0,13.68,109560,11.45710,95.29,1.091,9.18,87.0,43.0,0.0
1787969373.5,0.00,730.5,0,0.260,0.000,0.0000,0,False,False,P,False,56.0,13.68,109560,11.45710,95.29,1.104,9.18,87.0,43.0,0.0
1787969373.7,0.00,725.8,0,0.260,0.000,0.0000,0,False,False,P,False,56.0,13.68,109560,11.45710,95.29,1.146,9.18,87.0,43.0,0.0
1787969373.9,0.00,724.2,0,0.260,0.000,0.0000,0,False,False,P,False,56.0,13.68,109560,11.45710,95.29,1.133,9.18,87.0,43.0,0.0
1787969374.1,0.00,721.8,0,0.260,0.000,0.0000,0,False,False,P,False,56.0,13.68,109560,11.45710,95.29,1.159,9.18,87.0,44.0,0.0
1787969374.3,0.00,718.0,0,0.260,0.000,0.0000,0,False,False,P,False,56.0,13.68,109560,11.45710,95.29,1.159,9.18,87.0,44.0,0.0
1787969374.5,0.00,718.5,0,0.260,0.000,0.0000,0,False,False,P,False,56.0,13.68,109560,11.45710,95.29,1.159,9.18,87.0,44.0,0.0
1787969374.7,0.00,719.5,0,0.260,0.000,0.0000,0,False,False,P,False,56.0,13.68,109560,11.45710,95.29,1.159,9.18,87.0,45.0,0.0
1787969374.9,0.00,719.2,0,0.260,0.000,0.0000,0,False,False,P,False,56.0,13.68,109560,11.45710,95.29,1.172,9.18,87.0,45.0,0.0
1787969375.1,0.00,722.5,0,0.260,0.000,0.0000,0,False,False,P,False,56.0,13.68,109560,11.45710,95.29,1.172,9.18,87.0,45.0,0.0
1787969375.3,0.00,726.8,0,0.260,0.000,0.0000,0,False,False,P,False,56.0,13.68,109560,11.45710,95.29,1.189,9.18,87.0,45.0,0.0
1787969375.6,0.00,737.5,0,0.260,0.000,0.0000,0,False,False,P,False,56.0,13.68,109560,11.45710,95.29,1.146,9.18,87.0,45.0,0.0
1787969375.8,0.00,737.2,0,0.260,0.000,0.0000,0,False,False,P,False,56.0,13.92,109560,11.45710,95.29,1.091,9.18,87.0,44.0,0.0
1787969376.0,0.00,735.5,0,0.260,0.000,0.0000,0,False,False,P,False,56.0,13.92,109560,11.45710,95.29,1.104,9.18,87.0,44.0,0.0
1787969376.2,0.00,731.5,0,0.260,0.000,0.0000,0,False,False,P,False,56.0,13.92,109560,11.45710,95.29,1.133,9.18,87.0,43.0,0.0
1787969376.4,0.00,725.2,0,0.260,0.000,0.0000,0,False,False,P,False,56.0,13.92,109560,11.45710,95.29,1.104,9.18,87.0,43.0,0.0
1787969376.6,0.00,722.8,0,0.260,0.000,0.0000,0,False,False,P,False,56.0,13.92,109560,11.45710,95.29,1.104,9.18,87.0,43.0,0.0
1787969376.8,0.00,716.5,0,0.260,0.000,0.0000,0,False,False,P,False,56.0,13.92,109560,11.45710,95.29,1.104,9.18,87.0,43.0,0.0
1787969377.0,0.00,716.0,0,0.260,0.000,0.0000,0,False,False,P,False,56.0,13.92,109560,11.45710,95.29,1.104,9.18,87.0,43.0,0.0
1787969377.2,0.00,714.5,0,0.260,0.000,0.0000,0,False,False,P,False,56.0,13.92,109560,11.45710,95.29,1.104,9.18,87.0,43.0,0.0
1787969377.4,0.00,711.2,0,0.260,0.000,0.0000,0,False,False,P,False,56.0,13.92,109560,11.45710,95.29,1.104,9.17,87.0,43.0,0.0
1787969377.6,0.00,707.5,0,0.260,0.000,0.0000,0,False,False,P,False,56.0,13.92,109560,11.45710,95.29,1.104,9.17,87.0,43.0,0.0
1787969377.8,0.00,708.0,0,0.260,0.000,0.0000,0,False,False,P,False,56.0,13.92,109560,11.45710,95.29,1.091,9.17,87.0,43.0,0.0
1787969378.0,0.00,708.0,0,0.260,0.000,0.0000,0,False,False,P,False,56.0,13.92,109560,11.45710,95.29,1.078,9.17,87.0,43.0,0.0
1787969378.2,0.00,709.2,0,0.260,0.000,0.0000,0,False,False,P,False,56.0,13.92,109560,11.45710,95.29,1.078,9.17,87.0,43.0,0.0
1787969378.4,0.00,707.8,0,0.260,0.000,0.0000,0,False,False,P,False,56.0,13.92,109560,11.45710,95.29,1.078,9.17,87.0,43.0,0.0
1787969378.6,0.00,709.5,0,0.260,0.000,0.0000,0,False,False,P,False,56.0,13.92,109560,11.45710,95.29,1.104,9.17,87.0,44.0,0.0
1787969378.8,0.00,710.8,0,0.260,0.000,0.0000,0,False,False,P,False,56.0,13.82,109560,11.45710,95.29,1.133,9.17,87.0,44.0,0.0
1787969379.0,0.00,712.2,0,0.260,0.000,0.0000,0,False,False,P,False,56.0,13.82,109560,11.45710,95.29,1.065,9.17,87.0,44.0,0.0
1787969379.2,0.00,713.0,0,0.260,0.000,0.0000,0,False,False,P,False,56.0,13.82,109560,11.45710,95.29,1.091,9.17,87.0,44.0,0.0
1787969379.4,0.00,712.0,0,0.260,0.000,0.0000,0,False,False,P,False,56.0,13.82,109560,11.45710,95.29,1.065,9.17,87.0,43.0,0.0
1787969379.6,0.00,711.5,0,0.260,0.000,0.0000,0,False,False,P,False,56.0,13.82,109560,11.45710,95.29,1.104,9.17,87.0,43.0,0.0
1787969379.8,0.00,710.2,0,0.260,0.000,0.0000,0,False,False,P,False,56.0,13.82,109560,11.45710,95.29,1.104,9.17,87.0,43.0,0.0
1787969380.0,0.00,710.2,0,0.260,0.000,0.0000,0,False,False,P,False,56.0,13.82,109560,11.45710,95.29,1.065,9.17,87.0,43.0,0.0
1787969380.2,0.00,709.8,0,0.260,0.000,0.0000,0,False,False,P,False,56.0,13.82,109560,11.45710,95.29,1.091,9.17,87.0,43.0,0.0
1787969380.4,0.00,705.5,0,0.260,0.000,0.0000,0,False,False,P,False,56.0,13.82,109560,11.45710,95.29,1.091,9.17,87.0,43.0,0.0
1787969380.6,0.00,703.8,0,0.260,0.000,0.0000,0,False,False,P,False,56.0,13.82,109560,11.45710,95.29,1.078,9.17,87.0,43.0,0.0
1787969380.8,0.00,703.2,0,0.260,0.000,0.0000,0,False,False,P,False,56.0,13.82,109560,11.45710,95.29,1.065,9.17,87.0,43.0,0.0
1787969381.0,0.00,699.8,0,0.260,0.000,0.0000,0,False,False,P,False,56.0,13.82,109560,11.45710,95.29,1.078,9.17,87.0,43.0,0.0
1787969381.2,0.00,699.2,0,0.260,0.000,0.0000,0,False,False,P,False,56.0,13.82,109560,11.45710,95.29,1.078,9.17,87.0,43.0,0.0
1787969381.4,0.00,700.8,0,0.260,0.000,0.0000,0,False,False,P,False,56.0,13.82,109560,11.45710,95.29,1.053,9.17,87.0,43.0,0.0
1787969381.6,0.00,698.2,0,0.260,0.000,0.0000,0,False,False,P,False,56.0,13.82,109560,11.45710,95.29,1.091,9.17,87.0,43.0,0.0
1787969381.9,0.00,698.5,0,0.260,0.000,0.0000,0,False,False,P,False,56.0,13.82,109560,11.45710,95.29,1.091,9.16,87.0,43.0,0.0
1787969382.1,0.00,701.2,0,0.260,0.000,0.0000,0,False,False,P,False,56.0,13.82,109560,11.45710,95.29,1.065,9.16,87.0,43.0,0.0
1787969382.3,0.00,703.2,0,0.260,0.000,0.0000,0,False,False,P,False,56.0,13.82,109560,11.45710,95.29,1.091,9.16,87.0,44.0,0.0
1787969382.5,0.00,704.8,0,0.260,0.000,0.0000,0,False,False,P,False,56.0,13.82,109560,11.45710,95.29,1.104,9.16,87.0,44.0,0.0
1787969382.7,0.00,708.5,0,0.260,0.000,0.0000,0,False,False,P,False,56.0,13.82,109560,11.45710,95.29,1.091,9.16,87.0,43.0,0.0
1787969382.9,0.00,708.0,0,0.260,0.000,0.0000,0,False,False,P,False,56.0,13.82,109560,11.45710,95.29,1.065,9.16,87.0,43.0,0.0
1787969383.1,0.00,706.8,0,0.260,0.000,0.0000,0,False,False,P,False,56.0,13.82,109560,11.45710,95.29,1.104,9.16,87.0,43.0,0.0
1787969383.3,0.00,706.8,0,0.260,0.000,0.0000,0,False,False,P,False,56.0,13.82,109560,11.45710,95.29,1.104,9.16,87.0,43.0,0.0
1787969383.5,0.00,705.2,0,0.260,0.000,0.0000,0,False,False,P,False,56.0,13.82,109560,11.45710,95.29,1.078,9.16,87.0,43.0,0.0
1787969383.7,0.00,703.8,0,0.260,0.000,0.0000,0,False,False,P,False,56.0,13.82,109560,11.45710,95.29,1.040,9.16,87.0,43.0,0.0
1787969383.9,0.00,698.5,0,0.260,0.000,0.0000,0,False,False,P,False,56.0,13.82,109560,11.45710,95.29,1.078,9.16,87.0,43.0,0.0
1787969384.1,0.00,698.8,0,0.260,0.000,0.0000,0,False,False,P,False,56.0,13.82,109560,11.45710,95.29,1.078,9.16,87.0,43.0,0.0
1787969384.3,0.00,699.2,0,0.260,0.000,0.0000,0,False,False,P,False,56.0,13.82,109560,11.45710,95.29,1.065,9.16,87.0,43.0,0.0
1787969384.5,0.00,698.5,0,0.260,0.000,0.0000,0,False,False,P,False,56.0,13.83,109560,11.45710,95.29,1.091,9.16,87.0,43.0,0.0
1787969384.7,0.00,698.2,0,0.260,0.000,0.0000,0,False,False,P,False,56.0,13.83,109560,11.45710,95.29,1.091,9.16,87.0,43.0,0.0
1787969384.9,0.00,700.8,0,0.260,0.000,0.0000,0,False,False,P,False,56.0,13.82,109560,11.45710,95.29,1.078,9.16,87.0,43.0,0.0
1787969385.1,0.00,703.2,0,0.260,0.000,0.0000,0,False,False,P,False,56.0,13.82,109560,11.45710,95.29,1.091,9.16,87.0,44.0,0.0
1787969385.3,0.00,703.0,0,0.260,0.000,0.0000,0,False,False,P,False,56.0,13.82,109560,11.45710,95.29,1.078,9.16,87.0,44.0,0.0
1787969385.5,0.00,706.5,0,0.260,0.000,0.0000,0,False,False,P,False,56.0,13.82,109560,11.45710,95.29,1.053,9.16,87.0,43.0,0.0
1787969385.7,0.00,705.5,0,0.260,0.000,0.0000,0,False,False,P,False,56.0,13.82,109560,11.45710,95.29,1.078,9.16,87.0,43.0,0.0
1787969385.9,0.00,705.2,0,0.260,0.000,0.0000,0,False,False,P,False,56.0,13.82,109560,11.45710,95.29,1.091,9.16,87.0,43.0,0.0
1787969386.1,0.00,707.2,0,0.260,0.000,0.0000,0,False,False,P,False,56.0,13.82,109560,11.45710,95.29,1.078,9.16,87.0,43.0,0.0
1787969386.3,0.00,707.2,0,0.260,0.000,0.0000,0,False,False,P,False,56.0,13.82,109560,11.45710,95.29,1.065,9.16,87.0,43.0,0.0
1787969386.5,0.00,706.2,0,0.260,0.000,0.0000,0,False,False,P,False,56.0,13.83,109560,11.45710,95.29,1.040,9.15,87.0,43.0,0.0
1787969386.7,0.00,705.2,0,0.260,0.000,0.0000,0,False,False,P,False,56.0,13.83,109560,11.45710,95.29,1.091,9.15,87.0,43.0,0.0
1787969386.9,0.00,698.8,0,0.260,0.000,0.0000,0,False,False,P,False,56.0,13.83,109560,11.45710,95.29,0.836,9.15,87.0,42.0,0.0
1787969387.1,0.00,703.5,0,0.260,0.000,0.0000,0,False,False,P,False,56.0,13.83,109560,11.45710,95.29,0.726,9.15,87.0,39.0,0.0
1787969387.3,0.00,738.8,0,0.260,0.000,0.0000,0,False,False,P,False,56.0,13.83,109560,11.45710,95.29,0.726,9.15,87.0,38.0,0.0
1787969387.5,0.00,729.0,0,0.260,0.000,0.0000,0,False,False,P,False,56.0,13.83,109560,11.45710,95.29,0.743,9.15,87.0,36.0,0.0
1787969387.7,0.00,735.8,0,0.260,0.000,0.0000,0,False,False,P,False,56.0,13.83,109560,11.45710,95.29,0.713,9.15,87.0,36.0,0.0
1787969388.0,0.00,730.8,0,0.260,0.000,0.0000,0,False,False,P,False,56.0,13.93,109560,11.45710,95.29,0.696,9.15,87.0,33.0,0.0
1787969388.2,0.00,723.0,0,0.260,0.000,0.0000,0,False,False,P,False,56.0,13.93,109560,11.45710,95.29,0.705,9.15,87.0,32.0,0.0
1787969388.4,0.00,699.8,0,0.260,0.000,0.0000,0,False,False,P,False,56.0,13.93,109560,11.45710,95.29,0.705,9.15,87.0,31.0,0.0
1787969388.6,0.00,696.0,0,0.260,0.000,0.0000,0,False,False,P,False,56.0,13.93,109560,11.45710,95.29,0.696,9.15,87.0,31.0,0.0
1787969388.8,0.00,694.5,0,0.260,0.000,0.0000,0,False,False,P,False,56.0,13.93,109560,11.45710,95.29,0.713,9.15,87.0,31.0,0.0
1787969389.0,0.00,695.0,0,0.260,0.000,0.0000,0,False,False,P,False,56.0,13.93,109560,11.45710,95.29,0.705,9.15,87.0,31.0,0.0
1787969389.2,0.00,696.8,0,0.260,0.000,0.0000,0,False,False,P,False,56.0,13.93,109560,11.45710,95.29,0.726,9.15,87.0,31.0,0.0
1787969389.4,0.00,697.8,0,0.260,0.000,0.0000,0,False,False,P,False,56.0,13.93,109560,11.45710,95.29,0.726,9.15,87.0,31.0,0.0
1787969389.6,0.00,694.5,0,0.260,0.000,0.0000,0,False,False,P,False,56.0,13.93,109560,11.45710,95.29,0.726,9.15,87.0,31.0,0.0
1787969389.8,0.00,695.8,0,0.260,0.000,0.0000,0,False,False,P,False,56.0,13.93,109560,11.45710,95.29,0.726,9.15,87.0,31.0,0.0
1787969390.0,0.00,696.5,0,0.260,0.000,0.0000,0,False,False,P,False,56.0,13.93,109560,11.45710,95.29,0.713,9.15,87.0,31.0,0.0
1787969390.2,0.00,701.8,0,0.260,0.000,0.0000,0,False,False,P,False,56.0,13.93,109560,11.45710,95.29,0.713,9.15,87.0,31.0,0.0
1787969390.4,0.00,703.2,0,0.260,0.000,0.0000,0,False,False,P,False,56.0,13.93,109560,11.45710,95.29,0.734,9.15,87.0,31.0,0.0
1787969390.6,0.00,704.8,0,0.260,0.000,0.0000,0,False,False,P,False,56.0,13.93,109560,11.45710,95.29,0.734,9.15,87.0,31.0,0.0
1787969390.8,0.00,701.5,0,0.260,0.000,0.0000,0,False,False,P,False,56.0,13.93,109560,11.45710,95.29,0.705,9.15,87.0,31.0,0.0
1787969391.0,0.00,702.8,0,0.260,0.000,0.0000,0,False,False,P,False,56.0,13.93,109560,11.45710,95.29,0.713,9.15,87.0,31.0,0.0
1787969391.2,0.00,700.8,0,0.260,0.000,0.0000,0,False,False,P,False,56.0,13.83,109560,11.45710,95.29,0.734,9.15,87.0,31.0,0.0
1787969391.4,0.00,703.5,0,0.260,0.000,0.0000,0,False,False,P,False,56.0,13.84,109560,11.45710,95.29,0.713,9.15,87.0,31.0,0.0
1787969391.6,0.00,702.5,0,0.260,0.000,0.0000,0,False,False,P,False,56.0,13.84,109560,11.45710,95.29,0.713,9.15,87.0,31.0,0.0
1787969391.8,0.00,699.8,0,0.260,0.000,0.0000,0,False,False,P,False,56.0,13.84,109560,11.45710,95.29,0.713,9.15,87.0,31.0,0.0
1787969392.0,0.00,704.5,0,0.260,0.000,0.0000,0,False,False,P,False,56.0,13.84,109560,11.45710,95.29,0.734,9.15,87.0,31.0,0.0
1787969392.2,0.00,705.5,0,0.260,0.000,0.0000,0,False,False,P,False,56.0,13.84,109560,11.45710,95.29,0.705,9.15,87.0,31.0,0.0
1787969392.4,0.00,700.8,0,0.260,0.000,0.0000,0,False,False,P,False,56.0,13.84,109560,11.45710,95.29,0.705,9.15,87.0,31.0,0.0
1787969392.6,0.00,700.8,0,0.260,0.000,0.0000,0,False,False,P,False,56.0,13.84,109560,11.45710,95.29,0.726,9.15,87.0,31.0,0.0
1787969392.8,0.00,701.5,0,0.260,0.000,0.0000,0,False,False,P,False,56.0,13.84,109560,11.45710,95.29,0.713,9.15,87.0,31.0,0.0
1787969393.0,0.00,698.8,0,0.260,0.000,0.0000,0,False,False,P,False,56.0,13.84,109560,11.45710,95.29,0.713,9.14,87.0,31.0,0.0
1787969393.2,0.00,698.2,0,0.260,0.000,0.0000,0,False,False,P,False,56.0,13.84,109560,11.45710,95.29,0.713,9.14,87.0,31.0,0.0
1787969393.4,0.00,697.5,0,0.260,0.000,0.0000,0,False,False,P,False,56.0,13.84,109560,11.45710,95.29,0.726,9.14,87.0,31.0,0.0
1787969393.6,0.00,694.8,0,0.260,0.000,0.0000,0,False,False,P,False,56.0,13.84,109560,11.45710,95.29,0.726,9.14,87.0,31.0,0.0
1787969393.8,0.00,698.0,0,0.260,0.000,0.0000,0,False,False,P,False,56.0,13.84,109560,11.45710,95.29,0.713,9.14,87.0,31.0,0.0
1787969394.0,0.00,694.0,0,0.260,0.000,0.0000,0,False,False,P,False,56.0,13.84,109560,11.45710,95.29,0.734,9.14,87.0,31.0,0.0
1787969394.2,0.00,696.8,0,0.260,0.000,0.0000,0,False,False,P,False,56.0,13.84,109560,11.45710,95.29,0.726,9.14,87.0,31.0,0.0
1787969394.4,0.00,699.0,0,0.260,0.000,0.0000,0,False,False,P,False,56.0,13.84,109560,11.45710,95.29,0.713,9.14,87.0,31.0,0.0
1787969394.6,0.00,698.8,0,0.260,0.000,0.0000,0,False,False,P,False,56.0,13.84,109560,11.45710,95.29,0.743,9.14,87.0,31.0,0.0
1787969394.9,0.00,700.2,0,0.260,0.000,0.0000,0,False,False,P,False,56.0,13.84,109560,11.45710,95.29,0.713,9.14,87.0,31.0,0.0
1787969395.1,0.00,701.5,0,0.260,0.000,0.0000,0,False,False,P,False,56.0,13.84,109560,11.45710,95.29,0.713,9.14,87.0,31.0,0.0
1787969395.3,0.00,705.2,0,0.260,0.000,0.0000,0,False,False,P,False,56.0,13.84,109560,11.45710,95.29,0.713,9.14,87.0,31.0,0.0
1787969395.5,0.00,707.5,0,0.260,0.000,0.0000,0,False,False,P,False,56.0,13.84,109560,11.45710,95.29,0.705,9.14,87.0,31.0,0.0
1787969395.7,0.00,707.0,0,0.260,0.000,0.0000,0,False,False,P,False,56.0,13.84,109560,11.45710,95.29,0.713,9.14,87.0,31.0,0.0
1787969395.9,0.00,702.5,0,0.260,0.000,0.0000,0,False,False,P,False,56.0,13.84,109560,11.45710,95.29,0.726,9.14,87.0,31.0,0.0
1787969396.1,0.00,704.0,0,0.260,0.000,0.0000,0,False,False,P,False,56.0,13.84,109560,11.45710,95.29,0.713,9.14,87.0,31.0,0.0
1787969396.3,0.00,702.5,0,0.260,0.000,0.0000,0,False,False,P,False,56.0,13.84,109560,11.45710,95.29,0.705,9.14,87.0,31.0,0.0
1787969396.5,0.00,701.0,0,0.260,0.000,0.0000,0,False,False,P,False,56.0,13.84,109560,11.45710,95.29,0.726,9.14,87.0,31.0,0.0
1787969396.7,0.00,697.8,0,0.260,0.000,0.0000,0,False,False,P,False,56.0,13.84,109560,11.45710,95.29,0.734,9.14,87.0,31.0,0.0
1787969396.9,0.00,696.0,0,0.260,0.000,0.0000,0,False,False,P,False,56.0,13.84,109560,11.45710,95.29,0.713,9.14,87.0,31.0,0.0
1787969397.1,0.00,694.8,0,0.260,0.000,0.0000,0,False,False,P,False,56.0,13.84,109560,11.45710,95.29,0.734,9.14,87.0,31.0,0.0
1787969397.3,0.00,696.2,0,0.260,0.000,0.0000,0,False,False,P,False,56.0,13.83,109560,11.45710,95.29,0.734,9.14,87.0,31.0,0.0
1787969397.5,0.00,694.8,0,0.260,0.000,0.0000,0,False,False,P,False,56.0,13.83,109560,11.45710,95.29,0.705,9.14,87.0,31.0,0.0
1787969397.7,0.00,698.0,0,0.260,0.000,0.0000,0,False,False,P,False,56.0,13.83,109560,11.45710,95.29,0.743,9.14,87.0,31.0,0.0
1787969397.9,0.00,704.0,0,0.260,0.000,0.0000,0,False,False,P,False,56.0,13.83,109560,11.45710,95.29,0.726,9.14,87.0,31.0,0.0
1787969398.1,0.00,704.0,0,0.260,0.000,0.0000,0,False,False,P,False,56.0,13.83,109560,11.45710,95.29,0.713,9.14,87.0,33.0,0.0
1787969398.3,0.00,744.0,0,0.260,0.000,0.0000,0,False,False,P,False,56.0,13.83,109560,11.45710,95.29,1.312,9.14,87.0,39.0,0.0
1787969398.5,0.00,779.0,0,0.260,0.000,0.0000,0,False,False,P,False,56.0,13.83,109560,11.45710,95.29,1.015,9.14,87.0,39.0,0.0
1787969398.7,0.00,746.0,0,0.260,0.000,0.0000,0,False,False,P,False,56.0,13.83,109560,11.45710,95.29,1.498,9.14,87.0,41.0,0.0
1787969398.9,0.00,748.5,0,0.260,0.000,0.0000,0,False,False,P,False,56.0,13.83,109560,11.45710,95.29,1.078,9.14,87.0,41.0,0.0
1787969399.1,0.00,738.8,0,0.260,0.000,0.0000,0,False,False,P,False,56.0,13.83,109560,11.45710,95.29,1.244,9.13,87.0,42.0,0.0
1787969399.3,0.00,740.8,0,0.260,0.000,0.0000,0,False,False,P,False,56.0,13.83,109560,11.45710,95.29,1.159,9.13,87.0,43.0,0.0
1787969399.5,0.00,742.0,0,0.260,0.000,0.0000,0,False,False,P,False,56.0,13.83,109560,11.45710,95.29,1.078,9.13,87.0,43.0,0.0
1787969399.7,0.00,733.0,0,0.260,0.000,0.0000,0,False,False,P,False,56.0,13.83,109560,11.45710,95.29,1.146,9.13,87.0,43.0,0.0
1787969401.4,0.00,713.0,0,0.260,0.000,0.0000,0,False,False,P,False,0.0,0.00,109560,11.45710,95.29,1.189,9.13,87.0,46.0,0.0
1787969401.6,0.00,727.0,0,0.260,0.000,0.0000,0,False,False,P,False,0.0,0.00,109560,11.45710,95.29,1.189,9.13,87.0,46.0,0.0
1787969401.8,0.00,739.5,0,0.260,0.000,0.0000,0,False,False,P,False,0.0,0.00,109560,11.45710,95.29,1.104,9.13,87.0,45.0,0.0
1787969402.0,0.00,739.2,0,0.260,0.000,0.0000,0,False,False,P,False,0.0,0.00,109560,11.45710,95.29,1.104,9.13,87.0,44.0,0.0
1787969402.3,0.00,739.0,0,0.260,0.000,0.0000,0,False,False,P,False,0.0,0.00,109560,11.45710,95.29,1.078,9.13,87.0,44.0,0.0
1787969402.5,0.00,735.5,0,0.260,0.000,0.0000,0,False,False,P,False,0.0,0.00,109560,11.45710,95.29,1.091,9.13,87.0,43.0,0.0
1787969402.7,0.00,730.2,0,0.260,0.000,0.0000,0,False,False,P,False,0.0,0.00,109560,11.45710,95.29,1.104,9.13,87.0,43.0,0.0
1787969402.9,0.00,722.8,0,0.260,0.000,0.0000,0,False,False,P,False,0.0,0.00,109560,11.45710,95.29,1.091,9.12,87.0,43.0,0.0
1787969403.1,0.00,718.8,0,0.260,0.000,0.0000,0,False,False,P,False,0.0,0.00,109560,11.45710,95.29,1.121,9.12,87.0,43.0,0.0
1787969403.3,0.00,715.8,0,0.260,0.000,0.0000,0,False,False,P,False,56.0,0.00,109560,11.45710,95.29,1.133,9.12,87.0,43.0,0.0
1787969403.5,0.00,716.2,0,0.260,0.000,0.0000,0,False,False,P,False,56.0,0.00,109560,11.45710,95.29,1.121,9.12,87.0,43.0,0.0
1787969403.7,0.00,717.2,0,0.260,0.000,0.0000,0,False,False,P,False,56.0,0.00,109560,11.45710,95.29,1.104,9.12,87.0,43.0,0.0
1787969403.9,0.00,714.8,0,0.260,0.000,0.0000,0,False,False,P,False,56.0,0.00,109560,11.45710,95.29,1.078,9.12,87.0,43.0,0.0
1787969404.1,0.00,713.8,0,0.260,0.000,0.0000,0,False,False,P,False,56.0,0.00,109560,11.45710,95.29,1.091,9.12,87.0,43.0,0.0
1787969404.3,0.00,712.5,0,0.260,0.000,0.0000,0,False,False,P,False,56.0,0.00,109560,11.45710,95.29,1.121,9.12,87.0,43.0,0.0
1787969404.5,0.00,713.0,0,0.260,0.000,0.0000,0,False,False,P,False,56.0,0.00,109560,11.45710,95.29,1.091,9.12,87.0,43.0,0.0
1787969404.7,0.00,710.8,0,0.260,0.000,0.0000,0,False,False,P,False,56.0,0.00,109560,11.45710,95.29,1.091,9.12,87.0,43.0,0.0
1787969404.9,0.00,711.2,0,0.260,0.000,0.0000,0,False,False,P,False,56.0,0.00,109560,11.45710,95.29,1.078,9.12,87.0,43.0,0.0
1787969405.1,0.00,709.5,0,0.260,0.000,0.0000,0,False,False,P,False,56.0,0.00,109560,11.45710,95.29,1.104,9.12,87.0,43.0,0.0
1787969405.3,0.00,710.8,0,0.260,0.000,0.0000,0,False,False,P,False,56.0,0.00,109560,11.45710,95.29,1.121,9.12,87.0,43.0,0.0
1787969405.5,0.00,712.2,0,0.260,0.000,0.0000,0,False,False,P,False,56.0,0.00,109560,11.45710,95.29,1.091,9.12,87.0,43.0,0.0
1787969405.7,0.00,715.2,0,0.260,0.000,0.0000,0,False,False,P,False,56.0,0.00,109560,11.45710,95.29,1.091,9.12,87.0,43.0,0.0
1787969405.9,0.00,711.8,0,0.260,0.000,0.0000,0,False,False,P,False,56.0,0.00,109560,11.45710,95.29,1.078,9.12,87.0,43.0,0.0
1787969406.1,0.00,710.2,0,0.260,0.000,0.0000,0,False,False,P,False,56.0,0.00,109560,11.45710,95.29,1.121,9.12,87.0,43.0,0.0
1787969406.3,0.00,708.0,0,0.260,0.000,0.0000,0,False,False,P,False,56.0,0.00,109560,11.45710,95.29,1.065,9.12,87.0,43.0,0.0
1787969406.5,0.00,707.2,0,0.260,0.000,0.0000,0,False,False,P,False,56.0,0.00,109560,11.45710,95.29,1.104,9.12,87.0,43.0,0.0
1787969406.7,0.00,704.2,0,0.260,0.000,0.0000,0,False,False,P,False,56.0,0.00,109560,11.45710,95.29,1.091,9.12,87.0,43.0,0.0
1787969406.9,0.00,704.2,0,0.260,0.000,0.0000,0,False,False,P,False,56.0,0.00,109560,11.45710,95.29,1.053,9.12,87.0,43.0,0.0
1787969407.1,0.00,700.5,0,0.260,0.000,0.0000,0,False,False,P,False,56.0,0.00,109560,11.45710,95.29,1.065,9.12,87.0,43.0,0.0
1787969407.3,0.00,697.5,0,0.260,0.000,0.0000,0,False,False,P,False,56.0,0.00,109560,11.45710,95.29,1.104,9.12,87.0,43.0,0.0
1787969407.5,0.00,697.0,0,0.260,0.000,0.0000,0,False,False,P,False,56.0,0.00,109560,11.45710,95.29,1.104,9.11,87.0,43.0,0.0
1787969407.7,0.00,701.5,0,0.260,0.000,0.0000,0,False,False,P,False,56.0,0.00,109560,11.45710,95.29,1.078,9.11,87.0,43.0,0.0
1787969407.9,0.00,704.2,0,0.260,0.000,0.0000,0,False,False,P,False,56.0,0.00,109560,11.45710,95.29,1.065,9.11,87.0,43.0,0.0
1787969408.1,0.00,706.2,0,0.260,0.000,0.0000,0,False,False,P,False,56.0,0.00,109560,11.45710,95.29,1.065,9.11,87.0,43.0,0.0
1787969408.3,0.00,706.0,0,0.260,0.000,0.0000,0,False,False,P,False,56.0,0.00,109560,11.45710,95.29,1.065,9.11,87.0,43.0,0.0
1787969408.6,0.00,702.8,0,0.260,0.000,0.0000,0,False,False,P,False,56.0,0.00,109560,11.45710,95.29,1.104,9.11,87.0,43.0,0.0
1787969408.8,0.00,704.5,0,0.260,0.000,0.0000,0,False,False,P,False,56.0,0.00,109560,11.45710,95.29,1.065,9.11,87.0,43.0,0.0
1787969409.0,0.00,703.2,0,0.260,0.000,0.0000,0,False,False,P,False,56.0,0.00,109560,11.45710,95.29,1.065,9.11,87.0,43.0,0.0
1787969409.2,0.00,703.8,0,0.260,0.000,0.0000,0,False,False,P,False,56.0,0.00,109560,11.45710,95.29,1.065,9.11,87.0,43.0,0.0
1787969409.4,0.00,704.8,0,0.260,0.000,0.0000,0,False,False,P,False,56.0,0.00,109560,11.45710,95.29,1.078,9.11,87.0,43.0,0.0
1787969409.6,0.00,703.5,0,0.260,0.000,0.0000,0,False,False,P,False,56.0,0.00,109560,11.45710,95.29,1.078,9.11,87.0,43.0,0.0
1787969409.8,0.00,706.2,0,0.260,0.000,0.0000,0,False,False,P,False,56.0,0.00,109560,11.45710,95.29,1.053,9.11,87.0,43.0,0.0
1787969410.0,0.00,704.0,0,0.260,0.000,0.0000,0,False,False,P,False,56.0,0.00,109560,11.45710,95.29,1.091,9.11,87.0,43.0,0.0
1787969410.2,0.00,703.0,0,0.260,0.000,0.0000,0,False,False,P,False,56.0,0.00,109560,11.45710,95.29,1.065,9.11,87.0,43.0,0.0
1787969410.4,0.00,698.8,0,0.260,0.000,0.0000,0,False,False,P,False,56.0,0.00,109560,11.45710,95.29,1.078,9.11,87.0,43.0,0.0
1787969410.6,0.00,697.0,0,0.260,0.000,0.0000,0,False,False,P,False,56.0,0.00,109560,11.45710,95.29,1.078,9.11,87.0,43.0,0.0
1787969410.8,0.00,696.5,0,0.260,0.000,0.0000,0,False,False,P,False,56.0,0.00,109560,11.45710,95.29,1.053,9.11,87.0,43.0,0.0
1787969411.0,0.00,701.2,0,0.260,0.000,0.0000,0,False,False,P,False,56.0,0.00,109560,11.45710,95.29,1.053,9.11,87.0,43.0,0.0
1787969411.2,0.00,704.2,0,0.260,0.000,0.0000,0,False,False,P,False,56.0,0.00,109560,11.45710,95.29,1.040,9.11,87.0,43.0,0.0
1787969411.4,0.00,703.8,0,0.260,0.000,0.0000,0,False,False,P,False,56.0,0.00,109560,11.45710,95.29,1.091,9.11,87.0,43.0,0.0
1787969411.6,0.00,705.2,0,0.260,0.000,0.0000,0,False,False,P,False,56.0,0.00,109560,11.45710,95.29,1.091,9.11,87.0,43.0,0.0
1787969411.8,0.00,704.0,0,0.260,0.000,0.0000,0,False,False,P,False,56.0,0.00,109560,11.45710,95.29,0.777,9.11,87.0,42.0,0.0
1787969412.0,0.00,706.5,0,0.260,0.000,0.0000,0,False,False,P,False,56.0,0.00,109560,11.45710,95.29,0.743,9.11,87.0,40.0,0.0
1787969412.2,0.00,747.5,0,0.260,0.000,0.0000,0,False,False,P,False,56.0,0.00,109560,11.45710,95.29,0.764,9.10,87.0,38.0,0.0
1787969412.4,0.00,733.8,0,0.260,0.000,0.0000,0,False,False,P,False,56.0,0.00,109560,11.45710,95.29,0.743,9.10,87.0,36.0,0.0
1787969412.6,0.00,736.0,0,0.260,0.000,0.0000,0,False,False,P,False,56.0,0.00,109560,11.45710,95.29,0.726,9.10,87.0,34.0,0.0
1787969412.8,0.00,735.2,0,0.260,0.000,0.0000,0,False,False,P,False,56.0,0.00,109560,11.45710,95.29,0.683,9.10,87.0,33.0,0.0
1787969413.0,0.00,722.5,0,0.260,0.000,0.0000,0,False,False,P,False,56.0,0.00,109560,11.45710,95.29,0.705,9.10,87.0,33.0,0.0
1787969413.2,0.00,712.5,0,0.260,0.000,0.0000,0,False,False,P,False,56.0,0.00,109560,11.45710,95.29,0.713,9.10,87.0,32.0,0.0
1787969413.4,0.00,702.0,0,0.260,0.000,0.0000,0,False,False,P,False,56.0,0.00,109560,11.45710,95.29,0.713,9.10,87.0,31.0,0.0
1787969413.6,0.00,699.8,0,0.260,0.000,0.0000,0,False,False,P,False,56.0,13.79,109560,11.45710,95.29,0.734,9.10,87.0,31.0,0.0
1787969413.8,0.00,690.5,0,0.260,0.000,0.0000,0,False,False,P,False,56.0,13.79,109560,11.45710,95.29,0.705,9.10,87.0,31.0,0.0
1787969414.0,0.00,690.2,0,0.260,0.000,0.0000,0,False,False,P,False,56.0,13.79,109560,11.45710,95.29,0.734,9.10,87.0,31.0,0.0
1787969414.3,0.00,696.0,0,0.260,0.000,0.0000,0,False,False,P,False,56.0,13.79,109560,11.45710,95.29,0.705,9.10,87.0,31.0,0.0
1787969414.5,0.00,701.0,0,0.260,0.000,0.0000,0,False,False,P,False,56.0,13.79,109560,11.45710,95.29,0.713,9.10,87.0,31.0,0.0
1787969414.7,0.00,700.8,0,0.260,0.000,0.0000,0,False,False,P,False,56.0,13.79,109560,11.45710,95.29,0.734,9.10,87.0,31.0,0.0
1787969414.9,0.00,699.2,0,0.260,0.000,0.0000,0,False,False,P,False,56.0,13.79,109560,11.45710,95.29,0.713,9.10,87.0,31.0,0.0
1787969415.1,0.00,699.0,0,0.260,0.000,0.0000,0,False,False,P,False,56.0,13.79,109560,11.45710,95.29,0.734,9.10,87.0,31.0,0.0
1787969415.3,0.00,701.0,0,0.260,0.000,0.0000,0,False,False,P,False,56.0,13.79,109560,11.45710,95.29,0.734,9.10,87.0,31.0,0.0
1787969415.5,0.00,700.2,0,0.260,0.000,0.0000,0,False,False,P,False,56.0,13.79,109560,11.45710,95.29,0.713,9.10,87.0,31.0,0.0
1787969415.7,0.00,701.2,0,0.260,0.000,0.0000,0,False,False,P,False,56.0,13.79,109560,11.45710,95.29,0.713,9.10,87.0,31.0,0.0
1787969415.9,0.00,704.8,0,0.260,0.000,0.0000,0,False,False,P,False,56.0,13.79,109560,11.45710,95.29,0.734,9.10,87.0,31.0,0.0
1787969416.1,0.00,700.8,0,0.260,0.000,0.0000,0,False,False,P,False,56.0,13.79,109560,11.45710,95.29,0.713,9.10,87.0,31.0,0.0
1787969416.3,0.00,705.8,0,0.260,0.000,0.0000,0,False,False,P,False,56.0,13.79,109560,11.45710,95.29,0.705,9.10,87.0,31.0,0.0
1787969416.5,0.00,705.5,0,0.260,0.000,0.0000,0,False,False,P,False,56.0,13.79,109560,11.45710,95.29,0.726,9.10,87.0,31.0,0.0
1787969416.7,0.00,704.8,0,0.260,0.000,0.0000,0,False,False,P,False,56.0,13.82,109560,11.45710,95.29,0.705,9.10,87.0,31.0,0.0
1787969416.9,0.00,703.2,0,0.260,0.000,0.0000,0,False,False,P,False,56.0,13.82,109560,11.45710,95.29,0.713,9.10,87.0,31.0,0.0
1787969417.1,0.00,701.0,0,0.260,0.000,0.0000,0,False,False,P,False,56.0,13.82,109560,11.45710,95.29,0.726,9.10,87.0,31.0,0.0
1787969417.3,0.00,700.2,0,0.260,0.000,0.0000,0,False,False,P,False,56.0,13.82,109560,11.45710,95.29,0.734,9.10,87.0,31.0,0.0
1787969417.5,0.00,697.8,0,0.260,0.000,0.0000,0,False,False,P,False,56.0,13.82,109560,11.45710,95.29,0.726,9.10,87.0,31.0,0.0
1787969417.7,0.00,698.2,0,0.260,0.000,0.0000,0,False,False,P,False,56.0,13.82,109560,11.45710,95.29,0.683,9.10,87.0,31.0,0.0
1787969417.9,0.00,699.8,0,0.260,0.000,0.0000,0,False,False,P,False,56.0,13.82,109560,11.45710,95.29,0.726,9.10,87.0,31.0,0.0
1787969418.1,0.00,699.8,0,0.260,0.000,0.0000,0,False,False,P,False,56.0,13.82,109560,11.45710,95.29,0.726,9.10,87.0,31.0,0.0
1787969418.3,0.00,695.2,0,0.260,0.000,0.0000,0,False,False,P,False,56.0,13.82,109560,11.45710,95.29,0.726,9.10,87.0,31.0,0.0
1787969418.5,0.00,697.0,0,0.260,0.000,0.0000,0,False,False,P,False,56.0,13.82,109560,11.45710,95.29,0.726,9.10,87.0,31.0,0.0
1787969418.7,0.00,695.2,0,0.260,0.000,0.0000,0,False,False,P,False,56.0,13.82,109560,11.45710,95.29,0.696,9.10,87.0,31.0,0.0
1787969418.9,0.00,694.8,0,0.260,0.000,0.0000,0,False,False,P,False,56.0,13.82,109560,11.45710,95.29,0.713,9.10,87.0,31.0,0.0
1787969419.1,0.00,700.0,0,0.260,0.000,0.0000,0,False,False,P,False,56.0,13.82,109560,11.45710,95.29,0.726,9.09,87.0,31.0,0.0
1787969419.3,0.00,700.2,0,0.260,0.000,0.0000,0,False,False,P,False,56.0,13.82,109560,11.45710,95.29,0.713,9.09,87.0,31.0,0.0
1787969419.5,0.00,700.2,0,0.260,0.000,0.0000,0,False,False,P,False,56.0,13.82,109560,11.45710,95.29,0.713,9.09,87.0,31.0,0.0
1787969419.7,0.00,703.2,0,0.260,0.000,0.0000,0,False,False,P,False,56.0,13.82,109560,11.45710,95.29,0.713,9.09,87.0,31.0,0.0
1787969420.0,0.00,701.2,0,0.260,0.000,0.0000,0,False,False,P,False,56.0,13.83,109560,11.45710,95.29,0.705,9.09,87.0,31.0,0.0
1787969420.2,0.00,700.8,0,0.260,0.000,0.0000,0,False,False,P,False,56.0,13.83,109560,11.45710,95.29,0.713,9.09,87.0,31.0,0.0
1787969420.4,0.00,700.5,0,0.260,0.000,0.0000,0,False,False,P,False,56.0,13.83,109560,11.45710,95.29,0.726,9.09,87.0,31.0,0.0
1787969420.6,0.00,699.5,0,0.260,0.000,0.0000,0,False,False,P,False,56.0,13.83,109560,11.45710,95.29,0.713,9.09,87.0,31.0,0.0
1787969420.8,0.00,697.8,0,0.260,0.000,0.0000,0,False,False,P,False,56.0,13.83,109560,11.45710,95.29,0.696,9.09,87.0,31.0,0.0
1787969421.0,0.00,705.8,0,0.260,0.000,0.0000,0,False,False,P,False,56.0,13.83,109560,11.45710,95.29,0.726,9.09,87.0,31.0,0.0
1787969421.2,0.00,705.0,0,0.260,0.000,0.0000,0,False,False,P,False,56.0,13.83,109560,11.45710,95.29,0.713,9.09,87.0,31.0,0.0
1787969421.4,0.00,701.5,0,0.260,0.000,0.0000,0,False,False,P,False,56.0,13.83,109560,11.45710,95.29,0.726,9.09,87.0,31.0,0.0
1787969421.6,0.00,702.5,0,0.260,0.000,0.0000,0,False,False,P,False,56.0,13.83,109560,11.45710,95.29,0.726,9.09,87.0,31.0,0.0
1787969421.8,0.00,698.5,0,0.260,0.000,0.0000,0,False,False,P,False,56.0,13.83,109560,11.45710,95.29,0.713,9.09,87.0,31.0,0.0
1787969422.0,0.00,698.5,0,0.260,0.000,0.0000,0,False,False,P,False,56.0,13.83,109560,11.45710,95.29,0.713,9.09,87.0,31.0,0.0
1787969422.2,0.00,697.8,0,0.260,0.000,0.0000,0,False,False,P,False,56.0,13.83,109560,11.45710,95.29,0.705,9.09,87.0,31.0,0.0
1787969422.4,0.00,697.0,0,0.260,0.000,0.0000,0,False,False,P,False,56.0,13.83,109560,11.45710,95.29,0.726,9.09,87.0,31.0,0.0
1787969422.6,0.00,698.0,0,0.260,0.000,0.0000,0,False,False,P,False,56.0,13.83,109560,11.45710,95.29,0.713,9.09,87.0,31.0,0.0
1787969422.8,0.00,697.2,0,0.260,0.000,0.0000,0,False,False,P,False,56.0,13.83,109560,11.45710,95.29,0.713,9.09,87.0,31.0,0.0
1787969423.0,0.00,698.0,0,0.260,0.000,0.0000,0,False,False,P,False,56.0,13.83,109560,11.45710,95.29,0.726,9.09,87.0,31.0,0.0
1787969423.2,0.00,699.5,0,0.260,0.000,0.0000,0,False,False,P,False,56.0,13.83,109560,11.45710,95.29,0.713,9.09,87.0,31.0,0.0
1787969423.4,0.00,696.8,0,0.260,0.000,0.0000,0,False,False,P,False,56.0,13.83,109560,11.45710,95.29,0.726,9.09,87.0,31.0,0.0
1787969423.6,0.00,700.2,0,0.260,0.000,0.0000,0,False,False,P,False,56.0,13.83,109560,11.45710,95.29,0.734,9.09,87.0,31.0,0.0
1787969423.8,0.00,699.8,0,0.260,0.000,0.0000,0,False,False,P,False,56.0,13.83,109560,11.45710,95.29,0.705,9.09,87.0,31.0,0.0
1787969424.0,0.00,702.2,0,0.260,0.000,0.0000,0,False,False,P,False,56.0,13.83,109560,11.45710,95.29,0.705,9.09,87.0,31.0,0.0
1787969424.2,0.00,712.5,0,0.260,0.000,0.0000,0,False,False,P,False,56.0,13.83,109560,11.45710,95.29,1.838,9.09,87.0,34.0,0.0
1787969424.4,0.00,783.8,0,0.260,0.000,0.0000,0,False,False,P,False,56.0,13.83,109560,11.45710,95.29,1.027,9.09,87.0,39.0,0.0
1787969424.6,0.00,743.0,0,0.260,0.000,0.0000,0,False,False,P,False,56.0,13.83,109560,11.45710,95.29,1.172,9.09,87.0,38.0,0.0
1787969424.8,0.00,742.8,0,0.260,0.000,0.0000,0,False,False,P,False,56.0,13.83,109560,11.45710,95.29,1.146,9.09,87.0,40.0,0.0
1787969425.0,0.00,740.5,0,0.260,0.000,0.0000,0,False,False,P,False,56.0,13.83,109560,11.45710,95.29,1.227,9.09,87.0,41.0,0.0
1787969425.2,0.00,735.5,0,0.260,0.000,0.0000,0,False,False,P,False,56.0,13.83,109560,11.45710,95.29,1.146,9.08,87.0,42.0,0.0
1787969425.4,0.00,734.5,0,0.260,0.000,0.0000,0,False,False,P,False,56.0,13.83,109560,11.45710,95.29,1.121,9.08,87.0,43.0,0.0
1787969425.6,0.00,737.8,0,0.260,0.000,0.0000,0,False,False,P,False,56.0,13.83,109560,11.45710,95.29,1.078,9.08,87.0,43.0,0.0
1787969425.8,0.00,732.0,0,0.260,0.000,0.0000,0,False,False,P,False,56.0,13.83,109560,11.45710,95.29,1.121,9.08,87.0,43.0,0.0
1787969426.1,0.00,726.2,0,0.260,0.000,0.0000,0,False,False,P,False,56.0,13.83,109560,11.45710,95.29,1.121,9.08,87.0,43.0,0.0
1787969426.3,0.00,717.8,0,0.260,0.000,0.0000,0,False,False,P,False,56.0,13.83,109560,11.45710,95.29,1.172,9.08,87.0,43.0,0.0
1787969426.5,0.00,715.8,0,0.260,0.000,0.0000,0,False,False,P,False,56.0,13.83,109560,11.45710,95.29,1.146,9.08,87.0,44.0,0.0
1787969426.7,0.00,717.5,0,0.260,0.000,0.0000,0,False,False,P,False,56.0,13.83,109560,11.45710,95.29,1.189,9.08,87.0,44.0,0.0
1787969426.9,0.00,717.0,0,0.260,0.000,0.0000,0,False,False,P,False,56.0,13.83,109560,11.45710,95.29,1.201,9.08,87.0,45.0,0.0
1787969427.1,0.00,721.0,0,0.260,0.000,0.0000,0,False,False,P,False,56.0,13.83,109560,11.45710,95.29,1.133,9.08,87.0,45.0,0.0
1787969427.3,0.00,723.5,0,0.260,0.000,0.0000,0,False,False,P,False,56.0,13.83,109560,11.45710,95.29,1.104,9.08,87.0,45.0,0.0
1787969427.5,0.00,726.8,0,0.260,0.000,0.0000,0,False,False,P,False,56.0,13.83,109560,11.45710,95.29,1.189,9.08,87.0,45.0,0.0
1787969427.7,0.00,734.0,0,0.260,0.000,0.0000,0,False,False,P,False,56.0,13.83,109560,11.45710,95.29,1.133,9.08,87.0,45.0,0.0
1787969427.9,0.00,740.2,0,0.260,0.000,0.0000,0,False,False,P,False,56.0,13.83,109560,11.45710,95.29,1.133,9.08,87.0,44.0,0.0
1787969428.1,0.00,739.2,0,0.260,0.000,0.0000,0,False,False,P,False,56.0,13.83,109560,11.45710,95.29,1.078,9.08,87.0,44.0,0.0
1787969428.3,0.00,736.2,0,0.260,0.000,0.0000,0,False,False,P,False,56.0,13.83,109560,11.45710,95.29,1.078,9.08,87.0,43.0,0.0
1787969428.5,0.00,732.0,0,0.260,0.000,0.0000,0,False,False,P,False,56.0,13.83,109560,11.45710,95.29,1.078,9.08,87.0,43.0,0.0
1787969428.7,0.00,725.0,0,0.260,0.000,0.0000,0,False,False,P,False,56.0,13.83,109560,11.45710,95.29,1.104,9.08,87.0,43.0,0.0
1787969428.9,0.00,720.8,0,0.260,0.000,0.0000,0,False,False,P,False,56.0,13.83,109560,11.45710,95.29,1.104,9.08,87.0,43.0,0.0
1787969429.1,0.00,717.2,0,0.260,0.000,0.0000,0,False,False,P,False,56.0,13.83,109560,11.45710,95.29,1.091,9.08,87.0,43.0,0.0
1787969429.3,0.00,714.8,0,0.260,0.000,0.0000,0,False,False,P,False,56.0,13.83,109560,11.45710,95.29,1.078,9.08,87.0,43.0,0.0
1787969429.5,0.00,713.5,0,0.260,0.000,0.0000,0,False,False,P,False,56.0,13.83,109560,11.45710,95.29,1.091,9.08,87.0,43.0,0.0
1787969429.7,0.00,713.0,0,0.260,0.000,0.0000,0,False,False,P,False,56.0,13.83,109560,11.45710,95.29,1.104,9.07,87.0,43.0,0.0
1787969429.9,0.00,714.0,0,0.260,0.000,0.0000,0,False,False,P,False,56.0,13.83,109560,11.45710,95.29,1.091,9.07,87.0,43.0,0.0
1787969430.1,0.00,712.5,0,0.260,0.000,0.0000,0,False,False,P,False,56.0,13.83,109560,11.45710,95.29,1.078,9.07,87.0,43.0,0.0
1787969430.3,0.00,710.2,0,0.260,0.000,0.0000,0,False,False,P,False,56.0,13.82,109560,11.45710,95.29,1.133,9.07,87.0,43.0,0.0
1787969430.5,0.00,709.8,0,0.260,0.000,0.0000,0,False,False,P,False,56.0,13.82,109560,11.45710,95.29,1.104,9.07,87.0,43.0,0.0
1787969430.7,0.00,711.2,0,0.260,0.000,0.0000,0,False,False,P,False,56.0,13.82,109560,11.45710,95.29,1.078,9.07,87.0,43.0,0.0
1787969430.9,0.00,713.2,0,0.260,0.000,0.0000,0,False,False,P,False,56.0,13.82,109560,11.45710,95.29,1.091,9.07,87.0,43.0,0.0
1787969431.1,0.00,710.5,0,0.260,0.000,0.0000,0,False,False,P,False,56.0,13.82,109560,11.45710,95.29,1.078,9.07,87.0,43.0,0.0
1787969431.3,0.00,711.2,0,0.260,0.000,0.0000,0,False,False,P,False,56.0,13.82,109560,11.45710,95.29,1.091,9.07,87.0,43.0,0.0
1787969431.5,0.00,711.2,0,0.260,0.000,0.0000,0,False,False,P,False,56.0,13.82,109560,11.45710,95.29,1.065,9.07,87.0,43.0,0.0
1787969431.7,0.00,711.0,0,0.260,0.000,0.0000,0,False,False,P,False,56.0,13.82,109560,11.45710,95.29,1.078,9.07,87.0,43.0,0.0
1787969431.9,0.00,712.2,0,0.260,0.000,0.0000,0,False,False,P,False,56.0,13.82,109560,11.45710,95.29,1.121,9.07,87.0,43.0,0.0
1787969432.1,0.00,710.2,0,0.260,0.000,0.0000,0,False,False,P,False,56.0,13.82,109560,11.45710,95.29,1.078,9.07,87.0,43.0,0.0
1787969432.4,0.00,709.5,0,0.260,0.000,0.0000,0,False,False,P,False,56.0,13.82,109560,11.45710,95.29,1.078,9.07,87.0,43.0,0.0
1787969432.6,0.00,707.8,0,0.260,0.000,0.0000,0,False,False,P,False,56.0,13.82,109560,11.45710,95.29,1.065,9.07,87.0,43.0,0.0
1787969432.8,0.00,708.8,0,0.260,0.000,0.0000,0,False,False,P,False,56.0,13.82,109560,11.45710,95.29,1.091,9.07,87.0,43.0,0.0
1787969433.0,0.00,705.8,0,0.260,0.000,0.0000,0,False,False,P,False,56.0,13.82,109560,11.45710,95.29,1.053,9.07,87.0,43.0,0.0
1787969433.2,0.00,703.5,0,0.260,0.000,0.0000,0,False,False,P,False,56.0,13.82,109560,11.45710,95.29,1.065,9.07,87.0,43.0,0.0
1787969433.4,0.00,700.0,0,0.260,0.000,0.0000,0,False,False,P,False,56.0,13.81,109560,11.45710,95.29,1.078,9.07,87.0,43.0,0.0
1787969433.6,0.00,696.5,0,0.260,0.000,0.0000,0,False,False,P,False,56.0,13.81,109560,11.45710,95.29,1.078,9.07,87.0,43.0,0.0
1787969433.8,0.00,696.2,0,0.260,0.000,0.0000,0,False,False,P,False,56.0,13.81,109560,11.45710,95.29,1.053,9.07,87.0,43.0,0.0
1787969434.0,0.00,695.5,0,0.260,0.000,0.0000,0,False,False,P,False,56.0,13.81,109560,11.45710,95.29,1.104,9.07,87.0,43.0,0.0
1787969434.2,0.00,696.0,0,0.260,0.000,0.0000,0,False,False,P,False,56.0,13.81,109560,11.45710,95.29,1.065,9.07,87.0,43.0,0.0
1787969434.4,0.00,700.2,0,0.260,0.000,0.0000,0,False,False,P,False,56.0,13.81,109560,11.45710,95.29,1.091,9.06,87.0,43.0,0.0
1787969434.6,0.00,704.5,0,0.260,0.000,0.0000,0,False,False,P,False,56.0,13.81,109560,11.45710,95.29,1.104,9.06,87.0,43.0,0.0
1787969434.8,0.00,706.2,0,0.260,0.000,0.0000,0,False,False,P,False,56.0,13.81,109560,11.45710,95.29,1.104,9.06,87.0,43.0,0.0
1787969435.0,0.00,708.0,0,0.260,0.000,0.0000,0,False,False,P,False,56.0,13.81,109560,11.45710,95.29,1.065,9.06,87.0,43.0,0.0
1787969435.2,0.00,709.5,0,0.260,0.000,0.0000,0,False,False,P,False,56.0,13.81,109560,11.45710,95.29,1.065,9.06,87.0,43.0,0.0
1787969435.4,0.00,707.0,0,0.260,0.000,0.0000,0,False,False,P,False,56.0,13.81,109560,11.45710,95.29,1.078,9.06,87.0,43.0,0.0
1787969435.6,0.00,705.0,0,0.260,0.000,0.0000,0,False,False,P,False,56.0,13.81,109560,11.45710,95.29,1.091,9.06,87.0,43.0,0.0
1787969435.8,0.00,702.8,0,0.260,0.000,0.0000,0,False,False,P,False,56.0,13.81,109560,11.45710,95.29,1.053,9.06,87.0,43.0,0.0
1787969436.0,0.00,702.0,0,0.260,0.000,0.0000,0,False,False,P,False,56.0,13.81,109560,11.45710,95.29,1.078,9.06,87.0,43.0,0.0
1787969436.2,0.00,701.8,0,0.260,0.000,0.0000,0,False,False,P,False,56.0,13.81,109560,11.45710,95.29,1.091,9.06,87.0,43.0,0.0
1787969436.4,0.00,699.8,0,0.260,0.000,0.0000,0,False,False,P,False,56.0,13.81,109560,11.45710,95.29,1.078,9.06,87.0,43.0,0.0
1787969436.6,0.00,698.2,0,0.260,0.000,0.0000,0,False,False,P,False,56.0,13.81,109560,11.45710,95.29,1.065,9.06,87.0,43.0,0.0
1787969436.8,0.00,698.5,0,0.260,0.000,0.0000,0,False,False,P,False,56.0,13.81,109560,11.45710,95.29,1.104,9.06,87.0,43.0,0.0
1787969437.0,0.00,700.8,0,0.260,0.000,0.0000,0,False,False,P,False,56.0,13.81,109560,11.45710,95.29,1.065,9.06,87.0,43.0,0.0
1787969437.2,0.00,705.8,0,0.260,0.000,0.0000,0,False,False,P,False,56.0,13.81,109560,11.45710,95.29,1.065,9.06,87.0,43.0,0.0
1787969437.4,0.00,706.5,0,0.260,0.000,0.0000,0,False,False,P,False,56.0,13.81,109560,11.45710,95.29,1.091,9.06,87.0,43.0,0.0
1787969437.6,0.00,705.8,0,0.260,0.000,0.0000,0,False,False,P,False,56.0,13.81,109560,11.45710,95.29,1.104,9.06,87.0,43.0,0.0
1787969437.8,0.00,707.8,0,0.260,0.000,0.0000,0,False,False,P,False,56.0,13.81,109560,11.45710,95.29,1.091,9.06,87.0,43.0,0.0
1787969438.0,0.00,706.8,0,0.260,0.000,0.0000,0,False,False,P,False,56.0,13.81,109560,11.45710,95.29,0.891,9.06,87.0,42.0,0.0
1787969438.2,0.00,690.0,0,0.260,0.000,0.0000,0,False,False,P,False,56.0,13.81,109560,11.45710,95.29,0.743,9.06,87.0,40.0,0.0
1787969438.4,0.00,740.0,0,0.260,0.000,0.0000,0,False,False,P,False,56.0,13.81,109560,11.45710,95.29,0.743,9.06,87.0,38.0,0.0
1787969438.6,0.00,744.0,0,0.260,0.000,0.0000,0,False,False,P,False,56.0,13.81,109560,11.45710,95.29,0.743,9.06,87.0,36.0,0.0
1787969438.9,0.00,740.8,0,0.260,0.000,0.0000,0,False,False,P,False,56.0,13.81,109560,11.45710,95.29,0.726,9.06,87.0,34.0,0.0
1787969439.1,0.00,735.2,0,0.260,0.000,0.0000,0,False,False,P,False,56.0,13.81,109560,11.45710,95.29,0.705,9.06,87.0,33.0,0.0
1787969439.3,0.00,715.5,0,0.260,0.000,0.0000,0,False,False,P,False,56.0,13.81,109560,11.45710,95.29,0.696,9.06,87.0,32.0,0.0
1787969439.5,0.00,710.0,0,0.260,0.000,0.0000,0,False,False,P,False,56.0,13.81,109560,11.45710,95.29,0.705,9.05,87.0,31.0,0.0
1787969439.7,0.00,701.5,0,0.260,0.000,0.0000,0,False,False,P,False,56.0,13.81,109560,11.45710,95.29,0.734,9.05,87.0,31.0,0.0
1787969439.9,0.00,697.0,0,0.260,0.000,0.0000,0,False,False,P,False,56.0,13.81,109560,11.45710,95.29,0.713,9.05,87.0,31.0,0.0
1787969440.1,0.00,694.0,0,0.260,0.000,0.0000,0,False,False,P,False,56.0,13.81,109560,11.45710,95.29,0.734,9.05,87.0,31.0,0.0
1787969440.3,0.00,696.2,0,0.260,0.000,0.0000,0,False,False,P,False,56.0,13.81,109560,11.45710,95.29,0.683,9.05,87.0,31.0,0.0
1787969440.5,0.00,695.8,0,0.260,0.000,0.0000,0,False,False,P,False,56.0,13.81,109560,11.45710,95.29,0.705,9.05,87.0,31.0,0.0
1787969440.7,0.00,697.5,0,0.260,0.000,0.0000,0,False,False,P,False,56.0,13.81,109560,11.45710,95.29,0.734,9.05,87.0,31.0,0.0
1787969440.9,0.00,697.2,0,0.260,0.000,0.0000,0,False,False,P,False,56.0,13.81,109560,11.45710,95.29,0.705,9.05,87.0,31.0,0.0
1787969441.1,0.00,701.0,0,0.260,0.000,0.0000,0,False,False,P,False,56.0,13.81,109560,11.45710,95.29,0.705,9.05,87.0,31.0,0.0
1787969441.3,0.00,697.2,0,0.260,0.000,0.0000,0,False,False,P,False,56.0,13.81,109560,11.45710,95.29,0.726,9.05,87.0,31.0,0.0
1787969441.5,0.00,696.5,0,0.260,0.000,0.0000,0,False,False,P,False,56.0,13.81,109560,11.45710,95.29,0.734,9.05,87.0,31.0,0.0
1787969441.7,0.00,702.0,0,0.260,0.000,0.0000,0,False,False,P,False,56.0,13.81,109560,11.45710,95.29,0.705,9.05,87.0,31.0,0.0
1787969441.9,0.00,704.0,0,0.260,0.000,0.0000,0,False,False,P,False,56.0,13.81,109560,11.45710,95.29,0.726,9.05,87.0,31.0,0.0
1787969442.1,0.00,703.0,0,0.260,0.000,0.0000,0,False,False,P,False,56.0,13.81,109560,11.45710,95.29,0.734,9.05,87.0,31.0,0.0
1787969442.3,0.00,703.0,0,0.260,0.000,0.0000,0,False,False,P,False,56.0,13.81,109560,11.45710,95.29,0.713,9.05,87.0,31.0,0.0
1787969442.5,0.00,700.8,0,0.260,0.000,0.0000,0,False,False,P,False,56.0,13.81,109560,11.45710,95.29,0.726,9.05,87.0,31.0,0.0
1787969442.7,0.00,705.0,0,0.260,0.000,0.0000,0,False,False,P,False,56.0,13.81,109560,11.45710,95.29,0.705,9.05,87.0,31.0,0.0
1787969442.9,0.00,703.2,0,0.260,0.000,0.0000,0,False,False,P,False,56.0,13.81,109560,11.45710,95.29,0.713,9.05,87.0,31.0,0.0
1787969443.1,0.00,701.0,0,0.260,0.000,0.0000,0,False,False,P,False,56.0,13.81,109560,11.45710,95.29,0.726,9.05,87.0,31.0,0.0
1787969443.3,0.00,701.8,0,0.260,0.000,0.0000,0,False,False,P,False,56.0,13.81,109560,11.45710,95.29,0.734,9.05,87.0,31.0,0.0
1787969443.5,0.00,698.0,0,0.260,0.000,0.0000,0,False,False,P,False,56.0,13.81,109560,11.45710,95.29,0.743,9.05,87.0,31.0,0.0
1787969443.7,0.00,699.0,0,0.260,0.000,0.0000,0,False,False,P,False,56.0,13.81,109560,11.45710,95.29,0.705,9.05,87.0,31.0,0.0
1787969443.9,0.00,696.2,0,0.260,0.000,0.0000,0,False,False,P,False,56.0,13.81,109560,11.45710,95.29,0.713,9.05,87.0,31.0,0.0
1787969444.1,0.00,699.0,0,0.260,0.000,0.0000,0,False,False,P,False,56.0,13.81,109560,11.45710,95.29,0.726,9.05,87.0,31.0,0.0
1787969444.3,0.00,696.8,0,0.260,0.000,0.0000,0,False,False,P,False,56.0,13.83,109560,11.45710,95.29,0.713,9.05,87.0,31.0,0.0
1787969444.5,0.00,695.0,0,0.260,0.000,0.0000,0,False,False,P,False,56.0,13.83,109560,11.45710,95.29,0.734,9.05,87.0,31.0,0.0
1787969444.7,0.00,696.0,0,0.260,0.000,0.0000,0,False,False,P,False,56.0,13.83,109560,11.45710,95.29,0.705,9.05,87.0,31.0,0.0
1787969445.0,0.00,696.8,0,0.260,0.000,0.0000,0,False,False,P,False,56.0,13.83,109560,11.45710,95.29,0.713,9.05,87.0,31.0,0.0
1787969445.2,0.00,699.0,0,0.260,0.000,0.0000,0,False,False,P,False,56.0,13.83,109560,11.45710,95.29,0.734,9.05,87.0,31.0,0.0
1787969445.4,0.00,702.5,0,0.260,0.000,0.0000,0,False,False,P,False,56.0,13.83,109560,11.45710,95.29,0.705,9.05,87.0,31.0,0.0
1787969445.6,0.00,699.2,0,0.260,0.000,0.0000,0,False,False,P,False,56.0,13.83,109560,11.45710,95.29,0.713,9.05,87.0,31.0,0.0
1787969445.8,0.00,701.0,0,0.260,0.000,0.0000,0,False,False,P,False,56.0,13.83,109560,11.45710,95.29,0.713,9.05,87.0,31.0,0.0
1787969446.0,0.00,700.5,0,0.260,0.000,0.0000,0,False,False,P,False,56.0,13.83,109560,11.45710,95.29,0.726,9.05,87.0,31.0,0.0
1787969446.2,0.00,703.0,0,0.260,0.000,0.0000,0,False,False,P,False,56.0,13.83,109560,11.45710,95.29,0.713,9.05,87.0,31.0,0.0
1787969446.4,0.00,706.2,0,0.260,0.000,0.0000,0,False,False,P,False,56.0,13.83,109560,11.45710,95.29,0.713,9.05,87.0,31.0,0.0
1787969446.6,0.00,701.0,0,0.260,0.000,0.0000,0,False,False,P,False,56.0,13.83,109560,11.45710,95.29,0.726,9.04,87.0,31.0,0.0
1787969446.8,0.00,702.5,0,0.260,0.000,0.0000,0,False,False,P,False,56.0,13.83,109560,11.45710,95.29,0.713,9.04,87.0,31.0,0.0
1787969447.0,0.00,701.0,0,0.260,0.000,0.0000,0,False,False,P,False,56.0,13.83,109560,11.45710,95.29,0.713,9.04,87.0,31.0,0.0
1787969447.2,0.00,701.2,0,0.260,0.000,0.0000,0,False,False,P,False,56.0,13.83,109560,11.45710,95.29,0.726,9.04,87.0,31.0,0.0
1787969447.4,0.00,701.2,0,0.260,0.000,0.0000,0,False,False,P,False,56.0,13.83,109560,11.45710,95.29,0.726,9.04,87.0,31.0,0.0
1787969447.6,0.00,699.8,0,0.260,0.000,0.0000,0,False,False,P,False,56.0,13.83,109560,11.45710,95.29,0.726,9.04,87.0,31.0,0.0
1787969447.8,0.00,697.5,0,0.260,0.000,0.0000,0,False,False,P,False,56.0,13.83,109560,11.45710,95.29,0.726,9.04,87.0,31.0,0.0
1787969448.0,0.00,700.0,0,0.260,0.000,0.0000,0,False,False,P,False,56.0,13.83,109560,11.45710,95.29,0.713,9.04,87.0,31.0,0.0
1787969448.2,0.00,699.8,0,0.260,0.000,0.0000,0,False,False,P,False,56.0,13.83,109560,11.45710,95.29,0.713,9.04,87.0,31.0,0.0
1787969448.4,0.00,696.0,0,0.260,0.000,0.0000,0,False,False,P,False,56.0,13.83,109560,11.45710,95.29,0.726,9.04,87.0,31.0,0.0
1787969448.6,0.00,698.2,0,0.260,0.000,0.0000,0,False,False,P,False,56.0,13.83,109560,11.45710,95.29,0.713,9.04,87.0,31.0,0.0
1787969448.8,0.00,697.0,0,0.260,0.000,0.0000,0,False,False,P,False,56.0,13.83,109560,11.45710,95.29,0.713,9.04,87.0,31.0,0.0
1787969449.0,0.00,698.8,0,0.260,0.000,0.0000,0,False,False,P,False,56.0,13.83,109560,11.45710,95.29,0.734,9.04,87.0,31.0,0.0
1787969449.2,0.00,701.2,0,0.260,0.000,0.0000,0,False,False,P,False,56.0,13.83,109560,11.45710,95.29,0.705,9.04,87.0,31.0,0.0
1787969449.4,0.00,702.0,0,0.260,0.000,0.0000,0,False,False,P,False,56.0,13.83,109560,11.45710,95.29,0.705,9.04,87.0,31.0,0.0
1787969449.6,0.00,702.2,0,0.260,0.000,0.0000,0,False,False,P,False,56.0,13.83,109560,11.45710,95.29,0.726,9.04,87.0,31.0,0.0
1787969449.8,0.00,705.8,0,0.260,0.000,0.0000,0,False,False,P,False,56.0,13.83,109560,11.45710,95.29,1.545,9.04,87.0,36.0,0.0
1787969450.0,0.00,786.2,0,0.260,0.000,0.0000,0,False,False,P,False,56.0,13.83,109560,11.45710,95.29,1.027,9.04,87.0,40.0,0.0
1787969450.2,0.00,754.5,0,0.260,0.000,0.0000,0,False,False,P,False,56.0,13.83,109560,11.45710,95.29,1.227,9.04,87.0,39.0,0.0
1787969450.4,0.00,753.0,0,0.260,0.000,0.0000,0,False,False,P,False,56.0,13.83,109560,11.45710,95.29,1.121,9.04,87.0,41.0,0.0
1787969450.6,0.00,742.8,0,0.260,0.000,0.0000,0,False,False,P,False,56.0,13.83,109560,11.45710,95.29,1.172,9.04,87.0,41.0,0.0
1787969450.8,0.00,743.8,0,0.260,0.000,0.0000,0,False,False,P,False,56.0,13.83,109560,11.45710,95.29,1.159,9.04,87.0,42.0,0.0
1787969451.0,0.00,745.0,0,0.260,0.000,0.0000,0,False,False,P,False,56.0,13.83,109560,11.45710,95.29,1.078,9.04,87.0,43.0,0.0
1787969451.2,0.00,740.8,0,0.260,0.000,0.0000,0,False,False,P,False,56.0,13.83,109560,11.45710,95.29,1.091,9.04,87.0,43.0,0.0
1787969451.4,0.00,735.0,0,0.260,0.000,0.0000,0,False,False,P,False,56.0,13.83,109560,11.45710,95.29,1.133,9.04,87.0,43.0,0.0
1787969451.6,0.00,728.5,0,0.260,0.000,0.0000,0,False,False,P,False,56.0,13.83,109560,11.45710,95.29,1.121,9.04,87.0,43.0,0.0
1787969451.9,0.00,724.8,0,0.260,0.000,0.0000,0,False,False,P,False,56.0,13.83,109560,11.45710,95.29,1.121,9.04,87.0,43.0,0.0
1787969452.1,0.00,722.5,0,0.260,0.000,0.0000,0,False,False,P,False,56.0,13.83,109560,11.45710,95.29,1.146,9.03,87.0,43.0,0.0
1787969452.3,0.00,721.0,0,0.260,0.000,0.0000,0,False,False,P,False,56.0,13.83,109560,11.45710,95.29,1.146,9.03,87.0,44.0,0.0
1787969452.5,0.00,719.5,0,0.260,0.000,0.0000,0,False,False,P,False,56.0,13.83,109560,11.45710,95.29,1.146,9.03,87.0,44.0,0.0
1787969452.7,0.00,720.5,0,0.260,0.000,0.0000,0,False,False,P,False,56.0,13.83,109560,11.45710,95.29,1.159,9.03,87.0,44.0,0.0
1787969452.9,0.00,720.8,0,0.260,0.000,0.0000,0,False,False,P,False,56.0,13.83,109560,11.45710,95.29,1.121,9.03,87.0,45.0,0.0
1787969453.1,0.00,722.8,0,0.260,0.000,0.0000,0,False,False,P,False,56.0,13.83,109560,11.45710,95.29,1.159,9.03,87.0,45.0,0.0
1787969453.3,0.00,727.8,0,0.260,0.000,0.0000,0,False,False,P,False,56.0,13.80,109560,11.45710,95.29,1.172,9.03,87.0,45.0,0.0
1787969453.5,0.00,738.0,0,0.260,0.000,0.0000,0,False,False,P,False,56.0,13.80,109560,11.45710,95.29,1.133,9.03,87.0,45.0,0.0
1787969453.7,0.00,741.2,0,0.260,0.000,0.0000,0,False,False,P,False,56.0,13.80,109560,11.45710,95.29,1.104,9.03,87.0,44.0,0.0
1787969453.9,0.00,739.0,0,0.260,0.000,0.0000,0,False,False,P,False,56.0,13.80,109560,11.45710,95.29,1.078,9.03,87.0,43.0,0.0
1787969454.1,0.00,733.8,0,0.260,0.000,0.0000,0,False,False,P,False,56.0,13.80,109560,11.45710,95.29,1.091,9.03,87.0,43.0,0.0
1787969454.3,0.00,729.2,0,0.260,0.000,0.0000,0,False,False,P,False,56.0,13.80,109560,11.45710,95.29,1.078,9.03,87.0,43.0,0.0
1787969454.5,0.00,715.5,0,0.260,0.000,0.0000,0,False,False,P,False,56.0,13.80,109560,11.45710,95.29,1.121,9.03,87.0,43.0,0.0
1787969454.7,0.00,712.8,0,0.260,0.000,0.0000,0,False,False,P,False,56.0,13.80,109560,11.45710,95.29,1.133,9.03,87.0,43.0,0.0
1787969454.9,0.00,710.8,0,0.260,0.000,0.0000,0,False,False,P,False,56.0,13.80,109560,11.45710,95.29,1.053,9.03,87.0,43.0,0.0
1787969455.1,0.00,710.5,0,0.260,0.000,0.0000,0,False,False,P,False,56.0,13.80,109560,11.45710,95.29,1.121,9.03,87.0,43.0,0.0
1787969455.3,0.00,711.2,0,0.260,0.000,0.0000,0,False,False,P,False,56.0,13.80,109560,11.45710,95.29,1.104,9.03,87.0,43.0,0.0
1787969455.5,0.00,713.0,0,0.260,0.000,0.0000,0,False,False,P,False,56.0,13.80,109560,11.45710,95.29,1.091,9.03,87.0,43.0,0.0
1787969455.7,0.00,714.5,0,0.260,0.000,0.0000,0,False,False,P,False,56.0,13.80,109560,11.45710,95.29,1.078,9.03,87.0,43.0,0.0
1787969455.9,0.00,714.8,0,0.260,0.000,0.0000,0,False,False,P,False,56.0,13.80,109560,11.45710,95.29,1.121,9.03,87.0,43.0,0.0
1787969456.1,0.00,716.5,0,0.260,0.000,0.0000,0,False,False,P,False,56.0,13.80,109560,11.45710,95.29,1.091,9.03,87.0,43.0,0.0
1787969456.3,0.00,714.0,0,0.260,0.000,0.0000,0,False,False,P,False,56.0,13.80,109560,11.45710,95.29,1.065,9.03,87.0,43.0,0.0
1787969456.5,0.00,714.2,0,0.260,0.000,0.0000,0,False,False,P,False,56.0,13.80,109560,11.45710,95.29,1.078,9.02,87.0,43.0,0.0
1787969456.7,0.00,710.2,0,0.260,0.000,0.0000,0,False,False,P,False,56.0,13.80,109560,11.45710,95.29,1.091,9.02,87.0,43.0,0.0
1787969456.9,0.00,708.5,0,0.260,0.000,0.0000,0,False,False,P,False,56.0,13.80,109560,11.45710,95.29,1.104,9.02,87.0,43.0,0.0
1787969457.1,0.00,708.2,0,0.260,0.000,0.0000,0,False,False,P,False,56.0,13.80,109560,11.45710,95.29,1.065,9.02,87.0,43.0,0.0
1787969457.3,0.00,706.0,0,0.260,0.000,0.0000,0,False,False,P,False,56.0,13.81,109560,11.45710,95.29,1.065,9.02,87.0,43.0,0.0
1787969457.5,0.00,705.0,0,0.260,0.000,0.0000,0,False,False,P,False,56.0,13.81,109560,11.45710,95.29,1.078,9.02,87.0,43.0,0.0
1787969457.7,0.00,701.5,0,0.260,0.000,0.0000,0,False,False,P,False,56.0,13.81,109560,11.45710,95.29,1.065,9.02,87.0,43.0,0.0
1787969457.9,0.00,701.0,0,0.260,0.000,0.0000,0,False,False,P,False,56.0,13.81,109560,11.45710,95.29,1.078,9.02,87.0,43.0,0.0
1787969458.1,0.00,699.5,0,0.260,0.000,0.0000,0,False,False,P,False,56.0,13.81,109560,11.45710,95.29,1.078,9.02,87.0,43.0,0.0
1787969458.4,0.00,697.8,0,0.260,0.000,0.0000,0,False,False,P,False,56.0,13.81,109560,11.45710,95.29,1.091,9.02,87.0,43.0,0.0
1787969458.6,0.00,698.5,0,0.260,0.000,0.0000,0,False,False,P,False,56.0,13.81,109560,11.45710,95.29,1.065,9.02,87.0,43.0,0.0
1787969458.8,0.00,698.8,0,0.260,0.000,0.0000,0,False,False,P,False,56.0,13.81,109560,11.45710,95.29,1.091,9.02,87.0,43.0,0.0
1787969459.0,0.00,699.5,0,0.260,0.000,0.0000,0,False,False,P,False,56.0,13.81,109560,11.45710,95.29,1.053,9.02,87.0,43.0,0.0
1787969459.2,0.00,699.0,0,0.260,0.000,0.0000,0,False,False,P,False,56.0,13.81,109560,11.45710,95.29,1.078,9.02,87.0,43.0,0.0
1787969459.4,0.00,700.8,0,0.260,0.000,0.0000,0,False,False,P,False,56.0,13.81,109560,11.45710,95.29,1.065,9.02,87.0,43.0,0.0
1787969459.6,0.00,702.8,0,0.260,0.000,0.0000,0,False,False,P,False,56.0,13.81,109560,11.45710,95.29,1.078,9.02,87.0,43.0,0.0
1787969459.8,0.00,702.2,0,0.260,0.000,0.0000,0,False,False,P,False,56.0,13.81,109560,11.45710,95.29,1.078,9.02,87.0,43.0,0.0
1787969460.0,0.00,702.5,0,0.260,0.000,0.0000,0,False,False,P,False,56.0,13.81,109560,11.45710,95.29,1.091,9.02,87.0,43.0,0.0
1787969460.2,0.00,702.8,0,0.260,0.000,0.0000,0,False,False,P,False,56.0,13.81,109560,11.45710,95.29,1.053,9.02,87.0,43.0,0.0
1787969460.4,0.00,702.5,0,0.260,0.000,0.0000,0,False,False,P,False,56.0,13.81,109560,11.45710,95.29,1.053,9.02,87.0,43.0,0.0
1787969460.6,0.00,699.2,0,0.260,0.000,0.0000,0,False,False,P,False,56.0,13.83,109560,11.45710,95.29,1.091,9.02,87.0,43.0,0.0
1787969460.8,0.00,697.5,0,0.260,0.000,0.0000,0,False,False,P,False,56.0,13.83,109560,11.45710,95.29,1.078,9.02,87.0,43.0,0.0
1787969461.0,0.00,699.0,0,0.260,0.000,0.0000,0,False,False,P,False,56.0,13.83,109560,11.45710,95.29,1.091,9.02,87.0,43.0,0.0
1787969461.2,0.00,700.8,0,0.260,0.000,0.0000,0,False,False,P,False,56.0,13.83,109560,11.45710,95.29,1.078,9.01,87.0,43.0,0.0
1787969461.4,0.00,701.2,0,0.260,0.000,0.0000,0,False,False,P,False,56.0,13.83,109560,11.45710,95.29,1.091,9.01,87.0,44.0,0.0
1787969461.6,0.00,702.2,0,0.260,0.000,0.0000,0,False,False,P,False,56.0,13.83,109560,11.45710,95.29,1.078,9.01,87.0,43.0,0.0
1787969461.8,0.00,702.8,0,0.260,0.000,0.0000,0,False,False,P,False,56.0,13.83,109560,11.45710,95.29,1.040,9.01,87.0,43.0,0.0
1787969462.0,0.00,703.8,0,0.260,0.000,0.0000,0,False,False,P,False,56.0,13.83,109560,11.45710,95.29,1.065,9.01,87.0,43.0,0.0
1787969462.2,0.00,705.0,0,0.260,0.000,0.0000,0,False,False,P,False,56.0,13.83,109560,11.45710,95.29,1.078,9.01,87.0,43.0,0.0
1787969462.4,0.00,705.8,0,0.260,0.000,0.0000,0,False,False,P,False,56.0,13.83,109560,11.45710,95.29,1.091,9.01,87.0,43.0,0.0
1787969462.6,0.00,702.2,0,0.260,0.000,0.0000,0,False,False,P,False,56.0,13.83,109560,11.45710,95.29,1.091,9.01,87.0,43.0,0.0
1787969462.8,0.00,701.8,0,0.260,0.000,0.0000,0,False,False,P,False,56.0,13.83,109560,11.45710,95.29,1.078,9.01,87.0,43.0,0.0
1787969463.0,0.00,700.2,0,0.260,0.000,0.0000,0,False,False,P,False,56.0,13.83,109560,11.45710,95.29,1.078,9.01,87.0,43.0,0.0
1787969463.2,0.00,698.5,0,0.260,0.000,0.0000,0,False,False,P,False,56.0,13.83,109560,11.45710,95.29,1.104,9.01,87.0,43.0,0.0
1787969463.4,0.00,699.8,0,0.260,0.000,0.0000,0,False,False,P,False,56.0,13.83,109560,11.45710,95.29,1.078,9.01,87.0,43.0,0.0
1787969463.6,0.00,699.0,0,0.260,0.000,0.0000,0,False,False,P,False,56.0,13.81,109560,11.45710,95.29,1.078,9.01,87.0,43.0,0.0
1787969463.8,0.00,698.5,0,0.260,0.000,0.0000,0,False,False,P,False,56.0,13.81,109560,11.45710,95.29,1.091,9.01,88.0,44.0,0.0
1787969464.0,0.00,696.5,0,0.260,0.000,0.0000,0,False,False,P,False,56.0,13.81,109560,11.45710,95.29,1.091,9.01,87.0,44.0,0.0
1787969464.2,0.00,698.2,0,0.260,0.000,0.0000,0,False,False,P,False,56.0,13.81,109560,11.45710,95.29,1.104,9.01,88.0,44.0,0.0
1787969464.4,0.00,698.2,0,0.260,0.000,0.0000,0,False,False,P,False,56.0,13.81,109560,11.45710,95.29,0.879,9.01,87.0,43.0,0.0
1787969464.6,0.00,681.2,0,0.260,0.000,0.0000,0,False,False,P,False,56.0,13.81,109560,11.45710,95.29,0.794,9.01,87.0,40.0,0.0
1787969464.9,0.00,741.2,0,0.260,0.000,0.0000,0,False,False,P,False,56.0,13.81,109560,11.45710,95.29,0.756,9.01,87.0,38.0,0.0
1787969465.1,0.00,746.0,0,0.260,0.000,0.0000,0,False,False,P,False,56.0,13.81,109560,11.45710,95.29,0.756,9.01,87.0,36.0,0.0
1787969465.3,0.00,744.2,0,0.260,0.000,0.0000,0,False,False,P,False,56.0,13.81,109560,11.45710,95.29,0.734,9.01,88.0,34.0,0.0
1787969465.5,0.00,734.5,0,0.260,0.000,0.0000,0,False,False,P,False,56.0,13.81,109560,11.45710,95.29,0.696,9.01,88.0,33.0,0.0
1787969465.7,0.00,729.5,0,0.260,0.000,0.0000,0,False,False,P,False,56.0,13.81,109560,11.45710,95.29,0.705,9.01,87.0,33.0,0.0
1787969465.9,0.00,718.0,0,0.260,0.000,0.0000,0,False,False,P,False,56.0,13.81,109560,11.45710,95.29,0.713,9.01,88.0,31.0,0.0
1787969466.1,0.00,705.5,0,0.260,0.000,0.0000,0,False,False,P,False,56.0,13.81,109560,11.45710,95.29,0.726,9.01,87.0,31.0,0.0
1787969466.3,0.00,700.5,0,0.260,0.000,0.0000,0,False,False,P,False,56.0,13.81,109560,11.45710,95.29,0.713,9.01,88.0,31.0,0.0
1787969466.5,0.00,695.2,0,0.260,0.000,0.0000,0,False,False,P,False,56.0,13.81,109560,11.45710,95.29,0.713,9.01,88.0,31.0,0.0
1787969466.7,0.00,694.0,0,0.260,0.000,0.0000,0,False,False,P,False,56.0,13.83,109560,11.45710,95.29,0.734,9.00,87.0,31.0,0.0
1787969466.9,0.00,696.8,0,0.260,0.000,0.0000,0,False,False,P,False,56.0,13.83,109560,11.45710,95.29,0.726,9.00,88.0,31.0,0.0
1787969467.1,0.00,699.0,0,0.260,0.000,0.0000,0,False,False,P,False,56.0,13.83,109560,11.45710,95.29,0.734,9.00,88.0,31.0,0.0
1787969467.3,0.00,701.0,0,0.260,0.000,0.0000,0,False,False,P,False,56.0,13.83,109560,11.45710,95.29,0.713,9.00,88.0,31.0,0.0
1787969467.5,0.00,700.5,0,0.260,0.000,0.0000,0,False,False,P,False,56.0,13.83,109560,11.45710,95.29,0.734,9.00,87.0,31.0,0.0
1787969467.7,0.00,698.0,0,0.260,0.000,0.0000,0,False,False,P,False,56.0,13.83,109560,11.45710,95.29,0.726,9.00,88.0,31.0,0.0
1787969467.9,0.00,704.2,0,0.260,0.000,0.0000,0,False,False,P,False,56.0,13.83,109560,11.45710,95.29,0.726,9.00,88.0,31.0,0.0
1787969468.1,0.00,703.0,0,0.260,0.000,0.0000,0,False,False,P,False,56.0,13.83,109560,11.45710,95.29,0.726,9.00,88.0,31.0,0.0
1787969468.3,0.00,705.2,0,0.260,0.000,0.0000,0,False,False,P,False,56.0,13.83,109560,11.45710,95.29,0.726,9.00,87.0,31.0,0.0
1787969468.5,0.00,705.2,0,0.260,0.000,0.0000,0,False,False,P,False,56.0,13.83,109560,11.45710,95.29,0.734,9.00,87.0,31.0,0.0
1787969468.7,0.00,706.0,0,0.260,0.000,0.0000,0,False,False,P,False,56.0,13.83,109560,11.45710,95.29,0.734,9.00,87.0,31.0,0.0
1787969468.9,0.00,705.5,0,0.260,0.000,0.0000,0,False,False,P,False,56.0,13.83,109560,11.45710,95.29,0.705,9.00,87.0,31.0,0.0
1787969469.1,0.00,707.5,0,0.260,0.000,0.0000,0,False,False,P,False,56.0,13.83,109560,11.45710,95.29,0.713,9.00,88.0,31.0,0.0
1787969469.3,0.00,706.8,0,0.260,0.000,0.0000,0,False,False,P,False,56.0,13.83,109560,11.45710,95.29,0.713,9.00,88.0,31.0,0.0
1787969469.5,0.00,706.5,0,0.260,0.000,0.0000,0,False,False,P,False,56.0,13.83,109560,11.45710,95.29,0.726,9.00,88.0,31.0,0.0
1787969469.7,0.00,705.0,0,0.260,0.000,0.0000,0,False,False,P,False,56.0,13.83,109560,11.45710,95.29,0.713,9.00,88.0,31.0,0.0
1787969469.9,0.00,700.0,0,0.260,0.000,0.0000,0,False,False,P,False,56.0,13.83,109560,11.45710,95.29,0.713,9.00,88.0,31.0,0.0
1787969470.1,0.00,700.2,0,0.260,0.000,0.0000,0,False,False,P,False,56.0,13.83,109560,11.45710,95.29,0.734,9.00,88.0,31.0,0.0
1787969470.3,0.00,701.8,0,0.260,0.000,0.0000,0,False,False,P,False,56.0,13.83,109560,11.45710,95.29,0.713,9.00,88.0,31.0,0.0
1787969470.5,0.00,704.5,0,0.260,0.000,0.0000,0,False,False,P,False,56.0,13.83,109560,11.45710,95.29,0.713,9.00,88.0,31.0,0.0
1787969470.7,0.00,702.0,0,0.260,0.000,0.0000,0,False,False,P,False,56.0,13.83,109560,11.45710,95.29,0.713,9.00,88.0,31.0,0.0
1787969470.9,0.00,697.0,0,0.260,0.000,0.0000,0,False,False,P,False,56.0,13.83,109560,11.45710,95.29,0.713,9.00,88.0,31.0,0.0
1787969471.1,0.00,700.8,0,0.260,0.000,0.0000,0,False,False,P,False,56.0,13.83,109560,11.45710,95.29,0.726,9.00,88.0,31.0,0.0
1787969471.4,0.00,700.0,0,0.260,0.000,0.0000,0,False,False,P,False,56.0,13.83,109560,11.45710,95.29,0.713,9.00,88.0,31.0,0.0
1787969471.6,0.00,700.8,0,0.260,0.000,0.0000,0,False,False,P,False,56.0,13.83,109560,11.45710,95.29,0.713,9.00,88.0,31.0,0.0
1787969471.8,0.00,696.0,0,0.260,0.000,0.0000,0,False,False,P,False,56.0,13.83,109560,11.45710,95.29,0.734,9.00,88.0,31.0,0.0
1787969472.0,0.00,702.2,0,0.260,0.000,0.0000,0,False,False,P,False,56.0,13.83,109560,11.45710,95.29,0.734,9.00,88.0,31.0,0.0
1787969472.2,0.00,701.2,0,0.260,0.000,0.0000,0,False,False,P,False,56.0,13.83,109560,11.45710,95.29,0.734,9.00,88.0,31.0,0.0
1787969472.4,0.00,703.2,0,0.260,0.000,0.0000,0,False,False,P,False,56.0,13.83,109560,11.45710,95.29,0.726,9.00,88.0,31.0,0.0
1787969472.6,0.00,702.2,0,0.260,0.000,0.0000,0,False,False,P,False,56.0,13.83,109560,11.45710,95.29,0.713,9.00,88.0,31.0,0.0
1787969472.8,0.00,703.2,0,0.260,0.000,0.0000,0,False,False,P,False,56.0,13.82,109560,11.45710,95.29,0.726,9.00,88.0,31.0,0.0
1787969473.0,0.00,705.5,0,0.260,0.000,0.0000,0,False,False,P,False,56.0,13.82,109560,11.45710,95.29,0.713,9.00,88.0,31.0,0.0
1787969473.2,0.00,703.0,0,0.260,0.000,0.0000,0,False,False,P,False,56.0,13.82,109560,11.45710,95.29,0.705,9.00,88.0,31.0,0.0
1787969473.4,0.00,700.2,0,0.260,0.000,0.0000,0,False,False,P,False,56.0,13.82,109560,11.45710,95.29,0.734,9.00,88.0,31.0,0.0
1787969473.6,0.00,704.5,0,0.260,0.000,0.0000,0,False,False,P,False,56.0,13.82,109560,11.45710,95.29,0.726,9.00,88.0,31.0,0.0
1787969473.8,0.00,705.5,0,0.260,0.000,0.0000,0,False,False,P,False,56.0,13.82,109560,11.45710,95.29,0.705,8.99,88.0,31.0,0.0
1787969474.0,0.00,701.5,0,0.260,0.000,0.0000,0,False,False,P,False,56.0,13.82,109560,11.45710,95.29,0.734,8.99,88.0,31.0,0.0
1787969474.2,0.00,704.0,0,0.260,0.000,0.0000,0,False,False,P,False,56.0,13.82,109560,11.45710,95.29,0.734,8.99,88.0,31.0,0.0
1787969474.4,0.00,698.8,0,0.260,0.000,0.0000,0,False,False,P,False,56.0,13.82,109560,11.45710,95.29,0.726,8.99,88.0,31.0,0.0
1787969474.6,0.00,700.5,0,0.260,0.000,0.0000,0,False,False,P,False,56.0,13.82,109560,11.45710,95.29,0.726,8.99,88.0,31.0,0.0
1787969474.8,0.00,702.0,0,0.260,0.000,0.0000,0,False,False,P,False,56.0,13.82,109560,11.45710,95.29,0.726,8.99,88.0,31.0,0.0
1787969475.0,0.00,698.5,0,0.260,0.000,0.0000,0,False,False,P,False,56.0,13.82,109560,11.45710,95.29,0.705,8.99,88.0,31.0,0.0
1787969475.2,0.00,698.0,0,0.260,0.000,0.0000,0,False,False,P,False,56.0,13.82,109560,11.45710,95.29,0.713,8.99,88.0,31.0,0.0
1787969475.4,0.00,692.8,0,0.260,0.000,0.0000,0,False,False,P,False,56.0,13.82,109560,11.45710,95.29,0.713,8.99,88.0,31.0,0.0
1787969475.6,0.00,702.8,0,0.260,0.000,0.0000,0,False,False,P,False,56.0,13.82,109560,11.45710,95.29,1.448,8.99,88.0,34.0,0.0
1787969475.8,0.00,768.0,0,0.260,0.000,0.0000,0,False,False,P,False,56.0,13.82,109560,11.45710,95.29,1.053,8.99,88.0,38.0,0.0
1787969476.0,0.00,725.5,0,0.260,0.000,0.0000,0,False,False,P,False,56.0,13.90,109560,11.45710,95.29,1.027,8.99,88.0,38.0,0.0
1787969476.2,0.00,728.8,0,0.260,0.000,0.0000,0,False,False,P,False,56.0,13.90,109560,11.45710,95.29,1.146,8.99,88.0,40.0,0.0
1787969476.4,0.00,728.8,0,0.260,0.000,0.0000,0,False,False,P,False,56.0,13.90,109560,11.45710,95.29,1.214,8.99,88.0,42.0,0.0
1787969476.6,0.00,728.5,0,0.260,0.000,0.0000,0,False,False,P,False,56.0,13.90,109560,11.45710,95.29,1.172,8.99,88.0,42.0,0.0
1787969476.8,0.00,731.2,0,0.260,0.000,0.0000,0,False,False,P,False,56.0,13.90,109560,11.45710,95.29,1.133,8.99,88.0,43.0,0.0
1787969477.1,0.00,733.8,0,0.260,0.000,0.0000,0,False,False,P,False,56.0,13.90,109560,11.45710,95.29,1.121,8.99,88.0,43.0,0.0
1787969477.3,0.00,731.5,0,0.260,0.000,0.0000,0,False,False,P,False,56.0,13.90,109560,11.45710,95.29,1.121,8.99,88.0,43.0,0.0
1787969477.5,0.00,727.0,0,0.260,0.000,0.0000,0,False,False,P,False,56.0,13.90,109560,11.45710,95.29,1.091,8.99,88.0,43.0,0.0
1787969477.7,0.00,724.0,0,0.260,0.000,0.0000,0,False,False,P,False,56.0,13.90,109560,11.45710,95.29,1.104,8.99,88.0,43.0,0.0
1787969477.9,0.00,719.8,0,0.260,0.000,0.0000,0,False,False,P,False,56.0,13.90,109560,11.45710,95.29,1.146,8.99,88.0,43.0,0.0
1787969478.1,0.00,714.0,0,0.260,0.000,0.0000,0,False,False,P,False,56.0,13.90,109560,11.45710,95.29,1.146,8.99,88.0,44.0,0.0
1787969478.3,0.00,711.0,0,0.260,0.000,0.0000,0,False,False,P,False,56.0,13.90,109560,11.45710,95.29,1.159,8.99,88.0,44.0,0.0
1787969478.5,0.00,709.8,0,0.260,0.000,0.0000,0,False,False,P,False,56.0,13.90,109560,11.45710,95.29,1.172,8.99,88.0,45.0,0.0
1787969478.7,0.00,713.2,0,0.260,0.000,0.0000,0,False,False,P,False,56.0,13.90,109560,11.45710,95.29,1.172,8.99,88.0,45.0,0.0
1787969478.9,0.00,718.8,0,0.260,0.000,0.0000,0,False,False,P,False,56.0,13.90,109560,11.45710,95.29,1.159,8.98,88.0,45.0,0.0
1787969479.1,0.00,728.0,0,0.260,0.000,0.0000,0,False,False,P,False,56.0,13.83,109560,11.45710,95.29,1.133,8.98,88.0,45.0,0.0
1787969479.3,0.00,737.2,0,0.260,0.000,0.0000,0,False,False,P,False,56.0,13.93,109560,11.45710,95.29,1.078,8.98,88.0,45.0,0.0
1787969479.5,0.00,738.2,0,0.260,0.000,0.0000,0,False,False,P,False,56.0,13.93,109560,11.45710,95.29,1.091,8.98,88.0,45.0,0.0
1787969479.7,0.00,735.5,0,0.260,0.000,0.0000,0,False,False,P,False,56.0,13.93,109560,11.45710,95.29,1.091,8.98,88.0,43.0,0.0
1787969479.9,0.00,727.5,0,0.260,0.000,0.0000,0,False,False,P,False,56.0,13.93,109560,11.45710,95.29,1.091,8.98,88.0,43.0,0.0
1787969480.1,0.00,714.5,0,0.260,0.000,0.0000,0,False,False,P,False,56.0,13.93,109560,11.45710,95.29,1.121,8.98,88.0,43.0,0.0
1787969480.3,0.00,710.0,0,0.260,0.000,0.0000,0,False,False,P,False,56.0,13.93,109560,11.45710,95.29,1.121,8.98,88.0,43.0,0.0
1787969480.5,0.00,704.0,0,0.260,0.000,0.0000,0,False,False,P,False,56.0,13.93,109560,11.45710,95.29,1.121,8.98,88.0,43.0,0.0
1787969480.7,0.00,702.5,0,0.260,0.000,0.0000,0,False,False,P,False,56.0,13.93,109560,11.45710,95.29,1.121,8.98,88.0,43.0,0.0
1787969480.9,0.00,699.5,0,0.260,0.000,0.0000,0,False,False,P,False,56.0,13.93,109560,11.45710,95.29,1.091,8.98,88.0,43.0,0.0
1787969481.1,0.00,701.5,0,0.260,0.000,0.0000,0,False,False,P,False,56.0,13.93,109560,11.45710,95.29,1.121,8.98,88.0,44.0,0.0
1787969481.3,0.00,705.0,0,0.260,0.000,0.0000,0,False,False,P,False,56.0,13.93,109560,11.45710,95.29,1.104,8.98,88.0,44.0,0.0
1787969481.5,0.00,711.2,0,0.260,0.000,0.0000,0,False,False,P,False,56.0,13.93,109560,11.45710,95.29,1.104,8.98,88.0,44.0,0.0
1787969481.7,0.00,712.2,0,0.260,0.000,0.0000,0,False,False,P,False,56.0,13.93,109560,11.45710,95.29,1.104,8.98,88.0,44.0,0.0
1787969481.9,0.00,713.2,0,0.260,0.000,0.0000,0,False,False,P,False,56.0,13.93,109560,11.45710,95.29,1.078,8.98,88.0,43.0,0.0
1787969482.1,0.00,713.2,0,0.260,0.000,0.0000,0,False,False,P,False,56.0,13.81,109560,11.45710,95.29,1.104,8.98,88.0,43.0,0.0
1787969482.3,0.00,715.2,0,0.260,0.000,0.0000,0,False,False,P,False,56.0,13.81,109560,11.45710,95.29,1.053,8.98,88.0,43.0,0.0
1787969482.5,0.00,713.0,0,0.260,0.000,0.0000,0,False,False,P,False,56.0,13.81,109560,11.45710,95.29,1.091,8.98,88.0,43.0,0.0
1787969482.7,0.00,708.8,0,0.260,0.000,0.0000,0,False,False,P,False,56.0,13.81,109560,11.45710,95.29,1.091,8.98,88.0,43.0,0.0
1787969482.9,0.00,709.0,0,0.260,0.000,0.0000,0,False,False,P,False,56.0,13.81,109560,11.45710,95.29,1.104,8.98,88.0,43.0,0.0
1787969483.1,0.00,707.0,0,0.260,0.000,0.0000,0,False,False,P,False,56.0,13.81,109560,11.45710,95.29,1.078,8.98,88.0,43.0,0.0
1787969483.3,0.00,703.5,0,0.260,0.000,0.0000,0,False,False,P,False,56.0,13.81,109560,11.45710,95.29,1.091,8.98,88.0,43.0,0.0
1787969483.5,0.00,700.8,0,0.260,0.000,0.0000,0,False,False,P,False,56.0,13.81,109560,11.45710,95.29,1.078,8.97,88.0,43.0,0.0
1787969483.8,0.00,700.2,0,0.260,0.000,0.0000,0,False,False,P,False,56.0,13.81,109560,11.45710,95.29,1.078,8.97,88.0,43.0,0.0
1787969484.0,0.00,699.5,0,0.260,0.000,0.0000,0,False,False,P,False,56.0,13.81,109560,11.45710,95.29,1.078,8.97,88.0,43.0,0.0
1787969484.2,0.00,695.8,0,0.260,0.000,0.0000,0,False,False,P,False,56.0,13.81,109560,11.45710,95.29,1.053,8.97,88.0,44.0,0.0
1787969484.4,0.00,694.2,0,0.260,0.000,0.0000,0,False,False,P,False,56.0,13.81,109560,11.45710,95.29,1.078,8.97,88.0,43.0,0.0
1787969484.6,0.00,694.5,0,0.260,0.000,0.0000,0,False,False,P,False,56.0,13.81,109560,11.45710,95.29,1.104,8.97,88.0,44.0,0.0
1787969484.8,0.00,696.5,0,0.260,0.000,0.0000,0,False,False,P,False,56.0,13.81,109560,11.45710,95.29,1.078,8.97,88.0,44.0,0.0
1787969485.0,0.00,698.8,0,0.260,0.000,0.0000,0,False,False,P,False,56.0,13.81,109560,11.45710,95.29,1.104,8.97,88.0,44.0,0.0
1787969485.2,0.00,700.2,0,0.260,0.000,0.0000,0,False,False,P,False,56.0,13.82,109560,11.45710,95.29,1.091,8.97,88.0,44.0,0.0
1787969485.4,0.00,701.5,0,0.260,0.000,0.0000,0,False,False,P,False,56.0,13.82,109560,11.45710,95.29,1.078,8.97,88.0,44.0,0.0
1787969485.6,0.00,703.5,0,0.260,0.000,0.0000,0,False,False,P,False,56.0,13.82,109560,11.45710,95.29,1.078,8.97,88.0,43.0,0.0
1787969485.8,0.00,704.2,0,0.260,0.000,0.0000,0,False,False,P,False,56.0,13.82,109560,11.45710,95.29,1.104,8.97,88.0,43.0,0.0
1787969486.0,0.00,706.5,0,0.260,0.000,0.0000,0,False,False,P,False,56.0,13.82,109560,11.45710,95.29,1.065,8.97,88.0,43.0,0.0
1787969486.2,0.00,703.5,0,0.260,0.000,0.0000,0,False,False,P,False,56.0,13.82,109560,11.45710,95.29,1.091,8.97,88.0,43.0,0.0
1787969486.4,0.00,701.0,0,0.260,0.000,0.0000,0,False,False,P,False,56.0,13.82,109560,11.45710,95.29,1.078,8.97,88.0,43.0,0.0
1787969486.6,0.00,700.2,0,0.260,0.000,0.0000,0,False,False,P,False,56.0,13.82,109560,11.45710,95.29,1.078,8.97,88.0,43.0,0.0
1787969486.8,0.00,697.2,0,0.260,0.000,0.0000,0,False,False,P,False,56.0,13.82,109560,11.45710,95.29,1.078,8.97,88.0,43.0,0.0
1787969487.0,0.00,698.8,0,0.260,0.000,0.0000,0,False,False,P,False,56.0,13.82,109560,11.45710,95.29,1.065,8.97,88.0,43.0,0.0
1787969487.2,0.00,697.0,0,0.260,0.000,0.0000,0,False,False,P,False,56.0,13.82,109560,11.45710,95.29,1.078,8.97,88.0,44.0,0.0
1787969487.4,0.00,697.0,0,0.260,0.000,0.0000,0,False,False,P,False,56.0,13.82,109560,11.45710,95.29,1.065,8.97,88.0,43.0,0.0
1787969487.6,0.00,694.0,0,0.260,0.000,0.0000,0,False,False,P,False,56.0,13.82,109560,11.45710,95.29,1.078,8.97,88.0,44.0,0.0
1787969487.8,0.00,692.0,0,0.260,0.000,0.0000,0,False,False,P,False,56.0,13.82,109560,11.45710,95.29,1.078,8.97,88.0,44.0,0.0
1787969488.0,0.00,694.2,0,0.260,0.000,0.0000,0,False,False,P,False,56.0,13.82,109560,11.45710,95.29,1.053,8.97,88.0,44.0,0.0
1787969488.2,0.00,699.2,0,0.260,0.000,0.0000,0,False,False,P,False,56.0,13.81,109560,11.45710,95.29,1.091,8.96,88.0,44.0,0.0
1787969488.4,0.00,700.0,0,0.260,0.000,0.0000,0,False,False,P,False,56.0,13.81,109560,11.45710,95.29,1.091,8.96,88.0,44.0,0.0
1787969488.6,0.00,703.2,0,0.260,0.000,0.0000,0,False,False,P,False,56.0,13.81,109560,11.45710,95.29,1.091,8.96,88.0,44.0,0.0
1787969488.8,0.00,707.8,0,0.260,0.000,0.0000,0,False,False,P,False,56.0,13.81,109560,11.45710,95.29,1.078,8.96,88.0,44.0,0.0
1787969489.0,0.00,708.5,0,0.260,0.000,0.0000,0,False,False,P,False,56.0,13.81,109560,11.45710,95.29,1.091,8.96,88.0,43.0,0.0
1787969489.2,0.00,707.2,0,0.260,0.000,0.0000,0,False,False,P,False,56.0,13.81,109560,11.45710,95.29,1.078,8.96,88.0,43.0,0.0
1787969489.4,0.00,707.2,0,0.260,0.000,0.0000,0,False,False,P,False,56.0,13.81,109560,11.45710,95.29,1.078,8.96,88.0,43.0,0.0
1787969489.6,0.00,705.2,0,0.260,0.000,0.0000,0,False,False,P,False,56.0,13.81,109560,11.45710,95.29,1.091,8.96,88.0,43.0,0.0
1787969489.8,0.00,700.0,0,0.260,0.000,0.0000,0,False,False,P,False,56.0,13.81,109560,11.45710,95.29,1.104,8.96,88.0,43.0,0.0
1787969490.1,0.00,698.5,0,0.260,0.000,0.0000,0,False,False,P,False,56.0,13.81,109560,11.45710,95.29,1.078,8.96,88.0,43.0,0.0
1787969490.3,0.00,697.5,0,0.260,0.000,0.0000,0,False,False,P,False,56.0,13.81,109560,11.45710,95.29,1.078,8.96,88.0,43.0,0.0
1787969490.5,0.00,696.0,0,0.260,0.000,0.0000,0,False,False,P,False,56.0,13.81,109560,11.45710,95.29,1.104,8.96,88.0,44.0,0.0
1787969490.7,0.00,696.2,0,0.260,0.000,0.0000,0,False,False,P,False,56.0,13.81,109560,11.45710,95.29,1.053,8.96,88.0,44.0,0.0
1787969490.9,0.00,697.0,0,0.260,0.000,0.0000,0,False,False,P,False,56.0,13.81,109560,11.45710,95.29,0.891,8.96,88.0,43.0,0.0
1787969491.1,0.00,679.2,0,0.260,0.000,0.0000,0,False,False,P,False,56.0,13.81,109560,11.45710,95.29,0.777,8.96,88.0,40.0,0.0
1787969491.3,0.00,741.2,0,0.260,0.000,0.0000,0,False,False,P,False,56.0,13.81,109560,11.45710,95.29,0.764,8.96,88.0,38.0,0.0
1787969491.5,0.00,743.0,0,0.260,0.000,0.0000,0,False,False,P,False,56.0,13.95,109560,11.45710,95.29,0.713,8.96,88.0,37.0,0.0
1787969491.7,0.00,742.2,0,0.260,0.000,0.0000,0,False,False,P,False,56.0,13.95,109560,11.45710,95.29,0.713,8.96,88.0,37.0,0.0
1787969491.9,0.00,733.5,0,0.260,0.000,0.0000,0,False,False,P,False,56.0,13.95,109560,11.45710,95.29,0.696,8.96,88.0,33.0,0.0
1787969492.1,0.00,716.0,0,0.260,0.000,0.0000,0,False,False,P,False,56.0,13.95,109560,11.45710,95.29,0.696,8.96,88.0,32.0,0.0
1787969492.3,0.00,716.0,0,0.260,0.000,0.0000,0,False,False,P,False,56.0,13.95,109560,11.45710,95.29,0.713,8.96,88.0,32.0,0.0
1787969492.5,0.00,704.5,0,0.260,0.000,0.0000,0,False,False,P,False,56.0,13.95,109560,11.45710,95.29,0.743,8.96,88.0,31.0,0.0
1787969492.7,0.00,697.2,0,0.260,0.000,0.0000,0,False,False,P,False,56.0,13.95,109560,11.45710,95.29,0.713,8.96,88.0,31.0,0.0
1787969492.9,0.00,691.5,0,0.260,0.000,0.0000,0,False,False,P,False,56.0,13.95,109560,11.45710,95.29,0.713,8.96,88.0,31.0,0.0
1787969493.1,0.00,691.5,0,0.260,0.000,0.0000,0,False,False,P,False,56.0,13.95,109560,11.45710,95.29,0.726,8.96,88.0,31.0,0.0
1787969493.3,0.00,695.0,0,0.260,0.000,0.0000,0,False,False,P,False,56.0,13.95,109560,11.45710,95.29,0.705,8.96,88.0,31.0,0.0
1787969493.5,0.00,700.5,0,0.260,0.000,0.0000,0,False,False,P,False,56.0,13.95,109560,11.45710,95.29,0.743,8.96,88.0,31.0,0.0
1787969493.7,0.00,703.0,0,0.260,0.000,0.0000,0,False,False,P,False,56.0,13.95,109560,11.45710,95.29,0.726,8.96,88.0,31.0,0.0
1787969493.9,0.00,698.5,0,0.260,0.000,0.0000,0,False,False,P,False,56.0,13.95,109560,11.45710,95.29,0.726,8.95,88.0,31.0,0.0
1787969494.1,0.00,683.2,0,0.260,0.000,0.0000,0,False,False,P,False,56.0,13.95,109560,11.45710,95.29,0.785,8.95,88.0,31.0,0.0
1787969494.3,0.00,681.8,0,0.260,0.000,0.0000,0,False,False,P,False,56.0,13.95,109560,11.45710,95.29,0.836,8.95,88.0,33.0,0.0
1787969494.5,0.00,699.0,0,0.260,0.000,0.0000,0,False,False,P,False,56.0,13.48,109560,11.45710,95.29,0.756,8.95,88.0,33.0,0.0
1787969494.7,0.00,706.2,0,0.260,0.000,0.0000,0,False,False,P,False,56.0,13.48,109560,11.45710,95.29,0.756,8.95,88.0,33.0,0.0
1787969494.9,0.00,715.2,0,0.260,0.000,0.0000,0,False,False,P,False,56.0,13.48,109560,11.45710,95.29,0.764,8.95,88.0,33.0,0.0
1787969495.1,0.00,722.8,0,0.260,0.000,0.0000,0,False,False,P,False,56.0,13.48,109560,11.45710,95.29,0.705,8.95,88.0,32.0,0.0
1787969495.3,0.00,721.5,0,0.260,0.000,0.0000,0,False,False,P,False,56.0,13.48,109560,11.45710,95.29,0.705,8.95,88.0,32.0,0.0
1787969495.5,0.00,715.0,0,0.260,0.000,0.0000,0,False,False,P,False,56.0,13.48,109560,11.45710,95.29,0.713,8.95,88.0,31.0,0.0
1787969495.8,0.00,710.2,0,0.260,0.000,0.0000,0,False,False,P,False,56.0,13.48,109560,11.45710,95.29,0.713,8.95,88.0,31.0,0.0
1787969496.0,0.00,706.2,0,0.260,0.000,0.0000,0,False,False,P,False,56.0,13.48,109560,11.45710,95.29,0.713,8.95,88.0,31.0,0.0
1787969496.2,0.00,700.8,0,0.260,0.000,0.0000,0,False,False,P,False,56.0,13.48,109560,11.45710,95.29,0.726,8.95,88.0,31.0,0.0
1787969496.4,0.00,697.8,0,0.260,0.000,0.0000,0,False,False,P,False,56.0,13.48,109560,11.45710,95.29,0.726,8.95,88.0,31.0,0.0
1787969496.6,0.00,696.8,0,0.260,0.000,0.0000,0,False,False,P,False,56.0,13.48,109560,11.45710,95.29,0.705,8.95,88.0,31.0,0.0
1787969496.8,0.00,695.5,0,0.260,0.000,0.0000,0,False,False,P,False,56.0,13.48,109560,11.45710,95.29,0.713,8.95,88.0,31.0,0.0
1787969497.0,0.00,696.8,0,0.260,0.000,0.0000,0,False,False,P,False,56.0,13.48,109560,11.45710,95.29,0.743,8.95,88.0,31.0,0.0
1787969497.2,0.00,701.5,0,0.260,0.000,0.0000,0,False,False,P,False,56.0,13.48,109560,11.45710,95.29,0.705,8.95,88.0,31.0,0.0
1787969497.4,0.00,701.0,0,0.260,0.000,0.0000,0,False,False,P,False,56.0,13.48,109560,11.45710,95.29,0.726,8.95,88.0,31.0,0.0
1787969497.6,0.00,703.8,0,0.260,0.000,0.0000,0,False,False,P,False,56.0,13.82,109560,11.45710,95.29,0.713,8.95,88.0,31.0,0.0
1787969497.8,0.00,704.8,0,0.260,0.000,0.0000,0,False,False,P,False,56.0,13.82,109560,11.45710,95.29,0.726,8.95,88.0,31.0,0.0
1787969498.0,0.00,700.0,0,0.260,0.000,0.0000,0,False,False,P,False,56.0,13.82,109560,11.45710,95.29,0.734,8.95,88.0,31.0,0.0
1787969498.2,0.00,703.2,0,0.260,0.000,0.0000,0,False,False,P,False,56.0,13.82,109560,11.45710,95.29,0.734,8.95,88.0,31.0,0.0
1787969498.4,0.00,706.5,0,0.260,0.000,0.0000,0,False,False,P,False,56.0,13.82,109560,11.45710,95.29,0.713,8.95,88.0,31.0,0.0
1787969498.6,0.00,700.5,0,0.260,0.000,0.0000,0,False,False,P,False,56.0,13.82,109560,11.45710,95.29,0.734,8.95,88.0,31.0,0.0
1787969498.8,0.00,707.0,0,0.260,0.000,0.0000,0,False,False,P,False,56.0,13.82,109560,11.45710,95.29,0.734,8.95,88.0,31.0,0.0
1787969499.0,0.00,706.2,0,0.260,0.000,0.0000,0,False,False,P,False,56.0,13.82,109560,11.45710,95.29,0.726,8.95,88.0,31.0,0.0
1787969499.2,0.00,704.5,0,0.260,0.000,0.0000,0,False,False,P,False,56.0,13.82,109560,11.45710,95.29,0.726,8.95,88.0,31.0,0.0
1787969499.4,0.00,702.8,0,0.260,0.000,0.0000,0,False,False,P,False,56.0,13.82,109560,11.45710,95.29,0.713,8.95,88.0,31.0,0.0
1787969499.6,0.00,700.0,0,0.260,0.000,0.0000,0,False,False,P,False,56.0,13.82,109560,11.45710,95.29,0.726,8.95,88.0,31.0,0.0
1787969499.8,0.00,701.2,0,0.260,0.000,0.0000,0,False,False,P,False,56.0,13.82,109560,11.45710,95.29,0.734,8.95,88.0,31.0,0.0
1787969500.0,0.00,700.8,0,0.260,0.000,0.0000,0,False,False,P,False,56.0,13.82,109560,11.45710,95.29,0.713,8.95,88.0,31.0,0.0
1787969500.2,0.00,701.0,0,0.260,0.000,0.0000,0,False,False,P,False,56.0,13.82,109560,11.45710,95.29,0.713,8.95,88.0,31.0,0.0
1787969500.4,0.00,703.2,0,0.260,0.000,0.0000,0,False,False,P,False,56.0,13.82,109560,11.45710,95.29,0.713,8.95,88.0,31.0,0.0
1787969500.6,0.00,697.2,0,0.260,0.000,0.0000,0,False,False,P,False,56.0,13.83,109560,11.45710,95.29,0.726,8.95,88.0,31.0,0.0
1787969500.8,0.00,696.5,0,0.260,0.000,0.0000,0,False,False,P,False,56.0,13.83,109560,11.45710,95.29,0.734,8.95,88.0,31.0,0.0
1787969501.0,0.00,701.2,0,0.260,0.000,0.0000,0,False,False,P,False,56.0,13.83,109560,11.45710,95.29,0.726,8.94,88.0,31.0,0.0
1787969501.2,0.00,703.0,0,0.260,0.000,0.0000,0,False,False,P,False,56.0,13.83,109560,11.45710,95.29,0.713,8.94,88.0,31.0,0.0
1787969501.4,0.00,700.2,0,0.260,0.000,0.0000,0,False,False,P,False,56.0,13.83,109560,11.45710,95.29,0.726,8.94,88.0,31.0,0.0
1787969501.6,0.00,702.8,0,0.260,0.000,0.0000,0,False,False,P,False,56.0,13.83,109560,11.45710,95.29,0.743,8.94,88.0,31.0,0.0
1787969501.8,0.00,713.0,0,0.260,0.000,0.0000,0,False,False,P,False,56.0,13.83,109560,11.45710,95.29,1.431,8.94,88.0,37.0,0.0
1787969502.0,0.00,776.2,0,0.260,0.000,0.0000,0,False,False,P,False,56.0,13.83,109560,11.45710,95.29,1.053,8.94,88.0,38.0,0.0
1787969502.3,0.00,732.8,0,0.260,0.000,0.0000,0,False,False,P,False,56.0,13.83,109560,11.45710,95.29,1.027,8.94,88.0,39.0,0.0
1787969502.5,0.00,740.5,0,0.260,0.000,0.0000,0,False,False,P,False,56.0,13.83,109560,11.45710,95.29,1.091,8.94,88.0,41.0,0.0
1787969502.7,0.00,734.5,0,0.260,0.000,0.0000,0,False,False,P,False,56.0,13.83,109560,11.45710,95.29,1.299,8.94,88.0,41.0,0.0
1787969502.9,0.00,733.0,0,0.260,0.000,0.0000,0,False,False,P,False,56.0,13.83,109560,11.45710,95.29,1.065,8.94,88.0,42.0,0.0
1787969503.1,0.00,732.0,0,0.260,0.000,0.0000,0,False,False,P,False,56.0,13.83,109560,11.45710,95.29,1.172,8.94,88.0,43.0,0.0
1787969503.3,0.00,735.0,0,0.260,0.000,0.0000,0,False,False,P,False,56.0,13.83,109560,11.45710,95.29,1.159,8.94,88.0,43.0,0.0
1787969503.5,0.00,733.2,0,0.260,0.000,0.0000,0,False,False,P,False,56.0,13.83,109560,11.45710,95.29,1.159,8.94,88.0,43.0,0.0
1787969503.7,0.00,730.0,0,0.260,0.000,0.0000,0,False,False,P,False,56.0,13.38,109560,11.45710,95.29,1.121,8.94,88.0,43.0,0.0
1787969503.9,0.00,723.8,0,0.260,0.000,0.0000,0,False,False,P,False,56.0,13.38,109560,11.45710,95.29,1.133,8.94,88.0,43.0,0.0
1787969504.1,0.00,718.8,0,0.260,0.000,0.0000,0,False,False,P,False,56.0,13.38,109560,11.45710,95.29,1.121,8.94,88.0,43.0,0.0
1787969504.3,0.00,713.5,0,0.260,0.000,0.0000,0,False,False,P,False,56.0,13.38,109560,11.45710,95.29,1.159,8.94,88.0,44.0,0.0
1787969504.5,0.00,708.5,0,0.260,0.000,0.0000,0,False,False,P,False,56.0,13.38,109560,11.45710,95.29,1.189,8.94,88.0,44.0,0.0
1787969504.7,0.00,703.5,0,0.260,0.000,0.0000,0,False,False,P,False,56.0,13.38,109560,11.45710,95.29,1.159,8.94,88.0,45.0,0.0
1787969504.9,0.00,705.5,0,0.260,0.000,0.0000,0,False,False,P,False,56.0,13.38,109560,11.45710,95.29,1.172,8.94,88.0,46.0,0.0
1787969505.1,0.00,716.8,0,0.260,0.000,0.0000,0,False,False,P,False,56.0,13.38,109560,11.45710,95.29,1.159,8.94,88.0,46.0,0.0
1787969505.3,0.00,734.8,0,0.260,0.000,0.0000,0,False,False,P,False,56.0,13.38,109560,11.45710,95.29,1.146,8.94,88.0,46.0,0.0
1787969505.5,0.00,746.2,0,0.260,0.000,0.0000,0,False,False,P,False,56.0,13.38,109560,11.45710,95.29,1.104,8.94,88.0,45.0,0.0
1787969505.7,0.00,742.5,0,0.260,0.000,0.0000,0,False,False,P,False,56.0,13.38,109560,11.45710,95.29,1.104,8.93,88.0,44.0,0.0
1787969505.9,0.00,736.0,0,0.260,0.000,0.0000,0,False,False,P,False,56.0,13.38,109560,11.45710,95.29,1.104,8.93,88.0,44.0,0.0
1787969506.1,0.00,728.0,0,0.260,0.000,0.0000,0,False,False,P,False,56.0,13.38,109560,11.45710,95.29,1.078,8.93,88.0,43.0,0.0
1787969506.3,0.00,720.2,0,0.260,0.000,0.0000,0,False,False,P,False,56.0,13.38,109560,11.45710,95.29,1.133,8.93,88.0,43.0,0.0
1787969506.5,0.00,716.2,0,0.260,0.000,0.0000,0,False,False,P,False,56.0,13.38,109560,11.45710,95.29,1.104,8.93,88.0,43.0,0.0
1787969506.7,0.00,712.2,0,0.260,0.000,0.0000,0,False,False,P,False,56.0,13.38,109560,11.45710,95.29,1.091,8.93,88.0,43.0,0.0
1787969506.9,0.00,710.2,0,0.260,0.000,0.0000,0,False,False,P,False,56.0,13.80,109560,11.45710,95.29,1.078,8.93,88.0,44.0,0.0
1787969507.1,0.00,709.0,0,0.260,0.000,0.0000,0,False,False,P,False,56.0,13.80,109560,11.45710,95.29,1.091,8.93,88.0,44.0,0.0
1787969507.3,0.00,710.0,0,0.260,0.000,0.0000,0,False,False,P,False,56.0,13.80,109560,11.45710,95.29,1.121,8.93,88.0,44.0,0.0
1787969507.5,0.00,711.0,0,0.260,0.000,0.0000,0,False,False,P,False,56.0,13.80,109560,11.45710,95.29,1.091,8.93,88.0,44.0,0.0
1787969507.7,0.00,712.5,0,0.260,0.000,0.0000,0,False,False,P,False,56.0,13.80,109560,11.45710,95.29,1.104,8.93,88.0,44.0,0.0
1787969507.9,0.00,714.2,0,0.260,0.000,0.0000,0,False,False,P,False,56.0,13.80,109560,11.45710,95.29,1.104,8.93,88.0,44.0,0.0
1787969508.1,0.00,715.0,0,0.260,0.000,0.0000,0,False,False,P,False,56.0,13.80,109560,11.45710,95.29,1.104,8.93,88.0,44.0,0.0
1787969508.3,0.00,714.0,0,0.260,0.000,0.0000,0,False,False,P,False,56.0,13.80,109560,11.45710,95.29,1.104,8.93,88.0,44.0,0.0
1787969508.5,0.00,713.8,0,0.260,0.000,0.0000,0,False,False,P,False,56.0,13.80,109560,11.45710,95.29,1.091,8.93,88.0,44.0,0.0
1787969508.8,0.00,714.0,0,0.260,0.000,0.0000,0,False,False,P,False,56.0,13.80,109560,11.45710,95.29,1.091,8.93,88.0,44.0,0.0
1787969509.0,0.00,713.0,0,0.260,0.000,0.0000,0,False,False,P,False,56.0,13.80,109560,11.45710,95.29,1.104,8.93,88.0,44.0,0.0
1787969509.2,0.00,713.5,0,0.260,0.000,0.0000,0,False,False,P,False,56.0,13.80,109560,11.45710,95.29,1.091,8.93,88.0,44.0,0.0
1787969509.4,0.00,713.8,0,0.260,0.000,0.0000,0,False,False,P,False,56.0,13.82,109560,11.45710,95.29,1.091,8.93,88.0,43.0,0.0
1787969509.6,0.00,711.5,0,0.260,0.000,0.0000,0,False,False,P,False,56.0,13.82,109560,11.45710,95.29,1.104,8.93,88.0,43.0,0.0
1787969509.8,0.00,711.0,0,0.260,0.000,0.0000,0,False,False,P,False,56.0,13.82,109560,11.45710,95.29,1.091,8.93,88.0,43.0,0.0
1787969510.0,0.00,709.5,0,0.260,0.000,0.0000,0,False,False,P,False,56.0,13.82,109560,11.45710,95.29,1.091,8.93,88.0,43.0,0.0
1787969510.2,0.00,707.0,0,0.260,0.000,0.0000,0,False,False,P,False,56.0,13.82,109560,11.45710,95.29,1.091,8.93,88.0,43.0,0.0
1787969510.4,0.00,705.5,0,0.260,0.000,0.0000,0,False,False,P,False,56.0,13.82,109560,11.45710,95.29,1.104,8.93,88.0,44.0,0.0
1787969510.6,0.00,704.2,0,0.260,0.000,0.0000,0,False,False,P,False,56.0,13.82,109560,11.45710,95.29,1.104,8.92,88.0,44.0,0.0
1787969510.8,0.00,701.8,0,0.260,0.000,0.0000,0,False,False,P,False,56.0,13.82,109560,11.45710,95.29,1.121,8.92,88.0,43.0,0.0
1787969511.0,0.00,702.2,0,0.260,0.000,0.0000,0,False,False,P,False,56.0,13.82,109560,11.45710,95.29,1.091,8.92,88.0,44.0,0.0
1787969511.2,0.00,697.2,0,0.260,0.000,0.0000,0,False,False,P,False,56.0,13.82,109560,11.45710,95.29,1.078,8.92,88.0,44.0,0.0
1787969511.4,0.00,697.8,0,0.260,0.000,0.0000,0,False,False,P,False,56.0,13.81,109560,11.45710,95.29,1.053,8.92,88.0,44.0,0.0
1787969511.6,0.00,699.5,0,0.260,0.000,0.0000,0,False,False,P,False,56.0,13.81,109560,11.45710,95.29,1.065,8.92,88.0,44.0,0.0
1787969511.8,0.00,700.0,0,0.260,0.000,0.0000,0,False,False,P,False,56.0,13.81,109560,11.45710,95.29,1.104,8.92,88.0,44.0,0.0
1787969512.0,0.00,702.5,0,0.260,0.000,0.0000,0,False,False,P,False,56.0,13.81,109560,11.45710,95.29,1.078,8.92,88.0,44.0,0.0
1787969512.2,0.00,705.0,0,0.260,0.000,0.0000,0,False,False,P,False,56.0,13.81,109560,11.45710,95.29,1.091,8.92,88.0,44.0,0.0
1787969512.4,0.00,706.5,0,0.260,0.000,0.0000,0,False,False,P,False,56.0,13.81,109560,11.45710,95.29,1.091,8.92,88.0,44.0,0.0
1787969512.6,0.00,706.0,0,0.260,0.000,0.0000,0,False,False,P,False,56.0,13.81,109560,11.45710,95.29,1.091,8.92,88.0,44.0,0.0
1787969512.8,0.00,709.8,0,0.260,0.000,0.0000,0,False,False,P,False,56.0,13.81,109560,11.45710,95.29,1.053,8.92,88.0,44.0,0.0
1787969513.0,0.00,709.0,0,0.260,0.000,0.0000,0,False,False,P,False,56.0,13.81,109560,11.45710,95.29,1.091,8.92,88.0,43.0,0.0
1787969513.2,0.00,709.0,0,0.260,0.000,0.0000,0,False,False,P,False,56.0,13.81,109560,11.45710,95.29,1.053,8.92,88.0,43.0,0.0
1787969513.4,0.00,705.8,0,0.260,0.000,0.0000,0,False,False,P,False,56.0,13.81,109560,11.45710,95.29,1.078,8.92,88.0,43.0,0.0
1787969513.6,0.00,704.2,0,0.260,0.000,0.0000,0,False,False,P,False,56.0,13.81,109560,11.45710,95.29,1.078,8.92,88.0,43.0,0.0
1787969513.8,0.00,704.2,0,0.260,0.000,0.0000,0,False,False,P,False,56.0,13.81,109560,11.45710,95.29,1.121,8.92,88.0,43.0,0.0
1787969514.0,0.00,703.0,0,0.260,0.000,0.0000,0,False,False,P,False,56.0,13.81,109560,11.45710,95.29,1.078,8.92,88.0,43.0,0.0
1787969514.2,0.00,702.5,0,0.260,0.000,0.0000,0,False,False,P,False,56.0,13.81,109560,11.45710,95.29,1.065,8.92,88.0,44.0,0.0
1787969514.4,0.00,702.2,0,0.260,0.000,0.0000,0,False,False,P,False,56.0,13.81,109560,11.45710,95.29,1.078,8.92,88.0,44.0,0.0
1787969514.6,0.00,704.5,0,0.260,0.000,0.0000,0,False,False,P,False,56.0,13.81,109560,11.45710,95.29,1.104,8.92,88.0,44.0,0.0
1787969514.8,0.00,703.8,0,0.260,0.000,0.0000,0,False,False,P,False,56.0,13.81,109560,11.45710,95.29,1.104,8.92,88.0,44.0,0.0
1787969515.1,0.00,704.8,0,0.260,0.000,0.0000,0,False,False,P,False,56.0,13.81,109560,11.45710,95.29,1.078,8.92,88.0,43.0,0.0
1787969515.3,0.00,705.5,0,0.260,0.000,0.0000,0,False,False,P,False,56.0,13.81,109560,11.45710,95.29,1.104,8.91,88.0,44.0,0.0
1787969515.5,0.00,706.0,0,0.260,0.000,0.0000,0,False,False,P,False,56.0,13.81,109560,11.45710,95.29,1.078,8.91,88.0,44.0,0.0
1787969515.7,0.00,705.8,0,0.260,0.000,0.0000,0,False,False,P,False,56.0,13.81,109560,11.45710,95.29,1.091,8.91,88.0,43.0,0.0
1787969515.9,0.00,707.5,0,0.260,0.000,0.0000,0,False,False,P,False,56.0,13.81,109560,11.45710,95.29,1.104,8.91,88.0,43.0,0.0
1787969516.1,0.00,707.2,0,0.260,0.000,0.0000,0,False,False,P,False,56.0,13.81,109560,11.45710,95.29,1.078,8.91,88.0,43.0,0.0
1787969516.3,0.00,703.5,0,0.260,0.000,0.0000,0,False,False,P,False,56.0,13.81,109560,11.45710,95.29,1.078,8.91,88.0,42.0,0.0
1787969516.5,0.00,682.5,0,0.260,0.000,0.0000,0,False,False,P,False,56.0,13.81,109560,11.45710,95.29,0.777,8.91,88.0,40.0,0.0
1787969516.7,0.00,743.2,0,0.260,0.000,0.0000,0,False,False,P,False,56.0,13.81,109560,11.45710,95.29,0.756,8.91,88.0,39.0,0.0
1787969516.9,0.00,743.5,0,0.260,0.000,0.0000,0,False,False,P,False,56.0,13.81,109560,11.45710,95.29,0.726,8.91,88.0,36.0,0.0
1787969517.1,0.00,733.5,0,0.260,0.000,0.0000,0,False,False,P,False,56.0,13.81,109560,11.45710,95.29,0.734,8.91,88.0,34.0,0.0
1787969517.3,0.00,734.0,0,0.260,0.000,0.0000,0,False,False,P,False,56.0,13.81,109560,11.45710,95.29,0.683,8.91,88.0,33.0,0.0
1787969517.5,0.00,721.0,0,0.260,0.000,0.0000,0,False,False,P,False,56.0,13.81,109560,11.45710,95.29,0.713,8.91,88.0,32.0,0.0
1787969517.7,0.00,710.0,0,0.260,0.000,0.0000,0,False,False,P,False,56.0,13.81,109560,11.45710,95.29,0.683,8.91,88.0,31.0,0.0
1787969517.9,0.00,700.8,0,0.260,0.000,0.0000,0,False,False,P,False,56.0,13.81,109560,11.45710,95.29,0.705,8.91,88.0,31.0,0.0
1787969518.1,0.00,694.2,0,0.260,0.000,0.0000,0,False,False,P,False,56.0,13.81,109560,11.45710,95.29,0.734,8.91,88.0,31.0,0.0
1787969518.3,0.00,688.2,0,0.260,0.000,0.0000,0,False,False,P,False,56.0,13.81,109560,11.45710,95.29,0.713,8.91,88.0,31.0,0.0
1787969518.5,0.00,690.0,0,0.260,0.000,0.0000,0,False,False,P,False,56.0,13.81,109560,11.45710,95.29,0.743,8.91,88.0,31.0,0.0
1787969518.7,0.00,696.2,0,0.260,0.000,0.0000,0,False,False,P,False,56.0,13.81,109560,11.45710,95.29,0.713,8.91,88.0,31.0,0.0
1787969518.9,0.00,698.8,0,0.260,0.000,0.0000,0,False,False,P,False,56.0,13.81,109560,11.45710,95.29,0.705,8.91,88.0,31.0,0.0
1787969519.1,0.00,701.2,0,0.260,0.000,0.0000,0,False,False,P,False,56.0,13.84,109560,11.45710,95.29,0.726,8.91,88.0,31.0,0.0
1787969519.3,0.00,697.2,0,0.260,0.000,0.0000,0,False,False,P,False,56.0,13.84,109560,11.45710,95.29,0.726,8.91,88.0,31.0,0.0
1787969519.5,0.00,698.0,0,0.260,0.000,0.0000,0,False,False,P,False,56.0,13.84,109560,11.45710,95.29,0.713,8.91,88.0,31.0,0.0
1787969519.7,0.00,695.2,0,0.260,0.000,0.0000,0,False,False,P,False,56.0,13.84,109560,11.45710,95.29,0.726,8.91,88.0,31.0,0.0
1787969519.9,0.00,699.0,0,0.260,0.000,0.0000,0,False,False,P,False,56.0,13.84,109560,11.45710,95.29,0.713,8.91,88.0,31.0,0.0
1787969520.1,0.00,696.8,0,0.260,0.000,0.0000,0,False,False,P,False,56.0,13.84,109560,11.45710,95.29,0.713,8.91,88.0,31.0,0.0
1787969520.3,0.00,697.8,0,0.260,0.000,0.0000,0,False,False,P,False,56.0,13.84,109560,11.45710,95.29,0.713,8.91,88.0,31.0,0.0
1787969520.5,0.00,699.8,0,0.260,0.000,0.0000,0,False,False,P,False,56.0,13.84,109560,11.45710,95.29,0.705,8.91,88.0,31.0,0.0
1787969520.7,0.00,699.2,0,0.260,0.000,0.0000,0,False,False,P,False,56.0,13.84,109560,11.45710,95.29,0.713,8.91,88.0,31.0,0.0
1787969520.9,0.00,698.5,0,0.260,0.000,0.0000,0,False,False,P,False,56.0,13.84,109560,11.45710,95.29,0.696,8.91,88.0,31.0,0.0
1787969521.1,0.00,701.2,0,0.260,0.000,0.0000,0,False,False,P,False,56.0,13.84,109560,11.45710,95.29,0.726,8.91,88.0,31.0,0.0
1787969521.3,0.00,704.0,0,0.260,0.000,0.0000,0,False,False,P,False,56.0,13.84,109560,11.45710,95.29,0.705,8.91,88.0,31.0,0.0
1787969521.5,0.00,702.8,0,0.260,0.000,0.0000,0,False,False,P,False,56.0,13.84,109560,11.45710,95.29,0.713,8.91,88.0,31.0,0.0
1787969521.8,0.00,703.5,0,0.260,0.000,0.0000,0,False,False,P,False,56.0,13.84,109560,11.45710,95.29,0.705,8.91,88.0,31.0,0.0
1787969522.0,0.00,698.2,0,0.260,0.000,0.0000,0,False,False,P,False,56.0,13.84,109560,11.45710,95.29,0.713,8.90,88.0,31.0,0.0
1787969522.2,0.00,700.2,0,0.260,0.000,0.0000,0,False,False,P,False,56.0,13.84,109560,11.45710,95.29,0.743,8.90,88.0,31.0,0.0
1787969522.4,0.00,698.0,0,0.260,0.000,0.0000,0,False,False,P,False,56.0,13.82,109560,11.45710,95.29,0.713,8.90,88.0,31.0,0.0
1787969522.6,0.00,694.2,0,0.260,0.000,0.0000,0,False,False,P,False,56.0,13.82,109560,11.45710,95.29,0.713,8.90,88.0,31.0,0.0
1787969522.8,0.00,697.2,0,0.260,0.000,0.0000,0,False,False,P,False,56.0,13.82,109560,11.45710,95.29,0.705,8.90,88.0,31.0,0.0
1787969523.0,0.00,696.8,0,0.260,0.000,0.0000,0,False,False,P,False,56.0,13.82,109560,11.45710,95.29,0.713,8.90,88.0,31.0,0.0
1787969523.2,0.00,696.0,0,0.260,0.000,0.0000,0,False,False,P,False,56.0,13.82,109560,11.45710,95.29,0.713,8.90,88.0,31.0,0.0
1787969523.4,0.00,696.2,0,0.260,0.000,0.0000,0,False,False,P,False,56.0,13.82,109560,11.45710,95.29,0.726,8.90,88.0,31.0,0.0
1787969523.6,0.00,697.0,0,0.260,0.000,0.0000,0,False,False,P,False,56.0,13.82,109560,11.45710,95.29,0.705,8.90,88.0,31.0,0.0
1787969523.8,0.00,695.2,0,0.260,0.000,0.0000,0,False,False,P,False,56.0,13.82,109560,11.45710,95.29,0.705,8.90,88.0,31.0,0.0
1787969524.0,0.00,696.0,0,0.260,0.000,0.0000,0,False,False,P,False,56.0,13.82,109560,11.45710,95.29,0.726,8.90,88.0,31.0,0.0
1787969524.2,0.00,695.8,0,0.260,0.000,0.0000,0,False,False,P,False,56.0,13.82,109560,11.45710,95.29,0.726,8.90,88.0,31.0,0.0
1787969524.4,0.00,699.2,0,0.260,0.000,0.0000,0,False,False,P,False,56.0,13.82,109560,11.45710,95.29,0.726,8.90,88.0,31.0,0.0
1787969524.6,0.00,701.2,0,0.260,0.000,0.0000,0,False,False,P,False,56.0,13.82,109560,11.45710,95.29,0.726,8.90,88.0,31.0,0.0
1787969524.8,0.00,701.0,0,0.260,0.000,0.0000,0,False,False,P,False,56.0,13.82,109560,11.45710,95.29,0.713,8.90,88.0,31.0,0.0
1787969525.0,0.00,701.2,0,0.260,0.000,0.0000,0,False,False,P,False,56.0,13.82,109560,11.45710,95.29,0.734,8.90,88.0,31.0,0.0
1787969525.2,0.00,700.8,0,0.260,0.000,0.0000,0,False,False,P,False,56.0,13.82,109560,11.45710,95.29,0.705,8.90,88.0,31.0,0.0
1787969525.4,0.00,702.0,0,0.260,0.000,0.0000,0,False,False,P,False,56.0,13.82,109560,11.45710,95.29,0.726,8.90,88.0,31.0,0.0
1787969525.6,0.00,703.2,0,0.260,0.000,0.0000,0,False,False,P,False,56.0,13.82,109560,11.45710,95.29,0.705,8.90,88.0,31.0,0.0
1787969525.8,0.00,701.8,0,0.260,0.000,0.0000,0,False,False,P,False,56.0,13.82,109560,11.45710,95.29,0.726,8.90,88.0,31.0,0.0
1787969526.0,0.00,704.0,0,0.260,0.000,0.0000,0,False,False,P,False,56.0,13.82,109560,11.45710,95.29,0.713,8.90,88.0,31.0,0.0
1787969526.2,0.00,702.8,0,0.260,0.000,0.0000,0,False,False,P,False,56.0,13.82,109560,11.45710,95.29,0.713,8.90,88.0,31.0,0.0
1787969526.4,0.00,702.2,0,0.260,0.000,0.0000,0,False,False,P,False,56.0,13.82,109560,11.45710,95.29,0.726,8.90,88.0,31.0,0.0
1787969526.6,0.00,700.2,0,0.260,0.000,0.0000,0,False,False,P,False,56.0,13.82,109560,11.45710,95.29,0.726,8.90,88.0,31.0,0.0
1787969526.8,0.00,700.5,0,0.260,0.000,0.0000,0,False,False,P,False,56.0,13.82,109560,11.45710,95.29,0.726,8.90,88.0,31.0,0.0
1787969527.0,0.00,698.5,0,0.260,0.000,0.0000,0,False,False,P,False,56.0,13.82,109560,11.45710,95.29,0.705,8.90,88.0,31.0,0.0
1787969527.2,0.00,695.5,0,0.260,0.000,0.0000,0,False,False,P,False,56.0,13.82,109560,11.45710,95.29,0.726,8.90,88.0,31.0,0.0
1787969527.4,0.00,696.2,0,0.260,0.000,0.0000,0,False,False,P,False,56.0,13.82,109560,11.45710,95.29,0.705,8.90,88.0,31.0,0.0
1787969527.7,0.00,696.8,0,0.260,0.000,0.0000,0,False,False,P,False,56.0,13.82,109560,11.45710,95.29,0.713,8.90,88.0,31.0,0.0
1787969527.9,0.00,732.8,0,0.260,0.000,0.0000,0,False,False,P,False,56.0,13.82,109560,11.45710,95.29,2.364,8.90,88.0,39.0,0.0
1787969528.1,0.00,800.0,0,0.260,0.000,0.0000,0,False,False,P,False,56.0,13.82,109560,11.45710,95.29,1.065,8.90,88.0,40.0,0.0
1787969528.3,0.00,749.0,0,0.260,0.000,0.0000,0,False,False,P,False,56.0,13.82,109560,11.45710,95.29,1.401,8.89,88.0,41.0,0.0
1787969528.5,0.00,751.0,0,0.260,0.000,0.0000,0,False,False,P,False,56.0,13.67,109560,11.45710,95.29,1.121,8.89,88.0,41.0,0.0
1787969528.7,0.00,741.0,0,0.260,0.000,0.0000,0,False,False,P,False,56.0,13.67,109560,11.45710,95.29,1.299,8.89,88.0,41.0,0.0
1787969528.9,0.00,744.5,0,0.260,0.000,0.0000,0,False,False,P,False,56.0,13.67,109560,11.45710,95.29,1.146,8.89,88.0,43.0,0.0
1787969529.1,0.00,742.8,0,0.260,0.000,0.0000,0,False,False,P,False,56.0,13.67,109560,11.45710,95.29,1.133,8.89,88.0,43.0,0.0
1787969529.3,0.00,736.8,0,0.260,0.000,0.0000,0,False,False,P,False,56.0,13.67,109560,11.45710,95.29,1.201,8.89,88.0,43.0,0.0
1787969529.5,0.00,733.2,0,0.260,0.000,0.0000,0,False,False,P,False,56.0,13.67,109560,11.45710,95.29,1.146,8.89,88.0,43.0,0.0
1787969529.7,0.00,729.2,0,0.260,0.000,0.0000,0,False,False,P,False,56.0,13.67,109560,11.45710,95.29,1.133,8.89,88.0,43.0,0.0
1787969529.9,0.00,724.8,0,0.260,0.000,0.0000,0,False,False,P,False,56.0,13.67,109560,11.45710,95.29,1.133,8.89,88.0,43.0,0.0
1787969530.1,0.00,723.2,0,0.260,0.000,0.0000,0,False,False,P,False,56.0,13.67,109560,11.45710,95.29,1.146,8.89,88.0,44.0,0.0
1787969530.3,0.00,722.5,0,0.260,0.000,0.0000,0,False,False,P,False,56.0,13.67,109560,11.45710,95.29,1.146,8.89,88.0,44.0,0.0
1787969530.5,0.00,720.8,0,0.260,0.000,0.0000,0,False,False,P,False,56.0,13.67,109560,11.45710,95.29,1.172,8.89,88.0,44.0,0.0
1787969530.7,0.00,721.0,0,0.260,0.000,0.0000,0,False,False,P,False,56.0,13.67,109560,11.45710,95.29,1.159,8.89,88.0,45.0,0.0
1787969530.9,0.00,723.2,0,0.260,0.000,0.0000,0,False,False,P,False,56.0,13.67,109560,11.45710,95.29,1.201,8.89,88.0,45.0,0.0
1787969531.1,0.00,724.8,0,0.260,0.000,0.0000,0,False,False,P,False,56.0,13.67,109560,11.45710,95.29,1.172,8.89,88.0,45.0,0.0
1787969531.3,0.00,729.2,0,0.260,0.000,0.0000,0,False,False,P,False,56.0,13.67,109560,11.45710,95.29,1.146,8.89,88.0,45.0,0.0
1787969531.5,0.00,740.2,0,0.260,0.000,0.0000,0,False,False,P,False,56.0,13.91,109560,11.45710,95.29,1.159,8.89,88.0,45.0,0.0
1787969531.7,0.00,741.2,0,0.260,0.000,0.0000,0,False,False,P,False,56.0,13.91,109560,11.45710,95.29,1.159,8.89,88.0,44.0,0.0
1787969531.9,0.00,739.5,0,0.260,0.000,0.0000,0,False,False,P,False,56.0,13.91,109560,11.45710,95.29,1.078,8.89,88.0,44.0,0.0
1787969532.1,0.00,731.0,0,0.260,0.000,0.0000,0,False,False,P,False,56.0,13.91,109560,11.45710,95.29,1.091,8.89,88.0,43.0,0.0
1787969532.3,0.00,723.8,0,0.260,0.000,0.0000,0,False,False,P,False,56.0,13.91,109560,11.45710,95.29,1.104,8.89,88.0,43.0,0.0
1787969532.5,0.00,718.0,0,0.260,0.000,0.0000,0,False,False,P,False,56.0,13.91,109560,11.45710,95.29,1.091,8.89,88.0,43.0,0.0
1787969532.7,0.00,715.2,0,0.260,0.000,0.0000,0,False,False,P,False,56.0,13.91,109560,11.45710,95.29,1.121,8.89,88.0,43.0,0.0
1787969532.9,0.00,710.8,0,0.260,0.000,0.0000,0,False,False,P,False,56.0,13.91,109560,11.45710,95.29,1.091,8.88,88.0,43.0,0.0
1787969533.1,0.00,707.2,0,0.260,0.000,0.0000,0,False,False,P,False,56.0,13.91,109560,11.45710,95.29,1.104,8.88,88.0,44.0,0.0
1787969533.3,0.00,705.2,0,0.260,0.000,0.0000,0,False,False,P,False,56.0,13.91,109560,11.45710,95.29,1.104,8.88,88.0,44.0,0.0
1787969533.5,0.00,708.2,0,0.260,0.000,0.0000,0,False,False,P,False,56.0,13.91,109560,11.45710,95.29,1.104,8.88,88.0,44.0,0.0
1787969533.8,0.00,712.0,0,0.260,0.000,0.0000,0,False,False,P,False,56.0,13.91,109560,11.45710,95.29,1.091,8.88,88.0,44.0,0.0
1787969534.0,0.00,715.0,0,0.260,0.000,0.0000,0,False,False,P,False,56.0,13.91,109560,11.45710,95.29,1.091,8.88,88.0,44.0,0.0
1787969534.2,0.00,717.0,0,0.260,0.000,0.0000,0,False,False,P,False,56.0,13.91,109560,11.45710,95.29,1.091,8.88,88.0,44.0,0.0
1787969534.4,0.00,717.0,0,0.260,0.000,0.0000,0,False,False,P,False,56.0,13.91,109560,11.45710,95.29,1.133,8.88,88.0,44.0,0.0
1787969534.6,0.00,715.5,0,0.260,0.000,0.0000,0,False,False,P,False,56.0,13.81,109560,11.45710,95.29,1.053,8.88,88.0,43.0,0.0
1787969534.8,0.00,715.5,0,0.260,0.000,0.0000,0,False,False,P,False,56.0,13.81,109560,11.45710,95.29,1.078,8.88,88.0,43.0,0.0
1787969535.0,0.00,714.2,0,0.260,0.000,0.0000,0,False,False,P,False,56.0,13.81,109560,11.45710,95.29,1.091,8.88,88.0,43.0,0.0
1787969535.2,0.00,712.0,0,0.260,0.000,0.0000,0,False,False,P,False,56.0,13.81,109560,11.45710,95.29,1.104,8.88,88.0,43.0,0.0
1787969535.4,0.00,707.0,0,0.260,0.000,0.0000,0,False,False,P,False,56.0,13.81,109560,11.45710,95.29,1.078,8.88,88.0,43.0,0.0
1787969535.6,0.00,707.2,0,0.260,0.000,0.0000,0,False,False,P,False,56.0,13.81,109560,11.45710,95.29,1.078,8.88,88.0,43.0,0.0
1787969535.8,0.00,705.8,0,0.260,0.000,0.0000,0,False,False,P,False,56.0,13.81,109560,11.45710,95.29,1.078,8.88,88.0,43.0,0.0
1787969536.0,0.00,705.0,0,0.260,0.000,0.0000,0,False,False,P,False,56.0,13.81,109560,11.45710,95.29,1.121,8.88,88.0,44.0,0.0
1787969536.2,0.00,703.2,0,0.260,0.000,0.0000,0,False,False,P,False,56.0,13.81,109560,11.45710,95.29,1.091,8.88,88.0,44.0,0.0
1787969536.4,0.00,703.0,0,0.260,0.000,0.0000,0,False,False,P,False,56.0,13.81,109560,11.45710,95.29,1.078,8.88,88.0,44.0,0.0
1787969536.6,0.00,703.5,0,0.260,0.000,0.0000,0,False,False,P,False,56.0,13.81,109560,11.45710,95.29,1.091,8.88,88.0,44.0,0.0
1787969536.8,0.00,702.8,0,0.260,0.000,0.0000,0,False,False,P,False,56.0,13.81,109560,11.45710,95.29,1.104,8.88,88.0,44.0,0.0
1787969537.0,0.00,703.5,0,0.260,0.000,0.0000,0,False,False,P,False,56.0,13.81,109560,11.45710,95.29,1.091,8.88,88.0,44.0,0.0
1787969537.2,0.00,704.0,0,0.260,0.000,0.0000,0,False,False,P,False,56.0,13.81,109560,11.45710,95.29,1.078,8.88,88.0,43.0,0.0
1787969537.4,0.00,704.8,0,0.260,0.000,0.0000,0,False,False,P,False,56.0,13.81,109560,11.45710,95.29,1.065,8.88,88.0,43.0,0.0
1787969537.6,0.00,705.8,0,0.260,0.000,0.0000,0,False,False,P,False,56.0,13.81,109560,11.45710,95.29,1.053,8.87,88.0,43.0,0.0
1787969537.8,0.00,705.2,0,0.260,0.000,0.0000,0,False,False,P,False,56.0,13.81,109560,11.45710,95.29,1.078,8.87,88.0,43.0,0.0
1787969538.0,0.00,706.5,0,0.260,0.000,0.0000,0,False,False,P,False,56.0,13.81,109560,11.45710,95.29,1.078,8.87,88.0,43.0,0.0
1787969538.2,0.00,706.0,0,0.260,0.000,0.0000,0,False,False,P,False,56.0,13.81,109560,11.45710,95.29,1.091,8.87,88.0,43.0,0.0
1787969538.4,0.00,701.0,0,0.260,0.000,0.0000,0,False,False,P,False,56.0,13.81,109560,11.45710,95.29,1.065,8.87,88.0,43.0,0.0
1787969538.6,0.00,699.0,0,0.260,0.000,0.0000,0,False,False,P,False,56.0,13.81,109560,11.45710,95.29,1.078,8.87,88.0,43.0,0.0
1787969538.8,0.00,699.8,0,0.260,0.000,0.0000,0,False,False,P,False,56.0,13.81,109560,11.45710,95.29,1.065,8.87,88.0,43.0,0.0
1787969539.0,0.00,700.8,0,0.260,0.000,0.0000,0,False,False,P,False,56.0,13.81,109560,11.45710,95.29,1.053,8.87,88.0,43.0,0.0
1787969539.2,0.00,701.8,0,0.260,0.000,0.0000,0,False,False,P,False,56.0,13.81,109560,11.45710,95.29,1.091,8.87,88.0,44.0,0.0
1787969539.4,0.00,703.5,0,0.260,0.000,0.0000,0,False,False,P,False,56.0,13.81,109560,11.45710,95.29,1.078,8.87,88.0,43.0,0.0
1787969539.6,0.00,704.0,0,0.260,0.000,0.0000,0,False,False,P,False,56.0,13.81,109560,11.45710,95.29,1.091,8.87,88.0,43.0,0.0
1787969539.8,0.00,704.8,0,0.260,0.000,0.0000,0,False,False,P,False,56.0,13.81,109560,11.45710,95.29,1.053,8.87,88.0,43.0,0.0
1787969540.0,0.00,707.0,0,0.260,0.000,0.0000,0,False,False,P,False,56.0,13.81,109560,11.45710,95.29,1.065,8.87,88.0,43.0,0.0
1787969540.2,0.00,707.5,0,0.260,0.000,0.0000,0,False,False,P,False,56.0,13.81,109560,11.45710,95.29,1.078,8.87,88.0,43.0,0.0
1787969540.5,0.00,708.5,0,0.260,0.000,0.0000,0,False,False,P,False,56.0,13.81,109560,11.45710,95.29,1.053,8.87,88.0,43.0,0.0
1787969540.7,0.00,706.5,0,0.260,0.000,0.0000,0,False,False,P,False,56.0,13.81,109560,11.45710,95.29,1.065,8.87,88.0,43.0,0.0
1787969540.9,0.00,703.2,0,0.260,0.000,0.0000,0,False,False,P,False,56.0,13.80,109560,11.45710,95.29,1.091,8.87,88.0,43.0,0.0
1787969541.1,0.00,702.5,0,0.260,0.000,0.0000,0,False,False,P,False,56.0,13.80,109560,11.45710,95.29,1.078,8.87,88.0,43.0,0.0
1787969541.3,0.00,701.2,0,0.260,0.000,0.0000,0,False,False,P,False,56.0,13.80,109560,11.45710,95.29,1.078,8.87,88.0,43.0,0.0
1787969541.5,0.00,689.5,0,0.260,0.000,0.0000,0,False,False,P,False,56.0,13.80,109560,11.45710,95.29,0.764,8.87,88.0,41.0,0.0
1787969541.7,0.00,715.8,0,0.260,0.000,0.0000,0,False,False,P,False,56.0,13.80,109560,11.45710,95.29,0.756,8.87,88.0,39.0,0.0
1787969541.9,0.00,747.8,0,0.260,0.000,0.0000,0,False,False,P,False,56.0,13.80,109560,11.45710,95.29,0.756,8.87,88.0,38.0,0.0
1787969542.1,0.00,738.2,0,0.260,0.000,0.0000,0,False,False,P,False,56.0,13.80,109560,11.45710,95.29,0.713,8.87,88.0,35.0,0.0
1787969542.3,0.00,735.2,0,0.260,0.000,0.0000,0,False,False,P,False,56.0,13.80,109560,11.45710,95.29,0.743,8.87,88.0,34.0,0.0
1787969542.5,0.00,724.5,0,0.260,0.000,0.0000,0,False,False,P,False,56.0,13.80,109560,11.45710,95.29,0.696,8.87,88.0,32.0,0.0
1787969542.7,0.00,715.8,0,0.260,0.000,0.0000,0,False,False,P,False,56.0,13.80,109560,11.45710,95.29,0.734,8.87,88.0,32.0,0.0
1787969542.9,0.00,710.5,0,0.260,0.000,0.0000,0,False,False,P,False,56.0,13.80,109560,11.45710,95.29,0.713,8.87,88.0,31.0,0.0
1787969543.1,0.00,701.8,0,0.260,0.000,0.0000,0,False,False,P,False,56.0,13.80,109560,11.45710,95.29,0.726,8.86,88.0,31.0,0.0
1787969543.3,0.00,689.2,0,0.260,0.000,0.0000,0,False,False,P,False,56.0,13.80,109560,11.45710,95.29,0.726,8.86,88.0,31.0,0.0
1787969543.5,0.00,696.8,0,0.260,0.000,0.0000,0,False,False,P,False,56.0,13.80,109560,11.45710,95.29,0.726,8.86,88.0,31.0,0.0
1787969543.7,0.00,698.2,0,0.260,0.000,0.0000,0,False,False,P,False,56.0,13.80,109560,11.45710,95.29,0.696,8.86,88.0,31.0,0.0
1787969543.9,0.00,701.5,0,0.260,0.000,0.0000,0,False,False,P,False,56.0,13.85,109560,11.45710,95.29,0.743,8.86,88.0,31.0,0.0
1787969544.1,0.00,698.0,0,0.260,0.000,0.0000,0,False,False,P,False,56.0,13.85,109560,11.45710,95.29,0.726,8.86,88.0,31.0,0.0
1787969544.3,0.00,697.2,0,0.260,0.000,0.0000,0,False,False,P,False,56.0,13.85,109560,11.45710,95.29,0.713,8.86,88.0,31.0,0.0
1787969544.5,0.00,702.2,0,0.260,0.000,0.0000,0,False,False,P,False,56.0,13.85,109560,11.45710,95.29,0.726,8.86,88.0,31.0,0.0
1787969544.7,0.00,698.8,0,0.260,0.000,0.0000,0,False,False,P,False,56.0,13.85,109560,11.45710,95.29,0.743,8.86,88.0,31.0,0.0
1787969544.9,0.00,701.8,0,0.260,0.000,0.0000,0,False,False,P,False,56.0,13.85,109560,11.45710,95.29,0.726,8.86,88.0,31.0,0.0
1787969545.1,0.00,703.0,0,0.260,0.000,0.0000,0,False,False,P,False,56.0,13.85,109560,11.45710,95.29,0.726,8.86,88.0,31.0,0.0
1787969545.3,0.00,701.2,0,0.260,0.000,0.0000,0,False,False,P,False,56.0,13.85,109560,11.45710,95.29,0.705,8.86,88.0,31.0,0.0
1787969545.5,0.00,704.2,0,0.260,0.000,0.0000,0,False,False,P,False,56.0,13.85,109560,11.45710,95.29,0.726,8.86,88.0,31.0,0.0
1787969545.7,0.00,704.8,0,0.260,0.000,0.0000,0,False,False,P,False,56.0,13.85,109560,11.45710,95.29,0.713,8.86,88.0,31.0,0.0
1787969545.9,0.00,706.5,0,0.260,0.000,0.0000,0,False,False,P,False,56.0,13.85,109560,11.45710,95.29,0.734,8.86,88.0,31.0,0.0
1787969546.1,0.00,702.8,0,0.260,0.000,0.0000,0,False,False,P,False,56.0,13.85,109560,11.45710,95.29,0.713,8.86,88.0,31.0,0.0
1787969546.3,0.00,702.2,0,0.260,0.000,0.0000,0,False,False,P,False,56.0,13.85,109560,11.45710,95.29,0.734,8.86,88.0,31.0,0.0
1787969546.6,0.00,698.8,0,0.260,0.000,0.0000,0,False,False,P,False,56.0,13.85,109560,11.45710,95.29,0.734,8.86,88.0,31.0,0.0
1787969546.8,0.00,698.8,0,0.260,0.000,0.0000,0,False,False,P,False,56.0,13.85,109560,11.45710,95.29,0.726,8.86,88.0,31.0,0.0
1787969547.0,0.00,700.5,0,0.260,0.000,0.0000,0,False,False,P,False,56.0,13.83,109560,11.45710,95.29,0.713,8.86,88.0,31.0,0.0
1787969547.2,0.00,700.5,0,0.260,0.000,0.0000,0,False,False,P,False,56.0,13.83,109560,11.45710,95.29,0.713,8.86,88.0,31.0,0.0
1787969547.4,0.00,699.0,0,0.260,0.000,0.0000,0,False,False,P,False,56.0,13.83,109560,11.45710,95.29,0.713,8.86,88.0,31.0,0.0
1787969547.6,0.00,698.2,0,0.260,0.000,0.0000,0,False,False,P,False,56.0,13.83,109560,11.45710,95.29,0.696,8.86,88.0,31.0,0.0
1787969547.8,0.00,694.5,0,0.260,0.000,0.0000,0,False,False,P,False,56.0,13.83,109560,11.45710,95.29,0.726,8.86,88.0,31.0,0.0
1787969548.0,0.00,698.2,0,0.260,0.000,0.0000,0,False,False,P,False,56.0,13.83,109560,11.45710,95.29,0.726,8.86,88.0,31.0,0.0
1787969548.2,0.00,699.5,0,0.260,0.000,0.0000,0,False,False,P,False,56.0,13.83,109560,11.45710,95.29,0.726,8.86,88.0,31.0,0.0
1787969548.4,0.00,699.8,0,0.260,0.000,0.0000,0,False,False,P,False,56.0,13.83,109560,11.45710,95.29,0.713,8.86,88.0,31.0,0.0
1787969548.6,0.00,699.0,0,0.260,0.000,0.0000,0,False,False,P,False,56.0,13.83,109560,11.45710,95.29,0.713,8.86,88.0,31.0,0.0
1787969548.8,0.00,700.0,0,0.260,0.000,0.0000,0,False,False,P,False,56.0,13.83,109560,11.45710,95.29,0.713,8.86,88.0,31.0,0.0
1787969549.0,0.00,699.0,0,0.260,0.000,0.0000,0,False,False,P,False,56.0,13.83,109560,11.45710,95.29,0.726,8.86,88.0,31.0,0.0
1787969549.2,0.00,702.2,0,0.260,0.000,0.0000,0,False,False,P,False,56.0,13.83,109560,11.45710,95.29,0.726,8.86,88.0,31.0,0.0
1787969549.4,0.00,700.0,0,0.260,0.000,0.0000,0,False,False,P,False,56.0,13.83,109560,11.45710,95.29,0.705,8.86,88.0,31.0,0.0
1787969549.6,0.00,703.0,0,0.260,0.000,0.0000,0,False,False,P,False,56.0,13.83,109560,11.45710,95.29,0.726,8.86,88.0,31.0,0.0
1787969549.8,0.00,700.5,0,0.260,0.000,0.0000,0,False,False,P,False,56.0,13.83,109560,11.45710,95.29,0.726,8.86,88.0,31.0,0.0
1787969550.0,0.00,701.8,0,0.260,0.000,0.0000,0,False,False,P,False,56.0,13.81,109560,11.45710,95.29,0.734,8.86,88.0,31.0,0.0
1787969550.2,0.00,703.5,0,0.260,0.000,0.0000,0,False,False,P,False,56.0,13.81,109560,11.45710,95.29,0.713,8.86,88.0,31.0,0.0
1787969550.4,0.00,705.5,0,0.260,0.000,0.0000,0,False,False,P,False,56.0,13.81,109560,11.45710,95.29,0.726,8.85,88.0,31.0,0.0
1787969550.6,0.00,703.8,0,0.260,0.000,0.0000,0,False,False,P,False,56.0,13.81,109560,11.45710,95.29,0.726,8.85,88.0,31.0,0.0
1787969550.8,0.00,703.0,0,0.260,0.000,0.0000,0,False,False,P,False,56.0,13.81,109560,11.45710,95.29,0.734,8.85,88.0,31.0,0.0
1787969551.0,0.00,696.8,0,0.260,0.000,0.0000,0,False,False,P,False,56.0,13.81,109560,11.45710,95.29,0.734,8.85,88.0,31.0,0.0
1787969551.2,0.00,697.5,0,0.260,0.000,0.0000,0,False,False,P,False,56.0,13.81,109560,11.45710,95.29,0.705,8.85,88.0,31.0,0.0
1787969551.4,0.00,699.2,0,0.260,0.000,0.0000,0,False,False,P,False,56.0,13.81,109560,11.45710,95.29,0.713,8.85,88.0,31.0,0.0
1787969551.6,0.00,699.8,0,0.260,0.000,0.0000,0,False,False,P,False,56.0,13.81,109560,11.45710,95.29,0.726,8.85,88.0,31.0,0.0
1787969551.8,0.00,698.2,0,0.260,0.000,0.0000,0,False,False,P,False,56.0,13.81,109560,11.45710,95.29,0.726,8.85,88.0,31.0,0.0
1787969552.0,0.00,698.0,0,0.260,0.000,0.0000,0,False,False,P,False,56.0,13.81,109560,11.45710,95.29,0.713,8.85,88.0,31.0,0.0
1787969552.2,0.00,699.0,0,0.260,0.000,0.0000,0,False,False,P,False,56.0,13.82,109560,11.45710,95.29,0.726,8.85,88.0,31.0,0.0
1787969552.4,0.00,701.0,0,0.260,0.000,0.0000,0,False,False,P,False,56.0,13.82,109560,11.45710,95.29,0.713,8.85,88.0,31.0,0.0
1787969552.6,0.00,706.0,0,0.260,0.000,0.0000,0,False,False,P,False,56.0,13.82,109560,11.45710,95.29,0.726,8.85,88.0,31.0,0.0
1787969552.9,0.00,702.0,0,0.260,0.000,0.0000,0,False,False,P,False,56.0,13.82,109560,11.45710,95.29,0.726,8.85,88.0,31.0,0.0
1787969553.1,0.00,703.2,0,0.260,0.000,0.0000,0,False,False,P,False,56.0,13.82,109560,11.45710,95.29,0.713,8.85,88.0,31.0,0.0
1787969553.3,0.00,705.8,0,0.260,0.000,0.0000,0,False,False,P,False,56.0,13.83,109560,11.45710,95.29,0.713,8.85,88.0,31.0,0.0
1787969553.5,0.00,744.5,0,0.260,0.000,0.0000,0,False,False,P,False,56.0,13.83,109560,11.45710,95.29,2.364,8.85,88.0,40.0,0.0
1787969553.7,0.00,811.8,0,0.260,0.000,0.0000,0,False,False,P,False,56.0,13.83,109560,11.45710,95.29,0.951,8.85,88.0,40.0,0.0
1787969553.9,0.00,752.0,0,0.260,0.000,0.0000,0,False,False,P,False,56.0,13.83,109560,11.45710,95.29,1.227,8.85,88.0,40.0,0.0
1787969554.1,0.00,746.0,0,0.260,0.000,0.0000,0,False,False,P,False,56.0,13.83,109560,11.45710,95.29,1.146,8.85,88.0,40.0,0.0
1787969554.3,0.00,742.2,0,0.260,0.000,0.0000,0,False,False,P,False,56.0,13.83,109560,11.45710,95.29,1.244,8.85,88.0,42.0,0.0
1787969554.5,0.00,739.5,0,0.260,0.000,0.0000,0,False,False,P,False,56.0,13.83,109560,11.45710,95.29,1.121,8.85,88.0,42.0,0.0
1787969554.7,0.00,740.5,0,0.260,0.000,0.0000,0,False,False,P,False,56.0,13.83,109560,11.45710,95.29,1.104,8.85,88.0,43.0,0.0
1787969554.9,0.00,739.5,0,0.260,0.000,0.0000,0,False,False,P,False,56.0,13.83,109560,11.45710,95.29,1.121,8.85,88.0,43.0,0.0
1787969555.1,0.00,732.5,0,0.260,0.000,0.0000,0,False,False,P,False,56.0,13.83,109560,11.45710,95.29,1.104,8.85,88.0,43.0,0.0
1787969555.3,0.00,725.8,0,0.260,0.000,0.0000,0,False,False,P,False,56.0,13.34,109560,11.45710,95.29,1.121,8.85,88.0,43.0,0.0
1787969555.5,0.00,718.2,0,0.260,0.000,0.0000,0,False,False,P,False,56.0,13.34,109560,11.45710,95.29,1.172,8.85,88.0,43.0,0.0
1787969555.7,0.00,715.5,0,0.260,0.000,0.0000,0,False,False,P,False,56.0,13.34,109560,11.45710,95.29,1.159,8.84,88.0,44.0,0.0
1787969555.9,0.00,715.8,0,0.260,0.000,0.0000,0,False,False,P,False,56.0,13.34,109560,11.45710,95.29,1.172,8.84,88.0,44.0,0.0
1787969556.1,0.00,718.2,0,0.260,0.000,0.0000,0,False,False,P,False,56.0,13.34,109560,11.45710,95.29,1.133,8.84,88.0,45.0,0.0
1787969556.3,0.00,720.0,0,0.260,0.000,0.0000,0,False,False,P,False,56.0,13.52,109560,11.45710,95.29,1.159,8.84,88.0,45.0,0.0
1787969556.5,0.00,722.8,0,0.260,0.000,0.0000,0,False,False,P,False,56.0,13.52,109560,11.45710,95.29,1.189,8.84,88.0,45.0,0.0
1787969556.7,0.00,726.2,0,0.260,0.000,0.0000,0,False,False,P,False,56.0,13.52,109560,11.45710,95.29,1.133,8.84,88.0,45.0,0.0
1787969556.9,0.00,735.8,0,0.260,0.000,0.0000,0,False,False,P,False,56.0,13.52,109560,11.45710,95.29,1.146,8.84,88.0,45.0,0.0
1787969557.1,0.00,740.2,0,0.260,0.000,0.0000,0,False,False,P,False,56.0,13.52,109560,11.45710,95.29,1.104,8.84,88.0,45.0,0.0
1787969557.3,0.00,737.0,0,0.260,0.000,0.0000,0,False,False,P,False,56.0,13.52,109560,11.45710,95.29,1.104,8.84,88.0,44.0,0.0
1787969557.5,0.00,735.8,0,0.260,0.000,0.0000,0,False,False,P,False,56.0,13.52,109560,11.45710,95.29,1.104,8.84,88.0,43.0,0.0
1787969557.7,0.00,730.2,0,0.260,0.000,0.0000,0,False,False,P,False,56.0,13.52,109560,11.45710,95.29,1.104,8.84,88.0,43.0,0.0
1787969557.9,0.00,722.2,0,0.260,0.000,0.0000,0,False,False,P,False,56.0,13.52,109560,11.45710,95.29,1.065,8.84,88.0,43.0,0.0
1787969558.1,0.00,714.8,0,0.260,0.000,0.0000,0,False,False,P,False,56.0,13.52,109560,11.45710,95.29,1.091,8.84,88.0,43.0,0.0
1787969558.3,0.00,708.2,0,0.260,0.000,0.0000,0,False,False,P,False,56.0,13.52,109560,11.45710,95.29,1.104,8.84,88.0,43.0,0.0
1787969558.5,0.00,706.0,0,0.260,0.000,0.0000,0,False,False,P,False,56.0,13.52,109560,11.45710,95.29,1.104,8.84,88.0,43.0,0.0
1787969558.7,0.00,705.0,0,0.260,0.000,0.0000,0,False,False,P,False,56.0,13.52,109560,11.45710,95.29,1.091,8.84,88.0,43.0,0.0
1787969559.0,0.00,709.8,0,0.260,0.000,0.0000,0,False,False,P,False,56.0,13.52,109560,11.45710,95.29,1.133,8.84,88.0,43.0,0.0
1787969559.2,0.00,712.0,0,0.260,0.000,0.0000,0,False,False,P,False,56.0,13.52,109560,11.45710,95.29,1.065,8.84,88.0,43.0,0.0
1787969559.4,0.00,717.2,0,0.260,0.000,0.0000,0,False,False,P,False,56.0,13.82,109560,11.45710,95.29,1.104,8.84,88.0,43.0,0.0
1787969559.6,0.00,718.0,0,0.260,0.000,0.0000,0,False,False,P,False,56.0,13.82,109560,11.45710,95.29,1.078,8.84,88.0,43.0,0.0
1787969559.8,0.00,718.5,0,0.260,0.000,0.0000,0,False,False,P,False,56.0,13.82,109560,11.45710,95.29,1.104,8.84,88.0,43.0,0.0
1787969560.0,0.00,717.5,0,0.260,0.000,0.0000,0,False,False,P,False,56.0,13.82,109560,11.45710,95.29,1.078,8.84,88.0,43.0,0.0
1787969560.2,0.00,714.8,0,0.260,0.000,0.0000,0,False,False,P,False,56.0,13.82,109560,11.45710,95.29,1.091,8.84,88.0,43.0,0.0
1787969560.4,0.00,709.8,0,0.260,0.000,0.0000,0,False,False,P,False,56.0,13.82,109560,11.45710,95.29,1.091,8.84,88.0,43.0,0.0
1787969560.6,0.00,706.2,0,0.260,0.000,0.0000,0,False,False,P,False,56.0,13.82,109560,11.45710,95.29,1.104,8.83,88.0,43.0,0.0
1787969560.8,0.00,702.2,0,0.260,0.000,0.0000,0,False,False,P,False,56.0,13.82,109560,11.45710,95.29,1.104,8.83,88.0,43.0,0.0
1787969561.0,0.00,701.5,0,0.260,0.000,0.0000,0,False,False,P,False,56.0,13.82,109560,11.45710,95.29,1.091,8.83,88.0,43.0,0.0
1787969561.2,0.00,700.0,0,0.260,0.000,0.0000,0,False,False,P,False,56.0,13.82,109560,11.45710,95.29,1.078,8.83,88.0,43.0,0.0
1787969561.4,0.00,701.5,0,0.260,0.000,0.0000,0,False,False,P,False,56.0,13.82,109560,11.45710,95.29,1.065,8.83,88.0,43.0,0.0
1787969561.6,0.00,703.5,0,0.260,0.000,0.0000,0,False,False,P,False,56.0,13.82,109560,11.45710,95.29,1.078,8.83,88.0,44.0,0.0
1787969561.8,0.00,705.8,0,0.260,0.000,0.0000,0,False,False,P,False,56.0,13.82,109560,11.45710,95.29,1.065,8.83,88.0,43.0,0.0
1787969562.0,0.00,705.8,0,0.260,0.000,0.0000,0,False,False,P,False,56.0,13.82,109560,11.45710,95.29,1.040,8.83,88.0,43.0,0.0
1787969562.2,0.00,707.2,0,0.260,0.000,0.0000,0,False,False,P,False,56.0,13.82,109560,11.45710,95.29,1.078,8.83,88.0,43.0,0.0
1787969562.4,0.00,706.5,0,0.260,0.000,0.0000,0,False,False,P,False,56.0,13.81,109560,11.45710,95.29,1.091,8.83,88.0,43.0,0.0
1787969562.6,0.00,705.5,0,0.260,0.000,0.0000,0,False,False,P,False,56.0,13.81,109560,11.45710,95.29,1.040,8.83,88.0,43.0,0.0
1787969562.8,0.00,704.0,0,0.260,0.000,0.0000,0,False,False,P,False,56.0,13.81,109560,11.45710,95.29,1.091,8.83,88.0,43.0,0.0
1787969563.0,0.00,702.5,0,0.260,0.000,0.0000,0,False,False,P,False,56.0,13.81,109560,11.45710,95.29,1.065,8.83,88.0,43.0,0.0
1787969563.2,0.00,702.5,0,0.260,0.000,0.0000,0,False,False,P,False,56.0,13.81,109560,11.45710,95.29,1.065,8.83,88.0,43.0,0.0
1787969563.4,0.00,700.5,0,0.260,0.000,0.0000,0,False,False,P,False,56.0,13.81,109560,11.45710,95.29,1.040,8.83,88.0,43.0,0.0
1787969563.6,0.00,696.2,0,0.260,0.000,0.0000,0,False,False,P,False,56.0,13.81,109560,11.45710,95.29,1.078,8.83,88.0,43.0,0.0
1787969563.8,0.00,697.0,0,0.260,0.000,0.0000,0,False,False,P,False,56.0,13.81,109560,11.45710,95.29,1.065,8.83,88.0,43.0,0.0
1787969564.0,0.00,698.2,0,0.260,0.000,0.0000,0,False,False,P,False,56.0,13.81,109560,11.45710,95.29,1.065,8.83,88.0,43.0,0.0
1787969564.2,0.00,698.0,0,0.260,0.000,0.0000,0,False,False,P,False,56.0,13.81,109560,11.45710,95.29,1.078,8.83,88.0,43.0,0.0
1787969564.4,0.00,699.5,0,0.260,0.000,0.0000,0,False,False,P,False,56.0,13.81,109560,11.45710,95.29,1.065,8.83,88.0,43.0,0.0
1787969564.6,0.00,699.8,0,0.260,0.000,0.0000,0,False,False,P,False,56.0,13.81,109560,11.45710,95.29,1.104,8.83,88.0,43.0,0.0
1787969564.8,0.00,703.2,0,0.260,0.000,0.0000,0,False,False,P,False,56.0,13.81,109560,11.45710,95.29,1.104,8.83,88.0,43.0,0.0
1787969565.1,0.00,705.2,0,0.260,0.000,0.0000,0,False,False,P,False,56.0,13.81,109560,11.45710,95.29,1.065,8.83,88.0,43.0,0.0
1787969565.3,0.00,708.5,0,0.260,0.000,0.0000,0,False,False,P,False,56.0,13.81,109560,11.45710,95.29,1.065,8.83,88.0,43.0,0.0
1787969565.5,0.00,707.0,0,0.260,0.000,0.0000,0,False,False,P,False,56.0,13.81,109560,11.45710,95.29,1.078,8.82,88.0,43.0,0.0
1787969565.7,0.00,707.8,0,0.260,0.000,0.0000,0,False,False,P,False,56.0,13.81,109560,11.45710,95.29,1.078,8.82,88.0,43.0,0.0
1787969565.9,0.00,703.5,0,0.260,0.000,0.0000,0,False,False,P,False,56.0,13.81,109560,11.45710,95.29,1.104,8.82,88.0,43.0,0.0
1787969566.1,0.00,700.8,0,0.260,0.000,0.0000,0,False,False,P,False,56.0,13.81,109560,11.45710,95.29,1.091,8.82,88.0,43.0,0.0
1787969566.3,0.00,699.8,0,0.260,0.000,0.0000,0,False,False,P,False,56.0,13.81,109560,11.45710,95.29,1.091,8.82,88.0,43.0,0.0
1787969566.5,0.00,698.5,0,0.260,0.000,0.0000,0,False,False,P,False,56.0,13.81,109560,11.45710,95.29,1.078,8.82,88.0,43.0,0.0
1787969566.7,0.00,698.0,0,0.260,0.000,0.0000,0,False,False,P,False,56.0,13.81,109560,11.45710,95.29,1.065,8.82,88.0,43.0,0.0
1787969566.9,0.00,700.2,0,0.260,0.000,0.0000,0,False,False,P,False,56.0,13.81,109560,11.45710,95.29,1.065,8.82,88.0,43.0,0.0
1787969567.1,0.00,692.0,0,0.260,0.000,0.0000,0,False,False,P,False,56.0,13.81,109560,11.45710,95.29,0.764,8.82,88.0,41.0,0.0
1787969567.3,0.00,723.0,0,0.260,0.000,0.0000,0,False,False,P,False,56.0,13.81,109560,11.45710,95.29,0.764,8.82,88.0,39.0,0.0
1787969567.5,0.00,753.0,0,0.260,0.000,0.0000,0,False,False,P,False,56.0,13.81,109560,11.45710,95.29,0.756,8.82,88.0,37.0,0.0
1787969567.7,0.00,742.2,0,0.260,0.000,0.0000,0,False,False,P,False,56.0,13.81,109560,11.45710,95.29,0.713,8.82,88.0,35.0,0.0
1787969567.9,0.00,738.2,0,0.260,0.000,0.0000,0,False,False,P,False,56.0,13.81,109560,11.45710,95.29,0.696,8.82,88.0,34.0,0.0
1787969568.1,0.00,727.5,0,0.260,0.000,0.0000,0,False,False,P,False,56.0,13.81,109560,11.45710,95.29,0.713,8.82,88.0,34.0,0.0
1787969568.3,0.00,709.8,0,0.260,0.000,0.0000,0,False,False,P,False,56.0,13.81,109560,11.45710,95.29,0.726,8.82,88.0,32.0,0.0
1787969568.5,0.00,708.2,0,0.260,0.000,0.0000,0,False,False,P,False,56.0,13.81,109560,11.45710,95.29,0.705,8.82,88.0,31.0,0.0
1787969568.7,0.00,703.0,0,0.260,0.000,0.0000,0,False,False,P,False,56.0,13.76,109560,11.45710,95.29,0.726,8.82,88.0,31.0,0.0
1787969568.9,0.00,695.0,0,0.260,0.000,0.0000,0,False,False,P,False,56.0,13.76,109560,11.45710,95.29,0.713,8.82,88.0,31.0,0.0
1787969569.1,0.00,697.2,0,0.260,0.000,0.0000,0,False,False,P,False,56.0,13.76,109560,11.45710,95.29,0.734,8.82,88.0,31.0,0.0
1787969569.3,0.00,698.8,0,0.260,0.000,0.0000,0,False,False,P,False,56.0,13.76,109560,11.45710,95.29,0.726,8.82,88.0,31.0,0.0
1787969569.5,0.00,697.5,0,0.260,0.000,0.0000,0,False,False,P,False,56.0,13.76,109560,11.45710,95.29,0.726,8.82,88.0,31.0,0.0
1787969569.7,0.00,698.8,0,0.260,0.000,0.0000,0,False,False,P,False,56.0,13.76,109560,11.45710,95.29,0.726,8.82,88.0,31.0,0.0
1787969569.9,0.00,700.2,0,0.260,0.000,0.0000,0,False,False,P,False,56.0,13.76,109560,11.45710,95.29,0.726,8.82,88.0,31.0,0.0
1787969570.1,0.00,701.2,0,0.260,0.000,0.0000,0,False,False,P,False,56.0,13.76,109560,11.45710,95.29,0.726,8.82,88.0,31.0,0.0
1787969570.3,0.00,701.2,0,0.260,0.000,0.0000,0,False,False,P,False,56.0,13.76,109560,11.45710,95.29,0.705,8.82,88.0,31.0,0.0
1787969570.5,0.00,700.8,0,0.260,0.000,0.0000,0,False,False,P,False,56.0,13.76,109560,11.45710,95.29,0.705,8.82,88.0,31.0,0.0
1787969570.7,0.00,699.5,0,0.260,0.000,0.0000,0,False,False,P,False,56.0,13.76,109560,11.45710,95.29,0.726,8.82,88.0,31.0,0.0
1787969570.9,0.00,702.2,0,0.260,0.000,0.0000,0,False,False,P,False,56.0,13.76,109560,11.45710,95.29,0.713,8.82,88.0,31.0,0.0
1787969571.1,0.00,705.2,0,0.260,0.000,0.0000,0,False,False,P,False,56.0,13.76,109560,11.45710,95.29,0.726,8.82,88.0,31.0,0.0
1787969571.3,0.00,705.2,0,0.260,0.000,0.0000,0,False,False,P,False,56.0,13.76,109560,11.45710,95.29,0.726,8.82,88.0,31.0,0.0
1787969571.5,0.00,700.8,0,0.260,0.000,0.0000,0,False,False,P,False,56.0,13.76,109560,11.45710,95.29,0.726,8.82,88.0,31.0,0.0
1787969571.7,0.00,702.2,0,0.260,0.000,0.0000,0,False,False,P,False,56.0,13.82,109560,11.45710,95.29,0.734,8.82,88.0,31.0,0.0
1787969572.0,0.00,703.2,0,0.260,0.000,0.0000,0,False,False,P,False,56.0,13.82,109560,11.45710,95.29,0.696,8.81,88.0,31.0,0.0
1787969572.2,0.00,703.5,0,0.260,0.000,0.0000,0,False,False,P,False,56.0,13.82,109560,11.45710,95.29,0.713,8.81,88.0,31.0,0.0
1787969572.4,0.00,700.5,0,0.260,0.000,0.0000,0,False,False,P,False,56.0,13.82,109560,11.45710,95.29,0.696,8.81,88.0,31.0,0.0
1787969572.6,0.00,699.0,0,0.260,0.000,0.0000,0,False,False,P,False,56.0,13.82,109560,11.45710,95.29,0.713,8.81,88.0,31.0,0.0
1787969572.8,0.00,697.8,0,0.260,0.000,0.0000,0,False,False,P,False,56.0,13.82,109560,11.45710,95.29,0.713,8.81,88.0,31.0,0.0
1787969573.0,0.00,698.2,0,0.260,0.000,0.0000,0,False,False,P,False,56.0,13.82,109560,11.45710,95.29,0.705,8.81,88.0,31.0,0.0
1787969573.2,0.00,698.5,0,0.260,0.000,0.0000,0,False,False,P,False,56.0,13.82,109560,11.45710,95.29,0.726,8.81,88.0,31.0,0.0
1787969573.4,0.00,698.0,0,0.260,0.000,0.0000,0,False,False,P,False,56.0,13.82,109560,11.45710,95.29,0.743,8.81,88.0,31.0,0.0
1787969573.6,0.00,700.0,0,0.260,0.000,0.0000,0,False,False,P,False,56.0,13.82,109560,11.45710,95.29,0.726,8.81,88.0,31.0,0.0
1787969573.8,0.00,700.5,0,0.260,0.000,0.0000,0,False,False,P,False,56.0,13.82,109560,11.45710,95.29,0.705,8.81,88.0,31.0,0.0
1787969574.0,0.00,700.0,0,0.260,0.000,0.0000,0,False,False,P,False,56.0,13.82,109560,11.45710,95.29,0.705,8.81,88.0,31.0,0.0
1787969574.2,0.00,702.2,0,0.260,0.000,0.0000,0,False,False,P,False,56.0,13.82,109560,11.45710,95.29,0.734,8.81,88.0,31.0,0.0
1787969574.4,0.00,704.0,0,0.260,0.000,0.0000,0,False,False,P,False,56.0,13.82,109560,11.45710,95.29,0.705,8.81,88.0,31.0,0.0
1787969574.6,0.00,704.5,0,0.260,0.000,0.0000,0,False,False,P,False,56.0,13.82,109560,11.45710,95.29,0.713,8.81,88.0,31.0,0.0
1787969574.8,0.00,702.8,0,0.260,0.000,0.0000,0,False,False,P,False,56.0,13.81,109560,11.45710,95.29,0.734,8.81,88.0,31.0,0.0
1787969575.0,0.00,705.0,0,0.260,0.000,0.0000,0,False,False,P,False,56.0,13.81,109560,11.45710,95.29,0.713,8.81,88.0,31.0,0.0
1787969575.2,0.00,703.5,0,0.260,0.000,0.0000,0,False,False,P,False,56.0,13.81,109560,11.45710,95.29,0.696,8.81,88.0,31.0,0.0
1787969575.4,0.00,703.5,0,0.260,0.000,0.0000,0,False,False,P,False,56.0,13.81,109560,11.45710,95.29,0.696,8.81,88.0,31.0,0.0
1787969575.6,0.00,702.8,0,0.260,0.000,0.0000,0,False,False,P,False,56.0,13.81,109560,11.45710,95.29,0.696,8.81,88.0,31.0,0.0
1787969575.8,0.00,699.5,0,0.260,0.000,0.0000,0,False,False,P,False,56.0,13.81,109560,11.45710,95.29,0.726,8.81,88.0,31.0,0.0
1787969576.0,0.00,699.2,0,0.260,0.000,0.0000,0,False,False,P,False,56.0,13.81,109560,11.45710,95.29,0.734,8.81,88.0,31.0,0.0
1787969576.2,0.00,698.8,0,0.260,0.000,0.0000,0,False,False,P,False,56.0,13.81,109560,11.45710,95.29,0.696,8.81,88.0,31.0,0.0
1787969576.4,0.00,699.2,0,0.260,0.000,0.0000,0,False,False,P,False,56.0,13.81,109560,11.45710,95.29,0.713,8.81,88.0,31.0,0.0
1787969576.6,0.00,699.5,0,0.260,0.000,0.0000,0,False,False,P,False,56.0,13.81,109560,11.45710,95.29,0.726,8.81,88.0,31.0,0.0
1787969576.8,0.00,699.0,0,0.260,0.000,0.0000,0,False,False,P,False,56.0,13.81,109560,11.45710,95.29,0.705,8.81,88.0,31.0,0.0
1787969577.0,0.00,698.8,0,0.260,0.000,0.0000,0,False,False,P,False,56.0,13.81,109560,11.45710,95.29,0.713,8.81,88.0,31.0,0.0
1787969577.2,0.00,698.2,0,0.260,0.000,0.0000,0,False,False,P,False,56.0,13.82,109560,11.45710,95.29,0.705,8.81,88.0,31.0,0.0
1787969577.4,0.00,698.0,0,0.260,0.000,0.0000,0,False,False,P,False,56.0,13.82,109560,11.45710,95.29,0.705,8.81,88.0,31.0,0.0
1787969577.6,0.00,702.8,0,0.260,0.000,0.0000,0,False,False,P,False,56.0,13.82,109560,11.45710,95.29,0.705,8.81,88.0,31.0,0.0
1787969577.8,0.00,702.2,0,0.260,0.000,0.0000,0,False,False,P,False,56.0,13.82,109560,11.45710,95.29,0.713,8.81,88.0,31.0,0.0
1787969578.0,0.00,698.2,0,0.260,0.000,0.0000,0,False,False,P,False,56.0,13.82,109560,11.45710,95.29,0.705,8.81,88.0,31.0,0.0
1787969578.2,0.00,698.2,0,0.260,0.000,0.0000,0,False,False,P,False,56.0,13.82,109560,11.45710,95.29,0.713,8.81,88.0,31.0,0.0
1787969578.5,0.00,699.0,0,0.260,0.000,0.0000,0,False,False,P,False,56.0,13.82,109560,11.45710,95.29,0.743,8.81,88.0,31.0,0.0
1787969578.7,0.00,702.2,0,0.260,0.000,0.0000,0,False,False,P,False,56.0,13.82,109560,11.45710,95.29,0.726,8.81,88.0,36.0,0.0
1787969578.9,0.00,770.2,0,0.260,0.000,0.0000,0,False,False,P,False,56.0,13.82,109560,11.45710,95.29,1.065,8.81,88.0,39.0,0.0
1787969579.1,0.00,749.8,0,0.260,0.000,0.0000,0,False,False,P,False,56.0,13.82,109560,11.45710,95.29,1.002,8.80,88.0,38.0,0.0
1787969579.3,0.00,744.8,0,0.260,0.000,0.0000,0,False,False,P,False,56.0,13.82,109560,11.45710,95.29,1.286,8.80,88.0,41.0,0.0
1787969579.5,0.00,742.0,0,0.260,0.000,0.0000,0,False,False,P,False,56.0,13.82,109560,11.45710,95.29,1.078,8.80,88.0,40.0,0.0
1787969579.7,0.00,735.2,0,0.260,0.000,0.0000,0,False,False,P,False,56.0,13.82,109560,11.45710,95.29,1.214,8.80,88.0,42.0,0.0
1787969579.9,0.00,736.0,0,0.260,0.000,0.0000,0,False,False,P,False,56.0,13.82,109560,11.45710,95.29,1.214,8.80,88.0,42.0,0.0
1787969580.1,0.00,733.0,0,0.260,0.000,0.0000,0,False,False,P,False,56.0,13.82,109560,11.45710,95.29,1.104,8.80,88.0,42.0,0.0
1787969580.3,0.00,729.5,0,0.260,0.000,0.0000,0,False,False,P,False,56.0,13.31,109560,11.45710,95.29,1.146,8.80,88.0,42.0,0.0
1787969580.5,0.00,726.2,0,0.260,0.000,0.0000,0,False,False,P,False,56.0,13.31,109560,11.45710,95.29,1.091,8.80,88.0,42.0,0.0
1787969580.7,0.00,720.5,0,0.260,0.000,0.0000,0,False,False,P,False,56.0,13.31,109560,11.45710,95.29,1.159,8.80,88.0,43.0,0.0
1787969580.9,0.00,711.5,0,0.260,0.000,0.0000,0,False,False,P,False,56.0,13.31,109560,11.45710,95.29,1.121,8.80,88.0,43.0,0.0
1787969581.1,0.00,702.5,0,0.260,0.000,0.0000,0,False,False,P,False,56.0,13.40,109560,11.45710,95.29,1.201,8.80,88.0,43.0,0.0
1787969581.3,0.00,695.5,0,0.260,0.000,0.0000,0,False,False,P,False,56.0,13.45,109560,11.45710,95.29,1.227,8.80,88.0,44.0,0.0
1787969581.5,0.00,695.0,0,0.260,0.000,0.0000,0,False,False,P,False,56.0,13.45,109560,11.45710,95.29,1.201,8.80,88.0,45.0,0.0
1787969581.7,0.00,699.5,0,0.260,0.000,0.0000,0,False,False,P,False,56.0,13.45,109560,11.45710,95.29,1.227,8.80,88.0,46.0,0.0
1787969581.9,0.00,708.0,0,0.260,0.000,0.0000,0,False,False,P,False,56.0,13.45,109560,11.45710,95.29,1.172,8.80,88.0,46.0,0.0
1787969582.1,0.00,722.8,0,0.260,0.000,0.0000,0,False,False,P,False,56.0,13.45,109560,11.45710,95.29,1.172,8.80,88.0,46.0,0.0
1787969582.3,0.00,740.5,0,0.260,0.000,0.0000,0,False,False,P,False,56.0,13.45,109560,11.45710,95.29,1.133,8.80,88.0,45.0,0.0
1787969582.5,0.00,743.0,0,0.260,0.000,0.0000,0,False,False,P,False,56.0,13.45,109560,11.45710,95.29,1.091,8.80,88.0,44.0,0.0
1787969582.7,0.00,737.2,0,0.260,0.000,0.0000,0,False,False,P,False,56.0,13.45,109560,11.45710,95.29,1.091,8.80,88.0,44.0,0.0
1787969582.9,0.00,733.0,0,0.260,0.000,0.0000,0,False,False,P,False,56.0,13.45,109560,11.45710,95.29,1.146,8.80,88.0,43.0,0.0
1787969583.1,0.00,727.0,0,0.260,0.000,0.0000,0,False,False,P,False,56.0,13.45,109560,11.45710,95.29,1.133,8.80,88.0,43.0,0.0
1787969583.3,0.00,717.5,0,0.260,0.000,0.0000,0,False,False,P,False,56.0,13.45,109560,11.45710,95.29,1.091,8.80,88.0,43.0,0.0
1787969583.5,0.00,710.8,0,0.260,0.000,0.0000,0,False,False,P,False,56.0,13.45,109560,11.45710,95.29,1.091,8.80,88.0,43.0,0.0
1787969583.7,0.00,702.2,0,0.260,0.000,0.0000,0,False,False,P,False,56.0,13.45,109560,11.45710,95.29,1.104,8.79,88.0,43.0,0.0
1787969583.9,0.00,697.0,0,0.260,0.000,0.0000,0,False,False,P,False,56.0,13.45,109560,11.45710,95.29,1.104,8.79,88.0,43.0,0.0
1787969584.1,0.00,693.2,0,0.260,0.000,0.0000,0,False,False,P,False,56.0,13.80,109560,11.45710,95.29,1.078,8.79,88.0,43.0,0.0
1787969584.4,0.00,692.8,0,0.260,0.000,0.0000,0,False,False,P,False,56.0,13.80,109560,11.45710,95.29,1.104,8.79,88.0,44.0,0.0
1787969584.6,0.00,694.2,0,0.260,0.000,0.0000,0,False,False,P,False,56.0,13.80,109560,11.45710,95.29,1.091,8.79,88.0,44.0,0.0
1787969584.8,0.00,702.0,0,0.260,0.000,0.0000,0,False,False,P,False,56.0,13.80,109560,11.45710,95.29,1.133,8.79,88.0,44.0,0.0
1787969585.0,0.00,711.8,0,0.260,0.000,0.0000,0,False,False,P,False,56.0,13.80,109560,11.45710,95.29,1.104,8.79,88.0,44.0,0.0
1787969585.2,0.00,716.5,0,0.260,0.000,0.0000,0,False,False,P,False,56.0,13.80,109560,11.45710,95.29,1.104,8.79,88.0,44.0,0.0
1787969585.4,0.00,720.2,0,0.260,0.000,0.0000,0,False,False,P,False,56.0,13.80,109560,11.45710,95.29,1.091,8.79,88.0,43.0,0.0
1787969585.6,0.00,718.5,0,0.260,0.000,0.0000,0,False,False,P,False,56.0,13.80,109560,11.45710,95.29,1.091,8.79,88.0,43.0,0.0
1787969585.8,0.00,715.0,0,0.260,0.000,0.0000,0,False,False,P,False,56.0,13.80,109560,11.45710,95.29,1.121,8.79,88.0,43.0,0.0
1787969586.0,0.00,712.0,0,0.260,0.000,0.0000,0,False,False,P,False,56.0,13.80,109560,11.45710,95.29,1.078,8.79,88.0,43.0,0.0
1787969586.2,0.00,710.0,0,0.260,0.000,0.0000,0,False,False,P,False,56.0,13.80,109560,11.45710,95.29,1.091,8.79,88.0,43.0,0.0
1787969586.4,0.00,705.5,0,0.260,0.000,0.0000,0,False,False,P,False,56.0,13.80,109560,11.45710,95.29,1.104,8.79,88.0,43.0,0.0
1787969586.6,0.00,704.0,0,0.260,0.000,0.0000,0,False,False,P,False,56.0,13.80,109560,11.45710,95.29,1.121,8.79,88.0,43.0,0.0
1787969586.8,0.00,702.5,0,0.260,0.000,0.0000,0,False,False,P,False,56.0,13.80,109560,11.45710,95.29,1.091,8.79,88.0,43.0,0.0
1787969587.0,0.00,701.2,0,0.260,0.000,0.0000,0,False,False,P,False,56.0,13.80,109560,11.45710,95.29,1.091,8.79,88.0,43.0,0.0
1787969587.2,0.00,703.0,0,0.260,0.000,0.0000,0,False,False,P,False,56.0,13.82,109560,11.45710,95.29,1.078,8.79,88.0,43.0,0.0
1787969587.4,0.00,702.2,0,0.260,0.000,0.0000,0,False,False,P,False,56.0,13.82,109560,11.45710,95.29,1.104,8.79,88.0,43.0,0.0
1787969587.6,0.00,701.8,0,0.260,0.000,0.0000,0,False,False,P,False,56.0,13.82,109560,11.45710,95.29,1.104,8.79,88.0,43.0,0.0
1787969587.8,0.00,701.8,0,0.260,0.000,0.0000,0,False,False,P,False,56.0,13.82,109560,11.45710,95.29,1.053,8.79,88.0,43.0,0.0
1787969588.0,0.00,701.5,0,0.260,0.000,0.0000,0,False,False,P,False,56.0,13.82,109560,11.45710,95.29,1.104,8.79,88.0,43.0,0.0
1787969588.2,0.00,703.5,0,0.260,0.000,0.0000,0,False,False,P,False,56.0,13.82,109560,11.45710,95.29,1.091,8.79,88.0,43.0,0.0
1787969588.4,0.00,702.5,0,0.260,0.000,0.0000,0,False,False,P,False,56.0,13.82,109560,11.45710,95.29,1.091,8.79,88.0,43.0,0.0
1787969588.6,0.00,702.8,0,0.260,0.000,0.0000,0,False,False,P,False,56.0,13.82,109560,11.45710,95.29,1.078,8.78,88.0,43.0,0.0
1787969588.8,0.00,702.5,0,0.260,0.000,0.0000,0,False,False,P,False,56.0,13.82,109560,11.45710,95.29,1.091,8.78,88.0,43.0,0.0
1787969589.0,0.00,705.0,0,0.260,0.000,0.0000,0,False,False,P,False,56.0,13.82,109560,11.45710,95.29,1.091,8.78,88.0,43.0,0.0
1787969589.2,0.00,703.2,0,0.260,0.000,0.0000,0,False,False,P,False,56.0,13.82,109560,11.45710,95.29,1.091,8.78,88.0,43.0,0.0
1787969589.4,0.00,702.2,0,0.260,0.000,0.0000,0,False,False,P,False,56.0,13.82,109560,11.45710,95.29,1.104,8.78,88.0,43.0,0.0
1787969589.6,0.00,699.8,0,0.260,0.000,0.0000,0,False,False,P,False,56.0,13.82,109560,11.45710,95.29,1.104,8.78,88.0,43.0,0.0
1787969589.8,0.00,699.8,0,0.260,0.000,0.0000,0,False,False,P,False,56.0,13.82,109560,11.45710,95.29,1.078,8.78,88.0,43.0,0.0
1787969590.0,0.00,704.8,0,0.260,0.000,0.0000,0,False,False,P,False,56.0,13.82,109560,11.45710,95.29,1.091,8.78,88.0,43.0,0.0
1787969590.2,0.00,702.8,0,0.260,0.000,0.0000,0,False,False,P,False,56.0,13.80,109560,11.45710,95.29,1.065,8.78,88.0,44.0,0.0
1787969590.4,0.00,704.8,0,0.260,0.000,0.0000,0,False,False,P,False,56.0,13.80,109560,11.45710,95.29,1.091,8.78,88.0,43.0,0.0
1787969590.7,0.00,707.2,0,0.260,0.000,0.0000,0,False,False,P,False,56.0,13.80,109560,11.45710,95.29,1.091,8.78,88.0,43.0,0.0
1787969590.9,0.00,705.0,0,0.260,0.000,0.0000,0,False,False,P,False,56.0,13.80,109560,11.45710,95.29,1.065,8.78,88.0,43.0,0.0
1787969591.1,0.00,707.0,0,0.260,0.000,0.0000,0,False,False,P,False,56.0,13.80,109560,11.45710,95.29,1.065,8.78,88.0,43.0,0.0
1787969591.3,0.00,710.2,0,0.260,0.000,0.0000,0,False,False,P,False,56.0,13.80,109560,11.45710,95.29,1.078,8.78,88.0,43.0,0.0
1787969591.5,0.00,709.0,0,0.260,0.000,0.0000,0,False,False,P,False,56.0,13.80,109560,11.45710,95.29,1.091,8.78,88.0,43.0,0.0
1787969591.7,0.00,707.0,0,0.260,0.000,0.0000,0,False,False,P,False,56.0,13.80,109560,11.45710,95.29,1.104,8.78,88.0,43.0,0.0
1787969591.9,0.00,706.0,0,0.260,0.000,0.0000,0,False,False,P,False,56.0,13.80,109560,11.45710,95.29,1.078,8.78,88.0,43.0,0.0
1787969592.1,0.00,704.0,0,0.260,0.000,0.0000,0,False,False,P,False,56.0,13.80,109560,11.45710,95.29,1.133,8.78,88.0,43.0,0.0
1787969592.3,0.00,701.8,0,0.260,0.000,0.0000,0,False,False,P,False,56.0,13.80,109560,11.45710,95.29,1.078,8.78,88.0,43.0,0.0
1787969592.5,0.00,704.0,0,0.260,0.000,0.0000,0,False,False,P,False,56.0,13.80,109560,11.45710,95.29,1.053,8.78,88.0,43.0,0.0
1787969592.7,0.00,707.0,0,0.260,0.000,0.0000,0,False,False,P,False,56.0,13.80,109560,11.45710,95.29,1.104,8.78,88.0,43.0,0.0
1787969592.9,0.00,706.2,0,0.260,0.000,0.0000,0,False,False,P,False,56.0,13.80,109560,11.45710,95.29,1.053,8.78,88.0,44.0,0.0
1787969593.1,0.00,706.8,0,0.260,0.000,0.0000,0,False,False,P,False,56.0,13.80,109560,11.45710,95.29,0.828,8.78,88.0,43.0,0.0
1787969593.3,0.00,687.0,0,0.260,0.000,0.0000,0,False,False,P,False,56.0,13.80,109560,11.45710,95.29,0.743,8.78,88.0,41.0,0.0
1787969593.5,0.00,738.2,0,0.260,0.000,0.0000,0,False,False,P,False,56.0,13.80,109560,11.45710,95.29,0.743,8.78,88.0,39.0,0.0
1787969593.7,0.00,745.8,0,0.260,0.000,0.0000,0,False,False,P,False,56.0,13.80,109560,11.45710,95.29,0.743,8.77,88.0,37.0,0.0
1787969593.9,0.00,736.8,0,0.260,0.000,0.0000,0,False,False,P,False,56.0,13.80,109560,11.45710,95.29,0.743,8.77,88.0,35.0,0.0
1787969594.1,0.00,734.8,0,0.260,0.000,0.0000,0,False,False,P,False,56.0,13.80,109560,11.45710,95.29,0.726,8.77,88.0,33.0,0.0
1787969594.3,0.00,727.8,0,0.260,0.000,0.0000,0,False,False,P,False,56.0,13.80,109560,11.45710,95.29,0.696,8.77,88.0,32.0,0.0
1787969594.5,0.00,715.8,0,0.260,0.000,0.0000,0,False,False,P,False,56.0,13.80,109560,11.45710,95.29,0.705,8.77,88.0,32.0,0.0
1787969594.7,0.00,706.5,0,0.260,0.000,0.0000,0,False,False,P,False,56.0,13.80,109560,11.45710,95.29,0.705,8.77,88.0,31.0,0.0
1787969594.9,0.00,701.2,0,0.260,0.000,0.0000,0,False,False,P,False,56.0,13.80,109560,11.45710,95.29,0.726,8.77,88.0,31.0,0.0
1787969595.1,0.00,691.5,0,0.260,0.000,0.0000,0,False,False,P,False,56.0,13.80,109560,11.45710,95.29,0.743,8.77,88.0,31.0,0.0
1787969595.3,0.00,692.0,0,0.260,0.000,0.0000,0,False,False,P,False,56.0,13.80,109560,11.45710,95.29,0.743,8.77,88.0,31.0,0.0
1787969595.5,0.00,696.5,0,0.260,0.000,0.0000,0,False,False,P,False,56.0,13.80,109560,11.45710,95.29,0.743,8.77,88.0,31.0,0.0
1787969595.7,0.00,699.0,0,0.260,0.000,0.0000,0,False,False,P,False,56.0,13.80,109560,11.45710,95.29,0.705,8.77,88.0,31.0,0.0
1787969595.9,0.00,699.2,0,0.260,0.000,0.0000,0,False,False,P,False,56.0,13.80,109560,11.45710,95.29,0.713,8.77,88.0,31.0,0.0
1787969596.1,0.00,699.5,0,0.260,0.000,0.0000,0,False,False,P,False,56.0,13.80,109560,11.45710,95.29,0.713,8.77,88.0,31.0,0.0
1787969596.3,0.00,703.0,0,0.260,0.000,0.0000,0,False,False,P,False,56.0,13.82,109560,11.45710,95.29,0.713,8.77,88.0,31.0,0.0
1787969596.5,0.00,701.2,0,0.260,0.000,0.0000,0,False,False,P,False,56.0,13.82,109560,11.45710,95.29,0.705,8.77,88.0,31.0,0.0
1787969596.7,0.00,701.0,0,0.260,0.000,0.0000,0,False,False,P,False,56.0,13.82,109560,11.45710,95.29,0.705,8.77,88.0,31.0,0.0
1787969597.0,0.00,701.0,0,0.260,0.000,0.0000,0,False,False,P,False,56.0,13.82,109560,11.45710,95.29,0.705,8.77,88.0,31.0,0.0
1787969597.2,0.00,698.8,0,0.260,0.000,0.0000,0,False,False,P,False,56.0,13.82,109560,11.45710,95.29,0.713,8.77,88.0,31.0,0.0
1787969597.4,0.00,702.2,0,0.260,0.000,0.0000,0,False,False,P,False,56.0,13.82,109560,11.45710,95.29,0.734,8.77,88.0,31.0,0.0
1787969597.6,0.00,702.2,0,0.260,0.000,0.0000,0,False,False,P,False,56.0,13.82,109560,11.45710,95.29,0.705,8.77,88.0,31.0,0.0
1787969597.8,0.00,702.5,0,0.260,0.000,0.0000,0,False,False,P,False,56.0,13.82,109560,11.45710,95.29,0.705,8.77,88.0,31.0,0.0
1787969598.0,0.00,699.5,0,0.260,0.000,0.0000,0,False,False,P,False,56.0,13.82,109560,11.45710,95.29,0.705,8.77,88.0,31.0,0.0
1787969598.2,0.00,700.5,0,0.260,0.000,0.0000,0,False,False,P,False,56.0,13.82,109560,11.45710,95.29,0.705,8.77,88.0,31.0,0.0
1787969598.4,0.00,698.8,0,0.260,0.000,0.0000,0,False,False,P,False,56.0,13.82,109560,11.45710,95.29,0.726,8.77,88.0,31.0,0.0
1787969598.6,0.00,700.2,0,0.260,0.000,0.0000,0,False,False,P,False,56.0,13.82,109560,11.45710,95.29,0.726,8.77,88.0,31.0,0.0
1787969598.8,0.00,695.2,0,0.260,0.000,0.0000,0,False,False,P,False,56.0,13.82,109560,11.45710,95.29,0.705,8.77,88.0,31.0,0.0
1787969599.0,0.00,698.0,0,0.260,0.000,0.0000,0,False,False,P,False,56.0,13.82,109560,11.45710,95.29,0.726,8.77,88.0,31.0,0.0
1787969599.2,0.00,694.8,0,0.260,0.000,0.0000,0,False,False,P,False,56.0,13.82,109560,11.45710,95.29,0.734,8.77,88.0,31.0,0.0
1787969599.4,0.00,694.8,0,0.260,0.000,0.0000,0,False,False,P,False,56.0,13.82,109560,11.45710,95.29,0.726,8.77,88.0,31.0,0.0
1787969599.6,0.00,695.0,0,0.260,0.000,0.0000,0,False,False,P,False,56.0,13.82,109560,11.45710,95.29,0.705,8.77,88.0,31.0,0.0
1787969599.8,0.00,696.2,0,0.260,0.000,0.0000,0,False,False,P,False,56.0,13.82,109560,11.45710,95.29,0.713,8.77,88.0,31.0,0.0
1787969600.0,0.00,699.2,0,0.260,0.000,0.0000,0,False,False,P,False,56.0,13.82,109560,11.45710,95.29,0.713,8.77,88.0,31.0,0.0
1787969600.2,0.00,701.0,0,0.260,0.000,0.0000,0,False,False,P,False,56.0,13.82,109560,11.45710,95.29,0.713,8.77,88.0,31.0,0.0
1787969600.4,0.00,703.0,0,0.260,0.000,0.0000,0,False,False,P,False,56.0,13.82,109560,11.45710,95.29,0.726,8.77,88.0,31.0,0.0
1787969600.6,0.00,703.2,0,0.260,0.000,0.0000,0,False,False,P,False,56.0,13.82,109560,11.45710,95.29,0.734,8.77,88.0,31.0,0.0
1787969600.8,0.00,701.8,0,0.260,0.000,0.0000,0,False,False,P,False,56.0,13.82,109560,11.45710,95.29,0.713,8.77,88.0,31.0,0.0
1787969601.0,0.00,701.5,0,0.260,0.000,0.0000,0,False,False,P,False,56.0,13.82,109560,11.45710,95.29,0.726,8.77,88.0,31.0,0.0
1787969601.2,0.00,701.5,0,0.260,0.000,0.0000,0,False,False,P,False,56.0,13.82,109560,11.45710,95.29,0.734,8.76,88.0,31.0,0.0
1787969601.4,0.00,704.0,0,0.260,0.000,0.0000,0,False,False,P,False,56.0,13.82,109560,11.45710,95.29,0.705,8.76,88.0,31.0,0.0
1787969601.6,0.00,705.0,0,0.260,0.000,0.0000,0,False,False,P,False,56.0,13.82,109560,11.45710,95.29,0.705,8.76,88.0,31.0,0.0
1787969601.8,0.00,703.0,0,0.260,0.000,0.0000,0,False,False,P,False,56.0,13.82,109560,11.45710,95.29,0.726,8.76,88.0,31.0,0.0
1787969602.0,0.00,698.5,0,0.260,0.000,0.0000,0,False,False,P,False,56.0,13.82,109560,11.45710,95.29,0.726,8.76,88.0,31.0,0.0
1787969602.2,0.00,698.8,0,0.260,0.000,0.0000,0,False,False,P,False,56.0,13.82,109560,11.45710,95.29,0.713,8.76,88.0,31.0,0.0
1787969602.4,0.00,696.8,0,0.260,0.000,0.0000,0,False,False,P,False,56.0,13.82,109560,11.45710,95.29,0.734,8.76,88.0,31.0,0.0
1787969602.6,0.00,698.2,0,0.260,0.000,0.0000,0,False,False,P,False,56.0,13.82,109560,11.45710,95.29,0.705,8.76,88.0,31.0,0.0
1787969602.8,0.00,700.2,0,0.260,0.000,0.0000,0,False,False,P,False,56.0,13.82,109560,11.45710,95.29,0.713,8.76,88.0,31.0,0.0
1787969603.0,0.00,697.8,0,0.260,0.000,0.0000,0,False,False,P,False,56.0,13.82,109560,11.45710,95.29,0.726,8.76,88.0,31.0,0.0
1787969603.3,0.00,694.2,0,0.260,0.000,0.0000,0,False,False,P,False,56.0,13.82,109560,11.45710,95.29,0.705,8.76,88.0,31.0,0.0
1787969603.5,0.00,698.8,0,0.260,0.000,0.0000,0,False,False,P,False,56.0,13.82,109560,11.45710,95.29,0.734,8.76,88.0,31.0,0.0
1787969603.7,0.00,700.2,0,0.260,0.000,0.0000,0,False,False,P,False,56.0,13.82,109560,11.45710,95.29,0.726,8.76,88.0,31.0,0.0
1787969603.9,0.00,699.5,0,0.260,0.000,0.0000,0,False,False,P,False,56.0,13.82,109560,11.45710,95.29,0.713,8.76,88.0,31.0,0.0
1787969604.1,0.00,705.0,0,0.260,0.000,0.0000,0,False,False,P,False,56.0,13.82,109560,11.45710,95.29,0.726,8.76,88.0,31.0,0.0
1787969604.3,0.00,706.5,0,0.260,0.000,0.0000,0,False,False,P,False,56.0,13.82,109560,11.45710,95.29,0.734,8.76,88.0,31.0,0.0
1787969604.5,0.00,731.8,0,0.260,0.000,0.0000,0,False,False,P,False,56.0,13.82,109560,11.45710,95.29,1.104,8.76,88.0,37.0,0.0
1787969604.7,0.00,787.0,0,0.260,0.000,0.0000,0,False,False,P,False,56.0,13.82,109560,11.45710,95.29,1.065,8.76,88.0,38.0,0.0
1787969604.9,0.00,742.2,0,0.260,0.000,0.0000,0,False,False,P,False,56.0,13.82,109560,11.45710,95.29,1.401,8.76,88.0,40.0,0.0
1787969605.1,0.00,748.0,0,0.260,0.000,0.0000,0,False,False,P,False,56.0,13.82,109560,11.45710,95.29,1.078,8.76,88.0,41.0,0.0
1787969605.3,0.00,735.8,0,0.260,0.000,0.0000,0,False,False,P,False,56.0,13.82,109560,11.45710,95.29,1.269,8.76,88.0,41.0,0.0
1787969605.5,0.00,739.8,0,0.260,0.000,0.0000,0,False,False,P,False,56.0,13.82,109560,11.45710,95.29,1.121,8.76,88.0,43.0,0.0
1787969605.7,0.00,740.0,0,0.260,0.000,0.0000,0,False,False,P,False,56.0,13.30,109560,11.45710,95.29,1.159,8.76,88.0,43.0,0.0
1787969605.9,0.00,736.0,0,0.260,0.000,0.0000,0,False,False,P,False,56.0,13.30,109560,11.45710,95.29,1.121,8.76,88.0,43.0,0.0
1787969606.1,0.00,732.2,0,0.260,0.000,0.0000,0,False,False,P,False,56.0,13.30,109560,11.45710,95.29,1.172,8.76,88.0,43.0,0.0
1787969606.3,0.00,731.0,0,0.260,0.000,0.0000,0,False,False,P,False,56.0,13.30,109560,11.45710,95.29,1.159,8.76,88.0,43.0,0.0
1787969606.5,0.00,725.2,0,0.260,0.000,0.0000,0,False,False,P,False,56.0,13.30,109560,11.45710,95.29,1.146,8.76,88.0,44.0,0.0
1787969606.7,0.00,722.8,0,0.260,0.000,0.0000,0,False,False,P,False,56.0,13.30,109560,11.45710,95.29,1.121,8.76,88.0,44.0,0.0
1787969606.9,0.00,723.2,0,0.260,0.000,0.0000,0,False,False,P,False,56.0,13.30,109560,11.45710,95.29,1.189,8.75,88.0,44.0,0.0
1787969607.1,0.00,724.0,0,0.260,0.000,0.0000,0,False,False,P,False,56.0,13.30,109560,11.45710,95.29,1.201,8.75,88.0,45.0,0.0
1787969607.3,0.00,725.5,0,0.260,0.000,0.0000,0,False,False,P,False,56.0,13.30,109560,11.45710,95.29,1.201,8.75,88.0,45.0,0.0
1787969607.5,0.00,728.8,0,0.260,0.000,0.0000,0,False,False,P,False,56.0,13.30,109560,11.45710,95.29,1.172,8.75,88.0,45.0,0.0
1787969607.7,0.00,736.2,0,0.260,0.000,0.0000,0,False,False,P,False,56.0,13.30,109560,11.45710,95.29,1.146,8.75,88.0,45.0,0.0
1787969607.9,0.00,742.2,0,0.260,0.000,0.0000,0,False,False,P,False,56.0,13.30,109560,11.45710,95.29,1.133,8.75,88.0,45.0,0.0
1787969608.1,0.00,743.0,0,0.260,0.000,0.0000,0,False,False,P,False,56.0,13.30,109560,11.45710,95.29,1.133,8.75,88.0,44.0,0.0
1787969608.3,0.00,740.2,0,0.260,0.000,0.0000,0,False,False,P,False,56.0,13.30,109560,11.45710,95.29,1.146,8.75,88.0,44.0,0.0
1787969608.5,0.00,734.0,0,0.260,0.000,0.0000,0,False,False,P,False,56.0,13.30,109560,11.45710,95.29,1.133,8.75,88.0,43.0,0.0
1787969608.7,0.00,728.0,0,0.260,0.000,0.0000,0,False,False,P,False,56.0,13.79,109560,11.45710,95.29,1.121,8.75,88.0,43.0,0.0
1787969608.9,0.00,726.0,0,0.260,0.000,0.0000,0,False,False,P,False,56.0,13.79,109560,11.45710,95.29,1.133,8.75,88.0,43.0,0.0
1787969609.1,0.00,720.0,0,0.260,0.000,0.0000,0,False,False,P,False,56.0,13.79,109560,11.45710,95.29,1.133,8.75,88.0,43.0,0.0
1787969609.4,0.00,716.5,0,0.260,0.000,0.0000,0,False,False,P,False,56.0,13.79,109560,11.45710,95.29,1.121,8.75,88.0,43.0,0.0
1787969609.6,0.00,712.2,0,0.260,0.000,0.0000,0,False,False,P,False,56.0,13.79,109560,11.45710,95.29,1.121,8.75,88.0,44.0,0.0
1787969609.8,0.00,714.0,0,0.260,0.000,0.0000,0,False,False,P,False,56.0,13.79,109560,11.45710,95.29,1.121,8.75,88.0,44.0,0.0
1787969610.0,0.00,714.0,0,0.260,0.000,0.0000,0,False,False,P,False,56.0,13.79,109560,11.45710,95.29,1.104,8.75,88.0,44.0,0.0
1787969610.2,0.00,716.2,0,0.260,0.000,0.0000,0,False,False,P,False,56.0,13.79,109560,11.45710,95.29,1.133,8.75,88.0,44.0,0.0
1787969610.4,0.00,718.5,0,0.260,0.000,0.0000,0,False,False,P,False,56.0,13.79,109560,11.45710,95.29,1.121,8.75,88.0,44.0,0.0
1787969610.6,0.00,720.8,0,0.260,0.000,0.0000,0,False,False,P,False,56.0,13.79,109560,11.45710,95.29,1.091,8.75,88.0,44.0,0.0
1787969610.8,0.00,718.5,0,0.260,0.000,0.0000,0,False,False,P,False,56.0,13.79,109560,11.45710,95.29,1.065,8.75,88.0,43.0,0.0
1787969611.0,0.00,716.5,0,0.260,0.000,0.0000,0,False,False,P,False,56.0,13.79,109560,11.45710,95.29,1.065,8.75,88.0,43.0,0.0
1787969611.2,0.00,716.5,0,0.260,0.000,0.0000,0,False,False,P,False,56.0,13.79,109560,11.45710,95.29,1.104,8.75,88.0,43.0,0.0
1787969611.4,0.00,716.0,0,0.260,0.000,0.0000,0,False,False,P,False,56.0,13.79,109560,11.45710,95.29,1.104,8.75,88.0,43.0,0.0
1787969611.6,0.00,712.8,0,0.260,0.000,0.0000,0,False,False,P,False,56.0,13.79,109560,11.45710,95.29,1.104,8.75,88.0,43.0,0.0
1787969611.8,0.00,710.2,0,0.260,0.000,0.0000,0,False,False,P,False,56.0,13.80,109560,11.45710,95.29,1.104,8.74,88.0,43.0,0.0
1787969612.0,0.00,710.0,0,0.260,0.000,0.0000,0,False,False,P,False,56.0,13.80,109560,11.45710,95.29,1.104,8.74,88.0,43.0,0.0
1787969612.2,0.00,710.0,0,0.260,0.000,0.0000,0,False,False,P,False,56.0,13.80,109560,11.45710,95.29,1.104,8.74,88.0,44.0,0.0
1787969612.4,0.00,706.8,0,0.260,0.000,0.0000,0,False,False,P,False,56.0,13.80,109560,11.45710,95.29,1.091,8.74,88.0,43.0,0.0
1787969612.6,0.00,706.5,0,0.260,0.000,0.0000,0,False,False,P,False,56.0,13.80,109560,11.45710,95.29,1.078,8.74,88.0,44.0,0.0
1787969612.8,0.00,704.2,0,0.260,0.000,0.0000,0,False,False,P,False,56.0,13.80,109560,11.45710,95.29,1.091,8.74,88.0,44.0,0.0
1787969613.0,0.00,704.5,0,0.260,0.000,0.0000,0,False,False,P,False,56.0,13.80,109560,11.45710,95.29,1.104,8.74,88.0,44.0,0.0
1787969613.2,0.00,707.8,0,0.260,0.000,0.0000,0,False,False,P,False,56.0,13.80,109560,11.45710,95.29,1.078,8.74,88.0,44.0,0.0
1787969613.4,0.00,706.2,0,0.260,0.000,0.0000,0,False,False,P,False,56.0,13.80,109560,11.45710,95.29,1.065,8.74,88.0,44.0,0.0
1787969613.6,0.00,706.8,0,0.260,0.000,0.0000,0,False,False,P,False,56.0,13.80,109560,11.45710,95.29,1.078,8.74,88.0,44.0,0.0
1787969613.8,0.00,705.8,0,0.260,0.000,0.0000,0,False,False,P,False,56.0,13.80,109560,11.45710,95.29,1.053,8.74,88.0,44.0,0.0
1787969614.0,0.00,705.5,0,0.260,0.000,0.0000,0,False,False,P,False,56.0,13.80,109560,11.45710,95.29,1.078,8.74,88.0,44.0,0.0
1787969614.2,0.00,705.2,0,0.260,0.000,0.0000,0,False,False,P,False,56.0,13.80,109560,11.45710,95.29,1.091,8.74,88.0,44.0,0.0
1787969614.4,0.00,706.0,0,0.260,0.000,0.0000,0,False,False,P,False,56.0,13.80,109560,11.45710,95.29,1.104,8.74,88.0,44.0,0.0
1787969614.6,0.00,706.8,0,0.260,0.000,0.0000,0,False,False,P,False,56.0,13.80,109560,11.45710,95.29,1.065,8.74,88.0,43.0,0.0
1787969614.8,0.00,708.8,0,0.260,0.000,0.0000,0,False,False,P,False,56.0,13.80,109560,11.45710,95.29,1.078,8.74,88.0,44.0,0.0
1787969615.0,0.00,708.2,0,0.260,0.000,0.0000,0,False,False,P,False,56.0,13.81,109560,11.45710,95.29,1.065,8.74,88.0,43.0,0.0
1787969615.2,0.00,706.0,0,0.260,0.000,0.0000,0,False,False,P,False,56.0,13.81,109560,11.45710,95.29,1.065,8.74,88.0,43.0,0.0
1787969615.4,0.00,701.5,0,0.260,0.000,0.0000,0,False,False,P,False,56.0,13.81,109560,11.45710,95.29,1.104,8.74,88.0,43.0,0.0
1787969615.6,0.00,701.2,0,0.260,0.000,0.0000,0,False,False,P,False,56.0,13.81,109560,11.45710,95.29,1.078,8.74,88.0,44.0,0.0
1787969615.8,0.00,702.0,0,0.260,0.000,0.0000,0,False,False,P,False,56.0,13.81,109560,11.45710,95.29,1.078,8.74,88.0,44.0,0.0
1787969616.0,0.00,702.2,0,0.260,0.000,0.0000,0,False,False,P,False,56.0,13.81,109560,11.45710,95.29,1.104,8.74,88.0,44.0,0.0
1787969616.3,0.00,703.0,0,0.260,0.000,0.0000,0,False,False,P,False,56.0,13.81,109560,11.45710,95.29,1.091,8.74,88.0,44.0,0.0
1787969616.5,0.00,704.0,0,0.260,0.000,0.0000,0,False,False,P,False,56.0,13.81,109560,11.45710,95.29,1.104,8.74,88.0,44.0,0.0
1787969616.7,0.00,704.5,0,0.260,0.000,0.0000,0,False,False,P,False,56.0,13.81,109560,11.45710,95.29,1.078,8.73,88.0,44.0,0.0
1787969616.9,0.00,705.0,0,0.260,0.000,0.0000,0,False,False,P,False,56.0,13.81,109560,11.45710,95.29,1.104,8.73,88.0,44.0,0.0
1787969617.1,0.00,705.5,0,0.260,0.000,0.0000,0,False,False,P,False,56.0,13.81,109560,11.45710,95.29,1.065,8.73,88.0,44.0,0.0
1787969617.3,0.00,708.5,0,0.260,0.000,0.0000,0,False,False,P,False,56.0,13.81,109560,11.45710,95.29,1.065,8.73,88.0,43.0,0.0
1787969617.5,0.00,707.8,0,0.260,0.000,0.0000,0,False,False,P,False,56.0,13.81,109560,11.45710,95.29,1.078,8.73,88.0,43.0,0.0
1787969617.7,0.00,706.0,0,0.260,0.000,0.0000,0,False,False,P,False,56.0,13.81,109560,11.45710,95.29,1.065,8.73,88.0,43.0,0.0
1787969617.9,0.00,704.2,0,0.260,0.000,0.0000,0,False,False,P,False,56.0,13.81,109560,11.45710,95.29,1.091,8.73,88.0,43.0,0.0
1787969618.1,0.00,700.5,0,0.260,0.000,0.0000,0,False,False,P,False,56.0,13.78,109560,11.45710,95.29,1.091,8.73,88.0,43.0,0.0
1787969618.3,0.00,701.2,0,0.260,0.000,0.0000,0,False,False,P,False,56.0,13.78,109560,11.45710,95.29,1.121,8.73,88.0,44.0,0.0
1787969618.5,0.00,699.8,0,0.260,0.000,0.0000,0,False,False,P,False,56.0,13.78,109560,11.45710,94.90,1.053,8.73,88.0,44.0,0.0
1787969618.7,0.00,697.8,0,0.260,0.000,0.0000,0,False,False,P,False,56.0,13.78,109560,11.45710,95.29,1.078,8.73,88.0,44.0,0.0
1787969618.9,0.00,693.8,0,0.260,0.000,0.0000,0,False,False,P,False,56.0,13.78,109560,11.45710,95.29,0.743,8.73,88.0,43.0,0.0
1787969619.1,0.00,712.5,0,0.260,0.000,0.0000,0,False,False,P,False,56.0,13.78,109560,11.45710,95.29,0.764,8.73,88.0,39.0,0.0
1787969619.3,0.00,746.2,0,0.260,0.000,0.0000,0,False,False,P,False,56.0,13.78,109560,11.45710,95.29,0.713,8.73,88.0,38.0,0.0
1787969619.5,0.00,744.5,0,0.260,0.000,0.0000,0,False,False,P,False,56.0,13.78,109560,11.45710,95.29,0.726,8.73,88.0,36.0,0.0
1787969619.7,0.00,739.2,0,0.260,0.000,0.0000,0,False,False,P,False,56.0,13.78,109560,11.45710,94.51,0.726,8.73,88.0,34.0,0.0
1787969619.9,0.00,731.2,0,0.260,0.000,0.0000,0,False,False,P,False,56.0,13.78,109560,11.45710,95.29,0.726,8.73,88.0,33.0,0.0
1787969620.1,0.00,718.0,0,0.260,0.000,0.0000,0,False,False,P,False,56.0,13.78,109560,11.45710,95.29,0.705,8.73,88.0,32.0,0.0
1787969620.3,0.00,710.5,0,0.260,0.000,0.0000,0,False,False,P,False,56.0,13.78,109560,11.45710,95.29,0.705,8.73,88.0,31.0,0.0
1787969620.5,0.00,699.0,0,0.260,0.000,0.0000,0,False,False,P,False,56.0,13.78,109560,11.45710,95.29,0.734,8.73,88.0,31.0,0.0
1787969620.7,0.00,695.8,0,0.260,0.000,0.0000,0,False,False,P,False,56.0,13.78,109560,11.45710,94.12,0.713,8.73,88.0,31.0,0.0
1787969620.9,0.00,692.8,0,0.260,0.000,0.0000,0,False,False,P,False,56.0,13.78,109560,11.45710,95.29,0.713,8.73,88.0,31.0,0.0
1787969621.1,0.00,692.0,0,0.260,0.000,0.0000,0,False,False,P,False,56.0,13.82,109560,11.45710,94.90,0.734,8.73,88.0,31.0,0.0
1787969621.3,0.00,699.2,0,0.260,0.000,0.0000,0,False,False,P,False,56.0,13.82,109560,11.45710,95.29,0.734,8.73,88.0,31.0,0.0
1787969621.5,0.00,700.8,0,0.260,0.000,0.0000,0,False,False,P,False,56.0,13.82,109560,11.45710,95.29,0.713,8.73,88.0,31.0,0.0
1787969621.7,0.00,701.5,0,0.260,0.000,0.0000,0,False,False,P,False,56.0,13.82,109560,11.45710,95.29,0.734,8.73,88.0,31.0,0.0
1787969621.9,0.00,702.0,0,0.260,0.000,0.0000,0,False,False,P,False,56.0,13.82,109560,11.45710,94.90,0.705,8.73,88.0,31.0,0.0
1787969622.1,0.00,702.8,0,0.260,0.000,0.0000,0,False,False,P,False,56.0,13.82,109560,11.45710,94.90,0.713,8.73,88.0,31.0,0.0
1787969622.3,0.00,704.0,0,0.260,0.000,0.0000,0,False,False,P,False,56.0,13.81,109560,11.45710,94.90,0.734,8.73,88.0,31.0,0.0
1787969622.5,0.00,702.2,0,0.260,0.000,0.0000,0,False,False,P,False,56.0,13.81,109560,11.45710,95.29,0.705,8.73,88.0,31.0,0.0
1787969622.8,0.00,703.8,0,0.260,0.000,0.0000,0,False,False,P,False,56.0,13.81,109560,11.45710,95.29,0.713,8.73,88.0,31.0,0.0
1787969623.0,0.00,704.2,0,0.260,0.000,0.0000,0,False,False,P,False,56.0,13.81,109560,11.45710,95.29,0.713,8.73,88.0,31.0,0.0
1787969623.2,0.00,704.2,0,0.260,0.000,0.0000,0,False,False,P,False,56.0,13.81,109560,11.45710,95.29,0.726,8.72,88.0,31.0,0.0
1787969623.4,0.00,702.5,0,0.260,0.000,0.0000,0,False,False,P,False,56.0,13.81,109560,11.45710,95.29,0.726,8.72,88.0,31.0,0.0
1787969623.6,0.00,701.2,0,0.260,0.000,0.0000,0,False,False,P,False,56.0,13.81,109560,11.45710,95.29,0.726,8.72,88.0,31.0,0.0
1787969623.8,0.00,704.0,0,0.260,0.000,0.0000,0,False,False,P,False,56.0,13.81,109560,11.45710,95.29,0.705,8.72,88.0,31.0,0.0
1787969624.0,0.00,701.0,0,0.260,0.000,0.0000,0,False,False,P,False,56.0,13.81,109560,11.45710,95.29,0.713,8.72,88.0,31.0,0.0
1787969624.2,0.00,699.5,0,0.260,0.000,0.0000,0,False,False,P,False,56.0,13.82,109560,11.45710,95.29,0.726,8.72,88.0,31.0,0.0
1787969624.4,0.00,700.0,0,0.260,0.000,0.0000,0,False,False,P,False,56.0,13.82,109560,11.45710,95.29,0.726,8.72,88.0,31.0,0.0
1787969624.6,0.00,695.2,0,0.260,0.000,0.0000,0,False,False,P,False,56.0,13.82,109560,11.45710,94.90,0.713,8.72,88.0,31.0,0.0
1787969624.8,0.00,699.2,0,0.260,0.000,0.0000,0,False,False,P,False,56.0,13.82,109560,11.45710,95.29,0.734,8.72,88.0,31.0,0.0
1787969625.0,0.00,697.5,0,0.260,0.000,0.0000,0,False,False,P,False,56.0,13.82,109560,11.45710,95.29,0.713,8.72,88.0,31.0,0.0
1787969625.2,0.00,695.0,0,0.260,0.000,0.0000,0,False,False,P,False,56.0,13.82,109560,11.45710,95.29,0.713,8.72,88.0,31.0,0.0
1787969625.4,0.00,698.2,0,0.260,0.000,0.0000,0,False,False,P,False,56.0,13.82,109560,11.45710,95.29,0.734,8.72,88.0,31.0,0.0
1787969625.6,0.00,698.8,0,0.260,0.000,0.0000,0,False,False,P,False,56.0,13.82,109560,11.45710,94.51,0.734,8.72,88.0,31.0,0.0
1787969625.8,0.00,697.5,0,0.260,0.000,0.0000,0,False,False,P,False,56.0,13.82,109560,11.45710,94.90,0.713,8.72,88.0,31.0,0.0
1787969626.0,0.00,696.5,0,0.260,0.000,0.0000,0,False,False,P,False,56.0,13.82,109560,11.45710,95.29,0.713,8.72,88.0,31.0,0.0
1787969626.2,0.00,697.8,0,0.260,0.000,0.0000,0,False,False,P,False,56.0,13.82,109560,11.45710,94.90,0.734,8.72,88.0,31.0,0.0
1787969626.4,0.00,700.8,0,0.260,0.000,0.0000,0,False,False,P,False,56.0,13.82,109560,11.45710,95.29,0.705,8.72,88.0,31.0,0.0
1787969626.6,0.00,701.0,0,0.260,0.000,0.0000,0,False,False,P,False,56.0,13.82,109560,11.45710,94.90,0.705,8.72,88.0,31.0,0.0
1787969626.8,0.00,704.2,0,0.260,0.000,0.0000,0,False,False,P,False,56.0,13.82,109560,11.45710,95.29,0.734,8.72,88.0,31.0,0.0
1787969627.0,0.00,705.0,0,0.260,0.000,0.0000,0,False,False,P,False,56.0,13.82,109560,11.45710,95.29,0.713,8.72,88.0,31.0,0.0
1787969627.2,0.00,703.5,0,0.260,0.000,0.0000,0,False,False,P,False,56.0,13.82,109560,11.45710,94.90,0.726,8.72,88.0,31.0,0.0
1787969627.4,0.00,705.0,0,0.260,0.000,0.0000,0,False,False,P,False,56.0,13.80,109560,11.45710,95.29,0.713,8.72,88.0,31.0,0.0
1787969627.6,0.00,702.8,0,0.260,0.000,0.0000,0,False,False,P,False,56.0,13.80,109560,11.45710,95.29,0.726,8.72,88.0,31.0,0.0
1787969627.8,0.00,703.0,0,0.260,0.000,0.0000,0,False,False,P,False,56.0,13.80,109560,11.45710,95.29,0.705,8.72,88.0,31.0,0.0
1787969628.0,0.00,703.2,0,0.260,0.000,0.0000,0,False,False,P,False,56.0,13.80,109560,11.45710,94.90,0.713,8.72,88.0,31.0,0.0
1787969628.2,0.00,701.8,0,0.260,0.000,0.0000,0,False,False,P,False,56.0,13.80,109560,11.45710,95.29,0.726,8.72,88.0,31.0,0.0
1787969628.4,0.00,701.0,0,0.260,0.000,0.0000,0,False,False,P,False,56.0,13.80,109560,11.45710,94.90,0.734,8.72,88.0,31.0,0.0
1787969628.6,0.00,699.8,0,0.260,0.000,0.0000,0,False,False,P,False,56.0,13.80,109560,11.45710,95.29,0.726,8.72,88.0,31.0,0.0
1787969628.8,0.00,699.2,0,0.260,0.000,0.0000,0,False,False,P,False,56.0,13.80,109560,11.45710,95.29,0.713,8.72,88.0,31.0,0.0
1787969629.0,0.00,701.8,0,0.260,0.000,0.0000,0,False,False,P,False,56.0,13.80,109560,11.45710,95.29,0.713,8.72,88.0,31.0,0.0
1787969629.3,0.00,695.8,0,0.260,0.000,0.0000,0,False,False,P,False,56.0,13.80,109560,11.45710,94.90,0.734,8.72,88.0,31.0,0.0
1787969629.5,0.00,696.0,0,0.260,0.000,0.0000,0,False,False,P,False,56.0,13.80,109560,11.45710,94.90,0.705,8.72,88.0,31.0,0.0
1787969629.7,0.00,698.0,0,0.260,0.000,0.0000,0,False,False,P,False,56.0,13.80,109560,11.45710,95.29,0.713,8.72,88.0,31.0,0.0
1787969629.9,0.00,697.8,0,0.260,0.000,0.0000,0,False,False,P,False,56.0,13.80,109560,11.45710,94.90,0.726,8.72,88.0,31.0,0.0
1787969630.1,0.00,696.2,0,0.260,0.000,0.0000,0,False,False,P,False,56.0,13.80,109560,11.45710,95.29,0.726,8.72,88.0,31.0,0.0
1787969630.3,0.00,733.8,0,0.260,0.000,0.0000,0,False,False,P,False,56.0,13.80,109560,11.45710,95.29,1.617,8.72,88.0,41.0,0.0
1787969630.5,0.00,815.5,0,0.260,0.000,0.0000,0,False,False,P,False,56.0,13.88,109560,11.45710,94.51,0.964,8.71,88.0,41.0,0.0
1787969630.7,0.00,753.0,0,0.260,0.000,0.0000,0,False,False,P,False,56.0,13.88,109560,11.45710,95.29,1.299,8.71,88.0,41.0,0.0
1787969630.9,0.00,750.0,0,0.260,0.000,0.0000,0,False,False,P,False,56.0,13.88,109560,11.45710,95.29,1.133,8.71,88.0,41.0,0.0
1787969631.1,0.00,741.5,0,0.260,0.000,0.0000,0,False,False,P,False,56.0,13.88,109560,11.45710,95.29,1.227,8.71,88.0,42.0,0.0
1787969631.3,0.00,739.5,0,0.260,0.000,0.0000,0,False,False,P,False,56.0,13.88,109560,11.45710,95.29,1.104,8.71,88.0,43.0,0.0
1787969631.5,0.00,734.2,0,0.260,0.000,0.0000,0,False,False,P,False,56.0,13.88,109560,11.45710,95.29,1.104,8.71,88.0,43.0,0.0
1787969631.7,0.00,727.5,0,0.260,0.000,0.0000,0,False,False,P,False,56.0,13.88,109560,11.45710,94.90,1.146,8.71,88.0,43.0,0.0
1787969631.9,0.00,727.2,0,0.260,0.000,0.0000,0,False,False,P,False,56.0,13.88,109560,11.45710,95.29,1.133,8.71,88.0,43.0,0.0
1787969632.1,0.00,726.5,0,0.260,0.000,0.0000,0,False,False,P,False,56.0,13.88,109560,11.45710,94.90,1.104,8.71,88.0,44.0,0.0
1787969632.3,0.00,722.0,0,0.260,0.000,0.0000,0,False,False,P,False,56.0,13.88,109560,11.45710,95.29,1.172,8.71,88.0,44.0,0.0
1787969632.5,0.00,721.0,0,0.260,0.000,0.0000,0,False,False,P,False,56.0,13.88,109560,11.45710,95.29,1.146,8.71,88.0,44.0,0.0
1787969632.7,0.00,717.5,0,0.260,0.000,0.0000,0,False,False,P,False,56.0,13.88,109560,11.45710,94.90,1.201,8.71,88.0,44.0,0.0
1787969632.9,0.00,715.8,0,0.260,0.000,0.0000,0,False,False,P,False,56.0,13.88,109560,11.45710,95.29,1.172,8.71,88.0,44.0,0.0
1787969633.1,0.00,714.8,0,0.260,0.000,0.0000,0,False,False,P,False,56.0,13.88,109560,11.45710,95.29,1.159,8.71,88.0,45.0,0.0
1787969633.3,0.00,715.0,0,0.260,0.000,0.0000,0,False,False,P,False,56.0,13.57,109560,11.45710,95.29,1.146,8.71,88.0,45.0,0.0
1787969633.5,0.00,719.2,0,0.260,0.000,0.0000,0,False,False,P,False,56.0,13.69,109560,11.45710,95.29,1.189,8.71,88.0,45.0,0.0
1787969633.7,0.00,729.0,0,0.260,0.000,0.0000,0,False,False,P,False,56.0,13.69,109560,11.45710,95.29,1.146,8.71,88.0,45.0,0.0
1787969633.9,0.00,737.8,0,0.260,0.000,0.0000,0,False,False,P,False,56.0,13.69,109560,11.45710,95.29,1.078,8.71,88.0,45.0,0.0
1787969634.1,0.00,740.2,0,0.260,0.000,0.0000,0,False,False,P,False,56.0,13.69,109560,11.45710,94.90,1.091,8.71,88.0,44.0,0.0
1787969634.3,0.00,735.0,0,0.260,0.000,0.0000,0,False,False,P,False,56.0,13.69,109560,11.45710,94.12,1.078,8.71,88.0,44.0,0.0
1787969634.5,0.00,728.0,0,0.260,0.000,0.0000,0,False,False,P,False,56.0,13.69,109560,11.45710,95.29,1.091,8.71,88.0,43.0,0.0
1787969634.7,0.00,721.2,0,0.260,0.000,0.0000,0,False,False,P,False,56.0,13.69,109560,11.45710,95.29,1.104,8.71,88.0,43.0,0.0
1787969634.9,0.00,716.5,0,0.260,0.000,0.0000,0,False,False,P,False,56.0,13.69,109560,11.45710,95.29,1.104,8.71,88.0,43.0,0.0
1787969635.1,0.00,711.0,0,0.260,0.000,0.0000,0,False,False,P,False,56.0,13.69,109560,11.45710,95.29,1.091,8.70,88.0,43.0,0.0
1787969635.4,0.00,707.0,0,0.260,0.000,0.0000,0,False,False,P,False,56.0,13.69,109560,11.45710,94.90,1.091,8.70,88.0,43.0,0.0
1787969635.6,0.00,704.0,0,0.260,0.000,0.0000,0,False,False,P,False,56.0,13.69,109560,11.45710,94.51,1.104,8.70,88.0,43.0,0.0
1787969635.8,0.00,702.8,0,0.260,0.000,0.0000,0,False,False,P,False,56.0,13.69,109560,11.45710,95.29,1.133,8.70,88.0,44.0,0.0
1787969636.0,0.00,706.0,0,0.260,0.000,0.0000,0,False,False,P,False,56.0,13.69,109560,11.45710,94.90,1.078,8.70,88.0,44.0,0.0
1787969636.2,0.00,710.5,0,0.260,0.000,0.0000,0,False,False,P,False,56.0,13.69,109560,11.45710,95.29,1.078,8.70,88.0,44.0,0.0
1787969636.4,0.00,713.8,0,0.260,0.000,0.0000,0,False,False,P,False,56.0,13.69,109560,11.45710,95.29,1.065,8.70,88.0,44.0,0.0
1787969636.6,0.00,712.8,0,0.260,0.000,0.0000,0,False,False,P,False,56.0,13.80,109560,11.45710,94.90,1.104,8.70,88.0,44.0,0.0
1787969636.8,0.00,715.0,0,0.260,0.000,0.0000,0,False,False,P,False,56.0,13.80,109560,11.45710,95.29,1.104,8.70,88.0,43.0,0.0
1787969637.0,0.00,715.0,0,0.260,0.000,0.0000,0,False,False,P,False,56.0,13.80,109560,11.45710,95.29,1.078,8.70,88.0,43.0,0.0
1787969637.2,0.00,713.8,0,0.260,0.000,0.0000,0,False,False,P,False,56.0,13.80,109560,11.45710,94.90,1.104,8.70,88.0,43.0,0.0
1787969637.4,0.00,714.5,0,0.260,0.000,0.0000,0,False,False,P,False,56.0,13.80,109560,11.45710,94.90,1.091,8.70,88.0,43.0,0.0
1787969637.6,0.00,710.2,0,0.260,0.000,0.0000,0,False,False,P,False,56.0,13.80,109560,11.45710,94.90,1.091,8.70,88.0,43.0,0.0
1787969637.8,0.00,709.0,0,0.260,0.000,0.0000,0,False,False,P,False,56.0,13.80,109560,11.45710,94.90,1.065,8.70,88.0,43.0,0.0
1787969638.0,0.00,705.0,0,0.260,0.000,0.0000,0,False,False,P,False,56.0,13.80,109560,11.45710,95.29,1.078,8.70,88.0,43.0,0.0
1787969638.2,0.00,704.8,0,0.260,0.000,0.0000,0,False,False,P,False,56.0,13.79,109560,11.45710,95.29,1.078,8.70,88.0,43.0,0.0
1787969638.4,0.00,703.5,0,0.260,0.000,0.0000,0,False,False,P,False,56.0,13.79,109560,11.45710,95.29,1.091,8.70,88.0,43.0,0.0
1787969638.6,0.00,702.8,0,0.260,0.000,0.0000,0,False,False,P,False,56.0,13.79,109560,11.45710,94.51,1.078,8.70,88.0,43.0,0.0
1787969638.8,0.00,703.0,0,0.260,0.000,0.0000,0,False,False,P,False,56.0,13.79,109560,11.45710,94.90,1.078,8.70,88.0,43.0,0.0
1787969639.0,0.00,699.8,0,0.260,0.000,0.0000,0,False,False,P,False,56.0,13.79,109560,11.45710,95.29,1.091,8.70,88.0,43.0,0.0
1787969639.2,0.00,699.2,0,0.260,0.000,0.0000,0,False,False,P,False,56.0,13.79,109560,11.45710,94.90,1.091,8.70,88.0,43.0,0.0
1787969639.4,0.00,698.8,0,0.260,0.000,0.0000,0,False,False,P,False,56.0,13.79,109560,11.45710,95.29,1.065,8.70,88.0,43.0,0.0
1787969639.6,0.00,697.8,0,0.260,0.000,0.0000,0,False,False,P,False,56.0,13.81,109560,11.45710,95.29,1.091,8.70,88.0,43.0,0.0
1787969639.8,0.00,700.0,0,0.260,0.000,0.0000,0,False,False,P,False,56.0,13.81,109560,11.45710,94.90,1.065,8.70,88.0,43.0,0.0
1787969640.0,0.00,704.5,0,0.260,0.000,0.0000,0,False,False,P,False,56.0,13.81,109560,11.45710,94.90,1.091,8.70,88.0,43.0,0.0
1787969640.2,0.00,707.0,0,0.260,0.000,0.0000,0,False,False,P,False,56.0,13.81,109560,11.45710,94.51,1.078,8.69,88.0,43.0,0.0
1787969640.4,0.00,707.5,0,0.260,0.000,0.0000,0,False,False,P,False,56.0,13.81,109560,11.45710,94.51,1.053,8.69,88.0,43.0,0.0
1787969640.6,0.00,709.5,0,0.260,0.000,0.0000,0,False,False,P,False,56.0,13.81,109560,11.45710,94.90,1.078,8.69,88.0,43.0,0.0
1787969640.8,0.00,708.0,0,0.260,0.000,0.0000,0,False,False,P,False,56.0,13.81,109560,11.45710,95.29,1.078,8.69,88.0,43.0,0.0
1787969641.0,0.00,703.8,0,0.260,0.000,0.0000,0,False,False,P,False,56.0,13.81,109560,11.45710,95.29,1.104,8.69,88.0,43.0,0.0
1787969641.2,0.00,702.5,0,0.260,0.000,0.0000,0,False,False,P,False,56.0,13.81,109560,11.45710,95.29,1.053,8.69,88.0,43.0,0.0
1787969641.4,0.00,699.2,0,0.260,0.000,0.0000,0,False,False,P,False,56.0,13.81,109560,11.45710,94.51,1.053,8.69,88.0,43.0,0.0
1787969641.6,0.00,696.8,0,0.260,0.000,0.0000,0,False,False,P,False,56.0,13.81,109560,11.45710,95.29,1.078,8.69,88.0,43.0,0.0
1787969641.9,0.00,697.8,0,0.260,0.000,0.0000,0,False,False,P,False,56.0,13.81,109560,11.45710,94.90,1.053,8.69,88.0,43.0,0.0
1787969642.1,0.00,695.0,0,0.260,0.000,0.0000,0,False,False,P,False,56.0,13.81,109560,11.45710,94.90,1.065,8.69,88.0,43.0,0.0
1787969642.3,0.00,694.5,0,0.260,0.000,0.0000,0,False,False,P,False,56.0,13.81,109560,11.45710,95.29,1.091,8.69,88.0,44.0,0.0
1787969642.5,0.00,695.2,0,0.260,0.000,0.0000,0,False,False,P,False,56.0,13.81,109560,11.45710,94.90,1.091,8.69,88.0,44.0,0.0
1787969642.7,0.00,699.8,0,0.260,0.000,0.0000,0,False,False,P,False,56.0,13.81,109560,11.45710,94.90,1.121,8.69,88.0,44.0,0.0
1787969642.9,0.00,704.0,0,0.260,0.000,0.0000,0,False,False,P,False,56.0,13.79,109560,11.45710,94.90,1.040,8.69,88.0,44.0,0.0
1787969643.1,0.00,707.2,0,0.260,0.000,0.0000,0,False,False,P,False,56.0,13.79,109560,11.45710,94.90,1.091,8.69,88.0,44.0,0.0
1787969643.3,0.00,707.8,0,0.260,0.000,0.0000,0,False,False,P,False,56.0,13.79,109560,11.45710,94.90,1.065,8.69,88.0,43.0,0.0
1787969643.5,0.00,707.2,0,0.260,0.000,0.0000,0,False,False,P,False,56.0,13.79,109560,11.45710,94.90,1.078,8.69,88.0,43.0,0.0
1787969643.7,0.00,707.8,0,0.260,0.000,0.0000,0,False,False,P,False,56.0,13.79,109560,11.45710,94.90,1.091,8.69,88.0,43.0,0.0
1787969643.9,0.00,707.8,0,0.260,0.000,0.0000,0,False,False,P,False,56.0,13.79,109560,11.45710,95.29,1.091,8.69,88.0,43.0,0.0
1787969644.1,0.00,694.0,0,0.260,0.000,0.0000,0,False,False,P,False,56.0,13.79,109560,11.45710,95.29,0.785,8.69,88.0,41.0,0.0
1787969644.3,0.00,740.5,0,0.260,0.000,0.0000,0,False,False,P,False,56.0,13.79,109560,11.45710,95.29,0.756,8.69,88.0,40.0,0.0
1787969644.5,0.00,748.0,0,0.260,0.000,0.0000,0,False,False,P,False,56.0,13.79,109560,11.45710,95.29,0.743,8.69,88.0,37.0,0.0
1787969644.7,0.00,744.8,0,0.260,0.000,0.0000,0,False,False,P,False,56.0,13.79,109560,11.45710,95.29,0.726,8.69,88.0,35.0,0.0
1787969644.9,0.00,737.5,0,0.260,0.000,0.0000,0,False,False,P,False,56.0,13.79,109560,11.45710,95.29,0.675,8.69,88.0,33.0,0.0
1787969645.1,0.00,720.8,0,0.260,0.000,0.0000,0,False,False,P,False,56.0,13.79,109560,11.45710,95.29,0.705,8.69,88.0,32.0,0.0
1787969645.3,0.00,712.5,0,0.260,0.000,0.0000,0,False,False,P,False,56.0,13.79,109560,11.45710,94.51,0.713,8.69,88.0,31.0,0.0
1787969645.5,0.00,706.2,0,0.260,0.000,0.0000,0,False,False,P,False,56.0,13.79,109560,11.45710,94.90,0.705,8.69,88.0,31.0,0.0
1787969645.7,0.00,695.8,0,0.260,0.000,0.0000,0,False,False,P,False,56.0,13.79,109560,11.45710,95.29,0.696,8.69,88.0,31.0,0.0
1787969645.9,0.00,691.2,0,0.260,0.000,0.0000,0,False,False,P,False,56.0,13.76,109560,11.45710,95.29,0.713,8.68,88.0,31.0,0.0
1787969646.1,0.00,689.8,0,0.260,0.000,0.0000,0,False,False,P,False,56.0,13.76,109560,11.45710,95.29,0.726,8.68,88.0,31.0,0.0
1787969646.3,0.00,697.0,0,0.260,0.000,0.0000,0,False,False,P,False,56.0,13.76,109560,11.45710,95.29,0.734,8.68,88.0,31.0,0.0
1787969646.5,0.00,698.5,0,0.260,0.000,0.0000,0,False,False,P,False,56.0,13.76,109560,11.45710,95.29,0.705,8.68,88.0,31.0,0.0
1787969646.7,0.00,704.5,0,0.260,0.000,0.0000,0,False,False,P,False,56.0,13.76,109560,11.45710,95.29,0.683,8.68,88.0,31.0,0.0
1787969646.9,0.00,703.0,0,0.260,0.000,0.0000,0,False,False,P,False,56.0,13.76,109560,11.45710,95.29,0.705,8.68,88.0,31.0,0.0
1787969647.1,0.00,701.2,0,0.260,0.000,0.0000,0,False,False,P,False,56.0,13.76,109560,11.45710,95.29,0.713,8.68,88.0,31.0,0.0
1787969647.3,0.00,699.8,0,0.260,0.000,0.0000,0,False,False,P,False,56.0,13.76,109560,11.45710,95.29,0.696,8.68,88.0,31.0,0.0
1787969647.5,0.00,701.0,0,0.260,0.000,0.0000,0,False,False,P,False,56.0,13.76,109560,11.45710,95.29,0.713,8.68,88.0,31.0,0.0
1787969647.8,0.00,703.8,0,0.260,0.000,0.0000,0,False,False,P,False,56.0,13.76,109560,11.45710,95.29,0.713,8.68,88.0,31.0,0.0
1787969648.0,0.00,706.2,0,0.260,0.000,0.0000,0,False,False,P,False,56.0,13.76,109560,11.45710,95.29,0.705,8.68,88.0,31.0,0.0
1787969648.2,0.00,705.5,0,0.260,0.000,0.0000,0,False,False,P,False,56.0,13.76,109560,11.45710,95.29,0.726,8.68,88.0,31.0,0.0
1787969648.4,0.00,705.5,0,0.260,0.000,0.0000,0,False,False,P,False,56.0,13.76,109560,11.45710,95.29,0.713,8.68,88.0,31.0,0.0
1787969648.6,0.00,705.8,0,0.260,0.000,0.0000,0,False,False,P,False,56.0,13.76,109560,11.45710,94.90,0.713,8.68,88.0,31.0,0.0
1787969648.8,0.00,708.0,0,0.260,0.000,0.0000,0,False,False,P,False,56.0,13.76,109560,11.45710,95.29,0.734,8.68,88.0,31.0,0.0
1787969649.0,0.00,705.8,0,0.260,0.000,0.0000,0,False,False,P,False,56.0,13.82,109560,11.45710,95.29,0.713,8.68,88.0,31.0,0.0
1787969649.2,0.00,701.5,0,0.260,0.000,0.0000,0,False,False,P,False,56.0,13.82,109560,11.45710,95.29,0.705,8.68,88.0,31.0,0.0
1787969649.4,0.00,701.8,0,0.260,0.000,0.0000,0,False,False,P,False,56.0,13.82,109560,11.45710,95.29,0.713,8.68,88.0,31.0,0.0
1787969649.6,0.00,701.0,0,0.260,0.000,0.0000,0,False,False,P,False,56.0,13.82,109560,11.45710,95.29,0.734,8.68,88.0,31.0,0.0
1787969649.8,0.00,700.5,0,0.260,0.000,0.0000,0,False,False,P,False,56.0,13.82,109560,11.45710,95.29,0.696,8.68,88.0,31.0,0.0
1787969650.0,0.00,699.8,0,0.260,0.000,0.0000,0,False,False,P,False,56.0,13.82,109560,11.45710,95.29,0.713,8.68,88.0,31.0,0.0
1787969650.2,0.00,697.0,0,0.260,0.000,0.0000,0,False,False,P,False,56.0,13.82,109560,11.45710,95.29,0.734,8.68,88.0,31.0,0.0
1787969650.4,0.00,697.8,0,0.260,0.000,0.0000,0,False,False,P,False,56.0,13.82,109560,11.45710,95.29,0.713,8.68,88.0,31.0,0.0
1787969650.6,0.00,698.0,0,0.260,0.000,0.0000,0,False,False,P,False,56.0,13.82,109560,11.45710,94.90,0.713,8.68,88.0,31.0,0.0
1787969650.8,0.00,701.0,0,0.260,0.000,0.0000,0,False,False,P,False,56.0,13.82,109560,11.45710,95.29,0.705,8.68,88.0,31.0,0.0
1787969651.0,0.00,696.8,0,0.260,0.000,0.0000,0,False,False,P,False,56.0,13.82,109560,11.45710,95.29,0.726,8.68,88.0,31.0,0.0
1787969651.2,0.00,697.0,0,0.260,0.000,0.0000,0,False,False,P,False,56.0,13.81,109560,11.45710,94.90,0.705,8.68,88.0,31.0,0.0
1787969651.4,0.00,696.5,0,0.260,0.000,0.0000,0,False,False,P,False,56.0,13.81,109560,11.45710,95.29,0.705,8.68,88.0,31.0,0.0
1787969651.6,0.00,697.5,0,0.260,0.000,0.0000,0,False,False,P,False,56.0,13.81,109560,11.45710,95.29,0.705,8.68,88.0,31.0,0.0
1787969651.8,0.00,701.2,0,0.260,0.000,0.0000,0,False,False,P,False,56.0,13.81,109560,11.45710,95.29,0.726,8.68,88.0,31.0,0.0
1787969652.0,0.00,704.5,0,0.260,0.000,0.0000,0,False,False,P,False,56.0,13.81,109560,11.45710,95.29,0.713,8.68,88.0,31.0,0.0
1787969652.2,0.00,705.0,0,0.260,0.000,0.0000,0,False,False,P,False,56.0,13.81,109560,11.45710,95.29,0.726,8.68,88.0,31.0,0.0
1787969652.4,0.00,706.2,0,0.260,0.000,0.0000,0,False,False,P,False,56.0,13.81,109560,11.45710,95.29,0.713,8.68,88.0,31.0,0.0
1787969652.6,0.00,704.8,0,0.260,0.000,0.0000,0,False,False,P,False,56.0,13.81,109560,11.45710,95.29,0.713,8.68,88.0,31.0,0.0
1787969652.8,0.00,706.5,0,0.260,0.000,0.0000,0,False,False,P,False,56.0,13.81,109560,11.45710,95.29,0.726,8.68,88.0,31.0,0.0
1787969653.0,0.00,705.8,0,0.260,0.000,0.0000,0,False,False,P,False,56.0,13.81,109560,11.45710,95.29,0.713,8.68,88.0,31.0,0.0
1787969653.2,0.00,702.0,0,0.260,0.000,0.0000,0,False,False,P,False,56.0,13.81,109560,11.45710,94.90,0.713,8.68,88.0,31.0,0.0
1787969653.4,0.00,699.5,0,0.260,0.000,0.0000,0,False,False,P,False,56.0,13.81,109560,11.45710,94.90,0.726,8.68,88.0,31.0,0.0
1787969653.7,0.00,698.8,0,0.260,0.000,0.0000,0,False,False,P,False,56.0,13.81,109560,11.45710,95.29,0.726,8.67,88.0,31.0,0.0
1787969653.9,0.00,696.8,0,0.260,0.000,0.0000,0,False,False,P,False,56.0,13.81,109560,11.45710,95.29,0.726,8.67,88.0,31.0,0.0
1787969654.1,0.00,699.2,0,0.260,0.000,0.0000,0,False,False,P,False,56.0,13.81,109560,11.45710,95.29,0.734,8.67,88.0,31.0,0.0
1787969654.3,0.00,701.8,0,0.260,0.000,0.0000,0,False,False,P,False,56.0,13.81,109560,11.45710,95.29,0.713,8.67,88.0,31.0,0.0
1787969654.5,0.00,702.0,0,0.260,0.000,0.0000,0,False,False,P,False,56.0,13.81,109560,11.45710,95.29,0.705,8.67,88.0,31.0,0.0
1787969654.7,0.00,696.8,0,0.260,0.000,0.0000,0,False,False,P,False,56.0,13.81,109560,11.45710,94.90,0.705,8.67,88.0,31.0,0.0
1787969654.9,0.00,696.0,0,0.260,0.000,0.0000,0,False,False,P,False,56.0,13.81,109560,11.45710,95.29,0.705,8.67,88.0,31.0,0.0
1787969655.1,0.00,698.2,0,0.260,0.000,0.0000,0,False,False,P,False,56.0,13.82,109560,11.45710,95.29,0.726,8.67,88.0,31.0,0.0
1787969655.3,0.00,699.8,0,0.260,0.000,0.0000,0,False,False,P,False,56.0,13.82,109560,11.45710,95.29,0.726,8.67,88.0,31.0,0.0
1787969655.5,0.00,702.2,0,0.260,0.000,0.0000,0,False,False,P,False,56.0,13.82,109560,11.45710,94.90,0.696,8.67,88.0,31.0,0.0
1787969655.7,0.00,702.5,0,0.260,0.000,0.0000,0,False,False,P,False,56.0,13.82,109560,11.45710,95.29,1.464,8.67,88.0,35.0,0.0
1787969655.9,0.00,779.8,0,0.260,0.000,0.0000,0,False,False,P,False,56.0,13.82,109560,11.45710,95.29,1.104,8.67,88.0,39.0,0.0
1787969656.1,0.00,763.5,0,0.260,0.000,0.0000,0,False,False,P,False,56.0,13.82,109560,11.45710,94.90,1.104,8.67,88.0,39.0,0.0
1787969656.3,0.00,751.2,0,0.260,0.000,0.0000,0,False,False,P,False,56.0,13.82,109560,11.45710,95.29,1.091,8.67,88.0,42.0,0.0
1787969656.5,0.00,738.8,0,0.260,0.000,0.0000,0,False,False,P,False,56.0,13.82,109560,11.45710,95.29,1.286,8.67,88.0,41.0,0.0
1787969656.7,0.00,736.5,0,0.260,0.000,0.0000,0,False,False,P,False,56.0,13.82,109560,11.45710,95.29,1.244,8.67,88.0,42.0,0.0
1787969656.9,0.00,739.8,0,0.260,0.000,0.0000,0,False,False,P,False,56.0,13.82,109560,11.45710,95.29,1.146,8.67,88.0,43.0,0.0
1787969657.1,0.00,741.5,0,0.260,0.000,0.0000,0,False,False,P,False,56.0,13.82,109560,11.45710,94.90,1.121,8.67,88.0,43.0,0.0
1787969657.3,0.00,731.5,0,0.260,0.000,0.0000,0,False,False,P,False,56.0,13.82,109560,11.45710,95.29,1.121,8.67,88.0,43.0,0.0
1787969657.5,0.00,725.5,0,0.260,0.000,0.0000,0,False,False,P,False,56.0,13.82,109560,11.45710,95.29,1.121,8.67,88.0,43.0,0.0
1787969657.7,0.00,722.0,0,0.260,0.000,0.0000,0,False,False,P,False,56.0,13.82,109560,11.45710,95.29,1.146,8.67,88.0,43.0,0.0
1787969657.9,0.00,720.5,0,0.260,0.000,0.0000,0,False,False,P,False,56.0,13.82,109560,11.45710,95.29,1.146,8.67,88.0,43.0,0.0
1787969658.1,0.00,718.0,0,0.260,0.000,0.0000,0,False,False,P,False,56.0,13.82,109560,11.45710,95.29,1.146,8.67,88.0,44.0,0.0
1787969658.3,0.00,717.5,0,0.260,0.000,0.0000,0,False,False,P,False,56.0,13.44,109560,11.45710,95.29,1.146,8.67,88.0,44.0,0.0
1787969658.5,0.00,719.2,0,0.260,0.000,0.0000,0,False,False,P,False,56.0,13.44,109560,11.45710,95.29,1.172,8.67,88.0,44.0,0.0
1787969658.7,0.00,719.2,0,0.260,0.000,0.0000,0,False,False,P,False,56.0,13.44,109560,11.45710,94.51,1.159,8.67,88.0,45.0,0.0
1787969658.9,0.00,724.5,0,0.260,0.000,0.0000,0,False,False,P,False,56.0,13.44,109560,11.45710,95.29,1.172,8.67,88.0,45.0,0.0
1787969659.1,0.00,729.5,0,0.260,0.000,0.0000,0,False,False,P,False,56.0,13.44,109560,11.45710,95.29,1.172,8.66,88.0,45.0,0.0
1787969659.3,0.00,739.8,0,0.260,0.000,0.0000,0,False,False,P,False,56.0,13.44,109560,11.45710,95.29,1.133,8.66,88.0,45.0,0.0
1787969659.5,0.00,742.8,0,0.260,0.000,0.0000,0,False,False,P,False,56.0,13.44,109560,11.45710,94.90,1.078,8.66,88.0,45.0,0.0
1787969659.7,0.00,738.0,0,0.260,0.000,0.0000,0,False,False,P,False,56.0,13.44,109560,11.45710,95.29,1.104,8.66,88.0,43.0,0.0
1787969659.9,0.00,730.5,0,0.260,0.000,0.0000,0,False,False,P,False,56.0,13.44,109560,11.45710,94.90,1.091,8.66,88.0,43.0,0.0
1787969660.1,0.00,725.5,0,0.260,0.000,0.0000,0,False,False,P,False,56.0,13.44,109560,11.45710,95.29,1.091,8.66,88.0,43.0,0.0
1787969660.4,0.00,715.8,0,0.260,0.000,0.0000,0,False,False,P,False,56.0,13.44,109560,11.45710,95.29,1.078,8.66,88.0,43.0,0.0
1787969660.6,0.00,711.5,0,0.260,0.000,0.0000,0,False,False,P,False,56.0,13.44,109560,11.45710,95.29,1.121,8.66,88.0,43.0,0.0
1787969660.8,0.00,707.2,0,0.260,0.000,0.0000,0,False,False,P,False,56.0,13.44,109560,11.45710,95.29,1.133,8.66,88.0,43.0,0.0
1787969661.0,0.00,709.0,0,0.260,0.000,0.0000,0,False,False,P,False,56.0,13.44,109560,11.45710,95.29,1.091,8.66,88.0,43.0,0.0
1787969661.2,0.00,709.0,0,0.260,0.000,0.0000,0,False,False,P,False,56.0,13.44,109560,11.45710,95.29,1.104,8.66,88.0,43.0,0.0
1787969661.4,0.00,709.0,0,0.260,0.000,0.0000,0,False,False,P,False,56.0,13.81,109560,11.45710,95.29,1.133,8.66,88.0,44.0,0.0
1787969661.6,0.00,712.2,0,0.260,0.000,0.0000,0,False,False,P,False,56.0,13.81,109560,11.45710,94.90,1.133,8.66,88.0,44.0,0.0
1787969661.8,0.00,715.0,0,0.260,0.000,0.0000,0,False,False,P,False,56.0,13.81,109560,11.45710,95.29,1.091,8.66,88.0,44.0,0.0
1787969662.0,0.00,719.0,0,0.260,0.000,0.0000,0,False,False,P,False,56.0,13.81,109560,11.45710,95.29,1.040,8.66,88.0,43.0,0.0
1787969662.2,0.00,719.8,0,0.260,0.000,0.0000,0,False,False,P,False,56.0,13.81,109560,11.45710,95.29,1.091,8.66,88.0,43.0,0.0
1787969662.4,0.00,717.2,0,0.260,0.000,0.0000,0,False,False,P,False,56.0,13.80,109560,11.45710,95.29,1.091,8.66,88.0,43.0,0.0
1787969662.6,0.00,716.0,0,0.260,0.000,0.0000,0,False,False,P,False,56.0,13.80,109560,11.45710,95.29,1.091,8.66,88.0,43.0,0.0
1787969662.8,0.00,713.8,0,0.260,0.000,0.0000,0,False,False,P,False,56.0,13.80,109560,11.45710,95.29,1.078,8.66,88.0,43.0,0.0
1787969663.0,0.00,712.2,0,0.260,0.000,0.0000,0,False,False,P,False,56.0,13.80,109560,11.45710,95.29,1.065,8.66,88.0,43.0,0.0
1787969663.2,0.00,709.0,0,0.260,0.000,0.0000,0,False,False,P,False,56.0,13.79,109560,11.45710,95.29,1.121,8.66,88.0,43.0,0.0
1787969663.4,0.00,708.5,0,0.260,0.000,0.0000,0,False,False,P,False,56.0,13.79,109560,11.45710,95.29,1.104,8.66,88.0,43.0,0.0
1787969663.6,0.00,707.5,0,0.260,0.000,0.0000,0,False,False,P,False,56.0,13.79,109560,11.45710,95.29,1.078,8.66,88.0,43.0,0.0
1787969663.8,0.00,707.2,0,0.260,0.000,0.0000,0,False,False,P,False,56.0,13.79,109560,11.45710,95.29,1.078,8.66,88.0,43.0,0.0
1787969664.0,0.00,704.2,0,0.260,0.000,0.0000,0,False,False,P,False,56.0,13.79,109560,11.45710,95.29,1.078,8.66,88.0,43.0,0.0
1787969664.2,0.00,704.0,0,0.260,0.000,0.0000,0,False,False,P,False,56.0,13.79,109560,11.45710,94.90,1.078,8.65,88.0,43.0,0.0
1787969664.4,0.00,702.0,0,0.260,0.000,0.0000,0,False,False,P,False,56.0,13.81,109560,11.45710,94.90,1.053,8.65,88.0,43.0,0.0
1787969664.6,0.00,701.5,0,0.260,0.000,0.0000,0,False,False,P,False,56.0,13.81,109560,11.45710,95.29,1.078,8.65,88.0,43.0,0.0
1787969664.8,0.00,702.2,0,0.260,0.000,0.0000,0,False,False,P,False,56.0,13.81,109560,11.45710,95.29,1.078,8.65,88.0,43.0,0.0
1787969665.0,0.00,702.8,0,0.260,0.000,0.0000,0,False,False,P,False,56.0,13.81,109560,11.45710,95.29,1.078,8.65,88.0,43.0,0.0
1787969665.2,0.00,702.8,0,0.260,0.000,0.0000,0,False,False,P,False,56.0,13.81,109560,11.45710,95.29,1.065,8.65,88.0,43.0,0.0
1787969665.4,0.00,703.5,0,0.260,0.000,0.0000,0,False,False,P,False,56.0,13.81,109560,11.45710,95.29,1.065,8.65,88.0,43.0,0.0
1787969665.6,0.00,704.8,0,0.260,0.000,0.0000,0,False,False,P,False,56.0,13.81,109560,11.45710,95.29,1.065,8.65,88.0,43.0,0.0
1787969665.8,0.00,705.5,0,0.260,0.000,0.0000,0,False,False,P,False,56.0,13.81,109560,11.45710,95.29,1.065,8.65,88.0,43.0,0.0
1787969666.0,0.00,707.0,0,0.260,0.000,0.0000,0,False,False,P,False,56.0,13.81,109560,11.45710,95.29,1.078,8.65,88.0,43.0,0.0
1787969666.2,0.00,707.5,0,0.260,0.000,0.0000,0,False,False,P,False,56.0,13.81,109560,11.45710,95.29,1.065,8.65,88.0,43.0,0.0
1787969666.4,0.00,706.0,0,0.260,0.000,0.0000,0,False,False,P,False,56.0,13.81,109560,11.45710,95.29,1.078,8.65,88.0,43.0,0.0
1787969666.6,0.00,702.8,0,0.260,0.000,0.0000,0,False,False,P,False,56.0,13.81,109560,11.45710,94.90,1.078,8.65,88.0,43.0,0.0
1787969666.8,0.00,701.0,0,0.260,0.000,0.0000,0,False,False,P,False,56.0,13.81,109560,11.45710,95.29,1.091,8.65,88.0,43.0,0.0
1787969667.0,0.00,698.0,0,0.260,0.000,0.0000,0,False,False,P,False,56.0,13.81,109560,11.45710,95.29,1.053,8.65,88.0,43.0,0.0
1787969667.2,0.00,696.2,0,0.260,0.000,0.0000,0,False,False,P,False,56.0,13.81,109560,11.45710,95.29,1.053,8.65,88.0,43.0,0.0
1787969667.5,0.00,696.5,0,0.260,0.000,0.0000,0,False,False,P,False,56.0,13.79,109560,11.45710,95.29,1.091,8.65,88.0,43.0,0.0
1787969667.7,0.00,696.2,0,0.260,0.000,0.0000,0,False,False,P,False,56.0,13.79,109560,11.45710,95.29,1.065,8.65,88.0,43.0,0.0
1787969667.9,0.00,699.0,0,0.260,0.000,0.0000,0,False,False,P,False,56.0,13.79,109560,11.45710,94.90,1.065,8.65,88.0,43.0,0.0
1787969668.1,0.00,704.5,0,0.260,0.000,0.0000,0,False,False,P,False,56.0,13.79,109560,11.45710,95.29,1.078,8.65,88.0,43.0,0.0
1787969668.3,0.00,706.0,0,0.260,0.000,0.0000,0,False,False,P,False,56.0,13.79,109560,11.45710,94.90,1.053,8.65,88.0,43.0,0.0
1787969668.5,0.00,708.0,0,0.260,0.000,0.0000,0,False,False,P,False,56.0,13.79,109560,11.45710,95.29,1.040,8.65,88.0,43.0,0.0
1787969668.7,0.00,708.0,0,0.260,0.000,0.0000,0,False,False,P,False,56.0,13.79,109560,11.45710,95.29,1.091,8.65,88.0,43.0,0.0
1787969668.9,0.00,708.0,0,0.260,0.000,0.0000,0,False,False,P,False,56.0,13.79,109560,11.45710,95.29,1.065,8.65,88.0,43.0,0.0
1787969669.1,0.00,706.2,0,0.260,0.000,0.0000,0,False,False,P,False,56.0,13.79,109560,11.45710,95.29,1.065,8.65,88.0,43.0,0.0
1787969669.3,0.00,693.5,0,0.260,0.000,0.0000,0,False,False,P,False,56.0,13.79,109560,11.45710,95.29,0.794,8.64,88.0,42.0,0.0
1787969669.5,0.00,735.0,0,0.260,0.000,0.0000,0,False,False,P,False,56.0,13.79,109560,11.45710,95.29,0.764,8.64,88.0,39.0,0.0
1787969669.7,0.00,747.2,0,0.260,0.000,0.0000,0,False,False,P,False,56.0,13.79,109560,11.45710,95.29,0.764,8.64,88.0,37.0,0.0
1787969669.9,0.00,742.2,0,0.260,0.000,0.0000,0,False,False,P,False,56.0,13.79,109560,11.45710,95.29,0.734,8.64,88.0,35.0,0.0
1787969670.1,0.00,739.0,0,0.260,0.000,0.0000,0,False,False,P,False,56.0,13.79,109560,11.45710,95.29,0.713,8.64,88.0,34.0,0.0
1787969670.3,0.00,729.5,0,0.260,0.000,0.0000,0,False,False,P,False,56.0,13.79,109560,11.45710,95.29,0.705,8.64,88.0,32.0,0.0
1787969670.5,0.00,721.2,0,0.260,0.000,0.0000,0,False,False,P,False,56.0,13.79,109560,11.45710,95.29,0.713,8.64,88.0,32.0,0.0
1787969670.7,0.00,708.2,0,0.260,0.000,0.0000,0,False,False,P,False,56.0,13.77,109560,11.45710,95.29,0.713,8.64,88.0,32.0,0.0
1787969670.9,0.00,704.5,0,0.260,0.000,0.0000,0,False,False,P,False,56.0,13.77,109560,11.45710,95.29,0.726,8.64,88.0,31.0,0.0
1787969671.1,0.00,698.5,0,0.260,0.000,0.0000,0,False,False,P,False,56.0,13.77,109560,11.45710,95.29,0.726,8.64,88.0,31.0,0.0
1787969671.3,0.00,696.2,0,0.260,0.000,0.0000,0,False,False,P,False,56.0,13.77,109560,11.45710,95.29,0.743,8.64,88.0,31.0,0.0
1787969671.5,0.00,701.0,0,0.260,0.000,0.0000,0,False,False,P,False,56.0,13.77,109560,11.45710,95.29,0.743,8.64,88.0,31.0,0.0
1787969671.7,0.00,703.0,0,0.260,0.000,0.0000,0,False,False,P,False,56.0,13.77,109560,11.45710,95.29,0.726,8.64,88.0,31.0,0.0
1787969671.9,0.00,704.5,0,0.260,0.000,0.0000,0,False,False,P,False,56.0,13.77,109560,11.45710,94.90,0.726,8.64,88.0,31.0,0.0
1787969672.1,0.00,705.8,0,0.260,0.000,0.0000,0,False,False,P,False,56.0,13.77,109560,11.45710,95.29,0.713,8.64,88.0,31.0,0.0
1787969672.3,0.00,708.2,0,0.260,0.000,0.0000,0,False,False,P,False,56.0,13.77,109560,11.45710,95.29,0.743,8.64,88.0,31.0,0.0
1787969672.5,0.00,706.0,0,0.260,0.000,0.0000,0,False,False,P,False,56.0,13.77,109560,11.45710,94.90,0.726,8.64,88.0,31.0,0.0
1787969672.7,0.00,705.8,0,0.260,0.000,0.0000,0,False,False,P,False,56.0,13.77,109560,11.45710,95.29,0.743,8.64,88.0,31.0,0.0
1787969672.9,0.00,711.0,0,0.260,0.000,0.0000,0,False,False,P,False,56.0,13.77,109560,11.45710,95.29,0.734,8.64,88.0,31.0,0.0
1787969673.1,0.00,710.5,0,0.260,0.000,0.0000,0,False,False,P,False,56.0,13.77,109560,11.45710,94.90,0.756,8.64,88.0,31.0,0.0
1787969673.3,0.00,708.5,0,0.260,0.000,0.0000,0,False,False,P,False,56.0,13.77,109560,11.45710,94.90,0.705,8.64,88.0,31.0,0.0
1787969673.5,0.00,708.5,0,0.260,0.000,0.0000,0,False,False,P,False,56.0,13.77,109560,11.45710,95.29,0.713,8.64,88.0,31.0,0.0
1787969673.7,0.00,708.2,0,0.260,0.000,0.0000,0,False,False,P,False,56.0,13.81,109560,11.45710,95.29,0.756,8.64,88.0,31.0,0.0
1787969674.0,0.00,706.8,0,0.260,0.000,0.0000,0,False,False,P,False,56.0,13.81,109560,11.45710,95.29,0.726,8.64,88.0,31.0,0.0
1787969674.2,0.00,708.5,0,0.260,0.000,0.0000,0,False,False,P,False,56.0,13.81,109560,11.45710,95.29,0.726,8.64,88.0,31.0,0.0
1787969674.4,0.00,704.8,0,0.260,0.000,0.0000,0,False,False,P,False,56.0,13.81,109560,11.45710,95.29,0.726,8.64,88.0,31.0,0.0
1787969674.6,0.00,704.5,0,0.260,0.000,0.0000,0,False,False,P,False,56.0,13.81,109560,11.45710,95.29,0.734,8.64,88.0,31.0,0.0
1787969674.8,0.00,703.2,0,0.260,0.000,0.0000,0,False,False,P,False,56.0,13.81,109560,11.45710,94.90,0.726,8.64,88.0,31.0,0.0
1787969675.0,0.00,699.8,0,0.260,0.000,0.0000,0,False,False,P,False,56.0,13.81,109560,11.45710,95.29,0.726,8.64,88.0,31.0,0.0
1787969675.2,0.00,701.0,0,0.260,0.000,0.0000,0,False,False,P,False,56.0,13.81,109560,11.45710,95.29,0.726,8.64,88.0,31.0,0.0
1787969675.4,0.00,698.5,0,0.260,0.000,0.0000,0,False,False,P,False,56.0,13.81,109560,11.45710,95.29,0.726,8.64,88.0,31.0,0.0
1787969675.6,0.00,699.0,0,0.260,0.000,0.0000,0,False,False,P,False,56.0,13.81,109560,11.45710,95.29,0.726,8.64,88.0,31.0,0.0
1787969675.8,0.00,701.5,0,0.260,0.000,0.0000,0,False,False,P,False,56.0,13.81,109560,11.45710,95.29,0.713,8.64,88.0,31.0,0.0
1787969676.0,0.00,703.5,0,0.260,0.000,0.0000,0,False,False,P,False,56.0,13.81,109560,11.45710,94.90,0.726,8.64,88.0,31.0,0.0
1787969676.2,0.00,705.8,0,0.260,0.000,0.0000,0,False,False,P,False,56.0,13.81,109560,11.45710,95.29,0.726,8.64,88.0,31.0,0.0
1787969676.4,0.00,706.8,0,0.260,0.000,0.0000,0,False,False,P,False,56.0,13.81,109560,11.45710,95.29,0.713,8.64,88.0,31.0,0.0
1787969676.6,0.00,704.8,0,0.260,0.000,0.0000,0,False,False,P,False,56.0,13.81,109560,11.45710,95.29,0.734,8.64,88.0,31.0,0.0
1787969676.8,0.00,708.2,0,0.260,0.000,0.0000,0,False,False,P,False,56.0,13.79,109560,11.45710,94.90,0.726,8.63,88.0,31.0,0.0
1787969677.0,0.00,704.0,0,0.260,0.000,0.0000,0,False,False,P,False,56.0,13.79,109560,11.45710,95.29,0.705,8.63,88.0,31.0,0.0
1787969677.2,0.00,704.5,0,0.260,0.000,0.0000,0,False,False,P,False,56.0,13.79,109560,11.45710,95.29,0.734,8.63,88.0,31.0,0.0
1787969677.4,0.00,707.8,0,0.260,0.000,0.0000,0,False,False,P,False,56.0,13.79,109560,11.45710,95.29,0.713,8.63,88.0,31.0,0.0
1787969677.6,0.00,710.5,0,0.260,0.000,0.0000,0,False,False,P,False,56.0,13.79,109560,11.45710,95.29,0.696,8.63,88.0,31.0,0.0
1787969677.8,0.00,707.0,0,0.260,0.000,0.0000,0,False,False,P,False,56.0,13.79,109560,11.45710,95.29,0.713,8.63,88.0,31.0,0.0
1787969678.0,0.00,704.2,0,0.260,0.000,0.0000,0,False,False,P,False,56.0,13.79,109560,11.45710,95.29,0.734,8.63,88.0,31.0,0.0
1787969678.2,0.00,706.8,0,0.260,0.000,0.0000,0,False,False,P,False,56.0,13.79,109560,11.45710,95.29,0.726,8.63,88.0,31.0,0.0
1787969678.4,0.00,703.5,0,0.260,0.000,0.0000,0,False,False,P,False,56.0,13.79,109560,11.45710,95.29,0.705,8.63,88.0,31.0,0.0
1787969678.6,0.00,700.2,0,0.260,0.000,0.0000,0,False,False,P,False,56.0,13.79,109560,11.45710,95.29,0.705,8.63,88.0,31.0,0.0
1787969678.8,0.00,702.8,0,0.260,0.000,0.0000,0,False,False,P,False,56.0,13.79,109560,11.45710,95.29,0.743,8.63,88.0,31.0,0.0
1787969679.0,0.00,699.8,0,0.260,0.000,0.0000,0,False,False,P,False,56.0,13.79,109560,11.45710,95.29,0.713,8.63,88.0,31.0,0.0
1787969679.2,0.00,699.5,0,0.260,0.000,0.0000,0,False,False,P,False,56.0,13.79,109560,11.45710,95.29,0.726,8.63,88.0,31.0,0.0
1787969679.4,0.00,701.8,0,0.260,0.000,0.0000,0,False,False,P,False,56.0,13.79,109560,11.45710,95.29,0.726,8.63,88.0,31.0,0.0
1787969679.6,0.00,702.8,0,0.260,0.000,0.0000,0,False,False,P,False,56.0,13.79,109560,11.45710,95.29,0.734,8.63,88.0,31.0,0.0
1787969679.8,0.00,702.2,0,0.260,0.000,0.0000,0,False,False,P,False,56.0,13.81,109560,11.45710,95.29,0.726,8.63,88.0,31.0,0.0
1787969680.0,0.00,705.5,0,0.260,0.000,0.0000,0,False,False,P,False,56.0,13.81,109560,11.45710,95.29,0.713,8.63,88.0,31.0,0.0
1787969680.2,0.00,705.8,0,0.260,0.000,0.0000,0,False,False,P,False,56.0,13.81,109560,11.45710,95.29,0.713,8.63,88.0,31.0,0.0
1787969680.5,0.00,706.5,0,0.260,0.000,0.0000,0,False,False,P,False,56.0,13.81,109560,11.45710,95.29,0.713,8.63,88.0,31.0,0.0
1787969680.7,0.00,712.5,0,0.260,0.000,0.0000,0,False,False,P,False,56.0,13.81,109560,11.45710,95.29,0.705,8.63,88.0,31.0,0.0
1787969680.9,0.00,754.0,0,0.260,0.000,0.0000,0,False,False,P,False,56.0,13.81,109560,11.45710,95.29,1.464,8.63,88.0,38.0,0.0
1787969681.1,0.00,798.8,0,0.260,0.000,0.0000,0,False,False,P,False,56.0,13.81,109560,11.45710,95.29,1.065,8.63,88.0,39.0,0.0
1787969681.3,0.00,742.2,0,0.260,0.000,0.0000,0,False,False,P,False,56.0,13.81,109560,11.45710,95.29,1.371,8.63,88.0,40.0,0.0
1787969681.5,0.00,746.8,0,0.260,0.000,0.0000,0,False,False,P,False,56.0,13.81,109560,11.45710,95.29,1.104,8.63,88.0,41.0,0.0
1787969681.7,0.00,738.8,0,0.260,0.000,0.0000,0,False,False,P,False,56.0,13.81,109560,11.45710,95.29,1.227,8.63,88.0,41.0,0.0
1787969681.9,0.00,736.2,0,0.260,0.000,0.0000,0,False,False,P,False,56.0,13.81,109560,11.45710,95.29,1.091,8.63,88.0,42.0,0.0
1787969682.1,0.00,734.5,0,0.260,0.000,0.0000,0,False,False,P,False,56.0,13.81,109560,11.45710,95.29,1.172,8.63,88.0,43.0,0.0
1787969682.3,0.00,734.8,0,0.260,0.000,0.0000,0,False,False,P,False,56.0,13.81,109560,11.45710,95.29,1.172,8.63,89.0,43.0,0.0
1787969682.5,0.00,731.5,0,0.260,0.000,0.0000,0,False,False,P,False,56.0,13.81,109560,11.45710,95.29,1.133,8.63,88.0,43.0,0.0
1787969682.7,0.00,728.2,0,0.260,0.000,0.0000,0,False,False,P,False,56.0,13.81,109560,11.45710,95.29,1.133,8.63,89.0,43.0,0.0
1787969682.9,0.00,722.8,0,0.260,0.000,0.0000,0,False,False,P,False,56.0,13.39,109560,11.45710,95.29,1.121,8.63,88.0,43.0,0.0
1787969683.1,0.00,719.5,0,0.260,0.000,0.0000,0,False,False,P,False,56.0,13.39,109560,11.45710,95.29,1.104,8.62,89.0,43.0,0.0
1787969683.3,0.00,719.2,0,0.260,0.000,0.0000,0,False,False,P,False,56.0,13.39,109560,11.45710,95.29,1.104,8.62,89.0,44.0,0.0
1787969683.5,0.00,719.2,0,0.260,0.000,0.0000,0,False,False,P,False,56.0,13.39,109560,11.45710,95.29,1.172,8.62,89.0,44.0,0.0
1787969683.7,0.00,720.8,0,0.260,0.000,0.0000,0,False,False,P,False,56.0,13.39,109560,11.45710,95.29,1.201,8.62,89.0,44.0,0.0
1787969683.9,0.00,724.5,0,0.260,0.000,0.0000,0,False,False,P,False,56.0,13.39,109560,11.45710,95.29,1.146,8.62,89.0,44.0,0.0
1787969684.1,0.00,730.8,0,0.260,0.000,0.0000,0,False,False,P,False,56.0,13.39,109560,11.45710,94.90,1.159,8.62,88.0,45.0,0.0
1787969684.3,0.00,737.5,0,0.260,0.000,0.0000,0,False,False,P,False,56.0,13.39,109560,11.45710,95.29,1.121,8.62,88.0,45.0,0.0
1787969684.5,0.00,742.2,0,0.260,0.000,0.0000,0,False,False,P,False,56.0,13.39,109560,11.45710,95.29,1.104,8.62,88.0,44.0,0.0
1787969684.7,0.00,738.2,0,0.260,0.000,0.0000,0,False,False,P,False,56.0,13.39,109560,11.45710,95.29,1.091,8.62,88.0,44.0,0.0
1787969684.9,0.00,732.2,0,0.260,0.000,0.0000,0,False,False,P,False,56.0,13.39,109560,11.45710,94.90,1.078,8.62,88.0,43.0,0.0
1787969685.1,0.00,726.2,0,0.260,0.000,0.0000,0,False,False,P,False,56.0,13.39,109560,11.45710,95.29,1.091,8.62,88.0,43.0,0.0
1787969685.3,0.00,717.0,0,0.260,0.000,0.0000,0,False,False,P,False,56.0,13.39,109560,11.45710,95.29,1.104,8.62,88.0,43.0,0.0
1787969685.5,0.00,712.2,0,0.260,0.000,0.0000,0,False,False,P,False,56.0,13.39,109560,11.45710,95.29,1.091,8.62,88.0,43.0,0.0
1787969685.7,0.00,710.0,0,0.260,0.000,0.0000,0,False,False,P,False,56.0,13.39,109560,11.45710,95.29,1.091,8.62,88.0,43.0,0.0
1787969685.9,0.00,711.0,0,0.260,0.000,0.0000,0,False,False,P,False,56.0,13.79,109560,11.45710,95.29,1.133,8.62,88.0,43.0,0.0
1787969686.1,0.00,714.2,0,0.260,0.000,0.0000,0,False,False,P,False,56.0,13.79,109560,11.45710,95.29,1.091,8.62,88.0,43.0,0.0
1787969686.4,0.00,716.5,0,0.260,0.000,0.0000,0,False,False,P,False,56.0,13.79,109560,11.45710,95.29,1.078,8.62,88.0,43.0,0.0
1787969686.6,0.00,719.0,0,0.260,0.000,0.0000,0,False,False,P,False,56.0,13.79,109560,11.45710,95.29,1.078,8.62,88.0,43.0,0.0
1787969686.8,0.00,720.8,0,0.260,0.000,0.0000,0,False,False,P,False,56.0,13.79,109560,11.45710,95.29,1.091,8.62,88.0,43.0,0.0
1787969687.0,0.00,720.0,0,0.260,0.000,0.0000,0,False,False,P,False,56.0,13.79,109560,11.45710,95.29,1.091,8.62,88.0,43.0,0.0
1787969687.2,0.00,718.2,0,0.260,0.000,0.0000,0,False,False,P,False,56.0,13.79,109560,11.45710,95.29,1.091,8.62,88.0,43.0,0.0
1787969687.4,0.00,713.5,0,0.260,0.000,0.0000,0,False,False,P,False,56.0,13.79,109560,11.45710,95.29,1.065,8.62,88.0,43.0,0.0
1787969687.6,0.00,710.2,0,0.260,0.000,0.0000,0,False,False,P,False,56.0,13.79,109560,11.45710,95.29,1.091,8.62,88.0,43.0,0.0
1787969687.8,0.00,706.0,0,0.260,0.000,0.0000,0,False,False,P,False,56.0,13.79,109560,11.45710,95.29,1.078,8.62,88.0,43.0,0.0
1787969688.0,0.00,706.2,0,0.260,0.000,0.0000,0,False,False,P,False,56.0,13.79,109560,11.45710,95.29,1.078,8.62,88.0,43.0,0.0
1787969688.2,0.00,704.0,0,0.260,0.000,0.0000,0,False,False,P,False,56.0,13.79,109560,11.45710,95.29,1.078,8.61,88.0,43.0,0.0
1787969688.4,0.00,703.5,0,0.260,0.000,0.0000,0,False,False,P,False,56.0,13.79,109560,11.45710,95.29,1.104,8.61,88.0,43.0,0.0
1787969688.6,0.00,704.8,0,0.260,0.000,0.0000,0,False,False,P,False,56.0,13.79,109560,11.45710,95.29,1.133,8.61,88.0,43.0,0.0
1787969688.8,0.00,706.2,0,0.260,0.000,0.0000,0,False,False,P,False,56.0,13.79,109560,11.45710,95.29,1.078,8.61,88.0,43.0,0.0
1787969689.0,0.00,710.5,0,0.260,0.000,0.0000,0,False,False,P,False,56.0,13.79,109560,11.45710,95.29,1.053,8.61,88.0,43.0,0.0
1787969689.2,0.00,710.5,0,0.260,0.000,0.0000,0,False,False,P,False,56.0,13.81,109560,11.45710,95.29,1.065,8.61,89.0,43.0,0.0
1787969689.4,0.00,710.0,0,0.260,0.000,0.0000,0,False,False,P,False,56.0,13.81,109560,11.45710,95.29,1.065,8.61,88.0,43.0,0.0
1787969689.6,0.00,709.0,0,0.260,0.000,0.0000,0,False,False,P,False,56.0,13.81,109560,11.45710,95.29,1.065,8.61,88.0,43.0,0.0
1787969689.8,0.00,709.2,0,0.260,0.000,0.0000,0,False,False,P,False,56.0,13.81,109560,11.45710,95.29,1.065,8.61,88.0,43.0,0.0
1787969690.0,0.00,704.5,0,0.260,0.000,0.0000,0,False,False,P,False,56.0,13.81,109560,11.45710,95.29,1.078,8.61,88.0,43.0,0.0
1787969690.2,0.00,704.0,0,0.260,0.000,0.0000,0,False,False,P,False,56.0,13.81,109560,11.45710,95.29,1.078,8.61,88.0,43.0,0.0
1787969690.4,0.00,702.0,0,0.260,0.000,0.0000,0,False,False,P,False,56.0,13.81,109560,11.45710,95.29,1.078,8.61,88.0,43.0,0.0
1787969690.6,0.00,699.5,0,0.260,0.000,0.0000,0,False,False,P,False,56.0,13.81,109560,11.45710,95.29,1.078,8.61,88.0,43.0,0.0
1787969690.8,0.00,698.0,0,0.260,0.000,0.0000,0,False,False,P,False,56.0,13.81,109560,11.45710,95.29,1.078,8.61,88.0,43.0,0.0
1787969691.0,0.00,697.2,0,0.260,0.000,0.0000,0,False,False,P,False,56.0,13.81,109560,11.45710,95.29,1.065,8.61,88.0,43.0,0.0
1787969691.2,0.00,697.5,0,0.260,0.000,0.0000,0,False,False,P,False,56.0,13.81,109560,11.45710,95.29,1.053,8.61,89.0,43.0,0.0
1787969691.4,0.00,700.0,0,0.260,0.000,0.0000,0,False,False,P,False,56.0,13.81,109560,11.45710,95.29,1.078,8.61,88.0,43.0,0.0
1787969691.6,0.00,701.8,0,0.260,0.000,0.0000,0,False,False,P,False,56.0,13.81,109560,11.45710,94.90,1.078,8.61,89.0,43.0,0.0
1787969691.8,0.00,703.0,0,0.260,0.000,0.0000,0,False,False,P,False,56.0,13.81,109560,11.45710,95.29,1.040,8.61,88.0,43.0,0.0
1787969692.0,0.00,704.2,0,0.260,0.000,0.0000,0,False,False,P,False,56.0,13.81,109560,11.45710,95.29,1.065,8.61,89.0,43.0,0.0
1787969692.2,0.00,706.5,0,0.260,0.000,0.0000,0,False,False,P,False,56.0,13.81,109560,11.45710,95.29,1.104,8.61,88.0,43.0,0.0
1787969692.4,0.00,707.0,0,0.260,0.000,0.0000,0,False,False,P,False,56.0,13.81,109560,11.45710,95.29,1.065,8.61,88.0,43.0,0.0
1787969692.6,0.00,709.0,0,0.260,0.000,0.0000,0,False,False,P,False,56.0,13.81,109560,11.45710,95.29,1.078,8.61,88.0,43.0,0.0
1787969692.9,0.00,709.5,0,0.260,0.000,0.0000,0,False,False,P,False,56.0,13.81,109560,11.45710,95.29,1.078,8.61,88.0,43.0,0.0
1787969693.1,0.00,708.2,0,0.260,0.000,0.0000,0,False,False,P,False,56.0,13.81,109560,11.45710,95.29,1.053,8.61,88.0,43.0,0.0
1787969693.3,0.00,706.5,0,0.260,0.000,0.0000,0,False,False,P,False,56.0,13.81,109560,11.45710,95.29,1.078,8.60,89.0,43.0,0.0
1787969693.5,0.00,703.0,0,0.260,0.000,0.0000,0,False,False,P,False,56.0,13.81,109560,11.45710,95.29,1.065,8.60,88.0,43.0,0.0
1787969693.7,0.00,702.2,0,0.260,0.000,0.0000,0,False,False,P,False,56.0,13.81,109560,11.45710,95.29,1.078,8.60,89.0,43.0,0.0
1787969693.9,0.00,701.0,0,0.260,0.000,0.0000,0,False,False,P,False,56.0,13.81,109560,11.45710,94.90,1.078,8.60,88.0,43.0,0.0
1787969694.1,0.00,699.8,0,0.260,0.000,0.0000,0,False,False,P,False,56.0,13.81,109560,11.45710,95.29,1.065,8.60,88.0,43.0,0.0
1787969694.3,0.00,699.2,0,0.260,0.000,0.0000,0,False,False,P,False,56.0,13.81,109560,11.45710,95.29,1.065,8.60,88.0,43.0,0.0
1787969694.5,0.00,699.8,0,0.260,0.000,0.0000,0,False,False,P,False,56.0,13.81,109560,11.45710,95.29,1.053,8.60,88.0,43.0,0.0
1787969694.7,0.00,701.5,0,0.260,0.000,0.0000,0,False,False,P,False,56.0,13.81,109560,11.45710,95.29,1.078,8.60,89.0,43.0,0.0
1787969694.9,0.00,701.0,0,0.260,0.000,0.0000,0,False,False,P,False,56.0,13.81,109560,11.45710,95.29,1.065,8.60,89.0,43.0,0.0
1787969695.1,0.00,691.5,0,0.260,0.000,0.0000,0,False,False,P,False,56.0,13.81,109560,11.45710,95.29,0.756,8.60,88.0,41.0,0.0
1787969695.3,0.00,742.5,0,0.260,0.000,0.0000,0,False,False,P,False,56.0,13.85,109560,11.45710,95.29,0.734,8.60,88.0,39.0,0.0
1787969695.5,0.00,753.5,0,0.260,0.000,0.0000,0,False,False,P,False,56.0,13.85,109560,11.45710,95.29,0.764,8.60,88.0,38.0,0.0
1787969695.7,0.00,743.5,0,0.260,0.000,0.0000,0,False,False,P,False,56.0,13.85,109560,11.45710,95.29,0.726,8.60,89.0,36.0,0.0
1787969695.9,0.00,738.8,0,0.260,0.000,0.0000,0,False,False,P,False,56.0,13.85,109560,11.45710,95.29,0.705,8.60,88.0,34.0,0.0
1787969696.1,0.00,730.0,0,0.260,0.000,0.0000,0,False,False,P,False,56.0,13.85,109560,11.45710,95.29,0.705,8.60,89.0,33.0,0.0
1787969696.3,0.00,718.0,0,0.260,0.000,0.0000,0,False,False,P,False,56.0,13.85,109560,11.45710,95.29,0.705,8.60,88.0,32.0,0.0
1787969696.5,0.00,713.2,0,0.260,0.000,0.0000,0,False,False,P,False,56.0,13.85,109560,11.45710,95.29,0.726,8.60,89.0,31.0,0.0
1787969696.7,0.00,705.0,0,0.260,0.000,0.0000,0,False,False,P,False,56.0,13.85,109560,11.45710,95.29,0.734,8.60,89.0,31.0,0.0
1787969696.9,0.00,701.8,0,0.260,0.000,0.0000,0,False,False,P,False,56.0,13.85,109560,11.45710,94.90,0.734,8.60,89.0,31.0,0.0
1787969697.1,0.00,701.8,0,0.260,0.000,0.0000,0,False,False,P,False,56.0,13.85,109560,11.45710,95.29,0.734,8.60,89.0,31.0,0.0
1787969697.3,0.00,708.0,0,0.260,0.000,0.0000,0,False,False,P,False,56.0,13.85,109560,11.45710,95.29,0.756,8.60,89.0,31.0,0.0
1787969697.5,0.00,703.2,0,0.260,0.000,0.0000,0,False,False,P,False,56.0,13.85,109560,11.45710,94.90,0.734,8.60,88.0,31.0,0.0
1787969697.7,0.00,704.5,0,0.260,0.000,0.0000,0,False,False,P,False,56.0,13.85,109560,11.45710,94.90,0.734,8.60,89.0,31.0,0.0
1787969697.9,0.00,707.0,0,0.260,0.000,0.0000,0,False,False,P,False,56.0,13.85,109560,11.45710,95.29,0.734,8.60,89.0,31.0,0.0
1787969698.1,0.00,708.2,0,0.260,0.000,0.0000,0,False,False,P,False,56.0,13.85,109560,11.45710,95.29,0.726,8.60,89.0,31.0,0.0
1787969698.3,0.00,710.0,0,0.260,0.000,0.0000,0,False,False,P,False,56.0,13.81,109560,11.45710,94.90,0.726,8.60,88.0,31.0,0.0
1787969698.5,0.00,710.5,0,0.260,0.000,0.0000,0,False,False,P,False,56.0,13.81,109560,11.45710,95.29,0.743,8.60,89.0,31.0,0.0
1787969698.7,0.00,707.2,0,0.260,0.000,0.0000,0,False,False,P,False,56.0,13.81,109560,11.45710,94.90,0.726,8.60,89.0,31.0,0.0
1787969698.9,0.00,707.2,0,0.260,0.000,0.0000,0,False,False,P,False,56.0,13.81,109560,11.45710,94.90,0.726,8.60,89.0,31.0,0.0
1787969699.2,0.00,708.0,0,0.260,0.000,0.0000,0,False,False,P,False,56.0,13.81,109560,11.45710,95.29,0.726,8.60,89.0,31.0,0.0
1787969699.4,0.00,707.2,0,0.260,0.000,0.0000,0,False,False,P,False,56.0,13.81,109560,11.45710,95.29,0.726,8.60,89.0,31.0,0.0
1787969699.6,0.00,704.2,0,0.260,0.000,0.0000,0,False,False,P,False,56.0,13.81,109560,11.45710,94.90,0.726,8.60,88.0,31.0,0.0
1787969699.8,0.00,701.0,0,0.260,0.000,0.0000,0,False,False,P,False,56.0,13.81,109560,11.45710,95.29,0.734,8.60,89.0,31.0,0.0
1787969700.0,0.00,702.8,0,0.260,0.000,0.0000,0,False,False,P,False,56.0,13.81,109560,11.45710,95.29,0.743,8.60,89.0,31.0,0.0
1787969700.2,0.00,701.0,0,0.260,0.000,0.0000,0,False,False,P,False,56.0,13.81,109560,11.45710,94.90,0.705,8.59,89.0,31.0,0.0
1787969700.4,0.00,706.0,0,0.260,0.000,0.0000,0,False,False,P,False,56.0,13.81,109560,11.45710,95.29,0.705,8.59,89.0,31.0,0.0
1787969700.6,0.00,706.5,0,0.260,0.000,0.0000,0,False,False,P,False,56.0,13.81,109560,11.45710,95.29,0.743,8.59,89.0,31.0,0.0
1787969700.8,0.00,704.2,0,0.260,0.000,0.0000,0,False,False,P,False,56.0,13.81,109560,11.45710,94.90,0.726,8.59,89.0,31.0,0.0
1787969701.0,0.00,702.5,0,0.260,0.000,0.0000,0,False,False,P,False,56.0,13.81,109560,11.45710,95.29,0.734,8.59,89.0,31.0,0.0
1787969701.2,0.00,704.2,0,0.260,0.000,0.0000,0,False,False,P,False,56.0,13.81,109560,11.45710,95.29,0.734,8.59,89.0,31.0,0.0
1787969701.4,0.00,704.5,0,0.260,0.000,0.0000,0,False,False,P,False,56.0,13.81,109560,11.45710,95.29,0.734,8.59,89.0,31.0,0.0
1787969701.6,0.00,707.2,0,0.260,0.000,0.0000,0,False,False,P,False,56.0,13.80,109560,11.45710,94.90,0.713,8.59,89.0,31.0,0.0
1787969701.8,0.00,707.5,0,0.260,0.000,0.0000,0,False,False,P,False,56.0,13.80,109560,11.45710,95.29,0.713,8.59,89.0,31.0,0.0
1787969702.0,0.00,709.0,0,0.260,0.000,0.0000,0,False,False,P,False,56.0,13.80,109560,11.45710,95.29,0.726,8.59,89.0,31.0,0.0
1787969702.2,0.00,707.0,0,0.260,0.000,0.0000,0,False,False,P,False,56.0,13.80,109560,11.45710,95.29,0.726,8.59,89.0,31.0,0.0
1787969702.4,0.00,708.0,0,0.260,0.000,0.0000,0,False,False,P,False,56.0,13.80,109560,11.45710,95.29,0.696,8.59,89.0,31.0,0.0
1787969702.6,0.00,706.0,0,0.260,0.000,0.0000,0,False,False,P,False,56.0,13.80,109560,11.45710,95.29,0.705,8.59,89.0,31.0,0.0
1787969702.8,0.00,700.5,0,0.260,0.000,0.0000,0,False,False,P,False,56.0,13.80,109560,11.45710,95.29,0.734,8.59,89.0,31.0,0.0
1787969703.0,0.00,702.5,0,0.260,0.000,0.0000,0,False,False,P,False,56.0,13.80,109560,11.45710,95.29,0.726,8.59,89.0,31.0,0.0
1787969703.2,0.00,702.0,0,0.260,0.000,0.0000,0,False,False,P,False,56.0,13.80,109560,11.45710,95.29,0.713,8.59,89.0,31.0,0.0
1787969703.4,0.00,701.0,0,0.260,0.000,0.0000,0,False,False,P,False,56.0,13.80,109560,11.45710,95.29,0.713,8.59,89.0,31.0,0.0
1787969703.6,0.00,700.8,0,0.260,0.000,0.0000,0,False,False,P,False,56.0,13.80,109560,11.45710,95.29,0.726,8.59,89.0,31.0,0.0
1787969703.8,0.00,700.0,0,0.260,0.000,0.0000,0,False,False,P,False,56.0,13.80,109560,11.45710,95.29,0.726,8.59,89.0,31.0,0.0
1787969704.0,0.00,698.2,0,0.260,0.000,0.0000,0,False,False,P,False,56.0,13.80,109560,11.45710,94.90,0.734,8.59,89.0,31.0,0.0
1787969704.2,0.00,699.0,0,0.260,0.000,0.0000,0,False,False,P,False,56.0,13.80,109560,11.45710,94.90,0.726,8.59,89.0,31.0,0.0
1787969704.4,0.00,702.0,0,0.260,0.000,0.0000,0,False,False,P,False,56.0,13.80,109560,11.45710,95.29,0.713,8.59,89.0,31.0,0.0
1787969704.6,0.00,704.0,0,0.260,0.000,0.0000,0,False,False,P,False,56.0,13.81,109560,11.45710,95.29,0.734,8.59,89.0,31.0,0.0
1787969704.8,0.00,703.5,0,0.260,0.000,0.0000,0,False,False,P,False,56.0,13.81,109560,11.45710,95.29,0.696,8.59,89.0,31.0,0.0
1787969705.0,0.00,704.8,0,0.260,0.000,0.0000,0,False,False,P,False,56.0,13.81,109560,11.45710,95.29,0.713,8.59,89.0,31.0,0.0
1787969705.2,0.00,701.8,0,0.260,0.000,0.0000,0,False,False,P,False,56.0,13.81,109560,11.45710,95.29,0.705,8.59,89.0,31.0,0.0
1787969705.4,0.00,706.2,0,0.260,0.000,0.0000,0,False,False,P,False,56.0,13.81,109560,11.45710,95.29,0.705,8.59,89.0,31.0,0.0
1787969705.6,0.00,706.5,0,0.260,0.000,0.0000,0,False,False,P,False,56.0,13.81,109560,11.45710,95.29,0.713,8.59,89.0,31.0,0.0
1787969705.9,0.00,707.0,0,0.260,0.000,0.0000,0,False,False,P,False,56.0,13.81,109560,11.45710,95.29,0.726,8.59,89.0,31.0,0.0
1787969706.1,0.00,706.0,0,0.260,0.000,0.0000,0,False,False,P,False,56.0,13.81,109560,11.45710,95.29,0.696,8.59,89.0,31.0,0.0
1787969706.3,0.00,707.5,0,0.260,0.000,0.0000,0,False,False,P,False,56.0,13.81,109560,11.45710,95.29,0.713,8.59,89.0,32.0,0.0
1787969706.5,0.00,718.8,0,0.260,0.000,0.0000,0,False,False,P,False,56.0,13.81,109560,11.45710,95.29,1.286,8.59,89.0,39.0,0.0
1787969706.7,0.00,802.2,0,0.260,0.000,0.0000,0,False,False,P,False,56.0,13.81,109560,11.45710,94.90,1.002,8.59,89.0,40.0,0.0
1787969706.9,0.00,748.2,0,0.260,0.000,0.0000,0,False,False,P,False,56.0,13.81,109560,11.45710,95.29,1.371,8.59,89.0,40.0,0.0
1787969707.1,0.00,748.8,0,0.260,0.000,0.0000,0,False,False,P,False,56.0,13.81,109560,11.45710,95.29,1.121,8.59,89.0,41.0,0.0
1787969707.3,0.00,737.2,0,0.260,0.000,0.0000,0,False,False,P,False,56.0,13.81,109560,11.45710,95.29,1.596,8.58,89.0,42.0,0.0
1787969707.5,0.00,742.2,0,0.260,0.000,0.0000,0,False,False,P,False,56.0,13.81,109560,11.45710,95.29,1.091,8.58,89.0,43.0,0.0
1787969707.7,0.00,743.8,0,0.260,0.000,0.0000,0,False,False,P,False,56.0,13.28,109560,11.45710,95.29,1.053,8.58,89.0,43.0,0.0
1787969707.9,0.00,738.0,0,0.260,0.000,0.0000,0,False,False,P,False,56.0,13.28,109560,11.45710,95.29,1.121,8.58,89.0,43.0,0.0
1787969708.1,0.00,731.0,0,0.260,0.000,0.0000,0,False,False,P,False,56.0,13.28,109560,11.45710,95.29,1.146,8.58,89.0,43.0,0.0
1787969708.3,0.00,723.0,0,0.260,0.000,0.0000,0,False,False,P,False,56.0,13.28,109560,11.45710,95.29,1.091,8.58,89.0,43.0,0.0
1787969708.5,0.00,714.8,0,0.260,0.000,0.0000,0,False,False,P,False,56.0,13.28,109560,11.45710,95.29,1.159,8.58,89.0,43.0,0.0
1787969708.7,0.00,713.5,0,0.260,0.000,0.0000,0,False,False,P,False,56.0,13.28,109560,11.45710,95.29,1.201,8.58,89.0,44.0,0.0
1787969708.9,0.00,714.0,0,0.260,0.000,0.0000,0,False,False,P,False,56.0,13.28,109560,11.45710,95.29,1.121,8.58,89.0,44.0,0.0
1787969709.1,0.00,716.5,0,0.260,0.000,0.0000,0,False,False,P,False,56.0,13.28,109560,11.45710,95.29,1.146,8.58,89.0,45.0,0.0
1787969709.3,0.00,716.0,0,0.260,0.000,0.0000,0,False,False,P,False,56.0,13.28,109560,11.45710,95.29,1.133,8.58,89.0,45.0,0.0
1787969709.5,0.00,719.5,0,0.260,0.000,0.0000,0,False,False,P,False,56.0,13.28,109560,11.45710,95.29,1.159,8.58,89.0,45.0,0.0
1787969709.7,0.00,724.2,0,0.260,0.000,0.0000,0,False,False,P,False,56.0,13.28,109560,11.45710,95.29,1.159,8.58,89.0,45.0,0.0
1787969709.9,0.00,732.0,0,0.260,0.000,0.0000,0,False,False,P,False,56.0,13.28,109560,11.45710,95.29,1.104,8.58,89.0,45.0,0.0
1787969710.1,0.00,739.8,0,0.260,0.000,0.0000,0,False,False,P,False,56.0,13.28,109560,11.45710,94.90,1.078,8.58,89.0,44.0,0.0
1787969710.3,0.00,738.2,0,0.260,0.000,0.0000,0,False,False,P,False,56.0,13.28,109560,11.45710,94.90,1.091,8.58,89.0,44.0,0.0
1787969710.5,0.00,732.2,0,0.260,0.000,0.0000,0,False,False,P,False,56.0,13.28,109560,11.45710,95.29,1.078,8.58,89.0,43.0,0.0
1787969710.7,0.00,725.8,0,0.260,0.000,0.0000,0,False,False,P,False,56.0,13.76,109560,11.45710,95.29,1.091,8.58,89.0,43.0,0.0
1787969710.9,0.00,719.0,0,0.260,0.000,0.0000,0,False,False,P,False,56.0,13.76,109560,11.45710,95.29,1.053,8.58,89.0,43.0,0.0
1787969711.1,0.00,713.0,0,0.260,0.000,0.0000,0,False,False,P,False,56.0,13.76,109560,11.45710,95.29,1.053,8.58,89.0,43.0,0.0
1787969711.3,0.00,706.2,0,0.260,0.000,0.0000,0,False,False,P,False,56.0,13.76,109560,11.45710,95.29,1.091,8.58,89.0,43.0,0.0
1787969711.5,0.00,703.0,0,0.260,0.000,0.0000,0,False,False,P,False,56.0,13.76,109560,11.45710,95.29,1.104,8.58,89.0,43.0,0.0
1787969711.8,0.00,701.2,0,0.260,0.000,0.0000,0,False,False,P,False,56.0,13.76,109560,11.45710,95.29,1.104,8.58,89.0,43.0,0.0
1787969712.0,0.00,703.5,0,0.260,0.000,0.0000,0,False,False,P,False,56.0,13.76,109560,11.45710,95.29,1.091,8.58,89.0,44.0,0.0
1787969712.2,0.00,707.5,0,0.260,0.000,0.0000,0,False,False,P,False,56.0,13.76,109560,11.45710,95.29,1.065,8.58,89.0,44.0,0.0
1787969712.4,0.00,711.5,0,0.260,0.000,0.0000,0,False,False,P,False,56.0,13.76,109560,11.45710,95.29,1.078,8.57,89.0,44.0,0.0
1787969712.6,0.00,715.5,0,0.260,0.000,0.0000,0,False,False,P,False,56.0,13.76,109560,11.45710,95.29,1.078,8.57,89.0,43.0,0.0
1787969712.8,0.00,717.2,0,0.260,0.000,0.0000,0,False,False,P,False,56.0,13.76,109560,11.45710,95.29,1.091,8.57,89.0,43.0,0.0
1787969713.0,0.00,716.5,0,0.260,0.000,0.0000,0,False,False,P,False,56.0,13.76,109560,11.45710,95.29,1.078,8.57,89.0,43.0,0.0
1787969713.2,0.00,712.2,0,0.260,0.000,0.0000,0,False,False,P,False,56.0,13.76,109560,11.45710,94.90,1.027,8.57,89.0,43.0,0.0
1787969713.4,0.00,708.8,0,0.260,0.000,0.0000,0,False,False,P,False,56.0,13.76,109560,11.45710,95.29,1.078,8.57,89.0,43.0,0.0
1787969713.6,0.00,703.2,0,0.260,0.000,0.0000,0,False,False,P,False,56.0,13.76,109560,11.45710,95.29,1.091,8.57,89.0,43.0,0.0
1787969713.8,0.00,699.5,0,0.260,0.000,0.0000,0,False,False,P,False,56.0,13.76,109560,11.45710,95.29,1.040,8.57,89.0,43.0,0.0
1787969714.0,0.00,695.5,0,0.260,0.000,0.0000,0,False,False,P,False,56.0,13.78,109560,11.45710,95.29,1.065,8.57,89.0,43.0,0.0
1787969714.2,0.00,694.2,0,0.260,0.000,0.0000,0,False,False,P,False,56.0,13.78,109560,11.45710,95.29,1.040,8.57,89.0,44.0,0.0
1787969714.4,0.00,695.5,0,0.260,0.000,0.0000,0,False,False,P,False,56.0,13.78,109560,11.45710,95.29,1.065,8.57,89.0,44.0,0.0
1787969714.6,0.00,700.2,0,0.260,0.000,0.0000,0,False,False,P,False,56.0,13.78,109560,11.45710,95.29,1.053,8.57,89.0,44.0,0.0
1787969714.8,0.00,705.5,0,0.260,0.000,0.0000,0,False,False,P,False,56.0,13.78,109560,11.45710,95.29,1.078,8.57,89.0,44.0,0.0
1787969715.0,0.00,709.2,0,0.260,0.000,0.0000,0,False,False,P,False,56.0,13.78,109560,11.45710,95.29,1.065,8.57,89.0,43.0,0.0
1787969715.2,0.00,708.8,0,0.260,0.000,0.0000,0,False,False,P,False,56.0,13.78,109560,11.45710,95.29,1.078,8.57,89.0,43.0,0.0
1787969715.4,0.00,707.0,0,0.260,0.000,0.0000,0,False,False,P,False,56.0,13.78,109560,11.45710,95.29,1.091,8.57,89.0,43.0,0.0
1787969715.6,0.00,706.2,0,0.260,0.000,0.0000,0,False,False,P,False,56.0,13.78,109560,11.45710,95.29,1.078,8.57,89.0,43.0,0.0
1787969715.8,0.00,705.5,0,0.260,0.000,0.0000,0,False,False,P,False,56.0,13.78,109560,11.45710,95.29,1.091,8.57,89.0,43.0,0.0
1787969716.0,0.00,704.0,0,0.260,0.000,0.0000,0,False,False,P,False,56.0,13.78,109560,11.45710,95.29,1.065,8.57,89.0,43.0,0.0
1787969716.2,0.00,703.0,0,0.260,0.000,0.0000,0,False,False,P,False,56.0,13.78,109560,11.45710,94.90,1.065,8.57,89.0,43.0,0.0
1787969716.4,0.00,701.2,0,0.260,0.000,0.0000,0,False,False,P,False,56.0,13.78,109560,11.45710,95.29,1.065,8.57,89.0,43.0,0.0
1787969716.6,0.00,700.5,0,0.260,0.000,0.0000,0,False,False,P,False,56.0,13.78,109560,11.45710,95.29,1.065,8.57,89.0,43.0,0.0
1787969716.8,0.00,699.2,0,0.260,0.000,0.0000,0,False,False,P,False,56.0,13.78,109560,11.45710,95.29,1.065,8.57,89.0,43.0,0.0
1787969717.0,0.00,698.2,0,0.260,0.000,0.0000,0,False,False,P,False,56.0,13.81,109560,11.45710,95.29,1.065,8.57,89.0,43.0,0.0
1787969717.2,0.00,695.8,0,0.260,0.000,0.0000,0,False,False,P,False,56.0,13.81,109560,11.45710,94.90,1.065,8.57,89.0,43.0,0.0
1787969717.4,0.00,696.2,0,0.260,0.000,0.0000,0,False,False,P,False,56.0,13.81,109560,11.45710,95.29,1.078,8.56,89.0,43.0,0.0
1787969717.6,0.00,696.8,0,0.260,0.000,0.0000,0,False,False,P,False,56.0,13.81,109560,11.45710,95.29,1.053,8.56,89.0,43.0,0.0
1787969717.9,0.00,701.5,0,0.260,0.000,0.0000,0,False,False,P,False,56.0,13.81,109560,11.45710,95.29,1.065,8.56,89.0,43.0,0.0
1787969718.1,0.00,703.5,0,0.260,0.000,0.0000,0,False,False,P,False,56.0,13.81,109560,11.45710,95.29,1.065,8.56,89.0,43.0,0.0
1787969718.3,0.00,705.2,0,0.260,0.000,0.0000,0,False,False,P,False,56.0,13.81,109560,11.45710,95.29,1.078,8.56,89.0,43.0,0.0
1787969718.5,0.00,703.5,0,0.260,0.000,0.0000,0,False,False,P,False,56.0,13.81,109560,11.45710,94.90,1.078,8.56,89.0,43.0,0.0
1787969718.7,0.00,707.0,0,0.260,0.000,0.0000,0,False,False,P,False,56.0,13.81,109560,11.45710,95.29,1.065,8.56,89.0,43.0,0.0
1787969718.9,0.00,707.8,0,0.260,0.000,0.0000,0,False,False,P,False,56.0,13.81,109560,11.45710,95.29,1.065,8.56,89.0,43.0,0.0
1787969719.1,0.00,707.8,0,0.260,0.000,0.0000,0,False,False,P,False,56.0,13.81,109560,11.45710,95.29,1.053,8.56,89.0,43.0,0.0
1787969719.3,0.00,708.5,0,0.260,0.000,0.0000,0,False,False,P,False,56.0,13.81,109560,11.45710,95.29,1.065,8.56,89.0,43.0,0.0
1787969719.5,0.00,704.2,0,0.260,0.000,0.0000,0,False,False,P,False,56.0,13.81,109560,11.45710,95.29,1.091,8.56,89.0,43.0,0.0
1787969719.7,0.00,701.8,0,0.260,0.000,0.0000,0,False,False,P,False,56.0,13.81,109560,11.45710,95.29,1.078,8.56,89.0,43.0,0.0
1787969719.9,0.00,700.0,0,0.260,0.000,0.0000,0,False,False,P,False,56.0,13.81,109560,11.45710,95.29,1.053,8.56,89.0,43.0,0.0
1787969720.1,0.00,699.0,0,0.260,0.000,0.0000,0,False,False,P,False,56.0,13.78,109560,11.45710,95.29,1.065,8.56,89.0,43.0,0.0
1787969720.3,0.00,690.5,0,0.260,0.000,0.0000,0,False,False,P,False,56.0,13.78,109560,11.45710,95.29,1.065,8.56,89.0,42.0,0.0
1787969720.5,0.00,702.0,0,0.260,0.000,0.0000,0,False,False,P,False,56.0,13.78,109560,11.45710,95.29,0.743,8.56,89.0,40.0,0.0
1787969720.7,0.00,747.2,0,0.260,0.000,0.0000,0,False,False,P,False,56.0,13.78,109560,11.45710,95.29,0.734,8.56,89.0,38.0,0.0
1787969720.9,0.00,739.8,0,0.260,0.000,0.0000,0,False,False,P,False,56.0,13.78,109560,11.45710,95.29,0.726,8.56,89.0,36.0,0.0
1787969721.1,0.00,738.2,0,0.260,0.000,0.0000,0,False,False,P,False,56.0,13.78,109560,11.45710,95.29,0.713,8.56,89.0,34.0,0.0
1787969721.3,0.00,727.5,0,0.260,0.000,0.0000,0,False,False,P,False,56.0,13.78,109560,11.45710,94.90,0.683,8.56,89.0,32.0,0.0
1787969721.5,0.00,717.0,0,0.260,0.000,0.0000,0,False,False,P,False,56.0,13.78,109560,11.45710,95.29,0.696,8.56,89.0,32.0,0.0
1787969721.7,0.00,709.2,0,0.260,0.000,0.0000,0,False,False,P,False,56.0,13.78,109560,11.45710,95.29,0.734,8.56,89.0,31.0,0.0
1787969721.9,0.00,704.2,0,0.260,0.000,0.0000,0,False,False,P,False,56.0,13.78,109560,11.45710,95.29,0.705,8.56,89.0,31.0,0.0
1787969722.1,0.00,698.5,0,0.260,0.000,0.0000,0,False,False,P,False,56.0,13.78,109560,11.45710,94.90,0.713,8.56,89.0,31.0,0.0
1787969722.3,0.00,698.0,0,0.260,0.000,0.0000,0,False,False,P,False,56.0,13.78,109560,11.45710,95.29,0.743,8.56,89.0,31.0,0.0
1787969722.5,0.00,698.2,0,0.260,0.000,0.0000,0,False,False,P,False,56.0,13.78,109560,11.45710,95.29,0.743,8.56,89.0,31.0,0.0
1787969722.7,0.00,700.8,0,0.260,0.000,0.0000,0,False,False,P,False,56.0,13.78,109560,11.45710,95.29,0.713,8.56,89.0,31.0,0.0
1787969722.9,0.00,700.8,0,0.260,0.000,0.0000,0,False,False,P,False,56.0,13.78,109560,11.45710,95.29,0.726,8.56,89.0,31.0,0.0
1787969723.1,0.00,704.5,0,0.260,0.000,0.0000,0,False,False,P,False,56.0,13.82,109560,11.45710,95.29,0.734,8.56,89.0,31.0,0.0
1787969723.3,0.00,708.8,0,0.260,0.000,0.0000,0,False,False,P,False,56.0,13.82,109560,11.45710,95.29,0.713,8.56,89.0,31.0,0.0
1787969723.5,0.00,705.5,0,0.260,0.000,0.0000,0,False,False,P,False,56.0,13.82,109560,11.45710,95.29,0.726,8.56,89.0,31.0,0.0
1787969723.8,0.00,701.5,0,0.260,0.000,0.0000,0,False,False,P,False,56.0,13.82,109560,11.45710,95.29,0.734,8.55,89.0,31.0,0.0
1787969724.0,0.00,704.8,0,0.260,0.000,0.0000,0,False,False,P,False,56.0,13.82,109560,11.45710,95.29,0.705,8.55,89.0,31.0,0.0
1787969724.2,0.00,706.5,0,0.260,0.000,0.0000,0,False,False,P,False,56.0,13.82,109560,11.45710,94.90,0.726,8.55,89.0,31.0,0.0
1787969724.4,0.00,703.5,0,0.260,0.000,0.0000,0,False,False,P,False,56.0,13.82,109560,11.45710,95.29,0.726,8.55,89.0,31.0,0.0
1787969724.6,0.00,707.0,0,0.260,0.000,0.0000,0,False,False,P,False,56.0,13.82,109560,11.45710,95.29,0.713,8.55,89.0,31.0,0.0
1787969724.8,0.00,709.5,0,0.260,0.000,0.0000,0,False,False,P,False,56.0,13.82,109560,11.45710,95.29,0.705,8.55,89.0,31.0,0.0
1787969725.0,0.00,707.8,0,0.260,0.000,0.0000,0,False,False,P,False,56.0,13.82,109560,11.45710,95.29,0.734,8.55,89.0,31.0,0.0
1787969725.2,0.00,706.0,0,0.260,0.000,0.0000,0,False,False,P,False,56.0,13.82,109560,11.45710,95.29,0.705,8.55,89.0,31.0,0.0
1787969725.4,0.00,706.5,0,0.260,0.000,0.0000,0,False,False,P,False,56.0,13.82,109560,11.45710,95.29,0.726,8.55,89.0,31.0,0.0
1787969725.6,0.00,702.8,0,0.260,0.000,0.0000,0,False,False,P,False,56.0,13.82,109560,11.45710,95.29,0.726,8.55,89.0,31.0,0.0
1787969725.8,0.00,702.2,0,0.260,0.000,0.0000,0,False,False,P,False,56.0,13.82,109560,11.45710,95.29,0.726,8.55,89.0,31.0,0.0
1787969726.0,0.00,700.0,0,0.260,0.000,0.0000,0,False,False,P,False,56.0,13.82,109560,11.45710,95.29,0.713,8.55,89.0,31.0,0.0
1787969726.2,0.00,701.5,0,0.260,0.000,0.0000,0,False,False,P,False,56.0,13.80,109560,11.45710,94.90,0.713,8.55,89.0,31.0,0.0
1787969726.4,0.00,700.8,0,0.260,0.000,0.0000,0,False,False,P,False,56.0,13.80,109560,11.45710,95.29,0.713,8.55,89.0,31.0,0.0
1787969726.6,0.00,698.8,0,0.260,0.000,0.0000,0,False,False,P,False,56.0,13.80,109560,11.45710,95.29,0.734,8.55,89.0,31.0,0.0
1787969726.8,0.00,700.2,0,0.260,0.000,0.0000,0,False,False,P,False,56.0,13.80,109560,11.45710,95.29,0.713,8.55,89.0,31.0,0.0
1787969727.0,0.00,699.0,0,0.260,0.000,0.0000,0,False,False,P,False,56.0,13.80,109560,11.45710,95.29,0.726,8.55,89.0,31.0,0.0
1787969727.2,0.00,705.2,0,0.260,0.000,0.0000,0,False,False,P,False,56.0,13.80,109560,11.45710,95.29,0.726,8.55,89.0,31.0,0.0
1787969727.4,0.00,703.2,0,0.260,0.000,0.0000,0,False,False,P,False,56.0,13.80,109560,11.45710,94.90,0.696,8.55,89.0,31.0,0.0
1787969727.6,0.00,703.0,0,0.260,0.000,0.0000,0,False,False,P,False,56.0,13.80,109560,11.45710,95.29,0.726,8.55,89.0,31.0,0.0
1787969727.8,0.00,702.5,0,0.260,0.000,0.0000,0,False,False,P,False,56.0,13.80,109560,11.45710,95.29,0.713,8.55,89.0,31.0,0.0
1787969728.0,0.00,698.0,0,0.260,0.000,0.0000,0,False,False,P,False,56.0,13.80,109560,11.45710,94.90,0.713,8.55,89.0,31.0,0.0
1787969728.2,0.00,702.8,0,0.260,0.000,0.0000,0,False,False,P,False,56.0,13.80,109560,11.45710,95.29,0.726,8.55,89.0,31.0,0.0
1787969728.4,0.00,706.0,0,0.260,0.000,0.0000,0,False,False,P,False,56.0,13.80,109560,11.45710,95.29,0.705,8.55,89.0,31.0,0.0
1787969728.6,0.00,706.2,0,0.260,0.000,0.0000,0,False,False,P,False,56.0,13.80,109560,11.45710,95.29,0.705,8.55,89.0,31.0,0.0
1787969728.8,0.00,705.0,0,0.260,0.000,0.0000,0,False,False,P,False,56.0,13.80,109560,11.45710,94.90,0.713,8.55,89.0,31.0,0.0
1787969729.0,0.00,704.5,0,0.260,0.000,0.0000,0,False,False,P,False,56.0,13.80,109560,11.45710,95.29,0.713,8.55,89.0,31.0,0.0
1787969729.2,0.00,698.8,0,0.260,0.000,0.0000,0,False,False,P,False,56.0,13.80,109560,11.45710,95.29,0.726,8.55,89.0,31.0,0.0
1787969729.4,0.00,701.5,0,0.260,0.000,0.0000,0,False,False,P,False,56.0,13.79,109560,11.45710,95.29,0.713,8.55,89.0,31.0,0.0
1787969729.6,0.00,699.0,0,0.260,0.000,0.0000,0,False,False,P,False,56.0,13.79,109560,11.45710,95.29,0.713,8.55,89.0,31.0,0.0
1787969729.8,0.00,695.2,0,0.260,0.000,0.0000,0,False,False,P,False,56.0,13.79,109560,11.45710,95.29,0.743,8.55,89.0,31.0,0.0
1787969730.0,0.00,694.8,0,0.260,0.000,0.0000,0,False,False,P,False,56.0,13.79,109560,11.45710,95.29,0.713,8.55,89.0,31.0,0.0
1787969730.3,0.00,698.0,0,0.260,0.000,0.0000,0,False,False,P,False,56.0,13.79,109560,11.45710,95.29,0.713,8.55,89.0,31.0,0.0
1787969730.5,0.00,701.0,0,0.260,0.000,0.0000,0,False,False,P,False,56.0,13.79,109560,11.45710,95.29,0.726,8.55,89.0,31.0,0.0
1787969730.7,0.00,701.2,0,0.260,0.000,0.0000,0,False,False,P,False,56.0,13.79,109560,11.45710,95.29,0.705,8.55,89.0,31.0,0.0
1787969730.9,0.00,703.5,0,0.260,0.000,0.0000,0,False,False,P,False,56.0,13.79,109560,11.45710,95.29,0.705,8.55,89.0,31.0,0.0
1787969731.1,0.00,702.5,0,0.260,0.000,0.0000,0,False,False,P,False,56.0,13.79,109560,11.45710,95.29,0.713,8.55,89.0,31.0,0.0
1787969731.3,0.00,698.0,0,0.260,0.000,0.0000,0,False,False,P,False,56.0,13.79,109560,11.45710,95.29,0.713,8.55,89.0,31.0,0.0
1787969731.5,0.00,702.5,0,0.260,0.000,0.0000,0,False,False,P,False,56.0,13.79,109560,11.45710,95.29,0.713,8.55,89.0,31.0,0.0
1787969731.7,0.00,702.2,0,0.260,0.000,0.0000,0,False,False,P,False,56.0,13.79,109560,11.45710,95.29,0.743,8.54,89.0,31.0,0.0
1787969731.9,0.00,702.8,0,0.260,0.000,0.0000,0,False,False,P,False,56.0,13.79,109560,11.45710,95.29,0.726,8.54,89.0,31.0,0.0
1787969732.1,0.00,707.2,0,0.260,0.000,0.0000,0,False,False,P,False,56.0,13.79,109560,11.45710,95.29,0.726,8.54,89.0,37.0,0.0
1787969732.3,0.00,783.2,0,0.260,0.000,0.0000,0,False,False,P,False,56.0,13.79,109560,11.45710,95.29,1.065,8.54,89.0,39.0,0.0
1787969732.5,0.00,747.2,0,0.260,0.000,0.0000,0,False,False,P,False,56.0,13.86,109560,11.45710,95.29,1.312,8.54,89.0,39.0,0.0
1787969732.7,0.00,747.5,0,0.260,0.000,0.0000,0,False,False,P,False,56.0,13.86,109560,11.45710,95.29,1.078,8.54,89.0,40.0,0.0
1787969732.9,0.00,735.0,0,0.260,0.000,0.0000,0,False,False,P,False,56.0,13.86,109560,11.45710,95.29,1.341,8.54,89.0,41.0,0.0
1787969733.1,0.00,736.2,0,0.260,0.000,0.0000,0,False,False,P,False,56.0,13.86,109560,11.45710,95.29,1.256,8.54,89.0,42.0,0.0
1787969733.3,0.00,737.8,0,0.260,0.000,0.0000,0,False,False,P,False,56.0,13.86,109560,11.45710,95.29,1.078,8.54,89.0,43.0,0.0
1787969733.5,0.00,732.5,0,0.260,0.000,0.0000,0,False,False,P,False,56.0,13.86,109560,11.45710,95.29,1.104,8.54,89.0,42.0,0.0
1787969733.7,0.00,727.8,0,0.260,0.000,0.0000,0,False,False,P,False,56.0,13.86,109560,11.45710,95.29,1.121,8.54,89.0,43.0,0.0
1787969733.9,0.00,723.8,0,0.260,0.000,0.0000,0,False,False,P,False,56.0,13.86,109560,11.45710,95.29,1.121,8.54,89.0,43.0,0.0
1787969734.1,0.00,722.5,0,0.260,0.000,0.0000,0,False,False,P,False,56.0,13.86,109560,11.45710,95.29,1.121,8.54,89.0,43.0,0.0
1787969734.3,0.00,719.2,0,0.260,0.000,0.0000,0,False,False,P,False,56.0,13.86,109560,11.45710,95.29,1.159,8.54,89.0,43.0,0.0
1787969734.5,0.00,717.0,0,0.260,0.000,0.0000,0,False,False,P,False,56.0,13.86,109560,11.45710,95.29,1.104,8.54,89.0,44.0,0.0
1787969734.7,0.00,714.8,0,0.260,0.000,0.0000,0,False,False,P,False,56.0,13.86,109560,11.45710,95.29,1.146,8.54,89.0,44.0,0.0
1787969734.9,0.00,713.5,0,0.260,0.000,0.0000,0,False,False,P,False,56.0,13.86,109560,11.45710,95.29,1.189,8.54,89.0,44.0,0.0
1787969735.1,0.00,715.0,0,0.260,0.000,0.0000,0,False,False,P,False,56.0,13.86,109560,11.45710,95.29,1.159,8.54,89.0,45.0,0.0
1787969735.3,0.00,719.5,0,0.260,0.000,0.0000,0,False,False,P,False,56.0,13.86,109560,11.45710,95.29,1.159,8.54,89.0,45.0,0.0
1787969735.5,0.00,728.5,0,0.260,0.000,0.0000,0,False,False,P,False,56.0,13.79,109560,11.45710,95.29,1.133,8.54,89.0,45.0,0.0
1787969735.7,0.00,737.8,0,0.260,0.000,0.0000,0,False,False,P,False,56.0,13.79,109560,11.45710,95.29,1.078,8.54,89.0,44.0,0.0
1787969736.0,0.00,741.8,0,0.260,0.000,0.0000,0,False,False,P,False,56.0,13.79,109560,11.45710,95.29,1.065,8.54,89.0,44.0,0.0
1787969736.2,0.00,736.8,0,0.260,0.000,0.0000,0,False,False,P,False,56.0,13.79,109560,11.45710,95.29,1.065,8.54,89.0,43.0,0.0
1787969736.4,0.00,728.2,0,0.260,0.000,0.0000,0,False,False,P,False,56.0,13.79,109560,11.45710,95.29,1.104,8.54,89.0,43.0,0.0
1787969736.6,0.00,719.0,0,0.260,0.000,0.0000,0,False,False,P,False,56.0,13.79,109560,11.45710,95.29,1.091,8.54,89.0,43.0,0.0
1787969736.8,0.00,713.2,0,0.260,0.000,0.0000,0,False,False,P,False,56.0,13.79,109560,11.45710,95.29,1.104,8.54,89.0,43.0,0.0
1787969737.0,0.00,706.5,0,0.260,0.000,0.0000,0,False,False,P,False,56.0,13.79,109560,11.45710,94.90,1.104,8.53,89.0,43.0,0.0
1787969737.2,0.00,703.5,0,0.260,0.000,0.0000,0,False,False,P,False,56.0,13.79,109560,11.45710,95.29,1.121,8.53,89.0,43.0,0.0
1787969737.4,0.00,700.5,0,0.260,0.000,0.0000,0,False,False,P,False,56.0,13.79,109560,11.45710,95.29,1.091,8.53,89.0,43.0,0.0
1787969737.6,0.00,699.2,0,0.260,0.000,0.0000,0,False,False,P,False,56.0,13.79,109560,11.45710,95.29,1.091,8.53,89.0,43.0,0.0
1787969737.8,0.00,701.8,0,0.260,0.000,0.0000,0,False,False,P,False,56.0,13.79,109560,11.45710,95.29,1.078,8.53,89.0,44.0,0.0
1787969738.0,0.00,706.0,0,0.260,0.000,0.0000,0,False,False,P,False,56.0,13.79,109560,11.45710,95.29,1.091,8.53,89.0,44.0,0.0
1787969738.2,0.00,709.0,0,0.260,0.000,0.0000,0,False,False,P,False,56.0,13.79,109560,11.45710,95.29,1.053,8.53,89.0,43.0,0.0
1787969738.4,0.00,713.0,0,0.260,0.000,0.0000,0,False,False,P,False,56.0,13.79,109560,11.45710,95.29,1.078,8.53,89.0,43.0,0.0
1787969738.6,0.00,715.8,0,0.260,0.000,0.0000,0,False,False,P,False,56.0,13.80,109560,11.45710,95.29,1.104,8.53,89.0,43.0,0.0
1787969738.8,0.00,715.0,0,0.260,0.000,0.0000,0,False,False,P,False,56.0,13.80,109560,11.45710,95.29,1.091,8.53,89.0,43.0,0.0
1787969739.0,0.00,711.0,0,0.260,0.000,0.0000,0,False,False,P,False,56.0,13.80,109560,11.45710,95.29,1.065,8.53,89.0,43.0,0.0
1787969739.2,0.00,707.8,0,0.260,0.000,0.0000,0,False,False,P,False,56.0,13.80,109560,11.45710,95.29,1.104,8.53,89.0,43.0,0.0
1787969739.4,0.00,703.8,0,0.260,0.000,0.0000,0,False,False,P,False,56.0,13.80,109560,11.45710,95.29,1.104,8.53,89.0,43.0,0.0
1787969739.6,0.00,701.2,0,0.260,0.000,0.0000,0,False,False,P,False,56.0,13.80,109560,11.45710,95.29,1.104,8.53,89.0,43.0,0.0
1787969739.8,0.00,698.2,0,0.260,0.000,0.0000,0,False,False,P,False,56.0,13.80,109560,11.45710,95.29,1.091,8.53,89.0,43.0,0.0
1787969740.0,0.00,698.0,0,0.260,0.000,0.0000,0,False,False,P,False,56.0,13.80,109560,11.45710,95.29,1.091,8.53,89.0,43.0,0.0
1787969740.2,0.00,698.2,0,0.260,0.000,0.0000,0,False,False,P,False,56.0,13.80,109560,11.45710,95.29,1.078,8.53,89.0,43.0,0.0
1787969740.4,0.00,698.0,0,0.260,0.000,0.0000,0,False,False,P,False,56.0,13.80,109560,11.45710,95.29,1.065,8.53,89.0,43.0,0.0
1787969740.6,0.00,698.0,0,0.260,0.000,0.0000,0,False,False,P,False,56.0,13.80,109560,11.45710,95.29,1.065,8.53,89.0,43.0,0.0
1787969740.8,0.00,698.8,0,0.260,0.000,0.0000,0,False,False,P,False,56.0,13.80,109560,11.45710,95.29,1.053,8.53,89.0,43.0,0.0
1787969741.0,0.00,699.0,0,0.260,0.000,0.0000,0,False,False,P,False,56.0,13.80,109560,11.45710,95.29,1.053,8.53,89.0,43.0,0.0
1787969741.2,0.00,701.2,0,0.260,0.000,0.0000,0,False,False,P,False,56.0,13.80,109560,11.45710,94.90,1.065,8.53,89.0,43.0,0.0
1787969741.4,0.00,703.8,0,0.260,0.000,0.0000,0,False,False,P,False,56.0,13.80,109560,11.45710,95.29,1.104,8.53,89.0,43.0,0.0
1787969741.6,0.00,701.8,0,0.260,0.000,0.0000,0,False,False,P,False,56.0,13.80,109560,11.45710,95.29,1.053,8.53,89.0,43.0,0.0
1787969741.9,0.00,704.0,0,0.260,0.000,0.0000,0,False,False,P,False,56.0,13.80,109560,11.45710,95.29,1.065,8.53,89.0,43.0,0.0
1787969742.1,0.00,706.5,0,0.260,0.000,0.0000,0,False,False,P,False,56.0,13.80,109560,11.45710,95.29,1.078,8.52,89.0,43.0,0.0
1787969742.3,0.00,706.0,0,0.260,0.000,0.0000,0,False,False,P,False,56.0,13.80,109560,11.45710,95.29,1.078,8.52,89.0,43.0,0.0
1787969742.5,0.00,704.0,0,0.260,0.000,0.0000,0,False,False,P,False,56.0,13.80,109560,11.45710,95.29,1.065,8.52,89.0,43.0,0.0
1787969742.7,0.00,699.0,0,0.260,0.000,0.0000,0,False,False,P,False,56.0,13.80,109560,11.45710,95.29,1.065,8.52,89.0,43.0,0.0
1787969742.9,0.00,697.5,0,0.260,0.000,0.0000,0,False,False,P,False,56.0,13.80,109560,11.45710,95.29,1.065,8.52,89.0,43.0,0.0
1787969743.1,0.00,697.0,0,0.260,0.000,0.0000,0,False,False,P,False,56.0,13.80,109560,11.45710,95.29,1.078,8.52,89.0,43.0,0.0
1787969743.3,0.00,697.8,0,0.260,0.000,0.0000,0,False,False,P,False,56.0,13.80,109560,11.45710,95.29,1.078,8.52,89.0,43.0,0.0
1787969743.5,0.00,699.0,0,0.260,0.000,0.0000,0,False,False,P,False,56.0,13.80,109560,11.45710,95.29,1.065,8.52,89.0,43.0,0.0
1787969743.7,0.00,699.5,0,0.260,0.000,0.0000,0,False,False,P,False,56.0,13.80,109560,11.45710,95.29,1.078,8.52,89.0,43.0,0.0
1787969743.9,0.00,701.5,0,0.260,0.000,0.0000,0,False,False,P,False,56.0,13.80,109560,11.45710,95.29,1.065,8.52,89.0,43.0,0.0
1787969744.1,0.00,701.2,0,0.260,0.000,0.0000,0,False,False,P,False,56.0,13.80,109560,11.45710,95.29,1.091,8.52,89.0,43.0,0.0
1787969744.3,0.00,704.5,0,0.260,0.000,0.0000,0,False,False,P,False,56.0,13.79,109560,11.45710,95.29,1.091,8.52,89.0,43.0,0.0
1787969744.5,0.00,706.8,0,0.260,0.000,0.0000,0,False,False,P,False,56.0,13.79,109560,11.45710,95.29,1.053,8.52,89.0,43.0,0.0
1787969744.7,0.00,707.2,0,0.260,0.000,0.0000,0,False,False,P,False,56.0,13.79,109560,11.45710,95.29,1.078,8.52,89.0,43.0,0.0
1787969744.9,0.00,706.5,0,0.260,0.000,0.0000,0,False,False,P,False,56.0,13.79,109560,11.45710,95.29,1.065,8.52,89.0,43.0,0.0
                                                                                                                                                                                                                                                                                                                                                                 