t,speed,rpm,gear,ratio,mech,slip,tcc,locked,hold,range,shifting,atf,volt,odo,trip_km,fuel_pt,rate_lh,eco,coolant,map,load
1787957171.4,0.00,706.2,0,0.260,0.000,0.0000,0,False,False,P,False,0.0,0.00,109550,296.51420,95.29,1.053,7.77,92.0,42.0,0.0
1787957171.6,0.00,704.0,0,0.260,0.000,0.0000,0,False,False,P,False,0.0,0.00,109550,296.51420,95.29,1.065,7.77,92.0,42.0,0.0
1787957171.8,0.00,701.2,0,0.260,0.000,0.0000,0,False,False,P,False,0.0,0.00,109550,296.51420,95.29,1.078,7.77,92.0,42.0,0.0
1787957172.0,0.00,700.2,0,0.260,0.000,0.0000,0,False,False,P,False,0.0,0.00,109550,296.51420,95.29,1.091,7.77,92.0,42.0,0.0
1787957172.2,0.00,700.2,0,0.260,0.000,0.0000,0,False,False,P,False,0.0,0.00,109550,296.51420,95.29,1.091,7.77,92.0,42.0,0.0
1787957172.4,0.00,701.8,0,0.260,0.000,0.0000,0,False,False,P,False,0.0,0.00,109550,296.51420,95.29,1.065,7.77,92.0,42.0,0.0
1787957172.6,0.00,704.5,0,0.260,0.000,0.0000,0,False,False,P,False,0.0,0.00,109550,296.51420,95.29,1.053,7.77,92.0,42.0,0.0
1787957172.8,0.00,706.8,0,0.260,0.000,0.0000,0,False,False,P,False,0.0,0.00,109550,296.51420,95.29,1.091,7.77,92.0,42.0,0.0
1787957173.0,0.00,708.8,0,0.260,0.000,0.0000,0,False,False,P,False,0.0,0.00,109550,296.51420,95.29,1.015,7.77,92.0,42.0,0.0
1787957173.2,0.00,709.8,0,0.260,0.000,0.0000,0,False,False,P,False,0.0,0.00,109550,296.51420,95.29,1.053,7.77,92.0,42.0,0.0
1787957173.4,0.00,708.2,0,0.260,0.000,0.0000,0,False,False,P,False,0.0,0.00,109550,296.51420,95.29,1.065,7.77,92.0,42.0,0.0
1787957173.6,0.00,705.5,0,0.260,0.000,0.0000,0,False,False,P,False,0.0,0.00,109550,296.51420,95.29,1.065,7.77,92.0,42.0,0.0
1787957173.8,0.00,703.5,0,0.260,0.000,0.0000,0,False,False,P,False,0.0,0.00,109550,296.51420,95.29,1.078,7.77,92.0,42.0,0.0
1787957174.1,0.00,701.0,0,0.260,0.000,0.0000,0,False,False,P,False,0.0,0.00,109550,296.51420,95.29,1.091,7.77,92.0,42.0,0.0
1787957174.3,0.00,702.5,0,0.260,0.000,0.0000,0,False,False,P,False,0.0,0.00,109550,296.51420,95.29,1.091,7.77,92.0,42.0,0.0
1787957174.5,0.00,701.2,0,0.260,0.000,0.0000,0,False,False,P,False,0.0,0.00,109550,296.51420,95.29,1.065,7.77,92.0,42.0,0.0
1787957174.7,0.00,700.2,0,0.260,0.000,0.0000,0,False,False,P,False,0.0,0.00,109550,296.51420,95.29,1.078,7.77,92.0,42.0,0.0
1787957174.9,0.00,699.2,0,0.260,0.000,0.0000,0,False,False,P,False,0.0,0.00,109550,296.51420,95.29,1.065,7.77,92.0,42.0,0.0
1787957175.1,0.00,701.2,0,0.260,0.000,0.0000,0,False,False,P,False,0.0,0.00,109550,296.51420,95.29,1.078,7.77,92.0,42.0,0.0
1787957175.3,0.00,702.5,0,0.260,0.000,0.0000,0,False,False,P,False,77.5,0.00,109550,296.51420,95.29,1.078,7.77,92.0,43.0,0.0
1787957175.5,0.00,704.5,0,0.260,0.000,0.0000,0,False,False,P,False,77.5,0.00,109550,296.51420,95.29,1.091,7.77,92.0,42.0,0.0
1787957175.7,0.00,704.5,0,0.260,0.000,0.0000,0,False,False,P,False,77.5,0.00,109550,296.51420,95.29,1.053,7.77,92.0,42.0,0.0
1787957175.9,0.00,704.8,0,0.260,0.000,0.0000,0,False,False,P,False,77.5,0.00,109550,296.51420,95.29,1.040,7.77,92.0,42.0,0.0
1787957176.1,0.00,706.0,0,0.260,0.000,0.0000,0,False,False,P,False,77.5,0.00,109550,296.51420,95.29,1.065,7.77,92.0,42.0,0.0
1787957176.3,0.00,704.2,0,0.260,0.000,0.0000,0,False,False,P,False,77.5,0.00,109550,296.51420,95.29,1.078,7.77,92.0,42.0,0.0
1787957176.5,0.00,702.8,0,0.260,0.000,0.0000,0,False,False,P,False,77.5,0.00,109550,296.51420,95.29,1.053,7.77,92.0,42.0,0.0
1787957176.7,0.00,704.0,0,0.260,0.000,0.0000,0,False,False,P,False,77.5,0.00,109550,296.51420,95.29,1.078,7.77,92.0,42.0,0.0
1787957176.9,0.00,702.0,0,0.260,0.000,0.0000,0,False,False,P,False,77.5,0.00,109550,296.51420,95.29,1.065,7.77,92.0,42.0,0.0
1787957177.1,0.00,700.0,0,0.260,0.000,0.0000,0,False,False,P,False,77.5,0.00,109550,296.51420,95.29,1.065,7.77,92.0,42.0,0.0
1787957177.3,0.00,697.8,0,0.260,0.000,0.0000,0,False,False,P,False,77.5,0.00,109550,296.51420,95.29,1.078,7.77,92.0,42.0,0.0
1787957177.5,0.00,697.5,0,0.260,0.000,0.0000,0,False,False,P,False,77.5,0.00,109550,296.51420,95.29,1.078,7.77,92.0,42.0,0.0
1787957177.7,0.00,696.0,0,0.260,0.000,0.0000,0,False,False,P,False,77.5,0.00,109550,296.51420,95.29,1.078,7.77,92.0,42.0,0.0
1787957177.9,0.00,696.8,0,0.260,0.000,0.0000,0,False,False,P,False,77.5,0.00,109550,296.51420,95.29,1.104,7.77,92.0,43.0,0.0
1787957178.1,0.00,697.5,0,0.260,0.000,0.0000,0,False,False,P,False,77.5,0.00,109550,296.51420,95.29,1.078,7.77,92.0,43.0,0.0
1787957178.3,0.00,700.0,0,0.260,0.000,0.0000,0,False,False,P,False,77.5,0.00,109550,296.51420,95.29,1.078,7.77,92.0,43.0,0.0
1787957178.5,0.00,700.5,0,0.260,0.000,0.0000,0,False,False,P,False,77.5,0.00,109550,296.51420,95.29,1.065,7.77,92.0,43.0,0.0
1787957178.7,0.00,704.0,0,0.260,0.000,0.0000,0,False,False,P,False,77.5,0.00,109550,296.51420,95.29,1.027,7.77,92.0,43.0,0.0
1787957178.9,0.00,705.2,0,0.260,0.000,0.0000,0,False,False,P,False,77.5,0.00,109550,296.51420,95.29,1.078,7.77,92.0,43.0,0.0
1787957179.1,0.00,707.8,0,0.260,0.000,0.0000,0,False,False,P,False,77.5,0.00,109550,296.51420,95.29,1.065,7.77,92.0,42.0,0.0
1787957179.3,0.00,709.2,0,0.260,0.000,0.0000,0,False,False,P,False,77.5,0.00,109550,296.51420,95.29,1.091,7.77,92.0,42.0,0.0
1787957179.5,0.00,708.5,0,0.260,0.000,0.0000,0,False,False,P,False,77.5,0.00,109550,296.51420,95.29,1.065,7.77,92.0,42.0,0.0
1787957179.7,0.00,707.2,0,0.260,0.000,0.0000,0,False,False,P,False,77.5,0.00,109550,296.51420,95.29,1.078,7.77,92.0,42.0,0.0
1787957179.9,0.00,705.5,0,0.260,0.000,0.0000,0,False,False,P,False,77.5,0.00,109550,296.51420,95.29,1.091,7.77,92.0,42.0,0.0
1787957180.1,0.00,704.2,0,0.260,0.000,0.0000,0,False,False,P,False,77.5,0.00,109550,296.51420,95.29,1.091,7.77,92.0,42.0,0.0
1787957180.3,0.00,701.5,0,0.260,0.000,0.0000,0,False,False,P,False,77.5,0.00,109550,296.51420,95.29,1.053,7.77,92.0,42.0,0.0
1787957180.5,0.00,701.2,0,0.260,0.000,0.0000,0,False,False,P,False,77.5,0.00,109550,296.51420,95.29,1.065,7.77,92.0,42.0,0.0
1787957180.7,0.00,698.5,0,0.260,0.000,0.0000,0,False,False,P,False,77.5,0.00,109550,296.51420,95.29,1.091,7.77,92.0,42.0,0.0
1787957180.9,0.00,696.8,0,0.260,0.000,0.0000,0,False,False,P,False,77.5,0.00,109550,296.51420,95.29,0.870,7.77,92.0,42.0,0.0
1787957181.2,0.00,680.8,0,0.260,0.000,0.0000,0,False,False,P,False,77.5,0.00,109550,296.51420,95.29,0.764,7.77,92.0,40.0,0.0
1787957181.4,0.00,742.5,0,0.260,0.000,0.0000,0,False,False,P,False,77.5,0.00,109550,296.51420,95.29,0.815,7.77,92.0,39.0,0.0
1787957181.6,0.00,749.5,0,0.260,0.000,0.0000,0,False,False,P,False,77.5,0.00,109550,296.51420,95.29,0.764,7.77,92.0,37.0,0.0
1787957181.8,0.00,745.8,0,0.260,0.000,0.0000,0,False,False,P,False,77.5,0.00,109550,296.51420,95.29,0.764,7.77,92.0,35.0,0.0
1787957182.0,0.00,746.0,0,0.260,0.000,0.0000,0,False,False,P,False,77.5,0.00,109550,296.51420,95.29,0.726,7.77,92.0,33.0,0.0
1787957182.2,0.00,736.8,0,0.260,0.000,0.0000,0,False,False,P,False,77.5,0.00,109550,296.51420,95.29,0.734,7.77,92.0,32.0,0.0
1787957182.4,0.00,723.2,0,0.260,0.000,0.0000,0,False,False,P,False,77.5,0.00,109550,296.51420,95.29,0.734,7.77,92.0,31.0,0.0
1787957182.6,0.00,721.8,0,0.260,0.000,0.0000,0,False,False,P,False,77.5,0.00,109550,296.51420,95.29,0.705,7.77,92.0,31.0,0.0
1787957182.8,0.00,712.5,0,0.260,0.000,0.0000,0,False,False,P,False,77.5,0.00,109550,296.51420,95.29,0.734,7.77,92.0,31.0,0.0
1787957183.0,0.00,714.0,0,0.260,0.000,0.0000,0,False,False,P,False,77.5,0.00,109550,296.51420,95.29,0.756,7.77,92.0,31.0,0.0
1787957183.2,0.00,709.0,0,0.260,0.000,0.0000,0,False,False,P,False,78.4,0.00,109550,296.51420,95.29,0.743,7.77,92.0,31.0,0.0
1787957183.4,0.00,714.0,0,0.260,0.000,0.0000,0,False,False,P,False,78.4,0.00,109550,296.51420,95.29,0.756,7.77,92.0,31.0,0.0
1787957183.6,0.00,714.8,0,0.260,0.000,0.0000,0,False,False,P,False,78.4,0.00,109550,296.51420,95.29,0.756,7.77,92.0,31.0,0.0
1787957183.8,0.00,716.0,0,0.260,0.000,0.0000,0,False,False,P,False,78.4,0.00,109550,296.51420,95.29,0.734,7.77,92.0,31.0,0.0
1787957184.0,0.00,716.5,0,0.260,0.000,0.0000,0,False,False,P,False,78.4,0.00,109550,296.51420,95.29,0.756,7.77,92.0,31.0,0.0
1787957184.2,0.00,716.8,0,0.260,0.000,0.0000,0,False,False,P,False,78.4,13.61,109550,296.51420,95.29,0.726,7.77,92.0,31.0,0.0
1787957184.4,0.00,711.2,0,0.260,0.000,0.0000,0,False,False,P,False,78.4,13.61,109550,296.51420,95.29,0.743,7.77,92.0,31.0,0.0
1787957184.6,0.00,710.0,0,0.260,0.000,0.0000,0,False,False,P,False,78.4,13.59,109550,296.51420,95.29,0.734,7.77,92.0,31.0,0.0
1787957184.8,0.00,714.2,0,0.260,0.000,0.0000,0,False,False,P,False,78.4,13.59,109550,296.51420,95.29,0.726,7.77,92.0,31.0,0.0
1787957185.0,0.00,714.0,0,0.260,0.000,0.0000,0,False,False,P,False,78.4,13.59,109550,296.51420,95.29,0.726,7.77,92.0,31.0,0.0
1787957185.2,0.00,716.2,0,0.260,0.000,0.0000,0,False,False,P,False,78.4,13.59,109550,296.51420,95.29,0.726,7.77,92.0,30.0,0.0
1787957185.4,0.00,715.0,0,0.260,0.000,0.0000,0,False,False,P,False,78.4,13.59,109550,296.51420,95.29,0.734,7.77,92.0,30.0,0.0
1787957185.6,0.00,715.2,0,0.260,0.000,0.0000,0,False,False,P,False,78.4,13.59,109550,296.51420,95.29,0.734,7.77,92.0,30.0,0.0
1787957185.8,0.00,714.0,0,0.260,0.000,0.0000,0,False,False,P,False,78.4,13.59,109550,296.51420,95.29,0.743,7.77,92.0,31.0,0.0
1787957186.0,0.00,713.0,0,0.260,0.000,0.0000,0,False,False,P,False,78.4,13.59,109550,296.51420,95.29,0.743,7.77,92.0,30.0,0.0
1787957186.2,0.00,713.0,0,0.260,0.000,0.0000,0,False,False,P,False,78.4,13.59,109550,296.51420,95.29,0.726,7.77,92.0,30.0,0.0
1787957186.4,0.00,710.5,0,0.260,0.000,0.0000,0,False,False,P,False,78.4,13.59,109550,296.51420,95.29,0.713,7.77,92.0,30.0,0.0
1787957186.6,0.00,711.5,0,0.260,0.000,0.0000,0,False,False,P,False,78.4,13.59,109550,296.51420,95.29,0.726,7.77,92.0,30.0,0.0
1787957186.8,0.00,709.5,0,0.260,0.000,0.0000,0,False,False,P,False,78.4,13.59,109550,296.51420,95.29,0.756,7.77,92.0,30.0,0.0
1787957187.1,0.00,708.8,0,0.260,0.000,0.0000,0,False,False,P,False,78.4,13.59,109550,296.51420,95.29,0.726,7.77,92.0,30.0,0.0
1787957187.3,0.00,711.5,0,0.260,0.000,0.0000,0,False,False,P,False,78.4,13.59,109550,296.51420,95.29,0.726,7.77,92.0,30.0,0.0
1787957187.5,0.00,711.0,0,0.260,0.000,0.0000,0,False,False,P,False,78.4,13.59,109550,296.51420,95.29,0.726,7.77,92.0,30.0,0.0
1787957187.7,0.00,709.2,0,0.260,0.000,0.0000,0,False,False,P,False,78.4,13.59,109550,296.51420,95.29,0.756,7.77,92.0,30.0,0.0
1787957187.9,0.00,709.2,0,0.260,0.000,0.0000,0,False,False,P,False,78.4,13.60,109550,296.51420,95.29,0.713,7.77,91.0,30.0,0.0
1787957188.1,0.00,706.8,0,0.260,0.000,0.0000,0,False,False,P,False,78.4,13.60,109550,296.51420,95.29,0.726,7.77,92.0,30.0,0.0
1787957188.3,0.00,709.2,0,0.260,0.000,0.0000,0,False,False,P,False,78.4,13.60,109550,296.51420,95.29,0.743,7.77,92.0,30.0,0.0
1787957188.5,0.00,707.8,0,0.260,0.000,0.0000,0,False,False,P,False,78.4,13.60,109550,296.51420,95.29,0.726,7.77,92.0,30.0,0.0
1787957188.7,0.00,712.0,0,0.260,0.000,0.0000,0,False,False,P,False,78.4,13.60,109550,296.51420,95.29,0.726,7.77,92.0,30.0,0.0
1787957188.9,0.00,713.2,0,0.260,0.000,0.0000,0,False,False,P,False,78.4,13.60,109550,296.51420,95.29,0.734,7.77,91.0,30.0,0.0
1787957189.1,0.00,712.8,0,0.260,0.000,0.0000,0,False,False,P,False,78.4,13.60,109550,296.51420,95.29,0.743,7.77,92.0,30.0,0.0
1787957189.3,0.00,713.0,0,0.260,0.000,0.0000,0,False,False,P,False,78.4,13.60,109550,296.51420,95.29,0.734,7.77,91.0,30.0,0.0
1787957189.5,0.00,710.2,0,0.260,0.000,0.0000,0,False,False,P,False,78.4,13.60,109550,296.51420,95.29,0.705,7.77,91.0,30.0,0.0
1787957189.7,0.00,712.8,0,0.260,0.000,0.0000,0,False,False,P,False,78.4,13.60,109550,296.51420,95.29,0.705,7.77,91.0,30.0,0.0
1787957189.9,0.00,708.5,0,0.260,0.000,0.0000,0,False,False,P,False,78.4,13.60,109550,296.51420,95.29,0.705,7.77,92.0,30.0,0.0
1787957190.1,0.00,708.5,0,0.260,0.000,0.0000,0,False,False,P,False,78.4,13.60,109550,296.51420,95.29,0.705,7.77,91.0,30.0,0.0
1787957190.3,0.00,707.5,0,0.260,0.000,0.0000,0,False,False,P,False,78.4,13.60,109550,296.51420,95.29,0.705,7.77,91.0,30.0,0.0
1787957190.5,0.00,705.0,0,0.260,0.000,0.0000,0,False,False,P,False,78.4,13.60,109550,296.51420,95.29,0.734,7.77,91.0,30.0,0.0
1787957190.7,0.00,705.5,0,0.260,0.000,0.0000,0,False,False,P,False,78.4,13.60,109550,296.51420,95.29,0.743,7.77,91.0,30.0,0.0
1787957190.9,0.00,707.5,0,0.260,0.000,0.0000,0,False,False,P,False,78.4,13.60,109550,296.51420,95.29,0.713,7.77,91.0,30.0,0.0
1787957191.1,0.00,708.2,0,0.260,0.000,0.0000,0,False,False,P,False,78.4,13.60,109550,296.51420,95.29,0.713,7.77,91.0,30.0,0.0
1787957191.3,0.00,708.2,0,0.260,0.000,0.0000,0,False,False,P,False,78.4,13.60,109550,296.51420,95.29,0.713,7.77,91.0,30.0,0.0
1787957191.5,0.00,707.2,0,0.260,0.000,0.0000,0,False,False,P,False,78.4,13.60,109550,296.51420,95.29,0.726,7.77,91.0,30.0,0.0
1787957191.7,0.00,707.0,0,0.260,0.000,0.0000,0,False,False,P,False,78.4,13.60,109550,296.51420,95.29,0.734,7.77,91.0,30.0,0.0
1787957191.9,0.00,709.2,0,0.260,0.000,0.0000,0,False,False,P,False,78.4,13.60,109550,296.51420,95.29,0.713,7.77,91.0,30.0,0.0
1787957192.1,0.00,709.0,0,0.260,0.000,0.0000,0,False,False,P,False,78.4,13.60,109550,296.51420,95.29,0.756,7.77,91.0,30.0,0.0
1787957192.3,0.00,710.2,0,0.260,0.000,0.0000,0,False,False,P,False,78.4,13.60,109550,296.51420,95.29,0.734,7.77,91.0,30.0,0.0
1787957192.5,0.00,710.8,0,0.260,0.000,0.0000,0,False,False,P,False,78.4,13.60,109550,296.51420,95.29,0.734,7.77,91.0,30.0,0.0
1787957192.7,0.00,711.0,0,0.260,0.000,0.0000,0,False,False,P,False,78.4,13.60,109550,296.51420,95.29,0.713,7.77,91.0,30.0,0.0
1787957192.9,0.00,710.8,0,0.260,0.000,0.0000,0,False,False,P,False,78.4,13.60,109550,296.51420,95.29,0.726,7.77,91.0,30.0,0.0
1787957193.2,0.00,709.0,0,0.260,0.000,0.0000,0,False,False,P,False,78.4,13.60,109550,296.51420,95.29,0.734,7.77,91.0,30.0,0.0
1787957193.4,0.00,707.5,0,0.260,0.000,0.0000,0,False,False,P,False,78.4,13.60,109550,296.51420,95.29,0.726,7.77,91.0,30.0,0.0
1787957193.6,0.00,707.0,0,0.260,0.000,0.0000,0,False,False,P,False,78.4,13.60,109550,296.51420,95.29,0.726,7.77,91.0,30.0,0.0
1787957193.8,0.00,707.5,0,0.260,0.000,0.0000,0,False,False,P,False,78.4,13.60,109550,296.51420,95.29,0.713,7.77,91.0,30.0,0.0
1787957194.0,0.00,706.5,0,0.260,0.000,0.0000,0,False,False,P,False,78.4,13.61,109550,296.51420,95.29,0.705,7.77,91.0,30.0,0.0
1787957194.2,0.00,706.5,0,0.260,0.000,0.0000,0,False,False,P,False,78.4,13.61,109550,296.51420,95.29,0.726,7.77,91.0,30.0,0.0
1787957194.4,0.00,703.2,0,0.260,0.000,0.0000,0,False,False,P,False,78.4,13.61,109550,296.51420,95.29,0.734,7.77,91.0,30.0,0.0
1787957194.6,0.00,705.8,0,0.260,0.000,0.0000,0,False,False,P,False,78.4,13.61,109550,296.51420,95.29,0.734,7.77,91.0,30.0,0.0
1787957194.8,0.00,704.8,0,0.260,0.000,0.0000,0,False,False,P,False,78.4,13.61,109550,296.51420,95.29,0.726,7.77,91.0,30.0,0.0
1787957195.0,0.00,708.5,0,0.260,0.000,0.0000,0,False,False,P,False,78.4,13.61,109550,296.51420,95.29,0.705,7.77,91.0,30.0,0.0
1787957195.2,0.00,708.0,0,0.260,0.000,0.0000,0,False,False,P,False,78.4,13.61,109550,296.51420,95.29,0.713,7.77,91.0,30.0,0.0
1787957195.4,0.00,706.0,0,0.260,0.000,0.0000,0,False,False,P,False,78.4,13.61,109550,296.51420,95.29,0.726,7.77,91.0,30.0,0.0
1787957195.6,0.00,709.8,0,0.260,0.000,0.0000,0,False,False,P,False,78.4,13.61,109550,296.51420,95.29,0.705,7.77,91.0,30.0,0.0
1787957195.8,0.00,707.5,0,0.260,0.000,0.0000,0,False,False,P,False,78.4,13.61,109550,296.51420,95.29,0.734,7.77,91.0,30.0,0.0
1787957196.0,0.00,710.5,0,0.260,0.000,0.0000,0,False,False,P,False,78.4,13.61,109550,296.51420,95.29,0.726,7.77,91.0,30.0,0.0
1787957196.2,0.00,712.2,0,0.260,0.000,0.0000,0,False,False,P,False,78.4,13.61,109550,296.51420,95.29,0.713,7.77,91.0,30.0,0.0
1787957196.4,0.00,712.8,0,0.260,0.000,0.0000,0,False,False,P,False,78.4,13.61,109550,296.51420,95.29,1.498,7.77,91.0,34.0,0.0
1787957196.6,0.00,775.5,0,0.260,0.000,0.0000,0,False,False,P,False,78.4,13.61,109550,296.51420,95.29,1.065,7.77,91.0,37.0,0.0
1787957196.8,0.00,762.5,0,0.260,0.000,0.0000,0,False,False,P,False,78.4,13.61,109550,296.51420,95.29,1.269,7.77,91.0,37.0,0.0
1787957197.0,0.00,746.0,0,0.260,0.000,0.0000,0,False,False,P,False,78.4,13.50,109550,296.51420,95.29,1.256,7.77,91.0,39.0,0.0
1787957197.2,0.00,745.2,0,0.260,0.000,0.0000,0,False,False,P,False,78.4,13.50,109550,296.51420,95.29,1.244,7.77,91.0,40.0,0.0
1787957197.4,0.00,734.0,0,0.260,0.000,0.0000,0,False,False,P,False,78.4,13.50,109550,296.51420,95.29,1.227,7.77,91.0,40.0,0.0
1787957197.6,0.00,733.2,0,0.260,0.000,0.0000,0,False,False,P,False,78.4,13.50,109550,296.51420,95.29,1.040,7.77,91.0,41.0,0.0
1787957197.8,0.00,728.8,0,0.260,0.000,0.0000,0,False,False,P,False,78.4,13.50,109550,296.51420,95.29,1.104,7.77,91.0,41.0,0.0
1787957198.0,0.00,725.2,0,0.260,0.000,0.0000,0,False,False,P,False,78.4,13.50,109550,296.51420,95.29,1.133,7.77,91.0,42.0,0.0
1787957198.2,0.00,722.8,0,0.260,0.000,0.0000,0,False,False,P,False,78.4,13.50,109550,296.51420,95.29,1.104,7.77,91.0,42.0,0.0
1787957198.4,0.00,721.0,0,0.260,0.000,0.0000,0,False,False,P,False,78.4,13.50,109550,296.51420,95.29,1.091,7.77,91.0,42.0,0.0
1787957198.6,0.00,717.2,0,0.260,0.000,0.0000,0,False,False,P,False,78.4,13.50,109550,296.51420,95.29,1.121,7.77,91.0,42.0,0.0
1787957198.9,0.00,715.2,0,0.260,0.000,0.0000,0,False,False,P,False,78.4,13.50,109550,296.51420,95.29,1.104,7.77,91.0,42.0,0.0
1787957199.1,0.00,711.2,0,0.260,0.000,0.0000,0,False,False,P,False,78.4,13.50,109550,296.51420,95.29,1.121,7.77,91.0,43.0,0.0
1787957199.3,0.00,712.8,0,0.260,0.000,0.0000,0,False,False,P,False,78.4,13.50,109550,296.51420,95.29,1.172,7.77,91.0,43.0,0.0
1787957199.5,0.00,715.0,0,0.260,0.000,0.0000,0,False,False,P,False,78.4,13.50,109550,296.51420,95.29,1.133,7.77,91.0,44.0,0.0
1787957199.7,0.00,717.8,0,0.260,0.000,0.0000,0,False,False,P,False,78.4,13.50,109550,296.51420,95.29,1.133,7.77,91.0,44.0,0.0
1787957199.9,0.00,723.8,0,0.260,0.000,0.0000,0,False,False,P,False,78.4,13.50,109550,296.51420,95.29,1.146,7.77,91.0,44.0,0.0
1787957200.1,0.00,734.5,0,0.260,0.000,0.0000,0,False,False,P,False,78.4,13.66,109550,296.51420,95.29,1.159,7.77,91.0,44.0,0.0
1787957200.3,0.00,742.2,0,0.260,0.000,0.0000,0,False,False,P,False,78.4,13.66,109550,296.51420,95.29,1.104,7.77,91.0,43.0,0.0
1787957200.5,0.00,741.5,0,0.260,0.000,0.0000,0,False,False,P,False,78.4,13.66,109550,296.51420,95.29,1.065,7.77,91.0,43.0,0.0
1787957200.7,0.00,739.8,0,0.260,0.000,0.0000,0,False,False,P,False,78.4,13.66,109550,296.51420,95.29,1.078,7.77,91.0,42.0,0.0
1787957200.9,0.00,732.8,0,0.260,0.000,0.0000,0,False,False,P,False,78.4,13.66,109550,296.51420,95.29,1.053,7.77,91.0,42.0,0.0
1787957201.1,0.00,727.0,0,0.260,0.000,0.0000,0,False,False,P,False,78.4,13.66,109550,296.51420,95.29,1.065,7.77,91.0,42.0,0.0
1787957201.3,0.00,719.0,0,0.260,0.000,0.0000,0,False,False,P,False,78.4,13.66,109550,296.51420,95.29,1.053,7.77,91.0,42.0,0.0
1787957201.5,0.00,715.0,0,0.260,0.000,0.0000,0,False,False,P,False,78.4,13.66,109550,296.51420,95.29,1.078,7.77,91.0,42.0,0.0
1787957201.7,0.00,707.0,0,0.260,0.000,0.0000,0,False,False,P,False,78.4,13.66,109550,296.51420,95.29,1.065,7.77,91.0,42.0,0.0
1787957201.9,0.00,705.0,0,0.260,0.000,0.0000,0,False,False,P,False,78.4,13.66,109550,296.51420,95.29,1.104,7.77,91.0,42.0,0.0
1787957202.1,0.00,703.2,0,0.260,0.000,0.0000,0,False,False,P,False,78.4,13.66,109550,296.51420,95.29,1.065,7.77,91.0,42.0,0.0
1787957202.3,0.00,706.2,0,0.260,0.000,0.0000,0,False,False,P,False,78.4,13.66,109550,296.51420,95.29,1.078,7.77,91.0,42.0,0.0
1787957202.5,0.00,711.2,0,0.260,0.000,0.0000,0,False,False,P,False,78.4,13.66,109550,296.51420,95.29,1.091,7.77,91.0,42.0,0.0
1787957202.7,0.00,713.8,0,0.260,0.000,0.0000,0,False,False,P,False,78.4,13.66,109550,296.51420,95.29,1.078,7.77,91.0,42.0,0.0
1787957202.9,0.00,716.2,0,0.260,0.000,0.0000,0,False,False,P,False,78.4,13.66,109550,296.51420,95.29,1.091,7.77,91.0,42.0,0.0
1787957203.1,0.00,718.0,0,0.260,0.000,0.0000,0,False,False,P,False,78.4,13.61,109550,296.51420,95.29,1.065,7.77,91.0,42.0,0.0
1787957203.3,0.00,717.5,0,0.260,0.000,0.0000,0,False,False,P,False,78.4,13.61,109550,296.51420,95.29,1.065,7.77,91.0,42.0,0.0
1787957203.5,0.00,715.0,0,0.260,0.000,0.0000,0,False,False,P,False,78.4,13.61,109550,296.51420,95.29,1.053,7.77,91.0,42.0,0.0
1787957203.7,0.00,709.2,0,0.260,0.000,0.0000,0,False,False,P,False,78.4,13.61,109550,296.51420,95.29,1.078,7.77,91.0,42.0,0.0
1787957203.9,0.00,705.8,0,0.260,0.000,0.0000,0,False,False,P,False,78.4,13.61,109550,296.51420,95.29,1.065,7.77,91.0,42.0,0.0
1787957725.2,0.00,703.2,0,0.260,0.000,0.0000,0,False,False,P,False,78.4,13.61,109550,296.51420,95.29,1.078,7.77,91.0,42.0,0.0
1787957725.4,0.00,701.2,0,0.260,0.000,0.0000,0,False,False,P,False,78.4,13.61,109550,296.51420,95.29,1.078,7.77,91.0,42.0,0.0
1787957725.6,0.00,701.8,0,0.260,0.000,0.0000,0,False,False,P,False,78.4,13.61,109550,296.51420,95.29,1.078,7.77,91.0,42.0,0.0
1787957725.8,0.00,701.5,0,0.260,0.000,0.0000,0,False,False,P,False,78.4,13.61,109550,296.51420,95.29,1.078,7.77,91.0,42.0,0.0
1787957726.0,0.00,702.8,0,0.260,0.000,0.0000,0,False,False,P,False,78.4,13.61,109550,296.51420,95.29,1.065,7.77,91.0,42.0,0.0
1787957726.2,0.00,705.0,0,0.260,0.000,0.0000,0,False,False,P,False,78.4,13.61,109550,296.51420,95.29,1.040,7.77,91.0,42.0,0.0
1787957726.4,0.00,706.8,0,0.260,0.000,0.0000,0,False,False,P,False,78.4,13.61,109550,296.51420,95.29,1.053,7.77,91.0,42.0,0.0
1787957726.6,0.00,709.0,0,0.260,0.000,0.0000,0,False,False,P,False,78.4,13.61,109550,296.51420,95.29,1.053,7.77,91.0,42.0,0.0
1787957726.8,0.00,709.5,0,0.260,0.000,0.0000,0,False,False,P,False,78.4,13.61,109550,296.51420,95.29,1.065,7.77,91.0,42.0,0.0
1787957727.0,0.00,709.5,0,0.260,0.000,0.0000,0,False,False,P,False,78.4,13.61,109550,296.51420,95.29,1.040,7.77,91.0,42.0,0.0
1787957727.2,0.00,711.0,0,0.260,0.000,0.0000,0,False,False,P,False,78.4,13.61,109550,296.51420,95.29,1.065,7.77,91.0,42.0,0.0
1787957727.4,0.00,705.5,0,0.260,0.000,0.0000,0,False,False,P,False,78.4,13.59,109550,296.51420,95.29,1.065,7.77,91.0,42.0,0.0
1787957727.6,0.00,701.8,0,0.260,0.000,0.0000,0,False,False,P,False,78.4,13.59,109550,296.51420,95.29,1.065,7.77,91.0,42.0,0.0
1787957727.8,0.00,699.0,0,0.260,0.000,0.0000,0,False,False,P,False,78.4,13.59,109550,296.51420,95.29,1.065,7.77,91.0,42.0,0.0
1787957728.1,0.00,699.0,0,0.260,0.000,0.0000,0,False,False,P,False,78.4,13.59,109550,296.51420,95.29,1.053,7.77,91.0,42.0,0.0
1787957728.3,0.00,699.8,0,0.260,0.000,0.0000,0,False,False,P,False,78.4,13.59,109550,296.51420,95.29,1.078,7.77,91.0,42.0,0.0
1787957728.5,0.00,699.5,0,0.260,0.000,0.0000,0,False,False,P,False,78.4,13.59,109550,296.51420,95.29,1.040,7.77,91.0,42.0,0.0
1787957728.7,0.00,699.8,0,0.260,0.000,0.0000,0,False,False,P,False,78.4,13.59,109550,296.51420,95.29,1.078,7.77,91.0,42.0,0.0
1787957728.9,0.00,698.8,0,0.260,0.000,0.0000,0,False,False,P,False,78.4,13.59,109550,296.51420,95.29,1.091,7.77,91.0,42.0,0.0
1787957729.1,0.00,700.8,0,0.260,0.000,0.0000,0,False,False,P,False,78.4,13.59,109550,296.51420,95.29,1.078,7.77,91.0,42.0,0.0
1787957729.3,0.00,705.5,0,0.260,0.000,0.0000,0,False,False,P,False,78.4,13.59,109550,296.51420,95.29,1.053,7.77,91.0,42.0,0.0
1787957729.5,0.00,709.0,0,0.260,0.000,0.0000,0,False,False,P,False,78.4,13.59,109550,296.51420,95.29,1.065,7.77,91.0,42.0,0.0
1787957729.7,0.00,710.8,0,0.260,0.000,0.0000,0,False,False,P,False,78.4,13.59,109550,296.51420,95.29,1.078,7.77,91.0,42.0,0.0
1787957729.9,0.00,710.5,0,0.260,0.000,0.0000,0,False,False,P,False,78.4,13.59,109550,296.51420,95.29,1.065,7.77,91.0,42.0,0.0
1787957730.1,0.00,710.0,0,0.260,0.000,0.0000,0,False,False,P,False,78.4,13.59,109550,296.51420,95.29,1.065,7.77,91.0,42.0,0.0
1787957730.3,0.00,708.5,0,0.260,0.000,0.0000,0,False,False,P,False,78.4,13.59,109550,296.51420,95.29,1.065,7.77,91.0,42.0,0.0
1787957730.5,0.00,706.5,0,0.260,0.000,0.0000,0,False,False,P,False,78.4,13.60,109550,296.51420,95.29,1.065,7.77,91.0,42.0,0.0
1787957730.7,0.00,706.8,0,0.260,0.000,0.0000,0,False,False,P,False,78.4,13.60,109550,296.51420,95.29,1.027,7.77,91.0,42.0,0.0
1787957730.9,0.00,704.8,0,0.260,0.000,0.0000,0,False,False,P,False,78.4,13.60,109550,296.51420,95.29,1.065,7.77,91.0,42.0,0.0
1787957731.1,0.00,705.2,0,0.260,0.000,0.0000,0,False,False,P,False,78.4,13.60,109550,296.51420,95.29,1.053,7.77,91.0,42.0,0.0
1787957731.3,0.00,703.2,0,0.260,0.000,0.0000,0,False,False,P,False,78.4,13.60,109550,296.51420,95.29,1.040,7.77,91.0,42.0,0.0
1787957731.5,0.00,703.0,0,0.260,0.000,0.0000,0,False,False,P,False,78.4,13.60,109550,296.51420,95.29,1.053,7.77,91.0,42.0,0.0
1787957731.7,0.00,704.0,0,0.260,0.000,0.0000,0,False,False,P,False,78.4,13.60,109550,296.51420,95.29,1.078,7.77,91.0,42.0,0.0
1787957731.9,0.00,706.2,0,0.260,0.000,0.0000,0,False,False,P,False,78.4,13.60,109550,296.51420,95.29,1.065,7.77,91.0,42.0,0.0
1787957732.1,0.00,708.0,0,0.260,0.000,0.0000,0,False,False,P,False,78.4,13.60,109550,296.51420,95.29,1.078,7.77,91.0,42.0,0.0
1787957732.3,0.00,710.0,0,0.260,0.000,0.0000,0,False,False,P,False,78.4,13.59,109550,296.51420,95.29,1.065,7.77,91.0,42.0,0.0
1787957732.5,0.00,709.8,0,0.260,0.000,0.0000,0,False,False,P,False,78.4,13.59,109550,296.51420,95.29,1.065,7.77,91.0,42.0,0.0
1787957732.7,0.00,710.0,0,0.260,0.000,0.0000,0,False,False,P,False,78.4,13.59,109550,296.51420,95.29,1.053,7.77,91.0,42.0,0.0
1787957732.9,0.00,709.0,0,0.260,0.000,0.0000,0,False,False,P,False,78.4,13.59,109550,296.51420,95.29,1.053,7.77,91.0,42.0,0.0
1787957733.1,0.00,709.5,0,0.260,0.000,0.0000,0,False,False,P,False,78.4,13.59,109550,296.51420,95.29,1.078,7.77,91.0,42.0,0.0
1787957733.3,0.00,711.8,0,0.260,0.000,0.0000,0,False,False,P,False,78.4,13.59,109550,296.51420,95.29,1.091,7.77,91.0,42.0,0.0
1787957733.5,0.00,710.5,0,0.260,0.000,0.0000,0,False,False,P,False,78.4,13.60,109550,296.51420,95.29,1.053,7.77,91.0,42.0,0.0
1787957733.7,0.00,708.0,0,0.260,0.000,0.0000,0,False,False,P,False,78.4,13.60,109550,296.51420,95.29,1.040,7.77,91.0,42.0,0.0
1787957733.9,0.00,707.8,0,0.260,0.000,0.0000,0,False,False,P,False,78.4,13.60,109550,296.51420,95.29,1.065,7.77,91.0,42.0,0.0
1787957734.1,0.00,705.0,0,0.260,0.000,0.0000,0,False,False,P,False,78.4,13.60,109550,296.51420,95.29,1.065,7.77,91.0,42.0,0.0
1787957734.3,0.00,704.5,0,0.260,0.000,0.0000,0,False,False,P,False,78.4,13.60,109550,296.51420,95.29,1.078,7.77,91.0,42.0,0.0
1787957734.6,0.00,704.5,0,0.260,0.000,0.0000,0,False,False,P,False,78.4,13.60,109550,296.51420,95.29,1.065,7.77,91.0,42.0,0.0
1787957734.8,0.00,704.2,0,0.260,0.000,0.0000,0,False,False,P,False,78.4,13.60,109550,296.51420,95.29,1.078,7.77,91.0,42.0,0.0
1787957735.0,0.00,704.8,0,0.260,0.000,0.0000,0,False,False,P,False,78.4,13.60,109550,296.51420,95.29,1.065,7.77,91.0,42.0,0.0
1787957735.2,0.00,705.2,0,0.260,0.000,0.0000,0,False,False,P,False,78.4,13.60,109550,296.51420,95.29,1.053,7.77,91.0,42.0,0.0
1787957735.4,0.00,707.8,0,0.260,0.000,0.0000,0,False,False,P,False,78.4,13.60,109550,296.51420,95.29,1.065,7.77,91.0,42.0,0.0
1787957735.6,0.00,708.2,0,0.260,0.000,0.0000,0,False,False,P,False,78.4,13.60,109550,296.51420,95.29,1.078,7.77,91.0,42.0,0.0
1787957735.8,0.00,710.8,0,0.260,0.000,0.0000,0,False,False,P,False,78.4,13.60,109550,296.51420,95.29,1.053,7.77,91.0,42.0,0.0
1787957736.0,0.00,713.2,0,0.260,0.000,0.0000,0,False,False,P,False,78.4,13.60,109550,296.51420,95.29,1.078,7.77,91.0,42.0,0.0
1787957736.2,0.00,712.0,0,0.260,0.000,0.0000,0,False,False,P,False,78.4,13.60,109550,296.51420,95.29,1.065,7.77,91.0,42.0,0.0
1787957736.4,0.00,710.5,0,0.260,0.000,0.0000,0,False,False,P,False,78.4,13.60,109550,296.51420,95.29,1.040,7.77,91.0,42.0,0.0
1787957736.6,0.00,705.5,0,0.260,0.000,0.0000,0,False,False,P,False,78.4,13.60,109550,296.51420,95.29,1.040,7.77,91.0,42.0,0.0
1787957736.8,0.00,706.0,0,0.260,0.000,0.0000,0,False,False,P,False,78.4,13.58,109550,296.51420,95.29,1.027,7.77,91.0,42.0,0.0
1787957737.0,0.00,704.2,0,0.260,0.000,0.0000,0,False,False,P,False,78.4,13.58,109550,296.51420,95.29,1.053,7.77,91.0,42.0,0.0
1787957737.2,0.00,701.2,0,0.260,0.000,0.0000,0,False,False,P,False,78.4,13.58,109550,296.51420,95.29,1.078,7.77,91.0,42.0,0.0
1787957737.4,0.00,701.5,0,0.260,0.000,0.0000,0,False,False,P,False,78.4,13.58,109550,296.51420,95.29,1.040,7.77,91.0,42.0,0.0
1787957737.6,0.00,699.8,0,0.260,0.000,0.0000,0,False,False,P,False,78.4,13.58,109550,296.51420,95.29,1.053,7.77,91.0,42.0,0.0
1787957737.8,0.00,702.8,0,0.260,0.000,0.0000,0,False,False,P,False,78.4,13.58,109550,296.51420,95.29,1.078,7.77,91.0,42.0,0.0
1787957738.0,0.00,704.0,0,0.260,0.000,0.0000,0,False,False,P,False,78.4,13.58,109550,296.51420,95.29,1.065,7.77,91.0,42.0,0.0
1787957738.2,0.00,707.2,0,0.260,0.000,0.0000,0,False,False,P,False,78.4,13.58,109550,296.51420,95.29,1.065,7.77,91.0,42.0,0.0
1787957738.4,0.00,711.0,0,0.260,0.000,0.0000,0,False,False,P,False,78.4,13.58,109550,296.51420,95.29,1.065,7.77,91.0,42.0,0.0
1787957738.6,0.00,712.0,0,0.260,0.000,0.0000,0,False,False,P,False,78.4,13.58,109550,296.51420,95.29,1.027,7.77,91.0,42.0,0.0
1787957738.8,0.00,714.2,0,0.260,0.000,0.0000,0,False,False,P,False,78.4,13.58,109550,296.51420,95.29,1.027,7.77,91.0,42.0,0.0
1787957739.0,0.00,712.5,0,0.260,0.000,0.0000,0,False,False,P,False,78.4,13.58,109550,296.51420,95.29,1.053,7.77,91.0,42.0,0.0
1787957739.2,0.00,710.8,0,0.260,0.000,0.0000,0,False,False,P,False,78.4,13.58,109550,296.51420,95.29,1.091,7.77,91.0,42.0,0.0
1787957739.4,0.00,708.5,0,0.260,0.000,0.0000,0,False,False,P,False,78.4,13.58,109550,296.51420,95.29,1.053,7.77,91.0,41.0,0.0
1787957739.6,0.00,706.5,0,0.260,0.000,0.0000,0,False,False,P,False,78.4,13.59,109550,296.51420,95.29,1.065,7.77,91.0,41.0,0.0
1787957739.8,0.00,703.5,0,0.260,0.000,0.0000,0,False,False,P,False,78.4,13.59,109550,296.51420,95.29,1.065,7.77,91.0,42.0,0.0
1787957740.0,0.00,702.8,0,0.260,0.000,0.0000,0,False,False,P,False,78.4,13.59,109550,296.51420,95.29,1.053,7.77,91.0,42.0,0.0
1787957740.3,0.00,702.0,0,0.260,0.000,0.0000,0,False,False,P,False,78.4,13.60,109550,296.51420,95.29,1.053,7.77,91.0,42.0,0.0
1787957740.5,0.00,702.2,0,0.260,0.000,0.0000,0,False,False,P,False,78.4,13.60,109550,296.51420,95.29,1.040,7.77,91.0,42.0,0.0
1787957740.7,0.00,702.2,0,0.260,0.000,0.0000,0,False,False,P,False,78.4,13.60,109550,296.51420,95.29,1.078,7.77,91.0,42.0,0.0
1787957740.9,0.00,705.0,0,0.260,0.000,0.0000,0,False,False,P,False,78.4,13.60,109550,296.51420,95.29,1.065,7.77,91.0,42.0,0.0
1787957741.1,0.00,708.8,0,0.260,0.000,0.0000,0,False,False,P,False,78.4,13.60,109550,296.51420,95.29,1.065,7.77,91.0,42.0,0.0
1787957741.3,0.00,711.0,0,0.260,0.000,0.0000,0,False,False,P,False,78.4,13.60,109550,296.51420,95.29,1.065,7.77,91.0,42.0,0.0
1787957741.5,0.00,711.5,0,0.260,0.000,0.0000,0,False,False,P,False,78.4,13.60,109550,296.51420,95.29,1.065,7.77,91.0,42.0,0.0
1787957741.7,0.00,711.5,0,0.260,0.000,0.0000,0,False,False,P,False,78.4,13.60,109550,296.51420,95.29,1.053,7.77,91.0,42.0,0.0
1787957741.9,0.00,712.2,0,0.260,0.000,0.0000,0,False,False,P,False,78.4,13.60,109550,296.51420,95.29,1.053,7.77,91.0,42.0,0.0
1787957742.1,0.00,711.2,0,0.260,0.000,0.0000,0,False,False,P,False,78.4,13.60,109550,296.51420,95.29,1.065,7.77,91.0,41.0,0.0
1787957742.3,0.00,709.5,0,0.260,0.000,0.0000,0,False,False,P,False,78.4,13.60,109550,296.51420,95.29,1.078,7.77,91.0,42.0,0.0
1787957742.5,0.00,708.2,0,0.260,0.000,0.0000,0,False,False,P,False,78.4,13.60,109550,296.51420,95.29,1.078,7.77,91.0,41.0,0.0
1787957742.7,0.00,710.0,0,0.260,0.000,0.0000,0,False,False,P,False,78.4,13.60,109550,296.51420,95.29,1.065,7.77,91.0,41.0,0.0
1787957742.9,0.00,708.2,0,0.260,0.000,0.0000,0,False,False,P,False,78.4,13.60,109550,296.51420,95.29,1.040,7.77,91.0,42.0,0.0
1787957743.1,0.00,704.2,0,0.260,0.000,0.0000,0,False,False,P,False,78.4,13.60,109550,296.51420,95.29,1.065,7.77,91.0,42.0,0.0
1787957743.3,0.00,701.8,0,0.260,0.000,0.0000,0,False,False,P,False,78.4,13.60,109550,296.51420,95.29,1.078,7.77,91.0,42.0,0.0
1787957743.5,0.00,701.8,0,0.260,0.000,0.0000,0,False,False,P,False,78.4,13.60,109550,296.51420,95.29,1.040,7.77,91.0,42.0,0.0
1787957743.7,0.00,702.2,0,0.260,0.000,0.0000,0,False,False,P,False,78.4,13.60,109550,296.51420,95.29,1.040,7.77,91.0,42.0,0.0
1787957743.9,0.00,702.5,0,0.260,0.000,0.0000,0,False,False,P,False,78.4,13.60,109550,296.51420,95.29,1.078,7.77,91.0,42.0,0.0
1787957744.1,0.00,706.5,0,0.260,0.000,0.0000,0,False,False,P,False,78.4,13.60,109550,296.51420,95.29,1.015,7.77,91.0,42.0,0.0
1787957744.3,0.00,707.0,0,0.260,0.000,0.0000,0,False,False,P,False,78.4,13.60,109550,296.51420,95.29,1.040,7.77,91.0,42.0,0.0
1787957744.5,0.00,709.5,0,0.260,0.000,0.0000,0,False,False,P,False,78.4,13.60,109550,296.51420,95.29,1.065,7.77,91.0,42.0,0.0
1787957744.7,0.00,708.0,0,0.260,0.000,0.0000,0,False,False,P,False,78.4,13.60,109550,296.51420,95.29,1.040,7.77,91.0,42.0,0.0
1787957744.9,0.00,708.8,0,0.260,0.000,0.0000,0,False,False,P,False,78.4,13.60,109550,296.51420,95.29,1.053,7.77,91.0,42.0,0.0
1787957745.1,0.00,710.2,0,0.260,0.000,0.0000,0,False,False,P,False,78.4,13.60,109550,296.51420,95.29,1.053,7.77,91.0,42.0,0.0
1787957745.3,0.00,711.8,0,0.260,0.000,0.0000,0,False,False,P,False,78.4,13.60,109550,296.51420,95.29,1.065,7.77,91.0,41.0,0.0
1787957745.5,0.00,711.2,0,0.260,0.000,0.0000,0,False,False,P,False,78.4,13.60,109550,296.51420,95.29,0.836,7.77,91.0,41.0,0.0
1787957745.7,0.00,696.0,0,0.260,0.000,0.0000,0,False,False,P,False,78.4,13.60,109550,296.51420,95.29,0.764,7.77,91.0,39.0,0.0
1787957745.9,0.00,746.0,0,0.260,0.000,0.0000,0,False,False,P,False,78.4,13.66,109550,296.51420,95.29,0.785,7.77,91.0,36.0,0.0
1787957746.1,0.00,747.5,0,0.260,0.000,0.0000,0,False,False,P,False,78.4,13.66,109550,296.51420,95.29,0.756,7.77,91.0,35.0,0.0
1787957746.3,0.00,746.8,0,0.260,0.000,0.0000,0,False,False,P,False,78.4,13.66,109550,296.51420,95.29,0.764,7.77,91.0,33.0,0.0
1787957746.5,0.00,732.8,0,0.260,0.000,0.0000,0,False,False,P,False,78.4,13.66,109550,296.51420,95.29,0.683,7.77,91.0,32.0,0.0
1787957746.8,0.00,727.8,0,0.260,0.000,0.0000,0,False,False,P,False,78.4,13.66,109550,296.51420,95.29,0.696,7.77,91.0,31.0,0.0
1787957747.0,0.00,720.0,0,0.260,0.000,0.0000,0,False,False,P,False,78.4,13.66,109550,296.51420,95.29,0.726,7.77,91.0,31.0,0.0
1787957747.2,0.00,718.5,0,0.260,0.000,0.0000,0,False,False,P,False,78.4,13.66,109550,296.51420,95.29,0.705,7.77,91.0,30.0,0.0
1787957747.4,0.00,711.0,0,0.260,0.000,0.0000,0,False,False,P,False,78.4,13.66,109550,296.51420,95.29,0.705,7.77,91.0,30.0,0.0
1787957747.6,0.00,703.2,0,0.260,0.000,0.0000,0,False,False,P,False,78.4,13.66,109550,296.51420,95.29,0.705,7.77,91.0,30.0,0.0
1787957747.8,0.00,698.8,0,0.260,0.000,0.0000,0,False,False,P,False,78.4,13.66,109550,296.51420,95.29,0.734,7.77,91.0,30.0,0.0
1787957748.0,0.00,698.8,0,0.260,0.000,0.0000,0,False,False,P,False,78.4,13.66,109550,296.51420,95.29,0.726,7.77,91.0,31.0,0.0
1787957748.2,0.00,702.2,0,0.260,0.000,0.0000,0,False,False,P,False,78.4,13.66,109550,296.51420,95.29,0.726,7.77,91.0,31.0,0.0
1787957748.4,0.00,706.8,0,0.260,0.000,0.0000,0,False,False,P,False,78.4,13.66,109550,296.51420,95.29,0.726,7.77,91.0,31.0,0.0
1787957748.6,0.00,709.0,0,0.260,0.000,0.0000,0,False,False,P,False,78.4,13.66,109550,296.51420,95.29,0.713,7.77,91.0,30.0,0.0
1787957748.8,0.00,711.8,0,0.260,0.000,0.0000,0,False,False,P,False,78.4,13.66,109550,296.51420,95.29,0.713,7.77,91.0,30.0,0.0
1787957749.0,0.00,708.5,0,0.260,0.000,0.0000,0,False,False,P,False,78.4,13.61,109550,296.51420,95.29,0.713,7.77,91.0,30.0,0.0
1787957749.2,0.00,708.0,0,0.260,0.000,0.0000,0,False,False,P,False,78.4,13.61,109550,296.51420,95.29,0.713,7.77,91.0,30.0,0.0
1787957749.4,0.00,709.5,0,0.260,0.000,0.0000,0,False,False,P,False,78.4,13.61,109550,296.51420,95.29,0.734,7.77,91.0,30.0,0.0
1787957749.6,0.00,711.2,0,0.260,0.000,0.0000,0,False,False,P,False,78.4,13.61,109550,296.51420,95.29,0.726,7.77,91.0,30.0,0.0
1787957749.8,0.00,711.0,0,0.260,0.000,0.0000,0,False,False,P,False,78.4,13.61,109550,296.51420,95.29,0.734,7.77,91.0,30.0,0.0
1787957750.0,0.00,708.8,0,0.260,0.000,0.0000,0,False,False,P,False,78.4,13.61,109550,296.51420,95.29,0.734,7.77,91.0,30.0,0.0
1787957750.2,0.00,712.5,0,0.260,0.000,0.0000,0,False,False,P,False,78.4,13.61,109550,296.51420,95.29,0.713,7.77,91.0,30.0,0.0
1787957750.4,0.00,712.0,0,0.260,0.000,0.0000,0,False,False,P,False,78.4,13.61,109550,296.51420,95.29,0.705,7.77,91.0,30.0,0.0
1787957750.6,0.00,706.0,0,0.260,0.000,0.0000,0,False,False,P,False,78.4,13.61,109550,296.51420,95.29,0.713,7.77,91.0,30.0,0.0
1787957750.8,0.00,707.8,0,0.260,0.000,0.0000,0,False,False,P,False,78.4,13.61,109550,296.51420,95.29,0.726,7.77,91.0,30.0,0.0
1787957751.0,0.00,707.2,0,0.260,0.000,0.0000,0,False,False,P,False,78.4,13.61,109550,296.51420,95.29,0.713,7.77,91.0,30.0,0.0
1787957751.2,0.00,705.2,0,0.260,0.000,0.0000,0,False,False,P,False,78.4,13.61,109550,296.51420,95.29,0.726,7.77,91.0,30.0,0.0
1787957751.4,0.00,706.0,0,0.260,0.000,0.0000,0,False,False,P,False,78.4,13.61,109550,296.51420,95.29,0.726,7.77,91.0,30.0,0.0
1787957751.6,0.00,707.5,0,0.260,0.000,0.0000,0,False,False,P,False,78.4,13.61,109550,296.51420,95.29,0.726,7.77,91.0,30.0,0.0
1787957751.8,0.00,705.2,0,0.260,0.000,0.0000,0,False,False,P,False,78.4,13.61,109550,296.51420,95.29,0.726,7.77,91.0,30.0,0.0
1787957752.0,0.00,708.8,0,0.260,0.000,0.0000,0,False,False,P,False,78.4,13.61,109550,296.51420,95.29,0.713,7.77,91.0,30.0,0.0
1787957752.2,0.00,707.0,0,0.260,0.000,0.0000,0,False,False,P,False,78.4,13.61,109550,296.51420,95.29,0.726,7.77,91.0,30.0,0.0
1787957752.4,0.00,706.0,0,0.260,0.000,0.0000,0,False,False,P,False,78.4,13.61,109550,296.51420,95.29,0.713,7.77,91.0,30.0,0.0
1787957752.6,0.00,703.0,0,0.260,0.000,0.0000,0,False,False,P,False,78.4,13.61,109550,296.51420,95.29,0.726,7.77,91.0,30.0,0.0
1787957752.8,0.00,702.5,0,0.260,0.000,0.0000,0,False,False,P,False,78.4,13.61,109550,296.51420,95.29,0.734,7.77,91.0,30.0,0.0
1787957753.0,0.00,706.5,0,0.260,0.000,0.0000,0,False,False,P,False,78.4,13.61,109550,296.51420,95.29,0.705,7.77,91.0,30.0,0.0
1787957753.3,0.00,708.5,0,0.260,0.000,0.0000,0,False,False,P,False,78.4,13.61,109550,296.51420,95.29,0.713,7.77,91.0,30.0,0.0
1787957753.5,0.00,706.8,0,0.260,0.000,0.0000,0,False,False,P,False,78.4,13.61,109550,296.51420,95.29,0.713,7.77,91.0,30.0,0.0
1787957753.7,0.00,709.0,0,0.260,0.000,0.0000,0,False,False,P,False,78.4,13.61,109550,296.51420,95.29,0.713,7.77,91.0,30.0,0.0
1787957753.9,0.00,710.2,0,0.260,0.000,0.0000,0,False,False,P,False,78.4,13.61,109550,296.51420,95.29,0.726,7.77,91.0,30.0,0.0
1787957754.1,0.00,713.2,0,0.260,0.000,0.0000,0,False,False,P,False,78.4,13.61,109550,296.51420,95.29,0.726,7.77,91.0,30.0,0.0
1787957754.3,0.00,711.0,0,0.260,0.000,0.0000,0,False,False,P,False,78.4,13.61,109550,296.51420,95.29,0.726,7.77,91.0,30.0,0.0
1787957754.5,0.00,712.0,0,0.260,0.000,0.0000,0,False,False,P,False,78.4,13.61,109550,296.51420,95.29,0.705,7.77,91.0,30.0,0.0
1787957754.7,0.00,708.5,0,0.260,0.000,0.0000,0,False,False,P,False,78.4,13.61,109550,296.51420,95.29,0.713,7.77,91.0,30.0,0.0
1787957754.9,0.00,709.0,0,0.260,0.000,0.0000,0,False,False,P,False,78.4,13.61,109550,296.51420,95.29,0.726,7.77,91.0,30.0,0.0
1787957755.1,0.00,706.5,0,0.260,0.000,0.0000,0,False,False,P,False,78.4,13.61,109550,296.51420,95.29,0.713,7.77,91.0,30.0,0.0
1787957755.3,0.00,704.2,0,0.260,0.000,0.0000,0,False,False,P,False,78.4,13.61,109550,296.51420,95.29,0.726,7.77,91.0,30.0,0.0
1787957755.5,0.00,704.8,0,0.260,0.000,0.0000,0,False,False,P,False,78.4,13.61,109550,296.51420,95.29,0.713,7.77,91.0,30.0,0.0
1787957755.7,0.00,705.2,0,0.260,0.000,0.0000,0,False,False,P,False,78.4,13.61,109550,296.51420,95.29,0.726,7.77,91.0,30.0,0.0
1787957755.9,0.00,707.0,0,0.260,0.000,0.0000,0,False,False,P,False,78.4,13.61,109550,296.51420,95.29,0.726,7.77,91.0,30.0,0.0
1787957756.1,0.00,700.0,0,0.260,0.000,0.0000,0,False,False,P,False,78.4,13.61,109550,296.51420,95.29,0.713,7.77,91.0,30.0,0.0
1787957756.3,0.00,704.5,0,0.260,0.000,0.0000,0,False,False,P,False,78.4,13.61,109550,296.51420,95.29,0.705,7.77,91.0,30.0,0.0
1787957756.5,0.00,702.5,0,0.260,0.000,0.0000,0,False,False,P,False,78.4,13.61,109550,296.51420,95.29,0.726,7.77,91.0,30.0,0.0
1787957756.7,0.00,717.2,0,0.260,0.000,0.0000,0,False,False,P,False,78.4,13.61,109550,296.51420,95.29,1.371,7.77,91.0,34.0,0.0
1787957756.9,0.00,784.5,0,0.260,0.000,0.0000,0,False,False,P,False,78.4,13.61,109550,296.51420,95.29,0.989,7.77,91.0,37.0,0.0
1787957757.1,0.00,745.8,0,0.260,0.000,0.0000,0,False,False,P,False,78.4,13.61,109550,296.51420,95.29,1.312,7.77,91.0,37.0,0.0
1787957757.3,0.00,746.5,0,0.260,0.000,0.0000,0,False,False,P,False,78.4,13.61,109550,296.51420,95.29,1.078,7.77,91.0,39.0,0.0
1787957757.5,0.00,740.2,0,0.260,0.000,0.0000,0,False,False,P,False,78.4,13.61,109550,296.51420,95.29,1.214,7.77,91.0,39.0,0.0
1787957757.7,0.00,735.8,0,0.260,0.000,0.0000,0,False,False,P,False,78.4,13.61,109550,296.51420,95.29,1.121,7.77,91.0,40.0,0.0
1787957757.9,0.00,735.8,0,0.260,0.000,0.0000,0,False,False,P,False,78.4,13.61,109550,296.51420,95.29,1.078,7.77,91.0,40.0,0.0
1787957758.1,0.00,735.5,0,0.260,0.000,0.0000,0,False,False,P,False,78.4,13.61,109550,296.51420,95.29,1.091,7.77,91.0,41.0,0.0
1787957758.3,0.00,734.5,0,0.260,0.000,0.0000,0,False,False,P,False,78.4,13.24,109550,296.51420,95.29,1.078,7.77,91.0,41.0,0.0
1787957758.5,0.00,733.5,0,0.260,0.000,0.0000,0,False,False,P,False,78.4,13.24,109550,296.51420,95.29,1.053,7.77,91.0,41.0,0.0
1787957759.3,0.00,730.2,0,0.260,0.000,0.0000,0,False,False,P,False,78.4,13.24,109550,296.51420,95.29,1.065,7.77,91.0,41.0,0.0
1787957759.5,0.00,723.8,0,0.260,0.000,0.0000,0,False,False,P,False,78.4,13.24,109550,296.51420,95.29,1.104,7.77,91.0,41.0,0.0
1787957759.7,0.00,720.8,0,0.260,0.000,0.0000,0,False,False,P,False,78.4,13.24,109550,296.51420,95.29,1.133,7.77,91.0,42.0,0.0
1787957759.9,0.00,719.5,0,0.260,0.000,0.0000,0,False,False,P,False,78.4,13.24,109550,296.51420,95.29,1.133,7.77,91.0,42.0,0.0
1787957760.1,0.00,721.8,0,0.260,0.000,0.0000,0,False,False,P,False,78.4,13.24,109550,296.51420,95.29,1.121,7.77,91.0,42.0,0.0
1787957760.3,0.00,724.0,0,0.260,0.000,0.0000,0,False,False,P,False,78.4,13.24,109550,296.51420,95.29,1.121,7.77,91.0,43.0,0.0
1787957760.5,0.00,726.2,0,0.260,0.000,0.0000,0,False,False,P,False,78.4,13.24,109550,296.51420,95.29,1.159,7.77,91.0,43.0,0.0
1787957760.7,0.00,729.8,0,0.260,0.000,0.0000,0,False,False,P,False,78.4,13.24,109550,296.51420,95.29,1.159,7.77,91.0,43.0,0.0
1787957760.9,0.00,738.0,0,0.260,0.000,0.0000,0,False,False,P,False,78.4,13.24,109550,296.51420,95.29,1.121,7.77,91.0,43.0,0.0
1787957761.1,0.00,741.8,0,0.260,0.000,0.0000,0,False,False,P,False,78.4,13.24,109550,296.51420,95.29,1.121,7.77,91.0,43.0,0.0
1787957761.3,0.00,744.2,0,0.260,0.000,0.0000,0,False,False,P,False,78.4,13.24,109550,296.51420,95.29,1.053,7.77,91.0,42.0,0.0
1787957761.5,0.00,737.8,0,0.260,0.000,0.0000,0,False,False,P,False,78.4,13.24,109550,296.51420,95.29,1.065,7.77,91.0,42.0,0.0
1787957761.7,0.00,730.2,0,0.260,0.000,0.0000,0,False,False,P,False,78.4,13.24,109550,296.51420,95.29,1.091,7.77,91.0,41.0,0.0
1787957761.9,0.00,723.2,0,0.260,0.000,0.0000,0,False,False,P,False,78.4,13.58,109550,296.51420,95.29,1.065,7.77,91.0,41.0,0.0
1787957762.1,0.00,718.8,0,0.260,0.000,0.0000,0,False,False,P,False,78.4,13.58,109550,296.51420,95.29,1.053,7.77,91.0,41.0,0.0
1787957762.3,0.00,716.8,0,0.260,0.000,0.0000,0,False,False,P,False,78.4,13.58,109550,296.51420,95.29,1.078,7.77,91.0,41.0,0.0
1787957762.5,0.00,714.0,0,0.260,0.000,0.0000,0,False,False,P,False,78.4,13.58,109550,296.51420,95.29,1.053,7.77,91.0,41.0,0.0
1787957762.7,0.00,711.8,0,0.260,0.000,0.0000,0,False,False,P,False,78.4,13.58,109550,296.51420,95.29,1.053,7.77,91.0,42.0,0.0
1787957762.9,0.00,709.5,0,0.260,0.000,0.0000,0,False,False,P,False,78.4,13.58,109550,296.51420,95.29,1.065,7.77,91.0,42.0,0.0
1787957763.1,0.00,712.5,0,0.260,0.000,0.0000,0,False,False,P,False,78.4,13.58,109550,296.51420,95.29,1.078,7.77,91.0,42.0,0.0
1787957763.3,0.00,716.0,0,0.260,0.000,0.0000,0,False,False,P,False,78.4,13.58,109550,296.51420,95.29,1.078,7.77,91.0,42.0,0.0
1787957763.5,0.00,717.5,0,0.260,0.000,0.0000,0,False,False,P,False,78.4,13.58,109550,296.51420,95.29,1.065,7.77,91.0,42.0,0.0
1787957763.7,0.00,717.2,0,0.260,0.000,0.0000,0,False,False,P,False,78.4,13.58,109550,296.51420,95.29,1.053,7.77,91.0,42.0,0.0
1787957763.9,0.00,717.8,0,0.260,0.000,0.0000,0,False,False,P,False,78.4,13.58,109550,296.51420,95.29,1.053,7.77,91.0,41.0,0.0
1787957764.1,0.00,719.2,0,0.260,0.000,0.0000,0,False,False,P,False,78.4,13.58,109550,296.51420,95.29,1.040,7.77,91.0,41.0,0.0
1787957764.3,0.00,714.8,0,0.260,0.000,0.0000,0,False,False,P,False,78.4,13.58,109550,296.51420,95.29,1.104,7.77,91.0,41.0,0.0
1787957764.5,0.00,710.8,0,0.260,0.000,0.0000,0,False,False,P,False,78.4,13.58,109550,296.51420,95.29,1.065,7.77,91.0,41.0,0.0
1787957764.7,0.00,711.8,0,0.260,0.000,0.0000,0,False,False,P,False,78.4,13.58,109550,296.51420,95.29,1.065,7.77,91.0,41.0,0.0
1787957765.0,0.00,708.0,0,0.260,0.000,0.0000,0,False,False,P,False,78.4,13.60,109550,296.51420,95.29,1.027,7.77,91.0,41.0,0.0
1787957765.2,0.00,704.8,0,0.260,0.000,0.0000,0,False,False,P,False,78.4,13.60,109550,296.51420,95.29,1.078,7.77,91.0,41.0,0.0
1787957765.4,0.00,702.5,0,0.260,0.000,0.0000,0,False,False,P,False,78.4,13.60,109550,296.51420,95.29,1.053,7.77,91.0,41.0,0.0
1787957765.6,0.00,701.8,0,0.260,0.000,0.0000,0,False,False,P,False,78.4,13.60,109550,296.51420,95.29,1.040,7.77,91.0,42.0,0.0
1787957765.8,0.00,699.5,0,0.260,0.000,0.0000,0,False,False,P,False,78.4,13.60,109550,296.51420,95.29,1.053,7.77,91.0,42.0,0.0
1787957766.0,0.00,698.5,0,0.260,0.000,0.0000,0,False,False,P,False,78.4,13.60,109550,296.51420,95.29,1.040,7.77,91.0,42.0,0.0
1787957766.2,0.00,697.2,0,0.260,0.000,0.0000,0,False,False,P,False,78.4,13.60,109550,296.51420,95.29,1.040,7.77,91.0,42.0,0.0
1787957766.4,0.00,700.5,0,0.260,0.000,0.0000,0,False,False,P,False,78.4,13.60,109550,296.51420,95.29,1.053,7.77,91.0,42.0,0.0
1787957766.6,0.00,701.0,0,0.260,0.000,0.0000,0,False,False,P,False,78.4,13.60,109550,296.51420,95.29,1.040,7.77,91.0,42.0,0.0
1787957766.8,0.00,703.8,0,0.260,0.000,0.0000,0,False,False,P,False,78.4,13.60,109550,296.51420,95.29,1.015,7.77,91.0,42.0,0.0
1787957767.0,0.00,703.8,0,0.260,0.000,0.0000,0,False,False,P,False,78.4,13.60,109550,296.51420,95.29,1.065,7.77,91.0,42.0,0.0
1787957767.2,0.00,706.5,0,0.260,0.000,0.0000,0,False,False,P,False,78.4,13.60,109550,296.51420,95.29,1.065,7.77,91.0,42.0,0.0
1787957767.4,0.00,707.5,0,0.260,0.000,0.0000,0,False,False,P,False,78.4,13.60,109550,296.51420,95.29,1.065,7.77,91.0,42.0,0.0
1787957767.6,0.00,707.5,0,0.260,0.000,0.0000,0,False,False,P,False,78.4,13.60,109550,296.51420,95.29,1.040,7.77,91.0,41.0,0.0
1787957767.8,0.00,706.5,0,0.260,0.000,0.0000,0,False,False,P,False,78.4,13.60,109550,296.51420,95.29,1.053,7.77,91.0,42.0,0.0
1787957768.0,0.00,704.0,0,0.260,0.000,0.0000,0,False,False,P,False,78.4,13.60,109550,296.51420,95.29,1.027,7.77,91.0,42.0,0.0
1787957768.2,0.00,702.5,0,0.260,0.000,0.0000,0,False,False,P,False,78.4,13.61,109550,296.51420,95.29,1.027,7.77,91.0,41.0,0.0
1787957768.4,0.00,702.2,0,0.260,0.000,0.0000,0,False,False,P,False,78.4,13.61,109550,296.51420,95.29,1.053,7.77,91.0,41.0,0.0
1787957768.6,0.00,702.0,0,0.260,0.000,0.0000,0,False,False,P,False,78.4,13.61,109550,296.51420,95.29,1.040,7.77,91.0,42.0,0.0
1787957768.8,0.00,699.2,0,0.260,0.000,0.0000,0,False,False,P,False,78.4,13.61,109550,296.51420,95.29,1.015,7.77,91.0,42.0,0.0
1787957769.0,0.00,696.5,0,0.260,0.000,0.0000,0,False,False,P,False,78.4,13.61,109550,296.51420,95.29,1.065,7.77,91.0,42.0,0.0
1787957769.2,0.00,694.8,0,0.260,0.000,0.0000,0,False,False,P,False,78.4,13.61,109550,296.51420,95.29,1.040,7.77,91.0,42.0,0.0
1787957769.4,0.00,693.0,0,0.260,0.000,0.0000,0,False,False,P,False,78.4,13.61,109550,296.51420,95.29,1.053,7.77,91.0,42.0,0.0
1787957769.6,0.00,697.0,0,0.260,0.000,0.0000,0,False,False,P,False,78.4,13.61,109550,296.51420,95.29,1.053,7.77,91.0,42.0,0.0
1787957769.8,0.00,700.8,0,0.260,0.000,0.0000,0,False,False,P,False,78.4,13.61,109550,296.51420,95.29,1.053,7.77,91.0,42.0,0.0
1787957770.0,0.00,706.0,0,0.260,0.000,0.0000,0,False,False,P,False,78.4,13.61,109550,296.51420,95.29,1.027,7.77,91.0,42.0,0.0
1787957770.2,0.00,708.5,0,0.260,0.000,0.0000,0,False,False,P,False,78.4,13.61,109550,296.51420,95.29,1.040,7.77,91.0,42.0,0.0
1787957770.4,0.00,707.8,0,0.260,0.000,0.0000,0,False,False,P,False,78.4,13.61,109550,296.51420,95.29,1.065,7.77,91.0,42.0,0.0
1787957770.6,0.00,706.2,0,0.260,0.000,0.0000,0,False,False,P,False,78.4,13.61,109550,296.51420,95.29,1.053,7.77,91.0,42.0,0.0
1787957770.8,0.00,706.8,0,0.260,0.000,0.0000,0,False,False,P,False,78.4,13.60,109550,296.51420,95.29,1.040,7.77,91.0,41.0,0.0
1787957771.1,0.00,706.8,0,0.260,0.000,0.0000,0,False,False,P,False,78.4,13.60,109550,296.51420,95.29,1.053,7.77,91.0,41.0,0.0
1787957771.3,0.00,704.5,0,0.260,0.000,0.0000,0,False,False,P,False,78.4,13.60,109550,296.51420,95.29,1.027,7.77,91.0,42.0,0.0
1787957771.5,0.00,701.0,0,0.260,0.000,0.0000,0,False,False,P,False,78.4,13.60,109550,296.51420,95.29,1.053,7.77,91.0,42.0,0.0
1787957771.7,0.00,701.5,0,0.260,0.000,0.0000,0,False,False,P,False,78.4,13.60,109550,296.51420,95.29,1.078,7.77,91.0,42.0,0.0
1787957771.9,0.00,701.5,0,0.260,0.000,0.0000,0,False,False,P,False,78.4,13.62,109550,296.51420,95.29,1.053,7.77,91.0,42.0,0.0
1787957772.1,0.00,702.2,0,0.260,0.000,0.0000,0,False,False,P,False,78.4,13.62,109550,296.51420,95.29,1.027,7.77,91.0,42.0,0.0
1787957772.3,0.00,700.2,0,0.260,0.000,0.0000,0,False,False,P,False,78.4,13.62,109550,296.51420,95.29,1.015,7.77,91.0,42.0,0.0
1787957772.5,0.00,700.8,0,0.260,0.000,0.0000,0,False,False,P,False,78.4,13.62,109550,296.51420,95.29,1.065,7.77,91.0,42.0,0.0
1787957772.7,0.00,701.0,0,0.260,0.000,0.0000,0,False,False,P,False,78.4,13.62,109550,296.51420,95.29,1.065,7.77,91.0,42.0,0.0
1787957772.9,0.00,702.2,0,0.260,0.000,0.0000,0,False,False,P,False,78.4,13.62,109550,296.51420,95.29,1.053,7.77,91.0,42.0,0.0
1787957773.1,0.00,704.5,0,0.260,0.000,0.0000,0,False,False,P,False,78.4,13.62,109550,296.51420,95.29,1.040,7.77,91.0,42.0,0.0
1787957773.3,0.00,702.5,0,0.260,0.000,0.0000,0,False,False,P,False,78.4,13.62,109550,296.51420,95.29,1.040,7.77,91.0,42.0,0.0
1787957773.5,0.00,703.0,0,0.260,0.000,0.0000,0,False,False,P,False,78.4,13.62,109550,296.51420,95.29,1.015,7.77,91.0,42.0,0.0
1787957773.7,0.00,702.5,0,0.260,0.000,0.0000,0,False,False,P,False,78.4,13.62,109550,296.51420,95.29,1.065,7.77,91.0,42.0,0.0
1787957773.9,0.00,704.0,0,0.260,0.000,0.0000,0,False,False,P,False,78.4,13.62,109550,296.51420,95.29,1.027,7.77,91.0,42.0,0.0
1787957774.1,0.00,704.8,0,0.260,0.000,0.0000,0,False,False,P,False,78.4,13.62,109550,296.51420,95.29,1.078,7.77,91.0,42.0,0.0
1787957774.3,0.00,707.0,0,0.260,0.000,0.0000,0,False,False,P,False,78.4,13.61,109550,296.51420,95.29,1.065,7.77,91.0,42.0,0.0
1787957774.5,0.00,706.0,0,0.260,0.000,0.0000,0,False,False,P,False,78.4,13.61,109550,296.51420,95.29,1.027,7.77,91.0,42.0,0.0
1787957774.7,0.00,706.5,0,0.260,0.000,0.0000,0,False,False,P,False,78.4,13.61,109550,296.51420,95.29,1.053,7.77,91.0,41.0,0.0
1787957774.9,0.00,702.8,0,0.260,0.000,0.0000,0,False,False,P,False,78.4,13.61,109550,296.51420,95.29,1.015,7.77,91.0,41.0,0.0
1787957775.1,0.00,698.2,0,0.260,0.000,0.0000,0,False,False,P,False,78.4,13.61,109550,296.51420,95.29,1.053,7.77,91.0,41.0,0.0
1787957775.3,0.00,696.2,0,0.260,0.000,0.0000,0,False,False,P,False,78.4,13.61,109550,296.51420,95.29,1.065,7.77,91.0,42.0,0.0
1787957775.5,0.00,698.5,0,0.260,0.000,0.0000,0,False,False,P,False,78.4,13.61,109550,296.51420,95.29,1.053,7.77,91.0,42.0,0.0
1787957775.7,0.00,699.0,0,0.260,0.000,0.0000,0,False,False,P,False,78.4,13.61,109550,296.51420,95.29,1.015,7.77,91.0,42.0,0.0
1787957775.9,0.00,698.8,0,0.260,0.000,0.0000,0,False,False,P,False,78.4,13.61,109550,296.51420,95.29,1.040,7.77,91.0,42.0,0.0
1787957776.1,0.00,698.0,0,0.260,0.000,0.0000,0,False,False,P,False,78.4,13.61,109550,296.51420,95.29,1.053,7.77,91.0,42.0,0.0
1787957776.4,0.00,699.0,0,0.260,0.000,0.0000,0,False,False,P,False,78.4,13.61,109550,296.51420,95.29,1.040,7.77,91.0,42.0,0.0
1787957776.6,0.00,702.2,0,0.260,0.000,0.0000,0,False,False,P,False,78.4,13.61,109550,296.51420,95.29,1.065,7.77,91.0,42.0,0.0
1787957776.8,0.00,700.0,0,0.260,0.000,0.0000,0,False,False,P,False,78.4,13.61,109550,296.51420,95.29,1.040,7.77,91.0,42.0,0.0
1787957777.0,0.00,703.5,0,0.260,0.000,0.0000,0,False,False,P,False,78.4,13.61,109550,296.51420,95.29,1.040,7.77,91.0,42.0,0.0
1787957777.2,0.00,705.5,0,0.260,0.000,0.0000,0,False,False,P,False,78.4,13.61,109550,296.51420,95.29,1.053,7.77,91.0,42.0,0.0
1787957777.4,0.00,706.5,0,0.260,0.000,0.0000,0,False,False,P,False,78.4,13.60,109550,296.51420,95.29,1.027,7.77,91.0,42.0,0.0
1787957777.6,0.00,707.0,0,0.260,0.000,0.0000,0,False,False,P,False,78.4,13.60,109550,296.51420,95.29,1.053,7.77,91.0,42.0,0.0
1787957777.8,0.00,705.5,0,0.260,0.000,0.0000,0,False,False,P,False,78.4,13.60,109550,296.51420,95.29,1.065,7.77,91.0,42.0,0.0
1787957778.0,0.00,702.0,0,0.260,0.000,0.0000,0,False,False,P,False,78.4,13.60,109550,296.51420,95.29,0.849,7.77,91.0,40.0,0.0
1787957778.2,0.00,684.2,0,0.260,0.000,0.0000,0,False,False,P,False,78.4,13.60,109550,296.51420,95.29,0.756,7.77,91.0,38.0,0.0
1787957778.4,0.00,741.5,0,0.260,0.000,0.0000,0,False,False,P,False,78.4,13.60,109550,296.51420,95.29,0.785,7.77,91.0,37.0,0.0
1787957778.6,0.00,739.2,0,0.260,0.000,0.0000,0,False,False,P,False,78.4,13.60,109550,296.51420,95.29,0.743,7.77,91.0,35.0,0.0
1787957778.8,0.00,744.0,0,0.260,0.000,0.0000,0,False,False,P,False,78.4,13.60,109550,296.51420,95.29,0.743,7.77,91.0,33.0,0.0
1787957779.0,0.00,740.8,0,0.260,0.000,0.0000,0,False,False,P,False,78.4,13.60,109550,296.51420,95.29,0.713,7.77,91.0,32.0,0.0
1787957779.2,0.00,724.2,0,0.260,0.000,0.0000,0,False,False,P,False,78.4,13.60,109550,296.51420,95.29,0.696,7.77,91.0,31.0,0.0
1787957779.4,0.00,716.0,0,0.260,0.000,0.0000,0,False,False,P,False,78.4,13.60,109550,296.51420,95.29,0.696,7.77,91.0,31.0,0.0
1787957779.6,0.00,712.2,0,0.260,0.000,0.0000,0,False,False,P,False,78.4,13.60,109550,296.51420,95.29,0.705,7.77,91.0,30.0,0.0
1787957779.8,0.00,704.2,0,0.260,0.000,0.0000,0,False,False,P,False,78.4,13.60,109550,296.51420,95.29,0.705,7.77,91.0,30.0,0.0
1787957780.0,0.00,701.0,0,0.260,0.000,0.0000,0,False,False,P,False,78.4,13.60,109550,296.51420,95.29,0.683,7.77,91.0,31.0,0.0
1787957780.2,0.00,701.5,0,0.260,0.000,0.0000,0,False,False,P,False,78.4,13.60,109550,296.51420,95.29,0.734,7.77,91.0,31.0,0.0
1787957780.4,0.00,703.8,0,0.260,0.000,0.0000,0,False,False,P,False,78.4,13.62,109550,296.51420,95.29,0.734,7.77,91.0,31.0,0.0
1787957780.6,0.00,705.5,0,0.260,0.000,0.0000,0,False,False,P,False,78.4,13.62,109550,296.51420,95.29,0.726,7.77,91.0,31.0,0.0
1787957780.8,0.00,707.5,0,0.260,0.000,0.0000,0,False,False,P,False,78.4,13.64,109550,296.51420,95.29,0.713,7.77,91.0,31.0,0.0
1787957781.0,0.00,705.8,0,0.260,0.000,0.0000,0,False,False,P,False,78.4,13.64,109550,296.51420,95.29,0.726,7.77,91.0,31.0,0.0
1787957781.2,0.00,706.0,0,0.260,0.000,0.0000,0,False,False,P,False,78.4,13.64,109550,296.51420,95.29,0.743,7.77,91.0,31.0,0.0
1787957781.4,0.00,706.5,0,0.260,0.000,0.0000,0,False,False,P,False,78.4,13.64,109550,296.51420,95.29,0.734,7.77,91.0,31.0,0.0
1787957781.6,0.00,710.8,0,0.260,0.000,0.0000,0,False,False,P,False,78.4,13.64,109550,296.51420,95.29,0.734,7.77,91.0,31.0,0.0
1787957781.8,0.00,709.0,0,0.260,0.000,0.0000,0,False,False,P,False,78.4,13.64,109550,296.51420,95.29,0.713,7.77,91.0,30.0,0.0
1787957782.0,0.00,713.2,0,0.260,0.000,0.0000,0,False,False,P,False,78.4,13.64,109550,296.51420,95.29,0.713,7.77,91.0,30.0,0.0
1787957782.2,0.00,714.2,0,0.260,0.000,0.0000,0,False,False,P,False,78.4,13.64,109550,296.51420,95.29,0.734,7.77,91.0,30.0,0.0
1787957782.4,0.00,713.0,0,0.260,0.000,0.0000,0,False,False,P,False,78.4,13.64,109550,296.51420,95.29,0.713,7.77,91.0,30.0,0.0
1787957782.6,0.00,710.5,0,0.260,0.000,0.0000,0,False,False,P,False,78.4,13.64,109550,296.51420,95.29,0.713,7.77,91.0,30.0,0.0
1787957782.8,0.00,710.0,0,0.260,0.000,0.0000,0,False,False,P,False,78.4,13.64,109550,296.51420,95.29,0.713,7.77,91.0,30.0,0.0
1787957783.1,0.00,706.0,0,0.260,0.000,0.0000,0,False,False,P,False,78.4,13.64,109550,296.51420,95.29,0.734,7.77,91.0,30.0,0.0
1787957783.3,0.00,707.0,0,0.260,0.000,0.0000,0,False,False,P,False,78.4,13.64,109550,296.51420,95.29,0.713,7.77,91.0,30.0,0.0
1787957783.5,0.00,707.0,0,0.260,0.000,0.0000,0,False,False,P,False,78.4,13.63,109550,296.51420,95.29,0.696,7.77,91.0,30.0,0.0
1787957783.7,0.00,702.2,0,0.260,0.000,0.0000,0,False,False,P,False,78.4,13.63,109550,296.51420,95.29,0.734,7.77,91.0,30.0,0.0
1787957783.9,0.00,706.5,0,0.260,0.000,0.0000,0,False,False,P,False,78.4,13.63,109550,296.51420,95.29,0.726,7.77,91.0,30.0,0.0
1787957784.1,0.00,707.5,0,0.260,0.000,0.0000,0,False,False,P,False,78.4,13.63,109550,296.51420,95.29,0.705,7.77,91.0,30.0,0.0
1787957784.3,0.00,703.2,0,0.260,0.000,0.0000,0,False,False,P,False,78.4,13.63,109550,296.51420,95.29,0.705,7.77,91.0,30.0,0.0
1787957784.5,0.00,701.8,0,0.260,0.000,0.0000,0,False,False,P,False,78.4,13.63,109550,296.51420,95.29,0.734,7.77,91.0,30.0,0.0
1787957784.7,0.00,700.8,0,0.260,0.000,0.0000,0,False,False,P,False,78.4,13.63,109550,296.51420,95.29,0.713,7.77,91.0,30.0,0.0
1787957784.9,0.00,702.0,0,0.260,0.000,0.0000,0,False,False,P,False,78.4,13.63,109550,296.51420,95.29,0.705,7.77,91.0,30.0,0.0
1787957785.1,0.00,703.2,0,0.260,0.000,0.0000,0,False,False,P,False,78.4,13.63,109550,296.51420,95.29,0.705,7.77,91.0,30.0,0.0
1787957785.3,0.00,707.0,0,0.260,0.000,0.0000,0,False,False,P,False,78.4,13.63,109550,296.51420,95.29,0.705,7.77,91.0,31.0,0.0
1787957785.5,0.00,705.2,0,0.260,0.000,0.0000,0,False,False,P,False,78.4,13.63,109550,296.51420,95.29,0.696,7.77,91.0,30.0,0.0
1787957785.7,0.00,703.5,0,0.260,0.000,0.0000,0,False,False,P,False,78.4,13.63,109550,296.51420,95.29,0.696,7.77,91.0,30.0,0.0
1787957785.9,0.00,708.8,0,0.260,0.000,0.0000,0,False,False,P,False,78.4,13.63,109550,296.51420,95.29,0.726,7.77,91.0,30.0,0.0
1787957786.1,0.00,709.8,0,0.260,0.000,0.0000,0,False,False,P,False,78.4,13.63,109550,296.51420,95.29,0.713,7.77,91.0,30.0,0.0
1787957786.3,0.00,709.8,0,0.260,0.000,0.0000,0,False,False,P,False,78.4,13.63,109550,296.51420,95.29,0.726,7.77,91.0,30.0,0.0
1787957786.5,0.00,709.8,0,0.260,0.000,0.0000,0,False,False,P,False,78.4,13.63,109550,296.51420,95.29,0.713,7.77,91.0,30.0,0.0
1787957786.7,0.00,706.0,0,0.260,0.000,0.0000,0,False,False,P,False,78.4,13.62,109550,296.51420,95.29,0.713,7.77,91.0,30.0,0.0
1787957786.9,0.00,708.2,0,0.260,0.000,0.0000,0,False,False,P,False,78.4,13.62,109550,296.51420,95.29,0.705,7.77,91.0,30.0,0.0
1787957787.1,0.00,707.2,0,0.260,0.000,0.0000,0,False,False,P,False,78.4,13.62,109550,296.51420,95.29,0.726,7.77,91.0,30.0,0.0
1787957787.3,0.00,708.0,0,0.260,0.000,0.0000,0,False,False,P,False,78.4,13.62,109550,296.51420,95.29,0.705,7.77,91.0,30.0,0.0
1787957787.5,0.00,705.2,0,0.260,0.000,0.0000,0,False,False,P,False,78.4,13.62,109550,296.51420,95.29,0.696,7.77,91.0,30.0,0.0
1787957787.7,0.00,704.2,0,0.260,0.000,0.0000,0,False,False,P,False,78.4,13.62,109550,296.51420,95.29,0.705,7.77,91.0,30.0,0.0
1787957787.9,0.00,705.2,0,0.260,0.000,0.0000,0,False,False,P,False,78.4,13.62,109550,296.51420,95.29,0.705,7.77,91.0,30.0,0.0
1787957788.1,0.00,700.5,0,0.260,0.000,0.0000,0,False,False,P,False,78.4,13.62,109550,296.51420,95.29,0.713,7.77,91.0,30.0,0.0
1787957788.3,0.00,704.2,0,0.260,0.000,0.0000,0,False,False,P,False,78.4,13.62,109550,296.51420,95.29,0.726,7.77,91.0,30.0,0.0
1787957788.5,0.00,700.0,0,0.260,0.000,0.0000,0,False,False,P,False,78.4,13.62,109550,296.51420,95.29,0.705,7.77,91.0,30.0,0.0
1787957788.7,0.00,702.8,0,0.260,0.000,0.0000,0,False,False,P,False,78.4,13.62,109550,296.51420,95.29,0.705,7.77,91.0,30.0,0.0
1787957788.9,0.00,702.5,0,0.260,0.000,0.0000,0,False,False,P,False,78.4,13.62,109550,296.51420,95.29,0.713,7.77,91.0,30.0,0.0
1787957789.1,0.00,704.5,0,0.260,0.000,0.0000,0,False,False,P,False,78.4,13.62,109550,296.51420,95.29,0.713,7.77,91.0,30.0,0.0
1787957789.3,0.00,708.8,0,0.260,0.000,0.0000,0,False,False,P,False,78.4,13.62,109550,296.51420,95.29,0.713,7.77,91.0,30.0,0.0
1787957789.6,0.00,705.2,0,0.260,0.000,0.0000,0,False,False,P,False,78.4,13.62,109550,296.51420,95.29,0.705,7.77,91.0,30.0,0.0
1787957789.8,0.00,706.5,0,0.260,0.000,0.0000,0,False,False,P,False,78.4,13.62,109550,296.51420,95.29,0.705,7.77,91.0,30.0,0.0
1787957790.0,0.00,702.5,0,0.260,0.000,0.0000,0,False,False,P,False,78.4,13.62,109550,296.51420,95.29,0.713,7.77,91.0,30.0,0.0
1787957790.2,0.00,705.5,0,0.260,0.000,0.0000,0,False,False,P,False,78.4,13.62,109550,296.51420,95.29,0.726,7.77,91.0,30.0,0.0
1787957790.4,0.00,708.5,0,0.260,0.000,0.0000,0,False,False,P,False,78.4,13.62,109550,296.51420,95.29,0.696,7.77,91.0,30.0,0.0
1787957790.6,0.00,709.2,0,0.260,0.000,0.0000,0,False,False,P,False,78.4,13.62,109550,296.51420,95.29,0.705,7.77,91.0,30.0,0.0
1787957790.8,0.00,710.5,0,0.260,0.000,0.0000,0,False,False,P,False,78.4,13.62,109550,296.51420,95.29,0.713,7.77,91.0,30.0,0.0
1787957791.0,0.00,708.0,0,0.260,0.000,0.0000,0,False,False,P,False,78.4,13.62,109550,296.51420,95.29,0.696,7.77,91.0,30.0,0.0
1787957791.2,0.00,706.8,0,0.260,0.000,0.0000,0,False,False,P,False,78.4,13.62,109550,296.51420,95.29,0.705,7.77,91.0,30.0,0.0
1787957790.7,0.00,706.2,0,0.260,0.000,0.0000,0,False,False,P,False,78.4,13.62,109550,296.51420,95.29,0.713,7.77,91.0,30.0,0.0
1787957790.9,0.00,703.5,0,0.260,0.000,0.0000,0,False,False,P,False,78.4,13.62,109550,296.51420,95.29,0.713,7.77,91.0,30.0,0.0
1787957791.1,0.00,703.8,0,0.260,0.000,0.0000,0,False,False,P,False,78.4,13.62,109550,296.51420,95.29,0.726,7.77,91.0,30.0,0.0
1787957791.3,0.00,702.2,0,0.260,0.000,0.0000,0,False,False,P,False,78.4,13.62,109550,296.51420,95.29,0.713,7.77,91.0,30.0,0.0
1787957791.5,0.00,703.5,0,0.260,0.000,0.0000,0,False,False,P,False,78.4,13.62,109550,296.51420,95.29,0.713,7.77,91.0,30.0,0.0
1787957791.7,0.00,702.0,0,0.260,0.000,0.0000,0,False,False,P,False,78.4,13.62,109550,296.51420,95.29,0.726,7.77,91.0,30.0,0.0
1787957791.9,0.00,700.8,0,0.260,0.000,0.0000,0,False,False,P,False,78.4,13.62,109550,296.51420,95.29,0.705,7.77,91.0,30.0,0.0
1787957792.1,0.00,705.0,0,0.260,0.000,0.0000,0,False,False,P,False,78.4,13.63,109550,296.51420,95.29,0.713,7.77,91.0,30.0,0.0
1787957792.3,0.00,700.8,0,0.260,0.000,0.0000,0,False,False,P,False,78.4,13.63,109550,296.51420,95.29,0.726,7.77,91.0,30.0,0.0
1787957792.5,0.00,701.5,0,0.260,0.000,0.0000,0,False,False,P,False,78.4,13.63,109550,296.51420,95.29,0.713,7.77,91.0,30.0,0.0
1787957792.7,0.00,699.8,0,0.260,0.000,0.0000,0,False,False,P,False,78.4,13.63,109550,296.51420,95.29,0.726,7.77,91.0,30.0,0.0
1787957792.9,0.00,703.8,0,0.260,0.000,0.0000,0,False,False,P,False,78.4,13.63,109550,296.51420,95.29,0.696,7.77,91.0,30.0,0.0
1787957793.2,0.00,701.5,0,0.260,0.000,0.0000,0,False,False,P,False,78.4,13.63,109550,296.51420,95.29,0.683,7.77,91.0,30.0,0.0
1787957793.4,0.00,703.0,0,0.260,0.000,0.0000,0,False,False,P,False,78.4,13.63,109550,296.51420,95.29,0.705,7.77,91.0,30.0,0.0
1787957793.6,0.00,708.5,0,0.260,0.000,0.0000,0,False,False,P,False,78.4,13.63,109550,296.51420,95.29,0.696,7.77,91.0,30.0,0.0
1787957793.8,0.00,706.0,0,0.260,0.000,0.0000,0,False,False,P,False,78.4,13.63,109550,296.51420,95.29,0.713,7.77,91.0,30.0,0.0
1787957794.0,0.00,707.0,0,0.260,0.000,0.0000,0,False,False,P,False,78.4,13.63,109550,296.51420,95.29,0.713,7.77,91.0,30.0,0.0
1787957794.2,0.00,703.0,0,0.260,0.000,0.0000,0,False,False,P,False,78.4,13.63,109550,296.51420,95.29,0.705,7.77,91.0,30.0,0.0
1787957794.4,0.00,706.5,0,0.260,0.000,0.0000,0,False,False,P,False,78.4,13.63,109550,296.51420,95.29,0.713,7.77,91.0,30.0,0.0
1787957794.6,0.00,707.2,0,0.260,0.000,0.0000,0,False,False,P,False,78.4,13.63,109550,296.51420,95.29,0.705,7.77,91.0,30.0,0.0
1787957794.8,0.00,708.2,0,0.260,0.000,0.0000,0,False,False,P,False,78.4,13.63,109550,296.51420,95.29,0.683,7.77,91.0,30.0,0.0
1787957795.0,0.00,703.2,0,0.260,0.000,0.0000,0,False,False,P,False,78.4,13.63,109550,296.51420,95.29,0.705,7.77,91.0,30.0,0.0
1787957795.2,0.00,704.2,0,0.260,0.000,0.0000,0,False,False,P,False,78.4,13.62,109550,296.51420,95.29,0.713,7.77,91.0,30.0,0.0
1787957795.4,0.00,701.8,0,0.260,0.000,0.0000,0,False,False,P,False,78.4,13.62,109550,296.51420,95.29,0.696,7.77,91.0,30.0,0.0
1787957795.6,0.00,698.5,0,0.260,0.000,0.0000,0,False,False,P,False,78.4,13.62,109550,296.51420,95.29,0.696,7.77,91.0,30.0,0.0
1787957795.8,0.00,698.5,0,0.260,0.000,0.0000,0,False,False,P,False,78.4,13.62,109550,296.51420,95.29,0.705,7.77,91.0,30.0,0.0
1787957796.0,0.00,700.8,0,0.260,0.000,0.0000,0,False,False,P,False,78.4,13.62,109550,296.51420,95.29,0.696,7.77,91.0,30.0,0.0
1787957796.2,0.00,700.0,0,0.260,0.000,0.0000,0,False,False,P,False,78.4,13.62,109550,296.51420,95.29,0.705,7.77,91.0,30.0,0.0
1787957796.4,0.00,702.2,0,0.260,0.000,0.0000,0,False,False,P,False,78.4,13.62,109550,296.51420,95.29,0.713,7.77,91.0,30.0,0.0
1787957796.6,0.00,702.0,0,0.260,0.000,0.0000,0,False,False,P,False,78.4,13.62,109550,296.51420,95.29,0.713,7.77,91.0,30.0,0.0
1787957796.8,0.00,704.8,0,0.260,0.000,0.0000,0,False,False,P,False,78.4,13.62,109550,296.51420,95.29,0.705,7.77,91.0,30.0,0.0
1787957797.0,0.00,704.0,0,0.260,0.000,0.0000,0,False,False,P,False,78.4,13.62,109550,296.51420,95.29,0.713,7.77,91.0,30.0,0.0
1787957797.2,0.00,700.8,0,0.260,0.000,0.0000,0,False,False,P,False,78.4,13.62,109550,296.51420,95.29,0.705,7.77,91.0,30.0,0.0
1787957797.4,0.00,702.2,0,0.260,0.000,0.0000,0,False,False,P,False,78.4,13.62,109550,296.51420,95.29,0.696,7.77,91.0,31.0,0.0
1787957797.6,0.00,730.2,0,0.260,0.000,0.0000,0,False,False,P,False,78.4,13.62,109550,296.51420,95.29,1.227,7.77,91.0,36.0,0.0
1787957797.8,0.00,780.8,0,0.260,0.000,0.0000,0,False,False,P,False,78.4,13.62,109550,296.51420,95.29,0.989,7.77,91.0,36.0,0.0
1787957798.0,0.00,738.8,0,0.260,0.000,0.0000,0,False,False,P,False,78.4,13.62,109550,296.51420,95.29,1.341,7.77,91.0,38.0,0.0
1787957798.2,0.00,744.8,0,0.260,0.000,0.0000,0,False,False,P,False,78.4,13.62,109550,296.51420,95.29,1.053,7.77,91.0,39.0,0.0
1787957798.4,0.00,734.2,0,0.260,0.000,0.0000,0,False,False,P,False,78.4,13.52,109550,296.51420,95.29,1.214,7.77,91.0,39.0,0.0
1787957798.6,0.00,732.2,0,0.260,0.000,0.0000,0,False,False,P,False,78.4,13.52,109550,296.51420,95.29,1.214,7.77,91.0,40.0,0.0
1787957798.8,0.00,735.5,0,0.260,0.000,0.0000,0,False,False,P,False,78.4,13.52,109550,296.51420,95.29,1.027,7.77,91.0,41.0,0.0
1787957799.0,0.00,734.2,0,0.260,0.000,0.0000,0,False,False,P,False,78.4,13.52,109550,296.51420,95.29,1.078,7.77,91.0,41.0,0.0
1787957799.2,0.00,728.0,0,0.260,0.000,0.0000,0,False,False,P,False,78.4,13.52,109550,296.51420,95.29,1.065,7.77,91.0,41.0,0.0
1787957799.5,0.00,723.0,0,0.260,0.000,0.0000,0,False,False,P,False,78.4,13.52,109550,296.51420,95.29,1.053,7.77,91.0,41.0,0.0
1787957799.7,0.00,719.5,0,0.260,0.000,0.0000,0,False,False,P,False,78.4,13.52,109550,296.51420,95.29,1.078,7.77,91.0,41.0,0.0
1787957799.9,0.00,710.0,0,0.260,0.000,0.0000,0,False,False,P,False,78.4,13.52,109550,296.51420,95.29,1.091,7.77,91.0,42.0,0.0
1787957800.1,0.00,706.5,0,0.260,0.000,0.0000,0,False,False,P,False,78.4,13.52,109550,296.51420,95.29,1.146,7.77,91.0,42.0,0.0
1787957800.3,0.00,708.0,0,0.260,0.000,0.0000,0,False,False,P,False,78.4,13.52,109550,296.51420,95.29,1.146,7.77,91.0,43.0,0.0
1787957800.5,0.00,716.2,0,0.260,0.000,0.0000,0,False,False,P,False,78.4,13.52,109550,296.51420,95.29,1.159,7.77,91.0,44.0,0.0
1787957800.7,0.00,726.8,0,0.260,0.000,0.0000,0,False,False,P,False,78.4,13.52,109550,296.51420,95.29,1.121,7.77,91.0,44.0,0.0
1787957800.9,0.00,735.8,0,0.260,0.000,0.0000,0,False,False,P,False,78.4,13.52,109550,296.51420,95.29,1.146,7.77,91.0,44.0,0.0
1787957801.1,0.00,742.2,0,0.260,0.000,0.0000,0,False,False,P,False,78.4,13.52,109550,296.51420,95.29,1.133,7.77,91.0,44.0,0.0
1787957801.3,0.00,745.8,0,0.260,0.000,0.0000,0,False,False,P,False,78.4,13.52,109550,296.51420,95.29,1.091,7.77,91.0,43.0,0.0
1787957801.5,0.00,744.0,0,0.260,0.000,0.0000,0,False,False,P,False,78.4,13.72,109550,296.51420,95.29,1.104,7.77,91.0,43.0,0.0
1787957801.7,0.00,741.2,0,0.260,0.000,0.0000,0,False,False,P,False,78.4,13.72,109550,296.51420,95.29,1.053,7.77,91.0,42.0,0.0
1787957801.9,0.00,735.2,0,0.260,0.000,0.0000,0,False,False,P,False,78.4,13.72,109550,296.51420,95.29,1.053,7.77,91.0,42.0,0.0
1787957802.1,0.00,731.8,0,0.260,0.000,0.0000,0,False,False,P,False,78.4,13.72,109550,296.51420,95.29,1.065,7.77,91.0,41.0,0.0
1787957802.3,0.00,723.8,0,0.260,0.000,0.0000,0,False,False,P,False,78.4,13.72,109550,296.51420,95.29,1.053,7.77,91.0,41.0,0.0
1787957802.5,0.00,716.8,0,0.260,0.000,0.0000,0,False,False,P,False,78.4,13.72,109550,296.51420,95.29,1.078,7.77,91.0,41.0,0.0
1787957802.7,0.00,714.2,0,0.260,0.000,0.0000,0,False,False,P,False,78.4,13.72,109550,296.51420,95.29,1.078,7.77,91.0,41.0,0.0
1787957802.9,0.00,711.5,0,0.260,0.000,0.0000,0,False,False,P,False,78.4,13.72,109550,296.51420,95.29,1.091,7.77,91.0,42.0,0.0
1787957803.1,0.00,713.0,0,0.260,0.000,0.0000,0,False,False,P,False,78.4,13.72,109550,296.51420,95.29,1.053,7.77,91.0,42.0,0.0
1787957803.3,0.00,711.0,0,0.260,0.000,0.0000,0,False,False,P,False,78.4,13.72,109550,296.51420,95.29,1.091,7.77,91.0,42.0,0.0
1787957803.5,0.00,712.2,0,0.260,0.000,0.0000,0,False,False,P,False,78.4,13.72,109550,296.51420,95.29,1.091,7.77,91.0,42.0,0.0
1787957803.7,0.00,711.8,0,0.260,0.000,0.0000,0,False,False,P,False,78.4,13.72,109550,296.51420,95.29,1.065,7.77,91.0,42.0,0.0
1787957803.9,0.00,712.8,0,0.260,0.000,0.0000,0,False,False,P,False,78.4,13.72,109550,296.51420,95.29,1.065,7.77,91.0,42.0,0.0
1787957804.1,0.00,711.2,0,0.260,0.000,0.0000,0,False,False,P,False,78.4,13.72,109550,296.51420,95.29,1.040,7.77,91.0,42.0,0.0
1787957804.3,0.00,712.8,0,0.260,0.000,0.0000,0,False,False,P,False,78.4,13.72,109550,296.51420,95.29,1.040,7.77,91.0,42.0,0.0
1787957804.5,0.00,709.8,0,0.260,0.000,0.0000,0,False,False,P,False,78.4,13.60,109550,296.51420,95.29,1.078,7.77,91.0,42.0,0.0
1787957804.7,0.00,710.5,0,0.260,0.000,0.0000,0,False,False,P,False,78.4,13.60,109550,296.51420,95.29,1.065,7.77,91.0,42.0,0.0
1787957804.9,0.00,707.0,0,0.260,0.000,0.0000,0,False,False,P,False,78.4,13.60,109550,296.51420,95.29,1.091,7.77,91.0,42.0,0.0
1787957805.2,0.00,709.5,0,0.260,0.000,0.0000,0,False,False,P,False,78.4,13.60,109550,296.51420,95.29,1.065,7.77,91.0,42.0,0.0
1787957805.4,0.00,708.5,0,0.260,0.000,0.0000,0,False,False,P,False,78.4,13.60,109550,296.51420,95.29,1.053,7.77,91.0,42.0,0.0
1787957805.6,0.00,708.0,0,0.260,0.000,0.0000,0,False,False,P,False,78.4,13.60,109550,296.51420,95.29,1.053,7.77,91.0,42.0,0.0
1787957805.8,0.00,707.2,0,0.260,0.000,0.0000,0,False,False,P,False,78.4,13.60,109550,296.51420,95.29,1.053,7.77,91.0,42.0,0.0
1787957806.0,0.00,700.2,0,0.260,0.000,0.0000,0,False,False,P,False,78.4,13.60,109550,296.51420,95.29,0.777,7.77,91.0,40.0,0.0
1787957806.2,0.00,716.0,0,0.260,0.000,0.0000,0,False,False,P,False,78.4,13.60,109550,296.51420,95.29,0.785,7.77,91.0,38.0,0.0
1787957806.4,0.00,743.0,0,0.260,0.000,0.0000,0,False,False,P,False,78.4,13.60,109550,296.51420,95.29,0.785,7.77,91.0,37.0,0.0
1787957806.6,0.00,744.5,0,0.260,0.000,0.0000,0,False,False,P,False,78.4,13.60,109550,296.51420,95.29,0.743,7.77,91.0,35.0,0.0
1787957806.8,0.00,744.2,0,0.260,0.000,0.0000,0,False,False,P,False,78.4,13.60,109550,296.51420,95.29,0.713,7.77,91.0,34.0,0.0
1787957807.0,0.00,739.5,0,0.260,0.000,0.0000,0,False,False,P,False,78.4,13.60,109550,296.51420,95.29,0.675,7.77,91.0,33.0,0.0
1787957807.2,0.00,726.5,0,0.260,0.000,0.0000,0,False,False,P,False,78.4,13.60,109550,296.51420,95.29,0.696,7.77,91.0,31.0,0.0
1787957807.4,0.00,716.8,0,0.260,0.000,0.0000,0,False,False,P,False,78.4,13.60,109550,296.51420,95.29,0.683,7.77,91.0,31.0,0.0
1787957807.6,0.00,711.5,0,0.260,0.000,0.0000,0,False,False,P,False,78.4,13.57,109550,296.51420,95.29,0.713,7.77,91.0,31.0,0.0
1787957807.8,0.00,710.2,0,0.260,0.000,0.0000,0,False,False,P,False,78.4,13.57,109550,296.51420,95.29,0.705,7.77,91.0,31.0,0.0
1787957808.0,0.00,706.5,0,0.260,0.000,0.0000,0,False,False,P,False,78.4,13.57,109550,296.51420,95.29,0.756,7.77,91.0,31.0,0.0
1787957808.2,0.00,702.2,0,0.260,0.000,0.0000,0,False,False,P,False,78.4,13.57,109550,296.51420,95.29,0.726,7.77,91.0,31.0,0.0
1787957808.4,0.00,708.2,0,0.260,0.000,0.0000,0,False,False,P,False,78.4,13.57,109550,296.51420,95.29,0.734,7.77,91.0,31.0,0.0
1787957808.6,0.00,713.5,0,0.260,0.000,0.0000,0,False,False,P,False,78.4,13.57,109550,296.51420,95.29,0.734,7.77,91.0,31.0,0.0
1787957808.8,0.00,713.5,0,0.260,0.000,0.0000,0,False,False,P,False,78.4,13.57,109550,296.51420,95.29,0.726,7.77,91.0,31.0,0.0
1787957809.0,0.00,715.5,0,0.260,0.000,0.0000,0,False,False,P,False,78.4,13.57,109550,296.51420,95.29,0.726,7.77,91.0,31.0,0.0
1787957809.2,0.00,712.0,0,0.260,0.000,0.0000,0,False,False,P,False,78.4,13.57,109550,296.51420,95.29,0.726,7.77,91.0,30.0,0.0
1787957809.4,0.00,712.2,0,0.260,0.000,0.0000,0,False,False,P,False,78.4,13.57,109550,296.51420,95.29,0.734,7.77,91.0,30.0,0.0
1787957809.6,0.00,711.2,0,0.260,0.000,0.0000,0,False,False,P,False,78.4,13.57,109550,296.51420,95.29,0.726,7.77,91.0,30.0,0.0
1787957809.8,0.00,713.2,0,0.260,0.000,0.0000,0,False,False,P,False,78.4,13.57,109550,296.51420,95.29,0.705,7.77,91.0,30.0,0.0
1787957810.0,0.00,713.0,0,0.260,0.000,0.0000,0,False,False,P,False,78.4,13.57,109550,296.51420,95.29,0.734,7.77,91.0,30.0,0.0
1787957810.2,0.00,710.8,0,0.260,0.000,0.0000,0,False,False,P,False,78.4,13.57,109550,296.51420,95.29,0.713,7.77,91.0,30.0,0.0
1787957810.4,0.00,710.5,0,0.260,0.000,0.0000,0,False,False,P,False,78.4,13.57,109550,296.51420,95.29,0.726,7.77,91.0,30.0,0.0
1787957810.7,0.00,712.8,0,0.260,0.000,0.0000,0,False,False,P,False,78.4,13.57,109550,296.51420,95.29,0.696,7.77,91.0,30.0,0.0
1787957810.9,0.00,712.5,0,0.260,0.000,0.0000,0,False,False,P,False,78.4,13.57,109550,296.51420,95.29,0.713,7.77,91.0,30.0,0.0
1787957811.1,0.00,710.5,0,0.260,0.000,0.0000,0,False,False,P,False,78.4,13.57,109550,296.51420,95.29,0.734,7.77,91.0,30.0,0.0
1787957811.3,0.00,710.8,0,0.260,0.000,0.0000,0,False,False,P,False,78.4,13.57,109550,296.51420,95.29,0.713,7.77,91.0,30.0,0.0
1787957811.5,0.00,711.8,0,0.260,0.000,0.0000,0,False,False,P,False,78.4,13.57,109550,296.51420,95.29,0.713,7.77,91.0,30.0,0.0
1787957811.7,0.00,709.8,0,0.260,0.000,0.0000,0,False,False,P,False,78.4,13.57,109550,296.51420,95.29,0.713,7.77,91.0,30.0,0.0
1787957811.9,0.00,707.2,0,0.260,0.000,0.0000,0,False,False,P,False,78.4,13.57,109550,296.51420,95.29,0.705,7.77,91.0,30.0,0.0
1787957812.1,0.00,710.2,0,0.260,0.000,0.0000,0,False,False,P,False,78.4,13.57,109550,296.51420,95.29,0.734,7.77,91.0,30.0,0.0
1787957812.3,0.00,706.8,0,0.260,0.000,0.0000,0,False,False,P,False,78.4,13.57,109550,296.51420,95.29,0.713,7.77,91.0,30.0,0.0
1787957812.5,0.00,708.8,0,0.260,0.000,0.0000,0,False,False,P,False,78.4,13.57,109550,296.51420,95.29,0.726,7.77,91.0,30.0,0.0
1787957812.7,0.00,710.5,0,0.260,0.000,0.0000,0,False,False,P,False,78.4,13.57,109550,296.51420,95.29,0.726,7.77,91.0,31.0,0.0
1787957812.9,0.00,710.8,0,0.260,0.000,0.0000,0,False,False,P,False,78.4,13.57,109550,296.51420,95.29,0.713,7.77,91.0,30.0,0.0
1787957813.1,0.00,712.8,0,0.260,0.000,0.0000,0,False,False,P,False,78.4,13.63,109550,296.51420,95.29,0.705,7.77,91.0,30.0,0.0
1787957813.3,0.00,708.8,0,0.260,0.000,0.0000,0,False,False,P,False,78.4,13.63,109550,296.51420,95.29,0.726,7.77,91.0,30.0,0.0
1787957813.5,0.00,710.8,0,0.260,0.000,0.0000,0,False,False,P,False,78.4,13.63,109550,296.51420,95.29,0.726,7.77,91.0,30.0,0.0
1787957813.7,0.00,710.2,0,0.260,0.000,0.0000,0,False,False,P,False,78.4,13.61,109550,296.51420,95.29,0.726,7.77,91.0,30.0,0.0
1787957813.9,0.00,711.2,0,0.260,0.000,0.0000,0,False,False,P,False,78.4,13.61,109550,296.51420,95.29,0.734,7.77,91.0,30.0,0.0
1787957814.1,0.00,713.5,0,0.260,0.000,0.0000,0,False,False,P,False,78.4,13.61,109550,296.51420,95.29,0.713,7.77,91.0,30.0,0.0
1787957814.3,0.00,713.8,0,0.260,0.000,0.0000,0,False,False,P,False,78.4,13.61,109550,296.51420,95.29,0.726,7.77,91.0,30.0,0.0
1787957814.5,0.00,713.8,0,0.260,0.000,0.0000,0,False,False,P,False,78.4,13.61,109550,296.51420,95.29,0.726,7.77,91.0,30.0,0.0
1787957814.7,0.00,711.2,0,0.260,0.000,0.0000,0,False,False,P,False,78.4,13.61,109550,296.51420,95.29,0.713,7.77,91.0,30.0,0.0
1787957814.9,0.00,708.5,0,0.260,0.000,0.0000,0,False,False,P,False,78.4,13.61,109550,296.51420,95.29,0.696,7.77,91.0,30.0,0.0
1787957815.1,0.00,707.5,0,0.260,0.000,0.0000,0,False,False,P,False,78.4,13.61,109550,296.51420,95.29,0.713,7.77,91.0,30.0,0.0
1787957815.3,0.00,709.2,0,0.260,0.000,0.0000,0,False,False,P,False,78.4,13.61,109550,296.51420,95.29,0.726,7.77,91.0,30.0,0.0
1787957815.5,0.00,706.0,0,0.260,0.000,0.0000,0,False,False,P,False,78.4,13.61,109550,296.51420,95.29,0.713,7.77,91.0,30.0,0.0
1787957815.7,0.00,709.2,0,0.260,0.000,0.0000,0,False,False,P,False,78.4,13.61,109550,296.51420,95.29,0.713,7.77,91.0,30.0,0.0
1787957815.9,0.00,711.0,0,0.260,0.000,0.0000,0,False,False,P,False,78.4,13.61,109550,296.51420,95.29,0.713,7.77,91.0,30.0,0.0
1787957816.1,0.00,709.0,0,0.260,0.000,0.0000,0,False,False,P,False,78.4,13.61,109550,296.51420,95.29,0.705,7.77,91.0,30.0,0.0
1787957816.3,0.00,709.0,0,0.260,0.000,0.0000,0,False,False,P,False,78.4,13.61,109550,296.51420,95.29,0.705,7.77,91.0,30.0,0.0
1787957816.6,0.00,708.0,0,0.260,0.000,0.0000,0,False,False,P,False,78.4,13.61,109550,296.51420,95.29,0.705,7.77,91.0,30.0,0.0
1787957816.8,0.00,706.2,0,0.260,0.000,0.0000,0,False,False,P,False,78.4,13.62,109550,296.51420,95.29,0.713,7.77,91.0,30.0,0.0
1787957817.0,0.00,706.5,0,0.260,0.000,0.0000,0,False,False,P,False,78.4,13.62,109550,296.51420,95.29,0.734,7.77,91.0,30.0,0.0
1787957817.2,0.00,707.2,0,0.260,0.000,0.0000,0,False,False,P,False,78.4,13.62,109550,296.51420,95.29,0.713,7.77,91.0,30.0,0.0
1787957817.4,0.00,710.5,0,0.260,0.000,0.0000,0,False,False,P,False,78.4,13.62,109550,296.51420,95.29,0.713,7.77,91.0,30.0,0.0
1787957817.6,0.00,709.2,0,0.260,0.000,0.0000,0,False,False,P,False,78.4,13.62,109550,296.51420,95.29,0.696,7.77,91.0,30.0,0.0
1787957817.8,0.00,711.2,0,0.260,0.000,0.0000,0,False,False,P,False,78.4,13.62,109550,296.51420,95.29,0.705,7.77,91.0,30.0,0.0
1787957818.0,0.00,712.8,0,0.260,0.000,0.0000,0,False,False,P,False,78.4,13.62,109550,296.51420,95.29,0.705,7.77,91.0,30.0,0.0
1787957818.2,0.00,707.8,0,0.260,0.000,0.0000,0,False,False,P,False,78.4,13.62,109550,296.51420,95.29,0.705,7.77,91.0,30.0,0.0
1787957818.4,0.00,711.0,0,0.260,0.000,0.0000,0,False,False,P,False,78.4,13.62,109550,296.51420,95.29,0.713,7.77,91.0,30.0,0.0
1787957818.6,0.00,714.8,0,0.260,0.000,0.0000,0,False,False,P,False,78.4,13.62,109550,296.51420,95.29,1.312,7.77,91.0,36.0,0.0
1787957818.8,0.00,794.8,0,0.260,0.000,0.0000,0,False,False,P,False,78.4,13.62,109550,296.51420,95.29,0.989,7.77,91.0,39.0,0.0
1787957819.0,0.00,752.8,0,0.260,0.000,0.0000,0,False,False,P,False,78.4,13.62,109550,296.51420,95.29,1.244,7.77,91.0,38.0,0.0
1787957819.2,0.00,749.0,0,0.260,0.000,0.0000,0,False,False,P,False,78.4,13.62,109550,296.51420,95.29,1.133,7.77,91.0,39.0,0.0
1787957819.4,0.00,739.5,0,0.260,0.000,0.0000,0,False,False,P,False,78.4,13.62,109550,296.51420,95.29,1.227,7.77,91.0,39.0,0.0
1787957819.6,0.00,739.2,0,0.260,0.000,0.0000,0,False,False,P,False,78.4,13.62,109550,296.51420,95.29,1.065,7.77,91.0,40.0,0.0
1787957819.8,0.00,735.0,0,0.260,0.000,0.0000,0,False,False,P,False,78.4,13.62,109550,296.51420,95.29,1.053,7.77,91.0,40.0,0.0
1787957820.0,0.00,732.2,0,0.260,0.000,0.0000,0,False,False,P,False,78.4,13.19,109550,296.51420,95.29,1.091,7.77,91.0,41.0,0.0
1787957820.2,0.00,730.2,0,0.260,0.000,0.0000,0,False,False,P,False,78.4,13.19,109550,296.51420,95.29,1.078,7.77,91.0,41.0,0.0
1787957820.4,0.00,726.8,0,0.260,0.000,0.0000,0,False,False,P,False,78.4,13.19,109550,296.51420,95.29,1.078,7.77,91.0,41.0,0.0
1787957820.6,0.00,722.5,0,0.260,0.000,0.0000,0,False,False,P,False,78.4,13.19,109550,296.51420,95.29,1.078,7.77,91.0,41.0,0.0
1787957820.8,0.00,719.0,0,0.260,0.000,0.0000,0,False,False,P,False,78.4,13.19,109550,296.51420,95.29,1.078,7.77,91.0,42.0,0.0
1787957821.0,0.00,714.5,0,0.260,0.000,0.0000,0,False,False,P,False,78.4,13.19,109550,296.51420,95.29,1.104,7.77,91.0,42.0,0.0
1787957821.2,0.00,714.0,0,0.260,0.000,0.0000,0,False,False,P,False,78.4,13.19,109550,296.51420,95.29,1.104,7.77,91.0,43.0,0.0
1787957821.4,0.00,714.5,0,0.260,0.000,0.0000,0,False,False,P,False,78.4,13.19,109550,296.51420,95.29,1.091,7.77,91.0,43.0,0.0
1787957821.6,0.00,716.5,0,0.260,0.000,0.0000,0,False,False,P,False,78.4,13.19,109550,296.51420,95.29,1.159,7.77,91.0,43.0,0.0
1787957821.8,0.00,718.2,0,0.260,0.000,0.0000,0,False,False,P,False,78.4,13.19,109550,296.51420,95.29,1.146,7.77,91.0,44.0,0.0
1787957822.0,0.00,726.0,0,0.260,0.000,0.0000,0,False,False,P,False,78.4,13.19,109550,296.51420,95.29,1.159,7.77,91.0,44.0,0.0
1787957822.2,0.00,730.5,0,0.260,0.000,0.0000,0,False,False,P,False,78.4,13.19,109550,296.51420,95.29,1.121,7.77,91.0,44.0,0.0
1787957822.4,0.00,741.2,0,0.260,0.000,0.0000,0,False,False,P,False,78.4,13.19,109550,296.51420,95.29,1.091,7.77,91.0,44.0,0.0
1787957822.6,0.00,742.8,0,0.260,0.000,0.0000,0,False,False,P,False,78.4,13.19,109550,296.51420,95.29,1.053,7.77,91.0,43.0,0.0
1787957822.8,0.00,738.2,0,0.260,0.000,0.0000,0,False,False,P,False,78.4,13.19,109550,296.51420,95.29,1.065,7.77,91.0,42.0,0.0
1787957823.1,0.00,731.0,0,0.260,0.000,0.0000,0,False,False,P,False,78.4,13.62,109550,296.51420,95.29,1.040,7.77,91.0,42.0,0.0
1787957823.3,0.00,721.2,0,0.260,0.000,0.0000,0,False,False,P,False,78.4,13.62,109550,296.51420,95.29,1.053,7.77,91.0,41.0,0.0
1787957823.5,0.00,714.0,0,0.260,0.000,0.0000,0,False,False,P,False,78.4,13.62,109550,296.51420,95.29,1.065,7.77,91.0,41.0,0.0
1787957823.7,0.00,709.5,0,0.260,0.000,0.0000,0,False,False,P,False,78.4,13.62,109550,296.51420,95.29,1.027,7.77,91.0,42.0,0.0
1787957823.9,0.00,705.0,0,0.260,0.000,0.0000,0,False,False,P,False,78.4,13.62,109550,296.51420,95.29,1.065,7.77,91.0,42.0,0.0
1787957824.1,0.00,701.8,0,0.260,0.000,0.0000,0,False,False,P,False,78.4,13.62,109550,296.51420,95.29,1.065,7.77,91.0,42.0,0.0
1787957824.3,0.00,701.5,0,0.260,0.000,0.0000,0,False,False,P,False,78.4,13.62,109550,296.51420,95.29,1.065,7.77,91.0,42.0,0.0
1787957824.5,0.00,704.0,0,0.260,0.000,0.0000,0,False,False,P,False,78.4,13.62,109550,296.51420,95.29,1.065,7.77,91.0,42.0,0.0
1787957824.7,0.00,709.0,0,0.260,0.000,0.0000,0,False,False,P,False,78.4,13.62,109550,296.51420,95.29,1.053,7.77,91.0,42.0,0.0
1787957824.9,0.00,715.2,0,0.260,0.000,0.0000,0,False,False,P,False,78.4,13.62,109550,296.51420,95.29,1.065,7.77,91.0,42.0,0.0
1787957825.1,0.00,717.2,0,0.260,0.000,0.0000,0,False,False,P,False,78.4,13.62,109550,296.51420,95.29,1.040,7.77,91.0,42.0,0.0
1787957825.3,0.00,718.5,0,0.260,0.000,0.0000,0,False,False,P,False,78.4,13.62,109550,296.51420,95.29,1.053,7.77,91.0,42.0,0.0
1787957825.5,0.00,716.0,0,0.260,0.000,0.0000,0,False,False,P,False,78.4,13.62,109550,296.51420,95.29,1.065,7.77,91.0,42.0,0.0
1787957825.7,0.00,713.2,0,0.260,0.000,0.0000,0,False,False,P,False,78.4,13.62,109550,296.51420,95.29,1.053,7.77,91.0,42.0,0.0
1787957825.9,0.00,709.5,0,0.260,0.000,0.0000,0,False,False,P,False,78.4,13.62,109550,296.51420,95.29,1.040,7.77,91.0,42.0,0.0
1787957826.1,0.00,703.8,0,0.260,0.000,0.0000,0,False,False,P,False,78.4,13.61,109550,296.51420,95.29,1.040,7.77,91.0,42.0,0.0
1787957826.3,0.00,701.8,0,0.260,0.000,0.0000,0,False,False,P,False,78.4,13.61,109550,296.51420,95.29,1.027,7.77,91.0,42.0,0.0
1787957826.5,0.00,698.5,0,0.260,0.000,0.0000,0,False,False,P,False,78.4,13.61,109550,296.51420,95.29,1.053,7.77,91.0,42.0,0.0
1787957826.7,0.00,696.8,0,0.260,0.000,0.0000,0,False,False,P,False,78.4,13.61,109550,296.51420,95.29,1.078,7.77,91.0,42.0,0.0
1787957826.9,0.00,696.2,0,0.260,0.000,0.0000,0,False,False,P,False,78.4,13.61,109550,296.51420,95.29,1.015,7.77,91.0,42.0,0.0
1787957827.1,0.00,697.5,0,0.260,0.000,0.0000,0,False,False,P,False,78.4,13.61,109550,296.51420,95.29,1.053,7.77,91.0,42.0,0.0
1787957827.3,0.00,700.0,0,0.260,0.000,0.0000,0,False,False,P,False,78.4,13.61,109550,296.51420,95.29,1.053,7.77,91.0,42.0,0.0
1787957827.5,0.00,700.8,0,0.260,0.000,0.0000,0,False,False,P,False,78.4,13.61,109550,296.51420,95.29,1.053,7.77,91.0,42.0,0.0
1787957827.7,0.00,706.0,0,0.260,0.000,0.0000,0,False,False,P,False,78.4,13.61,109550,296.51420,95.29,1.053,7.77,91.0,42.0,0.0
1787957827.9,0.00,706.2,0,0.260,0.000,0.0000,0,False,False,P,False,78.4,13.61,109550,296.51420,95.29,1.065,7.77,91.0,42.0,0.0
1787957828.1,0.00,707.0,0,0.260,0.000,0.0000,0,False,False,P,False,78.4,13.61,109550,296.51420,95.29,1.065,7.77,91.0,42.0,0.0
1787957828.3,0.00,704.8,0,0.260,0.000,0.0000,0,False,False,P,False,78.4,13.61,109550,296.51420,95.29,1.015,7.77,91.0,42.0,0.0
1787957828.5,0.00,701.2,0,0.260,0.000,0.0000,0,False,False,P,False,78.4,13.61,109550,296.51420,95.29,1.027,7.77,91.0,42.0,0.0
1787957828.7,0.00,700.0,0,0.260,0.000,0.0000,0,False,False,P,False,78.4,13.61,109550,296.51420,95.29,1.053,7.77,91.0,42.0,0.0
1787957828.9,0.00,697.5,0,0.260,0.000,0.0000,0,False,False,P,False,78.4,13.61,109550,296.51420,95.29,1.027,7.77,91.0,42.0,0.0
1787957829.1,0.00,696.2,0,0.260,0.000,0.0000,0,False,False,P,False,78.4,13.61,109550,296.51420,95.29,1.078,7.77,91.0,42.0,0.0
1787957829.4,0.00,696.0,0,0.260,0.000,0.0000,0,False,False,P,False,78.4,13.61,109550,296.51420,95.29,1.027,7.77,91.0,42.0,0.0
1787957829.6,0.00,696.0,0,0.260,0.000,0.0000,0,False,False,P,False,78.4,13.61,109550,296.51420,95.29,1.040,7.77,91.0,42.0,0.0
1787957829.8,0.00,697.5,0,0.260,0.000,0.0000,0,False,False,P,False,78.4,13.61,109550,296.51420,95.29,1.027,7.77,91.0,42.0,0.0
1787957830.0,0.00,699.2,0,0.260,0.000,0.0000,0,False,False,P,False,78.4,13.61,109550,296.51420,95.29,1.065,7.77,91.0,42.0,0.0
1787957830.2,0.00,704.8,0,0.260,0.000,0.0000,0,False,False,P,False,78.4,13.61,109550,296.51420,95.29,1.027,7.77,91.0,42.0,0.0
1787957830.4,0.00,707.2,0,0.260,0.000,0.0000,0,False,False,P,False,78.4,13.61,109550,296.51420,95.29,1.040,7.77,91.0,42.0,0.0
1787957830.6,0.00,707.2,0,0.260,0.000,0.0000,0,False,False,P,False,78.4,13.61,109550,296.51420,95.29,1.053,7.77,91.0,42.0,0.0
1787957830.8,0.00,709.2,0,0.260,0.000,0.0000,0,False,False,P,False,78.4,13.61,109550,296.51420,95.29,1.027,7.77,91.0,42.0,0.0
1787957831.0,0.00,704.5,0,0.260,0.000,0.0000,0,False,False,P,False,78.4,13.61,109550,296.51420,95.29,1.040,7.77,91.0,42.0,0.0
1787957831.2,0.00,702.8,0,0.260,0.000,0.0000,0,False,False,P,False,78.4,13.61,109550,296.51420,95.29,1.027,7.77,91.0,42.0,0.0
1787957831.4,0.00,700.8,0,0.260,0.000,0.0000,0,False,False,P,False,78.4,13.61,109550,296.51420,95.29,1.027,7.77,91.0,42.0,0.0
1787957831.6,0.00,696.8,0,0.260,0.000,0.0000,0,False,False,P,False,78.4,13.61,109550,296.51420,95.29,1.040,7.77,91.0,42.0,0.0
1787957831.8,0.00,695.5,0,0.260,0.000,0.0000,0,False,False,P,False,78.4,13.61,109550,296.51420,95.29,1.053,7.77,91.0,42.0,0.0
1787957832.0,0.00,695.8,0,0.260,0.000,0.0000,0,False,False,P,False,78.4,13.61,109550,296.51420,95.29,1.027,7.77,91.0,42.0,0.0
1787957832.2,0.00,696.0,0,0.260,0.000,0.0000,0,False,False,P,False,78.4,13.61,109550,296.51420,95.29,1.040,7.77,91.0,42.0,0.0
1787957832.4,0.00,698.5,0,0.260,0.000,0.0000,0,False,False,P,False,78.4,13.62,109550,296.51420,95.29,1.078,7.77,91.0,42.0,0.0
1787957832.6,0.00,701.5,0,0.260,0.000,0.0000,0,False,False,P,False,78.4,13.62,109550,296.51420,95.29,1.040,7.77,91.0,42.0,0.0
1787957832.8,0.00,703.2,0,0.260,0.000,0.0000,0,False,False,P,False,78.4,13.62,109550,296.51420,95.29,1.027,7.77,91.0,42.0,0.0
1787957833.0,0.00,707.0,0,0.260,0.000,0.0000,0,False,False,P,False,78.4,13.62,109550,296.51420,95.29,1.078,7.77,91.0,42.0,0.0
1787957833.2,0.00,708.0,0,0.260,0.000,0.0000,0,False,False,P,False,78.4,13.62,109550,296.51420,95.29,1.053,7.77,91.0,42.0,0.0
1787957833.4,0.00,708.8,0,0.260,0.000,0.0000,0,False,False,P,False,78.4,13.62,109550,296.51420,95.29,1.027,7.77,91.0,42.0,0.0
1787957833.6,0.00,709.2,0,0.260,0.000,0.0000,0,False,False,P,False,78.4,13.62,109550,296.51420,95.29,1.027,7.77,91.0,42.0,0.0
1787957833.8,0.00,706.8,0,0.260,0.000,0.0000,0,False,False,P,False,78.4,13.62,109550,296.51420,95.29,1.040,7.77,91.0,42.0,0.0
1787957834.0,0.00,703.8,0,0.260,0.000,0.0000,0,False,False,P,False,78.4,13.62,109550,296.51420,95.29,1.065,7.77,91.0,42.0,0.0
1787957834.2,0.00,701.0,0,0.260,0.000,0.0000,0,False,False,P,False,78.4,13.62,109550,296.51420,95.29,1.053,7.77,91.0,42.0,0.0
1787957834.4,0.00,699.5,0,0.260,0.000,0.0000,0,False,False,P,False,78.4,13.62,109550,296.51420,95.29,1.065,7.77,91.0,42.0,0.0
1787957834.6,0.00,700.2,0,0.260,0.000,0.0000,0,False,False,P,False,78.4,13.62,109550,296.51420,95.29,1.040,7.77,91.0,42.0,0.0
1787957834.8,0.00,697.5,0,0.260,0.000,0.0000,0,False,False,P,False,78.4,13.62,109550,296.51420,95.29,1.015,7.77,91.0,42.0,0.0
1787957835.0,0.00,698.8,0,0.260,0.000,0.0000,0,False,False,P,False,78.4,13.62,109550,296.51420,95.29,1.065,7.77,91.0,42.0,0.0
1787957835.2,0.00,698.8,0,0.260,0.000,0.0000,0,False,False,P,False,78.4,13.62,109550,296.51420,95.29,1.053,7.77,91.0,42.0,0.0
1787957835.4,0.00,702.8,0,0.260,0.000,0.0000,0,False,False,P,False,78.4,13.63,109550,296.51420,95.29,1.015,7.77,91.0,42.0,0.0
1787957835.7,0.00,705.0,0,0.260,0.000,0.0000,0,False,False,P,False,78.4,13.63,109550,296.51420,95.29,1.065,7.77,91.0,42.0,0.0
1787957835.9,0.00,708.2,0,0.260,0.000,0.0000,0,False,False,P,False,78.4,13.63,109550,296.51420,95.29,1.053,7.77,91.0,42.0,0.0
1787957836.1,0.00,709.2,0,0.260,0.000,0.0000,0,False,False,P,False,78.4,13.63,109550,296.51420,95.29,1.065,7.77,91.0,42.0,0.0
1787957836.3,0.00,707.0,0,0.260,0.000,0.0000,0,False,False,P,False,78.4,13.63,109550,296.51420,95.29,1.040,7.77,91.0,42.0,0.0
1787957836.5,0.00,707.2,0,0.260,0.000,0.0000,0,False,False,P,False,78.4,13.63,109550,296.51420,95.29,1.040,7.77,91.0,42.0,0.0
1787957836.7,0.00,704.2,0,0.260,0.000,0.0000,0,False,False,P,False,78.4,13.63,109550,296.51420,95.29,1.065,7.77,91.0,42.0,0.0
1787957836.9,0.00,704.2,0,0.260,0.000,0.0000,0,False,False,P,False,78.4,13.63,109550,296.51420,95.29,1.040,7.77,91.0,42.0,0.0
1787957837.1,0.00,701.5,0,0.260,0.000,0.0000,0,False,False,P,False,78.4,13.63,109550,296.51420,95.29,1.015,7.77,91.0,42.0,0.0
1787957837.3,0.00,700.5,0,0.260,0.000,0.0000,0,False,False,P,False,78.4,13.63,109550,296.51420,95.29,1.053,7.77,91.0,42.0,0.0
1787957837.5,0.00,698.8,0,0.260,0.000,0.0000,0,False,False,P,False,78.4,13.63,109550,296.51420,95.29,1.053,7.77,91.0,42.0,0.0
1787957837.7,0.00,697.0,0,0.260,0.000,0.0000,0,False,False,P,False,78.4,13.63,109550,296.51420,95.29,0.785,7.77,91.0,42.0,0.0
1787957837.9,0.00,679.2,0,0.260,0.000,0.0000,0,False,False,P,False,78.4,13.63,109550,296.51420,95.29,0.785,7.77,91.0,40.0,0.0
1787957838.1,0.00,737.0,0,0.260,0.000,0.0000,0,False,False,P,False,78.4,13.63,109550,296.51420,95.29,0.777,7.77,91.0,38.0,0.0
1787957838.3,0.00,752.2,0,0.260,0.000,0.0000,0,False,False,P,False,78.4,13.63,109550,296.51420,95.29,0.764,7.77,91.0,36.0,0.0
1787957838.5,0.00,751.2,0,0.260,0.000,0.0000,0,False,False,P,False,78.4,13.71,109550,296.51420,95.29,0.743,7.77,91.0,34.0,0.0
1787957838.7,0.00,744.8,0,0.260,0.000,0.0000,0,False,False,P,False,78.4,13.71,109550,296.51420,95.29,0.683,7.77,91.0,33.0,0.0
1787957838.9,0.00,742.2,0,0.260,0.000,0.0000,0,False,False,P,False,78.4,13.71,109550,296.51420,95.29,0.683,7.77,91.0,32.0,0.0
1787957839.1,0.00,726.5,0,0.260,0.000,0.0000,0,False,False,P,False,78.4,13.71,109550,296.51420,95.29,0.696,7.77,91.0,31.0,0.0
1787957839.3,0.00,719.5,0,0.260,0.000,0.0000,0,False,False,P,False,78.4,13.71,109550,296.51420,95.29,0.713,7.77,91.0,31.0,0.0
1787957839.5,0.00,710.5,0,0.260,0.000,0.0000,0,False,False,P,False,78.4,13.71,109550,296.51420,95.29,0.713,7.77,91.0,31.0,0.0
1787957839.7,0.00,705.8,0,0.260,0.000,0.0000,0,False,False,P,False,78.4,13.71,109550,296.51420,95.29,0.743,7.77,91.0,31.0,0.0
1787957839.9,0.00,704.2,0,0.260,0.000,0.0000,0,False,False,P,False,78.4,13.71,109550,296.51420,95.29,0.734,7.77,91.0,31.0,0.0
1787957840.1,0.00,706.8,0,0.260,0.000,0.0000,0,False,False,P,False,78.4,13.71,109550,296.51420,95.29,0.726,7.77,91.0,31.0,0.0
1787957840.3,0.00,710.5,0,0.260,0.000,0.0000,0,False,False,P,False,78.4,13.71,109550,296.51420,95.29,0.756,7.77,91.0,31.0,0.0
1787957840.5,0.00,714.5,0,0.260,0.000,0.0000,0,False,False,P,False,78.4,13.71,109550,296.51420,95.29,0.713,7.77,91.0,31.0,0.0
1787957840.7,0.00,708.5,0,0.260,0.000,0.0000,0,False,False,P,False,78.4,13.71,109550,296.51420,95.29,0.705,7.77,91.0,31.0,0.0
1787957840.9,0.00,711.5,0,0.260,0.000,0.0000,0,False,False,P,False,78.4,13.71,109550,296.51420,95.29,0.734,7.77,91.0,31.0,0.0
1787957841.1,0.00,715.8,0,0.260,0.000,0.0000,0,False,False,P,False,78.4,13.71,109550,296.51420,95.29,0.734,7.77,91.0,31.0,0.0
1787957841.3,0.00,714.5,0,0.260,0.000,0.0000,0,False,False,P,False,78.4,13.71,109550,296.51420,95.29,0.713,7.77,91.0,31.0,0.0
1787957841.5,0.00,713.8,0,0.260,0.000,0.0000,0,False,False,P,False,78.4,13.63,109550,296.51420,95.29,0.726,7.77,91.0,31.0,0.0
1787957841.7,0.00,713.8,0,0.260,0.000,0.0000,0,False,False,P,False,78.4,13.63,109550,296.51420,95.29,0.713,7.77,91.0,30.0,0.0
1787957842.0,0.00,714.2,0,0.260,0.000,0.0000,0,False,False,P,False,78.4,13.63,109550,296.51420,95.29,0.734,7.77,91.0,30.0,0.0
1787957842.2,0.00,716.5,0,0.260,0.000,0.0000,0,False,False,P,False,78.4,13.63,109550,296.51420,95.29,0.726,7.77,91.0,30.0,0.0
1787957842.4,0.00,715.0,0,0.260,0.000,0.0000,0,False,False,P,False,78.4,13.63,109550,296.51420,95.29,0.726,7.77,91.0,30.0,0.0
1787957842.6,0.00,714.2,0,0.260,0.000,0.0000,0,False,False,P,False,78.4,13.63,109550,296.51420,95.29,0.713,7.77,91.0,30.0,0.0
1787957842.8,0.00,709.0,0,0.260,0.000,0.0000,0,False,False,P,False,78.4,13.63,109550,296.51420,95.29,0.705,7.77,91.0,30.0,0.0
1787957843.0,0.00,713.8,0,0.260,0.000,0.0000,0,False,False,P,False,78.4,13.63,109550,296.51420,95.29,0.705,7.77,91.0,30.0,0.0
1787957843.2,0.00,711.5,0,0.260,0.000,0.0000,0,False,False,P,False,78.4,13.63,109550,296.51420,95.29,0.726,7.77,91.0,30.0,0.0
1787957843.4,0.00,709.2,0,0.260,0.000,0.0000,0,False,False,P,False,78.4,13.63,109550,296.51420,95.29,0.713,7.77,91.0,30.0,0.0
1787957843.6,0.00,708.2,0,0.260,0.000,0.0000,0,False,False,P,False,78.4,13.63,109550,296.51420,95.29,0.713,7.77,91.0,30.0,0.0
1787957843.8,0.00,705.2,0,0.260,0.000,0.0000,0,False,False,P,False,77.5,13.63,109550,296.51420,95.29,0.726,7.77,91.0,30.0,0.0
1787957844.0,0.00,707.0,0,0.260,0.000,0.0000,0,False,False,P,False,77.5,13.63,109550,296.51420,95.29,0.713,7.77,91.0,30.0,0.0
1787957844.2,0.00,704.8,0,0.260,0.000,0.0000,0,False,False,P,False,77.5,13.63,109550,296.51420,95.29,0.713,7.77,91.0,30.0,0.0
1787957844.4,0.00,709.8,0,0.260,0.000,0.0000,0,False,False,P,False,77.5,13.63,109550,296.51420,95.29,0.696,7.77,91.0,30.0,0.0
1787957844.6,0.00,710.0,0,0.260,0.000,0.0000,0,False,False,P,False,77.5,13.63,109550,296.51420,95.29,0.713,7.77,91.0,31.0,0.0
1787957844.8,0.00,709.5,0,0.260,0.000,0.0000,0,False,False,P,False,77.5,13.63,109550,296.51420,95.29,0.713,7.77,91.0,30.0,0.0
1787957845.0,0.00,709.0,0,0.260,0.000,0.0000,0,False,False,P,False,77.5,13.63,109550,296.51420,95.29,0.705,7.77,91.0,30.0,0.0
1787957845.2,0.00,711.0,0,0.260,0.000,0.0000,0,False,False,P,False,77.5,13.63,109550,296.51420,95.29,0.713,7.77,91.0,31.0,0.0
1787957845.4,0.00,714.8,0,0.260,0.000,0.0000,0,False,False,P,False,77.5,13.63,109550,296.51420,95.29,0.726,7.77,91.0,30.0,0.0
1787957845.6,0.00,710.0,0,0.260,0.000,0.0000,0,False,False,P,False,77.5,13.63,109550,296.51420,95.29,0.726,7.77,91.0,30.0,0.0
1787957845.8,0.00,711.0,0,0.260,0.000,0.0000,0,False,False,P,False,77.5,13.63,109550,296.51420,95.29,0.705,7.77,91.0,30.0,0.0
1787957846.0,0.00,712.0,0,0.260,0.000,0.0000,0,False,False,P,False,77.5,13.63,109550,296.51420,95.29,0.726,7.77,91.0,30.0,0.0
1787957846.2,0.00,711.5,0,0.260,0.000,0.0000,0,False,False,P,False,77.5,13.63,109550,296.51420,95.29,0.726,7.77,91.0,30.0,0.0
1787957846.4,0.00,712.0,0,0.260,0.000,0.0000,0,False,False,P,False,77.5,13.63,109550,296.51420,95.29,0.726,7.77,91.0,30.0,0.0
1787957846.6,0.00,715.0,0,0.260,0.000,0.0000,0,False,False,P,False,77.5,13.63,109550,296.51420,95.29,0.696,7.77,91.0,30.0,0.0
1787957846.8,0.00,711.8,0,0.260,0.000,0.0000,0,False,False,P,False,77.5,13.63,109550,296.51420,95.29,0.726,7.77,91.0,30.0,0.0
1787957847.0,0.00,710.5,0,0.260,0.000,0.0000,0,False,False,P,False,77.5,13.63,109550,296.51420,95.29,0.726,7.77,91.0,30.0,0.0
1787957847.2,0.00,711.0,0,0.260,0.000,0.0000,0,False,False,P,False,77.5,13.63,109550,296.51420,95.29,0.713,7.77,91.0,30.0,0.0
1787957847.4,0.00,710.0,0,0.260,0.000,0.0000,0,False,False,P,False,77.5,13.63,109550,296.51420,95.29,0.726,7.77,91.0,30.0,0.0
1787957847.6,0.00,710.5,0,0.260,0.000,0.0000,0,False,False,P,False,77.5,13.63,109550,296.51420,95.29,0.705,7.77,91.0,30.0,0.0
1787957847.8,0.00,709.2,0,0.260,0.000,0.0000,0,False,False,P,False,77.5,13.62,109550,296.51420,95.29,0.713,7.77,91.0,30.0,0.0
1787957848.1,0.00,706.5,0,0.260,0.000,0.0000,0,False,False,P,False,77.5,13.62,109550,296.51420,95.29,0.713,7.77,91.0,30.0,0.0
1787957848.3,0.00,705.2,0,0.260,0.000,0.0000,0,False,False,P,False,77.5,13.62,109550,296.51420,95.29,0.713,7.77,91.0,30.0,0.0
1787957848.5,0.00,703.0,0,0.260,0.000,0.0000,0,False,False,P,False,77.5,13.62,109550,296.51420,95.29,0.713,7.77,91.0,30.0,0.0
1787957848.7,0.00,704.5,0,0.260,0.000,0.0000,0,False,False,P,False,77.5,13.62,109550,296.51420,95.29,0.726,7.77,91.0,31.0,0.0
1787957848.9,0.00,705.5,0,0.260,0.000,0.0000,0,False,False,P,False,77.5,13.62,109550,296.51420,95.29,0.726,7.77,91.0,30.0,0.0
1787957849.1,0.00,709.0,0,0.260,0.000,0.0000,0,False,False,P,False,77.5,13.62,109550,296.51420,95.29,0.696,7.77,91.0,30.0,0.0
1787957849.3,0.00,710.8,0,0.260,0.000,0.0000,0,False,False,P,False,77.5,13.62,109550,296.51420,95.29,0.705,7.77,91.0,30.0,0.0
1787957849.5,0.00,713.2,0,0.260,0.000,0.0000,0,False,False,P,False,77.5,13.62,109550,296.51420,95.29,0.713,7.77,91.0,30.0,0.0
1787957849.7,0.00,711.0,0,0.260,0.000,0.0000,0,False,False,P,False,77.5,13.62,109550,296.51420,95.29,0.713,7.77,91.0,30.0,0.0
1787957849.9,0.00,708.0,0,0.260,0.000,0.0000,0,False,False,P,False,77.5,13.62,109550,296.51420,95.29,0.705,7.77,91.0,30.0,0.0
1787957850.1,0.00,707.8,0,0.260,0.000,0.0000,0,False,False,P,False,77.5,13.62,109550,296.51420,95.29,0.705,7.77,91.0,30.0,0.0
1787957850.3,0.00,711.8,0,0.260,0.000,0.0000,0,False,False,P,False,77.5,13.62,109550,296.51420,95.29,0.713,7.77,91.0,30.0,0.0
1787957850.5,0.00,708.0,0,0.260,0.000,0.0000,0,False,False,P,False,77.5,13.62,109550,296.51420,95.29,0.726,7.77,91.0,30.0,0.0
1787957850.7,0.00,706.5,0,0.260,0.000,0.0000,0,False,False,P,False,77.5,13.62,109550,296.51420,95.29,0.713,7.77,91.0,30.0,0.0
1787957850.9,0.00,710.2,0,0.260,0.000,0.0000,0,False,False,P,False,77.5,13.64,109550,296.51420,95.29,0.726,7.77,91.0,30.0,0.0
1787957851.1,0.00,710.5,0,0.260,0.000,0.0000,0,False,False,P,False,77.5,13.64,109550,296.51420,95.29,0.705,7.77,91.0,30.0,0.0
1787957851.3,0.00,712.0,0,0.260,0.000,0.0000,0,False,False,P,False,77.5,13.64,109550,296.51420,95.29,0.713,7.77,91.0,30.0,0.0
1787957851.5,0.00,715.5,0,0.260,0.000,0.0000,0,False,False,P,False,77.5,13.64,109550,296.51420,95.29,0.705,7.77,91.0,30.0,0.0
1787957851.7,0.00,715.2,0,0.260,0.000,0.0000,0,False,False,P,False,77.5,13.64,109550,296.51420,95.29,0.705,7.77,91.0,30.0,0.0
1787957851.9,0.00,712.0,0,0.260,0.000,0.0000,0,False,False,P,False,77.5,13.64,109550,296.51420,95.29,0.726,7.77,91.0,30.0,0.0
1787957852.1,0.00,708.2,0,0.260,0.000,0.0000,0,False,False,P,False,77.5,13.64,109550,296.51420,95.29,0.713,7.77,91.0,30.0,0.0
1787957852.3,0.00,705.8,0,0.260,0.000,0.0000,0,False,False,P,False,77.5,13.64,109550,296.51420,95.29,0.713,7.77,91.0,30.0,0.0
1787957852.5,0.00,705.8,0,0.260,0.000,0.0000,0,False,False,P,False,77.5,13.64,109550,296.51420,95.29,0.713,7.77,91.0,30.0,0.0
1787957852.7,0.00,707.5,0,0.260,0.000,0.0000,0,False,False,P,False,77.5,13.64,109550,296.51420,95.29,0.705,7.77,91.0,30.0,0.0
1787957852.9,0.00,704.5,0,0.260,0.000,0.0000,0,False,False,P,False,77.5,13.64,109550,296.51420,95.29,0.696,7.77,91.0,30.0,0.0
1787957853.1,0.00,706.8,0,0.260,0.000,0.0000,0,False,False,P,False,77.5,13.64,109550,296.51420,95.29,0.696,7.77,91.0,30.0,0.0
1787957853.3,0.00,706.8,0,0.260,0.000,0.0000,0,False,False,P,False,77.5,13.64,109550,296.51420,95.29,0.713,7.77,91.0,30.0,0.0
1787957853.5,0.00,709.5,0,0.260,0.000,0.0000,0,False,False,P,False,77.5,13.64,109550,296.51420,95.29,0.705,7.77,91.0,30.0,0.0
1787957853.7,0.00,703.5,0,0.260,0.000,0.0000,0,False,False,P,False,77.5,13.64,109550,296.51420,95.29,0.683,7.77,91.0,30.0,0.0
1787957853.9,0.00,702.5,0,0.260,0.000,0.0000,0,False,False,P,False,77.5,13.62,109550,296.51420,95.29,0.705,7.77,91.0,30.0,0.0
1787957854.2,0.00,702.0,0,0.260,0.000,0.0000,0,False,False,P,False,77.5,13.62,109550,296.51420,95.29,0.713,7.77,91.0,30.0,0.0
1787957854.4,0.00,706.0,0,0.260,0.000,0.0000,0,False,False,P,False,77.5,13.62,109550,296.51420,95.29,0.683,7.77,91.0,30.0,0.0
1787957854.6,0.00,704.5,0,0.260,0.000,0.0000,0,False,False,P,False,77.5,13.62,109550,296.51420,95.29,0.683,7.77,91.0,30.0,0.0
1787957854.8,0.00,705.2,0,0.260,0.000,0.0000,0,False,False,P,False,77.5,13.62,109550,296.51420,95.29,0.705,7.77,91.0,30.0,0.0
1787957855.0,0.00,707.8,0,0.260,0.000,0.0000,0,False,False,P,False,77.5,13.62,109550,296.51420,95.29,0.713,7.77,91.0,30.0,0.0
1787957855.2,0.00,708.5,0,0.260,0.000,0.0000,0,False,False,P,False,77.5,13.62,109550,296.51420,95.29,0.713,7.77,91.0,30.0,0.0
1787957855.4,0.00,707.5,0,0.260,0.000,0.0000,0,False,False,P,False,77.5,13.62,109550,296.51420,95.29,0.675,7.77,91.0,30.0,0.0
1787957855.6,0.00,708.5,0,0.260,0.000,0.0000,0,False,False,P,False,77.5,13.62,109550,296.51420,95.29,0.705,7.77,91.0,30.0,0.0
1787957855.8,0.00,707.8,0,0.260,0.000,0.0000,0,False,False,P,False,77.5,13.62,109550,296.51420,95.29,0.713,7.77,91.0,30.0,0.0
1787957856.0,0.00,706.8,0,0.260,0.000,0.0000,0,False,False,P,False,77.5,13.62,109550,296.51420,95.29,0.705,7.77,91.0,30.0,0.0
1787957856.2,0.00,710.8,0,0.260,0.000,0.0000,0,False,False,P,False,77.5,13.62,109550,296.51420,95.29,0.696,7.77,91.0,30.0,0.0
1787957856.4,0.00,711.0,0,0.260,0.000,0.0000,0,False,False,P,False,77.5,13.62,109550,296.51420,95.29,0.726,7.77,91.0,30.0,0.0
1787957856.6,0.00,707.2,0,0.260,0.000,0.0000,0,False,False,P,False,77.5,13.62,109550,296.51420,95.29,0.696,7.77,91.0,30.0,0.0
1787957856.8,0.00,708.8,0,0.260,0.000,0.0000,0,False,False,P,False,77.5,13.62,109550,296.51420,95.29,0.705,7.77,91.0,30.0,0.0
1787957857.0,0.00,707.8,0,0.260,0.000,0.0000,0,False,False,P,False,77.5,13.63,109550,296.51420,95.29,0.713,7.77,91.0,30.0,0.0
1787957857.2,0.00,702.5,0,0.260,0.000,0.0000,0,False,False,P,False,77.5,13.63,109550,296.51420,95.29,0.705,7.77,91.0,30.0,0.0
1787957857.4,0.00,706.5,0,0.260,0.000,0.0000,0,False,False,P,False,77.5,13.63,109550,296.51420,95.29,0.713,7.77,91.0,30.0,0.0
1787957857.6,0.00,707.8,0,0.260,0.000,0.0000,0,False,False,P,False,77.5,13.63,109550,296.51420,95.29,0.705,7.77,91.0,30.0,0.0
1787957857.8,0.00,706.8,0,0.260,0.000,0.0000,0,False,False,P,False,77.5,13.63,109550,296.51420,95.29,1.889,7.77,91.0,31.0,0.0
1787957858.0,0.00,740.5,0,0.260,0.000,0.0000,0,False,False,P,False,77.5,13.63,109550,296.51420,95.29,1.172,7.77,91.0,36.0,0.0
1787957858.2,0.00,794.8,0,0.260,0.000,0.0000,0,False,False,P,False,77.5,13.63,109550,296.51420,95.29,0.976,7.77,91.0,38.0,0.0
1787957858.4,0.00,740.8,0,0.260,0.000,0.0000,0,False,False,P,False,77.5,13.63,109550,296.51420,95.29,1.371,7.77,91.0,39.0,0.0
1787957858.6,0.00,741.8,0,0.260,0.000,0.0000,0,False,False,P,False,77.5,13.63,109550,296.51420,95.29,1.040,7.77,91.0,40.0,0.0
1787957858.8,0.00,735.8,0,0.260,0.000,0.0000,0,False,False,P,False,77.5,13.63,109550,296.51420,95.29,1.040,7.77,91.0,40.0,0.0
1787957859.0,0.00,732.8,0,0.260,0.000,0.0000,0,False,False,P,False,77.5,13.63,109550,296.51420,95.29,1.015,7.77,91.0,41.0,0.0
1787957859.2,0.00,726.8,0,0.260,0.000,0.0000,0,False,False,P,False,77.5,13.63,109550,296.51420,95.29,1.053,7.77,91.0,41.0,0.0
1787957859.4,0.00,724.2,0,0.260,0.000,0.0000,0,False,False,P,False,77.5,13.63,109550,296.51420,95.29,1.053,7.77,91.0,41.0,0.0
1787957859.6,0.00,722.5,0,0.260,0.000,0.0000,0,False,False,P,False,77.5,13.63,109550,296.51420,95.29,1.078,7.77,91.0,42.0,0.0
1787957859.8,0.00,721.5,0,0.260,0.000,0.0000,0,False,False,P,False,77.5,13.63,109550,296.51420,95.29,1.078,7.77,91.0,42.0,0.0
1787957860.0,0.00,718.5,0,0.260,0.000,0.0000,0,False,False,P,False,77.5,13.63,109550,296.51420,95.29,1.078,7.77,91.0,42.0,0.0
1787957860.3,0.00,715.5,0,0.260,0.000,0.0000,0,False,False,P,False,77.5,13.31,109550,296.51420,95.29,1.040,7.77,91.0,42.0,0.0
1787957860.5,0.00,707.8,0,0.260,0.000,0.0000,0,False,False,P,False,77.5,13.31,109550,296.51420,95.29,1.104,7.77,91.0,42.0,0.0
1787957860.7,0.00,702.2,0,0.260,0.000,0.0000,0,False,False,P,False,77.5,13.31,109550,296.51420,95.29,1.146,7.77,91.0,43.0,0.0
1787957860.9,0.00,701.8,0,0.260,0.000,0.0000,0,False,False,P,False,77.5,13.31,109550,296.51420,95.29,1.146,7.77,91.0,43.0,0.0
1787957861.1,0.00,703.0,0,0.260,0.000,0.0000,0,False,False,P,False,77.5,13.31,109550,296.51420,95.29,1.121,7.77,91.0,44.0,0.0
1787957861.3,0.00,709.5,0,0.260,0.000,0.0000,0,False,False,P,False,77.5,13.31,109550,296.51420,95.29,1.121,7.77,91.0,44.0,0.0
1787957861.5,0.00,721.2,0,0.260,0.000,0.0000,0,False,False,P,False,77.5,13.31,109550,296.51420,95.29,1.133,7.77,91.0,45.0,0.0
1787957861.7,0.00,737.2,0,0.260,0.000,0.0000,0,False,False,P,False,77.5,13.31,109550,296.51420,95.29,1.091,7.77,91.0,44.0,0.0
1787957861.9,0.00,745.5,0,0.260,0.000,0.0000,0,False,False,P,False,77.5,13.31,109550,296.51420,95.29,1.065,7.77,91.0,44.0,0.0
1787957862.1,0.00,742.2,0,0.260,0.000,0.0000,0,False,False,P,False,77.5,13.31,109550,296.51420,95.29,1.040,7.77,91.0,43.0,0.0
1787957862.3,0.00,737.5,0,0.260,0.000,0.0000,0,False,False,P,False,77.5,13.31,109550,296.51420,95.29,1.040,7.77,91.0,43.0,0.0
1787957862.5,0.00,727.5,0,0.260,0.000,0.0000,0,False,False,P,False,77.5,13.31,109550,296.51420,95.29,1.065,7.77,91.0,42.0,0.0
1787957862.7,0.00,719.0,0,0.260,0.000,0.0000,0,False,False,P,False,77.5,13.31,109550,296.51420,95.29,1.053,7.77,91.0,42.0,0.0
1787957862.9,0.00,712.5,0,0.260,0.000,0.0000,0,False,False,P,False,77.5,13.31,109550,296.51420,95.29,1.053,7.77,91.0,42.0,0.0
1787957863.1,0.00,706.2,0,0.260,0.000,0.0000,0,False,False,P,False,77.5,13.31,109550,296.51420,95.29,1.091,7.77,91.0,42.0,0.0
1787957863.3,0.00,700.5,0,0.260,0.000,0.0000,0,False,False,P,False,77.5,13.59,109550,296.51420,95.29,1.040,7.77,91.0,42.0,0.0
1787957863.5,0.00,698.0,0,0.260,0.000,0.0000,0,False,False,P,False,77.5,13.59,109550,296.51420,95.29,1.040,7.77,91.0,42.0,0.0
1787957863.7,0.00,699.2,0,0.260,0.000,0.0000,0,False,False,P,False,77.5,13.59,109550,296.51420,95.29,1.091,7.77,91.0,42.0,0.0
1787957863.9,0.00,702.0,0,0.260,0.000,0.0000,0,False,False,P,False,77.5,13.59,109550,296.51420,95.29,1.065,7.77,91.0,43.0,0.0
1787957864.1,0.00,709.2,0,0.260,0.000,0.0000,0,False,False,P,False,77.5,13.59,109550,296.51420,95.29,1.065,7.77,91.0,42.0,0.0
1787957864.3,0.00,714.8,0,0.260,0.000,0.0000,0,False,False,P,False,77.5,13.59,109550,296.51420,95.29,1.065,7.77,91.0,42.0,0.0
1787957864.5,0.00,717.8,0,0.260,0.000,0.0000,0,False,False,P,False,77.5,13.59,109550,296.51420,95.29,1.053,7.77,91.0,42.0,0.0
1787957864.7,0.00,718.0,0,0.260,0.000,0.0000,0,False,False,P,False,77.5,13.59,109550,296.51420,95.29,1.040,7.77,91.0,42.0,0.0
1787957864.9,0.00,718.8,0,0.260,0.000,0.0000,0,False,False,P,False,77.5,13.59,109550,296.51420,95.29,1.015,7.77,91.0,42.0,0.0
1787957865.1,0.00,714.5,0,0.260,0.000,0.0000,0,False,False,P,False,77.5,13.59,109550,296.51420,95.29,1.065,7.77,91.0,42.0,0.0
1787957865.3,0.00,710.5,0,0.260,0.000,0.0000,0,False,False,P,False,77.5,13.59,109550,296.51420,95.29,1.040,7.77,91.0,42.0,0.0
1787957865.5,0.00,708.0,0,0.260,0.000,0.0000,0,False,False,P,False,77.5,13.59,109550,296.51420,95.29,1.053,7.77,91.0,42.0,0.0
1787957865.7,0.00,706.0,0,0.260,0.000,0.0000,0,False,False,P,False,77.5,13.59,109550,296.51420,95.29,1.040,7.77,91.0,42.0,0.0
1787957865.9,0.00,703.2,0,0.260,0.000,0.0000,0,False,False,P,False,77.5,13.59,109550,296.51420,95.29,1.053,7.77,91.0,42.0,0.0
1787957866.2,0.00,701.8,0,0.260,0.000,0.0000,0,False,False,P,False,77.5,13.59,109550,296.51420,95.29,1.053,7.77,91.0,42.0,0.0
1787957866.4,0.00,699.2,0,0.260,0.000,0.0000,0,False,False,P,False,77.5,13.62,109550,296.51420,95.29,0.836,7.77,91.0,42.0,0.0
1787957866.6,0.00,680.8,0,0.260,0.000,0.0000,0,False,False,P,False,77.5,13.62,109550,296.51420,95.29,0.743,7.77,91.0,40.0,0.0
1787957866.8,0.00,741.2,0,0.260,0.000,0.0000,0,False,False,P,False,77.5,13.62,109550,296.51420,95.29,0.756,7.77,91.0,38.0,0.0
1787957867.0,0.00,750.0,0,0.260,0.000,0.0000,0,False,False,P,False,77.5,13.62,109550,296.51420,95.29,0.756,7.77,91.0,36.0,0.0
1787957867.2,0.00,748.5,0,0.260,0.000,0.0000,0,False,False,P,False,77.5,13.62,109550,296.51420,95.29,0.726,7.77,91.0,34.0,0.0
1787957867.4,0.00,746.8,0,0.260,0.000,0.0000,0,False,False,P,False,77.5,13.62,109550,296.51420,95.29,0.683,7.77,91.0,34.0,0.0
1787957867.6,0.00,737.8,0,0.260,0.000,0.0000,0,False,False,P,False,77.5,13.62,109550,296.51420,95.29,0.713,7.77,91.0,32.0,0.0
1787957867.8,0.00,719.0,0,0.260,0.000,0.0000,0,False,False,P,False,77.5,13.62,109550,296.51420,95.29,0.713,7.77,91.0,31.0,0.0
1787957868.0,0.00,713.8,0,0.260,0.000,0.0000,0,False,False,P,False,77.5,13.62,109550,296.51420,95.29,0.713,7.77,91.0,31.0,0.0
1787957868.2,0.00,707.8,0,0.260,0.000,0.0000,0,False,False,P,False,77.5,13.57,109550,296.51420,95.29,0.713,7.77,91.0,30.0,0.0
1787957868.4,0.00,703.0,0,0.260,0.000,0.0000,0,False,False,P,False,77.5,13.57,109550,296.51420,95.29,0.726,7.77,91.0,31.0,0.0
1787957868.6,0.00,701.2,0,0.260,0.000,0.0000,0,False,False,P,False,77.5,13.57,109550,296.51420,95.29,0.756,7.77,91.0,31.0,0.0
1787957868.8,0.00,700.5,0,0.260,0.000,0.0000,0,False,False,P,False,77.5,13.57,109550,296.51420,95.29,0.705,7.77,91.0,31.0,0.0
1787957869.0,0.00,708.0,0,0.260,0.000,0.0000,0,False,False,P,False,77.5,13.57,109550,296.51420,95.29,0.726,7.77,91.0,31.0,0.0
1787957869.2,0.00,708.2,0,0.260,0.000,0.0000,0,False,False,P,False,77.5,13.57,109550,296.51420,95.29,0.705,7.77,91.0,31.0,0.0
1787957869.4,0.00,711.8,0,0.260,0.000,0.0000,0,False,False,P,False,77.5,13.65,109550,296.51420,95.29,0.696,7.77,91.0,31.0,0.0
1787957869.6,0.00,712.0,0,0.260,0.000,0.0000,0,False,False,P,False,77.5,13.65,109550,296.51420,95.29,0.713,7.76,91.0,31.0,0.0
1787957869.8,0.00,711.8,0,0.260,0.000,0.0000,0,False,False,P,False,77.5,13.65,109550,296.51420,95.29,0.713,7.76,91.0,30.0,0.0
1787957870.0,0.00,712.8,0,0.260,0.000,0.0000,0,False,False,P,False,77.5,13.65,109550,296.51420,95.29,0.726,7.76,91.0,30.0,0.0
1787957870.2,0.00,711.8,0,0.260,0.000,0.0000,0,False,False,P,False,77.5,13.65,109550,296.51420,95.29,0.713,7.76,91.0,30.0,0.0
1787957870.4,0.00,714.2,0,0.260,0.000,0.0000,0,False,False,P,False,77.5,13.65,109550,296.51420,95.29,0.705,7.76,91.0,30.0,0.0
1787957870.6,0.00,712.8,0,0.260,0.000,0.0000,0,False,False,P,False,77.5,13.65,109550,296.51420,95.29,0.705,7.76,90.0,30.0,0.0
1787957870.8,0.00,712.8,0,0.260,0.000,0.0000,0,False,False,P,False,77.5,13.65,109550,296.51420,95.29,0.726,7.76,90.0,30.0,0.0
1787957871.0,0.00,713.0,0,0.260,0.000,0.0000,0,False,False,P,False,77.5,13.65,109550,296.51420,95.29,0.726,7.76,91.0,30.0,0.0
1787957871.2,0.00,713.5,0,0.260,0.000,0.0000,0,False,False,P,False,77.5,13.65,109550,296.51420,95.29,0.713,7.76,91.0,30.0,0.0
1787957871.4,0.00,712.5,0,0.260,0.000,0.0000,0,False,False,P,False,77.5,13.65,109550,296.51420,95.29,0.713,7.76,91.0,30.0,0.0
1787957871.6,0.00,709.0,0,0.260,0.000,0.0000,0,False,False,P,False,77.5,13.65,109550,296.51420,95.29,0.734,7.76,91.0,30.0,0.0
1787957871.8,0.00,706.8,0,0.260,0.000,0.0000,0,False,False,P,False,77.5,13.65,109550,296.51420,95.29,0.713,7.76,91.0,30.0,0.0
1787957872.0,0.00,708.5,0,0.260,0.000,0.0000,0,False,False,P,False,77.5,13.65,109550,296.51420,95.29,0.713,7.76,91.0,30.0,0.0
1787957872.2,0.00,707.8,0,0.260,0.000,0.0000,0,False,False,P,False,77.5,13.64,109550,296.51420,95.29,0.726,7.76,91.0,30.0,0.0
1787957872.4,0.00,709.8,0,0.260,0.000,0.0000,0,False,False,P,False,77.5,13.62,109550,296.51420,95.29,0.713,7.76,91.0,30.0,0.0
1787957872.7,0.00,710.2,0,0.260,0.000,0.0000,0,False,False,P,False,77.5,13.62,109550,296.51420,95.29,0.713,7.76,91.0,30.0,0.0
1787957872.9,0.00,710.8,0,0.260,0.000,0.0000,0,False,False,P,False,77.5,13.62,109550,296.51420,95.29,0.734,7.76,91.0,30.0,0.0
1787957873.1,0.00,709.2,0,0.260,0.000,0.0000,0,False,False,P,False,77.5,13.62,109550,296.51420,95.29,0.726,7.76,91.0,30.0,0.0
1787957873.3,0.00,707.5,0,0.260,0.000,0.0000,0,False,False,P,False,77.5,13.62,109550,296.51420,95.29,0.713,7.76,90.0,30.0,0.0
1787957873.5,0.00,709.2,0,0.260,0.000,0.0000,0,False,False,P,False,77.5,13.62,109550,296.51420,95.29,0.726,7.76,91.0,30.0,0.0
1787957873.7,0.00,704.2,0,0.260,0.000,0.0000,0,False,False,P,False,77.5,13.62,109550,296.51420,95.29,0.696,7.76,91.0,30.0,0.0
1787957873.9,0.00,706.5,0,0.260,0.000,0.0000,0,False,False,P,False,77.5,13.62,109550,296.51420,95.29,0.705,7.76,91.0,31.0,0.0
1787957874.1,0.00,707.5,0,0.260,0.000,0.0000,0,False,False,P,False,77.5,13.62,109550,296.51420,95.29,0.726,7.76,91.0,31.0,0.0
1787957874.3,0.00,705.8,0,0.260,0.000,0.0000,0,False,False,P,False,77.5,13.62,109550,296.51420,95.29,0.705,7.76,91.0,31.0,0.0
1787957874.5,0.00,707.5,0,0.260,0.000,0.0000,0,False,False,P,False,77.5,13.62,109550,296.51420,95.29,0.696,7.76,91.0,30.0,0.0
1787957874.7,0.00,712.2,0,0.260,0.000,0.0000,0,False,False,P,False,77.5,13.62,109550,296.51420,95.29,0.713,7.76,91.0,30.0,0.0
1787957874.9,0.00,711.0,0,0.260,0.000,0.0000,0,False,False,P,False,77.5,13.62,109550,296.51420,95.29,0.705,7.76,91.0,30.0,0.0
1787957875.1,0.00,713.2,0,0.260,0.000,0.0000,0,False,False,P,False,77.5,13.62,109550,296.51420,95.29,0.696,7.76,91.0,30.0,0.0
1787957875.3,0.00,706.2,0,0.260,0.000,0.0000,0,False,False,P,False,77.5,13.62,109550,296.51420,95.29,0.713,7.76,91.0,30.0,0.0
1787957875.5,0.00,707.5,0,0.260,0.000,0.0000,0,False,False,P,False,77.5,13.62,109550,296.51420,95.29,0.705,7.76,91.0,30.0,0.0
1787957875.7,0.00,710.2,0,0.260,0.000,0.0000,0,False,False,P,False,77.5,13.62,109550,296.51420,95.29,0.713,7.76,91.0,30.0,0.0
1787957875.9,0.00,712.0,0,0.260,0.000,0.0000,0,False,False,P,False,77.5,13.62,109550,296.51420,95.29,0.705,7.76,91.0,30.0,0.0
1787957876.1,0.00,712.8,0,0.260,0.000,0.0000,0,False,False,P,False,77.5,13.62,109550,296.51420,95.29,0.696,7.76,91.0,30.0,0.0
1787957876.3,0.00,711.0,0,0.260,0.000,0.0000,0,False,False,P,False,77.5,13.62,109550,296.51420,95.29,0.734,7.76,91.0,30.0,0.0
1787957876.5,0.00,711.0,0,0.260,0.000,0.0000,0,False,False,P,False,77.5,13.62,109550,296.51420,95.29,0.713,7.76,91.0,30.0,0.0
1787957876.7,0.00,710.0,0,0.260,0.000,0.0000,0,False,False,P,False,77.5,13.62,109550,296.51420,95.29,0.705,7.76,91.0,30.0,0.0
1787957876.9,0.00,709.8,0,0.260,0.000,0.0000,0,False,False,P,False,77.5,13.62,109550,296.51420,95.29,0.705,7.76,91.0,30.0,0.0
1787957877.1,0.00,704.2,0,0.260,0.000,0.0000,0,False,False,P,False,77.5,13.62,109550,296.51420,95.29,0.705,7.76,91.0,30.0,0.0
1787957877.3,0.00,704.8,0,0.260,0.000,0.0000,0,False,False,P,False,77.5,13.62,109550,296.51420,95.29,0.713,7.76,91.0,30.0,0.0
1787957877.5,0.00,705.2,0,0.260,0.000,0.0000,0,False,False,P,False,77.5,13.62,109550,296.51420,95.29,0.713,7.76,91.0,30.0,0.0
1787957877.7,0.00,707.5,0,0.260,0.000,0.0000,0,False,False,P,False,77.5,13.62,109550,296.51420,95.29,0.726,7.76,91.0,30.0,0.0
1787957877.9,0.00,709.5,0,0.260,0.000,0.0000,0,False,False,P,False,77.5,13.62,109550,296.51420,95.29,0.705,7.76,91.0,30.0,0.0
1787957878.1,0.00,709.2,0,0.260,0.000,0.0000,0,False,False,P,False,77.5,13.62,109550,296.51420,95.29,0.713,7.76,91.0,30.0,0.0
1787957878.3,0.00,707.2,0,0.260,0.000,0.0000,0,False,False,P,False,77.5,13.62,109550,296.51420,95.29,0.713,7.76,91.0,30.0,0.0
1787957878.5,0.00,707.2,0,0.260,0.000,0.0000,0,False,False,P,False,77.5,13.62,109550,296.51420,95.29,0.705,7.76,91.0,30.0,0.0
1787957878.8,0.00,704.8,0,0.260,0.000,0.0000,0,False,False,P,False,77.5,13.63,109550,296.51420,95.29,0.696,7.76,91.0,30.0,0.0
1787957879.0,0.00,707.5,0,0.260,0.000,0.0000,0,False,False,P,False,77.5,13.63,109550,296.51420,95.29,0.705,7.76,91.0,30.0,0.0
1787957879.2,0.00,705.8,0,0.260,0.000,0.0000,0,False,False,P,False,77.5,13.63,109550,296.51420,95.29,0.705,7.76,91.0,30.0,0.0
1787957879.4,0.00,711.2,0,0.260,0.000,0.0000,0,False,False,P,False,77.5,13.63,109550,296.51420,95.29,0.713,7.76,91.0,30.0,0.0
1787957879.6,0.00,709.8,0,0.260,0.000,0.0000,0,False,False,P,False,77.5,13.63,109550,296.51420,95.29,0.705,7.76,91.0,30.0,0.0
1787957879.8,0.00,711.2,0,0.260,0.000,0.0000,0,False,False,P,False,77.5,13.63,109550,296.51420,95.29,0.696,7.76,91.0,30.0,0.0
1787957880.0,0.00,711.0,0,0.260,0.000,0.0000,0,False,False,P,False,77.5,13.63,109550,296.51420,95.29,0.705,7.76,91.0,30.0,0.0
1787957880.2,0.00,709.5,0,0.260,0.000,0.0000,0,False,False,P,False,77.5,13.63,109550,296.51420,95.29,0.705,7.76,91.0,30.0,0.0
1787957880.4,0.00,711.8,0,0.260,0.000,0.0000,0,False,False,P,False,77.5,13.63,109550,296.51420,95.29,0.713,7.76,91.0,30.0,0.0
1787957880.6,0.00,713.0,0,0.260,0.000,0.0000,0,False,False,P,False,77.5,13.63,109550,296.51420,95.29,0.713,7.76,91.0,30.0,0.0
1787957880.8,0.00,708.5,0,0.260,0.000,0.0000,0,False,False,P,False,77.5,13.63,109550,296.51420,95.29,0.683,7.76,91.0,30.0,0.0
1787957881.0,0.00,707.8,0,0.260,0.000,0.0000,0,False,False,P,False,77.5,13.63,109550,296.51420,95.29,0.726,7.76,91.0,30.0,0.0
1787957881.2,0.00,707.5,0,0.260,0.000,0.0000,0,False,False,P,False,77.5,13.63,109550,296.51420,95.29,0.713,7.76,91.0,30.0,0.0
1787957881.4,0.00,705.5,0,0.260,0.000,0.0000,0,False,False,P,False,77.5,13.63,109550,296.51420,95.29,0.713,7.76,91.0,30.0,0.0
1787957881.6,0.00,703.8,0,0.260,0.000,0.0000,0,False,False,P,False,77.5,13.63,109550,296.51420,95.29,0.705,7.76,91.0,30.0,0.0
1787957881.8,0.00,706.2,0,0.260,0.000,0.0000,0,False,False,P,False,77.5,13.63,109550,296.51420,95.29,0.713,7.76,91.0,30.0,0.0
1787957882.0,0.00,705.8,0,0.260,0.000,0.0000,0,False,False,P,False,77.5,13.63,109550,296.51420,95.29,0.696,7.76,91.0,30.0,0.0
1787957882.2,0.00,705.2,0,0.260,0.000,0.0000,0,False,False,P,False,77.5,13.63,109550,296.51420,95.29,0.726,7.76,91.0,30.0,0.0
1787957882.4,0.00,705.0,0,0.260,0.000,0.0000,0,False,False,P,False,77.5,13.63,109550,296.51420,95.29,0.713,7.76,91.0,30.0,0.0
1787957882.6,0.00,703.0,0,0.260,0.000,0.0000,0,False,False,P,False,77.5,13.63,109550,296.51420,95.29,0.705,7.76,91.0,30.0,0.0
1787957882.8,0.00,703.2,0,0.260,0.000,0.0000,0,False,False,P,False,77.5,13.63,109550,296.51420,95.29,1.927,7.76,91.0,37.0,0.0
1787957883.0,0.00,789.2,0,0.260,0.000,0.0000,0,False,False,P,False,77.5,13.63,109550,296.51420,95.29,1.040,7.76,91.0,39.0,0.0
1787957883.2,0.00,761.5,0,0.260,0.000,0.0000,0,False,False,P,False,77.5,13.63,109550,296.51420,95.29,0.951,7.76,91.0,38.0,0.0
1787957883.4,0.00,744.0,0,0.260,0.000,0.0000,0,False,False,P,False,77.5,13.63,109550,296.51420,95.29,1.244,7.76,91.0,40.0,0.0
1787957883.6,0.00,745.0,0,0.260,0.000,0.0000,0,False,False,P,False,77.5,13.63,109550,296.51420,95.29,1.244,7.76,91.0,40.0,0.0
1787957883.8,0.00,738.5,0,0.260,0.000,0.0000,0,False,False,P,False,77.5,13.63,109550,296.51420,95.29,1.104,7.76,91.0,41.0,0.0
1787957884.0,0.00,734.8,0,0.260,0.000,0.0000,0,False,False,P,False,77.5,13.63,109550,296.51420,95.29,1.078,7.76,91.0,41.0,0.0
1787957884.2,0.00,730.0,0,0.260,0.000,0.0000,0,False,False,P,False,77.5,13.63,109550,296.51420,95.29,1.078,7.76,91.0,41.0,0.0
1787957884.4,0.00,726.5,0,0.260,0.000,0.0000,0,False,False,P,False,77.5,13.63,109550,296.51420,95.29,1.121,7.76,91.0,41.0,0.0
1787957884.6,0.00,722.0,0,0.260,0.000,0.0000,0,False,False,P,False,77.5,13.63,109550,296.51420,95.29,1.078,7.76,91.0,42.0,0.0
1787957884.8,0.00,721.0,0,0.260,0.000,0.0000,0,False,False,P,False,77.5,13.29,109550,296.51420,95.29,1.065,7.76,91.0,42.0,0.0
1787957885.1,0.00,718.8,0,0.260,0.000,0.0000,0,False,False,P,False,77.5,13.29,109550,296.51420,95.29,1.091,7.76,91.0,42.0,0.0
1787957885.3,0.00,714.5,0,0.260,0.000,0.0000,0,False,False,P,False,77.5,13.29,109550,296.51420,95.29,1.121,7.76,91.0,42.0,0.0
1787957885.5,0.00,709.5,0,0.260,0.000,0.0000,0,False,False,P,False,77.5,13.29,109550,296.51420,95.29,1.104,7.76,91.0,42.0,0.0
1787957885.7,0.00,706.8,0,0.260,0.000,0.0000,0,False,False,P,False,77.5,13.29,109550,296.51420,95.29,1.159,7.76,91.0,43.0,0.0
1787957885.9,0.00,709.2,0,0.260,0.000,0.0000,0,False,False,P,False,77.5,13.29,109550,296.51420,95.29,1.146,7.76,91.0,44.0,0.0
1787957886.1,0.00,711.5,0,0.260,0.000,0.0000,0,False,False,P,False,77.5,13.29,109550,296.51420,95.29,1.133,7.76,91.0,44.0,0.0
1787957886.3,0.00,718.5,0,0.260,0.000,0.0000,0,False,False,P,False,77.5,13.29,109550,296.51420,95.29,1.146,7.76,91.0,44.0,0.0
1787957886.5,0.00,729.0,0,0.260,0.000,0.0000,0,False,False,P,False,77.5,13.29,109550,296.51420,95.29,1.121,7.76,91.0,44.0,0.0
1787957886.7,0.00,741.2,0,0.260,0.000,0.0000,0,False,False,P,False,77.5,13.29,109550,296.51420,95.29,1.065,7.76,91.0,44.0,0.0
1787957886.9,0.00,744.5,0,0.260,0.000,0.0000,0,False,False,P,False,77.5,13.29,109550,296.51420,95.29,1.065,7.76,91.0,43.0,0.0
1787957887.1,0.00,739.5,0,0.260,0.000,0.0000,0,False,False,P,False,77.5,13.29,109550,296.51420,95.29,1.040,7.76,91.0,42.0,0.0
1787957887.3,0.00,733.0,0,0.260,0.000,0.0000,0,False,False,P,False,77.5,13.29,109550,296.51420,95.29,1.027,7.76,91.0,42.0,0.0
1787957887.5,0.00,727.2,0,0.260,0.000,0.0000,0,False,False,P,False,77.5,13.29,109550,296.51420,95.29,1.040,7.76,91.0,42.0,0.0
1787957887.7,0.00,718.5,0,0.260,0.000,0.0000,0,False,False,P,False,77.5,13.29,109550,296.51420,95.29,1.015,7.76,91.0,41.0,0.0
1787957887.9,0.00,710.5,0,0.260,0.000,0.0000,0,False,False,P,False,77.5,13.59,109550,296.51420,95.29,1.091,7.76,91.0,42.0,0.0
1787957888.1,0.00,706.0,0,0.260,0.000,0.0000,0,False,False,P,False,77.5,13.59,109550,296.51420,95.29,1.027,7.76,91.0,42.0,0.0
1787957888.3,0.00,702.2,0,0.260,0.000,0.0000,0,False,False,P,False,77.5,13.59,109550,296.51420,95.29,1.078,7.76,91.0,42.0,0.0
1787957888.5,0.00,696.8,0,0.260,0.000,0.0000,0,False,False,P,False,77.5,13.59,109550,296.51420,95.29,1.078,7.76,91.0,42.0,0.0
1787957888.7,0.00,696.2,0,0.260,0.000,0.0000,0,False,False,P,False,77.5,13.59,109550,296.51420,95.29,1.065,7.76,91.0,42.0,0.0
1787957888.9,0.00,702.8,0,0.260,0.000,0.0000,0,False,False,P,False,77.5,13.59,109550,296.51420,95.29,1.040,7.76,91.0,43.0,0.0
1787957889.1,0.00,709.0,0,0.260,0.000,0.0000,0,False,False,P,False,77.5,13.59,109550,296.51420,95.29,1.040,7.76,91.0,43.0,0.0
1787957889.3,0.00,715.0,0,0.260,0.000,0.0000,0,False,False,P,False,77.5,13.59,109550,296.51420,95.29,1.053,7.76,91.0,42.0,0.0
1787957889.5,0.00,720.0,0,0.260,0.000,0.0000,0,False,False,P,False,77.5,13.59,109550,296.51420,95.29,1.078,7.76,91.0,42.0,0.0
1787957889.7,0.00,719.8,0,0.260,0.000,0.0000,0,False,False,P,False,77.5,13.59,109550,296.51420,95.29,1.040,7.76,91.0,42.0,0.0
1787957889.9,0.00,718.8,0,0.260,0.000,0.0000,0,False,False,P,False,77.5,13.59,109550,296.51420,95.29,1.040,7.76,91.0,42.0,0.0
1787957890.1,0.00,717.0,0,0.260,0.000,0.0000,0,False,False,P,False,77.5,13.59,109550,296.51420,95.29,1.053,7.76,91.0,42.0,0.0
1787957890.3,0.00,715.0,0,0.260,0.000,0.0000,0,False,False,P,False,77.5,13.59,109550,296.51420,95.29,1.065,7.76,91.0,42.0,0.0
1787957890.5,0.00,710.2,0,0.260,0.000,0.0000,0,False,False,P,False,77.5,13.59,109550,296.51420,95.29,1.065,7.76,91.0,42.0,0.0
1787957890.7,0.00,706.0,0,0.260,0.000,0.0000,0,False,False,P,False,77.5,13.59,109550,296.51420,95.29,1.065,7.76,91.0,42.0,0.0
1787957890.9,0.00,702.2,0,0.260,0.000,0.0000,0,False,False,P,False,77.5,13.59,109550,296.51420,95.29,1.027,7.76,91.0,42.0,0.0
1787957891.1,0.00,701.0,0,0.260,0.000,0.0000,0,False,False,P,False,77.5,13.60,109550,296.51420,95.29,1.053,7.76,91.0,42.0,0.0
1787957891.4,0.00,698.8,0,0.260,0.000,0.0000,0,False,False,P,False,77.5,13.60,109550,296.51420,95.29,1.040,7.76,91.0,42.0,0.0
1787957891.6,0.00,697.5,0,0.260,0.000,0.0000,0,False,False,P,False,77.5,13.60,109550,296.51420,95.29,1.040,7.76,91.0,42.0,0.0
1787957891.8,0.00,695.5,0,0.260,0.000,0.0000,0,False,False,P,False,77.5,13.60,109550,296.51420,95.29,1.053,7.76,91.0,42.0,0.0
1787957892.0,0.00,697.2,0,0.260,0.000,0.0000,0,False,False,P,False,77.5,13.60,109550,296.51420,95.29,1.040,7.76,91.0,42.0,0.0
1787957892.2,0.00,698.5,0,0.260,0.000,0.0000,0,False,False,P,False,77.5,13.60,109550,296.51420,95.29,0.989,7.76,91.0,42.0,0.0
1787957892.4,0.00,695.0,0,0.260,0.000,0.0000,0,False,False,P,False,77.5,13.60,109550,296.51420,95.29,0.756,7.76,91.0,41.0,0.0
1787957892.6,0.00,707.5,0,0.260,0.000,0.0000,0,False,False,P,False,77.5,13.60,109550,296.51420,95.29,0.764,7.76,91.0,39.0,0.0
1787957892.8,0.00,748.8,0,0.260,0.000,0.0000,0,False,False,P,False,77.5,13.60,109550,296.51420,95.29,0.764,7.76,91.0,37.0,0.0
1787957893.0,0.00,747.2,0,0.260,0.000,0.0000,0,False,False,P,False,77.5,13.60,109550,296.51420,95.29,0.734,7.76,91.0,35.0,0.0
1787957893.2,0.00,741.5,0,0.260,0.000,0.0000,0,False,False,P,False,77.5,13.60,109550,296.51420,95.29,0.726,7.76,91.0,34.0,0.0
1787957893.4,0.00,739.0,0,0.260,0.000,0.0000,0,False,False,P,False,77.5,13.60,109550,296.51420,95.29,0.696,7.76,91.0,32.0,0.0
1787957893.6,0.00,730.2,0,0.260,0.000,0.0000,0,False,False,P,False,77.5,13.60,109550,296.51420,95.29,0.696,7.76,91.0,32.0,0.0
1787957893.8,0.00,717.8,0,0.260,0.000,0.0000,0,False,False,P,False,77.5,13.60,109550,296.51420,95.29,0.705,7.76,91.0,31.0,0.0
1787957894.0,0.00,718.2,0,0.260,0.000,0.0000,0,False,False,P,False,77.5,13.60,109550,296.51420,95.29,0.705,7.76,91.0,31.0,0.0
1787957894.2,0.00,712.0,0,0.260,0.000,0.0000,0,False,False,P,False,77.5,13.59,109550,296.51420,95.29,0.713,7.76,91.0,31.0,0.0
1787957894.4,0.00,707.8,0,0.260,0.000,0.0000,0,False,False,P,False,77.5,13.59,109550,296.51420,95.29,0.713,7.76,91.0,30.0,0.0
1787957894.6,0.00,700.5,0,0.260,0.000,0.0000,0,False,False,P,False,77.5,13.59,109550,296.51420,95.29,0.726,7.76,91.0,31.0,0.0
1787957894.8,0.00,708.8,0,0.260,0.000,0.0000,0,False,False,P,False,77.5,13.59,109550,296.51420,95.29,0.734,7.76,91.0,31.0,0.0
1787957895.0,0.00,708.8,0,0.260,0.000,0.0000,0,False,False,P,False,77.5,13.59,109550,296.51420,95.29,0.726,7.76,91.0,31.0,0.0
1787957895.2,0.00,709.5,0,0.260,0.000,0.0000,0,False,False,P,False,77.5,13.59,109550,296.51420,95.29,0.713,7.76,91.0,31.0,0.0
1787957895.4,0.00,716.5,0,0.260,0.000,0.0000,0,False,False,P,False,77.5,13.59,109550,296.51420,95.29,0.713,7.76,91.0,30.0,0.0
1787957895.6,0.00,713.8,0,0.260,0.000,0.0000,0,False,False,P,False,77.5,13.59,109550,296.51420,95.29,0.726,7.76,91.0,31.0,0.0
1787957895.8,0.00,713.5,0,0.260,0.000,0.0000,0,False,False,P,False,77.5,13.59,109550,296.51420,95.29,0.726,7.76,91.0,30.0,0.0
1787957896.0,0.00,708.8,0,0.260,0.000,0.0000,0,False,False,P,False,77.5,13.59,109550,296.51420,95.29,0.713,7.76,91.0,31.0,0.0
1787957896.2,0.00,713.8,0,0.260,0.000,0.0000,0,False,False,P,False,77.5,13.59,109550,296.51420,95.29,0.696,7.76,91.0,30.0,0.0
1787957896.4,0.00,714.0,0,0.260,0.000,0.0000,0,False,False,P,False,77.5,13.59,109550,296.51420,95.29,0.713,7.76,91.0,30.0,0.0
1787957896.6,0.00,712.2,0,0.260,0.000,0.0000,0,False,False,P,False,77.5,13.59,109550,296.51420,95.29,0.734,7.76,91.0,30.0,0.0
1787957896.8,0.00,710.0,0,0.260,0.000,0.0000,0,False,False,P,False,77.5,13.59,109550,296.51420,95.29,0.713,7.76,91.0,30.0,0.0
1787957897.0,0.00,712.2,0,0.260,0.000,0.0000,0,False,False,P,False,77.5,13.59,109550,296.51420,95.29,0.713,7.76,91.0,30.0,0.0
1787957897.2,0.00,709.8,0,0.260,0.000,0.0000,0,False,False,P,False,77.5,13.63,109550,296.51420,95.29,0.696,7.76,91.0,30.0,0.0
1787957897.4,0.00,709.8,0,0.260,0.000,0.0000,0,False,False,P,False,77.5,13.63,109550,296.51420,95.29,0.705,7.76,91.0,30.0,0.0
1787957897.6,0.00,708.2,0,0.260,0.000,0.0000,0,False,False,P,False,77.5,13.63,109550,296.51420,95.29,0.713,7.76,91.0,30.0,0.0
1787957897.9,0.00,710.5,0,0.260,0.000,0.0000,0,False,False,P,False,77.5,13.63,109550,296.51420,95.29,0.713,7.76,91.0,30.0,0.0
1787957898.1,0.00,709.0,0,0.260,0.000,0.0000,0,False,False,P,False,77.5,13.63,109550,296.51420,95.29,0.705,7.76,91.0,30.0,0.0
1787957898.3,0.00,705.0,0,0.260,0.000,0.0000,0,False,False,P,False,77.5,13.63,109550,296.51420,95.29,0.726,7.76,91.0,31.0,0.0
1787957898.5,0.00,709.2,0,0.260,0.000,0.0000,0,False,False,P,False,77.5,13.63,109550,296.51420,95.29,0.726,7.76,91.0,30.0,0.0
1787957898.7,0.00,706.2,0,0.260,0.000,0.0000,0,False,False,P,False,77.5,13.63,109550,296.51420,95.29,0.713,7.76,91.0,30.0,0.0
1787957898.9,0.00,709.2,0,0.260,0.000,0.0000,0,False,False,P,False,77.5,13.63,109550,296.51420,95.29,0.713,7.76,91.0,31.0,0.0
1787957899.1,0.00,708.0,0,0.260,0.000,0.0000,0,False,False,P,False,77.5,13.63,109550,296.51420,95.29,0.713,7.76,91.0,31.0,0.0
1787957899.3,0.00,709.2,0,0.260,0.000,0.0000,0,False,False,P,False,77.5,13.63,109550,296.51420,95.29,0.713,7.76,91.0,31.0,0.0
1787957899.5,0.00,707.0,0,0.260,0.000,0.0000,0,False,False,P,False,77.5,13.63,109550,296.51420,95.29,0.705,7.76,91.0,30.0,0.0
1787957899.7,0.00,711.2,0,0.260,0.000,0.0000,0,False,False,P,False,77.5,13.63,109550,296.51420,95.29,0.713,7.76,91.0,30.0,0.0
1787957899.9,0.00,711.0,0,0.260,0.000,0.0000,0,False,False,P,False,77.5,13.63,109550,296.51420,95.29,0.713,7.76,91.0,30.0,0.0
1787957900.1,0.00,708.5,0,0.260,0.000,0.0000,0,False,False,P,False,77.5,13.63,109550,296.51420,95.29,0.705,7.76,91.0,30.0,0.0
1787957900.3,0.00,711.8,0,0.260,0.000,0.0000,0,False,False,P,False,77.5,13.64,109550,296.51420,95.29,0.705,7.76,91.0,30.0,0.0
1787957900.5,0.00,711.8,0,0.260,0.000,0.0000,0,False,False,P,False,77.5,13.64,109550,296.51420,95.29,0.713,7.76,91.0,30.0,0.0
1787957900.7,0.00,709.2,0,0.260,0.000,0.0000,0,False,False,P,False,77.5,13.64,109550,296.51420,95.29,0.713,7.76,91.0,30.0,0.0
1787957900.9,0.00,711.8,0,0.260,0.000,0.0000,0,False,False,P,False,77.5,13.64,109550,296.51420,95.29,0.713,7.76,91.0,30.0,0.0
1787957901.1,0.00,710.5,0,0.260,0.000,0.0000,0,False,False,P,False,77.5,13.64,109550,296.51420,95.29,0.696,7.76,91.0,30.0,0.0
1787957901.3,0.00,710.2,0,0.260,0.000,0.0000,0,False,False,P,False,77.5,13.64,109550,296.51420,95.29,0.705,7.76,91.0,30.0,0.0
1787957901.5,0.00,706.8,0,0.260,0.000,0.0000,0,False,False,P,False,77.5,13.64,109550,296.51420,95.29,0.705,7.76,91.0,30.0,0.0
1787957901.7,0.00,706.8,0,0.260,0.000,0.0000,0,False,False,P,False,77.5,13.64,109550,296.51420,95.29,0.696,7.76,91.0,30.0,0.0
1787957901.9,0.00,707.5,0,0.260,0.000,0.0000,0,False,False,P,False,77.5,13.64,109550,296.51420,95.29,0.713,7.76,91.0,30.0,0.0
1787957902.1,0.00,708.8,0,0.260,0.000,0.0000,0,False,False,P,False,77.5,13.64,109550,296.51420,95.29,0.726,7.76,91.0,30.0,0.0
1787957902.3,0.00,710.8,0,0.260,0.000,0.0000,0,False,False,P,False,77.5,13.64,109550,296.51420,95.29,0.696,7.76,91.0,30.0,0.0
1787957902.5,0.00,707.8,0,0.260,0.000,0.0000,0,False,False,P,False,77.5,13.64,109550,296.51420,95.29,0.683,7.76,91.0,30.0,0.0
1787957902.7,0.00,703.5,0,0.260,0.000,0.0000,0,False,False,P,False,77.5,13.64,109550,296.51420,95.29,0.713,7.76,91.0,30.0,0.0
1787957902.9,0.00,702.2,0,0.260,0.000,0.0000,0,False,False,P,False,77.5,13.64,109550,296.51420,95.29,0.726,7.76,91.0,31.0,0.0
1787957903.1,0.00,709.0,0,0.260,0.000,0.0000,0,False,False,P,False,77.5,13.64,109550,296.51420,95.29,0.705,7.76,91.0,30.0,0.0
1787957903.3,0.00,709.8,0,0.260,0.000,0.0000,0,False,False,P,False,77.5,13.64,109550,296.51420,95.29,0.705,7.76,91.0,30.0,0.0
1787957903.5,0.00,710.8,0,0.260,0.000,0.0000,0,False,False,P,False,77.5,13.63,109550,296.51420,95.29,0.705,7.76,91.0,30.0,0.0
1787957903.7,0.00,708.2,0,0.260,0.000,0.0000,0,False,False,P,False,77.5,13.63,109550,296.51420,95.29,0.713,7.76,91.0,30.0,0.0
1787957903.9,0.00,707.2,0,0.260,0.000,0.0000,0,False,False,P,False,77.5,13.63,109550,296.51420,95.29,0.713,7.76,91.0,30.0,0.0
1787957904.2,0.00,712.2,0,0.260,0.000,0.0000,0,False,False,P,False,77.5,13.63,109550,296.51420,95.29,0.705,7.76,91.0,30.0,0.0
1787957904.4,0.00,711.8,0,0.260,0.000,0.0000,0,False,False,P,False,77.5,13.63,109550,296.51420,95.29,0.705,7.76,91.0,30.0,0.0
1787957904.6,0.00,711.5,0,0.260,0.000,0.0000,0,False,False,P,False,77.5,13.63,109550,296.51420,95.29,0.705,7.76,91.0,30.0,0.0
1787957904.8,0.00,711.8,0,0.260,0.000,0.0000,0,False,False,P,False,77.5,13.63,109550,296.51420,95.29,0.705,7.76,91.0,30.0,0.0
1787957905.0,0.00,709.0,0,0.260,0.000,0.0000,0,False,False,P,False,77.5,13.63,109550,296.51420,95.29,0.696,7.76,91.0,30.0,0.0
1787957905.2,0.00,705.5,0,0.260,0.000,0.0000,0,False,False,P,False,77.5,13.63,109550,296.51420,95.29,0.713,7.76,91.0,30.0,0.0
1787957905.4,0.00,709.2,0,0.260,0.000,0.0000,0,False,False,P,False,77.5,13.63,109550,296.51420,95.29,0.726,7.76,91.0,30.0,0.0
1787957905.6,0.00,706.8,0,0.260,0.000,0.0000,0,False,False,P,False,77.5,13.63,109550,296.51420,95.29,0.726,7.76,91.0,30.0,0.0
1787957905.8,0.00,704.2,0,0.260,0.000,0.0000,0,False,False,P,False,77.5,13.63,109550,296.51420,95.29,0.713,7.76,91.0,30.0,0.0
1787957906.0,0.00,704.2,0,0.260,0.000,0.0000,0,False,False,P,False,77.5,13.63,109550,296.51420,95.29,0.713,7.76,91.0,30.0,0.0
1787957906.2,0.00,705.0,0,0.260,0.000,0.0000,0,False,False,P,False,77.5,13.63,109550,296.51420,95.29,0.705,7.76,91.0,30.0,0.0
1787957906.4,0.00,707.8,0,0.260,0.000,0.0000,0,False,False,P,False,77.5,13.63,109550,296.51420,95.29,0.696,7.76,91.0,30.0,0.0
1787957906.6,0.00,706.5,0,0.260,0.000,0.0000,0,False,False,P,False,77.5,13.63,109550,296.51420,95.29,0.705,7.76,91.0,31.0,0.0
1787957906.8,0.00,707.0,0,0.260,0.000,0.0000,0,False,False,P,False,77.5,13.63,109550,296.51420,95.29,0.705,7.76,91.0,30.0,0.0
1787957907.0,0.00,707.0,0,0.260,0.000,0.0000,0,False,False,P,False,77.5,13.63,109550,296.51420,95.29,0.696,7.76,91.0,30.0,0.0
1787957907.2,0.00,706.0,0,0.260,0.000,0.0000,0,False,False,P,False,77.5,13.63,109550,296.51420,95.29,0.696,7.76,91.0,30.0,0.0
1787957907.4,0.00,710.0,0,0.260,0.000,0.0000,0,False,False,P,False,77.5,13.63,109550,296.51420,95.29,1.562,7.76,91.0,31.0,0.0
1787957907.6,0.00,772.2,0,0.260,0.000,0.0000,0,False,False,P,False,77.5,13.63,109550,296.51420,95.29,1.027,7.76,91.0,36.0,0.0
1787957907.8,0.00,743.2,0,0.260,0.000,0.0000,0,False,False,P,False,77.5,13.63,109550,296.51420,95.29,0.989,7.76,91.0,37.0,0.0
1787957908.0,0.00,741.8,0,0.260,0.000,0.0000,0,False,False,P,False,77.5,13.63,109550,296.51420,95.29,1.159,7.76,91.0,39.0,0.0
1787957908.2,0.00,735.5,0,0.260,0.000,0.0000,0,False,False,P,False,77.5,13.63,109550,296.51420,95.29,1.159,7.76,91.0,39.0,0.0
1787957908.4,0.00,726.8,0,0.260,0.000,0.0000,0,False,False,P,False,77.5,13.63,109550,296.51420,95.29,1.104,7.76,91.0,40.0,0.0
1787957908.6,0.00,730.2,0,0.260,0.000,0.0000,0,False,False,P,False,77.5,13.63,109550,296.51420,95.29,1.040,7.76,91.0,41.0,0.0
1787957908.8,0.00,728.2,0,0.260,0.000,0.0000,0,False,False,P,False,77.5,13.63,109550,296.51420,95.29,1.065,7.76,91.0,41.0,0.0
1787957909.0,0.00,724.2,0,0.260,0.000,0.0000,0,False,False,P,False,77.5,13.63,109550,296.51420,95.29,1.078,7.76,91.0,42.0,0.0
1787957909.2,0.00,721.2,0,0.260,0.000,0.0000,0,False,False,P,False,77.5,13.63,109550,296.51420,95.29,1.091,7.76,91.0,42.0,0.0
1787957909.4,0.00,718.0,0,0.260,0.000,0.0000,0,False,False,P,False,77.5,13.63,109550,296.51420,95.29,1.078,7.76,91.0,42.0,0.0
1787957909.6,0.00,718.2,0,0.260,0.000,0.0000,0,False,False,P,False,77.5,13.32,109550,296.51420,95.29,1.091,7.76,91.0,42.0,0.0
1787957909.8,0.00,716.2,0,0.260,0.000,0.0000,0,False,False,P,False,77.5,13.32,109550,296.51420,95.29,1.091,7.76,91.0,43.0,0.0
1787957910.1,0.00,713.8,0,0.260,0.000,0.0000,0,False,False,P,False,77.5,13.32,109550,296.51420,95.29,1.091,7.76,91.0,43.0,0.0
1787957910.3,0.00,712.2,0,0.260,0.000,0.0000,0,False,False,P,False,77.5,13.39,109550,296.51420,95.29,1.104,7.76,91.0,43.0,0.0
1787957910.5,0.00,712.2,0,0.260,0.000,0.0000,0,False,False,P,False,77.5,13.39,109550,296.51420,95.29,1.133,7.76,91.0,44.0,0.0
1787957910.7,0.00,715.0,0,0.260,0.000,0.0000,0,False,False,P,False,77.5,13.39,109550,296.51420,95.29,1.133,7.76,91.0,44.0,0.0
1787957910.9,0.00,720.8,0,0.260,0.000,0.0000,0,False,False,P,False,77.5,13.39,109550,296.51420,95.29,1.133,7.76,91.0,44.0,0.0
1787957911.1,0.00,734.0,0,0.260,0.000,0.0000,0,False,False,P,False,77.5,13.70,109550,296.51420,95.29,1.121,7.76,91.0,44.0,0.0
1787957911.3,0.00,740.5,0,0.260,0.000,0.0000,0,False,False,P,False,77.5,13.70,109550,296.51420,95.29,1.078,7.76,91.0,44.0,0.0
1787957911.5,0.00,740.8,0,0.260,0.000,0.0000,0,False,False,P,False,77.5,13.70,109550,296.51420,95.29,1.078,7.76,91.0,43.0,0.0
1787957911.7,0.00,735.5,0,0.260,0.000,0.0000,0,False,False,P,False,77.5,13.70,109550,296.51420,95.29,1.040,7.76,91.0,42.0,0.0
1787957911.9,0.00,729.2,0,0.260,0.000,0.0000,0,False,False,P,False,77.5,13.70,109550,296.51420,95.29,1.040,7.76,91.0,42.0,0.0
1787957912.1,0.00,722.0,0,0.260,0.000,0.0000,0,False,False,P,False,77.5,13.70,109550,296.51420,95.29,1.078,7.76,91.0,42.0,0.0
1787957912.3,0.00,713.5,0,0.260,0.000,0.0000,0,False,False,P,False,77.5,13.70,109550,296.51420,95.29,1.065,7.76,91.0,42.0,0.0
1787957912.5,0.00,707.0,0,0.260,0.000,0.0000,0,False,False,P,False,77.5,13.70,109550,296.51420,95.29,1.053,7.76,91.0,42.0,0.0
1787957912.7,0.00,700.0,0,0.260,0.000,0.0000,0,False,False,P,False,77.5,13.60,109550,296.51420,95.29,1.065,7.76,91.0,42.0,0.0
1787957912.9,0.00,694.8,0,0.260,0.000,0.0000,0,False,False,P,False,77.5,13.60,109550,296.51420,95.29,1.065,7.76,91.0,42.0,0.0
1787957913.1,0.00,688.8,0,0.260,0.000,0.0000,0,False,False,P,False,77.5,13.60,109550,296.51420,95.29,1.065,7.76,91.0,43.0,0.0
1787957913.3,0.00,691.2,0,0.260,0.000,0.0000,0,False,False,P,False,77.5,13.60,109550,296.51420,95.29,1.053,7.76,91.0,43.0,0.0
1787957913.5,0.00,693.5,0,0.260,0.000,0.0000,0,False,False,P,False,77.5,13.60,109550,296.51420,95.29,1.065,7.76,91.0,43.0,0.0
1787957913.7,0.00,701.8,0,0.260,0.000,0.0000,0,False,False,P,False,77.5,13.60,109550,296.51420,95.29,1.040,7.76,91.0,43.0,0.0
1787957913.9,0.00,712.5,0,0.260,0.000,0.0000,0,False,False,P,False,77.5,13.60,109550,296.51420,95.29,1.027,7.76,91.0,43.0,0.0
1787957914.1,0.00,717.0,0,0.260,0.000,0.0000,0,False,False,P,False,77.5,13.60,109550,296.51420,95.29,1.027,7.76,91.0,43.0,0.0
1787957914.3,0.00,719.2,0,0.260,0.000,0.0000,0,False,False,P,False,77.5,13.60,109550,296.51420,95.29,1.040,7.76,91.0,43.0,0.0
1787957914.5,0.00,715.8,0,0.260,0.000,0.0000,0,False,False,P,False,77.5,13.60,109550,296.51420,95.29,1.040,7.76,91.0,42.0,0.0
1787957914.7,0.00,716.5,0,0.260,0.000,0.0000,0,False,False,P,False,77.5,13.60,109550,296.51420,95.29,1.091,7.76,91.0,42.0,0.0
1787957914.9,0.00,713.8,0,0.260,0.000,0.0000,0,False,False,P,False,77.5,13.60,109550,296.51420,95.29,1.053,7.76,91.0,42.0,0.0
1787957915.1,0.00,713.5,0,0.260,0.000,0.0000,0,False,False,P,False,77.5,13.60,109550,296.51420,95.29,1.040,7.76,91.0,42.0,0.0
1787957915.3,0.00,709.2,0,0.260,0.000,0.0000,0,False,False,P,False,77.5,13.60,109550,296.51420,95.29,1.040,7.76,91.0,42.0,0.0
1787957915.5,0.00,707.0,0,0.260,0.000,0.0000,0,False,False,P,False,77.5,13.60,109550,296.51420,95.29,1.078,7.76,91.0,42.0,0.0
1787957915.7,0.00,704.0,0,0.260,0.000,0.0000,0,False,False,P,False,77.5,13.62,109550,296.51420,95.29,1.078,7.76,91.0,42.0,0.0
1787957915.9,0.00,701.5,0,0.260,0.000,0.0000,0,False,False,P,False,77.5,13.62,109550,296.51420,95.29,1.053,7.76,91.0,42.0,0.0
1787957916.2,0.00,699.0,0,0.260,0.000,0.0000,0,False,False,P,False,77.5,13.62,109550,296.51420,95.29,1.053,7.76,91.0,42.0,0.0
1787957916.4,0.00,698.8,0,0.260,0.000,0.0000,0,False,False,P,False,77.5,13.62,109550,296.51420,95.29,1.053,7.76,91.0,42.0,0.0
1787957916.6,0.00,701.0,0,0.260,0.000,0.0000,0,False,False,P,False,77.5,13.62,109550,296.51420,95.29,1.040,7.76,91.0,43.0,0.0
1787957916.8,0.00,703.8,0,0.260,0.000,0.0000,0,False,False,P,False,77.5,13.62,109550,296.51420,95.29,1.040,7.76,91.0,43.0,0.0
1787957917.0,0.00,707.2,0,0.260,0.000,0.0000,0,False,False,P,False,77.5,13.62,109550,296.51420,95.29,1.053,7.76,91.0,42.0,0.0
1787957917.2,0.00,707.8,0,0.260,0.000,0.0000,0,False,False,P,False,77.5,13.62,109550,296.51420,95.29,1.027,7.76,91.0,42.0,0.0
1787957917.4,0.00,703.0,0,0.260,0.000,0.0000,0,False,False,P,False,77.5,13.62,109550,296.51420,95.29,0.785,7.76,91.0,41.0,0.0
1787957917.6,0.00,722.2,0,0.260,0.000,0.0000,0,False,False,P,False,77.5,13.62,109550,296.51420,95.29,0.785,7.76,91.0,39.0,0.0
1787957917.8,0.00,751.0,0,0.260,0.000,0.0000,0,False,False,P,False,77.5,13.62,109550,296.51420,95.29,0.743,7.76,91.0,37.0,0.0
1787957918.0,0.00,753.0,0,0.260,0.000,0.0000,0,False,False,P,False,77.5,13.62,109550,296.51420,95.29,0.756,7.76,91.0,36.0,0.0
1787957918.2,0.00,744.8,0,0.260,0.000,0.0000,0,False,False,P,False,77.5,13.62,109550,296.51420,95.29,0.705,7.76,91.0,34.0,0.0
1787957918.4,0.00,739.0,0,0.260,0.000,0.0000,0,False,False,P,False,77.5,13.62,109550,296.51420,95.29,0.696,7.76,91.0,32.0,0.0
1787957918.6,0.00,733.0,0,0.260,0.000,0.0000,0,False,False,P,False,77.5,13.62,109550,296.51420,95.29,0.696,7.76,91.0,31.0,0.0
1787957918.8,0.00,720.2,0,0.260,0.000,0.0000,0,False,False,P,False,77.5,13.62,109550,296.51420,95.29,0.713,7.76,91.0,31.0,0.0
1787957919.0,0.00,714.5,0,0.260,0.000,0.0000,0,False,False,P,False,77.5,13.59,109550,296.51420,95.29,0.713,7.76,91.0,31.0,0.0
1787957919.2,0.00,708.0,0,0.260,0.000,0.0000,0,False,False,P,False,77.5,13.59,109550,296.51420,95.29,0.726,7.76,91.0,31.0,0.0
1787957919.4,0.00,706.0,0,0.260,0.000,0.0000,0,False,False,P,False,77.5,13.59,109550,296.51420,95.29,0.726,7.76,91.0,31.0,0.0
1787957919.6,0.00,706.8,0,0.260,0.000,0.0000,0,False,False,P,False,77.5,13.59,109550,296.51420,95.29,0.726,7.76,91.0,31.0,0.0
1787957919.8,0.00,707.5,0,0.260,0.000,0.0000,0,False,False,P,False,77.5,13.59,109550,296.51420,95.29,0.726,7.76,91.0,31.0,0.0
1787957920.0,0.00,707.5,0,0.260,0.000,0.0000,0,False,False,P,False,77.5,13.59,109550,296.51420,95.29,0.713,7.76,91.0,31.0,0.0
1787957920.2,0.00,713.5,0,0.260,0.000,0.0000,0,False,False,P,False,77.5,13.59,109550,296.51420,95.29,0.726,7.76,91.0,31.0,0.0
1787957920.4,0.00,712.0,0,0.260,0.000,0.0000,0,False,False,P,False,77.5,13.59,109550,296.51420,95.29,0.726,7.76,91.0,31.0,0.0
1787957920.6,0.00,710.8,0,0.260,0.000,0.0000,0,False,False,P,False,77.5,13.59,109550,296.51420,95.29,0.713,7.76,91.0,31.0,0.0
1787957920.8,0.00,713.2,0,0.260,0.000,0.0000,0,False,False,P,False,77.5,13.59,109550,296.51420,95.29,0.713,7.76,91.0,31.0,0.0
1787957921.0,0.00,711.5,0,0.260,0.000,0.0000,0,False,False,P,False,77.5,13.59,109550,296.51420,95.29,0.743,7.76,91.0,31.0,0.0
1787957921.2,0.00,710.0,0,0.260,0.000,0.0000,0,False,False,P,False,77.5,13.59,109550,296.51420,95.29,0.713,7.76,91.0,31.0,0.0
1787957921.4,0.00,710.8,0,0.260,0.000,0.0000,0,False,False,P,False,77.5,13.59,109550,296.51420,95.29,0.713,7.76,91.0,31.0,0.0
1787957921.6,0.00,712.0,0,0.260,0.000,0.0000,0,False,False,P,False,77.5,13.59,109550,296.51420,95.29,0.726,7.76,91.0,31.0,0.0
1787957921.8,0.00,716.0,0,0.260,0.000,0.0000,0,False,False,P,False,77.5,13.59,109550,296.51420,95.29,0.713,7.76,91.0,31.0,0.0
1787957922.0,0.00,713.5,0,0.260,0.000,0.0000,0,False,False,P,False,77.5,13.62,109550,296.51420,95.29,0.726,7.76,91.0,31.0,0.0
1787957922.2,0.00,712.8,0,0.260,0.000,0.0000,0,False,False,P,False,77.5,13.62,109550,296.51420,95.29,0.696,7.76,91.0,30.0,0.0
1787957922.4,0.00,713.5,0,0.260,0.000,0.0000,0,False,False,P,False,77.5,13.62,109550,296.51420,95.29,0.713,7.76,91.0,30.0,0.0
1787957922.6,0.00,712.0,0,0.260,0.000,0.0000,0,False,False,P,False,77.5,13.62,109550,296.51420,95.29,0.726,7.76,91.0,30.0,0.0
1787957922.8,0.00,712.8,0,0.260,0.000,0.0000,0,False,False,P,False,77.5,13.62,109550,296.51420,95.29,0.713,7.76,91.0,30.0,0.0
1787957923.1,0.00,710.0,0,0.260,0.000,0.0000,0,False,False,P,False,77.5,13.62,109550,296.51420,95.29,0.705,7.76,91.0,30.0,0.0
1787957923.3,0.00,709.0,0,0.260,0.000,0.0000,0,False,False,P,False,77.5,13.62,109550,296.51420,95.29,0.713,7.76,91.0,30.0,0.0
1787957923.5,0.00,706.5,0,0.260,0.000,0.0000,0,False,False,P,False,77.5,13.62,109550,296.51420,95.29,0.705,7.76,91.0,31.0,0.0
1787957923.7,0.00,704.5,0,0.260,0.000,0.0000,0,False,False,P,False,77.5,13.62,109550,296.51420,95.29,0.713,7.76,91.0,31.0,0.0
1787957923.9,0.00,706.8,0,0.260,0.000,0.0000,0,False,False,P,False,77.5,13.62,109550,296.51420,95.29,0.734,7.76,91.0,31.0,0.0
1787957924.1,0.00,710.0,0,0.260,0.000,0.0000,0,False,False,P,False,77.5,13.62,109550,296.51420,95.29,0.705,7.76,91.0,31.0,0.0
1787957924.3,0.00,710.5,0,0.260,0.000,0.0000,0,False,False,P,False,77.5,13.62,109550,296.51420,95.29,0.713,7.76,91.0,31.0,0.0
1787957924.5,0.00,710.0,0,0.260,0.000,0.0000,0,False,False,P,False,77.5,13.62,109550,296.51420,95.29,0.713,7.76,91.0,31.0,0.0
1787957924.7,0.00,711.8,0,0.260,0.000,0.0000,0,False,False,P,False,77.5,13.62,109550,296.51420,95.29,0.713,7.76,91.0,30.0,0.0
1787957924.9,0.00,712.2,0,0.260,0.000,0.0000,0,False,False,P,False,77.5,13.62,109550,296.51420,95.29,0.713,7.76,91.0,30.0,0.0
1787957925.1,0.00,713.2,0,0.260,0.000,0.0000,0,False,False,P,False,77.5,13.63,109550,296.51420,95.29,0.705,7.76,91.0,30.0,0.0
1787957925.3,0.00,714.5,0,0.260,0.000,0.0000,0,False,False,P,False,77.5,13.63,109550,296.51420,95.29,0.713,7.76,91.0,30.0,0.0
1787957925.5,0.00,712.8,0,0.260,0.000,0.0000,0,False,False,P,False,77.5,13.63,109550,296.51420,95.29,0.713,7.76,91.0,30.0,0.0
1787957925.7,0.00,712.0,0,0.260,0.000,0.0000,0,False,False,P,False,77.5,13.63,109550,296.51420,95.29,0.713,7.76,91.0,30.0,0.0
1787957925.9,0.00,714.0,0,0.260,0.000,0.0000,0,False,False,P,False,77.5,13.63,109550,296.51420,95.29,0.726,7.76,91.0,30.0,0.0
1787957926.1,0.00,714.8,0,0.260,0.000,0.0000,0,False,False,P,False,77.5,13.63,109550,296.51420,95.29,0.726,7.76,91.0,30.0,0.0
1787957926.3,0.00,711.2,0,0.260,0.000,0.0000,0,False,False,P,False,77.5,13.63,109550,296.51420,95.29,0.713,7.76,91.0,30.0,0.0
1787957926.5,0.00,714.2,0,0.260,0.000,0.0000,0,False,False,P,False,77.5,13.63,109550,296.51420,95.29,0.705,7.76,91.0,30.0,0.0
1787957926.7,0.00,708.8,0,0.260,0.000,0.0000,0,False,False,P,False,77.5,13.63,109550,296.51420,95.29,0.713,7.76,91.0,30.0,0.0
1787957926.9,0.00,708.2,0,0.260,0.000,0.0000,0,False,False,P,False,77.5,13.63,109550,296.51420,95.29,0.713,7.76,91.0,30.0,0.0
1787957927.1,0.00,710.0,0,0.260,0.000,0.0000,0,False,False,P,False,77.5,13.63,109550,296.51420,95.29,0.713,7.76,91.0,30.0,0.0
1787957927.3,0.00,710.2,0,0.260,0.000,0.0000,0,False,False,P,False,77.5,13.63,109550,296.51420,95.29,0.713,7.76,91.0,30.0,0.0
1787957927.5,0.00,703.8,0,0.260,0.000,0.0000,0,False,False,P,False,77.5,13.63,109550,296.51420,95.29,0.713,7.76,91.0,30.0,0.0
1787957927.7,0.00,705.5,0,0.260,0.000,0.0000,0,False,False,P,False,77.5,13.63,109550,296.51420,95.29,0.705,7.76,91.0,30.0,0.0
1787957927.9,0.00,706.8,0,0.260,0.000,0.0000,0,False,False,P,False,77.5,13.63,109550,296.51420,95.29,0.705,7.76,91.0,31.0,0.0
1787957928.1,0.00,707.0,0,0.260,0.000,0.0000,0,False,False,P,False,77.5,13.63,109550,296.51420,95.29,0.705,7.76,91.0,30.0,0.0
1787957928.3,0.00,710.2,0,0.260,0.000,0.0000,0,False,False,P,False,77.5,13.63,109550,296.51420,95.29,0.726,7.76,91.0,31.0,0.0
1787957928.5,0.00,708.5,0,0.260,0.000,0.0000,0,False,False,P,False,77.5,13.63,109550,296.51420,95.29,0.713,7.76,91.0,31.0,0.0
1787957928.7,0.00,708.8,0,0.260,0.000,0.0000,0,False,False,P,False,77.5,13.63,109550,296.51420,95.29,0.705,7.76,91.0,30.0,0.0
1787957928.9,0.00,708.5,0,0.260,0.000,0.0000,0,False,False,P,False,77.5,13.63,109550,296.51420,95.29,0.734,7.76,91.0,30.0,0.0
1787957929.1,0.00,712.5,0,0.260,0.000,0.0000,0,False,False,P,False,77.5,13.63,109550,296.51420,95.29,0.705,7.76,91.0,30.0,0.0
1787957929.4,0.00,708.8,0,0.260,0.000,0.0000,0,False,False,P,False,77.5,13.63,109550,296.51420,95.29,0.705,7.76,91.0,30.0,0.0
1787957929.6,0.00,709.0,0,0.260,0.000,0.0000,0,False,False,P,False,77.5,13.63,109550,296.51420,95.29,0.713,7.76,91.0,30.0,0.0
1787957929.8,0.00,712.2,0,0.260,0.000,0.0000,0,False,False,P,False,77.5,13.63,109550,296.51420,95.29,0.713,7.76,91.0,30.0,0.0
1787957930.0,0.00,710.5,0,0.260,0.000,0.0000,0,False,False,P,False,77.5,13.63,109550,296.51420,95.29,0.713,7.76,91.0,30.0,0.0
1787957930.2,0.00,712.5,0,0.260,0.000,0.0000,0,False,False,P,False,77.5,13.63,109550,296.51420,95.29,0.713,7.76,91.0,30.0,0.0
1787957930.4,0.00,710.8,0,0.260,0.000,0.0000,0,False,False,P,False,77.5,13.63,109550,296.51420,95.29,0.713,7.76,91.0,30.0,0.0
1787957930.6,0.00,712.5,0,0.260,0.000,0.0000,0,False,False,P,False,77.5,13.63,109550,296.51420,95.29,0.705,7.76,91.0,30.0,0.0
1787957930.8,0.00,710.0,0,0.260,0.000,0.0000,0,False,False,P,False,77.5,13.63,109550,296.51420,95.29,0.713,7.76,91.0,30.0,0.0
1787957931.0,0.00,707.8,0,0.260,0.000,0.0000,0,False,False,P,False,77.5,13.63,109550,296.51420,95.29,0.726,7.76,91.0,30.0,0.0
1787957931.2,0.00,709.5,0,0.260,0.000,0.0000,0,False,False,P,False,77.5,13.63,109550,296.51420,95.29,0.713,7.76,91.0,30.0,0.0
1787957931.4,0.00,707.2,0,0.260,0.000,0.0000,0,False,False,P,False,77.5,13.63,109550,296.51420,95.29,0.726,7.76,91.0,30.0,0.0
1787957931.6,0.00,702.5,0,0.260,0.000,0.0000,0,False,False,P,False,77.5,13.63,109550,296.51420,95.29,0.726,7.76,91.0,30.0,0.0
1787957931.8,0.00,706.0,0,0.260,0.000,0.0000,0,False,False,P,False,77.5,13.63,109550,296.51420,95.29,0.705,7.76,91.0,30.0,0.0
1787957932.0,0.00,705.2,0,0.260,0.000,0.0000,0,False,False,P,False,77.5,13.63,109550,296.51420,95.29,0.705,7.76,91.0,30.0,0.0
1787957932.2,0.00,740.0,0,0.260,0.000,0.0000,0,False,False,P,False,77.5,13.63,109550,296.51420,95.29,1.189,7.76,91.0,34.0,0.0
1787957932.4,0.00,781.2,0,0.260,0.000,0.0000,0,False,False,P,False,77.5,13.63,109550,296.51420,95.29,0.989,7.76,91.0,37.0,0.0
1787957932.6,0.00,733.2,0,0.260,0.000,0.0000,0,False,False,P,False,77.5,13.63,109550,296.51420,95.29,0.989,7.76,91.0,39.0,0.0
1787957932.8,0.00,738.2,0,0.260,0.000,0.0000,0,False,False,P,False,77.5,13.63,109550,296.51420,95.29,1.053,7.76,91.0,40.0,0.0
1787957933.0,0.00,728.0,0,0.260,0.000,0.0000,0,False,False,P,False,77.5,13.63,109550,296.51420,95.29,1.146,7.76,91.0,40.0,0.0
1787957933.2,0.00,727.2,0,0.260,0.000,0.0000,0,False,False,P,False,77.5,13.63,109550,296.51420,95.29,1.159,7.76,91.0,41.0,0.0
1787957933.4,0.00,724.0,0,0.260,0.000,0.0000,0,False,False,P,False,77.5,13.63,109550,296.51420,95.29,1.053,7.76,91.0,42.0,0.0
1787957933.6,0.00,724.2,0,0.260,0.000,0.0000,0,False,False,P,False,77.5,13.63,109550,296.51420,95.29,1.078,7.76,91.0,42.0,0.0
1787957933.8,0.00,723.0,0,0.260,0.000,0.0000,0,False,False,P,False,77.5,13.63,109550,296.51420,95.29,1.078,7.76,91.0,42.0,0.0
1787957934.0,0.00,723.5,0,0.260,0.000,0.0000,0,False,False,P,False,77.5,13.63,109550,296.51420,95.29,1.078,7.76,91.0,42.0,0.0
1787957934.2,0.00,718.5,0,0.260,0.000,0.0000,0,False,False,P,False,77.5,13.63,109550,296.51420,95.29,1.078,7.76,91.0,42.0,0.0
1787957934.4,0.00,711.2,0,0.260,0.000,0.0000,0,False,False,P,False,77.5,13.31,109550,296.51420,95.29,1.121,7.76,91.0,43.0,0.0
1787957934.6,0.00,706.2,0,0.260,0.000,0.0000,0,False,False,P,False,77.5,13.31,109550,296.51420,95.29,1.078,7.76,91.0,43.0,0.0
1787957934.8,0.00,703.8,0,0.260,0.000,0.0000,0,False,False,P,False,77.5,13.31,109550,296.51420,95.29,1.172,7.76,91.0,44.0,0.0
1787957935.0,0.00,704.2,0,0.260,0.000,0.0000,0,False,False,P,False,77.5,13.31,109550,296.51420,95.29,1.172,7.76,91.0,44.0,0.0
1787957935.3,0.00,708.8,0,0.260,0.000,0.0000,0,False,False,P,False,77.5,13.31,109550,296.51420,95.29,1.146,7.76,91.0,45.0,0.0
1787957935.5,0.00,719.2,0,0.260,0.000,0.0000,0,False,False,P,False,77.5,13.31,109550,296.51420,95.29,1.159,7.76,91.0,45.0,0.0
1787957935.7,0.00,735.2,0,0.260,0.000,0.0000,0,False,False,P,False,77.5,13.31,109550,296.51420,95.29,1.133,7.76,91.0,45.0,0.0
1787957935.9,0.00,747.2,0,0.260,0.000,0.0000,0,False,False,P,False,77.5,13.31,109550,296.51420,95.29,1.065,7.76,91.0,45.0,0.0
1787957936.1,0.00,745.5,0,0.260,0.000,0.0000,0,False,False,P,False,77.5,13.31,109550,296.51420,95.29,1.053,7.76,91.0,44.0,0.0
1787957936.3,0.00,741.0,0,0.260,0.000,0.0000,0,False,False,P,False,77.5,13.31,109550,296.51420,95.29,1.065,7.76,91.0,43.0,0.0
1787957936.5,0.00,733.5,0,0.260,0.000,0.0000,0,False,False,P,False,77.5,13.31,109550,296.51420,95.29,1.065,7.76,91.0,42.0,0.0
1787957936.7,0.00,725.5,0,0.260,0.000,0.0000,0,False,False,P,False,77.5,13.31,109550,296.51420,95.29,1.065,7.76,91.0,42.0,0.0
1787957936.9,0.00,722.0,0,0.260,0.000,0.0000,0,False,False,P,False,77.5,13.31,109550,296.51420,95.29,1.091,7.76,91.0,42.0,0.0
1787957937.1,0.00,716.2,0,0.260,0.000,0.0000,0,False,False,P,False,77.5,13.31,109550,296.51420,95.29,1.065,7.76,91.0,42.0,0.0
1787957937.3,0.00,714.2,0,0.260,0.000,0.0000,0,False,False,P,False,77.5,13.31,109550,296.51420,95.29,1.078,7.76,91.0,42.0,0.0
1787957937.5,0.00,706.8,0,0.260,0.000,0.0000,0,False,False,P,False,77.5,13.61,109550,296.51420,95.29,1.091,7.76,91.0,42.0,0.0
1787957937.7,0.00,707.0,0,0.260,0.000,0.0000,0,False,False,P,False,77.5,13.61,109550,296.51420,95.29,1.078,7.76,91.0,43.0,0.0
1787957937.9,0.00,709.5,0,0.260,0.000,0.0000,0,False,False,P,False,77.5,13.61,109550,296.51420,95.29,1.104,7.76,91.0,43.0,0.0
1787957938.1,0.00,714.8,0,0.260,0.000,0.0000,0,False,False,P,False,77.5,13.61,109550,296.51420,95.29,1.053,7.76,91.0,43.0,0.0
1787957938.3,0.00,717.5,0,0.260,0.000,0.0000,0,False,False,P,False,77.5,13.61,109550,296.51420,95.29,1.053,7.76,91.0,43.0,0.0
1787957938.5,0.00,718.8,0,0.260,0.000,0.0000,0,False,False,P,False,77.5,13.61,109550,296.51420,95.29,1.065,7.76,91.0,42.0,0.0
1787957938.7,0.00,718.8,0,0.260,0.000,0.0000,0,False,False,P,False,77.5,13.61,109550,296.51420,95.29,1.078,7.76,91.0,42.0,0.0
1787957938.9,0.00,718.2,0,0.260,0.000,0.0000,0,False,False,P,False,77.5,13.61,109550,296.51420,95.29,1.040,7.76,91.0,42.0,0.0
1787957939.1,0.00,716.0,0,0.260,0.000,0.0000,0,False,False,P,False,77.5,13.61,109550,296.51420,95.29,1.065,7.76,91.0,42.0,0.0
1787957939.3,0.00,712.2,0,0.260,0.000,0.0000,0,False,False,P,False,77.5,13.61,109550,296.51420,95.29,1.065,7.76,91.0,42.0,0.0
1787957939.5,0.00,709.5,0,0.260,0.000,0.0000,0,False,False,P,False,77.5,13.61,109550,296.51420,95.29,1.078,7.76,91.0,42.0,0.0
1787957939.7,0.00,710.8,0,0.260,0.000,0.0000,0,False,False,P,False,77.5,13.61,109550,296.51420,95.29,1.065,7.76,91.0,42.0,0.0
1787957939.9,0.00,709.0,0,0.260,0.000,0.0000,0,False,False,P,False,77.5,13.61,109550,296.51420,95.29,1.040,7.76,91.0,42.0,0.0
1787957940.1,0.00,708.2,0,0.260,0.000,0.0000,0,False,False,P,False,77.5,13.61,109550,296.51420,95.29,1.053,7.76,91.0,42.0,0.0
1787957940.3,0.00,704.2,0,0.260,0.000,0.0000,0,False,False,P,False,77.5,13.61,109550,296.51420,95.29,1.040,7.76,91.0,42.0,0.0
1787957940.5,0.00,703.5,0,0.260,0.000,0.0000,0,False,False,P,False,77.5,13.62,109550,296.51420,95.29,1.065,7.76,91.0,42.0,0.0
1787957940.7,0.00,704.5,0,0.260,0.000,0.0000,0,False,False,P,False,77.5,13.62,109550,296.51420,95.29,1.053,7.76,91.0,42.0,0.0
1787957940.9,0.00,704.2,0,0.260,0.000,0.0000,0,False,False,P,False,77.5,13.62,109550,296.51420,95.29,1.065,7.76,91.0,42.0,0.0
1787957941.1,0.00,704.5,0,0.260,0.000,0.0000,0,False,False,P,False,77.5,13.62,109550,296.51420,95.29,1.053,7.76,91.0,42.0,0.0
1787957941.3,0.00,706.5,0,0.260,0.000,0.0000,0,False,False,P,False,77.5,13.62,109550,296.51420,95.29,1.027,7.76,91.0,42.0,0.0
1787957941.5,0.00,705.2,0,0.260,0.000,0.0000,0,False,False,P,False,77.5,13.62,109550,296.51420,95.29,1.053,7.76,91.0,42.0,0.0
1787957941.7,0.00,707.2,0,0.260,0.000,0.0000,0,False,False,P,False,77.5,13.62,109550,296.51420,95.29,1.053,7.76,91.0,42.0,0.0
1787957942.0,0.00,707.5,0,0.260,0.000,0.0000,0,False,False,P,False,77.5,13.62,109550,296.51420,95.29,1.002,7.76,91.0,42.0,0.0
1787957942.2,0.00,704.8,0,0.260,0.000,0.0000,0,False,False,P,False,77.5,13.62,109550,296.51420,95.29,1.053,7.76,91.0,42.0,0.0
1787957942.4,0.00,703.8,0,0.260,0.000,0.0000,0,False,False,P,False,77.5,13.62,109550,296.51420,95.29,1.040,7.76,91.0,42.0,0.0
1787957942.6,0.00,704.5,0,0.260,0.000,0.0000,0,False,False,P,False,77.5,13.62,109550,296.51420,95.29,0.989,7.76,91.0,42.0,0.0
1787957942.8,0.00,696.0,0,0.260,0.000,0.0000,0,False,False,P,False,77.5,13.62,109550,296.51420,95.29,0.777,7.76,91.0,41.0,0.0
1787957943.0,0.00,714.8,0,0.260,0.000,0.0000,0,False,False,P,False,77.5,13.62,109550,296.51420,95.29,0.777,7.76,91.0,39.0,0.0
1787957943.2,0.00,749.0,0,0.260,0.000,0.0000,0,False,False,P,False,77.5,13.62,109550,296.51420,95.29,0.764,7.76,91.0,37.0,0.0
1787957943.4,0.00,750.0,0,0.260,0.000,0.0000,0,False,False,P,False,77.5,13.62,109550,296.51420,95.29,0.743,7.76,91.0,35.0,0.0
1787957943.6,0.00,750.5,0,0.260,0.000,0.0000,0,False,False,P,False,77.5,13.78,109550,296.51420,95.29,0.734,7.76,91.0,34.0,0.0
1787957943.8,0.00,733.0,0,0.260,0.000,0.0000,0,False,False,P,False,77.5,13.78,109550,296.51420,95.29,0.705,7.76,91.0,32.0,0.0
1787957944.0,0.00,723.0,0,0.260,0.000,0.0000,0,False,False,P,False,77.5,13.78,109550,296.51420,95.29,0.726,7.76,91.0,32.0,0.0
1787957944.2,0.00,719.8,0,0.260,0.000,0.0000,0,False,False,P,False,77.5,13.78,109550,296.51420,95.29,0.705,7.76,91.0,31.0,0.0
1787957944.4,0.00,717.2,0,0.260,0.000,0.0000,0,False,False,P,False,77.5,13.78,109550,296.51420,95.29,0.696,7.76,91.0,31.0,0.0
1787957944.6,0.00,707.2,0,0.260,0.000,0.0000,0,False,False,P,False,77.5,13.78,109550,296.51420,95.29,0.726,7.76,91.0,31.0,0.0
1787957944.8,0.00,700.2,0,0.260,0.000,0.0000,0,False,False,P,False,77.5,13.78,109550,296.51420,95.29,0.726,7.76,91.0,31.0,0.0
1787957945.0,0.00,704.8,0,0.260,0.000,0.0000,0,False,False,P,False,77.5,13.78,109550,296.51420,95.29,0.743,7.76,91.0,31.0,0.0
1787957945.2,0.00,710.0,0,0.260,0.000,0.0000,0,False,False,P,False,77.5,13.78,109550,296.51420,95.29,0.713,7.76,91.0,31.0,0.0
1787957945.4,0.00,712.2,0,0.260,0.000,0.0000,0,False,False,P,False,77.5,13.78,109550,296.51420,95.29,0.726,7.76,91.0,31.0,0.0
1787957945.6,0.00,707.8,0,0.260,0.000,0.0000,0,False,False,P,False,77.5,13.78,109550,296.51420,95.29,0.713,7.76,91.0,31.0,0.0
1787957945.8,0.00,709.5,0,0.260,0.000,0.0000,0,False,False,P,False,77.5,13.78,109550,296.51420,95.29,0.726,7.76,91.0,31.0,0.0
1787957946.0,0.00,708.0,0,0.260,0.000,0.0000,0,False,False,P,False,77.5,13.78,109550,296.51420,95.29,0.713,7.76,91.0,31.0,0.0
1787957946.2,0.00,711.2,0,0.260,0.000,0.0000,0,False,False,P,False,77.5,13.78,109550,296.51420,95.29,0.734,7.76,91.0,31.0,0.0
1787957946.4,0.00,713.0,0,0.260,0.000,0.0000,0,False,False,P,False,77.5,13.78,109550,296.51420,95.29,0.713,7.76,91.0,31.0,0.0
1787957946.6,0.00,711.0,0,0.260,0.000,0.0000,0,False,False,P,False,77.5,13.63,109550,296.51420,95.29,0.713,7.76,91.0,31.0,0.0
1787957946.8,0.00,713.2,0,0.260,0.000,0.0000,0,False,False,P,False,77.5,13.63,109550,296.51420,95.29,0.705,7.76,91.0,30.0,0.0
1787957947.0,0.00,710.8,0,0.260,0.000,0.0000,0,False,False,P,False,77.5,13.63,109550,296.51420,95.29,0.726,7.76,91.0,30.0,0.0
1787957947.2,0.00,712.2,0,0.260,0.000,0.0000,0,False,False,P,False,77.5,13.64,109550,296.51420,95.29,0.713,7.76,91.0,30.0,0.0
1787957947.4,0.00,709.0,0,0.260,0.000,0.0000,0,False,False,P,False,77.5,13.64,109550,296.51420,95.29,0.713,7.76,91.0,30.0,0.0
1787957947.6,0.00,714.5,0,0.260,0.000,0.0000,0,False,False,P,False,77.5,13.64,109550,296.51420,95.29,0.734,7.76,91.0,30.0,0.0
1787957947.8,0.00,715.2,0,0.260,0.000,0.0000,0,False,False,P,False,77.5,13.64,109550,296.51420,95.29,0.713,7.76,91.0,30.0,0.0
1787957948.0,0.00,712.0,0,0.260,0.000,0.0000,0,False,False,P,False,77.5,13.64,109550,296.51420,95.29,0.713,7.76,91.0,30.0,0.0
1787957948.2,0.00,706.8,0,0.260,0.000,0.0000,0,False,False,P,False,77.5,13.64,109550,296.51420,95.29,0.713,7.76,91.0,30.0,0.0
1787957948.4,0.00,709.2,0,0.260,0.000,0.0000,0,False,False,P,False,77.5,13.64,109550,296.51420,95.29,0.726,7.76,91.0,30.0,0.0
1787957948.7,0.00,707.2,0,0.260,0.000,0.0000,0,False,False,P,False,77.5,13.64,109550,296.51420,95.29,0.705,7.76,91.0,31.0,0.0
1787957948.9,0.00,708.2,0,0.260,0.000,0.0000,0,False,False,P,False,77.5,13.64,109550,296.51420,95.29,0.726,7.76,91.0,31.0,0.0
1787957949.1,0.00,710.2,0,0.260,0.000,0.0000,0,False,False,P,False,77.5,13.64,109550,296.51420,95.29,0.713,7.76,91.0,31.0,0.0
1787957949.3,0.00,707.2,0,0.260,0.000,0.0000,0,False,False,P,False,77.5,13.64,109550,296.51420,95.29,0.713,7.76,91.0,31.0,0.0
1787957949.5,0.00,709.5,0,0.260,0.000,0.0000,0,False,False,P,False,77.5,13.64,109550,296.51420,95.29,0.726,7.76,91.0,31.0,0.0
1787957949.7,0.00,709.2,0,0.260,0.000,0.0000,0,False,False,P,False,77.5,13.64,109550,296.51420,95.29,0.713,7.76,91.0,31.0,0.0
1787957949.9,0.00,709.2,0,0.260,0.000,0.0000,0,False,False,P,False,77.5,13.63,109550,296.51420,95.29,0.726,7.76,91.0,30.0,0.0
1787957950.1,0.00,711.5,0,0.260,0.000,0.0000,0,False,False,P,False,77.5,13.63,109550,296.51420,95.29,0.705,7.76,91.0,31.0,0.0
1787957950.3,0.00,711.5,0,0.260,0.000,0.0000,0,False,False,P,False,77.5,13.63,109550,296.51420,95.29,0.726,7.76,91.0,30.0,0.0
1787957950.5,0.00,711.8,0,0.260,0.000,0.0000,0,False,False,P,False,77.5,13.63,109550,296.51420,95.29,0.713,7.76,91.0,30.0,0.0
1787957950.7,0.00,712.5,0,0.260,0.000,0.0000,0,False,False,P,False,77.5,13.63,109550,296.51420,95.29,0.705,7.76,91.0,30.0,0.0
1787957950.9,0.00,713.8,0,0.260,0.000,0.0000,0,False,False,P,False,77.5,13.63,109550,296.51420,95.29,0.713,7.76,91.0,30.0,0.0
1787957951.1,0.00,711.8,0,0.260,0.000,0.0000,0,False,False,P,False,77.5,13.63,109550,296.51420,95.29,0.713,7.76,91.0,30.0,0.0
1787957951.3,0.00,713.2,0,0.260,0.000,0.0000,0,False,False,P,False,77.5,13.63,109550,296.51420,95.29,0.726,7.76,91.0,30.0,0.0
1787957951.5,0.00,709.8,0,0.260,0.000,0.0000,0,False,False,P,False,77.5,13.63,109550,296.51420,95.29,0.713,7.76,91.0,30.0,0.0
1787957951.7,0.00,709.5,0,0.260,0.000,0.0000,0,False,False,P,False,77.5,13.63,109550,296.51420,95.29,0.705,7.76,91.0,30.0,0.0
1787957951.9,0.00,707.0,0,0.260,0.000,0.0000,0,False,False,P,False,77.5,13.63,109550,296.51420,95.29,0.713,7.76,91.0,30.0,0.0
1787957952.1,0.00,706.0,0,0.260,0.000,0.0000,0,False,False,P,False,77.5,13.63,109550,296.51420,95.29,0.705,7.76,91.0,30.0,0.0
1787957952.3,0.00,707.2,0,0.260,0.000,0.0000,0,False,False,P,False,77.5,13.63,109550,296.51420,95.29,0.713,7.76,91.0,30.0,0.0
1787957952.5,0.00,705.5,0,0.260,0.000,0.0000,0,False,False,P,False,77.5,13.63,109550,296.51420,95.29,0.726,7.76,91.0,30.0,0.0
1787957952.7,0.00,703.2,0,0.260,0.000,0.0000,0,False,False,P,False,77.5,13.63,109550,296.51420,95.29,0.726,7.76,91.0,30.0,0.0
1787957952.9,0.00,707.5,0,0.260,0.000,0.0000,0,False,False,P,False,77.5,13.64,109550,296.51420,95.29,0.696,7.76,91.0,31.0,0.0
1787957953.1,0.00,707.5,0,0.260,0.000,0.0000,0,False,False,P,False,77.5,13.64,109550,296.51420,95.29,0.705,7.76,91.0,30.0,0.0
1787957953.3,0.00,707.2,0,0.260,0.000,0.0000,0,False,False,P,False,77.5,13.64,109550,296.51420,95.29,0.726,7.76,91.0,30.0,0.0
1787957953.5,0.00,709.0,0,0.260,0.000,0.0000,0,False,False,P,False,77.5,13.64,109550,296.51420,95.29,0.705,7.76,91.0,30.0,0.0
1787957953.7,0.00,706.5,0,0.260,0.000,0.0000,0,False,False,P,False,77.5,13.64,109550,296.51420,95.29,0.713,7.76,91.0,30.0,0.0
1787957953.9,0.00,708.2,0,0.260,0.000,0.0000,0,False,False,P,False,77.5,13.64,109550,296.51420,95.29,0.713,7.76,91.0,30.0,0.0
1787957954.1,0.00,711.8,0,0.260,0.000,0.0000,0,False,False,P,False,77.5,13.64,109550,296.51420,95.29,0.705,7.76,91.0,30.0,0.0
1787957954.4,0.00,711.8,0,0.260,0.000,0.0000,0,False,False,P,False,77.5,13.64,109550,296.51420,95.29,0.705,7.76,91.0,30.0,0.0
1787957954.6,0.00,709.8,0,0.260,0.000,0.0000,0,False,False,P,False,77.5,13.64,109550,296.51420,95.29,0.705,7.76,91.0,30.0,0.0
1787957954.8,0.00,708.2,0,0.260,0.000,0.0000,0,False,False,P,False,77.5,13.64,109550,296.51420,95.29,0.696,7.76,91.0,30.0,0.0
1787957955.0,0.00,707.2,0,0.260,0.000,0.0000,0,False,False,P,False,77.5,13.64,109550,296.51420,95.29,0.726,7.76,91.0,30.0,0.0
1787957955.2,0.00,710.8,0,0.260,0.000,0.0000,0,False,False,P,False,77.5,13.64,109550,296.51420,95.29,0.713,7.76,91.0,30.0,0.0
1787957955.4,0.00,711.2,0,0.260,0.000,0.0000,0,False,False,P,False,77.5,13.64,109550,296.51420,95.29,0.713,7.76,91.0,30.0,0.0
1787957955.6,0.00,711.8,0,0.260,0.000,0.0000,0,False,False,P,False,77.5,13.64,109550,296.51420,95.29,0.696,7.76,91.0,30.0,0.0
1787957955.8,0.00,709.2,0,0.260,0.000,0.0000,0,False,False,P,False,77.5,13.64,109550,296.51420,95.29,0.713,7.76,91.0,30.0,0.0
1787957956.0,0.00,707.2,0,0.260,0.000,0.0000,0,False,False,P,False,77.5,13.63,109550,296.51420,95.29,0.713,7.76,91.0,30.0,0.0
1787957956.2,0.00,709.8,0,0.260,0.000,0.0000,0,False,False,P,False,76.6,13.63,109550,296.51420,95.29,0.705,7.76,91.0,30.0,0.0
1787957956.4,0.00,709.2,0,0.260,0.000,0.0000,0,False,False,P,False,76.6,13.63,109550,296.51420,95.29,0.713,7.76,91.0,30.0,0.0
1787957956.6,0.00,707.8,0,0.260,0.000,0.0000,0,False,False,P,False,76.6,13.63,109550,296.51420,95.29,0.713,7.76,91.0,30.0,0.0
1787957956.8,0.00,710.2,0,0.260,0.000,0.0000,0,False,False,P,False,76.6,13.63,109550,296.51420,95.29,0.713,7.76,91.0,30.0,0.0
1787957957.0,0.00,706.5,0,0.260,0.000,0.0000,0,False,False,P,False,76.6,13.63,109550,296.51420,95.29,0.705,7.76,91.0,30.0,0.0
1787957957.2,0.00,702.8,0,0.260,0.000,0.0000,0,False,False,P,False,76.6,13.63,109550,296.51420,95.29,1.872,7.76,91.0,31.0,0.0
1787957957.4,0.00,771.2,0,0.260,0.000,0.0000,0,False,False,P,False,76.6,13.63,109550,296.51420,95.29,1.027,7.76,91.0,36.0,0.0
1787957957.6,0.00,774.8,0,0.260,0.000,0.0000,0,False,False,P,False,76.6,13.63,109550,296.51420,95.29,0.964,7.76,91.0,38.0,0.0
1787957957.8,0.00,739.8,0,0.260,0.000,0.0000,0,False,False,P,False,76.6,13.63,109550,296.51420,95.29,1.201,7.76,91.0,39.0,0.0
1787957958.0,0.00,739.5,0,0.260,0.000,0.0000,0,False,False,P,False,76.6,13.63,109550,296.51420,95.29,1.201,7.76,91.0,40.0,0.0
1787957958.2,0.00,731.0,0,0.260,0.000,0.0000,0,False,False,P,False,76.6,13.39,109550,296.51420,95.29,1.159,7.76,91.0,41.0,0.0
1787957958.4,0.00,735.2,0,0.260,0.000,0.0000,0,False,False,P,False,76.6,13.39,109550,296.51420,95.29,1.091,7.76,91.0,42.0,0.0
1787957958.6,0.00,730.8,0,0.260,0.000,0.0000,0,False,False,P,False,76.6,13.39,109550,296.51420,95.29,1.078,7.76,91.0,42.0,0.0
1787957958.8,0.00,729.0,0,0.260,0.000,0.0000,0,False,False,P,False,76.6,13.39,109550,296.51420,95.29,1.053,7.76,91.0,42.0,0.0
1787957959.0,0.00,724.5,0,0.260,0.000,0.0000,0,False,False,P,False,76.6,13.26,109550,296.51420,95.29,1.065,7.76,91.0,42.0,0.0
1787957959.2,0.00,720.8,0,0.260,0.000,0.0000,0,False,False,P,False,76.6,13.27,109550,296.51420,95.29,1.104,7.76,91.0,42.0,0.0
1787957959.4,0.00,716.2,0,0.260,0.000,0.0000,0,False,False,P,False,76.6,13.27,109550,296.51420,95.29,1.104,7.76,91.0,42.0,0.0
1787957959.6,0.00,709.8,0,0.260,0.000,0.0000,0,False,False,P,False,76.6,13.27,109550,296.51420,95.29,1.104,7.76,91.0,43.0,0.0
1787957959.8,0.00,703.0,0,0.260,0.000,0.0000,0,False,False,P,False,76.6,13.27,109550,296.51420,95.29,1.104,7.76,91.0,43.0,0.0
1787957960.0,0.00,702.8,0,0.260,0.000,0.0000,0,False,False,P,False,76.6,13.27,109550,296.51420,95.29,1.133,7.76,91.0,44.0,0.0
1787957960.2,0.00,706.5,0,0.260,0.000,0.0000,0,False,False,P,False,76.6,13.27,109550,296.51420,95.29,1.133,7.76,91.0,45.0,0.0
1787957960.4,0.00,717.2,0,0.260,0.000,0.0000,0,False,False,P,False,76.6,13.27,109550,296.51420,95.29,1.146,7.76,91.0,45.0,0.0
1787957960.7,0.00,727.2,0,0.260,0.000,0.0000,0,False,False,P,False,76.6,13.27,109550,296.51420,95.29,1.133,7.76,91.0,45.0,0.0
1787957960.9,0.00,740.5,0,0.260,0.000,0.0000,0,False,False,P,False,76.6,13.27,109550,296.51420,95.29,1.121,7.76,91.0,45.0,0.0
1787957961.1,0.00,746.5,0,0.260,0.000,0.0000,0,False,False,P,False,76.6,13.27,109550,296.51420,95.29,1.091,7.76,91.0,44.0,0.0
1787957961.3,0.00,744.5,0,0.260,0.000,0.0000,0,False,False,P,False,76.6,13.27,109550,296.51420,95.29,1.078,7.76,91.0,44.0,0.0
1787957961.5,0.00,735.0,0,0.260,0.000,0.0000,0,False,False,P,False,76.6,13.27,109550,296.51420,95.29,1.040,7.76,91.0,44.0,0.0
1787957961.7,0.00,730.8,0,0.260,0.000,0.0000,0,False,False,P,False,76.6,13.27,109550,296.51420,95.29,1.078,7.76,91.0,42.0,0.0
1787957961.9,0.00,725.2,0,0.260,0.000,0.0000,0,False,False,P,False,76.6,13.27,109550,296.51420,95.29,1.040,7.76,91.0,42.0,0.0
1787957962.1,0.00,718.8,0,0.260,0.000,0.0000,0,False,False,P,False,76.6,13.60,109550,296.51420,95.29,1.065,7.76,91.0,42.0,0.0
1787957962.3,0.00,709.8,0,0.260,0.000,0.0000,0,False,False,P,False,76.6,13.60,109550,296.51420,95.29,1.091,7.76,91.0,42.0,0.0
1787957962.5,0.00,707.0,0,0.260,0.000,0.0000,0,False,False,P,False,76.6,13.60,109550,296.51420,95.29,1.065,7.76,91.0,42.0,0.0
1787957962.7,0.00,704.2,0,0.260,0.000,0.0000,0,False,False,P,False,76.6,13.60,109550,296.51420,95.29,1.053,7.76,91.0,42.0,0.0
1787957962.9,0.00,706.8,0,0.260,0.000,0.0000,0,False,False,P,False,76.6,13.60,109550,296.51420,95.29,1.053,7.76,91.0,43.0,0.0
1787957963.1,0.00,709.5,0,0.260,0.000,0.0000,0,False,False,P,False,76.6,13.60,109550,296.51420,95.29,1.053,7.76,91.0,43.0,0.0
1787957963.3,0.00,712.5,0,0.260,0.000,0.0000,0,False,False,P,False,76.6,13.60,109550,296.51420,95.29,1.078,7.76,91.0,43.0,0.0
1787957963.5,0.00,716.0,0,0.260,0.000,0.0000,0,False,False,P,False,76.6,13.60,109550,296.51420,95.29,1.040,7.76,91.0,43.0,0.0
1787957963.7,0.00,718.0,0,0.260,0.000,0.0000,0,False,False,P,False,76.6,13.60,109550,296.51420,95.29,1.078,7.76,91.0,42.0,0.0
1787957963.9,0.00,717.5,0,0.260,0.000,0.0000,0,False,False,P,False,76.6,13.60,109550,296.51420,95.29,1.053,7.76,91.0,42.0,0.0
1787957964.1,0.00,713.0,0,0.260,0.000,0.0000,0,False,False,P,False,76.6,13.60,109550,296.51420,95.29,1.091,7.76,91.0,42.0,0.0
1787957964.3,0.00,710.2,0,0.260,0.000,0.0000,0,False,False,P,False,76.6,13.60,109550,296.51420,95.29,1.053,7.76,91.0,42.0,0.0
1787957964.5,0.00,707.0,0,0.260,0.000,0.0000,0,False,False,P,False,76.6,13.60,109550,296.51420,95.29,1.040,7.76,91.0,42.0,0.0
1787957964.7,0.00,705.2,0,0.260,0.000,0.0000,0,False,False,P,False,76.6,13.60,109550,296.51420,95.29,1.053,7.76,91.0,42.0,0.0
1787957964.9,0.00,703.0,0,0.260,0.000,0.0000,0,False,False,P,False,76.6,13.60,109550,296.51420,95.29,1.065,7.76,91.0,42.0,0.0
1787957965.1,0.00,702.5,0,0.260,0.000,0.0000,0,False,False,P,False,76.6,13.60,109550,296.51420,95.29,1.040,7.76,91.0,42.0,0.0
1787957965.3,0.00,703.8,0,0.260,0.000,0.0000,0,False,False,P,False,76.6,13.61,109550,296.51420,95.29,1.078,7.76,91.0,42.0,0.0
1787957965.5,0.00,704.8,0,0.260,0.000,0.0000,0,False,False,P,False,76.6,13.61,109550,296.51420,95.29,1.040,7.76,91.0,43.0,0.0
1787957965.7,0.00,704.2,0,0.260,0.000,0.0000,0,False,False,P,False,76.6,13.61,109550,296.51420,95.29,1.027,7.76,91.0,42.0,0.0
1787957965.9,0.00,705.5,0,0.260,0.000,0.0000,0,False,False,P,False,76.6,13.61,109550,296.51420,95.29,1.027,7.76,91.0,42.0,0.0
1787957966.1,0.00,705.8,0,0.260,0.000,0.0000,0,False,False,P,False,76.6,13.63,109550,296.51420,95.29,1.027,7.76,91.0,42.0,0.0
1787957966.3,0.00,705.2,0,0.260,0.000,0.0000,0,False,False,P,False,76.6,13.63,109550,296.51420,95.29,1.040,7.76,91.0,42.0,0.0
1787957966.5,0.00,704.2,0,0.260,0.000,0.0000,0,False,False,P,False,76.6,13.63,109550,296.51420,95.29,1.040,7.76,91.0,42.0,0.0
1787957966.8,0.00,702.5,0,0.260,0.000,0.0000,0,False,False,P,False,76.6,13.63,109550,296.51420,95.29,1.065,7.76,91.0,42.0,0.0
1787957967.0,0.00,700.8,0,0.260,0.000,0.0000,0,False,False,P,False,76.6,13.63,109550,296.51420,95.29,1.040,7.76,91.0,42.0,0.0
1787957967.2,0.00,700.5,0,0.260,0.000,0.0000,0,False,False,P,False,76.6,13.62,109550,296.51420,95.29,1.040,7.76,91.0,42.0,0.0
1787957967.4,0.00,699.8,0,0.260,0.000,0.0000,0,False,False,P,False,76.6,13.62,109550,296.51420,95.29,1.040,7.76,91.0,42.0,0.0
1787957967.6,0.00,699.5,0,0.260,0.000,0.0000,0,False,False,P,False,76.6,13.62,109550,296.51420,95.29,1.053,7.76,91.0,42.0,0.0
1787957967.8,0.00,699.8,0,0.260,0.000,0.0000,0,False,False,P,False,76.6,13.62,109550,296.51420,95.29,1.040,7.76,91.0,42.0,0.0
1787957968.0,0.00,700.8,0,0.260,0.000,0.0000,0,False,False,P,False,76.6,13.62,109550,296.51420,95.29,1.027,7.76,91.0,42.0,0.0
1787957968.2,0.00,692.8,0,0.260,0.000,0.0000,0,False,False,P,False,76.6,13.62,109550,296.51420,95.29,0.777,7.76,91.0,41.0,0.0
1787957968.4,0.00,709.0,0,0.260,0.000,0.0000,0,False,False,P,False,76.6,13.62,109550,296.51420,95.29,0.743,7.76,91.0,38.0,0.0
1787957968.6,0.00,751.8,0,0.260,0.000,0.0000,0,False,False,P,False,76.6,13.62,109550,296.51420,95.29,0.756,7.76,91.0,37.0,0.0
1787957968.8,0.00,747.0,0,0.260,0.000,0.0000,0,False,False,P,False,76.6,13.62,109550,296.51420,95.29,0.743,7.76,91.0,35.0,0.0
1787957969.0,0.00,745.2,0,0.260,0.000,0.0000,0,False,False,P,False,76.6,13.62,109550,296.51420,95.29,0.705,7.76,91.0,34.0,0.0
1787957969.2,0.00,737.5,0,0.260,0.000,0.0000,0,False,False,P,False,76.6,13.62,109550,296.51420,95.29,0.683,7.76,91.0,33.0,0.0
1787957969.4,0.00,729.0,0,0.260,0.000,0.0000,0,False,False,P,False,76.6,13.62,109550,296.51420,95.29,0.705,7.76,91.0,32.0,0.0
1787957969.6,0.00,722.0,0,0.260,0.000,0.0000,0,False,False,P,False,76.6,13.62,109550,296.51420,95.29,0.713,7.76,91.0,31.0,0.0
1787957969.8,0.00,715.0,0,0.260,0.000,0.0000,0,False,False,P,False,76.6,13.62,109550,296.51420,95.29,0.726,7.76,91.0,31.0,0.0
1787957970.0,0.00,708.5,0,0.260,0.000,0.0000,0,False,False,P,False,76.6,13.62,109550,296.51420,95.29,0.726,7.76,91.0,31.0,0.0
1787957970.2,0.00,699.2,0,0.260,0.000,0.0000,0,False,False,P,False,76.6,13.62,109550,296.51420,95.29,0.713,7.76,91.0,31.0,0.0
1787957970.4,0.00,702.2,0,0.260,0.000,0.0000,0,False,False,P,False,76.6,13.62,109550,296.51420,95.29,0.713,7.76,91.0,31.0,0.0
1787957970.6,0.00,704.2,0,0.260,0.000,0.0000,0,False,False,P,False,76.6,13.62,109550,296.51420,95.29,0.713,7.76,91.0,31.0,0.0
1787957970.8,0.00,708.0,0,0.260,0.000,0.0000,0,False,False,P,False,76.6,13.62,109550,296.51420,95.29,0.713,7.76,91.0,31.0,0.0
1787957971.0,0.00,711.0,0,0.260,0.000,0.0000,0,False,False,P,False,76.6,13.62,109550,296.51420,95.29,0.713,7.76,91.0,31.0,0.0
1787957971.2,0.00,711.0,0,0.260,0.000,0.0000,0,False,False,P,False,76.6,13.66,109550,296.51420,95.29,0.713,7.76,91.0,31.0,0.0
1787957971.4,0.00,715.2,0,0.260,0.000,0.0000,0,False,False,P,False,76.6,13.65,109550,296.51420,95.29,0.726,7.76,91.0,31.0,0.0
1787957971.6,0.00,710.8,0,0.260,0.000,0.0000,0,False,False,P,False,76.6,13.65,109550,296.51420,95.29,0.726,7.76,91.0,31.0,0.0
1787957971.8,0.00,713.8,0,0.260,0.000,0.0000,0,False,False,P,False,76.6,13.65,109550,296.51420,95.29,0.734,7.76,91.0,30.0,0.0
1787957972.0,0.00,711.0,0,0.260,0.000,0.0000,0,False,False,P,False,76.6,13.65,109550,296.51420,95.29,0.726,7.76,91.0,30.0,0.0
1787957972.2,0.00,711.8,0,0.260,0.000,0.0000,0,False,False,P,False,76.6,13.65,109550,296.51420,95.29,0.713,7.76,91.0,31.0,0.0
1787957972.4,0.00,710.8,0,0.260,0.000,0.0000,0,False,False,P,False,76.6,13.65,109550,296.51420,95.29,0.726,7.76,91.0,30.0,0.0
1787957972.6,0.00,712.2,0,0.260,0.000,0.0000,0,False,False,P,False,76.6,13.65,109550,296.51420,95.29,0.713,7.76,91.0,30.0,0.0
1787957972.9,0.00,713.5,0,0.260,0.000,0.0000,0,False,False,P,False,76.6,13.65,109550,296.51420,95.29,0.726,7.76,91.0,31.0,0.0
1787957973.1,0.00,713.0,0,0.260,0.000,0.0000,0,False,False,P,False,76.6,13.64,109550,296.51420,95.29,0.726,7.76,91.0,30.0,0.0
1787957973.3,0.00,706.5,0,0.260,0.000,0.0000,0,False,False,P,False,76.6,13.64,109550,296.51420,95.29,0.713,7.76,91.0,30.0,0.0
1787957973.5,0.00,710.2,0,0.260,0.000,0.0000,0,False,False,P,False,76.6,13.64,109550,296.51420,95.29,0.713,7.76,91.0,30.0,0.0
1787957973.7,0.00,710.0,0,0.260,0.000,0.0000,0,False,False,P,False,76.6,13.64,109550,296.51420,95.29,0.726,7.76,91.0,30.0,0.0
1787957973.9,0.00,708.0,0,0.260,0.000,0.0000,0,False,False,P,False,76.6,13.64,109550,296.51420,95.29,0.713,7.76,91.0,30.0,0.0
1787957974.1,0.00,708.0,0,0.260,0.000,0.0000,0,False,False,P,False,76.6,13.64,109550,296.51420,95.29,0.705,7.76,91.0,30.0,0.0
1787957974.3,0.00,706.2,0,0.260,0.000,0.0000,0,False,False,P,False,76.6,13.64,109550,296.51420,95.29,0.713,7.76,91.0,31.0,0.0
1787957974.5,0.00,705.5,0,0.260,0.000,0.0000,0,False,False,P,False,76.6,13.63,109550,296.51420,95.29,0.713,7.76,91.0,31.0,0.0
1787957974.7,0.00,707.0,0,0.260,0.000,0.0000,0,False,False,P,False,76.6,13.63,109550,296.51420,95.29,0.726,7.76,91.0,31.0,0.0
1787957974.9,0.00,706.2,0,0.260,0.000,0.0000,0,False,False,P,False,76.6,13.63,109550,296.51420,95.29,0.705,7.76,91.0,31.0,0.0
1787957975.1,0.00,708.0,0,0.260,0.000,0.0000,0,False,False,P,False,76.6,13.63,109550,296.51420,95.29,0.705,7.76,91.0,31.0,0.0
1787957975.3,0.00,709.5,0,0.260,0.000,0.0000,0,False,False,P,False,76.6,13.63,109550,296.51420,95.29,0.713,7.76,91.0,31.0,0.0
1787957975.5,0.00,709.8,0,0.260,0.000,0.0000,0,False,False,P,False,76.6,13.63,109550,296.51420,95.29,0.696,7.76,91.0,30.0,0.0
1787957975.7,0.00,711.2,0,0.260,0.000,0.0000,0,False,False,P,False,76.6,13.63,109550,296.51420,95.29,0.705,7.76,91.0,30.0,0.0
1787957975.9,0.00,711.8,0,0.260,0.000,0.0000,0,False,False,P,False,76.6,13.63,109550,296.51420,95.29,0.713,7.76,91.0,30.0,0.0
1787957976.1,0.00,710.5,0,0.260,0.000,0.0000,0,False,False,P,False,76.6,13.63,109550,296.51420,95.29,0.705,7.76,91.0,30.0,0.0
1787957976.3,0.00,710.8,0,0.260,0.000,0.0000,0,False,False,P,False,76.6,13.63,109550,296.51420,95.29,0.705,7.76,91.0,30.0,0.0
1787957976.5,0.00,707.8,0,0.260,0.000,0.0000,0,False,False,P,False,76.6,13.63,109550,296.51420,95.29,0.705,7.76,91.0,30.0,0.0
1787957976.7,0.00,712.2,0,0.260,0.000,0.0000,0,False,False,P,False,76.6,13.63,109550,296.51420,95.29,0.705,7.76,91.0,30.0,0.0
1787957976.9,0.00,708.8,0,0.260,0.000,0.0000,0,False,False,P,False,76.6,13.63,109550,296.51420,95.29,0.726,7.76,91.0,30.0,0.0
1787957977.1,0.00,705.5,0,0.260,0.000,0.0000,0,False,False,P,False,76.6,13.63,109550,296.51420,95.29,0.705,7.76,91.0,30.0,0.0
1787957977.3,0.00,702.2,0,0.260,0.000,0.0000,0,False,False,P,False,76.6,13.63,109550,296.51420,95.29,0.713,7.76,91.0,30.0,0.0
1787957977.5,0.00,706.2,0,0.260,0.000,0.0000,0,False,False,P,False,76.6,13.63,109550,296.51420,95.29,0.726,7.76,91.0,30.0,0.0
1787957977.7,0.00,703.8,0,0.260,0.000,0.0000,0,False,False,P,False,76.6,13.63,109550,296.51420,95.29,0.705,7.76,91.0,30.0,0.0
1787957977.9,0.00,703.0,0,0.260,0.000,0.0000,0,False,False,P,False,76.6,13.63,109550,296.51420,95.29,0.705,7.76,91.0,30.0,0.0
1787957978.1,0.00,707.8,0,0.260,0.000,0.0000,0,False,False,P,False,76.6,13.63,109550,296.51420,95.29,0.726,7.76,91.0,30.0,0.0
1787957978.3,0.00,709.2,0,0.260,0.000,0.0000,0,False,False,P,False,76.6,13.63,109550,296.51420,95.29,0.713,7.76,91.0,31.0,0.0
1787957978.5,0.00,707.5,0,0.260,0.000,0.0000,0,False,False,P,False,76.6,13.63,109550,296.51420,95.29,0.713,7.76,91.0,30.0,0.0
1787957978.8,0.00,709.0,0,0.260,0.000,0.0000,0,False,False,P,False,76.6,13.63,109550,296.51420,95.29,0.726,7.76,91.0,30.0,0.0
1787957979.0,0.00,710.2,0,0.260,0.000,0.0000,0,False,False,P,False,76.6,13.63,109550,296.51420,95.29,0.683,7.76,91.0,30.0,0.0
1787957979.2,0.00,709.5,0,0.260,0.000,0.0000,0,False,False,P,False,76.6,13.63,109550,296.51420,95.29,0.713,7.76,91.0,30.0,0.0
1787957979.4,0.00,710.2,0,0.260,0.000,0.0000,0,False,False,P,False,76.6,13.63,109550,296.51420,95.29,0.726,7.76,91.0,30.0,0.0
1787957979.6,0.00,711.2,0,0.260,0.000,0.0000,0,False,False,P,False,76.6,13.63,109550,296.51420,95.29,0.705,7.76,91.0,30.0,0.0
1787957979.8,0.00,712.8,0,0.260,0.000,0.0000,0,False,False,P,False,76.6,13.63,109550,296.51420,95.29,0.696,7.76,91.0,30.0,0.0
1787957980.0,0.00,709.0,0,0.260,0.000,0.0000,0,False,False,P,False,76.6,13.63,109550,296.51420,95.29,0.713,7.76,91.0,30.0,0.0
1787957980.2,0.00,707.0,0,0.260,0.000,0.0000,0,False,False,P,False,76.6,13.63,109550,296.51420,95.29,0.713,7.76,91.0,30.0,0.0
1787957980.4,0.00,707.2,0,0.260,0.000,0.0000,0,False,False,P,False,76.6,13.63,109550,296.51420,95.29,0.705,7.76,91.0,30.0,0.0
1787957980.6,0.00,708.0,0,0.260,0.000,0.0000,0,False,False,P,False,76.6,13.63,109550,296.51420,95.29,0.713,7.76,91.0,30.0,0.0
1787957980.8,0.00,707.2,0,0.260,0.000,0.0000,0,False,False,P,False,76.6,13.64,109550,296.51420,95.29,0.726,7.76,91.0,30.0,0.0
1787957981.0,0.00,707.8,0,0.260,0.000,0.0000,0,False,False,P,False,76.6,13.64,109550,296.51420,95.29,0.696,7.76,91.0,30.0,0.0
1787957981.2,0.00,703.8,0,0.260,0.000,0.0000,0,False,False,P,False,76.6,13.64,109550,296.51420,95.29,0.713,7.76,91.0,30.0,0.0
1787957981.4,0.00,705.8,0,0.260,0.000,0.0000,0,False,False,P,False,76.6,13.64,109550,296.51420,95.29,0.713,7.76,91.0,30.0,0.0
1787957981.6,0.00,701.8,0,0.260,0.000,0.0000,0,False,False,P,False,76.6,13.64,109550,296.51420,95.29,0.705,7.76,91.0,30.0,0.0
1787957981.8,0.00,701.5,0,0.260,0.000,0.0000,0,False,False,P,False,76.6,13.64,109550,296.51420,95.29,0.705,7.76,91.0,30.0,0.0
1787957982.0,0.00,704.5,0,0.260,0.000,0.0000,0,False,False,P,False,76.6,13.64,109550,296.51420,95.29,0.713,7.76,91.0,31.0,0.0
1787957982.2,0.00,705.8,0,0.260,0.000,0.0000,0,False,False,P,False,76.6,13.64,109550,296.51420,95.29,0.726,7.76,91.0,30.0,0.0
1787957982.4,0.00,709.2,0,0.260,0.000,0.0000,0,False,False,P,False,76.6,13.64,109550,296.51420,95.29,0.726,7.76,91.0,30.0,0.0
1787957982.6,0.00,712.8,0,0.260,0.000,0.0000,0,False,False,P,False,76.6,13.64,109550,296.51420,95.29,0.705,7.76,91.0,30.0,0.0
1787957982.8,0.00,718.0,0,0.260,0.000,0.0000,0,False,False,P,False,76.6,13.64,109550,296.51420,95.29,1.388,7.76,91.0,34.0,0.0
1787957983.0,0.00,772.5,0,0.260,0.000,0.0000,0,False,False,P,False,76.6,13.64,109550,296.51420,95.29,1.040,7.76,91.0,36.0,0.0
1787957983.2,0.00,737.2,0,0.260,0.000,0.0000,0,False,False,P,False,76.6,13.64,109550,296.51420,95.29,0.989,7.76,91.0,37.0,0.0
1787957983.4,0.00,737.2,0,0.260,0.000,0.0000,0,False,False,P,False,76.6,13.64,109550,296.51420,95.29,1.133,7.76,91.0,38.0,0.0
1787957983.6,0.00,732.8,0,0.260,0.000,0.0000,0,False,False,P,False,76.6,13.64,109550,296.51420,95.29,1.040,7.76,91.0,39.0,0.0
1787957983.8,0.00,725.2,0,0.260,0.000,0.0000,0,False,False,P,False,76.6,13.32,109550,296.51420,95.29,1.189,7.76,91.0,41.0,0.0
1787957984.0,0.00,726.5,0,0.260,0.000,0.0000,0,False,False,P,False,76.6,13.32,109550,296.51420,95.29,1.091,7.76,91.0,41.0,0.0
1787957984.2,0.00,726.5,0,0.260,0.000,0.0000,0,False,False,P,False,76.6,13.32,109550,296.51420,95.29,1.104,7.76,91.0,42.0,0.0
1787957984.4,0.00,723.0,0,0.260,0.000,0.0000,0,False,False,P,False,76.6,13.32,109550,296.51420,95.29,1.040,7.76,91.0,42.0,0.0
1787957984.6,0.00,720.2,0,0.260,0.000,0.0000,0,False,False,P,False,76.6,13.32,109550,296.51420,95.29,1.104,7.76,91.0,42.0,0.0
1787957984.8,0.00,718.0,0,0.260,0.000,0.0000,0,False,False,P,False,76.6,13.32,109550,296.51420,95.29,1.104,7.76,91.0,42.0,0.0
1787957985.1,0.00,716.5,0,0.260,0.000,0.0000,0,False,False,P,False,76.6,13.32,109550,296.51420,95.29,1.091,7.76,91.0,42.0,0.0
1787957985.3,0.00,712.0,0,0.260,0.000,0.0000,0,False,False,P,False,76.6,13.32,109550,296.51420,95.29,1.133,7.76,91.0,43.0,0.0
1787957985.5,0.00,710.5,0,0.260,0.000,0.0000,0,False,False,P,False,76.6,13.32,109550,296.51420,95.29,1.091,7.76,91.0,43.0,0.0
1787957985.7,0.00,709.8,0,0.260,0.000,0.0000,0,False,False,P,False,76.6,13.32,109550,296.51420,95.29,1.146,7.76,91.0,44.0,0.0
1787957985.9,0.00,710.8,0,0.260,0.000,0.0000,0,False,False,P,False,76.6,13.32,109550,296.51420,95.29,1.146,7.76,91.0,44.0,0.0
1787957986.1,0.00,714.0,0,0.260,0.000,0.0000,0,False,False,P,False,76.6,13.32,109550,296.51420,95.29,1.133,7.76,91.0,44.0,0.0
1787957986.3,0.00,718.8,0,0.260,0.000,0.0000,0,False,False,P,False,76.6,13.32,109550,296.51420,95.29,1.133,7.76,91.0,45.0,0.0
1787957986.5,0.00,733.0,0,0.260,0.000,0.0000,0,False,False,P,False,76.6,13.32,109550,296.51420,95.29,1.104,7.76,91.0,45.0,0.0
1787957986.7,0.00,744.8,0,0.260,0.000,0.0000,0,False,False,P,False,76.6,13.32,109550,296.51420,95.29,1.065,7.76,91.0,44.0,0.0
1787957986.9,0.00,745.5,0,0.260,0.000,0.0000,0,False,False,P,False,76.6,13.74,109550,296.51420,95.29,1.027,7.76,91.0,43.0,0.0
1787957987.1,0.00,734.2,0,0.260,0.000,0.0000,0,False,False,P,False,76.6,13.74,109550,296.51420,95.29,1.053,7.76,91.0,43.0,0.0
1787957987.3,0.00,724.8,0,0.260,0.000,0.0000,0,False,False,P,False,76.6,13.74,109550,296.51420,95.29,1.078,7.76,91.0,42.0,0.0
1787957987.5,0.00,718.2,0,0.260,0.000,0.0000,0,False,False,P,False,76.6,13.74,109550,296.51420,95.29,1.065,7.76,91.0,42.0,0.0
1787957987.7,0.00,711.2,0,0.260,0.000,0.0000,0,False,False,P,False,76.6,13.74,109550,296.51420,95.29,1.053,7.76,91.0,42.0,0.0
1787957987.9,0.00,707.0,0,0.260,0.000,0.0000,0,False,False,P,False,76.6,13.74,109550,296.51420,95.29,1.053,7.76,91.0,42.0,0.0
1787957988.1,0.00,701.8,0,0.260,0.000,0.0000,0,False,False,P,False,76.6,13.74,109550,296.51420,95.29,1.053,7.76,91.0,42.0,0.0
1787957988.3,0.00,699.2,0,0.260,0.000,0.0000,0,False,False,P,False,76.6,13.74,109550,296.51420,95.29,1.104,7.76,91.0,43.0,0.0
1787957988.5,0.00,698.8,0,0.260,0.000,0.0000,0,False,False,P,False,76.6,13.74,109550,296.51420,95.29,1.091,7.76,91.0,43.0,0.0
1787957988.7,0.00,705.0,0,0.260,0.000,0.0000,0,False,False,P,False,76.6,13.74,109550,296.51420,95.29,1.078,7.76,91.0,43.0,0.0
1787957988.9,0.00,713.0,0,0.260,0.000,0.0000,0,False,False,P,False,76.6,13.74,109550,296.51420,95.29,1.065,7.76,91.0,43.0,0.0
1787957989.1,0.00,717.5,0,0.260,0.000,0.0000,0,False,False,P,False,76.6,13.74,109550,296.51420,95.29,1.027,7.76,91.0,43.0,0.0
1787957989.3,0.00,721.5,0,0.260,0.000,0.0000,0,False,False,P,False,76.6,13.74,109550,296.51420,95.29,1.065,7.76,91.0,42.0,0.0
1787957989.5,0.00,718.0,0,0.260,0.000,0.0000,0,False,False,P,False,76.6,13.74,109550,296.51420,95.29,1.040,7.76,91.0,42.0,0.0
1787957989.7,0.00,714.2,0,0.260,0.000,0.0000,0,False,False,P,False,76.6,13.74,109550,296.51420,95.29,1.065,7.76,91.0,42.0,0.0
1787957989.9,0.00,709.0,0,0.260,0.000,0.0000,0,False,False,P,False,76.6,13.60,109550,296.51420,95.29,1.053,7.76,91.0,42.0,0.0
1787957990.1,0.00,703.8,0,0.260,0.000,0.0000,0,False,False,P,False,76.6,13.60,109550,296.51420,95.29,1.065,7.76,91.0,42.0,0.0
1787957990.3,0.00,699.0,0,0.260,0.000,0.0000,0,False,False,P,False,76.6,13.60,109550,296.51420,95.29,1.091,7.76,91.0,42.0,0.0
1787957990.5,0.00,696.8,0,0.260,0.000,0.0000,0,False,False,P,False,76.6,13.60,109550,296.51420,95.29,1.040,7.76,91.0,43.0,0.0
1787957990.7,0.00,693.5,0,0.260,0.000,0.0000,0,False,False,P,False,76.6,13.60,109550,296.51420,95.29,1.053,7.76,91.0,43.0,0.0
1787957990.9,0.00,694.2,0,0.260,0.000,0.0000,0,False,False,P,False,76.6,13.60,109550,296.51420,95.29,1.091,7.76,91.0,43.0,0.0
1787957991.2,0.00,697.5,0,0.260,0.000,0.0000,0,False,False,P,False,76.6,13.64,109550,296.51420,95.29,1.053,7.76,91.0,43.0,0.0
1787957991.4,0.00,704.2,0,0.260,0.000,0.0000,0,False,False,P,False,76.6,13.64,109550,296.51420,95.29,1.040,7.76,91.0,43.0,0.0
1787957991.6,0.00,710.2,0,0.260,0.000,0.0000,0,False,False,P,False,76.6,13.64,109550,296.51420,95.29,1.027,7.76,91.0,43.0,0.0
1787957991.8,0.00,712.2,0,0.260,0.000,0.0000,0,False,False,P,False,76.6,13.64,109550,296.51420,95.29,1.040,7.76,91.0,43.0,0.0
1787957992.0,0.00,710.8,0,0.260,0.000,0.0000,0,False,False,P,False,76.6,13.64,109550,296.51420,95.29,1.040,7.76,91.0,42.0,0.0
1787957992.2,0.00,707.2,0,0.260,0.000,0.0000,0,False,False,P,False,76.6,13.64,109550,296.51420,95.29,1.053,7.76,91.0,42.0,0.0
1787957992.4,0.00,705.5,0,0.260,0.000,0.0000,0,False,False,P,False,76.6,13.64,109550,296.51420,95.29,1.065,7.76,91.0,42.0,0.0
1787957992.6,0.00,701.5,0,0.260,0.000,0.0000,0,False,False,P,False,76.6,13.64,109550,296.51420,95.29,1.065,7.76,91.0,42.0,0.0
1787957992.8,0.00,698.5,0,0.260,0.000,0.0000,0,False,False,P,False,76.6,13.64,109550,296.51420,95.29,1.015,7.76,91.0,42.0,0.0
1787957993.0,0.00,695.5,0,0.260,0.000,0.0000,0,False,False,P,False,76.6,13.62,109550,296.51420,95.29,0.836,7.76,91.0,42.0,0.0
1787957993.2,0.00,679.8,0,0.260,0.000,0.0000,0,False,False,P,False,76.6,13.64,109550,296.51420,95.29,0.777,7.76,91.0,40.0,0.0
1787957993.4,0.00,738.2,0,0.260,0.000,0.0000,0,False,False,P,False,76.6,13.64,109550,296.51420,95.29,0.756,7.76,91.0,38.0,0.0
1787957993.6,0.00,755.8,0,0.260,0.000,0.0000,0,False,False,P,False,76.6,13.64,109550,296.51420,95.29,0.734,7.76,91.0,37.0,0.0
1787957993.8,0.00,753.8,0,0.260,0.000,0.0000,0,False,False,P,False,76.6,13.64,109550,296.51420,95.29,0.713,7.76,91.0,35.0,0.0
1787957994.0,0.00,740.5,0,0.260,0.000,0.0000,0,False,False,P,False,76.6,13.64,109550,296.51420,95.29,0.713,7.76,91.0,33.0,0.0
1787957994.2,0.00,738.0,0,0.260,0.000,0.0000,0,False,False,P,False,76.6,13.64,109550,296.51420,95.29,0.696,7.76,91.0,32.0,0.0
1787957994.4,0.00,723.5,0,0.260,0.000,0.0000,0,False,False,P,False,76.6,13.64,109550,296.51420,95.29,0.696,7.76,91.0,31.0,0.0
1787957994.6,0.00,715.0,0,0.260,0.000,0.0000,0,False,False,P,False,76.6,13.64,109550,296.51420,95.29,0.726,7.76,91.0,31.0,0.0
1787957994.8,0.00,711.8,0,0.260,0.000,0.0000,0,False,False,P,False,76.6,13.64,109550,296.51420,95.29,0.726,7.76,91.0,31.0,0.0
1787957995.0,0.00,706.8,0,0.260,0.000,0.0000,0,False,False,P,False,76.6,13.64,109550,296.51420,95.29,0.713,7.76,91.0,31.0,0.0
1787957995.2,0.00,706.5,0,0.260,0.000,0.0000,0,False,False,P,False,76.6,13.64,109550,296.51420,95.29,0.713,7.76,91.0,31.0,0.0
1787957995.4,0.00,707.8,0,0.260,0.000,0.0000,0,False,False,P,False,76.6,13.64,109550,296.51420,95.29,0.743,7.76,91.0,31.0,0.0
1787957995.6,0.00,706.2,0,0.260,0.000,0.0000,0,False,False,P,False,76.6,13.64,109550,296.51420,95.29,0.705,7.76,91.0,31.0,0.0
1787957995.8,0.00,707.2,0,0.260,0.000,0.0000,0,False,False,P,False,76.6,13.64,109550,296.51420,95.29,0.713,7.76,91.0,31.0,0.0
1787957996.0,0.00,711.0,0,0.260,0.000,0.0000,0,False,False,P,False,76.6,13.65,109550,296.51420,95.29,0.734,7.76,91.0,31.0,0.0
1787957996.2,0.00,710.5,0,0.260,0.000,0.0000,0,False,False,P,False,76.6,13.65,109550,296.51420,95.29,0.726,7.76,91.0,31.0,0.0
1787957996.4,0.00,709.0,0,0.260,0.000,0.0000,0,False,False,P,False,76.6,13.65,109550,296.51420,95.29,0.705,7.76,91.0,31.0,0.0
1787957996.6,0.00,715.0,0,0.260,0.000,0.0000,0,False,False,P,False,76.6,13.65,109550,296.51420,95.29,0.696,7.76,91.0,31.0,0.0
1787957996.8,0.00,712.0,0,0.260,0.000,0.0000,0,False,False,P,False,76.6,13.65,109550,296.51420,95.29,0.705,7.76,91.0,31.0,0.0
1787957997.0,0.00,711.2,0,0.260,0.000,0.0000,0,False,False,P,False,76.6,13.65,109550,296.51420,95.29,0.726,7.76,91.0,31.0,0.0
1787957997.2,0.00,717.2,0,0.260,0.000,0.0000,0,False,False,P,False,76.6,13.64,109550,296.51420,95.29,0.713,7.76,91.0,31.0,0.0
1787957997.4,0.00,717.0,0,0.260,0.000,0.0000,0,False,False,P,False,76.6,13.64,109550,296.51420,95.29,0.726,7.76,91.0,30.0,0.0
1787957997.7,0.00,713.8,0,0.260,0.000,0.0000,0,False,False,P,False,76.6,13.64,109550,296.51420,95.29,0.713,7.76,91.0,30.0,0.0
1787957997.9,0.00,715.8,0,0.260,0.000,0.0000,0,False,False,P,False,76.6,13.64,109550,296.51420,95.29,0.705,7.76,91.0,30.0,0.0
1787957998.1,0.00,711.2,0,0.260,0.000,0.0000,0,False,False,P,False,76.6,13.63,109550,296.51420,95.29,0.705,7.76,91.0,30.0,0.0
1787957998.3,0.00,710.5,0,0.260,0.000,0.0000,0,False,False,P,False,76.6,13.63,109550,296.51420,95.29,0.726,7.76,91.0,30.0,0.0
1787957998.5,0.00,711.0,0,0.260,0.000,0.0000,0,False,False,P,False,76.6,13.63,109550,296.51420,95.29,0.713,7.76,91.0,30.0,0.0
1787957998.7,0.00,707.5,0,0.260,0.000,0.0000,0,False,False,P,False,76.6,13.63,109550,296.51420,95.29,0.713,7.76,91.0,30.0,0.0
1787957998.9,0.00,706.8,0,0.260,0.000,0.0000,0,False,False,P,False,76.6,13.63,109550,296.51420,95.29,0.726,7.76,91.0,30.0,0.0
1787957999.1,0.00,704.8,0,0.260,0.000,0.0000,0,False,False,P,False,76.6,13.63,109550,296.51420,95.29,0.726,7.76,91.0,30.0,0.0
1787957999.3,0.00,707.5,0,0.260,0.000,0.0000,0,False,False,P,False,76.6,13.64,109550,296.51420,95.29,0.713,7.76,91.0,31.0,0.0
1787957999.5,0.00,705.8,0,0.260,0.000,0.0000,0,False,False,P,False,76.6,13.64,109550,296.51420,95.29,0.726,7.76,91.0,31.0,0.0
1787957999.7,0.00,708.0,0,0.260,0.000,0.0000,0,False,False,P,False,76.6,13.64,109550,296.51420,95.29,0.713,7.76,91.0,31.0,0.0
1787957999.9,0.00,704.2,0,0.260,0.000,0.0000,0,False,False,P,False,76.6,13.64,109550,296.51420,95.29,0.705,7.76,91.0,30.0,0.0
1787958000.1,0.00,708.8,0,0.260,0.000,0.0000,0,False,False,P,False,76.6,13.64,109550,296.51420,95.29,0.713,7.76,91.0,31.0,0.0
1787958000.3,0.00,709.8,0,0.260,0.000,0.0000,0,False,False,P,False,76.6,13.64,109550,296.51420,95.29,0.713,7.76,91.0,31.0,0.0
1787958000.5,0.00,712.5,0,0.260,0.000,0.0000,0,False,False,P,False,76.6,13.64,109550,296.51420,95.29,0.705,7.76,91.0,30.0,0.0
1787958000.7,0.00,712.5,0,0.260,0.000,0.0000,0,False,False,P,False,76.6,13.64,109550,296.51420,95.29,0.683,7.76,91.0,30.0,0.0
1787958000.9,0.00,709.5,0,0.260,0.000,0.0000,0,False,False,P,False,76.6,13.64,109550,296.51420,95.29,0.705,7.76,91.0,30.0,0.0
1787958001.1,0.00,713.0,0,0.260,0.000,0.0000,0,False,False,P,False,76.6,13.64,109550,296.51420,95.29,0.713,7.76,91.0,30.0,0.0
1787958001.3,0.00,712.0,0,0.260,0.000,0.0000,0,False,False,P,False,76.6,13.64,109550,296.51420,95.29,0.705,7.76,91.0,30.0,0.0
1787958001.5,0.00,710.0,0,0.260,0.000,0.0000,0,False,False,P,False,76.6,13.64,109550,296.51420,95.29,0.696,7.76,91.0,30.0,0.0
1787958001.7,0.00,708.5,0,0.260,0.000,0.0000,0,False,False,P,False,76.6,13.64,109550,296.51420,95.29,0.705,7.76,91.0,30.0,0.0
1787958001.9,0.00,710.8,0,0.260,0.000,0.0000,0,False,False,P,False,76.6,13.64,109550,296.51420,95.29,0.713,7.76,91.0,30.0,0.0
1787958002.1,0.00,709.8,0,0.260,0.000,0.0000,0,False,False,P,False,76.6,13.64,109550,296.51420,95.29,0.726,7.76,91.0,30.0,0.0
1787958002.3,0.00,709.5,0,0.260,0.000,0.0000,0,False,False,P,False,76.6,13.63,109550,296.51420,95.29,0.713,7.76,91.0,30.0,0.0
1787958002.5,0.00,707.0,0,0.260,0.000,0.0000,0,False,False,P,False,76.6,13.63,109550,296.51420,95.29,0.713,7.76,91.0,30.0,0.0
1787958002.7,0.00,706.0,0,0.260,0.000,0.0000,0,False,False,P,False,76.6,13.63,109550,296.51420,95.29,0.696,7.76,91.0,30.0,0.0
1787958002.9,0.00,708.0,0,0.260,0.000,0.0000,0,False,False,P,False,76.6,13.63,109550,296.51420,95.29,0.683,7.76,91.0,30.0,0.0
1787958003.1,0.00,705.0,0,0.260,0.000,0.0000,0,False,False,P,False,76.6,13.63,109550,296.51420,95.29,0.713,7.76,91.0,30.0,0.0
1787958003.3,0.00,705.2,0,0.260,0.000,0.0000,0,False,False,P,False,76.6,13.63,109550,296.51420,95.29,0.705,7.76,91.0,30.0,0.0
1787958003.5,0.00,702.2,0,0.260,0.000,0.0000,0,False,False,P,False,76.6,13.63,109550,296.51420,95.29,0.726,7.76,91.0,30.0,0.0
1787958003.7,0.00,705.2,0,0.260,0.000,0.0000,0,False,False,P,False,76.6,13.63,109550,296.51420,95.29,0.705,7.76,91.0,30.0,0.0
1787958004.0,0.00,709.0,0,0.260,0.000,0.0000,0,False,False,P,False,76.6,13.63,109550,296.51420,95.29,0.713,7.76,91.0,31.0,0.0
1787958004.2,0.00,712.0,0,0.260,0.000,0.0000,0,False,False,P,False,76.6,13.63,109550,296.51420,95.29,0.713,7.76,91.0,31.0,0.0
1787958004.4,0.00,708.2,0,0.260,0.000,0.0000,0,False,False,P,False,76.6,13.63,109550,296.51420,95.29,0.713,7.76,91.0,30.0,0.0
1787958004.6,0.00,705.0,0,0.260,0.000,0.0000,0,False,False,P,False,76.6,13.63,109550,296.51420,95.29,0.705,7.76,91.0,30.0,0.0
1787958004.8,0.00,707.0,0,0.260,0.000,0.0000,0,False,False,P,False,76.6,13.63,109550,296.51420,95.29,0.705,7.76,91.0,30.0,0.0
1787958005.0,0.00,711.0,0,0.260,0.000,0.0000,0,False,False,P,False,76.6,13.63,109550,0.00000,95.29,0.726,0.00,91.0,30.0,0.0
1787958005.2,0.00,711.5,0,0.260,0.000,0.0000,0,False,False,P,False,76.6,13.63,109550,0.00000,95.29,0.696,0.00,91.0,30.0,0.0
1787958005.4,0.00,710.5,0,0.260,0.000,0.0000,0,False,False,P,False,76.6,13.65,109550,0.00000,95.29,0.696,0.00,91.0,30.0,0.0
1787958005.6,0.00,710.8,0,0.260,0.000,0.0000,0,False,False,P,False,76.6,13.65,109550,0.00000,95.29,0.705,0.00,91.0,30.0,0.0
1787958005.8,0.00,705.5,0,0.260,0.000,0.0000,0,False,False,P,False,76.6,13.65,109550,0.00000,95.29,0.713,0.00,91.0,30.0,0.0
1787958006.0,0.00,705.0,0,0.260,0.000,0.0000,0,False,False,P,False,76.6,13.65,109550,0.00000,95.29,0.696,0.00,91.0,30.0,0.0
1787958006.2,0.00,709.2,0,0.260,0.000,0.0000,0,False,False,P,False,76.6,13.65,109550,0.00000,95.29,0.726,0.00,91.0,30.0,0.0
1787958006.4,0.00,709.2,0,0.260,0.000,0.0000,0,False,False,P,False,76.6,13.65,109550,0.00000,95.29,0.713,0.00,91.0,30.0,0.0
1787958006.6,0.00,708.2,0,0.260,0.000,0.0000,0,False,False,P,False,76.6,13.65,109550,0.00000,95.29,0.696,0.00,91.0,30.0,0.0
1787958006.8,0.00,706.8,0,0.260,0.000,0.0000,0,False,False,P,False,76.6,13.65,109550,0.00000,95.29,0.713,0.00,91.0,30.0,0.0
1787958007.0,0.00,701.8,0,0.260,0.000,0.0000,0,False,False,P,False,76.6,13.65,109550,0.00000,95.29,0.713,0.00,91.0,30.0,0.0
1787958007.2,0.00,708.0,0,0.260,0.000,0.0000,0,False,False,P,False,76.6,13.65,109550,0.00000,95.29,0.726,0.00,91.0,30.0,0.0
1787958007.4,0.00,707.0,0,0.260,0.000,0.0000,0,False,False,P,False,76.6,13.65,109550,0.00000,95.29,0.705,0.00,91.0,30.0,0.0
1787958007.6,0.00,707.5,0,0.260,0.000,0.0000,0,False,False,P,False,76.6,13.65,109550,0.00000,95.29,0.696,0.00,91.0,30.0,0.0
1787958007.8,0.00,706.5,0,0.260,0.000,0.0000,0,False,False,P,False,76.6,13.65,109550,0.00000,95.29,0.713,0.00,91.0,30.0,0.0
1787958008.0,0.00,707.0,0,0.260,0.000,0.0000,0,False,False,P,False,76.6,13.65,109550,0.00000,95.29,0.705,0.00,91.0,30.0,0.0
1787958008.2,0.00,711.8,0,0.260,0.000,0.0000,0,False,False,P,False,76.6,13.65,109550,0.00000,95.29,0.713,0.00,91.0,30.0,0.0
1787958008.4,0.00,711.5,0,0.260,0.000,0.0000,0,False,False,P,False,76.6,13.64,109550,0.00000,95.29,0.705,0.00,91.0,30.0,0.0
1787958008.6,0.00,710.5,0,0.260,0.000,0.0000,0,False,False,P,False,76.6,13.64,109550,0.00000,95.29,0.713,0.00,91.0,30.0,0.0
1787958008.8,0.00,707.2,0,0.260,0.000,0.0000,0,False,False,P,False,76.6,13.64,109550,0.00000,95.29,0.683,0.00,91.0,30.0,0.0
1787958009.0,0.00,701.8,0,0.260,0.000,0.0000,0,False,False,P,False,76.6,13.64,109550,0.00000,95.29,1.889,0.00,91.0,36.0,0.0
1787958009.2,0.00,790.0,0,0.260,0.000,0.0000,0,False,False,P,False,76.6,13.64,109550,0.00000,95.29,1.341,0.00,91.0,39.0,0.0
1787958009.4,0.00,752.0,0,0.260,0.000,0.0000,0,False,False,P,False,76.6,13.64,109550,0.00000,95.29,0.938,0.00,91.0,38.0,0.0
1787958009.6,0.00,746.5,0,0.260,0.000,0.0000,0,False,False,P,False,76.6,13.64,109550,0.00000,95.29,1.227,0.00,91.0,40.0,0.0
1787958009.9,0.00,738.8,0,0.260,0.000,0.0000,0,False,False,P,False,76.6,13.64,109550,0.00000,95.29,1.172,0.00,91.0,40.0,0.0
1787958010.1,0.00,731.8,0,0.260,0.000,0.0000,0,False,False,P,False,76.6,13.64,109550,0.00000,95.29,1.078,0.00,91.0,40.0,0.0
1787958010.3,0.00,731.0,0,0.260,0.000,0.0000,0,False,False,P,False,76.6,13.64,109550,0.00000,95.29,1.078,0.00,91.0,41.0,0.0
1787958010.5,0.00,726.5,0,0.260,0.000,0.0000,0,False,False,P,False,76.6,13.64,109550,0.00000,95.29,1.040,0.00,91.0,41.0,0.0
1787958010.7,0.00,721.5,0,0.260,0.000,0.0000,0,False,False,P,False,76.6,13.64,109550,0.00000,95.29,1.104,0.00,91.0,42.0,0.0
1787958010.9,0.00,722.2,0,0.260,0.000,0.0000,0,False,False,P,False,76.6,13.64,109550,0.00000,95.29,1.065,0.00,91.0,42.0,0.0
1787958011.1,0.00,720.2,0,0.260,0.000,0.0000,0,False,False,P,False,76.6,13.64,109550,0.00000,95.29,1.065,0.00,91.0,42.0,0.0
1787958011.3,0.00,715.8,0,0.260,0.000,0.0000,0,False,False,P,False,76.6,13.64,109550,0.00000,95.29,1.121,0.00,91.0,42.0,0.0
1787958011.5,0.00,711.8,0,0.260,0.000,0.0000,0,False,False,P,False,76.6,13.33,109550,0.00000,95.29,1.104,0.00,91.0,42.0,0.0
1787958011.7,0.00,708.8,0,0.260,0.000,0.0000,0,False,False,P,False,76.6,13.33,109550,0.00000,95.29,1.133,0.00,91.0,43.0,0.0
1787958011.9,0.00,708.0,0,0.260,0.000,0.0000,0,False,False,P,False,76.6,13.33,109550,0.00000,95.29,1.133,0.00,91.0,43.0,0.0
1787958012.1,0.00,709.2,0,0.260,0.000,0.0000,0,False,False,P,False,76.6,13.33,109550,0.00000,95.29,1.133,0.00,91.0,44.0,0.0
1787958012.3,0.00,711.0,0,0.260,0.000,0.0000,0,False,False,P,False,76.6,13.33,109550,0.00000,95.29,1.121,0.00,91.0,44.0,0.0
1787958012.5,0.00,717.2,0,0.260,0.000,0.0000,0,False,False,P,False,76.6,13.33,109550,0.00000,95.29,1.159,0.00,91.0,44.0,0.0
1787958012.7,0.00,725.2,0,0.260,0.000,0.0000,0,False,False,P,False,76.6,13.33,109550,0.00000,95.29,1.133,0.00,91.0,45.0,0.0
1787958012.9,0.00,739.0,0,0.260,0.000,0.0000,0,False,False,P,False,76.6,13.33,109550,0.00000,95.29,1.104,0.00,91.0,44.0,0.0
1787958013.1,0.00,742.8,0,0.260,0.000,0.0000,0,False,False,P,False,76.6,13.73,109550,0.00000,95.29,1.104,0.00,91.0,43.0,0.0
1787958013.3,0.00,740.8,0,0.260,0.000,0.0000,0,False,False,P,False,76.6,13.73,109550,0.00000,95.29,1.065,0.00,91.0,43.0,0.0
1787958013.5,0.00,733.0,0,0.260,0.000,0.0000,0,False,False,P,False,76.6,13.73,109550,0.00000,95.29,1.053,0.00,91.0,42.0,0.0
1787958013.7,0.00,724.5,0,0.260,0.000,0.0000,0,False,False,P,False,76.6,13.73,109550,0.00000,95.29,1.078,0.00,91.0,42.0,0.0
1787958067.1,0.00,713.2,0,0.260,0.000,0.0000,0,False,False,P,False,0.0,0.00,109550,0.00000,95.29,1.027,0.00,91.0,42.0,0.0
1787958067.3,0.00,709.0,0,0.260,0.000,0.0000,0,False,False,P,False,0.0,0.00,109550,0.00000,95.29,1.053,0.00,91.0,42.0,0.0
1787958067.5,0.00,707.0,0,0.260,0.000,0.0000,0,False,False,P,False,0.0,0.00,109550,0.00000,95.29,1.053,0.00,91.0,42.0,0.0
1787958067.7,0.00,705.0,0,0.260,0.000,0.0000,0,False,False,P,False,0.0,0.00,109550,0.00000,95.29,1.027,0.00,91.0,42.0,0.0
1787958067.9,0.00,704.2,0,0.260,0.000,0.0000,0,False,False,P,False,0.0,0.00,109550,0.00000,95.29,1.053,0.00,91.0,42.0,0.0
1787958068.2,0.00,706.2,0,0.260,0.000,0.0000,0,False,False,P,False,0.0,0.00,109550,0.00000,95.29,1.053,0.00,91.0,42.0,0.0
1787958068.4,0.00,708.5,0,0.260,0.000,0.0000,0,False,False,P,False,0.0,0.00,109550,0.00000,95.29,1.065,0.00,91.0,42.0,0.0
1787958068.6,0.00,710.5,0,0.260,0.000,0.0000,0,False,False,P,False,0.0,0.00,109550,0.00000,95.29,1.027,0.00,91.0,42.0,0.0
1787958068.8,0.00,712.0,0,0.260,0.000,0.0000,0,False,False,P,False,0.0,0.00,109550,0.00000,95.29,1.040,0.00,91.0,42.0,0.0
1787958069.0,0.00,713.5,0,0.260,0.000,0.0000,0,False,False,P,False,76.6,0.00,109550,0.00000,95.29,0.938,0.00,91.0,42.0,0.0
1787958069.2,0.00,695.2,0,0.260,0.000,0.0000,0,False,False,P,False,76.6,0.00,109550,0.00000,95.29,0.777,0.00,91.0,39.0,0.0
1787958069.4,0.00,748.2,0,0.260,0.000,0.0000,0,False,False,P,False,76.6,0.00,109550,0.00000,95.29,0.777,0.00,91.0,38.0,0.0
1787958069.6,0.00,750.2,0,0.260,0.000,0.0000,0,False,False,P,False,76.6,0.00,109550,0.00000,95.29,0.734,0.00,91.0,36.0,0.0
1787958069.8,0.00,746.0,0,0.260,0.000,0.0000,0,False,False,P,False,76.6,0.00,109550,0.00000,95.29,0.743,0.00,91.0,34.0,0.0
1787958070.0,0.00,739.5,0,0.260,0.000,0.0000,0,False,False,P,False,76.6,0.00,109550,0.00000,95.29,0.696,0.00,91.0,33.0,0.0
1787958070.2,0.00,738.2,0,0.260,0.000,0.0000,0,False,False,P,False,76.6,0.00,109550,0.00000,95.29,0.696,0.00,91.0,32.0,0.0
1787958070.4,0.00,728.0,0,0.260,0.000,0.0000,0,False,False,P,False,76.6,0.00,109550,0.00000,95.29,0.705,0.00,91.0,31.0,0.0
1787958072.6,0.00,713.2,0,0.260,0.000,0.0000,0,False,False,P,False,0.0,0.00,109550,0.00000,95.29,0.726,0.00,91.0,31.0,0.0
1787958072.8,0.00,712.5,0,0.260,0.000,0.0000,0,False,False,P,False,0.0,0.00,109550,0.00000,95.29,0.726,0.00,91.0,31.0,0.0
1787958073.0,0.00,710.2,0,0.260,0.000,0.0000,0,False,False,P,False,0.0,0.00,109550,0.00000,95.29,0.705,0.00,91.0,31.0,0.0
1787958073.2,0.00,713.5,0,0.260,0.000,0.0000,0,False,False,P,False,0.0,0.00,109550,0.00000,95.29,0.734,0.00,91.0,31.0,0.0
1787958073.4,0.00,714.2,0,0.260,0.000,0.0000,0,False,False,P,False,0.0,0.00,109550,0.00000,95.29,0.726,0.00,91.0,31.0,0.0
1787958073.6,0.00,714.2,0,0.260,0.000,0.0000,0,False,False,P,False,0.0,0.00,109550,0.00000,95.29,0.713,0.00,91.0,30.0,0.0
1787958073.8,0.00,710.8,0,0.260,0.000,0.0000,0,False,False,P,False,0.0,0.00,109550,0.00000,95.29,0.705,0.00,91.0,31.0,0.0
1787958074.0,0.00,713.0,0,0.260,0.000,0.0000,0,False,False,P,False,0.0,0.00,109550,0.00000,95.29,0.713,0.00,91.0,31.0,0.0
1787958074.2,0.00,709.0,0,0.260,0.000,0.0000,0,False,False,P,False,76.6,0.00,109550,0.00000,95.29,0.734,0.00,91.0,31.0,0.0
1787958074.4,0.00,708.2,0,0.260,0.000,0.0000,0,False,False,P,False,76.6,0.00,109550,0.00000,95.29,0.726,0.00,91.0,31.0,0.0
1787958074.6,0.00,705.2,0,0.260,0.000,0.0000,0,False,False,P,False,76.6,0.00,109550,0.00000,95.29,0.713,0.00,91.0,31.0,0.0
1787958074.8,0.00,707.2,0,0.260,0.000,0.0000,0,False,False,P,False,76.6,0.00,109550,0.00000,95.29,0.705,0.00,91.0,31.0,0.0
1787958075.0,0.00,707.2,0,0.260,0.000,0.0000,0,False,False,P,False,76.6,0.00,109550,0.00000,95.29,0.734,0.00,91.0,31.0,0.0
1787958075.2,0.00,706.8,0,0.260,0.000,0.0000,0,False,False,P,False,76.6,0.00,109550,0.00000,95.29,0.705,0.00,91.0,31.0,0.0
1787958075.4,0.00,709.2,0,0.260,0.000,0.0000,0,False,False,P,False,76.6,0.00,109550,0.00000,95.29,0.713,0.00,91.0,31.0,0.0
1787958075.7,0.00,707.8,0,0.260,0.000,0.0000,0,False,False,P,False,76.6,0.00,109550,0.00000,95.29,0.726,0.00,91.0,31.0,0.0
1787958075.9,0.00,710.5,0,0.260,0.000,0.0000,0,False,False,P,False,76.6,0.00,109550,0.00000,95.29,0.713,0.00,91.0,31.0,0.0
1787958076.1,0.00,709.5,0,0.260,0.000,0.0000,0,False,False,P,False,76.6,0.00,109550,0.00000,95.29,0.713,0.00,91.0,31.0,0.0
1787958076.3,0.00,710.2,0,0.260,0.000,0.0000,0,False,False,P,False,76.6,0.00,109550,0.00000,95.29,0.713,0.00,91.0,31.0,0.0
1787958076.5,0.00,715.0,0,0.260,0.000,0.0000,0,False,False,P,False,76.6,0.00,109550,0.00000,95.29,0.713,0.00,91.0,30.0,0.0
1787958076.7,0.00,712.0,0,0.260,0.000,0.0000,0,False,False,P,False,76.6,0.00,109550,0.00000,95.29,0.713,0.00,91.0,30.0,0.0
1787958076.9,0.00,710.2,0,0.260,0.000,0.0000,0,False,False,P,False,76.6,0.00,109550,0.00000,95.29,0.713,0.00,91.0,30.0,0.0
1787958077.1,0.00,708.0,0,0.260,0.000,0.0000,0,False,False,P,False,76.6,0.00,109550,0.00000,95.29,0.713,0.00,91.0,30.0,0.0
1787958077.3,0.00,707.5,0,0.260,0.000,0.0000,0,False,False,P,False,76.6,0.00,109550,0.00000,95.29,0.743,0.00,91.0,31.0,0.0
1787958077.5,0.00,709.0,0,0.260,0.000,0.0000,0,False,False,--,False,76.6,0.00,109550,0.00000,95.29,0.743,0.00,91.0,32.0,0.0
1787958077.7,0.00,706.2,1,2.820,2.816,1.0014,0,False,False,D,False,76.6,0.00,109550,0.00000,95.29,0.764,0.00,91.0,32.0,0.0
1787958077.9,0.00,701.5,1,2.820,2.816,1.0014,0,False,False,D,False,76.6,0.00,109550,0.00000,95.29,0.756,0.00,91.0,32.0,0.0
1787958078.1,0.00,703.5,1,2.820,2.816,1.0014,0,False,False,D,False,76.6,0.00,109550,0.00000,95.29,0.764,0.00,91.0,32.0,0.0
1787958078.3,0.00,698.8,1,2.820,2.816,1.0014,0,False,False,D,False,76.6,13.58,109550,0.00000,95.29,0.764,0.00,91.0,32.0,0.0
1787958078.5,0.00,643.5,1,2.820,2.816,1.0014,0,False,False,D,False,76.6,13.58,109550,0.00000,95.29,2.152,0.00,91.0,33.0,0.0
1787958078.7,0.00,630.8,1,2.820,2.816,1.0014,0,False,False,D,False,76.6,13.58,109550,0.00000,95.29,2.152,0.00,91.0,44.0,0.0
1787958078.9,0.00,684.5,1,2.820,2.816,1.0014,0,False,False,D,False,76.6,13.58,109550,0.00000,95.29,0.891,0.00,91.0,45.0,0.0
1787958079.1,0.00,719.2,1,2.820,2.816,1.0014,0,False,False,D,False,76.6,13.58,109550,0.00000,95.29,0.879,0.00,91.0,43.0,0.0
1787958079.3,0.00,707.0,1,2.820,2.816,1.0014,0,False,False,D,False,76.6,13.64,109550,0.00000,95.29,0.857,0.00,91.0,41.0,0.0
1787958079.5,0.00,713.5,1,2.820,2.816,1.0014,0,False,False,D,False,76.6,13.64,109550,0.00000,95.29,1.159,0.00,91.0,40.0,0.0
1787958079.7,0.00,724.8,1,2.820,2.816,1.0014,0,False,False,D,False,76.6,13.64,109550,0.00000,95.29,1.040,0.00,91.0,41.0,0.0
1787958079.9,0.93,729.8,1,2.820,2.816,1.0014,0,False,False,D,False,76.6,13.64,109550,0.00000,95.29,1.002,0.00,91.0,41.0,0.0
1787958080.1,1.32,727.8,1,2.820,2.816,1.0014,0,False,False,D,False,76.6,13.64,109550,0.00000,95.29,0.976,0.00,91.0,40.0,0.0
1787958080.3,1.59,722.0,1,2.820,2.816,1.0014,0,False,False,D,False,76.6,13.64,109550,0.00000,95.29,0.976,0.00,91.0,40.0,0.0
1787958080.5,1.88,717.2,1,2.820,2.816,1.0014,0,False,False,D,False,76.6,13.64,109550,0.00039,95.29,1.027,0.00,91.0,40.0,0.0
1787958080.7,2.13,712.5,1,2.820,2.816,1.0014,0,False,False,D,False,76.6,13.64,109550,0.00039,95.29,1.040,0.00,91.0,40.0,0.0
1787958080.9,2.38,709.0,1,2.820,2.816,1.0014,0,False,False,D,False,76.6,13.64,109550,0.00039,95.29,1.002,0.00,91.0,40.0,0.0
1787958081.1,2.63,705.8,1,2.820,2.816,1.0014,0,False,False,D,False,76.6,13.64,109550,0.00078,95.29,1.002,0.00,91.0,40.0,0.0
1787958081.3,2.86,706.8,1,2.820,2.816,1.0014,0,False,False,D,False,76.6,13.64,109550,0.00078,95.29,1.027,0.00,91.0,40.0,0.0
1787958081.6,3.03,711.2,1,2.820,2.816,1.0014,0,False,False,D,False,76.6,13.64,109550,0.00078,95.29,1.053,0.00,91.0,41.0,0.0
1787958081.8,3.17,711.8,1,2.820,2.816,1.0014,0,False,False,D,False,76.6,13.64,109550,0.00117,95.29,1.027,0.00,91.0,41.0,0.0
1787958082.0,3.24,716.2,1,2.820,2.816,1.0014,0,False,False,D,False,76.6,13.64,109550,0.00117,95.29,0.989,0.00,91.0,41.0,0.0
1787958082.2,3.06,716.2,1,2.820,2.816,1.0014,0,False,False,D,False,76.6,13.64,109550,0.00156,95.29,1.015,0.00,91.0,41.0,0.0
1787958082.4,2.75,712.5,1,2.820,2.816,1.0014,0,False,False,D,False,76.6,13.64,109550,0.00156,95.29,1.053,0.00,91.0,41.0,0.0
1787958082.6,2.38,708.5,1,2.820,2.816,1.0014,0,False,False,D,False,76.6,13.61,109550,0.00195,95.29,0.989,0.00,91.0,41.0,0.0
1787958082.8,2.02,700.0,1,2.820,2.816,1.0014,0,False,False,D,False,76.6,13.61,109550,0.00195,95.29,1.015,0.00,91.0,41.0,0.0
1787958083.0,1.79,716.2,1,2.820,2.816,1.0014,0,False,False,D,False,76.6,13.61,109550,0.00195,95.29,1.783,0.00,91.0,48.0,0.0
1787958083.2,2.05,775.5,1,2.820,2.816,1.0014,0,False,False,D,False,76.6,13.61,109550,0.00195,95.29,1.431,0.00,91.0,52.0,0.0
1787958083.4,2.38,795.0,1,2.820,2.816,1.0014,0,False,False,D,False,76.6,13.61,109550,0.00234,95.29,1.464,0.00,91.0,52.0,0.0
1787958083.6,2.69,790.5,1,2.820,2.816,1.0014,0,False,False,D,False,76.6,13.61,109550,0.00234,95.29,1.418,0.00,91.0,52.0,0.0
1787958083.8,3.05,782.5,1,2.820,2.816,1.0014,0,False,False,D,False,76.6,13.61,109550,0.00234,95.29,1.418,0.00,91.0,52.0,0.0
1787958084.0,3.32,779.8,1,2.820,2.816,1.0014,0,False,False,D,False,76.6,13.61,109550,0.00273,95.29,1.388,0.00,91.0,51.0,0.0
1787958084.2,3.53,777.8,1,2.820,2.816,1.0014,0,False,False,D,False,76.6,13.61,109550,0.00273,95.29,1.431,0.00,91.0,51.0,0.0
1787958084.4,3.81,783.5,1,2.740,2.816,0.9730,0,False,False,D,False,76.6,13.61,109550,0.00312,95.29,1.418,0.00,91.0,51.0,0.0
1787958084.6,3.99,779.8,1,2.820,2.816,1.0014,0,False,False,D,False,76.6,13.61,109550,0.00350,95.29,1.448,0.00,91.0,51.0,0.0
1787958084.8,4.21,765.2,1,2.860,2.816,1.0156,0,False,False,D,False,76.6,13.61,109550,0.00350,95.29,1.418,0.00,91.0,51.0,0.0
1787958085.0,4.39,773.8,1,2.850,2.816,1.0121,0,False,False,D,False,76.6,13.61,109550,0.00389,95.29,1.401,0.00,91.0,51.0,0.0
1787958085.2,4.61,773.2,1,2.730,2.816,0.9695,0,False,False,D,False,76.6,13.61,109550,0.00389,95.29,1.401,0.00,91.0,51.0,0.0
1787958085.4,4.76,777.5,1,2.820,2.816,1.0014,0,False,False,D,False,76.6,13.61,109550,0.00428,95.29,1.401,0.00,91.0,50.0,0.0
1787958087.1,6.00,776.8,1,2.830,2.816,1.0050,0,False,False,D,False,0.0,0.00,109550,0.00745,95.29,2.016,0.00,91.0,47.0,0.0
1787958087.3,6.28,831.0,1,2.820,2.816,1.0014,0,False,False,D,False,0.0,0.00,109550,0.00784,95.29,1.401,0.00,91.0,49.0,0.0
1787958087.5,6.42,773.2,1,2.800,2.816,0.9943,0,False,False,D,False,0.0,0.00,109550,0.00823,95.29,1.312,0.00,91.0,47.0,0.0
1787958087.7,6.58,790.2,1,2.820,2.816,1.0014,0,False,False,D,False,0.0,0.00,109550,0.00862,95.29,1.401,0.00,91.0,47.0,0.0
1787958087.9,6.77,778.0,1,2.820,2.816,1.0014,0,False,False,D,False,0.0,0.00,109550,0.00901,95.29,1.464,0.00,91.0,48.0,0.0
1787958088.1,6.86,792.0,1,2.820,2.816,1.0014,0,False,False,D,False,0.0,0.00,109550,0.00940,95.29,1.817,0.00,91.0,51.0,0.0
1787958088.3,6.93,806.8,1,2.810,2.816,0.9979,0,False,False,D,False,0.0,0.00,109550,0.00979,95.29,1.341,0.00,91.0,50.0,0.0
1787958088.5,6.79,790.2,1,2.810,2.816,0.9979,0,False,False,D,False,0.0,0.00,109550,0.01018,95.29,1.358,0.00,91.0,49.0,0.0
1787958088.7,6.62,780.8,1,2.820,2.816,1.0014,0,False,False,D,False,0.0,13.19,109550,0.01057,95.29,1.596,0.00,91.0,49.0,0.0
1787958089.0,6.36,800.8,1,2.810,2.816,0.9979,0,False,False,D,False,0.0,13.19,109550,0.01095,95.29,1.762,0.00,91.0,53.0,0.0
1787958089.2,6.14,789.8,1,2.800,2.816,0.9943,0,False,False,D,False,0.0,13.19,109550,0.01134,95.29,1.961,0.00,91.0,55.0,0.0
1787958089.4,5.91,792.0,1,2.820,2.816,1.0014,0,False,False,D,False,0.0,13.19,109550,0.01173,95.29,1.651,0.00,91.0,56.0,0.0
1787958089.6,5.69,783.2,1,2.800,2.816,0.9943,0,False,False,D,False,0.0,13.19,109550,0.01212,95.29,1.418,0.00,91.0,55.0,0.0
1787958089.8,5.41,767.2,1,2.800,2.816,0.9943,0,False,False,D,False,0.0,13.19,109550,0.01251,95.29,1.511,0.00,91.0,54.0,0.0
1787958090.0,5.05,761.8,1,2.780,2.816,0.9872,0,False,False,D,False,0.0,13.19,109550,0.01251,95.29,1.617,0.00,91.0,55.0,0.0
1787958090.2,4.64,764.2,1,2.620,2.816,0.9304,0,False,False,D,False,0.0,13.19,109550,0.01290,95.29,1.617,0.00,91.0,56.0,0.0
1787958090.4,4.21,763.2,1,2.660,2.816,0.9446,0,False,False,D,False,0.0,13.19,109550,0.01329,95.29,1.689,0.00,91.0,57.0,0.0
1787958090.6,3.82,769.0,1,2.670,2.816,0.9482,0,False,False,D,False,0.0,13.19,109550,0.01329,95.29,1.579,0.00,91.0,57.0,0.0
1787958090.8,3.44,767.0,1,2.820,2.816,1.0014,0,False,False,D,False,0.0,13.60,109550,0.01368,95.29,1.651,0.00,91.0,57.0,0.0
1787958091.0,2.98,764.5,1,2.820,2.816,1.0014,0,False,False,D,False,0.0,13.60,109550,0.01368,95.29,1.579,0.00,91.0,57.0,0.0
1787958091.2,2.52,767.0,1,2.820,2.816,1.0014,0,False,False,D,False,0.0,13.60,109550,0.01407,95.29,1.596,0.00,91.0,57.0,0.0
1787958091.4,2.20,769.8,1,2.820,2.816,1.0014,0,False,False,D,False,0.0,13.60,109550,0.01407,95.29,1.579,0.00,91.0,57.0,0.0
1787958091.6,2.09,765.8,1,2.820,2.816,1.0014,0,False,False,D,False,0.0,13.60,109550,0.01407,95.29,1.562,0.00,91.0,57.0,0.0
1787958091.8,1.82,763.8,1,2.820,2.816,1.0014,0,False,False,D,False,0.0,13.60,109550,0.01446,95.29,1.562,0.00,91.0,56.0,0.0
1787958092.0,1.99,762.8,1,2.820,2.816,1.0014,0,False,False,D,False,0.0,13.60,109550,0.01446,95.29,1.545,0.00,91.0,56.0,0.0
1787958092.2,2.55,758.8,1,2.820,2.816,1.0014,0,False,False,D,False,0.0,13.60,109550,0.01446,95.29,1.562,0.00,91.0,56.0,0.0
1787958092.4,3.09,759.0,1,2.820,2.816,1.0014,0,False,False,D,False,0.0,13.60,109550,0.01446,95.29,1.498,0.00,91.0,56.0,0.0
1787958092.6,3.59,759.8,1,2.820,2.816,1.0014,0,False,False,D,False,0.0,13.60,109550,0.01485,95.29,1.511,0.00,91.0,56.0,0.0
1787958092.8,4.14,762.5,1,2.740,2.816,0.9730,0,False,False,D,False,76.6,13.60,109550,0.01485,95.29,1.562,0.00,91.0,56.0,0.0
1787958093.0,4.58,762.0,1,2.890,2.816,1.0263,0,False,False,D,False,76.6,13.60,109550,0.01524,95.29,1.528,0.00,91.0,56.0,0.0
1787958093.2,5.05,767.0,1,2.760,2.816,0.9801,0,False,False,D,False,76.6,13.60,109550,0.01563,95.29,1.545,0.00,91.0,56.0,0.0
1787958093.4,5.43,768.0,1,2.820,2.816,1.0014,0,False,False,D,False,76.6,13.60,109550,0.01563,95.29,1.498,0.00,91.0,55.0,0.0
1787958093.6,5.88,771.5,1,2.840,2.816,1.0085,0,False,False,D,False,76.6,13.60,109550,0.01602,95.29,1.481,0.00,91.0,54.0,0.0
1787958093.8,6.42,777.0,1,2.840,2.816,1.0085,0,False,False,D,False,76.6,13.60,109550,0.01641,92.94,1.418,0.00,91.0,53.0,0.0
1787958094.0,6.67,789.8,1,2.820,2.816,1.0014,0,False,False,D,False,76.6,13.60,109550,0.01680,95.29,1.244,0.00,91.0,52.0,0.0
1787958094.2,7.12,776.5,1,2.830,2.816,1.0050,0,False,False,D,False,76.6,13.60,109550,0.01718,95.29,1.358,0.00,91.0,51.0,0.0
1787958094.4,7.35,784.5,1,2.710,2.816,0.9624,0,False,False,D,False,76.6,13.60,109550,0.01757,95.29,1.341,0.00,91.0,51.0,0.0
1787958094.6,7.67,783.2,1,2.660,2.816,0.9446,0,False,False,D,False,76.6,13.60,109550,0.01796,93.73,1.312,0.00,91.0,50.0,0.0
1787958094.8,7.96,770.8,1,2.520,2.816,0.8949,0,False,False,D,False,76.6,13.60,109550,0.01835,94.12,1.286,0.00,91.0,49.0,0.0
1787958095.0,8.16,761.2,1,2.380,2.816,0.8452,0,False,False,D,False,76.6,13.60,109550,0.01913,95.29,1.401,0.00,91.0,49.0,0.0
1787958095.2,8.34,760.8,1,2.310,2.816,0.8203,0,False,False,D,False,76.6,13.60,109550,0.01952,92.94,1.418,0.00,91.0,49.0,2.0
1787958095.5,8.64,899.8,1,2.320,2.816,0.8239,0,False,False,D,False,76.6,13.60,109550,0.01991,95.29,1.728,0.00,91.0,52.0,8.0
1787958095.7,8.95,1113.8,1,2.800,2.816,0.9943,0,False,False,D,False,76.6,13.60,109550,0.02030,95.29,2.988,0.00,91.0,56.0,12.0
1787958095.9,9.18,1332.8,1,2.810,2.816,0.9979,0,False,False,D,False,76.6,13.60,109550,0.02108,95.29,3.820,0.00,91.0,61.0,15.0
1787958096.1,9.97,1487.2,1,2.820,2.816,1.0014,0,False,False,D,False,76.6,13.60,109550,0.02147,95.29,4.101,0.00,91.0,66.0,16.0
1787958096.3,11.01,1626.8,1,2.820,2.816,1.0014,0,False,False,D,False,76.6,13.60,109550,0.02186,91.76,4.258,0.00,91.0,68.0,16.0
1787958096.5,11.83,1684.8,1,2.800,2.816,0.9943,0,False,False,D,False,76.6,13.60,109550,0.02264,95.29,4.194,0.00,91.0,66.0,16.0
1787958096.7,12.95,1705.5,1,2.820,2.816,1.0014,0,False,False,D,False,76.6,13.60,109550,0.02341,95.29,4.194,0.00,91.0,64.0,16.0
1787958096.9,13.84,1753.8,1,2.830,2.816,1.0050,0,False,False,D,False,76.6,13.56,109550,0.02419,92.94,4.385,0.00,91.0,64.0,16.0
1787958097.1,14.56,1826.5,1,2.820,2.816,1.0014,0,False,False,D,False,76.6,13.56,109550,0.02497,94.12,4.449,0.00,91.0,64.0,16.0
1787958097.3,15.36,1899.2,2,0.260,1.498,0.1736,0,False,False,D,True,76.6,13.56,109550,0.02575,95.29,4.712,0.00,91.0,64.0,16.0
1787958097.5,16.33,1978.2,2,0.260,1.498,0.1736,0,False,False,D,True,76.6,13.56,109550,0.02653,92.94,5.060,0.00,91.0,64.0,17.0
1787958097.7,17.12,2051.5,2,0.260,1.498,0.1736,0,False,False,D,True,76.6,13.56,109550,0.02770,95.29,5.132,0.00,91.0,64.0,17.0
1787958097.9,17.83,2073.5,2,0.270,1.498,0.1802,0,False,False,D,True,76.6,13.56,109550,0.02848,95.29,5.315,0.00,91.0,65.0,17.0
1787958098.1,18.39,2135.5,2,0.260,1.498,0.1736,0,False,False,D,True,76.6,13.56,109550,0.02965,95.29,5.242,0.00,91.0,64.0,17.0
1787958098.3,18.82,2123.5,2,0.100,1.498,0.0668,0,False,False,D,True,76.6,13.56,109550,0.03042,95.29,5.425,0.00,91.0,64.0,18.0
1787958098.5,19.62,1943.8,2,2.250,1.498,1.5020,0,False,False,D,True,76.6,13.56,109550,0.03159,89.02,5.276,0.00,91.0,64.0,18.0
1787958098.7,20.41,1730.8,2,1.790,1.498,1.1949,0,False,False,D,True,76.6,13.56,109550,0.03276,95.29,5.425,0.00,91.0,68.0,18.0
1787958098.9,20.97,1636.8,2,1.500,1.498,1.0013,0,False,False,D,True,76.6,13.56,109550,0.03393,95.29,5.276,0.00,91.0,72.0,18.0
1787958099.1,21.69,1637.5,2,1.500,1.498,1.0013,76.22498671755726,False,False,D,False,76.6,13.56,109550,0.03510,95.29,4.920,0.00,91.0,76.0,18.0
1787958099.3,22.24,1653.8,2,1.490,1.498,0.9947,77.39877722751324,False,False,D,False,76.6,13.34,109550,0.03626,95.29,4.920,0.00,91.0,76.0,18.0
1787958099.5,23.03,1669.8,2,1.490,1.498,0.9947,79.38010329690076,False,False,D,False,76.6,13.34,109550,0.03743,95.29,5.060,0.00,91.0,76.0,18.0
1787958099.7,23.47,1690.2,2,1.490,1.498,0.9947,79.92406733323476,False,False,D,False,76.6,13.34,109550,0.03860,95.29,5.098,0.00,91.0,76.0,18.0
1787958099.9,24.13,1708.8,2,1.490,1.498,0.9947,81.2817342326262,False,False,D,False,76.6,13.34,109550,0.03977,95.29,5.170,0.00,91.0,76.0,18.0
1787958100.1,24.76,1725.0,2,1.500,1.498,1.0013,82.6096371942029,False,False,D,False,76.6,13.34,109550,0.04133,95.29,5.204,0.00,91.0,76.0,19.0
1787958100.3,25.43,1734.8,2,1.490,1.498,0.9947,84.3598775558438,False,False,D,False,76.6,13.34,109550,0.04249,95.29,4.954,0.00,91.0,75.0,19.0
1787958100.5,26.12,1827.2,2,1.500,1.498,1.0013,82.25479673826791,False,False,D,False,76.6,13.34,109550,0.04405,95.29,5.098,0.00,91.0,74.0,19.0
1787958100.7,26.74,1861.5,3,1.500,1.000,1.5000,82.12441050783362,False,False,D,True,76.6,13.34,109550,0.04561,95.29,5.170,0.00,91.0,71.0,19.0
1787958100.9,27.54,1877.0,3,1.500,1.000,1.5000,82.12441050783362,False,False,D,True,76.6,13.34,109550,0.04756,95.29,5.204,0.00,91.0,70.0,19.0
1787958101.2,28.09,1891.2,3,1.500,1.000,1.5000,82.12441050783362,False,False,D,True,76.6,13.34,109550,0.04911,95.29,5.204,0.00,91.0,70.0,19.0
1787958101.4,28.62,1834.2,3,1.240,1.000,1.2400,82.12441050783362,False,False,D,True,76.6,13.34,109550,0.05067,95.29,5.276,0.00,91.0,69.0,19.0
1787958101.6,29.15,1764.2,3,1.050,1.000,1.0500,82.12441050783362,False,False,D,True,76.6,13.34,109550,0.05223,95.29,5.170,0.00,91.0,70.0,19.0
1787958101.8,29.70,1736.0,3,1.000,1.000,1.0000,65.74113479262674,False,False,D,False,76.6,13.34,109550,0.05418,95.29,5.098,0.00,91.0,72.0,19.0
1787958102.0,30.49,1744.8,3,1.000,1.000,1.0000,67.14003725462102,False,False,D,False,76.6,13.34,109550,0.05573,95.29,5.060,0.00,91.0,72.0,19.0
1787958102.2,30.86,1759.2,3,1.000,1.000,1.0000,67.39469660366633,False,False,D,False,76.6,13.34,109550,0.05729,95.29,5.170,0.00,91.0,73.0,20.0
1787958102.4,31.45,1763.5,3,1.000,1.000,1.0000,68.51766373688687,False,False,D,False,76.6,13.67,109550,0.05924,95.29,5.098,0.00,91.0,73.0,19.0
1787958102.6,31.98,1763.0,3,1.000,1.000,1.0000,69.70298922291549,False,False,D,False,76.6,13.67,109550,0.06080,95.29,5.098,0.00,91.0,73.0,20.0
1787958102.8,32.59,1776.8,3,1.000,1.000,1.0000,70.48261713803294,False,False,D,False,76.6,13.67,109550,0.06274,95.29,5.098,0.00,91.0,73.0,20.0
1787958103.0,33.15,1785.5,3,1.000,1.000,1.0000,71.33144777373286,False,False,D,False,76.6,13.67,109550,0.06430,95.29,5.022,0.00,91.0,73.0,20.0
1787958103.2,33.87,1792.2,3,1.000,1.000,1.0000,72.61696191937507,False,False,D,False,76.6,13.67,109550,0.06625,95.29,5.204,0.00,91.0,73.0,20.0
1787958103.4,34.43,1791.5,3,1.000,1.000,1.0000,73.83223834775329,False,False,D,False,76.6,13.67,109550,0.06819,95.29,4.648,0.00,91.0,72.0,16.0
1787958103.6,34.74,1736.0,3,1.000,1.000,1.0000,76.88979550691246,False,False,D,False,76.6,13.67,109550,0.07014,95.29,4.037,0.00,91.0,68.0,14.0
1787958103.8,35.41,1657.8,3,1.000,1.000,1.0000,82.07198009350023,False,False,D,False,76.6,13.64,109550,0.07209,95.29,3.761,0.00,91.0,62.0,14.0
1787958104.0,35.73,1636.2,3,1.000,1.000,1.0000,83.8958961038961,False,False,D,False,76.6,13.64,109550,0.07404,95.29,3.761,0.00,91.0,62.0,14.0
1787958104.2,35.99,1633.8,3,1.000,1.000,1.0000,84.62982402448357,False,False,D,False,76.6,13.64,109550,0.07598,95.29,3.702,0.00,91.0,61.0,14.0
1787958104.4,36.21,1637.2,3,1.000,1.000,1.0000,84.97103069170866,False,False,D,False,76.6,13.64,109550,0.07793,95.29,3.672,0.00,91.0,61.0,14.0
1787958104.6,36.47,1652.2,3,1.000,1.000,1.0000,84.81582690270841,False,False,D,False,76.6,13.64,109550,0.07988,95.29,3.672,0.00,91.0,61.0,14.0
1787958104.8,36.99,1658.2,3,1.000,1.000,1.0000,85.70793607718981,False,False,D,False,76.6,13.64,109550,0.08182,95.29,3.702,0.00,91.0,61.0,14.0
1787958105.0,37.19,1665.0,3,1.000,1.000,1.0000,85.81043543543544,False,False,D,False,76.6,13.64,109550,0.08416,95.29,3.702,0.00,91.0,60.0,14.0
1787958105.2,37.43,1594.8,3,1.000,1.000,1.0000,90.16865025866124,False,False,D,False,76.6,13.64,109550,0.08611,95.29,3.761,0.00,91.0,61.0,14.0
1787958105.4,37.80,1487.2,3,1.000,1.000,1.0000,97.704049133901,True,False,D,False,76.6,13.61,109550,0.08805,95.29,3.702,0.00,91.0,62.0,14.0
1787958105.6,38.12,1485.2,3,1.000,1.000,1.0000,98.70961890195429,True,False,D,False,76.6,13.61,109550,0.09000,95.29,3.561,0.00,91.0,64.0,14.0
1787958105.8,38.35,1488.5,3,1.000,1.000,1.0000,99.10409199863767,True,False,D,False,76.6,13.61,109550,0.09234,95.29,3.587,0.00,91.0,65.0,14.0
1787958106.0,38.74,1497.8,3,1.000,1.000,1.0000,99.49939333213032,True,False,D,False,76.6,13.61,109550,0.09428,95.29,3.587,0.00,91.0,65.0,14.0
1787958106.2,38.85,1509.8,3,1.000,1.000,1.0000,98.99841085630018,True,False,D,False,76.6,13.61,109550,0.09662,95.29,3.532,0.00,91.0,65.0,14.0
1787958106.4,39.47,1516.8,3,1.000,1.000,1.0000,100,True,False,D,False,76.6,13.61,109550,0.09857,95.29,3.561,0.00,91.0,65.0,14.0
1787958106.6,39.53,1539.5,3,1.000,1.000,1.0000,98.80950793020612,True,False,D,False,76.6,13.61,109550,0.10285,95.29,3.944,0.00,91.0,65.0,16.0
1787958106.8,39.67,1545.5,3,1.000,1.000,1.0000,98.78132138980135,True,False,D,False,76.6,13.61,109550,0.10402,95.29,4.067,0.00,91.0,68.0,17.0
1787958107.1,40.45,1557.2,3,1.000,1.000,1.0000,99.97632994058978,True,False,D,False,76.6,13.61,109550,0.10713,95.29,4.101,0.00,91.0,70.0,17.0
1787958107.3,40.64,1568.0,3,1.000,1.000,1.0000,99.78000506273541,True,False,D,False,76.6,13.61,109550,0.10947,95.29,4.101,0.00,91.0,71.0,17.0
1787958107.5,40.95,1580.8,3,1.000,1.000,1.0000,99.72616671826071,True,False,D,False,76.6,13.61,109550,0.11181,95.29,4.067,0.00,91.0,72.0,17.0
1787958107.7,41.17,1595.0,3,1.000,1.000,1.0000,99.38853809111397,True,False,D,False,76.6,13.61,109550,0.11375,95.29,4.160,0.00,91.0,72.0,17.0
1787958107.9,41.53,1602.8,3,1.000,1.000,1.0000,99.77523283068612,True,False,D,False,76.6,13.61,109550,0.11609,95.29,4.194,0.00,91.0,72.0,17.0
1787958108.1,41.74,1614.5,3,1.000,1.000,1.0000,99.55962711266336,True,False,D,False,76.6,13.61,109550,0.11843,95.29,4.224,0.00,91.0,72.0,17.0
1787958108.3,42.13,1630.5,3,1.000,1.000,1.0000,99.5246576132287,True,False,D,False,76.6,13.61,109550,0.12076,95.29,4.160,0.00,91.0,71.0,17.0
1787958108.5,42.49,1639.5,3,1.000,1.000,1.0000,99.82126835009919,True,False,D,False,76.6,13.61,109550,0.12310,95.29,4.258,0.00,91.0,71.0,15.0
1787958108.7,42.65,1644.2,3,1.000,1.000,1.0000,99.91124087806197,True,False,D,False,76.6,13.65,109550,0.12543,95.29,4.258,0.00,91.0,68.0,6.0
1787958108.9,42.58,1647.5,3,1.000,1.000,1.0000,99.57466528136315,True,False,D,False,76.6,13.65,109550,0.12777,95.29,1.040,0.00,91.0,53.0,0.0
1787958109.1,42.80,1634.2,3,1.000,1.000,1.0000,100,True,False,D,False,76.6,13.65,109550,0.13011,95.29,1.002,0.00,91.0,40.0,0.0
1787958109.3,42.50,1651.8,3,1.000,1.000,1.0000,99.09784915623455,True,False,D,False,76.6,13.65,109550,0.13244,95.29,1.027,0.00,91.0,40.0,0.0
1787958109.5,42.45,1643.0,3,1.000,1.000,1.0000,99.53041326226133,True,False,D,False,76.6,13.65,109550,0.13478,95.29,1.078,0.00,91.0,27.0,0.0
1787958109.7,42.10,1625.8,3,1.000,1.000,1.0000,99.74607211055643,True,False,D,False,76.6,13.65,109550,0.13712,95.29,1.027,0.00,91.0,26.0,0.0
1787958109.9,41.96,1612.0,3,1.000,1.000,1.0000,100,True,False,D,False,76.6,13.65,109550,0.13945,95.29,1.027,0.00,91.0,24.0,0.0
1787958110.1,41.45,1600.8,3,1.000,1.000,1.0000,99.7490521481493,True,False,D,False,76.6,13.65,109550,0.14179,95.29,1.053,0.00,91.0,24.0,0.0
1787958110.3,41.34,1592.8,3,1.000,1.000,1.0000,99.98183480022878,True,False,D,False,76.6,13.65,109550,0.14412,95.29,1.053,0.00,91.0,23.0,0.0
1787958110.5,40.98,1583.5,3,1.000,1.000,1.0000,99.70940192472315,True,False,D,False,76.6,13.65,109550,0.14646,95.29,1.065,0.00,91.0,23.0,0.0
1787958110.7,40.63,1575.0,3,1.000,1.000,1.0000,99.39902036226624,True,False,D,False,76.6,13.65,109550,0.14880,95.29,1.078,0.00,91.0,23.0,0.0
1787958110.9,40.40,1565.0,3,1.000,1.000,1.0000,99.46437429194009,True,False,D,False,76.6,13.65,109550,0.15074,95.29,1.078,0.00,91.0,23.0,0.0
1787958111.1,40.25,1552.8,3,1.000,1.000,1.0000,99.89402175634255,True,False,D,False,76.6,13.65,109550,0.15308,95.29,1.053,0.00,91.0,23.0,2.0
1787958111.3,40.07,1542.2,3,1.000,1.000,1.0000,100,False,False,D,False,76.6,13.65,109550,0.15542,95.29,1.286,0.00,91.0,26.0,7.0
1787958111.5,40.05,1589.5,3,1.000,1.000,1.0000,97.10828649579815,False,False,D,False,76.6,13.65,109550,0.15775,95.29,2.364,0.00,91.0,31.0,10.0
1787958111.7,39.92,1652.0,3,1.000,1.000,1.0000,93.1194874253114,False,False,D,False,76.6,13.65,109550,0.15970,95.29,2.772,0.00,91.0,37.0,11.0
1787958111.9,39.99,1666.2,3,1.000,1.000,1.0000,92.49656946448702,False,False,D,False,76.6,13.65,109550,0.16204,95.29,2.988,0.00,91.0,41.0,12.0
1787958112.1,40.03,1678.8,3,1.000,1.000,1.0000,91.89391910170964,False,False,D,False,76.6,13.65,109550,0.16437,95.29,2.988,0.00,91.0,44.0,12.0
1787958112.3,40.01,1694.8,3,1.000,1.000,1.0000,90.96382610375952,False,False,D,False,76.6,13.65,109550,0.16632,95.29,3.175,0.00,91.0,47.0,12.0
1787958112.5,40.36,1704.5,3,1.000,1.000,1.0000,91.24608487473861,False,False,D,False,76.6,13.65,109550,0.16866,95.29,3.065,0.00,91.0,49.0,12.0
1787958112.7,40.46,1712.8,3,1.000,1.000,1.0000,91.03156085852657,False,False,D,False,76.6,13.65,109550,0.17216,95.29,3.205,0.00,91.0,49.0,12.0
1787958112.9,40.47,1718.0,3,1.000,1.000,1.0000,90.78141742396541,False,False,D,False,76.6,13.65,109550,0.17411,95.29,3.286,0.00,91.0,50.0,12.0
1787958113.2,40.69,1724.5,3,1.000,1.000,1.0000,90.9196791220579,False,False,D,False,76.6,13.65,109550,0.17644,95.29,3.260,0.00,91.0,50.0,12.0
1787958113.4,40.78,1731.5,3,1.000,1.000,1.0000,90.7524143334065,False,False,D,False,76.6,13.65,109550,0.17878,95.29,3.260,0.00,91.0,51.0,13.0
1787958113.6,40.90,1736.8,3,1.000,1.000,1.0000,90.7498858804197,False,False,D,False,76.6,13.65,109550,0.18112,95.29,3.341,0.00,91.0,51.0,13.0
1787958113.8,41.04,1740.0,3,1.000,1.000,1.0000,90.87936348349174,False,False,D,False,75.6,13.65,109550,0.18306,95.29,3.366,0.00,91.0,51.0,13.0
1787958114.0,41.21,1735.8,3,1.000,1.000,1.0000,91.49595054074514,False,False,D,False,75.6,13.65,109550,0.18540,95.29,3.366,0.00,91.0,51.0,13.0
1787958114.2,41.33,1659.2,3,1.000,1.000,1.0000,96.02106098909293,True,False,D,False,75.6,13.65,109550,0.18774,95.29,3.366,0.00,91.0,52.0,13.0
1787958114.4,41.54,1620.8,3,1.000,1.000,1.0000,98.84555129926812,True,False,D,False,75.6,13.65,109550,0.19007,95.29,3.311,0.00,91.0,53.0,13.0
1787958114.6,41.54,1611.5,3,1.000,1.000,1.0000,99.42810910554617,True,False,D,False,75.6,13.65,109550,0.19241,95.29,3.260,0.00,91.0,55.0,13.0
1787958114.8,41.86,1614.0,3,1.000,1.000,1.0000,100,True,False,D,False,75.6,13.66,109550,0.19475,95.29,3.421,0.00,91.0,55.0,13.0
1787958115.0,41.88,1624.0,3,1.000,1.000,1.0000,99.47981373121664,True,False,D,False,75.6,13.66,109550,0.19708,95.29,3.451,0.00,91.0,56.0,14.0
1787958115.2,41.92,1625.2,3,1.000,1.000,1.0000,99.51125231837734,True,False,D,False,75.6,13.66,109550,0.19903,95.29,3.477,0.00,91.0,57.0,14.0
1787958115.4,42.20,1630.0,3,1.000,1.000,1.0000,99.89902930275454,True,False,D,False,75.6,13.66,109550,0.20253,95.29,3.506,0.00,91.0,57.0,14.0
1787958115.6,42.13,1633.5,3,1.000,1.000,1.0000,99.5146856550752,True,False,D,False,75.6,13.66,109550,0.20487,95.29,3.532,0.00,91.0,58.0,14.0
1787958115.8,42.61,1641.2,3,1.000,1.000,1.0000,100,True,False,D,False,75.6,13.66,109550,0.20721,95.29,3.587,0.00,91.0,59.0,14.0
1787958116.0,42.68,1649.0,3,1.000,1.000,1.0000,99.88597633392742,True,False,D,False,75.6,13.66,109550,0.20954,95.29,3.702,0.00,91.0,60.0,14.0
1787958116.2,42.75,1643.8,3,1.000,1.000,1.0000,100,True,False,D,False,75.6,13.66,109550,0.21188,95.29,1.201,0.00,91.0,49.0,0.0
1787958116.4,42.83,1642.0,3,1.000,1.000,1.0000,100,True,False,D,False,75.6,13.66,109550,0.21421,95.29,0.964,0.00,91.0,41.0,0.0
1787958116.6,42.55,1640.5,3,1.000,1.000,1.0000,100,True,False,D,False,75.6,13.66,109550,0.21655,95.29,1.002,0.00,91.0,27.0,0.0
1787958116.8,42.26,1628.0,3,1.000,1.000,1.0000,100,True,False,D,False,75.6,13.66,109550,0.21889,95.29,1.065,0.00,90.0,23.0,0.0
1787958117.0,41.92,1619.2,3,1.000,1.000,1.0000,99.88324415957223,True,False,D,False,75.6,13.66,109550,0.22122,95.29,1.065,0.00,91.0,22.0,0.0
1787958117.2,41.69,1605.0,3,1.000,1.000,1.0000,100,True,False,D,False,75.6,13.66,109550,0.22356,95.29,1.027,0.00,90.0,22.0,0.0
1787958117.4,41.30,1597.2,3,1.000,1.000,1.0000,99.77494437167618,True,False,D,False,75.6,13.66,109550,0.22590,95.29,1.040,0.00,91.0,22.0,0.0
1787958117.6,40.91,1583.8,3,1.000,1.000,1.0000,99.66548853720238,True,False,D,False,75.6,13.66,109550,0.22823,95.29,1.053,0.00,90.0,22.0,0.0
1787958117.8,40.98,1575.5,3,1.000,1.000,1.0000,100,True,False,D,False,75.6,13.68,109550,0.23018,95.29,1.053,0.00,90.0,22.0,0.0
1787958118.0,40.58,1565.8,3,1.000,1.000,1.0000,100,True,False,D,False,75.6,13.68,109550,0.23252,95.29,1.078,0.00,91.0,22.0,0.0
1787958118.2,40.21,1559.8,3,1.000,1.000,1.0000,99.48595034664343,True,False,D,False,75.6,13.68,109550,0.23485,95.29,1.078,0.00,91.0,22.0,0.0
1787958118.4,40.09,1547.2,3,1.000,1.000,1.0000,99.98617722744615,True,False,D,False,75.6,13.68,109550,0.23719,95.29,1.065,0.00,90.0,22.0,0.0
1787958118.6,39.85,1535.8,3,1.000,1.000,1.0000,100,True,False,D,False,75.6,13.68,109550,0.23914,95.29,1.078,0.00,91.0,22.0,0.0
1787958118.8,39.22,1523.5,3,1.000,1.000,1.0000,99.3452357894895,True,False,D,False,75.6,13.68,109550,0.24264,95.29,1.078,0.00,90.0,22.0,0.0
1787958119.0,38.97,1515.2,3,1.000,1.000,1.0000,99.26553828549808,True,False,D,False,75.6,13.68,109550,0.24459,95.29,1.078,0.00,91.0,22.0,0.0
1787958119.3,38.82,1499.5,3,1.000,1.000,1.0000,99.91638663984274,True,False,D,False,75.6,13.68,109550,0.24692,95.29,1.104,0.00,90.0,22.0,0.0
1787958119.5,38.57,1484.0,3,1.000,1.000,1.0000,100,True,False,D,False,75.6,13.68,109550,0.24887,95.29,1.078,0.00,91.0,23.0,0.0
1787958119.7,38.15,1472.0,3,1.000,1.000,1.0000,100,True,False,D,False,75.6,13.68,109550,0.25121,95.29,1.091,0.00,90.0,23.0,0.0
1787958119.9,37.86,1457.2,3,1.000,1.000,1.0000,100,True,False,D,False,75.6,13.68,109550,0.25315,95.29,1.091,0.00,90.0,24.0,0.0
1787958120.1,37.33,1441.5,3,1.000,1.000,1.0000,99.93019842683425,True,False,D,False,76.6,13.68,109550,0.25510,95.29,1.104,0.00,90.0,24.0,0.0
1787958120.3,37.00,1428.0,3,1.000,1.000,1.0000,100,True,False,D,False,76.6,13.68,109550,0.25744,95.29,1.121,0.00,90.0,24.0,0.0
1787958120.5,36.82,1413.5,3,1.000,1.000,1.0000,100,True,False,D,False,76.6,13.68,109550,0.25938,95.29,1.133,0.00,90.0,25.0,0.0
1787958120.7,36.50,1402.2,3,1.000,1.000,1.0000,100,True,False,D,False,76.6,13.68,109550,0.26133,95.29,1.121,0.00,90.0,25.0,0.0
1787958120.9,36.10,1389.2,3,1.000,1.000,1.0000,100,True,False,D,False,76.6,13.42,109550,0.26328,95.29,1.146,0.00,90.0,25.0,0.0
1787958121.1,35.73,1376.8,3,1.000,1.000,1.0000,100,True,False,D,False,76.6,13.42,109550,0.26522,95.29,1.133,0.00,90.0,26.0,0.0
1787958121.3,35.10,1355.2,3,1.000,1.000,1.0000,99.93153956318211,True,False,D,False,76.6,13.42,109550,0.26717,95.29,1.121,0.00,90.0,26.0,0.0
1787958121.5,34.53,1324.8,3,1.000,1.000,1.0000,100,True,False,D,False,76.6,13.42,109550,0.26912,95.29,1.146,0.00,90.0,26.0,0.0
1787958121.7,33.63,1292.2,3,1.000,1.000,1.0000,100,True,False,D,False,76.6,13.42,109550,0.27107,95.29,1.172,0.00,90.0,26.0,0.0
1787958121.9,32.33,1246.2,3,1.000,1.000,1.0000,100,True,False,D,False,76.6,13.70,109550,0.27301,95.29,1.133,0.00,90.0,27.0,0.0
1787958122.1,31.44,1209.2,3,1.000,1.000,1.0000,100,True,False,D,False,76.6,13.70,109550,0.27457,95.29,1.078,0.00,90.0,27.0,0.0
1787958122.3,30.42,1172.8,3,1.000,1.000,1.0000,100,True,False,D,False,76.6,13.70,109550,0.27652,95.29,1.091,0.00,90.0,27.0,0.0
1787958122.5,29.43,1145.5,3,1.000,1.000,1.0000,99.11951609623046,True,False,D,False,76.6,13.70,109550,0.27807,95.29,1.133,0.00,90.0,27.0,0.0
1787958122.7,28.54,1100.0,3,1.000,1.000,1.0000,100,True,False,D,False,76.6,13.70,109550,0.27963,95.29,1.227,0.00,90.0,28.0,0.0
1787958122.9,27.77,1068.2,3,1.000,1.000,1.0000,100,True,False,D,False,76.6,13.70,109550,0.28119,94.12,1.189,0.00,90.0,29.0,0.0
1787958123.1,26.62,1040.0,3,1.000,1.000,1.0000,98.76803071874672,True,False,D,False,76.6,13.70,109550,0.28275,95.29,1.214,0.00,90.0,30.0,0.0
1787958123.3,25.89,1008.2,3,1.000,1.000,1.0000,99.06557839474512,True,False,D,False,76.6,13.70,109550,0.28430,95.29,1.159,0.00,90.0,30.0,0.0
1787958123.5,25.06,817.0,3,1.010,1.000,1.0100,100,False,False,D,False,76.6,13.70,109550,0.28586,95.29,1.562,0.00,90.0,33.0,0.0
1787958123.7,24.09,740.2,3,1.000,1.000,1.0000,100,False,False,D,False,76.6,13.70,109550,0.28703,95.29,2.195,0.00,90.0,43.0,0.0
1787958123.9,23.46,751.5,3,1.000,1.000,1.0000,100,False,False,D,False,76.6,13.69,109550,0.28859,95.29,1.121,0.00,90.0,45.0,0.0
1787958124.1,23.00,760.5,3,1.000,1.000,1.0000,100,False,False,D,False,76.6,13.69,109550,0.28976,95.29,1.104,0.00,90.0,44.0,0.0
1787958124.3,22.86,769.0,3,1.000,1.000,1.0000,100,False,False,D,False,76.6,13.69,109550,0.29092,95.29,1.104,0.00,90.0,43.0,0.0
1787958124.5,22.30,762.5,3,1.000,1.000,1.0000,100,False,False,D,False,76.6,13.69,109550,0.29209,95.29,1.040,0.00,90.0,42.0,0.0
1787958124.7,21.62,750.2,3,1.000,1.000,1.0000,100,False,False,D,False,76.6,13.69,109550,0.29404,95.29,1.121,0.00,90.0,41.0,0.0
1787958124.9,21.16,743.5,3,1.000,1.000,1.0000,100,False,False,D,False,76.6,13.69,109550,0.29521,95.29,1.104,0.00,90.0,41.0,0.0
1787958125.2,20.49,742.2,3,1.000,1.000,1.0000,100,False,False,D,False,76.6,13.69,109550,0.29638,95.29,1.078,0.00,90.0,41.0,0.0
1787958125.4,19.90,737.0,3,1.000,1.000,1.0000,0,False,False,D,False,76.6,13.69,109550,0.29754,95.29,1.065,0.00,90.0,41.0,0.0
1787958125.6,19.31,732.0,3,1.000,1.000,1.0000,0,False,False,D,False,76.6,13.69,109550,0.29871,95.29,1.091,0.00,90.0,41.0,0.0
1787958125.8,18.94,723.5,3,1.000,1.000,1.0000,0,False,False,D,False,76.6,13.69,109550,0.30066,95.29,1.121,0.00,90.0,42.0,0.0
1787958126.0,18.81,719.5,3,1.000,1.000,1.0000,0,False,False,D,False,76.6,13.69,109550,0.30144,95.29,1.121,0.00,90.0,42.0,0.0
1787958126.2,18.45,714.8,3,1.000,1.000,1.0000,0,False,False,D,False,76.6,13.69,109550,0.30261,95.29,0.891,0.00,90.0,41.0,0.0
1787958126.4,18.05,735.5,3,1.010,1.000,1.0100,0,False,False,D,False,76.6,13.69,109550,0.30377,95.29,0.870,0.00,90.0,39.0,0.0
1787958126.6,17.61,741.8,3,1.000,1.000,1.0000,0,False,False,D,False,76.6,13.69,109550,0.30455,92.94,0.849,0.00,90.0,39.0,0.0
1787958126.8,17.10,731.5,3,1.000,1.000,1.0000,0,False,False,D,False,76.6,13.69,109550,0.30572,95.29,0.857,0.00,90.0,37.0,0.0
1787958127.0,16.28,718.5,3,1.010,1.000,1.0100,0,False,False,D,False,76.6,13.69,109550,0.30650,95.29,0.857,0.00,90.0,36.0,0.0
1787958127.2,15.58,715.8,3,1.000,1.000,1.0000,0,False,False,D,False,76.6,13.82,109550,0.30728,95.29,0.857,0.00,90.0,36.0,0.0
1787958127.4,14.73,702.8,3,1.000,1.000,1.0000,0,False,False,D,False,76.6,13.82,109550,0.30806,94.12,0.879,0.00,90.0,36.0,0.0
1787958127.6,13.89,690.8,3,0.960,1.000,0.9600,0,False,False,D,False,76.6,13.82,109550,0.30884,95.29,0.976,0.00,90.0,36.0,0.0
1787958127.8,12.90,683.0,3,0.960,1.000,0.9600,0,False,False,D,False,76.6,13.82,109550,0.30961,94.12,1.078,0.00,90.0,38.0,0.0
1787958128.0,12.28,690.0,3,1.010,1.000,1.0100,0,False,False,D,False,76.6,13.82,109550,0.31039,95.29,1.040,0.00,90.0,39.0,0.0
1787958128.2,11.97,705.8,3,0.960,1.000,0.9600,0,False,False,D,False,76.6,13.82,109550,0.31117,95.29,1.002,0.00,90.0,39.0,0.0
1787958128.4,11.87,712.0,3,1.060,1.000,1.0600,0,False,False,D,False,76.6,13.82,109550,0.31195,95.29,0.976,0.00,90.0,39.0,0.0
1787958128.6,11.44,713.2,1,1.000,2.816,0.3551,0,False,False,D,True,76.6,13.82,109550,0.31234,95.29,0.951,0.00,90.0,39.0,0.0
1787958128.8,11.03,703.5,1,1.040,2.816,0.3693,0,False,False,D,True,76.6,13.65,109550,0.31312,95.29,0.964,0.00,90.0,39.0,0.0
1787958129.0,10.59,699.2,1,0.990,2.816,0.3516,0,False,False,D,True,76.6,13.65,109550,0.31390,95.29,1.002,0.00,90.0,39.0,0.0
1787958129.2,10.11,696.2,1,1.030,2.816,0.3658,0,False,False,D,True,76.6,13.65,109550,0.31429,95.29,1.027,0.00,90.0,40.0,0.0
1787958129.4,9.57,701.2,1,1.300,2.816,0.4616,0,False,False,D,True,76.6,13.65,109550,0.31468,95.29,0.964,0.00,90.0,40.0,0.0
1787958129.6,9.07,717.5,1,1.580,2.816,0.5611,0,False,False,D,True,76.6,13.65,109550,0.31546,95.29,1.015,0.00,90.0,40.0,0.0
1787958129.8,8.58,732.5,1,1.880,2.816,0.6676,0,False,False,D,True,76.6,13.65,109550,0.31584,95.29,0.917,0.00,90.0,39.0,0.0
1787958130.0,7.95,739.8,1,2.160,2.816,0.7670,0,False,False,D,True,76.6,13.65,109550,0.31623,92.94,0.857,0.00,90.0,38.0,0.0
1787958130.2,7.46,738.2,1,2.330,2.816,0.8274,0,False,False,D,True,76.6,13.70,109550,0.31662,95.29,0.828,0.00,90.0,37.0,0.0
1787958130.4,7.25,735.5,1,2.480,2.816,0.8807,0,False,False,D,True,76.6,13.70,109550,0.31701,95.29,0.815,0.00,90.0,36.0,0.0
1787958130.6,7.12,735.8,1,2.530,2.816,0.8984,0,False,False,D,True,76.6,13.70,109550,0.31740,95.29,0.807,0.00,90.0,35.0,0.0
1787958130.8,6.95,725.0,1,2.580,2.816,0.9162,0,False,False,D,True,76.6,13.70,109550,0.31818,95.29,0.815,0.00,90.0,35.0,0.0
1787958131.0,6.66,720.5,1,2.640,2.816,0.9375,0,False,False,D,True,76.6,13.70,109550,0.31857,95.29,0.857,0.00,90.0,34.0,0.0
1787958131.3,6.28,715.0,1,2.750,2.816,0.9766,0,False,False,D,False,76.6,13.70,109550,0.31896,95.29,0.849,0.00,90.0,34.0,0.0
1787958131.5,5.86,718.0,1,2.850,2.816,1.0121,0,False,False,D,False,76.6,13.70,109550,0.31935,95.29,0.879,0.00,90.0,34.0,0.0
1787958131.7,5.50,698.8,1,2.820,2.816,1.0014,0,False,False,D,False,76.6,13.70,109550,0.31974,95.29,1.401,0.00,90.0,34.0,0.0
1787958131.9,5.10,700.8,1,2.810,2.816,0.9979,0,False,False,D,False,76.6,13.64,109550,0.31974,95.29,1.341,0.00,90.0,38.0,0.0
1787958132.1,4.72,713.5,1,2.780,2.816,0.9872,0,False,False,D,False,76.6,13.64,109550,0.32013,95.29,1.065,0.00,90.0,40.0,0.0
1787958132.3,4.35,720.0,1,2.600,2.816,0.9233,0,False,False,D,False,76.6,13.64,109550,0.32052,95.29,0.989,0.00,90.0,41.0,0.0
1787958132.5,4.02,705.2,1,2.570,2.816,0.9126,0,False,False,D,False,76.6,13.64,109550,0.32052,95.29,0.938,0.00,90.0,40.0,0.0
1787958132.7,3.56,686.2,1,2.820,2.816,1.0014,0,False,False,D,False,76.6,13.64,109550,0.32091,95.29,0.930,0.00,90.0,39.0,0.0
1787958132.9,3.01,660.5,1,2.820,2.816,1.0014,0,False,False,D,False,76.6,13.64,109550,0.32091,95.29,0.904,0.00,90.0,39.0,0.0
1787958133.1,2.46,639.5,1,2.820,2.816,1.0014,0,False,False,D,False,76.6,13.64,109550,0.32130,95.29,0.870,0.00,90.0,39.0,0.0
1787958133.3,1.90,622.5,1,2.820,2.816,1.0014,0,False,False,D,False,76.6,13.62,109550,0.32130,95.29,0.904,0.00,90.0,40.0,0.0
1787958133.5,1.41,611.0,1,2.820,2.816,1.0014,0,False,False,D,False,76.6,13.62,109550,0.32130,95.29,0.870,0.00,90.0,40.0,0.0
1787958133.7,0.85,605.0,1,2.820,2.816,1.0014,0,False,False,D,False,76.6,13.62,109550,0.32130,95.29,0.857,0.00,90.0,40.0,0.0
1787958133.9,0.00,607.2,1,2.820,2.816,1.0014,0,False,False,D,False,76.6,13.68,109550,0.32169,95.29,0.828,0.00,90.0,40.0,0.0
1787958134.1,0.00,610.8,1,2.820,2.816,1.0014,0,False,False,D,False,76.6,13.68,109550,0.32169,95.29,0.849,0.00,90.0,40.0,0.0
1787958134.3,0.00,612.8,1,2.820,2.816,1.0014,0,False,False,D,False,76.6,13.68,109550,0.32169,95.29,0.807,0.00,90.0,40.0,0.0
1787958134.5,0.00,612.8,1,2.820,2.816,1.0014,0,False,False,D,False,76.6,13.68,109550,0.32169,95.29,0.828,0.00,90.0,40.0,0.0
1787958134.7,0.00,611.2,1,2.820,2.816,1.0014,0,False,False,D,False,76.6,13.68,109550,0.32169,95.29,0.849,0.00,90.0,40.0,0.0
1787958134.9,0.00,610.2,1,2.820,2.816,1.0014,0,False,False,D,False,76.6,13.68,109550,0.32169,95.29,0.828,0.00,90.0,39.0,0.0
1787958135.1,0.00,609.0,1,2.820,2.816,1.0014,0,False,False,D,False,76.6,13.68,109550,0.32169,95.29,0.828,0.00,90.0,39.0,0.0
1787958135.3,0.00,607.0,1,2.820,2.816,1.0014,0,False,False,D,False,76.6,13.68,109550,0.32169,95.29,0.807,0.00,90.0,39.0,0.0
1787958135.5,0.00,604.0,1,2.820,2.816,1.0014,0,False,False,D,False,76.6,13.68,109550,0.32169,95.29,0.836,0.00,90.0,39.0,0.0
1787958135.7,0.00,604.2,1,2.820,2.816,1.0014,0,False,False,D,False,76.6,13.68,109550,0.32169,95.29,0.815,0.00,90.0,40.0,0.0
1787958135.9,0.00,605.8,1,2.820,2.816,1.0014,0,False,False,D,False,76.6,13.68,109550,0.32169,95.29,0.815,0.00,90.0,40.0,0.0
1787958136.1,0.00,608.5,1,2.820,2.816,1.0014,0,False,False,D,False,76.6,13.68,109550,0.32169,95.29,0.849,0.00,90.0,40.0,0.0
1787958136.3,0.00,611.5,1,2.820,2.816,1.0014,0,False,False,D,False,76.6,13.67,109550,0.32169,95.29,0.807,0.00,90.0,40.0,0.0
1787958136.5,0.00,611.8,1,2.820,2.816,1.0014,0,False,False,D,False,76.6,13.67,109550,0.32169,95.29,0.828,0.00,90.0,40.0,0.0
1787958136.7,0.00,610.8,1,2.820,2.816,1.0014,0,False,False,D,False,76.6,13.67,109550,0.32169,95.29,0.849,0.00,90.0,40.0,0.0
1787958136.9,0.00,612.0,1,2.820,2.816,1.0014,0,False,False,D,False,76.6,13.67,109550,0.32169,95.29,0.836,0.00,90.0,39.0,0.0
1787958137.2,0.00,612.5,1,2.820,2.816,1.0014,0,False,False,D,False,76.6,13.67,109550,0.32169,95.29,0.828,0.00,90.0,39.0,0.0
1787958137.4,0.00,609.0,1,2.820,2.816,1.0014,0,False,False,D,False,76.6,13.67,109550,0.32169,95.29,0.849,0.00,90.0,39.0,0.0
1787958137.6,0.00,610.0,1,2.820,2.816,1.0014,0,False,False,D,False,76.6,13.67,109550,0.32169,95.29,0.828,0.00,90.0,39.0,0.0
1787958137.8,0.00,609.0,1,2.820,2.816,1.0014,0,False,False,D,False,76.6,13.67,109550,0.32169,95.29,0.828,0.00,90.0,39.0,0.0
1787958138.0,0.00,609.0,1,2.820,2.816,1.0014,0,False,False,D,False,76.6,13.67,109550,0.32169,95.29,0.836,0.00,90.0,39.0,0.0
1787958138.2,0.00,607.5,1,2.820,2.816,1.0014,0,False,False,D,False,76.6,13.67,109550,0.32169,95.29,0.836,0.00,90.0,40.0,0.0
1787958138.4,0.00,609.8,1,2.820,2.816,1.0014,0,False,False,D,False,76.6,13.67,109550,0.32169,95.29,0.807,0.00,90.0,40.0,0.0
1787958138.6,0.00,609.0,1,2.820,2.816,1.0014,0,False,False,D,False,76.6,13.67,109550,0.32169,95.29,0.807,0.00,90.0,39.0,0.0
1787958138.8,0.00,608.5,1,2.820,2.816,1.0014,0,False,False,D,False,76.6,13.67,109550,0.32169,95.29,0.815,0.00,90.0,39.0,0.0
1787958139.0,0.00,608.8,1,2.820,2.816,1.0014,0,False,False,D,False,76.6,13.67,109550,0.32169,95.29,0.815,0.00,90.0,39.0,0.0
1787958139.2,0.00,607.2,1,2.820,2.816,1.0014,0,False,False,D,False,76.6,13.67,109550,0.32169,95.29,0.815,0.00,90.0,39.0,0.0
1787958139.4,0.00,608.8,1,2.820,2.816,1.0014,0,False,False,D,False,76.6,13.64,109550,0.32169,95.29,0.815,0.00,90.0,40.0,0.0
1787958139.6,0.00,610.2,1,2.820,2.816,1.0014,0,False,False,D,False,76.6,13.64,109550,0.32169,95.29,0.836,0.00,90.0,40.0,0.0
1787958139.8,0.00,612.2,1,2.820,2.816,1.0014,0,False,False,D,False,76.6,13.64,109550,0.32169,95.29,0.828,0.00,90.0,40.0,0.0
1787958140.0,0.00,612.0,1,2.820,2.816,1.0014,0,False,False,D,False,76.6,13.64,109550,0.32169,95.29,0.828,0.00,90.0,39.0,0.0
1787958140.2,0.00,612.5,1,2.820,2.816,1.0014,0,False,False,D,False,76.6,13.64,109550,0.32169,95.29,0.815,0.00,90.0,40.0,0.0
1787958140.4,0.00,615.5,1,2.820,2.816,1.0014,0,False,False,D,False,76.6,13.64,109550,0.32169,95.29,0.815,0.00,90.0,40.0,0.0
1787958140.6,0.00,615.2,1,2.820,2.816,1.0014,0,False,False,D,False,76.6,13.64,109550,0.32169,95.29,0.807,0.00,90.0,40.0,0.0
1787958140.8,0.00,614.8,1,2.820,2.816,1.0014,0,False,False,D,False,76.6,13.64,109550,0.32169,95.29,0.815,0.00,90.0,40.0,0.0
1787958141.0,0.00,612.8,1,2.820,2.816,1.0014,0,False,False,D,False,76.6,13.64,109550,0.32169,95.29,0.828,0.00,90.0,40.0,0.0
1787958141.2,0.00,613.0,1,2.820,2.816,1.0014,0,False,False,D,False,76.6,13.64,109550,0.32169,95.29,0.794,0.00,90.0,40.0,0.0
1787958141.4,0.00,613.0,1,2.820,2.816,1.0014,0,False,False,D,False,76.6,13.64,109550,0.32169,95.29,0.807,0.00,90.0,40.0,0.0
1787958141.6,0.00,614.0,1,2.820,2.816,1.0014,0,False,False,D,False,76.6,13.64,109550,0.32169,95.29,0.807,0.00,90.0,39.0,0.0
1787958141.8,0.00,612.2,1,2.820,2.816,1.0014,0,False,False,D,False,76.6,13.64,109550,0.32169,95.29,0.828,0.00,90.0,40.0,0.0
1787958142.0,0.00,615.2,1,2.820,2.816,1.0014,0,False,False,D,False,76.6,13.64,109550,0.32169,95.29,0.836,0.00,90.0,40.0,0.0
1787958142.2,0.00,614.5,1,2.820,2.816,1.0014,0,False,False,D,False,76.6,13.64,109550,0.32169,95.29,0.836,0.00,90.0,40.0,0.0
1787958142.4,0.00,616.0,1,2.820,2.816,1.0014,0,False,False,D,False,76.6,13.64,109550,0.32169,95.29,0.815,0.00,90.0,39.0,0.0
1787958142.6,0.00,610.8,1,2.820,2.816,1.0014,0,False,False,D,False,76.6,13.65,109550,0.32169,95.29,0.828,0.00,90.0,39.0,0.0
1787958142.8,0.00,611.2,1,2.820,2.816,1.0014,0,False,False,D,False,76.6,13.65,109550,0.32169,95.29,0.836,0.00,90.0,41.0,0.0
1787958143.0,0.00,645.5,1,2.820,2.816,1.0014,0,False,False,D,False,76.6,13.65,109550,0.32169,95.29,1.201,0.00,90.0,46.0,0.0
1787958143.2,0.00,664.2,1,2.820,2.816,1.0014,0,False,False,D,False,76.6,13.65,109550,0.32169,95.29,1.002,0.00,90.0,46.0,0.0
1787958143.4,0.00,624.2,1,2.820,2.816,1.0014,0,False,False,D,False,76.6,13.65,109550,0.32169,95.29,1.401,0.00,90.0,47.0,0.0
1787958143.7,0.00,627.0,1,2.820,2.816,1.0014,0,False,False,D,False,76.6,13.65,109550,0.32169,95.29,1.286,0.00,90.0,50.0,0.0
1787958143.9,0.00,639.0,1,2.820,2.816,1.0014,0,False,False,D,False,76.6,13.65,109550,0.32169,95.29,1.286,0.00,90.0,53.0,0.0
1787958144.1,0.00,672.5,1,2.820,2.816,1.0014,0,False,False,D,False,76.6,13.65,109550,0.32169,95.29,1.329,0.00,90.0,55.0,0.0
1787958144.3,0.00,707.2,1,2.820,2.816,1.0014,0,False,False,D,False,76.6,13.65,109550,0.32169,95.29,1.358,0.00,90.0,55.0,0.0
1787958144.5,0.00,719.8,1,2.820,2.816,1.0014,0,False,False,D,False,76.6,13.65,109550,0.32169,95.29,1.329,0.00,90.0,54.0,0.0
1787958144.7,0.00,715.5,1,2.820,2.816,1.0014,0,False,False,D,False,76.6,13.65,109550,0.32169,95.29,1.371,0.00,90.0,54.0,0.0
1787958144.9,0.00,711.2,1,2.820,2.816,1.0014,0,False,False,D,False,76.6,13.65,109550,0.32169,95.29,1.371,0.00,90.0,53.0,0.0
1787958145.1,0.00,708.2,1,2.820,2.816,1.0014,0,False,False,D,False,76.6,13.65,109550,0.32169,95.29,1.401,0.00,90.0,53.0,0.0
1787958145.3,0.00,702.8,1,2.820,2.816,1.0014,0,False,False,D,False,76.6,13.65,109550,0.32169,95.29,1.431,0.00,90.0,54.0,0.0
1787958145.5,0.00,700.5,1,2.820,2.816,1.0014,0,False,False,D,False,76.6,13.65,109550,0.32169,95.29,1.388,0.00,90.0,55.0,0.0
1787958145.7,0.00,708.0,1,2.820,2.816,1.0014,0,False,False,D,False,76.6,13.65,109550,0.32169,95.29,1.431,0.00,90.0,55.0,0.0
1787958145.9,0.00,714.0,1,2.820,2.816,1.0014,0,False,False,D,False,76.6,13.50,109550,0.32169,95.29,1.448,0.00,90.0,55.0,0.0
1787958146.1,0.00,718.8,1,2.820,2.816,1.0014,0,False,False,D,False,76.6,13.50,109550,0.32169,95.29,1.464,0.00,90.0,56.0,0.0
1787958146.3,0.00,716.5,1,2.820,2.816,1.0014,0,False,False,D,False,76.6,13.50,109550,0.32169,95.29,1.431,0.00,90.0,55.0,0.0
1787958146.5,0.00,718.2,1,2.820,2.816,1.0014,0,False,False,D,False,76.6,13.50,109550,0.32169,95.29,1.371,0.00,90.0,55.0,0.0
1787958146.7,0.00,715.0,1,2.820,2.816,1.0014,0,False,False,D,False,76.6,13.50,109550,0.32169,95.29,1.341,0.00,90.0,54.0,0.0
1787958146.9,0.00,713.2,1,2.820,2.816,1.0014,0,False,False,D,False,76.6,13.50,109550,0.32169,95.29,1.341,0.00,90.0,54.0,0.0
1787958147.1,0.00,710.0,1,2.820,2.816,1.0014,0,False,False,D,False,76.6,13.50,109550,0.32169,95.29,1.341,0.00,90.0,53.0,0.0
1787958147.3,0.00,709.0,1,2.820,2.816,1.0014,0,False,False,D,False,76.6,13.50,109550,0.32169,95.29,1.341,0.00,90.0,53.0,0.0
1787958147.5,0.00,703.5,1,2.820,2.816,1.0014,0,False,False,D,False,76.6,13.50,109550,0.32169,95.29,1.329,0.00,90.0,53.0,0.0
1787958147.7,0.00,701.5,1,2.820,2.816,1.0014,0,False,False,D,False,76.6,13.50,109550,0.32169,95.29,1.371,0.00,90.0,53.0,0.0
1787958147.9,0.00,699.8,1,2.820,2.816,1.0014,0,False,False,D,False,76.6,13.50,109550,0.32169,95.29,1.358,0.00,90.0,53.0,0.0
1787958148.1,0.00,696.5,1,2.820,2.816,1.0014,0,False,False,D,False,76.6,13.50,109550,0.32169,95.29,1.341,0.00,90.0,53.0,0.0
1787958148.3,0.00,695.8,1,2.820,2.816,1.0014,0,False,False,D,False,76.6,13.50,109550,0.32169,95.29,1.358,0.00,90.0,53.0,0.0
1787958148.5,0.00,698.8,1,2.820,2.816,1.0014,0,False,False,D,False,76.6,13.50,109550,0.32169,95.29,1.329,0.00,90.0,54.0,0.0
1787958148.7,0.00,698.0,1,2.820,2.816,1.0014,0,False,False,D,False,76.6,13.64,109550,0.32169,95.29,1.329,0.00,90.0,53.0,0.0
1787958148.9,0.00,696.8,1,2.820,2.816,1.0014,0,False,False,D,False,76.6,13.64,109550,0.32169,95.29,1.329,0.00,90.0,53.0,0.0
1787958149.1,0.00,696.8,1,2.820,2.816,1.0014,0,False,False,D,False,76.6,13.64,109550,0.32169,95.29,1.329,0.00,90.0,53.0,0.0
1787958149.3,0.00,696.5,1,2.820,2.816,1.0014,0,False,False,D,False,76.6,13.64,109550,0.32169,95.29,1.312,0.00,90.0,53.0,0.0
1787958149.5,0.00,694.8,1,2.820,2.816,1.0014,0,False,False,D,False,76.6,13.64,109550,0.32169,95.29,1.312,0.00,90.0,53.0,0.0
1787958149.8,0.00,692.5,1,2.820,2.816,1.0014,0,False,False,D,False,76.6,13.64,109550,0.32169,95.29,1.312,0.00,90.0,53.0,0.0
1787958150.0,0.00,690.2,1,2.820,2.816,1.0014,0,False,False,D,False,76.6,13.64,109550,0.32169,95.29,1.312,0.00,90.0,53.0,0.0
1787958150.2,0.00,685.5,1,2.820,2.816,1.0014,0,False,False,D,False,76.6,13.64,109550,0.32169,95.29,1.341,0.00,90.0,53.0,0.0
1787958150.4,0.39,688.0,1,2.820,2.816,1.0014,0,False,False,D,False,76.6,13.64,109550,0.32169,95.29,1.498,0.00,90.0,55.0,0.0
1787958150.6,1.12,704.5,1,2.820,2.816,1.0014,0,False,False,D,False,76.6,13.64,109550,0.32169,95.29,1.464,0.00,90.0,56.0,0.0
1787958150.8,1.52,738.0,1,2.820,2.816,1.0014,0,False,False,D,False,76.6,13.64,109550,0.32169,95.29,1.562,0.00,90.0,56.0,2.0
1787958151.0,1.93,780.8,1,2.820,2.816,1.0014,0,False,False,D,False,76.6,13.64,109550,0.32169,95.29,2.258,0.00,90.0,58.0,6.0
1787958151.2,2.40,865.2,1,2.820,2.816,1.0014,0,False,False,D,False,76.6,13.64,109550,0.32169,95.29,2.538,0.00,90.0,63.0,8.0
1787958151.4,3.04,1020.8,1,2.820,2.816,1.0014,0,False,False,D,False,76.6,13.64,109550,0.32207,95.29,2.700,0.00,91.0,68.0,8.0
1787958151.6,3.85,1128.5,1,2.820,2.816,1.0014,0,False,False,D,False,76.6,13.64,109550,0.32207,95.29,2.814,0.00,90.0,69.0,9.0
1787958151.8,4.70,1200.8,1,2.780,2.816,0.9872,0,False,False,D,False,76.6,13.63,109550,0.32246,95.29,2.887,0.00,91.0,68.0,10.0
1787958152.0,5.63,1236.5,1,2.870,2.816,1.0192,0,False,False,D,False,76.6,13.63,109550,0.32285,95.29,3.014,0.00,90.0,65.0,10.0
1787958152.2,6.53,1241.0,1,2.830,2.816,1.0050,0,False,False,D,False,76.6,13.63,109550,0.32285,95.29,3.727,0.00,91.0,63.0,14.0
1787958152.4,7.29,1289.8,1,2.820,2.816,1.0014,0,False,False,D,False,76.6,13.63,109550,0.32324,95.29,3.727,0.00,90.0,68.0,16.0
1787958152.6,8.32,1424.0,1,2.840,2.816,1.0085,0,False,False,D,False,76.6,13.63,109550,0.32363,95.29,4.287,0.00,90.0,74.0,17.0
1787958152.8,9.33,1508.2,1,2.820,2.816,1.0014,0,False,False,D,False,76.6,13.63,109550,0.32441,95.29,4.478,0.00,90.0,74.0,17.0
1787958153.0,10.23,1553.8,1,2.820,2.816,1.0014,0,False,False,D,False,76.6,13.63,109550,0.32480,95.29,4.321,0.00,91.0,73.0,17.0
1787958153.2,11.15,1608.8,1,2.820,2.816,1.0014,0,False,False,D,False,76.6,13.63,109550,0.32519,95.29,4.287,0.00,91.0,70.0,17.0
1787958153.4,12.17,1693.5,1,2.830,2.816,1.0050,0,False,False,D,False,76.6,13.63,109550,0.32597,95.29,4.415,0.00,91.0,68.0,17.0
1787958153.6,13.15,1728.0,1,2.820,2.816,1.0014,0,False,False,D,False,76.6,13.63,109550,0.32675,95.29,4.415,0.00,90.0,67.0,17.0
1787958153.8,13.88,1767.2,1,2.810,2.816,0.9979,0,False,False,D,False,76.6,13.63,109550,0.32753,95.29,4.580,0.00,91.0,65.0,17.0
1787958154.0,14.71,1829.8,1,2.830,2.816,1.0050,0,False,False,D,False,76.6,13.63,109550,0.32830,95.29,4.415,0.00,91.0,65.0,17.0
1787958154.2,15.44,1892.2,2,0.270,1.498,0.1802,0,False,False,D,True,76.6,13.63,109550,0.32908,95.29,4.614,0.00,91.0,64.0,17.0
1787958154.4,16.11,1944.0,2,0.250,1.498,0.1669,0,False,False,D,True,76.6,13.63,109550,0.32986,95.29,4.746,0.00,91.0,63.0,17.0
1787958154.6,16.78,2004.0,2,0.260,1.498,0.1736,0,False,False,D,True,76.6,13.63,109550,0.33064,95.29,4.712,0.00,91.0,63.0,18.0
1787958154.8,17.40,2064.2,2,0.260,1.498,0.1736,0,False,False,D,True,76.6,13.61,109550,0.33181,95.29,4.886,0.00,91.0,63.0,18.0
1787958155.0,18.00,2122.8,2,0.260,1.498,0.1736,0,False,False,D,True,76.6,13.61,109550,0.33259,95.29,5.060,0.00,91.0,63.0,18.0
1787958155.2,18.55,2170.0,2,0.250,1.498,0.1669,0,False,False,D,True,76.6,13.61,109550,0.33376,95.29,5.132,0.00,91.0,63.0,18.0
1787958155.4,19.25,2021.8,2,2.430,1.498,1.6222,0,False,False,D,True,76.6,13.61,109550,0.33454,95.29,5.315,0.00,91.0,63.0,19.0
1787958155.6,19.91,1851.0,2,1.960,1.498,1.3084,0,False,False,D,True,76.6,13.61,109550,0.33570,95.29,5.353,0.00,91.0,66.0,19.0
1787958155.8,20.84,1751.0,2,1.520,1.498,1.0147,0,False,False,D,True,76.6,13.67,109550,0.33726,95.29,5.170,0.00,91.0,69.0,20.0
1787958156.0,21.52,1749.2,2,1.500,1.498,1.0013,71.08896306869872,False,False,D,False,76.6,13.67,109550,0.33843,95.29,5.132,0.00,91.0,72.0,20.0
1787958156.2,22.12,1777.5,2,1.500,1.498,1.0013,71.94264182507693,False,False,D,False,76.6,13.67,109550,0.33960,95.29,5.170,0.00,91.0,74.0,20.0
1787958156.5,22.94,1803.8,2,1.500,1.498,1.0013,73.50718324051667,False,False,D,False,76.6,13.67,109550,0.34077,95.29,5.276,0.00,91.0,74.0,21.0
1787958156.7,23.52,1817.2,2,1.500,1.498,1.0013,74.82171632916742,False,False,D,False,76.6,13.67,109550,0.34232,95.29,5.463,0.00,91.0,74.0,21.0
1787958156.9,24.27,1819.0,2,1.500,1.498,1.0013,77.12488373509483,False,False,D,False,76.6,13.67,109550,0.34349,95.29,5.463,0.00,91.0,74.0,21.0
1787958157.1,24.64,1842.2,2,1.500,1.498,1.0013,77.32020003976861,False,False,D,False,76.6,13.67,109550,0.34505,95.29,5.425,0.00,91.0,74.0,21.0
1787958157.3,25.41,1866.8,2,1.500,1.498,1.0013,78.67399732966949,False,False,D,False,76.6,13.67,109550,0.34622,95.29,5.387,0.00,91.0,74.0,21.0
1787958157.5,26.16,1885.2,2,1.500,1.498,1.0013,80.19365284716537,False,False,D,False,76.6,13.67,109550,0.34777,95.29,5.612,0.00,91.0,74.0,22.0
1787958157.7,26.74,1903.2,2,1.500,1.498,1.0013,81.19656759007223,False,False,D,False,76.6,13.67,109550,0.34894,95.29,5.773,0.00,91.0,74.0,22.0
1787958157.9,27.30,1922.2,3,1.500,1.000,1.5000,81.99583525094046,False,False,D,True,76.6,13.66,109550,0.35050,95.29,5.773,0.00,91.0,74.0,22.0
1787958158.1,27.93,1946.8,3,1.500,1.000,1.5000,81.99583525094046,False,False,D,True,76.6,13.66,109550,0.35206,95.29,5.973,0.00,91.0,75.0,22.0
1787958158.3,28.34,1966.2,3,1.490,1.000,1.4900,81.99583525094046,False,False,D,True,76.6,13.66,109550,0.35362,95.29,5.934,0.00,91.0,75.0,23.0
1787958158.5,28.92,1810.8,3,1.250,1.000,1.2500,81.99583525094046,False,False,D,True,76.6,13.66,109550,0.35517,95.29,6.185,0.00,91.0,76.0,23.0
1787958158.7,29.50,1779.5,3,1.000,1.000,1.0000,63.962425174347786,False,False,D,False,76.6,13.66,109550,0.35673,95.29,6.185,0.00,91.0,80.0,24.0
1787958158.9,30.02,1814.8,3,1.000,1.000,1.0000,63.82558162784736,False,False,D,False,76.6,13.66,109550,0.35868,95.29,5.773,0.00,91.0,81.0,24.0
1787958159.1,30.64,1836.8,3,1.000,1.000,1.0000,64.35824223194753,False,False,D,False,76.6,13.66,109550,0.36023,95.29,5.973,0.00,91.0,81.0,25.0
1787958159.3,31.23,1848.5,3,1.000,1.000,1.0000,65.17542779147183,False,False,D,False,76.6,13.66,109550,0.36179,95.29,6.100,0.00,91.0,81.0,25.0
1787958159.5,31.75,1857.8,3,1.000,1.000,1.0000,65.93608547590836,False,False,D,False,76.6,13.66,109550,0.36374,95.29,6.057,7.27,91.0,81.0,25.0
1787958159.7,32.33,1868.0,3,1.000,1.000,1.0000,66.7825983870053,False,False,D,False,76.6,13.66,109550,0.36530,95.29,6.057,7.25,91.0,81.0,25.0
1787958159.9,32.84,1875.8,3,1.000,1.000,1.0000,67.55058144932168,False,False,D,False,76.6,13.66,109550,0.36724,95.29,6.227,7.24,91.0,81.0,25.0
1787958160.1,33.42,1896.0,3,1.000,1.000,1.0000,68.0195855208978,False,False,D,False,76.6,13.66,109550,0.36880,95.29,6.312,7.22,91.0,81.0,26.0
1787958160.3,33.86,1901.0,3,1.000,1.000,1.0000,68.72357370054795,False,False,D,False,76.6,13.66,109550,0.37075,95.29,6.270,7.21,91.0,81.0,26.0
1787958160.5,34.48,1906.5,3,1.000,1.000,1.0000,69.77500171263324,False,False,D,False,76.6,13.66,109550,0.37270,95.29,6.401,7.20,91.0,81.0,26.0
1787958160.7,34.99,1919.2,3,1.000,1.000,1.0000,70.35182158008098,False,False,D,False,76.6,13.66,109550,0.37464,95.29,6.355,7.19,91.0,81.0,26.0
1787958160.9,35.41,1929.0,3,1.000,1.000,1.0000,70.83630786469469,False,False,D,False,76.6,13.66,109550,0.37659,95.29,6.580,7.18,91.0,81.0,26.0
1787958161.1,35.71,1936.5,3,1.000,1.000,1.0000,71.14972849314411,False,False,D,False,76.6,13.68,109550,0.37854,95.29,6.490,7.17,90.0,81.0,26.0
1787958161.3,36.19,1941.5,3,1.000,1.000,1.0000,71.91543048479284,False,False,D,False,76.6,13.68,109550,0.38048,95.29,6.355,7.16,91.0,81.0,26.0
1787958161.5,36.77,1947.0,3,1.000,1.000,1.0000,72.85670349431717,False,False,D,False,76.6,13.68,109550,0.38243,95.29,6.490,7.14,90.0,81.0,26.0
1787958161.7,37.39,1956.5,3,1.000,1.000,1.0000,73.7354799083445,False,False,D,False,76.6,13.68,109550,0.38438,95.29,6.533,7.13,91.0,81.0,26.0
1787958161.9,37.84,1958.2,3,1.000,1.000,1.0000,74.55622165274565,False,False,D,False,76.6,13.68,109550,0.38671,95.29,6.533,7.13,90.0,81.0,26.0
1787958162.1,38.37,1966.5,3,1.000,1.000,1.0000,75.28822222609618,False,False,D,False,76.6,13.68,109550,0.38983,95.29,6.490,7.12,90.0,81.0,26.0
1787958162.3,38.99,1977.5,3,1.000,1.000,1.0000,76.07912112614953,False,False,D,False,76.6,13.68,109550,0.39177,95.29,6.580,7.11,90.0,81.0,26.0
1787958162.6,39.36,1991.2,3,1.000,1.000,1.0000,76.2707089272603,False,False,D,False,76.6,13.68,109550,0.39411,95.29,6.669,7.11,90.0,81.0,26.0
1787958162.8,39.73,1998.8,3,1.000,1.000,1.0000,76.68427702264243,False,False,D,False,76.6,13.68,109550,0.39606,95.29,6.669,7.10,90.0,81.0,26.0
1787958163.0,40.11,1995.8,3,1.000,1.000,1.0000,77.54386119360977,False,False,D,False,76.6,13.68,109550,0.39839,95.29,6.580,7.09,90.0,81.0,26.0
1787958163.2,40.72,2010.2,3,1.000,1.000,1.0000,78.1457325421194,False,False,D,False,76.6,13.68,109550,0.40151,95.29,6.715,7.10,90.0,81.0,26.0
1787958163.4,41.26,2020.8,3,1.000,1.000,1.0000,78.78028261470703,False,False,D,False,76.6,13.68,109550,0.40385,95.29,6.715,7.10,90.0,81.0,26.0
1787958163.6,41.47,2023.2,3,1.000,1.000,1.0000,79.08817699460324,False,False,D,False,76.6,13.68,109550,0.40579,95.29,6.715,7.08,90.0,81.0,26.0
1787958163.8,42.20,2023.5,3,1.000,1.000,1.0000,80.46081205808252,False,False,D,False,76.6,13.68,109550,0.40813,95.29,6.715,7.08,90.0,81.0,26.0
1787958164.0,42.64,2038.2,3,1.000,1.000,1.0000,80.72092044275493,False,False,D,False,76.6,13.68,109550,0.41047,95.29,6.758,7.07,90.0,81.0,27.0
1787958164.2,42.98,2059.0,3,1.000,1.000,1.0000,80.53519241942989,False,False,D,False,76.6,13.69,109550,0.41280,95.29,6.805,7.07,90.0,81.0,27.0
1787958164.4,43.36,2064.2,3,1.000,1.000,1.0000,81.05465390756703,False,False,D,False,76.6,13.69,109550,0.41553,95.29,6.898,7.07,90.0,81.0,27.0
1787958164.6,43.93,2063.2,3,1.000,1.000,1.0000,82.15518202355975,False,False,D,False,76.6,13.69,109550,0.41786,95.29,6.945,7.06,90.0,82.0,27.0
1787958164.8,44.18,2076.0,3,1.000,1.000,1.0000,82.11060662141469,False,False,D,False,76.6,13.69,109550,0.42020,95.29,6.991,7.05,90.0,82.0,28.0
1787958165.0,44.51,2090.8,3,1.000,1.000,1.0000,82.14031937214868,False,False,D,False,76.6,13.69,109550,0.42254,95.29,7.131,7.05,90.0,82.0,28.0
1787958165.2,44.94,2097.5,3,1.000,1.000,1.0000,82.67156439832671,False,False,D,False,76.6,13.69,109550,0.42526,95.29,7.131,7.03,90.0,82.0,28.0
1787958165.4,45.61,2100.2,3,1.000,1.000,1.0000,83.79416570589792,False,False,D,False,76.6,13.69,109550,0.42760,95.29,7.038,7.03,90.0,82.0,27.0
1787958165.6,45.89,2106.8,3,1.000,1.000,1.0000,84.04843134026147,False,False,D,False,76.6,13.69,109550,0.42993,95.29,6.851,7.02,90.0,81.0,27.0
1787958165.8,46.26,2115.8,3,1.000,1.000,1.0000,84.36564804468499,False,False,D,False,76.6,13.70,109550,0.43266,95.29,6.945,7.02,90.0,81.0,27.0
1787958166.0,46.80,2119.5,3,1.000,1.000,1.0000,85.19484761715928,False,False,D,False,76.6,13.70,109550,0.43539,95.29,6.945,7.02,90.0,81.0,27.0
1787958166.2,47.11,2136.8,3,1.000,1.000,1.0000,85.06683797086247,False,False,D,False,76.6,13.70,109550,0.43772,95.29,7.038,7.02,90.0,81.0,27.0
1787958166.4,47.53,2150.2,3,1.000,1.000,1.0000,85.28639476231415,False,False,D,False,76.6,13.70,109550,0.44045,95.29,7.131,7.02,90.0,81.0,27.0
1787958166.6,48.08,2163.5,3,1.000,1.000,1.0000,85.74047305176275,False,False,D,False,76.6,13.70,109550,0.44317,95.29,7.131,7.01,90.0,80.0,27.0
1787958166.8,48.31,2171.0,3,1.000,1.000,1.0000,85.85747504824604,False,False,D,False,76.6,13.70,109550,0.44551,95.29,7.131,7.01,90.0,80.0,27.0
1787958167.0,48.73,2184.2,3,1.000,1.000,1.0000,86.08738667783712,False,False,D,False,76.6,13.70,109550,0.44824,95.29,7.085,7.01,90.0,80.0,27.0
1787958167.2,49.05,2200.0,3,1.000,1.000,1.0000,86.02790838071994,False,False,D,False,76.6,13.71,109550,0.45096,95.29,6.991,7.01,90.0,80.0,27.0
1787958167.4,49.50,2208.0,3,1.000,1.000,1.0000,86.50692885296468,False,False,D,False,76.6,13.71,109550,0.45369,95.29,7.229,7.01,90.0,80.0,27.0
1787958167.6,49.86,2217.8,3,1.000,1.000,1.0000,86.74857704297038,False,False,D,False,76.6,13.71,109550,0.45641,95.29,7.416,7.00,90.0,80.0,27.0
1787958167.8,49.97,2230.0,3,1.000,1.000,1.0000,86.46236526044929,False,False,D,False,76.6,13.71,109550,0.45914,95.29,7.229,7.00,90.0,80.0,27.0
1787958168.0,50.47,2167.8,4,1.000,0.726,1.3774,86.98936306272496,False,False,D,True,76.6,13.71,109550,0.46342,95.29,3.260,7.02,90.0,75.0,9.0
1787958168.2,50.77,2061.0,4,1.000,0.726,1.3774,86.98936306272496,False,False,D,True,76.6,13.71,109550,0.46615,95.29,2.700,7.04,90.0,54.0,8.0
1787958168.4,50.73,1983.0,4,0.960,0.726,1.3223,86.98936306272496,False,False,D,True,76.6,13.71,109550,0.46887,95.29,2.700,7.07,90.0,43.0,8.0
1787958168.7,50.79,1830.2,4,0.880,0.726,1.2121,86.98936306272496,False,False,D,True,76.6,13.71,109550,0.47199,95.29,2.746,7.10,90.0,43.0,9.0
1787958168.9,50.78,1667.2,4,0.780,0.726,1.0744,86.98936306272496,False,False,D,True,76.6,13.71,109550,0.47471,95.29,2.611,7.13,90.0,38.0,9.0
1787958169.1,50.92,1529.8,4,0.730,0.726,1.0055,93.24983988873917,False,False,D,False,76.6,13.71,109550,0.47744,95.29,2.517,7.15,90.0,39.0,9.0
1787958169.3,50.96,1545.5,4,0.730,0.726,1.0055,92.36750952685405,False,False,D,False,76.6,13.71,109550,0.48017,95.29,2.963,7.18,90.0,43.0,12.0
1787958169.5,50.78,1589.2,4,0.730,0.726,1.0055,89.50308305249388,False,False,D,False,76.6,13.71,109550,0.48289,95.29,3.396,7.20,90.0,49.0,14.0
1787958169.7,51.12,1629.8,4,0.730,0.726,1.0055,87.8675693596917,False,False,D,False,76.6,13.71,109550,0.48601,95.29,3.850,7.22,90.0,54.0,14.0
1787958169.9,51.01,1655.2,4,0.730,0.726,1.0055,86.32777154248112,False,False,D,False,76.6,13.71,109550,0.48873,95.29,3.944,7.24,90.0,58.0,15.0
1787958170.1,51.28,1685.2,4,0.730,0.726,1.0055,85.24394555570927,False,False,D,False,76.6,13.71,109550,0.49146,95.29,4.385,7.26,90.0,64.0,16.0
1787958170.3,51.36,1568.5,4,0.730,0.726,1.0055,91.73187876497376,False,False,D,False,76.6,13.70,109550,0.49418,95.29,4.449,7.27,90.0,65.0,16.0
1787958170.5,51.61,1458.2,4,0.720,0.726,0.9917,99.15392164193919,True,False,D,False,76.6,13.70,109550,0.49730,95.29,4.351,7.29,90.0,70.0,17.0
1787958170.7,51.80,1450.5,4,0.730,0.726,1.0055,100,True,False,D,False,76.6,13.70,109550,0.50080,95.29,4.351,7.31,90.0,75.0,17.0
1787958170.9,51.74,1451.2,4,0.730,0.726,1.0055,99.87426986605614,True,False,D,False,76.6,13.61,109550,0.50353,95.29,4.385,7.33,90.0,78.0,17.0
1787958171.1,51.85,1460.0,4,0.730,0.726,1.0055,99.50137601996289,True,False,D,False,76.6,13.61,109550,0.50664,95.29,4.546,7.35,90.0,79.0,18.0
1787958171.3,52.13,1468.2,4,0.720,0.726,0.9917,99.47190355342732,True,False,D,False,76.6,13.61,109550,0.50937,95.29,4.449,7.36,90.0,80.0,18.0
1787958171.5,52.17,1462.0,4,0.720,0.726,0.9917,99.98751049195809,True,False,D,False,76.6,13.61,109550,0.51210,95.29,4.512,7.37,90.0,81.0,18.0
1787958171.7,52.52,1463.5,4,0.720,0.726,0.9917,100,True,False,D,False,76.6,13.61,109550,0.51521,95.29,4.614,7.38,90.0,81.0,18.0
1787958171.9,52.50,1478.0,4,0.720,0.726,0.9917,99.53903744888709,True,False,D,False,76.6,13.61,109550,0.51794,95.29,4.478,7.40,90.0,81.0,18.0
1787958172.1,52.65,1476.2,4,0.730,0.726,1.0055,99.93805932790943,True,False,D,False,76.6,13.61,109550,0.52105,95.29,4.580,7.41,90.0,81.0,18.0
1787958172.3,52.69,1478.5,4,0.730,0.726,1.0055,99.86192608847831,True,False,D,False,76.6,13.61,109550,0.52378,95.29,4.512,7.43,90.0,81.0,18.0
1787958172.5,52.90,1487.0,4,0.720,0.726,0.9917,99.69596775434998,True,False,D,False,76.6,13.61,109550,0.52689,95.29,4.678,7.44,90.0,81.0,18.0
1787958172.7,52.93,1483.2,4,0.730,0.726,1.0055,100,True,False,D,False,76.6,13.61,109550,0.52962,95.29,4.648,7.45,90.0,81.0,18.0
1787958172.9,53.14,1493.2,4,0.730,0.726,1.0055,99.73585159911,True,False,D,False,76.6,13.65,109550,0.53273,93.73,4.648,7.47,90.0,81.0,18.0
1787958173.1,53.31,1491.5,4,0.730,0.726,1.0055,100,True,False,D,False,76.6,13.65,109550,0.53546,93.73,4.648,7.48,90.0,81.0,18.0
1787958173.3,53.22,1501.5,4,0.730,0.726,1.0055,99.34953055075583,True,False,D,False,76.6,13.79,109550,0.53857,95.29,4.648,7.50,90.0,81.0,18.0
1787958173.5,53.31,1498.0,4,0.730,0.726,1.0055,99.74945633739404,True,False,D,False,76.6,13.79,109550,0.54130,95.29,4.712,7.51,90.0,81.0,18.0
1787958173.7,53.50,1502.8,4,0.720,0.726,0.9917,99.78391147380387,True,False,D,False,76.6,13.79,109550,0.54441,94.12,4.648,7.53,90.0,81.0,19.0
1787958173.9,53.70,1502.0,4,0.720,0.726,0.9917,100,True,False,D,False,76.6,13.79,109550,0.54714,95.29,4.678,7.54,90.0,81.0,19.0
1787958174.1,53.76,1507.2,4,0.720,0.726,0.9917,99.98787573921454,True,False,D,False,76.6,13.79,109550,0.55026,95.29,4.746,7.55,90.0,81.0,19.0
1787958174.3,53.83,1509.8,4,0.730,0.726,1.0055,99.96196802235458,True,False,D,False,76.6,13.79,109550,0.55337,95.29,4.746,7.57,90.0,81.0,19.0
1787958174.5,53.87,1519.8,4,0.720,0.726,0.9917,99.37422039706722,True,False,D,False,76.6,13.79,109550,0.55765,94.12,4.814,7.59,90.0,81.0,19.0
1787958174.7,53.88,1514.2,4,0.720,0.726,0.9917,99.75282087853518,True,False,D,False,76.6,13.79,109550,0.56077,94.12,4.920,7.61,90.0,82.0,19.0
1787958175.0,54.17,1517.8,4,0.720,0.726,0.9917,100,True,False,D,False,76.6,13.79,109550,0.56349,95.29,3.914,7.62,90.0,81.0,11.0
1787958175.2,54.15,1516.5,4,0.720,0.726,0.9917,100,True,False,D,False,76.6,13.79,109550,0.56661,95.29,2.538,7.64,90.0,73.0,7.0
1787958175.4,54.10,1519.0,4,0.720,0.726,0.9917,99.85514335861343,True,False,D,False,76.6,13.79,109550,0.56972,95.29,2.428,7.67,90.0,61.0,7.0
1787958175.6,54.15,1515.5,4,0.730,0.726,1.0055,100,True,False,D,False,76.6,13.79,109550,0.57284,95.29,2.538,7.70,91.0,54.0,8.0
1787958175.8,54.06,1515.5,4,0.730,0.726,1.0055,100,True,False,D,False,76.6,13.79,109550,0.57557,95.29,2.679,7.72,91.0,51.0,8.0
1787958176.0,53.94,1513.8,4,0.730,0.726,1.0055,99.90630080763202,True,False,D,False,76.6,13.79,109550,0.57868,95.29,2.746,7.75,91.0,50.0,8.0
1787958176.2,53.99,1510.8,4,0.730,0.726,1.0055,100,True,False,D,False,76.6,13.79,109550,0.58141,95.29,2.632,7.77,91.0,50.0,9.0
1787958176.4,53.77,1508.0,4,0.720,0.726,0.9917,99.96377438581844,True,False,D,False,76.6,13.72,109550,0.58452,95.29,2.700,7.79,91.0,50.0,9.0
1787958176.6,53.68,1511.5,4,0.720,0.726,0.9917,99.58423518357681,True,False,D,False,76.6,13.72,109550,0.58764,95.29,2.793,7.82,91.0,50.0,9.0
1787958176.8,53.65,1504.2,4,0.720,0.726,0.9917,100,True,False,D,False,76.6,13.72,109550,0.59036,95.29,2.772,7.84,91.0,50.0,9.0
1787958177.0,53.63,1502.0,4,0.720,0.726,0.9917,100,True,False,D,False,76.6,13.72,109550,0.59348,95.29,2.861,7.86,91.0,51.0,9.0
1787958177.2,53.45,1504.0,4,0.720,0.726,0.9917,99.65527035523596,True,False,D,False,76.6,13.72,109550,0.59659,95.29,2.840,7.89,91.0,51.0,9.0
1787958177.4,53.57,1499.8,4,0.720,0.726,0.9917,100,True,False,D,False,76.6,13.72,109550,0.60010,95.29,2.814,7.92,91.0,52.0,9.0
1787958177.6,53.35,1497.2,4,0.720,0.726,0.9917,99.91602278538144,True,False,D,False,76.6,13.72,109550,0.60321,95.29,2.814,7.94,91.0,52.0,8.0
1787958177.8,53.33,1490.0,4,0.730,0.726,1.0055,100,True,False,D,False,76.6,13.72,109550,0.60594,95.29,2.237,7.96,91.0,47.0,7.0
1787958178.0,53.00,1487.0,4,0.730,0.726,1.0055,99.95285585211238,True,False,D,False,76.6,13.72,109550,0.60905,95.29,2.093,7.99,91.0,44.0,7.0
1787958178.2,53.00,1488.5,4,0.730,0.726,1.0055,99.8488761047775,True,False,D,False,76.6,13.72,109550,0.61178,95.29,2.152,8.01,91.0,43.0,8.0
1787958178.4,53.04,1484.8,4,0.720,0.726,0.9917,100,True,False,D,False,76.6,13.72,109550,0.61489,95.29,2.296,8.04,91.0,43.0,8.0
1787958178.6,52.62,1485.2,4,0.730,0.726,1.0055,99.36554597358216,True,False,D,False,76.6,13.72,109550,0.61762,95.29,2.339,8.06,91.0,43.0,8.0
1787958178.8,52.71,1479.2,4,0.720,0.726,0.9917,99.94229394232751,True,False,D,False,76.6,13.72,109550,0.62073,95.29,2.318,8.09,91.0,44.0,9.0
1787958179.0,52.67,1475.5,4,0.720,0.726,0.9917,100,True,False,D,False,76.6,13.72,109550,0.62346,95.29,2.339,8.11,91.0,44.0,9.0
1787958179.2,52.56,1474.8,4,0.720,0.726,0.9917,99.97467572090297,True,False,D,False,76.6,13.72,109550,0.62658,95.29,2.318,8.14,91.0,44.0,9.0
1787958179.4,52.45,1469.5,4,0.730,0.726,1.0055,100,True,False,D,False,76.6,13.72,109550,0.62930,95.29,2.339,8.16,91.0,45.0,9.0
1787958179.6,52.28,1466.8,4,0.730,0.726,1.0055,99.97458244761442,True,False,D,False,76.6,13.71,109550,0.63242,95.29,2.114,8.19,91.0,45.0,6.0
1787958179.8,52.03,1468.0,4,0.720,0.726,0.9917,99.41736916513531,True,False,D,False,76.6,13.71,109550,0.63514,95.29,1.745,8.21,91.0,40.0,6.0
1787958180.0,52.16,1460.8,4,0.720,0.726,0.9917,100,True,False,D,False,76.6,13.71,109550,0.63787,95.29,1.745,8.24,91.0,38.0,6.0
1787958180.2,51.90,1460.2,4,0.730,0.726,1.0055,99.70020757670252,True,False,D,False,76.6,13.71,109550,0.64098,95.29,1.800,8.27,91.0,37.0,6.0
1787958180.4,51.76,1455.2,4,0.730,0.726,1.0055,99.76841104283413,True,False,D,False,76.6,13.71,109550,0.64527,95.29,1.762,8.31,91.0,36.0,6.0
1787958180.6,51.71,1451.8,4,0.730,0.726,1.0055,99.9274743657536,True,False,D,False,76.6,13.71,109550,0.64799,95.29,1.762,8.34,91.0,36.0,6.0
1787958180.8,51.58,1446.0,4,0.730,0.726,1.0055,100,True,False,D,False,76.6,13.71,109550,0.65111,95.29,1.762,8.36,91.0,36.0,6.0
1787958181.1,51.27,1442.5,4,0.730,0.726,1.0055,99.6987280564213,True,False,D,False,76.6,13.71,109550,0.65383,95.29,1.817,8.39,91.0,36.0,6.0
1787958181.3,51.39,1437.8,4,0.730,0.726,1.0055,100,True,False,D,False,76.6,13.71,109550,0.65656,95.29,1.906,8.41,91.0,36.0,6.0
1787958181.5,50.94,1434.0,4,0.730,0.726,1.0055,99.65356048671832,True,False,D,False,76.6,13.71,109550,0.65928,95.29,1.927,8.44,91.0,37.0,6.0
1787958181.7,51.03,1429.8,4,0.730,0.726,1.0055,100,True,False,D,False,76.6,13.71,109550,0.66240,95.29,1.995,8.46,91.0,37.0,7.0
1787958181.9,50.70,1425.0,4,0.720,0.726,0.9917,99.82469955679385,True,False,D,False,76.6,13.71,109550,0.66512,95.29,2.216,8.49,91.0,38.0,9.0
1787958182.1,50.50,1424.5,4,0.730,0.726,1.0055,99.46747464367171,True,False,D,False,76.6,13.71,109550,0.66785,95.29,2.564,8.51,91.0,40.0,10.0
1787958182.3,50.42,1414.0,4,0.720,0.726,0.9917,100,True,False,D,False,76.6,13.71,109550,0.67058,95.29,2.725,8.53,91.0,46.0,11.0
1787958182.5,50.40,1421.0,4,0.730,0.726,1.0055,99.52710139914149,True,False,D,False,76.6,13.71,109550,0.67330,95.29,3.095,8.54,91.0,51.0,12.0
1787958182.7,50.45,1412.2,4,0.720,0.726,0.9917,100,True,False,D,False,76.6,13.72,109550,0.67603,95.29,3.205,8.56,91.0,55.0,13.0
1787958182.9,50.34,1413.0,4,0.720,0.726,0.9917,99.9772537492003,True,False,D,False,76.6,13.72,109550,0.67914,95.29,3.311,8.58,91.0,59.0,14.0
1787958183.1,50.42,1410.2,4,0.730,0.726,1.0055,100,True,False,D,False,76.6,13.72,109550,0.68187,95.29,3.421,8.59,91.0,59.0,14.0
1787958183.3,50.41,1413.2,4,0.730,0.726,1.0055,100,True,False,D,False,76.6,13.72,109550,0.68459,95.29,3.421,8.60,91.0,65.0,14.0
1787958183.5,50.24,1414.2,4,0.720,0.726,0.9917,99.67625118743443,True,False,D,False,76.6,13.72,109550,0.68732,95.29,3.506,8.61,91.0,67.0,14.0
1787958183.7,50.37,1413.5,4,0.720,0.726,0.9917,99.99892235379151,True,False,D,False,76.6,13.72,109550,0.69005,95.29,3.506,8.63,91.0,69.0,15.0
1787958183.9,50.40,1411.8,4,0.730,0.726,1.0055,100,True,False,D,False,76.6,13.72,109550,0.69277,95.29,3.646,8.64,91.0,70.0,15.0
1787958184.1,50.34,1416.0,4,0.730,0.726,1.0055,99.76338414698452,True,False,D,False,76.6,13.72,109550,0.69550,95.29,3.646,8.65,91.0,70.0,15.0
1787958184.3,50.53,1414.8,4,0.730,0.726,1.0055,100,True,False,D,False,76.6,13.72,109550,0.69939,95.29,3.646,8.68,91.0,70.0,15.0
1787958184.5,50.38,1418.8,4,0.730,0.726,1.0055,99.65058528222752,True,False,D,False,76.6,13.72,109550,0.70212,95.29,3.587,8.69,91.0,71.0,15.0
1787958184.7,50.66,1419.2,4,0.730,0.726,1.0055,100,True,False,D,False,76.6,13.72,109550,0.70484,95.29,3.646,8.70,91.0,72.0,15.0
1787958184.9,50.47,1425.5,4,0.720,0.726,0.9917,99.35629601317615,True,False,D,False,76.6,13.72,109550,0.70757,95.29,3.791,8.71,91.0,72.0,16.0
1787958185.1,50.75,1424.0,4,0.730,0.726,1.0055,100,True,False,D,False,76.6,13.72,109550,0.71029,95.29,3.880,8.72,91.0,73.0,16.0
1787958185.3,50.77,1422.0,4,0.720,0.726,0.9917,100,True,False,D,False,76.6,13.72,109550,0.71302,95.29,3.791,8.73,91.0,74.0,16.0
1787958185.5,50.91,1426.5,4,0.730,0.726,1.0055,100,True,False,D,False,76.6,13.72,109550,0.71613,95.29,3.850,8.75,91.0,75.0,16.0
1787958185.7,50.95,1427.8,4,0.720,0.726,0.9917,100,True,False,D,False,76.6,13.72,109550,0.71886,95.29,3.944,8.76,91.0,75.0,17.0
1787958185.9,50.83,1431.0,4,0.730,0.726,1.0055,99.69953156880182,True,False,D,False,76.6,13.72,109550,0.72159,95.29,3.820,8.77,91.0,76.0,17.0
1787958186.1,51.05,1430.5,4,0.720,0.726,0.9917,100,True,False,D,False,76.6,13.72,109550,0.72431,95.29,3.820,8.78,91.0,76.0,17.0
1787958186.3,50.96,1435.5,4,0.730,0.726,1.0055,99.6475072282125,True,False,D,False,76.6,13.72,109550,0.72743,95.29,3.791,8.80,91.0,76.0,17.0
1787958186.5,50.98,1438.2,4,0.730,0.726,1.0055,99.49504436042778,True,False,D,False,76.6,13.72,109550,0.73132,95.29,3.973,8.81,91.0,76.0,17.0
1787958186.7,51.10,1440.5,4,0.720,0.726,0.9917,99.58102275524091,True,False,D,False,76.6,13.72,109550,0.73444,95.29,3.914,8.83,91.0,77.0,17.0
1787958187.0,51.31,1439.2,4,0.730,0.726,1.0055,100,True,False,D,False,76.6,13.72,109550,0.73716,95.29,3.914,8.84,91.0,77.0,17.0
1787958187.2,51.42,1440.8,4,0.730,0.726,1.0055,100,True,False,D,False,76.6,13.72,109550,0.73989,95.29,3.944,8.85,91.0,77.0,17.0
1787958187.4,51.24,1439.0,4,0.730,0.726,1.0055,99.95875376055221,True,False,D,False,76.6,13.72,109550,0.74261,95.29,3.914,8.86,91.0,77.0,17.0
1787958187.6,51.32,1448.5,4,0.720,0.726,0.9917,99.46077599563557,True,False,D,False,76.6,13.72,109550,0.74573,95.29,4.003,8.87,91.0,77.0,17.0
1787958187.8,51.73,1452.0,4,0.730,0.726,1.0055,100,True,False,D,False,76.6,13.72,109550,0.74845,95.29,3.944,8.88,91.0,77.0,17.0
1787958188.0,51.81,1451.5,4,0.720,0.726,0.9917,100,True,False,D,False,76.6,13.72,109550,0.75118,95.29,4.037,8.89,91.0,77.0,17.0
1787958188.2,51.69,1457.5,4,0.730,0.726,1.0055,99.55626382357433,True,False,D,False,76.6,13.72,109550,0.75429,95.29,4.130,8.90,91.0,77.0,17.0
1787958188.4,51.88,1452.2,4,0.730,0.726,1.0055,100,True,False,D,False,76.6,13.72,109550,0.75702,95.29,4.130,8.91,91.0,77.0,17.0
1787958188.6,51.79,1459.2,4,0.720,0.726,0.9917,99.64021347004784,True,False,D,False,76.6,13.72,109550,0.75975,95.29,3.944,8.92,91.0,77.0,17.0
1787958188.8,51.90,1460.0,4,0.730,0.726,1.0055,99.78641406472624,True,False,D,False,76.6,13.73,109550,0.76286,95.29,3.973,8.93,91.0,77.0,17.0
1787958189.0,52.09,1456.8,4,0.730,0.726,1.0055,100,True,False,D,False,76.6,13.73,109550,0.76559,95.29,4.037,8.94,91.0,77.0,17.0
1787958189.2,51.92,1467.2,4,0.720,0.726,0.9917,99.34558789957896,True,False,D,False,76.6,13.73,109550,0.76870,95.29,4.101,8.95,91.0,77.0,17.0
1787958189.4,52.19,1462.8,4,0.720,0.726,0.9917,100,True,False,D,False,76.6,13.73,109550,0.77143,95.29,3.973,8.96,91.0,77.0,17.0
1787958189.6,52.28,1465.5,4,0.720,0.726,0.9917,100,True,False,D,False,76.6,13.73,109550,0.77415,95.29,3.973,8.96,91.0,78.0,17.0
1787958189.8,52.27,1470.8,4,0.730,0.726,1.0055,99.77179496903715,True,False,D,False,76.6,13.73,109550,0.77727,95.29,3.944,8.98,91.0,78.0,17.0
1787958190.0,52.40,1471.8,4,0.730,0.726,1.0055,99.96183390741514,True,False,D,False,76.6,13.73,109550,0.77999,95.29,4.037,8.99,91.0,78.0,18.0
1787958190.2,52.54,1468.0,4,0.730,0.726,1.0055,100,True,False,D,False,76.6,13.73,109550,0.78311,95.29,4.130,9.00,91.0,78.0,18.0
1787958190.4,52.55,1481.8,4,0.730,0.726,1.0055,99.57271459223568,True,False,D,False,76.6,13.73,109550,0.78583,95.29,4.037,9.01,91.0,78.0,18.0
1787958190.6,52.62,1474.0,4,0.730,0.726,1.0055,100,True,False,D,False,76.6,13.73,109550,0.78895,95.29,4.194,9.02,91.0,78.0,18.0
1787958190.8,52.80,1480.5,4,0.720,0.726,0.9917,100,True,False,D,False,76.6,13.72,109550,0.79168,95.29,4.194,9.02,91.0,79.0,18.0
1787958191.0,52.83,1490.8,4,0.720,0.726,0.9917,99.49559906629047,True,False,D,False,76.6,13.72,109550,0.79440,95.29,4.351,9.03,91.0,79.0,18.0
1787958191.2,53.08,1489.5,4,0.720,0.726,0.9917,100,True,False,D,False,76.6,13.72,109550,0.79713,95.29,4.287,9.04,91.0,80.0,18.0
1787958191.4,53.15,1488.2,4,0.720,0.726,0.9917,100,True,False,D,False,76.6,13.72,109550,0.80141,95.29,4.258,9.06,91.0,80.0,19.0
1787958191.6,53.09,1499.5,4,0.720,0.726,0.9917,99.40493892603082,True,False,D,False,76.6,13.72,109550,0.80414,95.29,4.351,9.07,91.0,80.0,19.0
1787958191.8,53.57,1504.8,4,0.730,0.726,1.0055,99.96154871177974,True,False,D,False,76.6,13.75,109550,0.80725,95.29,4.449,9.08,91.0,80.0,19.0
1787958192.0,53.63,1504.0,4,0.730,0.726,1.0055,100,True,False,D,False,76.6,13.75,109550,0.80998,95.29,4.449,9.08,91.0,80.0,19.0
1787958192.2,53.55,1516.0,4,0.730,0.726,1.0055,99.18114591486334,True,False,D,False,76.6,13.75,109550,0.81309,95.29,4.512,9.09,91.0,80.0,19.0
1787958192.4,54.02,1512.2,4,0.730,0.726,1.0055,100,True,False,D,False,76.6,13.75,109550,0.81582,95.29,4.478,9.10,91.0,81.0,20.0
1787958192.6,54.11,1518.5,4,0.720,0.726,0.9917,100,True,False,D,False,76.6,13.75,109550,0.81893,95.29,4.614,9.11,91.0,81.0,20.0
1787958192.8,54.31,1522.2,4,0.730,0.726,1.0055,100,True,False,D,False,76.6,13.75,109550,0.82361,95.29,4.546,9.13,91.0,81.0,20.0
1787958193.0,54.20,1530.5,4,0.730,0.726,1.0055,99.44488012670564,True,False,D,False,76.6,13.75,109550,0.82633,95.29,4.580,9.13,91.0,81.0,20.0
1787958193.3,54.62,1533.8,4,0.730,0.726,1.0055,99.99968105370615,True,False,D,False,76.6,13.75,109550,0.82945,95.29,4.648,9.14,91.0,81.0,20.0
1787958193.5,54.83,1534.5,4,0.730,0.726,1.0055,100,True,False,D,False,76.6,13.75,109550,0.83256,95.29,4.746,9.15,91.0,81.0,21.0
1787958193.7,54.78,1542.5,4,0.730,0.726,1.0055,99.72365871069296,True,False,D,False,76.6,13.75,109550,0.83568,95.29,4.746,9.16,91.0,81.0,21.0
1787958193.9,55.07,1548.8,4,0.720,0.726,0.9917,99.84855952417197,True,False,D,False,76.6,13.75,109550,0.83840,95.29,4.852,9.16,91.0,81.0,21.0
1787958194.1,55.37,1555.5,4,0.720,0.726,0.9917,99.96322106032848,True,False,D,False,76.6,13.75,109550,0.84152,95.29,4.920,9.17,91.0,81.0,21.0
1787958194.3,55.44,1551.0,4,0.730,0.726,1.0055,100,True,False,D,False,76.6,13.75,109550,0.84463,95.29,4.920,9.17,91.0,81.0,21.0
1787958194.5,55.62,1563.2,4,0.720,0.726,0.9917,99.9107929360149,True,False,D,False,76.6,13.75,109550,0.84775,95.29,4.920,9.18,91.0,81.0,21.0
1787958194.7,55.74,1560.8,4,0.720,0.726,0.9917,100,True,False,D,False,76.6,13.75,109550,0.85086,95.29,4.920,9.19,91.0,81.0,21.0
1787958194.9,55.97,1571.8,4,0.730,0.726,1.0055,99.99996378130993,True,False,D,False,76.6,13.73,109550,0.85398,95.29,4.954,9.19,91.0,81.0,21.0
1787958195.1,56.03,1582.2,4,0.720,0.726,0.9917,99.43707536688328,True,False,D,False,76.6,13.73,109550,0.85709,95.29,5.060,9.20,91.0,81.0,21.0
1787958195.3,56.23,1579.2,4,0.730,0.726,1.0055,99.97939359075914,True,False,D,False,76.6,13.73,109550,0.86021,95.29,4.954,9.20,91.0,81.0,21.0
1787958195.5,56.35,1586.8,4,0.730,0.726,1.0055,99.72615057347649,True,False,D,False,76.6,13.73,109550,0.86332,95.29,5.022,9.21,91.0,81.0,21.0
1787958195.7,56.70,1586.5,4,0.730,0.726,1.0055,100,True,False,D,False,76.6,13.73,109550,0.86644,95.29,5.060,9.22,91.0,81.0,22.0
1787958195.9,56.64,1590.2,4,0.730,0.726,1.0055,100,True,False,D,False,76.6,13.73,109550,0.86955,95.29,5.098,9.22,91.0,81.0,22.0
1787958196.1,57.13,1603.2,4,0.720,0.726,0.9917,100,True,False,D,False,76.6,13.73,109550,0.87267,95.29,5.098,9.22,91.0,81.0,22.0
1787958196.3,57.19,1602.8,4,0.730,0.726,1.0055,100,True,False,D,False,76.6,13.73,109550,0.87578,95.29,5.170,9.23,91.0,81.0,22.0
1787958196.5,57.22,1605.0,4,0.720,0.726,0.9917,100,True,False,D,False,76.6,13.73,109550,0.87890,95.29,5.132,9.23,91.0,81.0,22.0
1787958196.7,57.45,1611.8,4,0.720,0.726,0.9917,100,True,False,D,False,76.6,13.73,109550,0.88201,95.29,5.098,9.24,91.0,81.0,22.0
1787958196.9,57.63,1613.0,4,0.730,0.726,1.0055,100,True,False,D,False,76.6,13.73,109550,0.88513,95.29,5.353,9.24,91.0,82.0,22.0
1787958197.1,57.59,1623.5,4,0.730,0.726,1.0055,99.62021392116179,True,False,D,False,76.6,13.73,109550,0.88824,95.29,5.353,9.24,91.0,82.0,22.0
1787958197.3,57.73,1627.2,4,0.720,0.726,0.9917,99.62228117190085,True,False,D,False,76.6,13.73,109550,0.89136,95.29,5.276,9.25,91.0,82.0,23.0
1787958197.5,58.08,1624.2,4,0.720,0.726,0.9917,100,True,False,D,False,76.6,13.73,109550,0.89486,95.29,5.353,9.26,91.0,82.0,23.0
1787958197.7,58.07,1630.0,4,0.730,0.726,1.0055,100,True,False,D,False,76.6,13.73,109550,0.89876,95.29,5.387,9.27,91.0,82.0,23.0
1787958197.9,58.24,1635.8,4,0.730,0.726,1.0055,99.99075283414439,True,False,D,False,76.6,13.73,109550,0.90187,95.29,5.535,9.27,91.0,83.0,23.0
1787958198.1,58.45,1640.0,4,0.730,0.726,1.0055,100,True,False,D,False,76.6,13.72,109550,0.90499,95.29,5.425,9.27,91.0,83.0,23.0
1787958198.3,58.47,1647.8,4,0.730,0.726,1.0055,99.65225291472967,True,False,D,False,76.6,13.72,109550,0.90849,95.29,5.387,9.28,91.0,83.0,23.0
1787958198.5,58.62,1647.8,4,0.730,0.726,1.0055,99.90564405324625,True,False,D,False,76.6,13.72,109550,0.91161,95.29,5.425,9.28,91.0,83.0,23.0
1787958198.7,58.84,1652.5,4,0.720,0.726,0.9917,99.99489168522001,True,False,D,False,76.6,13.72,109550,0.91472,95.29,5.315,9.29,91.0,83.0,23.0
1787958198.9,58.92,1660.0,4,0.730,0.726,1.0055,99.67730493731624,True,False,D,False,76.6,13.72,109550,0.91978,95.29,5.425,9.30,91.0,83.0,23.0
1787958199.1,59.35,1663.2,4,0.730,0.726,1.0055,100,True,False,D,False,76.6,13.72,109550,0.92290,95.29,5.463,9.31,91.0,83.0,23.0
1787958199.3,59.49,1663.0,4,0.730,0.726,1.0055,100,True,False,D,False,76.6,13.72,109550,0.92640,95.29,5.425,9.31,91.0,83.0,23.0
1787958199.6,59.60,1669.0,4,0.730,0.726,1.0055,100,True,False,D,False,76.6,13.72,109550,0.92952,95.29,5.501,9.32,91.0,83.0,23.0
1787958199.8,59.91,1684.0,4,0.720,0.726,0.9917,99.91410205948509,True,False,D,False,76.6,13.72,109550,0.93302,95.29,5.535,9.32,91.0,83.0,23.0
1787958200.0,59.85,1685.8,4,0.720,0.726,0.9917,99.70353513219982,True,False,D,False,76.6,13.72,109550,0.93614,95.29,5.535,9.33,91.0,83.0,24.0
1787958200.2,60.00,1689.0,4,0.720,0.726,0.9917,99.75801453963686,True,False,D,False,76.6,13.72,109550,0.93964,95.29,5.535,9.33,91.0,83.0,24.0
1787958200.4,60.47,1692.8,4,0.730,0.726,1.0055,100,True,False,D,False,76.6,13.72,109550,0.94276,95.29,5.692,9.33,91.0,83.0,24.0
1787958200.6,60.55,1701.2,4,0.730,0.726,1.0055,99.94533441046255,True,False,D,False,76.6,13.72,109550,0.94626,95.29,5.574,9.34,91.0,83.0,24.0
1787958200.8,60.77,1716.5,4,0.720,0.726,0.9917,99.42024909873538,True,False,D,False,76.6,13.72,109550,0.94938,95.29,5.692,9.34,91.0,83.0,24.0
1787958201.0,60.98,1710.2,4,0.720,0.726,0.9917,100,True,False,D,False,76.6,13.72,109550,0.95288,95.29,5.692,9.35,91.0,84.0,24.0
1787958201.2,61.29,1709.5,4,0.720,0.726,0.9917,100,True,False,D,False,76.6,13.67,109550,0.95639,95.29,5.854,9.35,91.0,84.0,24.0
1787958201.4,61.45,1720.5,4,0.730,0.726,1.0055,100,True,False,D,False,76.6,13.67,109550,0.95950,95.29,5.854,9.35,91.0,84.0,23.0
1787958201.6,61.43,1722.2,4,0.720,0.726,0.9917,100,True,False,D,False,76.6,13.67,109550,0.96301,95.29,5.892,9.36,91.0,84.0,24.0
1787958201.8,61.67,1729.2,4,0.730,0.726,1.0055,100,True,False,D,False,76.6,13.67,109550,0.96651,95.29,5.811,9.36,91.0,84.0,24.0
1787958202.0,62.03,1740.5,4,0.720,0.726,0.9917,100,True,False,D,False,76.6,13.67,109550,0.96963,95.29,5.811,9.36,91.0,84.0,24.0
1787958202.2,62.20,1738.8,4,0.730,0.726,1.0055,100,True,False,D,False,76.6,13.67,109550,0.97313,95.29,5.854,9.36,91.0,84.0,16.0
1787958202.4,62.31,1743.5,4,0.720,0.726,0.9917,100,True,False,D,False,76.6,13.67,109550,0.97663,95.29,3.230,9.37,91.0,72.0,5.0
1787958202.6,62.34,1741.0,4,0.730,0.726,1.0055,100,True,False,D,False,76.6,13.67,109550,0.98014,95.29,2.131,9.40,91.0,53.0,4.0
1787958202.8,62.28,1741.8,4,0.720,0.726,0.9917,100,True,False,D,False,76.6,13.50,109550,0.98364,95.29,1.872,9.44,91.0,41.0,3.0
1787958203.0,62.13,1738.5,4,0.720,0.726,0.9917,100,True,False,D,False,76.6,13.50,109550,0.98676,95.29,1.855,9.47,91.0,34.0,3.0
1787958203.2,61.91,1744.8,4,0.730,0.726,1.0055,99.61766242190099,True,False,D,False,76.6,13.50,109550,0.99026,95.29,1.838,9.50,91.0,32.0,3.0
1787958203.4,61.73,1741.0,4,0.730,0.726,1.0055,99.5435389085972,True,False,D,False,76.6,13.50,109550,0.99377,95.29,1.783,9.54,91.0,31.0,3.0
1787958203.6,61.78,1734.0,4,0.730,0.726,1.0055,100,True,False,D,False,76.6,13.50,109550,0.99805,95.29,1.783,9.58,91.0,30.0,3.0
1787958203.8,61.72,1739.8,4,0.730,0.726,1.0055,99.59786745663878,True,False,D,False,76.6,13.80,109550,1.00155,95.29,1.800,9.61,91.0,30.0,3.0
1787958204.0,61.77,1729.8,4,0.730,0.726,1.0055,100,True,False,D,False,76.6,13.80,109550,1.00467,95.29,1.783,9.64,91.0,30.0,3.0
1787958204.2,61.76,1734.2,4,0.720,0.726,0.9917,99.96833258969586,True,False,D,False,76.6,13.72,109550,1.00817,95.29,1.783,9.67,91.0,29.0,3.0
1787958204.4,61.71,1727.5,4,0.720,0.726,0.9917,100,True,False,D,False,76.6,13.72,109550,1.01168,95.29,1.855,9.71,91.0,29.0,3.0
1787958204.6,61.75,1727.8,4,0.720,0.726,0.9917,100,True,False,D,False,76.6,13.72,109550,1.01518,95.29,1.838,9.74,91.0,29.0,3.0
1787958204.8,61.60,1728.5,4,0.730,0.726,1.0055,100,True,False,D,False,76.6,13.76,109550,1.01830,95.29,1.783,9.77,91.0,29.0,3.0
1787958205.0,61.36,1723.2,4,0.730,0.726,1.0055,99.9606611167386,True,False,D,False,76.6,13.76,109550,1.02336,95.29,1.762,9.82,91.0,30.0,3.0
1787958205.2,61.43,1723.2,4,0.730,0.726,1.0055,100,True,False,D,False,76.6,13.76,109550,1.02686,95.29,1.855,9.85,91.0,29.0,3.0
1787958205.5,61.42,1723.0,4,0.730,0.726,1.0055,100,True,False,D,False,76.6,13.76,109550,1.03037,95.29,1.800,9.89,91.0,30.0,3.0
1787958205.7,61.46,1721.5,4,0.730,0.726,1.0055,100,True,False,D,False,76.6,13.76,109550,1.03387,95.29,1.762,9.92,91.0,29.0,3.0
1787958205.9,61.35,1722.0,4,0.730,0.726,1.0055,100,True,False,D,False,76.6,13.76,109550,1.03699,95.29,1.817,9.95,91.0,29.0,3.0
1787958206.1,61.28,1718.8,4,0.730,0.726,1.0055,100,True,False,D,False,76.6,13.76,109550,1.04049,95.29,1.783,9.98,91.0,30.0,3.0
1787958206.3,61.08,1710.8,4,0.730,0.726,1.0055,100,True,False,D,False,76.6,13.76,109550,1.04400,95.29,1.783,10.02,91.0,30.0,3.0
1787958206.5,60.98,1715.0,4,0.720,0.726,0.9917,99.80602725523805,True,False,D,False,76.6,13.76,109550,1.04711,95.29,1.745,10.05,91.0,30.0,3.0
1787958206.7,60.88,1717.0,4,0.730,0.726,1.0055,99.52798557680045,True,False,D,False,76.6,13.76,109550,1.05062,95.29,1.728,10.08,91.0,30.0,3.0
1787958206.9,60.97,1716.0,4,0.730,0.726,1.0055,99.73307586552916,True,False,D,False,76.6,13.76,109550,1.05412,95.29,1.762,10.11,91.0,30.0,3.0
1787958207.1,60.86,1713.0,4,0.730,0.726,1.0055,99.72588934662198,True,False,D,False,76.6,13.76,109550,1.05724,95.29,1.762,10.14,91.0,30.0,3.0
1787958207.3,61.06,1710.8,4,0.730,0.726,1.0055,100,True,False,D,False,76.6,13.74,109550,1.06074,95.29,1.800,10.18,91.0,30.0,3.0
1787958207.5,61.06,1709.5,4,0.730,0.726,1.0055,100,True,False,D,False,76.6,13.74,109550,1.06425,95.29,1.783,10.21,91.0,30.0,3.0
1787958207.7,60.95,1706.8,4,0.730,0.726,1.0055,100,True,False,D,False,76.6,13.74,109550,1.06736,95.29,1.783,10.24,91.0,30.0,3.0
1787958207.9,60.84,1704.0,4,0.730,0.726,1.0055,100,True,False,D,False,76.6,13.74,109550,1.07087,95.29,1.562,10.28,91.0,30.0,3.0
1787958208.1,60.75,1717.0,4,0.720,0.726,0.9917,99.32331930488868,True,False,D,False,76.6,13.74,109550,1.07398,95.29,1.562,10.31,91.0,28.0,3.0
1787958208.3,60.84,1697.2,4,0.720,0.726,0.9917,100,True,False,D,False,76.6,13.74,109550,1.07749,95.29,1.528,10.34,91.0,27.0,3.0
1787958208.5,60.78,1702.0,4,0.730,0.726,1.0055,100,True,False,D,False,76.6,13.74,109550,1.08099,95.29,1.511,10.37,91.0,27.0,3.0
1787958208.7,60.84,1708.5,4,0.730,0.726,1.0055,99.96525342168692,True,False,D,False,76.6,13.74,109550,1.08410,95.29,1.448,10.40,91.0,27.0,3.0
1787958208.9,60.85,1706.2,4,0.720,0.726,0.9917,100,True,False,D,False,76.6,13.74,109550,1.08761,95.29,1.401,10.44,91.0,26.0,3.0
1787958209.1,60.71,1703.8,4,0.720,0.726,0.9917,100,True,False,D,False,76.6,13.74,109550,1.09072,95.29,1.388,10.47,91.0,25.0,3.0
1787958209.3,60.76,1705.8,4,0.730,0.726,1.0055,99.98578808763135,True,False,D,False,76.6,13.74,109550,1.09423,95.29,1.401,10.50,91.0,25.0,3.0
1787958209.5,60.59,1707.8,4,0.730,0.726,1.0055,99.58644636895596,True,False,D,False,76.6,13.74,109550,1.09851,95.29,1.401,10.54,91.0,25.0,3.0
1787958209.7,60.57,1704.8,4,0.730,0.726,1.0055,99.72682121770598,True,False,D,False,76.6,13.74,109550,1.10163,95.29,1.388,10.57,91.0,25.0,3.0
1787958209.9,60.63,1703.5,4,0.730,0.726,1.0055,99.90608425125377,True,False,D,False,76.6,13.74,109550,1.10513,95.29,1.448,10.60,91.0,25.0,3.0
1787958210.1,60.70,1704.5,4,0.720,0.726,0.9917,99.9519551373865,True,False,D,False,76.6,13.74,109550,1.10864,95.29,1.401,10.64,91.0,25.0,3.0
1787958210.3,60.68,1700.8,4,0.720,0.726,0.9917,100,True,False,D,False,76.6,13.77,109550,1.11175,95.29,1.418,10.67,91.0,25.0,3.0
1787958210.5,60.73,1698.8,4,0.730,0.726,1.0055,100,True,False,D,False,76.6,13.77,109550,1.11526,95.29,1.401,10.70,91.0,25.0,3.0
1787958210.7,60.58,1702.5,4,0.730,0.726,1.0055,99.8773867985498,True,False,D,False,76.6,13.77,109550,1.11837,95.29,1.401,10.73,91.0,25.0,3.0
1787958210.9,60.61,1700.8,4,0.730,0.726,1.0055,100,True,False,D,False,76.6,13.77,109550,1.12188,95.29,1.418,10.76,91.0,25.0,3.0
1787958211.1,60.60,1699.2,4,0.720,0.726,0.9917,100,True,False,D,False,76.6,13.77,109550,1.12694,95.29,1.448,10.81,91.0,25.0,3.0
1787958211.3,60.58,1697.5,4,0.730,0.726,1.0055,100,True,False,D,False,76.6,13.77,109550,1.13005,95.29,1.464,10.84,91.0,25.0,3.0
1787958211.6,60.60,1698.5,4,0.730,0.726,1.0055,100,True,False,D,False,76.6,13.77,109550,1.13356,95.29,1.401,10.88,91.0,25.0,3.0
1787958211.8,60.44,1696.5,4,0.730,0.726,1.0055,99.98799700815785,True,False,D,False,76.6,13.77,109550,1.13706,95.29,1.418,10.91,91.0,25.0,3.0
1787958212.0,60.37,1698.2,4,0.730,0.726,1.0055,99.77697804047628,True,False,D,False,76.6,13.77,109550,1.14018,95.29,1.448,10.94,91.0,25.0,3.0
1787958212.2,60.60,1697.5,4,0.720,0.726,0.9917,100,True,False,D,False,76.6,13.77,109550,1.14368,95.29,1.431,10.97,91.0,25.0,3.0
1787958212.4,60.47,1699.5,4,0.730,0.726,1.0055,99.86627335911948,True,False,D,False,76.6,13.77,109550,1.14680,95.29,1.388,11.00,91.0,25.0,3.0
1787958212.6,60.53,1703.5,4,0.720,0.726,0.9917,99.7302614773999,True,False,D,False,76.6,13.77,109550,1.15030,95.29,1.431,11.04,91.0,25.0,3.0
1787958212.8,60.53,1699.2,4,0.730,0.726,1.0055,99.98577184465027,True,False,D,False,76.6,13.77,109550,1.15342,95.29,1.431,11.07,91.0,25.0,3.0
1787958213.0,60.62,1698.2,4,0.730,0.726,1.0055,100,True,False,D,False,76.6,13.77,109550,1.15692,95.29,1.388,11.10,91.0,25.0,3.0
1787958213.2,60.47,1695.8,4,0.720,0.726,0.9917,100,True,False,D,False,76.6,13.77,109550,1.16042,95.29,1.418,11.13,91.0,25.0,3.0
1787958213.4,60.52,1696.5,4,0.730,0.726,1.0055,100,True,False,D,False,76.6,13.77,109550,1.16354,95.29,1.418,11.16,91.0,25.0,3.0
1787958213.6,60.38,1695.8,4,0.730,0.726,1.0055,99.93740679144886,True,False,D,False,76.6,13.74,109550,1.16704,95.29,1.431,11.20,91.0,25.0,3.0
1787958213.8,60.58,1693.0,4,0.730,0.726,1.0055,100,True,False,D,False,76.6,13.74,109550,1.17016,95.29,1.401,11.23,91.0,25.0,3.0
1787958214.0,60.52,1704.0,4,0.720,0.726,0.9917,99.67179445421591,True,False,D,False,76.6,13.74,109550,1.17366,95.29,1.418,11.26,91.0,25.0,3.0
1787958214.2,60.50,1700.5,4,0.720,0.726,0.9917,99.85820759882091,True,False,D,False,76.6,13.74,109550,1.17678,95.29,1.431,11.29,91.0,25.0,3.0
1787958214.4,60.40,1701.0,4,0.730,0.726,1.0055,99.65395162250591,True,False,D,False,76.6,13.74,109550,1.18028,95.29,1.401,11.33,91.0,25.0,3.0
1787958214.6,60.62,1699.8,3,0.720,1.000,0.7200,100,False,True,D,True,76.6,13.74,109550,1.18379,95.29,1.401,11.36,91.0,25.0,3.0
1787958214.8,60.34,1694.0,3,0.740,1.000,0.7400,100,False,True,D,True,76.6,13.74,109550,1.18690,95.29,1.388,11.39,91.0,25.0,3.0
1787958215.0,59.67,2078.8,3,1.000,1.000,1.0000,100,False,True,D,True,76.6,13.74,109550,1.19041,95.29,1.401,11.42,91.0,25.0,0.0
1787958215.2,59.92,2231.8,3,1.000,1.000,1.0000,100,False,True,D,True,76.6,13.74,109550,1.19352,95.29,1.172,11.45,91.0,22.0,0.0
1787958215.4,59.70,2208.0,3,1.000,1.000,1.0000,100,False,True,D,False,76.6,13.74,109550,1.19781,95.29,1.214,11.49,91.0,21.0,0.0
1787958215.6,59.44,2201.2,3,1.000,1.000,1.0000,100,False,True,D,False,76.6,13.74,109550,1.20092,95.29,1.227,11.52,91.0,20.0,0.0
1787958215.8,59.20,2157.5,3,1.000,1.000,1.0000,100,False,True,D,False,76.6,13.74,109550,1.20404,95.29,1.189,11.55,90.0,20.0,0.0
1787958216.0,59.15,2128.2,2,1.000,1.498,0.6676,100,False,True,S,True,76.6,13.74,109550,1.20754,95.29,1.189,11.59,91.0,20.0,0.0
1787958216.2,58.79,2111.5,2,1.000,1.498,0.6676,100,False,True,S,True,76.6,13.74,109550,1.21066,95.29,1.172,11.62,90.0,20.0,0.0
1787958216.4,58.35,2214.0,2,1.120,1.498,0.7477,100,False,True,S,True,76.6,13.74,109550,1.21416,95.29,1.189,11.65,90.0,20.0,0.0
1787958216.6,56.87,2839.8,2,1.420,1.498,0.9479,100,False,True,S,True,76.6,13.75,109550,1.21728,95.29,1.256,11.68,90.0,20.0,0.0
1787958216.8,55.72,3133.2,2,1.500,1.498,1.0013,100,False,True,S,True,76.6,13.75,109550,1.22039,95.29,1.596,11.71,90.0,18.0,0.0
1787958217.0,54.83,3081.5,2,1.500,1.498,1.0013,100,False,True,S,False,76.6,13.75,109550,1.22351,86.27,1.706,11.74,90.0,17.0,0.0
1787958217.2,53.68,3003.8,2,1.500,1.498,1.0013,100,False,True,S,False,76.6,13.75,109550,1.22779,95.29,1.651,11.78,90.0,17.0,0.0
1787958217.5,52.52,2937.8,2,1.500,1.498,1.0013,100,False,True,S,False,76.6,13.75,109550,1.23090,95.29,1.617,11.81,90.0,17.0,0.0
1787958217.7,51.24,2874.8,2,1.500,1.498,1.0013,100,False,True,S,False,76.6,13.75,109550,1.23363,95.29,1.596,11.84,90.0,17.0,0.0
1787958217.9,50.41,2819.2,2,1.500,1.498,1.0013,100,False,True,S,False,76.6,13.75,109550,1.23636,95.29,1.596,11.86,90.0,18.0,0.0
1787958218.1,49.49,2768.5,2,1.490,1.498,0.9947,100,False,True,S,False,76.6,13.75,109550,1.23908,95.29,1.498,11.89,90.0,18.0,0.0
1787958218.3,48.79,2725.0,2,1.500,1.498,1.0013,100,False,True,S,False,76.6,13.75,109550,1.24181,93.33,1.528,11.92,90.0,18.0,0.0
1787958218.5,48.03,2678.0,2,1.500,1.498,1.0013,100,False,True,S,False,76.6,13.75,109550,1.24453,95.29,1.481,11.94,90.0,18.0,0.0
1787958218.7,47.28,2632.2,2,1.500,1.498,1.0013,100,False,True,S,False,76.6,13.75,109550,1.24726,95.29,1.481,11.97,90.0,18.0,0.0
1787958218.9,46.45,2583.5,2,1.500,1.498,1.0013,100,False,True,S,False,76.6,13.75,109550,1.24998,95.29,1.448,11.99,90.0,19.0,0.0
1787958219.1,45.52,2540.8,2,1.500,1.498,1.0013,100,False,True,S,False,76.6,13.75,109550,1.25232,95.29,1.418,12.02,90.0,19.0,0.0
1787958219.3,44.88,2492.5,2,1.500,1.498,1.0013,100,False,True,S,False,76.6,13.75,109550,1.25505,91.76,1.388,12.04,90.0,19.0,0.0
1787958219.5,44.26,2449.0,2,1.500,1.498,1.0013,100,False,True,S,False,76.6,13.75,109550,1.25738,95.29,1.388,12.07,90.0,20.0,0.0
1787958219.7,43.41,2403.0,2,1.500,1.498,1.0013,100,False,True,S,False,76.6,13.72,109550,1.25972,95.29,1.341,12.09,90.0,20.0,0.0
1787958219.9,42.47,2352.2,2,1.500,1.498,1.0013,100,False,True,S,False,76.6,13.72,109550,1.26205,95.29,1.358,12.11,90.0,20.0,0.0
1787958220.1,41.71,2300.8,2,1.500,1.498,1.0013,100,False,True,S,False,76.6,13.72,109550,1.26439,95.29,1.312,12.13,90.0,20.0,0.0
1787958220.3,40.49,2232.2,2,1.500,1.498,1.0013,100,False,True,S,False,76.6,13.72,109550,1.26673,95.29,1.312,12.15,90.0,20.0,0.0
1787958220.5,39.57,2175.0,2,1.500,1.498,1.0013,100,False,True,S,False,76.6,13.72,109550,1.26906,92.94,1.286,12.18,90.0,20.0,0.0
1787958220.7,38.42,2105.2,2,1.500,1.498,1.0013,100,False,True,S,False,76.6,13.72,109550,1.27140,95.29,1.269,12.20,90.0,20.0,0.0
1787958220.9,36.81,2030.5,2,1.500,1.498,1.0013,100,False,True,S,False,76.6,13.72,109550,1.27335,95.29,1.172,12.22,90.0,20.0,0.0
1787958221.1,35.06,1929.5,2,1.500,1.498,1.0013,100,False,True,S,False,76.6,13.72,109550,1.27529,95.29,1.159,12.24,90.0,20.0,0.0
1787958221.3,33.65,1829.2,2,1.500,1.498,1.0013,100,False,True,S,False,76.6,13.72,109550,1.27724,91.76,1.146,12.26,90.0,20.0,0.0
1787958221.5,31.97,1722.0,2,1.500,1.498,1.0013,100,False,True,S,False,76.6,13.72,109550,1.27919,92.94,1.133,12.27,90.0,20.0,0.0
1787958221.7,30.17,1607.8,2,1.500,1.498,1.0013,100,False,True,S,False,76.6,13.72,109550,1.28075,94.12,1.078,12.29,90.0,20.0,0.0
1787958221.9,28.49,1494.8,2,1.500,1.498,1.0013,100,False,True,S,False,76.6,13.72,109550,1.28269,95.29,1.329,12.31,90.0,22.0,0.0
1787958222.1,26.80,1375.8,2,1.500,1.498,1.0013,100,False,True,S,False,76.6,13.72,109550,1.28425,95.29,1.104,12.32,90.0,24.0,0.0
1787958222.3,25.03,1272.0,2,1.500,1.498,1.0013,100,False,True,S,False,76.6,13.72,109550,1.28581,95.29,1.027,12.34,90.0,24.0,0.0
1787958222.5,23.45,1248.5,2,1.500,1.498,1.0013,100,False,True,S,False,76.6,13.72,109550,1.28698,91.76,0.951,12.35,90.0,24.0,0.0
1787958222.7,22.20,1150.8,2,1.500,1.498,1.0013,100,False,True,S,False,76.6,13.69,109550,1.28814,90.59,0.976,12.36,90.0,24.0,0.0
1787958222.9,20.77,1033.0,2,1.500,1.498,1.0013,100,False,True,S,False,76.6,13.69,109550,1.28970,95.29,1.015,12.38,90.0,25.0,0.0
1787958223.1,19.43,920.5,2,1.500,1.498,1.0013,0,False,True,S,False,76.6,13.69,109550,1.29126,95.29,1.312,12.39,90.0,27.0,0.0
1787958223.4,18.85,881.8,2,1.500,1.498,1.0013,0,False,True,S,False,76.6,13.69,109550,1.29243,95.29,1.040,12.40,90.0,30.0,0.0
1787958223.6,18.58,851.0,2,1.490,1.498,0.9947,0,False,True,S,False,76.6,13.69,109550,1.29321,95.29,0.951,12.41,90.0,30.0,0.0
1787958223.8,18.22,819.5,2,1.500,1.498,1.0013,0,False,True,S,False,76.6,13.69,109550,1.29437,94.12,1.027,12.42,89.0,30.0,0.0
1787958224.0,17.94,819.8,2,1.500,1.498,1.0013,0,False,True,S,False,76.6,13.69,109550,1.29515,95.29,0.938,12.43,89.0,32.0,0.0
1787958224.2,17.81,836.8,2,1.500,1.498,1.0013,0,False,True,S,False,76.6,13.69,109550,1.29710,95.29,0.849,12.45,89.0,32.0,0.0
1787958224.4,17.46,840.5,2,1.500,1.498,1.0013,0,False,True,S,False,76.6,13.69,109550,1.29827,95.29,0.849,12.46,89.0,31.0,0.0
1787958224.6,17.27,834.8,2,1.500,1.498,1.0013,0,False,False,S,False,76.6,13.69,109550,1.29905,95.29,0.870,12.46,89.0,30.0,0.0
1787958224.8,16.94,813.5,2,1.500,1.498,1.0013,0,False,False,S,False,76.6,13.69,109550,1.29983,95.29,0.879,12.47,89.0,30.0,0.0
1787958225.0,16.86,804.5,2,1.500,1.498,1.0013,0,False,False,S,False,76.6,13.69,109550,1.30099,95.29,0.857,12.48,89.0,30.0,0.0
1787958225.2,16.51,795.2,2,1.500,1.498,1.0013,0,False,False,S,False,76.6,13.69,109550,1.30177,95.29,0.849,12.49,89.0,30.0,0.0
1787958225.4,16.19,780.2,2,1.500,1.498,1.0013,0,False,False,S,False,76.6,13.69,109550,1.30294,95.29,0.917,12.50,89.0,31.0,0.0
1787958225.6,15.61,778.5,2,1.500,1.498,1.0013,0,False,False,S,False,76.6,13.69,109550,1.30372,95.29,0.857,12.51,89.0,31.0,0.0
1787958225.8,15.00,776.2,2,1.500,1.498,1.0013,0,False,False,S,False,76.6,13.78,109550,1.30450,95.29,0.857,12.52,89.0,31.0,0.0
1787958226.0,14.27,760.8,2,1.500,1.498,1.0013,0,False,False,S,False,76.6,13.78,109550,1.30528,95.29,0.879,12.52,89.0,31.0,0.0
1787958226.2,13.47,751.0,2,1.500,1.498,1.0013,0,False,False,S,False,76.6,13.78,109550,1.30606,94.12,0.879,12.53,89.0,32.0,0.0
1787958226.4,12.69,748.2,2,1.510,1.498,1.0080,0,False,False,S,False,76.6,13.78,109550,1.30683,94.12,0.849,12.54,89.0,32.0,0.0
1787958226.6,11.82,735.0,2,1.500,1.498,1.0013,0,False,False,S,False,76.6,13.78,109550,1.30761,95.29,0.857,12.55,89.0,33.0,0.0
1787958226.8,11.17,714.8,1,1.490,2.816,0.5291,0,False,False,S,True,76.6,13.78,109550,1.30839,95.29,1.464,12.55,89.0,34.0,0.0
1787958227.0,10.36,718.0,1,1.490,2.816,0.5291,0,False,False,S,True,76.6,13.78,109550,1.30878,95.29,1.269,12.56,89.0,38.0,0.0
1787958227.2,9.71,723.8,1,1.470,2.816,0.5220,0,False,False,S,True,76.6,13.78,109550,1.30956,95.29,1.159,12.56,89.0,39.0,0.0
1787958227.4,8.87,736.2,1,1.830,2.816,0.6499,0,False,False,S,True,76.6,13.78,109550,1.30995,94.12,1.159,12.56,89.0,39.0,0.0
1787958227.6,8.06,749.2,1,2.130,2.816,0.7564,0,False,False,S,True,76.6,13.78,109550,1.31034,95.29,0.879,12.55,89.0,39.0,0.0
1787958227.8,7.31,746.5,1,2.420,2.816,0.8594,0,False,False,S,True,76.6,13.78,109550,1.31073,95.29,0.849,12.55,89.0,37.0,0.0
1787958228.0,6.76,744.0,1,2.670,2.816,0.9482,0,False,False,S,True,76.6,13.78,109550,1.31112,95.29,1.256,12.55,89.0,38.0,0.0
1787958228.2,6.60,754.0,1,2.780,2.816,0.9872,0,False,False,S,False,76.6,13.78,109550,1.31151,95.29,1.002,12.54,89.0,38.0,0.0
1787958228.4,6.35,749.8,1,2.830,2.816,1.0050,0,False,False,S,False,76.6,13.78,109550,1.31190,95.29,0.870,12.54,89.0,38.0,0.0
1787958228.6,6.00,734.5,1,2.790,2.816,0.9908,0,False,False,S,False,76.6,13.78,109550,1.31229,95.29,0.849,12.54,89.0,36.0,0.0
1787958228.8,5.49,711.0,1,2.830,2.816,1.0050,0,False,False,S,False,76.6,13.61,109550,1.31267,95.29,1.418,12.54,89.0,37.0,0.0
1787958229.0,5.14,716.5,1,2.830,2.816,1.0050,0,False,False,S,False,76.6,13.61,109550,1.31306,95.29,1.418,12.53,89.0,40.0,0.0
1787958229.3,4.83,723.5,1,2.900,2.816,1.0298,0,False,False,S,False,76.6,13.61,109550,1.31345,95.29,1.159,12.53,89.0,41.0,0.0
1787958229.5,4.53,718.2,1,2.920,2.816,1.0369,0,False,False,S,False,76.6,13.61,109550,1.31384,95.29,1.133,12.52,89.0,41.0,0.0
1787958229.7,4.22,721.8,1,2.850,2.816,1.0121,0,False,False,S,False,76.6,13.61,109550,1.31384,95.29,1.256,12.51,89.0,42.0,0.0
1787958229.9,3.91,728.2,1,2.800,2.816,0.9943,0,False,False,S,False,76.6,13.61,109550,1.31423,93.73,0.989,12.51,89.0,42.0,0.0
1787958230.1,3.44,717.0,1,2.820,2.816,1.0014,0,False,False,S,False,76.6,13.61,109550,1.31423,95.29,1.015,12.50,89.0,41.0,0.0
1787958230.3,3.00,706.0,1,2.820,2.816,1.0014,0,False,False,S,False,76.6,13.61,109550,1.31462,95.29,1.121,12.50,89.0,41.0,0.0
1787958230.5,2.54,705.0,1,2.820,2.816,1.0014,0,False,False,S,False,76.6,13.61,109550,1.31462,95.29,1.121,12.49,89.0,42.0,0.0
1787958230.7,2.13,706.0,1,2.820,2.816,1.0014,0,False,False,S,False,76.6,13.61,109550,1.31501,95.29,1.053,12.49,89.0,42.0,0.0
1787958230.9,1.82,700.2,1,2.820,2.816,1.0014,0,False,False,S,False,76.6,13.61,109550,1.31501,95.29,1.065,12.48,89.0,42.0,0.0
1787958231.1,1.57,704.2,1,2.820,2.816,1.0014,0,False,False,S,False,76.6,13.61,109550,1.31501,95.29,1.053,12.48,89.0,43.0,0.0
1787958231.3,1.35,709.0,1,2.820,2.816,1.0014,0,False,False,S,False,76.6,13.61,109550,1.31501,95.29,1.040,12.47,89.0,42.0,0.0
1787958231.5,1.15,702.5,1,2.820,2.816,1.0014,0,False,False,S,False,76.6,13.61,109550,1.31540,95.29,1.027,12.47,89.0,42.0,0.0
1787958231.7,0.98,692.8,1,2.820,2.816,1.0014,0,False,False,S,False,76.6,13.61,109550,1.31540,95.29,1.027,12.46,89.0,42.0,0.0
1787958231.9,0.77,689.5,1,2.820,2.816,1.0014,0,False,False,S,False,76.6,13.72,109550,1.31540,95.29,1.002,12.45,89.0,42.0,0.0
1787958232.1,0.81,680.2,1,2.820,2.816,1.0014,0,False,False,S,False,76.6,13.72,109550,1.31540,95.29,0.976,12.44,89.0,42.0,0.0
1787958232.3,0.93,665.8,1,2.820,2.816,1.0014,0,False,False,S,False,76.6,13.72,109550,1.31540,95.29,0.989,12.44,89.0,42.0,0.0
1787958232.5,1.03,658.0,1,2.820,2.816,1.0014,0,False,False,S,False,76.6,13.72,109550,1.31540,95.29,0.989,12.43,89.0,42.0,0.0
1787958232.7,1.13,658.8,1,2.820,2.816,1.0014,0,False,False,S,False,76.6,13.72,109550,1.31540,95.29,0.976,12.43,89.0,42.0,0.0
1787958232.9,1.23,654.5,1,2.820,2.816,1.0014,0,False,False,S,False,76.6,13.73,109550,1.31540,95.29,1.015,12.42,89.0,42.0,0.0
1787958233.1,1.36,656.8,1,2.820,2.816,1.0014,0,False,False,S,False,76.6,13.73,109550,1.31579,95.29,1.015,12.42,89.0,42.0,0.0
1787958233.3,1.55,672.2,1,2.820,2.816,1.0014,0,False,False,S,False,76.6,13.73,109550,1.31579,95.29,1.015,12.41,89.0,42.0,0.0
1787958233.5,1.77,681.0,1,2.820,2.816,1.0014,0,False,False,S,False,76.6,13.73,109550,1.31579,95.29,0.976,12.40,89.0,42.0,0.0
1787958233.7,1.81,684.2,1,2.820,2.816,1.0014,0,False,False,S,False,76.6,13.73,109550,1.31579,95.29,1.015,12.40,89.0,42.0,0.0
1787958233.9,1.65,685.2,1,2.820,2.816,1.0014,0,False,False,S,False,76.6,13.73,109550,1.31618,95.29,0.938,12.39,89.0,42.0,0.0
1787958234.1,1.47,683.0,1,2.820,2.816,1.0014,0,False,False,S,False,76.6,13.73,109550,1.31618,95.29,0.964,12.39,89.0,41.0,0.0
1787958234.3,1.29,676.2,1,2.820,2.816,1.0014,0,False,False,S,False,76.6,13.73,109550,1.31618,95.29,0.964,12.38,89.0,41.0,0.0
1787958234.5,1.11,670.0,1,2.820,2.816,1.0014,0,False,False,S,False,76.6,13.73,109550,1.31618,95.29,1.015,12.38,89.0,42.0,0.0
1787958234.7,0.98,670.2,1,2.820,2.816,1.0014,0,False,False,S,False,76.6,13.73,109550,1.31618,95.29,0.989,12.37,89.0,42.0,0.0
1787958234.9,1.04,675.0,1,2.820,2.816,1.0014,0,False,False,S,False,76.6,13.73,109550,1.31657,95.29,1.002,12.37,89.0,42.0,0.0
1787958235.1,1.12,673.5,1,2.820,2.816,1.0014,0,False,False,S,False,76.6,13.67,109550,1.31657,95.29,0.989,12.36,89.0,42.0,0.0
1787958235.3,1.04,682.0,1,2.820,2.816,1.0014,0,False,False,S,False,76.6,13.67,109550,1.31657,95.29,0.976,12.35,89.0,42.0,0.0
1787958235.5,0.94,686.2,1,2.820,2.816,1.0014,0,False,False,S,False,76.6,13.67,109550,1.31657,94.12,0.976,12.35,89.0,42.0,0.0
1787958235.8,0.86,680.8,1,2.820,2.816,1.0014,0,False,False,S,False,76.6,13.67,109550,1.31657,95.29,0.989,12.34,89.0,41.0,0.0
1787958236.0,0.58,682.0,1,2.820,2.816,1.0014,0,False,False,S,False,76.6,13.67,109550,1.31657,95.29,0.989,12.33,89.0,41.0,0.0
1787958236.2,0.00,686.2,1,2.820,2.816,1.0014,0,False,False,S,False,76.6,13.67,109550,1.31657,95.29,0.964,12.33,89.0,41.0,0.0
1787958236.4,0.00,680.8,1,2.820,2.816,1.0014,0,False,False,S,False,76.6,13.67,109550,1.31657,95.29,0.989,12.32,89.0,41.0,0.0
1787958236.6,0.00,678.0,1,2.820,2.816,1.0014,0,False,False,S,False,76.6,13.67,109550,1.31657,95.29,0.989,12.31,89.0,41.0,0.0
1787958236.8,0.00,711.2,1,2.820,2.816,1.0014,0,False,False,S,False,76.6,13.67,109550,1.31657,95.29,1.341,12.31,89.0,46.0,0.0
1787958237.0,0.00,746.2,1,2.820,2.816,1.0014,0,False,False,S,False,76.6,13.67,109550,1.31657,95.29,1.269,12.30,89.0,47.0,0.0
1787958237.2,0.00,704.2,1,2.820,2.816,1.0014,0,False,False,S,False,76.6,13.67,109550,1.31657,95.29,1.562,12.29,89.0,47.0,0.0
1787958237.4,0.00,708.5,1,2.820,2.816,1.0014,0,False,False,S,False,76.6,13.67,109550,1.31657,95.29,1.358,12.28,89.0,49.0,0.0
1787958237.6,0.00,710.0,1,2.820,2.816,1.0014,0,False,False,S,False,76.6,13.67,109550,1.31657,95.29,1.511,12.27,89.0,50.0,0.0
1787958237.8,0.00,720.8,1,2.820,2.816,1.0014,0,False,False,S,False,76.6,13.67,109550,1.31657,95.29,1.418,12.26,89.0,53.0,0.0
1787958238.0,0.00,720.8,1,2.820,2.816,1.0014,0,False,False,S,False,76.6,13.67,109550,1.31657,95.29,1.341,12.25,89.0,53.0,0.0
1787958238.2,0.00,718.5,1,2.820,2.816,1.0014,0,False,False,S,False,76.6,13.26,109550,1.31657,95.29,1.371,12.25,89.0,53.0,0.0
1787958238.4,0.00,710.8,1,2.820,2.816,1.0014,0,False,False,S,False,76.6,13.26,109550,1.31657,95.29,1.358,12.24,89.0,53.0,0.0
1787958238.6,0.00,711.5,1,2.820,2.816,1.0014,0,False,False,S,False,76.6,13.26,109550,1.31657,95.29,1.401,12.23,89.0,53.0,0.0
1787958238.8,0.00,708.8,1,2.820,2.816,1.0014,0,False,False,S,False,76.6,13.26,109550,1.31657,95.29,1.431,12.22,89.0,53.0,0.0
1787958239.0,0.00,709.8,1,2.820,2.816,1.0014,0,False,False,S,False,76.6,13.26,109550,1.31657,95.29,1.448,12.21,89.0,54.0,0.0
1787958239.2,0.00,708.8,1,2.820,2.816,1.0014,0,False,False,S,False,76.6,13.26,109550,1.31657,95.29,1.431,12.20,89.0,55.0,0.0
1787958239.4,0.00,710.2,1,2.820,2.816,1.0014,0,False,False,S,False,76.6,13.26,109550,1.31657,95.29,1.431,12.19,89.0,55.0,0.0
1787958239.6,0.00,713.2,1,2.820,2.816,1.0014,0,False,False,S,False,76.6,13.26,109550,1.31657,95.29,1.498,12.18,89.0,56.0,0.0
1787958239.8,0.00,714.8,1,2.820,2.816,1.0014,0,False,False,S,False,76.6,13.26,109550,1.31657,95.29,1.498,12.17,89.0,56.0,0.0
1787958240.0,0.00,717.8,1,2.820,2.816,1.0014,0,False,False,S,False,76.6,13.26,109550,1.31657,95.29,1.481,12.16,89.0,56.0,0.0
1787958240.2,0.00,737.0,1,2.820,2.816,1.0014,0,False,False,S,False,76.6,13.26,109550,1.31657,95.29,1.464,12.15,89.0,56.0,0.0
1787958240.4,0.00,754.8,1,2.820,2.816,1.0014,0,False,False,S,False,76.6,13.26,109550,1.31657,95.29,1.464,12.14,89.0,55.0,0.0
1787958240.6,0.00,756.2,1,2.820,2.816,1.0014,0,False,False,S,False,76.6,13.26,109550,1.31657,95.29,1.448,12.14,89.0,55.0,0.0
1787958240.8,0.00,765.0,1,2.820,2.816,1.0014,0,False,False,S,False,76.6,13.26,109550,1.31657,95.29,1.448,12.13,89.0,54.0,0.0
1787958241.0,0.00,766.0,1,2.820,2.816,1.0014,0,False,False,S,False,76.6,13.26,109550,1.31657,95.29,1.481,12.12,89.0,54.0,0.0
1787958241.2,0.00,759.0,1,2.820,2.816,1.0014,0,False,False,S,False,76.6,13.65,109550,1.31657,95.29,1.498,12.11,89.0,53.0,0.0
1787958241.4,0.00,758.8,1,2.820,2.816,1.0014,0,False,False,S,False,76.6,13.65,109550,1.31657,95.29,1.464,12.10,89.0,53.0,0.0
1787958241.6,0.00,762.0,1,2.820,2.816,1.0014,0,False,False,S,False,76.6,13.65,109550,1.31657,95.29,1.481,12.09,89.0,54.0,0.0
1787958241.8,0.00,761.2,1,2.820,2.816,1.0014,0,False,False,S,False,76.6,13.65,109550,1.31657,95.29,1.481,12.08,89.0,53.0,0.0
1787958242.0,0.00,758.0,1,2.820,2.816,1.0014,0,False,False,S,False,76.6,13.65,109550,1.31657,95.29,1.481,12.07,89.0,53.0,0.0
1787958242.3,0.00,760.5,1,2.820,2.816,1.0014,0,False,False,S,False,76.6,13.65,109550,1.31657,95.29,1.481,12.06,89.0,54.0,0.0
1787958242.5,0.00,762.2,1,2.820,2.816,1.0014,0,False,False,S,False,76.6,13.65,109550,1.31657,95.29,1.498,12.05,89.0,54.0,0.0
1787958242.7,0.00,759.2,1,2.820,2.816,1.0014,0,False,False,S,False,76.6,13.65,109550,1.31657,95.29,1.528,12.04,89.0,54.0,0.0
1787958242.9,0.00,760.2,1,2.820,2.816,1.0014,0,False,False,S,False,76.6,13.65,109550,1.31657,95.29,1.498,12.03,89.0,54.0,0.0
1787958243.1,0.00,763.8,1,2.820,2.816,1.0014,0,False,False,S,False,76.6,13.65,109550,1.31657,95.29,1.448,12.02,89.0,53.0,0.0
1787958243.3,0.00,757.5,1,2.820,2.816,1.0014,0,False,False,S,False,76.6,13.65,109550,1.31657,95.29,1.498,12.01,89.0,53.0,0.0
1787958243.5,0.00,750.5,1,2.820,2.816,1.0014,0,False,False,S,False,76.6,13.65,109550,1.31657,95.29,1.448,12.01,89.0,53.0,0.0
1787958243.7,0.00,749.0,1,2.820,2.816,1.0014,0,False,False,S,False,76.6,13.65,109550,1.31657,95.29,1.481,12.00,89.0,53.0,0.0
1787958243.9,0.00,744.5,1,2.820,2.816,1.0014,0,False,False,S,False,76.6,13.65,109550,1.31657,95.29,1.431,11.99,89.0,53.0,0.0
1787958244.1,0.00,740.5,1,2.820,2.816,1.0014,0,False,False,S,False,76.6,13.65,109550,1.31657,95.29,1.481,11.98,89.0,53.0,0.0
1787958244.3,0.00,743.0,1,2.820,2.816,1.0014,0,False,False,S,False,76.6,13.68,109550,1.31657,95.29,1.448,11.97,89.0,54.0,0.0
1787958244.5,0.00,741.2,1,2.820,2.816,1.0014,0,False,False,S,False,76.6,13.68,109550,1.31657,95.29,1.464,11.96,89.0,53.0,0.0
1787958244.7,0.00,731.8,1,2.820,2.816,1.0014,0,False,False,S,False,76.6,13.68,109550,1.31657,95.29,1.481,11.95,89.0,53.0,0.0
1787958244.9,0.00,730.8,1,2.820,2.816,1.0014,0,False,False,S,False,76.6,13.68,109550,1.31657,95.29,1.418,11.94,89.0,53.0,0.0
1787958245.1,0.00,729.2,1,2.820,2.816,1.0014,0,False,False,S,False,76.6,13.68,109550,1.31657,95.29,1.431,11.93,89.0,53.0,0.0
1787958245.3,0.00,722.2,1,2.820,2.816,1.0014,0,False,False,S,False,76.6,13.68,109550,1.31657,95.29,1.388,11.92,89.0,53.0,0.0
1787958245.5,0.00,717.2,1,2.820,2.816,1.0014,0,False,False,S,False,76.6,13.68,109550,1.31657,95.29,1.418,11.92,89.0,53.0,0.0
1787958245.7,0.00,718.8,1,2.820,2.816,1.0014,0,False,False,S,False,76.6,13.68,109550,1.31657,95.29,1.371,11.91,89.0,53.0,0.0
1787958245.9,0.00,715.2,1,2.820,2.816,1.0014,0,False,False,S,False,76.6,13.68,109550,1.31657,95.29,1.358,11.90,89.0,53.0,0.0
1787958246.1,0.00,708.2,1,2.820,2.816,1.0014,0,False,False,S,False,76.6,13.68,109550,1.31657,95.29,1.371,11.89,89.0,53.0,0.0
1787958246.3,0.00,698.5,1,2.820,2.816,1.0014,0,False,False,S,False,76.6,13.68,109550,1.31657,95.29,1.388,11.88,89.0,53.0,0.0
1787958246.5,0.00,690.2,1,2.820,2.816,1.0014,0,False,False,S,False,76.6,13.68,109550,1.31657,95.29,1.358,11.88,89.0,54.0,0.0
1787958246.7,0.00,682.5,1,2.820,2.816,1.0014,0,False,False,S,False,76.6,13.68,109550,1.31657,95.29,1.371,11.87,89.0,54.0,0.0
1787958246.9,0.00,678.8,1,2.820,2.816,1.0014,0,False,False,S,False,76.6,13.68,109550,1.31657,95.29,1.418,11.86,89.0,55.0,0.0
1787958247.1,0.84,692.8,1,2.820,2.816,1.0014,0,False,False,S,False,76.6,13.68,109550,1.31657,95.29,1.418,11.85,89.0,55.0,0.0
1787958247.3,1.06,699.2,1,2.820,2.816,1.0014,0,False,False,S,False,76.6,13.73,109550,1.31657,95.29,1.341,11.84,89.0,55.0,0.0
1787958247.5,1.19,692.2,1,2.820,2.816,1.0014,0,False,False,S,False,76.6,13.73,109550,1.31696,95.29,1.329,11.84,89.0,55.0,0.0
1787958247.7,1.17,687.8,1,2.820,2.816,1.0014,0,False,False,S,False,76.6,13.73,109550,1.31696,95.29,1.401,11.83,89.0,55.0,0.0
1787958247.9,1.08,685.0,1,2.820,2.816,1.0014,0,False,False,S,False,76.6,13.73,109550,1.31696,95.29,1.371,11.82,89.0,55.0,0.0
1787958248.1,0.99,683.2,1,2.820,2.816,1.0014,0,False,False,S,False,76.6,13.73,109550,1.31696,95.29,1.371,11.81,89.0,55.0,0.0
1787958248.3,0.92,683.8,1,2.820,2.816,1.0014,0,False,False,S,False,76.6,13.73,109550,1.31696,95.29,1.341,11.80,89.0,55.0,0.0
1787958248.6,0.85,688.0,1,2.820,2.816,1.0014,0,False,False,S,False,76.6,13.73,109550,1.31696,95.29,1.121,11.80,89.0,54.0,0.0
1787958248.8,0.88,680.2,1,2.820,2.816,1.0014,0,False,False,S,False,76.6,13.68,109550,1.31735,95.29,1.091,11.79,89.0,52.0,0.0
1787958249.0,1.01,725.0,1,2.820,2.816,1.0014,0,False,False,S,False,76.6,13.68,109550,1.31735,95.29,1.065,11.79,90.0,51.0,0.0
1787958249.2,1.08,723.0,1,2.820,2.816,1.0014,0,False,False,S,False,76.6,13.68,109550,1.31735,95.29,1.002,11.78,89.0,48.0,0.0
1787958249.4,1.19,717.2,1,2.820,2.816,1.0014,0,False,False,S,False,76.6,13.68,109550,1.31735,95.29,0.976,11.78,90.0,46.0,0.0
1787958249.6,1.21,701.8,1,2.820,2.816,1.0014,0,False,False,S,False,76.6,13.68,109550,1.31735,95.29,0.938,11.77,89.0,44.0,0.0
1787958249.8,1.11,699.8,1,2.820,2.816,1.0014,0,False,False,S,False,76.6,13.68,109550,1.31735,95.29,0.951,11.77,90.0,44.0,0.0
1787958250.0,1.10,696.2,1,2.820,2.816,1.0014,0,False,False,S,False,76.6,13.68,109550,1.31735,95.29,0.917,11.76,90.0,43.0,0.0
1787958250.2,1.23,686.0,1,2.820,2.816,1.0014,0,False,False,S,False,76.6,13.68,109550,1.31774,95.29,0.930,11.76,90.0,43.0,0.0
1787958250.4,1.19,677.0,1,2.820,2.816,1.0014,0,False,False,S,False,76.6,13.68,109550,1.31774,95.29,0.976,11.75,90.0,42.0,0.0
1787958250.6,1.09,676.2,1,2.820,2.816,1.0014,0,False,False,S,False,76.6,13.62,109550,1.31774,95.29,0.964,11.75,90.0,42.0,0.0
1787958250.8,0.98,674.8,1,2.820,2.816,1.0014,0,False,False,S,False,76.6,13.62,109550,1.31774,95.29,0.938,11.74,90.0,42.0,0.0
1787958251.0,0.90,668.0,1,2.820,2.816,1.0014,0,False,False,S,False,76.6,13.62,109550,1.31774,95.29,0.930,11.74,90.0,42.0,0.0
1787958251.2,0.37,666.8,1,2.820,2.816,1.0014,0,False,False,S,False,76.6,13.62,109550,1.31774,95.29,0.951,11.73,90.0,42.0,0.0
1787958251.4,0.00,674.8,1,2.820,2.816,1.0014,0,False,False,S,False,76.6,13.62,109550,1.31774,95.29,0.891,11.72,90.0,42.0,0.0
1787958251.6,0.00,676.5,1,2.820,2.816,1.0014,0,False,False,S,False,76.6,13.62,109550,1.31774,95.29,0.891,11.72,90.0,42.0,0.0
1787958251.8,0.00,673.0,1,2.820,2.816,1.0014,0,False,False,S,False,76.6,13.62,109550,1.31774,95.29,0.938,11.71,90.0,41.0,0.0
1787958252.0,0.00,676.2,1,2.820,2.816,1.0014,0,False,False,S,False,76.6,13.62,109550,1.31774,95.29,0.917,11.71,90.0,41.0,0.0
1787958252.2,0.00,677.5,1,2.820,2.816,1.0014,0,False,False,S,False,76.6,13.62,109550,1.31774,95.29,0.964,11.70,90.0,41.0,0.0
1787958252.4,0.00,673.8,1,2.820,2.816,1.0014,0,False,False,S,False,76.6,13.62,109550,1.31774,95.29,0.938,11.70,90.0,41.0,0.0
1787958252.6,0.00,673.5,1,2.820,2.816,1.0014,0,False,False,S,False,76.6,13.62,109550,1.31774,95.29,0.930,11.69,90.0,41.0,0.0
1787958252.8,0.00,676.5,1,2.820,2.816,1.0014,0,False,False,S,False,76.6,13.62,109550,1.31774,95.29,0.917,11.69,90.0,41.0,0.0
1787958253.0,0.00,677.5,1,2.820,2.816,1.0014,0,False,False,S,False,76.6,13.62,109550,1.31774,95.29,0.938,11.68,90.0,41.0,0.0
1787958253.2,0.00,677.0,1,2.820,2.816,1.0014,0,False,False,S,False,76.6,13.62,109550,1.31774,95.29,0.951,11.67,90.0,41.0,0.0
1787958253.4,0.00,680.0,1,2.820,2.816,1.0014,0,False,False,S,False,76.6,13.62,109550,1.31774,95.29,0.930,11.67,90.0,41.0,0.0
1787958253.6,0.00,680.8,1,2.820,2.816,1.0014,0,False,False,S,False,76.6,13.74,109550,1.31774,95.29,0.917,11.66,90.0,41.0,0.0
1787958253.8,0.00,671.2,1,2.820,2.816,1.0014,0,False,False,S,False,76.6,13.74,109550,1.31774,95.29,0.938,11.66,90.0,40.0,0.0
1787958254.0,0.00,669.0,1,2.820,2.816,1.0014,0,False,False,S,False,76.6,13.74,109550,1.31774,95.29,0.938,11.65,90.0,41.0,0.0
1787958254.2,0.00,670.5,1,2.820,2.816,1.0014,0,False,False,S,False,76.6,13.74,109550,1.31774,95.29,0.904,11.65,90.0,40.0,0.0
1787958254.4,0.00,666.8,1,2.820,2.816,1.0014,0,False,False,S,False,76.6,13.74,109550,1.31774,95.29,0.951,11.64,90.0,40.0,0.0
1787958254.6,0.00,666.8,1,2.820,2.816,1.0014,0,False,False,S,False,76.6,13.74,109550,1.31774,95.29,0.917,11.64,90.0,41.0,0.0
1787958254.9,0.00,671.2,1,2.820,2.816,1.0014,0,False,False,S,False,76.6,13.74,109550,1.31774,95.29,0.930,11.63,90.0,41.0,0.0
1787958255.1,0.00,672.8,1,2.820,2.816,1.0014,0,False,False,S,False,76.6,13.74,109550,1.31774,95.29,0.930,11.63,90.0,40.0,0.0
1787958255.3,0.00,670.0,1,2.820,2.816,1.0014,0,False,False,S,False,76.6,13.74,109550,1.31774,95.29,0.938,11.62,90.0,41.0,0.0
1787958255.5,0.00,673.5,1,2.820,2.816,1.0014,0,False,False,S,False,76.6,13.74,109550,1.31774,95.29,0.930,11.61,90.0,41.0,0.0
1787958255.7,0.00,674.8,1,2.820,2.816,1.0014,0,False,False,S,False,76.6,13.74,109550,1.31774,95.29,0.951,11.61,90.0,40.0,0.0
1787958255.9,0.00,668.8,1,2.820,2.816,1.0014,0,False,False,S,False,76.6,13.74,109550,1.31774,95.29,0.938,11.60,90.0,40.0,0.0
1787958256.1,0.00,668.0,1,2.820,2.816,1.0014,0,False,False,S,False,76.6,13.74,109550,1.31774,95.29,0.917,11.60,90.0,41.0,0.0
1787958256.3,0.00,672.0,1,2.820,2.816,1.0014,0,False,False,S,False,76.6,13.74,109550,1.31774,95.29,0.951,11.59,90.0,41.0,0.0
1787958256.5,0.00,670.5,1,2.820,2.816,1.0014,0,False,False,S,False,76.6,13.74,109550,1.31774,95.29,0.938,11.59,90.0,41.0,0.0
1787958256.7,0.00,667.8,1,2.820,2.816,1.0014,0,False,False,S,False,76.6,13.63,109550,1.31774,95.29,0.976,11.58,90.0,41.0,0.0
1787958256.9,0.00,674.5,1,2.820,2.816,1.0014,0,False,False,S,False,76.6,13.63,109550,1.31774,95.29,0.930,11.58,90.0,41.0,0.0
1787958257.1,0.00,678.2,1,2.820,2.816,1.0014,0,False,False,S,False,76.6,13.63,109550,1.31774,95.29,0.951,11.57,90.0,41.0,0.0
1787958257.3,0.00,674.2,1,2.820,2.816,1.0014,0,False,False,S,False,76.6,13.63,109550,1.31774,95.29,0.938,11.57,90.0,40.0,0.0
1787958257.5,0.00,677.8,1,2.820,2.816,1.0014,0,False,False,S,False,76.6,13.63,109550,1.31774,95.29,0.930,11.56,90.0,41.0,0.0
1787958257.7,0.00,678.8,1,2.820,2.816,1.0014,0,False,False,S,False,76.6,13.63,109550,1.31774,95.29,0.904,11.55,90.0,40.0,0.0
1787958257.9,0.00,671.0,1,2.820,2.816,1.0014,0,False,False,S,False,76.6,13.63,109550,1.31774,95.29,0.964,11.55,90.0,40.0,0.0
1787958258.1,0.00,668.8,1,2.820,2.816,1.0014,0,False,False,S,False,76.6,13.63,109550,1.31774,95.29,0.938,11.54,90.0,41.0,0.0
1787958258.3,0.00,673.0,1,2.820,2.816,1.0014,0,False,False,S,False,76.6,13.63,109550,1.31774,95.29,0.938,11.54,90.0,41.0,0.0
1787958258.5,0.00,673.0,1,2.820,2.816,1.0014,0,False,False,S,False,76.6,13.63,109550,1.31774,95.29,0.930,11.53,90.0,41.0,0.0
1787958258.7,0.00,667.2,1,2.820,2.816,1.0014,0,False,False,S,False,76.6,13.63,109550,1.31774,95.29,0.976,11.53,90.0,41.0,0.0
1787958258.9,0.00,668.0,1,2.820,2.816,1.0014,0,False,False,S,False,76.6,13.66,109550,1.31774,95.29,0.917,11.52,90.0,41.0,0.0
1787958259.1,0.00,672.2,1,2.820,2.816,1.0014,0,False,False,S,False,76.6,13.66,109550,1.31774,95.29,0.938,11.52,90.0,41.0,0.0
1787958259.3,0.00,672.0,1,2.820,2.816,1.0014,0,False,False,S,False,76.6,13.66,109550,1.31774,95.29,0.930,11.51,90.0,41.0,0.0
1787958259.5,0.00,672.5,1,2.820,2.816,1.0014,0,False,False,S,False,76.6,13.66,109550,1.31774,95.29,0.930,11.51,90.0,41.0,0.0
1787958259.7,0.00,677.2,1,2.820,2.816,1.0014,0,False,False,S,False,76.6,13.73,109550,1.31774,95.29,0.904,11.50,90.0,41.0,0.0
1787958259.9,0.00,678.2,1,2.820,2.816,1.0014,0,False,False,S,False,76.6,13.73,109550,1.31774,95.29,0.951,11.50,90.0,40.0,0.0
1787958260.1,0.00,673.5,1,2.820,2.816,1.0014,0,False,False,S,False,76.6,13.73,109550,1.31774,95.29,0.938,11.49,90.0,40.0,0.0
1787958260.3,0.00,674.2,1,2.820,2.816,1.0014,0,False,False,S,False,76.6,13.73,109550,1.31774,95.29,0.930,11.49,90.0,41.0,0.0
1787958260.5,0.00,673.2,1,2.820,2.816,1.0014,0,False,False,S,False,76.6,13.73,109550,1.31774,95.29,0.938,11.48,90.0,40.0,0.0
1787958260.8,0.00,667.8,1,2.820,2.816,1.0014,0,False,False,S,False,76.6,13.73,109550,1.31774,95.29,0.938,11.48,90.0,40.0,0.0
1787958261.0,0.00,668.2,1,2.820,2.816,1.0014,0,False,False,S,False,76.6,13.73,109550,1.31774,95.29,0.938,11.47,90.0,41.0,0.0
1787958261.2,0.00,674.2,1,2.820,2.816,1.0014,0,False,False,S,False,76.6,13.73,109550,1.31774,95.29,0.951,11.46,90.0,41.0,0.0
1787958261.4,0.00,674.2,1,2.820,2.816,1.0014,0,False,False,S,False,76.6,13.73,109550,1.31774,95.29,0.938,11.46,90.0,40.0,0.0
1787958261.6,0.00,676.5,1,2.820,2.816,1.0014,0,False,False,S,False,76.6,13.73,109550,1.31774,95.29,0.930,11.45,90.0,41.0,0.0
1787958261.8,0.00,680.2,1,2.820,2.816,1.0014,0,False,False,S,False,76.6,13.73,109550,1.31774,95.29,0.917,11.45,90.0,41.0,0.0
1787958262.0,0.00,680.2,1,2.820,2.816,1.0014,0,False,False,S,False,76.6,13.73,109550,1.31774,95.29,0.938,11.44,90.0,40.0,0.0
1787958262.2,0.00,673.5,1,2.820,2.816,1.0014,0,False,False,S,False,76.6,13.73,109550,1.31774,95.29,0.951,11.44,90.0,40.0,0.0
1787958262.4,0.00,675.0,1,2.820,2.816,1.0014,0,False,False,S,False,76.6,13.73,109550,1.31774,95.29,0.976,11.43,90.0,40.0,0.0
1787958262.6,0.00,678.8,1,2.820,2.816,1.0014,0,False,False,S,False,76.6,13.73,109550,1.31774,95.29,0.930,11.43,90.0,40.0,0.0
1787958262.8,0.00,674.0,1,2.820,2.816,1.0014,0,False,False,S,False,76.6,13.64,109550,1.31774,95.29,0.930,11.42,90.0,40.0,0.0
1787958263.0,0.00,670.0,1,2.820,2.816,1.0014,0,False,False,S,False,76.6,13.64,109550,1.31774,95.29,0.930,11.42,91.0,40.0,0.0
1787958263.2,0.00,672.5,1,2.820,2.816,1.0014,0,False,False,S,False,76.6,13.64,109550,1.31774,95.29,0.938,11.41,91.0,41.0,0.0
1787958263.4,0.00,672.0,1,2.820,2.816,1.0014,0,False,False,S,False,76.6,13.64,109550,1.31774,95.29,0.917,11.41,90.0,41.0,0.0
1787958263.6,0.00,669.2,1,2.820,2.816,1.0014,0,False,False,S,False,76.6,13.64,109550,1.31774,95.29,0.938,11.40,91.0,41.0,0.0
1787958263.8,0.00,676.0,1,2.820,2.816,1.0014,0,False,False,S,False,76.6,13.64,109550,1.31774,95.29,0.938,11.40,91.0,41.0,0.0
1787958264.0,0.00,677.5,1,2.820,2.816,1.0014,0,False,False,S,False,76.6,13.64,109550,1.31774,95.29,0.938,11.39,91.0,41.0,0.0
1787958264.2,0.00,677.5,1,2.820,2.816,1.0014,0,False,False,S,False,76.6,13.64,109550,1.31774,95.29,0.951,11.39,91.0,41.0,0.0
1787958264.4,0.00,686.2,1,2.820,2.816,1.0014,0,False,False,S,False,76.6,13.64,109550,1.31774,95.29,0.951,11.38,91.0,42.0,0.0
1787958264.6,0.00,691.5,1,2.820,2.816,1.0014,0,False,False,S,False,76.6,13.64,109550,1.31774,95.29,0.989,11.38,91.0,44.0,14.0
1787958264.8,0.91,785.2,1,2.820,2.816,1.0014,0,False,False,S,False,76.6,13.64,109550,1.31774,95.29,4.852,11.35,91.0,70.0,18.0
1787958265.0,1.61,1175.5,1,2.820,2.816,1.0014,0,False,False,S,False,76.6,13.64,109550,1.31813,95.29,4.852,11.33,91.0,85.0,19.0
1787958265.2,3.01,1437.5,1,2.820,2.816,1.0014,0,False,False,S,False,76.6,13.64,109550,1.31813,95.29,4.130,11.31,91.0,83.0,18.0
1787958265.4,4.68,1563.2,1,2.820,2.816,1.0014,0,False,False,S,False,76.6,13.64,109550,1.31813,95.29,4.614,11.28,91.0,78.0,18.0
1787958265.6,6.44,1589.5,1,2.760,2.816,0.9801,0,False,False,S,False,76.6,13.64,109550,1.31852,95.29,4.780,11.26,91.0,78.0,17.0
1787958265.8,7.75,1600.8,1,2.790,2.816,0.9908,0,False,False,S,False,76.6,13.64,109550,1.31891,95.29,4.678,11.24,91.0,72.0,17.0
1787958266.0,8.88,1622.2,1,2.840,2.816,1.0085,0,False,False,S,False,76.6,13.45,109550,1.31929,95.29,4.678,11.22,91.0,70.0,16.0
1787958266.2,10.05,1633.5,1,2.840,2.816,1.0085,0,False,False,S,False,76.6,13.45,109550,1.31968,95.29,4.478,11.20,91.0,69.0,16.0
1787958266.4,11.07,1689.0,1,2.830,2.816,1.0050,0,False,False,S,False,76.6,13.45,109550,1.32046,95.29,4.478,11.18,91.0,73.0,26.0
1787958266.6,12.53,1879.2,1,2.810,2.816,0.9979,0,False,False,S,False,76.6,13.45,109550,1.32124,95.29,6.715,11.14,91.0,82.0,27.0
1787958266.8,13.87,1998.5,1,2.820,2.816,1.0014,0,False,False,S,False,76.6,13.45,109550,1.32202,95.29,7.704,11.11,91.0,83.0,27.0
1787958267.1,15.23,2076.0,1,2.810,2.816,0.9979,0,False,False,S,False,76.6,13.45,109550,1.32280,95.29,7.178,11.08,91.0,84.0,28.0
1787958267.3,16.67,2145.0,1,2.820,2.816,1.0014,0,False,False,S,False,76.6,13.45,109550,1.32397,95.29,7.178,11.05,91.0,83.0,28.0
1787958267.5,17.83,2224.5,1,2.810,2.816,0.9979,0,False,False,S,False,76.6,13.45,109550,1.32475,95.29,7.560,11.02,91.0,82.0,28.0
1787958267.7,18.96,2346.8,1,2.820,2.816,1.0014,0,False,False,S,False,76.6,13.45,109550,1.32591,95.29,7.755,10.99,91.0,83.0,28.0
1787958267.9,20.23,2428.0,1,2.820,2.816,1.0014,90.67577801927419,False,False,S,False,76.6,13.66,109550,1.32669,95.29,8.002,10.96,91.0,81.0,28.0
1787958268.1,21.19,2504.0,1,2.820,2.816,1.0014,92.10789002298475,False,False,S,False,77.5,13.66,109550,1.32786,95.29,8.150,10.93,91.0,80.0,28.0
1787958268.3,22.55,2627.5,2,0.260,1.498,0.1736,93.18265037188633,False,False,S,True,77.5,13.66,109550,1.32903,95.29,8.150,10.90,91.0,78.0,30.0
1787958268.5,23.56,2731.0,2,0.260,1.498,0.1736,93.18265037188633,False,False,S,True,77.5,13.66,109550,1.33059,95.29,9.207,10.87,91.0,79.0,31.0
1787958268.7,24.45,2827.2,2,0.270,1.498,0.1802,93.18265037188633,False,False,S,True,77.5,13.66,109550,1.33175,95.29,10.451,10.83,91.0,79.0,35.0
1787958268.9,25.39,2954.5,2,0.260,1.498,0.1736,93.18265037188633,False,False,S,True,77.5,13.66,109550,1.33292,95.29,10.706,10.79,91.0,81.0,37.0
1787958269.1,26.56,2886.8,2,0.020,1.498,0.0134,93.18265037188633,False,False,S,True,77.5,13.29,109550,1.33448,95.29,11.482,10.75,91.0,82.0,37.0
1787958269.3,27.58,2426.5,2,2.120,1.498,1.4152,93.18265037188633,False,False,S,True,77.5,13.29,109550,1.33604,95.29,9.963,10.71,91.0,84.0,38.0
1787958269.5,28.41,2190.0,2,1.710,1.498,1.1415,93.18265037188633,False,False,S,True,77.5,13.29,109550,1.33760,94.12,8.982,10.68,91.0,89.0,40.0
1787958269.7,29.62,2119.5,2,1.490,1.498,0.9947,93.18265037188633,False,False,S,True,77.5,13.29,109550,1.33915,92.94,8.609,10.64,91.0,93.0,41.0
1787958269.9,30.50,2128.2,2,1.500,1.498,1.0013,82.99336992428715,False,False,S,False,77.5,13.29,109550,1.34071,95.29,8.664,10.61,91.0,93.0,42.0
1787958270.1,31.27,2157.0,2,1.500,1.498,1.0013,83.95432258484038,False,False,S,False,77.5,13.29,109550,1.34227,90.20,8.931,10.58,91.0,93.0,43.0
1787958270.3,32.04,2170.8,2,1.500,1.498,1.0013,85.4632521572381,False,False,S,False,77.5,13.29,109550,1.34422,95.29,9.037,10.55,91.0,93.0,44.0
1787958270.5,32.72,2208.5,2,1.500,1.498,1.0013,85.79194167149247,False,False,S,False,77.5,13.29,109550,1.34616,95.29,9.037,10.53,91.0,93.0,44.0
1787958270.7,33.66,2241.0,2,1.500,1.498,1.0013,86.98960681908424,False,False,S,False,77.5,13.29,109550,1.34772,92.94,9.207,10.50,91.0,93.0,45.0
1787958270.9,34.00,2295.8,2,1.500,1.498,1.0013,85.77264283777541,False,False,S,False,77.5,13.29,109550,1.34967,95.29,9.492,10.47,91.0,93.0,46.0
1787958271.1,34.78,2313.8,2,1.500,1.498,1.0013,87.0512411768464,False,False,S,False,77.5,13.29,109550,1.35161,95.29,9.492,10.44,91.0,94.0,47.0
1787958271.3,35.70,2348.0,2,1.500,1.498,1.0013,88.05036099933652,False,False,S,False,77.5,13.29,109550,1.35356,95.29,9.670,10.41,91.0,94.0,48.0
1787958271.5,36.48,2402.0,2,1.500,1.498,1.0013,87.93923204408465,False,False,S,False,77.5,13.29,109550,1.35551,92.94,9.963,10.38,91.0,94.0,50.0
1787958271.7,37.10,2443.2,2,1.500,1.498,1.0013,87.93583097675766,False,False,S,False,77.5,13.29,109550,1.35745,95.29,10.578,10.35,91.0,94.0,52.0
1787958271.9,37.95,2481.8,2,1.500,1.498,1.0013,88.53747501284661,False,False,S,False,77.5,13.29,109550,1.35940,95.29,10.328,10.32,91.0,94.0,53.0
1787958272.1,38.51,2509.2,2,1.500,1.498,1.0013,88.86525611668694,False,False,S,False,77.5,13.71,109550,1.36174,95.29,10.829,10.29,91.0,94.0,56.0
1787958272.3,39.45,2577.2,2,1.500,1.498,1.0013,88.63822790812578,False,False,S,False,77.5,13.71,109550,1.36368,95.29,11.088,10.26,91.0,95.0,61.0
1787958272.5,40.51,2612.0,2,1.500,1.498,1.0013,89.81450425158478,False,False,S,False,77.5,13.71,109550,1.36602,95.29,11.682,10.23,91.0,96.0,62.0
1787958272.7,41.00,2651.0,2,1.500,1.498,1.0013,89.55261095000346,False,False,S,False,77.5,13.71,109550,1.36914,95.29,12.085,10.19,91.0,96.0,61.0
1787958272.9,41.96,2696.0,2,1.500,1.498,1.0013,90.1251908275704,False,False,S,False,77.5,13.71,109550,1.37147,95.29,12.017,10.16,91.0,95.0,61.0
1787958273.2,42.54,2741.5,2,1.500,1.498,1.0013,89.85450188268777,False,False,S,False,77.5,13.71,109550,1.37381,95.29,12.017,10.12,91.0,95.0,60.0
1787958273.4,43.43,2789.2,2,1.500,1.498,1.0013,90.16396323349534,False,False,S,False,77.5,13.71,109550,1.37614,95.29,12.556,10.09,91.0,95.0,58.0
1787958273.6,44.33,2817.8,2,1.500,1.498,1.0013,91.09643587636737,False,False,D,False,77.5,13.71,109550,1.37887,95.29,12.421,10.06,91.0,94.0,55.0
1787958273.8,45.05,2778.0,3,1.500,1.000,1.5000,91.09643587636737,False,False,D,True,77.5,13.71,109550,1.38121,95.29,7.416,10.04,91.0,94.0,23.0
1787958274.0,45.17,2814.8,3,1.500,1.000,1.5000,91.09643587636737,False,False,D,True,77.5,13.71,109550,1.38354,95.29,9.377,10.02,91.0,72.0,30.0
1787958274.2,45.84,2734.8,3,1.460,1.000,1.4600,91.09643587636737,False,False,D,True,77.5,13.71,109550,1.38627,95.29,9.492,10.00,91.0,73.0,30.0
1787958274.4,46.10,2465.5,3,1.280,1.000,1.2800,91.09643587636737,False,False,D,True,77.5,13.71,109550,1.38861,95.29,9.492,9.98,91.0,75.0,30.0
1787958274.6,46.63,2141.8,3,1.000,1.000,1.0000,91.09643587636737,False,False,D,True,77.5,13.71,109550,1.39133,95.29,8.252,9.96,91.0,80.0,30.0
1787958274.8,46.95,2098.5,3,1.000,1.000,1.0000,86.48592113607748,False,False,D,False,77.5,13.71,109550,1.39367,95.29,7.085,9.95,91.0,83.0,26.0
1787958275.0,47.47,2109.2,3,1.000,1.000,1.0000,86.9981397198042,False,False,D,False,77.5,13.71,109550,1.39717,95.29,7.038,9.95,91.0,81.0,26.0
1787958275.2,47.62,2107.0,3,1.000,1.000,1.0000,87.36165385465974,False,False,D,False,77.5,13.73,109550,1.39990,94.12,6.945,9.94,91.0,81.0,25.0
1787958275.4,48.17,2112.5,3,1.000,1.000,1.0000,88.14063615319573,False,False,D,False,77.5,13.73,109550,1.40262,95.29,6.715,9.93,91.0,80.0,24.0
1787958275.6,48.50,2107.5,3,1.000,1.000,1.0000,88.95962582992523,False,False,D,False,77.5,13.73,109550,1.40535,95.29,5.973,9.93,91.0,78.0,14.0
1787958275.8,48.87,1867.5,4,1.000,0.726,1.3774,88.95962582992523,True,False,D,True,77.5,13.69,109550,1.40769,95.29,5.973,9.91,91.0,62.0,12.0
1787958276.0,48.62,1841.5,4,1.000,0.726,1.3774,88.95962582992523,True,False,D,True,77.5,13.69,109550,1.41041,95.29,3.880,9.92,91.0,53.0,11.0
1787958276.2,48.88,1486.0,4,0.820,0.726,1.1295,88.95962582992523,True,False,D,True,77.5,13.69,109550,1.41314,95.29,3.791,9.92,91.0,52.0,11.0
1787958276.4,48.95,1359.2,4,0.730,0.726,1.0055,88.95962582992523,True,False,D,True,77.5,13.69,109550,1.41586,95.29,3.396,9.93,90.0,54.0,10.0
1787958276.6,48.76,1361.2,4,0.730,0.726,1.0055,100,True,False,D,False,77.5,13.69,109550,1.41859,95.29,2.840,9.94,90.0,54.0,4.0
1787958276.8,48.75,1362.8,4,0.730,0.726,1.0055,100,False,False,D,False,77.5,13.69,109550,1.42131,95.29,1.312,9.96,90.0,47.0,0.0
1787958277.0,48.48,1360.0,4,0.730,0.726,1.0055,100,False,False,D,False,77.5,13.69,109550,1.42404,95.29,1.227,9.98,91.0,40.0,0.0
1787958277.2,48.56,1303.8,4,0.730,0.726,1.0055,100,False,False,D,False,77.5,13.69,109550,1.42677,95.29,1.227,9.99,91.0,36.0,0.0
1787958277.4,48.18,1245.5,4,0.730,0.726,1.0055,100,False,False,D,False,77.5,13.69,109550,1.42949,95.29,1.078,10.01,90.0,33.0,0.0
1787958277.6,48.13,1161.5,4,0.730,0.726,1.0055,100,False,False,D,False,77.5,13.69,109550,1.43183,95.29,1.015,10.03,90.0,31.0,0.0
1787958277.8,47.52,1105.2,4,0.730,0.726,1.0055,100,False,False,D,False,77.5,13.69,109550,1.43455,95.29,1.027,10.05,91.0,29.0,0.0
1787958278.0,47.88,1043.0,4,0.720,0.726,0.9917,100,False,False,D,False,77.5,13.69,109550,1.43728,95.29,0.989,10.07,91.0,29.0,0.0
1787958278.2,47.49,1027.0,4,0.720,0.726,0.9917,100,False,False,D,False,77.5,13.86,109550,1.44000,92.94,0.938,10.09,91.0,28.0,0.0
1787958278.4,47.19,996.8,4,0.730,0.726,1.0055,100,False,False,D,False,77.5,13.86,109550,1.44273,92.94,0.930,10.11,91.0,28.0,0.0
1787958278.6,46.97,957.8,4,0.730,0.726,1.0055,100,False,False,D,False,77.5,13.86,109550,1.44662,86.27,0.917,10.13,91.0,27.0,0.0
1787958278.8,46.81,939.5,4,0.720,0.726,0.9917,100,False,False,D,False,77.5,13.86,109550,1.44896,95.29,0.891,10.15,91.0,27.0,0.0
1787958279.1,46.48,928.8,4,0.730,0.726,1.0055,100,False,False,D,False,77.5,13.86,109550,1.45169,92.16,0.879,10.17,91.0,27.0,0.0
1787958279.3,46.29,920.2,4,0.730,0.726,1.0055,100,False,False,D,False,77.5,13.86,109550,1.45402,86.27,0.891,10.19,91.0,27.0,0.0
1787958279.5,46.09,921.0,4,0.730,0.726,1.0055,100,False,False,D,False,77.5,13.86,109550,1.45675,89.02,0.891,10.20,91.0,27.0,0.0
1787958279.7,45.72,924.5,4,0.730,0.726,1.0055,100,False,False,D,False,77.5,13.86,109550,1.45908,92.94,0.870,10.22,91.0,27.0,0.0
1787958279.9,45.53,913.2,4,0.730,0.726,1.0055,100,False,False,D,False,77.5,13.73,109550,1.46181,94.12,0.870,10.24,91.0,27.0,0.0
1787958280.1,45.21,914.0,4,0.720,0.726,0.9917,100,False,False,D,False,77.5,13.73,109550,1.46415,89.02,0.870,10.26,90.0,27.0,0.0
1787958280.3,45.11,899.5,4,0.730,0.726,1.0055,100,False,False,D,False,77.5,13.73,109550,1.46687,92.94,0.891,10.28,91.0,27.0,0.0
1787958280.5,44.80,900.8,4,0.730,0.726,1.0055,100,False,False,D,False,77.5,13.73,109550,1.46921,94.12,0.870,10.29,91.0,27.0,0.0
1787958280.7,44.49,881.5,4,0.730,0.726,1.0055,100,False,False,D,False,77.5,13.73,109550,1.47154,86.27,0.879,10.31,91.0,27.0,0.0
1787958280.9,44.37,878.8,4,0.730,0.726,1.0055,100,False,False,D,False,77.5,13.73,109550,1.47427,92.94,0.857,10.33,91.0,28.0,0.0
1787958281.1,43.90,880.2,4,0.720,0.726,0.9917,100,False,False,D,False,77.5,13.73,109550,1.47661,92.16,0.849,10.34,91.0,28.0,0.0
1787958281.3,43.80,885.2,4,0.730,0.726,1.0055,100,False,False,D,False,77.5,13.73,109550,1.47894,91.76,0.870,10.36,91.0,28.0,0.0
1787958281.5,43.68,869.0,4,0.720,0.726,0.9917,100,False,False,D,False,77.5,13.73,109550,1.48167,92.16,0.870,10.38,91.0,28.0,0.0
1787958281.7,43.35,866.8,4,0.730,0.726,1.0055,100,False,False,D,False,77.5,13.73,109550,1.48401,92.16,0.857,10.40,91.0,28.0,0.0
1787958281.9,43.06,846.0,4,0.730,0.726,1.0055,100,False,False,D,False,77.5,13.73,109550,1.48634,90.20,0.891,10.41,91.0,28.0,0.0
1787958282.1,43.25,852.5,4,0.730,0.726,1.0055,100,False,False,D,False,77.5,13.73,109550,1.48868,89.80,0.870,10.43,91.0,28.0,0.0
1787958282.3,42.70,847.2,4,0.730,0.726,1.0055,100,False,False,D,False,77.5,13.73,109550,1.49101,92.16,0.857,10.44,91.0,28.0,0.0
1787958282.5,42.74,852.0,4,0.730,0.726,1.0055,100,False,False,D,False,77.5,13.73,109550,1.49335,91.76,0.870,10.46,91.0,28.0,0.0
1787958282.7,42.42,849.8,4,0.730,0.726,1.0055,100,False,False,D,False,77.5,13.73,109550,1.49647,94.12,0.849,10.48,91.0,28.0,0.0
1787958282.9,42.38,850.0,4,0.730,0.726,1.0055,100,False,False,D,False,77.5,13.73,109550,1.49880,83.53,0.857,10.50,91.0,28.0,0.0
1787958283.1,42.23,836.5,4,0.730,0.726,1.0055,100,False,False,D,False,77.5,13.73,109550,1.50114,91.76,0.836,10.52,91.0,28.0,0.0
1787958283.3,41.99,834.0,4,0.730,0.726,1.0055,100,False,False,D,False,77.5,13.73,109550,1.50347,95.29,0.828,10.53,91.0,29.0,0.0
1787958283.5,41.47,830.0,4,0.730,0.726,1.0055,100,False,False,D,False,77.5,13.73,109550,1.50581,90.59,0.870,10.55,91.0,29.0,0.0
1787958283.7,41.74,826.2,4,0.730,0.726,1.0055,100,False,False,D,False,77.5,13.73,109550,1.50815,89.02,0.836,10.56,91.0,29.0,0.0
1787958283.9,41.35,836.5,4,0.730,0.726,1.0055,100,False,False,D,False,77.5,13.72,109550,1.51165,95.29,0.836,10.59,91.0,29.0,0.0
1787958284.1,40.89,826.8,4,0.730,0.726,1.0055,100,False,False,D,False,77.5,13.72,109550,1.51282,92.94,0.849,10.60,91.0,29.0,0.0
1787958284.3,40.50,823.8,4,0.730,0.726,1.0055,100,False,False,D,False,77.5,13.72,109550,1.51516,83.53,0.857,10.61,91.0,29.0,1.0
1787958284.5,40.64,829.8,4,0.720,0.726,0.9917,100,False,False,D,False,77.5,13.69,109550,1.51710,95.29,0.904,10.63,91.0,30.0,1.0
1787958284.7,40.20,833.5,4,0.730,0.726,1.0055,100,False,False,D,False,77.5,13.69,109550,1.52061,92.94,0.951,10.65,91.0,31.0,1.0
1787958284.9,39.91,840.0,4,0.730,0.726,1.0055,100,False,False,D,False,77.5,13.72,109550,1.52294,95.29,0.930,10.67,91.0,31.0,1.0
1787958285.1,39.99,836.5,4,0.730,0.726,1.0055,100,False,False,D,False,77.5,13.72,109550,1.52489,95.29,0.930,10.68,91.0,31.0,2.0
1787958285.3,39.78,866.2,4,0.730,0.726,1.0055,100,False,False,D,False,77.5,13.72,109550,1.52723,90.59,0.989,10.70,91.0,32.0,2.0
1787958285.6,39.57,953.0,4,0.720,0.726,0.9917,100,False,False,D,False,77.5,13.72,109550,1.52956,92.94,1.104,10.72,91.0,32.0,3.0
1787958285.8,39.44,1109.2,4,0.730,0.726,1.0055,99.7744869444528,False,False,D,False,77.5,13.72,109550,1.53151,93.73,1.341,10.73,91.0,32.0,4.0
1787958286.0,39.45,1176.0,4,0.720,0.726,0.9917,94.14109783898112,False,False,D,False,77.5,13.72,109550,1.53385,95.29,1.464,10.74,91.0,34.0,5.0
1787958286.2,39.41,1183.0,4,0.730,0.726,1.0055,93.48322421463754,False,False,D,False,77.5,13.72,109550,1.53579,95.29,1.528,10.75,91.0,34.0,6.0
1787958286.4,39.29,1186.8,4,0.730,0.726,1.0055,92.91586705139835,False,False,D,False,77.5,13.72,109550,1.53813,95.29,1.762,10.76,91.0,36.0,6.0
1787958286.6,39.11,1197.2,4,0.730,0.726,1.0055,91.66732117246663,False,False,D,False,77.5,13.72,109550,1.54047,92.94,1.838,10.77,91.0,38.0,7.0
1787958286.8,39.46,1228.0,4,0.730,0.726,1.0055,90.17752132821482,False,False,D,False,77.5,13.72,109550,1.54241,95.29,2.700,10.77,91.0,38.0,11.0
1787958287.0,39.25,1300.2,4,0.730,0.726,1.0055,84.71342311903206,False,False,D,False,77.5,13.72,109550,1.54475,95.29,2.887,10.78,91.0,47.0,12.0
1787958287.2,39.26,1350.5,4,0.730,0.726,1.0055,81.58214997625134,False,False,D,False,77.5,13.72,109550,1.54670,95.29,3.175,10.78,91.0,53.0,14.0
1787958287.4,39.35,1417.2,4,0.730,0.726,1.0055,77.91799593196798,False,False,D,False,77.5,13.72,109550,1.54903,95.29,3.451,10.78,91.0,59.0,14.0
1787958287.6,39.38,1474.8,4,0.730,0.726,1.0055,74.94184873022625,False,False,D,False,77.5,13.73,109550,1.55098,95.29,3.421,10.78,91.0,62.0,14.0
1787958287.8,39.43,1505.2,4,0.730,0.726,1.0055,73.5165700560912,False,False,D,False,77.5,13.73,109550,1.55332,95.29,3.506,10.78,91.0,64.0,14.0
1787958288.0,39.69,1525.8,4,0.730,0.726,1.0055,73.00705260985595,False,False,D,False,77.5,13.73,109550,1.55565,95.29,3.617,10.78,91.0,65.0,15.0
1787958288.2,39.94,1537.8,4,0.720,0.726,0.9917,72.89360353089786,False,False,D,False,77.5,13.73,109550,1.55760,95.29,3.702,10.78,91.0,65.0,15.0
1787958288.4,40.02,1546.2,4,0.730,0.726,1.0055,72.6290233291404,False,False,D,False,77.5,13.73,109550,1.55994,95.29,3.791,10.78,91.0,66.0,15.0
1787958288.6,40.07,1555.2,4,0.720,0.726,0.9917,72.30346842489307,False,False,D,False,77.5,13.73,109550,1.56227,95.29,3.727,10.78,91.0,67.0,15.0
1787958288.8,40.45,1571.2,4,0.720,0.726,0.9917,72.24148163318515,False,False,D,False,77.5,13.73,109550,1.56422,95.29,3.880,10.77,91.0,67.0,15.0
1787958289.0,40.25,1578.5,4,0.720,0.726,0.9917,71.55853129624536,False,False,D,False,77.5,13.73,109550,1.56656,93.73,3.880,10.77,91.0,67.0,16.0
1787958289.2,40.89,1587.0,4,0.730,0.726,1.0055,72.3070637209253,False,False,D,False,77.5,13.73,109550,1.56889,95.29,3.973,10.77,91.0,68.0,16.0
1787958289.4,40.94,1592.0,4,0.730,0.726,1.0055,72.17692735762662,False,False,D,False,77.5,13.73,109550,1.57084,95.29,3.944,10.77,91.0,68.0,16.0
1787958289.6,40.66,1594.5,4,0.730,0.726,1.0055,71.5577270596855,False,False,D,False,77.5,13.73,109550,1.57434,95.29,3.914,10.78,91.0,68.0,15.0
1787958289.8,41.23,1491.5,4,0.730,0.726,1.0055,77.57191306993737,False,False,D,False,77.5,13.73,109550,1.57668,88.24,1.256,10.80,91.0,56.0,0.0
1787958290.0,41.13,1257.0,4,0.720,0.726,0.9917,91.82567486304926,False,False,D,False,77.5,13.73,109550,1.57902,93.73,0.917,10.81,91.0,40.0,0.0
1787958290.2,41.01,1159.8,4,0.730,0.726,1.0055,99.24130890026487,False,False,D,False,77.5,13.73,109550,1.58018,95.29,0.904,10.82,91.0,34.0,0.0
1787958290.4,40.74,1109.8,4,0.720,0.726,0.9917,100,False,False,D,False,77.5,13.73,109550,1.58252,83.53,0.917,10.84,91.0,30.0,0.0
1787958290.6,40.56,1044.5,4,0.730,0.726,1.0055,100,False,False,D,False,77.5,13.73,109550,1.58447,86.27,0.879,10.85,91.0,28.0,0.0
1787958290.8,40.51,1017.2,4,0.730,0.726,1.0055,100,False,False,D,False,77.5,13.73,109550,1.58680,95.29,1.431,10.86,91.0,33.0,0.0
1787958291.0,40.25,920.8,4,0.720,0.726,0.9917,100,False,False,D,False,77.5,13.73,109550,1.59031,94.12,1.027,10.89,91.0,33.0,1.0
1787958291.2,40.10,941.5,4,0.730,0.726,1.0055,100,False,False,D,False,77.5,13.73,109550,1.59225,95.29,1.172,10.90,91.0,33.0,2.0
1787958291.5,40.00,1085.8,4,0.730,0.726,1.0055,100,False,False,D,False,77.5,13.73,109550,1.59459,85.49,1.227,10.92,91.0,34.0,3.0
1787958291.7,39.83,1174.2,4,0.730,0.726,1.0055,95.18961557595956,False,False,D,False,77.5,13.73,109550,1.59771,90.59,1.528,10.94,91.0,34.0,5.0
1787958291.9,39.56,1207.2,4,0.730,0.726,1.0055,91.97738361102714,False,False,D,False,77.5,13.73,109550,1.59965,91.76,1.800,10.94,91.0,35.0,7.0
1787958292.1,39.49,1210.5,4,0.730,0.726,1.0055,91.55655338402921,False,False,D,False,77.5,13.73,109550,1.60199,95.29,1.927,10.95,91.0,36.0,8.0
1787958292.3,39.29,1247.8,4,0.730,0.726,1.0055,88.36777314377521,False,False,D,False,77.5,13.73,109550,1.60433,88.24,2.475,10.96,91.0,43.0,10.0
1787958292.5,39.79,1289.8,4,0.730,0.726,1.0055,86.57269182193829,False,False,D,False,77.5,13.73,109550,1.60627,95.29,2.585,10.96,91.0,46.0,10.0
1787958292.7,39.68,1320.8,4,0.730,0.726,1.0055,84.31758121300906,False,False,D,False,77.5,13.73,109550,1.60861,95.29,2.700,10.96,91.0,51.0,11.0
1787958292.9,39.82,1347.5,4,0.730,0.726,1.0055,82.93533004880592,False,False,D,False,77.5,13.73,109550,1.61095,95.29,2.772,10.97,91.0,52.0,11.0
1787958293.1,39.86,1371.5,4,0.730,0.726,1.0055,81.55565818752247,False,False,D,False,77.5,13.73,109550,1.61289,95.29,2.887,10.97,91.0,55.0,12.0
1787958293.3,40.10,1394.8,4,0.720,0.726,0.9917,80.69920309326942,False,False,D,False,77.5,13.73,109550,1.61523,90.59,2.937,10.97,91.0,56.0,12.0
1787958293.5,40.09,1407.2,4,0.730,0.726,1.0055,79.94250008848854,False,False,D,False,77.5,13.73,109550,1.61756,95.29,2.988,10.98,91.0,57.0,12.0
1787958293.7,40.33,1419.2,4,0.730,0.726,1.0055,79.74116359152364,False,False,D,False,77.5,13.71,109550,1.61951,95.29,3.065,10.98,91.0,58.0,12.0
1787958293.9,40.28,1432.0,4,0.730,0.726,1.0055,78.9527834480767,False,False,D,False,77.5,13.71,109550,1.62185,95.29,3.120,10.98,91.0,59.0,13.0
1787958294.1,40.48,1445.5,4,0.730,0.726,1.0055,78.60372780751726,False,False,D,False,77.5,13.71,109550,1.62535,95.29,3.065,10.99,91.0,59.0,13.0
1787958294.3,40.47,1448.0,4,0.730,0.726,1.0055,78.43894395521906,False,False,D,False,77.5,13.71,109550,1.62613,95.29,3.065,10.98,91.0,59.0,7.0
1787958294.5,40.77,1349.0,4,0.730,0.726,1.0055,84.81432804761768,False,False,D,False,77.5,13.71,109550,1.62847,92.94,0.951,11.00,91.0,49.0,0.0
1787958294.7,40.83,1211.8,4,0.730,0.726,1.0055,94.55407720038858,False,False,D,False,77.5,13.71,109550,1.63197,95.29,0.964,11.02,91.0,38.0,0.0
1787958294.9,40.95,1145.5,4,0.730,0.726,1.0055,100,False,False,D,False,77.5,13.71,109550,1.63431,95.29,0.879,11.04,91.0,32.0,0.0
1787958295.1,41.10,1080.2,4,0.730,0.726,1.0055,100,False,False,D,False,77.5,13.71,109550,1.63626,95.29,0.879,11.05,91.0,28.0,0.0
1787958295.3,40.59,1021.5,4,0.730,0.726,1.0055,100,False,False,D,False,77.5,13.71,109550,1.63859,95.29,1.065,11.07,91.0,28.0,0.0
1787958295.5,40.41,975.5,4,0.720,0.726,0.9917,100,False,False,D,False,77.5,13.71,109550,1.63976,93.73,1.002,11.07,91.0,28.0,0.0
1787958295.7,40.34,907.0,4,0.730,0.726,1.0055,100,False,False,D,False,77.5,13.71,109550,1.64326,95.29,1.121,11.10,91.0,30.0,0.0
1787958295.9,40.21,891.0,4,0.730,0.726,1.0055,100,False,False,D,False,77.5,13.73,109550,1.64443,95.29,1.027,11.10,91.0,30.0,0.0
1787958296.1,39.88,856.0,4,0.730,0.726,1.0055,100,False,False,D,False,77.5,13.73,109550,1.64755,95.29,1.015,11.13,91.0,31.0,0.0
1787958296.3,39.28,858.0,4,0.730,0.726,1.0055,100,False,False,D,False,77.5,13.73,109550,1.64988,95.29,1.015,11.14,91.0,32.0,0.0
1787958296.5,38.34,857.5,4,0.730,0.726,1.0055,100,False,False,D,False,77.5,13.73,109550,1.65183,95.29,0.870,11.15,91.0,31.0,0.0
1787958296.7,37.37,847.2,4,0.720,0.726,0.9917,100,False,False,D,False,77.5,13.66,109550,1.65417,92.94,0.879,11.17,91.0,31.0,0.0
1787958296.9,36.64,818.0,4,0.730,0.726,1.0055,100,False,False,D,False,77.5,13.66,109550,1.65611,90.59,0.891,11.18,91.0,31.0,0.0
1787958297.1,35.44,793.8,4,0.720,0.726,0.9917,100,False,False,D,False,77.5,13.66,109550,1.65806,95.29,0.904,11.20,91.0,31.0,0.0
1787958297.3,34.10,783.5,4,0.730,0.726,1.0055,100,False,False,D,False,77.5,13.66,109550,1.66001,95.29,0.891,11.21,91.0,31.0,0.0
1787958297.5,32.98,777.5,4,0.730,0.726,1.0055,100,False,False,D,False,77.5,13.66,109550,1.66195,95.29,0.904,11.22,91.0,33.0,0.0
1787958297.8,31.81,783.0,4,0.730,0.726,1.0055,100,False,False,D,False,77.5,13.66,109550,1.66351,93.73,0.836,11.23,91.0,33.0,0.0
1787958298.0,30.61,771.5,4,0.730,0.726,1.0055,100,False,False,D,False,77.5,13.66,109550,1.66546,89.02,0.849,11.25,91.0,33.0,0.0
1787958298.2,29.48,748.8,4,0.730,0.726,1.0055,100,False,False,D,False,77.5,13.66,109550,1.66702,92.94,0.870,11.26,91.0,32.0,0.0
1787958298.4,28.00,741.5,4,0.730,0.726,1.0055,100,False,False,D,False,77.5,13.66,109550,1.66857,95.29,0.857,11.27,91.0,33.0,0.0
1787958298.6,26.25,741.5,4,0.740,0.726,1.0193,99.36343742265716,False,False,D,False,77.5,13.66,109550,1.67013,95.29,0.836,11.28,91.0,33.0,0.0
1787958298.8,24.33,725.5,3,0.730,1.000,0.7300,98.768229172663,False,False,D,True,77.5,13.66,109550,1.67169,95.29,0.857,11.29,91.0,33.0,0.0
1787958299.0,22.60,712.5,3,0.760,1.000,0.7600,98.768229172663,False,False,D,True,77.5,13.66,109550,1.67286,86.27,1.065,11.30,91.0,34.0,0.0
1787958299.2,20.68,723.0,3,0.840,1.000,0.8400,98.768229172663,False,False,D,True,77.5,13.66,109550,1.67403,90.59,0.891,11.30,91.0,35.0,0.0
1787958299.4,18.68,736.5,3,1.000,1.000,1.0000,0,False,False,D,True,77.5,13.66,109550,1.67519,92.94,0.836,11.31,91.0,35.0,0.0
1787958299.6,16.79,728.5,3,1.010,1.000,1.0100,0,False,False,D,True,77.5,13.66,109550,1.67636,93.73,0.836,11.32,91.0,35.0,0.0
1787958299.8,14.96,714.0,3,1.010,1.000,1.0100,0,False,False,D,True,77.5,13.70,109550,1.67714,95.29,1.227,11.33,91.0,37.0,0.0
1787958300.0,13.18,729.2,3,1.010,1.000,1.0100,0,False,False,D,True,77.5,13.71,109550,1.67792,95.29,1.159,11.33,91.0,41.0,0.0
1787958300.2,11.46,723.5,3,1.050,1.000,1.0500,0,False,False,D,False,77.5,13.71,109550,1.67870,86.27,1.104,11.34,91.0,41.0,0.0
1787958300.4,10.12,721.2,1,1.020,2.816,0.3622,0,False,False,D,True,77.5,13.71,109550,1.67948,89.02,1.121,11.34,91.0,42.0,0.0
1787958300.6,8.71,721.8,1,0.980,2.816,0.3480,0,False,False,D,True,77.5,13.71,109550,1.67987,95.29,1.053,11.34,91.0,42.0,0.0
1787958300.8,7.22,714.2,1,1.020,2.816,0.3622,0,False,False,D,True,77.5,13.71,109550,1.68026,95.29,1.189,11.34,91.0,42.0,0.0
1787958301.0,5.41,712.8,1,1.660,2.816,0.5895,0,False,False,D,True,77.5,13.71,109550,1.68103,90.20,1.189,11.34,91.0,43.0,0.0
1787958301.2,4.10,722.8,1,2.440,2.816,0.8665,0,False,False,D,True,77.5,13.71,109550,1.68103,91.76,0.964,11.33,91.0,42.0,0.0
1787958301.4,3.16,716.8,1,2.260,2.816,0.8026,0,False,False,D,False,77.5,13.71,109550,1.68142,89.02,0.976,11.33,91.0,42.0,0.0
1787958301.6,2.40,703.5,1,2.820,2.816,1.0014,0,False,False,D,False,77.5,13.71,109550,1.68142,94.12,1.015,11.33,91.0,42.0,0.0
1787958301.8,1.90,690.2,1,2.820,2.816,1.0014,0,False,False,D,False,77.5,13.71,109550,1.68142,95.29,1.078,11.32,91.0,42.0,0.0
1787958302.0,1.50,690.5,1,2.820,2.816,1.0014,0,False,False,D,False,77.5,13.71,109550,1.68181,95.29,1.065,11.32,91.0,42.0,0.0
1787958302.2,1.19,696.5,1,2.820,2.816,1.0014,0,False,False,D,False,77.5,13.71,109550,1.68181,95.29,0.989,11.32,91.0,43.0,0.0
1787958302.4,0.95,703.5,1,2.820,2.816,1.0014,0,False,False,D,False,77.5,13.71,109550,1.68181,90.20,1.040,11.31,91.0,43.0,0.0
1787958302.6,0.77,710.2,1,2.820,2.816,1.0014,0,False,False,D,False,77.5,13.71,109550,1.68181,95.29,1.040,11.31,91.0,42.0,0.0
1787958302.8,0.00,709.8,1,2.820,2.816,1.0014,0,False,False,D,False,77.5,13.74,109550,1.68181,95.29,0.976,11.30,91.0,42.0,0.0
1787958303.0,0.00,697.0,1,2.820,2.816,1.0014,0,False,False,D,False,77.5,13.65,109550,1.68181,95.29,1.027,11.30,91.0,42.0,0.0
1787958303.2,0.00,693.8,1,2.820,2.816,1.0014,0,False,False,D,False,77.5,13.65,109550,1.68181,95.29,1.027,11.29,91.0,42.0,0.0
1787958303.4,0.00,692.2,1,2.820,2.816,1.0014,0,False,False,D,False,77.5,13.65,109550,1.68181,95.29,0.964,11.29,91.0,41.0,0.0
1787958303.6,0.00,687.0,1,2.820,2.816,1.0014,0,False,False,D,False,77.5,13.65,109550,1.68181,95.29,0.976,11.29,91.0,41.0,0.0
1787958303.8,0.00,683.5,1,2.820,2.816,1.0014,0,False,False,D,False,77.5,13.65,109550,1.68181,92.94,0.989,11.28,91.0,41.0,0.0
1787958304.0,0.00,685.2,1,2.820,2.816,1.0014,0,False,False,D,False,77.5,13.65,109550,1.68181,95.29,0.930,11.28,91.0,41.0,0.0
1787958304.2,0.00,675.5,1,2.820,2.816,1.0014,0,False,False,D,False,77.5,13.65,109550,1.68181,95.29,0.964,11.27,91.0,41.0,0.0
1787958304.5,0.00,667.5,1,2.820,2.816,1.0014,0,False,False,D,False,77.5,13.65,109550,1.68181,95.29,0.964,11.27,91.0,41.0,0.0
1787958304.7,0.00,668.8,1,2.820,2.816,1.0014,0,False,False,D,False,77.5,13.65,109550,1.68181,95.29,0.951,11.26,91.0,41.0,0.0
1787958304.9,0.00,671.0,1,2.820,2.816,1.0014,0,False,False,D,False,77.5,13.65,109550,1.68181,95.29,0.891,11.26,91.0,41.0,0.0
1787958305.1,0.00,664.8,1,2.820,2.816,1.0014,0,False,False,D,False,77.5,13.65,109550,1.68181,93.73,0.891,11.26,91.0,41.0,0.0
1787958305.3,0.00,661.8,1,2.820,2.816,1.0014,0,False,False,D,False,77.5,13.65,109550,1.68181,95.29,0.930,11.25,91.0,40.0,0.0
1787958305.5,0.00,661.0,1,2.820,2.816,1.0014,0,False,False,D,False,77.5,13.65,109550,1.68181,95.29,0.904,11.25,91.0,41.0,0.0
1787958305.7,0.00,652.8,1,2.820,2.816,1.0014,0,False,False,D,False,77.5,13.65,109550,1.68181,95.29,0.904,11.25,91.0,40.0,0.0
1787958305.9,0.00,645.5,1,2.820,2.816,1.0014,0,False,False,D,False,77.5,13.65,109550,1.68181,95.29,0.930,11.24,91.0,40.0,0.0
1787958306.1,0.00,642.2,1,2.820,2.816,1.0014,0,False,False,D,False,77.5,13.70,109550,1.68181,94.12,0.891,11.24,91.0,41.0,0.0
1787958306.3,0.00,639.5,1,2.820,2.816,1.0014,0,False,False,D,False,77.5,13.70,109550,1.68181,95.29,0.891,11.23,91.0,41.0,0.0
1787958306.5,0.00,635.0,1,2.820,2.816,1.0014,0,False,False,D,False,77.5,13.70,109550,1.68181,95.29,0.879,11.23,91.0,41.0,0.0
1787958306.7,0.00,631.5,1,2.820,2.816,1.0014,0,False,False,D,False,77.5,13.70,109550,1.68181,95.29,0.891,11.23,91.0,41.0,0.0
1787958306.9,0.00,635.5,1,2.820,2.816,1.0014,0,False,False,D,False,77.5,13.73,109550,1.68181,95.29,0.891,11.22,91.0,41.0,0.0
1787958307.1,0.00,629.5,1,2.820,2.816,1.0014,0,False,False,D,False,77.5,13.73,109550,1.68181,95.29,0.891,11.22,91.0,41.0,0.0
1787958307.3,0.00,625.0,1,2.820,2.816,1.0014,0,False,False,D,False,77.5,13.73,109550,1.68181,91.76,0.904,11.21,91.0,41.0,0.0
1787958307.5,0.00,625.8,1,2.820,2.816,1.0014,0,False,False,D,False,77.5,13.73,109550,1.68181,95.29,0.904,11.21,91.0,40.0,0.0
1787958307.7,0.00,621.8,1,2.820,2.816,1.0014,0,False,False,D,False,77.5,13.73,109550,1.68181,95.29,0.857,11.21,91.0,40.0,0.0
1787958307.9,0.00,613.0,1,2.820,2.816,1.0014,0,False,False,D,False,77.5,13.73,109550,1.68181,95.29,0.857,11.20,91.0,40.0,0.0
1787958308.1,0.00,610.0,1,2.820,2.816,1.0014,0,False,False,D,False,77.5,13.73,109550,1.68181,92.94,0.836,11.20,91.0,40.0,0.0
1787958308.3,0.00,609.8,1,2.820,2.816,1.0014,0,False,False,D,False,77.5,13.73,109550,1.68181,95.29,0.849,11.20,91.0,40.0,0.0
1787958308.5,0.00,601.5,1,2.820,2.816,1.0014,0,False,False,D,False,77.5,13.73,109550,1.68181,95.29,0.857,11.19,91.0,40.0,0.0
1787958308.7,0.00,593.8,1,2.820,2.816,1.0014,0,False,False,D,False,77.5,13.73,109550,1.68181,95.29,0.857,11.19,91.0,41.0,0.0
1787958308.9,0.00,593.2,1,2.820,2.816,1.0014,0,False,False,D,False,77.5,13.73,109550,1.68181,95.29,0.828,11.19,91.0,41.0,0.0
1787958309.1,0.00,593.8,1,2.820,2.816,1.0014,0,False,False,D,False,77.5,13.70,109550,1.68181,95.29,0.836,11.18,91.0,41.0,0.0
1787958309.3,0.00,592.8,1,2.820,2.816,1.0014,0,False,False,D,False,77.5,13.70,109550,1.68181,95.29,0.836,11.18,91.0,41.0,0.0
1787958309.5,0.00,598.5,1,2.820,2.816,1.0014,0,False,False,D,False,77.5,13.70,109550,1.68181,95.29,0.815,11.17,91.0,41.0,0.0
1787958309.8,0.00,608.2,1,2.820,2.816,1.0014,0,False,False,D,False,77.5,13.70,109550,1.68181,95.29,1.040,11.17,91.0,41.0,0.0
1787958310.0,0.00,621.2,1,2.820,2.816,1.0014,0,False,False,D,False,77.5,13.70,109550,1.68181,95.29,1.040,11.17,91.0,46.0,0.0
1787958310.2,0.00,680.2,1,2.820,2.816,1.0014,0,False,False,D,False,77.5,13.70,109550,1.68181,95.29,0.989,11.16,91.0,47.0,0.0
1787958310.4,0.00,630.0,1,2.820,2.816,1.0014,0,False,False,D,False,77.5,13.70,109550,1.68181,95.29,1.464,11.16,91.0,46.0,0.0
1787958310.6,0.00,617.0,1,2.820,2.816,1.0014,0,False,False,D,False,77.5,13.70,109550,1.68181,95.29,1.448,11.15,91.0,49.0,0.0
1787958310.8,0.00,625.0,1,2.820,2.816,1.0014,0,False,False,D,False,77.5,13.70,109550,1.68181,95.29,1.299,11.15,91.0,52.0,0.0
1787958311.0,0.00,651.0,1,2.820,2.816,1.0014,0,False,False,D,False,77.5,13.70,109550,1.68181,95.29,1.388,11.14,91.0,54.0,0.0
1787958311.2,0.00,682.8,1,2.820,2.816,1.0014,0,False,False,D,False,77.5,13.70,109550,1.68181,95.29,1.312,11.13,91.0,55.0,0.0
1787958311.4,0.00,716.2,1,2.820,2.816,1.0014,0,False,False,D,False,77.5,13.70,109550,1.68181,95.29,1.358,11.13,91.0,55.0,0.0
1787958311.6,0.00,721.8,1,2.820,2.816,1.0014,0,False,False,D,False,77.5,13.70,109550,1.68181,95.29,1.418,11.12,91.0,55.0,0.0
1787958311.8,0.00,716.8,1,2.820,2.816,1.0014,0,False,False,D,False,77.5,13.70,109550,1.68181,95.29,1.358,11.12,91.0,54.0,0.0
1787958312.0,0.00,708.0,1,2.820,2.816,1.0014,0,False,False,D,False,77.5,13.70,109550,1.68181,95.29,1.371,11.11,91.0,54.0,0.0
1787958312.2,0.00,706.5,1,2.820,2.816,1.0014,0,False,False,D,False,77.5,13.37,109550,1.68181,95.29,1.388,11.11,91.0,54.0,0.0
1787958312.4,0.00,705.2,1,2.820,2.816,1.0014,0,False,False,D,False,77.5,13.37,109550,1.68181,95.29,1.388,11.10,91.0,54.0,0.0
1787958312.6,0.00,699.5,1,2.820,2.816,1.0014,0,False,False,D,False,77.5,13.37,109550,1.68181,95.29,1.401,11.09,91.0,55.0,0.0
1787958312.8,0.00,694.2,1,2.820,2.816,1.0014,0,False,False,D,False,77.5,13.37,109550,1.68181,95.29,1.545,11.09,91.0,56.0,0.0
1787958313.0,0.00,711.0,1,2.820,2.816,1.0014,0,False,False,D,False,77.5,13.37,109550,1.68181,95.29,1.545,11.08,91.0,57.0,0.0
1787958313.2,0.00,719.8,1,2.820,2.816,1.0014,0,False,False,D,False,77.5,13.37,109550,1.68181,95.29,1.448,11.08,91.0,57.0,0.0
1787958313.4,0.00,719.8,1,2.820,2.816,1.0014,0,False,False,D,False,77.5,13.37,109550,1.68181,95.29,1.448,11.07,91.0,56.0,0.0
1787958313.6,0.00,719.2,1,2.820,2.816,1.0014,0,False,False,D,False,77.5,13.37,109550,1.68181,95.29,1.448,11.06,91.0,56.0,0.0
1787958313.8,0.00,722.5,1,2.820,2.816,1.0014,0,False,False,D,False,77.5,13.37,109550,1.68181,95.29,1.388,11.06,91.0,55.0,0.0
1787958314.0,0.00,711.2,1,2.820,2.816,1.0014,0,False,False,D,False,77.5,13.37,109550,1.68181,95.29,1.371,11.05,91.0,54.0,0.0
1787958314.2,0.00,703.5,1,2.820,2.816,1.0014,0,False,False,D,False,77.5,13.37,109550,1.68181,95.29,1.312,11.05,91.0,53.0,0.0
1787958314.4,0.00,698.5,1,2.820,2.816,1.0014,0,False,False,D,False,77.5,13.37,109550,1.68181,95.29,1.329,11.04,91.0,53.0,0.0
1787958314.6,0.00,693.0,1,2.820,2.816,1.0014,0,False,False,D,False,77.5,13.37,109550,1.68181,95.29,1.358,11.04,91.0,53.0,0.0
1787958314.8,0.00,683.8,1,2.820,2.816,1.0014,0,False,False,D,False,77.5,13.37,109550,1.68181,95.29,1.358,11.03,91.0,53.0,0.0
1787958315.0,0.00,678.2,1,2.820,2.816,1.0014,0,False,False,D,False,77.5,13.37,109550,1.68181,95.29,1.401,11.02,91.0,54.0,0.0
1787958315.2,0.00,686.0,1,2.820,2.816,1.0014,0,False,False,D,False,77.5,13.74,109550,1.68181,95.29,1.329,11.02,91.0,55.0,0.0
1787958315.4,0.00,696.8,1,2.820,2.816,1.0014,0,False,False,D,False,77.5,13.74,109550,1.68181,95.29,1.341,11.01,91.0,54.0,0.0
1787958315.6,0.00,696.5,1,2.820,2.816,1.0014,0,False,False,D,False,77.5,13.74,109550,1.68181,95.29,1.358,11.01,91.0,54.0,0.0
1787958315.8,0.00,699.5,1,2.820,2.816,1.0014,0,False,False,D,False,77.5,13.74,109550,1.68181,95.29,1.286,11.00,91.0,54.0,0.0
1787958316.1,0.00,692.8,1,2.820,2.816,1.0014,0,False,False,D,False,77.5,13.74,109550,1.68181,95.29,1.286,11.00,91.0,53.0,0.0
1787958316.3,0.00,684.2,1,2.820,2.816,1.0014,0,False,False,D,False,77.5,13.74,109550,1.68181,95.29,1.371,10.99,91.0,53.0,0.0
1787958316.5,0.00,682.2,1,2.820,2.816,1.0014,0,False,False,D,False,77.5,13.74,109550,1.68181,95.29,1.299,10.99,91.0,53.0,0.0
1787958316.7,0.00,683.8,1,2.820,2.816,1.0014,0,False,False,D,False,77.5,13.74,109550,1.68181,95.29,1.341,10.98,91.0,53.0,0.0
1787958316.9,0.00,680.0,1,2.820,2.816,1.0014,0,False,False,D,False,77.5,13.74,109550,1.68181,95.29,1.312,10.98,91.0,53.0,0.0
1787958317.1,0.00,681.2,1,2.820,2.816,1.0014,0,False,False,D,False,77.5,13.74,109550,1.68181,95.29,1.341,10.97,91.0,54.0,0.0
1787958317.3,0.00,687.0,1,2.820,2.816,1.0014,0,False,False,D,False,77.5,13.74,109550,1.68181,95.29,1.299,10.97,91.0,54.0,0.0
1787958317.5,0.00,690.2,1,2.820,2.816,1.0014,0,False,False,D,False,77.5,13.74,109550,1.68181,95.29,1.299,10.96,91.0,54.0,0.0
1787958317.7,0.00,685.2,1,2.820,2.816,1.0014,0,False,False,D,False,77.5,13.74,109550,1.68181,95.29,1.341,10.95,91.0,53.0,0.0
1787958317.9,0.00,687.0,1,2.820,2.816,1.0014,0,False,False,D,False,77.5,13.64,109550,1.68181,95.29,1.299,10.95,91.0,53.0,0.0
1787958318.1,0.00,682.5,1,2.820,2.816,1.0014,0,False,False,D,False,77.5,13.64,109550,1.68181,95.29,1.329,10.94,92.0,53.0,0.0
1787958318.3,0.00,676.0,1,2.820,2.816,1.0014,0,False,False,D,False,77.5,13.64,109550,1.68181,95.29,1.286,10.94,91.0,53.0,0.0
1787958318.5,0.00,671.5,1,2.820,2.816,1.0014,0,False,False,D,False,77.5,13.61,109550,1.68181,95.29,1.286,10.93,91.0,54.0,0.0
1787958318.7,0.00,667.5,1,2.820,2.816,1.0014,0,False,False,D,False,77.5,13.61,109550,1.68181,95.29,1.286,10.93,91.0,52.0,0.0
1787958318.9,0.00,713.8,1,2.820,2.816,1.0014,0,False,False,D,False,77.5,13.71,109550,1.68181,95.29,1.078,10.92,91.0,50.0,0.0
1787958319.1,0.00,717.5,1,2.820,2.816,1.0014,0,False,False,D,False,77.5,13.71,109550,1.68181,95.29,1.040,10.92,92.0,47.0,0.0
1787958319.3,0.00,720.8,1,2.820,2.816,1.0014,0,False,False,D,False,77.5,13.71,109550,1.68181,95.29,0.989,10.92,91.0,45.0,0.0
1787958319.5,0.00,717.8,1,2.820,2.816,1.0014,0,False,False,D,False,77.5,13.71,109550,1.68181,95.29,0.904,10.91,92.0,43.0,0.0
1787958319.7,0.00,704.2,1,2.820,2.816,1.0014,0,False,False,D,False,77.5,13.71,109550,1.68181,95.29,0.951,10.91,92.0,42.0,0.0
1787958319.9,0.00,692.2,1,2.820,2.816,1.0014,0,False,False,D,False,77.5,13.71,109550,1.68181,95.29,0.951,10.90,92.0,41.0,0.0
1787958320.1,0.00,687.8,1,2.820,2.816,1.0014,0,False,False,D,False,77.5,13.71,109550,1.68181,95.29,0.891,10.90,92.0,40.0,0.0
1787958320.3,0.00,675.2,1,2.820,2.816,1.0014,0,False,False,D,False,77.5,13.71,109550,1.68181,95.29,0.964,10.90,92.0,40.0,0.0
1787958320.5,0.00,668.8,1,2.820,2.816,1.0014,0,False,False,D,False,77.5,13.71,109550,1.68181,95.29,0.951,10.89,91.0,40.0,0.0
1787958320.7,0.00,667.2,1,2.820,2.816,1.0014,0,False,False,D,False,77.5,13.71,109550,1.68181,95.29,0.964,10.89,92.0,40.0,0.0
1787958320.9,0.00,668.2,1,2.820,2.816,1.0014,0,False,False,D,False,77.5,13.71,109550,1.68181,95.29,0.951,10.89,92.0,40.0,0.0
1787958321.1,0.00,661.8,1,2.820,2.816,1.0014,0,False,False,D,False,77.5,13.71,109550,1.68181,95.29,0.951,10.88,92.0,40.0,0.0
1787958321.3,0.00,662.5,1,2.820,2.816,1.0014,0,False,False,D,False,77.5,13.71,109550,1.68181,95.29,0.917,10.88,92.0,40.0,0.0
1787958321.5,0.00,664.5,1,2.820,2.816,1.0014,0,False,False,D,False,77.5,13.72,109550,1.68181,95.29,0.904,10.87,92.0,40.0,0.0
1787958321.7,0.00,657.2,1,2.820,2.816,1.0014,0,False,False,D,False,77.5,13.72,109550,1.68181,95.29,0.930,10.87,92.0,40.0,0.0
1787958321.9,0.00,649.2,1,2.820,2.816,1.0014,0,False,False,D,False,77.5,13.72,109550,1.68181,95.29,0.917,10.87,92.0,40.0,0.0
1787958322.1,0.00,649.2,1,2.820,2.816,1.0014,0,False,False,D,False,77.5,13.72,109550,1.68181,95.29,0.930,10.86,92.0,40.0,0.0
1787958322.3,0.00,647.8,1,2.820,2.816,1.0014,0,False,False,D,False,77.5,13.72,109550,1.68181,95.29,0.879,10.86,92.0,40.0,0.0
1787958322.6,0.00,641.8,1,2.820,2.816,1.0014,0,False,False,D,False,77.5,13.72,109550,1.68181,95.29,0.891,10.86,92.0,40.0,0.0
1787958322.8,0.00,641.0,1,2.820,2.816,1.0014,0,False,False,D,False,77.5,13.71,109550,1.68181,95.29,0.879,10.85,92.0,40.0,0.0
1787958323.0,0.00,641.8,1,2.820,2.816,1.0014,0,False,False,D,False,77.5,13.71,109550,1.68181,95.29,0.879,10.85,92.0,40.0,0.0
1787958323.2,0.00,635.8,1,2.820,2.816,1.0014,0,False,False,D,False,77.5,13.71,109550,1.68181,95.29,0.849,10.85,92.0,40.0,0.0
1787958323.4,0.00,633.0,1,2.820,2.816,1.0014,0,False,False,D,False,77.5,13.71,109550,1.68181,95.29,0.879,10.84,92.0,40.0,0.0
1787958323.6,0.00,633.0,1,2.820,2.816,1.0014,0,False,False,D,False,77.5,13.71,109550,1.68181,95.29,0.870,10.84,92.0,40.0,0.0
1787958323.8,0.00,627.8,1,2.820,2.816,1.0014,0,False,False,D,False,77.5,13.71,109550,1.68181,95.29,0.870,10.84,92.0,40.0,0.0
1787958324.0,0.00,621.2,1,2.820,2.816,1.0014,0,False,False,D,False,77.5,13.71,109550,1.68181,95.29,0.870,10.83,92.0,40.0,0.0
1787958324.2,0.00,619.8,1,2.820,2.816,1.0014,0,False,False,D,False,77.5,13.71,109550,1.68181,95.29,0.815,10.83,92.0,40.0,0.0
1787958324.4,0.00,617.8,1,2.820,2.816,1.0014,0,False,False,D,False,77.5,13.71,109550,1.68181,95.29,0.828,10.83,92.0,40.0,0.0
1787958324.6,0.00,609.0,1,2.820,2.816,1.0014,0,False,False,D,False,77.5,13.64,109550,1.68181,95.29,0.828,10.82,92.0,40.0,0.0
1787958324.8,0.00,604.2,1,2.820,2.816,1.0014,0,False,False,D,False,77.5,13.64,109550,1.68181,95.29,0.849,10.82,92.0,40.0,0.0
1787958325.0,0.00,605.5,1,2.820,2.816,1.0014,0,False,False,D,False,77.5,13.64,109550,1.68181,95.29,0.849,10.82,92.0,41.0,0.0
1787958325.2,0.00,601.8,1,2.820,2.816,1.0014,0,False,False,D,False,77.5,13.64,109550,1.68181,95.29,0.849,10.81,92.0,41.0,0.0
1787958325.4,0.00,598.8,1,2.820,2.816,1.0014,0,False,False,D,False,77.5,13.64,109550,1.68181,95.29,0.849,10.81,92.0,41.0,0.0
1787958325.6,0.00,602.5,1,2.820,2.816,1.0014,0,False,False,D,False,77.5,13.64,109550,1.68181,95.29,0.815,10.81,92.0,41.0,0.0
1787958325.8,0.00,604.0,1,2.820,2.816,1.0014,0,False,False,D,False,77.5,13.64,109550,1.68181,95.29,0.828,10.80,92.0,41.0,0.0
1787958326.0,0.00,599.0,1,2.820,2.816,1.0014,0,False,False,D,False,77.5,13.64,109550,1.68181,95.29,0.836,10.80,92.0,41.0,0.0
1787958326.2,0.00,600.2,1,2.820,2.816,1.0014,0,False,False,D,False,77.5,13.64,109550,1.68181,95.29,0.836,10.80,92.0,41.0,0.0
1787958326.4,0.00,606.8,1,2.820,2.816,1.0014,0,False,False,D,False,77.5,13.64,109550,1.68181,95.29,0.807,10.79,92.0,40.0,0.0
1787958326.6,0.00,603.0,1,2.820,2.816,1.0014,0,False,False,D,False,77.5,13.64,109550,1.68181,95.29,0.815,10.79,92.0,40.0,0.0
1787958326.8,0.00,599.2,1,2.820,2.816,1.0014,0,False,False,D,False,77.5,13.64,109550,1.68181,95.29,0.836,10.79,92.0,40.0,0.0
1787958327.0,0.00,599.2,1,2.820,2.816,1.0014,0,False,False,D,False,77.5,13.64,109550,1.68181,95.29,0.828,10.78,92.0,40.0,0.0
1787958327.2,0.00,598.5,1,2.820,2.816,1.0014,0,False,False,D,False,77.5,13.64,109550,1.68181,95.29,0.836,10.78,92.0,40.0,0.0
1787958327.4,0.00,592.5,1,2.820,2.816,1.0014,0,False,False,D,False,77.5,13.64,109550,1.68181,95.29,0.857,10.78,92.0,40.0,0.0
1787958327.6,0.00,592.8,1,2.820,2.816,1.0014,0,False,False,D,False,77.5,13.68,109550,1.68181,95.29,0.828,10.77,92.0,40.0,0.0
1787958327.8,0.00,596.2,1,2.820,2.816,1.0014,0,False,False,D,False,77.5,13.68,109550,1.68181,95.29,0.807,10.77,92.0,40.0,0.0
1787958328.0,0.00,594.0,1,2.820,2.816,1.0014,0,False,False,D,False,77.5,13.68,109550,1.68181,95.29,0.836,10.77,92.0,41.0,0.0
1787958328.2,0.00,592.2,1,2.820,2.816,1.0014,0,False,False,D,False,77.5,13.68,109550,1.68181,95.29,0.828,10.76,92.0,41.0,0.0
1787958328.4,0.00,598.2,1,2.820,2.816,1.0014,0,False,False,D,False,77.5,13.68,109550,1.68181,95.29,0.794,10.76,92.0,41.0,0.0
1787958328.7,0.00,599.0,1,2.820,2.816,1.0014,0,False,False,D,False,77.5,13.68,109550,1.68181,95.29,0.836,10.76,92.0,41.0,0.0
1787958328.9,0.00,599.0,1,2.820,2.816,1.0014,0,False,False,D,False,77.5,13.68,109550,1.68181,95.29,0.794,10.75,92.0,41.0,0.0
1787958329.1,0.00,602.8,1,2.820,2.816,1.0014,0,False,False,D,False,77.5,13.68,109550,1.68181,95.29,0.777,10.75,92.0,41.0,0.0
1787958329.3,0.00,605.5,1,2.820,2.816,1.0014,0,False,False,D,False,77.5,13.68,109550,1.68181,95.29,0.815,10.75,92.0,41.0,0.0
1787958329.5,0.00,598.8,1,2.820,2.816,1.0014,0,False,False,D,False,77.5,13.68,109550,1.68181,95.29,0.836,10.75,92.0,40.0,0.0
1787958329.7,0.00,597.5,1,2.820,2.816,1.0014,0,False,False,D,False,77.5,13.68,109550,1.68181,95.29,0.815,10.74,92.0,40.0,0.0
1787958329.9,0.00,601.0,1,2.820,2.816,1.0014,0,False,False,D,False,77.5,13.68,109550,1.68181,95.29,0.794,10.74,92.0,40.0,0.0
1787958330.1,0.00,600.2,1,2.820,2.816,1.0014,0,False,False,D,False,77.5,13.68,109550,1.68181,95.29,0.828,10.74,92.0,40.0,0.0
1787958330.3,0.00,597.0,1,2.820,2.816,1.0014,0,False,False,D,False,77.5,13.68,109550,1.68181,95.29,0.836,10.73,92.0,40.0,0.0
1787958330.5,0.00,599.8,1,2.820,2.816,1.0014,0,False,False,D,False,77.5,13.68,109550,1.68181,95.29,2.173,10.73,92.0,40.0,0.0
1787958330.7,0.00,619.8,1,2.820,2.816,1.0014,0,False,False,D,False,77.5,13.68,109550,1.68181,95.29,1.159,10.72,92.0,46.0,0.0
1787958330.9,0.00,670.0,1,2.820,2.816,1.0014,0,False,False,D,False,77.5,13.68,109550,1.68181,95.29,1.002,10.72,92.0,47.0,0.0
1787958331.1,0.00,618.0,1,2.820,2.816,1.0014,0,False,False,D,False,77.5,13.68,109550,1.68181,95.29,1.418,10.71,92.0,49.0,0.0
1787958331.3,0.00,624.8,1,2.820,2.816,1.0014,0,False,False,D,False,77.5,13.68,109550,1.68181,95.29,1.341,10.71,92.0,52.0,0.0
1787958331.5,0.00,638.2,1,2.820,2.816,1.0014,0,False,False,D,False,77.5,13.68,109550,1.68181,95.29,1.464,10.70,92.0,55.0,0.0
1787958331.7,0.00,670.8,1,2.820,2.816,1.0014,0,False,False,D,False,77.5,13.68,109550,1.68181,95.29,1.312,10.70,92.0,56.0,0.0
1787958331.9,0.00,704.5,1,2.820,2.816,1.0014,0,False,False,D,False,77.5,13.68,109550,1.68181,95.29,1.299,10.69,92.0,56.0,0.0
1787958332.1,0.00,712.5,1,2.820,2.816,1.0014,0,False,False,D,False,77.5,13.68,109550,1.68181,95.29,1.371,10.69,92.0,56.0,0.0
1787958332.3,0.00,711.8,1,2.820,2.816,1.0014,0,False,False,D,False,77.5,13.68,109550,1.68181,95.29,1.358,10.68,92.0,55.0,0.0
1787958332.5,0.00,710.2,1,2.820,2.816,1.0014,0,False,False,D,False,77.5,13.68,109550,1.68181,95.29,1.358,10.68,92.0,55.0,0.0
1787958332.7,0.00,707.5,1,2.820,2.816,1.0014,0,False,False,D,False,77.5,13.68,109550,1.68181,95.29,1.418,10.67,92.0,55.0,0.0
1787958332.9,0.00,705.8,1,2.820,2.816,1.0014,0,False,False,D,False,77.5,13.68,109550,1.68181,95.29,1.431,10.67,92.0,55.0,0.0
1787958333.1,0.00,710.8,1,2.820,2.816,1.0014,0,False,False,D,False,77.5,13.68,109550,1.68181,95.29,1.431,10.66,92.0,56.0,0.0
1787958333.3,0.00,711.0,1,2.820,2.816,1.0014,0,False,False,D,False,77.5,13.68,109550,1.68181,95.29,1.448,10.66,92.0,56.0,0.0
1787958333.5,0.00,709.8,1,2.820,2.816,1.0014,0,False,False,D,False,77.5,13.68,109550,1.68181,95.29,1.418,10.65,92.0,56.0,0.0
1787958333.7,0.00,713.0,1,2.820,2.816,1.0014,0,False,False,D,False,77.5,13.68,109550,1.68181,95.29,1.481,10.64,92.0,56.0,0.0
1787958333.9,0.00,720.5,1,2.820,2.816,1.0014,0,False,False,D,False,77.5,13.71,109550,1.68181,95.29,1.431,10.64,92.0,56.0,0.0
1787958334.1,0.00,723.5,1,2.820,2.816,1.0014,0,False,False,D,False,77.5,13.71,109550,1.68181,95.29,1.448,10.63,92.0,56.0,0.0
1787958334.3,0.00,716.5,1,2.820,2.816,1.0014,0,False,False,D,False,77.5,13.71,109550,1.68181,95.29,1.358,10.63,92.0,55.0,0.0
1787958334.5,0.00,709.0,1,2.820,2.816,1.0014,0,False,False,D,False,77.5,13.71,109550,1.68181,95.29,1.341,10.62,92.0,55.0,0.0
1787958334.8,0.00,706.0,1,2.820,2.816,1.0014,0,False,False,D,False,77.5,13.70,109550,1.68181,95.29,1.329,10.62,92.0,54.0,0.0
1787958335.0,0.00,703.8,1,2.820,2.816,1.0014,0,False,False,D,False,77.5,13.70,109550,1.68181,95.29,1.358,10.61,92.0,54.0,0.0
1787958335.2,0.00,701.8,1,2.820,2.816,1.0014,0,False,False,D,False,77.5,13.70,109550,1.68181,95.29,1.329,10.61,92.0,54.0,0.0
1787958335.4,0.00,700.8,1,2.820,2.816,1.0014,0,False,False,D,False,77.5,13.70,109550,1.68181,95.29,1.341,10.60,92.0,54.0,0.0
1787958335.6,0.00,696.5,1,2.820,2.816,1.0014,0,False,False,D,False,77.5,13.70,109550,1.68181,95.29,1.329,10.60,92.0,54.0,0.0
1787958335.8,0.00,692.0,1,2.820,2.816,1.0014,0,False,False,D,False,77.5,13.70,109550,1.68181,95.29,1.329,10.59,92.0,54.0,0.0
1787958336.0,0.00,694.8,1,2.820,2.816,1.0014,0,False,False,D,False,77.5,13.70,109550,1.68181,95.29,1.358,10.59,92.0,54.0,0.0
1787958336.2,0.00,700.0,1,2.820,2.816,1.0014,0,False,False,D,False,77.5,13.70,109550,1.68181,95.29,1.358,10.58,92.0,54.0,0.0
1787958336.4,0.00,699.5,1,2.820,2.816,1.0014,0,False,False,D,False,77.5,13.70,109550,1.68181,95.29,1.341,10.58,92.0,54.0,0.0
1787958336.6,0.00,695.5,1,2.820,2.816,1.0014,0,False,False,D,False,77.5,13.70,109550,1.68181,95.29,1.329,10.57,92.0,54.0,0.0
1787958336.8,0.00,696.5,1,2.820,2.816,1.0014,0,False,False,D,False,77.5,13.70,109550,1.68181,95.29,1.341,10.57,92.0,54.0,0.0
1787958337.0,0.00,695.2,1,2.820,2.816,1.0014,0,False,False,D,False,77.5,13.68,109550,1.68181,95.29,1.299,10.56,92.0,54.0,0.0
1787958337.2,0.00,690.2,1,2.820,2.816,1.0014,0,False,False,D,False,77.5,13.68,109550,1.68181,95.29,1.358,10.56,92.0,54.0,0.0
1787958337.4,0.00,691.2,1,2.820,2.816,1.0014,0,False,False,D,False,77.5,13.68,109550,1.68181,95.29,1.312,10.55,92.0,54.0,0.0
1787958337.6,0.00,693.8,1,2.820,2.816,1.0014,0,False,False,D,False,77.5,13.68,109550,1.68181,95.29,1.312,10.55,92.0,54.0,0.0
1787958337.8,0.00,684.2,1,2.820,2.816,1.0014,0,False,False,D,False,77.5,13.68,109550,1.68181,95.29,1.329,10.54,92.0,54.0,0.0
1787958338.0,0.00,685.2,1,2.820,2.816,1.0014,0,False,False,D,False,77.5,13.68,109550,1.68181,95.29,1.329,10.54,92.0,54.0,0.0
1787958338.2,0.00,692.0,1,2.820,2.816,1.0014,0,False,False,D,False,77.5,13.68,109550,1.68181,95.29,1.299,10.53,92.0,54.0,0.0
1787958338.4,0.00,687.5,1,2.820,2.816,1.0014,0,False,False,D,False,77.5,13.68,109550,1.68181,95.29,1.341,10.53,92.0,54.0,0.0
1787958338.6,0.00,686.8,1,2.820,2.816,1.0014,0,False,False,D,False,77.5,13.68,109550,1.68181,95.29,1.299,10.52,92.0,54.0,0.0
1787958338.8,0.00,688.0,1,2.820,2.816,1.0014,0,False,False,D,False,77.5,13.68,109550,1.68181,95.29,1.299,10.52,92.0,54.0,0.0
1787958339.0,0.00,684.2,1,2.820,2.816,1.0014,0,False,False,D,False,77.5,13.68,109550,1.68181,95.29,1.286,10.51,92.0,54.0,0.0
1787958339.2,0.00,676.8,1,2.820,2.816,1.0014,0,False,False,D,False,77.5,13.68,109550,1.68181,95.29,1.312,10.51,92.0,54.0,0.0
1787958339.4,0.00,674.5,1,2.820,2.816,1.0014,0,False,False,D,False,77.5,13.68,109550,1.68181,95.29,1.299,10.50,92.0,54.0,0.0
1787958339.6,0.00,681.0,1,2.820,2.816,1.0014,0,False,False,D,False,77.5,13.68,109550,1.68181,95.29,1.329,10.50,92.0,54.0,0.0
1787958339.8,0.00,681.5,1,2.820,2.816,1.0014,0,False,False,D,False,77.5,13.68,109550,1.68181,95.29,1.312,10.49,92.0,54.0,0.0
1787958340.0,0.00,681.0,1,2.820,2.816,1.0014,0,False,False,D,False,77.5,13.64,109550,1.68181,95.29,1.312,10.49,92.0,54.0,0.0
1787958340.2,0.00,684.5,1,2.820,2.816,1.0014,0,False,False,D,False,77.5,13.64,109550,1.68181,95.29,1.312,10.48,92.0,54.0,0.0
1787958340.4,0.00,685.0,1,2.820,2.816,1.0014,0,False,False,D,False,77.5,13.64,109550,1.68181,95.29,1.312,10.48,92.0,54.0,0.0
1787958340.6,0.00,682.2,1,2.820,2.816,1.0014,0,False,False,D,False,77.5,13.64,109550,1.68181,95.29,1.269,10.47,92.0,54.0,0.0
1787958340.8,0.00,681.0,1,2.820,2.816,1.0014,0,False,False,D,False,77.5,13.66,109550,1.68181,95.29,1.286,10.47,92.0,54.0,0.0
1787958341.0,0.00,681.0,1,2.820,2.816,1.0014,0,False,False,D,False,77.5,13.66,109550,1.68181,95.29,1.286,10.46,92.0,54.0,0.0
1787958341.2,0.00,676.0,1,2.820,2.816,1.0014,0,False,False,D,False,77.5,13.66,109550,1.68181,95.29,1.312,10.46,92.0,54.0,0.0
1787958341.4,0.00,674.5,1,2.820,2.816,1.0014,0,False,False,D,False,77.5,13.66,109550,1.68181,95.29,1.329,10.45,92.0,54.0,0.0
1787958341.6,0.00,681.5,1,2.820,2.816,1.0014,0,False,False,D,False,77.5,13.66,109550,1.68181,95.29,1.299,10.45,92.0,54.0,0.0
1787958341.9,0.00,684.8,1,2.820,2.816,1.0014,0,False,False,D,False,77.5,13.68,109550,1.68181,95.29,1.329,10.45,92.0,54.0,0.0
1787958342.1,0.00,682.0,1,2.820,2.816,1.0014,0,False,False,D,False,77.5,13.68,109550,1.68181,95.29,1.329,10.44,92.0,54.0,0.0
1787958342.3,0.00,687.0,1,2.820,2.816,1.0014,0,False,False,D,False,77.5,13.68,109550,1.68181,95.29,1.286,10.44,92.0,54.0,0.0
1787958342.5,0.00,686.2,1,2.820,2.816,1.0014,0,False,False,D,False,77.5,13.68,109550,1.68181,95.29,1.312,10.43,92.0,54.0,0.0
1787958342.7,0.00,680.8,1,2.820,2.816,1.0014,0,False,False,D,False,77.5,13.68,109550,1.68181,95.29,1.256,10.43,92.0,54.0,0.0
1787958342.9,0.00,679.2,1,2.820,2.816,1.0014,0,False,False,D,False,77.5,13.68,109550,1.68181,95.29,1.341,10.42,92.0,54.0,0.0
1787958343.1,0.00,681.8,1,2.820,2.816,1.0014,0,False,False,D,False,77.5,13.70,109550,1.68181,95.29,1.286,10.42,92.0,54.0,0.0
1787958343.3,0.00,678.8,1,2.820,2.816,1.0014,0,False,False,D,False,77.5,13.70,109550,1.68181,95.29,1.299,10.41,92.0,54.0,0.0
1787958343.5,0.00,677.8,1,2.820,2.816,1.0014,0,False,False,D,False,77.5,13.70,109550,1.68181,95.29,1.329,10.41,92.0,54.0,0.0
1787958343.7,0.00,682.0,1,2.820,2.816,1.0014,0,False,False,D,False,77.5,13.70,109550,1.68181,95.29,1.329,10.40,92.0,54.0,0.0
1787958343.9,0.00,685.8,1,2.820,2.816,1.0014,0,False,False,D,False,77.5,13.70,109550,1.68181,95.29,1.256,10.40,92.0,54.0,0.0
1787958344.1,0.00,682.5,1,2.820,2.816,1.0014,0,False,False,D,False,77.5,13.70,109550,1.68181,95.29,1.329,10.39,92.0,54.0,0.0
1787958344.3,0.00,682.2,1,2.820,2.816,1.0014,0,False,False,D,False,77.5,13.70,109550,1.68181,95.29,1.312,10.39,92.0,54.0,0.0
1787958344.5,0.00,686.8,1,2.820,2.816,1.0014,0,False,False,D,False,77.5,13.70,109550,1.68181,95.29,1.312,10.38,92.0,54.0,0.0
1787958344.7,0.00,684.0,1,2.820,2.816,1.0014,0,False,False,D,False,77.5,13.70,109550,1.68181,95.29,1.329,10.38,92.0,54.0,0.0
1787958344.9,0.00,683.0,1,2.820,2.816,1.0014,0,False,False,D,False,77.5,13.70,109550,1.68181,95.29,1.256,10.37,92.0,54.0,0.0
1787958345.1,0.00,685.0,1,2.820,2.816,1.0014,0,False,False,D,False,77.5,13.70,109550,1.68181,95.29,1.312,10.37,92.0,54.0,0.0
1787958345.3,0.00,685.0,1,2.820,2.816,1.0014,0,False,False,D,False,77.5,13.70,109550,1.68181,95.29,1.286,10.36,92.0,54.0,0.0
1787958345.5,0.00,677.5,1,2.820,2.816,1.0014,0,False,False,D,False,77.5,13.70,109550,1.68181,95.29,1.358,10.36,92.0,54.0,0.0
1787958345.7,0.00,678.2,1,2.820,2.816,1.0014,0,False,False,D,False,77.5,13.70,109550,1.68181,95.29,1.312,10.36,92.0,54.0,0.0
1787958345.9,0.00,683.5,1,2.820,2.816,1.0014,0,False,False,D,False,77.5,13.70,109550,1.68181,95.29,1.299,10.35,92.0,54.0,0.0
1787958346.1,0.00,682.8,1,2.820,2.816,1.0014,0,False,False,D,False,77.5,13.70,109550,1.68181,95.29,1.299,10.35,92.0,54.0,0.0
1787958346.3,0.00,682.0,1,2.820,2.816,1.0014,0,False,False,D,False,77.5,13.61,109550,1.68181,95.29,1.341,10.34,92.0,54.0,0.0
1787958346.5,0.00,686.0,1,2.820,2.816,1.0014,0,False,False,D,False,77.5,13.61,109550,1.68181,95.29,1.358,10.34,92.0,54.0,0.0
1787958346.7,0.00,686.0,1,2.820,2.816,1.0014,0,False,False,D,False,77.5,13.61,109550,1.68181,95.29,1.286,10.33,92.0,54.0,0.0
1787958346.9,0.00,682.8,1,2.820,2.816,1.0014,0,False,False,D,False,77.5,13.61,109550,1.68181,95.29,1.312,10.33,92.0,54.0,0.0
1787958347.1,0.00,685.0,1,2.820,2.816,1.0014,0,False,False,D,False,77.5,13.61,109550,1.68181,95.29,1.286,10.32,92.0,54.0,0.0
1787958347.3,0.00,685.5,1,2.820,2.816,1.0014,0,False,False,D,False,77.5,13.61,109550,1.68181,95.29,1.299,10.32,92.0,54.0,0.0
1787958347.6,0.00,681.8,1,2.820,2.816,1.0014,0,False,False,D,False,77.5,13.61,109550,1.68181,95.29,1.329,10.31,92.0,54.0,0.0
1787958347.8,0.00,679.5,1,2.820,2.816,1.0014,0,False,False,D,False,77.5,13.61,109550,1.68181,95.29,1.286,10.31,92.0,54.0,0.0
1787958348.0,0.00,679.0,1,2.820,2.816,1.0014,0,False,False,D,False,77.5,13.61,109550,1.68181,95.29,1.286,10.30,92.0,54.0,0.0
1787958348.2,0.00,677.8,1,2.820,2.816,1.0014,0,False,False,D,False,77.5,13.61,109550,1.68181,95.29,1.299,10.30,92.0,54.0,0.0
1787958348.4,0.00,678.2,1,2.820,2.816,1.0014,0,False,False,D,False,77.5,13.61,109550,1.68181,95.29,1.312,10.29,92.0,54.0,0.0
1787958348.6,0.00,685.5,1,2.820,2.816,1.0014,0,False,False,D,False,77.5,13.61,109550,1.68181,95.29,1.286,10.29,92.0,54.0,0.0
1787958348.8,0.00,686.2,1,2.820,2.816,1.0014,0,False,False,D,False,77.5,13.61,109550,1.68181,95.29,1.312,10.29,92.0,54.0,0.0
1787958349.0,0.00,684.2,1,2.820,2.816,1.0014,0,False,False,D,False,77.5,13.61,109550,1.68181,95.29,1.329,10.28,92.0,54.0,0.0
1787958349.2,0.00,686.2,1,2.820,2.816,1.0014,0,False,False,D,False,77.5,13.61,109550,1.68181,95.29,1.299,10.28,92.0,54.0,0.0
1787958349.4,0.00,687.5,1,2.820,2.816,1.0014,0,False,False,D,False,77.5,13.69,109550,1.68181,95.29,1.299,10.27,92.0,54.0,0.0
1787958349.6,0.00,679.5,1,2.820,2.816,1.0014,0,False,False,D,False,77.5,13.69,109550,1.68181,95.29,1.312,10.27,92.0,53.0,0.0
1787958349.8,0.00,675.8,1,2.820,2.816,1.0014,0,False,False,D,False,77.5,13.69,109550,1.68181,95.29,1.312,10.26,92.0,54.0,0.0
1787958350.0,0.00,681.0,1,2.820,2.816,1.0014,0,False,False,D,False,77.5,13.69,109550,1.68181,95.29,1.286,10.26,92.0,54.0,0.0
1787958350.2,0.00,682.5,1,2.820,2.816,1.0014,0,False,False,D,False,77.5,13.69,109550,1.68181,95.29,1.286,10.25,92.0,54.0,0.0
1787958350.4,0.00,682.0,1,2.820,2.816,1.0014,0,False,False,D,False,77.5,13.69,109550,1.68181,95.29,1.299,10.25,92.0,54.0,0.0
1787958350.6,0.00,686.8,1,2.820,2.816,1.0014,0,False,False,D,False,77.5,13.69,109550,1.68181,95.29,1.286,10.24,92.0,54.0,0.0
1787958350.8,0.00,686.8,1,2.820,2.816,1.0014,0,False,False,D,False,77.5,13.69,109550,1.68181,95.29,1.256,10.24,92.0,54.0,0.0
1787958351.0,0.00,682.8,1,2.820,2.816,1.0014,0,False,False,D,False,77.5,13.69,109550,1.68181,95.29,1.256,10.23,92.0,53.0,0.0
1787958351.2,0.00,681.0,1,2.820,2.816,1.0014,0,False,False,D,False,77.5,13.69,109550,1.68181,95.29,1.341,10.23,92.0,54.0,0.0
1787958351.4,0.00,683.0,1,2.820,2.816,1.0014,0,False,False,D,False,77.5,13.69,109550,1.68181,95.29,1.286,10.23,92.0,54.0,0.0
1787958351.6,0.00,680.0,1,2.820,2.816,1.0014,0,False,False,D,False,77.5,13.69,109550,1.68181,95.29,1.312,10.22,92.0,54.0,0.0
1787958351.8,0.00,676.5,1,2.820,2.816,1.0014,0,False,False,D,False,77.5,13.69,109550,1.68181,95.29,1.299,10.22,92.0,54.0,0.0
1787958352.0,0.00,685.8,1,2.820,2.816,1.0014,0,False,False,D,False,77.5,13.69,109550,1.68181,95.29,1.358,10.21,92.0,55.0,0.0
1787958352.2,1.00,718.5,1,2.820,2.816,1.0014,0,False,False,D,False,77.5,13.69,109550,1.68181,95.29,1.448,10.21,92.0,56.0,1.0
1787958352.4,1.44,757.8,1,2.820,2.816,1.0014,0,False,False,D,False,77.5,13.69,109550,1.68181,95.29,2.772,10.20,92.0,61.0,14.0
1787958352.6,1.97,962.5,1,2.820,2.816,1.0014,0,False,False,D,False,77.5,13.69,109550,1.68220,95.29,3.791,10.19,92.0,77.0,15.0
1787958352.8,2.92,1218.0,1,2.820,2.816,1.0014,0,False,False,D,False,77.5,13.85,109550,1.68220,95.29,3.646,10.18,92.0,82.0,15.0
1787958353.0,4.19,1365.0,1,2.820,2.816,1.0014,0,False,False,D,False,77.5,13.85,109550,1.68220,95.29,3.761,10.16,92.0,80.0,15.0
1787958353.2,5.90,1440.8,1,2.870,2.816,1.0192,0,False,False,D,False,77.5,13.85,109550,1.68259,95.29,3.914,10.15,92.0,75.0,15.0
1787958353.4,7.20,1447.5,1,2.810,2.816,0.9979,0,False,False,D,False,77.5,13.85,109550,1.68298,95.29,3.914,10.14,92.0,71.0,14.0
1787958353.7,8.28,1435.0,1,2.860,2.816,1.0156,0,False,False,D,False,77.5,13.85,109550,1.68337,95.29,3.820,10.13,92.0,69.0,14.0
1787958353.9,9.17,1430.5,1,2.810,2.816,0.9979,0,False,False,D,False,77.5,13.85,109550,1.68376,95.29,3.880,10.12,92.0,67.0,14.0
1787958354.1,9.93,1437.8,1,2.810,2.816,0.9979,0,False,False,D,False,77.5,13.85,109550,1.68454,95.29,3.727,10.11,92.0,67.0,14.0
1787958354.3,10.66,1457.2,1,2.830,2.816,1.0050,0,False,False,D,False,77.5,13.85,109550,1.68493,95.29,3.175,10.10,92.0,66.0,7.0
1787958354.5,11.32,1402.0,1,2.830,2.816,1.0050,0,False,False,D,False,77.5,13.85,109550,1.68571,95.29,1.889,10.09,92.0,59.0,5.0
1787958354.7,11.64,1332.5,1,2.810,2.816,0.9979,0,False,False,D,False,77.5,13.85,109550,1.68610,95.29,1.889,10.09,92.0,50.0,5.0
1787958354.9,11.78,1344.0,1,2.820,2.816,1.0014,0,False,False,D,False,77.5,13.85,109550,1.68688,95.29,3.230,10.09,92.0,47.0,12.0
1787958355.1,12.11,1439.8,1,2.820,2.816,1.0014,0,False,False,D,False,77.5,13.85,109550,1.68765,94.12,3.532,10.08,92.0,54.0,13.0
1787958355.3,12.33,1524.2,1,2.820,2.816,1.0014,0,False,False,D,False,77.5,13.85,109550,1.68804,95.29,3.761,10.07,92.0,61.0,13.0
1787958355.5,12.99,1584.2,1,2.820,2.816,1.0014,0,False,False,D,False,77.5,13.74,109550,1.68882,95.29,3.880,10.06,92.0,62.0,14.0
1787958355.7,13.54,1635.5,1,2.810,2.816,0.9979,0,False,False,D,False,77.5,13.74,109550,1.68960,95.29,3.944,10.05,92.0,63.0,14.0
1787958355.9,13.95,1692.8,1,2.820,2.816,1.0014,0,False,False,D,False,77.5,13.74,109550,1.69038,95.29,4.067,10.04,92.0,64.0,14.0
1787958356.1,14.73,1737.8,2,0.260,1.498,0.1736,0,False,False,D,True,77.5,13.74,109550,1.69155,95.29,3.366,10.04,92.0,62.0,9.0
1787958356.3,15.05,1708.2,2,0.260,1.498,0.1736,0,False,False,D,True,77.5,13.74,109550,1.69233,95.29,2.611,10.03,92.0,54.0,8.0
1787958356.5,15.09,1698.5,2,0.260,1.498,0.1736,0,False,False,D,True,77.5,13.74,109550,1.69311,95.29,2.585,10.03,92.0,48.0,7.0
1787958356.7,15.27,1696.5,2,0.250,1.498,0.1669,0,False,False,D,True,77.5,13.74,109550,1.69388,95.29,2.564,10.02,92.0,48.0,7.0
1787958356.9,15.21,1694.2,2,0.250,1.498,0.1669,0,False,False,D,True,77.5,13.74,109550,1.69544,95.29,2.386,10.03,92.0,43.0,7.0
1787958357.1,15.41,1657.2,2,0.090,1.498,0.0601,0,False,False,D,True,77.5,13.74,109550,1.69661,95.29,2.386,10.02,92.0,42.0,6.0
1787958357.3,15.83,1327.0,2,1.760,1.498,1.1749,0,False,False,D,True,77.5,13.74,109550,1.69739,95.29,2.173,10.02,92.0,42.0,5.0
1787958357.5,16.18,1032.2,2,1.500,1.498,1.0013,0,False,False,D,False,77.5,13.74,109550,1.69817,95.29,2.033,10.02,92.0,43.0,4.0
1787958357.7,16.04,958.0,2,1.500,1.498,1.0013,0,False,False,D,False,77.5,13.74,109550,1.69895,95.29,1.872,10.03,92.0,43.0,4.0
1787958357.9,16.38,986.8,2,1.500,1.498,1.0013,0,False,False,D,False,77.5,13.74,109550,1.70011,95.29,1.817,10.04,92.0,47.0,4.0
1787958358.1,16.51,1044.5,2,1.490,1.498,0.9947,0,False,False,D,False,77.5,13.74,109550,1.70089,95.29,2.237,10.04,92.0,51.0,3.0
1787958358.3,16.45,1049.2,2,1.500,1.498,1.0013,0,False,False,D,False,77.5,13.74,109550,1.70167,95.29,1.256,10.04,92.0,49.0,1.0
1787958358.5,16.52,1011.2,2,1.490,1.498,0.9947,0,False,False,D,False,77.5,13.69,109550,1.70284,95.29,1.201,10.05,92.0,44.0,0.0
1787958358.7,16.43,965.5,2,1.500,1.498,1.0013,0,False,False,D,False,77.5,13.69,109550,1.70362,95.29,2.364,10.06,92.0,44.0,1.0
1787958358.9,16.21,975.2,2,1.500,1.498,1.0013,0,False,False,D,False,77.5,13.58,109550,1.70440,95.29,1.634,10.06,92.0,45.0,1.0
1787958359.1,16.23,1083.5,2,1.500,1.498,1.0013,0,False,False,D,False,77.5,13.58,109550,1.70557,95.29,2.296,10.06,92.0,45.0,8.0
1787958359.4,16.45,1185.0,2,1.500,1.498,1.0013,0,False,False,D,False,77.5,13.58,109550,1.70635,95.29,2.887,10.06,92.0,52.0,10.0
1787958359.6,16.72,1296.5,2,1.500,1.498,1.0013,0,False,False,D,False,77.5,13.58,109550,1.70712,95.29,3.341,10.05,92.0,58.0,12.0
1787958359.8,17.10,1408.5,2,1.500,1.498,1.0013,0,False,False,D,False,77.5,13.58,109550,1.70829,95.29,3.286,10.05,92.0,62.0,14.0
1787958360.0,17.62,1485.0,2,1.500,1.498,1.0013,0,False,False,D,False,77.5,13.58,109550,1.70907,95.29,4.003,10.04,92.0,64.0,16.0
1787958360.2,18.03,1555.0,2,1.500,1.498,1.0013,0,False,False,D,False,77.5,13.58,109550,1.71024,95.29,4.101,10.04,92.0,68.0,17.0
1787958360.4,18.40,1609.8,2,1.500,1.498,1.0013,0,False,False,D,False,77.5,13.58,109550,1.71102,95.29,4.415,10.03,92.0,68.0,17.0
1787958360.6,19.04,1651.2,2,1.490,1.498,0.9947,0,False,False,D,False,77.5,13.58,109550,1.71219,95.29,4.746,10.02,92.0,73.0,18.0
1787958360.8,19.80,1685.2,2,1.500,1.498,1.0013,0,False,False,D,False,77.5,13.58,109550,1.71335,95.29,4.852,10.01,92.0,74.0,18.0
1787958361.0,20.45,1712.5,2,1.500,1.498,1.0013,69.13513621664498,False,False,D,False,77.5,13.58,109550,1.71452,95.29,5.132,10.00,92.0,75.0,19.0
1787958361.2,20.80,1681.5,2,1.490,1.498,0.9947,71.64088582529126,False,False,D,False,77.5,13.58,109550,1.71569,95.29,5.315,9.99,92.0,76.0,20.0
1787958361.4,21.40,1664.8,2,1.500,1.498,1.0013,74.4401154357444,False,False,D,False,77.5,13.58,109550,1.71686,95.29,5.425,9.98,92.0,78.0,22.0
1787958361.6,21.97,1678.8,2,1.500,1.498,1.0013,75.78553475094178,False,False,D,False,77.5,13.59,109550,1.71803,95.29,5.854,9.97,92.0,82.0,23.0
1787958361.8,22.48,1729.8,2,1.490,1.498,0.9947,75.27518660196624,False,False,D,False,77.5,13.59,109550,1.71919,95.29,6.185,9.95,92.0,84.0,25.0
1787958362.0,23.20,1782.5,2,1.500,1.498,1.0013,75.36226333189967,False,False,D,False,77.5,13.59,109550,1.72036,95.29,6.401,9.94,92.0,86.0,27.0
1787958362.2,24.03,1836.2,2,1.500,1.498,1.0013,75.7895677787117,False,False,D,False,77.5,13.59,109550,1.72231,95.29,6.805,9.93,92.0,87.0,28.0
1787958362.4,24.45,1874.2,2,1.500,1.498,1.0013,75.54289638838655,False,False,D,False,77.5,13.59,109550,1.72348,95.29,6.898,9.91,92.0,87.0,29.0
1787958362.6,25.13,1899.8,2,1.490,1.498,0.9947,76.60930566193858,False,False,D,False,77.5,13.59,109550,1.72504,95.29,6.851,9.90,92.0,87.0,30.0
1787958362.8,25.80,1920.0,2,1.500,1.498,1.0013,77.81454195942153,False,False,D,False,77.5,13.59,109550,1.72659,95.29,7.085,9.89,92.0,87.0,30.0
1787958363.0,26.50,1923.0,2,1.490,1.498,0.9947,79.8161568144529,False,False,D,False,77.5,13.59,109550,1.72776,95.29,7.178,9.87,92.0,88.0,30.0
1787958363.2,27.10,1955.0,2,1.490,1.498,0.9947,80.2721355941359,False,False,D,False,77.5,13.59,109550,1.72932,95.29,7.085,9.86,92.0,88.0,31.0
1787958363.4,27.53,1989.5,2,1.490,1.498,0.9947,80.1390135980511,False,False,D,False,77.5,13.59,109550,1.73088,95.29,7.513,9.84,92.0,88.0,33.0
1787958363.6,28.39,2014.2,2,1.500,1.498,1.0013,81.61238376098035,False,False,D,False,77.5,13.59,109550,1.73243,95.29,7.658,9.83,92.0,89.0,34.0
1787958363.8,28.98,2028.5,2,1.500,1.498,1.0013,82.7233646905233,False,False,D,False,77.5,13.59,109550,1.73399,95.29,7.853,9.81,92.0,90.0,34.0
1787958364.0,29.91,2052.5,2,1.500,1.498,1.0013,84.37289077244202,False,False,D,False,77.5,13.59,109550,1.73555,95.29,7.904,9.80,92.0,90.0,35.0
1787958364.2,30.47,2072.8,3,1.500,1.000,1.5000,85.3406867906112,False,False,D,True,77.5,13.59,109550,1.73711,95.29,8.099,9.78,92.0,90.0,36.0
1787958364.4,31.24,2111.0,3,1.490,1.000,1.4900,85.3406867906112,False,False,D,True,77.5,13.59,109550,1.73905,95.29,8.252,9.77,92.0,91.0,37.0
1787958364.6,31.75,2130.0,3,1.500,1.000,1.5000,85.3406867906112,False,False,D,True,77.5,13.59,109550,1.74061,95.29,8.354,9.75,92.0,91.0,37.0
1787958364.8,32.16,1949.5,3,1.290,1.000,1.2900,85.3406867906112,False,False,D,True,77.5,13.56,109550,1.74256,95.29,8.405,9.74,92.0,91.0,38.0
1787958365.0,32.49,1764.0,3,1.000,1.000,1.0000,71.20026422789611,False,False,D,False,77.5,13.56,109550,1.74412,95.29,6.851,9.72,92.0,93.0,38.0
1787958365.2,32.94,1905.5,3,1.000,1.000,1.0000,66.83101795984706,False,False,D,False,77.5,13.56,109550,1.74606,95.29,7.611,9.70,92.0,93.0,39.0
1787958365.5,33.75,1982.2,3,1.000,1.000,1.0000,65.81329796934794,False,False,D,False,77.5,13.56,109550,1.74801,95.29,8.048,9.69,92.0,92.0,39.0
1787958365.7,34.25,2020.2,3,1.000,1.000,1.0000,65.53212238994242,False,False,D,False,77.5,13.56,109550,1.74996,95.29,8.048,9.68,92.0,92.0,39.0
1787958365.9,34.79,2033.0,3,1.000,1.000,1.0000,66.14793873364768,False,False,D,False,77.5,13.56,109550,1.75190,95.29,8.201,9.67,92.0,92.0,39.0
1787958366.1,35.44,2040.2,3,1.000,1.000,1.0000,67.1444567634404,False,False,D,False,77.5,13.56,109550,1.75346,95.29,8.099,9.65,92.0,92.0,39.0
1787958366.3,36.05,2063.2,3,1.000,1.000,1.0000,67.53886710240134,False,False,D,False,77.5,13.56,109550,1.75580,95.29,8.099,9.64,92.0,92.0,39.0
1787958366.5,36.75,2063.2,3,1.000,1.000,1.0000,68.85039236689073,False,False,D,False,77.5,13.56,109550,1.75774,95.29,8.201,9.63,92.0,92.0,39.0
1787958366.7,37.34,2084.0,3,1.000,1.000,1.0000,69.26392110165962,False,False,D,False,77.5,13.56,109550,1.75969,95.29,8.150,9.61,92.0,92.0,40.0
1787958366.9,37.90,2100.5,3,1.000,1.000,1.0000,69.75044759696493,False,False,D,False,77.5,13.56,109550,1.76164,95.29,8.456,9.60,92.0,92.0,39.0
1787958367.1,38.34,2086.5,3,1.000,1.000,1.0000,71.03829216138692,False,False,D,False,77.5,13.56,109550,1.76397,95.29,8.303,9.59,92.0,92.0,39.0
1787958367.3,38.91,2100.2,3,1.000,1.000,1.0000,71.60855350462691,False,False,D,False,77.5,13.56,109550,1.76592,95.29,8.354,9.57,92.0,92.0,39.0
1787958367.5,39.65,2116.2,3,1.000,1.000,1.0000,72.42803375419686,False,False,D,False,77.5,13.56,109550,1.76826,95.29,8.405,9.56,92.0,92.0,34.0
1787958367.7,40.31,1992.5,3,1.000,1.000,1.0000,78.20202650128023,False,False,D,False,77.5,13.56,109550,1.77020,95.29,2.131,9.56,92.0,77.0,0.0
1787958367.9,40.28,1685.8,3,1.000,1.000,1.0000,92.36337901959861,False,False,D,False,77.5,13.70,109550,1.77254,95.29,1.244,9.58,92.0,53.0,0.0
1787958368.1,40.47,1583.0,3,1.000,1.000,1.0000,98.81641744582521,False,False,D,False,77.5,13.70,109550,1.77605,95.29,1.146,9.59,92.0,33.0,0.0
1787958368.3,40.33,1503.5,3,1.000,1.000,1.0000,100,False,False,D,False,77.5,13.70,109550,1.77799,95.29,1.065,9.61,92.0,29.0,0.0
1787958368.5,40.16,1414.0,3,1.000,1.000,1.0000,100,False,False,D,False,77.5,13.70,109550,1.78033,95.29,1.053,9.62,92.0,27.0,0.0
1787958368.7,39.74,1332.5,3,1.000,1.000,1.0000,100,False,False,D,False,77.5,13.70,109550,1.78266,95.29,0.989,9.63,92.0,26.0,0.0
1787958368.9,39.51,1289.0,3,1.000,1.000,1.0000,100,False,False,D,False,77.5,13.70,109550,1.78461,95.29,0.989,9.64,91.0,26.0,0.0
1787958369.1,39.47,1259.5,3,1.000,1.000,1.0000,100,False,False,D,False,77.5,13.70,109550,1.78695,95.29,0.904,9.65,92.0,25.0,0.0
1787958369.3,39.03,1237.8,3,1.000,1.000,1.0000,100,False,False,D,False,77.5,13.70,109550,1.78890,95.29,0.938,9.66,91.0,25.0,0.0
1787958369.5,38.82,1212.8,3,1.000,1.000,1.0000,100,False,False,D,False,77.5,13.70,109550,1.79123,95.29,0.891,9.68,91.0,25.0,0.0
1787958369.7,38.56,1185.8,3,1.000,1.000,1.0000,100,False,False,D,False,77.5,13.70,109550,1.79318,95.29,0.849,9.69,91.0,24.0,0.0
1787958369.9,38.27,1161.0,3,1.000,1.000,1.0000,100,False,False,D,False,77.5,13.70,109550,1.79629,95.29,0.807,9.70,91.0,24.0,0.0
1787958370.1,38.17,1142.0,3,1.000,1.000,1.0000,100,False,False,D,False,77.5,13.70,109550,1.79824,95.29,0.807,9.71,91.0,23.0,0.0
1787958370.3,37.72,1126.0,3,1.000,1.000,1.0000,100,False,False,D,False,77.5,13.70,109550,1.80058,95.29,0.807,9.73,91.0,23.0,0.0
1787958370.5,37.38,1107.5,3,1.000,1.000,1.0000,100,False,False,D,False,77.5,13.70,109550,1.80252,95.29,0.785,9.74,91.0,23.0,0.0
1787958370.7,37.05,1087.0,3,1.000,1.000,1.0000,100,False,False,D,False,77.5,13.70,109550,1.80447,93.33,0.794,9.75,91.0,23.0,0.0
1787958370.9,36.87,1071.0,3,1.000,1.000,1.0000,100,False,False,D,False,77.5,13.71,109550,1.80681,95.29,0.815,9.76,91.0,23.0,0.0
1787958371.1,36.56,1045.5,3,1.000,1.000,1.0000,100,False,False,D,False,77.5,13.71,109550,1.80875,95.29,0.807,9.77,91.0,23.0,0.0
1787958371.3,36.41,1030.2,3,1.000,1.000,1.0000,100,False,False,D,False,77.5,13.71,109550,1.81070,95.29,0.807,9.78,91.0,24.0,0.0
1787958371.5,35.79,1014.2,3,1.000,1.000,1.0000,100,False,False,D,False,77.5,13.71,109550,1.81265,95.29,0.849,9.79,91.0,24.0,0.0
1787958371.8,35.73,1063.0,3,1.000,1.000,1.0000,100,False,False,D,False,77.5,13.71,109550,1.81459,95.29,0.857,9.80,91.0,25.0,0.0
1787958372.0,35.65,1052.2,3,1.000,1.000,1.0000,100,False,False,D,False,77.5,13.71,109550,1.81654,95.29,0.857,9.81,91.0,25.0,0.0
1787958372.2,35.22,1039.5,3,1.000,1.000,1.0000,100,False,False,D,False,77.5,13.71,109550,1.81849,95.29,0.857,9.82,91.0,25.0,0.0
1787958372.4,35.08,1025.5,3,1.000,1.000,1.0000,100,False,False,D,False,77.5,13.71,109550,1.82044,95.29,0.891,9.83,91.0,25.0,0.0
1787958372.6,34.83,1014.0,3,1.000,1.000,1.0000,100,False,False,D,False,77.5,13.71,109550,1.82238,95.29,0.870,9.85,91.0,25.0,0.0
1787958372.8,34.62,1002.0,3,1.000,1.000,1.0000,100,False,False,D,False,77.5,13.71,109550,1.82433,95.29,0.870,9.86,91.0,25.0,0.0
1787958373.0,34.28,983.5,3,1.000,1.000,1.0000,100,False,False,D,False,77.5,13.71,109550,1.82628,95.29,0.870,9.87,91.0,25.0,0.0
1787958373.2,34.03,968.8,3,1.000,1.000,1.0000,100,False,False,D,False,77.5,13.71,109550,1.82822,95.29,0.870,9.88,91.0,25.0,0.0
1787958373.4,33.70,958.0,3,1.000,1.000,1.0000,100,False,False,D,False,77.5,13.71,109550,1.83017,95.29,0.870,9.89,91.0,25.0,0.0
1787958373.6,33.48,957.8,3,1.000,1.000,1.0000,100,False,False,D,False,77.5,13.71,109550,1.83173,95.29,0.857,9.90,91.0,26.0,1.0
1787958373.8,33.38,1004.5,3,1.000,1.000,1.0000,100,False,False,D,False,77.5,13.73,109550,1.83367,95.29,1.189,9.91,91.0,26.0,3.0
1787958374.0,33.13,1174.8,3,1.000,1.000,1.0000,100,False,False,D,False,77.5,13.79,109550,1.83562,95.29,1.256,9.92,91.0,28.0,3.0
1787958374.2,33.03,1292.2,3,1.000,1.000,1.0000,98.79313343520828,False,False,D,False,77.5,13.79,109550,1.83835,95.29,1.312,9.93,91.0,29.0,4.0
1787958374.4,33.16,1311.0,3,1.000,1.000,1.0000,97.77826009035395,False,False,D,False,77.5,13.79,109550,1.84029,95.29,1.341,9.94,91.0,30.0,4.0
1787958374.6,32.64,1311.0,3,1.000,1.000,1.0000,96.25231770203193,False,False,D,False,77.5,13.79,109550,1.84185,95.29,1.388,9.95,91.0,31.0,4.0
1787958374.8,32.60,1304.2,3,1.000,1.000,1.0000,96.61708343883086,False,False,D,False,77.5,13.79,109550,1.84380,95.29,1.498,9.96,91.0,31.0,5.0
1787958375.0,32.57,1308.0,3,1.000,1.000,1.0000,96.26619882046491,False,False,D,False,77.5,13.79,109550,1.84575,95.29,1.528,9.96,91.0,32.0,5.0
1787958375.2,32.68,1317.0,3,1.000,1.000,1.0000,95.91654421599222,False,False,D,False,77.5,13.79,109550,1.84730,95.29,1.596,9.97,91.0,33.0,5.0
1787958375.4,32.70,1323.0,3,1.000,1.000,1.0000,95.5545969390694,False,False,D,False,77.5,13.79,109550,1.84925,95.29,1.579,9.97,91.0,33.0,5.0
1787958375.6,32.69,1327.0,3,1.000,1.000,1.0000,95.21558525835711,False,False,D,False,77.5,13.79,109550,1.85081,94.12,1.579,9.98,91.0,34.0,5.0
1787958375.8,32.51,1325.5,3,1.000,1.000,1.0000,94.80567047194094,False,False,D,False,77.5,13.74,109550,1.85275,95.29,1.651,9.98,91.0,34.0,5.0
1787958376.0,32.72,1327.8,3,1.000,1.000,1.0000,95.24914574231018,False,False,D,False,77.5,13.74,109550,1.85470,95.29,1.634,9.99,91.0,34.0,5.0
1787958376.2,32.69,1336.8,3,1.000,1.000,1.0000,94.52833060754259,False,False,D,False,77.5,13.74,109550,1.85626,95.29,1.689,9.99,91.0,34.0,6.0
1787958376.4,32.65,1330.8,3,1.000,1.000,1.0000,94.83833711136523,False,False,D,False,77.5,13.74,109550,1.85821,95.29,1.689,10.00,91.0,35.0,6.0
1787958376.6,32.44,1340.5,3,1.000,1.000,1.0000,93.53573402355033,False,False,D,False,77.5,13.74,109550,1.86015,95.29,1.889,10.00,91.0,36.0,7.0
1787958376.8,32.50,1344.8,3,1.000,1.000,1.0000,93.41978732358199,False,False,D,False,77.5,13.74,109550,1.86171,95.29,1.944,10.01,91.0,37.0,7.0
1787958377.0,32.89,1361.2,3,1.000,1.000,1.0000,93.4091597330648,False,False,D,False,77.5,13.73,109550,1.86366,95.29,2.055,10.01,91.0,39.0,7.0
1787958377.3,32.71,1358.5,3,1.000,1.000,1.0000,93.07892871237904,False,False,D,False,77.5,13.73,109550,1.86560,95.29,1.078,10.02,91.0,39.0,0.0
1787958377.5,32.76,1285.0,3,1.000,1.000,1.0000,98.56083657075,False,False,D,False,77.5,13.73,109550,1.86716,95.29,0.879,10.03,91.0,39.0,0.0
1787958377.7,32.66,1222.0,3,1.000,1.000,1.0000,100,False,False,D,False,77.5,13.73,109550,1.86911,95.29,0.836,10.04,91.0,28.0,0.0
1787958377.9,32.33,1160.2,3,1.000,1.000,1.0000,100,False,False,D,False,77.5,13.73,109550,1.87067,95.29,0.849,10.04,91.0,26.0,0.0
1787958378.1,32.25,1077.8,3,1.000,1.000,1.0000,100,False,False,D,False,77.5,13.73,109550,1.87261,95.29,0.849,10.05,91.0,24.0,0.0
1787958378.3,32.17,1007.8,3,1.000,1.000,1.0000,100,False,False,D,False,77.5,13.73,109550,1.87456,95.29,0.989,10.07,91.0,25.0,0.0
1787958378.5,32.02,971.2,3,1.000,1.000,1.0000,100,False,False,D,False,77.5,13.73,109550,1.87612,95.29,0.938,10.07,91.0,26.0,0.0
1787958378.7,31.62,948.5,3,1.000,1.000,1.0000,100,False,False,D,False,77.5,13.73,109550,1.87806,95.29,0.891,10.08,91.0,26.0,0.0
1787958378.9,31.62,921.5,3,1.000,1.000,1.0000,100,False,False,D,False,77.5,13.73,109550,1.87962,95.29,0.917,10.09,91.0,26.0,0.0
1787958379.1,31.35,898.8,3,1.000,1.000,1.0000,100,False,False,D,False,77.5,13.73,109550,1.88157,95.29,0.904,10.10,91.0,27.0,0.0
1787958379.3,31.10,880.8,3,1.000,1.000,1.0000,100,False,False,D,False,77.5,13.73,109550,1.88313,95.29,0.836,10.11,91.0,27.0,0.0
1787958379.5,30.92,874.8,3,1.000,1.000,1.0000,100,False,False,D,False,77.5,13.73,109550,1.88468,95.29,0.828,10.12,91.0,27.0,0.0
1787958379.7,30.87,871.2,3,1.000,1.000,1.0000,100,False,False,D,False,77.5,13.73,109550,1.88663,95.29,0.828,10.13,91.0,27.0,0.0
1787958379.9,30.62,872.0,3,1.000,1.000,1.0000,100,False,False,D,False,77.5,13.73,109550,1.88819,95.29,0.828,10.14,91.0,27.0,0.0
1787958380.1,30.47,871.8,3,1.000,1.000,1.0000,100,False,False,D,False,77.5,13.73,109550,1.88975,95.29,0.807,10.15,91.0,27.0,0.0
1787958380.3,30.23,846.0,3,1.000,1.000,1.0000,100,False,False,D,False,77.5,13.71,109550,1.89247,95.29,0.828,10.16,91.0,27.0,0.0
1787958380.5,30.14,838.5,3,1.000,1.000,1.0000,100,False,False,D,False,77.5,13.71,109550,1.89481,95.29,0.828,10.17,91.0,27.0,0.0
1787958380.7,29.91,838.2,3,1.000,1.000,1.0000,100,False,False,D,False,77.5,13.71,109550,1.89637,95.29,0.815,10.18,91.0,28.0,0.0
1787958380.9,29.54,825.2,3,1.000,1.000,1.0000,100,False,False,D,False,77.5,13.71,109550,1.89831,95.29,0.815,10.19,91.0,28.0,0.0
1787958381.1,29.28,834.5,3,1.000,1.000,1.0000,100,False,False,D,False,77.5,13.71,109550,1.89987,95.29,0.815,10.20,91.0,28.0,0.0
1787958381.3,28.70,818.2,3,1.000,1.000,1.0000,100,False,False,D,False,77.5,13.71,109550,1.90143,95.29,0.815,10.21,91.0,28.0,0.0
1787958381.5,27.90,816.0,3,1.000,1.000,1.0000,100,False,False,D,False,77.5,13.71,109550,1.90299,95.29,0.764,10.22,91.0,29.0,0.0
1787958381.7,27.14,804.2,3,1.000,1.000,1.0000,100,False,False,D,False,77.5,13.71,109550,1.90454,95.29,0.857,10.23,91.0,29.0,0.0
1787958381.9,26.55,794.8,3,1.000,1.000,1.0000,100,False,False,D,False,77.5,13.71,109550,1.90610,95.29,0.828,10.23,91.0,29.0,0.0
1787958382.1,25.84,782.5,3,1.000,1.000,1.0000,100,False,False,D,False,77.5,13.71,109550,1.90727,95.29,0.828,10.24,91.0,30.0,0.0
1787958382.3,25.06,779.0,3,1.000,1.000,1.0000,100,False,False,D,False,77.5,13.71,109550,1.90883,95.29,0.815,10.25,91.0,30.0,0.0
1787958382.5,24.39,767.8,3,1.000,1.000,1.0000,100,False,False,D,False,77.5,13.71,109550,1.91038,92.94,0.815,10.26,91.0,30.0,0.0
1787958382.7,23.54,768.2,3,1.000,1.000,1.0000,100,False,False,D,False,77.5,13.71,109550,1.91155,94.12,0.815,10.26,91.0,31.0,0.0
1787958382.9,22.78,747.5,3,1.000,1.000,1.0000,100,False,False,D,False,77.5,13.71,109550,1.91272,95.29,0.815,10.27,91.0,31.0,0.0
1787958383.1,22.02,750.2,3,1.000,1.000,1.0000,100,False,False,D,False,77.5,13.71,109550,1.91389,95.29,0.828,10.28,91.0,31.0,0.0
1787958383.3,21.14,750.5,3,1.010,1.000,1.0100,100,False,False,D,False,77.5,13.72,109550,1.91506,95.29,0.807,10.28,91.0,31.0,0.0
1787958383.6,20.40,741.5,3,1.000,1.000,1.0000,100,False,False,D,False,77.5,13.72,109550,1.91622,95.29,0.815,10.29,91.0,32.0,0.0
1787958383.8,19.71,743.2,3,1.000,1.000,1.0000,0,False,False,D,False,77.5,13.73,109550,1.91739,95.29,0.815,10.30,91.0,32.0,0.0
1787958384.0,18.95,733.0,3,1.000,1.000,1.0000,0,False,False,D,False,77.5,13.73,109550,1.91856,93.73,0.815,10.30,91.0,32.0,0.0
1787958384.2,18.27,724.5,3,1.000,1.000,1.0000,0,False,False,D,False,77.5,13.73,109550,1.91973,95.29,0.828,10.31,91.0,32.0,0.0
1787958384.4,17.85,717.0,3,1.000,1.000,1.0000,0,False,False,D,False,77.5,13.73,109550,1.92051,95.29,0.794,10.31,91.0,32.0,0.0
1787958384.6,17.45,712.2,3,1.000,1.000,1.0000,0,False,False,D,False,77.5,13.73,109550,1.92168,95.29,0.828,10.32,91.0,32.0,0.0
1787958384.8,16.95,710.2,3,1.000,1.000,1.0000,0,False,False,D,False,77.5,13.73,109550,1.92245,95.29,0.836,10.32,91.0,33.0,0.0
1787958385.0,16.44,710.0,3,1.000,1.000,1.0000,0,False,False,D,False,77.5,13.73,109550,1.92362,95.29,1.329,10.33,91.0,36.0,0.0
1787958385.2,15.56,731.5,3,1.010,1.000,1.0100,0,False,False,D,False,77.5,13.73,109550,1.92440,94.12,1.121,10.33,91.0,38.0,0.0
1787958385.4,14.55,725.5,3,0.980,1.000,0.9800,0,False,False,D,False,77.5,13.73,109550,1.92518,94.12,0.930,10.34,91.0,39.0,0.0
1787958385.6,13.36,720.0,3,0.990,1.000,0.9900,0,False,False,D,False,77.5,13.73,109550,1.92596,95.29,1.053,10.34,91.0,39.0,0.0
1787958385.8,12.28,718.2,3,1.010,1.000,1.0100,0,False,False,D,False,77.5,13.73,109550,1.92674,95.29,0.989,10.35,91.0,39.0,0.0
1787958386.0,10.78,712.2,1,1.040,2.816,0.3693,0,False,False,D,True,77.5,13.73,109550,1.92791,94.12,0.989,10.35,91.0,39.0,0.0
1787958386.2,9.74,700.8,1,0.960,2.816,0.3409,0,False,False,D,True,77.5,13.73,109550,1.92830,92.94,1.053,10.35,91.0,40.0,0.0
1787958386.4,8.66,698.5,1,1.070,2.816,0.3800,0,False,False,D,True,77.5,13.65,109550,1.92868,95.29,1.121,10.35,91.0,41.0,0.0
1787958386.6,7.74,701.0,1,1.090,2.816,0.3871,0,False,False,D,True,77.5,13.65,109550,1.92946,95.29,1.040,10.35,91.0,42.0,0.0
1787958386.8,7.13,709.8,1,1.450,2.816,0.5149,0,False,False,D,True,77.5,13.65,109550,1.92985,94.12,1.015,10.35,91.0,42.0,0.0
1787958387.0,6.86,719.2,1,1.800,2.816,0.6392,0,False,False,D,True,77.5,13.65,109550,1.93024,95.29,0.964,10.35,91.0,41.0,0.0
1787958387.2,6.67,723.5,1,2.160,2.816,0.7670,0,False,False,D,True,77.5,13.65,109550,1.93063,95.29,0.951,10.35,91.0,40.0,0.0
1787958387.4,6.55,727.5,1,2.470,2.816,0.8771,0,False,False,D,True,77.5,13.65,109550,1.93102,95.29,0.930,10.35,91.0,39.0,0.0
1787958387.6,6.38,733.2,1,2.690,2.816,0.9553,0,False,False,D,False,77.5,13.65,109550,1.93102,95.29,0.857,10.35,91.0,38.0,0.0
1787958387.8,6.31,735.2,1,2.810,2.816,0.9979,0,False,False,D,False,77.5,13.65,109550,1.93141,95.29,0.828,10.35,91.0,37.0,0.0
1787958388.0,6.29,723.2,1,2.830,2.816,1.0050,0,False,False,D,False,77.5,13.65,109550,1.93180,95.29,0.785,10.34,91.0,37.0,0.0
1787958388.2,6.31,723.5,1,2.820,2.816,1.0014,0,False,False,D,False,77.5,13.65,109550,1.93219,95.29,0.828,10.34,91.0,35.0,0.0
1787958388.4,6.33,721.2,1,2.820,2.816,1.0014,0,False,False,D,False,77.5,13.65,109550,1.93258,95.29,0.828,10.34,91.0,35.0,0.0
1787958388.6,6.33,720.8,1,2.810,2.816,0.9979,0,False,False,D,False,77.5,13.65,109550,1.93297,95.29,0.836,10.34,91.0,34.0,0.0
1787958388.8,6.36,720.8,1,2.820,2.816,1.0014,0,False,False,D,False,77.5,13.65,109550,1.93336,95.29,0.857,10.34,91.0,34.0,0.0
1787958389.1,6.36,722.2,1,2.820,2.816,1.0014,0,False,False,D,False,77.5,13.65,109550,1.93375,95.29,1.104,10.34,91.0,34.0,7.0
1787958389.3,6.32,755.0,1,2.800,2.816,0.9943,0,False,False,D,False,77.5,13.65,109550,1.93414,95.29,2.449,10.34,91.0,44.0,10.0
1787958389.5,6.55,954.5,1,2.820,2.816,1.0014,0,False,False,D,False,77.5,13.81,109550,1.93453,95.29,2.386,10.33,91.0,51.0,10.0
1787958389.7,6.94,1154.0,1,2.820,2.816,1.0014,0,False,False,D,False,77.5,13.81,109550,1.93492,95.29,2.428,10.33,91.0,56.0,10.0
1787958389.9,7.64,1259.2,1,2.820,2.816,1.0014,0,False,False,D,False,77.5,13.81,109550,1.93530,95.29,2.517,10.32,91.0,57.0,11.0
1787958390.1,8.31,1302.0,1,2.810,2.816,0.9979,0,False,False,D,False,77.5,13.81,109550,1.93569,95.29,2.611,10.32,91.0,55.0,11.0
1787958390.3,8.93,1313.8,1,2.820,2.816,1.0014,0,False,False,D,False,77.5,13.81,109550,1.93608,95.29,2.611,10.31,91.0,53.0,11.0
1787958390.5,9.52,1330.2,1,2.810,2.816,0.9979,0,False,False,D,False,77.5,13.81,109550,1.93647,95.29,2.679,10.30,91.0,53.0,11.0
1787958390.7,10.01,1347.0,1,2.820,2.816,1.0014,0,False,False,D,False,77.5,13.81,109550,1.93686,95.29,2.772,10.30,91.0,52.0,11.0
1787958390.9,10.54,1377.5,1,2.820,2.816,1.0014,0,False,False,D,False,77.5,13.81,109550,1.93764,95.29,2.912,10.29,91.0,52.0,13.0
1787958391.1,11.13,1425.8,1,2.830,2.816,1.0050,0,False,False,D,False,77.5,13.81,109550,1.93803,95.29,3.366,10.29,91.0,55.0,15.0
1787958391.3,11.68,1515.8,1,2.810,2.816,0.9979,0,False,False,D,False,77.5,13.81,109550,1.93881,95.29,4.067,10.28,91.0,59.0,17.0
1787958391.5,12.36,1639.8,1,2.820,2.816,1.0014,0,False,False,D,False,77.5,13.81,109550,1.93959,95.29,4.780,10.27,91.0,64.0,20.0
1787958391.7,13.53,1790.2,1,2.820,2.816,1.0014,0,False,False,D,False,77.5,13.81,109550,1.94037,95.29,5.170,10.25,91.0,71.0,21.0
1787958391.9,14.48,1882.0,1,2.820,2.816,1.0014,0,False,False,D,False,77.5,13.81,109550,1.94115,95.29,5.425,10.24,91.0,73.0,21.0
1787958392.1,15.43,1947.2,1,2.830,2.816,1.0050,0,False,False,D,False,77.5,13.81,109550,1.94192,95.29,5.692,10.23,91.0,73.0,22.0
1787958392.3,16.55,2039.2,1,2.820,2.816,1.0014,0,False,False,D,False,77.5,13.81,109550,1.94309,95.29,5.854,10.22,91.0,72.0,22.0
1787958392.5,17.29,2123.0,2,0.270,1.498,0.1802,0,False,False,D,True,77.5,13.66,109550,1.94387,95.29,5.892,10.21,91.0,72.0,22.0
1787958392.7,18.28,2204.8,2,0.260,1.498,0.1736,0,False,False,D,True,77.5,13.66,109550,1.94504,95.29,6.185,10.19,91.0,71.0,22.0
1787958392.9,19.21,2273.8,2,0.260,1.498,0.1736,0,False,False,D,True,77.5,13.66,109550,1.94582,95.29,6.227,10.18,91.0,70.0,22.0
1787958393.1,19.97,2355.5,2,0.260,1.498,0.1736,0,False,False,D,True,77.5,13.66,109550,1.94699,95.29,6.401,10.17,91.0,69.0,22.0
1787958393.3,20.70,2392.8,2,0.250,1.498,0.1669,0,False,False,D,True,77.5,13.66,109550,1.94815,95.29,6.401,10.15,91.0,68.0,22.0
1787958393.5,21.14,2094.2,2,2.300,1.498,1.5354,0,False,False,D,True,77.5,13.66,109550,1.94932,95.29,6.401,10.14,91.0,69.0,22.0
1787958393.7,22.03,1770.5,2,1.830,1.498,1.2216,0,False,False,D,True,77.5,13.66,109550,1.95049,95.29,6.227,10.13,91.0,72.0,22.0
1787958393.9,22.61,1851.5,2,1.570,1.498,1.0481,0,False,False,D,True,77.5,13.66,109550,1.95166,95.29,5.773,10.12,91.0,76.0,22.0
1787958394.1,23.55,1872.2,2,1.490,1.498,0.9947,72.8399032635401,False,False,D,False,77.5,13.66,109550,1.95283,95.29,5.811,10.11,91.0,77.0,22.0
1787958394.3,24.23,1885.0,2,1.500,1.498,1.0013,74.4208659884567,False,False,D,False,77.5,13.66,109550,1.95438,95.29,5.854,10.10,91.0,77.0,22.0
1787958394.5,24.90,1901.2,2,1.500,1.498,1.0013,75.85594221669412,False,False,D,False,77.5,13.66,109550,1.95555,95.29,5.854,10.09,91.0,76.0,22.0
1787958394.7,25.70,1911.2,2,1.490,1.498,0.9947,77.87537617933594,False,False,D,False,77.5,13.66,109550,1.95711,95.29,5.501,10.08,91.0,76.0,22.0
1787958394.9,26.18,1923.5,2,1.500,1.498,1.0013,78.81697084641608,False,False,D,False,77.5,13.66,109550,1.95828,95.29,5.811,10.07,91.0,76.0,22.0
1787958395.1,26.85,1938.0,2,1.490,1.498,0.9947,80.2292635077339,False,False,D,False,77.5,13.66,109550,1.95984,95.29,5.892,10.06,91.0,76.0,22.0
1787958395.3,27.50,1955.2,3,1.500,1.000,1.5000,81.00632684368031,False,False,D,True,77.5,13.66,109550,1.96139,95.29,6.057,10.05,91.0,76.0,22.0
1787958395.6,28.24,1972.2,3,1.490,1.000,1.4900,81.00632684368031,False,False,D,True,77.5,13.72,109550,1.96295,95.29,5.973,10.04,91.0,75.0,23.0
1787958395.8,28.62,1948.8,3,1.440,1.000,1.4400,81.00632684368031,False,False,D,True,77.5,13.72,109550,1.96451,95.29,6.057,10.03,91.0,75.0,22.0
1787958396.0,29.12,1827.8,3,1.190,1.000,1.1900,81.00632684368031,False,False,D,True,77.5,13.72,109550,1.96607,95.29,5.973,10.02,91.0,76.0,23.0
1787958396.2,29.66,1805.2,3,1.000,1.000,1.0000,63.51323997710314,False,False,D,False,77.5,13.72,109550,1.96762,95.29,5.692,10.01,91.0,77.0,23.0
1787958396.4,30.32,1830.2,3,1.000,1.000,1.0000,64.03969520116917,False,False,D,False,77.5,13.72,109550,1.96918,95.29,5.731,10.00,91.0,78.0,23.0
1787958396.6,30.75,1838.8,3,1.000,1.000,1.0000,64.65293071493026,False,False,D,False,77.5,13.72,109550,1.97113,95.29,5.692,10.00,91.0,78.0,23.0
1787958396.8,31.13,1842.5,3,1.000,1.000,1.0000,65.30812571016767,False,False,D,False,77.5,13.72,109550,1.97269,95.29,5.650,9.99,91.0,78.0,23.0
1787958397.0,31.66,1846.0,3,1.000,1.000,1.0000,66.29417854877445,False,False,D,False,77.5,13.72,109550,1.97424,95.29,5.811,9.98,91.0,78.0,23.0
1787958397.2,32.26,1858.5,3,1.000,1.000,1.0000,67.09110666101394,False,False,D,False,77.5,13.72,109550,1.97619,95.29,5.773,9.97,91.0,78.0,23.0
1787958397.4,32.76,1866.8,3,1.000,1.000,1.0000,67.84554707026317,False,False,D,False,77.5,13.72,109550,1.97814,95.29,5.692,9.97,91.0,78.0,23.0
1787958397.6,33.28,1870.0,3,1.000,1.000,1.0000,68.80776153373759,False,False,D,False,77.5,13.72,109550,1.97969,95.29,5.692,9.96,91.0,78.0,23.0
1787958397.8,33.84,1828.5,3,1.000,1.000,1.0000,71.55335940369454,False,False,D,False,77.5,13.74,109550,1.98164,95.29,3.587,9.96,91.0,75.0,13.0
1787958398.0,34.27,1672.8,3,1.000,1.000,1.0000,79.18632214666276,False,False,D,False,77.5,13.74,109550,1.98437,95.29,3.561,9.96,91.0,62.0,13.0
1787958398.2,34.49,1597.0,3,1.000,1.000,1.0000,83.49303183091193,False,False,D,False,77.5,13.74,109550,1.98631,95.29,3.451,9.96,91.0,61.0,13.0
1787958398.4,34.41,1568.8,3,1.000,1.000,1.0000,84.80559584279999,False,False,D,False,77.5,13.74,109550,1.98826,95.29,3.506,9.96,91.0,60.0,13.0
1787958398.6,34.83,1573.0,3,1.000,1.000,1.0000,85.58405846941913,False,False,D,False,77.5,13.74,109550,1.99021,95.29,3.396,9.96,91.0,60.0,13.0
1787958398.8,35.04,1588.8,3,1.000,1.000,1.0000,85.26484231525524,False,False,D,False,77.5,13.75,109550,1.99216,95.29,3.451,9.96,91.0,60.0,14.0
1787958399.0,34.87,1597.8,3,1.000,1.000,1.0000,84.37324093660318,False,False,D,False,77.5,13.75,109550,1.99488,95.29,3.561,9.96,91.0,60.0,14.0
1787958399.2,35.25,1606.0,3,1.000,1.000,1.0000,84.85449537917125,False,False,D,False,77.5,13.75,109550,1.99683,95.29,3.506,9.96,91.0,61.0,14.0
1787958399.4,35.50,1615.2,3,1.000,1.000,1.0000,84.9728612041556,False,False,D,False,77.5,13.75,109550,1.99877,95.29,3.672,9.96,91.0,61.0,14.0
1787958399.6,35.84,1621.8,3,1.000,1.000,1.0000,85.4189005066438,False,False,D,False,77.5,13.75,109550,2.00072,95.29,3.587,9.96,91.0,61.0,14.0
1787958399.8,35.87,1636.0,3,1.000,1.000,1.0000,84.75167348407993,False,False,D,False,77.5,13.75,109550,2.00267,95.29,3.702,9.96,91.0,62.0,14.0
1787958400.0,36.12,1647.2,3,1.000,1.000,1.0000,84.77715034427287,False,False,D,False,77.5,13.75,109550,2.00462,95.29,3.880,9.96,91.0,63.0,15.0
1787958400.2,36.26,1660.8,3,1.000,1.000,1.0000,84.40806714026935,False,False,D,False,77.5,13.75,109550,2.00656,95.29,3.820,9.96,91.0,63.0,15.0
1787958400.4,36.44,1664.8,3,1.000,1.000,1.0000,84.60581728601835,False,False,D,False,77.5,13.75,109550,2.00851,95.29,3.820,9.96,91.0,64.0,9.0
1787958400.6,36.13,1569.8,3,1.000,1.000,1.0000,88.98114592131331,False,False,D,False,77.5,13.75,109550,2.01046,95.29,1.133,9.97,91.0,51.0,0.0
1787958400.8,36.46,1440.5,3,1.000,1.000,1.0000,97.85063633920082,False,False,D,False,77.5,13.75,109550,2.01279,95.29,1.078,9.98,91.0,39.0,0.0
1787958401.0,36.38,1345.0,3,1.000,1.000,1.0000,100,False,False,D,False,77.5,13.75,109550,2.01474,95.29,1.002,9.99,91.0,32.0,0.0
1787958401.3,36.22,1235.0,3,1.000,1.000,1.0000,100,False,False,D,False,77.5,13.75,109550,2.01669,95.29,0.989,10.00,91.0,29.0,0.0
1787958401.5,35.81,1053.0,3,1.000,1.000,1.0000,100,False,False,D,False,77.5,13.75,109550,2.01863,95.29,1.579,10.01,91.0,29.0,0.0
1787958401.7,35.45,1014.0,3,1.000,1.000,1.0000,100,False,False,D,False,77.5,13.75,109550,2.02058,95.29,1.418,10.02,91.0,34.0,0.0
1787958401.9,35.22,1013.0,3,1.000,1.000,1.0000,100,False,False,D,False,77.5,13.35,109550,2.02253,95.29,1.201,10.03,91.0,34.0,0.0
1787958402.1,34.85,956.8,3,1.000,1.000,1.0000,100,False,False,D,False,77.5,13.35,109550,2.02447,95.29,1.358,10.04,91.0,34.0,0.0
1787958402.3,34.47,920.2,3,1.000,1.000,1.0000,100,False,False,D,False,77.5,13.35,109550,2.02642,95.29,1.269,10.05,91.0,36.0,0.0
1787958402.5,34.22,907.5,3,1.000,1.000,1.0000,100,False,False,D,False,77.5,13.35,109550,2.02837,95.29,1.244,10.06,91.0,36.0,0.0
1787958402.7,34.02,888.5,3,1.000,1.000,1.0000,100,False,False,D,False,77.5,13.35,109550,2.03031,95.29,1.244,10.07,91.0,37.0,0.0
1787958402.9,33.53,863.8,3,1.000,1.000,1.0000,100,False,False,D,False,77.5,13.35,109550,2.03226,95.29,1.244,10.08,91.0,37.0,0.0
1787958403.1,33.34,833.0,3,1.000,1.000,1.0000,100,False,False,D,False,77.5,13.35,109550,2.03382,95.29,1.312,10.08,91.0,38.0,3.0
1787958403.3,33.17,997.0,3,1.000,1.000,1.0000,100,False,False,D,False,77.5,13.35,109550,2.03577,95.29,1.855,10.09,91.0,39.0,6.0
1787958403.5,32.89,1236.2,3,1.000,1.000,1.0000,100,False,False,D,False,77.5,13.35,109550,2.03771,95.29,2.195,10.09,91.0,39.0,7.0
1787958403.7,32.87,1373.0,3,1.000,1.000,1.0000,92.53234622499248,False,False,D,False,77.5,13.35,109550,2.03927,95.29,2.364,10.10,91.0,45.0,9.0
1787958403.9,32.72,1368.2,3,1.000,1.000,1.0000,92.44391146569541,False,False,D,False,77.5,13.35,109550,2.04122,95.29,2.364,10.10,91.0,46.0,12.0
1787958404.1,32.69,1416.2,3,1.000,1.000,1.0000,89.22888631345118,False,False,D,False,77.5,13.35,109550,2.04394,95.29,3.561,10.10,91.0,56.0,14.0
1787958404.3,32.73,1476.2,3,1.000,1.000,1.0000,85.70050788708949,False,False,D,False,77.5,13.35,109550,2.04589,95.29,3.880,10.10,91.0,62.0,15.0
1787958404.5,32.82,1523.5,3,1.000,1.000,1.0000,83.27729171949196,False,False,D,False,77.5,13.35,109550,2.04745,95.29,4.194,10.10,91.0,65.0,16.0
1787958404.7,33.07,1576.0,3,1.000,1.000,1.0000,81.11636047837348,False,False,D,False,77.5,13.35,109550,2.04939,95.29,4.546,10.10,91.0,72.0,18.0
1787958404.9,33.03,1623.2,3,1.000,1.000,1.0000,78.65994473139276,False,False,D,False,77.5,13.77,109550,2.05134,95.29,4.712,10.09,91.0,75.0,18.0
1787958405.1,33.23,1650.0,3,1.000,1.000,1.0000,77.86498668620314,False,False,D,False,77.5,13.77,109550,2.05290,95.29,4.852,10.09,91.0,76.0,18.0
1787958405.3,33.40,1664.5,3,1.000,1.000,1.0000,77.56407789051433,False,False,D,False,77.5,13.77,109550,2.05485,95.29,5.132,10.08,91.0,77.0,19.0
1787958405.5,33.77,1676.8,3,1.000,1.000,1.0000,77.86773056177708,False,False,D,False,77.5,13.77,109550,2.05679,95.29,4.954,10.08,91.0,77.0,19.0
1787958405.7,33.91,1689.2,3,1.000,1.000,1.0000,77.61190949821,False,False,D,False,77.5,13.77,109550,2.05874,95.29,5.204,10.07,91.0,77.0,19.0
1787958405.9,34.34,1703.0,3,1.000,1.000,1.0000,77.93864992426653,False,False,D,False,77.5,13.77,109550,2.06030,95.29,5.098,10.07,91.0,77.0,19.0
1787958406.1,34.38,1706.2,3,1.000,1.000,1.0000,77.89214842683934,False,False,D,False,77.5,13.77,109550,2.06224,95.29,5.098,10.06,91.0,77.0,19.0
1787958406.3,34.78,1708.0,3,1.000,1.000,1.0000,78.72332016505872,False,False,D,False,77.5,13.77,109550,2.06419,95.29,5.242,10.06,91.0,77.0,19.0
1787958406.5,34.75,1710.2,3,1.000,1.000,1.0000,78.54064061793446,False,False,D,False,77.5,13.77,109550,2.06614,95.29,5.204,10.05,91.0,77.0,19.0
1787958406.7,34.94,1722.5,3,1.000,1.000,1.0000,78.40848624271005,False,False,D,False,77.5,13.77,109550,2.06809,95.29,5.170,10.05,91.0,77.0,19.0
1787958406.9,35.49,1731.0,3,1.000,1.000,1.0000,79.25732423411677,False,False,D,False,78.4,13.77,109550,2.07003,95.29,5.315,10.04,91.0,77.0,19.0
1787958407.1,35.75,1732.0,3,1.000,1.000,1.0000,79.79186814994085,False,False,D,False,78.4,13.77,109550,2.07198,95.29,5.353,10.04,91.0,77.0,19.0
1787958407.3,35.98,1735.8,3,1.000,1.000,1.0000,80.13728688026457,False,False,D,False,78.4,13.77,109550,2.07393,95.29,5.204,10.03,91.0,77.0,20.0
1787958407.6,36.45,1750.5,3,1.000,1.000,1.0000,80.48339990520988,False,False,D,False,78.4,13.77,109550,2.07587,95.29,5.204,10.03,91.0,77.0,20.0
1787958407.8,36.80,1759.5,3,1.000,1.000,1.0000,80.8461824875484,False,False,D,False,78.4,13.74,109550,2.07782,95.29,5.387,10.02,91.0,77.0,20.0
1787958408.0,37.09,1758.8,3,1.000,1.000,1.0000,81.51258154541728,False,False,D,False,78.4,13.71,109550,2.08016,95.29,5.425,10.02,91.0,77.0,20.0
1787958408.2,37.37,1658.8,3,1.000,1.000,1.0000,87.09087155832472,False,False,D,False,78.4,13.71,109550,2.08210,95.29,5.387,10.01,91.0,77.0,20.0
1787958408.4,37.78,1542.2,3,1.000,1.000,1.0000,94.7238249621774,True,False,D,False,78.4,13.71,109550,2.08405,95.29,5.060,10.01,91.0,79.0,20.0
1787958408.6,38.09,1500.2,3,1.000,1.000,1.0000,98.24293339893785,True,False,D,False,78.4,13.71,109550,2.08639,95.29,4.780,10.01,91.0,81.0,20.0
1787958408.8,38.40,1512.8,3,1.000,1.000,1.0000,98.24654737434125,True,False,D,False,78.4,13.71,109550,2.08833,95.29,4.780,10.00,91.0,82.0,20.0
1787958409.0,38.78,1501.2,3,1.000,1.000,1.0000,99.9986101495995,True,False,D,False,78.4,13.71,109550,2.09028,95.29,4.614,10.00,91.0,82.0,20.0
1787958409.2,39.24,1515.0,3,1.000,1.000,1.0000,100,True,False,D,False,78.4,13.71,109550,2.09262,95.29,4.712,10.00,91.0,82.0,21.0
1787958409.4,39.55,1530.8,3,1.000,1.000,1.0000,100,True,False,D,False,78.4,13.71,109550,2.09573,95.29,4.746,10.00,91.0,82.0,21.0
1787958409.6,39.94,1544.0,3,1.000,1.000,1.0000,100,True,False,D,False,78.4,13.71,109550,2.09768,95.29,4.746,10.00,91.0,82.0,21.0
1787958409.8,40.13,1555.0,3,1.000,1.000,1.0000,99.89458700404167,True,False,D,False,78.4,13.71,109550,2.10002,95.29,4.852,10.00,91.0,81.0,21.0
1787958410.0,40.82,1575.2,3,1.000,1.000,1.0000,100,True,False,D,False,78.4,13.71,109550,2.10235,95.29,4.814,9.99,91.0,81.0,21.0
1787958410.2,41.32,1604.2,3,1.000,1.000,1.0000,99.70418377587414,True,False,D,False,78.4,13.71,109550,2.10547,95.29,4.814,9.99,91.0,81.0,21.0
1787958410.4,41.34,1607.8,3,1.000,1.000,1.0000,99.54238453589033,True,False,D,False,78.4,13.71,109550,2.10780,95.29,4.814,9.99,91.0,80.0,12.0
1787958410.6,41.88,1614.8,3,1.000,1.000,1.0000,100,True,False,D,False,78.4,13.71,109550,2.11014,95.29,1.299,10.00,91.0,64.0,1.0
1787958410.8,41.85,1617.0,3,1.000,1.000,1.0000,100,True,False,D,False,78.4,13.71,109550,2.11248,95.29,1.269,10.01,91.0,44.0,2.0
1787958411.0,41.95,1613.2,3,1.000,1.000,1.0000,100,True,False,D,False,78.4,13.77,109550,2.11481,95.29,1.388,10.02,91.0,34.0,3.0
1787958411.2,41.81,1637.0,3,1.000,1.000,1.0000,98.85010564908997,False,False,D,False,78.4,13.77,109550,2.11715,94.12,1.689,10.03,91.0,31.0,6.0
1787958411.4,41.93,1649.0,3,1.000,1.000,1.0000,98.3889060280968,False,False,D,False,78.4,13.77,109550,2.11948,95.29,1.689,10.04,91.0,31.0,7.0
1787958411.6,41.72,1668.5,3,1.000,1.000,1.0000,96.7577542304543,False,False,D,False,78.4,13.77,109550,2.12182,95.29,2.152,10.04,91.0,32.0,9.0
1787958411.8,41.76,1694.5,3,1.000,1.000,1.0000,95.36447730034219,False,False,D,False,78.4,13.77,109550,2.12416,95.29,2.700,10.05,91.0,36.0,10.0
1787958412.0,41.71,1704.0,3,1.000,1.000,1.0000,94.7249349097879,False,False,D,False,78.4,13.77,109550,2.12649,95.29,2.746,10.05,91.0,38.0,10.0
1787958412.2,41.81,1713.5,3,1.000,1.000,1.0000,94.43689696385192,False,False,D,False,78.4,13.77,109550,2.12844,95.29,2.746,10.05,91.0,41.0,10.0
1787958412.4,41.82,1726.8,3,1.000,1.000,1.0000,93.72905562171402,False,False,D,False,78.4,13.77,109550,2.13078,95.29,2.912,10.06,91.0,43.0,11.0
1787958412.6,41.89,1738.8,3,1.000,1.000,1.0000,93.22685078600118,False,False,D,False,78.4,13.77,109550,2.13311,95.29,3.120,10.06,91.0,45.0,12.0
1787958412.8,42.02,1754.5,3,1.000,1.000,1.0000,92.68221227622345,False,False,D,False,78.4,13.77,109550,2.13545,95.29,3.120,10.06,91.0,47.0,12.0
1787958413.0,42.04,1765.2,3,1.000,1.000,1.0000,92.15616130794373,False,False,D,False,78.4,13.77,109550,2.13779,95.29,3.311,10.07,91.0,48.0,13.0
1787958413.2,42.15,1773.5,3,1.000,1.000,1.0000,91.97294697342191,False,False,D,False,78.4,13.77,109550,2.14012,95.29,3.396,10.07,91.0,50.0,13.0
1787958413.5,42.47,1783.5,3,1.000,1.000,1.0000,92.15702096352298,False,False,D,False,78.4,13.77,109550,2.14246,95.29,3.396,10.07,91.0,51.0,13.0
1787958413.7,42.54,1793.8,3,1.000,1.000,1.0000,91.94069244935892,True,False,D,False,78.4,13.77,109550,2.14479,95.29,3.532,10.07,91.0,51.0,13.0
1787958413.9,42.61,1795.0,3,1.000,1.000,1.0000,92.19454887059722,True,False,D,False,78.4,13.77,109550,2.14713,95.29,3.587,10.07,91.0,52.0,13.0
1787958414.1,42.71,1745.8,3,1.000,1.000,1.0000,95.1460250616352,True,False,D,False,78.4,13.75,109550,2.14947,95.29,3.617,10.07,91.0,52.0,13.0
1787958414.3,43.01,1691.5,3,1.000,1.000,1.0000,98.92697923437453,True,False,D,False,78.4,13.75,109550,2.15180,95.29,3.561,10.07,91.0,53.0,14.0
1787958414.5,43.11,1684.2,3,1.000,1.000,1.0000,99.58207343515112,True,False,D,False,78.4,13.75,109550,2.15414,95.29,3.532,10.08,91.0,55.0,14.0
1787958414.7,43.38,1678.0,3,1.000,1.000,1.0000,100,True,False,D,False,78.4,13.75,109550,2.15687,95.29,3.587,10.08,91.0,56.0,14.0
1787958414.9,43.13,1684.0,3,1.000,1.000,1.0000,99.6394708750934,True,False,D,False,78.4,13.75,109550,2.15920,95.29,3.617,10.08,91.0,57.0,14.0
1787958415.1,43.86,1692.0,3,1.000,1.000,1.0000,100,True,False,D,False,78.4,13.75,109550,2.16154,95.29,3.617,10.08,91.0,58.0,14.0
1787958415.3,43.84,1693.2,3,1.000,1.000,1.0000,100,True,False,D,False,78.4,13.75,109550,2.16387,95.29,3.672,10.08,91.0,58.0,14.0
1787958415.5,43.85,1692.5,3,1.000,1.000,1.0000,100,True,False,D,False,78.4,13.75,109550,2.16621,95.29,3.761,10.08,91.0,58.0,14.0
1787958415.7,43.70,1699.8,3,1.000,1.000,1.0000,99.98640392208338,True,False,D,False,78.4,13.75,109550,2.17010,95.29,3.761,10.09,91.0,58.0,14.0
1787958415.9,43.84,1703.8,3,1.000,1.000,1.0000,100,True,False,D,False,78.4,13.75,109550,2.17244,95.29,3.727,10.09,91.0,59.0,14.0
1787958416.1,44.32,1713.5,3,1.000,1.000,1.0000,100,True,False,D,False,78.4,13.75,109550,2.17478,95.29,3.791,10.09,91.0,59.0,14.0
1787958416.3,44.11,1711.8,3,1.000,1.000,1.0000,100,True,False,D,False,78.4,13.75,109550,2.17711,95.29,3.791,10.09,91.0,59.0,14.0
1787958416.5,44.41,1720.2,3,1.000,1.000,1.0000,100,True,False,D,False,78.4,13.75,109550,2.17984,95.29,3.820,10.10,91.0,60.0,15.0
1787958416.7,44.64,1726.0,3,1.000,1.000,1.0000,100,True,False,D,False,78.4,13.75,109550,2.18218,95.29,3.914,10.10,91.0,60.0,15.0
1787958416.9,44.60,1728.8,3,1.000,1.000,1.0000,100,True,False,D,False,78.4,13.75,109550,2.18451,95.29,3.850,10.10,91.0,60.0,15.0
1787958417.1,44.89,1735.2,3,1.000,1.000,1.0000,100,True,False,D,False,78.4,13.75,109550,2.18724,95.29,3.944,10.10,91.0,61.0,15.0
1787958417.3,44.90,1740.2,3,1.000,1.000,1.0000,100,True,False,D,False,78.4,13.75,109550,2.18957,95.29,3.914,10.10,91.0,61.0,15.0
1787958417.5,45.12,1743.5,3,1.000,1.000,1.0000,100,True,False,D,False,78.4,13.75,109550,2.19191,95.29,3.914,10.10,91.0,61.0,15.0
1787958417.7,45.20,1748.8,4,1.000,0.726,1.3774,100,True,False,D,True,78.4,13.75,109550,2.19541,95.29,3.914,10.11,91.0,61.0,15.0
1787958417.9,45.42,1755.2,4,1.000,0.726,1.3774,100,True,False,D,True,78.4,13.75,109550,2.19775,95.29,4.003,10.11,91.0,61.0,15.0
1787958418.1,45.68,1699.2,4,0.970,0.726,1.3361,100,False,False,D,True,78.4,13.75,109550,2.20048,95.29,4.003,10.11,91.0,61.0,15.0
1787958418.3,45.65,1586.2,4,0.750,0.726,1.0331,100,False,False,D,True,78.4,13.75,109550,2.20281,95.29,3.914,10.11,91.0,63.0,15.0
1787958418.5,45.85,1604.5,4,0.730,0.726,1.0055,80.6100652192568,False,False,D,False,78.4,13.75,109550,2.20554,95.29,3.914,10.11,91.0,65.0,15.0
1787958418.7,45.82,1623.2,4,0.730,0.726,1.0055,79.62247341849654,False,False,D,False,78.4,13.79,109550,2.20788,95.29,3.914,10.11,91.0,66.0,15.0
1787958419.0,46.22,1626.5,4,0.730,0.726,1.0055,80.1483670550596,False,False,D,False,78.4,13.79,109550,2.21060,95.29,3.880,10.11,91.0,66.0,16.0
1787958419.2,46.18,1631.0,4,0.720,0.726,0.9917,79.8580593553808,False,False,D,False,78.4,13.79,109550,2.21294,95.29,3.973,10.11,91.0,67.0,16.0
1787958419.4,46.46,1642.2,4,0.720,0.726,0.9917,79.79620384626355,False,False,D,False,78.4,13.79,109550,2.21566,95.29,4.037,10.12,91.0,67.0,16.0
1787958419.6,46.46,1647.5,4,0.730,0.726,1.0055,79.53764142860365,False,False,D,False,78.4,13.79,109550,2.21800,95.29,4.067,10.12,91.0,67.0,16.0
1787958419.8,46.61,1647.0,4,0.730,0.726,1.0055,79.83151764810938,False,False,D,False,78.4,13.79,109550,2.22073,95.29,4.067,10.12,91.0,67.0,16.0
1787958420.0,46.69,1647.8,4,0.730,0.726,1.0055,79.91500648016128,False,False,D,False,78.4,13.79,109550,2.22345,95.29,4.067,10.12,91.0,67.0,16.0
1787958420.2,46.87,1659.2,4,0.720,0.726,0.9917,79.671364995941,False,False,D,False,78.4,13.79,109550,2.22579,95.29,4.160,10.12,91.0,67.0,16.0
1787958420.4,47.05,1667.2,4,0.720,0.726,0.9917,79.58936559336686,False,False,D,False,78.4,13.74,109550,2.22851,95.29,4.194,10.12,91.0,68.0,16.0
1787958420.6,47.25,1672.5,4,0.730,0.726,1.0055,79.67682560100607,False,False,D,False,78.4,13.74,109550,2.23124,95.29,4.321,10.12,91.0,68.0,17.0
1787958420.8,47.30,1681.2,4,0.720,0.726,0.9917,79.36281167424544,False,False,D,False,78.4,13.74,109550,2.23357,95.29,4.258,10.12,91.0,68.0,17.0
1787958421.0,47.36,1692.5,4,0.730,0.726,1.0055,78.91861588499887,False,False,D,False,78.4,13.74,109550,2.23630,95.29,4.321,10.12,91.0,69.0,17.0
1787958421.2,47.67,1697.8,4,0.730,0.726,1.0055,79.2020612716157,False,False,D,False,78.4,13.74,109550,2.23903,95.29,4.449,10.13,91.0,69.0,17.0
1787958421.4,47.71,1702.2,4,0.730,0.726,1.0055,79.05068039624639,False,False,D,False,78.4,13.74,109550,2.24136,95.29,4.449,10.12,91.0,69.0,17.0
1787958421.6,47.97,1707.5,4,0.730,0.726,1.0055,79.2453769089887,False,False,D,False,78.4,13.74,109550,2.24409,95.29,4.415,10.13,91.0,69.0,17.0
1787958421.8,48.15,1686.8,4,0.730,0.726,1.0055,80.5128720766102,False,False,D,False,78.4,13.74,109550,2.24798,95.29,3.421,10.13,91.0,65.0,9.0
1787958422.0,48.07,1543.0,4,0.730,0.726,1.0055,87.87656616213162,False,False,D,False,78.4,13.74,109550,2.25071,95.29,2.517,10.14,91.0,53.0,9.0
1787958422.2,48.20,1496.5,4,0.730,0.726,1.0055,90.8474231514597,False,False,D,False,78.4,13.74,109550,2.25343,95.29,2.496,10.14,91.0,48.0,10.0
1787958422.4,48.20,1490.2,4,0.730,0.726,1.0055,91.23316239494126,False,False,D,False,78.4,13.74,109550,2.25616,95.29,2.679,10.15,91.0,47.0,10.0
1787958422.6,48.25,1369.8,4,0.730,0.726,1.0055,99.37593292316309,True,False,D,False,78.4,13.74,109550,2.25889,95.29,2.746,10.15,91.0,47.0,10.0
1787958422.8,48.09,1348.5,4,0.730,0.726,1.0055,100,True,False,D,False,78.4,13.74,109550,2.26161,95.29,2.746,10.16,91.0,50.0,11.0
1787958423.0,48.29,1357.5,4,0.720,0.726,0.9917,100,True,False,D,False,78.4,13.74,109550,2.26395,95.29,2.840,10.16,91.0,52.0,11.0
1787958423.2,48.40,1362.5,4,0.730,0.726,1.0055,100,True,False,D,False,78.4,13.74,109550,2.26667,95.29,2.861,10.17,91.0,56.0,11.0
1787958423.4,48.41,1365.2,4,0.720,0.726,0.9917,100,True,False,D,False,78.4,13.75,109550,2.26940,95.29,2.912,10.17,91.0,57.0,11.0
1787958423.6,48.51,1364.5,4,0.730,0.726,1.0055,100,True,False,D,False,78.4,13.75,109550,2.27212,95.29,2.861,10.18,91.0,58.0,11.0
1787958423.8,48.59,1362.5,4,0.730,0.726,1.0055,100,True,False,D,False,78.4,13.74,109550,2.27485,95.29,2.861,10.18,91.0,56.0,6.0
1787958424.0,48.74,1359.2,4,0.730,0.726,1.0055,100,True,False,D,False,78.4,13.74,109550,2.27758,95.29,1.528,10.19,91.0,49.0,5.0
1787958424.2,48.44,1358.2,4,0.730,0.726,1.0055,100,True,False,D,False,78.4,13.74,109550,2.28030,95.29,1.579,10.20,91.0,43.0,5.0
1787958424.4,48.22,1356.8,4,0.730,0.726,1.0055,100,True,False,D,False,78.4,13.74,109550,2.28303,95.29,1.579,10.20,91.0,39.0,5.0
1787958424.6,48.24,1354.8,4,0.720,0.726,0.9917,100,True,False,D,False,78.4,13.74,109550,2.28536,95.29,1.596,10.21,91.0,37.0,5.0
1787958424.8,48.31,1354.8,4,0.720,0.726,0.9917,100,True,False,D,False,78.4,13.74,109550,2.28809,92.94,1.651,10.22,91.0,37.0,5.0
1787958425.1,48.22,1350.5,4,0.720,0.726,0.9917,100,True,False,D,False,78.4,13.74,109550,2.29081,94.12,1.817,10.23,91.0,36.0,6.0
1787958425.3,48.08,1345.5,4,0.720,0.726,0.9917,100,True,False,D,False,78.4,13.74,109550,2.29432,92.94,1.889,10.24,91.0,37.0,6.0
1787958425.5,48.05,1350.0,4,0.720,0.726,0.9917,100,True,False,D,False,78.4,13.74,109550,2.29704,94.12,2.033,10.24,91.0,38.0,7.0
1787958425.7,47.71,1345.2,4,0.730,0.726,1.0055,99.93119957543709,True,False,D,False,78.4,13.74,109550,2.29977,92.94,2.033,10.25,91.0,40.0,7.0
1787958425.9,47.75,1343.8,4,0.720,0.726,0.9917,100,True,False,D,False,78.4,13.74,109550,2.30211,92.16,2.076,10.26,91.0,42.0,7.0
1787958426.1,47.82,1343.0,4,0.730,0.726,1.0055,100,True,False,D,False,78.4,13.74,109550,2.30483,92.94,2.114,10.26,91.0,43.0,7.0
1787958426.3,47.80,1341.2,4,0.730,0.726,1.0055,100,True,False,D,False,78.4,13.74,109550,2.30756,94.12,2.114,10.27,91.0,44.0,8.0
1787958426.5,47.59,1341.5,4,0.720,0.726,0.9917,99.94196579700612,True,False,D,False,78.4,13.72,109550,2.31028,93.73,2.131,10.28,91.0,44.0,8.0
1787958426.7,47.83,1341.8,4,0.730,0.726,1.0055,100,True,False,D,False,78.4,13.72,109550,2.31262,93.33,2.131,10.28,91.0,44.0,8.0
1787958426.9,47.65,1342.5,4,0.720,0.726,0.9917,99.98440848319088,True,False,D,False,78.4,13.72,109550,2.31535,92.94,2.152,10.29,91.0,45.0,8.0
1787958427.1,47.66,1337.2,4,0.730,0.726,1.0055,100,True,False,D,False,78.4,13.72,109550,2.31807,95.29,2.173,10.29,91.0,46.0,8.0
1787958427.3,47.42,1337.8,4,0.730,0.726,1.0055,99.84717015728589,True,False,D,False,78.4,13.72,109550,2.32080,95.29,2.237,10.30,91.0,46.0,8.0
1787958427.5,47.84,1342.0,4,0.730,0.726,1.0055,100,True,False,D,False,78.4,13.72,109550,2.32313,95.29,2.258,10.31,91.0,47.0,9.0
1787958427.7,47.92,1341.5,4,0.730,0.726,1.0055,100,True,False,D,False,78.4,13.72,109550,2.32586,95.29,2.258,10.31,91.0,47.0,9.0
1787958427.9,47.80,1339.2,4,0.730,0.726,1.0055,100,True,False,D,False,78.4,13.72,109550,2.32859,95.29,2.364,10.32,91.0,47.0,9.0
1787958428.1,47.82,1344.5,4,0.730,0.726,1.0055,100,True,False,D,False,78.4,13.72,109550,2.33248,95.29,2.449,10.33,91.0,47.0,10.0
1787958428.3,47.86,1342.2,4,0.730,0.726,1.0055,100,True,False,D,False,78.4,13.72,109550,2.33520,95.29,2.496,10.33,91.0,51.0,10.0
1787958428.5,47.83,1343.5,4,0.730,0.726,1.0055,100,True,False,D,False,78.4,13.72,109550,2.33793,95.29,2.496,10.34,91.0,52.0,10.0
1787958428.7,47.80,1342.0,4,0.730,0.726,1.0055,100,True,False,D,False,78.4,13.72,109550,2.34066,95.29,2.632,10.35,91.0,53.0,10.0
1787958428.9,47.71,1346.0,4,0.720,0.726,0.9917,99.79425274505809,True,False,D,False,78.4,13.72,109550,2.34299,95.29,2.700,10.35,91.0,54.0,10.0
1787958429.1,48.01,1345.2,4,0.730,0.726,1.0055,100,True,False,D,False,78.4,13.72,109550,2.34572,95.29,2.679,10.35,91.0,55.0,11.0
1787958429.3,47.88,1349.8,4,0.730,0.726,1.0055,99.84669636908693,True,False,D,False,78.4,13.72,109550,2.34844,95.29,2.725,10.36,91.0,56.0,11.0
1787958429.5,47.94,1349.8,4,0.730,0.726,1.0055,99.9801403844583,True,False,D,False,78.4,13.75,109550,2.35117,95.29,2.725,10.36,91.0,57.0,11.0
1787958429.7,47.86,1346.8,4,0.730,0.726,1.0055,100,True,False,D,False,78.4,13.75,109550,2.35390,95.29,2.725,10.37,91.0,58.0,11.0
1787958429.9,48.10,1347.2,4,0.730,0.726,1.0055,100,True,False,D,False,78.4,13.75,109550,2.35623,95.29,2.793,10.37,91.0,58.0,11.0
1787958430.1,48.18,1353.5,4,0.730,0.726,1.0055,100,True,False,D,False,78.4,13.75,109550,2.35896,95.29,2.793,10.38,91.0,59.0,2.0
1787958430.3,48.12,1349.5,4,0.730,0.726,1.0055,100,True,False,D,False,78.4,13.75,109550,2.36168,95.29,1.906,10.39,91.0,49.0,0.0
1787958430.5,47.97,1347.0,4,0.730,0.726,1.0055,100,True,False,D,False,78.4,13.75,109550,2.36441,95.29,0.879,10.40,91.0,37.0,0.0
1787958430.7,47.93,1318.2,4,0.720,0.726,0.9917,100,True,False,D,False,78.4,13.75,109550,2.36713,95.29,0.870,10.42,91.0,31.0,0.0
1787958430.9,47.59,1332.0,4,0.730,0.726,1.0055,100,True,False,D,False,78.4,13.76,109550,2.36947,95.29,0.904,10.43,91.0,27.0,0.0
1787958431.1,47.46,1332.0,4,0.730,0.726,1.0055,100,True,False,D,False,78.4,13.76,109550,2.37220,95.29,0.938,10.44,91.0,27.0,0.0
1787958431.3,47.24,1324.0,4,0.730,0.726,1.0055,100,True,False,D,False,78.4,13.76,109550,2.37492,95.29,0.938,10.45,91.0,26.0,0.0
1787958431.6,47.10,1316.8,4,0.730,0.726,1.0055,100,True,False,D,False,78.4,13.76,109550,2.37765,95.29,0.917,10.46,91.0,25.0,0.0
1787958431.8,46.77,1312.8,4,0.730,0.726,1.0055,100,True,False,D,False,78.4,13.76,109550,2.37998,95.29,0.904,10.47,91.0,25.0,0.0
1787958432.0,46.53,1303.0,4,0.720,0.726,0.9917,100,True,False,D,False,78.4,13.76,109550,2.38271,95.29,0.891,10.48,91.0,24.0,0.0
1787958432.2,46.11,1296.5,4,0.730,0.726,1.0055,100,True,False,D,False,78.4,13.76,109550,2.38505,95.29,0.904,10.49,91.0,24.0,0.0
1787958432.4,46.00,1289.8,4,0.730,0.726,1.0055,100,True,False,D,False,78.4,13.76,109550,2.38777,95.29,0.938,10.51,91.0,24.0,0.0
1787958432.6,45.63,1282.2,4,0.730,0.726,1.0055,100,True,False,D,False,78.4,13.75,109550,2.39011,95.29,0.904,10.52,91.0,24.0,0.0
1787958432.8,45.48,1275.0,4,0.730,0.726,1.0055,100,True,False,D,False,78.4,13.75,109550,2.39361,95.29,0.904,10.53,91.0,24.0,0.0
1787958433.0,45.11,1267.5,4,0.730,0.726,1.0055,100,True,False,D,False,78.4,13.75,109550,2.39595,95.29,0.904,10.54,91.0,24.0,0.0
1787958433.2,43.99,1237.0,4,0.730,0.726,1.0055,99.98262890829285,True,False,D,False,78.4,13.75,109550,2.39867,95.29,0.904,10.55,91.0,24.0,0.0
1787958433.4,42.92,1206.0,4,0.730,0.726,1.0055,100,True,False,D,False,78.4,13.75,109550,2.40101,95.29,0.976,10.56,91.0,24.0,0.0
1787958433.6,41.87,1170.5,4,0.730,0.726,1.0055,100,True,False,D,False,78.4,13.75,109550,2.40335,90.59,0.976,10.57,91.0,25.0,0.0
1787958433.8,40.34,1135.0,4,0.730,0.726,1.0055,99.92360362918315,True,False,D,False,78.4,13.75,109550,2.40685,92.94,1.015,10.59,91.0,26.0,0.0
1787958434.0,38.92,1096.2,4,0.730,0.726,1.0055,99.82733428133585,True,False,D,False,78.4,13.75,109550,2.40880,95.29,1.065,10.60,91.0,26.0,0.0
1787958434.2,37.74,1062.8,4,0.720,0.726,0.9917,99.84189164214445,True,False,D,False,78.4,13.75,109550,2.41114,95.29,1.159,10.61,91.0,28.0,0.0
1787958434.4,36.44,1031.0,4,0.730,0.726,1.0055,99.39128234791504,True,False,D,False,78.4,13.75,109550,2.41308,95.29,1.133,10.62,91.0,29.0,0.0
1787958434.6,35.20,956.2,4,0.730,0.726,1.0055,100,True,False,D,False,78.4,13.75,109550,2.41503,95.29,1.189,10.63,91.0,30.0,0.0
1787958434.8,34.28,750.0,4,0.730,0.726,1.0055,100,True,False,D,False,78.4,13.75,109550,2.41698,94.12,2.055,10.63,91.0,30.0,0.0
1787958435.0,33.32,763.0,4,0.720,0.726,0.9917,100,True,False,D,False,78.4,13.75,109550,2.41892,95.29,1.728,10.64,91.0,46.0,0.0
1787958435.2,33.03,758.8,4,0.730,0.726,1.0055,100,True,False,D,False,78.4,13.75,109550,2.42087,95.29,1.214,10.65,91.0,46.0,0.0
1787958435.4,32.55,767.2,4,0.730,0.726,1.0055,100,True,False,D,False,78.4,13.75,109550,2.42243,95.29,1.214,10.66,91.0,46.0,0.0
1787958435.6,32.23,770.2,4,0.730,0.726,1.0055,100,True,False,D,False,78.4,13.75,109550,2.42437,95.29,1.227,10.67,91.0,45.0,0.0
1787958435.8,31.82,773.5,4,0.730,0.726,1.0055,100,True,False,D,False,78.4,13.52,109550,2.42593,94.12,1.189,10.67,91.0,45.0,0.0
1787958436.0,31.39,767.0,4,0.730,0.726,1.0055,100,True,False,D,False,78.4,13.52,109550,2.42788,92.94,1.159,10.68,91.0,44.0,0.0
1787958436.2,30.69,766.8,4,0.730,0.726,1.0055,100,True,False,D,False,78.4,13.52,109550,2.42944,95.29,1.146,10.69,91.0,44.0,0.0
1787958436.4,29.71,757.8,4,0.720,0.726,0.9917,100,True,False,D,False,78.4,13.52,109550,2.43138,95.29,1.104,10.70,91.0,43.0,0.0
1787958436.6,28.87,746.8,4,0.730,0.726,1.0055,100,True,False,D,False,78.4,13.52,109550,2.43294,95.29,1.078,10.70,91.0,42.0,0.0
1787958436.8,27.38,736.5,4,0.730,0.726,1.0055,100,True,False,D,False,78.4,13.52,109550,2.43450,95.29,1.065,10.71,91.0,42.0,0.0
1787958437.0,26.32,725.5,4,0.730,0.726,1.0055,99.54252443371111,True,False,D,False,78.4,13.52,109550,2.43606,92.94,1.065,10.72,91.0,42.0,0.0
1787958437.3,25.78,719.5,3,0.730,1.000,0.7300,99.00033535778718,False,False,D,True,78.4,13.52,109550,2.43722,94.12,1.091,10.72,91.0,42.0,0.0
1787958437.5,25.64,715.0,3,0.730,1.000,0.7300,99.00033535778718,False,False,D,True,78.4,13.52,109550,2.43878,95.29,1.065,10.73,91.0,42.0,0.0
1787958437.7,25.48,721.2,3,0.760,1.000,0.7600,99.00033535778718,False,False,D,True,78.4,13.52,109550,2.44034,95.29,1.053,10.74,91.0,42.0,0.0
1787958437.9,25.12,730.8,3,0.830,1.000,0.8300,99.00033535778718,False,False,D,True,78.4,13.75,109550,2.44151,95.29,1.065,10.74,91.0,42.0,0.0
1787958438.1,24.33,752.2,3,0.970,1.000,0.9700,99.00033535778718,False,False,D,True,78.4,13.75,109550,2.44307,95.29,1.104,10.75,91.0,42.0,0.0
1787958438.3,23.67,756.2,3,1.000,1.000,1.0000,99.00033535778718,False,False,D,True,78.4,13.75,109550,2.44423,95.29,1.104,10.75,91.0,42.0,0.0
1787958438.5,22.71,748.0,3,1.000,1.000,1.0000,99.00033535778718,False,False,D,True,78.4,13.75,109550,2.44579,91.76,1.104,10.76,91.0,41.0,0.0
1787958438.7,21.68,737.8,3,1.000,1.000,1.0000,99.00033535778718,False,False,D,True,78.4,13.75,109550,2.44696,95.29,1.091,10.77,91.0,41.0,0.0
1787958438.9,20.36,731.8,3,1.000,1.000,1.0000,99.00033535778718,False,False,D,True,78.4,13.75,109550,2.44813,95.29,1.065,10.77,91.0,41.0,0.0
1787958439.1,19.36,718.8,3,1.000,1.000,1.0000,0,False,False,D,False,78.4,13.75,109550,2.44930,95.29,1.078,10.78,91.0,41.0,0.0
1787958439.3,18.19,716.8,3,1.010,1.000,1.0100,0,False,False,D,False,78.4,13.75,109550,2.45007,95.29,1.065,10.78,91.0,41.0,0.0
1787958439.5,17.04,704.0,3,1.020,1.000,1.0200,0,False,False,D,False,78.4,13.75,109550,2.45124,95.29,1.121,10.79,91.0,42.0,0.0
1787958439.7,15.78,679.5,3,1.000,1.000,1.0000,0,False,False,D,False,78.4,13.75,109550,2.45202,92.16,1.817,10.79,91.0,45.0,0.0
1787958439.9,14.43,697.8,3,0.980,1.000,0.9800,0,False,False,D,False,78.4,13.75,109550,2.45358,95.29,1.401,10.80,91.0,50.0,0.0
1787958440.1,13.53,712.2,3,1.050,1.000,1.0500,0,False,False,D,False,78.4,13.75,109550,2.45436,95.29,1.269,10.80,91.0,50.0,0.0
1787958440.3,12.73,713.0,3,0.970,1.000,0.9700,0,False,False,D,False,78.4,13.75,109550,2.45514,95.29,1.401,10.80,91.0,51.0,0.0
1787958440.5,12.31,710.2,3,1.010,1.000,1.0100,0,False,False,D,False,78.4,13.75,109550,2.45553,95.29,1.286,10.80,91.0,51.0,0.0
1787958440.7,12.12,706.5,3,1.040,1.000,1.0400,0,False,False,D,False,78.4,13.75,109550,2.45630,95.29,1.269,10.81,91.0,51.0,0.0
1787958440.9,11.62,701.2,3,0.980,1.000,0.9800,0,False,False,D,False,78.4,13.75,109550,2.45708,95.29,1.269,10.81,91.0,51.0,0.0
1787958441.1,10.91,692.5,1,0.950,2.816,0.3374,0,False,False,D,True,78.4,13.75,109550,2.45747,95.29,1.312,10.81,91.0,51.0,0.0
1787958441.3,9.96,683.0,1,0.940,2.816,0.3338,0,False,False,D,True,78.4,13.75,109550,2.45825,95.29,1.341,10.82,91.0,51.0,0.0
1787958441.5,9.01,684.2,1,1.040,2.816,0.3693,0,False,False,D,True,78.4,13.75,109550,2.45864,95.29,1.498,10.81,91.0,51.0,0.0
1787958441.7,8.03,697.0,1,1.040,2.816,0.3693,0,False,False,D,True,78.4,13.75,109550,2.45903,92.94,1.388,10.81,91.0,54.0,0.0
1787958441.9,6.94,717.8,1,1.600,2.816,0.5682,0,False,False,D,True,78.4,13.74,109550,2.45981,95.29,1.358,10.81,91.0,54.0,0.0
1787958442.1,5.83,727.0,1,2.180,2.816,0.7741,0,False,False,D,True,78.4,13.74,109550,2.45981,95.29,1.358,10.81,91.0,53.0,0.0
1787958442.3,4.84,724.8,1,2.620,2.816,0.9304,0,False,False,D,False,78.4,13.74,109550,2.46020,95.29,1.286,10.81,91.0,52.0,0.0
1787958442.5,3.95,712.0,1,2.590,2.816,0.9197,0,False,False,D,False,78.4,13.74,109550,2.46059,95.29,1.299,10.80,91.0,52.0,0.0
1787958442.7,3.17,700.2,1,2.820,2.816,1.0014,0,False,False,D,False,78.4,13.74,109550,2.46059,94.12,1.341,10.80,91.0,52.0,0.0
1787958442.9,2.52,686.8,1,2.820,2.816,1.0014,0,False,False,D,False,78.4,13.74,109550,2.46098,95.29,1.562,10.80,91.0,53.0,0.0
1787958443.1,2.05,685.2,1,2.820,2.816,1.0014,0,False,False,D,False,78.4,13.74,109550,2.46098,95.29,1.431,10.79,91.0,54.0,0.0
1787958443.3,1.71,702.8,1,2.820,2.816,1.0014,0,False,False,D,False,78.4,13.74,109550,2.46098,95.29,1.418,10.79,91.0,55.0,0.0
1787958443.5,1.56,716.0,1,2.820,2.816,1.0014,0,False,False,D,False,78.4,13.74,109550,2.46137,95.29,1.371,10.79,91.0,55.0,0.0
1787958443.7,1.50,717.5,1,2.820,2.816,1.0014,0,False,False,D,False,78.4,13.74,109550,2.46137,95.29,1.341,10.78,91.0,55.0,0.0
1787958444.0,1.44,711.2,1,2.820,2.816,1.0014,0,False,False,D,False,78.4,13.74,109550,2.46137,95.29,1.371,10.78,91.0,54.0,0.0
1787958444.2,1.31,706.8,1,2.820,2.816,1.0014,0,False,False,D,False,78.4,13.74,109550,2.46137,95.29,1.371,10.78,91.0,54.0,0.0
1787958444.4,1.16,700.0,1,2.820,2.816,1.0014,0,False,False,D,False,78.4,13.74,109550,2.46137,95.29,1.341,10.77,91.0,53.0,0.0
1787958444.6,0.95,695.8,1,2.820,2.816,1.0014,0,False,False,D,False,78.4,13.74,109550,2.46176,95.29,1.371,10.77,91.0,53.0,0.0
1787958444.8,0.78,693.0,1,2.820,2.816,1.0014,0,False,False,D,False,78.4,13.74,109550,2.46176,95.29,1.341,10.77,91.0,53.0,0.0
1787958445.0,0.00,688.8,1,2.820,2.816,1.0014,0,False,False,D,False,78.4,13.72,109550,2.46176,95.29,1.299,10.76,91.0,53.0,0.0
1787958445.2,0.00,686.0,1,2.820,2.816,1.0014,0,False,False,D,False,78.4,13.72,109550,2.46176,95.29,1.341,10.76,91.0,53.0,0.0
1787958445.4,0.00,682.0,1,2.820,2.816,1.0014,0,False,False,D,False,78.4,13.72,109550,2.46176,95.29,1.104,10.76,91.0,52.0,0.0
1787958445.6,0.00,676.5,1,2.820,2.816,1.0014,0,False,False,D,False,78.4,13.72,109550,2.46176,95.29,1.040,10.75,91.0,51.0,0.0
1787958445.8,0.00,722.8,1,2.820,2.816,1.0014,0,False,False,D,False,78.4,13.72,109550,2.46176,95.29,1.027,10.75,91.0,49.0,0.0
1787958446.0,0.00,721.2,1,2.820,2.816,1.0014,0,False,False,D,False,78.4,13.72,109550,2.46176,95.29,0.951,10.75,91.0,46.0,0.0
1787958446.2,0.00,713.0,1,2.820,2.816,1.0014,0,False,False,D,False,78.4,13.72,109550,2.46176,95.29,0.930,10.75,91.0,45.0,0.0
1787958446.4,0.00,709.0,1,2.820,2.816,1.0014,0,False,False,D,False,78.4,13.72,109550,2.46176,95.29,0.879,10.74,91.0,43.0,0.0
1787958446.6,0.00,699.5,1,2.820,2.816,1.0014,0,False,False,D,False,78.4,13.72,109550,2.46176,95.29,0.879,10.74,91.0,42.0,0.0
1787958446.8,0.00,687.0,1,2.820,2.816,1.0014,0,False,False,D,False,78.4,13.72,109550,2.46176,95.29,0.904,10.74,91.0,41.0,0.0
1787958447.0,0.00,674.2,1,2.820,2.816,1.0014,0,False,False,D,False,78.4,13.72,109550,2.46176,95.29,0.879,10.74,91.0,41.0,0.0
1787958447.2,0.00,668.0,1,2.820,2.816,1.0014,0,False,False,D,False,78.4,13.72,109550,2.46176,95.29,0.930,10.73,91.0,40.0,0.0
1787958447.4,0.00,663.2,1,2.820,2.816,1.0014,0,False,False,D,False,78.4,13.72,109550,2.46176,95.29,0.904,10.73,91.0,40.0,0.0
1787958447.6,0.00,660.2,1,2.820,2.816,1.0014,0,False,False,D,False,78.4,13.72,109550,2.46176,95.29,0.917,10.73,91.0,40.0,0.0
1787958447.8,0.00,658.2,1,2.820,2.816,1.0014,0,False,False,D,False,78.4,13.72,109550,2.46176,95.29,0.904,10.73,91.0,40.0,0.0
1787958448.0,0.00,656.8,1,2.820,2.816,1.0014,0,False,False,D,False,78.4,13.75,109550,2.46176,95.29,0.917,10.73,91.0,40.0,0.0
1787958448.2,0.00,654.5,1,2.820,2.816,1.0014,0,False,False,D,False,78.4,13.75,109550,2.46176,95.29,0.870,10.72,91.0,40.0,0.0
1787958448.4,0.00,654.2,1,2.820,2.816,1.0014,0,False,False,D,False,78.4,13.75,109550,2.46176,95.29,0.891,10.72,91.0,40.0,0.0
1787958448.6,0.00,650.8,1,2.820,2.816,1.0014,0,False,False,D,False,78.4,13.75,109550,2.46176,95.29,0.857,10.72,91.0,40.0,0.0
1787958448.8,0.00,646.0,1,2.820,2.816,1.0014,0,False,False,D,False,78.4,13.75,109550,2.46176,95.29,0.857,10.72,91.0,40.0,0.0
1787958449.0,0.00,641.5,1,2.820,2.816,1.0014,0,False,False,D,False,78.4,13.75,109550,2.46176,95.29,0.879,10.71,91.0,40.0,0.0
1787958449.2,0.00,638.5,1,2.820,2.816,1.0014,0,False,False,D,False,78.4,13.75,109550,2.46176,95.29,0.879,10.71,91.0,40.0,0.0
1787958449.4,0.00,635.5,1,2.820,2.816,1.0014,0,False,False,D,False,78.4,13.75,109550,2.46176,95.29,0.857,10.71,91.0,40.0,0.0
1787958449.6,0.00,630.8,1,2.820,2.816,1.0014,0,False,False,D,False,78.4,13.75,109550,2.46176,95.29,0.828,10.71,91.0,40.0,0.0
1787958449.8,0.00,621.5,1,2.820,2.816,1.0014,0,False,False,D,False,78.4,13.75,109550,2.46176,95.29,0.870,10.70,91.0,40.0,0.0
1787958450.0,0.00,621.5,1,2.820,2.816,1.0014,0,False,False,D,False,78.4,13.75,109550,2.46176,95.29,0.857,10.70,91.0,41.0,0.0
1787958450.3,0.00,623.2,1,2.820,2.816,1.0014,0,False,False,D,False,78.4,13.75,109550,2.46176,95.29,0.828,10.70,91.0,41.0,0.0
1787958450.5,0.00,632.5,1,2.820,2.816,1.0014,0,False,False,D,False,78.4,13.75,109550,2.46176,95.29,0.836,10.70,91.0,42.0,0.0
1787958450.7,0.00,645.5,1,2.820,2.816,1.0014,0,False,False,D,False,78.4,13.75,109550,2.46176,95.29,1.040,10.70,91.0,42.0,0.0
1787958450.9,0.00,668.8,1,2.820,2.816,1.0014,0,False,False,D,False,78.4,13.75,109550,2.46176,95.29,1.065,10.69,91.0,43.0,0.0
1787958451.1,0.87,711.2,1,2.820,2.816,1.0014,0,False,False,D,False,78.4,13.75,109550,2.46176,95.29,0.976,10.69,91.0,43.0,0.0
1787958451.3,1.27,738.0,1,2.820,2.816,1.0014,0,False,False,D,False,78.4,13.77,109550,2.46176,95.29,0.976,10.69,91.0,42.0,0.0
1787958451.5,1.58,735.2,1,2.820,2.816,1.0014,0,False,False,D,False,78.4,13.77,109550,2.46176,95.29,1.027,10.69,91.0,42.0,0.0
1787958451.7,1.90,732.8,1,2.820,2.816,1.0014,0,False,False,D,False,78.4,13.77,109550,2.46176,95.29,1.040,10.68,91.0,41.0,0.0
1787958451.9,2.21,732.2,1,2.820,2.816,1.0014,0,False,False,D,False,78.4,13.77,109550,2.46214,95.29,1.053,10.68,91.0,41.0,0.0
1787958452.1,2.47,730.5,1,2.820,2.816,1.0014,0,False,False,D,False,78.4,13.77,109550,2.46214,95.29,1.078,10.68,91.0,41.0,1.0
1787958452.3,2.74,738.0,1,2.820,2.816,1.0014,0,False,False,D,False,78.4,13.77,109550,2.46214,95.29,1.388,10.68,91.0,42.0,5.0
1787958452.5,3.02,807.8,1,2.820,2.816,1.0014,0,False,False,D,False,78.4,13.77,109550,2.46253,95.29,1.388,10.67,91.0,47.0,11.0
1787958452.7,3.64,1098.8,1,2.820,2.816,1.0014,0,False,False,D,False,78.4,13.77,109550,2.46253,95.29,3.366,10.66,91.0,65.0,18.0
1787958452.9,4.65,1352.0,1,2.980,2.816,1.0582,0,False,False,D,False,78.4,13.87,109550,2.46292,95.29,4.385,10.65,91.0,71.0,20.0
1787958453.1,5.96,1556.8,1,2.880,2.816,1.0227,0,False,False,D,False,78.4,13.87,109550,2.46331,95.29,4.712,10.64,91.0,77.0,20.0
1787958453.3,7.52,1664.0,1,2.870,2.816,1.0192,0,False,False,D,False,78.4,13.87,109550,2.46370,95.29,4.988,10.63,91.0,76.0,20.0
1787958453.5,9.06,1714.2,1,2.830,2.816,1.0050,0,False,False,D,False,78.4,13.87,109550,2.46409,95.29,5.242,10.62,91.0,74.0,20.0
1787958453.7,10.49,1744.8,1,2.830,2.816,1.0050,0,False,False,D,False,78.4,13.87,109550,2.46448,95.29,5.242,10.61,91.0,72.0,20.0
1787958453.9,11.73,1779.8,1,2.830,2.816,1.0050,0,False,False,D,False,78.4,13.87,109550,2.46526,95.29,5.315,10.60,91.0,72.0,20.0
1787958454.1,12.87,1817.5,1,2.820,2.816,1.0014,0,False,False,D,False,78.4,13.87,109550,2.46565,95.29,5.501,10.59,91.0,71.0,20.0
1787958454.3,13.99,1868.8,1,2.830,2.816,1.0050,0,False,False,D,False,78.4,13.71,109550,2.46643,95.29,5.463,10.58,91.0,71.0,20.0
1787958454.5,14.99,1905.2,1,2.810,2.816,0.9979,0,False,False,D,False,78.4,13.71,109550,2.46721,95.29,5.612,10.57,91.0,71.0,20.0
1787958454.7,15.81,1976.5,1,2.810,2.816,0.9979,0,False,False,D,False,78.4,13.71,109550,2.46838,95.29,5.612,10.56,91.0,71.0,21.0
1787958454.9,16.59,2037.0,2,0.270,1.498,0.1802,0,False,False,D,True,78.4,13.71,109550,2.46915,95.29,5.574,10.55,91.0,70.0,21.0
1787958455.1,17.47,2108.5,2,0.260,1.498,0.1736,0,False,False,D,True,78.4,13.71,109550,2.46993,95.29,5.773,10.54,91.0,69.0,21.0
1787958455.3,18.23,2174.5,2,0.250,1.498,0.1669,0,False,False,D,True,78.4,13.71,109550,2.47110,95.29,5.854,10.53,91.0,69.0,21.0
1787958455.5,18.97,2245.8,2,0.250,1.498,0.1669,0,False,False,D,True,78.4,13.71,109550,2.47188,95.29,6.100,10.52,91.0,68.0,22.0
1787958455.7,19.68,2315.0,2,0.260,1.498,0.1736,0,False,False,D,True,78.4,13.71,109550,2.47305,95.29,6.057,10.50,91.0,68.0,22.0
1787958455.9,20.42,2088.8,2,2.420,1.498,1.6155,0,False,False,D,True,78.4,13.71,109550,2.47422,95.29,6.312,10.49,91.0,68.0,22.0
1787958456.2,21.05,1748.0,2,1.880,1.498,1.2550,0,False,False,D,True,78.4,13.71,109550,2.47538,95.29,5.892,10.48,91.0,71.0,22.0
1787958456.4,21.61,1831.0,2,1.630,1.498,1.0881,0,False,False,D,True,78.4,13.71,109550,2.47655,95.29,5.731,10.47,91.0,76.0,22.0
1787958456.6,22.21,1849.8,2,1.500,1.498,1.0013,67.98723938860425,False,False,D,False,78.4,13.71,109550,2.47772,95.29,5.854,10.46,91.0,77.0,23.0
1787958456.8,22.99,1870.8,2,1.500,1.498,1.0013,69.58438376450691,False,False,D,False,78.4,13.71,109550,2.47889,95.29,5.854,10.45,91.0,77.0,23.0
1787958457.0,23.73,1886.8,2,1.500,1.498,1.0013,71.19209100033011,False,False,D,False,78.4,13.71,109550,2.48006,95.29,6.015,10.44,91.0,77.0,23.0
1787958457.2,24.61,1900.8,2,1.500,1.498,1.0013,73.28863281779849,False,False,D,False,78.4,13.71,109550,2.48161,95.29,6.057,10.44,91.0,78.0,24.0
1787958457.4,25.43,1916.2,2,1.500,1.498,1.0013,75.1256630056158,False,False,D,False,78.4,13.76,109550,2.48278,95.29,6.185,10.43,91.0,78.0,24.0
1787958457.6,26.14,1941.2,2,1.500,1.498,1.0013,76.22865201147096,False,False,D,False,78.4,13.76,109550,2.48434,95.29,6.227,10.42,91.0,78.0,24.0
1787958457.8,26.89,1973.2,2,1.500,1.498,1.0013,77.14411767697732,False,False,D,False,78.4,13.76,109550,2.48590,95.29,6.355,10.41,91.0,78.0,25.0
1787958458.0,27.39,1994.8,2,1.500,1.498,1.0013,77.71742397228809,False,False,D,False,78.4,13.76,109550,2.48707,95.29,6.580,10.40,91.0,79.0,25.0
1787958458.2,28.03,2006.8,3,1.500,1.000,1.5000,79.08580409164821,False,False,D,True,78.4,13.76,109550,2.48862,95.29,6.490,10.39,91.0,79.0,26.0
1787958458.4,28.88,2036.2,3,1.500,1.000,1.5000,79.08580409164821,False,False,D,True,78.4,13.76,109550,2.49018,95.29,6.669,10.38,91.0,79.0,26.0
1787958458.6,29.52,2042.8,3,1.460,1.000,1.4600,79.08580409164821,False,False,D,True,78.4,13.76,109550,2.49174,95.29,6.715,10.37,91.0,79.0,26.0
1787958458.8,30.10,1904.5,3,1.210,1.000,1.2100,79.08580409164821,False,False,D,True,78.4,13.76,109550,2.49524,95.29,6.669,10.36,91.0,80.0,26.0
1787958459.0,30.67,1868.8,3,1.000,1.000,1.0000,62.026929305576864,False,False,D,False,78.4,13.76,109550,2.49680,95.29,6.490,10.35,91.0,82.0,26.0
1787958459.2,31.18,1900.8,3,1.000,1.000,1.0000,61.98671206505316,False,False,D,False,78.4,13.76,109550,2.49836,95.29,6.490,10.35,91.0,83.0,26.0
1787958459.4,31.76,1921.2,3,1.000,1.000,1.0000,62.475984670723776,False,False,D,False,78.4,13.76,109550,2.50030,95.29,6.355,10.34,91.0,82.0,26.0
1787958459.6,32.34,1926.8,3,1.000,1.000,1.0000,63.43032842137063,False,False,D,False,78.4,13.76,109550,2.50186,95.29,6.580,10.33,91.0,82.0,27.0
1787958459.8,32.88,1920.5,3,1.000,1.000,1.0000,64.69933389975068,False,False,D,False,78.4,13.76,109550,2.50381,95.29,6.622,10.32,91.0,82.0,27.0
1787958460.0,33.43,1935.5,3,1.000,1.000,1.0000,65.2669072987843,False,False,D,False,78.4,13.76,109550,2.50576,95.29,6.490,10.31,91.0,82.0,27.0
1787958460.2,33.96,1953.5,3,1.000,1.000,1.0000,65.69080833056138,False,False,D,False,78.4,13.76,109550,2.50731,95.29,6.715,10.31,91.0,83.0,27.0
1787958460.4,34.74,1951.5,3,1.000,1.000,1.0000,67.28311233177207,False,False,D,False,78.4,13.75,109550,2.50926,95.29,6.715,10.30,91.0,82.0,27.0
1787958460.6,35.06,1958.2,3,1.000,1.000,1.0000,67.6542555619679,False,False,D,False,78.4,13.75,109550,2.51121,95.29,6.851,10.29,91.0,82.0,27.0
1787958460.8,35.50,1929.5,3,1.000,1.000,1.0000,69.5191910279877,False,False,D,False,78.4,13.75,109550,2.51315,95.29,4.614,10.28,91.0,77.0,13.0
1787958461.0,36.05,1754.5,3,1.000,1.000,1.0000,77.65947306946646,False,False,D,False,78.4,13.75,109550,2.51510,95.29,3.672,10.28,91.0,77.0,13.0
1787958461.2,36.31,1634.0,3,1.000,1.000,1.0000,83.97625613660686,False,False,D,False,78.4,13.75,109550,2.51744,95.29,3.477,10.28,91.0,55.0,13.0
1787958461.4,36.44,1611.2,3,1.000,1.000,1.0000,85.46686030010497,False,False,D,False,78.4,13.75,109550,2.51938,95.29,3.311,10.29,91.0,53.0,13.0
1787958461.6,36.66,1611.2,3,1.000,1.000,1.0000,85.98285122398045,False,False,D,False,78.4,13.75,109550,2.52133,95.29,3.311,10.29,91.0,53.0,13.0
1787958461.8,36.72,1630.8,3,1.000,1.000,1.0000,85.09373715436604,False,False,D,False,78.4,13.74,109550,2.52328,95.29,3.506,10.28,91.0,53.0,14.0
1787958462.1,36.83,1628.0,3,1.000,1.000,1.0000,85.49281759983393,False,False,D,False,78.4,13.74,109550,2.52523,95.29,3.820,10.28,91.0,54.0,15.0
1787958462.3,37.27,1547.8,3,1.000,1.000,1.0000,90.99989520576219,False,False,D,False,78.4,13.74,109550,2.52756,95.29,4.194,10.28,91.0,58.0,16.0
1787958462.5,37.50,1488.0,3,1.000,1.000,1.0000,95.30860478514116,True,False,D,False,78.4,13.74,109550,2.52951,95.29,4.321,10.28,91.0,63.0,18.0
1787958462.7,37.73,1503.0,3,1.000,1.000,1.0000,95.04854576861017,True,False,D,False,78.4,13.74,109550,2.53146,95.29,4.449,10.28,91.0,69.0,18.0
1787958462.9,38.04,1499.0,3,1.000,1.000,1.0000,96.1745811725197,True,False,D,False,78.4,13.74,109550,2.53340,95.29,4.678,10.28,91.0,74.0,19.0
1787958463.1,38.46,1504.2,3,1.000,1.000,1.0000,96.95393144008368,True,False,D,False,78.4,13.74,109550,2.53574,95.29,4.780,10.27,91.0,78.0,19.0
1787958463.3,38.66,1507.8,3,1.000,1.000,1.0000,97.300308090912,True,False,D,False,78.4,13.74,109550,2.53769,95.29,4.712,10.27,91.0,82.0,20.0
1787958463.5,39.21,1514.0,3,1.000,1.000,1.0000,98.2939459829517,True,False,D,False,78.4,13.71,109550,2.54002,95.29,4.920,10.27,91.0,82.0,20.0
1787958463.7,39.45,1523.0,3,1.000,1.000,1.0000,98.3629496230698,True,False,D,False,78.4,13.71,109550,2.54197,95.29,4.746,10.27,91.0,83.0,21.0
1787958463.9,39.67,1541.5,3,1.000,1.000,1.0000,97.7631821675785,True,False,D,False,78.4,13.71,109550,2.54431,95.29,4.954,10.26,91.0,83.0,21.0
1787958464.1,40.04,1550.5,3,1.000,1.000,1.0000,98.12024514518015,True,False,D,False,78.4,13.71,109550,2.54664,95.29,5.098,10.26,91.0,84.0,21.0
1787958464.3,40.19,1563.0,3,1.000,1.000,1.0000,97.73853905290704,True,False,D,False,78.4,13.71,109550,2.54859,95.29,5.022,10.26,91.0,84.0,22.0
1787958464.5,40.61,1575.8,3,1.000,1.000,1.0000,97.99796770500318,True,False,D,False,78.4,13.71,109550,2.55093,95.29,5.170,10.26,91.0,85.0,22.0
1787958464.7,40.95,1591.0,3,1.000,1.000,1.0000,97.92481610547534,True,False,D,False,78.4,13.71,109550,2.55326,95.29,5.315,10.25,91.0,85.0,22.0
1787958464.9,41.18,1590.0,3,1.000,1.000,1.0000,98.57425193631492,True,False,D,False,78.4,13.71,109550,2.55677,95.29,5.353,10.25,91.0,86.0,23.0
1787958465.1,41.72,1604.0,3,1.000,1.000,1.0000,99.0195605595277,True,False,D,False,78.4,13.71,109550,2.55871,95.29,5.535,10.25,91.0,86.0,24.0
1787958465.3,41.82,1618.0,3,1.000,1.000,1.0000,98.4323110168156,True,False,D,False,78.4,13.71,109550,2.56105,95.29,5.501,10.24,91.0,86.0,24.0
1787958465.5,42.20,1631.2,3,1.000,1.000,1.0000,98.5702872388361,True,False,D,False,78.4,13.71,109550,2.56339,95.29,5.650,10.24,91.0,87.0,24.0
1787958465.7,42.49,1641.0,3,1.000,1.000,1.0000,98.6727409169568,True,False,D,False,78.4,13.71,109550,2.56572,95.29,5.650,10.24,91.0,87.0,24.0
1787958465.9,42.84,1664.8,3,1.000,1.000,1.0000,98.11522183903475,True,False,D,False,78.4,13.71,109550,2.56806,95.29,5.692,10.23,91.0,87.0,24.0
1787958466.1,43.20,1675.2,3,1.000,1.000,1.0000,98.34205540579974,True,False,D,False,78.4,13.71,109550,2.57078,95.29,5.811,10.23,91.0,87.0,25.0
1787958466.3,43.48,1691.2,3,1.000,1.000,1.0000,98.07047327340455,True,False,D,False,78.4,13.71,109550,2.57312,95.29,5.773,10.23,91.0,86.0,25.0
1787958466.5,43.48,1695.5,3,1.000,1.000,1.0000,97.84938216063837,True,False,D,False,78.4,13.78,109550,2.57546,95.29,5.892,10.22,91.0,86.0,25.0
1787958466.7,43.84,1700.0,3,1.000,1.000,1.0000,98.4229715631015,True,False,D,False,78.4,13.78,109550,2.57779,95.29,5.854,10.22,91.0,86.0,25.0
1787958466.9,44.34,1710.5,3,1.000,1.000,1.0000,98.95597474323131,True,False,D,False,78.4,13.76,109550,2.58013,95.29,5.854,10.22,91.0,87.0,26.0
1787958467.1,44.41,1718.0,3,1.000,1.000,1.0000,98.70534080310794,True,False,D,False,78.4,13.76,109550,2.58285,95.29,6.057,10.21,91.0,86.0,26.0
1787958467.3,44.81,1730.8,3,1.000,1.000,1.0000,98.88462266835774,True,False,D,False,78.4,13.76,109550,2.58519,95.29,6.057,10.21,91.0,86.0,26.0
1787958467.5,45.10,1744.0,3,1.000,1.000,1.0000,98.80359456140697,True,False,D,False,78.4,13.76,109550,2.58753,95.29,6.227,10.20,91.0,86.0,26.0
1787958467.7,45.32,1758.5,3,1.000,1.000,1.0000,98.49480233969003,True,False,D,False,78.4,13.76,109550,2.59025,95.29,6.185,10.20,91.0,86.0,26.0
1787958467.9,45.68,1774.2,3,1.000,1.000,1.0000,98.43261919528594,True,False,D,False,78.4,13.76,109550,2.59337,95.29,6.227,10.20,91.0,86.0,26.0
1787958468.1,46.08,1786.5,3,1.000,1.000,1.0000,98.63915176444436,True,False,D,False,78.4,13.76,109550,2.59609,95.29,6.312,10.20,91.0,86.0,26.0
1787958468.3,46.27,1793.8,3,1.000,1.000,1.0000,98.66307446978834,True,False,D,False,78.4,13.76,109550,2.59843,95.29,6.355,10.19,91.0,86.0,26.0
1787958468.5,46.69,1801.2,3,1.000,1.000,1.0000,99.1720409061564,True,False,D,False,78.4,13.76,109550,2.60116,95.29,6.355,10.18,91.0,86.0,26.0
1787958468.7,47.02,1813.0,3,1.000,1.000,1.0000,99.24988879404609,True,False,D,False,78.4,13.76,109550,2.60349,95.29,6.490,10.18,91.0,86.0,26.0
1787958469.0,47.10,1825.5,3,1.000,1.000,1.0000,98.7583787738812,True,False,D,False,78.4,13.76,109550,2.60622,95.29,6.401,10.18,91.0,86.0,26.0
1787958469.2,47.62,1842.8,3,1.000,1.000,1.0000,98.9413112279155,True,False,D,False,78.4,13.76,109550,2.60894,95.29,6.580,10.17,91.0,85.0,26.0
1787958469.4,47.73,1850.5,3,1.000,1.000,1.0000,98.7902232365028,True,False,D,False,78.4,13.76,109550,2.61167,95.29,6.580,10.17,91.0,85.0,26.0
1787958469.6,48.21,1863.0,3,1.000,1.000,1.0000,99.11634179538093,True,False,D,False,78.4,13.75,109550,2.61401,95.29,6.669,10.16,91.0,85.0,26.0
1787958469.8,48.35,1879.2,3,1.000,1.000,1.0000,98.57671408821537,True,False,D,False,78.4,13.75,109550,2.61673,95.29,6.533,10.16,91.0,85.0,26.0
1787958470.0,48.89,1890.2,3,1.000,1.000,1.0000,99.12168483446732,True,False,D,False,78.4,13.75,109550,2.61946,95.29,6.715,10.16,91.0,85.0,26.0
1787958470.2,48.87,1897.8,3,1.000,1.000,1.0000,98.70263034542707,True,False,D,False,78.4,13.75,109550,2.62218,95.29,6.580,10.15,91.0,85.0,26.0
1787958470.4,49.37,1908.5,3,1.000,1.000,1.0000,99.17051038560722,True,False,D,False,78.4,13.75,109550,2.62491,95.29,6.715,10.15,91.0,85.0,26.0
1787958470.6,49.69,1920.0,3,1.000,1.000,1.0000,99.23688918198673,True,False,D,False,78.4,13.75,109550,2.62763,95.29,6.805,10.14,91.0,84.0,26.0
1787958470.8,49.99,1932.2,3,1.000,1.000,1.0000,99.2229011874155,True,False,D,False,78.4,13.75,109550,2.63036,95.29,6.622,10.14,91.0,84.0,26.0
1787958471.0,50.19,1942.0,3,1.000,1.000,1.0000,99.13142397141539,True,False,D,False,78.4,13.75,109550,2.63309,95.29,6.715,10.14,91.0,83.0,27.0
1787958471.2,50.60,1961.5,3,1.000,1.000,1.0000,98.98135505694675,True,False,D,False,78.4,13.75,109550,2.63737,95.29,6.715,10.13,91.0,82.0,27.0
1787958471.4,50.95,1976.8,3,1.000,1.000,1.0000,98.90555395129408,True,False,D,False,78.4,13.75,109550,2.64009,95.29,6.945,10.13,91.0,82.0,27.0
1787958471.6,51.42,1990.0,3,1.000,1.000,1.0000,99.17534962207837,True,False,D,False,78.4,13.75,109550,2.64282,95.29,6.805,10.13,91.0,82.0,27.0
1787958471.8,51.63,2001.5,3,1.000,1.000,1.0000,99.03468243884089,True,False,D,False,78.4,13.75,109550,2.64594,95.29,6.851,10.12,91.0,82.0,27.0
1787958472.0,52.14,2015.0,3,1.000,1.000,1.0000,99.35181428553686,True,False,D,False,78.4,13.75,109550,2.64866,95.29,7.038,10.12,91.0,81.0,27.0
1787958472.2,52.41,2031.5,4,1.000,0.726,1.3774,99.25790012850284,True,False,D,True,78.4,13.75,109550,2.65139,95.29,6.991,10.11,91.0,81.0,27.0
1787958472.4,52.78,2069.8,4,1.000,0.726,1.3774,99.25790012850284,True,False,D,True,78.4,13.75,109550,2.65450,95.29,6.991,10.11,91.0,81.0,27.0
1787958472.6,53.10,2054.8,4,0.940,0.726,1.2948,99.25790012850284,False,False,D,True,78.4,13.75,109550,2.65723,95.29,7.085,10.11,91.0,80.0,27.0
1787958472.8,53.21,2031.5,4,0.780,0.726,1.0744,99.25790012850284,False,False,D,True,78.4,13.69,109550,2.66034,95.29,6.945,10.10,91.0,81.0,27.0
1787958473.0,53.65,2007.8,4,0.730,0.726,1.0055,74.48217984710328,False,False,D,False,78.4,13.69,109550,2.66346,95.29,6.945,10.10,91.0,81.0,27.0
1787958473.2,54.05,2008.8,4,0.730,0.726,1.0055,75.01407276212991,False,False,D,False,78.4,13.69,109550,2.66618,95.29,6.758,10.09,91.0,81.0,27.0
1787958473.4,54.11,2000.8,4,0.720,0.726,0.9917,75.39761366969715,False,False,D,False,78.4,13.69,109550,2.66930,95.29,6.898,10.09,91.0,81.0,27.0
1787958473.6,54.51,2003.0,4,0.720,0.726,0.9917,75.85916842902844,False,False,D,False,78.4,13.69,109550,2.67241,95.29,6.758,10.09,91.0,81.0,27.0
1787958473.8,55.02,2012.5,4,0.730,0.726,1.0055,76.21096494632425,False,False,D,False,78.4,13.69,109550,2.67514,95.29,6.945,10.09,91.0,81.0,27.0
1787958474.0,55.04,2011.0,4,0.730,0.726,1.0055,76.29899964582141,False,False,D,False,78.4,13.69,109550,2.67825,95.29,6.898,10.08,91.0,81.0,27.0
1787958474.2,55.48,2008.5,4,0.730,0.726,1.0055,77.00464964152988,False,False,D,False,78.4,13.69,109550,2.68137,95.29,6.898,10.08,91.0,81.0,27.0
1787958474.4,55.71,2012.5,4,0.730,0.726,1.0055,77.17018147168466,False,False,D,False,78.4,13.69,109550,2.68448,95.29,6.945,10.07,91.0,81.0,27.0
1787958474.6,55.82,2024.0,4,0.730,0.726,1.0055,76.8797721363893,False,False,D,False,78.4,13.69,109550,2.68760,95.29,6.945,10.07,91.0,81.0,27.0
1787958474.8,56.16,2008.2,4,0.720,0.726,0.9917,77.95813114759169,False,False,D,False,78.4,13.69,109550,2.69072,95.29,6.851,10.07,91.0,81.0,27.0
1787958475.1,56.28,2019.0,4,0.730,0.726,1.0055,77.70182891556578,False,False,D,False,78.4,13.69,109550,2.69461,95.29,6.898,10.07,91.0,82.0,27.0
1787958475.3,56.57,2033.8,4,0.730,0.726,1.0055,77.53578408162164,False,False,D,False,78.4,13.69,109550,2.69772,95.29,6.945,10.06,91.0,82.0,27.0
1787958475.5,56.85,2013.0,4,0.730,0.726,1.0055,78.7193065009037,False,False,D,False,78.4,13.69,109550,2.70084,95.29,5.692,10.06,91.0,80.0,21.0
1787958475.7,57.09,1930.8,4,0.730,0.726,1.0055,82.42648173779686,False,False,D,False,78.4,13.69,109550,2.70395,95.29,5.650,10.06,91.0,74.0,21.0
1787958475.9,57.35,1755.8,4,0.730,0.726,1.0055,91.05493918061393,False,False,D,False,78.4,13.77,109550,2.70707,95.29,5.425,10.06,91.0,73.0,21.0
1787958476.1,57.58,1606.0,4,0.730,0.726,1.0055,99.97412032125246,True,False,D,False,78.4,13.77,109550,2.71018,95.29,5.132,10.06,91.0,73.0,21.0
1787958476.3,57.55,1620.0,4,0.730,0.726,1.0055,99.08376125024424,True,False,D,False,78.4,13.77,109550,2.71330,95.29,4.988,10.06,91.0,77.0,21.0
1787958476.5,57.94,1625.8,4,0.730,0.726,1.0055,99.40742318244085,True,False,D,False,78.4,13.77,109550,2.71641,95.29,4.954,10.07,91.0,78.0,21.0
1787958476.7,58.19,1629.2,4,0.730,0.726,1.0055,99.63340938189181,True,False,D,False,78.4,13.77,109550,2.71992,95.29,4.580,10.07,91.0,78.0,18.0
1787958476.9,58.01,1630.0,4,0.720,0.726,0.9917,99.29235118998186,True,False,D,False,78.4,13.77,109550,2.72303,95.29,4.037,10.07,91.0,77.0,15.0
1787958477.1,58.20,1638.2,4,0.720,0.726,0.9917,99.1230238143146,True,False,D,False,78.4,13.77,109550,2.72615,95.29,3.914,10.07,91.0,71.0,15.0
1787958477.3,58.47,1640.8,4,0.720,0.726,0.9917,99.4549426221025,True,False,D,False,78.4,13.77,109550,2.72926,95.29,3.850,10.08,91.0,68.0,15.0
1787958477.5,58.56,1640.2,4,0.720,0.726,0.9917,99.64850640094136,True,False,D,False,78.4,13.77,109550,2.73277,95.29,3.850,10.08,91.0,68.0,15.0
1787958477.7,58.42,1643.5,4,0.730,0.726,1.0055,99.22018094508329,True,False,D,False,78.4,13.77,109550,2.73744,95.29,3.791,10.09,91.0,63.0,12.0
1787958477.9,58.55,1639.5,4,0.730,0.726,1.0055,99.69166800866759,True,False,D,False,78.4,13.77,109550,2.74056,95.29,3.095,10.09,91.0,59.0,12.0
1787958478.1,58.69,1644.2,4,0.730,0.726,1.0055,99.65406653340885,True,False,D,False,78.4,13.77,109550,2.74406,95.29,3.095,10.10,91.0,56.0,12.0
1787958478.3,58.65,1644.2,4,0.730,0.726,1.0055,99.59471394560263,True,False,D,False,78.4,13.77,109550,2.74718,95.29,3.065,10.11,91.0,56.0,12.0
1787958478.5,58.61,1645.2,4,0.720,0.726,0.9917,99.47039528085828,True,False,D,False,78.4,13.77,109550,2.75029,95.29,3.065,10.11,91.0,53.0,12.0
1787958478.7,58.49,1648.0,4,0.720,0.726,0.9917,99.12966768553984,True,False,D,False,78.4,13.77,109550,2.75380,95.29,3.421,10.12,91.0,53.0,14.0
1787958478.9,58.88,1651.5,4,0.720,0.726,0.9917,99.58199294991152,True,False,D,False,78.4,13.75,109550,2.75691,95.29,3.791,10.12,91.0,57.0,15.0
1787958479.1,59.03,1653.0,4,0.730,0.726,1.0055,99.76017384754157,True,False,D,False,78.4,13.75,109550,2.76003,95.29,4.160,10.12,91.0,61.0,16.0
1787958479.3,58.98,1654.5,4,0.730,0.726,1.0055,99.59176499980815,True,False,D,False,78.4,13.75,109550,2.76353,95.29,4.130,10.13,91.0,63.0,16.0
1787958479.5,59.15,1659.8,4,0.730,0.726,1.0055,99.56920102100759,True,False,D,False,78.4,13.75,109550,2.76665,95.29,4.449,10.13,91.0,67.0,17.0
1787958479.7,59.07,1660.5,4,0.730,0.726,1.0055,99.40833358782305,True,False,D,False,78.4,13.75,109550,2.76976,95.29,4.512,10.13,91.0,69.0,17.0
1787958479.9,59.04,1663.5,4,0.730,0.726,1.0055,99.18178745430356,True,False,D,False,78.4,13.75,109550,2.77327,95.29,4.546,10.14,91.0,71.0,18.0
1787958480.1,59.42,1666.8,4,0.730,0.726,1.0055,99.63406774786485,True,False,D,False,78.4,13.75,109550,2.77638,95.29,4.614,10.14,91.0,72.0,18.0
1787958480.3,59.48,1672.0,4,0.720,0.726,0.9917,99.44403121960515,True,False,D,False,78.4,13.75,109550,2.77988,95.29,4.580,10.14,91.0,72.0,18.0
1787958480.5,59.72,1674.2,4,0.720,0.726,0.9917,99.70697200977818,True,False,D,False,78.4,13.75,109550,2.78300,95.29,4.678,10.14,91.0,73.0,18.0
1787958480.7,59.75,1678.5,4,0.730,0.726,1.0055,99.51555203048291,True,False,D,False,78.4,13.75,109550,2.78611,94.12,4.814,10.14,91.0,74.0,19.0
1787958480.9,60.05,1682.8,4,0.730,0.726,1.0055,99.77096194504644,True,False,D,False,78.4,13.75,109550,2.78962,95.29,4.920,10.15,91.0,74.0,19.0
1787958481.2,60.26,1688.0,4,0.730,0.726,1.0055,99.82159284994266,True,False,D,False,78.4,13.75,109550,2.79351,95.29,4.886,10.15,91.0,75.0,19.0
1787958481.4,60.29,1689.2,4,0.730,0.726,1.0055,99.80561872124056,True,False,D,False,78.4,13.75,109550,2.79702,95.29,4.886,10.15,91.0,75.0,19.0
1787958481.6,60.38,1693.0,4,0.730,0.726,1.0055,99.74635372763584,True,False,D,False,78.4,13.75,109550,2.80052,95.29,4.954,10.16,91.0,75.0,19.0
1787958481.8,60.31,1699.2,4,0.730,0.726,1.0055,99.26963353075676,True,False,D,False,78.4,13.75,109550,2.80364,95.29,5.022,10.16,91.0,76.0,19.0
1787958482.0,60.36,1701.5,4,0.730,0.726,1.0055,99.22620802043416,True,False,D,False,78.4,13.76,109550,2.80714,95.29,5.022,10.16,91.0,76.0,19.0
1787958482.2,60.57,1707.8,4,0.720,0.726,0.9917,99.21413342162495,True,False,D,False,78.4,13.76,109550,2.81026,95.29,5.060,10.16,91.0,76.0,20.0
1787958482.4,60.85,1708.0,4,0.720,0.726,0.9917,99.66908031651646,True,False,D,False,78.4,13.76,109550,2.81376,95.29,5.060,10.16,91.0,76.0,20.0
1787958482.6,60.86,1697.5,4,0.730,0.726,1.0055,100,True,False,D,False,78.4,13.76,109550,2.81727,95.29,5.060,10.17,91.0,75.0,0.0
1787958482.8,60.92,1705.0,4,0.720,0.726,0.9917,99.95874184967688,True,False,D,False,78.4,13.76,109550,2.82038,95.29,1.015,10.18,91.0,52.0,0.0
1787958483.0,60.87,1701.0,4,0.730,0.726,1.0055,100,True,False,D,False,78.4,13.76,109550,2.82389,95.29,1.053,10.19,91.0,36.0,0.0
1787958483.2,60.45,1711.5,4,0.720,0.726,0.9917,98.80977018237117,True,False,D,False,78.4,13.76,109550,2.82700,95.29,1.002,10.21,91.0,32.0,0.0
1787958483.4,59.92,1696.0,4,0.730,0.726,1.0055,98.85020616155066,True,False,D,False,78.4,13.76,109550,2.83050,95.29,1.040,10.22,91.0,27.0,1.0
1787958483.6,59.95,1670.5,4,0.730,0.726,1.0055,100,True,False,D,False,78.4,13.76,109550,2.83557,95.29,1.015,10.24,91.0,23.0,1.0
1787958483.8,59.64,1687.2,4,0.730,0.726,1.0055,98.91524852695977,True,False,D,False,78.4,13.76,109550,2.83868,95.29,1.065,10.25,91.0,23.0,3.0
1787958484.0,59.47,1666.2,4,0.730,0.726,1.0055,99.87951649649766,True,False,D,False,78.4,13.76,109550,2.84219,95.29,1.464,10.26,91.0,26.0,6.0
1787958484.2,59.45,1692.5,4,0.730,0.726,1.0055,98.32647257237022,True,False,D,False,78.4,13.76,109550,2.84530,95.29,2.114,10.27,91.0,29.0,7.0
1787958484.4,59.18,1716.8,4,0.730,0.726,1.0055,96.55049196770389,True,False,D,False,78.4,13.76,109550,2.84842,95.29,2.173,10.28,91.0,32.0,7.0
1787958484.6,59.03,1716.8,4,0.730,0.726,1.0055,96.37877168442762,True,False,D,False,78.4,13.76,109550,2.85192,95.29,2.296,10.29,91.0,34.0,8.0
1787958484.8,59.10,1720.8,4,0.730,0.726,1.0055,96.33754192867296,True,False,D,False,78.4,13.78,109550,2.85504,95.29,2.258,10.29,91.0,35.0,8.0
1787958485.0,58.93,1725.2,4,0.730,0.726,1.0055,95.89412386503034,True,False,D,False,78.4,13.78,109550,2.85854,95.29,2.475,10.30,91.0,37.0,9.0
1787958485.2,58.82,1729.8,4,0.730,0.726,1.0055,95.55431233383055,True,False,D,False,78.4,13.78,109550,2.86166,95.29,2.475,10.31,91.0,38.0,9.0
1787958485.4,58.84,1731.8,4,0.720,0.726,0.9917,95.57517566644488,True,False,D,False,78.4,13.78,109550,2.86477,95.29,2.611,10.31,91.0,39.0,9.0
1787958485.6,58.92,1735.5,4,0.730,0.726,1.0055,95.58187447493947,True,False,D,False,78.4,13.78,109550,2.86828,95.29,2.700,10.32,91.0,40.0,10.0
1787958485.8,58.88,1743.0,4,0.730,0.726,1.0055,95.20747997632377,True,False,D,False,78.4,13.78,109550,2.87139,92.94,2.700,10.33,91.0,41.0,10.0
1787958486.0,58.81,1747.8,4,0.730,0.726,1.0055,94.89575115394415,False,False,D,False,78.4,13.78,109550,2.87451,95.29,2.840,10.33,91.0,42.0,11.0
1787958486.2,58.84,1755.2,4,0.730,0.726,1.0055,94.65841703870866,True,False,D,False,78.4,13.78,109550,2.87801,95.29,2.861,10.34,91.0,44.0,11.0
1787958486.4,58.75,1763.5,4,0.730,0.726,1.0055,94.20163851080055,True,False,D,False,78.4,13.78,109550,2.88113,95.29,3.150,10.34,91.0,45.0,12.0
1787958486.7,58.75,1647.0,4,0.730,0.726,1.0055,100,True,False,D,False,78.4,13.78,109550,2.88424,95.29,3.205,10.35,91.0,47.0,12.0
1787958486.9,58.67,1653.0,4,0.730,0.726,1.0055,100,True,False,D,False,78.4,13.77,109550,2.88774,95.29,3.175,10.35,91.0,50.0,12.0
1787958487.1,58.50,1649.8,4,0.730,0.726,1.0055,100,True,False,D,False,78.4,13.77,109550,2.89047,95.29,3.311,10.36,91.0,51.0,13.0
1787958487.3,58.61,1646.5,4,0.730,0.726,1.0055,100,True,False,D,False,78.4,13.77,109550,2.89475,95.29,3.311,10.36,91.0,53.0,13.0
1787958487.5,58.75,1647.0,4,0.730,0.726,1.0055,100,True,False,D,False,78.4,13.77,109550,2.89787,95.29,3.366,10.37,91.0,55.0,13.0
1787958487.7,58.72,1648.8,4,0.730,0.726,1.0055,100,True,False,D,False,78.4,13.77,109550,2.90137,95.29,3.421,10.37,91.0,55.0,13.0
1787958487.9,58.84,1648.8,4,0.730,0.726,1.0055,100,True,False,D,False,78.4,13.77,109550,2.90449,95.29,3.506,10.38,91.0,56.0,13.0
1787958488.1,58.59,1649.0,4,0.730,0.726,1.0055,100,True,False,D,False,78.4,13.77,109550,2.90760,95.29,3.561,10.38,91.0,57.0,14.0
1787958488.3,58.62,1650.2,4,0.730,0.726,1.0055,100,True,False,D,False,78.4,13.77,109550,2.91111,95.29,3.617,10.39,91.0,57.0,14.0
1787958488.5,58.97,1653.0,4,0.730,0.726,1.0055,100,True,False,D,False,78.4,13.77,109550,2.91422,95.29,3.561,10.39,91.0,58.0,14.0
1787958488.7,58.96,1656.0,4,0.730,0.726,1.0055,100,True,False,D,False,78.4,13.77,109550,2.91773,95.29,3.617,10.40,91.0,58.0,14.0
1787958488.9,59.06,1656.5,4,0.730,0.726,1.0055,100,True,False,D,False,78.4,13.77,109550,2.92084,95.29,3.646,10.40,91.0,59.0,14.0
1787958489.1,58.97,1656.5,4,0.730,0.726,1.0055,100,True,False,D,False,78.4,13.77,109550,2.92396,95.29,3.587,10.40,91.0,59.0,14.0
1787958489.3,59.11,1659.0,4,0.730,0.726,1.0055,100,True,False,D,False,78.4,13.77,109550,2.92902,95.29,3.702,10.41,91.0,59.0,14.0
1787958489.5,59.14,1659.2,4,0.730,0.726,1.0055,100,True,False,D,False,78.4,13.77,109550,2.93213,95.29,3.702,10.42,91.0,60.0,14.0
1787958489.7,59.17,1662.0,4,0.730,0.726,1.0055,100,True,False,D,False,78.4,13.77,109550,2.93564,95.29,3.761,10.42,91.0,60.0,14.0
1787958489.9,59.39,1666.5,4,0.730,0.726,1.0055,100,True,False,D,False,78.4,13.77,109550,2.93875,95.29,3.791,10.42,91.0,60.0,14.0
1787958490.1,59.40,1667.2,4,0.730,0.726,1.0055,100,True,False,D,False,78.4,13.77,109550,2.94187,95.29,3.702,10.43,91.0,61.0,14.0
1787958490.3,59.39,1668.2,4,0.720,0.726,0.9917,100,True,False,D,False,78.4,13.77,109550,2.94537,95.29,3.791,10.43,91.0,61.0,14.0
1787958490.5,59.52,1672.0,4,0.730,0.726,1.0055,100,True,False,D,False,78.4,13.77,109550,2.94849,95.29,3.914,10.43,91.0,61.0,14.0
1787958490.7,59.53,1672.0,4,0.730,0.726,1.0055,100,True,False,D,False,78.4,13.77,109550,2.95199,95.29,3.791,10.44,91.0,62.0,15.0
1787958490.9,59.55,1676.5,4,0.720,0.726,0.9917,100,True,False,D,False,78.4,13.77,109550,2.95511,95.29,3.761,10.44,91.0,63.0,15.0
1787958491.1,59.56,1674.2,4,0.730,0.726,1.0055,100,True,False,D,False,78.4,13.77,109550,2.95861,95.29,3.761,10.45,91.0,63.0,15.0
1787958491.3,59.58,1677.5,4,0.720,0.726,0.9917,100,True,False,D,False,78.4,13.78,109550,2.96173,95.29,3.944,10.45,91.0,63.0,15.0
1787958491.5,59.72,1676.5,4,0.730,0.726,1.0055,100,True,False,D,False,78.4,13.78,109550,2.96523,95.29,3.880,10.45,91.0,64.0,15.0
1787958491.7,59.79,1679.5,4,0.720,0.726,0.9917,100,True,False,D,False,78.4,13.78,109550,2.96835,95.29,3.973,10.46,91.0,64.0,15.0
1787958491.9,59.92,1684.8,4,0.720,0.726,0.9917,100,True,False,D,False,78.4,13.78,109550,2.97185,95.29,4.003,10.46,91.0,64.0,15.0
1787958492.1,59.99,1684.8,4,0.720,0.726,0.9917,100,True,False,D,False,78.4,13.78,109550,2.97497,95.29,4.003,10.46,91.0,64.0,15.0
1787958492.3,60.02,1687.5,4,0.730,0.726,1.0055,100,True,False,D,False,78.4,13.78,109550,2.97847,95.29,4.003,10.47,91.0,65.0,15.0
1787958492.5,60.19,1687.2,4,0.730,0.726,1.0055,100,True,False,D,False,78.4,13.78,109550,2.98159,95.29,4.224,10.47,91.0,65.0,15.0
1787958492.8,60.20,1690.8,4,0.720,0.726,0.9917,100,True,False,D,False,78.4,13.78,109550,2.98509,95.29,4.258,10.47,91.0,67.0,15.0
1787958493.0,60.15,1703.2,4,0.720,0.726,0.9917,99.54106165305086,True,False,D,False,78.4,13.78,109550,2.98821,95.29,4.385,10.47,91.0,67.0,16.0
1787958493.2,60.11,1697.5,4,0.730,0.726,1.0055,99.80604615397729,True,False,D,False,78.4,13.78,109550,2.99249,95.29,4.321,10.48,91.0,68.0,16.0
1787958493.4,60.34,1693.2,4,0.720,0.726,0.9917,100,True,False,D,False,78.4,13.78,109550,2.99560,95.29,4.449,10.48,91.0,69.0,16.0
1787958493.6,60.18,1682.2,4,0.730,0.726,1.0055,100,True,False,D,False,78.4,13.78,109550,2.99911,95.29,3.672,10.49,91.0,67.0,1.0
1787958493.8,60.35,1688.0,4,0.730,0.726,1.0055,100,True,False,D,False,78.4,13.78,109550,3.00222,95.29,1.401,10.50,91.0,49.0,1.0
1787958494.0,60.25,1670.0,4,0.720,0.726,0.9917,100,True,False,D,False,78.4,13.78,109550,3.00573,95.29,1.388,10.51,91.0,37.0,1.0
1787958494.2,59.92,1682.2,4,0.730,0.726,1.0055,100,True,False,D,False,78.4,13.78,109550,3.00884,95.29,1.172,10.52,91.0,29.0,1.0
1787958494.4,59.61,1678.5,4,0.730,0.726,1.0055,100,True,False,D,False,78.4,13.44,109550,3.01235,95.29,1.872,10.54,91.0,27.0,4.0
1787958494.6,59.41,1624.8,4,0.730,0.726,1.0055,100,True,False,D,False,78.4,13.44,109550,3.01546,95.29,2.033,10.55,91.0,29.0,5.0
1787958494.8,59.26,1631.0,4,0.720,0.726,0.9917,100,True,False,D,False,78.4,13.57,109550,3.01897,95.29,2.173,10.56,91.0,32.0,5.0
1787958495.0,59.08,1640.5,4,0.730,0.726,1.0055,100,True,False,D,False,78.4,13.57,109550,3.02208,95.29,2.173,10.56,91.0,34.0,6.0
1787958495.2,58.54,1662.2,4,0.730,0.726,1.0055,99.06563363399208,True,False,D,False,78.4,13.57,109550,3.02715,95.29,2.386,10.57,91.0,37.0,7.0
1787958495.4,58.81,1668.5,4,0.730,0.726,1.0055,99.17378525495714,True,False,D,False,78.4,13.57,109550,3.03026,95.29,2.407,10.58,91.0,37.0,7.0
1787958495.6,58.52,1674.8,4,0.730,0.726,1.0055,98.33638878892032,True,False,D,False,78.4,13.57,109550,3.03338,95.29,2.449,10.59,91.0,39.0,7.0
1787958495.8,58.48,1677.5,4,0.730,0.726,1.0055,98.14622382482854,True,False,D,False,78.4,13.57,109550,3.03688,95.29,2.517,10.59,91.0,40.0,8.0
1787958496.0,58.33,1676.5,4,0.730,0.726,1.0055,98.00072365607419,True,False,D,False,78.4,13.57,109550,3.04000,95.29,2.538,10.60,91.0,41.0,8.0
1787958496.2,58.08,1677.5,4,0.730,0.726,1.0055,97.55853070741493,True,False,D,False,78.4,13.57,109550,3.04311,95.29,2.632,10.60,91.0,42.0,8.0
1787958496.4,58.09,1675.2,4,0.730,0.726,1.0055,97.75920500412273,True,False,D,False,78.4,13.57,109550,3.04623,95.29,2.611,10.61,91.0,42.0,8.0
1787958496.6,57.92,1676.0,4,0.730,0.726,1.0055,97.47112586304722,True,False,D,False,78.4,13.57,109550,3.04973,95.29,2.814,10.62,91.0,43.0,8.0
1787958496.8,58.02,1678.2,4,0.730,0.726,1.0055,97.54774052508427,False,False,D,False,78.4,13.57,109550,3.05284,95.29,2.772,10.62,91.0,44.0,8.0
1787958497.0,57.91,1675.8,4,0.730,0.726,1.0055,97.55746307528726,True,False,D,False,78.4,13.57,109550,3.05596,95.29,2.700,10.63,91.0,44.0,9.0
1787958497.2,57.55,1677.0,4,0.730,0.726,1.0055,96.95196642354118,True,False,D,False,78.4,13.57,109550,3.05908,95.29,2.700,10.63,91.0,45.0,9.0
1787958497.4,57.53,1679.0,4,0.730,0.726,1.0055,96.84630911564214,True,False,D,False,78.4,13.76,109550,3.06219,95.29,2.840,10.64,91.0,45.0,9.0
1787958497.6,57.60,1606.5,4,0.730,0.726,1.0055,100,True,False,D,False,78.4,13.76,109550,3.06531,95.29,2.814,10.64,91.0,45.0,9.0
1787958497.8,57.58,1614.8,4,0.730,0.726,1.0055,100,True,False,D,False,78.4,13.76,109550,3.06881,95.29,2.840,10.65,91.0,47.0,9.0
1787958498.0,57.48,1614.0,4,0.730,0.726,1.0055,100,True,False,D,False,78.4,13.76,109550,3.07192,95.29,2.793,10.65,91.0,48.0,9.0
1787958498.2,57.52,1612.0,4,0.730,0.726,1.0055,100,True,False,D,False,78.4,13.76,109550,3.07504,95.29,2.861,10.66,91.0,49.0,10.0
1787958498.4,57.51,1613.8,4,0.720,0.726,0.9917,100,True,False,D,False,78.4,13.76,109550,3.07816,95.29,2.912,10.66,91.0,49.0,10.0
1787958498.7,57.32,1610.5,4,0.720,0.726,0.9917,100,True,False,D,False,78.4,13.76,109550,3.08127,95.29,2.937,10.67,91.0,50.0,10.0
1787958498.9,57.34,1607.0,4,0.730,0.726,1.0055,100,True,False,D,False,78.4,13.76,109550,3.08439,95.29,2.912,10.67,91.0,51.0,10.0
1787958499.1,57.32,1608.8,4,0.720,0.726,0.9917,100,True,False,D,False,78.4,13.76,109550,3.08750,95.29,2.912,10.68,91.0,51.0,10.0
1787958499.3,57.28,1607.2,4,0.730,0.726,1.0055,100,True,False,D,False,78.4,13.76,109550,3.09178,95.29,3.039,10.68,91.0,51.0,10.0
1787958499.5,57.15,1605.8,4,0.730,0.726,1.0055,100,True,False,D,False,78.4,13.76,109550,3.09490,95.29,3.039,10.69,91.0,52.0,10.0
1787958499.7,56.98,1605.8,4,0.730,0.726,1.0055,100,True,False,D,False,78.4,13.76,109550,3.09801,95.29,3.039,10.69,91.0,52.0,10.0
1787958499.9,57.18,1604.5,4,0.730,0.726,1.0055,100,True,False,D,False,78.4,13.76,109550,3.10113,95.29,2.861,10.70,91.0,52.0,10.0
1787958500.1,57.16,1612.2,4,0.720,0.726,0.9917,100,True,False,D,False,78.4,13.76,109550,3.10424,95.29,2.611,10.71,91.0,51.0,4.0
1787958500.3,57.12,1598.5,4,0.730,0.726,1.0055,100,True,False,D,False,78.4,13.76,109550,3.10736,95.29,1.078,10.72,91.0,39.0,0.0
1787958500.5,57.01,1566.5,4,0.730,0.726,1.0055,100,True,False,D,False,78.4,13.85,109550,3.11047,95.29,1.091,10.73,91.0,34.0,0.0
1787958500.7,56.77,1576.0,4,0.730,0.726,1.0055,100,True,False,D,False,78.4,13.85,109550,3.11359,95.29,1.065,10.74,91.0,27.0,0.0
1787958500.9,56.59,1576.0,4,0.730,0.726,1.0055,100,True,False,D,False,78.4,13.93,109550,3.11670,95.29,1.040,10.75,91.0,24.0,0.0
1787958501.1,56.44,1581.2,4,0.730,0.726,1.0055,100,True,False,D,False,78.4,13.93,109550,3.11982,95.29,1.015,10.76,91.0,24.0,0.0
1787958501.3,56.16,1583.0,4,0.730,0.726,1.0055,100,True,False,D,False,78.4,13.93,109550,3.12449,95.29,1.027,10.77,91.0,22.0,0.0
1787958501.5,55.72,1573.8,4,0.720,0.726,0.9917,99.82693844914223,True,False,D,False,78.4,13.93,109550,3.12761,95.29,1.065,10.79,91.0,22.0,0.0
1787958501.7,55.67,1558.0,4,0.730,0.726,1.0055,100,True,False,D,False,78.4,13.93,109550,3.13072,95.29,1.078,10.80,91.0,22.0,0.0
1787958501.9,55.45,1551.0,4,0.730,0.726,1.0055,100,True,False,D,False,78.4,13.93,109550,3.13384,95.29,1.027,10.81,91.0,22.0,0.0
1787958502.1,55.12,1543.5,4,0.730,0.726,1.0055,100,True,False,D,False,78.4,13.93,109550,3.13695,95.29,1.053,10.82,91.0,22.0,0.0
1787958502.3,54.75,1533.5,4,0.730,0.726,1.0055,100,True,False,D,False,78.4,13.93,109550,3.14007,95.29,1.065,10.83,91.0,22.0,0.0
1787958502.5,54.60,1527.2,4,0.730,0.726,1.0055,100,True,False,D,False,78.4,13.93,109550,3.14279,95.29,1.078,10.84,91.0,22.0,0.0
1787958502.7,54.38,1520.5,4,0.730,0.726,1.0055,100,True,False,D,False,78.4,13.93,109550,3.14591,95.29,1.053,10.85,91.0,22.0,0.0
1787958502.9,53.92,1513.0,4,0.720,0.726,0.9917,100,True,False,D,False,78.4,13.93,109550,3.14902,95.29,1.027,10.86,91.0,22.0,0.0
1787958503.1,53.75,1504.5,4,0.730,0.726,1.0055,100,True,False,D,False,78.4,13.93,109550,3.15175,95.29,1.078,10.87,91.0,22.0,0.0
1787958503.3,53.52,1496.8,4,0.730,0.726,1.0055,100,True,False,D,False,78.4,13.93,109550,3.15486,95.29,1.053,10.88,91.0,23.0,0.0
1787958503.5,53.18,1491.5,4,0.720,0.726,0.9917,100,True,False,D,False,78.4,13.78,109550,3.15798,95.29,1.078,10.89,91.0,23.0,0.0
1787958503.7,52.95,1482.8,3,0.730,1.000,0.7300,100,False,True,D,True,78.4,13.78,109550,3.16071,95.29,1.027,10.90,91.0,23.0,0.0
1787958503.9,52.85,1315.5,3,0.720,1.000,0.7200,100,False,True,D,True,78.4,13.78,109550,3.16382,95.29,1.040,10.91,91.0,23.0,0.0
1787958504.1,52.09,1308.2,3,0.790,1.000,0.7900,100,False,True,D,True,78.4,13.78,109550,3.16655,95.29,0.917,10.92,91.0,23.0,0.0
1787958504.3,51.80,1542.2,3,1.000,1.000,1.0000,100,False,True,D,True,78.4,13.78,109550,3.16927,95.29,0.930,10.93,91.0,23.0,0.0
1787958504.5,51.42,1729.5,3,1.000,1.000,1.0000,100,False,True,D,False,78.4,13.78,109550,3.17239,95.29,1.015,10.94,91.0,22.0,0.0
1787958504.8,50.93,1775.8,3,1.000,1.000,1.0000,100,False,True,D,False,78.4,13.78,109550,3.17511,95.29,1.053,10.95,91.0,21.0,0.0
1787958505.0,50.72,1762.0,2,1.000,1.498,0.6676,100,False,True,S,True,78.4,13.78,109550,3.17784,95.29,1.040,10.96,91.0,20.0,0.0
1787958505.2,50.42,1760.0,2,1.000,1.498,0.6676,100,False,True,S,True,78.4,13.78,109550,3.18056,95.29,1.040,10.97,91.0,19.0,0.0
1787958505.4,49.49,1778.0,2,1.120,1.498,0.7477,100,False,True,S,True,78.4,13.78,109550,3.18368,95.29,1.027,10.98,91.0,19.0,0.0
1787958505.6,48.78,2337.0,2,1.480,1.498,0.9880,100,False,True,S,True,78.4,13.78,109550,3.18640,95.29,1.104,10.99,91.0,19.0,0.0
1787958505.8,47.95,2642.0,2,1.500,1.498,1.0013,100,False,True,S,False,78.4,13.78,109550,3.18874,93.73,1.358,11.00,91.0,19.0,0.0
1787958506.0,47.14,2639.8,2,1.500,1.498,1.0013,100,False,True,S,False,78.4,13.78,109550,3.19225,94.12,1.448,11.01,91.0,19.0,0.0
1787958506.2,45.99,2575.2,2,1.500,1.498,1.0013,100,False,True,S,False,78.4,13.78,109550,3.19497,95.29,1.464,11.02,91.0,19.0,0.0
1787958506.4,45.02,2510.8,2,1.500,1.498,1.0013,100,False,True,S,False,78.4,13.78,109550,3.19731,94.12,1.418,11.03,91.0,19.0,0.0
1787958506.6,43.93,2448.8,2,1.500,1.498,1.0013,100,False,True,S,False,78.4,13.74,109550,3.20003,95.29,1.358,11.04,91.0,19.0,0.0
1787958506.8,42.91,2391.0,2,1.500,1.498,1.0013,100,False,True,S,False,78.4,13.74,109550,3.20237,95.29,1.341,11.04,91.0,19.0,0.0
1787958507.0,41.92,2324.2,2,1.500,1.498,1.0013,100,False,True,S,False,78.4,13.74,109550,3.20471,92.94,1.312,11.05,91.0,20.0,0.0
1787958507.2,40.97,2264.0,2,1.500,1.498,1.0013,100,False,True,S,False,78.4,13.74,109550,3.20704,95.29,1.269,11.06,91.0,20.0,0.0
1787958507.4,39.64,2182.2,2,1.500,1.498,1.0013,100,False,True,S,False,78.4,13.74,109550,3.21016,94.12,1.256,11.07,91.0,20.0,0.0
1787958507.6,38.54,2118.5,2,1.500,1.498,1.0013,100,False,True,S,False,78.4,13.74,109550,3.21249,94.12,1.172,11.08,91.0,20.0,0.0
1787958507.8,37.50,2047.0,2,1.500,1.498,1.0013,100,False,True,S,False,78.4,13.74,109550,3.21444,95.29,1.172,11.09,91.0,20.0,0.0
1787958508.0,36.39,1978.2,2,1.500,1.498,1.0013,100,False,True,S,False,78.4,13.74,109550,3.21678,94.12,1.133,11.09,90.0,20.0,0.0
1787958508.2,35.15,1904.8,2,1.500,1.498,1.0013,100,False,True,S,False,78.4,13.74,109550,3.21872,92.94,1.133,11.10,91.0,20.0,0.0
1787958508.4,33.86,1822.0,2,1.490,1.498,0.9947,100,False,True,S,False,78.4,13.74,109550,3.22067,95.29,1.133,11.11,91.0,20.0,0.0
1787958508.6,32.46,1745.0,2,1.500,1.498,1.0013,100,False,True,S,False,78.4,13.74,109550,3.22223,95.29,1.121,11.11,90.0,20.0,0.0
1787958508.8,31.25,1652.2,2,1.500,1.498,1.0013,100,False,True,S,False,78.4,13.74,109550,3.22418,95.29,1.027,11.12,90.0,20.0,0.0
1787958509.0,30.10,1569.0,2,1.490,1.498,0.9947,100,False,True,S,False,78.4,13.74,109550,3.22573,95.29,1.133,11.12,90.0,20.0,0.0
1787958509.2,28.62,1483.5,2,1.500,1.498,1.0013,100,False,True,S,False,78.4,13.74,109550,3.22768,95.29,1.201,11.13,90.0,22.0,0.0
1787958509.4,27.38,1391.0,2,1.500,1.498,1.0013,100,False,True,S,False,78.4,13.74,109550,3.22924,94.12,1.078,11.14,90.0,23.0,0.0
1787958509.6,26.09,1298.5,2,1.500,1.498,1.0013,100,False,True,S,False,78.4,13.74,109550,3.23041,93.73,0.964,11.14,90.0,23.0,0.0
1787958509.8,24.49,1259.8,2,1.500,1.498,1.0013,100,False,True,S,False,78.4,13.75,109550,3.23196,95.29,0.951,11.15,90.0,24.0,0.0
1787958510.0,23.45,1205.0,2,1.500,1.498,1.0013,100,False,True,S,False,78.4,13.75,109550,3.23313,95.29,0.930,11.15,90.0,23.0,0.0
1787958510.2,22.15,1082.2,2,1.500,1.498,1.0013,100,False,True,S,False,78.4,13.75,109550,3.23469,95.29,0.917,11.15,90.0,23.0,0.0
1787958510.5,21.39,988.0,2,1.500,1.498,1.0013,100,False,True,S,False,78.4,13.75,109550,3.23586,95.29,1.091,11.16,90.0,25.0,0.0
1787958510.7,20.41,947.2,2,1.500,1.498,1.0013,100,False,True,S,False,78.4,13.75,109550,3.23702,95.29,1.027,11.16,90.0,27.0,0.0
1787958510.9,19.59,917.0,2,1.500,1.498,1.0013,0,False,True,S,False,78.4,13.75,109550,3.23819,95.29,0.951,11.17,90.0,27.0,0.0
1787958511.1,19.36,882.0,2,1.500,1.498,1.0013,0,False,False,S,False,78.4,13.75,109550,3.23897,95.29,0.917,11.17,90.0,28.0,0.0
1787958511.3,18.76,841.8,2,1.500,1.498,1.0013,0,False,False,S,False,78.4,13.75,109550,3.24014,95.29,0.879,11.17,90.0,29.0,0.0
1787958511.5,18.48,835.8,2,1.500,1.498,1.0013,0,False,False,S,False,78.4,13.75,109550,3.24131,95.29,0.891,11.18,90.0,30.0,0.0
1787958511.7,18.06,837.2,2,1.500,1.498,1.0013,0,False,False,S,False,78.4,13.75,109550,3.24209,95.29,0.849,11.18,90.0,30.0,0.0
1787958511.9,17.55,831.5,2,1.500,1.498,1.0013,0,False,False,S,False,78.4,13.80,109550,3.24326,94.12,0.828,11.18,90.0,30.0,0.0
1787958512.1,17.07,820.8,2,1.510,1.498,1.0080,0,False,False,S,False,78.4,13.80,109550,3.24403,95.29,0.815,11.19,90.0,30.0,0.0
1787958512.3,16.32,790.8,2,1.510,1.498,1.0080,0,False,False,S,False,78.4,13.80,109550,3.24520,95.29,0.849,11.19,90.0,29.0,0.0
1787958512.5,15.60,777.5,2,1.500,1.498,1.0013,0,False,False,S,False,78.4,13.80,109550,3.24598,95.29,0.857,11.19,90.0,30.0,0.0
1787958512.7,14.70,768.0,2,1.500,1.498,1.0013,0,False,False,S,False,78.4,13.80,109550,3.24676,95.29,0.849,11.20,90.0,31.0,0.0
1787958512.9,13.52,752.5,2,1.500,1.498,1.0013,0,False,False,S,False,79.4,13.78,109550,3.24754,95.29,0.828,11.20,90.0,31.0,0.0
1787958513.1,12.86,738.8,2,1.490,1.498,0.9947,0,False,False,S,False,79.4,13.78,109550,3.24832,94.51,0.815,11.20,90.0,31.0,0.0
1787958513.3,11.41,728.0,2,1.500,1.498,1.0013,0,False,False,S,False,79.4,13.78,109550,3.24949,95.29,0.807,11.21,90.0,32.0,0.0
1787958513.5,10.43,699.8,1,1.500,2.816,0.5327,0,False,False,S,True,79.4,13.78,109550,3.25026,95.29,1.172,11.21,90.0,33.0,0.0
1787958513.7,9.45,694.2,1,1.460,2.816,0.5185,0,False,False,S,True,79.4,13.78,109550,3.25065,95.29,1.401,11.21,90.0,36.0,0.0
1787958513.9,8.29,702.5,1,1.750,2.816,0.6214,0,False,False,S,True,79.4,13.78,109550,3.25104,95.29,1.065,11.21,90.0,39.0,0.0
1787958514.1,7.24,729.5,1,2.230,2.816,0.7919,0,False,False,S,True,79.4,13.78,109550,3.25143,95.29,1.065,11.21,90.0,39.0,0.0
1787958514.3,6.57,744.5,1,2.670,2.816,0.9482,0,False,False,S,True,79.4,13.78,109550,3.25182,92.94,0.807,11.21,90.0,38.0,0.0
1787958514.5,6.03,736.8,1,2.830,2.816,1.0050,0,False,False,S,False,79.4,13.78,109550,3.25221,95.29,0.777,11.21,90.0,36.0,0.0
1787958514.7,5.46,708.2,1,2.810,2.816,0.9979,0,False,False,S,False,79.4,13.78,109550,3.25260,95.29,0.807,11.21,90.0,36.0,0.0
1787958514.9,4.66,690.2,1,2.750,2.816,0.9766,0,False,False,S,False,79.4,13.78,109550,3.25299,95.29,1.172,11.20,90.0,38.0,0.0
1787958515.1,3.85,695.0,1,2.770,2.816,0.9837,0,False,False,S,False,79.4,13.78,109550,3.25299,94.12,1.121,11.20,90.0,40.0,0.0
1787958515.3,3.14,703.2,1,2.820,2.816,1.0014,0,False,False,S,False,79.4,13.78,109550,3.25338,92.94,1.121,11.20,90.0,41.0,0.0
1787958515.5,2.51,709.5,1,2.820,2.816,1.0014,0,False,False,S,False,79.4,13.78,109550,3.25338,94.12,1.002,11.20,90.0,41.0,0.0
1787958515.7,1.81,708.8,1,2.820,2.816,1.0014,0,False,False,S,False,79.4,13.78,109550,3.25377,95.29,0.989,11.20,90.0,41.0,0.0
1787958515.9,1.33,706.0,1,2.820,2.816,1.0014,0,False,False,S,False,79.4,13.76,109550,3.25377,95.29,1.027,11.20,90.0,41.0,0.0
1787958516.1,0.98,707.0,1,2.820,2.816,1.0014,0,False,False,S,False,79.4,13.76,109550,3.25377,92.94,0.964,11.19,90.0,41.0,0.0
1787958516.3,0.19,703.8,1,2.820,2.816,1.0014,0,False,False,S,False,79.4,13.76,109550,3.25377,95.29,0.976,11.19,90.0,40.0,0.0
1787958516.5,0.00,698.2,1,2.820,2.816,1.0014,0,False,False,S,False,79.4,13.76,109550,3.25377,95.29,0.951,11.19,90.0,40.0,0.0
1787958516.8,0.00,694.0,1,2.820,2.816,1.0014,0,False,False,S,False,79.4,13.76,109550,3.25377,94.90,0.964,11.19,90.0,40.0,0.0
1787958517.0,0.00,688.0,1,2.820,2.816,1.0014,0,False,False,S,False,79.4,13.76,109550,3.25377,95.29,0.964,11.18,90.0,40.0,0.0
1787958517.2,0.00,685.0,1,2.820,2.816,1.0014,0,False,False,S,False,79.4,13.76,109550,3.25377,95.29,0.951,11.18,90.0,40.0,0.0
1787958517.4,0.00,679.8,1,2.820,2.816,1.0014,0,False,False,S,False,79.4,13.76,109550,3.25377,95.29,0.951,11.18,90.0,40.0,0.0
1787958517.6,0.00,676.2,1,2.820,2.816,1.0014,0,False,False,S,False,79.4,13.76,109550,3.25377,95.29,0.951,11.18,90.0,40.0,0.0
1787958517.8,0.00,672.5,1,2.820,2.816,1.0014,0,False,False,S,False,79.4,13.76,109550,3.25377,95.29,0.904,11.18,90.0,40.0,0.0
1787958518.0,0.00,668.0,1,2.820,2.816,1.0014,0,False,False,S,False,79.4,13.76,109550,3.25377,95.29,0.904,11.17,90.0,40.0,0.0
1787958518.2,0.00,663.0,1,2.820,2.816,1.0014,0,False,False,S,False,79.4,13.76,109550,3.25377,95.29,0.879,11.17,89.0,40.0,0.0
1787958518.4,0.00,661.2,1,2.820,2.816,1.0014,0,False,False,S,False,79.4,13.76,109550,3.25377,95.29,0.904,11.17,90.0,40.0,0.0
1787958518.6,0.00,662.5,1,2.820,2.816,1.0014,0,False,False,S,False,79.4,13.76,109550,3.25377,95.29,0.891,11.17,90.0,40.0,0.0
1787958518.8,0.00,659.0,1,2.820,2.816,1.0014,0,False,False,S,False,79.4,13.76,109550,3.25377,95.29,0.870,11.17,89.0,40.0,0.0
1787958519.0,0.00,659.0,1,2.820,2.816,1.0014,0,False,False,S,False,79.4,13.73,109550,3.25377,95.29,0.904,11.17,89.0,40.0,0.0
1787958519.2,0.00,656.8,1,2.820,2.816,1.0014,0,False,False,S,False,79.4,13.73,109550,3.25377,95.29,0.849,11.16,89.0,39.0,0.0
1787958519.4,0.00,653.8,1,2.820,2.816,1.0014,0,False,False,S,False,79.4,13.73,109550,3.25377,95.29,0.870,11.16,89.0,39.0,0.0
1787958519.6,0.00,644.8,1,2.820,2.816,1.0014,0,False,False,S,False,79.4,13.73,109550,3.25377,95.29,0.870,11.16,89.0,39.0,0.0
1787958519.8,0.00,637.5,1,2.820,2.816,1.0014,0,False,False,S,False,79.4,13.73,109550,3.25377,95.29,0.836,11.16,90.0,39.0,0.0
1787958520.0,0.00,632.0,1,2.820,2.816,1.0014,0,False,False,S,False,79.4,13.73,109550,3.25377,95.29,0.857,11.16,89.0,39.0,0.0
1787958520.2,0.00,629.0,1,2.820,2.816,1.0014,0,False,False,S,False,79.4,13.73,109550,3.25377,95.29,0.879,11.15,89.0,40.0,0.0
1787958520.4,0.00,627.2,1,2.820,2.816,1.0014,0,False,False,S,False,79.4,13.73,109550,3.25377,95.29,0.857,11.15,89.0,40.0,0.0
1787958520.6,0.00,627.0,1,2.820,2.816,1.0014,0,False,False,S,False,79.4,13.73,109550,3.25377,95.29,0.836,11.15,89.0,40.0,0.0
1787958520.8,0.00,627.8,1,2.820,2.816,1.0014,0,False,False,S,False,79.4,13.73,109550,3.25377,95.29,0.836,11.15,89.0,40.0,0.0
1787958521.0,0.00,624.5,1,2.820,2.816,1.0014,0,False,False,S,False,79.4,13.73,109550,3.25377,95.29,0.828,11.15,90.0,40.0,0.0
1787958521.2,0.00,622.0,1,2.820,2.816,1.0014,0,False,False,S,False,79.4,13.73,109550,3.25377,95.29,0.857,11.14,89.0,40.0,0.0
1787958521.4,0.00,616.8,1,2.820,2.816,1.0014,0,False,False,S,False,79.4,13.73,109550,3.25377,95.29,0.857,11.14,90.0,39.0,0.0
1787958521.6,0.00,610.8,1,2.820,2.816,1.0014,0,False,False,S,False,79.4,13.73,109550,3.25377,95.29,0.807,11.14,90.0,39.0,0.0
1787958521.8,0.00,605.2,1,2.820,2.816,1.0014,0,False,False,S,False,79.4,13.73,109550,3.25377,95.29,0.828,11.14,89.0,39.0,0.0
1787958522.0,0.00,602.0,1,2.820,2.816,1.0014,0,False,False,S,False,79.4,13.73,109550,3.25377,95.29,0.807,11.14,90.0,39.0,0.0
1787958522.2,0.00,600.0,1,2.820,2.816,1.0014,0,False,False,S,False,79.4,13.73,109550,3.25377,95.29,0.815,11.14,89.0,39.0,0.0
1787958522.4,0.00,598.0,1,2.820,2.816,1.0014,0,False,False,S,False,79.4,13.73,109550,3.25377,95.29,0.807,11.13,90.0,40.0,0.0
1787958522.6,0.00,594.2,1,2.820,2.816,1.0014,0,False,False,S,False,79.4,13.73,109550,3.25377,95.29,0.794,11.13,90.0,40.0,0.0
1787958522.8,0.00,589.2,1,2.820,2.816,1.0014,0,False,False,S,False,79.4,13.73,109550,3.25377,95.29,0.815,11.13,90.0,40.0,0.0
1787958523.0,0.00,589.2,1,2.820,2.816,1.0014,0,False,False,S,False,79.4,13.73,109550,3.25377,95.29,0.807,11.13,90.0,40.0,0.0
1787958523.3,0.00,589.5,1,2.820,2.816,1.0014,0,False,False,S,False,79.4,13.73,109550,3.25377,95.29,0.807,11.13,90.0,40.0,0.0
1787958523.5,0.00,592.2,1,2.820,2.816,1.0014,0,False,False,S,False,79.4,13.73,109550,3.25377,95.29,0.828,11.13,90.0,40.0,0.0
1787958523.7,0.00,597.0,1,2.820,2.816,1.0014,0,False,False,S,False,79.4,13.73,109550,3.25377,95.29,0.836,11.12,90.0,40.0,0.0
1787958523.9,0.00,602.5,1,2.820,2.816,1.0014,0,False,False,S,False,79.4,13.73,109550,3.25377,95.29,0.815,11.12,90.0,40.0,0.0
1787958524.1,0.00,606.5,1,2.820,2.816,1.0014,0,False,False,S,False,79.4,13.73,109550,3.25377,95.29,0.794,11.12,90.0,40.0,0.0
1787958524.3,0.00,605.8,1,2.820,2.816,1.0014,0,False,False,S,False,79.4,13.73,109550,3.25377,95.29,0.836,11.12,90.0,39.0,0.0
1787958524.5,0.00,603.0,1,2.820,2.816,1.0014,0,False,False,S,False,79.4,13.73,109550,3.25377,95.29,1.872,11.12,90.0,39.0,0.0
1787958524.7,0.00,636.0,1,2.820,2.816,1.0014,0,False,False,S,False,79.4,13.73,109550,3.25377,95.29,1.872,11.11,90.0,45.0,0.0
1787958524.9,0.00,677.2,1,2.820,2.816,1.0014,0,False,False,S,False,79.4,13.73,109550,3.25377,95.29,0.951,11.11,90.0,45.0,0.0
1787958525.1,0.00,632.8,1,2.820,2.816,1.0014,0,False,False,S,False,79.4,13.62,109550,3.25377,95.29,1.286,11.11,90.0,45.0,0.0
1787958525.3,0.00,615.5,1,2.820,2.816,1.0014,0,False,False,S,False,79.4,13.62,109550,3.25377,95.29,1.312,11.10,90.0,46.0,0.0
1787958525.5,0.00,613.5,1,2.820,2.816,1.0014,0,False,False,S,False,79.4,13.62,109550,3.25377,95.29,1.431,11.10,90.0,51.0,0.0
1787958525.7,0.00,654.2,1,2.820,2.816,1.0014,0,False,False,S,False,79.4,13.62,109550,3.25377,95.29,1.431,11.10,90.0,54.0,0.0
1787958525.9,0.00,690.8,1,2.820,2.816,1.0014,0,False,False,S,False,79.4,13.62,109550,3.25377,95.29,1.431,11.09,90.0,54.0,0.0
1787958526.1,0.00,718.8,1,2.820,2.816,1.0014,0,False,False,S,False,79.4,13.62,109550,3.25377,95.29,1.269,11.09,90.0,53.0,0.0
1787958526.3,0.00,719.5,1,2.820,2.816,1.0014,0,False,False,S,False,79.4,13.62,109550,3.25377,95.29,1.299,11.09,90.0,53.0,0.0
1787958526.5,0.00,709.8,1,2.820,2.816,1.0014,0,False,False,S,False,79.4,13.62,109550,3.25377,95.29,1.358,11.09,90.0,53.0,0.0
1787958526.7,0.00,707.5,1,2.820,2.816,1.0014,0,False,False,S,False,79.4,13.62,109550,3.25377,95.29,1.388,11.08,90.0,53.0,0.0
1787958526.9,0.00,702.5,1,2.820,2.816,1.0014,0,False,False,S,False,79.4,13.62,109550,3.25377,95.29,1.388,11.08,90.0,53.0,0.0
1787958527.1,0.00,707.0,1,2.820,2.816,1.0014,0,False,False,S,False,79.4,13.62,109550,3.25377,95.29,1.388,11.08,90.0,53.0,0.0
1787958527.3,0.00,708.5,1,2.820,2.816,1.0014,0,False,False,S,False,79.4,13.62,109550,3.25377,95.29,1.388,11.07,90.0,54.0,0.0
1787958527.5,0.00,710.2,1,2.820,2.816,1.0014,0,False,False,S,False,79.4,13.62,109550,3.25377,95.29,1.371,11.07,90.0,54.0,0.0
1787958527.7,0.00,712.5,1,2.820,2.816,1.0014,0,False,False,S,False,79.4,13.62,109550,3.25377,95.29,1.388,11.07,90.0,54.0,0.0
1787958527.9,0.00,711.5,1,2.820,2.816,1.0014,0,False,False,S,False,79.4,13.62,109550,3.25377,95.29,1.341,11.07,90.0,54.0,0.0
1787958528.1,0.00,714.2,1,2.820,2.816,1.0014,0,False,False,S,False,79.4,13.62,109550,3.25377,95.29,1.286,11.06,90.0,53.0,0.0
1787958528.3,0.00,714.8,1,2.820,2.816,1.0014,0,False,False,S,False,79.4,13.80,109550,3.25377,95.29,1.329,11.06,90.0,53.0,0.0
1787958528.5,0.00,709.2,1,2.820,2.816,1.0014,0,False,False,S,False,79.4,13.80,109550,3.25377,95.29,1.329,11.06,90.0,52.0,0.0
1787958528.7,0.00,705.2,1,2.820,2.816,1.0014,0,False,False,S,False,79.4,13.80,109550,3.25377,95.29,1.299,11.06,90.0,52.0,0.0
1787958528.9,0.00,699.0,1,2.820,2.816,1.0014,0,False,False,S,False,79.4,13.80,109550,3.25377,95.29,1.269,11.05,90.0,52.0,0.0
1787958529.1,0.00,695.2,1,2.820,2.816,1.0014,0,False,False,S,False,79.4,13.80,109550,3.25377,95.29,1.299,11.05,90.0,52.0,0.0
1787958529.4,0.00,693.2,1,2.820,2.816,1.0014,0,False,False,S,False,79.4,13.80,109550,3.25377,95.29,1.269,11.05,90.0,52.0,0.0
1787958529.6,0.00,695.8,1,2.820,2.816,1.0014,0,False,False,S,False,79.4,13.80,109550,3.25377,95.29,1.329,11.04,90.0,52.0,0.0
1787958529.8,0.00,697.2,1,2.820,2.816,1.0014,0,False,False,S,False,79.4,13.80,109550,3.25377,95.29,1.269,11.04,90.0,52.0,0.0
1787958530.0,0.00,697.2,1,2.820,2.816,1.0014,0,False,False,S,False,79.4,13.80,109550,3.25377,95.29,1.286,11.04,90.0,52.0,0.0
1787958530.2,0.00,695.5,1,2.820,2.816,1.0014,0,False,False,S,False,79.4,13.80,109550,3.25377,95.29,1.312,11.04,90.0,52.0,0.0
1787958530.4,0.00,694.8,1,2.820,2.816,1.0014,0,False,False,S,False,79.4,13.80,109550,3.25377,95.29,1.256,11.03,90.0,52.0,0.0
1787958530.6,0.00,692.5,1,2.820,2.816,1.0014,0,False,False,S,False,79.4,13.80,109550,3.25377,95.29,1.299,11.03,90.0,52.0,0.0
1787958530.8,0.00,687.5,1,2.820,2.816,1.0014,0,False,False,S,False,79.4,13.80,109550,3.25377,95.29,1.286,11.03,90.0,52.0,0.0
1787958531.0,0.00,685.0,1,2.820,2.816,1.0014,0,False,False,S,False,79.4,13.80,109550,3.25377,95.29,1.269,11.03,90.0,52.0,0.0
1787958531.2,0.00,683.5,1,2.820,2.816,1.0014,0,False,False,S,False,79.4,13.80,109550,3.25377,95.29,1.299,11.02,90.0,52.0,0.0
1787958531.4,0.00,683.0,1,2.820,2.816,1.0014,0,False,False,S,False,79.4,13.72,109550,3.25377,95.29,1.299,11.02,90.0,52.0,0.0
1787958531.6,0.00,685.0,1,2.820,2.816,1.0014,0,False,False,S,False,79.4,13.72,109550,3.25377,95.29,1.299,11.02,90.0,52.0,0.0
1787958531.8,0.00,687.0,1,2.820,2.816,1.0014,0,False,False,S,False,79.4,13.74,109550,3.25377,95.29,1.244,11.01,90.0,52.0,0.0
1787958532.0,0.00,687.8,1,2.820,2.816,1.0014,0,False,False,S,False,79.4,13.74,109550,3.25377,95.29,1.256,11.01,90.0,52.0,0.0
1787958532.2,0.00,685.8,1,2.820,2.816,1.0014,0,False,False,S,False,79.4,13.74,109550,3.25377,95.29,1.312,11.01,90.0,52.0,0.0
1787958532.4,0.00,683.5,1,2.820,2.816,1.0014,0,False,False,S,False,79.4,13.74,109550,3.25377,95.29,1.269,11.01,90.0,52.0,0.0
1787958532.6,0.00,680.5,1,2.820,2.816,1.0014,0,False,False,S,False,79.4,13.74,109550,3.25377,95.29,1.244,11.00,90.0,52.0,0.0
1787958532.8,0.00,675.2,1,2.820,2.816,1.0014,0,False,False,S,False,79.4,13.74,109550,3.25377,95.29,1.244,11.00,90.0,52.0,0.0
1787958533.0,0.00,672.5,1,2.820,2.816,1.0014,0,False,False,S,False,79.4,13.74,109550,3.25377,95.29,1.269,11.00,90.0,52.0,0.0
1787958533.2,0.00,671.2,1,2.820,2.816,1.0014,0,False,False,S,False,79.4,13.74,109550,3.25377,95.29,1.269,11.00,90.0,52.0,0.0
1787958533.4,0.00,669.5,1,2.820,2.816,1.0014,0,False,False,S,False,79.4,13.74,109550,3.25377,95.29,1.286,10.99,90.0,53.0,0.0
1787958533.6,0.00,672.0,1,2.820,2.816,1.0014,0,False,False,S,False,79.4,13.74,109550,3.25377,95.29,1.244,10.99,90.0,53.0,0.0
1787958533.8,0.00,677.0,1,2.820,2.816,1.0014,0,False,False,S,False,79.4,13.74,109550,3.25377,95.29,1.256,10.99,90.0,53.0,0.0
1787958534.0,0.00,680.0,1,2.820,2.816,1.0014,0,False,False,S,False,79.4,13.74,109550,3.25377,95.29,1.256,10.99,90.0,53.0,0.0
1787958534.2,0.00,682.2,1,2.820,2.816,1.0014,0,False,False,S,False,79.4,13.74,109550,3.25377,95.29,1.286,10.98,90.0,52.0,0.0
1787958534.4,0.00,681.2,1,2.820,2.816,1.0014,0,False,False,S,False,79.4,13.71,109550,3.25377,95.29,1.244,10.98,90.0,52.0,0.0
1787958534.6,0.00,679.5,1,2.820,2.816,1.0014,0,False,False,S,False,79.4,13.71,109550,3.25377,95.29,1.286,10.98,90.0,52.0,0.0
1787958534.8,0.00,677.2,1,2.820,2.816,1.0014,0,False,False,S,False,79.4,13.71,109550,3.25377,95.29,1.269,10.97,90.0,52.0,0.0
1787958535.0,0.00,670.5,1,2.820,2.816,1.0014,0,False,False,S,False,79.4,13.71,109550,3.25377,95.29,1.269,10.97,90.0,52.0,0.0
1787958535.3,0.00,668.8,1,2.820,2.816,1.0014,0,False,False,S,False,79.4,13.71,109550,3.25377,95.29,1.269,10.97,90.0,52.0,0.0
1787958535.5,0.00,669.8,1,2.820,2.816,1.0014,0,False,False,S,False,79.4,13.71,109550,3.25377,95.29,1.244,10.97,90.0,53.0,0.0
1787958535.7,0.00,673.0,1,2.820,2.816,1.0014,0,False,False,S,False,79.4,13.71,109550,3.25377,95.29,1.256,10.96,90.0,53.0,0.0
1787958535.9,0.00,677.0,1,2.820,2.816,1.0014,0,False,False,S,False,79.4,13.71,109550,3.25377,95.29,1.256,10.96,90.0,53.0,0.0
1787958536.1,0.00,678.5,1,2.820,2.816,1.0014,0,False,False,S,False,79.4,13.71,109550,3.25377,95.29,1.256,10.96,90.0,53.0,0.0
1787958536.3,0.00,679.5,1,2.820,2.816,1.0014,0,False,False,S,False,79.4,13.71,109550,3.25377,95.29,1.286,10.96,90.0,53.0,0.0
1787958536.5,0.00,678.2,1,2.820,2.816,1.0014,0,False,False,S,False,79.4,13.71,109550,3.25377,95.29,1.286,10.95,90.0,53.0,0.0
1787958536.7,0.00,676.0,1,2.820,2.816,1.0014,0,False,False,S,False,79.4,13.71,109550,3.25377,95.29,1.256,10.95,90.0,53.0,0.0
1787958536.9,0.00,673.2,1,2.820,2.816,1.0014,0,False,False,S,False,79.4,13.71,109550,3.25377,95.29,1.269,10.95,90.0,52.0,0.0
1787958537.1,0.00,672.8,1,2.820,2.816,1.0014,0,False,False,S,False,79.4,13.71,109550,3.25377,95.29,1.269,10.95,90.0,52.0,0.0
1787958537.3,0.00,672.8,1,2.820,2.816,1.0014,0,False,False,S,False,79.4,13.71,109550,3.25377,95.29,1.299,10.94,90.0,53.0,0.0
1787958537.5,0.00,676.8,1,2.820,2.816,1.0014,0,False,False,S,False,79.4,13.72,109550,3.25377,95.29,1.269,10.94,90.0,53.0,0.0
1787958537.7,0.00,679.0,1,2.820,2.816,1.0014,0,False,False,S,False,79.4,13.72,109550,3.25377,95.29,1.269,10.94,90.0,53.0,0.0
1787958537.9,0.00,680.5,1,2.820,2.816,1.0014,0,False,False,S,False,79.4,13.72,109550,3.25377,95.29,1.269,10.94,90.0,53.0,0.0
1787958538.1,0.00,677.5,1,2.820,2.816,1.0014,0,False,False,S,False,79.4,13.72,109550,3.25377,95.29,1.286,10.93,90.0,53.0,0.0
1787958538.3,0.00,673.5,1,2.820,2.816,1.0014,0,False,False,S,False,79.4,13.72,109550,3.25377,95.29,1.256,10.93,90.0,53.0,0.0
1787958538.5,0.00,669.5,1,2.820,2.816,1.0014,0,False,False,S,False,79.4,13.72,109550,3.25377,95.29,1.227,10.93,91.0,53.0,0.0
1787958538.7,0.00,667.0,1,2.820,2.816,1.0014,0,False,False,S,False,79.4,13.72,109550,3.25377,95.29,1.286,10.92,90.0,53.0,0.0
1787958538.9,0.00,668.2,1,2.820,2.816,1.0014,0,False,False,S,False,79.4,13.72,109550,3.25377,95.29,1.286,10.92,91.0,53.0,0.0
1787958539.1,0.00,674.2,1,2.820,2.816,1.0014,0,False,False,S,False,79.4,13.72,109550,3.25377,95.29,1.299,10.92,91.0,53.0,0.0
1787958539.3,0.00,680.2,1,2.820,2.816,1.0014,0,False,False,S,False,79.4,13.72,109550,3.25377,95.29,1.256,10.92,91.0,53.0,0.0
1787958539.5,0.00,684.8,1,2.820,2.816,1.0014,0,False,False,S,False,79.4,13.72,109550,3.25377,95.29,1.269,10.91,91.0,53.0,0.0
1787958539.7,0.00,684.5,1,2.820,2.816,1.0014,0,False,False,S,False,79.4,13.72,109550,3.25377,95.29,1.269,10.91,91.0,53.0,0.0
1787958539.9,0.00,683.0,1,2.820,2.816,1.0014,0,False,False,S,False,79.4,13.72,109550,3.25377,95.29,1.256,10.91,91.0,53.0,0.0
1787958540.1,0.00,679.5,1,2.820,2.816,1.0014,0,False,False,S,False,79.4,13.72,109550,3.25377,95.29,1.329,10.91,91.0,53.0,0.0
1787958540.3,0.00,675.2,1,2.820,2.816,1.0014,0,False,False,S,False,79.4,13.72,109550,3.25377,95.29,1.299,10.90,91.0,53.0,0.0
1787958540.5,0.00,673.2,1,2.820,2.816,1.0014,0,False,False,S,False,79.4,13.70,109550,3.25377,95.29,1.286,10.90,91.0,53.0,0.0
1787958540.7,0.00,672.2,1,2.820,2.816,1.0014,0,False,False,S,False,79.4,13.70,109550,3.25377,95.29,1.299,10.90,91.0,53.0,0.0
1787958540.9,0.00,672.8,1,2.820,2.816,1.0014,0,False,False,S,False,79.4,13.70,109550,3.25377,95.29,1.312,10.90,91.0,53.0,0.0
1787958541.1,0.00,678.5,1,2.820,2.816,1.0014,0,False,False,S,False,79.4,13.70,109550,3.25377,95.29,1.299,10.89,91.0,53.0,0.0
1787958541.3,0.00,682.0,1,2.820,2.816,1.0014,0,False,False,S,False,79.4,13.70,109550,3.25377,95.29,1.329,10.89,91.0,53.0,0.0
1787958541.5,0.00,685.5,1,2.820,2.816,1.0014,0,False,False,S,False,79.4,13.70,109550,3.25377,95.29,1.312,10.89,91.0,53.0,0.0
1787958541.8,0.00,681.8,1,2.820,2.816,1.0014,0,False,False,S,False,79.4,13.70,109550,3.25377,95.29,1.312,10.88,91.0,53.0,0.0
1787958542.0,0.00,678.2,1,2.820,2.816,1.0014,0,False,False,S,False,79.4,13.70,109550,3.25377,95.29,1.286,10.88,91.0,53.0,0.0
1787958542.2,0.00,673.0,1,2.820,2.816,1.0014,0,False,False,S,False,79.4,13.70,109550,3.25377,95.29,1.299,10.88,91.0,53.0,0.0
1787958542.4,0.00,668.5,1,2.820,2.816,1.0014,0,False,False,S,False,79.4,13.70,109550,3.25377,95.29,1.256,10.88,91.0,53.0,0.0
1787958542.6,0.00,668.5,1,2.820,2.816,1.0014,0,False,False,S,False,79.4,13.70,109550,3.25377,95.29,1.312,10.87,91.0,53.0,0.0
1787958542.8,0.00,670.0,1,2.820,2.816,1.0014,0,False,False,S,False,79.4,13.70,109550,3.25377,95.29,1.269,10.87,91.0,53.0,0.0
1787958543.0,0.00,676.2,1,2.820,2.816,1.0014,0,False,False,S,False,79.4,13.70,109550,3.25377,95.29,1.312,10.87,91.0,53.0,0.0
1787958543.2,0.00,680.5,1,2.820,2.816,1.0014,0,False,False,S,False,79.4,13.70,109550,3.25377,95.29,1.299,10.87,91.0,53.0,0.0
1787958543.4,0.00,682.2,1,2.820,2.816,1.0014,0,False,False,S,False,79.4,13.70,109550,3.25377,95.29,1.286,10.86,91.0,53.0,0.0
1787958543.6,0.00,682.0,1,2.820,2.816,1.0014,0,False,False,S,False,79.4,13.70,109550,3.25377,95.29,1.299,10.86,91.0,53.0,0.0
1787958543.8,0.00,680.5,1,2.820,2.816,1.0014,0,False,False,S,False,79.4,13.71,109550,3.25377,95.29,1.286,10.86,91.0,53.0,0.0
1787958544.0,0.00,675.5,1,2.820,2.816,1.0014,0,False,False,S,False,79.4,13.71,109550,3.25377,95.29,1.286,10.86,91.0,53.0,0.0
1787958544.2,0.00,671.0,1,2.820,2.816,1.0014,0,False,False,S,False,79.4,13.71,109550,3.25377,95.29,1.299,10.85,91.0,53.0,0.0
1787958544.4,0.00,672.2,1,2.820,2.816,1.0014,0,False,False,S,False,79.4,13.71,109550,3.25377,95.29,1.269,10.85,91.0,53.0,0.0
1787958544.6,0.00,671.8,1,2.820,2.816,1.0014,0,False,False,S,False,79.4,13.71,109550,3.25377,95.29,1.299,10.85,91.0,53.0,0.0
1787958544.8,0.00,675.5,1,2.820,2.816,1.0014,0,False,False,S,False,79.4,13.71,109550,3.25377,95.29,1.329,10.84,91.0,53.0,0.0
1787958545.0,0.00,678.5,1,2.820,2.816,1.0014,0,False,False,S,False,79.4,13.71,109550,3.25377,95.29,1.299,10.84,91.0,53.0,0.0
1787958545.2,0.00,680.0,1,2.820,2.816,1.0014,0,False,False,S,False,79.4,13.71,109550,3.25377,95.29,1.244,10.84,91.0,53.0,0.0
1787958545.4,0.00,682.5,1,2.820,2.816,1.0014,0,False,False,S,False,79.4,13.71,109550,3.25377,95.29,1.256,10.84,91.0,53.0,0.0
1787958545.6,0.00,683.2,1,2.820,2.816,1.0014,0,False,False,S,False,79.4,13.71,109550,3.25377,95.29,1.329,10.83,91.0,53.0,0.0
1787958545.8,0.00,678.2,1,2.820,2.816,1.0014,0,False,False,S,False,79.4,13.71,109550,3.25377,95.29,1.256,10.83,91.0,53.0,0.0
1787958546.0,0.00,676.2,1,2.820,2.816,1.0014,0,False,False,S,False,79.4,13.71,109550,3.25377,95.29,1.172,10.83,91.0,52.0,0.0
1787958546.2,0.00,657.5,1,2.820,2.816,1.0014,0,False,False,S,False,79.4,13.71,109550,3.25377,95.29,1.027,10.83,91.0,50.0,0.0
1787958546.4,0.00,723.0,1,2.820,2.816,1.0014,0,False,False,S,False,79.4,13.71,109550,3.25377,95.29,1.027,10.83,91.0,49.0,0.0
1787958546.6,0.00,727.0,1,2.820,2.816,1.0014,0,False,False,S,False,79.4,13.71,109550,3.25377,95.29,0.964,10.82,91.0,46.0,0.0
1787958546.8,0.00,717.2,1,2.820,2.816,1.0014,0,False,False,S,False,79.4,13.82,109550,3.25377,95.29,0.964,10.82,91.0,45.0,0.0
1787958547.0,0.00,711.8,1,2.820,2.816,1.0014,0,False,False,S,False,79.4,13.82,109550,3.25377,95.29,0.879,10.82,91.0,45.0,0.0
1787958547.2,0.00,701.5,1,2.820,2.816,1.0014,0,False,False,S,False,79.4,13.82,109550,3.25377,95.29,0.904,10.82,91.0,41.0,0.0
1787958547.4,0.00,689.5,1,2.820,2.816,1.0014,0,False,False,S,False,79.4,13.82,109550,3.25377,95.29,0.879,10.82,91.0,40.0,0.0
1787958547.6,0.00,670.2,1,2.820,2.816,1.0014,0,False,False,S,False,79.4,13.82,109550,3.25377,95.29,0.891,10.81,91.0,39.0,0.0
1787958547.8,0.00,661.5,1,2.820,2.816,1.0014,0,False,False,S,False,79.4,13.82,109550,3.25377,95.29,0.891,10.81,91.0,39.0,0.0
1787958548.1,0.00,654.0,1,2.820,2.816,1.0014,0,False,False,S,False,79.4,13.82,109550,3.25377,95.29,0.930,10.81,91.0,39.0,0.0
1787958548.3,0.00,652.2,1,2.820,2.816,1.0014,0,False,False,S,False,79.4,13.82,109550,3.25377,95.29,0.904,10.81,91.0,40.0,0.0
1787958548.5,0.00,653.2,1,2.820,2.816,1.0014,0,False,False,S,False,79.4,13.82,109550,3.25377,95.29,0.904,10.81,91.0,40.0,0.0
1787958548.7,0.00,653.8,1,2.820,2.816,1.0014,0,False,False,S,False,79.4,13.82,109550,3.25377,95.29,0.870,10.80,91.0,40.0,0.0
1787958548.9,0.00,651.0,1,2.820,2.816,1.0014,0,False,False,S,False,79.4,13.75,109550,3.25377,95.29,0.857,10.80,91.0,40.0,0.0
1787958549.1,0.00,652.8,1,2.820,2.816,1.0014,0,False,False,S,False,79.4,13.75,109550,3.25377,95.29,0.870,10.80,91.0,40.0,0.0
1787958549.3,0.00,648.2,1,2.820,2.816,1.0014,0,False,False,S,False,79.4,13.75,109550,3.25377,95.29,0.857,10.80,91.0,40.0,0.0
1787958549.5,0.00,646.5,1,2.820,2.816,1.0014,0,False,False,S,False,79.4,13.75,109550,3.25377,95.29,0.870,10.80,91.0,39.0,0.0
1787958549.7,0.00,640.5,1,2.820,2.816,1.0014,0,False,False,S,False,79.4,13.75,109550,3.25377,95.29,0.857,10.80,91.0,39.0,0.0
1787958549.9,0.00,632.8,1,2.820,2.816,1.0014,0,False,False,S,False,79.4,13.71,109550,3.25377,95.29,0.870,10.79,91.0,39.0,0.0
1787958550.1,0.00,628.0,1,2.820,2.816,1.0014,0,False,False,S,False,79.4,13.71,109550,3.25377,95.29,0.815,10.79,91.0,39.0,0.0
1787958550.3,0.00,624.8,1,2.820,2.816,1.0014,0,False,False,S,False,79.4,13.71,109550,3.25377,95.29,0.849,10.79,91.0,39.0,0.0
1787958550.5,0.00,619.8,1,2.820,2.816,1.0014,0,False,False,S,False,79.4,13.71,109550,3.25377,95.29,0.836,10.79,91.0,39.0,0.0
1787958550.7,0.00,618.2,1,2.820,2.816,1.0014,0,False,False,S,False,79.4,13.71,109550,3.25377,95.29,0.828,10.79,91.0,40.0,0.0
1787958550.9,0.00,616.5,1,2.820,2.816,1.0014,0,False,False,S,False,79.4,13.71,109550,3.25377,95.29,0.849,10.79,91.0,39.0,0.0
1787958551.1,0.00,616.5,1,2.820,2.816,1.0014,0,False,False,S,False,79.4,13.71,109550,3.25377,95.29,0.849,10.78,91.0,39.0,0.0
1787958551.3,0.00,615.2,1,2.820,2.816,1.0014,0,False,False,S,False,79.4,13.71,109550,3.25377,95.29,0.807,10.78,91.0,39.0,0.0
1787958551.5,0.00,611.8,1,2.820,2.816,1.0014,0,False,False,S,False,79.4,13.71,109550,3.25377,95.29,0.807,10.78,91.0,39.0,0.0
1787958551.7,0.00,609.0,1,2.820,2.816,1.0014,0,False,False,S,False,79.4,13.71,109550,3.25377,95.29,0.815,10.78,91.0,39.0,0.0
1787958551.9,0.00,604.8,1,2.820,2.816,1.0014,0,False,False,S,False,79.4,13.73,109550,3.25377,95.29,0.815,10.78,91.0,39.0,0.0
1787958552.1,0.00,600.0,1,2.820,2.816,1.0014,0,False,False,S,False,79.4,13.73,109550,3.25377,95.29,0.785,10.78,91.0,39.0,0.0
1787958552.3,0.00,597.0,1,2.820,2.816,1.0014,0,False,False,S,False,79.4,13.73,109550,3.25377,95.29,0.807,10.77,91.0,39.0,0.0
1787958552.5,0.00,594.5,1,2.820,2.816,1.0014,0,False,False,S,False,79.4,13.73,109550,3.25377,95.29,0.815,10.77,91.0,39.0,0.0
1787958552.7,0.00,592.8,1,2.820,2.816,1.0014,0,False,False,S,False,79.4,13.73,109550,3.25377,95.29,0.836,10.77,91.0,39.0,0.0
1787958552.9,0.00,590.8,1,2.820,2.816,1.0014,0,False,False,S,False,79.4,13.71,109550,3.25377,95.29,0.828,10.77,91.0,40.0,0.0
1787958553.1,0.00,589.5,1,2.820,2.816,1.0014,0,False,False,S,False,79.4,13.71,109550,3.25377,95.29,0.794,10.77,91.0,40.0,0.0
1787958553.3,0.00,591.8,1,2.820,2.816,1.0014,0,False,False,S,False,79.4,13.71,109550,3.25377,95.29,0.794,10.77,91.0,40.0,0.0
1787958553.5,0.00,595.8,1,2.820,2.816,1.0014,0,False,False,S,False,79.4,13.71,109550,3.25377,95.29,0.828,10.76,91.0,40.0,0.0
1787958553.7,0.00,600.5,1,2.820,2.816,1.0014,0,False,False,S,False,79.4,13.71,109550,3.25377,95.29,0.828,10.76,91.0,40.0,0.0
1787958553.9,0.00,604.8,1,2.820,2.816,1.0014,0,False,False,S,False,79.4,13.71,109550,3.25377,95.29,0.815,10.76,91.0,40.0,0.0
1787958554.1,0.00,609.0,1,2.820,2.816,1.0014,0,False,False,S,False,79.4,13.71,109550,3.25377,95.29,0.807,10.76,91.0,39.0,0.0
1787958554.3,0.00,608.8,1,2.820,2.816,1.0014,0,False,False,S,False,79.4,13.71,109550,3.25377,95.29,0.794,10.76,91.0,39.0,0.0
1787958554.5,0.00,610.2,1,2.820,2.816,1.0014,0,False,False,S,False,79.4,13.71,109550,3.25377,95.29,1.189,10.76,91.0,39.0,0.0
1787958554.8,0.00,644.5,1,2.820,2.816,1.0014,0,False,False,S,False,79.4,13.71,109550,3.25377,95.29,2.887,10.75,91.0,52.0,14.0
1787958555.0,0.00,874.5,1,2.820,2.816,1.0014,0,False,False,S,False,79.4,13.71,109550,3.25377,95.29,4.258,10.75,91.0,63.0,18.0
1787958555.2,1.21,1310.5,1,2.820,2.816,1.0014,0,False,False,S,False,79.4,13.71,109550,3.25377,95.29,3.944,10.74,91.0,80.0,19.0
1787958555.4,2.82,1557.5,1,2.820,2.816,1.0014,0,False,False,S,False,79.4,13.71,109550,3.25377,95.29,4.258,10.73,91.0,81.0,20.0
1787958555.6,4.82,1646.0,1,2.820,2.816,1.0014,0,False,False,S,False,79.4,13.71,109550,3.25416,95.29,4.852,10.72,91.0,76.0,20.0
1787958555.8,6.60,1663.8,1,2.820,2.816,1.0014,0,False,False,S,False,79.4,13.71,109550,3.25455,95.29,5.132,10.71,91.0,74.0,21.0
1787958556.0,8.22,1692.5,1,2.890,2.816,1.0263,0,False,False,S,False,79.4,13.41,109550,3.25494,95.29,5.463,10.70,91.0,74.0,22.0
1787958556.2,9.64,1736.2,1,2.840,2.816,1.0085,0,False,False,S,False,79.4,13.41,109550,3.25533,95.29,5.892,10.69,91.0,75.0,23.0
1787958556.4,11.08,1812.8,1,2.810,2.816,0.9979,0,False,False,S,False,79.4,13.41,109550,3.25572,95.29,6.100,10.68,91.0,77.0,24.0
1787958556.6,12.33,1891.0,1,2.820,2.816,1.0014,0,False,False,S,False,79.4,13.41,109550,3.25649,95.29,6.355,10.67,91.0,78.0,25.0
1787958556.8,13.68,1954.8,1,2.810,2.816,0.9979,0,False,False,S,False,79.4,13.41,109550,3.25688,95.29,6.401,10.66,91.0,78.0,25.0
1787958557.0,14.77,2002.8,1,2.820,2.816,1.0014,0,False,False,S,False,79.4,13.41,109550,3.25766,95.29,6.580,10.65,91.0,78.0,25.0
1787958557.2,16.06,2050.2,1,2.820,2.816,1.0014,0,False,False,S,False,79.4,13.41,109550,3.25883,95.29,6.580,10.64,91.0,78.0,26.0
1787958557.4,17.16,2152.5,1,2.820,2.816,1.0014,0,False,False,S,False,79.4,13.41,109550,3.26000,95.29,6.805,10.63,91.0,78.0,26.0
1787958557.6,18.18,2235.5,1,2.830,2.816,1.0050,0,False,False,S,False,79.4,13.41,109550,3.26117,95.29,6.991,10.62,91.0,78.0,27.0
1787958557.8,19.22,2329.2,1,2.830,2.816,1.0050,0,False,False,S,False,79.4,13.41,109550,3.26195,95.29,7.611,10.61,91.0,78.0,29.0
1787958558.0,20.20,2446.8,1,2.820,2.816,1.0014,90.18517847190907,False,False,S,False,79.4,13.41,109550,3.26311,95.29,7.951,10.60,91.0,78.0,30.0
1787958558.2,21.37,2543.5,1,2.820,2.816,1.0014,91.76824597007366,False,False,S,False,79.4,13.41,109550,3.26428,95.29,8.507,10.59,91.0,78.0,30.0
1787958558.4,22.32,2651.0,1,2.820,2.816,1.0014,91.97139091510019,False,False,S,False,79.4,13.41,109550,3.26545,95.29,8.876,10.57,91.0,78.0,31.0
1787958558.6,23.25,2752.8,2,0.260,1.498,0.1736,92.89943737864697,False,False,S,True,79.4,13.41,109550,3.26662,95.29,9.037,10.56,91.0,78.0,32.0
1787958558.8,24.42,2865.8,2,0.260,1.498,0.1736,92.89943737864697,False,False,S,True,79.4,13.41,109550,3.26818,95.29,9.377,10.55,91.0,77.0,33.0
1787958559.0,25.53,2966.8,2,0.250,1.498,0.1669,92.89943737864697,False,False,S,True,79.4,13.41,109550,3.26934,95.29,10.022,10.53,91.0,76.0,33.0
1787958559.2,26.33,3057.0,2,0.260,1.498,0.1736,92.89943737864697,False,False,S,True,79.4,13.71,109550,3.27090,95.29,10.145,10.52,91.0,76.0,34.0
1787958559.4,27.30,2945.5,2,0.010,1.498,0.0067,92.89943737864697,False,False,S,True,79.4,13.71,109550,3.27246,95.29,10.706,10.50,91.0,75.0,35.0
1787958559.6,28.18,2510.0,2,2.140,1.498,1.4286,92.89943737864697,False,False,S,True,79.4,13.71,109550,3.27363,95.29,10.515,10.49,91.0,78.0,35.0
1787958559.8,28.94,2225.5,2,1.740,1.498,1.1615,92.89943737864697,False,False,S,True,79.4,13.71,109550,3.27557,95.29,9.037,10.48,91.0,82.0,35.0
1787958560.0,29.72,2201.0,2,1.500,1.498,1.0013,92.89943737864697,False,False,S,True,79.4,13.71,109550,3.27713,95.29,8.456,10.47,91.0,87.0,36.0
1787958560.2,30.69,2202.0,2,1.500,1.498,1.0013,80.98671127203833,False,False,S,False,79.4,13.71,109550,3.27869,95.29,8.405,10.46,91.0,88.0,36.0
1787958560.4,31.54,2218.0,2,1.490,1.498,0.9947,82.6226196498461,False,False,S,False,79.4,13.71,109550,3.28025,95.29,8.354,10.45,91.0,88.0,36.0
1787958560.6,32.14,2230.5,2,1.490,1.498,0.9947,83.73557675963563,False,False,S,False,79.4,13.71,109550,3.28219,95.29,8.252,10.44,91.0,89.0,36.0
1787958560.8,32.98,2256.5,2,1.500,1.498,1.0013,84.92724710406993,False,False,S,False,79.4,13.71,109550,3.28375,95.29,8.609,10.42,91.0,89.0,37.0
1787958561.0,33.86,2296.8,2,1.500,1.498,1.0013,85.65881108338102,False,False,S,False,79.4,13.71,109550,3.28570,95.29,8.770,10.41,91.0,89.0,38.0
1787958561.3,34.43,2335.0,2,1.490,1.498,0.9947,85.66153995602095,False,False,S,False,79.4,13.71,109550,3.28765,95.29,9.037,10.40,91.0,89.0,39.0
1787958561.5,35.23,2363.5,2,1.500,1.498,1.0013,86.61371517756889,False,False,S,False,79.4,13.71,109550,3.28920,95.29,8.931,10.39,91.0,89.0,39.0
1787958561.7,35.95,2411.0,2,1.500,1.498,1.0013,86.6243703942776,False,False,S,False,79.4,13.71,109550,3.29232,95.29,9.097,10.38,91.0,89.0,39.0
1787958561.9,36.82,2452.2,2,1.500,1.498,1.0013,87.23451800136324,False,False,S,False,79.4,13.71,109550,3.29426,95.29,9.492,10.37,91.0,89.0,39.0
1787958562.1,37.62,2478.8,2,1.500,1.498,1.0013,88.17714151001324,False,False,S,False,79.4,13.71,109550,3.29621,95.29,9.492,10.36,91.0,89.0,39.0
1787958562.3,38.68,2523.5,3,1.500,1.000,1.5000,88.48526652533393,False,False,D,True,79.4,13.77,109550,3.29855,95.29,9.725,10.35,91.0,88.0,39.0
1787958562.5,39.25,2565.2,3,1.500,1.000,1.5000,88.48526652533393,False,False,D,True,79.4,13.77,109550,3.30049,95.29,9.725,10.34,91.0,88.0,39.0
1787958562.7,39.81,2574.5,3,1.480,1.000,1.4800,88.48526652533393,False,False,D,True,79.4,13.77,109550,3.30283,95.29,10.022,10.33,91.0,88.0,39.0
1787958562.9,41.02,2321.5,3,1.290,1.000,1.2900,88.48526652533393,False,False,D,True,79.4,13.77,109550,3.30478,95.29,9.725,10.32,91.0,88.0,39.0
1787958563.1,41.68,2174.8,3,1.060,1.000,1.0600,88.48526652533393,False,False,D,True,79.4,13.77,109550,3.30711,95.29,8.507,10.31,91.0,90.0,40.0
1787958563.3,42.01,2169.2,3,1.000,1.000,1.0000,75.12452895341137,False,False,D,False,79.4,13.77,109550,3.30945,95.29,8.664,10.30,91.0,91.0,40.0
1787958563.5,42.91,2175.5,3,1.000,1.000,1.0000,76.50885965277423,False,False,D,False,79.4,13.77,109550,3.31179,95.29,8.507,10.29,91.0,91.0,40.0
1787958563.7,43.70,2193.2,3,1.000,1.000,1.0000,77.28234634506066,False,False,D,False,79.4,13.77,109550,3.31412,95.29,8.558,10.28,91.0,91.0,40.0
1787958563.9,44.43,2202.5,3,1.000,1.000,1.0000,78.24774536668964,False,False,D,False,79.4,13.77,109550,3.31763,95.29,8.664,10.28,91.0,91.0,40.0
1787958564.1,45.09,2218.0,3,1.000,1.000,1.0000,78.85072550785452,False,False,D,False,79.4,13.77,109550,3.32035,95.29,8.876,10.27,91.0,91.0,40.0
1787958564.3,45.55,2223.2,3,1.000,1.000,1.0000,79.46268648866715,False,False,D,False,79.4,13.77,109550,3.32269,95.29,8.825,10.26,91.0,91.0,40.0
1787958564.5,46.26,2231.5,3,1.000,1.000,1.0000,80.411693214504,False,False,D,False,79.4,13.77,109550,3.32542,95.29,8.770,10.25,91.0,91.0,40.0
1787958564.7,46.76,2244.8,3,1.000,1.000,1.0000,80.7923615052655,False,False,D,False,79.4,13.77,109550,3.32775,95.29,8.609,10.25,91.0,91.0,40.0
1787958564.9,47.43,2253.8,3,1.000,1.000,1.0000,81.62280081448955,False,False,D,False,79.4,13.77,109550,3.33048,95.29,8.770,10.24,91.0,91.0,40.0
1787958565.1,48.05,2258.8,3,1.000,1.000,1.0000,82.50677844855431,False,False,D,False,79.4,13.77,109550,3.33320,95.29,8.876,10.23,91.0,91.0,40.0
1787958565.3,48.56,2269.5,3,1.000,1.000,1.0000,82.98758603655413,False,False,D,False,79.4,13.76,109550,3.33593,95.29,9.037,10.22,91.0,91.0,40.0
1787958565.5,49.16,2283.8,3,1.000,1.000,1.0000,83.48880168595417,False,False,D,False,79.4,13.76,109550,3.33865,95.29,9.037,10.22,91.0,91.0,26.0
1787958565.7,49.44,2135.0,4,1.000,0.726,1.3774,83.48880168595417,False,False,D,True,79.4,13.76,109550,3.34138,95.29,3.820,10.22,91.0,83.0,10.0
1787958565.9,49.64,2044.0,4,1.000,0.726,1.3774,83.48880168595417,False,False,D,True,79.4,13.76,109550,3.34411,95.29,3.286,10.22,91.0,53.0,10.0
1787958566.1,49.91,1868.5,4,0.880,0.726,1.2121,83.48880168595417,False,False,D,True,79.4,13.76,109550,3.34683,95.29,3.120,10.22,91.0,45.0,10.0
1787958566.3,49.93,1757.5,4,0.850,0.726,1.1708,83.48880168595417,False,False,D,True,79.4,13.76,109550,3.34956,95.29,3.341,10.23,91.0,44.0,10.0
1787958566.5,50.08,1661.8,4,0.770,0.726,1.0606,83.48880168595417,False,False,D,True,79.4,13.76,109550,3.35228,95.29,3.260,10.23,91.0,45.0,10.0
1787958566.7,49.88,1501.2,4,0.720,0.726,0.9917,93.55209319499711,False,False,D,False,79.4,13.76,109550,3.35501,95.29,3.260,10.23,91.0,48.0,11.0
1787958566.9,50.02,1521.8,4,0.730,0.726,1.0055,92.56476508830706,False,False,D,False,79.4,13.76,109550,3.35773,95.29,3.120,10.23,91.0,50.0,11.0
1787958567.1,50.16,1538.8,4,0.730,0.726,1.0055,91.78459367375858,False,False,D,False,79.4,13.76,109550,3.36046,95.29,3.506,10.23,91.0,56.0,12.0
1787958567.3,49.87,1564.2,4,0.730,0.726,1.0055,89.76629087068649,False,False,D,False,79.4,13.76,109550,3.36319,95.29,3.702,10.24,91.0,59.0,13.0
1787958567.6,50.01,1584.8,4,0.730,0.726,1.0055,88.85830077384705,False,False,D,False,79.4,13.76,109550,3.36591,93.73,3.702,10.24,91.0,62.0,13.0
1787958567.8,50.15,1480.2,4,0.730,0.726,1.0055,95.41596499271951,True,False,D,False,79.4,13.76,109550,3.36864,93.73,3.880,10.24,91.0,64.0,13.0
1787958568.0,50.13,1414.2,4,0.730,0.726,1.0055,99.84071136450251,True,False,D,False,79.4,13.76,109550,3.37136,95.29,3.791,10.24,91.0,67.0,14.0
1787958568.2,50.12,1399.8,4,0.730,0.726,1.0055,100,True,False,D,False,79.4,13.76,109550,3.37409,95.29,3.880,10.24,91.0,69.0,14.0
1787958568.4,50.25,1406.8,4,0.730,0.726,1.0055,100,True,False,D,False,79.4,13.42,109550,3.37720,95.29,3.820,10.25,91.0,72.0,14.0
1787958568.6,50.28,1412.0,4,0.720,0.726,0.9917,100,True,False,D,False,79.4,13.42,109550,3.37993,95.29,3.791,10.25,91.0,74.0,14.0
1787958568.8,50.33,1416.2,4,0.730,0.726,1.0055,100,True,False,D,False,79.4,13.42,109550,3.38266,95.29,3.880,10.25,91.0,75.0,14.0
1787958569.0,50.42,1412.8,4,0.720,0.726,0.9917,100,True,False,D,False,79.4,13.42,109550,3.38538,95.29,3.880,10.25,91.0,75.0,14.0
1787958569.2,50.49,1416.2,4,0.720,0.726,0.9917,100,True,False,D,False,79.4,13.42,109550,3.38811,92.94,3.175,10.25,91.0,74.0,10.0
1787958569.4,50.52,1417.8,4,0.730,0.726,1.0055,100,True,False,D,False,79.4,13.42,109550,3.39161,95.29,3.120,10.26,91.0,72.0,10.0
1787958569.6,50.42,1417.8,4,0.720,0.726,0.9917,100,True,False,D,False,79.4,13.42,109550,3.39434,95.29,3.065,10.26,91.0,66.0,10.0
1787958569.8,50.66,1419.5,4,0.730,0.726,1.0055,100,True,False,D,False,79.4,13.42,109550,3.39862,95.29,3.175,10.27,91.0,64.0,10.0
1787958570.0,50.59,1420.2,4,0.730,0.726,1.0055,100,True,False,D,False,79.4,13.42,109550,3.40135,95.29,3.120,10.27,91.0,63.0,11.0
1787958570.2,50.40,1417.8,4,0.730,0.726,1.0055,100,True,False,D,False,79.4,13.42,109550,3.40446,95.29,3.150,10.27,91.0,63.0,11.0
1787958570.4,50.50,1418.8,4,0.730,0.726,1.0055,100,True,False,D,False,79.4,13.42,109550,3.40719,95.29,3.286,10.28,91.0,63.0,11.0
1787958570.6,50.58,1418.8,4,0.720,0.726,0.9917,100,True,False,D,False,79.4,13.42,109550,3.40991,95.29,3.230,10.28,91.0,64.0,11.0
1787958570.8,50.42,1421.2,4,0.730,0.726,1.0055,99.8539031583935,True,False,D,False,79.4,13.42,109550,3.41264,95.29,3.286,10.28,91.0,64.0,11.0
1787958571.0,50.67,1422.0,4,0.720,0.726,0.9917,100,True,False,D,False,79.4,13.42,109550,3.41536,95.29,3.230,10.29,91.0,64.0,11.0
1787958571.2,50.77,1421.5,4,0.730,0.726,1.0055,100,True,False,D,False,79.4,13.42,109550,3.41809,95.29,3.260,10.29,91.0,65.0,11.0
1787958571.4,50.77,1426.0,4,0.720,0.726,0.9917,100,True,False,D,False,79.4,13.76,109550,3.42120,95.29,3.230,10.29,91.0,65.0,11.0
1787958571.6,50.59,1422.5,4,0.720,0.726,0.9917,100,True,False,D,False,79.4,13.76,109550,3.42393,95.29,3.286,10.29,91.0,65.0,11.0
1787958571.8,50.77,1425.5,4,0.730,0.726,1.0055,100,True,False,D,False,79.4,13.76,109550,3.42666,95.29,3.230,10.30,91.0,65.0,11.0
1787958572.0,50.80,1426.8,4,0.720,0.726,0.9917,100,True,False,D,False,79.4,13.76,109550,3.42938,95.29,3.260,10.30,91.0,65.0,11.0
1787958572.2,50.82,1428.0,4,0.730,0.726,1.0055,100,True,False,D,False,79.4,13.76,109550,3.43211,95.29,3.286,10.30,91.0,65.0,11.0
1787958572.4,50.97,1427.2,4,0.720,0.726,0.9917,100,True,False,D,False,79.4,13.76,109550,3.43522,95.29,3.311,10.31,91.0,65.0,11.0
1787958572.6,50.95,1428.0,4,0.730,0.726,1.0055,100,True,False,D,False,79.4,13.76,109550,3.43795,95.29,3.286,10.31,91.0,65.0,5.0
1787958572.8,50.91,1424.2,4,0.720,0.726,0.9917,100,False,False,D,False,79.4,13.76,109550,3.44067,95.29,3.286,10.32,91.0,53.0,0.0
1787958573.0,50.55,1418.8,4,0.730,0.726,1.0055,100,False,False,D,False,79.4,13.76,109550,3.44340,95.29,1.227,10.32,91.0,42.0,0.0
1787958573.2,50.44,1372.5,4,0.730,0.726,1.0055,100,False,False,D,False,79.4,13.76,109550,3.44613,95.29,1.172,10.33,91.0,35.0,1.0
1787958573.4,50.33,1341.8,4,0.730,0.726,1.0055,100,False,False,D,False,79.4,13.76,109550,3.44924,93.73,1.189,10.34,91.0,35.0,0.0
1787958573.6,50.01,1281.8,4,0.730,0.726,1.0055,100,False,False,D,False,79.4,13.76,109550,3.45197,95.29,1.214,10.35,91.0,31.0,1.0
1787958573.9,49.97,1216.0,4,0.730,0.726,1.0055,100,False,False,D,False,79.4,13.76,109550,3.45469,95.29,1.027,10.36,91.0,30.0,1.0
1787958574.1,50.07,1123.8,4,0.720,0.726,0.9917,100,False,False,D,False,79.4,13.76,109550,3.45742,95.29,1.027,10.37,91.0,28.0,1.0
1787958574.3,50.17,1080.8,4,0.730,0.726,1.0055,100,False,False,D,False,79.4,13.76,109550,3.46014,95.29,0.976,10.37,91.0,28.0,1.0
1787958574.5,49.85,1061.8,4,0.730,0.726,1.0055,100,False,False,D,False,79.4,13.76,109550,3.46287,95.29,1.159,10.38,91.0,28.0,2.0
1787958574.7,49.58,1270.2,4,0.730,0.726,1.0055,100,False,False,D,False,79.4,13.88,109550,3.46559,95.29,1.146,10.39,91.0,29.0,2.0
1787958574.9,49.75,1368.0,4,0.720,0.726,0.9917,100,False,False,D,False,79.4,13.88,109550,3.46832,95.29,1.401,10.40,91.0,28.0,5.0
1787958575.1,49.66,1418.8,4,0.730,0.726,1.0055,98.46478344781123,False,False,D,False,79.4,13.88,109550,3.47105,95.29,1.762,10.41,91.0,30.0,6.0
1787958575.3,49.78,1455.8,4,0.730,0.726,1.0055,96.1988749680102,False,False,D,False,79.4,13.88,109550,3.47377,95.29,1.762,10.41,91.0,33.0,6.0
1787958575.5,49.75,1458.5,4,0.720,0.726,0.9917,95.95962990886889,False,False,D,False,79.4,13.88,109550,3.47650,95.29,1.944,10.42,91.0,34.0,6.0
1787958575.7,50.03,1465.8,4,0.720,0.726,0.9917,96.0223632995469,False,False,D,False,79.4,13.88,109550,3.47922,94.12,1.961,10.42,91.0,36.0,7.0
1787958575.9,50.12,1476.8,4,0.730,0.726,1.0055,95.47379202734477,False,False,D,False,79.4,13.88,109550,3.48195,95.29,1.978,10.43,91.0,37.0,7.0
1787958576.1,50.22,1487.0,4,0.730,0.726,1.0055,95.01432039036041,False,False,D,False,79.4,13.88,109550,3.48506,95.29,2.076,10.43,91.0,38.0,7.0
1787958576.3,50.32,1493.5,4,0.720,0.726,0.9917,94.7844449021772,False,False,D,False,79.4,13.88,109550,3.48779,95.29,2.114,10.44,91.0,38.0,7.0
1787958576.5,50.53,1501.0,4,0.720,0.726,0.9917,94.69972010783114,False,False,D,False,79.4,13.88,109550,3.49246,95.29,2.216,10.45,91.0,39.0,8.0
1787958576.7,50.52,1510.8,4,0.730,0.726,1.0055,94.06062146321813,False,False,D,False,79.4,13.88,109550,3.49558,95.29,2.216,10.45,91.0,40.0,8.0
1787958576.9,50.77,1517.8,4,0.730,0.726,1.0055,94.12432640311548,True,False,D,False,79.4,13.88,109550,3.49830,95.29,2.296,10.45,91.0,41.0,8.0
1787958577.1,51.00,1524.0,4,0.730,0.726,1.0055,94.29302068825218,True,False,D,False,79.4,13.88,109550,3.50103,95.29,2.339,10.46,91.0,42.0,9.0
1787958577.3,51.07,1531.2,4,0.730,0.726,1.0055,94.09059684809218,True,False,D,False,79.4,13.88,109550,3.50375,95.29,2.296,10.46,91.0,42.0,9.0
1787958577.5,51.02,1419.2,4,0.720,0.726,0.9917,100,True,False,D,False,79.4,13.88,109550,3.50648,95.29,2.449,10.47,91.0,43.0,10.0
1787958577.7,51.37,1433.5,4,0.730,0.726,1.0055,100,True,False,D,False,79.4,13.74,109550,3.50960,95.29,2.611,10.47,91.0,46.0,10.0
1787958577.9,51.69,1453.5,4,0.730,0.726,1.0055,100,True,False,D,False,79.4,13.74,109550,3.51232,95.29,2.772,10.48,91.0,49.0,11.0
1787958578.1,51.94,1464.5,4,0.730,0.726,1.0055,100,True,False,D,False,79.4,13.74,109550,3.51505,95.29,2.887,10.48,91.0,51.0,11.0
1787958578.3,52.54,1463.8,4,0.730,0.726,1.0055,100,True,False,D,False,79.4,13.74,109550,3.51816,95.29,2.937,10.48,91.0,52.0,12.0
1787958578.5,52.37,1476.8,4,0.720,0.726,0.9917,100,True,False,D,False,79.4,13.74,109550,3.52089,95.29,2.988,10.49,91.0,54.0,12.0
1787958578.7,52.68,1486.5,4,0.720,0.726,0.9917,99.97873042046504,True,False,D,False,79.4,13.74,109550,3.52400,95.29,3.095,10.49,91.0,56.0,13.0
1787958578.9,53.10,1486.0,4,0.730,0.726,1.0055,100,True,False,D,False,79.4,13.74,109550,3.52673,95.29,3.230,10.49,91.0,58.0,13.0
1787958579.1,53.40,1503.0,4,0.730,0.726,1.0055,100,True,False,D,False,79.4,13.74,109550,3.52984,95.29,3.230,10.50,91.0,60.0,14.0
1787958579.3,53.83,1510.5,4,0.730,0.726,1.0055,100,True,False,D,False,79.4,13.74,109550,3.53257,95.29,3.506,10.50,91.0,62.0,14.0
1787958579.5,54.28,1527.0,4,0.720,0.726,0.9917,100,True,False,D,False,79.4,13.74,109550,3.53568,94.12,3.587,10.50,91.0,63.0,14.0
1787958579.7,54.91,1538.2,4,0.730,0.726,1.0055,100,True,False,D,False,79.4,13.74,109550,3.53880,95.29,3.646,10.50,91.0,64.0,15.0
1787958580.0,55.08,1548.8,4,0.730,0.726,1.0055,100,True,False,D,False,79.4,13.74,109550,3.54153,95.29,3.761,10.50,91.0,65.0,15.0
1787958580.2,55.72,1562.0,4,0.720,0.726,0.9917,100,True,False,D,False,79.4,13.74,109550,3.54464,95.29,3.761,10.51,91.0,66.0,15.0
1787958580.4,56.03,1573.0,4,0.730,0.726,1.0055,100,True,False,D,False,79.4,13.74,109550,3.54776,95.29,3.973,10.51,91.0,67.0,16.0
1787958580.6,56.62,1587.0,4,0.730,0.726,1.0055,100,True,False,D,False,79.4,13.74,109550,3.55087,95.29,3.973,10.51,91.0,68.0,16.0
1787958580.8,56.81,1595.8,4,0.730,0.726,1.0055,100,True,False,D,False,79.4,13.76,109550,3.55399,95.29,4.067,10.51,91.0,68.0,16.0
1787958581.0,57.36,1610.2,4,0.730,0.726,1.0055,100,True,False,D,False,79.4,13.76,109550,3.55710,95.29,4.067,10.52,91.0,69.0,16.0
1787958581.2,57.81,1620.8,4,0.730,0.726,1.0055,100,True,False,D,False,79.4,13.76,109550,3.56022,95.29,4.160,10.52,91.0,69.0,16.0
1787958581.4,58.29,1631.0,4,0.720,0.726,0.9917,100,True,False,D,False,79.4,13.76,109550,3.56333,95.29,4.037,10.52,91.0,69.0,16.0
1787958581.6,58.60,1641.8,4,0.720,0.726,0.9917,100,True,False,D,False,79.4,13.76,109550,3.56684,95.29,4.224,10.52,91.0,69.0,16.0
1787958581.8,58.93,1652.2,4,0.720,0.726,0.9917,100,True,False,D,False,79.4,13.76,109550,3.56995,95.29,4.224,10.53,91.0,69.0,16.0
1787958582.0,59.26,1660.8,4,0.720,0.726,0.9917,100,True,False,D,False,79.4,13.76,109550,3.57307,95.29,4.258,10.53,91.0,69.0,17.0
1787958582.2,59.42,1669.0,4,0.720,0.726,0.9917,100,True,False,D,False,79.4,13.76,109550,3.57657,95.29,4.224,10.53,91.0,69.0,17.0
1787958582.4,59.77,1680.5,4,0.720,0.726,0.9917,100,True,False,D,False,79.4,13.76,109550,3.57969,95.29,4.287,10.53,91.0,69.0,17.0
1787958582.6,59.87,1691.2,4,0.720,0.726,0.9917,99.70853677979255,True,False,D,False,79.4,13.76,109550,3.58475,95.29,4.287,10.54,91.0,69.0,17.0
1787958582.8,60.22,1697.2,4,0.730,0.726,1.0055,99.93649095873587,True,False,D,False,79.4,13.76,109550,3.58786,95.29,4.351,10.54,91.0,69.0,17.0
1787958583.0,60.55,1699.5,4,0.730,0.726,1.0055,100,True,False,D,False,79.4,13.76,109550,3.59215,95.29,4.415,10.54,91.0,69.0,17.0
1787958583.2,60.99,1709.2,4,0.730,0.726,1.0055,100,True,False,D,False,79.4,13.76,109550,3.59565,95.29,4.415,10.55,91.0,69.0,17.0
1787958583.4,61.27,1713.0,4,0.720,0.726,0.9917,100,True,False,D,False,79.4,13.76,109550,3.59877,95.29,4.415,10.55,91.0,69.0,17.0
1787958583.6,61.27,1719.2,4,0.730,0.726,1.0055,100,True,False,D,False,79.4,13.76,109550,3.60227,95.29,4.415,10.55,91.0,69.0,17.0
1787958583.8,61.41,1722.2,4,0.730,0.726,1.0055,100,True,False,D,False,79.4,13.77,109550,3.60577,95.29,4.580,10.55,91.0,70.0,17.0
1787958584.0,61.35,1729.2,4,0.730,0.726,1.0055,99.89986019399211,True,False,D,False,79.4,13.77,109550,3.60889,95.29,4.614,10.56,91.0,70.0,18.0
1787958584.2,61.46,1738.5,3,0.730,1.000,0.7300,100,False,False,S,True,79.4,13.77,109550,3.61239,95.29,4.385,10.56,91.0,70.0,18.0
1787958584.4,61.59,2029.0,3,0.760,1.000,0.7600,100,False,False,S,True,79.4,13.77,109550,3.61590,95.29,4.648,10.56,91.0,68.0,18.0
1787958584.6,61.56,2126.0,3,0.810,1.000,0.8100,100,False,False,S,True,79.4,13.77,109550,3.61940,95.29,4.648,10.56,91.0,65.0,18.0
1787958584.8,61.41,2308.0,3,0.910,1.000,0.9100,100,False,False,S,True,79.4,13.77,109550,3.62252,95.29,5.060,10.56,91.0,64.0,18.0
1787958585.0,61.59,2541.2,3,1.000,1.000,1.0000,100,False,False,S,True,79.4,13.77,109550,3.62602,95.29,5.425,10.56,91.0,62.0,18.0
1787958585.2,61.62,2511.8,3,1.000,1.000,1.0000,95.14018307973502,False,False,S,False,79.4,13.77,109550,3.62953,95.29,5.535,10.57,91.0,59.0,19.0
1787958585.4,61.75,2520.2,3,1.000,1.000,1.0000,95.02320150358119,False,False,S,False,79.4,13.77,109550,3.63303,95.29,5.692,10.57,91.0,58.0,19.0
1787958585.6,61.69,2526.5,3,1.000,1.000,1.0000,94.69603337083667,False,False,S,False,79.4,13.77,109550,3.63615,95.29,5.811,10.56,91.0,59.0,20.0
1787958585.8,61.66,2531.0,3,1.000,1.000,1.0000,94.4740376923204,False,False,S,False,79.4,13.77,109550,3.63965,95.29,5.892,10.57,91.0,60.0,20.0
1787958586.0,61.61,2530.8,3,1.000,1.000,1.0000,94.41824106583397,False,False,S,False,79.4,13.77,109550,3.64316,95.29,6.015,10.56,91.0,61.0,20.0
1787958586.2,61.66,2535.8,3,1.000,1.000,1.0000,94.31236200161419,False,False,S,False,79.4,13.77,109550,3.64666,95.29,6.100,10.56,91.0,61.0,21.0
1787958586.5,61.84,2543.2,3,1.000,1.000,1.0000,94.30490991564157,False,False,S,False,79.4,13.77,109550,3.64977,95.29,6.270,10.56,91.0,62.0,21.0
1787958586.7,61.69,2540.2,3,1.000,1.000,1.0000,94.18727446038832,False,False,S,False,79.4,13.77,109550,3.65328,95.29,6.270,10.56,91.0,63.0,21.0
1787958586.9,61.54,2538.0,3,1.000,1.000,1.0000,94.04156255045208,False,False,S,False,79.4,13.77,109550,3.65678,95.29,6.355,10.56,91.0,63.0,22.0
1787958587.1,61.49,2541.2,3,1.000,1.000,1.0000,93.84498692430736,False,False,S,False,79.4,13.77,109550,3.65990,95.29,6.533,10.56,91.0,64.0,22.0
1787958587.3,61.20,2543.2,3,1.000,1.000,1.0000,93.32514835003863,False,False,S,False,79.4,13.77,109550,3.66340,95.29,6.533,10.56,91.0,64.0,22.0
1787958587.5,61.22,2541.2,3,1.000,1.000,1.0000,93.42530368807232,False,False,S,False,79.4,13.77,109550,3.66691,94.90,6.490,10.56,91.0,64.0,22.0
1787958587.7,61.03,2537.5,3,1.000,1.000,1.0000,93.27680009994926,False,False,S,False,79.4,13.77,109550,3.67041,95.29,6.622,10.55,91.0,65.0,22.0
1787958587.9,60.88,2531.5,3,1.000,1.000,1.0000,93.27190902439258,False,False,S,False,79.4,13.79,109550,3.67353,95.29,6.669,10.55,91.0,65.0,22.0
1787958588.1,60.86,2530.0,3,1.000,1.000,1.0000,93.29271816838208,False,False,S,False,79.4,13.79,109550,3.67703,95.29,6.669,10.55,91.0,65.0,22.0
1787958588.3,60.78,2525.8,3,1.000,1.000,1.0000,93.33453741206758,False,False,S,False,79.4,13.79,109550,3.68054,95.29,6.669,10.55,91.0,65.0,22.0
1787958588.5,60.79,2524.0,3,1.000,1.000,1.0000,93.39925034410844,False,False,S,False,79.4,13.79,109550,3.68365,95.29,6.580,10.55,91.0,65.0,22.0
1787958588.7,60.62,2520.5,3,1.000,1.000,1.0000,93.282756249651,False,False,S,False,79.4,13.79,109550,3.68716,95.29,6.490,10.55,91.0,65.0,22.0
1787958588.9,60.42,2511.5,3,1.000,1.000,1.0000,93.3081967750906,False,False,S,False,79.4,13.79,109550,3.69105,95.29,6.669,10.55,91.0,66.0,22.0
1787958589.1,60.31,2508.8,3,1.000,1.000,1.0000,93.22883558794595,False,False,S,False,79.4,13.79,109550,3.69455,95.29,6.580,10.55,91.0,66.0,22.0
1787958589.3,59.86,2429.8,3,1.000,1.000,1.0000,95.54975531209487,False,False,S,False,79.4,13.79,109550,3.69767,95.29,2.258,10.55,91.0,61.0,0.0
1787958589.5,59.42,2303.5,3,1.000,1.000,1.0000,100,False,False,S,False,79.4,13.79,109550,3.70273,95.29,1.299,10.56,91.0,32.0,0.0
1787958589.7,58.89,2213.5,3,1.000,1.000,1.0000,100,False,False,S,False,79.4,13.79,109550,3.70624,95.29,1.312,10.57,91.0,25.0,0.0
1787958589.9,58.16,2176.5,3,1.000,1.000,1.0000,100,False,False,S,False,79.4,13.79,109550,3.70935,95.29,1.286,10.58,91.0,23.0,0.0
1787958590.1,57.85,2147.0,3,1.000,1.000,1.0000,100,False,False,S,False,79.4,13.77,109550,3.71247,95.29,1.256,10.59,91.0,23.0,0.0
1787958590.3,57.68,2096.0,3,1.000,1.000,1.0000,100,False,False,S,False,79.4,13.77,109550,3.71558,90.59,1.227,10.60,91.0,21.0,0.0
1787958590.5,57.14,2060.5,3,1.000,1.000,1.0000,100,False,False,S,False,79.4,13.77,109550,3.71909,95.29,1.201,10.61,91.0,21.0,0.0
1787958590.7,56.63,2035.5,3,1.000,1.000,1.0000,100,False,False,S,False,79.4,13.77,109550,3.72220,95.29,1.172,10.62,91.0,21.0,0.0
1787958590.9,55.66,2007.2,3,1.000,1.000,1.0000,100,False,False,S,False,79.4,13.77,109550,3.72532,94.12,1.159,10.63,91.0,21.0,0.0
1787958591.1,55.34,1977.8,3,1.000,1.000,1.0000,100,False,False,S,False,79.4,13.77,109550,3.72843,95.29,1.146,10.64,91.0,20.0,0.0
1787958591.3,55.02,1952.2,3,1.000,1.000,1.0000,100,False,False,S,False,79.4,13.77,109550,3.73116,95.29,1.133,10.64,91.0,20.0,0.0
1787958591.5,54.30,1927.5,3,1.000,1.000,1.0000,100,False,False,S,False,79.4,13.77,109550,3.73427,93.73,1.133,10.65,91.0,20.0,0.0
1787958591.7,53.86,1903.0,3,1.000,1.000,1.0000,100,False,False,S,False,79.4,13.77,109550,3.73739,95.29,1.146,10.66,91.0,20.0,0.0
1787958591.9,53.48,1880.2,3,1.000,1.000,1.0000,100,False,False,S,False,79.4,13.77,109550,3.74011,94.12,1.146,10.67,91.0,20.0,0.0
1787958592.1,53.08,1856.0,3,1.000,1.000,1.0000,100,False,False,S,False,79.4,13.77,109550,3.74323,95.29,1.121,10.68,91.0,20.0,0.0
1787958592.3,52.44,1836.0,3,1.000,1.000,1.0000,100,False,False,S,False,79.4,13.77,109550,3.74595,95.29,1.104,10.69,91.0,20.0,0.0
1787958592.6,51.98,1812.8,3,1.000,1.000,1.0000,100,False,False,S,False,79.4,13.77,109550,3.74907,92.94,1.078,10.70,91.0,20.0,0.0
1787958592.8,51.45,1793.2,3,1.000,1.000,1.0000,100,False,False,S,False,79.4,13.77,109550,3.75179,95.29,1.091,10.70,91.0,20.0,0.0
1787958593.0,51.04,1773.2,3,1.000,1.000,1.0000,100,False,False,S,False,79.4,13.77,109550,3.75491,95.29,1.027,10.71,91.0,20.0,0.0
1787958593.2,50.76,1755.5,3,1.000,1.000,1.0000,100,False,False,S,False,79.4,13.79,109550,3.75764,95.29,1.027,10.72,91.0,20.0,0.0
1787958593.4,50.18,1737.0,3,1.000,1.000,1.0000,100,False,False,S,False,79.4,13.79,109550,3.76036,95.29,1.040,10.73,91.0,19.0,0.0
1787958593.6,49.99,1720.8,3,1.000,1.000,1.0000,100,False,False,S,False,79.4,13.79,109550,3.76309,95.29,1.040,10.74,91.0,19.0,0.0
1787958593.8,49.37,1699.0,3,1.000,1.000,1.0000,100,False,False,S,False,79.4,13.79,109550,3.76581,95.29,1.027,10.74,91.0,19.0,0.0
1787958594.0,49.20,1684.2,3,1.000,1.000,1.0000,100,False,False,S,False,79.4,13.79,109550,3.76854,95.29,1.040,10.75,91.0,19.0,0.0
1787958594.2,48.79,1667.5,3,1.000,1.000,1.0000,100,False,False,S,False,79.4,13.79,109550,3.77126,95.29,1.053,10.76,91.0,20.0,0.0
1787958594.4,48.42,1650.5,3,1.000,1.000,1.0000,100,False,False,S,False,79.4,13.79,109550,3.77399,95.29,1.053,10.77,91.0,20.0,0.0
1787958594.6,48.20,1634.8,3,1.000,1.000,1.0000,100,False,False,S,False,79.4,13.79,109550,3.77672,95.29,1.040,10.77,91.0,20.0,0.0
1787958594.8,47.84,1622.0,3,1.000,1.000,1.0000,100,False,False,S,False,79.4,13.79,109550,3.77944,95.29,1.053,10.78,91.0,20.0,0.0
1787958595.0,47.50,1608.0,3,1.000,1.000,1.0000,100,False,False,S,False,79.4,13.79,109550,3.78217,95.29,1.027,10.79,91.0,21.0,0.0
1787958595.2,47.25,1594.2,3,1.000,1.000,1.0000,100,False,False,S,False,79.4,13.79,109550,3.78450,95.29,1.040,10.80,91.0,21.0,0.0
1787958595.4,46.91,1576.8,3,1.000,1.000,1.0000,100,False,False,S,False,79.4,13.79,109550,3.78918,95.29,1.065,10.81,91.0,21.0,0.0
1787958595.6,46.44,1564.5,3,1.000,1.000,1.0000,100,False,False,S,False,79.4,13.79,109550,3.79190,95.29,1.053,10.82,91.0,21.0,0.0
1787958595.8,46.34,1550.8,3,1.000,1.000,1.0000,100,False,False,S,False,79.4,13.79,109550,3.79463,95.29,1.065,10.83,91.0,21.0,0.0
1787958596.0,45.95,1537.5,3,1.000,1.000,1.0000,100,False,False,S,False,79.4,13.79,109550,3.79696,95.29,1.053,10.83,91.0,22.0,0.0
1787958596.2,45.59,1437.0,3,1.000,1.000,1.0000,100,False,False,S,False,79.4,13.75,109550,3.79969,95.29,1.078,10.84,91.0,22.0,0.0
1787958596.4,45.22,1381.5,3,1.000,1.000,1.0000,100,False,False,S,False,79.4,13.75,109550,3.80203,95.29,1.002,10.85,91.0,22.0,0.0
1787958596.6,44.48,1330.5,3,1.000,1.000,1.0000,100,False,False,S,False,79.4,13.75,109550,3.80436,95.29,1.269,10.85,91.0,22.0,0.0
1787958596.8,43.83,1280.2,3,1.000,1.000,1.0000,100,False,False,S,False,79.4,13.75,109550,3.80709,95.29,1.201,10.86,91.0,26.0,0.0
1787958597.0,43.11,1232.2,3,1.000,1.000,1.0000,100,False,False,S,False,79.4,13.75,109550,3.80942,94.12,1.201,10.87,91.0,27.0,0.0
1787958597.2,42.08,1178.8,3,1.000,1.000,1.0000,100,False,False,S,False,79.4,13.75,109550,3.81176,94.51,1.201,10.87,91.0,28.0,0.0
1787958597.4,41.21,1139.5,3,1.000,1.000,1.0000,100,False,False,S,False,79.4,13.75,109550,3.81410,95.29,1.312,10.88,91.0,30.0,0.0
1787958597.6,40.19,1152.8,3,1.000,1.000,1.0000,100,False,False,S,False,79.4,13.75,109550,3.81643,94.90,1.299,10.89,91.0,30.0,0.0
1787958597.8,39.28,1115.8,3,1.000,1.000,1.0000,100,False,False,S,False,79.4,13.75,109550,3.81838,94.12,1.286,10.89,91.0,30.0,0.0
1787958598.0,37.80,1072.8,3,1.000,1.000,1.0000,100,False,False,S,False,79.4,13.75,109550,3.82072,95.29,1.312,10.90,90.0,31.0,0.0
1787958598.2,37.29,1037.0,3,1.000,1.000,1.0000,100,False,False,S,False,79.4,13.75,109550,3.82266,93.73,1.286,10.91,90.0,33.0,0.0
1787958598.4,36.49,989.8,3,1.000,1.000,1.0000,100,False,False,S,False,79.4,13.75,109550,3.82461,95.29,1.299,10.91,91.0,34.0,0.0
1787958598.6,35.87,962.8,3,1.000,1.000,1.0000,100,False,False,S,False,79.4,13.75,109550,3.82656,95.29,1.312,10.92,90.0,34.0,0.0
1787958598.8,35.06,941.2,3,1.000,1.000,1.0000,100,False,False,S,False,79.4,13.76,109550,3.82889,95.29,1.172,10.92,90.0,36.0,0.0
1787958599.1,34.26,906.8,3,1.000,1.000,1.0000,100,False,False,S,False,79.4,13.76,109550,3.83045,95.29,1.214,10.93,90.0,35.0,0.0
1787958599.3,33.69,881.2,3,1.000,1.000,1.0000,100,False,False,S,False,79.4,13.85,109550,3.83240,95.29,1.104,10.93,90.0,35.0,0.0
1787958599.5,33.14,860.8,3,1.000,1.000,1.0000,100,False,False,S,False,79.4,13.85,109550,3.83434,95.29,1.269,10.94,90.0,36.0,0.0
1787958599.7,32.00,863.8,3,1.000,1.000,1.0000,100,False,False,S,False,79.4,13.85,109550,3.83629,95.29,1.172,10.94,90.0,36.0,0.0
1787958599.9,31.23,842.0,3,1.000,1.000,1.0000,100,False,False,S,False,79.4,13.85,109550,3.83785,95.29,1.121,10.95,90.0,36.0,0.0
1787958600.1,30.50,832.0,3,1.000,1.000,1.0000,100,False,False,S,False,79.4,13.85,109550,3.83980,93.73,1.159,10.95,90.0,37.0,0.0
1787958600.3,29.53,814.8,3,1.000,1.000,1.0000,100,False,False,S,False,79.4,13.85,109550,3.84135,95.29,1.146,10.96,90.0,37.0,0.0
1787958600.5,28.82,795.8,3,1.000,1.000,1.0000,100,False,False,S,False,79.4,13.85,109550,3.84291,95.29,1.269,10.96,90.0,38.0,0.0
1787958600.7,27.95,793.8,3,1.000,1.000,1.0000,100,False,False,S,False,79.4,13.85,109550,3.84447,95.29,1.091,10.97,90.0,38.0,0.0
1787958600.9,27.10,787.8,3,1.000,1.000,1.0000,100,False,False,S,False,79.4,13.85,109550,3.84603,94.90,1.091,10.97,90.0,39.0,0.0
1787958601.1,26.27,780.8,3,1.000,1.000,1.0000,100,False,False,S,False,79.4,13.85,109550,3.84758,95.29,1.091,10.98,90.0,39.0,0.0
1787958601.3,25.35,772.0,3,1.000,1.000,1.0000,100,False,False,S,False,79.4,13.85,109550,3.84992,95.29,1.078,10.98,90.0,39.0,0.0
1787958601.5,24.57,758.2,3,1.000,1.000,1.0000,100,False,False,S,False,79.4,13.85,109550,3.85109,95.29,1.065,10.99,90.0,39.0,0.0
1787958601.7,23.84,743.5,3,1.000,1.000,1.0000,100,False,False,S,False,79.4,13.85,109550,3.85265,95.29,1.078,10.99,90.0,40.0,0.0
1787958601.9,23.62,747.0,3,1.000,1.000,1.0000,100,False,False,S,False,79.4,13.77,109550,3.85381,95.29,1.078,10.99,90.0,40.0,0.0
1787958602.1,23.37,743.2,3,1.000,1.000,1.0000,100,False,False,S,False,79.4,13.77,109550,3.85498,95.29,1.053,11.00,90.0,40.0,0.0
1787958602.3,23.12,752.2,3,1.000,1.000,1.0000,100,False,False,S,False,79.4,13.79,109550,3.85654,95.29,1.065,11.00,90.0,40.0,0.0
1787958602.5,22.81,741.2,3,1.000,1.000,1.0000,100,False,False,S,False,79.4,13.79,109550,3.85771,95.29,1.091,11.00,90.0,40.0,0.0
1787958602.7,22.61,744.5,3,1.000,1.000,1.0000,100,False,False,S,False,79.4,13.79,109550,3.85888,95.29,1.078,11.01,90.0,40.0,0.0
1787958602.9,22.45,742.0,3,1.000,1.000,1.0000,100,False,False,S,False,79.4,13.79,109550,3.86004,95.29,1.040,11.01,90.0,40.0,0.0
1787958603.1,22.24,740.8,3,1.000,1.000,1.0000,100,False,False,S,False,79.4,13.79,109550,3.86121,95.29,1.078,11.01,90.0,40.0,0.0
1787958603.3,22.03,738.8,3,1.000,1.000,1.0000,100,False,False,S,False,79.4,13.79,109550,3.86277,95.29,1.091,11.02,90.0,41.0,0.0
1787958603.5,21.58,741.8,3,1.000,1.000,1.0000,100,False,False,S,False,79.4,13.79,109550,3.86394,95.29,1.078,11.02,90.0,41.0,0.0
1787958603.7,21.27,741.8,3,1.000,1.000,1.0000,100,False,False,S,False,79.4,13.79,109550,3.86511,95.29,1.053,11.03,90.0,41.0,0.0
1787958603.9,20.82,731.0,3,1.000,1.000,1.0000,100,False,False,S,False,79.4,13.79,109550,3.86627,95.29,0.836,11.03,90.0,39.0,0.0
1787958604.1,20.23,767.5,3,1.010,1.000,1.0100,100,False,False,S,False,79.4,13.79,109550,3.86744,95.29,0.857,11.03,90.0,38.0,0.0
1787958604.3,19.80,766.0,3,1.000,1.000,1.0000,0,False,False,S,False,79.4,13.79,109550,3.86861,94.12,0.815,11.04,90.0,37.0,0.0
1787958604.6,19.22,749.5,3,1.000,1.000,1.0000,0,False,False,S,False,79.4,13.79,109550,3.86939,95.29,0.807,11.04,90.0,35.0,0.0
1787958604.8,18.45,741.8,3,1.000,1.000,1.0000,0,False,False,S,False,79.4,13.79,109550,3.87056,95.29,0.807,11.04,90.0,34.0,0.0
1787958605.0,17.76,732.2,3,1.010,1.000,1.0100,0,False,False,S,False,79.4,13.79,109550,3.87173,93.33,0.777,11.04,90.0,33.0,0.0
1787958605.2,16.84,710.5,3,1.000,1.000,1.0000,0,False,False,S,False,79.4,13.79,109550,3.87250,94.12,0.807,11.05,90.0,33.0,0.0
1787958605.4,15.93,697.2,3,1.010,1.000,1.0100,0,False,False,S,False,79.4,13.79,109550,3.87367,95.29,1.256,11.05,90.0,33.0,0.0
1787958605.6,15.08,695.2,3,1.000,1.000,1.0000,0,False,False,S,False,79.4,13.66,109550,3.87445,95.29,1.133,11.05,90.0,35.0,0.0
1787958605.8,14.26,702.0,3,1.000,1.000,1.0000,0,False,False,S,False,79.4,13.66,109550,3.87523,95.29,1.172,11.05,90.0,38.0,0.0
1787958606.0,13.39,712.8,3,0.990,1.000,0.9900,0,False,False,S,False,79.4,13.66,109550,3.87601,95.29,0.951,11.06,90.0,39.0,0.0
1787958606.2,12.63,716.5,3,0.990,1.000,0.9900,0,False,False,S,False,79.4,13.66,109550,3.87679,95.29,0.917,11.06,90.0,39.0,0.0
1787958606.4,11.68,711.0,3,1.050,1.000,1.0500,0,False,False,S,False,79.4,13.66,109550,3.87757,95.29,0.951,11.06,90.0,38.0,0.0
1787958606.6,10.93,700.0,1,1.050,2.816,0.3729,0,False,False,S,True,79.4,13.66,109550,3.87796,94.12,1.121,11.06,90.0,38.0,0.0
1787958606.8,10.04,691.0,1,1.020,2.816,0.3622,0,False,False,S,True,79.4,13.66,109550,3.87873,95.29,1.133,11.06,90.0,39.0,0.0
1787958607.0,9.20,688.8,1,0.920,2.816,0.3267,0,False,False,S,True,79.4,13.66,109550,3.87912,95.29,1.104,11.06,90.0,41.0,0.0
1787958607.2,8.41,692.0,1,1.000,2.816,0.3551,0,False,False,S,True,79.4,13.66,109550,3.87990,95.29,1.159,11.06,90.0,42.0,0.0
1787958607.4,7.53,707.0,1,1.500,2.816,0.5327,0,False,False,S,True,79.4,13.66,109550,3.88029,94.51,1.133,11.06,90.0,42.0,0.0
1787958607.6,6.49,722.2,1,2.000,2.816,0.7102,0,False,False,S,True,79.4,13.66,109550,3.88068,95.29,0.964,11.06,90.0,42.0,0.0
1787958607.8,6.01,721.5,1,2.360,2.816,0.8381,0,False,False,S,True,79.4,13.66,109550,3.88107,92.94,0.930,11.06,90.0,41.0,0.0
1787958608.0,5.71,717.0,1,2.500,2.816,0.8878,0,False,False,S,True,79.4,13.66,109550,3.88146,95.29,0.964,11.06,90.0,40.0,0.0
1787958608.2,5.46,725.0,1,2.830,2.816,1.0050,0,False,False,S,False,79.4,13.66,109550,3.88185,95.29,0.891,11.06,90.0,40.0,0.0
1787958608.4,5.38,714.2,1,2.820,2.816,1.0014,0,False,False,S,False,79.4,13.66,109550,3.88224,95.29,0.870,11.06,90.0,38.0,0.0
1787958608.6,5.14,708.2,1,2.780,2.816,0.9872,0,False,False,S,False,79.4,13.84,109550,3.88224,95.29,0.891,11.06,90.0,38.0,0.0
1787958608.8,4.75,696.5,1,2.710,2.816,0.9624,0,False,False,S,False,79.4,13.84,109550,3.88263,95.29,0.879,11.06,90.0,38.0,0.0
1787958609.0,4.28,684.5,1,2.610,2.816,0.9268,0,False,False,S,False,79.4,13.84,109550,3.88302,95.29,1.015,11.06,90.0,38.0,0.0
1787958609.2,3.80,672.0,1,2.940,2.816,1.0440,0,False,False,S,False,79.4,13.84,109550,3.88302,95.29,1.121,11.06,90.0,39.0,0.0
1787958609.4,3.19,676.8,1,2.820,2.816,1.0014,0,False,False,S,False,79.4,13.84,109550,3.88341,95.29,1.146,11.06,90.0,42.0,0.0
1787958609.6,2.73,697.2,1,2.820,2.816,1.0014,0,False,False,S,False,79.4,13.84,109550,3.88341,95.29,1.121,11.05,90.0,42.0,0.0
1787958609.8,2.25,714.2,1,2.820,2.816,1.0014,0,False,False,S,False,79.4,13.84,109550,3.88380,95.29,1.002,11.05,90.0,42.0,0.0
1787958610.0,1.85,715.2,1,2.820,2.816,1.0014,0,False,False,S,False,79.4,13.84,109550,3.88380,94.12,0.951,11.05,90.0,41.0,0.0
1787958610.2,1.48,710.5,1,2.820,2.816,1.0014,0,False,False,S,False,79.4,13.84,109550,3.88380,95.29,0.989,11.05,90.0,40.0,0.0
1787958610.4,1.12,703.2,1,2.820,2.816,1.0014,0,False,False,S,False,79.4,13.84,109550,3.88380,95.29,1.002,11.05,90.0,40.0,0.0
1787958610.6,0.82,695.8,1,2.820,2.816,1.0014,0,False,False,S,False,79.4,13.84,109550,3.88380,95.29,0.989,11.05,90.0,40.0,0.0
1787958610.8,0.37,692.0,1,2.820,2.816,1.0014,0,False,False,S,False,79.4,13.84,109550,3.88419,95.29,0.976,11.05,90.0,40.0,0.0
1787958611.0,0.00,689.5,1,2.820,2.816,1.0014,0,False,False,S,False,79.4,13.84,109550,3.88419,95.29,0.951,11.04,90.0,40.0,0.0
1787958611.2,0.00,687.5,1,2.820,2.816,1.0014,0,False,False,S,False,79.4,13.84,109550,3.88419,95.29,0.938,11.04,90.0,40.0,0.0
1787958611.4,0.00,684.5,1,2.820,2.816,1.0014,0,False,False,S,False,79.4,13.84,109550,3.88419,95.29,0.917,11.04,90.0,40.0,0.0
1787958611.7,0.00,684.2,1,2.820,2.816,1.0014,0,False,False,S,False,79.4,13.75,109550,3.88419,95.29,0.951,11.04,90.0,40.0,0.0
1787958611.9,0.00,679.0,1,2.820,2.816,1.0014,0,False,False,S,False,79.4,13.75,109550,3.88419,95.29,0.891,11.04,90.0,40.0,0.0
1787958612.1,0.00,675.8,1,2.820,2.816,1.0014,0,False,False,S,False,79.4,13.75,109550,3.88419,95.29,0.917,11.03,90.0,40.0,0.0
1787958612.3,0.00,671.2,1,2.820,2.816,1.0014,0,False,False,S,False,79.4,13.75,109550,3.88419,95.29,0.904,11.03,90.0,40.0,0.0
1787958612.5,0.00,665.0,1,2.820,2.816,1.0014,0,False,False,S,False,79.4,13.75,109550,3.88419,95.29,0.904,11.03,90.0,40.0,0.0
1787958612.7,0.00,660.0,1,2.820,2.816,1.0014,0,False,False,S,False,79.4,13.75,109550,3.88419,95.29,0.891,11.03,90.0,40.0,0.0
1787958612.9,0.00,658.5,1,2.820,2.816,1.0014,0,False,False,S,False,79.4,13.75,109550,3.88419,95.29,0.904,11.03,90.0,40.0,0.0
1787958613.1,0.00,654.2,1,2.820,2.816,1.0014,0,False,False,S,False,79.4,13.75,109550,3.88419,95.29,0.904,11.03,90.0,40.0,0.0
1787958613.3,0.00,651.2,1,2.820,2.816,1.0014,0,False,False,S,False,79.4,13.75,109550,3.88419,95.29,0.879,11.03,90.0,40.0,0.0
1787958613.5,0.00,647.5,1,2.820,2.816,1.0014,0,False,False,S,False,79.4,13.75,109550,3.88419,95.29,0.879,11.02,90.0,40.0,0.0
1787958613.7,0.00,644.8,1,2.820,2.816,1.0014,0,False,False,S,False,79.4,13.75,109550,3.88419,95.29,0.870,11.02,90.0,40.0,0.0
1787958613.9,0.00,641.2,1,2.820,2.816,1.0014,0,False,False,S,False,79.4,13.76,109550,3.88419,95.29,0.857,11.02,90.0,40.0,0.0
1787958614.1,0.00,641.2,1,2.820,2.816,1.0014,0,False,False,S,False,79.4,13.76,109550,3.88419,95.29,0.870,11.02,90.0,40.0,0.0
1787958614.3,0.00,639.8,1,2.820,2.816,1.0014,0,False,False,S,False,79.4,13.76,109550,3.88419,95.29,0.857,11.02,91.0,40.0,0.0
1787958614.5,0.00,637.2,1,2.820,2.816,1.0014,0,False,False,S,False,79.4,13.76,109550,3.88419,95.29,0.857,11.02,91.0,39.0,0.0
1787958614.7,0.00,630.8,1,2.820,2.816,1.0014,0,False,False,S,False,79.4,13.74,109550,3.88419,95.29,0.857,11.01,90.0,39.0,0.0
1787958614.9,0.00,626.8,1,2.820,2.816,1.0014,0,False,False,S,False,79.4,13.74,109550,3.88419,95.29,0.857,11.01,91.0,39.0,0.0
1787958615.1,0.00,623.8,1,2.820,2.816,1.0014,0,False,False,S,False,79.4,13.74,109550,3.88419,95.29,0.836,11.01,91.0,39.0,0.0
1787958615.3,0.00,615.8,1,2.820,2.816,1.0014,0,False,False,S,False,79.4,13.74,109550,3.88419,95.29,0.849,11.01,90.0,39.0,0.0
1787958615.5,0.00,611.0,1,2.820,2.816,1.0014,0,False,False,S,False,79.4,13.74,109550,3.88419,95.29,0.849,11.01,91.0,40.0,0.0
1787958615.7,0.00,609.2,1,2.820,2.816,1.0014,0,False,False,S,False,79.4,13.74,109550,3.88419,95.29,0.849,11.01,90.0,40.0,0.0
1787958615.9,0.00,606.8,1,2.820,2.816,1.0014,0,False,False,S,False,79.4,13.74,109550,3.88419,95.29,0.785,11.01,91.0,40.0,0.0
1787958616.1,0.00,603.5,1,2.820,2.816,1.0014,0,False,False,S,False,79.4,13.74,109550,3.88419,95.29,0.777,11.00,91.0,39.0,0.0
1787958616.3,0.00,600.5,1,2.820,2.816,1.0014,0,False,False,S,False,79.4,13.74,109550,3.88419,95.29,0.815,11.00,91.0,39.0,0.0
1787958616.5,0.00,595.5,1,2.820,2.816,1.0014,0,False,False,S,False,79.4,13.74,109550,3.88419,95.29,0.785,11.00,90.0,39.0,0.0
1787958616.7,0.00,592.5,1,2.820,2.816,1.0014,0,False,False,S,False,79.4,13.74,109550,3.88419,95.29,0.785,11.00,91.0,39.0,0.0
1787958616.9,0.00,591.5,1,2.820,2.816,1.0014,0,False,False,S,False,79.4,13.74,109550,3.88419,95.29,0.794,11.00,91.0,40.0,0.0
1787958617.1,0.00,588.2,1,2.820,2.816,1.0014,0,False,False,S,False,79.4,13.74,109550,3.88419,95.29,0.785,11.00,91.0,40.0,0.0
1787958617.3,0.00,589.0,1,2.820,2.816,1.0014,0,False,False,S,False,79.4,13.74,109550,3.88419,95.29,0.815,11.00,91.0,40.0,0.0
1787958617.5,0.00,591.8,1,2.820,2.816,1.0014,0,False,False,S,False,79.4,13.74,109550,3.88419,95.29,0.794,10.99,91.0,40.0,0.0
1787958617.8,0.00,592.8,1,2.820,2.816,1.0014,0,False,False,S,False,79.4,13.75,109550,3.88419,95.29,0.794,10.99,91.0,40.0,0.0
1787958618.0,0.00,597.0,1,2.820,2.816,1.0014,0,False,False,S,False,79.4,13.75,109550,3.88419,95.29,0.815,10.99,91.0,40.0,0.0
1787958618.2,0.00,596.8,1,2.820,2.816,1.0014,0,False,False,S,False,79.4,13.75,109550,3.88419,95.29,0.807,10.99,91.0,40.0,0.0
1787958618.4,0.00,600.8,1,2.820,2.816,1.0014,0,False,False,S,False,79.4,13.75,109550,3.88419,95.29,0.815,10.99,91.0,40.0,0.0
1787958618.6,0.00,608.0,1,2.820,2.816,1.0014,0,False,False,S,False,79.4,13.75,109550,3.88419,95.29,0.836,10.99,91.0,40.0,0.0
1787958618.8,0.00,620.5,1,2.820,2.816,1.0014,0,False,False,S,False,79.4,13.75,109550,3.88419,95.29,1.104,10.99,91.0,42.0,0.0
1787958619.0,0.00,666.2,1,2.820,2.816,1.0014,0,False,False,S,False,79.4,13.75,109550,3.88419,95.29,1.027,10.98,91.0,44.0,0.0
1787958619.2,0.00,730.2,1,2.820,2.816,1.0014,0,False,False,S,False,79.4,13.75,109550,3.88419,95.29,1.159,10.98,91.0,44.0,2.0
1787958619.4,0.85,790.8,1,2.820,2.816,1.0014,0,False,False,S,False,79.4,13.75,109550,3.88419,95.29,1.978,10.98,91.0,45.0,8.0
1787958619.6,1.26,923.2,1,2.820,2.816,1.0014,0,False,False,S,False,79.4,13.75,109550,3.88419,95.29,2.339,10.98,91.0,52.0,9.0
1787958619.8,1.90,1058.5,1,2.820,2.816,1.0014,0,False,False,S,False,79.4,13.75,109550,3.88419,95.29,2.517,10.97,91.0,58.0,9.0
1787958620.0,2.72,1196.0,1,2.820,2.816,1.0014,0,False,False,S,False,79.4,13.75,109550,3.88419,95.29,2.632,10.97,91.0,60.0,11.0
1787958620.2,4.07,1295.5,1,2.820,2.816,1.0014,0,False,False,S,False,79.4,13.75,109550,3.88458,95.29,2.632,10.96,91.0,60.0,13.0
1787958620.4,5.21,1350.8,1,2.790,2.816,0.9908,0,False,False,S,False,79.4,13.75,109550,3.88458,95.29,3.311,10.96,91.0,61.0,14.0
1787958620.6,6.27,1405.0,1,2.810,2.816,0.9979,0,False,False,S,False,79.4,13.75,109550,3.88496,95.29,3.532,10.95,91.0,63.0,15.0
1787958620.8,7.40,1459.5,1,2.830,2.816,1.0050,0,False,False,S,False,79.4,13.75,109550,3.88535,95.29,3.973,10.95,91.0,64.0,17.0
1787958621.0,8.48,1544.8,1,2.790,2.816,0.9908,0,False,False,S,False,79.4,13.73,109550,3.88574,95.29,5.098,10.94,91.0,70.0,22.0
1787958621.2,9.66,1703.5,1,2.860,2.816,1.0156,0,False,False,S,False,79.4,13.73,109550,3.88613,95.29,5.934,10.93,91.0,78.0,25.0
1787958621.4,11.08,1803.5,1,2.820,2.816,1.0014,0,False,False,S,False,79.4,13.73,109550,3.88691,95.29,6.533,10.92,91.0,82.0,27.0
1787958621.6,12.50,1875.2,1,2.820,2.816,1.0014,0,False,False,S,False,79.4,13.73,109550,3.88730,95.29,6.805,10.91,91.0,84.0,28.0
1787958621.8,13.70,1937.0,1,2.820,2.816,1.0014,0,False,False,S,False,79.4,13.62,109550,3.88886,95.29,6.898,10.91,91.0,84.0,28.0
1787958622.0,15.00,1988.5,1,2.820,2.816,1.0014,0,False,False,S,False,79.4,13.62,109550,3.88964,95.29,7.178,10.90,91.0,85.0,29.0
1787958622.2,15.96,2043.8,1,2.820,2.816,1.0014,0,False,False,D,False,79.4,13.62,109550,3.89081,95.29,7.229,10.89,91.0,86.0,29.0
1787958622.4,17.14,2136.5,1,2.820,2.816,1.0014,0,False,False,D,False,79.4,13.62,109550,3.89158,95.29,7.229,10.88,91.0,86.0,30.0
1787958622.6,18.16,2220.0,1,2.820,2.816,1.0014,0,False,False,D,False,79.4,13.62,109550,3.89236,95.29,7.951,10.87,91.0,86.0,32.0
1787958622.8,19.06,2315.0,1,2.810,2.816,0.9979,0,False,False,D,False,79.4,13.27,109550,3.89353,95.29,8.456,10.86,91.0,86.0,33.0
1787958623.0,20.09,2409.8,2,0.260,1.498,0.1736,0,False,False,D,True,79.4,13.27,109550,3.89470,95.29,8.770,10.84,91.0,87.0,35.0
1787958623.2,21.13,2520.2,2,0.250,1.498,0.1669,0,False,False,D,True,79.4,13.27,109550,3.89587,95.29,9.097,10.83,91.0,87.0,36.0
1787958623.4,22.38,2636.5,2,0.270,1.498,0.1802,0,False,False,D,True,79.4,13.27,109550,3.89704,95.29,9.784,10.82,91.0,86.0,37.0
1787958623.6,23.31,2682.5,2,0.260,1.498,0.1736,0,False,False,D,True,79.4,13.27,109550,3.89820,95.29,10.328,10.80,91.0,85.0,37.0
1787958623.9,23.98,2334.0,2,2.300,1.498,1.5354,0,False,False,D,True,79.4,13.27,109550,3.89937,95.29,9.784,10.79,91.0,86.0,37.0
1787958624.1,24.68,2075.0,2,1.820,1.498,1.2150,0,False,False,D,True,79.4,13.52,109550,3.90093,95.29,8.664,10.78,91.0,89.0,37.0
1787958624.3,25.45,2040.2,2,1.560,1.498,1.0414,0,False,False,D,True,79.4,13.52,109550,3.90210,95.29,8.303,10.77,91.0,89.0,37.0
1787958624.5,26.26,2022.2,2,1.500,1.498,1.0013,75.43391766497493,False,False,D,False,79.4,13.52,109550,3.90366,95.29,8.048,10.76,91.0,92.0,38.0
1787958624.7,26.84,2029.8,2,1.500,1.498,1.0013,76.8367508038707,False,False,D,False,79.4,13.52,109550,3.90482,95.29,8.354,10.75,91.0,92.0,38.0
1787958624.9,27.57,2049.5,2,1.500,1.498,1.0013,78.16561186414081,False,False,D,False,79.4,13.52,109550,3.90638,95.29,8.354,10.74,91.0,92.0,38.0
1787958625.1,28.09,2054.5,2,1.500,1.498,1.0013,79.43167613399743,False,False,D,False,79.4,13.52,109550,3.90794,95.29,8.456,10.73,91.0,92.0,38.0
1787958625.3,28.89,2069.2,2,1.500,1.498,1.0013,81.11857099582828,False,False,D,False,79.4,13.52,109550,3.90950,95.29,8.558,10.72,91.0,92.0,38.0
1787958625.5,29.32,2098.2,2,1.500,1.498,1.0013,81.18800999520339,False,False,D,False,79.4,13.52,109550,3.91105,95.29,8.558,10.71,91.0,92.0,38.0
1787958625.7,30.00,2106.0,2,1.500,1.498,1.0013,82.77199018776,False,False,D,False,79.4,13.52,109550,3.91261,95.29,8.456,10.70,91.0,92.0,39.0
1787958625.9,30.62,2112.2,2,1.490,1.498,0.9947,84.21859674810797,False,False,D,False,79.4,13.52,109550,3.91456,95.29,8.456,10.69,91.0,92.0,39.0
1787958626.1,31.30,2134.8,2,1.500,1.498,1.0013,85.17472875839171,False,False,D,False,79.4,13.52,109550,3.91689,95.29,8.456,10.68,91.0,92.0,39.0
1787958626.3,31.89,2162.0,2,1.500,1.498,1.0013,85.69331882069338,False,False,D,False,79.4,13.52,109550,3.91884,95.29,8.664,10.67,91.0,92.0,39.0
1787958626.5,32.44,2190.8,3,1.500,1.000,1.5000,85.83704912845764,False,False,D,True,79.4,13.52,109550,3.92040,95.29,8.825,10.66,91.0,92.0,40.0
1787958626.7,33.04,2225.5,3,1.500,1.000,1.5000,85.83704912845764,False,False,D,True,79.4,13.52,109550,3.92235,95.29,8.825,10.65,91.0,92.0,40.0
1787958626.9,33.36,2227.8,3,1.500,1.000,1.5000,85.83704912845764,False,False,D,True,79.4,13.52,109550,3.92429,95.29,8.770,10.64,91.0,92.0,40.0
1787958627.1,33.93,2130.5,3,1.340,1.000,1.3400,85.83704912845764,False,False,D,True,79.4,13.70,109550,3.92585,95.29,9.037,10.63,91.0,92.0,41.0
1787958627.3,34.26,1925.8,3,1.080,1.000,1.0800,85.83704912845764,False,False,D,True,79.4,13.70,109550,3.92780,95.29,8.354,10.63,91.0,93.0,41.0
1787958627.5,34.63,1935.8,3,1.000,1.000,1.0000,69.3858471281406,False,False,D,False,79.4,13.70,109550,3.92974,95.29,8.201,10.62,91.0,93.0,41.0
1787958627.7,35.04,1966.0,3,1.000,1.000,1.0000,69.12702847295988,False,False,D,False,79.4,13.70,109550,3.93169,95.29,8.252,10.61,91.0,93.0,41.0
1787958627.9,35.58,1972.0,3,1.000,1.000,1.0000,69.98361618471404,False,False,D,False,79.4,13.70,109550,3.93364,95.29,8.303,10.60,91.0,93.0,41.0
1787958628.1,36.19,1978.8,3,1.000,1.000,1.0000,70.92085604349825,False,False,D,False,79.4,13.70,109550,3.93558,95.29,8.252,10.59,91.0,93.0,41.0
1787958628.3,36.51,1974.8,3,1.000,1.000,1.0000,71.70769580371613,False,False,D,False,79.4,13.70,109550,3.93753,95.29,8.150,10.59,91.0,93.0,41.0
1787958628.5,37.04,2060.5,3,1.000,1.000,1.0000,69.70694507844935,False,False,D,False,79.4,13.70,109550,3.93948,95.29,8.354,10.58,91.0,93.0,41.0
1787958628.7,37.50,2112.0,3,1.000,1.000,1.0000,68.86564601093032,False,False,D,False,79.4,13.70,109550,3.94182,95.29,8.507,10.57,91.0,93.0,42.0
1787958628.9,38.27,2117.8,3,1.000,1.000,1.0000,70.07961712636066,False,False,D,False,79.4,13.70,109550,3.94376,95.29,8.456,10.56,91.0,92.0,42.0
1787958629.1,38.80,2130.5,3,1.000,1.000,1.0000,70.6295610239085,False,False,D,False,79.4,13.70,109550,3.94610,95.29,8.507,10.56,91.0,93.0,42.0
1787958629.3,39.35,2152.2,3,1.000,1.000,1.0000,70.91137899694938,False,False,D,False,79.4,13.70,109550,3.94805,95.29,8.770,10.54,91.0,92.0,42.0
1787958629.6,40.00,2162.0,3,1.000,1.000,1.0000,71.74860762464688,False,False,D,False,79.4,13.70,109550,3.95038,95.29,8.664,10.54,91.0,92.0,42.0
1787958629.8,40.41,2167.2,3,1.000,1.000,1.0000,72.31743700874041,False,False,D,False,79.4,13.70,109550,3.95233,95.29,8.719,10.53,91.0,92.0,42.0
1787958630.0,41.10,2170.8,3,1.000,1.000,1.0000,73.43805444687949,False,False,D,False,79.4,13.70,109550,3.95466,95.29,8.719,10.52,91.0,92.0,42.0
1787958630.2,41.60,2178.0,3,1.000,1.000,1.0000,74.07056799693724,False,False,D,False,79.4,13.75,109550,3.95700,95.29,8.825,10.51,91.0,92.0,42.0
1787958630.4,42.00,2173.2,3,1.000,1.000,1.0000,74.94627813207869,False,False,D,False,79.4,13.75,109550,3.95934,95.29,8.876,10.51,91.0,92.0,42.0
1787958630.6,42.42,2182.8,3,1.000,1.000,1.0000,75.37521803668601,False,False,D,False,79.4,13.75,109550,3.96167,95.29,8.825,10.50,91.0,93.0,43.0
1787958630.8,43.02,2205.5,3,1.000,1.000,1.0000,75.64838554196773,False,False,D,False,79.4,13.75,109550,3.96401,95.29,8.931,10.49,91.0,93.0,43.0
1787958631.0,43.48,2215.8,3,1.000,1.000,1.0000,76.10795761281042,False,False,D,False,79.4,13.75,109550,3.96635,95.29,9.037,10.48,91.0,92.0,43.0
1787958631.2,43.84,2211.8,3,1.000,1.000,1.0000,76.86808521546703,False,False,D,False,79.4,13.75,109550,3.96868,95.29,8.982,10.48,91.0,92.0,43.0
1787958631.4,44.52,2224.8,3,1.000,1.000,1.0000,77.61303153115294,False,False,S,False,79.4,13.75,109550,3.97102,95.29,8.931,10.47,91.0,92.0,43.0
1787958631.6,44.90,2237.2,3,1.000,1.000,1.0000,77.82511643747233,False,False,S,False,79.4,13.75,109550,3.97374,95.29,9.037,10.46,91.0,92.0,43.0
1787958631.8,45.33,2231.5,3,1.000,1.000,1.0000,78.78600858242623,False,False,S,False,79.4,13.75,109550,3.97608,95.29,8.876,10.45,91.0,92.0,43.0
1787958632.0,46.05,2250.2,3,1.000,1.000,1.0000,79.37474375027038,False,False,S,False,79.4,13.75,109550,3.97881,95.29,8.876,10.45,91.0,92.0,43.0
1787958632.2,46.34,2263.0,3,1.000,1.000,1.0000,79.42024539595278,False,False,S,False,79.4,13.75,109550,3.98114,95.29,9.207,10.44,91.0,92.0,43.0
1787958632.4,46.80,2253.8,3,1.000,1.000,1.0000,80.53777591225,False,False,S,False,79.4,13.75,109550,3.98504,95.29,9.207,10.43,91.0,92.0,43.0
1787958632.6,47.38,2255.5,3,1.000,1.000,1.0000,81.45968221664431,False,False,S,False,79.4,13.75,109550,3.98854,95.29,9.322,10.43,91.0,92.0,44.0
1787958632.8,47.66,2267.0,3,1.000,1.000,1.0000,81.5340166784534,False,False,S,False,79.4,13.75,109550,3.99088,95.29,9.097,10.42,91.0,92.0,44.0
1787958633.0,48.07,2282.2,3,1.000,1.000,1.0000,81.69017235017083,False,False,S,False,79.4,13.75,109550,3.99360,95.29,9.152,10.41,91.0,92.0,44.0
1787958633.2,48.47,2277.5,3,1.000,1.000,1.0000,82.53743229980483,False,False,S,False,79.4,13.77,109550,3.99633,95.29,9.207,10.41,91.0,92.0,44.0
1787958633.4,48.72,2288.2,3,1.000,1.000,1.0000,82.5733926454986,False,False,S,False,79.4,13.77,109550,3.99905,95.29,9.322,10.40,91.0,92.0,43.0
1787958633.6,49.14,2295.2,3,1.000,1.000,1.0000,83.03967931166476,False,False,S,False,79.4,13.77,109550,4.00178,95.29,9.322,10.39,91.0,92.0,43.0
1787958633.8,49.38,2298.8,3,1.000,1.000,1.0000,83.31393558039908,False,False,S,False,79.4,13.77,109550,4.00451,95.29,9.322,10.39,91.0,92.0,42.0
1787958634.0,49.73,2292.2,3,1.000,1.000,1.0000,84.13811883538844,False,False,S,False,79.4,13.77,109550,4.00723,95.29,8.825,10.38,91.0,91.0,35.0
1787958634.2,50.14,2250.2,3,1.000,1.000,1.0000,86.41083953488614,False,False,S,False,79.4,13.77,109550,4.00996,95.29,6.758,10.38,91.0,83.0,22.0
1787958634.4,49.86,2106.2,3,1.000,1.000,1.0000,91.8122120542648,False,False,S,False,79.4,13.77,109550,4.01268,95.29,2.237,10.38,91.0,63.0,0.0
1787958634.6,50.01,1964.5,3,1.000,1.000,1.0000,98.73311775731699,False,False,S,False,79.4,13.77,109550,4.01541,95.29,2.237,10.39,91.0,40.0,0.0
1787958634.8,49.40,1922.2,3,1.000,1.000,1.0000,99.6624181219601,False,False,S,False,79.4,13.77,109550,4.01813,94.12,1.104,10.40,91.0,30.0,0.0
1787958635.0,49.35,1806.2,3,1.000,1.000,1.0000,100,False,False,S,False,79.4,13.77,109550,4.02086,95.29,1.104,10.40,91.0,25.0,0.0
1787958635.2,48.60,1785.0,3,1.000,1.000,1.0000,100,False,False,S,False,79.4,13.77,109550,4.02359,95.29,1.065,10.41,91.0,25.0,0.0
1787958635.4,48.38,1723.5,3,1.000,1.000,1.0000,100,False,False,S,False,79.4,13.77,109550,4.02631,95.29,1.015,10.42,91.0,22.0,0.0
1787958635.6,47.77,1663.8,3,1.000,1.000,1.0000,100,False,False,S,False,79.4,13.77,109550,4.02904,95.29,1.040,10.42,91.0,21.0,0.0
1787958635.8,47.12,1621.5,3,1.000,1.000,1.0000,100,False,False,S,False,79.4,13.77,109550,4.03176,95.29,1.053,10.43,91.0,21.0,0.0
1787958636.0,46.88,1592.0,3,1.000,1.000,1.0000,100,False,False,S,False,79.4,13.77,109550,4.03410,95.29,1.065,10.44,91.0,21.0,0.0
1787958636.3,46.37,1568.5,3,1.000,1.000,1.0000,100,False,False,S,False,79.4,13.77,109550,4.03683,95.29,1.091,10.44,91.0,22.0,0.0
1787958636.5,45.66,1543.0,3,1.000,1.000,1.0000,100,False,False,S,False,79.4,13.77,109550,4.03955,95.29,1.078,10.45,91.0,22.0,1.0
1787958636.7,45.38,1574.0,3,1.000,1.000,1.0000,100,False,False,S,False,79.4,13.77,109550,4.04189,95.29,1.481,10.46,91.0,22.0,4.0
1787958636.9,44.81,1732.8,3,1.000,1.000,1.0000,100,False,False,S,False,79.4,13.77,109550,4.04461,95.29,1.961,10.46,91.0,26.0,7.0
1787958637.1,44.44,1786.0,3,1.000,1.000,1.0000,96.48949866659724,False,False,S,False,79.4,13.77,109550,4.04695,95.29,2.428,10.47,91.0,30.0,9.0
1787958637.3,43.89,1777.5,3,1.000,1.000,1.0000,95.767252590788,False,False,S,False,79.4,13.77,109550,4.04929,95.29,2.861,10.47,91.0,34.0,10.0
1787958637.5,43.37,1784.0,3,1.000,1.000,1.0000,94.29332662978379,False,False,S,False,79.4,13.77,109550,4.05162,95.29,3.065,10.47,91.0,39.0,11.0
1787958637.7,43.60,1787.8,3,1.000,1.000,1.0000,94.58363977064205,False,False,S,False,79.4,13.77,109550,4.05435,95.29,3.150,10.47,91.0,43.0,12.0
1787958637.9,43.16,1811.5,3,1.000,1.000,1.0000,92.40158430109499,False,False,S,False,79.4,13.77,109550,4.05668,95.29,3.672,10.48,91.0,46.0,14.0
1787958638.1,43.05,1830.5,3,1.000,1.000,1.0000,91.20943018399377,False,False,S,False,79.4,13.77,109550,4.05902,95.29,3.914,10.48,91.0,46.0,14.0
1787958638.3,43.01,1841.5,3,1.000,1.000,1.0000,90.58035936273666,False,False,S,False,79.4,13.77,109550,4.06136,95.29,4.037,10.48,91.0,56.0,15.0
1787958638.5,42.73,1854.2,3,1.000,1.000,1.0000,89.37188646041908,False,False,S,False,79.4,13.77,109550,4.06369,95.29,4.037,10.48,91.0,57.0,16.0
1787958638.7,42.83,1862.5,3,1.000,1.000,1.0000,89.18944513778114,False,False,S,False,79.4,13.77,109550,4.06603,95.29,4.478,10.48,91.0,59.0,16.0
1787958638.9,42.83,1871.2,3,1.000,1.000,1.0000,88.7672122551956,False,False,S,False,79.4,13.77,109550,4.06837,95.29,4.580,10.47,91.0,61.0,17.0
1787958639.1,42.56,1877.5,3,1.000,1.000,1.0000,87.90882638883353,False,False,S,False,79.4,13.77,109550,4.07187,95.29,4.780,10.47,91.0,62.0,18.0
1787958639.3,42.81,1902.0,3,1.000,1.000,1.0000,87.28621724673589,False,False,S,False,79.4,13.77,109550,4.07421,95.29,5.463,10.47,91.0,67.0,21.0
1787958639.5,42.73,1941.2,3,1.000,1.000,1.0000,85.37654178616727,False,False,S,False,79.4,13.76,109550,4.07654,95.29,5.854,10.47,91.0,71.0,22.0
1787958639.7,42.65,1963.5,3,1.000,1.000,1.0000,84.23624367812955,False,False,S,False,79.4,13.76,109550,4.07888,95.29,5.973,10.47,91.0,73.0,23.0
1787958639.9,42.95,1985.2,3,1.000,1.000,1.0000,83.91408022247228,False,False,S,False,79.4,13.76,109550,4.08160,95.29,6.142,10.47,91.0,75.0,23.0
1787958640.1,42.82,1998.2,3,1.000,1.000,1.0000,83.10614957397948,False,False,S,False,79.4,13.76,109550,4.08394,95.29,6.227,10.46,91.0,76.0,24.0
1787958640.3,43.01,2006.8,3,1.000,1.000,1.0000,83.12616290173771,False,False,S,False,79.4,13.76,109550,4.08628,95.29,6.444,10.46,91.0,76.0,24.0
1787958640.5,43.24,2019.8,3,1.000,1.000,1.0000,83.02316360712621,False,False,S,False,79.4,13.76,109550,4.08939,95.29,6.490,10.46,91.0,77.0,24.0
1787958640.7,43.44,2030.0,3,1.000,1.000,1.0000,82.98127585493395,False,False,S,False,79.4,13.76,109550,4.09173,95.29,6.444,10.45,91.0,77.0,25.0
1787958640.9,43.29,2036.2,3,1.000,1.000,1.0000,82.44564637306053,False,False,S,False,79.4,13.76,109550,4.09407,95.29,6.622,10.45,91.0,78.0,25.0
1787958641.1,43.79,2043.0,3,1.000,1.000,1.0000,83.13189721821978,False,False,S,False,79.4,13.76,109550,4.09640,95.29,6.622,10.45,91.0,78.0,25.0
1787958641.3,43.77,2056.5,3,1.000,1.000,1.0000,82.54845656414415,False,False,S,False,79.4,13.76,109550,4.09913,95.29,6.715,10.44,91.0,79.0,26.0
1787958641.5,43.91,2057.2,3,1.000,1.000,1.0000,82.77757245653353,False,False,S,False,79.4,13.76,109550,4.10146,95.29,6.805,10.44,91.0,79.0,26.0
1787958641.7,44.18,2068.2,3,1.000,1.000,1.0000,82.84360676278055,False,False,S,False,79.4,13.76,109550,4.10380,95.29,6.758,10.43,91.0,80.0,26.0
1787958641.9,44.19,2078.5,3,1.000,1.000,1.0000,82.45839204716559,False,False,S,False,79.4,13.76,109550,4.10614,95.29,6.945,10.43,91.0,80.0,26.0
1787958642.1,44.50,2079.2,3,1.000,1.000,1.0000,83.00686632500755,False,False,S,False,79.4,13.76,109550,4.10886,95.29,6.805,10.43,91.0,81.0,27.0
1787958642.3,44.70,2090.2,3,1.000,1.000,1.0000,82.93184377931453,False,False,S,False,79.4,13.76,109550,4.11120,95.29,6.991,10.42,91.0,81.0,27.0
1787958642.5,44.83,2106.0,3,1.000,1.000,1.0000,82.55102543305111,False,False,S,False,79.4,13.79,109550,4.11353,95.29,7.369,10.42,91.0,81.0,28.0
1787958642.8,44.98,2109.0,3,1.000,1.000,1.0000,82.71403195521205,False,False,S,False,79.4,13.79,109550,4.11626,95.29,7.178,10.41,91.0,82.0,28.0
1787958643.0,45.17,2111.2,3,1.000,1.000,1.0000,82.97949433293066,False,False,S,False,79.4,13.79,109550,4.11860,95.29,7.229,10.41,91.0,82.0,28.0
1787958643.2,45.48,2119.8,3,1.000,1.000,1.0000,83.21392444705185,False,False,S,False,79.4,13.79,109550,4.12093,95.29,7.369,10.40,91.0,83.0,29.0
1787958643.4,45.35,2131.5,3,1.000,1.000,1.0000,82.51866912706764,False,False,S,False,79.4,13.79,109550,4.12366,95.29,7.369,10.40,91.0,83.0,29.0
1787958643.6,45.81,2141.5,3,1.000,1.000,1.0000,82.95734256473119,False,False,S,False,79.4,13.79,109550,4.12600,95.29,7.416,10.39,91.0,83.0,30.0
1787958643.8,45.92,2136.0,3,1.000,1.000,1.0000,83.37067280524568,False,False,S,False,79.4,13.79,109550,4.12872,95.29,7.416,10.39,91.0,83.0,30.0
1787958644.0,46.12,2148.2,3,1.000,1.000,1.0000,83.26986847357516,False,False,S,False,79.4,13.79,109550,4.13106,95.29,7.560,10.39,91.0,84.0,30.0
1787958644.2,46.46,2158.5,3,1.000,1.000,1.0000,83.47635406551856,False,False,S,False,79.4,13.79,109550,4.13378,95.29,7.611,10.38,91.0,84.0,30.0
1787958644.4,46.54,2161.5,3,1.000,1.000,1.0000,83.50403452281468,False,False,S,False,79.4,13.79,109550,4.13612,95.29,7.611,10.38,91.0,84.0,30.0
1787958644.6,46.93,2173.0,3,1.000,1.000,1.0000,83.75816379564856,False,False,S,False,79.4,13.79,109550,4.13884,95.29,7.704,10.37,91.0,84.0,31.0
1787958644.8,47.12,2176.8,3,1.000,1.000,1.0000,83.95684113692522,False,False,S,False,79.4,13.79,109550,4.14157,95.29,7.755,10.37,91.0,84.0,31.0
1787958645.0,47.48,2182.0,3,1.000,1.000,1.0000,84.39025205137904,False,False,S,False,79.4,13.79,109550,4.14391,95.29,7.704,10.36,91.0,85.0,31.0
1787958645.2,47.54,2189.2,3,1.000,1.000,1.0000,84.20821467668175,False,False,S,False,79.4,13.79,109550,4.14663,95.29,7.802,10.36,91.0,85.0,31.0
1787958645.4,47.97,2197.2,3,1.000,1.000,1.0000,84.67824144701662,False,False,S,False,79.4,13.79,109550,4.15053,95.29,7.853,10.35,91.0,85.0,31.0
1787958645.6,48.16,2204.5,3,1.000,1.000,1.0000,84.71642179786895,False,False,S,False,79.4,13.79,109550,4.15325,95.29,7.853,10.35,91.0,85.0,32.0
1787958645.8,48.56,2214.8,3,1.000,1.000,1.0000,85.03792329443978,False,False,S,False,79.4,13.79,109550,4.15598,95.29,7.951,10.34,91.0,85.0,32.0
1787958646.0,48.78,2218.8,3,1.000,1.000,1.0000,85.2560539609594,False,False,S,False,79.4,13.79,109550,4.15870,95.29,7.904,10.34,91.0,86.0,32.0
1787958646.2,49.13,2227.2,3,1.000,1.000,1.0000,85.54448512022475,False,False,S,False,79.4,13.79,109550,4.16143,95.29,8.099,10.34,91.0,86.0,32.0
1787958646.4,49.47,2241.0,3,1.000,1.000,1.0000,85.61666770745863,False,False,S,False,79.4,13.79,109550,4.16415,95.29,8.048,10.33,91.0,86.0,32.0
1787958646.6,49.75,2251.8,3,1.000,1.000,1.0000,85.69018036179074,False,False,S,False,79.4,13.79,109550,4.16688,95.29,8.048,10.33,91.0,86.0,32.0
1787958646.8,50.15,2256.0,3,1.000,1.000,1.0000,86.2163854090749,False,False,S,False,79.4,13.79,109550,4.16961,95.29,8.150,10.32,91.0,86.0,32.0
1787958647.0,50.26,2274.0,3,1.000,1.000,1.0000,85.7130088915307,False,False,S,False,79.4,13.79,109550,4.17233,95.29,8.099,10.32,91.0,86.0,32.0
1787958647.2,50.87,2280.8,3,1.000,1.000,1.0000,86.50084980031555,False,False,S,False,79.4,13.79,109550,4.17506,95.29,8.048,10.31,91.0,85.0,25.0
1787958647.4,50.92,2173.2,3,1.000,1.000,1.0000,90.87331027277284,False,False,S,False,79.4,13.79,109550,4.17778,95.29,4.037,10.31,91.0,69.0,11.0
1787958647.6,50.94,2077.2,3,1.000,1.000,1.0000,95.1010207581172,False,False,S,False,79.4,13.79,109550,4.18090,95.29,3.506,10.32,91.0,51.0,2.0
1787958647.8,51.18,1984.5,3,1.000,1.000,1.0000,100,False,False,S,False,79.4,13.79,109550,4.18362,92.94,1.244,10.32,91.0,34.0,0.0
1787958648.0,50.82,1933.5,3,1.000,1.000,1.0000,100,False,False,S,False,79.4,13.79,109550,4.18635,95.29,1.159,10.33,91.0,26.0,0.0
1787958648.2,50.61,1877.0,3,1.000,1.000,1.0000,100,False,False,S,False,79.4,13.79,109550,4.18985,95.29,1.159,10.34,91.0,26.0,0.0
1787958648.4,50.44,1830.0,3,1.000,1.000,1.0000,100,False,False,S,False,79.4,13.79,109550,4.19297,95.29,1.172,10.35,91.0,21.0,2.0
1787958648.6,50.25,1902.5,3,1.000,1.000,1.0000,100,False,False,S,False,79.4,13.79,109550,4.19570,95.29,1.528,10.35,91.0,22.0,3.0
1787958648.8,50.01,1914.2,3,1.000,1.000,1.0000,100,False,False,S,False,79.4,13.79,109550,4.19842,95.29,1.728,10.36,91.0,24.0,5.0
1787958649.0,49.85,1935.5,3,1.000,1.000,1.0000,99.89185693255745,False,False,S,False,79.4,13.79,109550,4.20115,95.29,2.386,10.37,91.0,26.0,8.0
1787958649.3,49.76,1991.0,3,1.000,1.000,1.0000,96.92714743315419,False,False,S,False,79.4,13.79,109550,4.20387,95.29,3.230,10.37,91.0,31.0,11.0
1787958649.5,49.77,2005.8,3,1.000,1.000,1.0000,96.23369467069189,False,False,S,False,79.4,13.79,109550,4.20660,94.12,3.311,10.37,91.0,38.0,11.0
1787958649.7,49.95,2016.5,3,1.000,1.000,1.0000,96.0716660333586,False,False,S,False,79.4,13.79,109550,4.20932,95.29,3.477,10.38,91.0,43.0,12.0
1787958649.9,49.81,2032.5,3,1.000,1.000,1.0000,95.04824546501544,False,False,S,False,79.4,13.79,109550,4.21205,95.29,3.587,10.38,91.0,45.0,12.0
1787958650.1,49.98,2031.0,3,1.000,1.000,1.0000,95.4287421395917,False,False,S,False,79.4,13.79,109550,4.21478,95.29,3.646,10.38,91.0,47.0,12.0
1787958650.3,50.04,2048.2,3,1.000,1.000,1.0000,94.75759946775179,False,False,S,False,79.4,13.79,109550,4.21750,95.29,3.672,10.38,91.0,49.0,13.0
1787958650.5,50.30,2053.8,3,1.000,1.000,1.0000,94.97593025834657,False,False,S,False,79.4,13.79,109550,4.22023,95.29,3.672,10.38,91.0,49.0,13.0
1787958650.7,50.53,2001.2,3,1.000,1.000,1.0000,97.91805669969169,False,False,S,False,79.4,13.79,109550,4.22295,95.29,1.269,10.39,91.0,45.0,0.0
1787958650.9,50.48,1923.2,3,1.000,1.000,1.0000,100,False,False,S,False,79.4,13.79,109550,4.22607,95.29,1.121,10.40,91.0,32.0,0.0
1787958651.1,50.34,1842.8,3,1.000,1.000,1.0000,100,False,False,S,False,79.4,13.79,109550,4.22879,95.29,1.078,10.40,91.0,25.0,0.0
1787958651.3,50.16,1827.0,3,1.000,1.000,1.0000,100,False,False,S,False,79.4,13.79,109550,4.23152,95.29,1.091,10.41,91.0,21.0,0.0
1787958651.5,50.03,1805.0,3,1.000,1.000,1.0000,100,False,False,S,False,79.4,13.79,109550,4.23424,95.29,1.091,10.42,91.0,20.0,0.0
1787958651.7,49.90,1745.2,3,1.000,1.000,1.0000,100,False,False,S,False,79.4,13.79,109550,4.23697,95.29,1.053,10.42,91.0,20.0,0.0
1787958651.9,49.67,1711.8,3,1.000,1.000,1.0000,100,False,False,S,False,79.4,13.80,109550,4.24125,95.29,1.040,10.43,91.0,20.0,0.0
1787958652.1,49.78,1701.5,3,1.000,1.000,1.0000,100,False,False,S,False,79.4,13.80,109550,4.24398,95.29,1.040,10.44,91.0,20.0,0.0
1787958652.3,49.30,1684.8,3,1.000,1.000,1.0000,100,False,False,S,False,79.4,13.80,109550,4.24671,95.29,1.040,10.45,91.0,20.0,0.0
1787958652.5,49.34,1682.0,3,1.000,1.000,1.0000,100,False,False,S,False,79.4,13.80,109550,4.24943,95.29,1.065,10.45,91.0,20.0,0.0
1787958652.7,49.19,1679.5,3,1.000,1.000,1.0000,100,False,False,S,False,79.4,13.80,109550,4.25216,95.29,1.027,10.46,91.0,20.0,0.0
1787958652.9,49.15,1672.2,3,1.000,1.000,1.0000,100,False,False,S,False,79.4,13.80,109550,4.25488,95.29,1.078,10.47,91.0,20.0,0.0
1787958653.1,49.08,1666.8,3,1.000,1.000,1.0000,100,False,False,S,False,79.4,13.80,109550,4.25761,95.29,1.053,10.47,91.0,20.0,0.0
1787958653.3,49.01,1663.8,3,1.000,1.000,1.0000,100,False,False,S,False,79.4,13.80,109550,4.26033,95.29,1.040,10.48,91.0,20.0,0.0
1787958653.5,48.94,1661.0,3,1.000,1.000,1.0000,100,False,False,S,False,79.4,13.80,109550,4.26306,95.29,1.078,10.49,91.0,20.0,0.0
1787958653.7,48.91,1570.8,3,1.000,1.000,1.0000,100,False,False,S,False,79.4,13.80,109550,4.26540,95.29,1.065,10.49,91.0,21.0,0.0
1787958653.9,48.85,1533.2,3,1.000,1.000,1.0000,100,False,False,S,False,79.4,13.80,109550,4.26812,95.29,1.121,10.50,91.0,21.0,0.0
1787958654.1,48.53,1508.5,3,1.000,1.000,1.0000,100,False,False,S,False,79.4,13.80,109550,4.27085,95.29,1.091,10.51,91.0,22.0,0.0
1787958654.3,48.41,1488.5,3,1.000,1.000,1.0000,100,False,False,S,False,79.4,13.80,109550,4.27357,95.29,1.091,10.51,91.0,23.0,0.0
1787958654.5,48.29,1475.5,3,1.000,1.000,1.0000,100,False,False,S,False,79.4,13.80,109550,4.27630,95.29,1.078,10.52,91.0,23.0,0.0
1787958654.7,48.36,1464.8,3,1.000,1.000,1.0000,100,False,False,S,False,79.4,13.80,109550,4.27902,95.29,1.104,10.53,91.0,24.0,0.0
1787958654.9,48.25,1458.0,3,1.000,1.000,1.0000,100,False,False,S,False,79.4,13.40,109550,4.28175,95.29,1.091,10.53,91.0,24.0,0.0
1787958655.1,48.24,1449.5,3,1.000,1.000,1.0000,100,False,False,S,False,79.4,13.40,109550,4.28448,95.29,1.133,10.54,91.0,24.0,0.0
1787958655.3,48.13,1439.8,3,1.000,1.000,1.0000,100,False,False,S,False,79.4,13.40,109550,4.28759,95.29,1.159,10.55,91.0,25.0,0.0
1787958655.6,47.97,1431.0,3,1.000,1.000,1.0000,100,False,False,S,False,79.4,13.40,109550,4.29032,95.29,1.159,10.55,91.0,25.0,0.0
1787958655.8,48.00,1427.8,3,1.000,1.000,1.0000,100,False,False,S,False,79.4,13.40,109550,4.29304,95.29,1.172,10.56,91.0,25.0,0.0
1787958656.0,47.95,1422.2,3,1.000,1.000,1.0000,100,False,False,S,False,79.4,13.40,109550,4.29577,95.29,1.159,10.57,91.0,25.0,0.0
1787958656.2,48.00,1422.0,3,1.000,1.000,1.0000,100,False,False,S,False,79.4,13.40,109550,4.29849,95.29,1.133,10.57,91.0,25.0,0.0
1787958656.4,47.87,1425.0,3,1.000,1.000,1.0000,100,False,False,S,False,79.4,13.40,109550,4.30083,95.29,1.104,10.58,91.0,25.0,0.0
1787958656.6,47.55,1424.5,3,1.000,1.000,1.0000,100,False,False,S,False,79.4,13.40,109550,4.30356,95.29,1.078,10.59,91.0,25.0,0.0
1787958656.8,47.96,1423.2,3,1.000,1.000,1.0000,100,False,False,S,False,79.4,13.40,109550,4.30628,95.29,1.104,10.59,91.0,25.0,0.0
1787958657.0,47.45,1423.8,3,1.000,1.000,1.0000,100,False,False,S,False,79.4,13.40,109550,4.30901,95.29,1.104,10.60,91.0,25.0,0.0
1787958657.2,47.90,1422.0,3,1.000,1.000,1.0000,100,False,False,S,False,79.4,13.40,109550,4.31134,95.29,1.091,10.61,91.0,25.0,0.0
1787958657.4,47.83,1424.0,3,1.000,1.000,1.0000,100,False,False,S,False,79.4,13.40,109550,4.31407,95.29,1.104,10.61,91.0,25.0,0.0
1787958657.6,47.87,1426.5,3,1.000,1.000,1.0000,100,False,False,S,False,79.4,13.40,109550,4.31679,93.73,1.091,10.62,91.0,25.0,0.0
1787958657.8,47.70,1420.2,3,1.000,1.000,1.0000,100,False,False,S,False,79.4,13.40,109550,4.31952,95.29,1.091,10.63,91.0,25.0,0.0
1787958658.0,47.76,1417.2,3,1.000,1.000,1.0000,100,False,False,S,False,79.4,13.79,109550,4.32225,95.29,1.091,10.63,91.0,25.0,0.0
1787958658.2,47.79,1415.2,3,1.000,1.000,1.0000,100,False,False,S,False,79.4,13.79,109550,4.32458,95.29,1.091,10.64,91.0,25.0,0.0
1787958658.4,47.80,1414.2,3,1.000,1.000,1.0000,100,False,False,S,False,79.4,13.79,109550,4.32731,95.29,1.078,10.64,91.0,25.0,0.0
1787958658.6,47.61,1412.8,3,1.000,1.000,1.0000,100,False,False,S,False,79.4,13.79,109550,4.33120,95.29,1.133,10.65,91.0,25.0,0.0
1787958658.8,47.35,1407.0,3,1.000,1.000,1.0000,100,False,False,S,False,79.4,13.79,109550,4.33393,95.29,1.133,10.66,91.0,25.0,1.0
1787958659.0,47.50,1401.2,3,1.000,1.000,1.0000,100,False,False,S,False,79.4,13.79,109550,4.33665,95.29,1.133,10.67,91.0,25.0,1.0
1787958659.2,47.66,1404.5,3,1.000,1.000,1.0000,100,False,False,S,False,79.4,13.79,109550,4.33899,95.29,1.146,10.67,91.0,25.0,1.0
1787958659.4,47.58,1410.0,3,1.000,1.000,1.0000,100,False,False,S,False,79.4,13.79,109550,4.34172,95.29,1.189,10.68,91.0,26.0,1.0
1787958659.6,47.55,1409.2,3,1.000,1.000,1.0000,100,False,False,S,False,79.4,13.79,109550,4.34444,95.29,1.189,10.69,91.0,26.0,2.0
1787958659.8,47.61,1408.0,3,1.000,1.000,1.0000,100,False,False,S,False,79.4,13.79,109550,4.34717,94.12,1.244,10.69,91.0,27.0,2.0
1787958660.0,47.66,1572.5,3,1.000,1.000,1.0000,100,False,False,S,False,79.4,13.79,109550,4.34950,95.29,1.401,10.70,91.0,28.0,2.0
1787958660.2,47.61,1734.8,3,1.000,1.000,1.0000,100,False,False,S,False,79.4,13.79,109550,4.35223,95.29,1.498,10.71,91.0,27.0,2.0
1787958660.4,47.81,1771.5,3,1.000,1.000,1.0000,100,False,False,S,False,79.4,13.79,109550,4.35495,95.29,1.401,10.71,91.0,26.0,2.0
1787958660.6,47.89,1768.2,3,1.000,1.000,1.0000,100,False,False,S,False,79.4,13.79,109550,4.35768,95.29,1.431,10.72,91.0,24.0,2.0
1787958660.8,48.04,1827.2,3,1.000,1.000,1.0000,100,False,False,S,False,79.4,13.83,109550,4.36002,95.29,1.388,10.73,91.0,23.0,2.0
1787958661.0,48.02,1828.5,3,1.000,1.000,1.0000,100,False,False,S,False,79.4,13.84,109550,4.36274,95.29,1.401,10.73,91.0,23.0,2.0
1787958661.2,48.36,1834.5,3,1.000,1.000,1.0000,100,False,False,S,False,79.4,13.84,109550,4.36547,95.29,1.371,10.74,91.0,23.0,2.0
1787958661.4,48.67,1836.5,3,1.000,1.000,1.0000,100,False,False,S,False,79.4,13.84,109550,4.36819,95.29,1.341,10.75,91.0,22.0,2.0
1787958661.6,48.80,1836.2,3,1.000,1.000,1.0000,100,False,False,S,False,79.4,13.84,109550,4.37092,95.29,1.329,10.75,91.0,22.0,2.0
1787958661.9,49.00,1844.8,3,1.000,1.000,1.0000,100,False,False,S,False,79.4,13.84,109550,4.37365,95.29,1.358,10.76,91.0,22.0,2.0
1787958662.1,49.15,1851.0,3,1.000,1.000,1.0000,100,False,False,S,False,79.4,13.84,109550,4.37637,95.29,1.358,10.77,91.0,22.0,2.0
1787958662.3,49.09,1857.8,3,1.000,1.000,1.0000,100,False,False,S,False,79.4,13.84,109550,4.37910,95.29,1.371,10.77,91.0,22.0,2.0
1787958662.5,48.92,1866.2,3,1.000,1.000,1.0000,100,False,False,S,False,79.4,13.84,109550,4.38182,95.29,1.388,10.78,91.0,22.0,2.0
1787958662.7,49.38,1869.8,3,1.000,1.000,1.0000,100,False,False,S,False,79.4,13.84,109550,4.38416,95.29,1.388,10.78,91.0,22.0,2.0
1787958662.9,49.28,1868.0,3,1.000,1.000,1.0000,100,False,False,S,False,79.4,13.84,109550,4.38766,95.29,1.388,10.79,91.0,22.0,2.0
1787958663.1,49.48,1870.5,3,1.000,1.000,1.0000,100,False,False,S,False,79.4,13.84,109550,4.39039,95.29,1.358,10.80,91.0,22.0,2.0
1787958663.3,49.59,1869.0,3,1.000,1.000,1.0000,100,False,False,S,False,80.3,13.84,109550,4.39350,95.29,1.358,10.81,91.0,22.0,2.0
1787958663.5,49.56,1868.8,3,1.000,1.000,1.0000,100,False,False,S,False,80.3,13.84,109550,4.39623,95.29,1.358,10.81,91.0,22.0,2.0
1787958663.7,49.52,1877.2,3,1.000,1.000,1.0000,100,False,False,S,False,80.3,13.84,109550,4.39896,95.29,1.371,10.82,91.0,22.0,2.0
1787958663.9,49.59,1880.0,3,1.000,1.000,1.0000,100,False,False,S,False,80.3,13.84,109550,4.40168,93.73,1.214,10.83,91.0,22.0,0.0
1787958664.1,49.62,1865.8,3,1.000,1.000,1.0000,100,False,False,S,False,80.3,13.79,109550,4.40441,95.29,1.091,10.83,91.0,21.0,0.0
1787958664.3,49.56,1819.2,3,1.000,1.000,1.0000,100,False,False,S,False,80.3,13.79,109550,4.40713,95.29,1.078,10.84,91.0,20.0,0.0
1787958664.5,49.48,1779.5,3,1.000,1.000,1.0000,100,False,False,S,False,80.3,13.79,109550,4.41103,95.29,1.053,10.85,91.0,19.0,0.0
1787958664.7,49.35,1768.0,3,1.000,1.000,1.0000,100,False,False,S,False,80.3,13.79,109550,4.41375,95.29,1.065,10.86,91.0,19.0,0.0
1787958664.9,48.96,1715.8,3,1.000,1.000,1.0000,100,False,False,S,False,80.3,13.79,109550,4.41648,95.29,1.015,10.86,91.0,19.0,0.0
1787958665.1,48.94,1680.8,3,1.000,1.000,1.0000,100,False,False,S,False,80.3,13.79,109550,4.41920,95.29,1.040,10.87,91.0,19.0,0.0
1787958665.3,48.85,1667.0,3,1.000,1.000,1.0000,100,False,False,S,False,80.3,13.79,109550,4.42193,95.29,1.053,10.88,91.0,20.0,0.0
1787958665.5,48.70,1659.2,3,1.000,1.000,1.0000,100,False,False,S,False,80.3,13.79,109550,4.42465,95.29,1.065,10.88,91.0,20.0,0.0
1787958665.7,48.41,1646.2,3,1.000,1.000,1.0000,100,False,False,S,False,80.3,13.79,109550,4.42738,95.29,1.078,10.89,91.0,20.0,0.0
1787958665.9,48.21,1636.0,3,1.000,1.000,1.0000,100,False,False,S,False,80.3,13.80,109550,4.43011,94.12,1.053,10.90,91.0,20.0,0.0
1787958666.1,47.87,1625.5,3,1.000,1.000,1.0000,100,False,False,S,False,80.3,13.80,109550,4.43283,93.73,1.053,10.90,91.0,21.0,0.0
1787958666.3,47.81,1615.5,3,1.000,1.000,1.0000,100,False,False,S,False,80.3,13.80,109550,4.43517,95.29,1.065,10.91,91.0,21.0,0.0
1787958666.5,47.35,1605.2,3,1.000,1.000,1.0000,100,False,False,S,False,80.3,13.80,109550,4.43789,95.29,1.027,10.92,91.0,21.0,0.0
1787958666.7,47.26,1593.8,3,1.000,1.000,1.0000,100,False,False,S,False,80.3,13.80,109550,4.44062,95.29,1.078,10.92,91.0,21.0,0.0
1787958666.9,46.98,1582.5,3,1.000,1.000,1.0000,100,False,False,S,False,80.3,13.80,109550,4.44296,95.29,1.078,10.93,91.0,21.0,1.0
1787958667.1,46.66,1657.8,3,1.000,1.000,1.0000,100,False,False,S,False,80.3,13.79,109550,4.44568,95.29,1.341,10.94,91.0,23.0,3.0
1787958667.3,46.37,1790.2,3,1.000,1.000,1.0000,100,False,False,S,False,80.3,13.79,109550,4.44841,94.90,1.545,10.94,91.0,24.0,4.0
1787958667.5,46.53,1796.8,3,1.000,1.000,1.0000,100,False,False,S,False,80.3,13.79,109550,4.45074,95.29,1.651,10.95,91.0,24.0,4.0
1787958667.8,46.35,1795.5,3,1.000,1.000,1.0000,100,False,False,S,False,80.3,13.79,109550,4.45347,95.29,1.634,10.96,91.0,25.0,4.0
1787958668.0,46.34,1795.0,3,1.000,1.000,1.0000,100,False,False,S,False,80.3,13.79,109550,4.45620,95.29,1.672,10.96,91.0,25.0,4.0
1787958668.2,46.23,1795.0,3,1.000,1.000,1.0000,99.88936341025527,False,False,S,False,80.3,13.79,109550,4.45853,95.29,1.689,10.97,91.0,26.0,5.0
1787958668.4,46.01,1792.2,3,1.000,1.000,1.0000,99.5665734702984,False,False,S,False,80.3,13.79,109550,4.46126,95.29,1.689,10.97,91.0,26.0,5.0
1787958668.6,46.17,1791.0,3,1.000,1.000,1.0000,99.97170338931407,False,False,S,False,80.3,13.79,109550,4.46359,95.29,1.745,10.98,91.0,26.0,5.0
1787958668.8,45.83,1789.5,3,1.000,1.000,1.0000,99.31322635286382,False,False,S,False,80.3,13.79,109550,4.46632,95.29,1.728,10.99,91.0,26.0,5.0
1787958669.0,45.88,1782.8,3,1.000,1.000,1.0000,99.79802624602505,False,False,S,False,80.3,13.79,109550,4.46866,95.29,1.689,10.99,91.0,26.0,5.0
1787958669.2,45.87,1776.5,3,1.000,1.000,1.0000,100,False,False,S,False,80.3,13.79,109550,4.47138,95.29,1.706,11.00,91.0,26.0,5.0
1787958669.4,45.64,1773.2,3,1.000,1.000,1.0000,99.80778242107698,False,False,S,False,80.3,13.79,109550,4.47372,95.29,1.762,11.00,91.0,26.0,5.0
1787958669.6,45.66,1773.0,3,1.000,1.000,1.0000,99.86560364965328,False,False,S,False,80.3,13.79,109550,4.47644,95.29,1.762,11.01,91.0,27.0,1.0
1787958669.8,45.57,1735.0,3,1.000,1.000,1.0000,100,False,False,S,False,80.3,13.82,109550,4.47878,95.29,1.040,11.02,90.0,24.0,0.0
1787958670.0,45.30,1656.0,3,1.000,1.000,1.0000,100,False,False,S,False,80.3,13.82,109550,4.48151,95.29,1.027,11.02,90.0,21.0,0.0
1787958670.2,45.13,1589.5,3,1.000,1.000,1.0000,100,False,False,S,False,80.3,13.82,109550,4.48384,95.29,1.027,11.03,90.0,20.0,0.0
1787958670.4,44.82,1562.8,3,1.000,1.000,1.0000,100,False,False,S,False,80.3,13.78,109550,4.48696,95.29,1.091,11.04,90.0,21.0,1.0
1787958670.6,44.66,1553.0,3,1.000,1.000,1.0000,100,False,False,S,False,80.3,13.78,109550,4.48968,95.29,1.172,11.04,90.0,21.0,2.0
1787958670.8,44.28,1543.5,3,1.000,1.000,1.0000,100,False,False,S,False,80.3,13.78,109550,4.49202,95.29,1.214,11.05,90.0,22.0,2.0
1787958671.0,44.14,1660.8,4,1.000,0.726,1.3774,0,False,False,D,True,80.3,13.78,109550,4.49552,95.29,1.256,11.06,90.0,23.0,2.0
1787958671.2,44.03,1665.0,4,1.000,0.726,1.3774,0,False,False,D,True,80.3,13.78,109550,4.49825,95.29,1.256,11.07,90.0,23.0,2.0
1787958671.4,44.02,1630.0,4,0.980,0.726,1.3499,0,False,False,D,True,80.3,13.78,109550,4.50059,95.29,1.269,11.07,90.0,23.0,2.0
1787958671.6,43.93,1591.8,4,0.960,0.726,1.3223,0,False,False,D,True,80.3,13.78,109550,4.50292,95.29,1.299,11.08,90.0,23.0,2.0
1787958671.8,43.61,1550.8,4,0.940,0.726,1.2948,0,False,False,D,True,80.3,13.78,109550,4.50526,95.29,1.329,11.08,90.0,24.0,2.0
1787958672.0,43.60,1488.0,4,0.860,0.726,1.1846,0,False,False,D,True,80.3,13.78,109550,4.50798,95.29,1.329,11.09,90.0,25.0,2.0
1787958672.2,43.49,1243.5,4,0.720,0.726,0.9917,98.46720096889617,False,False,D,False,80.3,13.78,109550,4.51032,95.29,1.312,11.09,90.0,26.0,3.0
1787958672.4,43.44,1204.2,4,0.730,0.726,1.0055,100,False,False,D,False,80.3,13.78,109550,4.51266,95.29,1.329,11.10,90.0,28.0,3.0
1787958672.6,43.42,1236.0,4,0.730,0.726,1.0055,98.90523584496111,False,False,D,False,80.3,13.78,109550,4.51499,95.29,1.341,11.11,90.0,29.0,4.0
1787958672.8,43.27,1257.5,4,0.730,0.726,1.0055,96.88954881841214,False,False,D,False,80.3,13.78,109550,4.51733,95.29,1.371,11.11,90.0,30.0,4.0
1787958673.0,43.25,1259.8,4,0.720,0.726,0.9917,96.6606210101717,False,False,D,False,80.3,13.78,109550,4.51967,95.29,1.464,11.12,90.0,31.0,4.0
1787958673.2,43.17,1261.2,4,0.730,0.726,1.0055,96.37265198861174,False,False,D,False,80.3,13.78,109550,4.52200,95.29,1.498,11.12,90.0,32.0,4.0
1787958673.4,42.99,1267.5,4,0.730,0.726,1.0055,95.49759132559578,False,False,D,False,80.3,13.74,109550,4.52473,95.29,1.481,11.13,90.0,33.0,5.0
1787958673.6,43.12,1272.0,4,0.720,0.726,0.9917,95.45857291020091,False,False,D,False,80.3,13.74,109550,4.52706,95.29,1.745,11.13,90.0,34.0,7.0
1787958673.8,42.93,1300.0,4,0.730,0.726,1.0055,92.98561481964379,False,False,D,False,80.3,13.74,109550,4.52940,95.29,2.114,11.13,90.0,38.0,8.0
1787958674.0,42.98,1336.5,4,0.720,0.726,0.9917,90.54623335320377,False,False,D,False,80.3,13.74,109550,4.53174,95.29,2.318,11.14,90.0,42.0,9.0
1787958674.2,42.94,1360.2,4,0.730,0.726,1.0055,88.88767167371634,False,False,D,False,80.3,13.74,109550,4.53407,95.29,2.517,11.14,90.0,44.0,10.0
1787958674.5,42.72,1380.2,4,0.730,0.726,1.0055,87.1508933629311,False,False,D,False,80.3,13.74,109550,4.53641,95.29,2.679,11.14,90.0,44.0,11.0
1787958674.7,43.01,1400.2,4,0.730,0.726,1.0055,86.48923284743661,False,False,D,False,80.3,13.74,109550,4.53875,95.29,2.861,11.14,90.0,50.0,11.0
1787958674.9,42.97,1420.2,4,0.730,0.726,1.0055,85.18703379540297,False,False,D,False,80.3,13.74,109550,4.54108,95.29,2.988,11.14,90.0,53.0,12.0
1787958675.1,42.80,1441.0,4,0.730,0.726,1.0055,83.61842643774811,False,False,D,False,80.3,13.74,109550,4.54342,95.29,3.175,11.14,90.0,56.0,13.0
1787958675.3,43.11,1469.2,4,0.730,0.726,1.0055,82.61430699256213,False,False,D,False,80.3,13.74,109550,4.54575,95.29,3.311,11.14,90.0,58.0,13.0
1787958675.5,43.29,1500.0,4,0.720,0.726,0.9917,81.26327993094984,False,False,D,False,80.3,13.74,109550,4.54809,95.29,3.396,11.15,90.0,60.0,14.0
1787958675.7,43.15,1519.8,4,0.730,0.726,1.0055,79.93857939214087,False,False,D,False,80.3,13.74,109550,4.55082,95.29,3.396,11.15,90.0,60.0,14.0
1787958675.9,43.55,1531.2,4,0.730,0.726,1.0055,80.07832829962187,False,False,D,False,80.3,13.74,109550,4.55315,95.29,3.477,11.15,90.0,60.0,14.0
1787958676.1,43.60,1538.5,4,0.720,0.726,0.9917,79.7924737419401,False,False,D,False,80.3,13.74,109550,4.55549,95.29,3.477,11.15,90.0,62.0,14.0
1787958676.3,43.57,1546.0,4,0.730,0.726,1.0055,79.35529851114259,False,False,D,False,80.3,13.74,109550,4.55783,95.29,3.532,11.15,90.0,63.0,14.0
1787958676.5,43.93,1553.0,4,0.720,0.726,0.9917,79.64576503345485,False,False,D,False,80.3,13.77,109550,4.56016,95.29,3.617,11.15,90.0,63.0,14.0
1787958676.7,43.83,1567.5,4,0.730,0.726,1.0055,78.72040430384673,False,False,D,False,80.3,13.77,109550,4.56250,95.29,3.617,11.15,90.0,63.0,14.0
1787958676.9,44.13,1578.0,4,0.730,0.726,1.0055,78.74526913930912,False,False,D,False,80.3,13.77,109550,4.56639,95.29,3.646,11.15,90.0,63.0,14.0
1787958677.1,44.12,1577.5,4,0.730,0.726,1.0055,78.73899301218205,False,False,D,False,80.3,13.77,109550,4.56873,95.29,3.727,11.15,90.0,63.0,14.0
1787958677.3,44.16,1580.0,4,0.730,0.726,1.0055,78.69014241988559,False,False,D,False,80.3,13.77,109550,4.57106,95.29,3.646,11.15,90.0,63.0,14.0
1787958677.5,44.35,1586.5,4,0.730,0.726,1.0055,78.71825311312688,False,False,D,False,80.3,13.77,109550,4.57379,95.29,3.727,11.15,90.0,64.0,15.0
1787958677.7,44.60,1590.0,4,0.730,0.726,1.0055,78.98325330044729,False,False,D,False,80.3,13.77,109550,4.57613,95.29,3.791,11.15,90.0,64.0,15.0
1787958677.9,44.74,1591.5,4,0.730,0.726,1.0055,79.1520700700302,False,False,D,False,80.3,13.77,109550,4.57846,95.29,3.791,11.15,90.0,64.0,15.0
1787958678.1,44.73,1588.0,4,0.730,0.726,1.0055,79.31765834517329,False,False,D,False,80.3,13.77,109550,4.58119,95.29,3.727,11.15,90.0,63.0,1.0
1787958678.3,44.68,1411.0,4,0.730,0.726,1.0055,89.1577482244071,False,False,D,False,80.3,13.77,109550,4.58352,95.29,0.964,11.16,90.0,47.0,0.0
1787958678.5,44.83,1271.5,4,0.730,0.726,1.0055,99.28273907864168,False,False,D,False,80.3,13.77,109550,4.58664,95.29,0.879,11.17,90.0,40.0,0.0
1787958678.7,44.78,1189.0,4,0.710,0.726,0.9780,100,False,False,D,False,80.3,13.77,109550,4.58937,95.29,0.857,11.17,90.0,40.0,0.0
1787958678.9,44.46,1109.0,4,0.730,0.726,1.0055,100,False,False,D,False,80.3,13.77,109550,4.59170,95.29,0.807,11.18,90.0,26.0,0.0
1787958679.1,44.37,972.0,4,0.720,0.726,0.9917,100,False,False,D,False,80.3,13.77,109550,4.59404,95.29,1.002,11.19,90.0,26.0,0.0
1787958679.3,44.11,938.2,4,0.730,0.726,1.0055,100,False,False,D,False,80.3,13.77,109550,4.59676,95.29,1.027,11.19,90.0,29.0,0.0
1787958679.5,43.98,930.2,4,0.720,0.726,0.9917,100,False,False,D,False,80.3,13.80,109550,4.59910,95.29,0.879,11.20,90.0,29.0,0.0
1787958679.7,43.84,914.5,4,0.730,0.726,1.0055,100,False,False,D,False,80.3,13.80,109550,4.60144,95.29,0.857,11.20,90.0,29.0,0.0
1787958679.9,43.44,901.5,4,0.730,0.726,1.0055,100,False,False,D,False,80.3,13.80,109550,4.60377,95.29,0.917,11.21,90.0,29.0,0.0
1787958680.1,43.34,883.0,4,0.730,0.726,1.0055,100,False,False,D,False,80.3,13.80,109550,4.60611,95.29,0.904,11.22,90.0,28.0,0.0
1787958680.3,42.92,873.0,4,0.730,0.726,1.0055,100,False,False,D,False,80.3,13.80,109550,4.60883,95.29,0.891,11.22,89.0,28.0,0.0
1787958680.5,42.77,850.0,4,0.730,0.726,1.0055,100,False,False,D,False,80.3,13.80,109550,4.61117,95.29,0.870,11.23,89.0,28.0,0.0
1787958680.8,42.33,844.0,4,0.730,0.726,1.0055,100,False,False,D,False,80.3,13.80,109550,4.61351,95.29,1.745,11.23,90.0,29.0,0.0
1787958681.0,41.73,891.0,4,0.730,0.726,1.0055,100,False,False,D,False,80.3,13.80,109550,4.61584,95.29,1.133,11.24,89.0,32.0,0.0
1787958681.2,40.89,924.0,4,0.730,0.726,1.0055,100,False,False,D,False,80.3,13.80,109550,4.61818,95.29,1.027,11.24,90.0,34.0,0.0
1787958681.4,39.83,845.0,4,0.720,0.726,0.9917,100,False,False,D,False,80.3,13.80,109550,4.62013,95.29,1.431,11.25,89.0,34.0,0.0
1787958681.6,38.61,826.5,4,0.730,0.726,1.0055,100,False,False,D,False,80.3,13.80,109550,4.62246,93.73,1.244,11.26,90.0,37.0,0.0
1787958681.8,37.37,809.5,4,0.730,0.726,1.0055,100,False,False,D,False,80.3,13.80,109550,4.62441,93.73,1.388,11.26,89.0,38.0,0.0
1787958682.0,36.12,791.8,4,0.730,0.726,1.0055,100,False,False,D,False,80.3,13.80,109550,4.62675,94.12,1.329,11.27,89.0,40.0,0.0
1787958682.2,34.73,797.2,4,0.730,0.726,1.0055,100,False,False,D,False,80.3,13.80,109550,4.62869,95.29,1.189,11.27,89.0,41.0,0.0
1787958682.4,33.72,781.8,4,0.730,0.726,1.0055,100,False,False,D,False,80.3,13.80,109550,4.63064,95.29,1.256,11.28,89.0,41.0,0.0
1787958682.6,32.42,769.5,4,0.730,0.726,1.0055,100,False,False,D,False,80.3,13.28,109550,4.63259,95.29,1.299,11.28,89.0,42.0,0.0
1787958682.8,31.31,763.8,4,0.730,0.726,1.0055,100,False,False,D,False,80.3,13.28,109550,4.63414,95.29,1.269,11.28,89.0,43.0,0.0
1787958683.0,30.29,762.0,4,0.730,0.726,1.0055,100,False,False,D,False,80.3,13.28,109550,4.63609,94.12,1.201,11.29,89.0,44.0,0.0
1787958683.2,29.46,748.5,4,0.730,0.726,1.0055,100,False,False,D,False,80.3,13.28,109550,4.63765,95.29,1.227,11.29,89.0,44.0,0.0
1787958683.4,29.20,748.8,4,0.730,0.726,1.0055,100,False,False,D,False,80.3,13.28,109550,4.63999,93.73,1.227,11.30,89.0,45.0,0.0
1787958683.6,29.04,744.5,4,0.730,0.726,1.0055,100,False,False,D,False,80.3,13.28,109550,4.64154,95.29,1.214,11.30,89.0,45.0,0.0
1787958683.8,28.78,748.5,4,0.720,0.726,0.9917,100,False,False,D,False,80.3,13.28,109550,4.64310,95.29,1.579,11.30,89.0,47.0,12.0
1787958684.0,28.87,956.0,4,0.740,0.726,1.0193,85.02797423794944,False,False,D,False,80.3,13.28,109550,4.64466,95.29,3.532,11.30,89.0,63.0,14.0
1787958684.2,28.81,1232.5,4,0.720,0.726,0.9917,65.80995340162764,False,False,D,False,80.3,13.28,109550,4.64661,95.29,3.672,11.30,89.0,76.0,25.0
1787958684.4,29.04,1447.0,4,0.730,0.726,1.0055,56.497110914975764,False,False,D,False,80.3,13.28,109550,4.64816,95.29,5.574,11.30,89.0,87.0,27.0
1787958684.6,29.32,1634.2,4,0.730,0.726,1.0055,50.51477384738534,False,False,D,False,80.3,13.28,109550,4.64972,95.29,5.692,11.29,89.0,88.0,28.0
1787958684.8,29.81,1721.5,4,0.730,0.726,1.0055,48.751891043324704,False,False,D,False,80.3,13.28,109550,4.65128,95.29,6.227,11.29,89.0,88.0,28.0
1787958685.0,30.33,1749.2,4,0.730,0.726,1.0055,48.811467822200825,False,False,D,False,80.3,13.28,109550,4.65284,95.29,6.490,11.28,89.0,87.0,29.0
1787958685.2,30.79,1767.0,4,0.730,0.726,1.0055,49.066077590100306,False,False,D,False,80.3,13.28,109550,4.65439,95.29,6.758,11.28,89.0,87.0,30.0
1787958685.4,31.11,1771.8,4,0.720,0.726,0.9917,49.44704063790655,False,False,D,False,80.3,13.28,109550,4.65634,95.29,6.715,11.27,89.0,87.0,31.0
1787958685.6,31.61,1778.2,4,0.720,0.726,0.9917,50.042145116470614,False,False,D,False,80.3,13.28,109550,4.65790,95.29,6.758,11.26,89.0,90.0,32.0
1787958685.8,32.06,1778.8,4,0.730,0.726,1.0055,50.74830549896927,False,False,D,False,80.3,13.76,109550,4.65984,95.29,6.898,11.26,89.0,90.0,34.0
1787958686.0,32.41,1765.2,4,0.730,0.726,1.0055,51.69865568089654,False,False,D,False,80.3,13.76,109550,4.66140,95.29,7.276,11.25,89.0,92.0,36.0
1787958686.2,32.92,1805.5,4,0.720,0.726,0.9917,51.333667370151886,False,False,D,False,80.3,13.76,109550,4.66335,95.29,7.276,11.24,89.0,92.0,36.0
1787958686.4,33.28,1805.0,4,0.720,0.726,0.9917,51.909449899001146,False,False,D,False,80.3,13.76,109550,4.66530,95.29,7.416,11.24,89.0,92.0,37.0
1787958686.6,33.84,1819.8,4,0.730,0.726,1.0055,52.359026956152974,False,False,D,False,80.3,13.76,109550,4.66685,95.29,7.416,11.23,90.0,92.0,37.0
1787958686.8,34.26,1819.8,4,0.730,0.726,1.0055,53.00113677254787,False,False,D,False,80.3,13.76,109550,4.66880,95.29,7.658,11.22,89.0,92.0,37.0
1787958687.1,34.59,1827.0,4,0.730,0.726,1.0055,53.29938198512563,False,False,D,False,80.3,13.76,109550,4.67075,95.29,7.658,11.21,89.0,93.0,38.0
1787958687.3,35.27,1841.5,4,0.730,0.726,1.0055,53.927051696103746,False,False,D,False,80.3,13.76,109550,4.67269,95.29,7.658,11.21,89.0,93.0,38.0
1787958687.5,35.55,1839.5,4,0.720,0.726,0.9917,54.41043667736764,False,False,D,False,80.3,13.76,109550,4.67464,95.29,7.611,11.20,90.0,93.0,38.0
1787958687.7,35.99,1843.0,4,0.730,0.726,1.0055,54.986948449435545,False,False,D,False,80.3,13.76,109550,4.67659,95.29,7.611,11.19,90.0,93.0,39.0
1787958687.9,36.35,1845.2,4,0.730,0.726,1.0055,55.4692137234508,False,False,D,False,80.3,13.76,109550,4.67854,95.29,7.802,11.19,89.0,93.0,39.0
1787958688.1,36.99,1857.0,4,0.720,0.726,0.9917,56.081034351948965,False,False,D,False,80.3,13.76,109550,4.68048,95.29,7.755,11.18,89.0,93.0,39.0
1787958688.3,37.44,1862.5,4,0.730,0.726,1.0055,56.60326692321986,False,False,D,False,80.3,13.76,109550,4.68282,95.29,7.853,11.17,90.0,93.0,40.0
1787958688.5,37.82,1857.2,4,0.720,0.726,0.9917,57.33935524708917,False,False,D,False,80.3,13.76,109550,4.68477,95.29,8.002,11.17,90.0,93.0,40.0
1787958688.7,38.06,1871.8,4,0.730,0.726,1.0055,57.252424515964215,False,False,D,False,80.3,13.76,109550,4.68749,95.29,7.951,11.16,90.0,93.0,40.0
1787958688.9,38.66,1895.5,4,0.730,0.726,1.0055,57.426321976208115,False,False,D,False,80.3,13.70,109550,4.68983,95.29,8.048,11.16,89.0,93.0,40.0
1787958689.1,39.05,1885.8,4,0.730,0.726,1.0055,58.30927819427632,False,False,D,False,80.3,13.70,109550,4.69177,95.29,7.853,11.15,90.0,93.0,40.0
1787958689.3,39.64,1870.8,4,0.730,0.726,1.0055,59.65727910199085,False,False,D,False,80.3,13.70,109550,4.69411,95.29,7.802,11.14,90.0,93.0,40.0
1787958689.5,39.88,1892.8,4,0.730,0.726,1.0055,59.32460229796163,False,False,D,False,80.3,13.70,109550,4.69606,95.29,7.611,11.14,90.0,93.0,40.0
1787958689.7,40.30,1906.5,4,0.720,0.726,0.9917,59.52440412614071,False,False,D,False,80.3,13.70,109550,4.69956,95.29,7.853,11.13,90.0,93.0,40.0
1787958689.9,40.91,1893.5,4,0.720,0.726,0.9917,60.82526759156786,False,False,D,False,80.3,13.70,109550,4.70190,95.29,7.853,11.12,90.0,93.0,40.0
1787958690.1,40.99,1899.0,4,0.730,0.726,1.0055,60.77883639294194,False,False,D,False,80.3,13.70,109550,4.70385,95.29,8.048,11.12,90.0,93.0,40.0
1787958690.3,41.63,1905.8,4,0.730,0.726,1.0055,61.50173132812195,False,False,D,False,80.3,13.70,109550,4.70618,95.29,8.048,11.11,90.0,93.0,40.0
1787958690.5,42.06,1915.0,4,0.720,0.726,0.9917,61.83688668924632,False,False,D,False,80.3,13.70,109550,4.70852,95.29,7.513,11.10,90.0,93.0,31.0
1787958690.7,42.49,1875.0,4,0.730,0.726,1.0055,63.801787488663976,False,False,D,False,80.3,13.70,109550,4.71085,95.29,6.669,11.10,90.0,89.0,22.0
1787958690.9,42.64,1808.5,4,0.730,0.726,1.0055,66.38914654968175,False,False,D,False,80.3,13.70,109550,4.71319,95.29,5.242,11.10,90.0,78.0,18.0
1787958691.1,42.96,1724.8,4,0.730,0.726,1.0055,70.13116603524296,False,False,D,False,80.3,13.70,109550,4.71553,95.29,5.315,11.10,90.0,75.0,18.0
1787958691.3,43.30,1678.8,4,0.730,0.726,1.0055,72.62310468676193,False,False,D,False,80.3,13.70,109550,4.71786,95.29,5.315,11.09,90.0,75.0,18.0
1787958691.5,43.34,1663.0,4,0.720,0.726,0.9917,73.3870953528338,False,False,D,False,80.3,13.70,109550,4.72020,95.29,5.132,11.09,90.0,76.0,19.0
1787958691.7,43.58,1668.5,4,0.730,0.726,1.0055,73.53753045402718,False,False,D,False,80.3,13.70,109550,4.72293,95.29,5.132,11.09,90.0,77.0,19.0
1787958691.9,43.60,1676.8,4,0.730,0.726,1.0055,73.2134908912926,False,False,D,False,80.3,13.77,109550,4.72526,95.29,5.098,11.09,90.0,77.0,19.0
1787958692.1,43.64,1670.2,4,0.730,0.726,1.0055,73.57005502091117,False,False,D,False,80.3,13.77,109550,4.72760,95.29,5.022,11.09,90.0,78.0,19.0
1787958692.3,44.06,1675.0,4,0.730,0.726,1.0055,74.06322553386296,False,False,D,False,80.3,13.77,109550,4.72993,95.29,5.170,11.08,90.0,78.0,19.0
1787958692.5,44.17,1685.5,4,0.730,0.726,1.0055,73.78559488829069,False,False,D,False,80.3,13.77,109550,4.73266,95.29,5.242,11.08,90.0,78.0,20.0
1787958692.7,44.61,1700.0,4,0.720,0.726,0.9917,73.89327524029758,False,False,D,False,80.3,13.77,109550,4.73500,95.29,5.242,11.08,90.0,78.0,20.0
1787958692.9,44.84,1705.0,4,0.720,0.726,0.9917,74.04814123332012,False,False,D,False,80.3,13.77,109550,4.73733,95.29,5.170,11.08,90.0,79.0,20.0
1787958693.2,44.89,1705.8,4,0.730,0.726,1.0055,74.0939893969402,False,False,D,False,80.3,13.77,109550,4.73967,95.29,5.276,11.08,90.0,79.0,20.0
1787958693.4,45.09,1710.2,4,0.730,0.726,1.0055,74.23241281608252,False,False,D,False,80.3,13.77,109550,4.74239,95.29,5.353,11.07,90.0,79.0,20.0
1787958693.6,45.31,1714.2,4,0.720,0.726,0.9917,74.42875713169612,False,False,D,False,80.3,13.77,109550,4.74473,95.29,5.425,11.07,90.0,79.0,20.0
1787958693.8,45.60,1710.2,4,0.730,0.726,1.0055,75.0720342517934,False,False,D,False,80.3,13.77,109550,4.74746,95.29,5.315,11.07,90.0,79.0,20.0
1787958694.0,45.65,1717.0,4,0.720,0.726,0.9917,74.85479801406498,False,False,D,False,80.3,13.77,109550,4.74979,95.29,5.387,11.07,90.0,79.0,20.0
1787958694.2,45.91,1714.8,4,0.730,0.726,1.0055,75.37993732886993,False,False,D,False,80.3,13.77,109550,4.75252,95.29,5.387,11.07,90.0,79.0,19.0
1787958694.4,46.12,1696.0,4,0.730,0.726,1.0055,76.57437696492205,False,False,D,False,80.3,13.77,109550,4.75485,95.29,3.761,11.07,90.0,76.0,12.0
1787958694.6,46.01,1594.5,4,0.730,0.726,1.0055,81.23692053237913,False,False,D,False,80.3,13.77,109550,4.75758,95.29,3.646,11.07,90.0,69.0,12.0
1787958694.8,46.32,1518.5,4,0.730,0.726,1.0055,85.89148954432946,False,False,D,False,80.3,13.77,109550,4.75992,95.29,3.702,11.07,90.0,69.0,12.0
1787958695.0,46.38,1506.8,4,0.730,0.726,1.0055,86.66406874435776,False,False,D,False,80.3,13.70,109550,4.76264,95.29,3.561,11.07,90.0,66.0,12.0
1787958695.2,46.47,1507.2,4,0.730,0.726,1.0055,86.81278407868695,False,False,D,False,80.3,13.70,109550,4.76498,95.29,3.672,11.07,90.0,66.0,12.0
1787958695.4,46.38,1510.0,4,0.720,0.726,0.9917,86.4728785088756,False,False,D,False,80.3,13.70,109550,4.76770,95.29,3.617,11.07,90.0,67.0,12.0
1787958695.6,46.58,1518.8,4,0.730,0.726,1.0055,86.35936541076178,False,False,D,False,80.3,13.70,109550,4.77043,95.29,3.646,11.07,90.0,67.0,13.0
1787958695.8,46.44,1526.2,4,0.730,0.726,1.0055,85.6721122912594,False,False,D,False,80.3,13.70,109550,4.77393,95.29,3.850,11.07,90.0,67.0,14.0
1787958696.0,46.70,1543.8,4,0.730,0.726,1.0055,85.17969863075221,False,False,D,False,80.3,13.70,109550,4.77666,95.29,4.067,11.07,90.0,69.0,14.0
1787958696.2,46.74,1561.2,4,0.730,0.726,1.0055,84.2970595841581,False,False,D,False,80.3,13.70,109550,4.77939,95.29,3.850,11.07,90.0,70.0,15.0
1787958696.4,46.88,1579.0,4,0.730,0.726,1.0055,83.5857206967643,False,False,D,False,80.3,13.70,109550,4.78172,95.29,3.850,11.07,90.0,70.0,15.0
1787958696.6,46.82,1650.8,4,0.730,0.726,1.0055,79.85458442558541,False,False,D,False,80.3,13.70,109550,4.78445,95.29,3.944,11.07,90.0,69.0,15.0
1787958696.8,47.21,1665.8,4,0.730,0.726,1.0055,79.79471364690399,False,False,D,False,80.3,13.70,109550,4.78795,95.29,4.003,11.08,90.0,68.0,15.0
1787958697.0,47.02,1666.5,4,0.720,0.726,0.9917,79.43356662531754,False,False,D,False,80.3,13.70,109550,4.79029,95.29,4.067,11.08,90.0,67.0,15.0
1787958697.2,47.30,1672.5,4,0.730,0.726,1.0055,79.63681106817884,False,False,D,False,80.3,13.70,109550,4.79301,95.29,4.003,11.08,90.0,67.0,15.0
1787958697.4,47.33,1668.8,4,0.720,0.726,0.9917,79.85795166029575,False,False,D,False,80.3,13.70,109550,4.79574,95.29,3.973,11.08,90.0,66.0,15.0
1787958697.6,47.62,1662.8,4,0.730,0.726,1.0055,80.63718813023966,False,False,D,False,80.3,13.70,109550,4.79808,95.29,4.003,11.08,90.0,66.0,15.0
1787958697.8,47.72,1661.5,4,0.730,0.726,1.0055,80.8630796375292,False,False,D,False,80.3,13.70,109550,4.80080,95.29,3.973,11.08,90.0,66.0,15.0
1787958698.0,47.87,1669.5,4,0.720,0.726,0.9917,80.73700318155693,False,False,D,False,80.3,13.73,109550,4.80353,95.29,3.944,11.08,90.0,67.0,15.0
1787958698.2,47.98,1673.8,4,0.730,0.726,1.0055,80.70442248252485,False,False,D,False,80.3,13.73,109550,4.80625,95.29,4.003,11.08,90.0,67.0,15.0
1787958698.4,48.26,1671.8,4,0.730,0.726,1.0055,81.28940024558901,False,False,D,False,80.3,13.73,109550,4.80898,95.29,4.067,11.08,90.0,66.0,10.0
1787958698.6,48.23,1564.5,4,0.730,0.726,1.0055,86.80798112793615,False,False,D,False,80.3,13.73,109550,4.81132,95.29,1.528,11.08,90.0,55.0,2.0
1787958698.8,48.20,1399.0,4,0.730,0.726,1.0055,97.01688212205057,False,False,D,False,80.3,13.73,109550,4.81404,95.29,1.065,11.09,90.0,36.0,2.0
1787958699.0,47.85,1370.8,4,0.730,0.726,1.0055,98.28712421825918,False,False,D,False,80.3,13.73,109550,4.81677,95.29,2.296,11.09,90.0,34.0,9.0
1787958699.2,47.97,1444.5,4,0.730,0.726,1.0055,93.4931609563795,False,False,D,False,80.3,13.73,109550,4.81949,95.29,2.296,11.10,90.0,39.0,10.0
1787958699.5,47.81,1487.2,4,0.730,0.726,1.0055,90.5170549939786,False,False,D,False,80.3,13.73,109550,4.82222,95.29,2.793,11.10,90.0,43.0,10.0
1787958699.7,48.00,1498.2,4,0.730,0.726,1.0055,90.20954879617844,False,False,D,False,80.3,13.73,109550,4.82494,95.29,2.814,11.10,90.0,47.0,11.0
1787958699.9,47.84,1517.5,4,0.730,0.726,1.0055,88.7637030599954,False,False,D,False,80.3,13.73,109550,4.82728,95.29,2.887,11.10,90.0,47.0,11.0
1787958700.1,48.03,1531.2,4,0.730,0.726,1.0055,88.31141015867024,False,False,D,False,80.3,13.73,109550,4.83001,95.29,2.988,11.11,90.0,52.0,11.0
1787958700.3,47.94,1541.8,4,0.730,0.726,1.0055,87.5501739451278,False,False,D,False,80.3,13.73,109550,4.83273,95.29,2.937,11.11,90.0,53.0,12.0
1787958700.5,48.00,1544.5,4,0.730,0.726,1.0055,87.50366944105888,False,False,D,False,80.3,13.73,109550,4.83546,95.29,3.065,11.11,90.0,54.0,12.0
1787958700.7,48.01,1551.2,4,0.730,0.726,1.0055,87.14560039484941,False,False,D,False,80.3,13.73,109550,4.83818,95.29,3.065,11.11,90.0,55.0,12.0
1787958700.9,48.22,1557.0,4,0.730,0.726,1.0055,87.20352685540232,False,False,D,False,80.3,13.73,109550,4.84052,95.29,3.150,11.11,90.0,56.0,12.0
1787958701.1,48.30,1563.5,4,0.730,0.726,1.0055,86.98055728224408,False,False,D,False,80.3,13.73,109550,4.84325,95.29,3.150,11.11,90.0,57.0,12.0
1787958701.3,48.19,1566.8,4,0.730,0.726,1.0055,86.6114325579148,False,False,D,False,80.3,13.76,109550,4.84597,95.29,3.175,11.12,90.0,57.0,12.0
1787958701.5,48.36,1503.8,4,0.730,0.726,1.0055,90.55366724173714,False,False,D,False,80.3,13.76,109550,4.84870,95.29,3.175,11.12,90.0,57.0,12.0
1787958701.7,48.44,1369.2,4,0.730,0.726,1.0055,99.6095634688411,True,False,D,False,80.3,13.76,109550,4.85142,95.29,3.230,11.12,90.0,59.0,13.0
1787958701.9,48.48,1356.8,4,0.730,0.726,1.0055,100,True,False,D,False,80.3,13.76,109550,4.85532,95.29,3.230,11.12,90.0,62.0,13.0
1787958702.1,48.32,1358.2,4,0.730,0.726,1.0055,100,True,False,D,False,80.3,13.76,109550,4.85804,95.29,3.205,11.12,90.0,64.0,13.0
1787958702.3,48.65,1367.2,4,0.730,0.726,1.0055,100,True,False,D,False,80.3,13.76,109550,4.86077,95.29,3.286,11.13,90.0,65.0,13.0
1787958702.5,48.63,1373.8,4,0.730,0.726,1.0055,99.65139615531056,True,False,D,False,80.3,13.76,109550,4.86349,95.29,3.286,11.13,90.0,65.0,13.0
1787958702.7,48.86,1370.5,4,0.730,0.726,1.0055,100,True,False,D,False,80.3,13.76,109550,4.86622,95.29,3.150,11.13,90.0,65.0,13.0
1787958702.9,48.87,1372.2,4,0.720,0.726,0.9917,100,True,False,D,False,80.3,13.76,109550,4.86895,95.29,3.150,11.13,90.0,65.0,13.0
1787958703.1,49.16,1378.2,4,0.720,0.726,0.9917,100,True,False,D,False,80.3,13.76,109550,4.87128,95.29,3.150,11.13,90.0,65.0,13.0
1787958703.3,49.21,1382.2,4,0.720,0.726,0.9917,100,True,False,D,False,80.3,13.76,109550,4.87401,95.29,3.205,11.13,90.0,65.0,13.0
1787958703.5,49.22,1380.8,4,0.720,0.726,0.9917,100,True,False,D,False,80.3,13.76,109550,4.87673,95.29,3.260,11.14,90.0,65.0,13.0
1787958703.7,49.27,1385.0,4,0.730,0.726,1.0055,100,True,False,D,False,80.3,13.76,109550,4.87946,95.29,3.260,11.14,90.0,65.0,13.0
1787958703.9,49.32,1383.8,4,0.730,0.726,1.0055,100,True,False,D,False,80.3,13.76,109550,4.88218,95.29,3.230,11.14,90.0,65.0,13.0
1787958704.1,49.22,1392.2,4,0.720,0.726,0.9917,99.48521027236563,True,False,D,False,80.3,13.76,109550,4.88569,95.29,3.120,11.14,90.0,65.0,13.0
1787958704.3,49.61,1389.2,4,0.730,0.726,1.0055,100,True,False,D,False,80.3,13.76,109550,4.88841,95.29,3.230,11.15,90.0,65.0,2.0
1787958704.5,49.55,1389.5,4,0.730,0.726,1.0055,100,True,False,D,False,80.3,13.76,109550,4.89114,95.29,0.891,11.15,90.0,51.0,0.0
1787958704.7,49.55,1386.2,4,0.730,0.726,1.0055,100,True,False,D,False,80.3,13.76,109550,4.89387,95.29,0.891,11.16,90.0,39.0,0.0
1787958704.9,49.30,1368.0,4,0.720,0.726,0.9917,100,True,False,D,False,80.3,13.76,109550,4.89659,95.29,0.879,11.16,90.0,31.0,0.0
1787958705.1,48.95,1383.8,4,0.720,0.726,0.9917,99.48461780863586,True,False,D,False,80.3,13.76,109550,4.89932,95.29,0.964,11.17,90.0,27.0,0.0
1787958705.3,48.86,1374.8,4,0.730,0.726,1.0055,99.9486731687841,True,False,D,False,80.3,13.76,109550,4.90204,95.29,0.938,11.18,90.0,25.0,0.0
1787958705.6,48.47,1365.0,4,0.730,0.726,1.0055,99.86841098141043,True,False,D,False,80.3,13.76,109550,4.90477,95.29,0.976,11.18,90.0,25.0,0.0
1787958705.8,48.41,1361.8,4,0.730,0.726,1.0055,99.96388054199738,True,False,D,False,80.3,13.76,109550,4.90749,95.29,0.930,11.19,90.0,25.0,0.0
1787958706.0,48.04,1350.8,4,0.730,0.726,1.0055,100,True,False,D,False,80.3,13.76,109550,4.91022,95.29,0.951,11.20,90.0,24.0,0.0
1787958706.2,47.88,1342.8,4,0.730,0.726,1.0055,100,True,False,D,False,80.3,13.76,109550,4.91295,95.29,0.938,11.20,90.0,24.0,0.0
1787958706.4,47.62,1339.2,4,0.730,0.726,1.0055,99.99050207808398,True,False,D,False,80.3,13.76,109550,4.91567,95.29,0.951,11.21,90.0,24.0,0.0
1787958706.6,47.41,1326.8,4,0.720,0.726,0.9917,100,True,False,D,False,80.3,13.76,109550,4.91801,95.29,0.938,11.21,90.0,24.0,0.0
1787958706.8,47.07,1325.5,4,0.720,0.726,0.9917,99.85821728186374,True,False,D,False,80.3,13.76,109550,4.92073,95.29,0.938,11.22,90.0,24.0,0.0
1787958707.0,47.02,1316.2,4,0.730,0.726,1.0055,100,True,False,D,False,80.3,13.76,109550,4.92346,95.29,0.930,11.23,90.0,24.0,0.0
1787958707.2,46.64,1310.5,4,0.730,0.726,1.0055,100,True,False,D,False,80.3,13.76,109550,4.92580,95.29,0.938,11.23,90.0,24.0,0.0
1787958707.4,46.44,1302.2,4,0.730,0.726,1.0055,100,True,False,D,False,80.3,13.76,109550,4.92852,95.29,0.904,11.24,90.0,24.0,0.0
1787958707.6,46.17,1297.5,4,0.730,0.726,1.0055,100,True,False,D,False,80.3,13.76,109550,4.93125,95.29,0.917,11.24,90.0,24.0,0.0
1787958707.8,45.88,1288.8,4,0.730,0.726,1.0055,100,True,False,D,False,80.3,13.76,109550,4.93358,95.29,0.938,11.25,90.0,24.0,0.0
1787958708.0,45.74,1283.8,4,0.730,0.726,1.0055,100,True,False,D,False,80.3,13.76,109550,4.93631,95.29,0.930,11.25,90.0,24.0,0.0
1787958708.2,45.61,1268.2,4,0.730,0.726,1.0055,100,True,False,D,False,80.3,13.76,109550,4.93981,95.29,1.027,11.26,90.0,25.0,6.0
1787958708.4,45.25,1282.5,4,0.730,0.726,1.0055,99.14643194276739,True,False,D,False,80.3,13.76,109550,4.94254,95.29,1.995,11.27,90.0,27.0,10.0
1787958708.6,45.34,1389.8,4,0.730,0.726,1.0055,91.7996901211811,True,False,D,False,80.3,13.76,109550,4.94488,95.29,2.700,11.27,90.0,40.0,11.0
1787958708.8,45.28,1438.2,4,0.720,0.726,0.9917,88.80186078672092,True,False,D,False,80.3,13.76,109550,4.94760,95.29,2.988,11.27,90.0,47.0,12.0
1787958709.0,45.17,1462.5,4,0.720,0.726,0.9917,87.35346692957695,True,False,D,False,80.3,13.76,109550,4.94994,95.29,2.963,11.27,90.0,52.0,12.0
1787958709.2,45.48,1477.2,4,0.730,0.726,1.0055,87.32712065053325,True,False,D,False,80.3,13.76,109550,4.95266,95.29,2.988,11.28,90.0,54.0,12.0
1787958709.4,45.21,1488.8,4,0.730,0.726,1.0055,86.41713700566454,True,False,D,False,80.3,13.76,109550,4.95500,95.29,3.039,11.28,90.0,55.0,12.0
1787958709.6,45.42,1497.2,4,0.730,0.726,1.0055,86.59173180714178,True,False,D,False,80.3,13.76,109550,4.95734,95.29,3.120,11.28,90.0,56.0,12.0
1787958709.8,45.43,1503.8,4,0.730,0.726,1.0055,86.50556672694549,True,False,D,False,80.3,13.76,109550,4.96006,95.29,3.120,11.28,90.0,57.0,12.0
1787958710.0,45.31,1483.0,4,0.730,0.726,1.0055,87.74944886780217,True,False,D,False,80.3,13.76,109550,4.96240,95.29,3.230,11.28,90.0,54.0,0.0
1787958710.2,45.54,1354.0,4,0.730,0.726,1.0055,96.73980724697373,True,False,D,False,80.3,13.76,109550,4.96512,95.29,0.857,11.29,90.0,38.0,0.0
1787958710.4,45.50,1256.0,4,0.730,0.726,1.0055,100,True,False,D,False,80.3,13.72,109550,4.96746,95.29,0.870,11.30,90.0,38.0,0.0
1787958710.6,45.21,1176.5,4,0.730,0.726,1.0055,100,True,False,D,False,80.3,13.72,109550,4.97019,95.29,0.870,11.30,90.0,30.0,0.0
1787958710.8,44.94,1067.2,4,0.730,0.726,1.0055,100,True,False,D,False,80.3,13.72,109550,4.97252,95.29,0.828,11.31,90.0,25.0,0.0
1787958711.0,44.55,964.8,4,0.730,0.726,1.0055,100,True,False,D,False,80.3,13.72,109550,4.97486,95.29,1.286,11.31,90.0,27.0,0.0
1787958711.2,44.67,952.0,4,0.730,0.726,1.0055,100,True,False,D,False,80.3,13.72,109550,4.97758,95.29,1.040,11.32,90.0,28.0,0.0
1787958711.4,44.42,941.8,4,0.730,0.726,1.0055,100,True,False,D,False,80.3,13.72,109550,4.97992,95.29,0.904,11.32,90.0,28.0,0.0
1787958711.6,44.28,927.0,4,0.730,0.726,1.0055,100,True,False,D,False,80.3,13.72,109550,4.98226,95.29,0.891,11.33,90.0,28.0,0.0
1787958711.9,44.06,909.0,4,0.730,0.726,1.0055,100,True,False,D,False,80.3,13.72,109550,4.98576,95.29,0.904,11.34,90.0,28.0,0.0
1787958712.1,43.95,887.2,4,0.730,0.726,1.0055,100,True,False,D,False,80.3,13.72,109550,4.98810,95.29,0.870,11.34,90.0,28.0,0.0
1787958712.3,43.49,873.2,4,0.720,0.726,0.9917,100,True,False,D,False,80.3,13.72,109550,4.99043,95.29,0.857,11.35,90.0,27.0,0.0
1787958712.5,43.06,855.0,4,0.730,0.726,1.0055,100,True,False,D,False,80.3,13.72,109550,4.99277,95.29,0.849,11.35,90.0,27.0,0.0
1787958712.7,43.12,850.2,4,0.730,0.726,1.0055,100,True,False,D,False,81.2,13.72,109550,4.99511,95.29,0.870,11.36,90.0,28.0,0.0
1787958712.9,42.96,866.2,4,0.730,0.726,1.0055,100,True,False,D,False,81.2,13.72,109550,4.99744,95.29,0.836,11.36,90.0,28.0,0.0
1787958713.1,42.74,869.8,4,0.720,0.726,0.9917,100,True,False,D,False,81.2,13.72,109550,4.99978,95.29,0.815,11.37,90.0,28.0,0.0
1787958713.3,42.61,864.5,4,0.730,0.726,1.0055,100,True,False,D,False,81.2,13.72,109550,5.00250,94.90,0.836,11.38,90.0,27.0,0.0
1787958713.5,42.47,840.8,4,0.730,0.726,1.0055,100,True,False,D,False,81.2,13.62,109550,5.00484,95.29,0.857,11.38,90.0,28.0,0.0
1787958713.7,42.08,845.0,4,0.730,0.726,1.0055,100,True,False,D,False,81.2,13.62,109550,5.00718,95.29,0.870,11.39,90.0,28.0,0.0
1787958713.9,42.04,840.2,4,0.730,0.726,1.0055,100,True,False,D,False,81.2,13.62,109550,5.00951,95.29,0.870,11.39,90.0,28.0,0.0
1787958714.1,41.96,844.8,4,0.720,0.726,0.9917,100,True,False,D,False,81.2,13.62,109550,5.01185,95.29,0.857,11.40,90.0,28.0,0.0
1787958714.3,41.53,833.8,4,0.730,0.726,1.0055,100,True,False,D,False,81.2,13.62,109550,5.01380,95.29,0.870,11.40,90.0,29.0,0.0
1787958714.5,41.63,818.5,4,0.730,0.726,1.0055,100,True,False,D,False,81.2,13.62,109550,5.01730,95.29,0.891,11.41,90.0,29.0,0.0
1787958714.7,41.15,820.5,4,0.730,0.726,1.0055,100,True,False,D,False,81.2,13.62,109550,5.01964,95.29,0.857,11.41,90.0,30.0,0.0
1787958714.9,40.49,818.8,4,0.730,0.726,1.0055,100,True,False,D,False,81.2,13.62,109550,5.02197,95.29,0.904,11.42,90.0,30.0,0.0
1787958715.1,40.28,825.0,4,0.730,0.726,1.0055,100,True,False,D,False,81.2,13.62,109550,5.02431,95.29,0.904,11.42,90.0,30.0,0.0
1787958715.3,39.92,841.2,4,0.730,0.726,1.0055,100,True,False,D,False,81.2,13.62,109550,5.02626,95.29,0.870,11.43,90.0,30.0,0.0
1787958715.5,39.05,831.8,4,0.730,0.726,1.0055,100,True,False,D,False,81.2,13.62,109550,5.02859,95.29,0.836,11.43,90.0,30.0,0.0
1787958715.7,38.23,808.2,4,0.730,0.726,1.0055,100,True,False,D,False,81.2,13.62,109550,5.03093,95.29,0.879,11.44,90.0,30.0,0.0
1787958715.9,37.07,802.8,4,0.730,0.726,1.0055,100,True,False,D,False,81.2,13.62,109550,5.03288,94.12,0.870,11.44,90.0,30.0,0.0
1787958716.1,36.19,793.5,4,0.730,0.726,1.0055,100,True,False,D,False,81.2,13.62,109550,5.03482,93.73,0.849,11.45,90.0,30.0,0.0
1787958716.3,35.10,777.5,4,0.720,0.726,0.9917,100,True,False,D,False,81.2,13.62,109550,5.03677,93.73,0.857,11.45,90.0,31.0,0.0
1787958716.5,33.98,775.0,4,0.730,0.726,1.0055,100,True,False,D,False,81.2,13.72,109550,5.03872,93.73,0.879,11.46,90.0,31.0,0.0
1787958716.7,32.89,772.5,4,0.730,0.726,1.0055,100,True,False,D,False,81.2,13.72,109550,5.04066,92.94,0.836,11.46,90.0,31.0,0.0
1787958716.9,31.62,764.5,4,0.730,0.726,1.0055,100,True,False,D,False,81.2,13.72,109550,5.04222,94.12,0.849,11.47,90.0,32.0,0.0
1787958717.1,30.35,759.2,4,0.730,0.726,1.0055,100,True,False,D,False,81.2,13.72,109550,5.04417,95.29,0.857,11.47,90.0,32.0,0.0
1787958717.3,29.21,756.8,4,0.730,0.726,1.0055,96.9411889642654,True,False,D,False,81.2,13.72,109550,5.04573,92.94,0.857,11.47,90.0,32.0,0.0
1787958717.5,27.62,741.8,4,0.730,0.726,1.0055,93.50202146409569,True,False,D,False,81.2,13.72,109550,5.04728,92.94,0.836,11.48,90.0,32.0,0.0
1787958717.7,26.30,729.8,4,0.730,0.726,1.0055,90.51469313731033,True,False,D,False,81.2,13.72,109550,5.04884,94.12,0.836,11.48,90.0,32.0,0.0
1787958718.0,24.84,723.5,3,0.730,1.000,0.7300,89.85178279839008,False,False,D,True,81.2,13.72,109550,5.05040,93.73,0.836,11.48,90.0,33.0,0.0
1787958718.2,23.66,715.5,3,0.750,1.000,0.7500,89.85178279839008,False,False,D,True,81.2,13.72,109550,5.05157,92.94,0.836,11.49,90.0,33.0,0.0
1787958718.4,22.51,716.8,3,0.810,1.000,0.8100,89.85178279839008,False,False,D,True,81.2,13.72,109550,5.05313,93.73,0.938,11.49,90.0,34.0,0.0
1787958718.6,21.03,730.2,3,0.910,1.000,0.9100,89.85178279839008,False,False,D,True,81.2,13.72,109550,5.05429,93.73,0.836,11.49,90.0,34.0,0.0
1787958718.8,19.59,750.0,3,1.010,1.000,1.0100,0,False,False,D,True,81.2,13.72,109550,5.05546,92.94,0.815,11.50,90.0,34.0,0.0
1787958719.0,18.55,734.0,3,1.010,1.000,1.0100,0,False,False,D,True,81.2,13.72,109550,5.05663,92.94,0.794,11.50,90.0,34.0,0.0
1787958719.2,17.29,718.2,3,1.030,1.000,1.0300,0,False,False,D,True,81.2,13.72,109550,5.05741,93.73,0.836,11.50,90.0,33.0,0.0
1787958719.4,15.95,695.2,3,1.000,1.000,1.0000,0,False,False,D,True,81.2,13.72,109550,5.05858,92.94,1.596,11.50,90.0,34.0,0.0
1787958719.6,14.69,719.8,3,1.010,1.000,1.0100,0,False,False,D,False,81.2,13.72,109550,5.05936,92.16,1.706,11.50,90.0,42.0,0.0
1787958719.8,13.37,744.2,3,0.990,1.000,0.9900,0,False,False,D,False,81.2,13.78,109550,5.06013,91.76,1.091,11.51,90.0,45.0,0.0
1787958720.0,12.07,735.8,3,1.010,1.000,1.0100,0,False,False,D,False,81.2,13.78,109550,5.06091,91.76,1.256,11.51,90.0,45.0,0.0
1787958720.2,10.63,751.0,1,0.960,2.816,0.3409,0,False,False,D,True,81.2,13.78,109550,5.06169,86.27,1.401,11.51,90.0,47.0,0.0
1787958720.4,9.74,727.2,1,0.970,2.816,0.3445,0,False,False,D,True,81.2,13.78,109550,5.06208,89.02,1.299,11.51,90.0,47.0,0.0
1787958720.6,9.61,743.2,1,0.990,2.816,0.3516,0,False,False,D,True,81.2,13.78,109550,5.06286,92.16,1.689,11.51,90.0,51.0,0.0
1787958720.8,9.48,769.5,1,1.100,2.816,0.3906,0,False,False,D,True,81.2,13.78,109550,5.06325,92.94,1.481,11.51,90.0,53.0,0.0
1787958721.0,9.40,792.0,1,1.480,2.816,0.5256,0,False,False,D,True,81.2,13.78,109550,5.06403,90.20,1.528,11.51,90.0,53.0,0.0
1787958721.2,9.26,804.0,1,1.740,2.816,0.6179,0,False,False,D,True,81.2,13.78,109550,5.06442,83.53,1.431,11.51,90.0,53.0,0.0
1787958721.4,9.07,824.0,1,1.980,2.816,0.7031,0,False,False,D,True,81.2,13.78,109550,5.06520,93.73,1.431,11.51,90.0,51.0,0.0
1787958721.6,8.80,809.2,1,2.130,2.816,0.7564,0,False,False,D,True,81.2,13.78,109550,5.06559,91.76,1.227,11.50,90.0,48.0,0.0
1787958721.8,8.31,799.8,1,2.230,2.816,0.7919,0,False,False,D,True,81.2,13.78,109550,5.06597,86.27,1.189,11.50,90.0,46.0,0.0
1787958722.0,8.15,779.8,1,2.310,2.816,0.8203,0,False,False,D,True,81.2,13.78,109550,5.06675,89.02,1.201,11.50,90.0,46.0,0.0
1787958722.2,7.82,780.8,1,2.360,2.816,0.8381,0,False,False,D,True,81.2,13.78,109550,5.06714,91.76,0.964,11.50,90.0,45.0,0.0
1787958722.4,7.58,776.5,1,2.440,2.816,0.8665,0,False,False,D,True,81.2,13.78,109550,5.06753,92.94,0.891,11.50,90.0,41.0,0.0
1787958722.6,7.18,763.5,1,2.490,2.816,0.8842,0,False,False,D,True,81.2,13.78,109550,5.06792,92.94,0.836,11.50,90.0,38.0,0.0
1787958722.8,7.08,763.8,1,2.590,2.816,0.9197,0,False,False,D,False,81.2,13.71,109550,5.06831,92.94,0.849,11.50,90.0,37.0,0.0
1787958723.0,6.64,765.8,1,2.570,2.816,0.9126,0,False,False,D,False,81.2,13.71,109550,5.06870,90.20,1.146,11.50,90.0,39.0,0.0
1787958723.2,6.77,786.0,1,2.770,2.816,0.9837,0,False,False,D,False,81.2,13.71,109550,5.06909,94.12,1.358,11.50,90.0,41.0,0.0
1787958723.4,6.76,800.0,1,2.810,2.816,0.9979,0,False,False,D,False,81.2,13.71,109550,5.06948,95.29,1.027,11.50,90.0,40.0,0.0
1787958723.6,6.87,797.8,1,2.810,2.816,0.9979,0,False,False,D,False,81.2,13.71,109550,5.06987,95.29,1.002,11.50,90.0,40.0,0.0
1787958723.8,6.92,800.0,1,2.810,2.816,0.9979,0,False,False,D,False,81.2,13.71,109550,5.07026,94.12,0.976,11.50,90.0,37.0,0.0
1787958724.1,6.96,797.5,1,2.820,2.816,1.0014,0,False,False,D,False,81.2,13.71,109550,5.07065,95.29,0.989,11.50,90.0,37.0,0.0
1787958724.3,6.95,792.5,1,2.820,2.816,1.0014,0,False,False,D,False,81.2,13.71,109550,5.07104,95.29,0.964,11.50,90.0,36.0,0.0
1787958724.5,7.06,788.2,1,2.800,2.816,0.9943,0,False,False,D,False,81.2,13.71,109550,5.07143,92.16,1.002,11.50,90.0,36.0,0.0
1787958724.7,7.30,791.8,1,2.790,2.816,0.9908,0,False,False,D,False,81.2,13.71,109550,5.07182,95.29,0.976,11.50,90.0,36.0,0.0
1787958724.9,7.53,795.5,1,2.730,2.816,0.9695,0,False,False,D,False,81.2,13.74,109550,5.07221,95.29,0.989,11.50,90.0,36.0,0.0
1787958725.1,7.75,799.0,1,2.640,2.816,0.9375,0,False,False,D,False,81.2,13.74,109550,5.07259,95.29,0.976,11.49,91.0,36.0,0.0
1787958725.3,8.02,794.8,1,2.570,2.816,0.9126,0,False,False,D,False,81.2,13.74,109550,5.07298,95.29,0.976,11.49,90.0,36.0,0.0
1787958725.5,8.26,792.2,1,2.510,2.816,0.8913,0,False,False,D,False,81.2,13.74,109550,5.07376,91.76,0.964,11.49,91.0,36.0,0.0
1787958725.7,8.62,790.0,1,2.410,2.816,0.8558,0,False,False,D,False,81.2,13.74,109550,5.07415,92.94,1.002,11.49,90.0,36.0,0.0
1787958725.9,9.02,796.0,1,2.280,2.816,0.8097,0,False,False,D,False,81.2,13.75,109550,5.07454,95.29,0.870,11.49,91.0,36.0,0.0
1787958726.1,9.60,792.8,1,2.170,2.816,0.7706,0,False,False,D,False,81.2,13.75,109550,5.07493,95.29,0.794,11.49,91.0,34.0,0.0
1787958726.3,9.99,785.5,1,2.050,2.816,0.7280,0,False,False,D,False,81.2,13.75,109550,5.07571,95.29,0.849,11.49,91.0,34.0,0.0
1787958726.5,10.68,791.0,1,1.900,2.816,0.6747,0,False,False,D,False,81.2,13.75,109550,5.07649,95.29,1.159,11.50,91.0,34.0,0.0
1787958726.7,11.23,800.5,1,1.820,2.816,0.6463,0,False,False,D,False,81.2,13.75,109550,5.07688,92.94,0.989,11.50,91.0,36.0,0.0
1787958726.9,11.69,802.2,1,1.770,2.816,0.6286,0,False,False,D,False,81.2,13.75,109550,5.07766,95.29,1.299,11.50,91.0,37.0,0.0
1787958727.1,12.16,807.0,1,1.690,2.816,0.6001,0,False,False,D,False,81.2,13.75,109550,5.07844,95.29,1.388,11.50,91.0,39.0,0.0
1787958727.3,12.81,797.8,1,1.610,2.816,0.5717,0,False,False,D,False,81.2,13.75,109550,5.07882,95.29,1.498,11.50,91.0,42.0,0.0
1787958727.5,13.11,812.8,1,1.550,2.816,0.5504,0,False,False,D,False,81.2,13.75,109550,5.07960,95.29,1.244,11.50,91.0,42.0,0.0
1787958727.7,13.63,811.8,1,1.490,2.816,0.5291,0,False,False,D,False,81.2,13.75,109550,5.08038,95.29,1.269,11.50,91.0,43.0,0.0
1787958727.9,14.14,824.5,2,1.460,1.498,0.9746,0,False,False,D,True,81.2,13.75,109550,5.08116,95.29,1.244,11.51,91.0,42.0,0.0
1787958728.1,14.52,815.2,2,1.430,1.498,0.9546,0,False,False,D,True,81.2,13.75,109550,5.08194,95.29,1.172,11.51,91.0,42.0,0.0
1787958728.3,14.89,827.8,2,1.420,1.498,0.9479,0,False,False,D,True,81.2,13.75,109550,5.08272,95.29,1.133,11.51,91.0,41.0,0.0
1787958728.5,14.89,815.8,2,1.490,1.498,0.9947,0,False,False,D,False,81.2,13.75,109550,5.08350,95.29,1.078,11.51,91.0,41.0,0.0
1787958728.7,15.18,799.2,2,1.500,1.498,1.0013,0,False,False,D,False,81.2,13.75,109550,5.08544,95.29,0.976,11.52,91.0,40.0,0.0
1787958728.9,15.09,792.5,2,1.500,1.498,1.0013,0,False,False,D,False,81.2,13.76,109550,5.08622,95.29,0.951,11.52,91.0,38.0,0.0
1787958729.1,15.38,795.0,2,1.500,1.498,1.0013,0,False,False,D,False,81.2,13.76,109550,5.08700,95.29,1.015,11.52,91.0,38.0,0.0
1787958729.3,15.20,802.5,2,1.500,1.498,1.0013,0,False,False,D,False,81.2,13.76,109550,5.08778,95.29,0.989,11.52,91.0,37.0,0.0
1787958729.5,15.17,799.0,2,1.500,1.498,1.0013,0,False,False,D,False,81.2,13.76,109550,5.08856,95.29,0.989,11.52,91.0,37.0,0.0
1787958729.7,14.93,817.0,2,1.490,1.498,0.9947,0,False,False,D,False,81.2,13.76,109550,5.08973,95.29,1.015,11.53,91.0,36.0,0.0
1787958730.0,14.99,821.2,2,1.500,1.498,1.0013,0,False,False,D,False,81.2,13.76,109550,5.09051,95.29,0.976,11.53,91.0,36.0,0.0
1787958730.2,14.73,824.2,2,1.500,1.498,1.0013,0,False,False,D,False,81.2,13.76,109550,5.09129,95.29,0.976,11.53,91.0,36.0,0.0
1787958730.4,14.70,828.2,2,1.500,1.498,1.0013,0,False,False,D,False,81.2,13.76,109550,5.09206,95.29,1.040,11.53,91.0,35.0,0.0
1787958730.6,14.54,817.5,2,1.500,1.498,1.0013,0,False,False,D,False,81.2,13.76,109550,5.09284,95.29,1.002,11.53,91.0,35.0,0.0
1787958730.8,14.48,813.5,2,1.490,1.498,0.9947,0,False,False,D,False,81.2,13.76,109550,5.09362,95.29,0.879,11.53,91.0,34.0,0.0
1787958731.0,14.36,801.0,2,1.500,1.498,1.0013,0,False,False,D,False,81.2,13.76,109550,5.09440,95.29,0.828,11.54,91.0,33.0,0.0
1787958731.2,14.28,795.5,2,1.490,1.498,0.9947,0,False,False,D,False,81.2,13.76,109550,5.09518,95.29,0.857,11.54,91.0,33.0,0.0
1787958731.4,14.24,788.0,2,1.500,1.498,1.0013,0,False,False,D,False,81.2,13.76,109550,5.09596,95.29,1.511,11.54,91.0,33.0,0.0
1787958731.6,14.09,823.5,2,1.500,1.498,1.0013,0,False,False,D,False,81.2,13.76,109550,5.09674,95.29,1.027,11.54,91.0,38.0,0.0
1787958731.8,13.97,783.0,2,1.500,1.498,1.0013,0,False,False,D,False,81.2,13.76,109550,5.09752,95.29,1.040,11.54,91.0,38.0,0.0
1787958732.0,13.86,775.5,2,1.500,1.498,1.0013,0,False,False,D,False,81.2,13.74,109550,5.09829,95.29,0.870,11.54,91.0,37.0,0.0
1787958732.2,13.90,772.5,2,1.500,1.498,1.0013,0,False,False,D,False,81.2,13.74,109550,5.09907,95.29,1.286,11.55,91.0,36.0,0.0
1787958732.4,13.57,792.5,2,1.500,1.498,1.0013,0,False,False,D,False,81.2,13.74,109550,5.09985,95.29,1.002,11.55,91.0,37.0,0.0
1787958732.6,13.43,792.2,2,1.500,1.498,1.0013,0,False,False,D,False,81.2,13.74,109550,5.10102,95.29,0.976,11.55,91.0,37.0,0.0
1787958732.8,13.50,792.5,2,1.500,1.498,1.0013,0,False,False,D,False,81.2,13.74,109550,5.10180,95.29,1.002,11.55,91.0,36.0,0.0
1787958733.0,13.42,786.8,2,1.490,1.498,0.9947,0,False,False,D,False,81.2,13.74,109550,5.10258,95.29,1.015,11.55,91.0,39.0,0.0
1787958733.2,13.37,829.2,2,1.500,1.498,1.0013,0,False,False,D,False,81.2,13.74,109550,5.10336,95.29,1.015,11.56,91.0,42.0,0.0
1787958733.4,13.41,791.2,2,1.490,1.498,0.9947,0,False,False,D,False,81.2,13.74,109550,5.10413,95.29,1.214,11.56,91.0,41.0,0.0
1787958733.6,13.30,788.2,2,1.500,1.498,1.0013,0,False,False,D,False,81.2,13.74,109550,5.10491,92.94,1.545,11.56,91.0,41.0,0.0
1787958733.8,13.02,790.8,2,1.500,1.498,1.0013,0,False,False,D,False,81.2,13.65,109550,5.10530,92.94,1.448,11.56,91.0,45.0,0.0
1787958734.0,12.93,790.8,2,1.500,1.498,1.0013,0,False,False,D,False,81.2,13.65,109550,5.10608,95.29,1.596,11.56,91.0,47.0,0.0
1787958734.2,12.98,794.0,2,1.500,1.498,1.0013,0,False,False,D,False,81.2,13.65,109550,5.10686,91.76,1.401,11.56,91.0,48.0,0.0
1787958734.4,12.83,793.5,2,1.500,1.498,1.0013,0,False,False,D,False,81.2,13.65,109550,5.10764,93.73,1.371,11.57,91.0,47.0,0.0
1787958734.6,12.54,781.2,2,1.510,1.498,1.0080,0,False,False,D,False,81.2,13.65,109550,5.10842,91.76,1.244,11.57,91.0,47.0,0.0
1787958734.8,11.98,802.5,2,1.500,1.498,1.0013,0,False,False,D,False,81.2,13.65,109550,5.10920,91.76,1.800,11.57,91.0,51.0,0.0
1787958735.0,11.18,788.0,1,1.500,2.816,0.5327,0,False,False,D,True,81.2,13.65,109550,5.10959,92.16,2.033,11.57,91.0,53.0,0.0
1787958735.2,10.14,791.2,1,1.510,2.816,0.5362,0,False,False,D,True,81.2,13.36,109550,5.11037,90.59,1.651,11.57,91.0,53.0,0.0
1787958735.4,9.17,788.0,1,1.670,2.816,0.5930,0,False,False,D,True,81.2,13.36,109550,5.11075,95.29,1.617,11.57,91.0,55.0,0.0
1787958735.6,8.03,794.5,1,2.160,2.816,0.7670,0,False,False,D,True,81.2,13.36,109550,5.11114,94.12,1.401,11.57,91.0,54.0,0.0
1787958735.8,6.73,794.8,1,2.700,2.816,0.9588,0,False,False,D,True,81.2,13.36,109550,5.11192,90.59,1.256,11.57,91.0,51.0,0.0
1787958736.0,5.83,762.8,1,2.810,2.816,0.9979,0,False,False,D,False,81.2,13.36,109550,5.11231,94.12,1.341,11.57,91.0,49.0,0.0
1787958736.3,5.31,744.5,1,2.810,2.816,0.9979,0,False,False,D,False,81.2,13.36,109550,5.11231,95.29,1.817,11.57,91.0,52.0,0.0
1787958736.5,5.03,764.8,1,2.780,2.816,0.9872,0,False,False,D,False,81.2,13.36,109550,5.11270,95.29,1.448,11.56,91.0,54.0,0.0
1787958736.7,4.42,770.0,1,2.900,2.816,1.0298,0,False,False,D,False,81.2,13.36,109550,5.11309,95.29,1.448,11.56,91.0,54.0,0.0
1787958736.9,3.71,761.0,1,2.620,2.816,0.9304,0,False,False,D,False,81.2,13.36,109550,5.11309,95.29,1.448,11.56,91.0,53.0,0.0
1787958737.1,3.12,753.8,1,2.820,2.816,1.0014,0,False,False,D,False,81.2,13.36,109550,5.11348,89.02,1.464,11.56,91.0,53.0,0.0
1787958737.3,2.55,748.0,1,2.820,2.816,1.0014,0,False,False,D,False,81.2,13.36,109550,5.11348,95.29,1.481,11.56,91.0,53.0,0.0
1787958737.5,1.93,742.2,1,2.820,2.816,1.0014,0,False,False,D,False,81.2,13.36,109550,5.11387,95.29,1.448,11.56,91.0,53.0,0.0
1787958737.7,1.42,739.5,1,2.820,2.816,1.0014,0,False,False,D,False,81.2,13.36,109550,5.11387,95.29,1.418,11.55,91.0,54.0,0.0
1787958737.9,1.10,738.5,1,2.820,2.816,1.0014,0,False,False,D,False,81.2,13.36,109550,5.11387,93.73,1.448,11.55,91.0,54.0,0.0
1787958738.1,0.88,737.2,1,2.820,2.816,1.0014,0,False,False,D,False,81.2,13.36,109550,5.11387,94.12,1.464,11.55,91.0,54.0,0.0
1787958738.3,0.00,738.2,1,2.820,2.816,1.0014,0,False,False,D,False,81.2,13.73,109550,5.11426,95.29,1.431,11.55,91.0,54.0,0.0
1787958738.5,0.00,734.0,1,2.820,2.816,1.0014,0,False,False,D,False,81.2,13.73,109550,5.11426,95.29,1.401,11.55,91.0,53.0,0.0
1787958738.7,0.00,726.2,1,2.820,2.816,1.0014,0,False,False,D,False,81.2,13.73,109550,5.11426,92.94,1.418,11.54,91.0,53.0,0.0
1787958738.9,0.00,724.8,0,0.260,0.000,0.0000,0,False,False,--,False,81.2,13.73,109550,5.11426,95.29,1.388,11.54,91.0,53.0,0.0
1787958739.1,0.00,718.5,0,2.820,0.000,0.0000,0,False,False,R,False,81.2,13.73,109550,5.11426,95.29,1.388,11.54,91.0,53.0,0.0
1787958739.3,0.00,717.5,0,2.820,0.000,0.0000,0,False,False,R,False,81.2,13.73,109550,5.11426,95.29,1.371,11.54,91.0,53.0,0.0
1787958739.5,0.00,734.0,0,2.820,0.000,0.0000,0,False,False,R,False,81.2,13.73,109550,5.11426,95.29,1.312,11.54,91.0,52.0,0.0
1787958739.7,0.00,735.2,0,2.820,0.000,0.0000,0,False,False,R,False,81.2,13.73,109550,5.11426,95.29,1.634,11.53,91.0,54.0,0.0
1787958739.9,0.00,687.8,0,2.820,0.000,0.0000,0,False,False,R,False,81.2,13.73,109550,5.11426,95.29,1.545,11.53,91.0,54.0,0.0
1787958740.1,0.00,674.8,0,2.820,0.000,0.0000,0,False,False,R,False,81.2,13.73,109550,5.11426,95.29,2.386,11.53,91.0,62.0,0.0
1787958740.3,0.00,715.0,0,2.820,0.000,0.0000,0,False,False,R,False,81.2,13.73,109550,5.11426,94.12,1.634,11.53,91.0,64.0,0.0
1787958740.5,0.89,728.5,0,2.820,0.000,0.0000,0,False,False,R,False,81.2,13.73,109550,5.11426,95.29,3.286,11.52,91.0,68.0,0.0
1787958740.7,1.19,786.8,0,2.820,0.000,0.0000,0,False,False,R,False,81.2,13.73,109550,5.11426,95.29,3.286,11.52,91.0,68.0,0.0
1787958740.9,1.42,823.0,0,2.820,0.000,0.0000,0,False,False,R,False,81.2,13.73,109550,5.11426,92.16,1.617,11.51,91.0,64.0,0.0
1787958741.1,1.63,810.8,0,2.820,0.000,0.0000,0,False,False,R,False,81.2,13.73,109550,5.11426,95.29,1.146,11.51,91.0,57.0,0.0
1787958741.3,1.89,764.8,0,2.820,0.000,0.0000,0,False,False,R,False,81.2,13.87,109550,5.11426,95.29,1.227,11.51,91.0,53.0,0.0
1787958741.5,2.18,807.5,0,2.820,0.000,0.0000,0,False,False,R,False,81.2,13.87,109550,5.11465,95.29,1.783,11.51,91.0,58.0,0.0
1787958741.7,2.43,787.2,0,2.820,0.000,0.0000,0,False,False,R,False,81.2,13.87,109550,5.11465,95.29,1.481,11.51,91.0,57.0,0.0
1787958741.9,2.67,783.0,0,2.820,0.000,0.0000,0,False,False,R,False,81.2,13.87,109550,5.11465,95.29,1.388,11.50,91.0,56.0,0.0
1787958742.1,2.95,779.0,0,2.820,0.000,0.0000,0,False,False,R,False,81.2,13.87,109550,5.11504,95.29,1.159,11.50,91.0,51.0,0.0
1787958742.3,3.24,764.5,0,2.820,0.000,0.0000,0,False,False,R,False,81.2,13.87,109550,5.11504,95.29,1.146,11.50,91.0,48.0,0.0
1787958742.5,3.42,752.8,0,2.820,0.000,0.0000,0,False,False,R,False,81.2,13.87,109550,5.11543,95.29,2.016,11.50,91.0,51.0,0.0
1787958742.8,3.38,792.0,0,2.820,0.000,0.0000,0,False,False,R,False,81.2,13.87,109550,5.11543,95.29,1.579,11.50,91.0,55.0,0.0
1787958743.0,3.20,791.0,0,2.820,0.000,0.0000,0,False,False,R,False,81.2,13.87,109550,5.11582,95.29,1.689,11.49,91.0,55.0,0.0
1787958743.2,2.90,791.0,0,2.820,0.000,0.0000,0,False,False,R,False,81.2,13.87,109550,5.11582,95.29,1.498,11.49,91.0,55.0,0.0
1787958743.4,2.58,792.0,0,2.820,0.000,0.0000,0,False,False,R,False,81.2,13.87,109550,5.11621,95.29,1.545,11.49,91.0,54.0,0.0
1787958743.6,2.29,751.2,0,2.820,0.000,0.0000,0,False,False,R,False,81.2,13.87,109550,5.11621,95.29,1.817,11.49,91.0,54.0,0.0
1787958743.8,1.90,766.0,0,2.820,0.000,0.0000,0,False,False,R,False,81.2,13.87,109550,5.11621,95.29,1.817,11.49,91.0,56.0,0.0
1787958744.0,1.58,788.2,0,2.820,0.000,0.0000,0,False,False,R,False,81.2,13.87,109550,5.11660,95.29,1.562,11.48,91.0,56.0,0.0
1787958744.2,1.47,809.5,0,2.820,0.000,0.0000,0,False,False,R,False,81.2,13.87,109550,5.11660,95.29,1.562,11.48,91.0,55.0,0.0
1787958744.4,1.60,797.2,0,2.820,0.000,0.0000,0,False,False,R,False,81.2,13.76,109550,5.11660,94.12,1.528,11.48,91.0,55.0,0.0
1787958744.6,1.78,796.8,0,2.820,0.000,0.0000,0,False,False,R,False,81.2,13.76,109550,5.11660,93.73,1.498,11.48,91.0,54.0,0.0
1787958744.8,1.98,796.8,0,2.820,0.000,0.0000,0,False,False,R,False,81.2,13.76,109550,5.11698,95.29,1.528,11.48,91.0,53.0,0.0
1787958745.0,2.16,794.0,0,2.820,0.000,0.0000,0,False,False,R,False,81.2,13.76,109550,5.11698,95.29,1.528,11.47,91.0,53.0,0.0
1787958745.2,2.22,791.8,0,2.820,0.000,0.0000,0,False,False,R,False,81.2,13.76,109550,5.11698,93.73,1.545,11.47,91.0,53.0,0.0
1787958745.4,2.20,798.0,0,2.820,0.000,0.0000,0,False,False,R,False,81.2,13.76,109550,5.11737,95.29,1.481,11.47,91.0,53.0,0.0
1787958745.6,2.11,797.0,0,2.820,0.000,0.0000,0,False,False,R,False,81.2,13.76,109550,5.11737,95.29,1.545,11.47,91.0,53.0,0.0
1787958745.8,2.01,796.5,0,2.820,0.000,0.0000,0,False,False,R,False,81.2,13.76,109550,5.11737,95.29,1.528,11.47,91.0,53.0,0.0
1787958746.0,1.90,793.8,0,2.820,0.000,0.0000,0,False,False,R,False,81.2,13.76,109550,5.11776,95.29,1.511,11.47,91.0,53.0,0.0
1787958746.2,1.77,790.5,0,2.820,0.000,0.0000,0,False,False,R,False,81.2,13.76,109550,5.11776,95.29,1.511,11.46,91.0,53.0,0.0
1787958746.4,1.56,782.8,0,2.820,0.000,0.0000,0,False,False,R,False,81.2,13.76,109550,5.11776,95.29,1.511,11.46,91.0,53.0,0.0
1787958746.6,1.33,796.8,0,2.820,0.000,0.0000,0,False,False,R,False,81.2,13.76,109550,5.11815,95.29,1.528,11.46,91.0,53.0,0.0
1787958746.8,1.13,771.2,0,2.820,0.000,0.0000,0,False,False,R,False,81.2,13.76,109550,5.11815,95.29,1.133,11.46,91.0,51.0,0.0
1787958747.0,0.68,764.5,0,2.820,0.000,0.0000,0,False,False,R,False,81.2,13.76,109550,5.11815,95.29,1.244,11.46,91.0,49.0,0.0
1787958747.2,0.19,763.2,0,2.820,0.000,0.0000,0,False,False,R,False,81.2,13.76,109550,5.11815,95.29,1.091,11.45,91.0,48.0,0.0
1787958747.4,0.20,756.8,0,2.820,0.000,0.0000,0,False,False,R,False,81.2,13.76,109550,5.11815,95.29,1.121,11.45,91.0,47.0,0.0
1787958747.6,0.47,764.2,0,2.820,0.000,0.0000,0,False,False,R,False,81.2,13.76,109550,5.11815,95.29,1.121,11.45,91.0,46.0,0.0
1787958747.8,0.42,766.2,0,2.820,0.000,0.0000,0,False,False,R,False,81.2,13.76,109550,5.11815,95.29,1.121,11.45,91.0,46.0,0.0
1787958748.0,0.00,767.8,0,2.820,0.000,0.0000,0,False,False,R,False,81.2,13.76,109550,5.11815,95.29,1.121,11.45,91.0,45.0,0.0
1787958748.2,0.00,766.5,0,2.820,0.000,0.0000,0,False,False,R,False,81.2,13.76,109550,5.11815,95.29,1.078,11.45,91.0,44.0,0.0
1787958748.4,0.00,768.5,0,2.820,0.000,0.0000,0,False,False,R,False,81.2,13.76,109550,5.11815,95.29,1.065,11.45,91.0,43.0,0.0
1787958748.6,0.00,766.8,1,2.820,2.816,1.0014,0,False,False,D,False,81.2,13.76,109550,5.11815,95.29,1.078,11.44,91.0,42.0,0.0
1787958748.9,0.00,759.0,1,2.820,2.816,1.0014,0,False,False,D,False,81.2,13.76,109550,5.11815,93.73,1.961,11.44,91.0,42.0,0.0
1787958749.1,0.00,827.2,1,2.820,2.816,1.0014,0,False,False,D,False,81.2,13.76,109550,5.11815,95.29,1.545,11.44,91.0,46.0,0.0
1787958749.3,0.00,816.2,1,2.820,2.816,1.0014,0,False,False,D,False,81.2,13.76,109550,5.11815,95.29,1.146,11.44,91.0,46.0,0.0
1787958749.5,0.00,769.8,1,2.820,2.816,1.0014,0,False,False,D,False,81.2,13.76,109550,5.11815,95.29,2.173,11.43,91.0,52.0,0.0
1787958749.7,0.80,806.2,1,2.820,2.816,1.0014,0,False,False,D,False,81.2,13.76,109550,5.11815,95.29,1.286,11.43,91.0,55.0,0.0
1787958749.9,1.51,787.2,1,2.820,2.816,1.0014,0,False,False,D,False,81.2,13.76,109550,5.11815,95.29,1.341,11.43,91.0,53.0,0.0
1787958750.1,1.99,772.8,1,2.820,2.816,1.0014,0,False,False,D,False,81.2,13.76,109550,5.11854,95.29,1.299,11.43,91.0,50.0,0.0
1787958750.3,2.34,770.0,1,2.820,2.816,1.0014,0,False,False,D,False,81.2,13.76,109550,5.11854,94.12,2.653,11.43,91.0,50.0,0.0
1787958750.5,2.51,788.5,1,2.820,2.816,1.0014,0,False,False,D,False,81.2,13.76,109550,5.11854,95.29,1.634,11.42,91.0,53.0,0.0
1787958750.7,2.52,787.8,1,2.820,2.816,1.0014,0,False,False,D,False,81.2,13.77,109550,5.11893,95.29,1.579,11.42,91.0,53.0,0.0
1787958750.9,2.42,783.2,1,2.820,2.816,1.0014,0,False,False,D,False,81.2,13.77,109550,5.11893,95.29,1.617,11.42,91.0,53.0,0.0
1787958751.1,2.25,781.8,1,2.820,2.816,1.0014,0,False,False,D,False,81.2,13.77,109550,5.11893,95.29,1.562,11.42,91.0,53.0,0.0
1787958751.3,2.11,781.2,1,2.820,2.816,1.0014,0,False,False,D,False,81.2,13.77,109550,5.11932,95.29,1.545,11.42,91.0,53.0,0.0
1787958751.5,1.99,762.8,1,2.820,2.816,1.0014,0,False,False,D,False,81.2,13.77,109550,5.11932,92.16,1.528,11.41,91.0,53.0,0.0
1787958751.7,1.94,788.5,1,2.820,2.816,1.0014,0,False,False,D,False,81.2,13.77,109550,5.11932,95.29,1.634,11.41,91.0,54.0,0.0
1787958751.9,2.37,802.0,1,2.820,2.816,1.0014,0,False,False,D,False,81.2,13.76,109550,5.11971,95.29,1.528,11.41,91.0,54.0,0.0
1787958752.1,2.46,772.5,1,2.820,2.816,1.0014,0,False,False,D,False,81.2,13.76,109550,5.11971,95.29,1.159,11.41,91.0,53.0,0.0
1787958752.3,2.26,764.5,1,2.820,2.816,1.0014,0,False,False,D,False,81.2,13.76,109550,5.12010,94.12,1.269,11.41,91.0,50.0,0.0
1787958752.5,1.97,765.0,1,2.820,2.816,1.0014,0,False,False,D,False,81.2,13.76,109550,5.12010,92.94,1.146,11.41,91.0,49.0,0.0
1787958752.7,1.61,763.8,1,2.820,2.816,1.0014,0,False,False,D,False,81.2,13.76,109550,5.12010,95.29,1.121,11.40,91.0,47.0,0.0
1787958752.9,1.18,761.0,1,2.820,2.816,1.0014,0,False,False,D,False,81.2,13.76,109550,5.12010,95.29,1.104,11.40,92.0,46.0,0.0
1787958753.1,0.41,757.8,1,2.820,2.816,1.0014,0,False,False,D,False,81.2,13.76,109550,5.12049,95.29,1.906,11.40,91.0,48.0,0.0
1787958753.3,0.00,800.0,1,2.820,2.816,1.0014,0,False,False,D,False,81.2,13.76,109550,5.12049,95.29,1.448,11.40,91.0,50.0,0.0
1787958753.5,0.00,761.5,1,2.820,2.816,1.0014,0,False,False,D,False,81.2,13.76,109550,5.12049,95.29,1.299,11.40,92.0,49.0,0.0
1787958753.7,0.00,752.8,3,0.260,1.000,0.2600,0,False,False,D,False,81.2,13.66,109550,5.12049,95.29,1.596,11.40,92.0,49.0,0.0
1787958753.9,0.00,754.5,0,2.820,0.000,0.0000,0,False,False,R,False,81.2,13.66,109550,5.12049,95.29,1.579,11.39,92.0,51.0,0.0
1787958754.1,0.00,756.0,0,2.820,0.000,0.0000,0,False,False,R,False,81.2,13.66,109550,5.12049,94.12,1.672,11.39,92.0,54.0,0.0
1787958754.3,0.00,790.2,0,2.820,0.000,0.0000,0,False,False,R,False,81.2,13.66,109550,5.12049,95.29,1.418,11.39,92.0,54.0,0.0
1787958754.5,0.00,841.8,0,2.820,0.000,0.0000,0,False,False,R,False,81.2,13.66,109550,5.12049,95.29,1.745,11.39,92.0,56.0,0.0
1787958754.7,0.00,773.2,0,2.820,0.000,0.0000,0,False,False,R,False,81.2,13.66,109550,5.12049,95.29,2.296,11.38,92.0,56.0,0.0
1787958755.0,0.42,797.2,0,2.820,0.000,0.0000,0,False,False,R,False,81.2,13.66,109550,5.12049,93.33,1.906,11.38,92.0,60.0,0.0
1787958755.2,1.21,800.0,0,2.820,0.000,0.0000,0,False,False,R,False,81.2,13.66,109550,5.12049,95.29,1.762,11.38,92.0,61.0,0.0
1787958755.4,1.58,811.5,0,2.820,0.000,0.0000,0,False,False,R,False,81.2,13.66,109550,5.12049,95.29,1.762,11.37,92.0,59.0,0.0
1787958755.6,1.90,813.5,0,2.820,0.000,0.0000,0,False,False,R,False,81.2,13.66,109550,5.12049,95.29,1.762,11.37,92.0,56.0,0.0
1787958755.8,2.20,785.5,0,2.820,0.000,0.0000,0,False,False,R,False,81.2,13.66,109550,5.12049,92.94,1.341,11.37,92.0,53.0,0.0
1787958756.0,2.44,777.5,0,2.820,0.000,0.0000,0,False,False,R,False,81.2,13.66,109550,5.12088,95.29,1.312,11.37,92.0,51.0,0.0
1787958756.2,2.71,775.2,0,2.820,0.000,0.0000,0,False,False,R,False,81.2,13.66,109550,5.12088,92.94,1.927,11.37,92.0,50.0,0.0
1787958756.4,3.00,805.0,0,2.820,0.000,0.0000,0,False,False,R,False,81.2,13.66,109550,5.12088,95.29,1.672,11.36,92.0,55.0,0.0
1787958756.6,3.22,747.8,0,2.820,0.000,0.0000,0,False,False,R,False,81.2,13.66,109550,5.12127,94.12,1.906,11.36,92.0,56.0,0.0
1787958756.8,3.37,755.8,0,2.820,0.000,0.0000,0,False,False,R,False,81.2,13.66,109550,5.12127,95.29,1.464,11.36,92.0,56.0,0.0
1787958757.0,3.33,758.8,0,2.820,0.000,0.0000,0,False,False,R,False,81.2,13.66,109550,5.12166,95.29,1.464,11.36,92.0,55.0,0.0
1787958757.2,3.12,750.2,0,2.820,0.000,0.0000,0,False,False,R,False,81.2,13.66,109550,5.12166,95.29,1.431,11.36,92.0,55.0,0.0
1787958757.4,2.87,751.2,0,2.820,0.000,0.0000,0,False,False,R,False,81.2,13.66,109550,5.12205,95.29,1.464,11.36,92.0,54.0,0.0
1787958757.6,2.56,754.2,0,2.820,0.000,0.0000,0,False,False,R,False,81.2,13.66,109550,5.12205,95.29,1.464,11.35,92.0,54.0,0.0
1787958757.8,2.30,760.2,0,2.820,0.000,0.0000,0,False,False,R,False,81.2,13.77,109550,5.12205,95.29,1.464,11.35,92.0,54.0,0.0
1787958758.0,2.18,757.0,0,2.820,0.000,0.0000,0,False,False,R,False,81.2,13.77,109550,5.12244,95.29,1.528,11.35,92.0,54.0,0.0
1787958758.2,2.17,756.8,0,2.820,0.000,0.0000,0,False,False,R,False,81.2,13.77,109550,5.12244,95.29,1.511,11.35,92.0,54.0,0.0
1787958758.4,2.21,756.2,0,2.820,0.000,0.0000,0,False,False,R,False,81.2,13.77,109550,5.12283,95.29,1.528,11.35,92.0,55.0,0.0
1787958758.6,2.21,751.2,0,2.820,0.000,0.0000,0,False,False,R,False,81.2,13.77,109550,5.12283,95.29,2.386,11.34,92.0,58.0,0.0
1787958758.8,2.14,790.5,0,2.820,0.000,0.0000,0,False,False,R,False,81.2,13.43,109550,5.12283,95.29,2.449,11.34,92.0,64.0,0.0
1787958759.0,2.04,781.5,0,2.820,0.000,0.0000,0,False,False,R,False,81.2,13.43,109550,5.12283,95.29,1.927,11.34,92.0,64.0,0.0
1787958759.2,1.90,785.5,0,2.820,0.000,0.0000,0,False,False,R,False,81.2,13.43,109550,5.12321,95.29,1.995,11.34,92.0,65.0,0.0
1787958759.4,1.75,782.8,0,2.820,0.000,0.0000,0,False,False,R,False,81.2,13.43,109550,5.12321,95.29,1.944,11.33,92.0,65.0,0.0
1787958759.6,1.59,771.8,0,2.820,0.000,0.0000,0,False,False,R,False,81.2,13.43,109550,5.12321,95.29,1.762,11.33,92.0,65.0,0.0
1787958759.8,1.45,767.8,0,2.820,0.000,0.0000,0,False,False,R,False,81.2,13.74,109550,5.12321,95.29,1.728,11.33,92.0,64.0,0.0
1787958760.0,1.33,770.2,0,2.820,0.000,0.0000,0,False,False,R,False,81.2,13.74,109550,5.12360,95.29,1.689,11.33,92.0,62.0,0.0
1787958760.2,1.24,774.0,0,2.820,0.000,0.0000,0,False,False,R,False,81.2,13.74,109550,5.12360,95.29,1.672,11.32,92.0,61.0,0.0
1787958760.4,1.13,772.8,0,2.820,0.000,0.0000,0,False,False,R,False,81.2,13.74,109550,5.12360,95.29,1.672,11.32,92.0,59.0,0.0
1787958760.6,0.99,767.0,0,2.820,0.000,0.0000,0,False,False,R,False,81.2,13.74,109550,5.12360,95.29,1.617,11.32,92.0,58.0,0.0
1787958760.8,0.82,772.5,0,2.820,0.000,0.0000,0,False,False,R,False,81.2,13.74,109550,5.12360,95.29,1.562,11.32,92.0,57.0,0.0
1787958761.0,0.37,773.8,0,2.820,0.000,0.0000,0,False,False,R,False,81.2,13.74,109550,5.12360,95.29,1.528,11.32,92.0,57.0,0.0
1787958761.2,0.82,768.8,0,2.820,0.000,0.0000,0,False,False,R,False,81.2,13.74,109550,5.12399,93.73,1.528,11.31,92.0,56.0,0.0
1787958761.5,0.88,763.2,0,2.820,0.000,0.0000,0,False,False,R,False,81.2,13.74,109550,5.12399,95.29,1.528,11.31,92.0,56.0,0.0
1787958761.7,0.81,767.0,0,2.820,0.000,0.0000,0,False,False,R,False,81.2,13.74,109550,5.12399,95.29,1.528,11.31,92.0,56.0,0.0
1787958761.9,0.00,764.0,0,2.820,0.000,0.0000,0,False,False,R,False,81.2,13.74,109550,5.12399,95.29,1.545,11.31,92.0,56.0,0.0
1787958762.1,0.00,763.2,0,2.820,0.000,0.0000,0,False,False,R,False,81.2,13.74,109550,5.12399,95.29,1.498,11.31,92.0,56.0,0.0
1787958762.3,0.00,766.8,0,2.820,0.000,0.0000,0,False,False,R,False,81.2,13.74,109550,5.12399,92.94,1.511,11.30,92.0,56.0,0.0
1787958762.5,0.90,763.0,0,2.820,0.000,0.0000,0,False,False,R,False,81.2,13.74,109550,5.12399,95.29,1.528,11.30,92.0,56.0,0.0
1787958762.7,1.15,761.2,0,2.820,0.000,0.0000,0,False,False,R,False,81.2,13.74,109550,5.12399,92.94,1.528,11.30,92.0,55.0,0.0
1787958762.9,1.32,759.5,0,2.820,0.000,0.0000,0,False,False,R,False,81.2,13.73,109550,5.12399,95.29,1.498,11.30,92.0,55.0,0.0
1787958763.1,1.31,764.5,0,2.820,0.000,0.0000,0,False,False,R,False,81.2,13.73,109550,5.12399,95.29,1.511,11.29,92.0,56.0,0.0
1787958763.3,1.22,764.5,0,2.820,0.000,0.0000,0,False,False,R,False,81.2,13.73,109550,5.12438,95.29,1.545,11.29,92.0,56.0,0.0
1787958763.5,1.06,759.2,0,2.820,0.000,0.0000,0,False,False,R,False,81.2,13.73,109550,5.12438,95.29,1.498,11.29,92.0,55.0,0.0
1787958763.7,0.87,756.0,0,2.820,0.000,0.0000,0,False,False,R,False,81.2,13.73,109550,5.12438,95.29,1.464,11.29,92.0,55.0,0.0
1787958763.9,0.00,752.2,0,2.820,0.000,0.0000,0,False,False,R,False,81.2,13.73,109550,5.12438,94.12,1.448,11.29,92.0,55.0,0.0
1787958764.1,0.00,751.5,0,2.820,0.000,0.0000,0,False,False,R,False,81.2,13.73,109550,5.12438,95.29,1.448,11.28,92.0,54.0,0.0
1787958764.3,0.00,746.8,0,2.820,0.000,0.0000,0,False,False,R,False,81.2,13.73,109550,5.12438,95.29,1.448,11.28,92.0,54.0,0.0
1787958764.5,0.00,743.5,0,2.820,0.000,0.0000,0,False,False,R,False,81.2,13.73,109550,5.12438,95.29,1.448,11.28,92.0,54.0,0.0
1787958764.7,0.00,738.5,0,2.820,0.000,0.0000,0,False,False,R,False,81.2,13.73,109550,5.12438,95.29,1.431,11.28,92.0,53.0,0.0
1787958764.9,0.00,733.0,0,2.820,0.000,0.0000,0,False,False,R,False,81.2,13.73,109550,5.12438,95.29,1.431,11.28,92.0,54.0,0.0
1787958765.1,0.00,731.5,0,2.820,0.000,0.0000,0,False,False,R,False,81.2,13.73,109550,5.12438,95.29,1.431,11.28,92.0,54.0,0.0
1787958765.3,0.00,725.8,0,2.820,0.000,0.0000,0,False,False,R,False,81.2,13.73,109550,5.12438,95.29,1.431,11.27,92.0,54.0,0.0
1787958765.5,0.00,727.0,0,2.820,0.000,0.0000,0,False,False,R,False,81.2,13.73,109550,5.12438,95.29,1.418,11.27,92.0,54.0,0.0
1787958765.7,0.80,720.5,0,2.820,0.000,0.0000,0,False,False,R,False,81.2,13.73,109550,5.12438,95.29,1.401,11.27,92.0,54.0,0.0
1787958765.9,0.81,719.5,0,2.820,0.000,0.0000,0,False,False,R,False,81.2,13.73,109550,5.12438,95.29,1.431,11.27,92.0,54.0,0.0
1787958766.1,0.00,716.2,0,2.820,0.000,0.0000,0,False,False,R,False,81.2,13.73,109550,5.12438,95.29,1.371,11.27,92.0,54.0,0.0
1787958766.3,0.00,713.0,0,2.820,0.000,0.0000,0,False,False,R,False,81.2,13.73,109550,5.12438,95.29,1.371,11.26,92.0,53.0,0.0
1787958766.5,0.00,712.2,0,2.820,0.000,0.0000,0,False,False,R,False,81.2,13.73,109550,5.12438,95.29,1.329,11.26,92.0,53.0,0.0
1787958766.7,0.00,705.0,0,2.820,0.000,0.0000,0,False,False,R,False,81.2,13.73,109550,5.12438,95.29,1.329,11.26,92.0,53.0,0.0
1787958766.9,0.00,702.8,0,2.820,0.000,0.0000,0,False,False,R,False,81.2,13.73,109550,5.12438,95.29,1.312,11.26,92.0,53.0,0.0
1787958767.2,0.00,698.0,0,2.820,0.000,0.0000,0,False,False,R,False,81.2,13.73,109550,5.12438,95.29,1.312,11.26,92.0,54.0,0.0
1787958767.4,0.00,694.2,0,2.820,0.000,0.0000,0,False,False,R,False,81.2,13.73,109550,5.12438,95.29,1.286,11.25,92.0,53.0,0.0
1787958767.6,0.00,689.5,0,2.820,0.000,0.0000,0,False,False,R,False,81.2,13.73,109550,5.12438,95.29,1.312,11.25,92.0,53.0,0.0
1787958767.8,0.00,688.2,0,2.820,0.000,0.0000,0,False,False,R,False,81.2,13.73,109550,5.12438,95.29,1.312,11.25,92.0,54.0,0.0
1787958768.0,0.00,686.8,0,2.820,0.000,0.0000,0,False,False,R,False,81.2,13.73,109550,5.12438,95.29,1.286,11.25,92.0,54.0,0.0
1787958768.2,0.00,687.2,0,2.820,0.000,0.0000,0,False,False,R,False,81.2,13.73,109550,5.12438,95.29,1.299,11.25,92.0,53.0,0.0
1787958768.4,0.00,686.2,0,2.820,0.000,0.0000,0,False,False,R,False,81.2,13.73,109550,5.12438,95.29,1.286,11.24,92.0,53.0,0.0
1787958768.6,0.00,685.8,3,0.260,1.000,0.2600,0,False,False,--,False,81.2,13.73,109550,5.12438,95.29,1.256,11.24,92.0,53.0,0.0
1787958768.8,0.00,684.5,0,0.260,0.000,0.0000,0,False,False,P,False,81.2,13.73,109550,5.12438,92.94,1.286,11.24,92.0,53.0,0.0
1787958769.0,0.00,683.8,0,0.260,0.000,0.0000,0,False,False,P,False,81.2,13.73,109550,5.12438,95.29,1.133,11.24,92.0,52.0,0.0
1787958769.2,0.00,693.0,0,0.260,0.000,0.0000,0,False,False,P,False,81.2,13.76,109550,5.12438,95.29,1.091,11.24,92.0,51.0,0.0
1787958769.4,0.00,733.5,0,0.260,0.000,0.0000,0,False,False,P,False,81.2,13.76,109550,5.12438,95.29,1.027,11.24,92.0,50.0,0.0
1787958769.6,0.00,747.8,0,0.260,0.000,0.0000,0,False,False,P,False,81.2,13.76,109550,5.12438,95.29,1.027,11.24,92.0,50.0,0.0
1787958769.8,0.00,737.0,0,0.260,0.000,0.0000,0,False,False,P,False,81.2,13.76,109550,5.12438,95.29,1.015,11.23,92.0,45.0,0.0
1787958770.0,0.00,725.0,0,0.260,0.000,0.0000,0,False,False,P,False,81.2,13.76,109550,5.12438,95.29,1.027,11.23,92.0,45.0,0.0
1787958770.2,0.00,716.8,0,0.260,0.000,0.0000,0,False,False,P,False,81.2,13.76,109550,5.12438,95.29,1.040,11.23,92.0,45.0,0.0
1787958770.4,0.00,716.0,0,0.260,0.000,0.0000,0,False,False,P,False,81.2,13.76,109550,5.12438,95.29,1.040,11.23,92.0,45.0,0.0
1787958770.6,0.00,716.0,0,0.260,0.000,0.0000,0,False,False,P,False,81.2,13.76,109550,5.12438,95.29,1.027,11.23,92.0,44.0,0.0
1787958770.8,0.00,716.5,0,0.260,0.000,0.0000,0,False,False,P,False,81.2,13.76,109550,5.12438,95.29,1.027,11.23,92.0,44.0,0.0
1787958771.0,0.00,711.2,0,0.260,0.000,0.0000,0,False,False,P,False,81.2,13.76,109550,5.12438,95.29,1.027,11.23,92.0,44.0,0.0
1787958771.2,0.00,709.2,0,0.260,0.000,0.0000,0,False,False,P,False,81.2,13.76,109550,5.12438,95.29,1.015,11.22,92.0,43.0,0.0
1787958771.4,0.00,707.5,0,0.260,0.000,0.0000,0,False,False,P,False,81.2,13.76,109550,5.12438,95.29,1.053,11.22,92.0,43.0,0.0
1787958771.6,0.00,704.2,0,0.260,0.000,0.0000,0,False,False,P,False,81.2,13.76,109550,5.12438,95.29,1.053,11.22,92.0,42.0,0.0
1787958771.8,0.00,700.8,0,0.260,0.000,0.0000,0,False,False,P,False,81.2,13.76,109550,5.12438,95.29,1.040,11.22,92.0,42.0,0.0
1787958772.0,0.00,699.0,0,0.260,0.000,0.0000,0,False,False,P,False,81.2,13.76,109550,5.12438,95.29,1.040,11.22,92.0,42.0,0.0
1787958772.2,0.00,695.0,0,0.260,0.000,0.0000,0,False,False,P,False,81.2,13.70,109550,5.12438,95.29,1.040,11.22,92.0,42.0,0.0
1787958772.4,0.00,690.0,0,0.260,0.000,0.0000,0,False,False,P,False,81.2,13.70,109550,5.12438,95.29,1.053,11.22,92.0,42.0,0.0
1787958772.6,0.00,693.0,0,0.260,0.000,0.0000,0,False,False,P,False,81.2,13.70,109550,5.12438,95.29,1.040,11.21,92.0,42.0,0.0
1787958772.8,0.00,696.8,0,0.260,0.000,0.0000,0,False,False,P,False,81.2,13.70,109550,5.12438,95.29,1.053,11.21,92.0,42.0,0.0
1787958773.0,0.00,698.0,0,0.260,0.000,0.0000,0,False,False,P,False,81.2,13.70,109550,5.12438,95.29,1.027,11.21,92.0,42.0,0.0
1787958773.2,0.00,700.2,0,0.260,0.000,0.0000,0,False,False,P,False,81.2,13.70,109550,5.12438,95.29,1.053,11.21,92.0,42.0,0.0
1787958773.5,0.00,698.8,0,0.260,0.000,0.0000,0,False,False,P,False,81.2,13.70,109550,5.12438,95.29,1.040,11.21,92.0,42.0,0.0
1787958773.7,0.00,700.0,0,0.260,0.000,0.0000,0,False,False,P,False,81.2,13.70,109550,5.12438,95.29,1.002,11.21,92.0,42.0,0.0
1787958773.9,0.00,698.0,0,0.260,0.000,0.0000,0,False,False,P,False,81.2,13.70,109550,5.12438,95.29,1.015,11.21,92.0,42.0,0.0
1787958774.1,0.00,695.2,0,0.260,0.000,0.0000,0,False,False,P,False,81.2,13.70,109550,5.12438,95.29,1.002,11.20,92.0,42.0,0.0
1787958774.3,0.00,691.2,0,0.260,0.000,0.0000,0,False,False,P,False,81.2,13.70,109550,5.12438,95.29,1.040,11.20,92.0,42.0,0.0
1787958774.5,0.00,687.2,0,0.260,0.000,0.0000,0,False,False,P,False,81.2,13.70,109550,5.12438,95.29,1.027,11.20,92.0,42.0,0.0
1787958774.7,0.00,683.0,0,0.260,0.000,0.0000,0,False,False,P,False,81.2,13.70,109550,5.12438,95.29,1.040,11.20,92.0,42.0,0.0
1787958774.9,0.00,681.5,0,0.260,0.000,0.0000,0,False,False,P,False,81.2,13.70,109550,5.12438,95.29,1.040,11.20,92.0,42.0,0.0
1787958775.1,0.00,681.0,0,0.260,0.000,0.0000,0,False,False,P,False,81.2,13.70,109550,5.12438,95.29,1.027,11.20,92.0,42.0,0.0
1787958775.3,0.00,681.5,0,0.260,0.000,0.0000,0,False,False,P,False,81.2,13.74,109550,5.12438,95.29,0.857,11.20,92.0,42.0,0.0
1787958775.5,0.00,668.5,0,0.260,0.000,0.0000,0,False,False,P,False,81.2,13.74,109550,5.12438,95.29,0.743,11.19,93.0,40.0,0.0
1787958775.7,0.00,720.2,0,0.260,0.000,0.0000,0,False,False,P,False,81.2,13.74,109550,5.12438,95.29,0.764,11.19,93.0,39.0,0.0
1787958775.9,0.00,751.2,0,0.260,0.000,0.0000,0,False,False,P,False,81.2,13.74,109550,5.12438,95.29,0.726,11.19,93.0,38.0,0.0
1787958776.1,0.00,743.2,0,0.260,0.000,0.0000,0,False,False,P,False,81.2,13.74,109550,5.12438,95.29,0.713,11.19,92.0,36.0,0.0
1787958776.3,0.00,729.5,0,0.260,0.000,0.0000,0,False,False,P,False,81.2,13.74,109550,5.12438,95.29,0.675,11.19,93.0,36.0,0.0
1787958776.5,0.00,722.0,0,0.260,0.000,0.0000,0,False,False,P,False,81.2,13.74,109550,5.12438,95.29,0.675,11.19,93.0,33.0,0.0
1787958776.7,0.00,721.2,0,0.260,0.000,0.0000,0,False,False,P,False,81.2,13.74,109550,5.12438,95.29,0.696,11.19,93.0,32.0,0.0
1787958776.9,0.00,715.0,0,0.260,0.000,0.0000,0,False,False,P,False,81.2,13.74,109550,5.12438,95.29,0.713,11.19,93.0,32.0,0.0
1787958777.1,0.00,713.0,0,0.260,0.000,0.0000,0,False,False,P,False,81.2,13.74,109550,5.12438,92.94,0.713,11.19,93.0,32.0,0.0
1787958777.3,0.00,714.2,0,0.260,0.000,0.0000,0,False,False,P,False,81.2,13.74,109550,5.12438,95.29,0.726,11.19,93.0,31.0,0.0
1787958777.5,0.00,702.5,0,0.260,0.000,0.0000,0,False,False,P,False,81.2,13.74,109550,5.12438,95.29,0.713,11.18,93.0,31.0,0.0
1787958777.7,0.00,706.8,0,0.260,0.000,0.0000,0,False,False,P,False,81.2,13.74,109550,5.12438,95.29,0.705,11.18,93.0,31.0,0.0
1787958777.9,0.00,710.5,0,0.260,0.000,0.0000,0,False,False,P,False,81.2,13.74,109550,5.12438,95.29,0.713,11.18,93.0,31.0,0.0
1787958778.1,0.00,710.8,0,0.260,0.000,0.0000,0,False,False,P,False,81.2,13.74,109550,5.12438,95.29,0.713,11.18,93.0,31.0,0.0
1787958778.3,0.00,711.5,0,0.260,0.000,0.0000,0,False,False,P,False,81.2,13.74,109550,5.12438,95.29,0.705,11.18,93.0,31.0,0.0
1787958778.5,0.00,709.2,0,0.260,0.000,0.0000,0,False,False,P,False,81.2,13.74,109550,5.12438,95.29,0.726,11.18,93.0,31.0,0.0
1787958778.7,0.00,708.0,0,0.260,0.000,0.0000,0,False,False,P,False,81.2,13.74,109550,5.12438,95.29,0.705,11.18,93.0,31.0,0.0
1787958778.9,0.00,707.8,0,0.260,0.000,0.0000,0,False,False,P,False,81.2,13.74,109550,5.12438,95.29,0.713,11.18,93.0,31.0,0.0
1787958779.1,0.00,711.2,0,0.260,0.000,0.0000,0,False,False,P,False,81.2,13.74,109550,5.12438,95.29,0.705,11.18,93.0,31.0,0.0
1787958779.3,0.00,712.2,0,0.260,0.000,0.0000,0,False,False,P,False,81.2,13.74,109550,5.12438,95.29,0.734,11.18,93.0,30.0,0.0
1787958779.5,0.00,709.5,0,0.260,0.000,0.0000,0,False,False,P,False,81.2,13.74,109550,5.12438,95.29,0.705,11.17,93.0,30.0,0.0
1787958779.8,0.00,709.0,0,0.260,0.000,0.0000,0,False,False,P,False,81.2,13.74,109550,5.12438,95.29,0.705,11.17,93.0,30.0,0.0
1787958780.0,0.00,706.0,0,0.260,0.000,0.0000,0,False,False,P,False,81.2,13.74,109550,5.12438,95.29,0.726,11.17,93.0,30.0,0.0
1787958780.2,0.00,700.5,0,0.260,0.000,0.0000,0,False,False,P,False,81.2,13.74,109550,5.12438,95.29,0.705,11.17,93.0,30.0,0.0
1787958780.4,0.00,703.5,0,0.260,0.000,0.0000,0,False,False,P,False,81.2,13.74,109550,5.12438,95.29,0.705,11.17,93.0,30.0,0.0
1787958780.6,0.00,703.5,0,0.260,0.000,0.0000,0,False,False,P,False,81.2,13.74,109550,5.12438,95.29,0.713,11.17,93.0,30.0,0.0
1787958780.8,0.00,705.0,0,0.260,0.000,0.0000,0,False,False,P,False,81.2,13.74,109550,5.12438,95.29,0.696,11.17,93.0,30.0,0.0
1787958781.0,0.00,702.5,0,0.260,0.000,0.0000,0,False,False,P,False,81.2,13.74,109550,5.12438,95.29,0.726,11.17,93.0,30.0,0.0
1787958781.2,0.00,702.5,0,0.260,0.000,0.0000,0,False,False,P,False,81.2,13.74,109550,5.12438,95.29,0.713,11.17,93.0,30.0,0.0
1787958781.4,0.00,704.0,0,0.260,0.000,0.0000,0,False,False,P,False,81.2,13.74,109550,5.12438,95.29,0.726,11.17,93.0,30.0,0.0
1787958781.6,0.00,699.5,0,0.260,0.000,0.0000,0,False,False,P,False,81.2,13.74,109550,5.12438,95.29,0.705,11.16,93.0,30.0,0.0
1787958781.8,0.00,699.5,0,0.260,0.000,0.0000,0,False,False,P,False,81.2,13.74,109550,5.12438,95.29,0.696,11.16,93.0,30.0,0.0
1787958782.0,0.00,696.8,0,0.260,0.000,0.0000,0,False,False,P,False,81.2,13.74,109550,5.12438,95.29,0.713,11.16,93.0,30.0,0.0
1787958782.2,0.00,700.2,0,0.260,0.000,0.0000,0,False,False,P,False,81.2,13.74,109550,5.12438,95.29,0.705,11.16,93.0,30.0,0.0
1787958782.4,0.00,697.2,0,0.260,0.000,0.0000,0,False,False,P,False,81.2,13.74,109550,5.12438,95.29,0.713,11.16,93.0,30.0,0.0
1787958782.6,0.00,696.0,0,0.260,0.000,0.0000,0,False,False,P,False,81.2,13.74,109550,5.12438,95.29,0.713,11.16,93.0,31.0,0.0
1787958782.8,0.00,699.8,0,0.260,0.000,0.0000,0,False,False,P,False,81.2,13.74,109550,5.12438,95.29,0.705,11.16,93.0,30.0,0.0
1787958783.0,0.00,700.2,0,0.260,0.000,0.0000,0,False,False,P,False,81.2,13.74,109550,5.12438,95.29,0.713,11.16,93.0,30.0,0.0
1787958783.2,0.00,703.2,0,0.260,0.000,0.0000,0,False,False,P,False,81.2,13.74,109550,5.12438,95.29,0.726,11.16,93.0,30.0,0.0
1787958783.4,0.00,706.8,0,0.260,0.000,0.0000,0,False,False,P,False,81.2,13.74,109550,5.12438,95.29,0.705,11.16,93.0,30.0,0.0
1787958783.6,0.00,705.5,0,0.260,0.000,0.0000,0,False,False,P,False,81.2,13.74,109550,5.12438,95.29,0.705,11.16,93.0,30.0,0.0
1787958783.8,0.00,703.0,0,0.260,0.000,0.0000,0,False,False,P,False,81.2,13.74,109550,5.12438,95.29,0.696,11.15,93.0,30.0,0.0
1787958784.0,0.00,702.5,0,0.260,0.000,0.0000,0,False,False,P,False,81.2,13.74,109550,5.12438,95.29,0.696,11.15,93.0,30.0,0.0
1787958784.2,0.00,701.2,0,0.260,0.000,0.0000,0,False,False,P,False,81.2,13.74,109550,5.12438,95.29,0.705,11.15,93.0,30.0,0.0
1787958784.4,0.00,702.5,0,0.260,0.000,0.0000,0,False,False,P,False,81.2,13.74,109550,5.12438,95.29,0.734,11.15,93.0,30.0,0.0
1787958784.6,0.00,700.8,0,0.260,0.000,0.0000,0,False,False,P,False,81.2,13.75,109550,5.12438,95.29,0.696,11.15,93.0,30.0,0.0
1787958784.8,0.00,703.2,0,0.260,0.000,0.0000,0,False,False,P,False,81.2,13.75,109550,5.12438,95.29,0.696,11.15,93.0,30.0,0.0
1787958785.0,0.00,702.2,0,0.260,0.000,0.0000,0,False,False,P,False,81.2,13.75,109550,5.12438,95.29,0.726,11.15,93.0,30.0,0.0
1787958785.2,0.00,699.5,0,0.260,0.000,0.0000,0,False,False,P,False,81.2,13.75,109550,5.12438,95.29,0.713,11.15,93.0,30.0,0.0
1787958785.4,0.00,702.2,0,0.260,0.000,0.0000,0,False,False,P,False,81.2,13.75,109550,5.12438,95.29,0.705,11.15,93.0,30.0,0.0
1787958785.7,0.00,699.2,0,0.260,0.000,0.0000,0,False,False,P,False,81.2,13.75,109550,5.12438,95.29,0.705,11.15,93.0,30.0,0.0
1787958785.9,0.00,699.0,0,0.260,0.000,0.0000,0,False,False,P,False,81.2,13.75,109550,5.12438,95.29,0.726,11.14,93.0,30.0,0.0
1787958786.1,0.00,702.0,0,0.260,0.000,0.0000,0,False,False,P,False,81.2,13.75,109550,5.12438,95.29,0.713,11.14,93.0,30.0,0.0
1787958786.3,0.00,701.5,0,0.260,0.000,0.0000,0,False,False,P,False,81.2,13.75,109550,5.12438,95.29,0.696,11.14,93.0,30.0,0.0
1787958786.5,0.00,706.8,0,0.260,0.000,0.0000,0,False,False,P,False,81.2,13.75,109550,5.12438,95.29,0.713,11.14,93.0,30.0,0.0
1787958786.7,0.00,706.8,0,0.260,0.000,0.0000,0,False,False,P,False,81.2,13.75,109550,5.12438,95.29,0.713,11.14,93.0,30.0,0.0
1787958786.9,0.00,705.8,0,0.260,0.000,0.0000,0,False,False,P,False,81.2,13.75,109550,5.12438,95.29,0.696,11.14,93.0,30.0,0.0
1787958787.1,0.00,703.8,0,0.260,0.000,0.0000,0,False,False,P,False,81.2,13.75,109550,5.12438,95.29,0.696,11.14,93.0,30.0,0.0
1787958787.3,0.00,703.0,0,0.260,0.000,0.0000,0,False,False,P,False,81.2,13.75,109550,5.12438,95.29,0.705,11.14,93.0,30.0,0.0
1787958787.5,0.00,702.0,0,0.260,0.000,0.0000,0,False,False,P,False,81.2,13.75,109550,5.12438,95.29,0.696,11.14,93.0,30.0,0.0
1787958787.7,0.00,701.8,0,0.260,0.000,0.0000,0,False,False,P,False,81.2,13.73,109550,5.12438,95.29,0.696,11.14,93.0,30.0,0.0
1787958787.9,0.00,701.5,0,0.260,0.000,0.0000,0,False,False,P,False,81.2,13.73,109550,5.12438,95.29,0.726,11.13,93.0,30.0,0.0
1787958788.1,0.00,699.8,0,0.260,0.000,0.0000,0,False,False,P,False,81.2,13.73,109550,5.12438,95.29,0.705,11.13,93.0,30.0,0.0
1787958788.3,0.00,698.5,0,0.260,0.000,0.0000,0,False,False,P,False,81.2,13.73,109550,5.12438,95.29,0.683,11.13,93.0,30.0,0.0
1787958788.5,0.00,699.8,0,0.260,0.000,0.0000,0,False,False,P,False,81.2,13.73,109550,5.12438,95.29,0.705,11.13,93.0,30.0,0.0
1787958788.7,0.00,698.8,0,0.260,0.000,0.0000,0,False,False,P,False,81.2,13.73,109550,5.12438,95.29,0.713,11.13,93.0,30.0,0.0
1787958788.9,0.00,704.0,0,0.260,0.000,0.0000,0,False,False,P,False,81.2,13.73,109550,5.12438,95.29,0.713,11.13,93.0,30.0,0.0
1787958789.1,0.00,706.8,0,0.260,0.000,0.0000,0,False,False,P,False,81.2,13.73,109550,5.12438,95.29,0.705,11.13,93.0,30.0,0.0
1787958789.3,0.00,709.2,0,0.260,0.000,0.0000,0,False,False,P,False,81.2,13.73,109550,5.12438,95.29,0.713,11.13,93.0,30.0,0.0
1787958789.5,0.00,709.0,0,0.260,0.000,0.0000,0,False,False,P,False,81.2,13.73,109550,5.12438,95.29,0.696,11.13,93.0,30.0,0.0
1787958789.7,0.00,709.5,0,0.260,0.000,0.0000,0,False,False,P,False,81.2,13.73,109550,5.12438,95.29,0.705,11.13,93.0,30.0,0.0
1787958789.9,0.00,710.2,0,0.260,0.000,0.0000,0,False,False,P,False,81.2,13.73,109550,5.12438,95.29,0.705,11.13,93.0,30.0,0.0
1787958790.1,0.00,709.8,0,0.260,0.000,0.0000,0,False,False,P,False,81.2,13.73,109550,5.12438,95.29,0.683,11.12,93.0,30.0,0.0
1787958790.3,0.00,709.2,0,0.260,0.000,0.0000,0,False,False,P,False,81.2,13.73,109550,5.12438,95.29,0.696,11.12,93.0,30.0,0.0
1787958790.5,0.00,705.0,0,0.260,0.000,0.0000,0,False,False,P,False,81.2,13.73,109550,5.12438,95.29,0.705,11.12,93.0,30.0,0.0
1787958790.7,0.00,707.5,0,0.260,0.000,0.0000,0,False,False,P,False,81.2,13.74,109550,5.12438,95.29,0.726,11.12,93.0,30.0,0.0
1787958790.9,0.00,706.2,0,0.260,0.000,0.0000,0,False,False,P,False,81.2,13.74,109550,5.12438,95.29,0.705,11.12,93.0,30.0,0.0
1787958791.1,0.00,704.0,0,0.260,0.000,0.0000,0,False,False,P,False,81.2,13.74,109550,5.12438,95.29,0.713,11.12,93.0,30.0,0.0
1787958791.3,0.00,703.5,0,0.260,0.000,0.0000,0,False,False,P,False,81.2,13.74,109550,5.12438,95.29,0.696,11.12,93.0,30.0,0.0
1787958791.5,0.00,700.8,0,0.260,0.000,0.0000,0,False,False,P,False,81.2,13.74,109550,5.12438,95.29,0.705,11.12,92.0,30.0,0.0
1787958791.7,0.00,704.8,0,0.260,0.000,0.0000,0,False,False,P,False,81.2,13.74,109550,5.12438,95.29,0.705,11.12,93.0,30.0,0.0
1787958792.0,0.00,701.2,0,0.260,0.000,0.0000,0,False,False,P,False,81.2,13.74,109550,5.12438,95.29,0.713,11.12,92.0,30.0,0.0
1787958792.2,0.00,701.2,0,0.260,0.000,0.0000,0,False,False,P,False,81.2,13.74,109550,5.12438,95.29,0.713,11.11,93.0,30.0,0.0
1787958792.4,0.00,699.5,0,0.260,0.000,0.0000,0,False,False,P,False,81.2,13.74,109550,5.12438,95.29,0.713,11.11,93.0,30.0,0.0
1787958792.6,0.00,702.5,0,0.260,0.000,0.0000,0,False,False,P,False,81.2,13.74,109550,5.12438,95.29,0.683,11.11,92.0,30.0,0.0
1787958792.8,0.00,709.0,0,0.260,0.000,0.0000,0,False,False,P,False,81.2,13.74,109550,5.12438,95.29,0.713,11.11,92.0,30.0,0.0
1787958793.0,0.00,709.2,0,0.260,0.000,0.0000,0,False,False,P,False,81.2,13.74,109550,5.12438,95.29,0.705,11.11,93.0,30.0,0.0
1787958793.2,0.00,705.0,0,0.260,0.000,0.0000,0,False,False,P,False,81.2,13.74,109550,5.12438,95.29,0.705,11.11,92.0,30.0,0.0
1787958793.4,0.00,706.8,0,0.260,0.000,0.0000,0,False,False,P,False,81.2,13.74,109550,5.12438,95.29,0.705,11.11,93.0,30.0,0.0
1787958793.6,0.00,704.5,0,0.260,0.000,0.0000,0,False,False,P,False,81.2,13.74,109550,5.12438,95.29,0.705,11.11,92.0,30.0,0.0
1787958793.8,0.00,704.2,0,0.260,0.000,0.0000,0,False,False,P,False,81.2,13.74,109550,5.12438,95.29,0.696,11.11,92.0,30.0,0.0
1787958794.0,0.00,707.5,0,0.260,0.000,0.0000,0,False,False,P,False,81.2,13.74,109550,5.12438,95.29,0.705,11.11,92.0,30.0,0.0
1787958794.2,0.00,706.0,0,0.260,0.000,0.0000,0,False,False,P,False,81.2,13.74,109550,5.12438,95.29,0.713,11.11,92.0,30.0,0.0
1787958794.4,0.00,705.5,0,0.260,0.000,0.0000,0,False,False,P,False,81.2,13.74,109550,5.12438,95.29,0.705,11.10,92.0,30.0,0.0
1787958794.6,0.00,704.5,0,0.260,0.000,0.0000,0,False,False,P,False,81.2,13.74,109550,5.12438,95.29,0.696,11.10,92.0,30.0,0.0
1787958794.8,0.00,704.5,0,0.260,0.000,0.0000,0,False,False,P,False,81.2,13.74,109550,5.12438,95.29,0.705,11.10,92.0,30.0,0.0
1787958795.0,0.00,704.2,0,0.260,0.000,0.0000,0,False,False,P,False,81.2,13.74,109550,5.12438,95.29,0.705,11.10,92.0,30.0,0.0
1787958795.2,0.00,703.2,0,0.260,0.000,0.0000,0,False,False,P,False,81.2,13.74,109550,5.12438,95.29,0.696,11.10,92.0,30.0,0.0
1787958795.4,0.00,701.2,0,0.260,0.000,0.0000,0,False,False,P,False,81.2,13.74,109550,5.12438,95.29,0.713,11.10,92.0,30.0,0.0
1787958795.6,0.00,700.0,0,0.260,0.000,0.0000,0,False,False,P,False,81.2,13.74,109550,5.12438,95.29,0.713,11.10,92.0,30.0,0.0
1787958795.8,0.00,701.2,0,0.260,0.000,0.0000,0,False,False,P,False,81.2,13.74,109550,5.12438,95.29,0.705,11.10,92.0,30.0,0.0
1787958796.0,0.00,702.8,0,0.260,0.000,0.0000,0,False,False,P,False,81.2,13.74,109550,5.12438,95.29,0.705,11.10,92.0,30.0,0.0
1787958796.2,0.00,707.2,0,0.260,0.000,0.0000,0,False,False,P,False,81.2,13.74,109550,5.12438,95.29,0.713,11.10,92.0,30.0,0.0
1787958796.4,0.00,709.2,0,0.260,0.000,0.0000,0,False,False,P,False,81.2,13.74,109550,5.12438,95.29,0.696,11.09,92.0,30.0,0.0
1787958796.6,0.00,706.8,0,0.260,0.000,0.0000,0,False,False,P,False,81.2,13.74,109550,5.12438,95.29,0.705,11.09,92.0,30.0,0.0
1787958796.8,0.00,709.8,0,0.260,0.000,0.0000,0,False,False,P,False,81.2,13.74,109550,5.12438,95.29,1.498,11.09,92.0,33.0,0.0
1787958797.0,0.00,775.0,0,0.260,0.000,0.0000,0,False,False,P,False,81.2,13.74,109550,5.12438,95.29,1.040,11.09,92.0,37.0,0.0
1787958797.2,0.00,750.2,0,0.260,0.000,0.0000,0,False,False,P,False,81.2,13.74,109550,5.12438,95.29,1.027,11.09,92.0,37.0,0.0
1787958797.4,0.00,745.0,0,0.260,0.000,0.0000,0,False,False,P,False,81.2,13.74,109550,5.12438,95.29,1.027,11.09,92.0,39.0,0.0
1787958797.7,0.00,739.0,0,0.260,0.000,0.0000,0,False,False,P,False,81.2,13.74,109550,5.12438,95.29,1.214,11.09,92.0,39.0,0.0
1787958797.9,0.00,732.0,0,0.260,0.000,0.0000,0,False,False,P,False,81.2,13.74,109550,5.12438,95.29,1.121,11.08,92.0,40.0,0.0
1787958798.1,0.00,733.2,0,0.260,0.000,0.0000,0,False,False,P,False,81.2,13.74,109550,5.12438,95.29,1.065,11.08,92.0,40.0,0.0
1787958798.3,0.00,727.0,0,0.260,0.000,0.0000,0,False,False,P,False,81.2,13.74,109550,5.12438,95.29,1.078,11.08,92.0,41.0,0.0
1787958798.5,0.00,727.0,0,0.260,0.000,0.0000,0,False,False,P,False,81.2,13.74,109550,5.12438,95.29,1.078,11.08,92.0,41.0,0.0
1787958798.7,0.00,724.2,0,0.260,0.000,0.0000,0,False,False,P,False,81.2,13.74,109550,5.12438,95.29,1.027,11.08,92.0,41.0,0.0
1787958798.9,0.00,717.2,0,0.260,0.000,0.0000,0,False,False,P,False,81.2,13.74,109550,5.12438,95.29,1.078,11.08,92.0,42.0,0.0
1787958799.1,0.00,709.8,0,0.260,0.000,0.0000,0,False,False,P,False,81.2,13.74,109550,5.12438,95.29,1.065,11.08,92.0,42.0,0.0
1787958799.3,0.00,704.2,0,0.260,0.000,0.0000,0,False,False,P,False,81.2,13.74,109550,5.12438,95.29,1.091,11.07,92.0,42.0,0.0
1787958799.5,0.00,702.5,0,0.260,0.000,0.0000,0,False,False,P,False,81.2,13.74,109550,5.12438,95.29,1.159,11.07,92.0,43.0,0.0
1787958799.7,0.00,709.0,0,0.260,0.000,0.0000,0,False,False,P,False,81.2,13.74,109550,5.12438,95.29,1.104,11.07,92.0,44.0,0.0
1787958799.9,0.00,715.0,0,0.260,0.000,0.0000,0,False,False,P,False,81.2,13.74,109550,5.12438,95.29,1.133,11.07,92.0,44.0,0.0
1787958800.1,0.00,723.0,0,0.260,0.000,0.0000,0,False,False,P,False,81.2,13.59,109550,5.12438,95.29,1.121,11.07,92.0,44.0,0.0
1787958800.3,0.00,729.8,0,0.260,0.000,0.0000,0,False,False,P,False,81.2,13.59,109550,5.12438,95.29,1.078,11.07,92.0,44.0,0.0
1787958800.5,0.00,743.2,0,0.260,0.000,0.0000,0,False,False,P,False,81.2,13.59,109550,5.12438,95.29,1.078,11.06,92.0,43.0,0.0
1787958800.7,0.00,745.2,0,0.260,0.000,0.0000,0,False,False,P,False,81.2,13.59,109550,5.12438,95.29,1.053,11.06,92.0,43.0,0.0
1787958800.9,0.00,740.0,0,0.260,0.000,0.0000,0,False,False,P,False,81.2,13.59,109550,5.12438,95.29,1.027,11.06,92.0,42.0,0.0
1787958801.1,0.00,734.5,0,0.260,0.000,0.0000,0,False,False,P,False,81.2,13.59,109550,5.12438,95.29,1.027,11.06,92.0,42.0,0.0
1787958801.3,0.00,724.8,0,0.260,0.000,0.0000,0,False,False,P,False,81.2,13.59,109550,5.12438,95.29,1.027,11.06,92.0,41.0,0.0
1787958801.5,0.00,718.0,0,0.260,0.000,0.0000,0,False,False,P,False,81.2,13.59,109550,5.12438,95.29,1.027,11.06,92.0,41.0,0.0
1787958801.7,0.00,711.8,0,0.260,0.000,0.0000,0,False,False,P,False,81.2,13.59,109550,5.12438,95.29,1.091,11.06,92.0,41.0,0.0
1787958801.9,0.00,706.2,0,0.260,0.000,0.0000,0,False,False,P,False,81.2,13.59,109550,5.12438,95.29,1.053,11.06,92.0,42.0,0.0
1787958802.1,0.00,704.5,0,0.260,0.000,0.0000,0,False,False,P,False,81.2,13.59,109550,5.12438,95.29,1.027,11.05,92.0,42.0,0.0
1787958802.3,0.00,706.0,0,0.260,0.000,0.0000,0,False,False,P,False,81.2,13.59,109550,5.12438,95.29,1.078,11.05,92.0,42.0,0.0
1787958802.5,0.00,712.5,0,0.260,0.000,0.0000,0,False,False,P,False,81.2,13.59,109550,5.12438,95.29,1.078,11.05,92.0,42.0,0.0
1787958802.7,0.00,715.8,0,0.260,0.000,0.0000,0,False,False,P,False,81.2,13.59,109550,5.12438,95.29,1.078,11.05,92.0,42.0,0.0
1787958802.9,0.00,719.5,0,0.260,0.000,0.0000,0,False,False,P,False,81.2,13.59,109550,5.12438,95.29,1.065,11.05,92.0,42.0,0.0
1787958803.1,0.00,721.0,0,0.260,0.000,0.0000,0,False,False,P,False,81.2,13.73,109550,5.12438,95.29,1.091,11.05,92.0,42.0,0.0
1787958803.3,0.00,717.0,0,0.260,0.000,0.0000,0,False,False,P,False,81.2,13.73,109550,5.12438,95.29,1.027,11.05,92.0,42.0,0.0
1787958803.5,0.00,713.5,0,0.260,0.000,0.0000,0,False,False,P,False,81.2,13.73,109550,5.12438,95.29,1.040,11.04,92.0,42.0,0.0
1787958803.7,0.00,708.2,0,0.260,0.000,0.0000,0,False,False,P,False,81.2,13.73,109550,5.12438,95.29,1.040,11.04,92.0,42.0,0.0
1787958803.9,0.00,702.5,0,0.260,0.000,0.0000,0,False,False,P,False,81.2,13.73,109550,5.12438,95.29,1.027,11.04,92.0,42.0,0.0
1787958804.2,0.00,700.2,0,0.260,0.000,0.0000,0,False,False,P,False,81.2,13.73,109550,5.12438,95.29,1.053,11.04,92.0,42.0,0.0
1787958804.4,0.00,697.8,0,0.260,0.000,0.0000,0,False,False,P,False,81.2,13.73,109550,5.12438,95.29,1.078,11.04,92.0,42.0,0.0
1787958804.6,0.00,702.0,0,0.260,0.000,0.0000,0,False,False,P,False,81.2,13.73,109550,5.12438,95.29,1.053,11.04,92.0,42.0,0.0
1787958804.8,0.00,705.0,0,0.260,0.000,0.0000,0,False,False,P,False,81.2,13.73,109550,5.12438,95.29,1.053,11.04,92.0,42.0,0.0
1787958805.0,0.00,708.5,0,0.260,0.000,0.0000,0,False,False,P,False,81.2,13.73,109550,5.12438,95.29,1.053,11.03,92.0,42.0,0.0
1787958805.2,0.00,709.5,0,0.260,0.000,0.0000,0,False,False,P,False,81.2,13.73,109550,5.12438,95.29,1.015,11.03,92.0,42.0,0.0
1787958805.4,0.00,710.0,0,0.260,0.000,0.0000,0,False,False,P,False,81.2,13.73,109550,5.12438,95.29,1.015,11.03,92.0,42.0,0.0
1787958805.6,0.00,709.2,0,0.260,0.000,0.0000,0,False,False,P,False,81.2,13.73,109550,5.12438,95.29,1.040,11.03,92.0,42.0,0.0
1787958805.8,0.00,708.0,0,0.260,0.000,0.0000,0,False,False,P,False,81.2,13.73,109550,5.12438,95.29,1.053,11.03,92.0,42.0,0.0
1787958806.0,0.00,702.5,0,0.260,0.000,0.0000,0,False,False,P,False,81.2,13.73,109550,5.12438,95.29,1.027,11.03,92.0,42.0,0.0
1787958806.2,0.00,700.2,0,0.260,0.000,0.0000,0,False,False,P,False,81.2,13.73,109550,5.12438,95.29,1.040,11.03,92.0,42.0,0.0
1787958806.4,0.00,699.0,0,0.260,0.000,0.0000,0,False,False,P,False,81.2,13.73,109550,5.12438,95.29,1.040,11.02,92.0,42.0,0.0
1787958806.6,0.00,697.8,0,0.260,0.000,0.0000,0,False,False,P,False,81.2,13.73,109550,5.12438,95.29,0.857,11.02,92.0,42.0,0.0
1787958806.8,0.00,681.5,0,0.260,0.000,0.0000,0,False,False,P,False,81.2,13.73,109550,5.12438,95.29,0.756,11.02,92.0,40.0,0.0
1787958807.0,0.00,727.2,0,0.260,0.000,0.0000,0,False,False,P,False,81.2,13.73,109550,5.12438,95.29,0.743,11.02,92.0,38.0,0.0
1787958807.2,0.00,746.2,0,0.260,0.000,0.0000,0,False,False,P,False,81.2,13.73,109550,5.12438,95.29,0.743,11.02,92.0,36.0,0.0
1787958807.4,0.00,738.2,0,0.260,0.000,0.0000,0,False,False,P,False,81.2,13.73,109550,5.12438,95.29,0.726,11.02,92.0,34.0,0.0
1787958807.6,0.00,737.8,0,0.260,0.000,0.0000,0,False,False,P,False,81.2,13.73,109550,5.12438,95.29,0.683,11.02,92.0,32.0,0.0
1787958807.8,0.00,731.8,0,0.260,0.000,0.0000,0,False,False,P,False,81.2,13.73,109550,5.12438,95.29,0.675,11.02,92.0,31.0,0.0
1787958808.0,0.00,716.5,0,0.260,0.000,0.0000,0,False,False,P,False,81.2,13.73,109550,5.12438,95.29,0.713,11.02,92.0,31.0,0.0
1787958808.2,0.00,711.0,0,0.260,0.000,0.0000,0,False,False,P,False,81.2,13.73,109550,5.12438,95.29,0.713,11.02,92.0,30.0,0.0
1787958808.4,0.00,699.0,0,0.260,0.000,0.0000,0,False,False,P,False,81.2,13.73,109550,5.12438,95.29,0.734,11.01,92.0,30.0,0.0
1787958808.6,0.00,699.0,0,0.260,0.000,0.0000,0,False,False,P,False,81.2,13.73,109550,5.12438,95.29,0.705,11.01,92.0,31.0,0.0
1787958808.8,0.00,702.0,0,0.260,0.000,0.0000,0,False,False,P,False,81.2,13.73,109550,5.12438,95.29,0.713,11.01,92.0,31.0,0.0
1787958809.0,0.00,701.2,0,0.260,0.000,0.0000,0,False,False,P,False,81.2,13.73,109550,5.12438,95.29,0.705,11.01,92.0,31.0,0.0
1787958809.2,0.00,704.5,0,0.260,0.000,0.0000,0,False,False,P,False,81.2,13.76,109550,5.12438,95.29,0.696,11.01,92.0,31.0,0.0
1787958809.4,0.00,705.5,0,0.260,0.000,0.0000,0,False,False,P,False,81.2,13.76,109550,5.12438,95.29,0.705,11.01,92.0,30.0,0.0
1787958809.6,0.00,709.8,0,0.260,0.000,0.0000,0,False,False,P,False,81.2,13.76,109550,5.12438,95.29,0.726,11.01,92.0,31.0,0.0
1787958809.8,0.00,710.5,0,0.260,0.000,0.0000,0,False,False,P,False,81.2,13.76,109550,5.12438,95.29,0.713,11.01,92.0,30.0,0.0
1787958810.0,0.00,707.2,0,0.260,0.000,0.0000,0,False,False,P,False,81.2,13.76,109550,5.12438,95.29,0.705,11.01,92.0,30.0,0.0
1787958810.2,0.00,711.0,0,0.260,0.000,0.0000,0,False,False,P,False,81.2,13.76,109550,5.12438,95.29,0.713,11.01,92.0,30.0,0.0
1787958810.4,0.00,710.2,0,0.260,0.000,0.0000,0,False,False,P,False,81.2,13.76,109550,5.12438,95.29,0.705,11.00,92.0,30.0,0.0
1787958810.6,0.00,709.8,0,0.260,0.000,0.0000,0,False,False,P,False,81.2,13.76,109550,5.12438,95.29,0.713,11.00,92.0,30.0,0.0
1787958810.9,0.00,702.8,0,0.260,0.000,0.0000,0,False,False,P,False,81.2,13.76,109550,5.12438,95.29,0.713,11.00,92.0,30.0,0.0
1787958811.1,0.00,705.2,0,0.260,0.000,0.0000,0,False,False,P,False,81.2,13.76,109550,5.12438,95.29,0.713,11.00,92.0,30.0,0.0
1787958811.3,0.00,701.2,0,0.260,0.000,0.0000,0,False,False,P,False,81.2,13.76,109550,5.12438,95.29,0.713,11.00,92.0,30.0,0.0
1787958811.5,0.00,701.8,0,0.260,0.000,0.0000,0,False,False,P,False,81.2,13.76,109550,5.12438,95.29,0.705,11.00,92.0,30.0,0.0
1787958811.7,0.00,703.8,0,0.260,0.000,0.0000,0,False,False,P,False,81.2,13.76,109550,5.12438,95.29,0.726,11.00,92.0,30.0,0.0
1787958811.9,0.00,706.0,0,0.260,0.000,0.0000,0,False,False,P,False,81.2,13.76,109550,5.12438,95.29,0.696,11.00,92.0,30.0,0.0
1787958812.1,0.00,703.2,0,0.260,0.000,0.0000,0,False,False,P,False,81.2,13.76,109550,5.12438,95.29,0.726,11.00,92.0,30.0,0.0
1787958812.3,0.00,703.0,0,0.260,0.000,0.0000,0,False,False,P,False,81.2,13.76,109550,5.12438,95.29,0.683,11.00,92.0,30.0,0.0
1787958812.5,0.00,705.5,0,0.260,0.000,0.0000,0,False,False,P,False,81.2,13.73,109550,5.12438,95.29,0.713,11.00,92.0,30.0,0.0
1787958812.7,0.00,705.8,0,0.260,0.000,0.0000,0,False,False,P,False,81.2,13.73,109550,5.12438,95.29,0.713,10.99,92.0,30.0,0.0
1787958812.9,0.00,706.8,0,0.260,0.000,0.0000,0,False,False,P,False,81.2,13.73,109550,5.12438,95.29,0.705,10.99,92.0,30.0,0.0
1787958813.1,0.00,705.8,0,0.260,0.000,0.0000,0,False,False,P,False,81.2,13.73,109550,5.12438,95.29,0.705,10.99,92.0,30.0,0.0
1787958813.3,0.00,705.2,0,0.260,0.000,0.0000,0,False,False,P,False,81.2,13.73,109550,5.12438,95.29,0.713,10.99,92.0,30.0,0.0
1787958813.5,0.00,708.5,0,0.260,0.000,0.0000,0,False,False,P,False,81.2,13.73,109550,5.12438,95.29,0.726,10.99,92.0,30.0,0.0
1787958813.7,0.00,705.5,0,0.260,0.000,0.0000,0,False,False,P,False,81.2,13.73,109550,5.12438,95.29,0.696,10.99,92.0,30.0,0.0
1787958813.9,0.00,704.8,0,0.260,0.000,0.0000,0,False,False,P,False,81.2,13.73,109550,5.12438,95.29,0.713,10.99,92.0,30.0,0.0
1787958814.1,0.00,704.0,0,0.260,0.000,0.0000,0,False,False,P,False,81.2,13.73,109550,5.12438,95.29,0.713,10.99,92.0,30.0,0.0
1787958814.3,0.00,704.0,0,0.260,0.000,0.0000,0,False,False,P,False,81.2,13.73,109550,5.12438,95.29,0.683,10.99,92.0,30.0,0.0
1787958814.5,0.00,702.8,0,0.260,0.000,0.0000,0,False,False,P,False,81.2,13.73,109550,5.12438,95.29,0.696,10.99,92.0,30.0,0.0
1787958814.7,0.00,700.2,0,0.260,0.000,0.0000,0,False,False,P,False,81.2,13.73,109550,5.12438,95.29,0.726,10.99,92.0,30.0,0.0
1787958814.9,0.00,703.2,0,0.260,0.000,0.0000,0,False,False,P,False,81.2,13.73,109550,5.12438,95.29,0.696,10.98,92.0,30.0,0.0
1787958815.1,0.00,696.5,0,0.260,0.000,0.0000,0,False,False,P,False,81.2,13.73,109550,5.12438,95.29,0.696,10.98,92.0,30.0,0.0
1787958815.3,0.00,700.0,0,0.260,0.000,0.0000,0,False,False,P,False,81.2,13.73,109550,5.12438,95.29,0.705,10.98,92.0,30.0,0.0
1787958815.5,0.00,701.0,0,0.260,0.000,0.0000,0,False,False,P,False,81.2,13.74,109550,5.12438,95.29,0.696,10.98,92.0,30.0,0.0
1787958815.7,0.00,702.8,0,0.260,0.000,0.0000,0,False,False,P,False,81.2,13.74,109550,5.12438,95.29,0.696,10.98,92.0,30.0,0.0
1787958815.9,0.00,706.5,0,0.260,0.000,0.0000,0,False,False,P,False,81.2,13.74,109550,5.12438,95.29,0.705,10.98,92.0,30.0,0.0
1787958816.1,0.00,703.8,0,0.260,0.000,0.0000,0,False,False,P,False,81.2,13.74,109550,5.12438,95.29,0.696,10.98,92.0,30.0,0.0
1787958816.3,0.00,706.0,0,0.260,0.000,0.0000,0,False,False,P,False,81.2,13.74,109550,5.12438,95.29,0.696,10.98,92.0,30.0,0.0
1787958816.5,0.00,702.0,0,0.260,0.000,0.0000,0,False,False,P,False,81.2,13.74,109550,5.12438,95.29,0.705,10.98,92.0,30.0,0.0
1787958816.7,0.00,706.0,0,0.260,0.000,0.0000,0,False,False,P,False,81.2,13.74,109550,5.12438,95.29,0.705,10.98,92.0,30.0,0.0
1787958816.9,0.00,706.5,0,0.260,0.000,0.0000,0,False,False,P,False,81.2,13.74,109550,5.12438,95.29,0.696,10.98,92.0,30.0,0.0
1787958817.1,0.00,707.5,0,0.260,0.000,0.0000,0,False,False,P,False,81.2,13.74,109550,5.12438,95.29,0.696,10.97,92.0,30.0,0.0
1787958817.3,0.00,704.2,0,0.260,0.000,0.0000,0,False,False,P,False,81.2,13.74,109550,5.12438,95.29,0.683,10.97,92.0,30.0,0.0
1787958817.6,0.00,704.0,0,0.260,0.000,0.0000,0,False,False,P,False,81.2,13.74,109550,5.12438,95.29,0.713,10.97,92.0,30.0,0.0
1787958817.8,0.00,703.0,0,0.260,0.000,0.0000,0,False,False,P,False,81.2,13.74,109550,5.12438,95.29,0.696,10.97,92.0,30.0,0.0
1787958818.0,0.00,703.5,0,0.260,0.000,0.0000,0,False,False,P,False,81.2,13.74,109550,5.12438,95.29,0.705,10.97,92.0,30.0,0.0
1787958818.2,0.00,701.8,0,0.260,0.000,0.0000,0,False,False,P,False,81.2,13.74,109550,5.12438,95.29,0.713,10.97,92.0,30.0,0.0
1787958818.4,0.00,700.5,0,0.260,0.000,0.0000,0,False,False,P,False,81.2,13.74,109550,5.12438,95.29,0.705,10.97,92.0,30.0,0.0
1787958818.6,0.00,694.5,0,0.260,0.000,0.0000,0,False,False,P,False,81.2,13.74,109550,5.12438,95.29,0.713,10.97,92.0,30.0,0.0
1787958818.8,0.00,697.8,0,0.260,0.000,0.0000,0,False,False,P,False,81.2,13.74,109550,5.12438,95.29,0.713,10.97,92.0,30.0,0.0
1787958819.0,0.00,697.2,0,0.260,0.000,0.0000,0,False,False,P,False,81.2,13.74,109550,5.12438,95.29,0.696,10.97,92.0,30.0,0.0
1787958819.2,0.00,702.0,0,0.260,0.000,0.0000,0,False,False,P,False,81.2,13.74,109550,5.12438,95.29,0.696,10.96,92.0,30.0,0.0
1787958819.4,0.00,703.8,0,0.260,0.000,0.0000,0,False,False,P,False,81.2,13.74,109550,5.12438,95.29,0.696,10.96,92.0,30.0,0.0
1787958819.6,0.00,701.8,0,0.260,0.000,0.0000,0,False,False,P,False,81.2,13.74,109550,5.12438,95.29,0.696,10.96,92.0,30.0,0.0
1787958819.8,0.00,699.8,0,0.260,0.000,0.0000,0,False,False,P,False,81.2,13.74,109550,5.12438,95.29,0.696,10.96,92.0,30.0,0.0
1787958820.0,0.00,703.2,0,0.260,0.000,0.0000,0,False,False,P,False,81.2,13.74,109550,5.12438,95.29,0.705,10.96,92.0,30.0,0.0
1787958820.2,0.00,709.2,0,0.260,0.000,0.0000,0,False,False,P,False,81.2,13.74,109550,5.12438,95.29,0.696,10.96,92.0,30.0,0.0
1787958820.4,0.00,708.8,0,0.260,0.000,0.0000,0,False,False,P,False,81.2,13.74,109550,5.12438,95.29,0.683,10.96,92.0,30.0,0.0
1787958820.6,0.00,704.5,0,0.260,0.000,0.0000,0,False,False,P,False,81.2,13.74,109550,5.12438,95.29,0.696,10.96,92.0,30.0,0.0
1787958820.8,0.00,704.5,0,0.260,0.000,0.0000,0,False,False,P,False,81.2,13.74,109550,5.12438,95.29,0.696,10.96,92.0,30.0,0.0
1787958821.0,0.00,703.8,0,0.260,0.000,0.0000,0,False,False,P,False,81.2,13.74,109550,5.12438,95.29,0.696,10.96,92.0,30.0,0.0
1787958821.2,0.00,705.0,0,0.260,0.000,0.0000,0,False,False,P,False,81.2,13.74,109550,5.12438,95.29,0.683,10.96,92.0,30.0,0.0
1787958821.4,0.00,698.2,0,0.260,0.000,0.0000,0,False,False,P,False,81.2,13.74,109550,5.12438,95.29,0.713,10.95,92.0,30.0,0.0
1787958821.6,0.00,698.2,0,0.260,0.000,0.0000,0,False,False,P,False,81.2,13.72,109550,5.12438,95.29,0.683,10.95,92.0,30.0,0.0
1787958821.8,0.00,700.0,0,0.260,0.000,0.0000,0,False,False,P,False,81.2,13.72,109550,5.12438,95.29,0.696,10.95,92.0,30.0,0.0
1787958822.0,0.00,699.5,0,0.260,0.000,0.0000,0,False,False,P,False,81.2,13.72,109550,5.12438,95.29,0.713,10.95,92.0,30.0,0.0
1787958822.2,0.00,699.8,0,0.260,0.000,0.0000,0,False,False,P,False,81.2,13.72,109550,5.12438,95.29,0.683,10.95,92.0,30.0,0.0
1787958822.4,0.00,700.5,0,0.260,0.000,0.0000,0,False,False,P,False,81.2,13.72,109550,5.12438,95.29,0.683,10.95,92.0,30.0,0.0
1787958822.6,0.00,701.0,0,0.260,0.000,0.0000,0,False,False,P,False,81.2,13.72,109550,5.12438,95.29,0.713,10.95,92.0,30.0,0.0
1787958822.8,0.00,727.0,0,0.260,0.000,0.0000,0,False,False,P,False,81.2,13.72,109550,5.12438,95.29,1.244,10.95,92.0,33.0,0.0
1787958823.0,0.00,776.2,0,0.260,0.000,0.0000,0,False,False,P,False,81.2,13.72,109550,5.12438,95.29,1.002,10.95,92.0,36.0,0.0
1787958823.2,0.00,732.5,0,0.260,0.000,0.0000,0,False,False,P,False,81.2,13.72,109550,5.12438,95.29,1.133,10.94,92.0,38.0,0.0
1787958823.4,0.00,734.2,0,0.260,0.000,0.0000,0,False,False,P,False,81.2,13.72,109550,5.12438,95.29,1.133,10.94,92.0,39.0,0.0
1787958823.6,0.00,724.2,0,0.260,0.000,0.0000,0,False,False,P,False,81.2,13.72,109550,5.12438,95.29,1.133,10.94,92.0,39.0,0.0
1787958823.8,0.00,724.5,0,0.260,0.000,0.0000,0,False,False,P,False,81.2,13.72,109550,5.12438,95.29,1.053,10.94,92.0,40.0,0.0
1787958824.1,0.00,724.8,0,0.260,0.000,0.0000,0,False,False,P,False,81.2,13.72,109550,5.12438,95.29,1.078,10.94,92.0,41.0,0.0
1787958824.3,0.00,724.8,0,0.260,0.000,0.0000,0,False,False,P,False,81.2,13.72,109550,5.12438,95.29,1.065,10.94,92.0,41.0,0.0
1787958824.5,0.00,725.2,0,0.260,0.000,0.0000,0,False,False,P,False,81.2,13.72,109550,5.12438,95.29,1.053,10.94,92.0,41.0,0.0
1787958824.7,0.00,724.2,0,0.260,0.000,0.0000,0,False,False,P,False,81.2,13.35,109550,5.12438,95.29,1.091,10.93,92.0,42.0,0.0
1787958824.9,0.00,724.2,0,0.260,0.000,0.0000,0,False,False,P,False,81.2,13.35,109550,5.12438,95.29,1.065,10.93,92.0,42.0,0.0
1787958825.1,0.00,721.0,0,0.260,0.000,0.0000,0,False,False,P,False,81.2,13.35,109550,5.12438,95.29,1.065,10.93,92.0,42.0,0.0
1787958825.3,0.00,718.0,0,0.260,0.000,0.0000,0,False,False,P,False,81.2,13.35,109550,5.12438,95.29,1.078,10.93,92.0,42.0,0.0
1787958825.5,0.00,713.5,0,0.260,0.000,0.0000,0,False,False,P,False,81.2,13.35,109550,5.12438,95.29,1.065,10.93,92.0,42.0,0.0
1787958825.7,0.00,709.8,0,0.260,0.000,0.0000,0,False,False,P,False,81.2,13.35,109550,5.12438,95.29,1.104,10.93,92.0,43.0,0.0
1787958825.9,0.00,709.2,0,0.260,0.000,0.0000,0,False,False,P,False,81.2,13.35,109550,5.12438,95.29,1.121,10.93,92.0,43.0,0.0
1787958826.1,0.00,712.8,0,0.260,0.000,0.0000,0,False,False,P,False,81.2,13.35,109550,5.12438,95.29,1.121,10.92,92.0,43.0,0.0
1787958826.3,0.00,723.5,0,0.260,0.000,0.0000,0,False,False,P,False,81.2,13.35,109550,5.12438,95.29,1.053,10.92,92.0,43.0,0.0
1787958826.5,0.00,736.2,0,0.260,0.000,0.0000,0,False,False,P,False,81.2,13.35,109550,5.12438,95.29,1.053,10.92,92.0,43.0,0.0
1787958826.7,0.00,739.5,0,0.260,0.000,0.0000,0,False,False,P,False,81.2,13.35,109550,5.12438,95.29,1.027,10.92,92.0,42.0,0.0
1787958826.9,0.00,735.2,0,0.260,0.000,0.0000,0,False,False,P,False,81.2,13.78,109550,5.12438,95.29,1.027,10.92,92.0,42.0,0.0
1787958827.1,0.00,723.5,0,0.260,0.000,0.0000,0,False,False,P,False,81.2,13.78,109550,5.12438,95.29,1.040,10.92,92.0,41.0,0.0
1787958827.3,0.00,716.8,0,0.260,0.000,0.0000,0,False,False,P,False,81.2,13.78,109550,5.12438,95.29,1.015,10.92,92.0,41.0,0.0
1787958827.5,0.00,707.5,0,0.260,0.000,0.0000,0,False,False,P,False,81.2,13.78,109550,5.12438,95.29,1.053,10.91,92.0,41.0,0.0
1787958827.7,0.00,700.5,0,0.260,0.000,0.0000,0,False,False,P,False,81.2,13.78,109550,5.12438,95.29,1.065,10.91,92.0,42.0,0.0
1787958827.9,0.00,694.8,0,0.260,0.000,0.0000,0,False,False,P,False,81.2,13.71,109550,5.12438,95.29,1.065,10.91,92.0,42.0,0.0
1787958828.1,0.00,694.8,0,0.260,0.000,0.0000,0,False,False,P,False,81.2,13.71,109550,5.12438,95.29,1.040,10.91,92.0,42.0,0.0
1787958828.3,0.00,696.0,0,0.260,0.000,0.0000,0,False,False,P,False,81.2,13.71,109550,5.12438,95.29,1.053,10.91,92.0,42.0,0.0
1787958828.5,0.00,702.0,0,0.260,0.000,0.0000,0,False,False,P,False,81.2,13.71,109550,5.12438,95.29,1.053,10.91,92.0,42.0,0.0
1787958828.7,0.00,710.0,0,0.260,0.000,0.0000,0,False,False,P,False,81.2,13.71,109550,5.12438,95.29,1.053,10.91,92.0,42.0,0.0
1787958828.9,0.00,718.8,0,0.260,0.000,0.0000,0,False,False,P,False,81.2,13.71,109550,5.12438,95.29,1.040,10.91,92.0,42.0,0.0
1787958829.1,0.00,722.0,0,0.260,0.000,0.0000,0,False,False,P,False,81.2,13.71,109550,5.12438,95.29,1.027,10.90,92.0,42.0,0.0
1787958829.3,0.00,720.2,0,0.260,0.000,0.0000,0,False,False,P,False,81.2,13.71,109550,5.12438,95.29,1.040,10.90,92.0,42.0,0.0
1787958829.5,0.00,717.0,0,0.260,0.000,0.0000,0,False,False,P,False,81.2,13.71,109550,5.12438,95.29,1.040,10.90,92.0,42.0,0.0
1787958829.7,0.00,709.2,0,0.260,0.000,0.0000,0,False,False,P,False,81.2,13.71,109550,5.12438,95.29,1.015,10.90,92.0,41.0,0.0
1787958830.0,0.00,705.0,0,0.260,0.000,0.0000,0,False,False,P,False,81.2,13.71,109550,5.12438,95.29,1.065,10.90,92.0,42.0,0.0
1787958830.2,0.00,702.5,0,0.260,0.000,0.0000,0,False,False,P,False,81.2,13.71,109550,5.12438,95.29,1.065,10.90,92.0,42.0,0.0
1787958830.4,0.00,703.2,0,0.260,0.000,0.0000,0,False,False,P,False,81.2,13.71,109550,5.12438,95.29,1.053,10.90,92.0,42.0,0.0
1787958830.6,0.00,704.5,0,0.260,0.000,0.0000,0,False,False,P,False,81.2,13.71,109550,5.12438,95.29,1.040,10.89,92.0,42.0,0.0
1787958830.8,0.00,708.5,0,0.260,0.000,0.0000,0,False,False,P,False,81.2,13.71,109550,5.12438,95.29,1.040,10.89,92.0,42.0,0.0
1787958831.0,0.00,710.2,0,0.260,0.000,0.0000,0,False,False,P,False,81.2,13.73,109550,5.12438,95.29,1.053,10.89,92.0,42.0,0.0
1787958831.2,0.00,710.8,0,0.260,0.000,0.0000,0,False,False,P,False,81.2,13.73,109550,5.12438,95.29,1.027,10.89,92.0,42.0,0.0
1787958831.4,0.00,710.2,0,0.260,0.000,0.0000,0,False,False,P,False,81.2,13.73,109550,5.12438,95.29,1.040,10.89,92.0,42.0,0.0
1787958831.6,0.00,705.0,0,0.260,0.000,0.0000,0,False,False,P,False,81.2,13.73,109550,5.12438,95.29,1.027,10.89,92.0,42.0,0.0
1787958831.8,0.00,702.2,0,0.260,0.000,0.0000,0,False,False,P,False,81.2,13.73,109550,5.12438,95.29,1.015,10.89,92.0,42.0,0.0
1787958832.0,0.00,697.8,0,0.260,0.000,0.0000,0,False,False,P,False,81.2,13.73,109550,5.12438,95.29,1.027,10.88,92.0,42.0,0.0
1787958832.2,0.00,694.8,0,0.260,0.000,0.0000,0,False,False,P,False,81.2,13.73,109550,5.12438,95.29,1.040,10.88,92.0,42.0,0.0
1787958832.4,0.00,694.5,0,0.260,0.000,0.0000,0,False,False,P,False,81.2,13.73,109550,5.12438,95.29,1.053,10.88,92.0,42.0,0.0
1787958832.6,0.00,694.8,0,0.260,0.000,0.0000,0,False,False,P,False,81.2,13.73,109550,5.12438,95.29,1.078,10.88,92.0,42.0,0.0
1787958832.8,0.00,698.2,0,0.260,0.000,0.0000,0,False,False,P,False,81.2,13.73,109550,5.12438,95.29,1.078,10.88,92.0,42.0,0.0
1787958833.0,0.00,701.5,0,0.260,0.000,0.0000,0,False,False,P,False,81.2,13.73,109550,5.12438,95.29,1.065,10.88,92.0,42.0,0.0
1787958833.2,0.00,704.8,0,0.260,0.000,0.0000,0,False,False,P,False,81.2,13.73,109550,5.12438,95.29,1.027,10.88,92.0,42.0,0.0
1787958833.4,0.00,706.2,0,0.260,0.000,0.0000,0,False,False,P,False,81.2,13.73,109550,5.12438,95.29,1.040,10.88,92.0,42.0,0.0
1787958833.6,0.00,703.0,0,0.260,0.000,0.0000,0,False,False,P,False,81.2,13.73,109550,5.12438,95.29,1.040,10.87,92.0,42.0,0.0
1787958833.8,0.00,703.2,0,0.260,0.000,0.0000,0,False,False,P,False,81.2,13.73,109550,5.12438,95.29,1.053,10.87,92.0,42.0,0.0
1787958834.0,0.00,702.2,0,0.260,0.000,0.0000,0,False,False,P,False,81.2,13.73,109550,5.12438,95.29,1.040,10.87,92.0,42.0,0.0
1787958834.2,0.00,688.0,0,0.260,0.000,0.0000,0,False,False,P,False,81.2,13.73,109550,5.12438,95.29,1.040,10.87,92.0,40.0,0.0
1787958834.4,0.00,713.0,0,0.260,0.000,0.0000,0,False,False,P,False,81.2,13.73,109550,5.12438,95.29,0.726,10.87,92.0,38.0,0.0
1787958834.6,0.00,742.8,0,0.260,0.000,0.0000,0,False,False,P,False,81.2,13.73,109550,5.12438,95.29,0.726,10.87,92.0,36.0,0.0
1787958834.8,0.00,740.0,0,0.260,0.000,0.0000,0,False,False,P,False,81.2,13.81,109550,5.12438,95.29,0.734,10.87,92.0,34.0,0.0
1787958835.0,0.00,734.8,0,0.260,0.000,0.0000,0,False,False,P,False,81.2,13.81,109550,5.12438,95.29,0.705,10.87,92.0,33.0,0.0
1787958835.2,0.00,725.2,0,0.260,0.000,0.0000,0,False,False,P,False,81.2,13.81,109550,5.12438,95.29,0.675,10.87,92.0,32.0,0.0
1787958835.4,0.00,719.2,0,0.260,0.000,0.0000,0,False,False,P,False,81.2,13.81,109550,5.12438,95.29,0.675,10.86,92.0,31.0,0.0
1787958835.6,0.00,707.5,0,0.260,0.000,0.0000,0,False,False,P,False,81.2,13.81,109550,5.12438,95.29,0.705,10.86,92.0,31.0,0.0
1787958835.8,0.00,698.5,0,0.260,0.000,0.0000,0,False,False,P,False,81.2,13.81,109550,5.12438,95.29,0.705,10.86,92.0,30.0,0.0
1787958836.0,0.00,696.5,0,0.260,0.000,0.0000,0,False,False,P,False,81.2,13.81,109550,5.12438,95.29,0.734,10.86,92.0,31.0,0.0
1787958836.2,0.00,699.5,0,0.260,0.000,0.0000,0,False,False,P,False,81.2,13.81,109550,5.12438,95.29,0.713,10.86,92.0,31.0,0.0
1787958836.4,0.00,697.0,0,0.260,0.000,0.0000,0,False,False,P,False,81.2,13.81,109550,5.12438,95.29,0.696,10.86,92.0,31.0,0.0
1787958836.7,0.00,701.5,0,0.260,0.000,0.0000,0,False,False,P,False,81.2,13.81,109550,5.12438,95.29,0.705,10.86,92.0,31.0,0.0
1787958836.9,0.00,705.0,0,0.260,0.000,0.0000,0,False,False,P,False,81.2,13.81,109550,5.12438,95.29,0.705,10.86,92.0,31.0,0.0
1787958837.1,0.00,706.8,0,0.260,0.000,0.0000,0,False,False,P,False,81.2,13.73,109550,5.12438,95.29,0.696,10.86,92.0,30.0,0.0
1787958837.3,0.00,705.8,0,0.260,0.000,0.0000,0,False,False,P,False,81.2,13.73,109550,5.12438,95.29,0.696,10.86,92.0,30.0,0.0
1787958837.5,0.00,705.8,0,0.260,0.000,0.0000,0,False,False,P,False,81.2,13.73,109550,5.12438,95.29,0.713,10.86,92.0,30.0,0.0
1787958837.7,0.00,705.8,0,0.260,0.000,0.0000,0,False,False,P,False,81.2,13.73,109550,5.12438,95.29,0.713,10.85,92.0,30.0,0.0
1787958837.9,0.00,706.5,0,0.260,0.000,0.0000,0,False,False,P,False,81.2,13.73,109550,5.12438,95.29,0.726,10.85,92.0,30.0,0.0
1787958838.1,0.00,704.5,0,0.260,0.000,0.0000,0,False,False,P,False,81.2,13.73,109550,5.12438,95.29,0.713,10.85,92.0,30.0,0.0
1787958838.3,0.00,705.8,0,0.260,0.000,0.0000,0,False,False,P,False,81.2,13.73,109550,5.12438,95.29,0.696,10.85,92.0,30.0,0.0
1787958838.5,0.00,706.5,0,0.260,0.000,0.0000,0,False,False,P,False,81.2,13.73,109550,5.12438,95.29,0.705,10.85,92.0,30.0,0.0
1787958838.7,0.00,707.2,0,0.260,0.000,0.0000,0,False,False,P,False,81.2,13.73,109550,5.12438,95.29,0.705,10.85,92.0,30.0,0.0
1787958838.9,0.00,704.0,0,0.260,0.000,0.0000,0,False,False,P,False,81.2,13.73,109550,5.12438,95.29,0.713,10.85,92.0,30.0,0.0
1787958839.1,0.00,706.5,0,0.260,0.000,0.0000,0,False,False,P,False,81.2,13.73,109550,5.12438,95.29,0.713,10.85,92.0,30.0,0.0
1787958839.3,0.00,701.8,0,0.260,0.000,0.0000,0,False,False,P,False,81.2,13.73,109550,5.12438,95.29,0.683,10.85,92.0,30.0,0.0
1787958839.5,0.00,701.0,0,0.260,0.000,0.0000,0,False,False,P,False,81.2,13.73,109550,5.12438,95.29,0.726,10.85,92.0,30.0,0.0
1787958839.7,0.00,700.5,0,0.260,0.000,0.0000,0,False,False,P,False,81.2,13.73,109550,5.12438,95.29,0.713,10.85,92.0,30.0,0.0
1787958839.9,0.00,697.5,0,0.260,0.000,0.0000,0,False,False,P,False,81.2,13.73,109550,5.12438,95.29,0.696,10.84,92.0,30.0,0.0
1787958840.1,0.00,697.8,0,0.260,0.000,0.0000,0,False,False,P,False,81.2,13.73,109550,5.12438,95.29,0.705,10.84,92.0,30.0,0.0
1787958840.3,0.00,699.8,0,0.260,0.000,0.0000,0,False,False,P,False,81.2,13.73,109550,5.12438,95.29,0.705,10.84,92.0,30.0,0.0
1787958840.5,0.00,701.8,0,0.260,0.000,0.0000,0,False,False,P,False,81.2,13.73,109550,5.12438,95.29,0.696,10.84,92.0,30.0,0.0
1787958840.7,0.00,700.2,0,0.260,0.000,0.0000,0,False,False,P,False,81.2,13.73,109550,5.12438,95.29,0.713,10.84,92.0,30.0,0.0
1787958840.9,0.00,701.2,0,0.260,0.000,0.0000,0,False,False,P,False,81.2,13.73,109550,5.12438,95.29,0.713,10.84,92.0,30.0,0.0
1787958841.1,0.00,702.2,0,0.260,0.000,0.0000,0,False,False,P,False,81.2,13.73,109550,5.12438,95.29,0.683,10.84,92.0,30.0,0.0
1787958841.3,0.00,704.5,0,0.260,0.000,0.0000,0,False,False,P,False,81.2,13.73,109550,5.12438,95.29,0.705,10.84,92.0,30.0,0.0
1787958841.5,0.00,705.8,0,0.260,0.000,0.0000,0,False,False,P,False,81.2,13.73,109550,5.12438,95.29,0.705,10.84,92.0,30.0,0.0
1787958841.7,0.00,706.5,0,0.260,0.000,0.0000,0,False,False,P,False,81.2,13.73,109550,5.12438,95.29,0.696,10.84,92.0,30.0,0.0
1787958841.9,0.00,702.0,0,0.260,0.000,0.0000,0,False,False,P,False,81.2,13.73,109550,5.12438,95.29,0.675,10.84,92.0,30.0,0.0
1787958842.1,0.00,703.2,0,0.260,0.000,0.0000,0,False,False,P,False,81.2,13.73,109550,5.12438,95.29,0.713,10.83,92.0,30.0,0.0
1787958842.3,0.00,702.0,0,0.260,0.000,0.0000,0,False,False,P,False,81.2,13.73,109550,5.12438,95.29,0.705,10.83,92.0,30.0,0.0
1787958842.5,0.00,701.2,0,0.260,0.000,0.0000,0,False,False,P,False,81.2,13.73,109550,5.12438,95.29,0.696,10.83,92.0,30.0,0.0
1787958842.7,0.00,699.8,0,0.260,0.000,0.0000,0,False,False,P,False,81.2,13.73,109550,5.12438,95.29,0.726,10.83,92.0,30.0,0.0
1787958842.9,0.00,700.2,0,0.260,0.000,0.0000,0,False,False,P,False,81.2,13.73,109550,5.12438,95.29,0.696,10.83,92.0,30.0,0.0
1787958843.1,0.00,703.5,0,0.260,0.000,0.0000,0,False,False,P,False,81.2,13.73,109550,5.12438,95.29,0.696,10.83,92.0,30.0,0.0
1787958843.3,0.00,700.8,0,0.260,0.000,0.0000,0,False,False,P,False,81.2,13.73,109550,5.12438,95.29,0.713,10.83,92.0,30.0,0.0
1787958843.6,0.00,702.0,0,0.260,0.000,0.0000,0,False,False,P,False,81.2,13.73,109550,5.12438,95.29,0.713,10.83,92.0,30.0,0.0
1787958843.8,0.00,701.5,0,0.260,0.000,0.0000,0,False,False,P,False,81.2,13.73,109550,5.12438,95.29,0.683,10.83,92.0,30.0,0.0
1787958844.0,0.00,704.0,0,0.260,0.000,0.0000,0,False,False,P,False,81.2,13.73,109550,5.12438,95.29,0.726,10.83,92.0,30.0,0.0
1787958844.2,0.00,704.0,0,0.260,0.000,0.0000,0,False,False,P,False,81.2,13.73,109550,5.12438,95.29,0.713,10.82,92.0,30.0,0.0
1787958844.4,0.00,706.5,0,0.260,0.000,0.0000,0,False,False,P,False,81.2,13.73,109550,5.12438,95.29,0.705,10.82,92.0,30.0,0.0
1787958844.6,0.00,707.0,0,0.260,0.000,0.0000,0,False,False,P,False,81.2,13.73,109550,5.12438,95.29,0.675,10.82,92.0,30.0,0.0
1787958844.8,0.00,705.2,0,0.260,0.000,0.0000,0,False,False,P,False,81.2,13.74,109550,5.12438,95.29,0.705,10.82,92.0,30.0,0.0
1787958845.0,0.00,704.0,0,0.260,0.000,0.0000,0,False,False,P,False,81.2,13.74,109550,5.12438,95.29,0.705,10.82,92.0,30.0,0.0
1787958845.2,0.00,702.2,0,0.260,0.000,0.0000,0,False,False,P,False,81.2,13.74,109550,5.12438,95.29,0.683,10.82,92.0,30.0,0.0
1787958845.4,0.00,702.8,0,0.260,0.000,0.0000,0,False,False,P,False,81.2,13.74,109550,5.12438,95.29,0.696,10.82,92.0,30.0,0.0
1787958845.6,0.00,701.8,0,0.260,0.000,0.0000,0,False,False,P,False,81.2,13.74,109550,5.12438,95.29,0.705,10.82,92.0,30.0,0.0
1787958845.8,0.00,699.0,0,0.260,0.000,0.0000,0,False,False,P,False,81.2,13.74,109550,5.12438,95.29,0.675,10.82,92.0,30.0,0.0
1787958846.0,0.00,696.2,0,0.260,0.000,0.0000,0,False,False,P,False,81.2,13.74,109550,5.12438,95.29,0.683,10.82,92.0,30.0,0.0
1787958846.2,0.00,698.2,0,0.260,0.000,0.0000,0,False,False,P,False,81.2,13.74,109550,5.12438,95.29,0.713,10.82,92.0,30.0,0.0
1787958846.4,0.00,696.0,0,0.260,0.000,0.0000,0,False,False,P,False,81.2,13.73,109550,5.12438,95.29,0.683,10.82,92.0,30.0,0.0
1787958846.6,0.00,698.5,0,0.260,0.000,0.0000,0,False,False,P,False,81.2,13.73,109550,5.12438,95.29,0.696,10.81,92.0,30.0,0.0
1787958846.8,0.00,699.2,0,0.260,0.000,0.0000,0,False,False,P,False,81.2,13.73,109550,5.12438,95.29,0.705,10.81,92.0,30.0,0.0
1787958847.0,0.00,700.8,0,0.260,0.000,0.0000,0,False,False,P,False,81.2,13.73,109550,5.12438,95.29,0.705,10.81,92.0,30.0,0.0
1787958847.2,0.00,702.5,0,0.260,0.000,0.0000,0,False,False,P,False,81.2,13.73,109550,5.12438,95.29,0.705,10.81,92.0,30.0,0.0
1787958847.4,0.00,703.2,0,0.260,0.000,0.0000,0,False,False,P,False,81.2,13.73,109550,5.12438,95.29,0.696,10.81,92.0,30.0,0.0
1787958847.6,0.00,705.8,0,0.260,0.000,0.0000,0,False,False,P,False,81.2,13.73,109550,5.12438,95.29,0.696,10.81,92.0,30.0,0.0
1787958847.8,0.00,704.5,0,0.260,0.000,0.0000,0,False,False,P,False,81.2,13.73,109550,5.12438,95.29,0.683,10.81,92.0,30.0,0.0
1787958848.0,0.00,704.0,0,0.260,0.000,0.0000,0,False,False,P,False,81.2,13.73,109550,5.12438,95.29,0.713,10.81,92.0,30.0,0.0
1787958848.2,0.00,705.2,0,0.260,0.000,0.0000,0,False,False,P,False,81.2,13.73,109550,5.12438,95.29,0.705,10.81,92.0,30.0,0.0
1787958848.4,0.00,706.0,0,0.260,0.000,0.0000,0,False,False,P,False,81.2,13.73,109550,5.12438,95.29,0.683,10.81,92.0,30.0,0.0
1787958848.6,0.00,705.8,0,0.260,0.000,0.0000,0,False,False,P,False,81.2,13.73,109550,5.12438,95.29,0.696,10.81,92.0,30.0,0.0
1787958848.8,0.00,704.8,0,0.260,0.000,0.0000,0,False,False,P,False,81.2,13.73,109550,5.12438,95.29,0.705,10.80,92.0,30.0,0.0
1787958849.0,0.00,704.0,0,0.260,0.000,0.0000,0,False,False,P,False,81.2,13.73,109550,5.12438,95.29,0.696,10.80,92.0,30.0,0.0
1787958849.2,0.00,733.8,0,0.260,0.000,0.0000,0,False,False,P,False,81.2,13.73,109550,5.12438,95.29,0.989,10.80,92.0,38.0,0.0
1787958849.4,0.00,791.5,0,0.260,0.000,0.0000,0,False,False,P,False,81.2,13.79,109550,5.12438,95.29,1.015,10.80,92.0,38.0,0.0
1787958849.6,0.00,743.0,0,0.260,0.000,0.0000,0,False,False,P,False,81.2,13.79,109550,5.12438,95.29,1.227,10.80,92.0,38.0,0.0
1787958849.8,0.00,746.0,0,0.260,0.000,0.0000,0,False,False,P,False,81.2,13.60,109550,5.12438,95.29,1.040,10.80,92.0,39.0,0.0
1787958850.1,0.00,733.2,0,0.260,0.000,0.0000,0,False,False,P,False,81.2,13.60,109550,5.12438,95.29,1.172,10.80,92.0,40.0,0.0
1787958850.3,0.00,732.2,0,0.260,0.000,0.0000,0,False,False,P,False,81.2,13.60,109550,5.12438,95.29,1.040,10.79,92.0,41.0,0.0
1787958850.5,0.00,732.2,0,0.260,0.000,0.0000,0,False,False,P,False,81.2,13.60,109550,5.12438,95.29,1.078,10.79,92.0,41.0,0.0
1787958850.7,0.00,726.8,0,0.260,0.000,0.0000,0,False,False,P,False,81.2,13.60,109550,5.12438,95.29,1.053,10.79,92.0,41.0,0.0
1787958850.9,0.00,724.0,0,0.260,0.000,0.0000,0,False,False,P,False,81.2,13.29,109550,5.12438,95.29,1.078,10.79,92.0,42.0,0.0
1787958851.1,0.00,720.5,0,0.260,0.000,0.0000,0,False,False,P,False,81.2,13.29,109550,5.12438,95.29,1.078,10.79,92.0,42.0,0.0
1787958851.3,0.00,718.2,0,0.260,0.000,0.0000,0,False,False,P,False,81.2,13.29,109550,5.12438,95.29,1.053,10.79,92.0,42.0,0.0
1787958851.5,0.00,713.8,0,0.260,0.000,0.0000,0,False,False,P,False,81.2,13.29,109550,5.12438,95.29,1.065,10.79,92.0,42.0,0.0
1787958851.7,0.00,708.0,0,0.260,0.000,0.0000,0,False,False,P,False,81.2,13.29,109550,5.12438,95.29,1.065,10.79,92.0,42.0,0.0
1787958851.9,0.00,703.5,0,0.260,0.000,0.0000,0,False,False,P,False,81.2,13.29,109550,5.12438,95.29,1.172,10.78,92.0,43.0,0.0
1787958852.1,0.00,702.5,0,0.260,0.000,0.0000,0,False,False,P,False,81.2,13.29,109550,5.12438,95.29,1.121,10.78,92.0,43.0,0.0
1787958852.3,0.00,705.2,0,0.260,0.000,0.0000,0,False,False,P,False,81.2,13.29,109550,5.12438,95.29,1.121,10.78,92.0,44.0,0.0
1787958852.5,0.00,711.0,0,0.260,0.000,0.0000,0,False,False,P,False,81.2,13.64,109550,5.12438,95.29,1.146,10.78,92.0,44.0,0.0
1787958852.7,0.00,722.8,0,0.260,0.000,0.0000,0,False,False,P,False,81.2,13.64,109550,5.12438,95.29,1.121,10.78,92.0,44.0,0.0
1787958852.9,0.00,736.5,0,0.260,0.000,0.0000,0,False,False,P,False,81.2,13.79,109550,5.12438,95.29,1.078,10.78,92.0,44.0,0.0
1787958853.1,0.00,742.8,0,0.260,0.000,0.0000,0,False,False,P,False,81.2,13.79,109550,5.12438,95.29,1.078,10.78,92.0,43.0,0.0
1787958853.3,0.00,740.5,0,0.260,0.000,0.0000,0,False,False,P,False,81.2,13.79,109550,5.12438,95.29,1.040,10.77,92.0,42.0,0.0
1787958853.5,0.00,735.8,0,0.260,0.000,0.0000,0,False,False,P,False,81.2,13.79,109550,5.12438,95.29,1.040,10.77,92.0,42.0,0.0
1787958853.7,0.00,725.5,0,0.260,0.000,0.0000,0,False,False,P,False,81.2,13.79,109550,5.12438,95.29,1.065,10.77,92.0,42.0,0.0
1787958853.9,0.00,715.2,0,0.260,0.000,0.0000,0,False,False,P,False,81.2,13.79,109550,5.12438,95.29,1.053,10.77,92.0,42.0,0.0
1787958854.1,0.00,709.2,0,0.260,0.000,0.0000,0,False,False,P,False,81.2,13.79,109550,5.12438,95.29,1.065,10.77,92.0,42.0,0.0
1787958854.3,0.00,705.2,0,0.260,0.000,0.0000,0,False,False,P,False,81.2,13.79,109550,5.12438,95.29,1.078,10.77,92.0,42.0,0.0
1787958854.5,0.00,701.2,0,0.260,0.000,0.0000,0,False,False,P,False,81.2,13.79,109550,5.12438,95.29,1.040,10.77,92.0,42.0,0.0
1787958854.7,0.00,700.8,0,0.260,0.000,0.0000,0,False,False,P,False,81.2,13.79,109550,5.12438,95.29,1.040,10.76,92.0,42.0,0.0
1787958854.9,0.00,706.5,0,0.260,0.000,0.0000,0,False,False,P,False,81.2,13.79,109550,5.12438,95.29,1.053,10.76,92.0,43.0,0.0
1787958855.1,0.00,710.5,0,0.260,0.000,0.0000,0,False,False,P,False,81.2,13.79,109550,5.12438,95.29,1.040,10.76,92.0,43.0,0.0
1787958855.4,0.00,714.8,0,0.260,0.000,0.0000,0,False,False,P,False,81.2,13.79,109550,5.12438,95.29,1.040,10.76,92.0,42.0,0.0
1787958855.6,0.00,716.8,0,0.260,0.000,0.0000,0,False,False,P,False,81.2,13.71,109550,5.12438,95.29,1.040,10.76,92.0,42.0,0.0
1787958855.8,0.00,718.0,0,0.260,0.000,0.0000,0,False,False,P,False,81.2,13.71,109550,5.12438,95.29,1.053,10.76,92.0,42.0,0.0
1787958856.0,0.00,715.8,0,0.260,0.000,0.0000,0,False,False,P,False,81.2,13.71,109550,5.12438,95.29,1.040,10.76,92.0,42.0,0.0
1787958856.2,0.00,712.2,0,0.260,0.000,0.0000,0,False,False,P,False,81.2,13.71,109550,5.12438,95.29,1.065,10.76,92.0,42.0,0.0
1787958856.4,0.00,710.5,0,0.260,0.000,0.0000,0,False,False,P,False,81.2,13.71,109550,5.12438,95.29,1.053,10.75,92.0,42.0,0.0
1787958856.6,0.00,708.8,0,0.260,0.000,0.0000,0,False,False,P,False,81.2,13.71,109550,5.12438,95.29,1.078,10.75,92.0,42.0,0.0
1787958856.8,0.00,705.2,0,0.260,0.000,0.0000,0,False,False,P,False,81.2,13.71,109550,5.12438,95.29,1.065,10.75,92.0,42.0,0.0
1787958857.0,0.00,704.2,0,0.260,0.000,0.0000,0,False,False,P,False,81.2,13.71,109550,5.12438,95.29,1.027,10.75,92.0,42.0,0.0
1787958857.2,0.00,701.5,0,0.260,0.000,0.0000,0,False,False,P,False,81.2,13.71,109550,5.12438,95.29,1.027,10.75,92.0,42.0,0.0
1787958857.4,0.00,702.0,0,0.260,0.000,0.0000,0,False,False,P,False,81.2,13.71,109550,5.12438,95.29,1.053,10.75,92.0,42.0,0.0
1787958857.6,0.00,704.2,0,0.260,0.000,0.0000,0,False,False,P,False,81.2,13.71,109550,5.12438,95.29,1.027,10.75,92.0,42.0,0.0
1787958857.8,0.00,705.8,0,0.260,0.000,0.0000,0,False,False,P,False,81.2,13.71,109550,5.12438,95.29,1.027,10.74,92.0,42.0,0.0
1787958858.0,0.00,706.5,0,0.260,0.000,0.0000,0,False,False,P,False,81.2,13.71,109550,5.12438,95.29,1.040,10.74,92.0,42.0,0.0
1787958858.2,0.00,708.0,0,0.260,0.000,0.0000,0,False,False,P,False,81.2,13.71,109550,5.12438,95.29,1.040,10.74,92.0,42.0,0.0
1787958858.4,0.00,707.2,0,0.260,0.000,0.0000,0,False,False,P,False,81.2,13.71,109550,5.12438,95.29,1.027,10.74,92.0,42.0,0.0
1787958858.6,0.00,707.2,0,0.260,0.000,0.0000,0,False,False,P,False,81.2,13.71,109550,5.12438,95.29,1.015,10.74,92.0,42.0,0.0
1787958858.8,0.00,705.0,0,0.260,0.000,0.0000,0,False,False,P,False,81.2,13.72,109550,5.12438,95.29,1.040,10.74,92.0,42.0,0.0
1787958859.0,0.00,703.2,0,0.260,0.000,0.0000,0,False,False,P,False,81.2,13.72,109550,5.12438,95.29,1.027,10.74,92.0,42.0,0.0
1787958859.2,0.00,701.5,0,0.260,0.000,0.0000,0,False,False,P,False,81.2,13.72,109550,5.12438,95.29,1.053,10.74,92.0,42.0,0.0
1787958859.4,0.00,701.0,0,0.260,0.000,0.0000,0,False,False,P,False,81.2,13.72,109550,5.12438,95.29,1.040,10.73,92.0,42.0,0.0
1787958859.6,0.00,692.0,0,0.260,0.000,0.0000,0,False,False,P,False,81.2,13.72,109550,5.12438,95.29,0.743,10.73,92.0,40.0,0.0
1787958859.8,0.00,721.5,0,0.260,0.000,0.0000,0,False,False,P,False,81.2,13.72,109550,5.12438,95.29,0.743,10.73,92.0,38.0,0.0
1787958860.0,0.00,750.2,0,0.260,0.000,0.0000,0,False,False,P,False,81.2,13.72,109550,5.12438,95.29,0.743,10.73,92.0,36.0,0.0
1787958860.2,0.00,741.5,0,0.260,0.000,0.0000,0,False,False,P,False,81.2,13.72,109550,5.12438,95.29,0.743,10.73,92.0,34.0,0.0
1787958860.4,0.00,738.2,0,0.260,0.000,0.0000,0,False,False,P,False,81.2,13.72,109550,5.12438,95.29,0.696,10.73,92.0,33.0,0.0
1787958860.6,0.00,726.2,0,0.260,0.000,0.0000,0,False,False,P,False,81.2,13.72,109550,5.12438,95.29,0.696,10.73,92.0,31.0,0.0
1787958860.8,0.00,721.8,0,0.260,0.000,0.0000,0,False,False,P,False,81.2,13.72,109550,5.12438,95.29,0.675,10.73,92.0,31.0,0.0
1787958861.0,0.00,708.8,0,0.260,0.000,0.0000,0,False,False,P,False,81.2,13.72,109550,5.12438,95.29,0.705,10.73,92.0,30.0,0.0
1787958861.2,0.00,702.0,0,0.260,0.000,0.0000,0,False,False,P,False,81.2,13.72,109550,5.12438,95.29,0.705,10.73,92.0,30.0,0.0
1787958861.5,0.00,695.5,0,0.260,0.000,0.0000,0,False,False,P,False,81.2,13.72,109550,5.12438,95.29,0.683,10.72,92.0,30.0,0.0
1787958861.7,0.00,693.0,0,0.260,0.000,0.0000,0,False,False,P,False,81.2,13.72,109550,5.12438,95.29,0.726,10.72,92.0,30.0,0.0
1787958861.9,0.00,695.0,0,0.260,0.000,0.0000,0,False,False,P,False,81.2,13.73,109550,5.12438,95.29,0.713,10.72,92.0,30.0,0.0
1787958862.1,0.00,700.5,0,0.260,0.000,0.0000,0,False,False,P,False,81.2,13.73,109550,5.12438,95.29,0.696,10.72,92.0,30.0,0.0
1787958862.3,0.00,701.2,0,0.260,0.000,0.0000,0,False,False,P,False,81.2,13.73,109550,5.12438,95.29,0.713,10.72,92.0,30.0,0.0
1787958862.5,0.00,704.5,0,0.260,0.000,0.0000,0,False,False,P,False,81.2,13.73,109550,5.12438,95.29,0.696,10.72,92.0,30.0,0.0
1787958862.7,0.00,703.2,0,0.260,0.000,0.0000,0,False,False,P,False,81.2,13.73,109550,5.12438,95.29,0.705,10.72,92.0,30.0,0.0
1787958862.9,0.00,702.2,0,0.260,0.000,0.0000,0,False,False,P,False,81.2,13.73,109550,5.12438,95.29,0.713,10.72,92.0,30.0,0.0
1787958863.1,0.00,702.0,0,0.260,0.000,0.0000,0,False,False,P,False,81.2,13.73,109550,5.12438,95.29,0.713,10.72,92.0,30.0,0.0
1787958863.3,0.00,702.5,0,0.260,0.000,0.0000,0,False,False,P,False,81.2,13.73,109550,5.12438,95.29,0.713,10.72,92.0,30.0,0.0
1787958863.5,0.00,704.5,0,0.260,0.000,0.0000,0,False,False,P,False,81.2,13.73,109550,5.12438,95.29,0.713,10.72,92.0,30.0,0.0
1787958863.7,0.00,704.5,0,0.260,0.000,0.0000,0,False,False,P,False,81.2,13.73,109550,5.12438,95.29,0.705,10.72,92.0,30.0,0.0
1787958863.9,0.00,703.2,0,0.260,0.000,0.0000,0,False,False,P,False,81.2,13.73,109550,5.12438,95.29,0.713,10.71,92.0,30.0,0.0
1787958864.1,0.00,698.5,0,0.260,0.000,0.0000,0,False,False,P,False,81.2,13.73,109550,5.12438,95.29,0.713,10.71,92.0,30.0,0.0
1787958864.3,0.00,700.5,0,0.260,0.000,0.0000,0,False,False,P,False,81.2,13.73,109550,5.12438,95.29,0.696,10.71,92.0,30.0,0.0
1787958864.5,0.00,701.2,0,0.260,0.000,0.0000,0,False,False,P,False,81.2,13.73,109550,5.12438,95.29,0.713,10.71,92.0,30.0,0.0
1787958864.7,0.00,699.5,0,0.260,0.000,0.0000,0,False,False,P,False,81.2,13.73,109550,5.12438,95.29,0.683,10.71,92.0,30.0,0.0
1787958864.9,0.00,698.5,0,0.260,0.000,0.0000,0,False,False,P,False,81.2,13.73,109550,5.12438,95.29,0.696,10.71,92.0,30.0,0.0
1787958865.1,0.00,700.2,0,0.260,0.000,0.0000,0,False,False,P,False,81.2,13.73,109550,5.12438,95.29,0.683,10.71,92.0,30.0,0.0
1787958865.3,0.00,693.8,0,0.260,0.000,0.0000,0,False,False,P,False,81.2,13.73,109550,5.12438,95.29,0.713,10.71,92.0,30.0,0.0
1787958865.5,0.00,697.8,0,0.260,0.000,0.0000,0,False,False,P,False,81.2,13.73,109550,5.12438,95.29,0.705,10.71,92.0,30.0,0.0
1787958865.7,0.00,695.8,0,0.260,0.000,0.0000,0,False,False,P,False,81.2,13.73,109550,5.12438,95.29,0.683,10.71,92.0,30.0,0.0
1787958865.9,0.00,700.0,0,0.260,0.000,0.0000,0,False,False,P,False,81.2,13.73,109550,5.12438,95.29,0.683,10.71,92.0,30.0,0.0
1787958866.1,0.00,700.0,0,0.260,0.000,0.0000,0,False,False,P,False,81.2,13.73,109550,5.12438,95.29,0.683,10.70,92.0,30.0,0.0
1787958866.3,0.00,699.2,0,0.260,0.000,0.0000,0,False,False,P,False,81.2,13.73,109550,5.12438,95.29,0.696,10.70,92.0,30.0,0.0
1787958866.5,0.00,701.0,0,0.260,0.000,0.0000,0,False,False,P,False,81.2,13.73,109550,5.12438,95.29,0.713,10.70,92.0,30.0,0.0
1787958866.7,0.00,701.8,0,0.260,0.000,0.0000,0,False,False,P,False,81.2,13.73,109550,5.12438,95.29,0.683,10.70,92.0,30.0,0.0
1787958866.9,0.00,703.5,0,0.260,0.000,0.0000,0,False,False,P,False,81.2,13.73,109550,5.12438,95.29,0.696,10.70,92.0,30.0,0.0
1787958867.1,0.00,701.8,0,0.260,0.000,0.0000,0,False,False,P,False,81.2,13.73,109550,5.12438,95.29,0.726,10.70,92.0,30.0,0.0
1787958867.3,0.00,703.2,0,0.260,0.000,0.0000,0,False,False,P,False,81.2,13.73,109550,5.12438,95.29,0.696,10.70,92.0,30.0,0.0
1787958867.5,0.00,704.8,0,0.260,0.000,0.0000,0,False,False,P,False,81.2,13.73,109550,5.12438,95.29,0.696,10.70,92.0,30.0,0.0
1787958867.7,0.00,704.8,0,0.260,0.000,0.0000,0,False,False,P,False,81.2,13.73,109550,5.12438,95.29,0.683,10.70,92.0,30.0,0.0
1787958868.0,0.00,700.8,0,0.260,0.000,0.0000,0,False,False,P,False,81.2,13.73,109550,5.12438,95.29,0.696,10.70,92.0,30.0,0.0
1787958868.2,0.00,704.0,0,0.260,0.000,0.0000,0,False,False,P,False,81.2,13.73,109550,5.12438,95.29,0.705,10.70,92.0,30.0,0.0
1787958868.4,0.00,699.5,0,0.260,0.000,0.0000,0,False,False,P,False,81.2,13.73,109550,5.12438,95.29,0.683,10.69,92.0,30.0,0.0
1787958868.6,0.00,698.5,0,0.260,0.000,0.0000,0,False,False,P,False,81.2,13.73,109550,5.12438,95.29,0.705,10.69,92.0,30.0,0.0
1787958868.8,0.00,700.2,0,0.260,0.000,0.0000,0,False,False,P,False,81.2,13.73,109550,5.12438,95.29,0.705,10.69,92.0,30.0,0.0
1787958869.0,0.00,700.2,0,0.260,0.000,0.0000,0,False,False,P,False,81.2,13.73,109550,5.12438,95.29,0.705,10.69,92.0,30.0,0.0
1787958869.2,0.00,700.5,0,0.260,0.000,0.0000,0,False,False,P,False,81.2,13.73,109550,5.12438,95.29,0.705,10.69,92.0,30.0,0.0
1787958869.4,0.00,698.5,0,0.260,0.000,0.0000,0,False,False,P,False,81.2,13.73,109550,5.12438,95.29,0.705,10.69,92.0,30.0,0.0
1787958869.6,0.00,698.0,0,0.260,0.000,0.0000,0,False,False,P,False,81.2,13.73,109550,5.12438,95.29,0.705,10.69,92.0,30.0,0.0
1787958869.8,0.00,704.0,0,0.260,0.000,0.0000,0,False,False,P,False,81.2,13.73,109550,5.12438,95.29,0.705,10.69,92.0,30.0,0.0
1787958870.0,0.00,702.8,0,0.260,0.000,0.0000,0,False,False,P,False,81.2,13.73,109550,5.12438,95.29,0.705,10.69,92.0,30.0,0.0
1787958870.2,0.00,703.5,0,0.260,0.000,0.0000,0,False,False,P,False,81.2,13.73,109550,5.12438,95.29,0.696,10.69,92.0,30.0,0.0
1787958870.4,0.00,705.2,0,0.260,0.000,0.0000,0,False,False,P,False,81.2,13.73,109550,5.12438,95.29,0.705,10.69,92.0,30.0,0.0
1787958870.6,0.00,704.2,0,0.260,0.000,0.0000,0,False,False,P,False,81.2,13.73,109550,5.12438,95.29,0.713,10.69,92.0,30.0,0.0
1787958870.8,0.00,704.8,0,0.260,0.000,0.0000,0,False,False,P,False,81.2,13.73,109550,5.12438,95.29,0.705,10.68,92.0,30.0,0.0
1787958871.0,0.00,704.5,0,0.260,0.000,0.0000,0,False,False,P,False,81.2,13.73,109550,5.12438,95.29,0.696,10.68,92.0,30.0,0.0
1787958871.2,0.00,702.0,0,0.260,0.000,0.0000,0,False,False,P,False,81.2,13.71,109550,5.12438,95.29,0.696,10.68,92.0,30.0,0.0
1787958871.4,0.00,702.5,0,0.260,0.000,0.0000,0,False,False,P,False,81.2,13.71,109550,5.12438,95.29,0.705,10.68,92.0,30.0,0.0
1787958871.6,0.00,702.5,0,0.260,0.000,0.0000,0,False,False,P,False,81.2,13.71,109550,5.12438,95.29,0.696,10.68,92.0,30.0,0.0
1787958871.8,0.00,699.0,0,0.260,0.000,0.0000,0,False,False,P,False,81.2,13.71,109550,5.12438,95.29,0.713,10.68,92.0,30.0,0.0
1787958872.0,0.00,701.2,0,0.260,0.000,0.0000,0,False,False,P,False,81.2,13.71,109550,5.12438,95.29,0.713,10.68,92.0,30.0,0.0
1787958872.2,0.00,698.8,0,0.260,0.000,0.0000,0,False,False,P,False,81.2,13.71,109550,5.12438,95.29,0.696,10.68,92.0,30.0,0.0
1787958872.4,0.00,700.5,0,0.260,0.000,0.0000,0,False,False,P,False,81.2,13.71,109550,5.12438,95.29,0.713,10.68,92.0,30.0,0.0
1787958872.6,0.00,700.2,0,0.260,0.000,0.0000,0,False,False,P,False,81.2,13.71,109550,5.12438,95.29,0.705,10.68,92.0,30.0,0.0
1787958872.8,0.00,697.0,0,0.260,0.000,0.0000,0,False,False,P,False,81.2,13.71,109550,5.12438,95.29,0.713,10.68,92.0,30.0,0.0
1787958873.0,0.00,697.8,0,0.260,0.000,0.0000,0,False,False,P,False,81.2,13.71,109550,5.12438,95.29,0.713,10.67,92.0,30.0,0.0
1787958873.2,0.00,698.2,0,0.260,0.000,0.0000,0,False,False,P,False,81.2,13.71,109550,5.12438,95.29,0.696,10.67,92.0,30.0,0.0
1787958873.4,0.00,702.0,0,0.260,0.000,0.0000,0,False,False,P,False,81.2,13.71,109550,5.12438,95.29,0.705,10.67,92.0,30.0,0.0
1787958873.6,0.00,702.8,0,0.260,0.000,0.0000,0,False,False,P,False,81.2,13.71,109550,5.12438,95.29,0.705,10.67,92.0,30.0,0.0
1787958873.8,0.00,702.5,0,0.260,0.000,0.0000,0,False,False,P,False,81.2,13.71,109550,5.12438,95.29,0.726,10.67,92.0,30.0,0.0
1787958874.0,0.00,705.2,0,0.260,0.000,0.0000,0,False,False,P,False,81.2,13.71,109550,5.12438,95.29,0.696,10.67,92.0,30.0,0.0
1787958874.3,0.00,702.8,0,0.260,0.000,0.0000,0,False,False,P,False,81.2,13.72,109550,5.12438,95.29,0.696,10.67,92.0,30.0,0.0
1787958874.5,0.00,702.8,0,0.260,0.000,0.0000,0,False,False,P,False,81.2,13.72,109550,5.12438,95.29,1.299,10.67,92.0,36.0,0.0
1787958874.7,0.00,792.0,0,0.260,0.000,0.0000,0,False,False,P,False,81.2,13.72,109550,5.12438,95.29,0.989,10.67,92.0,36.0,0.0
1787958874.9,0.00,756.0,0,0.260,0.000,0.0000,0,False,False,P,False,81.2,13.72,109550,5.12438,95.29,1.286,10.66,92.0,38.0,0.0
1787958875.1,0.00,752.2,0,0.260,0.000,0.0000,0,False,False,P,False,81.2,13.72,109550,5.12438,95.29,1.121,10.66,92.0,39.0,0.0
1787958875.3,0.00,742.2,0,0.260,0.000,0.0000,0,False,False,P,False,81.2,13.72,109550,5.12438,95.29,1.121,10.66,92.0,40.0,0.0
1787958875.5,0.00,740.2,0,0.260,0.000,0.0000,0,False,False,P,False,81.2,13.72,109550,5.12438,95.29,1.078,10.66,92.0,41.0,0.0
1787958875.7,0.00,737.5,0,0.260,0.000,0.0000,0,False,False,P,False,81.2,13.72,109550,5.12438,95.29,1.078,10.66,92.0,41.0,0.0
1787958875.9,0.00,734.2,0,0.260,0.000,0.0000,0,False,False,P,False,81.2,13.72,109550,5.12438,95.29,1.104,10.66,92.0,41.0,0.0
1787958876.1,0.00,730.5,0,0.260,0.000,0.0000,0,False,False,P,False,81.2,13.72,109550,5.12438,95.29,1.104,10.66,92.0,41.0,0.0
1787958876.3,0.00,725.5,0,0.260,0.000,0.0000,0,False,False,P,False,81.2,13.72,109550,5.12438,95.29,1.040,10.66,92.0,41.0,0.0
1787958876.5,0.00,724.2,0,0.260,0.000,0.0000,0,False,False,P,False,81.2,13.72,109550,5.12438,95.29,1.065,10.65,92.0,42.0,0.0
1787958876.7,0.00,721.5,0,0.260,0.000,0.0000,0,False,False,P,False,81.2,13.72,109550,5.12438,95.29,1.065,10.65,92.0,42.0,0.0
1787958876.9,0.00,717.2,0,0.260,0.000,0.0000,0,False,False,P,False,81.2,13.72,109550,5.12438,95.29,1.065,10.65,92.0,42.0,0.0
1787958877.1,0.00,713.5,0,0.260,0.000,0.0000,0,False,False,P,False,81.2,13.72,109550,5.12438,95.29,1.091,10.65,92.0,43.0,0.0
1787958877.3,0.00,711.5,0,0.260,0.000,0.0000,0,False,False,P,False,81.2,13.47,109550,5.12438,95.29,1.104,10.65,92.0,43.0,0.0
1787958877.5,0.00,713.0,0,0.260,0.000,0.0000,0,False,False,P,False,81.2,13.47,109550,5.12438,95.29,1.133,10.65,92.0,43.0,0.0
1787958877.7,0.00,714.8,0,0.260,0.000,0.0000,0,False,False,P,False,81.2,13.47,109550,5.12438,95.29,1.121,10.65,92.0,44.0,0.0
1787958877.9,0.00,719.5,0,0.260,0.000,0.0000,0,False,False,P,False,81.2,13.47,109550,5.12438,95.29,1.091,10.64,92.0,44.0,0.0
1787958878.1,0.00,728.2,0,0.260,0.000,0.0000,0,False,False,P,False,81.2,13.47,109550,5.12438,95.29,1.091,10.64,92.0,44.0,0.0
1787958878.3,0.00,736.8,0,0.260,0.000,0.0000,0,False,False,P,False,81.2,13.47,109550,5.12438,95.29,1.078,10.64,92.0,43.0,0.0
1787958878.5,0.00,739.5,0,0.260,0.000,0.0000,0,False,False,P,False,81.2,13.47,109550,5.12438,95.29,1.027,10.64,92.0,43.0,0.0
1787958878.7,0.00,733.5,0,0.260,0.000,0.0000,0,False,False,P,False,81.2,13.47,109550,5.12438,95.29,1.015,10.64,92.0,42.0,0.0
1787958878.9,0.00,726.2,0,0.260,0.000,0.0000,0,False,False,P,False,81.2,13.47,109550,5.12438,95.29,1.053,10.64,92.0,42.0,0.0
1787958879.1,0.00,717.2,0,0.260,0.000,0.0000,0,False,False,P,False,81.2,13.47,109550,5.12438,95.29,1.053,10.64,92.0,42.0,0.0
1787958879.3,0.00,710.8,0,0.260,0.000,0.0000,0,False,False,P,False,81.2,13.47,109550,5.12438,95.29,1.078,10.63,92.0,42.0,0.0
1787958879.5,0.00,703.0,0,0.260,0.000,0.0000,0,False,False,P,False,81.2,13.47,109550,5.12438,95.29,1.078,10.63,92.0,42.0,0.0
1787958879.7,0.00,697.2,0,0.260,0.000,0.0000,0,False,False,P,False,81.2,13.47,109550,5.12438,95.29,1.053,10.63,92.0,42.0,0.0
1787958879.9,0.00,691.2,0,0.260,0.000,0.0000,0,False,False,P,False,81.2,13.47,109550,5.12438,95.29,1.053,10.63,92.0,42.0,0.0
1787958880.1,0.00,692.0,0,0.260,0.000,0.0000,0,False,False,P,False,81.2,13.47,109550,5.12438,95.29,1.040,10.63,92.0,43.0,0.0
1787958880.3,0.00,695.5,0,0.260,0.000,0.0000,0,False,False,P,False,81.2,13.72,109550,5.12438,95.29,1.078,10.63,92.0,43.0,0.0
1787958880.6,0.00,703.8,0,0.260,0.000,0.0000,0,False,False,P,False,81.2,13.72,109550,5.12438,95.29,1.091,10.63,92.0,43.0,0.0
1787958880.8,0.00,714.5,0,0.260,0.000,0.0000,0,False,False,P,False,81.2,13.72,109550,5.12438,95.29,1.065,10.63,92.0,43.0,0.0
1787958881.0,0.00,717.8,0,0.260,0.000,0.0000,0,False,False,P,False,81.2,13.72,109550,5.12438,95.29,1.040,10.62,92.0,43.0,0.0
1787958881.2,0.00,718.2,0,0.260,0.000,0.0000,0,False,False,P,False,81.2,13.72,109550,5.12438,95.29,1.040,10.62,92.0,42.0,0.0
1787958881.4,0.00,714.2,0,0.260,0.000,0.0000,0,False,False,P,False,81.2,13.72,109550,5.12438,95.29,1.053,10.62,92.0,42.0,0.0
1787958881.6,0.00,711.2,0,0.260,0.000,0.0000,0,False,False,P,False,81.2,13.72,109550,5.12438,95.29,1.053,10.62,92.0,42.0,0.0
1787958881.8,0.00,706.8,0,0.260,0.000,0.0000,0,False,False,P,False,81.2,13.72,109550,5.12438,95.29,1.065,10.62,92.0,42.0,0.0
1787958882.0,0.00,704.8,0,0.260,0.000,0.0000,0,False,False,P,False,81.2,13.72,109550,5.12438,95.29,1.053,10.62,92.0,42.0,0.0
1787958882.2,0.00,703.5,0,0.260,0.000,0.0000,0,False,False,P,False,81.2,13.72,109550,5.12438,95.29,1.053,10.62,92.0,42.0,0.0
1787958882.4,0.00,706.5,0,0.260,0.000,0.0000,0,False,False,P,False,81.2,13.72,109550,5.12438,95.29,1.091,10.62,92.0,42.0,0.0
1787958882.6,0.00,707.0,0,0.260,0.000,0.0000,0,False,False,P,False,81.2,13.72,109550,5.12438,95.29,1.053,10.61,92.0,42.0,0.0
