t,fix,sats,hdop,lat,lon,alt_m,speed_kmh,course
1788079855.09,0,00,99.99,,,,0.0,0.0
1788079856.09,0,00,99.99,,,,0.0,0.0
1788079857.09,0,00,99.99,,,,0.0,0.0
1788079858.09,0,00,99.99,,,,0.0,0.0
1788079859.09,0,00,99.99,,,,0.0,0.0
1788079860.09,0,00,99.99,,,,0.0,0.0
1788079861.09,0,00,99.99,,,,0.0,0.0
1788079862.09,0,00,99.99,,,,0.0,0.0
1788079863.09,0,00,99.99,,,,0.0,0.0
1788079864.09,0,00,99.99,,,,0.0,0.0
1788079865.09,0,00,99.99,,,,0.0,0.0
1788079866.09,0,00,99.99,,,,0.0,0.0
1788079867.09,0,00,99.99,,,,0.0,0.0
1788079868.09,0,00,99.99,,,,0.0,0.0
1788079869.09,0,00,99.99,,,,0.0,0.0
1788079870.09,0,00,99.99,,,,0.0,0.0
1788079871.10,0,00,99.99,,,,0.0,0.0
1788079872.10,0,00,99.99,,,,0.0,0.0
1788079873.09,0,00,99.99,,,,0.0,0.0
1788079874.09,0,00,99.99,,,,0.0,0.0
1788079875.09,0,00,99.99,,,,0.0,0.0
1788079876.09,0,00,99.99,,,,0.0,0.0
1788079877.09,0,00,99.99,,,,0.0,0.0
1788079878.10,0,00,99.99,,,,0.0,0.0
1788079879.09,0,00,99.99,,,,0.0,0.0
1788079880.10,0,00,99.99,,,,0.0,0.0
1788079881.09,0,00,99.99,,,,0.0,0.0
1788079882.10,0,00,99.99,,,,0.0,0.0
1788079883.09,0,00,99.99,,,,0.0,0.0
1788079884.09,0,00,99.99,,,,0.0,0.0
1788082680.14,0,00,99.99,,,,0.0,0.0
1788082681.14,0,00,99.99,,,,0.0,0.0
1788082682.14,0,00,99.99,,,,0.0,0.0
1788082683.14,0,00,99.99,,,,0.0,0.0
1788082684.14,0,00,99.99,,,,0.0,0.0
1788082685.14,0,00,99.99,,,,0.0,0.0
1788082686.14,0,00,99.99,,,,0.0,0.0
1788082687.14,0,00,99.99,,,,0.0,0.0
1788082688.14,0,00,99.99,,,,0.0,0.0
1788082689.14,0,00,99.99,,,,0.0,0.0
1788082690.14,0,00,99.99,,,,0.0,0.0
1788082691.14,0,00,99.99,,,,0.0,0.0
1788082692.14,0,00,99.99,,,,0.0,0.0
1788082693.14,0,00,99.99,,,,0.0,0.0
1788082694.14,0,00,99.99,,,,0.0,0.0
1788082695.14,0,00,99.99,,,,0.0,0.0
1788082696.14,0,00,99.99,,,,0.0,0.0
1788082697.14,0,00,99.99,,,,0.0,0.0
1788082698.14,0,00,99.99,,,,0.0,0.0
1788082699.14,0,00,99.99,,,,0.0,0.0
1788082700.14,0,00,99.99,,,,0.0,0.0
1788082701.14,0,00,99.99,,,,0.0,0.0
1788082702.14,0,00,99.99,,,,0.0,0.0
1788082703.14,0,00,99.99,,,,0.0,0.0
1788082704.14,0,00,99.99,,,,0.0,0.0
1788082705.14,0,00,99.99,,,,0.0,0.0
1788082706.14,0,00,99.99,,,,0.0,0.0
1788082707.14,0,00,99.99,,,,0.0,0.0
1788082708.14,0,00,99.99,,,,0.0,0.0
1788082709.14,0,00,99.99,,,,0.0,0.0
1788082710.14,0,00,99.99,,,,0.0,0.0
1788082711.14,0,00,99.99,,,,0.0,0.0
1788082712.14,0,00,99.99,,,,0.0,0.0
1788082713.14,0,00,99.99,,,,0.0,0.0
1788082714.17,0,00,99.99,,,,0.0,0.0
1788082715.20,0,00,99.99,,,,0.0,0.0
1788082716.23,0,00,99.99,,,,0.0,0.0
1788082717.25,0,00,99.99,,,,0.0,0.0
1788082718.26,0,00,99.99,,,,0.0,0.0
1788082719.28,0,00,99.99,,,,0.0,0.0
1788082720.29,0,00,99.99,,,,0.0,0.0
1788082721.30,0,00,99.99,,,,0.0,0.0
1788082722.32,0,00,99.99,,,,0.0,0.0
1788082723.32,0,00,99.99,,,,0.0,0.0
1788082724.33,0,00,99.99,,,,0.0,0.0
1788082725.34,0,00,99.99,,,,0.0,0.0
1788082726.34,0,00,99.99,,,,0.0,0.0
1788082727.35,0,00,99.99,,,,0.0,0.0
1788082728.35,0,00,99.99,,,,0.0,0.0
1788082729.36,0,00,99.99,,,,0.0,0.0
1788082730.36,0,00,99.99,,,,0.0,0.0
1788082731.36,0,00,99.99,,,,0.0,0.0
1788082732.37,0,00,99.99,,,,0.0,0.0
1788082733.37,0,00,99.99,,,,0.0,0.0
1788082734.38,0,00,99.99,,,,0.0,0.0
1788082735.38,0,00,99.99,,,,0.0,0.0
1788082736.38,0,00,99.99,,,,0.0,0.0
1788082737.38,0,00,99.99,,,,0.0,0.0
1788082738.39,0,00,99.99,,,,0.0,0.0
1788082739.39,0,00,99.99,,,,0.0,0.0
1788082740.39,0,00,99.99,,,,0.0,0.0
1788082741.39,0,00,99.99,,,,0.0,0.0
1788082742.39,0,00,99.99,,,,0.0,0.0
1788082743.39,0,00,99.99,,,,0.0,0.0
1788082744.39,0,00,99.99,,,,0.0,0.0
1788082745.39,0,00,99.99,,,,0.0,0.0
1788082746.37,0,00,99.99,,,,0.0,0.0
1788082747.36,0,00,99.99,,,,0.0,0.0
1788082748.35,0,00,99.99,,,,0.0,0.0
1788082749.33,0,00,99.99,,,,0.0,0.0
1788082750.32,0,00,99.99,,,,0.0,0.0
1788082751.31,0,00,99.99,,,,0.0,0.0
1788082752.31,0,00,99.99,,,,0.0,0.0
1788082753.30,0,00,99.99,,,,0.0,0.0
1788082754.30,0,00,99.99,,,,0.0,0.0
1788082755.30,0,00,99.99,,,,0.0,0.0
1788082756.29,0,00,99.99,,,,0.0,0.0
1788082757.28,0,00,99.99,,,,0.0,0.0
1788082758.28,0,00,99.99,,,,0.0,0.0
1788082759.28,0,00,99.99,,,,0.0,0.0
1788082760.27,0,00,99.99,,,,0.0,0.0
1788082761.27,0,00,99.99,,,,0.0,0.0
1788082762.27,0,00,99.99,,,,0.0,0.0
1788082763.26,0,00,99.99,,,,0.0,0.0
1788082764.26,0,00,99.99,,,,0.0,0.0
1788082765.26,0,00,99.99,,,,0.0,0.0
1788082766.26,0,00,99.99,,,,0.0,0.0
1788082767.27,0,00,99.99,,,,0.0,0.0
1788082768.26,0,00,99.99,,,,0.0,0.0
1788082769.26,0,00,99.99,,,,0.0,0.0
1788082770.25,0,00,99.99,,,,0.0,0.0
1788082771.25,0,00,99.99,,,,0.0,0.0
1788082772.25,0,00,99.99,,,,0.0,0.0
1788082773.26,0,00,99.99,,,,0.0,0.0
1788082774.26,0,00,99.99,,,,0.0,0.0
1788082775.26,0,00,99.99,,,,0.0,0.0
1788082776.26,0,00,99.99,,,,0.0,0.0
1788082777.25,0,00,99.99,,,,0.0,0.0
1788082778.24,0,00,99.99,,,,0.0,0.0
1788082779.23,0,00,99.99,,,,0.0,0.0
1788082780.22,0,00,99.99,,,,0.0,0.0
1788082781.21,0,00,99.99,,,,0.0,0.0
1788082782.21,0,00,99.99,,,,0.0,0.0
1788082783.21,0,00,99.99,,,,0.0,0.0
1788082784.19,0,00,99.99,,,,0.0,0.0
1788082785.19,0,00,99.99,,,,0.0,0.0
1788082786.19,0,00,99.99,,,,0.0,0.0
1788082787.18,0,00,99.99,,,,0.0,0.0
1788082788.19,0,00,99.99,,,,0.0,0.0
1788082789.19,0,00,99.99,,,,0.0,0.0
1788082790.18,0,00,99.99,,,,0.0,0.0
1788082791.18,0,00,99.99,,,,0.0,0.0
1788082792.18,0,00,99.99,,,,0.0,0.0
1788082793.18,0,00,99.99,,,,0.0,0.0
1788082794.17,0,00,99.99,,,,0.0,0.0
1788082795.17,0,00,99.99,,,,0.0,0.0
1788082796.17,0,00,99.99,,,,0.0,0.0
1788082797.17,0,00,99.99,,,,0.0,0.0
1788082798.16,0,00,99.99,,,,0.0,0.0
1788082799.17,0,00,99.99,,,,0.0,0.0
1788082800.17,0,00,99.99,,,,0.0,0.0
1788082801.16,0,00,99.99,,,,0.0,0.0
1788082802.16,0,00,99.99,,,,0.0,0.0
1788082803.17,0,00,99.99,,,,0.0,0.0
1788082804.16,0,00,99.99,,,,0.0,0.0
1788082805.16,0,00,99.99,,,,0.0,0.0
1788082806.15,0,00,99.99,,,,0.0,0.0
1788082807.16,0,00,99.99,,,,0.0,0.0
1788082808.15,0,00,99.99,,,,0.0,0.0
1788082809.15,0,00,99.99,,,,0.0,0.0
1788082810.15,0,00,99.99,,,,0.0,0.0
1788082811.16,0,00,99.99,,,,0.0,0.0
1788082812.16,0,00,99.99,,,,0.0,0.0
1788082813.16,0,00,99.99,,,,0.0,0.0
1788082814.16,0,00,99.99,,,,0.0,0.0
1788082815.16,0,00,99.99,,,,0.0,0.0
1788082816.16,0,00,99.99,,,,0.0,0.0
1788082817.16,0,00,99.99,,,,0.0,0.0
1788082818.16,0,00,99.99,,,,0.0,0.0
1788082819.16,0,00,99.99,,,,0.0,0.0
1788082820.16,0,00,99.99,,,,0.0,0.0
1788082821.16,0,00,99.99,,,,0.0,0.0
1788082822.16,0,00,99.99,,,,0.0,0.0
1788082823.16,0,00,99.99,,,,0.0,0.0
1788082824.16,0,00,99.99,,,,0.0,0.0
1788082825.16,0,00,99.99,,,,0.0,0.0
1788082826.16,0,00,99.99,,,,0.0,0.0
1788082827.16,0,00,99.99,,,,0.0,0.0
1788082828.16,0,00,99.99,,,,0.0,0.0
1788082829.16,0,00,99.99,,,,0.0,0.0
1788082830.16,0,00,99.99,,,,0.0,0.0
1788082831.16,0,00,99.99,,,,0.0,0.0
1788082832.16,0,00,99.99,,,,0.0,0.0
1788082833.16,0,00,99.99,,,,0.0,0.0
1788082834.16,0,00,99.99,,,,0.0,0.0
1788082835.16,0,00,99.99,,,,0.0,0.0
1788082836.16,0,00,99.99,,,,0.0,0.0
1788082837.16,0,00,99.99,,,,0.0,0.0
1788082838.16,0,00,99.99,,,,0.0,0.0
1788082839.16,0,00,99.99,,,,0.0,0.0
1788082840.16,0,00,99.99,,,,0.0,0.0
1788082841.16,0,00,99.99,,,,0.0,0.0
1788082842.16,0,00,99.99,,,,0.0,0.0
1788082843.16,0,00,99.99,,,,0.0,0.0
1788082844.16,0,00,99.99,,,,0.0,0.0
1788082845.16,0,00,99.99,,,,0.0,0.0
1788082846.16,0,00,99.99,,,,0.0,0.0
1788082847.16,0,00,99.99,,,,0.0,0.0
1788082848.16,0,00,99.99,,,,0.0,0.0
1788082849.16,0,00,99.99,,,,0.0,0.0
1788082850.16,0,00,99.99,,,,0.0,0.0
1788082851.16,0,00,99.99,,,,0.0,0.0
1788082852.17,0,00,99.99,,,,0.0,0.0
1788082853.16,0,00,99.99,,,,0.0,0.0
1788082854.16,0,00,99.99,,,,0.0,0.0
1788082855.16,0,00,99.99,,,,0.0,0.0
1788082856.16,0,00,99.99,,,,0.0,0.0
1788082857.16,0,00,99.99,,,,0.0,0.0
1788082858.16,0,00,99.99,,,,0.0,0.0
1788082859.16,0,00,99.99,,,,0.0,0.0
1788082860.16,0,00,99.99,,,,0.0,0.0
1788082861.16,0,00,99.99,,,,0.0,0.0
1788082862.16,0,00,99.99,,,,0.0,0.0
1788082863.16,0,00,99.99,,,,0.0,0.0
1788082864.16,0,00,99.99,,,,0.0,0.0
1788082865.16,0,00,99.99,,,,0.0,0.0
1788082866.15,0,00,99.99,,,,0.0,0.0
1788082867.15,0,00,99.99,,,,0.0,0.0
1788082868.15,0,00,99.99,,,,0.0,0.0
1788082869.16,0,00,99.99,,,,0.0,0.0
1788082870.16,0,00,99.99,,,,0.0,0.0
1788082871.16,0,00,99.99,,,,0.0,0.0
1788082872.15,0,00,99.99,,,,0.0,0.0
1788082873.15,0,00,99.99,,,,0.0,0.0
1788082874.15,0,00,99.99,,,,0.0,0.0
1788082875.15,0,00,99.99,,,,0.0,0.0
1788082876.15,0,00,99.99,,,,0.0,0.0
1788082877.15,0,00,99.99,,,,0.0,0.0
1788082878.15,0,00,99.99,,,,0.0,0.0
1788082879.15,0,00,99.99,,,,0.0,0.0
1788082880.15,0,00,99.99,,,,0.0,0.0
1788082881.15,0,00,99.99,,,,0.0,0.0
1788082882.15,0,00,99.99,,,,0.0,0.0
1788082883.16,0,00,99.99,,,,0.0,0.0
1788082884.16,0,00,99.99,,,,0.0,0.0
1788082885.16,0,00,99.99,,,,0.0,0.0
1788082886.16,0,00,99.99,,,,0.0,0.0
1788082887.16,0,00,99.99,,,,0.0,0.0
1788082888.16,0,00,99.99,,,,0.0,0.0
1788082889.16,0,00,99.99,,,,0.0,0.0
1788082890.16,0,00,99.99,,,,0.0,0.0
1788082891.16,0,00,99.99,,,,0.0,0.0
1788082892.16,0,00,99.99,,,,0.0,0.0
1788082893.16,0,00,99.99,,,,0.0,0.0
1788082894.16,0,00,99.99,,,,0.0,0.0
1788082895.16,0,00,99.99,,,,0.0,0.0
1788082896.16,0,00,99.99,,,,0.0,0.0
1788082897.16,0,00,99.99,,,,0.0,0.0
1788082898.16,0,00,99.99,,,,0.0,0.0
1788082899.16,0,00,99.99,,,,0.0,0.0
1788082900.16,0,00,99.99,,,,0.0,0.0
1788082901.16,0,00,99.99,,,,0.0,0.0
1788082902.16,0,00,99.99,,,,0.0,0.0
1788082903.16,0,00,99.99,,,,0.0,0.0
1788082904.16,0,00,99.99,,,,0.0,0.0
1788082905.16,0,00,99.99,,,,0.0,0.0
1788082906.15,0,00,99.99,,,,0.0,0.0
1788082907.15,0,00,99.99,,,,0.0,0.0
1788082908.15,0,00,99.99,,,,0.0,0.0
1788082909.15,0,00,99.99,,,,0.0,0.0
1788082910.16,0,00,99.99,,,,0.0,0.0
1788082911.16,0,00,99.99,,,,0.0,0.0
1788082912.16,0,00,99.99,,,,0.0,0.0
1788082913.16,0,00,99.99,,,,0.0,0.0
1788082914.16,0,00,99.99,,,,0.0,0.0
1788082915.16,0,00,99.99,,,,0.0,0.0
1788082916.16,0,00,99.99,,,,0.0,0.0
1788082917.16,0,00,99.99,,,,0.0,0.0
1788082918.15,0,00,99.99,,,,0.0,0.0
1788082919.15,0,00,99.99,,,,0.0,0.0
1788082920.16,0,00,99.99,,,,0.0,0.0
1788082921.15,0,00,99.99,,,,0.0,0.0
1788082922.16,0,00,99.99,,,,0.0,0.0
1788082923.16,0,00,99.99,,,,0.0,0.0
1788082924.15,0,00,99.99,,,,0.0,0.0
1788082925.16,0,00,99.99,,,,0.0,0.0
1788082926.15,0,00,99.99,,,,0.0,0.0
1788082927.15,0,00,99.99,,,,0.0,0.0
1788082928.15,0,00,99.99,,,,0.0,0.0
1788082929.15,0,00,99.99,,,,0.0,0.0
1788082930.16,0,00,99.99,,,,0.0,0.0
1788082931.16,0,00,99.99,,,,0.0,0.0
1788082932.16,0,00,99.99,,,,0.0,0.0
1788082933.16,0,00,99.99,,,,0.0,0.0
1788082934.15,0,00,99.99,,,,0.0,0.0
1788082935.16,0,00,99.99,,,,0.0,0.0
1788082936.16,0,00,99.99,,,,0.0,0.0
1788082937.15,0,00,99.99,,,,0.0,0.0
1788082938.16,0,00,99.99,,,,0.0,0.0
1788082939.15,0,00,99.99,,,,0.0,0.0
1788082940.15,0,00,99.99,,,,0.0,0.0
1788082941.16,0,00,99.99,,,,0.0,0.0
1788082942.16,0,00,99.99,,,,0.0,0.0
1788082943.16,0,00,99.99,,,,0.0,0.0
1788082944.16,0,00,99.99,,,,0.0,0.0
1788082945.16,0,00,99.99,,,,0.0,0.0
1788082946.16,0,00,99.99,,,,0.0,0.0
1788082947.16,0,00,99.99,,,,0.0,0.0
1788082948.16,0,00,99.99,,,,0.0,0.0
1788082949.16,0,00,99.99,,,,0.0,0.0
1788082950.16,0,00,99.99,,,,0.0,0.0
1788082951.16,0,00,99.99,,,,0.0,0.0
1788082952.16,0,00,99.99,,,,0.0,0.0
1788082953.15,0,00,99.99,,,,0.0,0.0
1788082954.16,0,00,99.99,,,,0.0,0.0
1788082955.15,0,00,99.99,,,,0.0,0.0
1788082956.15,0,00,99.99,,,,0.0,0.0
1788082957.15,0,00,99.99,,,,0.0,0.0
1788082958.15,0,00,99.99,,,,0.0,0.0
1788082959.15,0,00,99.99,,,,0.0,0.0
1788082960.15,0,00,99.99,,,,0.0,0.0
1788082961.15,0,00,99.99,,,,0.0,0.0
1788082962.15,0,00,99.99,,,,0.0,0.0
1788082963.15,0,00,99.99,,,,0.0,0.0
1788082964.15,0,00,99.99,,,,0.0,0.0
1788082965.15,0,00,99.99,,,,0.0,0.0
1788082966.15,0,00,99.99,,,,0.0,0.0
1788082967.15,0,00,99.99,,,,0.0,0.0
1788082968.15,0,00,99.99,,,,0.0,0.0
1788082969.15,0,00,99.99,,,,0.0,0.0
1788082970.14,0,00,99.99,,,,0.0,0.0
1788082971.14,0,00,99.99,,,,0.0,0.0
1788082972.14,0,00,99.99,,,,0.0,0.0
1788082973.14,0,00,99.99,,,,0.0,0.0
1788082974.15,0,00,99.99,,,,0.0,0.0
1788082975.14,0,00,99.99,,,,0.0,0.0
1788082976.14,0,00,99.99,,,,0.0,0.0
1788082977.14,0,00,99.99,,,,0.0,0.0
1788082978.15,0,00,99.99,,,,0.0,0.0
1788082979.14,0,00,99.99,,,,0.0,0.0
1788082980.14,0,00,99.99,,,,0.0,0.0
1788082981.14,0,00,99.99,,,,0.0,0.0
1788082982.14,0,00,99.99,,,,0.0,0.0
1788082983.14,0,00,99.99,,,,0.0,0.0
1788082984.14,0,00,99.99,,,,0.0,0.0
1788082985.14,0,00,99.99,,,,0.0,0.0
1788082986.14,0,00,99.99,,,,0.0,0.0
1788082987.14,0,00,99.99,,,,0.0,0.0
1788082988.14,0,00,99.99,,,,0.0,0.0
1788082989.14,0,00,99.99,,,,0.0,0.0
1788082990.14,0,00,99.99,,,,0.0,0.0
1788082991.14,0,00,99.99,,,,0.0,0.0
1788082992.14,0,00,99.99,,,,0.0,0.0
1788082993.14,0,00,99.99,,,,0.0,0.0
1788082994.14,0,00,99.99,,,,0.0,0.0
1788082995.13,0,00,99.99,,,,0.0,0.0
1788082996.14,0,00,99.99,,,,0.0,0.0
1788082997.14,0,00,99.99,,,,0.0,0.0
1788082998.15,0,00,99.99,,,,0.0,0.0
1788082999.14,0,00,99.99,,,,0.0,0.0
1788083000.14,0,00,99.99,,,,0.0,0.0
1788083001.14,0,00,99.99,,,,0.0,0.0
1788083002.14,0,00,99.99,,,,0.0,0.0
1788083003.14,0,00,99.99,,,,0.0,0.0
1788083004.14,0,00,99.99,,,,0.0,0.0
1788083005.14,0,00,99.99,,,,0.0,0.0
1788083006.14,0,00,99.99,,,,0.0,0.0
1788083007.14,0,00,99.99,,,,0.0,0.0
1788083008.14,0,00,99.99,,,,0.0,0.0
1788083009.14,0,00,99.99,,,,0.0,0.0
1788083010.14,0,00,99.99,,,,0.0,0.0
1788083011.14,0,00,99.99,,,,0.0,0.0
1788083012.14,0,00,99.99,,,,0.0,0.0
1788083013.14,0,00,99.99,,,,0.0,0.0
1788083014.14,0,00,99.99,,,,0.0,0.0
1788083015.14,0,00,99.99,,,,0.0,0.0
1788083016.14,0,00,99.99,,,,0.0,0.0
1788083017.14,0,00,99.99,,,,0.0,0.0
1788083018.14,0,00,99.99,,,,0.0,0.0
1788083019.14,0,00,99.99,,,,0.0,0.0
1788083020.14,0,00,99.99,,,,0.0,0.0
1788083021.14,0,00,99.99,,,,0.0,0.0
1788083022.14,0,00,99.99,,,,0.0,0.0
1788083023.14,0,00,99.99,,,,0.0,0.0
1788083024.14,0,00,99.99,,,,0.0,0.0
1788083025.14,0,00,99.99,,,,0.0,0.0
1788083026.14,0,00,99.99,,,,0.0,0.0
1788083027.13,0,00,99.99,,,,0.0,0.0
1788083028.13,0,00,99.99,,,,0.0,0.0
1788083029.14,0,00,99.99,,,,0.0,0.0
1788083030.14,0,00,99.99,,,,0.0,0.0
1788083031.13,0,00,99.99,,,,0.0,0.0
1788083032.13,0,00,99.99,,,,0.0,0.0
1788083033.13,0,00,99.99,,,,0.0,0.0
1788083034.14,0,00,99.99,,,,0.0,0.0
1788083035.13,0,00,99.99,,,,0.0,0.0
1788083036.13,0,00,99.99,,,,0.0,0.0
1788083037.13,0,00,99.99,,,,0.0,0.0
1788083038.13,0,00,99.99,,,,0.0,0.0
1788083039.13,0,00,99.99,,,,0.0,0.0
1788083040.13,0,00,99.99,,,,0.0,0.0
1788083041.13,0,00,99.99,,,,0.0,0.0
1788083042.13,0,00,99.99,,,,0.0,0.0
1788083043.13,0,00,99.99,,,,0.0,0.0
1788083044.13,0,00,99.99,,,,0.0,0.0
1788083045.13,0,00,99.99,,,,0.0,0.0
1788083046.13,0,00,99.99,,,,0.0,0.0
1788083047.13,0,00,99.99,,,,0.0,0.0
1788083048.13,0,00,99.99,,,,0.0,0.0
1788083049.13,0,00,99.99,,,,0.0,0.0
1788083050.13,0,00,99.99,,,,0.0,0.0
1788083051.13,0,00,99.99,,,,0.0,0.0
1788083052.13,0,00,99.99,,,,0.0,0.0
1788083053.13,0,00,99.99,,,,0.0,0.0
1788083054.13,0,00,99.99,,,,0.0,0.0
1788083055.13,0,00,99.99,,,,0.0,0.0
1788083056.13,0,00,99.99,,,,0.0,0.0
1788083057.13,0,00,99.99,,,,0.0,0.0
1788083058.13,0,00,99.99,,,,0.0,0.0
1788083059.13,0,00,99.99,,,,0.0,0.0
1788083060.13,0,00,99.99,,,,0.0,0.0
1788083061.12,0,00,99.99,,,,0.0,0.0
1788083062.13,0,00,99.99,,,,0.0,0.0
1788083063.13,0,00,99.99,,,,0.0,0.0
1788083064.13,0,00,99.99,,,,0.0,0.0
1788083065.13,0,00,99.99,,,,0.0,0.0
1788083066.12,0,00,99.99,,,,0.0,0.0
1788083067.13,0,00,99.99,,,,0.0,0.0
1788083068.13,0,00,99.99,,,,0.0,0.0
1788083069.12,0,00,99.99,,,,0.0,0.0
1788083070.12,0,00,99.99,,,,0.0,0.0
1788083071.12,0,00,99.99,,,,0.0,0.0
1788083072.12,0,00,99.99,,,,0.0,0.0
1788083073.12,0,00,99.99,,,,0.0,0.0
1788083074.12,0,00,99.99,,,,0.0,0.0
1788083075.12,0,00,99.99,,,,0.0,0.0
1788083076.12,0,00,99.99,,,,0.0,0.0
1788083077.12,0,00,99.99,,,,0.0,0.0
1788083078.12,0,00,99.99,,,,0.0,0.0
1788083079.12,0,00,99.99,,,,0.0,0.0
1788083080.12,0,00,99.99,,,,0.0,0.0
1788083081.12,0,00,99.99,,,,0.0,0.0
1788083082.11,0,00,99.99,,,,0.0,0.0
1788083083.12,0,00,99.99,,,,0.0,0.0
1788083084.11,0,00,99.99,,,,0.0,0.0
1788083085.12,0,00,99.99,,,,0.0,0.0
1788083086.12,0,00,99.99,,,,0.0,0.0
1788083087.11,0,00,99.99,,,,0.0,0.0
1788083088.11,0,00,99.99,,,,0.0,0.0
1788083089.11,0,00,99.99,,,,0.0,0.0
1788083090.11,0,00,99.99,,,,0.0,0.0
1788083091.11,0,00,99.99,,,,0.0,0.0
1788083092.11,0,00,99.99,,,,0.0,0.0
1788083093.11,0,00,99.99,,,,0.0,0.0
1788083094.11,0,00,99.99,,,,0.0,0.0
1788083095.11,0,00,99.99,,,,0.0,0.0
1788083096.11,0,00,99.99,,,,0.0,0.0
1788083097.11,0,00,99.99,,,,0.0,0.0
1788083098.11,0,00,99.99,,,,0.0,0.0
1788083099.11,0,00,99.99,,,,0.0,0.0
1788083100.11,0,00,99.99,,,,0.0,0.0
1788083101.11,0,00,99.99,,,,0.0,0.0
1788083102.11,0,00,99.99,,,,0.0,0.0
1788083103.11,0,00,99.99,,,,0.0,0.0
1788083104.11,0,00,99.99,,,,0.0,0.0
1788083105.11,0,00,99.99,,,,0.0,0.0
1788083106.11,0,00,99.99,,,,0.0,0.0
1788083107.11,0,00,99.99,,,,0.0,0.0
1788083108.11,0,00,99.99,,,,0.0,0.0
1788083109.11,0,00,99.99,,,,0.0,0.0
1788083110.11,0,00,99.99,,,,0.0,0.0
1788083111.11,0,00,99.99,,,,0.0,0.0
1788083112.11,0,00,99.99,,,,0.0,0.0
1788083113.11,0,00,99.99,,,,0.0,0.0
1788083114.11,0,00,99.99,,,,0.0,0.0
1788083115.11,0,00,99.99,,,,0.0,0.0
1788083116.11,0,00,99.99,,,,0.0,0.0
1788083117.11,0,00,99.99,,,,0.0,0.0
1788083118.11,0,00,99.99,,,,0.0,0.0
1788083119.11,0,00,99.99,,,,0.0,0.0
1788083120.11,0,00,99.99,,,,0.0,0.0
1788083121.11,0,00,99.99,,,,0.0,0.0
1788083122.11,0,00,99.99,,,,0.0,0.0
1788083123.11,0,00,99.99,,,,0.0,0.0
1788083124.11,0,00,99.99,,,,0.0,0.0
1788083125.11,0,00,99.99,,,,0.0,0.0
1788083126.11,0,00,99.99,,,,0.0,0.0
1788083127.11,0,00,99.99,,,,0.0,0.0
1788083128.11,0,00,99.99,,,,0.0,0.0
1788083129.11,0,00,99.99,,,,0.0,0.0
1788083130.11,0,00,99.99,,,,0.0,0.0
1788083131.11,0,00,99.99,,,,0.0,0.0
1788083132.11,0,00,99.99,,,,0.0,0.0
1788083133.11,0,00,99.99,,,,0.0,0.0
1788083134.11,0,00,99.99,,,,0.0,0.0
1788083135.11,0,00,99.99,,,,0.0,0.0
1788083136.11,0,00,99.99,,,,0.0,0.0
1788083137.10,0,00,99.99,,,,0.0,0.0
1788083138.10,0,00,99.99,,,,0.0,0.0
1788083139.11,0,00,99.99,,,,0.0,0.0
1788083140.11,0,00,99.99,,,,0.0,0.0
1788083141.11,0,00,99.99,,,,0.0,0.0
1788083142.11,0,00,99.99,,,,0.0,0.0
1788083143.11,0,00,99.99,,,,0.0,0.0
1788083144.11,0,00,99.99,,,,0.0,0.0
1788083145.11,0,00,99.99,,,,0.0,0.0
1788083146.11,0,00,99.99,,,,0.0,0.0
1788083147.11,0,00,99.99,,,,0.0,0.0
1788083148.10,0,00,99.99,,,,0.0,0.0
1788083149.10,0,00,99.99,,,,0.0,0.0
1788083150.10,0,00,99.99,,,,0.0,0.0
1788083151.10,0,00,99.99,,,,0.0,0.0
1788083152.10,0,00,99.99,,,,0.0,0.0
1788083153.10,0,00,99.99,,,,0.0,0.0
1788083154.10,0,00,99.99,,,,0.0,0.0
1788083155.10,0,00,99.99,,,,0.0,0.0
1788083156.10,0,00,99.99,,,,0.0,0.0
1788083157.10,0,00,99.99,,,,0.0,0.0
1788083158.10,0,00,99.99,,,,0.0,0.0
1788083159.11,0,00,99.99,,,,0.0,0.0
1788083160.10,0,00,99.99,,,,0.0,0.0
1788083161.09,0,00,99.99,,,,0.0,0.0
1788083162.09,0,00,99.99,,,,0.0,0.0
1788083163.10,0,00,99.99,,,,0.0,0.0
1788083164.11,0,00,99.99,,,,0.0,0.0
1788083165.10,0,00,99.99,,,,0.0,0.0
1788083166.10,0,00,99.99,,,,0.0,0.0
1788083167.09,0,00,99.99,,,,0.0,0.0
1788083168.09,0,00,99.99,,,,0.0,0.0
1788083169.09,0,00,99.99,,,,0.0,0.0
1788083170.09,0,00,99.99,,,,0.0,0.0
1788083171.09,0,00,99.99,,,,0.0,0.0
1788083172.09,0,00,99.99,,,,0.0,0.0
1788083173.09,0,00,99.99,,,,0.0,0.0
1788083174.09,0,00,99.99,,,,0.0,0.0
1788083175.09,0,00,99.99,,,,0.0,0.0
1788083176.09,0,00,99.99,,,,0.0,0.0
1788083177.09,0,00,99.99,,,,0.0,0.0
1788083178.09,0,00,99.99,,,,0.0,0.0
1788083179.09,0,00,99.99,,,,0.0,0.0
1788083180.09,0,00,99.99,,,,0.0,0.0
1788083181.09,0,00,99.99,,,,0.0,0.0
1788083182.09,0,00,99.99,,,,0.0,0.0
1788083183.09,0,00,99.99,,,,0.0,0.0
1788083184.09,0,00,99.99,,,,0.0,0.0
1788083185.09,0,00,99.99,,,,0.0,0.0
1788083186.09,0,00,99.99,,,,0.0,0.0
1788083187.09,0,00,99.99,,,,0.0,0.0
1788083188.09,0,00,99.99,,,,0.0,0.0
1788083189.09,0,00,99.99,,,,0.0,0.0
1788083190.09,0,00,99.99,,,,0.0,0.0
1788083191.09,0,00,99.99,,,,0.0,0.0
1788083192.09,0,00,99.99,,,,0.0,0.0
1788083193.09,0,00,99.99,,,,0.0,0.0
1788083194.09,0,00,99.99,,,,0.0,0.0
1788083195.09,0,00,99.99,,,,0.0,0.0
1788083196.09,0,00,99.99,,,,0.0,0.0
1788083197.09,0,00,99.99,,,,0.0,0.0
1788083198.09,0,00,99.99,,,,0.0,0.0
1788083199.09,0,00,99.99,,,,0.0,0.0
1788083200.09,0,00,99.99,,,,0.0,0.0
1788083201.09,0,00,99.99,,,,0.0,0.0
1788083202.09,0,00,99.99,,,,0.0,0.0
1788083203.09,0,00,99.99,,,,0.0,0.0
1788083204.09,0,00,99.99,,,,0.0,0.0
1788083205.09,0,00,99.99,,,,0.0,0.0
1788083206.09,0,00,99.99,,,,0.0,0.0
1788083207.09,0,00,99.99,,,,0.0,0.0
1788083208.09,0,00,99.99,,,,0.0,0.0
1788083209.09,0,00,99.99,,,,0.0,0.0
1788083210.09,0,00,99.99,,,,0.0,0.0
1788083211.08,0,00,99.99,,,,0.0,0.0
1788083212.08,0,00,99.99,,,,0.0,0.0
1788083213.08,0,00,99.99,,,,0.0,0.0
1788083214.08,0,00,99.99,,,,0.0,0.0
1788083215.08,0,00,99.99,,,,0.0,0.0
1788083216.08,0,00,99.99,,,,0.0,0.0
1788083217.08,0,00,99.99,,,,0.0,0.0
1788083218.09,0,00,99.99,,,,0.0,0.0
1788083219.08,0,00,99.99,,,,0.0,0.0
1788083220.08,0,00,99.99,,,,0.0,0.0
1788083221.08,0,00,99.99,,,,0.0,0.0
1788083222.09,0,00,99.99,,,,0.0,0.0
1788083223.08,0,00,99.99,,,,0.0,0.0
1788083224.08,0,00,99.99,,,,0.0,0.0
1788083225.08,0,00,99.99,,,,0.0,0.0
1788083226.09,0,00,99.99,,,,0.0,0.0
1788083227.08,0,00,99.99,,,,0.0,0.0
1788083228.08,0,00,99.99,,,,0.0,0.0
1788083229.08,0,00,99.99,,,,0.0,0.0
1788083230.08,0,00,99.99,,,,0.0,0.0
1788083231.08,0,00,99.99,,,,0.0,0.0
1788083232.08,0,00,99.99,,,,0.0,0.0
1788083233.08,0,00,99.99,,,,0.0,0.0
1788083234.08,0,00,99.99,,,,0.0,0.0
1788083235.08,0,00,99.99,,,,0.0,0.0
1788083236.08,0,00,99.99,,,,0.0,0.0
1788083237.08,0,00,99.99,,,,0.0,0.0
1788083238.08,0,00,99.99,,,,0.0,0.0
1788083239.08,0,00,99.99,,,,0.0,0.0
1788083240.08,0,00,99.99,,,,0.0,0.0
1788083241.08,0,00,99.99,,,,0.0,0.0
1788083242.08,0,00,99.99,,,,0.0,0.0
1788083243.08,0,00,99.99,,,,0.0,0.0
1788083244.08,0,00,99.99,,,,0.0,0.0
1788083245.08,0,00,99.99,,,,0.0,0.0
1788083246.08,0,00,99.99,,,,0.0,0.0
1788083247.08,0,00,99.99,,,,0.0,0.0
1788083248.08,0,00,99.99,,,,0.0,0.0
1788083249.08,0,00,99.99,,,,0.0,0.0
1788083250.07,0,00,99.99,,,,0.0,0.0
1788083251.07,0,00,99.99,,,,0.0,0.0
1788083252.07,0,00,99.99,,,,0.0,0.0
1788083253.07,0,00,99.99,,,,0.0,0.0
1788083254.07,0,00,99.99,,,,0.0,0.0
1788083255.07,0,00,99.99,,,,0.0,0.0
1788083256.07,0,00,99.99,,,,0.0,0.0
1788083257.07,0,00,99.99,,,,0.0,0.0
1788083258.07,0,00,99.99,,,,0.0,0.0
1788083259.07,0,00,99.99,,,,0.0,0.0
1788083260.08,0,00,99.99,,,,0.0,0.0
1788083261.08,0,00,99.99,,,,0.0,0.0
1788083262.08,0,00,99.99,,,,0.0,0.0
1788083263.08,0,00,99.99,,,,0.0,0.0
1788083264.08,0,00,99.99,,,,0.0,0.0
1788083265.08,0,00,99.99,,,,0.0,0.0
1788083266.08,0,00,99.99,,,,0.0,0.0
1788083267.09,0,00,99.99,,,,0.0,0.0
1788083268.09,0,00,99.99,,,,0.0,0.0
1788083269.09,0,00,99.99,,,,0.0,0.0
1788083270.09,0,00,99.99,,,,0.0,0.0
1788083271.09,0,00,99.99,,,,0.0,0.0
1788083272.09,0,00,99.99,,,,0.0,0.0
1788083273.09,0,00,99.99,,,,0.0,0.0
1788083274.09,0,00,99.99,,,,0.0,0.0
1788083275.10,0,00,99.99,,,,0.0,0.0
1788083276.10,0,00,99.99,,,,0.0,0.0
1788083277.10,0,00,99.99,,,,0.0,0.0
1788083278.10,0,00,99.99,,,,0.0,0.0
1788083279.10,0,00,99.99,,,,0.0,0.0
1788083280.10,0,00,99.99,,,,0.0,0.0
1788083281.10,0,00,99.99,,,,0.0,0.0
1788083282.10,0,00,99.99,,,,0.0,0.0
1788083283.10,0,00,99.99,,,,0.0,0.0
1788083284.11,0,00,99.99,,,,0.0,0.0
1788083285.11,0,00,99.99,,,,0.0,0.0
1788083286.11,0,00,99.99,,,,0.0,0.0
1788083287.11,0,00,99.99,,,,0.0,0.0
1788083288.11,0,00,99.99,,,,0.0,0.0
1788083289.11,0,00,99.99,,,,0.0,0.0
1788083290.12,0,00,99.99,,,,0.0,0.0
1788083291.11,0,00,99.99,,,,0.0,0.0
1788083292.11,0,00,99.99,,,,0.0,0.0
1788083293.12,0,00,99.99,,,,0.0,0.0
1788083294.12,0,00,99.99,,,,0.0,0.0
1788083295.12,0,00,99.99,,,,0.0,0.0
1788083296.12,0,00,99.99,,,,0.0,0.0
1788083297.12,0,00,99.99,,,,0.0,0.0
1788083298.12,0,00,99.99,,,,0.0,0.0
1788083299.13,0,00,99.99,,,,0.0,0.0
1788083300.12,0,00,99.99,,,,0.0,0.0
1788083301.12,0,00,99.99,,,,0.0,0.0
1788083302.12,0,00,99.99,,,,0.0,0.0
1788083303.12,0,00,99.99,,,,0.0,0.0
1788083304.12,0,00,99.99,,,,0.0,0.0
1788083305.13,0,00,99.99,,,,0.0,0.0
1788083306.13,0,00,99.99,,,,0.0,0.0
1788083307.13,0,00,99.99,,,,0.0,0.0
1788083308.13,0,00,99.99,,,,0.0,0.0
1788083309.13,0,00,99.99,,,,0.0,0.0
1788083310.13,0,00,99.99,,,,0.0,0.0
1788083311.13,0,00,99.99,,,,0.0,0.0
1788083312.13,0,00,99.99,,,,0.0,0.0
1788083313.13,0,00,99.99,,,,0.0,0.0
1788083314.14,0,00,99.99,,,,0.0,0.0
1788083315.13,0,00,99.99,,,,0.0,0.0
1788083316.13,0,00,99.99,,,,0.0,0.0
1788083317.14,0,00,99.99,,,,0.0,0.0
1788083318.13,0,00,99.99,,,,0.0,0.0
1788083319.14,0,00,99.99,,,,0.0,0.0
1788083320.14,0,00,99.99,,,,0.0,0.0
1788083321.14,0,00,99.99,,,,0.0,0.0
1788083322.14,0,00,99.99,,,,0.0,0.0
1788083323.14,0,00,99.99,,,,0.0,0.0
1788083324.14,0,00,99.99,,,,0.0,0.0
1788083325.14,0,00,99.99,,,,0.0,0.0
1788083326.14,0,00,99.99,,,,0.0,0.0
1788083327.14,0,00,99.99,,,,0.0,0.0
1788083328.14,0,00,99.99,,,,0.0,0.0
1788083329.14,0,00,99.99,,,,0.0,0.0
1788083330.14,0,00,99.99,,,,0.0,0.0
1788083331.14,0,00,99.99,,,,0.0,0.0
1788083332.14,0,00,99.99,,,,0.0,0.0
1788083333.14,0,00,99.99,,,,0.0,0.0
1788083334.14,0,00,99.99,,,,0.0,0.0
1788083335.15,0,00,99.99,,,,0.0,0.0
1788083336.15,0,00,99.99,,,,0.0,0.0
1788083337.14,0,00,99.99,,,,0.0,0.0
1788083338.15,0,00,99.99,,,,0.0,0.0
1788083339.15,0,00,99.99,,,,0.0,0.0
1788083340.15,0,00,99.99,,,,0.0,0.0
1788083341.15,0,00,99.99,,,,0.0,0.0
1788083342.15,0,00,99.99,,,,0.0,0.0
1788083343.16,0,00,99.99,,,,0.0,0.0
1788083344.15,0,00,99.99,,,,0.0,0.0
1788083345.15,0,00,99.99,,,,0.0,0.0
1788083346.15,0,00,99.99,,,,0.0,0.0
1788083347.15,0,00,99.99,,,,0.0,0.0
1788083348.16,0,00,99.99,,,,0.0,0.0
1788083349.15,0,00,99.99,,,,0.0,0.0
1788083350.15,0,00,99.99,,,,0.0,0.0
1788083351.15,0,00,99.99,,,,0.0,0.0
1788083352.16,0,00,99.99,,,,0.0,0.0
1788083353.16,0,00,99.99,,,,0.0,0.0
1788083354.15,0,00,99.99,,,,0.0,0.0
1788083355.16,0,00,99.99,,,,0.0,0.0
1788083356.16,0,00,99.99,,,,0.0,0.0
1788083357.16,0,00,99.99,,,,0.0,0.0
1788083358.16,0,00,99.99,,,,0.0,0.0
1788083359.16,0,00,99.99,,,,0.0,0.0
1788083360.16,0,00,99.99,,,,0.0,0.0
1788083361.16,0,00,99.99,,,,0.0,0.0
1788083362.16,0,00,99.99,,,,0.0,0.0
1788083363.16,0,00,99.99,,,,0.0,0.0
1788083364.16,0,00,99.99,,,,0.0,0.0
1788083365.16,0,00,99.99,,,,0.0,0.0
1788083366.16,0,00,99.99,,,,0.0,0.0
1788083367.16,0,00,99.99,,,,0.0,0.0
1788083368.16,0,00,99.99,,,,0.0,0.0
1788083369.16,0,00,99.99,,,,0.0,0.0
1788083370.16,0,00,99.99,,,,0.0,0.0
1788083371.16,0,00,99.99,,,,0.0,0.0
1788083372.16,0,00,99.99,,,,0.0,0.0
1788083373.16,0,00,99.99,,,,0.0,0.0
1788083374.16,0,00,99.99,,,,0.0,0.0
1788083375.16,0,00,99.99,,,,0.0,0.0
1788083376.16,0,00,99.99,,,,0.0,0.0
1788083377.16,0,00,99.99,,,,0.0,0.0
1788083378.16,0,00,99.99,,,,0.0,0.0
1788083379.16,0,00,99.99,,,,0.0,0.0
1788083380.16,0,00,99.99,,,,0.0,0.0
1788083381.16,0,00,99.99,,,,0.0,0.0
1788083382.16,0,00,99.99,,,,0.0,0.0
1788083383.16,0,00,99.99,,,,0.0,0.0
1788083384.16,0,00,99.99,,,,0.0,0.0
1788083385.16,0,00,99.99,,,,0.0,0.0
1788083386.16,0,00,99.99,,,,0.0,0.0
1788083387.16,0,00,99.99,,,,0.0,0.0
1788083388.16,0,00,99.99,,,,0.0,0.0
1788083389.16,0,00,99.99,,,,0.0,0.0
1788083390.16,0,00,99.99,,,,0.0,0.0
1788083391.16,0,00,99.99,,,,0.0,0.0
1788083392.16,0,00,99.99,,,,0.0,0.0
1788083393.16,0,00,99.99,,,,0.0,0.0
1788083394.16,0,00,99.99,,,,0.0,0.0
1788083395.16,0,00,99.99,,,,0.0,0.0
1788083396.16,0,00,99.99,,,,0.0,0.0
1788083397.16,0,00,99.99,,,,0.0,0.0
1788083398.16,0,00,99.99,,,,0.0,0.0
1788083399.16,0,00,99.99,,,,0.0,0.0
1788083400.17,0,00,99.99,,,,0.0,0.0
1788083401.16,0,00,99.99,,,,0.0,0.0
1788083402.16,0,00,99.99,,,,0.0,0.0
1788083403.16,0,00,99.99,,,,0.0,0.0
1788083404.16,0,00,99.99,,,,0.0,0.0
1788083405.16,0,00,99.99,,,,0.0,0.0
1788083406.16,0,00,99.99,,,,0.0,0.0
1788083407.16,0,00,99.99,,,,0.0,0.0
1788083408.16,0,00,99.99,,,,0.0,0.0
1788083409.16,0,00,99.99,,,,0.0,0.0
1788083410.16,0,00,99.99,,,,0.0,0.0
1788083411.16,0,00,99.99,,,,0.0,0.0
1788083412.16,0,00,99.99,,,,0.0,0.0
1788083413.16,0,00,99.99,,,,0.0,0.0
1788083414.16,0,00,99.99,,,,0.0,0.0
1788083415.16,0,00,99.99,,,,0.0,0.0
1788083416.16,0,00,99.99,,,,0.0,0.0
1788083417.16,0,00,99.99,,,,0.0,0.0
1788083418.17,0,00,99.99,,,,0.0,0.0
1788083419.16,0,00,99.99,,,,0.0,0.0
1788083420.16,0,00,99.99,,,,0.0,0.0
1788083421.16,0,00,99.99,,,,0.0,0.0
1788083422.16,0,00,99.99,,,,0.0,0.0
1788083423.16,0,00,99.99,,,,0.0,0.0
1788083424.16,0,00,99.99,,,,0.0,0.0
1788083425.16,0,00,99.99,,,,0.0,0.0
1788083426.16,0,00,99.99,,,,0.0,0.0
1788083427.16,0,00,99.99,,,,0.0,0.0
1788083428.16,0,00,99.99,,,,0.0,0.0
1788083429.16,0,00,99.99,,,,0.0,0.0
1788083430.16,0,00,99.99,,,,0.0,0.0
1788083431.16,0,00,99.99,,,,0.0,0.0
1788083432.16,0,00,99.99,,,,0.0,0.0
1788083433.16,0,00,99.99,,,,0.0,0.0
1788083434.16,0,00,99.99,,,,0.0,0.0
1788083435.16,0,00,99.99,,,,0.0,0.0
1788083436.16,0,00,99.99,,,,0.0,0.0
1788083437.16,0,00,99.99,,,,0.0,0.0
1788083438.16,0,00,99.99,,,,0.0,0.0
1788083439.16,0,00,99.99,,,,0.0,0.0
1788083440.16,0,00,99.99,,,,0.0,0.0
1788083441.16,0,00,99.99,,,,0.0,0.0
1788083442.16,0,00,99.99,,,,0.0,0.0
1788083443.16,0,00,99.99,,,,0.0,0.0
1788083444.16,0,00,99.99,,,,0.0,0.0
1788083445.16,0,00,99.99,,,,0.0,0.0
1788083446.16,0,00,99.99,,,,0.0,0.0
1788083447.16,0,00,99.99,,,,0.0,0.0
1788083448.16,0,00,99.99,,,,0.0,0.0
1788083449.16,0,00,99.99,,,,0.0,0.0
1788083450.16,0,00,99.99,,,,0.0,0.0
1788083451.16,0,00,99.99,,,,0.0,0.0
1788083452.16,0,00,99.99,,,,0.0,0.0
1788083453.16,0,00,99.99,,,,0.0,0.0
1788083454.16,0,00,99.99,,,,0.0,0.0
1788083455.16,0,00,99.99,,,,0.0,0.0
1788083456.16,0,00,99.99,,,,0.0,0.0
1788083457.16,0,00,99.99,,,,0.0,0.0
1788083458.16,0,00,99.99,,,,0.0,0.0
1788083459.16,0,00,99.99,,,,0.0,0.0
1788083460.16,0,00,99.99,,,,0.0,0.0
1788083461.17,0,00,99.99,,,,0.0,0.0
1788083462.17,0,00,99.99,,,,0.0,0.0
1788083463.17,0,00,99.99,,,,0.0,0.0
1788083464.17,0,00,99.99,,,,0.0,0.0
1788083465.17,0,00,99.99,,,,0.0,0.0
1788083466.17,0,00,99.99,,,,0.0,0.0
1788083467.17,0,00,99.99,,,,0.0,0.0
1788083468.17,0,00,99.99,,,,0.0,0.0
1788083469.17,0,00,99.99,,,,0.0,0.0
1788083470.17,0,00,99.99,,,,0.0,0.0
1788083471.17,0,00,99.99,,,,0.0,0.0
1788083472.17,0,00,99.99,,,,0.0,0.0
1788083473.17,0,00,99.99,,,,0.0,0.0
1788083474.17,0,00,99.99,,,,0.0,0.0
1788083475.17,0,00,99.99,,,,0.0,0.0
1788083476.17,0,00,99.99,,,,0.0,0.0
1788083477.17,0,00,99.99,,,,0.0,0.0
1788083478.17,0,00,99.99,,,,0.0,0.0
1788083479.17,0,00,99.99,,,,0.0,0.0
1788083480.17,0,00,99.99,,,,0.0,0.0
1788083481.17,0,00,99.99,,,,0.0,0.0
1788083482.17,0,00,99.99,,,,0.0,0.0
1788083483.17,0,00,99.99,,,,0.0,0.0
1788083484.17,0,00,99.99,,,,0.0,0.0
1788083485.17,0,00,99.99,,,,0.0,0.0
1788083486.17,0,00,99.99,,,,0.0,0.0
1788083487.17,0,00,99.99,,,,0.0,0.0
1788083488.17,0,00,99.99,,,,0.0,0.0
1788083489.16,0,00,99.99,,,,0.0,0.0
1788083490.17,0,00,99.99,,,,0.0,0.0
1788083491.17,0,00,99.99,,,,0.0,0.0
1788083492.17,0,00,99.99,,,,0.0,0.0
1788083493.17,0,00,99.99,,,,0.0,0.0
1788083494.17,0,00,99.99,,,,0.0,0.0
1788083495.16,0,00,99.99,,,,0.0,0.0
1788083496.16,0,00,99.99,,,,0.0,0.0
1788083497.16,0,00,99.99,,,,0.0,0.0
1788083498.17,0,00,99.99,,,,0.0,0.0
1788083499.16,0,00,99.99,,,,0.0,0.0
1788083500.17,0,00,99.99,,,,0.0,0.0
1788083501.16,0,00,99.99,,,,0.0,0.0
1788083502.16,0,00,99.99,,,,0.0,0.0
1788083503.16,0,00,99.99,,,,0.0,0.0
1788083504.17,0,00,99.99,,,,0.0,0.0
1788083505.16,0,00,99.99,,,,0.0,0.0
1788083506.16,0,00,99.99,,,,0.0,0.0
1788083507.16,0,00,99.99,,,,0.0,0.0
1788083508.17,0,00,99.99,,,,0.0,0.0
1788083509.17,0,00,99.99,,,,0.0,0.0
1788083510.17,0,00,99.99,,,,0.0,0.0
1788083511.17,0,00,99.99,,,,0.0,0.0
1788083512.17,0,00,99.99,,,,0.0,0.0
1788083513.17,0,00,99.99,,,,0.0,0.0
1788083514.17,0,00,99.99,,,,0.0,0.0
1788083515.16,0,00,99.99,,,,0.0,0.0
1788083516.16,0,00,99.99,,,,0.0,0.0
1788083517.17,0,00,99.99,,,,0.0,0.0
1788083518.16,0,00,99.99,,,,0.0,0.0
1788083519.17,0,00,99.99,,,,0.0,0.0
1788083520.17,0,00,99.99,,,,0.0,0.0
1788083521.17,0,00,99.99,,,,0.0,0.0
1788083522.17,0,00,99.99,,,,0.0,0.0
1788083523.17,0,00,99.99,,,,0.0,0.0
1788083524.17,0,00,99.99,,,,0.0,0.0
1788083525.17,0,00,99.99,,,,0.0,0.0
1788083526.17,0,00,99.99,,,,0.0,0.0
1788083527.17,0,00,99.99,,,,0.0,0.0
1788083528.17,0,00,99.99,,,,0.0,0.0
1788083529.17,0,00,99.99,,,,0.0,0.0
1788083530.17,0,00,99.99,,,,0.0,0.0
1788083531.17,0,00,99.99,,,,0.0,0.0
1788083532.17,0,00,99.99,,,,0.0,0.0
1788083533.17,0,00,99.99,,,,0.0,0.0
1788083534.17,0,00,99.99,,,,0.0,0.0
1788083535.17,0,00,99.99,,,,0.0,0.0
1788083536.17,0,00,99.99,,,,0.0,0.0
1788083537.17,0,00,99.99,,,,0.0,0.0
1788083538.17,0,00,99.99,,,,0.0,0.0
1788083539.17,0,00,99.99,,,,0.0,0.0
1788083540.17,0,00,99.99,,,,0.0,0.0
1788083541.17,0,00,99.99,,,,0.0,0.0
1788083542.17,0,00,99.99,,,,0.0,0.0
1788083543.17,0,00,99.99,,,,0.0,0.0
1788083544.17,0,00,99.99,,,,0.0,0.0
1788083545.17,0,00,99.99,,,,0.0,0.0
1788083546.17,0,00,99.99,,,,0.0,0.0
1788083547.17,0,00,99.99,,,,0.0,0.0
1788083548.17,0,00,99.99,,,,0.0,0.0
1788083549.17,0,00,99.99,,,,0.0,0.0
1788083550.17,0,00,99.99,,,,0.0,0.0
1788083551.17,0,00,99.99,,,,0.0,0.0
1788083552.17,0,00,99.99,,,,0.0,0.0
1788083553.17,0,00,99.99,,,,0.0,0.0
1788083554.17,0,00,99.99,,,,0.0,0.0
1788083555.17,0,00,99.99,,,,0.0,0.0
1788083556.17,0,00,99.99,,,,0.0,0.0
1788083557.17,0,00,99.99,,,,0.0,0.0
1788083558.17,0,00,99.99,,,,0.0,0.0
1788083559.17,0,00,99.99,,,,0.0,0.0
1788083560.17,0,00,99.99,,,,0.0,0.0
1788083561.17,0,00,99.99,,,,0.0,0.0
1788083562.17,0,00,99.99,,,,0.0,0.0
1788083563.17,0,00,99.99,,,,0.0,0.0
1788083564.17,0,00,99.99,,,,0.0,0.0
1788083565.17,0,00,99.99,,,,0.0,0.0
1788083566.17,0,00,99.99,,,,0.0,0.0
1788083567.17,0,00,99.99,,,,0.0,0.0
1788083568.17,0,00,99.99,,,,0.0,0.0
1788083569.17,0,00,99.99,,,,0.0,0.0
1788083570.17,0,00,99.99,,,,0.0,0.0
1788083571.17,0,00,99.99,,,,0.0,0.0
1788083572.17,0,00,99.99,,,,0.0,0.0
1788083573.17,0,00,99.99,,,,0.0,0.0
1788083574.17,0,00,99.99,,,,0.0,0.0
1788083575.17,0,00,99.99,,,,0.0,0.0
1788083576.16,0,00,99.99,,,,0.0,0.0
1788083577.17,0,00,99.99,,,,0.0,0.0
1788083578.17,0,00,99.99,,,,0.0,0.0
1788083579.16,0,00,99.99,,,,0.0,0.0
1788083580.16,0,00,99.99,,,,0.0,0.0
1788083581.17,0,00,99.99,,,,0.0,0.0
1788083582.16,0,00,99.99,,,,0.0,0.0
1788083583.17,0,00,99.99,,,,0.0,0.0
1788083584.16,0,00,99.99,,,,0.0,0.0
1788083585.16,0,00,99.99,,,,0.0,0.0
1788083586.16,0,00,99.99,,,,0.0,0.0
1788083587.16,0,00,99.99,,,,0.0,0.0
1788083588.16,0,00,99.99,,,,0.0,0.0
1788083589.17,0,00,99.99,,,,0.0,0.0
1788083590.16,0,00,99.99,,,,0.0,0.0
1788083591.16,0,00,99.99,,,,0.0,0.0
1788083592.16,0,00,99.99,,,,0.0,0.0
1788083593.16,0,00,99.99,,,,0.0,0.0
1788083594.16,0,00,99.99,,,,0.0,0.0
1788083595.16,0,00,99.99,,,,0.0,0.0
1788083596.16,0,00,99.99,,,,0.0,0.0
1788083597.16,0,00,99.99,,,,0.0,0.0
1788083598.16,0,00,99.99,,,,0.0,0.0
1788083599.16,0,00,99.99,,,,0.0,0.0
1788083600.16,0,00,99.99,,,,0.0,0.0
1788083601.16,0,00,99.99,,,,0.0,0.0
1788083602.16,0,00,99.99,,,,0.0,0.0
1788083603.16,0,00,99.99,,,,0.0,0.0
1788083604.16,0,00,99.99,,,,0.0,0.0
1788083605.16,0,00,99.99,,,,0.0,0.0
1788083606.16,0,00,99.99,,,,0.0,0.0
1788083607.16,0,00,99.99,,,,0.0,0.0
1788083608.16,0,00,99.99,,,,0.0,0.0
1788083609.16,0,00,99.99,,,,0.0,0.0
1788083610.16,0,00,99.99,,,,0.0,0.0
1788083611.16,0,00,99.99,,,,0.0,0.0
1788083612.17,0,00,99.99,,,,0.0,0.0
1788083613.17,0,00,99.99,,,,0.0,0.0
1788083614.16,0,00,99.99,,,,0.0,0.0
1788083615.16,0,00,99.99,,,,0.0,0.0
1788083616.17,0,00,99.99,,,,0.0,0.0
1788083617.17,0,00,99.99,,,,0.0,0.0
1788083618.17,0,00,99.99,,,,0.0,0.0
1788083619.16,0,00,99.99,,,,0.0,0.0
1788083620.16,0,00,99.99,,,,0.0,0.0
1788083621.17,0,00,99.99,,,,0.0,0.0
1788083622.17,0,00,99.99,,,,0.0,0.0
1788083623.16,0,00,99.99,,,,0.0,0.0
1788083624.16,0,00,99.99,,,,0.0,0.0
1788083625.16,0,00,99.99,,,,0.0,0.0
1788083626.16,0,00,99.99,,,,0.0,0.0
1788083627.17,0,00,99.99,,,,0.0,0.0
1788083628.17,0,00,99.99,,,,0.0,0.0
1788083629.17,0,00,99.99,,,,0.0,0.0
1788083630.17,0,00,99.99,,,,0.0,0.0
1788083631.17,0,00,99.99,,,,0.0,0.0
1788083632.17,0,00,99.99,,,,0.0,0.0
1788083633.17,0,00,99.99,,,,0.0,0.0
1788083634.17,0,00,99.99,,,,0.0,0.0
1788083635.17,0,00,99.99,,,,0.0,0.0
1788083636.17,0,00,99.99,,,,0.0,0.0
1788083637.17,0,00,99.99,,,,0.0,0.0
1788083638.17,0,00,99.99,,,,0.0,0.0
1788083639.17,0,00,99.99,,,,0.0,0.0
1788083640.17,0,00,99.99,,,,0.0,0.0
1788083641.17,0,00,99.99,,,,0.0,0.0
1788083642.17,0,00,99.99,,,,0.0,0.0
1788083643.17,0,00,99.99,,,,0.0,0.0
1788083644.16,0,00,99.99,,,,0.0,0.0
1788083645.16,0,00,99.99,,,,0.0,0.0
1788083646.17,0,00,99.99,,,,0.0,0.0
1788083647.17,0,00,99.99,,,,0.0,0.0
1788083648.17,0,00,99.99,,,,0.0,0.0
1788083649.17,0,00,99.99,,,,0.0,0.0
1788083650.16,0,00,99.99,,,,0.0,0.0
1788083651.16,0,00,99.99,,,,0.0,0.0
1788083652.16,0,00,99.99,,,,0.0,0.0
1788083653.16,0,00,99.99,,,,0.0,0.0
1788083654.16,0,00,99.99,,,,0.0,0.0
1788083655.16,0,00,99.99,,,,0.0,0.0
1788083656.16,0,00,99.99,,,,0.0,0.0
1788083657.16,0,00,99.99,,,,0.0,0.0
1788083658.16,0,00,99.99,,,,0.0,0.0
1788083659.16,0,00,99.99,,,,0.0,0.0
1788083660.17,0,00,99.99,,,,0.0,0.0
1788083661.16,0,00,99.99,,,,0.0,0.0
1788083662.16,0,00,99.99,,,,0.0,0.0
1788083663.16,0,00,99.99,,,,0.0,0.0
1788083664.16,0,00,99.99,,,,0.0,0.0
1788083665.16,0,00,99.99,,,,0.0,0.0
1788083666.16,0,00,99.99,,,,0.0,0.0
1788083667.16,0,00,99.99,,,,0.0,0.0
1788083668.16,0,00,99.99,,,,0.0,0.0
1788083669.16,0,00,99.99,,,,0.0,0.0
1788083670.16,0,00,99.99,,,,0.0,0.0
1788083671.17,0,00,99.99,,,,0.0,0.0
1788083672.16,0,00,99.99,,,,0.0,0.0
1788083673.17,0,00,99.99,,,,0.0,0.0
1788083674.16,0,00,99.99,,,,0.0,0.0
1788083675.16,0,00,99.99,,,,0.0,0.0
1788083676.16,0,00,99.99,,,,0.0,0.0
1788083677.16,0,00,99.99,,,,0.0,0.0
1788083678.16,0,00,99.99,,,,0.0,0.0
1788083679.16,0,00,99.99,,,,0.0,0.0
1788083680.17,0,00,99.99,,,,0.0,0.0
1788083681.16,0,00,99.99,,,,0.0,0.0
1788083682.17,0,00,99.99,,,,0.0,0.0
1788083683.17,0,00,99.99,,,,0.0,0.0
1788083684.17,0,00,99.99,,,,0.0,0.0
1788083685.16,0,00,99.99,,,,0.0,0.0
1788083686.16,0,00,99.99,,,,0.0,0.0
1788083687.17,0,00,99.99,,,,0.0,0.0
1788083688.17,0,00,99.99,,,,0.0,0.0
1788083689.17,0,00,99.99,,,,0.0,0.0
1788083690.16,0,00,99.99,,,,0.0,0.0
1788083691.16,0,00,99.99,,,,0.0,0.0
1788083692.16,0,00,99.99,,,,0.0,0.0
1788083693.17,0,00,99.99,,,,0.0,0.0
1788083694.17,0,00,99.99,,,,0.0,0.0
1788083695.17,0,00,99.99,,,,0.0,0.0
1788083696.17,0,00,99.99,,,,0.0,0.0
1788083697.17,0,00,99.99,,,,0.0,0.0
1788083698.17,0,00,99.99,,,,0.0,0.0
1788083699.16,0,00,99.99,,,,0.0,0.0
1788083700.16,0,00,99.99,,,,0.0,0.0
1788083701.16,0,00,99.99,,,,0.0,0.0
1788083702.16,0,00,99.99,,,,0.0,0.0
1788083703.17,0,00,99.99,,,,0.0,0.0
1788083704.16,0,00,99.99,,,,0.0,0.0
1788083705.16,0,00,99.99,,,,0.0,0.0
1788083706.16,0,00,99.99,,,,0.0,0.0
1788083707.16,0,00,99.99,,,,0.0,0.0
1788083708.16,0,00,99.99,,,,0.0,0.0
1788083709.17,0,00,99.99,,,,0.0,0.0
1788083710.16,0,00,99.99,,,,0.0,0.0
1788083711.17,0,00,99.99,,,,0.0,0.0
1788083712.16,0,00,99.99,,,,0.0,0.0
1788083713.16,0,00,99.99,,,,0.0,0.0
1788083714.16,0,00,99.99,,,,0.0,0.0
1788083715.16,0,00,99.99,,,,0.0,0.0
1788083716.16,0,00,99.99,,,,0.0,0.0
1788083717.17,0,00,99.99,,,,0.0,0.0
1788083718.17,0,00,99.99,,,,0.0,0.0
1788083719.17,0,00,99.99,,,,0.0,0.0
1788083720.17,0,00,99.99,,,,0.0,0.0
1788083721.17,0,00,99.99,,,,0.0,0.0
1788083722.17,0,00,99.99,,,,0.0,0.0
1788083723.17,0,00,99.99,,,,0.0,0.0
1788083724.17,0,00,99.99,,,,0.0,0.0
1788083725.17,0,00,99.99,,,,0.0,0.0
1788083726.17,0,00,99.99,,,,0.0,0.0
1788083727.17,0,00,99.99,,,,0.0,0.0
1788083728.18,0,00,99.99,,,,0.0,0.0
1788083729.18,0,00,99.99,,,,0.0,0.0
1788083730.17,0,00,99.99,,,,0.0,0.0
1788083731.17,0,00,99.99,,,,0.0,0.0
1788083732.17,0,00,99.99,,,,0.0,0.0
1788083733.17,0,00,99.99,,,,0.0,0.0
1788083734.17,0,00,99.99,,,,0.0,0.0
1788083735.17,0,00,99.99,,,,0.0,0.0
1788083736.17,0,00,99.99,,,,0.0,0.0
1788083737.16,0,00,99.99,,,,0.0,0.0
1788083738.16,0,00,99.99,,,,0.0,0.0
1788083739.16,0,00,99.99,,,,0.0,0.0
1788083740.17,0,00,99.99,,,,0.0,0.0
1788083741.17,0,00,99.99,,,,0.0,0.0
1788083742.17,0,00,99.99,,,,0.0,0.0
1788083743.17,0,00,99.99,,,,0.0,0.0
1788083744.17,0,00,99.99,,,,0.0,0.0
1788083745.17,0,00,99.99,,,,0.0,0.0
1788083746.17,0,00,99.99,,,,0.0,0.0
1788083747.17,0,00,99.99,,,,0.0,0.0
1788083748.17,0,00,99.99,,,,0.0,0.0
1788083749.17,0,00,99.99,,,,0.0,0.0
1788083750.17,0,00,99.99,,,,0.0,0.0
1788083751.17,0,00,99.99,,,,0.0,0.0
1788083752.17,0,00,99.99,,,,0.0,0.0
1788083753.17,0,00,99.99,,,,0.0,0.0
1788083754.17,0,00,99.99,,,,0.0,0.0
1788083755.17,0,00,99.99,,,,0.0,0.0
1788083756.17,0,00,99.99,,,,0.0,0.0
1788083757.17,0,00,99.99,,,,0.0,0.0
1788083758.16,0,00,99.99,,,,0.0,0.0
1788083759.17,0,00,99.99,,,,0.0,0.0
1788083760.16,0,00,99.99,,,,0.0,0.0
1788083761.17,0,00,99.99,,,,0.0,0.0
1788083762.16,0,00,99.99,,,,0.0,0.0
1788083763.16,0,00,99.99,,,,0.0,0.0
1788083764.17,0,00,99.99,,,,0.0,0.0
1788083765.16,0,00,99.99,,,,0.0,0.0
1788083766.16,0,00,99.99,,,,0.0,0.0
1788083767.16,0,00,99.99,,,,0.0,0.0
1788083768.16,0,00,99.99,,,,0.0,0.0
1788083769.16,0,00,99.99,,,,0.0,0.0
1788083770.16,0,00,99.99,,,,0.0,0.0
1788083771.16,0,00,99.99,,,,0.0,0.0
1788083772.16,0,00,99.99,,,,0.0,0.0
1788083773.16,0,00,99.99,,,,0.0,0.0
1788083774.16,0,00,99.99,,,,0.0,0.0
1788083775.16,0,00,99.99,,,,0.0,0.0
1788083776.16,0,00,99.99,,,,0.0,0.0
1788083777.17,0,00,99.99,,,,0.0,0.0
1788083778.16,0,00,99.99,,,,0.0,0.0
1788083779.17,0,00,99.99,,,,0.0,0.0
1788083780.16,0,00,99.99,,,,0.0,0.0
1788083781.17,0,00,99.99,,,,0.0,0.0
1788083782.17,0,00,99.99,,,,0.0,0.0
1788083783.16,0,00,99.99,,,,0.0,0.0
1788083784.16,0,00,99.99,,,,0.0,0.0
1788083785.17,0,00,99.99,,,,0.0,0.0
1788083786.17,0,00,99.99,,,,0.0,0.0
1788083787.17,0,00,99.99,,,,0.0,0.0
1788083788.17,0,00,99.99,,,,0.0,0.0
1788083789.17,0,00,99.99,,,,0.0,0.0
1788083790.16,0,00,99.99,,,,0.0,0.0
1788083791.17,0,00,99.99,,,,0.0,0.0
1788083792.17,0,00,99.99,,,,0.0,0.0
1788083793.17,0,00,99.99,,,,0.0,0.0
1788083794.17,0,00,99.99,,,,0.0,0.0
1788083795.17,0,00,99.99,,,,0.0,0.0
1788083796.17,0,00,99.99,,,,0.0,0.0
1788083797.17,0,00,99.99,,,,0.0,0.0
1788083798.17,0,00,99.99,,,,0.0,0.0
1788083799.17,0,00,99.99,,,,0.0,0.0
1788083800.17,0,00,99.99,,,,0.0,0.0
1788083801.16,0,00,99.99,,,,0.0,0.0
1788083802.16,0,00,99.99,,,,0.0,0.0
1788083803.16,0,00,99.99,,,,0.0,0.0
1788083804.16,0,00,99.99,,,,0.0,0.0
1788083805.17,0,00,99.99,,,,0.0,0.0
1788083806.16,0,00,99.99,,,,0.0,0.0
1788083807.16,0,00,99.99,,,,0.0,0.0
1788083808.16,0,00,99.99,,,,0.0,0.0
1788083809.17,0,00,99.99,,,,0.0,0.0
1788083810.16,0,00,99.99,,,,0.0,0.0
1788083811.16,0,00,99.99,,,,0.0,0.0
1788083812.16,0,00,99.99,,,,0.0,0.0
1788083813.16,0,00,99.99,,,,0.0,0.0
1788083814.16,0,00,99.99,,,,0.0,0.0
1788083815.16,0,00,99.99,,,,0.0,0.0
1788083816.16,0,00,99.99,,,,0.0,0.0
1788083817.16,0,00,99.99,,,,0.0,0.0
1788083818.16,0,00,99.99,,,,0.0,0.0
1788083819.16,0,00,99.99,,,,0.0,0.0
1788083820.16,0,00,99.99,,,,0.0,0.0
1788083821.16,0,00,99.99,,,,0.0,0.0
1788083822.16,0,00,99.99,,,,0.0,0.0
1788083823.16,0,00,99.99,,,,0.0,0.0
1788083824.16,0,00,99.99,,,,0.0,0.0
1788083825.16,0,00,99.99,,,,0.0,0.0
1788083826.16,0,00,99.99,,,,0.0,0.0
1788083827.16,0,00,99.99,,,,0.0,0.0
1788083828.16,0,00,99.99,,,,0.0,0.0
1788083829.16,0,00,99.99,,,,0.0,0.0
1788083830.17,0,00,99.99,,,,0.0,0.0
1788083831.17,0,00,99.99,,,,0.0,0.0
1788083832.17,0,00,99.99,,,,0.0,0.0
1788083833.17,0,00,99.99,,,,0.0,0.0
1788083834.16,0,00,99.99,,,,0.0,0.0
1788083835.16,0,00,99.99,,,,0.0,0.0
1788083836.16,0,00,99.99,,,,0.0,0.0
1788083837.16,0,00,99.99,,,,0.0,0.0
1788083838.16,0,00,99.99,,,,0.0,0.0
1788083839.17,0,00,99.99,,,,0.0,0.0
1788083840.16,0,00,99.99,,,,0.0,0.0
1788083841.16,0,00,99.99,,,,0.0,0.0
1788083842.17,0,00,99.99,,,,0.0,0.0
1788083843.16,0,00,99.99,,,,0.0,0.0
1788083844.16,0,00,99.99,,,,0.0,0.0
1788083845.16,0,00,99.99,,,,0.0,0.0
1788083846.16,0,00,99.99,,,,0.0,0.0
1788083847.16,0,00,99.99,,,,0.0,0.0
1788083848.16,0,00,99.99,,,,0.0,0.0
1788083849.16,0,00,99.99,,,,0.0,0.0
1788083850.16,0,00,99.99,,,,0.0,0.0
1788083851.16,0,00,99.99,,,,0.0,0.0
1788083852.16,0,00,99.99,,,,0.0,0.0
1788083853.16,0,00,99.99,,,,0.0,0.0
1788083854.16,0,00,99.99,,,,0.0,0.0
1788083855.16,0,00,99.99,,,,0.0,0.0
1788083856.16,0,00,99.99,,,,0.0,0.0
1788083857.16,0,00,99.99,,,,0.0,0.0
1788083858.16,0,00,99.99,,,,0.0,0.0
1788083859.16,0,00,99.99,,,,0.0,0.0
1788083860.16,0,00,99.99,,,,0.0,0.0
1788083861.16,0,00,99.99,,,,0.0,0.0
1788083862.16,0,00,99.99,,,,0.0,0.0
1788083863.16,0,00,99.99,,,,0.0,0.0
1788083864.16,0,00,99.99,,,,0.0,0.0
1788083865.16,0,00,99.99,,,,0.0,0.0
1788083866.16,0,00,99.99,,,,0.0,0.0
1788083867.16,0,00,99.99,,,,0.0,0.0
1788083868.16,0,00,99.99,,,,0.0,0.0
1788083869.16,0,00,99.99,,,,0.0,0.0
1788083870.16,0,00,99.99,,,,0.0,0.0
1788083871.16,0,00,99.99,,,,0.0,0.0
1788083872.16,0,00,99.99,,,,0.0,0.0
1788083873.16,0,00,99.99,,,,0.0,0.0
1788083874.16,0,00,99.99,,,,0.0,0.0
1788083875.16,0,00,99.99,,,,0.0,0.0
1788083876.16,0,00,99.99,,,,0.0,0.0
1788083877.16,0,00,99.99,,,,0.0,0.0
1788083878.16,0,00,99.99,,,,0.0,0.0
1788083879.16,0,00,99.99,,,,0.0,0.0
1788083880.16,0,00,99.99,,,,0.0,0.0
1788083881.16,0,00,99.99,,,,0.0,0.0
1788083882.17,0,00,99.99,,,,0.0,0.0
1788083883.16,0,00,99.99,,,,0.0,0.0
1788083884.16,0,00,99.99,,,,0.0,0.0
1788083885.16,0,00,99.99,,,,0.0,0.0
1788083886.16,0,00,99.99,,,,0.0,0.0
1788083887.16,0,00,99.99,,,,0.0,0.0
1788083888.16,0,00,99.99,,,,0.0,0.0
1788083889.16,0,00,99.99,,,,0.0,0.0
1788083890.17,0,00,99.99,,,,0.0,0.0
1788083891.16,0,00,99.99,,,,0.0,0.0
1788083892.16,0,00,99.99,,,,0.0,0.0
1788083893.16,0,00,99.99,,,,0.0,0.0
1788083894.16,0,00,99.99,,,,0.0,0.0
1788083895.17,0,00,99.99,,,,0.0,0.0
1788083896.16,0,00,99.99,,,,0.0,0.0
1788083897.17,0,00,99.99,,,,0.0,0.0
1788083898.17,0,00,99.99,,,,0.0,0.0
1788083899.16,0,00,99.99,,,,0.0,0.0
1788083900.16,0,00,99.99,,,,0.0,0.0
1788083901.16,0,00,99.99,,,,0.0,0.0
1788083902.17,0,00,99.99,,,,0.0,0.0
1788083903.16,0,00,99.99,,,,0.0,0.0
1788083904.17,0,00,99.99,,,,0.0,0.0
1788083905.17,0,00,99.99,,,,0.0,0.0
1788083906.16,0,00,99.99,,,,0.0,0.0
1788083907.16,0,00,99.99,,,,0.0,0.0
1788083908.16,0,00,99.99,,,,0.0,0.0
1788083909.17,0,00,99.99,,,,0.0,0.0
1788083910.16,0,00,99.99,,,,0.0,0.0
1788083911.16,0,00,99.99,,,,0.0,0.0
1788083912.16,0,00,99.99,,,,0.0,0.0
1788083913.16,0,00,99.99,,,,0.0,0.0
1788083914.16,0,00,99.99,,,,0.0,0.0
1788083915.16,0,00,99.99,,,,0.0,0.0
1788083916.16,0,00,99.99,,,,0.0,0.0
1788083917.16,0,00,99.99,,,,0.0,0.0
1788083918.16,0,00,99.99,,,,0.0,0.0
1788083919.16,0,00,99.99,,,,0.0,0.0
1788083920.16,0,00,99.99,,,,0.0,0.0
1788083921.15,0,00,99.99,,,,0.0,0.0
1788083922.16,0,00,99.99,,,,0.0,0.0
1788083923.16,0,00,99.99,,,,0.0,0.0
1788083924.16,0,00,99.99,,,,0.0,0.0
1788083925.16,0,00,99.99,,,,0.0,0.0
1788083926.16,0,00,99.99,,,,0.0,0.0
1788083927.17,0,00,99.99,,,,0.0,0.0
1788083928.16,0,00,99.99,,,,0.0,0.0
1788083929.16,0,00,99.99,,,,0.0,0.0
1788083930.16,0,00,99.99,,,,0.0,0.0
1788083931.16,0,00,99.99,,,,0.0,0.0
1788083932.16,0,00,99.99,,,,0.0,0.0
1788083933.16,0,00,99.99,,,,0.0,0.0
1788083934.16,0,00,99.99,,,,0.0,0.0
1788083935.16,0,00,99.99,,,,0.0,0.0
1788083936.16,0,00,99.99,,,,0.0,0.0
1788083937.15,0,00,99.99,,,,0.0,0.0
1788083938.16,0,00,99.99,,,,0.0,0.0
1788083939.16,0,00,99.99,,,,0.0,0.0
1788083940.15,0,00,99.99,,,,0.0,0.0
1788083941.15,0,00,99.99,,,,0.0,0.0
1788083942.16,0,00,99.99,,,,0.0,0.0
1788083943.16,0,00,99.99,,,,0.0,0.0
1788083944.16,0,00,99.99,,,,0.0,0.0
1788083945.16,0,00,99.99,,,,0.0,0.0
1788083946.16,0,00,99.99,,,,0.0,0.0
1788083947.15,0,00,99.99,,,,0.0,0.0
1788083948.16,0,00,99.99,,,,0.0,0.0
1788083949.16,0,00,99.99,,,,0.0,0.0
1788083950.16,0,00,99.99,,,,0.0,0.0
1788083951.16,0,00,99.99,,,,0.0,0.0
1788083952.16,0,00,99.99,,,,0.0,0.0
1788083953.16,0,00,99.99,,,,0.0,0.0
1788083954.16,0,00,99.99,,,,0.0,0.0
1788083955.16,0,00,99.99,,,,0.0,0.0
1788083956.16,0,00,99.99,,,,0.0,0.0
1788083957.16,0,00,99.99,,,,0.0,0.0
1788083958.16,0,00,99.99,,,,0.0,0.0
1788083959.16,0,00,99.99,,,,0.0,0.0
1788083960.16,0,00,99.99,,,,0.0,0.0
1788083961.16,0,00,99.99,,,,0.0,0.0
1788083962.16,0,00,99.99,,,,0.0,0.0
1788083963.16,0,00,99.99,,,,0.0,0.0
1788083964.16,0,00,99.99,,,,0.0,0.0
1788083965.16,0,00,99.99,,,,0.0,0.0
1788083966.16,0,00,99.99,,,,0.0,0.0
1788083967.16,0,00,99.99,,,,0.0,0.0
1788083968.16,0,00,99.99,,,,0.0,0.0
1788083969.15,0,00,99.99,,,,0.0,0.0
1788083970.15,0,00,99.99,,,,0.0,0.0
1788083971.16,0,00,99.99,,,,0.0,0.0
1788083972.16,0,00,99.99,,,,0.0,0.0
1788083973.16,0,00,99.99,,,,0.0,0.0
1788083974.16,0,00,99.99,,,,0.0,0.0
1788083975.16,0,00,99.99,,,,0.0,0.0
1788083976.16,0,00,99.99,,,,0.0,0.0
1788083977.16,0,00,99.99,,,,0.0,0.0
1788083978.16,0,00,99.99,,,,0.0,0.0
1788083979.15,0,00,99.99,,,,0.0,0.0
1788083980.16,0,00,99.99,,,,0.0,0.0
1788083981.16,0,00,99.99,,,,0.0,0.0
1788083982.16,0,00,99.99,,,,0.0,0.0
1788083983.16,0,00,99.99,,,,0.0,0.0
1788083984.15,0,00,99.99,,,,0.0,0.0
1788083985.16,0,00,99.99,,,,0.0,0.0
1788083986.16,0,00,99.99,,,,0.0,0.0
1788083987.15,0,00,99.99,,,,0.0,0.0
1788083988.16,0,00,99.99,,,,0.0,0.0
1788083989.16,0,00,99.99,,,,0.0,0.0
1788083990.16,0,00,99.99,,,,0.0,0.0
1788083991.17,0,00,99.99,,,,0.0,0.0
1788083992.16,0,00,99.99,,,,0.0,0.0
1788083993.15,0,00,99.99,,,,0.0,0.0
1788083994.16,0,00,99.99,,,,0.0,0.0
1788083995.15,0,00,99.99,,,,0.0,0.0
1788083996.15,0,00,99.99,,,,0.0,0.0
1788083997.15,0,00,99.99,,,,0.0,0.0
1788083998.15,0,00,99.99,,,,0.0,0.0
1788083999.15,0,00,99.99,,,,0.0,0.0
1788084000.16,0,00,99.99,,,,0.0,0.0
1788084001.16,0,00,99.99,,,,0.0,0.0
1788084002.16,0,00,99.99,,,,0.0,0.0
1788084003.15,0,00,99.99,,,,0.0,0.0
1788084004.15,0,00,99.99,,,,0.0,0.0
1788084005.16,0,00,99.99,,,,0.0,0.0
1788084006.16,0,00,99.99,,,,0.0,0.0
1788084007.16,0,00,99.99,,,,0.0,0.0
1788084008.16,0,00,99.99,,,,0.0,0.0
1788084009.16,0,00,99.99,,,,0.0,0.0
1788084010.16,0,00,99.99,,,,0.0,0.0
1788084011.16,0,00,99.99,,,,0.0,0.0
1788084012.16,0,00,99.99,,,,0.0,0.0
1788084013.16,0,00,99.99,,,,0.0,0.0
1788084014.16,0,00,99.99,,,,0.0,0.0
1788084015.16,0,00,99.99,,,,0.0,0.0
1788084016.16,0,00,99.99,,,,0.0,0.0
1788084017.16,0,00,99.99,,,,0.0,0.0
1788084018.16,0,00,99.99,,,,0.0,0.0
1788084019.16,0,00,99.99,,,,0.0,0.0
1788084020.15,0,00,99.99,,,,0.0,0.0
1788084021.15,0,00,99.99,,,,0.0,0.0
1788084022.15,0,00,99.99,,,,0.0,0.0
1788084023.15,0,00,99.99,,,,0.0,0.0
1788084024.15,0,00,99.99,,,,0.0,0.0
1788084025.15,0,00,99.99,,,,0.0,0.0
1788084026.15,0,00,99.99,,,,0.0,0.0
1788084027.15,0,00,99.99,,,,0.0,0.0
1788084028.15,0,00,99.99,,,,0.0,0.0
1788084029.15,0,00,99.99,,,,0.0,0.0
1788084030.15,0,00,99.99,,,,0.0,0.0
1788084031.15,0,00,99.99,,,,0.0,0.0
1788084032.15,0,00,99.99,,,,0.0,0.0
1788084033.15,0,00,99.99,,,,0.0,0.0
1788084034.15,0,00,99.99,,,,0.0,0.0
1788084035.15,0,00,99.99,,,,0.0,0.0
1788084036.15,0,00,99.99,,,,0.0,0.0
1788084037.15,0,00,99.99,,,,0.0,0.0
1788084038.15,0,00,99.99,,,,0.0,0.0
1788084039.15,0,00,99.99,,,,0.0,0.0
1788084040.15,0,00,99.99,,,,0.0,0.0
1788084041.15,0,00,99.99,,,,0.0,0.0
1788084042.15,0,00,99.99,,,,0.0,0.0
1788084043.15,0,00,99.99,,,,0.0,0.0
1788084044.15,0,00,99.99,,,,0.0,0.0
1788084045.15,0,00,99.99,,,,0.0,0.0
1788084046.15,0,00,99.99,,,,0.0,0.0
1788084047.15,0,00,99.99,,,,0.0,0.0
1788084048.15,0,00,99.99,,,,0.0,0.0
1788084049.15,0,00,99.99,,,,0.0,0.0
1788084050.15,0,00,99.99,,,,0.0,0.0
1788084051.15,0,00,99.99,,,,0.0,0.0
1788084052.15,0,00,99.99,,,,0.0,0.0
1788084053.15,0,00,99.99,,,,0.0,0.0
1788084054.15,0,00,99.99,,,,0.0,0.0
1788084055.15,0,00,99.99,,,,0.0,0.0
1788084056.16,0,00,99.99,,,,0.0,0.0
1788084057.16,0,00,99.99,,,,0.0,0.0
1788084058.16,0,00,99.99,,,,0.0,0.0
1788084059.16,0,00,99.99,,,,0.0,0.0
1788084060.16,0,00,99.99,,,,0.0,0.0
1788084061.16,0,00,99.99,,,,0.0,0.0
1788084062.16,0,00,99.99,,,,0.0,0.0
1788084063.16,0,00,99.99,,,,0.0,0.0
1788084064.17,0,00,99.99,,,,0.0,0.0
1788084065.16,0,00,99.99,,,,0.0,0.0
1788084066.16,0,00,99.99,,,,0.0,0.0
1788084067.16,0,00,99.99,,,,0.0,0.0
1788084068.16,0,00,99.99,,,,0.0,0.0
1788084069.16,0,00,99.99,,,,0.0,0.0
1788084070.16,0,00,99.99,,,,0.0,0.0
1788084071.16,0,00,99.99,,,,0.0,0.0
1788084072.16,0,00,99.99,,,,0.0,0.0
1788084073.16,0,00,99.99,,,,0.0,0.0
1788084074.16,0,00,99.99,,,,0.0,0.0
1788084075.16,0,00,99.99,,,,0.0,0.0
1788084076.16,0,00,99.99,,,,0.0,0.0
1788084077.16,0,00,99.99,,,,0.0,0.0
1788084078.16,0,00,99.99,,,,0.0,0.0
1788084079.16,0,00,99.99,,,,0.0,0.0
1788084080.16,0,00,99.99,,,,0.0,0.0
1788084081.16,0,00,99.99,,,,0.0,0.0
1788084082.16,0,00,99.99,,,,0.0,0.0
1788084083.16,0,00,99.99,,,,0.0,0.0
1788084084.16,0,00,99.99,,,,0.0,0.0
1788084085.16,0,00,99.99,,,,0.0,0.0
1788084086.15,0,00,99.99,,,,0.0,0.0
1788084087.16,0,00,99.99,,,,0.0,0.0
1788084088.15,0,00,99.99,,,,0.0,0.0
1788084089.15,0,00,99.99,,,,0.0,0.0
1788084090.15,0,00,99.99,,,,0.0,0.0
1788084091.15,0,00,99.99,,,,0.0,0.0
1788084092.15,0,00,99.99,,,,0.0,0.0
1788084093.15,0,00,99.99,,,,0.0,0.0
1788084094.15,0,00,99.99,,,,0.0,0.0
1788084095.15,0,00,99.99,,,,0.0,0.0
1788084096.15,0,00,99.99,,,,0.0,0.0
1788084097.15,0,00,99.99,,,,0.0,0.0
1788084098.15,0,00,99.99,,,,0.0,0.0
1788084099.15,0,00,99.99,,,,0.0,0.0
1788084100.15,0,00,99.99,,,,0.0,0.0
1788084101.15,0,00,99.99,,,,0.0,0.0
1788084102.15,0,00,99.99,,,,0.0,0.0
1788084103.15,0,00,99.99,,,,0.0,0.0
1788084104.15,0,00,99.99,,,,0.0,0.0
1788084105.15,0,00,99.99,,,,0.0,0.0
1788084106.15,0,00,99.99,,,,0.0,0.0
1788084107.15,0,00,99.99,,,,0.0,0.0
1788084108.15,0,00,99.99,,,,0.0,0.0
1788084109.15,0,00,99.99,,,,0.0,0.0
1788084110.15,0,00,99.99,,,,0.0,0.0
1788084111.15,0,00,99.99,,,,0.0,0.0
1788084112.16,0,00,99.99,,,,0.0,0.0
1788084113.16,0,00,99.99,,,,0.0,0.0
1788084114.15,0,00,99.99,,,,0.0,0.0
1788084115.15,0,00,99.99,,,,0.0,0.0
1788084116.16,0,00,99.99,,,,0.0,0.0
1788084117.15,0,00,99.99,,,,0.0,0.0
1788084118.15,0,00,99.99,,,,0.0,0.0
1788084119.15,0,00,99.99,,,,0.0,0.0
1788084120.15,0,00,99.99,,,,0.0,0.0
1788084121.15,0,00,99.99,,,,0.0,0.0
1788084122.15,0,00,99.99,,,,0.0,0.0
1788084123.15,0,00,99.99,,,,0.0,0.0
1788084124.15,0,00,99.99,,,,0.0,0.0
1788084125.16,0,00,99.99,,,,0.0,0.0
1788084126.16,0,00,99.99,,,,0.0,0.0
1788084127.16,0,00,99.99,,,,0.0,0.0
1788084128.16,0,00,99.99,,,,0.0,0.0
1788084129.16,0,00,99.99,,,,0.0,0.0
1788084130.16,0,00,99.99,,,,0.0,0.0
1788084131.16,0,00,99.99,,,,0.0,0.0
1788084132.16,0,00,99.99,,,,0.0,0.0
1788084133.16,0,00,99.99,,,,0.0,0.0
1788084134.16,0,00,99.99,,,,0.0,0.0
1788084135.16,0,00,99.99,,,,0.0,0.0
1788084136.16,0,00,99.99,,,,0.0,0.0
1788084137.15,0,00,99.99,,,,0.0,0.0
1788084138.15,0,00,99.99,,,,0.0,0.0
1788084139.15,0,00,99.99,,,,0.0,0.0
1788084140.16,0,00,99.99,,,,0.0,0.0
1788084141.16,0,00,99.99,,,,0.0,0.0
1788084142.16,0,00,99.99,,,,0.0,0.0
1788084143.16,0,00,99.99,,,,0.0,0.0
1788084144.16,0,00,99.99,,,,0.0,0.0
1788084145.16,0,00,99.99,,,,0.0,0.0
1788084146.16,0,00,99.99,,,,0.0,0.0
1788084147.16,0,00,99.99,,,,0.0,0.0
1788084148.16,0,00,99.99,,,,0.0,0.0
1788084149.16,0,00,99.99,,,,0.0,0.0
1788084150.16,0,00,99.99,,,,0.0,0.0
1788084151.16,0,00,99.99,,,,0.0,0.0
1788084152.16,0,00,99.99,,,,0.0,0.0
1788084153.16,0,00,99.99,,,,0.0,0.0
1788084154.16,0,00,99.99,,,,0.0,0.0
1788084155.16,0,00,99.99,,,,0.0,0.0
1788084156.16,0,00,99.99,,,,0.0,0.0
1788084157.15,0,00,99.99,,,,0.0,0.0
1788084158.17,0,00,99.99,,,,0.0,0.0
1788084159.16,0,00,99.99,,,,0.0,0.0
1788084160.16,0,00,99.99,,,,0.0,0.0
1788084161.16,0,00,99.99,,,,0.0,0.0
1788084162.16,0,00,99.99,,,,0.0,0.0
1788084163.16,0,00,99.99,,,,0.0,0.0
1788084164.16,0,00,99.99,,,,0.0,0.0
1788084165.16,0,00,99.99,,,,0.0,0.0
1788084166.16,0,00,99.99,,,,0.0,0.0
1788084167.16,0,00,99.99,,,,0.0,0.0
1788084168.16,0,00,99.99,,,,0.0,0.0
1788084169.16,0,00,99.99,,,,0.0,0.0
1788084170.16,0,00,99.99,,,,0.0,0.0
1788084171.16,0,00,99.99,,,,0.0,0.0
1788084172.16,0,00,99.99,,,,0.0,0.0
1788084173.16,0,00,99.99,,,,0.0,0.0
1788084174.16,0,00,99.99,,,,0.0,0.0
1788084175.16,0,00,99.99,,,,0.0,0.0
1788084176.16,0,00,99.99,,,,0.0,0.0
1788084177.16,0,00,99.99,,,,0.0,0.0
1788084178.16,0,00,99.99,,,,0.0,0.0
1788084179.16,0,00,99.99,,,,0.0,0.0
1788084180.16,0,00,99.99,,,,0.0,0.0
1788084181.16,0,00,99.99,,,,0.0,0.0
1788084182.16,0,00,99.99,,,,0.0,0.0
1788084183.16,0,00,99.99,,,,0.0,0.0
1788084184.16,0,00,99.99,,,,0.0,0.0
1788084185.16,0,00,99.99,,,,0.0,0.0
1788084186.16,0,00,99.99,,,,0.0,0.0
1788084187.16,0,00,99.99,,,,0.0,0.0
1788084188.16,0,00,99.99,,,,0.0,0.0
1788084189.16,0,00,99.99,,,,0.0,0.0
1788084190.16,0,00,99.99,,,,0.0,0.0
1788084191.16,0,00,99.99,,,,0.0,0.0
1788084192.16,0,00,99.99,,,,0.0,0.0
1788084193.16,0,00,99.99,,,,0.0,0.0
1788084194.16,0,00,99.99,,,,0.0,0.0
1788084195.16,0,00,99.99,,,,0.0,0.0
1788084196.16,0,00,99.99,,,,0.0,0.0
1788084197.16,0,00,99.99,,,,0.0,0.0
1788084198.16,0,00,99.99,,,,0.0,0.0
1788084199.16,0,00,99.99,,,,0.0,0.0
1788084200.16,0,00,99.99,,,,0.0,0.0
1788084201.16,0,00,99.99,,,,0.0,0.0
1788084202.16,0,00,99.99,,,,0.0,0.0
1788084203.16,0,00,99.99,,,,0.0,0.0
1788084204.16,0,00,99.99,,,,0.0,0.0
1788084205.17,0,00,99.99,,,,0.0,0.0
1788084206.16,0,00,99.99,,,,0.0,0.0
1788084207.16,0,00,99.99,,,,0.0,0.0
1788084208.16,0,00,99.99,,,,0.0,0.0
1788084209.16,0,00,99.99,,,,0.0,0.0
1788084210.16,0,00,99.99,,,,0.0,0.0
1788084211.16,0,00,99.99,,,,0.0,0.0
1788084212.16,0,00,99.99,,,,0.0,0.0
1788084213.16,0,00,99.99,,,,0.0,0.0
1788084214.16,0,00,99.99,,,,0.0,0.0
1788084215.16,0,00,99.99,,,,0.0,0.0
1788084216.16,0,00,99.99,,,,0.0,0.0
1788084217.16,0,00,99.99,,,,0.0,0.0
1788084218.16,0,00,99.99,,,,0.0,0.0
1788084219.16,0,00,99.99,,,,0.0,0.0
1788084220.16,0,00,99.99,,,,0.0,0.0
1788084221.16,0,00,99.99,,,,0.0,0.0
1788084222.16,0,00,99.99,,,,0.0,0.0
1788084223.16,0,00,99.99,,,,0.0,0.0
1788084224.16,0,00,99.99,,,,0.0,0.0
1788084225.16,0,00,99.99,,,,0.0,0.0
1788084226.16,0,00,99.99,,,,0.0,0.0
1788084227.16,0,00,99.99,,,,0.0,0.0
1788084228.16,0,00,99.99,,,,0.0,0.0
1788084229.16,0,00,99.99,,,,0.0,0.0
1788084230.16,0,00,99.99,,,,0.0,0.0
1788084231.16,0,00,99.99,,,,0.0,0.0
1788084232.16,0,00,99.99,,,,0.0,0.0
1788084233.16,0,00,99.99,,,,0.0,0.0
1788084234.16,0,00,99.99,,,,0.0,0.0
1788084235.16,0,00,99.99,,,,0.0,0.0
1788084236.16,0,00,99.99,,,,0.0,0.0
1788084237.16,0,00,99.99,,,,0.0,0.0
1788084238.16,0,00,99.99,,,,0.0,0.0
1788084239.16,0,00,99.99,,,,0.0,0.0
1788084240.16,0,00,99.99,,,,0.0,0.0
1788084241.16,0,00,99.99,,,,0.0,0.0
1788084242.16,0,00,99.99,,,,0.0,0.0
1788084243.16,0,00,99.99,,,,0.0,0.0
1788084244.16,0,00,99.99,,,,0.0,0.0
1788084245.16,0,00,99.99,,,,0.0,0.0
1788084246.16,0,00,99.99,,,,0.0,0.0
1788084247.16,0,00,99.99,,,,0.0,0.0
1788084248.16,0,00,99.99,,,,0.0,0.0
1788084249.16,0,00,99.99,,,,0.0,0.0
1788084250.17,0,00,99.99,,,,0.0,0.0
1788084251.16,0,00,99.99,,,,0.0,0.0
1788084252.16,0,00,99.99,,,,0.0,0.0
1788084253.16,0,00,99.99,,,,0.0,0.0
1788084254.16,0,00,99.99,,,,0.0,0.0
1788084255.16,0,00,99.99,,,,0.0,0.0
1788084256.16,0,00,99.99,,,,0.0,0.0
1788084257.16,0,00,99.99,,,,0.0,0.0
1788084258.16,0,00,99.99,,,,0.0,0.0
1788084259.16,0,00,99.99,,,,0.0,0.0
1788084260.16,0,00,99.99,,,,0.0,0.0
1788084261.16,0,00,99.99,,,,0.0,0.0
1788084262.16,0,00,99.99,,,,0.0,0.0
1788084263.16,0,00,99.99,,,,0.0,0.0
1788084264.16,0,00,99.99,,,,0.0,0.0
1788084265.16,0,00,99.99,,,,0.0,0.0
1788084266.16,0,00,99.99,,,,0.0,0.0
1788084267.16,0,00,99.99,,,,0.0,0.0
1788084268.17,0,00,99.99,,,,0.0,0.0
1788084269.16,0,00,99.99,,,,0.0,0.0
1788084270.16,0,00,99.99,,,,0.0,0.0
1788084271.16,0,00,99.99,,,,0.0,0.0
1788084272.16,0,00,99.99,,,,0.0,0.0
1788084273.16,0,00,99.99,,,,0.0,0.0
1788084274.16,0,00,99.99,,,,0.0,0.0
1788084275.16,0,00,99.99,,,,0.0,0.0
1788084276.16,0,00,99.99,,,,0.0,0.0
1788084277.16,0,00,99.99,,,,0.0,0.0
1788084278.16,0,00,99.99,,,,0.0,0.0
1788084279.16,0,00,99.99,,,,0.0,0.0
1788084280.16,0,00,99.99,,,,0.0,0.0
1788084281.16,0,00,99.99,,,,0.0,0.0
1788084282.16,0,00,99.99,,,,0.0,0.0
1788084283.16,0,00,99.99,,,,0.0,0.0
1788084284.16,0,00,99.99,,,,0.0,0.0
1788084285.16,0,00,99.99,,,,0.0,0.0
1788084286.16,0,00,99.99,,,,0.0,0.0
1788084287.16,0,00,99.99,,,,0.0,0.0
1788084288.16,0,00,99.99,,,,0.0,0.0
1788084289.16,0,00,99.99,,,,0.0,0.0
1788084290.16,0,00,99.99,,,,0.0,0.0
1788084291.16,0,00,99.99,,,,0.0,0.0
1788084292.16,0,00,99.99,,,,0.0,0.0
1788084293.16,0,00,99.99,,,,0.0,0.0
1788084294.16,0,00,99.99,,,,0.0,0.0
1788084295.16,0,00,99.99,,,,0.0,0.0
1788084296.16,0,00,99.99,,,,0.0,0.0
1788084297.16,0,00,99.99,,,,0.0,0.0
1788084298.16,0,00,99.99,,,,0.0,0.0
1788084299.16,0,00,99.99,,,,0.0,0.0
1788084300.16,0,00,99.99,,,,0.0,0.0
1788084301.16,0,00,99.99,,,,0.0,0.0
1788084302.16,0,00,99.99,,,,0.0,0.0
1788084303.16,0,00,99.99,,,,0.0,0.0
1788084304.16,0,00,99.99,,,,0.0,0.0
1788084305.16,0,00,99.99,,,,0.0,0.0
1788084306.16,0,00,99.99,,,,0.0,0.0
1788084307.16,0,00,99.99,,,,0.0,0.0
1788084308.16,0,00,99.99,,,,0.0,0.0
1788084309.16,0,00,99.99,,,,0.0,0.0
1788084310.16,0,00,99.99,,,,0.0,0.0
1788084311.16,0,00,99.99,,,,0.0,0.0
1788084312.16,0,00,99.99,,,,0.0,0.0
1788084313.16,0,00,99.99,,,,0.0,0.0
1788084314.16,0,00,99.99,,,,0.0,0.0
1788084315.16,0,00,99.99,,,,0.0,0.0
1788084316.16,0,00,99.99,,,,0.0,0.0
1788084317.15,0,00,99.99,,,,0.0,0.0
1788084318.15,0,00,99.99,,,,0.0,0.0
1788084319.16,0,00,99.99,,,,0.0,0.0
1788084320.15,0,00,99.99,,,,0.0,0.0
1788084321.16,0,00,99.99,,,,0.0,0.0
1788084322.16,0,00,99.99,,,,0.0,0.0
1788084323.16,0,00,99.99,,,,0.0,0.0
1788084324.16,0,00,99.99,,,,0.0,0.0
1788084325.16,0,00,99.99,,,,0.0,0.0
1788084326.16,0,00,99.99,,,,0.0,0.0
1788084327.15,0,00,99.99,,,,0.0,0.0
1788084328.15,0,00,99.99,,,,0.0,0.0
1788084329.16,0,00,99.99,,,,0.0,0.0
1788084330.16,0,00,99.99,,,,0.0,0.0
1788084331.16,0,00,99.99,,,,0.0,0.0
1788084332.16,0,00,99.99,,,,0.0,0.0
1788084333.16,0,00,99.99,,,,0.0,0.0
1788084334.16,0,00,99.99,,,,0.0,0.0
1788084335.16,0,00,99.99,,,,0.0,0.0
1788084336.16,0,00,99.99,,,,0.0,0.0
1788084337.16,0,00,99.99,,,,0.0,0.0
1788084338.16,0,00,99.99,,,,0.0,0.0
1788084339.16,0,00,99.99,,,,0.0,0.0
1788084340.16,0,00,99.99,,,,0.0,0.0
1788084341.16,0,00,99.99,,,,0.0,0.0
1788084342.16,0,00,99.99,,,,0.0,0.0
1788084343.15,0,00,99.99,,,,0.0,0.0
1788084344.16,0,00,99.99,,,,0.0,0.0
1788084345.16,0,00,99.99,,,,0.0,0.0
1788084346.15,0,00,99.99,,,,0.0,0.0
1788084347.16,0,00,99.99,,,,0.0,0.0
1788084348.16,0,00,99.99,,,,0.0,0.0
1788084349.16,0,00,99.99,,,,0.0,0.0
1788084350.15,0,00,99.99,,,,0.0,0.0
1788084351.16,0,00,99.99,,,,0.0,0.0
1788084352.16,0,00,99.99,,,,0.0,0.0
1788084353.16,0,00,99.99,,,,0.0,0.0
1788084354.15,0,00,99.99,,,,0.0,0.0
1788084355.16,0,00,99.99,,,,0.0,0.0
1788084356.15,0,00,99.99,,,,0.0,0.0
1788084357.15,0,00,99.99,,,,0.0,0.0
1788084358.15,0,00,99.99,,,,0.0,0.0
1788084359.16,0,00,99.99,,,,0.0,0.0
1788084360.15,0,00,99.99,,,,0.0,0.0
1788084361.16,0,00,99.99,,,,0.0,0.0
1788084362.15,0,00,99.99,,,,0.0,0.0
1788084363.15,0,00,99.99,,,,0.0,0.0
1788084364.15,0,00,99.99,,,,0.0,0.0
1788084365.15,0,00,99.99,,,,0.0,0.0
1788084366.15,0,00,99.99,,,,0.0,0.0
1788084367.15,0,00,99.99,,,,0.0,0.0
1788084368.15,0,00,99.99,,,,0.0,0.0
1788084369.15,0,00,99.99,,,,0.0,0.0
1788084370.15,0,00,99.99,,,,0.0,0.0
1788084371.16,0,00,99.99,,,,0.0,0.0
1788084372.16,0,00,99.99,,,,0.0,0.0
1788084373.15,0,00,99.99,,,,0.0,0.0
1788084374.15,0,00,99.99,,,,0.0,0.0
1788084375.16,0,00,99.99,,,,0.0,0.0
1788084376.16,0,00,99.99,,,,0.0,0.0
1788084377.16,0,00,99.99,,,,0.0,0.0
1788084378.15,0,00,99.99,,,,0.0,0.0
1788084379.16,0,00,99.99,,,,0.0,0.0
1788084380.16,0,00,99.99,,,,0.0,0.0
1788084381.15,0,00,99.99,,,,0.0,0.0
1788084382.16,0,00,99.99,,,,0.0,0.0
1788084383.16,0,00,99.99,,,,0.0,0.0
1788084384.16,0,00,99.99,,,,0.0,0.0
1788084385.16,0,00,99.99,,,,0.0,0.0
1788084386.16,0,00,99.99,,,,0.0,0.0
1788084387.16,0,00,99.99,,,,0.0,0.0
1788084388.16,0,00,99.99,,,,0.0,0.0
1788084389.16,0,00,99.99,,,,0.0,0.0
1788084390.16,0,00,99.99,,,,0.0,0.0
1788084391.16,0,00,99.99,,,,0.0,0.0
1788084392.16,0,00,99.99,,,,0.0,0.0
1788084393.16,0,00,99.99,,,,0.0,0.0
1788084394.16,0,00,99.99,,,,0.0,0.0
1788084395.16,0,00,99.99,,,,0.0,0.0
1788084396.16,0,00,99.99,,,,0.0,0.0
1788084397.16,0,00,99.99,,,,0.0,0.0
1788084398.15,0,00,99.99,,,,0.0,0.0
1788084399.15,0,00,99.99,,,,0.0,0.0
1788084400.15,0,00,99.99,,,,0.0,0.0
1788084401.16,0,00,99.99,,,,0.0,0.0
1788084402.16,0,00,99.99,,,,0.0,0.0
1788084403.16,0,00,99.99,,,,0.0,0.0
1788084404.16,0,00,99.99,,,,0.0,0.0
1788084405.16,0,00,99.99,,,,0.0,0.0
1788084406.16,0,00,99.99,,,,0.0,0.0
1788084407.16,0,00,99.99,,,,0.0,0.0
1788084408.16,0,00,99.99,,,,0.0,0.0
1788084409.16,0,00,99.99,,,,0.0,0.0
1788084410.16,0,00,99.99,,,,0.0,0.0
1788084411.16,0,00,99.99,,,,0.0,0.0
1788084412.16,0,00,99.99,,,,0.0,0.0
1788084413.16,0,00,99.99,,,,0.0,0.0
1788084414.16,0,00,99.99,,,,0.0,0.0
1788084415.15,0,00,99.99,,,,0.0,0.0
1788084416.16,0,00,99.99,,,,0.0,0.0
1788084417.16,0,00,99.99,,,,0.0,0.0
1788084418.16,0,00,99.99,,,,0.0,0.0
1788084419.16,0,00,99.99,,,,0.0,0.0
1788084420.16,0,00,99.99,,,,0.0,0.0
1788084421.16,0,00,99.99,,,,0.0,0.0
1788084422.16,0,00,99.99,,,,0.0,0.0
1788084423.16,0,00,99.99,,,,0.0,0.0
1788084424.16,0,00,99.99,,,,0.0,0.0
1788084425.15,0,00,99.99,,,,0.0,0.0
1788084426.15,0,00,99.99,,,,0.0,0.0
1788084427.15,0,00,99.99,,,,0.0,0.0
1788084428.16,0,00,99.99,,,,0.0,0.0
1788084429.16,0,00,99.99,,,,0.0,0.0
1788084430.15,0,00,99.99,,,,0.0,0.0
1788084431.15,0,00,99.99,,,,0.0,0.0
1788084432.15,0,00,99.99,,,,0.0,0.0
1788084433.15,0,00,99.99,,,,0.0,0.0
1788084434.15,0,00,99.99,,,,0.0,0.0
1788084435.15,0,00,99.99,,,,0.0,0.0
1788084436.15,0,00,99.99,,,,0.0,0.0
1788084437.16,0,00,99.99,,,,0.0,0.0
1788084438.16,0,00,99.99,,,,0.0,0.0
1788084439.15,0,00,99.99,,,,0.0,0.0
1788084440.15,0,00,99.99,,,,0.0,0.0
1788084441.15,0,00,99.99,,,,0.0,0.0
1788084442.16,0,00,99.99,,,,0.0,0.0
1788084443.16,0,00,99.99,,,,0.0,0.0
1788084444.15,0,00,99.99,,,,0.0,0.0
1788084445.15,0,00,99.99,,,,0.0,0.0
1788084446.15,0,00,99.99,,,,0.0,0.0
1788084447.16,0,00,99.99,,,,0.0,0.0
1788084448.16,0,00,99.99,,,,0.0,0.0
1788084449.15,0,00,99.99,,,,0.0,0.0
1788084450.15,0,00,99.99,,,,0.0,0.0
1788084451.16,0,00,99.99,,,,0.0,0.0
1788084452.16,0,00,99.99,,,,0.0,0.0
1788084453.16,0,00,99.99,,,,0.0,0.0
1788084454.16,0,00,99.99,,,,0.0,0.0
1788084455.16,0,00,99.99,,,,0.0,0.0
1788084456.15,0,00,99.99,,,,0.0,0.0
1788084457.16,0,00,99.99,,,,0.0,0.0
1788084458.15,0,00,99.99,,,,0.0,0.0
1788084459.16,0,00,99.99,,,,0.0,0.0
1788084460.16,0,00,99.99,,,,0.0,0.0
1788084461.16,0,00,99.99,,,,0.0,0.0
1788084462.15,0,00,99.99,,,,0.0,0.0
1788084463.16,0,00,99.99,,,,0.0,0.0
1788084464.16,0,00,99.99,,,,0.0,0.0
1788084465.16,0,00,99.99,,,,0.0,0.0
1788084466.16,0,00,99.99,,,,0.0,0.0
1788084467.16,0,00,99.99,,,,0.0,0.0
1788084468.16,0,00,99.99,,,,0.0,0.0
1788084469.15,0,00,99.99,,,,0.0,0.0
1788084470.16,0,00,99.99,,,,0.0,0.0
1788084471.16,0,00,99.99,,,,0.0,0.0
1788084472.16,0,00,99.99,,,,0.0,0.0
1788084473.15,0,00,99.99,,,,0.0,0.0
1788084474.16,0,00,99.99,,,,0.0,0.0
1788084475.16,0,00,99.99,,,,0.0,0.0
1788084476.16,0,00,99.99,,,,0.0,0.0
1788084477.16,0,00,99.99,,,,0.0,0.0
1788084478.15,0,00,99.99,,,,0.0,0.0
1788084479.15,0,00,99.99,,,,0.0,0.0
1788084480.15,0,00,99.99,,,,0.0,0.0
1788084481.15,0,00,99.99,,,,0.0,0.0
1788084482.15,0,00,99.99,,,,0.0,0.0
1788084483.15,0,00,99.99,,,,0.0,0.0
1788084484.15,0,00,99.99,,,,0.0,0.0
1788084485.15,0,00,99.99,,,,0.0,0.0
1788084486.15,0,00,99.99,,,,0.0,0.0
1788084487.15,0,00,99.99,,,,0.0,0.0
1788084488.15,0,00,99.99,,,,0.0,0.0
1788084489.15,0,00,99.99,,,,0.0,0.0
1788084490.15,0,00,99.99,,,,0.0,0.0
1788084491.15,0,00,99.99,,,,0.0,0.0
1788084492.16,0,00,99.99,,,,0.0,0.0
1788084493.16,0,00,99.99,,,,0.0,0.0
1788084494.16,0,00,99.99,,,,0.0,0.0
1788084495.16,0,00,99.99,,,,0.0,0.0
1788084496.15,0,00,99.99,,,,0.0,0.0
1788084497.15,0,00,99.99,,,,0.0,0.0
1788084498.16,0,00,99.99,,,,0.0,0.0
1788084499.16,0,00,99.99,,,,0.0,0.0
1788084500.15,0,00,99.99,,,,0.0,0.0
1788084501.15,0,00,99.99,,,,0.0,0.0
1788084502.15,0,00,99.99,,,,0.0,0.0
1788084503.15,0,00,99.99,,,,0.0,0.0
1788084504.15,0,00,99.99,,,,0.0,0.0
1788084505.16,0,00,99.99,,,,0.0,0.0
1788084506.16,0,00,99.99,,,,0.0,0.0
1788084507.16,0,00,99.99,,,,0.0,0.0
1788084508.15,0,00,99.99,,,,0.0,0.0
1788084509.15,0,00,99.99,,,,0.0,0.0
1788084510.15,0,00,99.99,,,,0.0,0.0
1788084511.15,0,00,99.99,,,,0.0,0.0
1788084512.15,0,00,99.99,,,,0.0,0.0
1788084513.15,0,00,99.99,,,,0.0,0.0
1788084514.15,0,00,99.99,,,,0.0,0.0
1788084515.15,0,00,99.99,,,,0.0,0.0
1788084516.15,0,00,99.99,,,,0.0,0.0
1788084517.15,0,00,99.99,,,,0.0,0.0
1788084518.15,0,00,99.99,,,,0.0,0.0
1788084519.15,0,00,99.99,,,,0.0,0.0
1788084520.15,0,00,99.99,,,,0.0,0.0
1788084521.15,0,00,99.99,,,,0.0,0.0
1788084522.15,0,00,99.99,,,,0.0,0.0
1788084523.15,0,00,99.99,,,,0.0,0.0
1788084524.16,0,00,99.99,,,,0.0,0.0
1788084525.17,0,00,99.99,,,,0.0,0.0
1788084526.15,0,00,99.99,,,,0.0,0.0
1788084527.16,0,00,99.99,,,,0.0,0.0
1788084528.17,0,00,99.99,,,,0.0,0.0
1788084529.15,0,00,99.99,,,,0.0,0.0
1788084530.15,0,00,99.99,,,,0.0,0.0
1788084531.15,0,00,99.99,,,,0.0,0.0
1788084532.15,0,00,99.99,,,,0.0,0.0
1788084533.15,0,00,99.99,,,,0.0,0.0
1788084534.15,0,00,99.99,,,,0.0,0.0
1788084535.15,0,00,99.99,,,,0.0,0.0
1788084536.16,0,00,99.99,,,,0.0,0.0
1788084537.15,0,00,99.99,,,,0.0,0.0
1788084538.15,0,00,99.99,,,,0.0,0.0
1788084539.16,0,00,99.99,,,,0.0,0.0
1788084540.16,0,00,99.99,,,,0.0,0.0
1788084541.16,0,00,99.99,,,,0.0,0.0
1788084542.16,0,00,99.99,,,,0.0,0.0
1788084543.15,0,00,99.99,,,,0.0,0.0
1788084544.15,0,00,99.99,,,,0.0,0.0
1788084545.16,0,00,99.99,,,,0.0,0.0
1788084546.16,0,00,99.99,,,,0.0,0.0
1788084547.16,0,00,99.99,,,,0.0,0.0
1788084548.15,0,00,99.99,,,,0.0,0.0
1788084549.16,0,00,99.99,,,,0.0,0.0
1788084550.15,0,00,99.99,,,,0.0,0.0
1788084551.15,0,00,99.99,,,,0.0,0.0
1788084552.15,0,00,99.99,,,,0.0,0.0
1788084553.15,0,00,99.99,,,,0.0,0.0
1788084554.15,0,00,99.99,,,,0.0,0.0
1788084555.15,0,00,99.99,,,,0.0,0.0
1788084556.15,0,00,99.99,,,,0.0,0.0
1788084557.15,0,00,99.99,,,,0.0,0.0
1788084558.15,0,00,99.99,,,,0.0,0.0
1788084559.15,0,00,99.99,,,,0.0,0.0
1788084560.15,0,00,99.99,,,,0.0,0.0
1788084561.15,0,00,99.99,,,,0.0,0.0
1788084562.15,0,00,99.99,,,,0.0,0.0
1788084563.15,0,00,99.99,,,,0.0,0.0
1788084564.15,0,00,99.99,,,,0.0,0.0
1788084565.15,0,00,99.99,,,,0.0,0.0
1788084566.15,0,00,99.99,,,,0.0,0.0
1788084567.15,0,00,99.99,,,,0.0,0.0
1788084568.16,0,00,99.99,,,,0.0,0.0
1788084569.15,0,00,99.99,,,,0.0,0.0
1788084570.15,0,00,99.99,,,,0.0,0.0
1788084571.15,0,00,99.99,,,,0.0,0.0
1788084572.15,0,00,99.99,,,,0.0,0.0
1788084573.15,0,00,99.99,,,,0.0,0.0
1788084574.15,0,00,99.99,,,,0.0,0.0
1788084575.15,0,00,99.99,,,,0.0,0.0
1788084576.15,0,00,99.99,,,,0.0,0.0
1788084577.15,0,00,99.99,,,,0.0,0.0
1788084578.15,0,00,99.99,,,,0.0,0.0
1788084579.15,0,00,99.99,,,,0.0,0.0
1788084580.15,0,00,99.99,,,,0.0,0.0
1788084581.15,0,00,99.99,,,,0.0,0.0
1788084582.15,0,00,99.99,,,,0.0,0.0
1788084583.15,0,00,99.99,,,,0.0,0.0
1788084584.15,0,00,99.99,,,,0.0,0.0
1788084585.15,0,00,99.99,,,,0.0,0.0
1788084586.15,0,00,99.99,,,,0.0,0.0
1788084587.15,0,00,99.99,,,,0.0,0.0
1788084588.15,0,00,99.99,,,,0.0,0.0
1788084589.15,0,00,99.99,,,,0.0,0.0
1788084590.15,0,00,99.99,,,,0.0,0.0
1788084591.15,0,00,99.99,,,,0.0,0.0
1788084592.15,0,00,99.99,,,,0.0,0.0
1788084593.15,0,00,99.99,,,,0.0,0.0
1788084594.15,0,00,99.99,,,,0.0,0.0
1788084595.15,0,00,99.99,,,,0.0,0.0
1788084596.15,0,00,99.99,,,,0.0,0.0
1788084597.15,0,00,99.99,,,,0.0,0.0
1788084598.15,0,00,99.99,,,,0.0,0.0
1788084599.15,0,00,99.99,,,,0.0,0.0
1788084600.15,0,00,99.99,,,,0.0,0.0
1788084601.15,0,00,99.99,,,,0.0,0.0
1788084602.15,0,00,99.99,,,,0.0,0.0
1788084603.15,0,00,99.99,,,,0.0,0.0
1788084604.16,0,00,99.99,,,,0.0,0.0
1788084605.15,0,00,99.99,,,,0.0,0.0
1788084606.15,0,00,99.99,,,,0.0,0.0
1788084607.15,0,00,99.99,,,,0.0,0.0
1788084608.15,0,00,99.99,,,,0.0,0.0
1788084609.15,0,00,99.99,,,,0.0,0.0
1788084610.15,0,00,99.99,,,,0.0,0.0
1788084611.15,0,00,99.99,,,,0.0,0.0
1788084612.15,0,00,99.99,,,,0.0,0.0
1788084613.15,0,00,99.99,,,,0.0,0.0
1788084614.15,0,00,99.99,,,,0.0,0.0
1788084615.16,0,00,99.99,,,,0.0,0.0
1788084616.16,0,00,99.99,,,,0.0,0.0
1788084617.16,0,00,99.99,,,,0.0,0.0
1788084618.16,0,00,99.99,,,,0.0,0.0
1788084619.16,0,00,99.99,,,,0.0,0.0
1788084620.16,0,00,99.99,,,,0.0,0.0
1788084621.16,0,00,99.99,,,,0.0,0.0
1788084622.16,0,00,99.99,,,,0.0,0.0
1788084623.16,0,00,99.99,,,,0.0,0.0
1788084624.15,0,00,99.99,,,,0.0,0.0
1788084625.16,0,00,99.99,,,,0.0,0.0
1788084626.16,0,00,99.99,,,,0.0,0.0
1788084627.15,0,00,99.99,,,,0.0,0.0
1788084628.15,0,00,99.99,,,,0.0,0.0
1788084629.16,0,00,99.99,,,,0.0,0.0
1788084630.16,0,00,99.99,,,,0.0,0.0
1788084631.16,0,00,99.99,,,,0.0,0.0
1788084632.15,0,00,99.99,,,,0.0,0.0
1788084633.16,0,00,99.99,,,,0.0,0.0
1788084634.16,0,00,99.99,,,,0.0,0.0
1788084635.16,0,00,99.99,,,,0.0,0.0
1788084636.16,0,00,99.99,,,,0.0,0.0
1788084637.16,0,00,99.99,,,,0.0,0.0
1788084638.16,0,00,99.99,,,,0.0,0.0
1788084639.16,0,00,99.99,,,,0.0,0.0
1788084640.15,0,00,99.99,,,,0.0,0.0
1788084641.15,0,00,99.99,,,,0.0,0.0
1788084642.16,0,00,99.99,,,,0.0,0.0
1788084643.16,0,00,99.99,,,,0.0,0.0
1788084644.16,0,00,99.99,,,,0.0,0.0
1788084645.15,0,00,99.99,,,,0.0,0.0
1788084646.15,0,00,99.99,,,,0.0,0.0
1788084647.15,0,00,99.99,,,,0.0,0.0
1788084648.15,0,00,99.99,,,,0.0,0.0
1788084649.15,0,00,99.99,,,,0.0,0.0
1788084650.15,0,00,99.99,,,,0.0,0.0
1788084651.15,0,00,99.99,,,,0.0,0.0
1788084652.16,0,00,99.99,,,,0.0,0.0
1788084653.16,0,00,99.99,,,,0.0,0.0
1788084654.15,0,00,99.99,,,,0.0,0.0
1788084655.15,0,00,99.99,,,,0.0,0.0
1788084656.15,0,00,99.99,,,,0.0,0.0
1788084657.15,0,00,99.99,,,,0.0,0.0
1788084658.15,0,00,99.99,,,,0.0,0.0
1788084659.16,0,00,99.99,,,,0.0,0.0
1788084660.15,0,00,99.99,,,,0.0,0.0
1788084661.16,0,00,99.99,,,,0.0,0.0
1788084662.15,0,00,99.99,,,,0.0,0.0
1788084663.16,0,00,99.99,,,,0.0,0.0
1788084664.15,0,00,99.99,,,,0.0,0.0
1788084665.15,0,00,99.99,,,,0.0,0.0
1788084666.15,0,00,99.99,,,,0.0,0.0
1788084667.15,0,00,99.99,,,,0.0,0.0
1788084668.15,0,00,99.99,,,,0.0,0.0
1788084669.15,0,00,99.99,,,,0.0,0.0
1788084670.15,0,00,99.99,,,,0.0,0.0
1788084671.15,0,00,99.99,,,,0.0,0.0
1788084672.16,0,00,99.99,,,,0.0,0.0
1788084673.15,0,00,99.99,,,,0.0,0.0
1788084674.15,0,00,99.99,,,,0.0,0.0
1788084675.15,0,00,99.99,,,,0.0,0.0
1788084676.15,0,00,99.99,,,,0.0,0.0
1788084677.15,0,00,99.99,,,,0.0,0.0
1788084678.15,0,00,99.99,,,,0.0,0.0
1788084679.15,0,00,99.99,,,,0.0,0.0
1788084680.15,0,00,99.99,,,,0.0,0.0
1788084681.15,0,00,99.99,,,,0.0,0.0
1788084682.15,0,00,99.99,,,,0.0,0.0
1788084683.15,0,00,99.99,,,,0.0,0.0
1788084684.15,0,00,99.99,,,,0.0,0.0
1788084685.15,0,00,99.99,,,,0.0,0.0
1788084686.15,0,00,99.99,,,,0.0,0.0
1788084687.15,0,00,99.99,,,,0.0,0.0
1788084688.15,0,00,99.99,,,,0.0,0.0
1788084689.15,0,00,99.99,,,,0.0,0.0
1788084690.15,0,00,99.99,,,,0.0,0.0
1788084691.15,0,00,99.99,,,,0.0,0.0
1788084692.15,0,00,99.99,,,,0.0,0.0
1788084693.15,0,00,99.99,,,,0.0,0.0
1788084694.15,0,00,99.99,,,,0.0,0.0
1788084695.15,0,00,99.99,,,,0.0,0.0
1788084696.15,0,00,99.99,,,,0.0,0.0
1788084697.15,0,00,99.99,,,,0.0,0.0
1788084698.15,0,00,99.99,,,,0.0,0.0
1788084699.15,0,00,99.99,,,,0.0,0.0
1788084700.15,0,00,99.99,,,,0.0,0.0
1788084701.15,0,00,99.99,,,,0.0,0.0
1788084702.15,0,00,99.99,,,,0.0,0.0
1788084703.15,0,00,99.99,,,,0.0,0.0
1788084704.15,0,00,99.99,,,,0.0,0.0
1788084705.15,0,00,99.99,,,,0.0,0.0
1788084706.15,0,00,99.99,,,,0.0,0.0
1788084707.15,0,00,99.99,,,,0.0,0.0
1788084708.15,0,00,99.99,,,,0.0,0.0
1788084709.15,0,00,99.99,,,,0.0,0.0
1788084710.15,0,00,99.99,,,,0.0,0.0
1788084711.15,0,00,99.99,,,,0.0,0.0
1788084712.15,0,00,99.99,,,,0.0,0.0
1788084713.15,0,00,99.99,,,,0.0,0.0
1788084714.15,0,00,99.99,,,,0.0,0.0
1788084715.15,0,00,99.99,,,,0.0,0.0
1788084716.15,0,00,99.99,,,,0.0,0.0
1788084717.16,0,00,99.99,,,,0.0,0.0
1788084718.16,0,00,99.99,,,,0.0,0.0
1788084719.16,0,00,99.99,,,,0.0,0.0
1788084720.16,0,00,99.99,,,,0.0,0.0
1788084721.15,0,00,99.99,,,,0.0,0.0
1788084722.15,0,00,99.99,,,,0.0,0.0
1788084723.15,0,00,99.99,,,,0.0,0.0
1788084724.15,0,00,99.99,,,,0.0,0.0
1788084725.15,0,00,99.99,,,,0.0,0.0
1788084726.15,0,00,99.99,,,,0.0,0.0
1788084727.16,0,00,99.99,,,,0.0,0.0
1788084728.15,0,00,99.99,,,,0.0,0.0
1788084729.15,0,00,99.99,,,,0.0,0.0
1788084730.15,0,00,99.99,,,,0.0,0.0
1788084731.15,0,00,99.99,,,,0.0,0.0
1788084732.15,0,00,99.99,,,,0.0,0.0
1788084733.15,0,00,99.99,,,,0.0,0.0
1788084734.15,0,00,99.99,,,,0.0,0.0
1788084735.15,0,00,99.99,,,,0.0,0.0
1788084736.15,0,00,99.99,,,,0.0,0.0
1788084737.15,0,00,99.99,,,,0.0,0.0
1788084738.15,0,00,99.99,,,,0.0,0.0
1788084739.15,0,00,99.99,,,,0.0,0.0
1788084740.15,0,00,99.99,,,,0.0,0.0
1788084741.15,0,00,99.99,,,,0.0,0.0
1788084742.16,0,00,99.99,,,,0.0,0.0
1788084743.16,0,00,99.99,,,,0.0,0.0
1788084744.15,0,00,99.99,,,,0.0,0.0
1788084745.15,0,00,99.99,,,,0.0,0.0
1788084746.15,0,00,99.99,,,,0.0,0.0
1788084747.15,0,00,99.99,,,,0.0,0.0
1788084748.15,0,00,99.99,,,,0.0,0.0
1788084749.15,0,00,99.99,,,,0.0,0.0
1788084750.15,0,00,99.99,,,,0.0,0.0
1788084751.15,0,00,99.99,,,,0.0,0.0
1788084752.15,0,00,99.99,,,,0.0,0.0
1788084753.15,0,00,99.99,,,,0.0,0.0
1788084754.15,0,00,99.99,,,,0.0,0.0
1788084755.15,0,00,99.99,,,,0.0,0.0
1788084756.15,0,00,99.99,,,,0.0,0.0
1788084757.15,0,00,99.99,,,,0.0,0.0
1788084758.15,0,00,99.99,,,,0.0,0.0
1788084759.15,0,00,99.99,,,,0.0,0.0
1788084760.15,0,00,99.99,,,,0.0,0.0
1788084761.15,0,00,99.99,,,,0.0,0.0
1788084762.16,0,00,99.99,,,,0.0,0.0
1788084763.16,0,00,99.99,,,,0.0,0.0
1788084764.16,0,00,99.99,,,,0.0,0.0
1788084765.15,0,00,99.99,,,,0.0,0.0
1788084766.15,0,00,99.99,,,,0.0,0.0
1788084767.14,0,00,99.99,,,,0.0,0.0
1788084768.15,0,00,99.99,,,,0.0,0.0
1788084769.15,0,00,99.99,,,,0.0,0.0
1788084770.15,0,00,99.99,,,,0.0,0.0
1788084771.15,0,00,99.99,,,,0.0,0.0
1788084772.15,0,00,99.99,,,,0.0,0.0
1788084773.15,0,00,99.99,,,,0.0,0.0
1788084774.15,0,00,99.99,,,,0.0,0.0
1788084775.16,0,00,99.99,,,,0.0,0.0
1788084776.15,0,00,99.99,,,,0.0,0.0
1788084777.15,0,00,99.99,,,,0.0,0.0
1788084778.15,0,00,99.99,,,,0.0,0.0
1788084779.15,0,00,99.99,,,,0.0,0.0
1788084780.15,0,00,99.99,,,,0.0,0.0
1788084781.15,0,00,99.99,,,,0.0,0.0
1788084782.15,0,00,99.99,,,,0.0,0.0
1788084783.16,0,00,99.99,,,,0.0,0.0
1788084784.15,0,00,99.99,,,,0.0,0.0
1788084785.16,0,00,99.99,,,,0.0,0.0
1788084786.15,0,00,99.99,,,,0.0,0.0
1788084787.15,0,00,99.99,,,,0.0,0.0
1788084788.15,0,00,99.99,,,,0.0,0.0
1788084789.15,0,00,99.99,,,,0.0,0.0
1788084790.15,0,00,99.99,,,,0.0,0.0
1788084791.15,0,00,99.99,,,,0.0,0.0
1788084792.15,0,00,99.99,,,,0.0,0.0
1788084793.15,0,00,99.99,,,,0.0,0.0
1788084794.16,0,00,99.99,,,,0.0,0.0
1788084795.15,0,00,99.99,,,,0.0,0.0
1788084796.15,0,00,99.99,,,,0.0,0.0
1788084797.15,0,00,99.99,,,,0.0,0.0
1788084798.15,0,00,99.99,,,,0.0,0.0
1788084799.15,0,00,99.99,,,,0.0,0.0
1788084800.16,0,00,99.99,,,,0.0,0.0
1788084801.15,0,00,99.99,,,,0.0,0.0
1788084802.16,0,00,99.99,,,,0.0,0.0
1788084803.15,0,00,99.99,,,,0.0,0.0
1788084804.14,0,00,99.99,,,,0.0,0.0
1788084805.15,0,00,99.99,,,,0.0,0.0
1788084806.14,0,00,99.99,,,,0.0,0.0
1788084807.15,0,00,99.99,,,,0.0,0.0
1788084808.15,0,00,99.99,,,,0.0,0.0
1788084809.15,0,00,99.99,,,,0.0,0.0
1788084810.15,0,00,99.99,,,,0.0,0.0
1788084811.15,0,00,99.99,,,,0.0,0.0
1788084812.15,0,00,99.99,,,,0.0,0.0
1788084813.15,0,00,99.99,,,,0.0,0.0
1788084814.15,0,00,99.99,,,,0.0,0.0
1788084815.15,0,00,99.99,,,,0.0,0.0
1788084816.15,0,00,99.99,,,,0.0,0.0
1788084817.15,0,00,99.99,,,,0.0,0.0
1788084818.15,0,00,99.99,,,,0.0,0.0
1788084819.15,0,00,99.99,,,,0.0,0.0
1788084820.15,0,00,99.99,,,,0.0,0.0
1788084821.15,0,00,99.99,,,,0.0,0.0
1788084822.15,0,00,99.99,,,,0.0,0.0
1788084823.15,0,00,99.99,,,,0.0,0.0
1788084824.15,0,00,99.99,,,,0.0,0.0
1788084825.15,0,00,99.99,,,,0.0,0.0
1788084826.15,0,00,99.99,,,,0.0,0.0
1788084827.15,0,00,99.99,,,,0.0,0.0
1788084828.15,0,00,99.99,,,,0.0,0.0
1788084829.15,0,00,99.99,,,,0.0,0.0
1788084830.15,0,00,99.99,,,,0.0,0.0
1788084831.15,0,00,99.99,,,,0.0,0.0
1788084832.15,0,00,99.99,,,,0.0,0.0
1788084833.15,0,00,99.99,,,,0.0,0.0
1788084834.15,0,00,99.99,,,,0.0,0.0
1788084835.15,0,00,99.99,,,,0.0,0.0
1788084836.14,0,00,99.99,,,,0.0,0.0
1788084837.15,0,00,99.99,,,,0.0,0.0
1788084838.15,0,00,99.99,,,,0.0,0.0
1788084839.15,0,00,99.99,,,,0.0,0.0
1788084840.15,0,00,99.99,,,,0.0,0.0
1788084841.15,0,00,99.99,,,,0.0,0.0
1788084842.15,0,00,99.99,,,,0.0,0.0
1788084843.15,0,00,99.99,,,,0.0,0.0
1788084844.15,0,00,99.99,,,,0.0,0.0
1788084845.15,0,00,99.99,,,,0.0,0.0
1788084846.15,0,00,99.99,,,,0.0,0.0
1788084847.15,0,00,99.99,,,,0.0,0.0
1788084848.15,0,00,99.99,,,,0.0,0.0
1788084849.15,0,00,99.99,,,,0.0,0.0
1788084850.15,0,00,99.99,,,,0.0,0.0
1788084851.15,0,00,99.99,,,,0.0,0.0
1788084852.15,0,00,99.99,,,,0.0,0.0
1788084853.15,0,00,99.99,,,,0.0,0.0
1788084854.15,0,00,99.99,,,,0.0,0.0
1788084855.15,0,00,99.99,,,,0.0,0.0
1788084856.15,0,00,99.99,,,,0.0,0.0
1788084857.15,0,00,99.99,,,,0.0,0.0
1788084858.15,0,00,99.99,,,,0.0,0.0
1788084859.15,0,00,99.99,,,,0.0,0.0
1788084860.15,0,00,99.99,,,,0.0,0.0
1788084861.15,0,00,99.99,,,,0.0,0.0
1788084862.15,0,00,99.99,,,,0.0,0.0
1788084863.15,0,00,99.99,,,,0.0,0.0
1788084864.15,0,00,99.99,,,,0.0,0.0
1788084865.15,0,00,99.99,,,,0.0,0.0
1788084866.15,0,00,99.99,,,,0.0,0.0
1788084867.15,0,00,99.99,,,,0.0,0.0
1788084868.15,0,00,99.99,,,,0.0,0.0
1788084869.15,0,00,99.99,,,,0.0,0.0
1788084870.15,0,00,99.99,,,,0.0,0.0
1788084871.15,0,00,99.99,,,,0.0,0.0
1788084872.15,0,00,99.99,,,,0.0,0.0
1788084873.15,0,00,99.99,,,,0.0,0.0
1788084874.15,0,00,99.99,,,,0.0,0.0
1788084875.15,0,00,99.99,,,,0.0,0.0
1788084876.15,0,00,99.99,,,,0.0,0.0
1788084877.15,0,00,99.99,,,,0.0,0.0
1788084878.15,0,00,99.99,,,,0.0,0.0
1788084879.15,0,00,99.99,,,,0.0,0.0
1788084880.15,0,00,99.99,,,,0.0,0.0
1788084881.15,0,00,99.99,,,,0.0,0.0
1788084882.14,0,00,99.99,,,,0.0,0.0
1788084883.15,0,00,99.99,,,,0.0,0.0
1788084884.15,0,00,99.99,,,,0.0,0.0
1788084885.15,0,00,99.99,,,,0.0,0.0
1788084886.15,0,00,99.99,,,,0.0,0.0
1788084887.15,0,00,99.99,,,,0.0,0.0
1788084888.15,0,00,99.99,,,,0.0,0.0
1788084889.15,0,00,99.99,,,,0.0,0.0
1788084890.15,0,00,99.99,,,,0.0,0.0
1788084891.15,0,00,99.99,,,,0.0,0.0
1788084892.14,0,00,99.99,,,,0.0,0.0
1788084893.14,0,00,99.99,,,,0.0,0.0
1788084894.14,0,00,99.99,,,,0.0,0.0
1788084895.14,0,00,99.99,,,,0.0,0.0
1788084896.14,0,00,99.99,,,,0.0,0.0
1788084897.15,0,00,99.99,,,,0.0,0.0
1788084898.15,0,00,99.99,,,,0.0,0.0
1788084899.15,0,00,99.99,,,,0.0,0.0
1788084900.15,0,00,99.99,,,,0.0,0.0
1788084901.15,0,00,99.99,,,,0.0,0.0
1788084902.14,0,00,99.99,,,,0.0,0.0
1788084903.15,0,00,99.99,,,,0.0,0.0
1788084904.14,0,00,99.99,,,,0.0,0.0
1788084905.15,0,00,99.99,,,,0.0,0.0
1788084906.15,0,00,99.99,,,,0.0,0.0
1788084907.15,0,00,99.99,,,,0.0,0.0
1788084908.15,0,00,99.99,,,,0.0,0.0
1788084909.16,0,00,99.99,,,,0.0,0.0
1788084910.15,0,00,99.99,,,,0.0,0.0
1788084911.15,0,00,99.99,,,,0.0,0.0
1788084912.15,0,00,99.99,,,,0.0,0.0
1788084913.15,0,00,99.99,,,,0.0,0.0
1788084914.15,0,00,99.99,,,,0.0,0.0
1788084915.15,0,00,99.99,,,,0.0,0.0
1788084916.14,0,00,99.99,,,,0.0,0.0
1788084917.15,0,00,99.99,,,,0.0,0.0
1788084918.14,0,00,99.99,,,,0.0,0.0
1788084919.15,0,00,99.99,,,,0.0,0.0
1788084920.14,0,00,99.99,,,,0.0,0.0
1788084921.14,0,00,99.99,,,,0.0,0.0
1788084922.14,0,00,99.99,,,,0.0,0.0
1788084923.14,0,00,99.99,,,,0.0,0.0
1788084924.14,0,00,99.99,,,,0.0,0.0
1788084925.14,0,00,99.99,,,,0.0,0.0
1788084926.14,0,00,99.99,,,,0.0,0.0
1788084927.14,0,00,99.99,,,,0.0,0.0
1788084928.14,0,00,99.99,,,,0.0,0.0
1788084929.14,0,00,99.99,,,,0.0,0.0
1788084930.14,0,00,99.99,,,,0.0,0.0
1788084931.14,0,00,99.99,,,,0.0,0.0
1788084932.14,0,00,99.99,,,,0.0,0.0
1788084933.14,0,00,99.99,,,,0.0,0.0
1788084934.14,0,00,99.99,,,,0.0,0.0
1788084935.15,0,00,99.99,,,,0.0,0.0
1788084936.15,0,00,99.99,,,,0.0,0.0
1788084937.15,0,00,99.99,,,,0.0,0.0
1788084938.14,0,00,99.99,,,,0.0,0.0
1788084939.15,0,00,99.99,,,,0.0,0.0
1788084940.14,0,00,99.99,,,,0.0,0.0
1788084941.15,0,00,99.99,,,,0.0,0.0
1788084942.15,0,00,99.99,,,,0.0,0.0
1788084943.14,0,00,99.99,,,,0.0,0.0
1788084944.15,0,00,99.99,,,,0.0,0.0
1788084945.15,0,00,99.99,,,,0.0,0.0
1788084946.15,0,00,99.99,,,,0.0,0.0
1788084947.15,0,00,99.99,,,,0.0,0.0
1788084948.15,0,00,99.99,,,,0.0,0.0
1788084949.15,0,00,99.99,,,,0.0,0.0
1788084950.14,0,00,99.99,,,,0.0,0.0
1788084951.14,0,00,99.99,,,,0.0,0.0
1788084952.15,0,00,99.99,,,,0.0,0.0
1788084953.15,0,00,99.99,,,,0.0,0.0
1788084954.15,0,00,99.99,,,,0.0,0.0
1788084955.15,0,00,99.99,,,,0.0,0.0
1788084956.15,0,00,99.99,,,,0.0,0.0
1788084957.15,0,00,99.99,,,,0.0,0.0
1788084958.15,0,00,99.99,,,,0.0,0.0
1788084959.15,0,00,99.99,,,,0.0,0.0
1788084960.15,0,00,99.99,,,,0.0,0.0
1788084961.15,0,00,99.99,,,,0.0,0.0
1788084962.15,0,00,99.99,,,,0.0,0.0
1788084963.15,0,00,99.99,,,,0.0,0.0
1788084964.15,0,00,99.99,,,,0.0,0.0
1788084965.15,0,00,99.99,,,,0.0,0.0
1788084966.15,0,00,99.99,,,,0.0,0.0
1788084967.14,0,00,99.99,,,,0.0,0.0
1788084968.15,0,00,99.99,,,,0.0,0.0
1788084969.15,0,00,99.99,,,,0.0,0.0
1788084970.15,0,00,99.99,,,,0.0,0.0
1788084971.15,0,00,99.99,,,,0.0,0.0
1788084972.14,0,00,99.99,,,,0.0,0.0
1788084973.15,0,00,99.99,,,,0.0,0.0
1788084974.14,0,00,99.99,,,,0.0,0.0
1788084975.15,0,00,99.99,,,,0.0,0.0
1788084976.15,0,00,99.99,,,,0.0,0.0
1788084977.14,0,00,99.99,,,,0.0,0.0
1788084978.14,0,00,99.99,,,,0.0,0.0
1788084979.15,0,00,99.99,,,,0.0,0.0
1788084980.14,0,00,99.99,,,,0.0,0.0
1788084981.14,0,00,99.99,,,,0.0,0.0
1788084982.14,0,00,99.99,,,,0.0,0.0
1788084983.14,0,00,99.99,,,,0.0,0.0
1788084984.14,0,00,99.99,,,,0.0,0.0
1788084985.14,0,00,99.99,,,,0.0,0.0
1788084986.14,0,00,99.99,,,,0.0,0.0
1788084987.14,0,00,99.99,,,,0.0,0.0
1788084988.14,0,00,99.99,,,,0.0,0.0
1788084989.14,0,00,99.99,,,,0.0,0.0
1788084990.14,0,00,99.99,,,,0.0,0.0
1788084991.14,0,00,99.99,,,,0.0,0.0
1788084992.14,0,00,99.99,,,,0.0,0.0
1788084993.14,0,00,99.99,,,,0.0,0.0
1788084994.15,0,00,99.99,,,,0.0,0.0
1788084995.14,0,00,99.99,,,,0.0,0.0
1788084996.15,0,00,99.99,,,,0.0,0.0
1788084997.14,0,00,99.99,,,,0.0,0.0
1788084998.14,0,00,99.99,,,,0.0,0.0
1788084999.14,0,00,99.99,,,,0.0,0.0
1788085000.14,0,00,99.99,,,,0.0,0.0
1788085001.14,0,00,99.99,,,,0.0,0.0
1788085002.14,0,00,99.99,,,,0.0,0.0
1788085003.14,0,00,99.99,,,,0.0,0.0
1788085004.14,0,00,99.99,,,,0.0,0.0
1788085005.15,0,00,99.99,,,,0.0,0.0
1788085006.15,0,00,99.99,,,,0.0,0.0
1788085007.15,0,00,99.99,,,,0.0,0.0
1788085008.15,0,00,99.99,,,,0.0,0.0
1788085009.14,0,00,99.99,,,,0.0,0.0
1788085010.15,0,00,99.99,,,,0.0,0.0
1788085011.14,0,00,99.99,,,,0.0,0.0
1788085012.14,0,00,99.99,,,,0.0,0.0
1788085013.14,0,00,99.99,,,,0.0,0.0
1788085014.14,0,00,99.99,,,,0.0,0.0
1788085015.14,0,00,99.99,,,,0.0,0.0
1788085016.14,0,00,99.99,,,,0.0,0.0
1788085017.14,0,00,99.99,,,,0.0,0.0
1788085018.14,0,00,99.99,,,,0.0,0.0
1788085019.14,0,00,99.99,,,,0.0,0.0
1788085020.14,0,00,99.99,,,,0.0,0.0
1788085021.14,0,00,99.99,,,,0.0,0.0
1788085022.14,0,00,99.99,,,,0.0,0.0
1788085023.14,0,00,99.99,,,,0.0,0.0
1788085024.14,0,00,99.99,,,,0.0,0.0
1788085025.14,0,00,99.99,,,,0.0,0.0
1788085026.14,0,00,99.99,,,,0.0,0.0
1788085027.14,0,00,99.99,,,,0.0,0.0
1788085028.14,0,00,99.99,,,,0.0,0.0
1788085029.14,0,00,99.99,,,,0.0,0.0
1788085030.14,0,00,99.99,,,,0.0,0.0
1788085031.14,0,00,99.99,,,,0.0,0.0
1788085032.14,0,00,99.99,,,,0.0,0.0
1788085033.14,0,00,99.99,,,,0.0,0.0
1788085034.14,0,00,99.99,,,,0.0,0.0
1788085035.14,0,00,99.99,,,,0.0,0.0
1788085036.14,0,00,99.99,,,,0.0,0.0
1788085037.14,0,00,99.99,,,,0.0,0.0
1788085038.14,0,00,99.99,,,,0.0,0.0
1788085039.14,0,00,99.99,,,,0.0,0.0
1788085040.14,0,00,99.99,,,,0.0,0.0
1788085041.14,0,00,99.99,,,,0.0,0.0
1788085042.14,0,00,99.99,,,,0.0,0.0
1788085043.14,0,00,99.99,,,,0.0,0.0
1788085044.14,0,00,99.99,,,,0.0,0.0
1788085045.14,0,00,99.99,,,,0.0,0.0
1788085046.14,0,00,99.99,,,,0.0,0.0
1788085047.14,0,00,99.99,,,,0.0,0.0
1788085048.14,0,00,99.99,,,,0.0,0.0
1788085049.14,0,00,99.99,,,,0.0,0.0
1788085050.14,0,00,99.99,,,,0.0,0.0
1788085051.14,0,00,99.99,,,,0.0,0.0
1788085052.14,0,00,99.99,,,,0.0,0.0
1788085053.14,0,00,99.99,,,,0.0,0.0
1788085054.14,0,00,99.99,,,,0.0,0.0
1788085055.14,0,00,99.99,,,,0.0,0.0
1788085056.14,0,00,99.99,,,,0.0,0.0
1788085057.15,0,00,99.99,,,,0.0,0.0
1788085058.15,0,00,99.99,,,,0.0,0.0
1788085059.14,0,00,99.99,,,,0.0,0.0
1788085060.14,0,00,99.99,,,,0.0,0.0
1788085061.14,0,00,99.99,,,,0.0,0.0
1788085062.15,0,00,99.99,,,,0.0,0.0
1788085063.15,0,00,99.99,,,,0.0,0.0
1788085064.15,0,00,99.99,,,,0.0,0.0
1788085065.14,0,00,99.99,,,,0.0,0.0
1788085066.15,0,00,99.99,,,,0.0,0.0
1788085067.15,0,00,99.99,,,,0.0,0.0
1788085068.15,0,00,99.99,,,,0.0,0.0
1788085069.15,0,00,99.99,,,,0.0,0.0
1788085070.15,0,00,99.99,,,,0.0,0.0
1788085071.14,0,00,99.99,,,,0.0,0.0
1788085072.14,0,00,99.99,,,,0.0,0.0
1788085073.15,0,00,99.99,,,,0.0,0.0
1788085074.15,0,00,99.99,,,,0.0,0.0
1788085075.14,0,00,99.99,,,,0.0,0.0
1788085076.15,0,00,99.99,,,,0.0,0.0
1788085077.15,0,00,99.99,,,,0.0,0.0
1788085078.15,0,00,99.99,,,,0.0,0.0
1788085079.15,0,00,99.99,,,,0.0,0.0
1788085080.14,0,00,99.99,,,,0.0,0.0
1788085081.14,0,00,99.99,,,,0.0,0.0
1788085082.14,0,00,99.99,,,,0.0,0.0
1788085083.15,0,00,99.99,,,,0.0,0.0
1788085084.15,0,00,99.99,,,,0.0,0.0
1788085085.15,0,00,99.99,,,,0.0,0.0
1788085086.15,0,00,99.99,,,,0.0,0.0
1788085087.15,0,00,99.99,,,,0.0,0.0
1788085088.15,0,00,99.99,,,,0.0,0.0
1788085089.15,0,00,99.99,,,,0.0,0.0
1788085090.15,0,00,99.99,,,,0.0,0.0
1788085091.15,0,00,99.99,,,,0.0,0.0
1788085092.15,0,00,99.99,,,,0.0,0.0
1788085093.15,0,00,99.99,,,,0.0,0.0
1788085094.14,0,00,99.99,,,,0.0,0.0
1788085095.14,0,00,99.99,,,,0.0,0.0
1788085096.14,0,00,99.99,,,,0.0,0.0
1788085097.15,0,00,99.99,,,,0.0,0.0
1788085098.15,0,00,99.99,,,,0.0,0.0
1788085099.15,0,00,99.99,,,,0.0,0.0
1788085100.15,0,00,99.99,,,,0.0,0.0
1788085101.15,0,00,99.99,,,,0.0,0.0
1788085102.15,0,00,99.99,,,,0.0,0.0
1788085103.14,0,00,99.99,,,,0.0,0.0
1788085104.14,0,00,99.99,,,,0.0,0.0
1788085105.14,0,00,99.99,,,,0.0,0.0
1788085106.14,0,00,99.99,,,,0.0,0.0
1788085107.14,0,00,99.99,,,,0.0,0.0
1788085108.14,0,00,99.99,,,,0.0,0.0
1788085109.15,0,00,99.99,,,,0.0,0.0
1788085110.15,0,00,99.99,,,,0.0,0.0
1788085111.15,0,00,99.99,,,,0.0,0.0
1788085112.15,0,00,99.99,,,,0.0,0.0
1788085113.15,0,00,99.99,,,,0.0,0.0
1788085114.15,0,00,99.99,,,,0.0,0.0
1788085115.15,0,00,99.99,,,,0.0,0.0
1788085116.15,0,00,99.99,,,,0.0,0.0
1788085117.15,0,00,99.99,,,,0.0,0.0
1788085118.15,0,00,99.99,,,,0.0,0.0
1788085119.15,0,00,99.99,,,,0.0,0.0
1788085120.15,0,00,99.99,,,,0.0,0.0
1788085121.15,0,00,99.99,,,,0.0,0.0
1788085122.15,0,00,99.99,,,,0.0,0.0
1788085123.15,0,00,99.99,,,,0.0,0.0
1788085124.15,0,00,99.99,,,,0.0,0.0
1788085125.15,0,00,99.99,,,,0.0,0.0
1788085126.15,0,00,99.99,,,,0.0,0.0
1788085127.15,0,00,99.99,,,,0.0,0.0
1788085128.16,0,00,99.99,,,,0.0,0.0
1788085129.15,0,00,99.99,,,,0.0,0.0
1788085130.15,0,00,99.99,,,,0.0,0.0
1788085131.15,0,00,99.99,,,,0.0,0.0
1788085132.15,0,00,99.99,,,,0.0,0.0
1788085133.15,0,00,99.99,,,,0.0,0.0
1788085134.15,0,00,99.99,,,,0.0,0.0
1788085135.15,0,00,99.99,,,,0.0,0.0
1788085136.15,0,00,99.99,,,,0.0,0.0
1788085137.15,0,00,99.99,,,,0.0,0.0
1788085138.15,0,00,99.99,,,,0.0,0.0
1788085139.15,0,00,99.99,,,,0.0,0.0
1788085140.15,0,00,99.99,,,,0.0,0.0
1788085141.15,0,00,99.99,,,,0.0,0.0
1788085142.15,0,00,99.99,,,,0.0,0.0
1788085143.15,0,00,99.99,,,,0.0,0.0
1788085144.15,0,00,99.99,,,,0.0,0.0
1788085145.15,0,00,99.99,,,,0.0,0.0
1788085146.15,0,00,99.99,,,,0.0,0.0
1788085147.15,0,00,99.99,,,,0.0,0.0
1788085148.15,0,00,99.99,,,,0.0,0.0
1788085149.15,0,00,99.99,,,,0.0,0.0
1788085150.15,0,00,99.99,,,,0.0,0.0
1788085151.15,0,00,99.99,,,,0.0,0.0
1788085152.15,0,00,99.99,,,,0.0,0.0
1788085153.15,0,00,99.99,,,,0.0,0.0
1788085154.15,0,00,99.99,,,,0.0,0.0
1788085155.15,0,00,99.99,,,,0.0,0.0
1788085156.15,0,00,99.99,,,,0.0,0.0
1788085157.15,0,00,99.99,,,,0.0,0.0
1788085158.15,0,00,99.99,,,,0.0,0.0
1788085159.15,0,00,99.99,,,,0.0,0.0
1788085160.14,0,00,99.99,,,,0.0,0.0
1788085161.15,0,00,99.99,,,,0.0,0.0
1788085162.15,0,00,99.99,,,,0.0,0.0
1788085163.15,0,00,99.99,,,,0.0,0.0
1788085164.15,0,00,99.99,,,,0.0,0.0
1788085165.15,0,00,99.99,,,,0.0,0.0
1788085166.15,0,00,99.99,,,,0.0,0.0
1788085167.15,0,00,99.99,,,,0.0,0.0
1788085168.14,0,00,99.99,,,,0.0,0.0
1788085169.14,0,00,99.99,,,,0.0,0.0
1788085170.14,0,00,99.99,,,,0.0,0.0
1788085171.15,0,00,99.99,,,,0.0,0.0
1788085172.15,0,00,99.99,,,,0.0,0.0
1788085173.15,0,00,99.99,,,,0.0,0.0
1788085174.15,0,00,99.99,,,,0.0,0.0
1788085175.14,0,00,99.99,,,,0.0,0.0
1788085176.15,0,00,99.99,,,,0.0,0.0
1788085177.15,0,00,99.99,,,,0.0,0.0
1788085178.15,0,00,99.99,,,,0.0,0.0
1788085179.15,0,00,99.99,,,,0.0,0.0
1788085180.15,0,00,99.99,,,,0.0,0.0
1788085181.15,0,00,99.99,,,,0.0,0.0
1788085182.15,0,00,99.99,,,,0.0,0.0
1788085183.15,0,00,99.99,,,,0.0,0.0
1788085184.15,0,00,99.99,,,,0.0,0.0
1788085185.14,0,00,99.99,,,,0.0,0.0
1788085186.14,0,00,99.99,,,,0.0,0.0
1788085187.14,0,00,99.99,,,,0.0,0.0
1788085188.14,0,00,99.99,,,,0.0,0.0
1788085189.14,0,00,99.99,,,,0.0,0.0
1788085190.14,0,00,99.99,,,,0.0,0.0
1788085191.14,0,00,99.99,,,,0.0,0.0
1788085192.14,0,00,99.99,,,,0.0,0.0
1788085193.15,0,00,99.99,,,,0.0,0.0
1788085194.14,0,00,99.99,,,,0.0,0.0
1788085195.14,0,00,99.99,,,,0.0,0.0
1788085196.14,0,00,99.99,,,,0.0,0.0
1788085197.14,0,00,99.99,,,,0.0,0.0
1788085198.14,0,00,99.99,,,,0.0,0.0
1788085199.14,0,00,99.99,,,,0.0,0.0
1788085200.15,0,00,99.99,,,,0.0,0.0
1788085201.14,0,00,99.99,,,,0.0,0.0
1788085202.14,0,00,99.99,,,,0.0,0.0
1788085203.14,0,00,99.99,,,,0.0,0.0
1788085204.15,0,00,99.99,,,,0.0,0.0
1788085205.14,0,00,99.99,,,,0.0,0.0
1788085206.14,0,00,99.99,,,,0.0,0.0
1788085207.14,0,00,99.99,,,,0.0,0.0
1788085208.15,0,00,99.99,,,,0.0,0.0
1788085209.15,0,00,99.99,,,,0.0,0.0
1788085210.14,0,00,99.99,,,,0.0,0.0
1788085211.15,0,00,99.99,,,,0.0,0.0
1788085212.15,0,00,99.99,,,,0.0,0.0
1788085213.14,0,00,99.99,,,,0.0,0.0
1788085214.14,0,00,99.99,,,,0.0,0.0
1788085215.14,0,00,99.99,,,,0.0,0.0
1788085216.15,0,00,99.99,,,,0.0,0.0
1788085217.15,0,00,99.99,,,,0.0,0.0
1788085218.14,0,00,99.99,,,,0.0,0.0
1788085219.14,0,00,99.99,,,,0.0,0.0
1788085220.15,0,00,99.99,,,,0.0,0.0
1788085221.14,0,00,99.99,,,,0.0,0.0
1788085222.14,0,00,99.99,,,,0.0,0.0
1788085223.14,0,00,99.99,,,,0.0,0.0
1788085224.14,0,00,99.99,,,,0.0,0.0
1788085225.15,0,00,99.99,,,,0.0,0.0
1788085226.14,0,00,99.99,,,,0.0,0.0
1788085227.14,0,00,99.99,,,,0.0,0.0
1788085228.15,0,00,99.99,,,,0.0,0.0
1788085229.14,0,00,99.99,,,,0.0,0.0
1788085230.15,0,00,99.99,,,,0.0,0.0
1788085231.15,0,00,99.99,,,,0.0,0.0
1788085232.15,0,00,99.99,,,,0.0,0.0
1788085233.15,0,00,99.99,,,,0.0,0.0
1788085234.14,0,00,99.99,,,,0.0,0.0
1788085235.15,0,00,99.99,,,,0.0,0.0
1788085236.14,0,00,99.99,,,,0.0,0.0
1788085237.15,0,00,99.99,,,,0.0,0.0
1788085238.14,0,00,99.99,,,,0.0,0.0
1788085239.15,0,00,99.99,,,,0.0,0.0
1788085240.14,0,00,99.99,,,,0.0,0.0
1788085241.14,0,00,99.99,,,,0.0,0.0
1788085242.15,0,00,99.99,,,,0.0,0.0
1788085243.15,0,00,99.99,,,,0.0,0.0
1788085244.14,0,00,99.99,,,,0.0,0.0
1788085245.14,0,00,99.99,,,,0.0,0.0
1788085246.14,0,00,99.99,,,,0.0,0.0
1788085247.14,0,00,99.99,,,,0.0,0.0
1788085248.15,0,00,99.99,,,,0.0,0.0
1788085249.15,0,00,99.99,,,,0.0,0.0
1788085250.14,0,00,99.99,,,,0.0,0.0
1788085251.14,0,00,99.99,,,,0.0,0.0
1788085252.15,0,00,99.99,,,,0.0,0.0
1788085253.14,0,00,99.99,,,,0.0,0.0
1788085254.15,0,00,99.99,,,,0.0,0.0
1788085255.15,0,00,99.99,,,,0.0,0.0
1788085256.15,0,00,99.99,,,,0.0,0.0
1788085257.15,0,00,99.99,,,,0.0,0.0
1788085258.15,0,00,99.99,,,,0.0,0.0
1788085259.15,0,00,99.99,,,,0.0,0.0
1788085260.15,0,00,99.99,,,,0.0,0.0
1788085261.15,0,00,99.99,,,,0.0,0.0
1788085262.15,0,00,99.99,,,,0.0,0.0
1788085263.15,0,00,99.99,,,,0.0,0.0
1788085264.15,0,00,99.99,,,,0.0,0.0
1788085265.15,0,00,99.99,,,,0.0,0.0
1788085266.16,0,00,99.99,,,,0.0,0.0
1788085267.15,0,00,99.99,,,,0.0,0.0
1788085268.15,0,00,99.99,,,,0.0,0.0
1788085269.15,0,00,99.99,,,,0.0,0.0
1788085270.14,0,00,99.99,,,,0.0,0.0
1788085271.14,0,00,99.99,,,,0.0,0.0
1788085272.15,0,00,99.99,,,,0.0,0.0
1788085273.14,0,00,99.99,,,,0.0,0.0
1788085274.15,0,00,99.99,,,,0.0,0.0
1788085275.15,0,00,99.99,,,,0.0,0.0
1788085276.16,0,00,99.99,,,,0.0,0.0
1788085277.16,0,00,99.99,,,,0.0,0.0
1788085278.15,0,00,99.99,,,,0.0,0.0
1788085279.15,0,00,99.99,,,,0.0,0.0
1788085280.15,0,00,99.99,,,,0.0,0.0
1788085281.15,0,00,99.99,,,,0.0,0.0
1788085282.15,0,00,99.99,,,,0.0,0.0
1788085283.15,0,00,99.99,,,,0.0,0.0
1788085284.15,0,00,99.99,,,,0.0,0.0
1788085285.15,0,00,99.99,,,,0.0,0.0
1788085286.15,0,00,99.99,,,,0.0,0.0
1788085287.15,0,00,99.99,,,,0.0,0.0
1788085288.15,0,00,99.99,,,,0.0,0.0
1788085289.15,0,00,99.99,,,,0.0,0.0
1788085290.15,0,00,99.99,,,,0.0,0.0
1788085291.15,0,00,99.99,,,,0.0,0.0
1788085292.15,0,00,99.99,,,,0.0,0.0
1788085293.15,0,00,99.99,,,,0.0,0.0
1788085294.15,0,00,99.99,,,,0.0,0.0
1788085295.15,0,00,99.99,,,,0.0,0.0
1788085296.15,0,00,99.99,,,,0.0,0.0
1788085297.15,0,00,99.99,,,,0.0,0.0
1788085298.15,0,00,99.99,,,,0.0,0.0
1788085299.15,0,00,99.99,,,,0.0,0.0
1788085300.15,0,00,99.99,,,,0.0,0.0
1788085301.15,0,00,99.99,,,,0.0,0.0
1788085302.15,0,00,99.99,,,,0.0,0.0
1788085303.15,0,00,99.99,,,,0.0,0.0
1788085304.15,0,00,99.99,,,,0.0,0.0
1788085305.15,0,00,99.99,,,,0.0,0.0
1788085306.15,0,00,99.99,,,,0.0,0.0
1788085307.15,0,00,99.99,,,,0.0,0.0
1788085308.15,0,00,99.99,,,,0.0,0.0
1788085309.15,0,00,99.99,,,,0.0,0.0
1788085310.15,0,00,99.99,,,,0.0,0.0
1788085311.15,0,00,99.99,,,,0.0,0.0
1788085312.15,0,00,99.99,,,,0.0,0.0
1788085313.15,0,00,99.99,,,,0.0,0.0
1788085314.15,0,00,99.99,,,,0.0,0.0
1788085315.16,0,00,99.99,,,,0.0,0.0
1788085316.15,0,00,99.99,,,,0.0,0.0
1788085317.15,0,00,99.99,,,,0.0,0.0
1788085318.15,0,00,99.99,,,,0.0,0.0
1788085319.15,0,00,99.99,,,,0.0,0.0
1788085320.15,0,00,99.99,,,,0.0,0.0
1788085321.15,0,00,99.99,,,,0.0,0.0
1788085322.15,0,00,99.99,,,,0.0,0.0
1788085323.15,0,00,99.99,,,,0.0,0.0
1788085324.15,0,00,99.99,,,,0.0,0.0
1788085325.15,0,00,99.99,,,,0.0,0.0
1788085326.15,0,00,99.99,,,,0.0,0.0
1788085327.15,0,00,99.99,,,,0.0,0.0
1788085328.15,0,00,99.99,,,,0.0,0.0
1788085329.15,0,00,99.99,,,,0.0,0.0
1788085330.15,0,00,99.99,,,,0.0,0.0
1788085331.15,0,00,99.99,,,,0.0,0.0
1788085332.15,0,00,99.99,,,,0.0,0.0
1788085333.15,0,00,99.99,,,,0.0,0.0
1788085334.15,0,00,99.99,,,,0.0,0.0
1788085335.15,0,00,99.99,,,,0.0,0.0
1788085336.15,0,00,99.99,,,,0.0,0.0
1788085337.15,0,00,99.99,,,,0.0,0.0
1788085338.15,0,00,99.99,,,,0.0,0.0
1788085339.15,0,00,99.99,,,,0.0,0.0
1788085340.15,0,00,99.99,,,,0.0,0.0
1788085341.15,0,00,99.99,,,,0.0,0.0
1788085342.15,0,00,99.99,,,,0.0,0.0
1788085343.15,0,00,99.99,,,,0.0,0.0
1788085344.15,0,00,99.99,,,,0.0,0.0
1788085345.15,0,00,99.99,,,,0.0,0.0
1788085346.15,0,00,99.99,,,,0.0,0.0
1788085347.15,0,00,99.99,,,,0.0,0.0
1788085348.15,0,00,99.99,,,,0.0,0.0
1788085349.15,0,00,99.99,,,,0.0,0.0
1788085350.15,0,00,99.99,,,,0.0,0.0
1788085351.15,0,00,99.99,,,,0.0,0.0
1788085352.15,0,00,99.99,,,,0.0,0.0
1788085353.15,0,00,99.99,,,,0.0,0.0
1788085354.15,0,00,99.99,,,,0.0,0.0
1788085355.15,0,00,99.99,,,,0.0,0.0
1788085356.15,0,00,99.99,,,,0.0,0.0
1788085357.16,0,00,99.99,,,,0.0,0.0
1788085358.15,0,00,99.99,,,,0.0,0.0
1788085359.15,0,00,99.99,,,,0.0,0.0
1788085360.15,0,00,99.99,,,,0.0,0.0
1788085361.15,0,00,99.99,,,,0.0,0.0
1788085362.15,0,00,99.99,,,,0.0,0.0
1788085363.15,0,00,99.99,,,,0.0,0.0
1788085364.15,0,00,99.99,,,,0.0,0.0
1788085365.15,0,00,99.99,,,,0.0,0.0
1788085366.15,0,00,99.99,,,,0.0,0.0
1788085367.15,0,00,99.99,,,,0.0,0.0
1788085368.15,0,00,99.99,,,,0.0,0.0
1788085369.15,0,00,99.99,,,,0.0,0.0
1788085370.15,0,00,99.99,,,,0.0,0.0
1788085371.15,0,00,99.99,,,,0.0,0.0
1788085372.15,0,00,99.99,,,,0.0,0.0
1788085373.15,0,00,99.99,,,,0.0,0.0
1788085374.15,0,00,99.99,,,,0.0,0.0
1788085375.15,0,00,99.99,,,,0.0,0.0
1788085376.15,0,00,99.99,,,,0.0,0.0
1788085377.15,0,00,99.99,,,,0.0,0.0
1788085378.15,0,00,99.99,,,,0.0,0.0
1788085379.15,0,00,99.99,,,,0.0,0.0
1788085380.16,0,00,99.99,,,,0.0,0.0
1788085381.15,0,00,99.99,,,,0.0,0.0
1788085382.16,0,00,99.99,,,,0.0,0.0
1788085383.15,0,00,99.99,,,,0.0,0.0
1788085384.16,0,00,99.99,,,,0.0,0.0
1788085385.15,0,00,99.99,,,,0.0,0.0
1788085386.15,0,00,99.99,,,,0.0,0.0
1788085387.16,0,00,99.99,,,,0.0,0.0
1788085388.15,0,00,99.99,,,,0.0,0.0
1788085389.15,0,00,99.99,,,,0.0,0.0
1788085390.16,0,00,99.99,,,,0.0,0.0
1788085391.15,0,00,99.99,,,,0.0,0.0
1788085392.15,0,00,99.99,,,,0.0,0.0
1788085393.15,0,00,99.99,,,,0.0,0.0
1788085394.16,0,00,99.99,,,,0.0,0.0
1788085395.16,0,00,99.99,,,,0.0,0.0
1788085396.15,0,00,99.99,,,,0.0,0.0
1788085397.15,0,00,99.99,,,,0.0,0.0
1788085398.15,0,00,99.99,,,,0.0,0.0
1788085399.15,0,00,99.99,,,,0.0,0.0
1788085400.15,0,00,99.99,,,,0.0,0.0
1788085401.15,0,00,99.99,,,,0.0,0.0
1788085402.15,0,00,99.99,,,,0.0,0.0
1788085403.15,0,00,99.99,,,,0.0,0.0
1788085404.15,0,00,99.99,,,,0.0,0.0
1788085405.15,0,00,99.99,,,,0.0,0.0
1788085406.15,0,00,99.99,,,,0.0,0.0
1788085407.15,0,00,99.99,,,,0.0,0.0
1788085408.15,0,00,99.99,,,,0.0,0.0
1788085409.15,0,00,99.99,,,,0.0,0.0
1788085410.15,0,00,99.99,,,,0.0,0.0
1788085411.15,0,00,99.99,,,,0.0,0.0
1788085412.15,0,00,99.99,,,,0.0,0.0
1788085413.15,0,00,99.99,,,,0.0,0.0
1788085414.15,0,00,99.99,,,,0.0,0.0
1788085415.15,0,00,99.99,,,,0.0,0.0
1788085416.15,0,00,99.99,,,,0.0,0.0
1788085417.15,0,00,99.99,,,,0.0,0.0
1788085418.15,0,00,99.99,,,,0.0,0.0
1788085419.15,0,00,99.99,,,,0.0,0.0
1788085420.15,0,00,99.99,,,,0.0,0.0
1788085421.15,0,00,99.99,,,,0.0,0.0
1788085422.15,0,00,99.99,,,,0.0,0.0
1788085423.15,0,00,99.99,,,,0.0,0.0
1788085424.16,0,00,99.99,,,,0.0,0.0
1788085425.16,0,00,99.99,,,,0.0,0.0
1788085426.16,0,00,99.99,,,,0.0,0.0
1788085427.15,0,00,99.99,,,,0.0,0.0
1788085428.15,0,00,99.99,,,,0.0,0.0
1788085429.16,0,00,99.99,,,,0.0,0.0
1788085430.15,0,00,99.99,,,,0.0,0.0
1788085431.16,0,00,99.99,,,,0.0,0.0
1788085432.15,0,00,99.99,,,,0.0,0.0
1788085433.15,0,00,99.99,,,,0.0,0.0
1788085434.16,0,00,99.99,,,,0.0,0.0
1788085435.16,0,00,99.99,,,,0.0,0.0
1788085436.16,0,00,99.99,,,,0.0,0.0
1788085437.15,0,00,99.99,,,,0.0,0.0
1788085438.16,0,00,99.99,,,,0.0,0.0
1788085439.16,0,00,99.99,,,,0.0,0.0
1788085440.15,0,00,99.99,,,,0.0,0.0
1788085441.16,0,00,99.99,,,,0.0,0.0
1788085442.16,0,00,99.99,,,,0.0,0.0
1788085443.16,0,00,99.99,,,,0.0,0.0
1788085444.16,0,00,99.99,,,,0.0,0.0
1788085445.16,0,00,99.99,,,,0.0,0.0
1788085446.15,0,00,99.99,,,,0.0,0.0
1788085447.15,0,00,99.99,,,,0.0,0.0
1788085448.15,0,00,99.99,,,,0.0,0.0
1788085449.15,0,00,99.99,,,,0.0,0.0
1788085450.15,0,00,99.99,,,,0.0,0.0
1788085451.15,0,00,99.99,,,,0.0,0.0
1788085452.15,0,00,99.99,,,,0.0,0.0
1788085453.15,0,00,99.99,,,,0.0,0.0
1788085454.15,0,00,99.99,,,,0.0,0.0
1788085455.15,0,00,99.99,,,,0.0,0.0
1788085456.15,0,00,99.99,,,,0.0,0.0
1788085457.15,0,00,99.99,,,,0.0,0.0
1788085458.15,0,00,99.99,,,,0.0,0.0
1788085459.15,0,00,99.99,,,,0.0,0.0
1788085460.15,0,00,99.99,,,,0.0,0.0
1788085461.15,0,00,99.99,,,,0.0,0.0
1788085462.15,0,00,99.99,,,,0.0,0.0
1788085463.15,0,00,99.99,,,,0.0,0.0
1788085464.15,0,00,99.99,,,,0.0,0.0
1788085465.15,0,00,99.99,,,,0.0,0.0
1788085466.15,0,00,99.99,,,,0.0,0.0
1788085467.15,0,00,99.99,,,,0.0,0.0
1788085468.15,0,00,99.99,,,,0.0,0.0
1788085469.15,0,00,99.99,,,,0.0,0.0
1788085470.15,0,00,99.99,,,,0.0,0.0
1788085471.15,0,00,99.99,,,,0.0,0.0
1788085472.15,0,00,99.99,,,,0.0,0.0
1788085473.15,0,00,99.99,,,,0.0,0.0
1788085474.15,0,00,99.99,,,,0.0,0.0
1788085475.15,0,00,99.99,,,,0.0,0.0
1788085476.15,0,00,99.99,,,,0.0,0.0
1788085477.15,0,00,99.99,,,,0.0,0.0
1788085478.15,0,00,99.99,,,,0.0,0.0
1788085479.15,0,00,99.99,,,,0.0,0.0
1788085480.15,0,00,99.99,,,,0.0,0.0
1788085481.16,0,00,99.99,,,,0.0,0.0
1788085482.16,0,00,99.99,,,,0.0,0.0
1788085483.16,0,00,99.99,,,,0.0,0.0
1788085484.16,0,00,99.99,,,,0.0,0.0
1788085485.16,0,00,99.99,,,,0.0,0.0
1788085486.16,0,00,99.99,,,,0.0,0.0
1788085487.16,0,00,99.99,,,,0.0,0.0
1788085488.16,0,00,99.99,,,,0.0,0.0
1788085489.16,0,00,99.99,,,,0.0,0.0
1788085490.15,0,00,99.99,,,,0.0,0.0
1788085491.15,0,00,99.99,,,,0.0,0.0
1788085492.16,0,00,99.99,,,,0.0,0.0
1788085493.15,0,00,99.99,,,,0.0,0.0
1788085494.16,0,00,99.99,,,,0.0,0.0
1788085495.16,0,00,99.99,,,,0.0,0.0
1788085496.16,0,00,99.99,,,,0.0,0.0
1788085497.15,0,00,99.99,,,,0.0,0.0
1788085498.15,0,00,99.99,,,,0.0,0.0
1788085499.15,0,00,99.99,,,,0.0,0.0
1788085500.15,0,00,99.99,,,,0.0,0.0
1788085501.15,0,00,99.99,,,,0.0,0.0
1788085502.15,0,00,99.99,,,,0.0,0.0
1788085503.16,0,00,99.99,,,,0.0,0.0
1788085504.16,0,00,99.99,,,,0.0,0.0
1788085505.15,0,00,99.99,,,,0.0,0.0
1788085506.15,0,00,99.99,,,,0.0,0.0
1788085507.15,0,00,99.99,,,,0.0,0.0
1788085508.15,0,00,99.99,,,,0.0,0.0
1788085509.15,0,00,99.99,,,,0.0,0.0
1788085510.16,0,00,99.99,,,,0.0,0.0
1788085511.15,0,00,99.99,,,,0.0,0.0
1788085512.15,0,00,99.99,,,,0.0,0.0
1788085513.15,0,00,99.99,,,,0.0,0.0
1788085514.15,0,00,99.99,,,,0.0,0.0
1788085515.15,0,00,99.99,,,,0.0,0.0
1788085516.15,0,00,99.99,,,,0.0,0.0
1788085517.15,0,00,99.99,,,,0.0,0.0
1788085518.15,0,00,99.99,,,,0.0,0.0
1788085519.15,0,00,99.99,,,,0.0,0.0
1788085520.15,0,00,99.99,,,,0.0,0.0
1788085521.15,0,00,99.99,,,,0.0,0.0
1788085522.15,0,00,99.99,,,,0.0,0.0
1788085523.15,0,00,99.99,,,,0.0,0.0
1788085524.15,0,00,99.99,,,,0.0,0.0
1788085525.15,0,00,99.99,,,,0.0,0.0
1788085526.15,0,00,99.99,,,,0.0,0.0
1788085527.15,0,00,99.99,,,,0.0,0.0
1788085528.15,0,00,99.99,,,,0.0,0.0
1788085529.15,0,00,99.99,,,,0.0,0.0
1788085530.15,0,00,99.99,,,,0.0,0.0
1788085531.15,0,00,99.99,,,,0.0,0.0
1788085532.15,0,00,99.99,,,,0.0,0.0
1788085533.15,0,00,99.99,,,,0.0,0.0
1788085534.16,0,00,99.99,,,,0.0,0.0
1788085535.15,0,00,99.99,,,,0.0,0.0
1788085536.15,0,00,99.99,,,,0.0,0.0
1788085537.15,0,00,99.99,,,,0.0,0.0
1788085538.15,0,00,99.99,,,,0.0,0.0
1788085539.15,0,00,99.99,,,,0.0,0.0
1788085540.15,0,00,99.99,,,,0.0,0.0
1788085541.15,0,00,99.99,,,,0.0,0.0
1788085542.15,0,00,99.99,,,,0.0,0.0
1788085543.15,0,00,99.99,,,,0.0,0.0
1788085544.15,0,00,99.99,,,,0.0,0.0
1788085545.15,0,00,99.99,,,,0.0,0.0
1788085546.15,0,00,99.99,,,,0.0,0.0
1788085547.15,0,00,99.99,,,,0.0,0.0
1788085548.15,0,00,99.99,,,,0.0,0.0
1788085549.15,0,00,99.99,,,,0.0,0.0
1788085550.15,0,00,99.99,,,,0.0,0.0
1788085551.16,0,00,99.99,,,,0.0,0.0
1788085552.15,0,00,99.99,,,,0.0,0.0
1788085553.16,0,00,99.99,,,,0.0,0.0
1788085554.16,0,00,99.99,,,,0.0,0.0
1788085555.16,0,00,99.99,,,,0.0,0.0
1788085556.15,0,00,99.99,,,,0.0,0.0
1788085557.16,0,00,99.99,,,,0.0,0.0
1788085558.16,0,00,99.99,,,,0.0,0.0
1788085559.15,0,00,99.99,,,,0.0,0.0
1788085560.16,0,00,99.99,,,,0.0,0.0
1788085561.16,0,00,99.99,,,,0.0,0.0
1788085562.16,0,00,99.99,,,,0.0,0.0
1788085563.16,0,00,99.99,,,,0.0,0.0
1788085564.16,0,00,99.99,,,,0.0,0.0
1788085565.16,0,00,99.99,,,,0.0,0.0
1788085566.15,0,00,99.99,,,,0.0,0.0
1788085567.16,0,00,99.99,,,,0.0,0.0
1788085568.16,0,00,99.99,,,,0.0,0.0
1788085569.16,0,00,99.99,,,,0.0,0.0
1788085570.16,0,00,99.99,,,,0.0,0.0
1788085571.15,0,00,99.99,,,,0.0,0.0
1788085572.15,0,00,99.99,,,,0.0,0.0
1788085573.15,0,00,99.99,,,,0.0,0.0
1788085574.16,0,00,99.99,,,,0.0,0.0
1788085575.16,0,00,99.99,,,,0.0,0.0
1788085576.16,0,00,99.99,,,,0.0,0.0
1788085577.15,0,00,99.99,,,,0.0,0.0
1788085578.16,0,00,99.99,,,,0.0,0.0
1788085579.15,0,00,99.99,,,,0.0,0.0
1788085580.15,0,00,99.99,,,,0.0,0.0
1788085581.15,0,00,99.99,,,,0.0,0.0
1788085582.15,0,00,99.99,,,,0.0,0.0
1788085583.15,0,00,99.99,,,,0.0,0.0
1788085584.16,0,00,99.99,,,,0.0,0.0
1788085585.15,0,00,99.99,,,,0.0,0.0
1788085586.15,0,00,99.99,,,,0.0,0.0
1788085587.15,0,00,99.99,,,,0.0,0.0
1788085588.15,0,00,99.99,,,,0.0,0.0
1788085589.15,0,00,99.99,,,,0.0,0.0
1788085590.15,0,00,99.99,,,,0.0,0.0
1788085591.15,0,00,99.99,,,,0.0,0.0
1788085592.15,0,00,99.99,,,,0.0,0.0
1788085593.15,0,00,99.99,,,,0.0,0.0
1788085594.15,0,00,99.99,,,,0.0,0.0
1788085595.15,0,00,99.99,,,,0.0,0.0
1788085596.15,0,00,99.99,,,,0.0,0.0
1788085597.15,0,00,99.99,,,,0.0,0.0
1788085598.15,0,00,99.99,,,,0.0,0.0
1788085599.15,0,00,99.99,,,,0.0,0.0
1788085600.15,0,00,99.99,,,,0.0,0.0
1788085601.15,0,00,99.99,,,,0.0,0.0
1788085602.15,0,00,99.99,,,,0.0,0.0
1788085603.16,0,00,99.99,,,,0.0,0.0
1788085604.16,0,00,99.99,,,,0.0,0.0
1788085605.15,0,00,99.99,,,,0.0,0.0
1788085606.15,0,00,99.99,,,,0.0,0.0
1788085607.15,0,00,99.99,,,,0.0,0.0
1788085608.15,0,00,99.99,,,,0.0,0.0
1788085609.15,0,00,99.99,,,,0.0,0.0
1788085610.16,0,00,99.99,,,,0.0,0.0
1788085611.15,0,00,99.99,,,,0.0,0.0
1788085612.15,0,00,99.99,,,,0.0,0.0
1788085613.16,0,00,99.99,,,,0.0,0.0
1788085614.16,0,00,99.99,,,,0.0,0.0
1788085615.16,0,00,99.99,,,,0.0,0.0
1788085616.16,0,00,99.99,,,,0.0,0.0
1788085617.15,0,00,99.99,,,,0.0,0.0
1788085618.16,0,00,99.99,,,,0.0,0.0
1788085619.16,0,00,99.99,,,,0.0,0.0
1788085620.15,0,00,99.99,,,,0.0,0.0
1788085621.16,0,00,99.99,,,,0.0,0.0
1788085622.15,0,00,99.99,,,,0.0,0.0
1788085623.15,0,00,99.99,,,,0.0,0.0
1788085624.15,0,00,99.99,,,,0.0,0.0
1788085625.15,0,00,99.99,,,,0.0,0.0
1788085626.15,0,00,99.99,,,,0.0,0.0
1788085627.15,0,00,99.99,,,,0.0,0.0
1788085628.15,0,00,99.99,,,,0.0,0.0
1788085629.16,0,00,99.99,,,,0.0,0.0
1788085630.15,0,00,99.99,,,,0.0,0.0
1788085631.15,0,00,99.99,,,,0.0,0.0
1788085632.15,0,00,99.99,,,,0.0,0.0
1788085633.15,0,00,99.99,,,,0.0,0.0
1788085634.16,0,00,99.99,,,,0.0,0.0
1788085635.15,0,00,99.99,,,,0.0,0.0
1788085636.15,0,00,99.99,,,,0.0,0.0
1788085637.15,0,00,99.99,,,,0.0,0.0
1788085638.16,0,00,99.99,,,,0.0,0.0
1788085639.16,0,00,99.99,,,,0.0,0.0
1788085640.15,0,00,99.99,,,,0.0,0.0
1788085641.15,0,00,99.99,,,,0.0,0.0
1788085642.15,0,00,99.99,,,,0.0,0.0
1788085643.15,0,00,99.99,,,,0.0,0.0
1788085644.15,0,00,99.99,,,,0.0,0.0
1788085645.15,0,00,99.99,,,,0.0,0.0
1788085646.15,0,00,99.99,,,,0.0,0.0
1788085647.15,0,00,99.99,,,,0.0,0.0
1788085648.15,0,00,99.99,,,,0.0,0.0
1788085649.15,0,00,99.99,,,,0.0,0.0
1788085650.15,0,00,99.99,,,,0.0,0.0
1788085651.15,0,00,99.99,,,,0.0,0.0
1788085652.15,0,00,99.99,,,,0.0,0.0
1788085653.15,0,00,99.99,,,,0.0,0.0
1788085654.15,0,00,99.99,,,,0.0,0.0
1788085655.15,0,00,99.99,,,,0.0,0.0
1788085656.15,0,00,99.99,,,,0.0,0.0
1788085657.15,0,00,99.99,,,,0.0,0.0
1788085658.15,0,00,99.99,,,,0.0,0.0
1788085659.15,0,00,99.99,,,,0.0,0.0
1788085660.15,0,00,99.99,,,,0.0,0.0
1788085661.15,0,00,99.99,,,,0.0,0.0
1788085662.15,0,00,99.99,,,,0.0,0.0
1788085663.15,0,00,99.99,,,,0.0,0.0
1788085664.15,0,00,99.99,,,,0.0,0.0
1788085665.15,0,00,99.99,,,,0.0,0.0
1788085666.15,0,00,99.99,,,,0.0,0.0
1788085667.15,0,00,99.99,,,,0.0,0.0
1788085668.15,0,00,99.99,,,,0.0,0.0
1788085669.15,0,00,99.99,,,,0.0,0.0
1788085670.15,0,00,99.99,,,,0.0,0.0
1788085671.15,0,00,99.99,,,,0.0,0.0
1788085672.15,0,00,99.99,,,,0.0,0.0
1788085673.15,0,00,99.99,,,,0.0,0.0
1788085674.15,0,00,99.99,,,,0.0,0.0
1788085675.15,0,00,99.99,,,,0.0,0.0
1788085676.15,0,00,99.99,,,,0.0,0.0
1788085677.15,0,00,99.99,,,,0.0,0.0
1788085678.15,0,00,99.99,,,,0.0,0.0
1788085679.15,0,00,99.99,,,,0.0,0.0
1788085680.16,0,00,99.99,,,,0.0,0.0
1788085681.15,0,00,99.99,,,,0.0,0.0
1788085682.15,0,00,99.99,,,,0.0,0.0
1788085683.15,0,00,99.99,,,,0.0,0.0
1788085684.15,0,00,99.99,,,,0.0,0.0
1788085685.15,0,00,99.99,,,,0.0,0.0
1788085686.15,0,00,99.99,,,,0.0,0.0
1788085687.15,0,00,99.99,,,,0.0,0.0
1788085688.15,0,00,99.99,,,,0.0,0.0
1788085689.15,0,00,99.99,,,,0.0,0.0
1788085690.15,0,00,99.99,,,,0.0,0.0
1788085691.15,0,00,99.99,,,,0.0,0.0
1788085692.15,0,00,99.99,,,,0.0,0.0
1788085693.15,0,00,99.99,,,,0.0,0.0
1788085694.15,0,00,99.99,,,,0.0,0.0
1788085695.15,0,00,99.99,,,,0.0,0.0
1788085696.15,0,00,99.99,,,,0.0,0.0
1788085697.15,0,00,99.99,,,,0.0,0.0
1788085698.15,0,00,99.99,,,,0.0,0.0
1788085699.15,0,00,99.99,,,,0.0,0.0
1788085700.15,0,00,99.99,,,,0.0,0.0
1788085701.15,0,00,99.99,,,,0.0,0.0
1788085702.15,0,00,99.99,,,,0.0,0.0
1788085703.15,0,00,99.99,,,,0.0,0.0
1788085704.15,0,00,99.99,,,,0.0,0.0
1788085705.15,0,00,99.99,,,,0.0,0.0
1788085706.15,0,00,99.99,,,,0.0,0.0
1788085707.15,0,00,99.99,,,,0.0,0.0
1788085708.15,0,00,99.99,,,,0.0,0.0
1788085709.15,0,00,99.99,,,,0.0,0.0
1788085710.15,0,00,99.99,,,,0.0,0.0
1788085711.15,0,00,99.99,,,,0.0,0.0
1788085712.15,0,00,99.99,,,,0.0,0.0
1788085713.15,0,00,99.99,,,,0.0,0.0
1788085714.15,0,00,99.99,,,,0.0,0.0
1788085715.15,0,00,99.99,,,,0.0,0.0
1788085716.15,0,00,99.99,,,,0.0,0.0
1788085717.15,0,00,99.99,,,,0.0,0.0
1788085718.15,0,00,99.99,,,,0.0,0.0
1788085719.15,0,00,99.99,,,,0.0,0.0
1788085720.15,0,00,99.99,,,,0.0,0.0
1788085721.15,0,00,99.99,,,,0.0,0.0
1788085722.15,0,00,99.99,,,,0.0,0.0
1788085723.15,0,00,99.99,,,,0.0,0.0
1788085724.15,0,00,99.99,,,,0.0,0.0
1788085725.15,0,00,99.99,,,,0.0,0.0
1788085726.15,0,00,99.99,,,,0.0,0.0
1788085727.15,0,00,99.99,,,,0.0,0.0
1788085728.15,0,00,99.99,,,,0.0,0.0
1788085729.15,0,00,99.99,,,,0.0,0.0
1788085730.15,0,00,99.99,,,,0.0,0.0
1788085731.15,0,00,99.99,,,,0.0,0.0
1788085732.15,0,00,99.99,,,,0.0,0.0
1788085733.15,0,00,99.99,,,,0.0,0.0
1788085734.15,0,00,99.99,,,,0.0,0.0
1788085735.15,0,00,99.99,,,,0.0,0.0
1788085736.15,0,00,99.99,,,,0.0,0.0
1788085737.15,0,00,99.99,,,,0.0,0.0
1788085738.15,0,00,99.99,,,,0.0,0.0
1788085739.15,0,00,99.99,,,,0.0,0.0
1788085740.15,0,00,99.99,,,,0.0,0.0
1788085741.15,0,00,99.99,,,,0.0,0.0
1788085742.15,0,00,99.99,,,,0.0,0.0
1788085743.15,0,00,99.99,,,,0.0,0.0
1788085744.15,0,00,99.99,,,,0.0,0.0
1788085745.15,0,00,99.99,,,,0.0,0.0
1788085746.15,0,00,99.99,,,,0.0,0.0
1788085747.15,0,00,99.99,,,,0.0,0.0
1788085748.15,0,00,99.99,,,,0.0,0.0
1788085749.15,0,00,99.99,,,,0.0,0.0
1788085750.15,0,00,99.99,,,,0.0,0.0
1788085751.15,0,00,99.99,,,,0.0,0.0
1788085752.15,0,00,99.99,,,,0.0,0.0
1788085753.15,0,00,99.99,,,,0.0,0.0
1788085754.15,0,00,99.99,,,,0.0,0.0
1788085755.15,0,00,99.99,,,,0.0,0.0
1788085756.15,0,00,99.99,,,,0.0,0.0
1788085757.15,0,00,99.99,,,,0.0,0.0
1788085758.15,0,00,99.99,,,,0.0,0.0
1788085759.15,0,00,99.99,,,,0.0,0.0
1788085760.15,0,00,99.99,,,,0.0,0.0
1788085761.15,0,00,99.99,,,,0.0,0.0
1788085762.15,0,00,99.99,,,,0.0,0.0
1788085763.15,0,00,99.99,,,,0.0,0.0
1788085764.15,0,00,99.99,,,,0.0,0.0
1788085765.15,0,00,99.99,,,,0.0,0.0
1788085766.15,0,00,99.99,,,,0.0,0.0
1788085767.15,0,00,99.99,,,,0.0,0.0
1788085768.15,0,00,99.99,,,,0.0,0.0
1788085769.15,0,00,99.99,,,,0.0,0.0
1788085770.15,0,00,99.99,,,,0.0,0.0
1788085771.15,0,00,99.99,,,,0.0,0.0
1788085772.15,0,00,99.99,,,,0.0,0.0
1788085773.15,0,00,99.99,,,,0.0,0.0
1788085774.15,0,00,99.99,,,,0.0,0.0
1788085775.15,0,00,99.99,,,,0.0,0.0
1788085776.16,0,00,99.99,,,,0.0,0.0
1788085777.16,0,00,99.99,,,,0.0,0.0
1788085778.15,0,00,99.99,,,,0.0,0.0
1788085779.16,0,00,99.99,,,,0.0,0.0
1788085780.16,0,00,99.99,,,,0.0,0.0
1788085781.16,0,00,99.99,,,,0.0,0.0
1788085782.16,0,00,99.99,,,,0.0,0.0
1788085783.16,0,00,99.99,,,,0.0,0.0
1788085784.15,0,00,99.99,,,,0.0,0.0
1788085785.16,0,00,99.99,,,,0.0,0.0
1788085786.16,0,00,99.99,,,,0.0,0.0
1788085787.15,0,00,99.99,,,,0.0,0.0
1788085788.15,0,00,99.99,,,,0.0,0.0
1788085789.16,0,00,99.99,,,,0.0,0.0
1788085790.15,0,00,99.99,,,,0.0,0.0
1788085791.16,0,00,99.99,,,,0.0,0.0
1788085792.15,0,00,99.99,,,,0.0,0.0
1788085793.15,0,00,99.99,,,,0.0,0.0
1788085794.15,0,00,99.99,,,,0.0,0.0
1788085795.15,0,00,99.99,,,,0.0,0.0
1788085796.15,0,00,99.99,,,,0.0,0.0
1788085797.15,0,00,99.99,,,,0.0,0.0
1788085798.15,0,00,99.99,,,,0.0,0.0
1788085799.15,0,00,99.99,,,,0.0,0.0
1788085800.15,0,00,99.99,,,,0.0,0.0
1788085801.15,0,00,99.99,,,,0.0,0.0
1788085802.15,0,00,99.99,,,,0.0,0.0
1788085803.15,0,00,99.99,,,,0.0,0.0
1788085804.15,0,00,99.99,,,,0.0,0.0
1788085805.15,0,00,99.99,,,,0.0,0.0
1788085806.15,0,00,99.99,,,,0.0,0.0
1788085807.15,0,00,99.99,,,,0.0,0.0
1788085808.15,0,00,99.99,,,,0.0,0.0
1788085809.15,0,00,99.99,,,,0.0,0.0
1788085810.15,0,00,99.99,,,,0.0,0.0
1788085811.15,0,00,99.99,,,,0.0,0.0
1788085812.15,0,00,99.99,,,,0.0,0.0
1788085813.15,0,00,99.99,,,,0.0,0.0
1788085814.15,0,00,99.99,,,,0.0,0.0
1788085815.15,0,00,99.99,,,,0.0,0.0
1788085816.15,0,00,99.99,,,,0.0,0.0
1788085817.15,0,00,99.99,,,,0.0,0.0
1788085818.15,0,00,99.99,,,,0.0,0.0
1788085819.15,0,00,99.99,,,,0.0,0.0
1788085820.15,0,00,99.99,,,,0.0,0.0
1788085821.15,0,00,99.99,,,,0.0,0.0
1788085822.15,0,00,99.99,,,,0.0,0.0
1788085823.15,0,00,99.99,,,,0.0,0.0
1788085824.15,0,00,99.99,,,,0.0,0.0
1788085825.15,0,00,99.99,,,,0.0,0.0
1788085826.15,0,00,99.99,,,,0.0,0.0
1788085827.15,0,00,99.99,,,,0.0,0.0
1788085828.15,0,00,99.99,,,,0.0,0.0
1788085829.15,0,00,99.99,,,,0.0,0.0
1788085830.15,0,00,99.99,,,,0.0,0.0
1788085831.15,0,00,99.99,,,,0.0,0.0
1788085832.15,0,00,99.99,,,,0.0,0.0
1788085833.15,0,00,99.99,,,,0.0,0.0
1788085834.15,0,00,99.99,,,,0.0,0.0
1788085835.14,0,00,99.99,,,,0.0,0.0
1788085836.15,0,00,99.99,,,,0.0,0.0
1788085837.15,0,00,99.99,,,,0.0,0.0
1788085838.14,0,00,99.99,,,,0.0,0.0
1788085839.15,0,00,99.99,,,,0.0,0.0
1788085840.16,0,00,99.99,,,,0.0,0.0
1788085841.16,0,00,99.99,,,,0.0,0.0
1788085842.15,0,00,99.99,,,,0.0,0.0
1788085843.15,0,00,99.99,,,,0.0,0.0
1788085844.15,0,00,99.99,,,,0.0,0.0
1788085845.15,0,00,99.99,,,,0.0,0.0
1788085846.15,0,00,99.99,,,,0.0,0.0
1788085847.15,0,00,99.99,,,,0.0,0.0
1788085848.16,0,00,99.99,,,,0.0,0.0
1788085849.16,0,00,99.99,,,,0.0,0.0
1788085850.16,0,00,99.99,,,,0.0,0.0
1788085851.16,0,00,99.99,,,,0.0,0.0
1788085852.15,0,00,99.99,,,,0.0,0.0
1788085853.15,0,00,99.99,,,,0.0,0.0
1788085854.15,0,00,99.99,,,,0.0,0.0
1788085855.16,0,00,99.99,,,,0.0,0.0
1788085856.15,0,00,99.99,,,,0.0,0.0
1788085857.15,0,00,99.99,,,,0.0,0.0
1788085858.15,0,00,99.99,,,,0.0,0.0
1788085859.15,0,00,99.99,,,,0.0,0.0
1788085860.15,0,00,99.99,,,,0.0,0.0
1788085861.15,0,00,99.99,,,,0.0,0.0
1788085862.15,0,00,99.99,,,,0.0,0.0
1788085863.15,0,00,99.99,,,,0.0,0.0
1788085864.15,0,00,99.99,,,,0.0,0.0
1788085865.15,0,00,99.99,,,,0.0,0.0
1788085866.15,0,00,99.99,,,,0.0,0.0
1788085867.15,0,00,99.99,,,,0.0,0.0
1788085868.15,0,00,99.99,,,,0.0,0.0
1788085869.15,0,00,99.99,,,,0.0,0.0
1788085870.15,0,00,99.99,,,,0.0,0.0
1788085871.15,0,00,99.99,,,,0.0,0.0
1788085872.15,0,00,99.99,,,,0.0,0.0
1788085873.15,0,00,99.99,,,,0.0,0.0
1788085874.15,0,00,99.99,,,,0.0,0.0
1788085875.15,0,00,99.99,,,,0.0,0.0
1788085876.15,0,00,99.99,,,,0.0,0.0
1788085877.15,0,00,99.99,,,,0.0,0.0
1788085878.15,0,00,99.99,,,,0.0,0.0
1788085879.15,0,00,99.99,,,,0.0,0.0
1788085880.15,0,00,99.99,,,,0.0,0.0
1788085881.15,0,00,99.99,,,,0.0,0.0
1788085882.15,0,00,99.99,,,,0.0,0.0
1788085883.15,0,00,99.99,,,,0.0,0.0
1788085884.15,0,00,99.99,,,,0.0,0.0
1788085885.15,0,00,99.99,,,,0.0,0.0
1788085886.15,0,00,99.99,,,,0.0,0.0
1788085887.15,0,00,99.99,,,,0.0,0.0
1788085888.15,0,00,99.99,,,,0.0,0.0
1788085889.15,0,00,99.99,,,,0.0,0.0
1788085890.15,0,00,99.99,,,,0.0,0.0
1788085891.15,0,00,99.99,,,,0.0,0.0
1788085892.15,0,00,99.99,,,,0.0,0.0
1788085893.15,0,00,99.99,,,,0.0,0.0
1788085894.15,0,00,99.99,,,,0.0,0.0
1788085895.15,0,00,99.99,,,,0.0,0.0
1788085896.15,0,00,99.99,,,,0.0,0.0
1788085897.15,0,00,99.99,,,,0.0,0.0
1788085898.16,0,00,99.99,,,,0.0,0.0
1788085899.15,0,00,99.99,,,,0.0,0.0
1788085900.15,0,00,99.99,,,,0.0,0.0
1788085901.15,0,00,99.99,,,,0.0,0.0
1788085902.15,0,00,99.99,,,,0.0,0.0
1788085903.15,0,00,99.99,,,,0.0,0.0
1788085904.15,0,00,99.99,,,,0.0,0.0
1788085905.15,0,00,99.99,,,,0.0,0.0
1788085906.15,0,00,99.99,,,,0.0,0.0
1788085907.15,0,00,99.99,,,,0.0,0.0
1788085908.15,0,00,99.99,,,,0.0,0.0
1788085909.15,0,00,99.99,,,,0.0,0.0
1788085910.15,0,00,99.99,,,,0.0,0.0
1788085911.15,0,00,99.99,,,,0.0,0.0
1788085912.15,0,00,99.99,,,,0.0,0.0
1788085913.15,0,00,99.99,,,,0.0,0.0
1788085914.15,0,00,99.99,,,,0.0,0.0
1788085915.16,0,00,99.99,,,,0.0,0.0
1788085916.15,0,00,99.99,,,,0.0,0.0
1788085917.15,0,00,99.99,,,,0.0,0.0
1788085918.15,0,00,99.99,,,,0.0,0.0
1788085919.15,0,00,99.99,,,,0.0,0.0
1788085920.15,0,00,99.99,,,,0.0,0.0
1788085921.15,0,00,99.99,,,,0.0,0.0
1788085922.15,0,00,99.99,,,,0.0,0.0
1788085923.15,0,00,99.99,,,,0.0,0.0
1788085924.15,0,00,99.99,,,,0.0,0.0
1788085925.15,0,00,99.99,,,,0.0,0.0
1788085926.15,0,00,99.99,,,,0.0,0.0
1788085927.15,0,00,99.99,,,,0.0,0.0
1788085928.15,0,00,99.99,,,,0.0,0.0
1788085929.15,0,00,99.99,,,,0.0,0.0
1788085930.15,0,00,99.99,,,,0.0,0.0
1788085931.15,0,00,99.99,,,,0.0,0.0
1788085932.15,0,00,99.99,,,,0.0,0.0
1788085933.15,0,00,99.99,,,,0.0,0.0
1788085934.15,0,00,99.99,,,,0.0,0.0
1788085935.15,0,00,99.99,,,,0.0,0.0
1788085936.15,0,00,99.99,,,,0.0,0.0
1788085937.15,0,00,99.99,,,,0.0,0.0
1788085938.15,0,00,99.99,,,,0.0,0.0
1788085939.15,0,00,99.99,,,,0.0,0.0
1788085940.15,0,00,99.99,,,,0.0,0.0
1788085941.15,0,00,99.99,,,,0.0,0.0
1788085942.15,0,00,99.99,,,,0.0,0.0
1788085943.15,0,00,99.99,,,,0.0,0.0
1788085944.15,0,00,99.99,,,,0.0,0.0
1788085945.15,0,00,99.99,,,,0.0,0.0
1788085946.15,0,00,99.99,,,,0.0,0.0
1788085947.15,0,00,99.99,,,,0.0,0.0
1788085948.15,0,00,99.99,,,,0.0,0.0
1788085949.15,0,00,99.99,,,,0.0,0.0
1788085950.15,0,00,99.99,,,,0.0,0.0
1788085951.15,0,00,99.99,,,,0.0,0.0
1788085952.15,0,00,99.99,,,,0.0,0.0
1788085953.15,0,00,99.99,,,,0.0,0.0
1788085954.15,0,00,99.99,,,,0.0,0.0
1788085955.15,0,00,99.99,,,,0.0,0.0
1788085956.15,0,00,99.99,,,,0.0,0.0
1788085957.15,0,00,99.99,,,,0.0,0.0
1788085958.15,0,00,99.99,,,,0.0,0.0
1788085959.16,0,00,99.99,,,,0.0,0.0
1788085960.16,0,00,99.99,,,,0.0,0.0
1788085961.16,0,00,99.99,,,,0.0,0.0
1788085962.15,0,00,99.99,,,,0.0,0.0
1788085963.15,0,00,99.99,,,,0.0,0.0
1788085964.15,0,00,99.99,,,,0.0,0.0
1788085965.15,0,00,99.99,,,,0.0,0.0
1788085966.15,0,00,99.99,,,,0.0,0.0
1788085967.15,0,00,99.99,,,,0.0,0.0
1788085968.15,0,00,99.99,,,,0.0,0.0
1788085969.16,0,00,99.99,,,,0.0,0.0
1788085970.15,0,00,99.99,,,,0.0,0.0
1788085971.16,0,00,99.99,,,,0.0,0.0
1788085972.15,0,00,99.99,,,,0.0,0.0
1788085973.15,0,00,99.99,,,,0.0,0.0
1788085974.15,0,00,99.99,,,,0.0,0.0
1788085975.15,0,00,99.99,,,,0.0,0.0
1788085976.15,0,00,99.99,,,,0.0,0.0
1788085977.15,0,00,99.99,,,,0.0,0.0
1788085978.15,0,00,99.99,,,,0.0,0.0
1788085979.15,0,00,99.99,,,,0.0,0.0
1788085980.15,0,00,99.99,,,,0.0,0.0
1788085981.15,0,00,99.99,,,,0.0,0.0
1788085982.15,0,00,99.99,,,,0.0,0.0
1788085983.15,0,00,99.99,,,,0.0,0.0
1788085984.15,0,00,99.99,,,,0.0,0.0
1788085985.16,0,00,99.99,,,,0.0,0.0
1788085986.15,0,00,99.99,,,,0.0,0.0
1788085987.15,0,00,99.99,,,,0.0,0.0
1788085988.15,0,00,99.99,,,,0.0,0.0
1788085989.15,0,00,99.99,,,,0.0,0.0
1788085990.15,0,00,99.99,,,,0.0,0.0
1788085991.15,0,00,99.99,,,,0.0,0.0
1788085992.15,0,00,99.99,,,,0.0,0.0
1788085993.15,0,00,99.99,,,,0.0,0.0
1788085994.15,0,00,99.99,,,,0.0,0.0
1788085995.15,0,00,99.99,,,,0.0,0.0
1788085996.15,0,00,99.99,,,,0.0,0.0
1788085997.15,0,00,99.99,,,,0.0,0.0
1788085998.15,0,00,99.99,,,,0.0,0.0
1788085999.15,0,00,99.99,,,,0.0,0.0
1788086000.15,0,00,99.99,,,,0.0,0.0
1788086001.15,0,00,99.99,,,,0.0,0.0
1788086002.15,0,00,99.99,,,,0.0,0.0
1788086003.15,0,00,99.99,,,,0.0,0.0
1788086004.15,0,00,99.99,,,,0.0,0.0
1788086005.15,0,00,99.99,,,,0.0,0.0
1788086006.15,0,00,99.99,,,,0.0,0.0
1788086007.15,0,00,99.99,,,,0.0,0.0
1788086008.15,0,00,99.99,,,,0.0,0.0
1788086009.15,0,00,99.99,,,,0.0,0.0
1788086010.15,0,00,99.99,,,,0.0,0.0
1788086011.15,0,00,99.99,,,,0.0,0.0
1788086012.15,0,00,99.99,,,,0.0,0.0
1788086013.16,0,00,99.99,,,,0.0,0.0
1788086014.16,0,00,99.99,,,,0.0,0.0
1788086015.16,0,00,99.99,,,,0.0,0.0
1788086016.15,0,00,99.99,,,,0.0,0.0
1788086017.15,0,00,99.99,,,,0.0,0.0
1788086018.15,0,00,99.99,,,,0.0,0.0
1788086019.15,0,00,99.99,,,,0.0,0.0
1788086020.15,0,00,99.99,,,,0.0,0.0
1788086021.16,0,00,99.99,,,,0.0,0.0
1788086022.16,0,00,99.99,,,,0.0,0.0
1788086023.16,0,00,99.99,,,,0.0,0.0
1788086024.16,0,00,99.99,,,,0.0,0.0
1788086025.15,0,00,99.99,,,,0.0,0.0
1788086026.16,0,00,99.99,,,,0.0,0.0
1788086027.16,0,00,99.99,,,,0.0,0.0
1788086028.16,0,00,99.99,,,,0.0,0.0
1788086029.16,0,00,99.99,,,,0.0,0.0
1788086030.15,0,00,99.99,,,,0.0,0.0
1788086031.15,0,00,99.99,,,,0.0,0.0
1788086032.15,0,00,99.99,,,,0.0,0.0
1788086033.15,0,00,99.99,,,,0.0,0.0
1788086034.15,0,00,99.99,,,,0.0,0.0
1788086035.15,0,00,99.99,,,,0.0,0.0
1788086036.15,0,00,99.99,,,,0.0,0.0
1788086037.15,0,00,99.99,,,,0.0,0.0
1788086038.15,0,00,99.99,,,,0.0,0.0
1788086039.15,0,00,99.99,,,,0.0,0.0
1788086040.15,0,00,99.99,,,,0.0,0.0
1788086041.16,0,00,99.99,,,,0.0,0.0
1788086042.15,0,00,99.99,,,,0.0,0.0
1788086043.15,0,00,99.99,,,,0.0,0.0
1788086044.15,0,00,99.99,,,,0.0,0.0
1788086045.15,0,00,99.99,,,,0.0,0.0
1788086046.15,0,00,99.99,,,,0.0,0.0
1788086048.15,0,00,99.99,,,,0.0,0.0
1788086049.15,0,00,99.99,,,,0.0,0.0
1788086050.15,0,00,99.99,,,,0.0,0.0
1788086051.15,0,00,99.99,,,,0.0,0.0
1788086052.15,0,00,99.99,,,,0.0,0.0
1788086053.15,0,00,99.99,,,,0.0,0.0
1788086054.15,0,00,99.99,,,,0.0,0.0
1788086055.15,0,00,99.99,,,,0.0,0.0
1788086056.15,0,00,99.99,,,,0.0,0.0
1788086057.15,0,00,99.99,,,,0.0,0.0
1788086058.15,0,00,99.99,,,,0.0,0.0
1788086059.15,0,00,99.99,,,,0.0,0.0
1788086060.15,0,00,99.99,,,,0.0,0.0
1788086061.15,0,00,99.99,,,,0.0,0.0
1788086062.14,0,00,99.99,,,,0.0,0.0
1788086063.14,0,00,99.99,,,,0.0,0.0
1788086064.14,0,00,99.99,,,,0.0,0.0
1788086065.14,0,00,99.99,,,,0.0,0.0
1788086066.14,0,00,99.99,,,,0.0,0.0
1788086067.14,0,00,99.99,,,,0.0,0.0
1788086068.15,0,00,99.99,,,,0.0,0.0
1788086069.14,0,00,99.99,,,,0.0,0.0
1788086070.15,0,00,99.99,,,,0.0,0.0
1788086071.14,0,00,99.99,,,,0.0,0.0
1788086072.14,0,00,99.99,,,,0.0,0.0
1788086073.14,0,00,99.99,,,,0.0,0.0
1788086074.14,0,00,99.99,,,,0.0,0.0
1788086075.14,0,00,99.99,,,,0.0,0.0
1788086076.15,0,00,99.99,,,,0.0,0.0
1788086077.15,0,00,99.99,,,,0.0,0.0
1788086078.15,0,00,99.99,,,,0.0,0.0
1788086079.15,0,00,99.99,,,,0.0,0.0
1788086080.15,0,00,99.99,,,,0.0,0.0
1788086081.15,0,00,99.99,,,,0.0,0.0
1788086082.14,0,00,99.99,,,,0.0,0.0
1788086083.15,0,00,99.99,,,,0.0,0.0
1788086084.15,0,00,99.99,,,,0.0,0.0
1788086085.14,0,00,99.99,,,,0.0,0.0
1788086086.15,0,00,99.99,,,,0.0,0.0
1788086087.15,0,00,99.99,,,,0.0,0.0
1788086088.15,0,00,99.99,,,,0.0,0.0
1788086089.15,0,00,99.99,,,,0.0,0.0
1788086090.15,0,00,99.99,,,,0.0,0.0
1788086091.15,0,00,99.99,,,,0.0,0.0
1788086092.15,0,00,99.99,,,,0.0,0.0
1788086093.15,0,00,99.99,,,,0.0,0.0
1788086094.15,0,00,99.99,,,,0.0,0.0
1788086095.15,0,00,99.99,,,,0.0,0.0
1788086096.15,0,00,99.99,,,,0.0,0.0
1788086097.15,0,00,99.99,,,,0.0,0.0
1788086098.15,0,00,99.99,,,,0.0,0.0
1788086099.15,0,00,99.99,,,,0.0,0.0
1788086100.15,0,00,99.99,,,,0.0,0.0
1788086101.15,0,00,99.99,,,,0.0,0.0
1788086102.15,0,00,99.99,,,,0.0,0.0
1788086103.15,0,00,99.99,,,,0.0,0.0
1788086104.15,0,00,99.99,,,,0.0,0.0
1788086105.15,0,00,99.99,,,,0.0,0.0
1788086106.15,0,00,99.99,,,,0.0,0.0
1788086107.15,0,00,99.99,,,,0.0,0.0
1788086108.15,0,00,99.99,,,,0.0,0.0
1788086109.15,0,00,99.99,,,,0.0,0.0
1788086110.15,0,00,99.99,,,,0.0,0.0
1788086111.15,0,00,99.99,,,,0.0,0.0
1788086112.15,0,00,99.99,,,,0.0,0.0
1788086113.15,0,00,99.99,,,,0.0,0.0
1788086114.15,0,00,99.99,,,,0.0,0.0
1788086115.15,0,00,99.99,,,,0.0,0.0
1788086116.15,0,00,99.99,,,,0.0,0.0
1788086117.15,0,00,99.99,,,,0.0,0.0
1788086118.15,0,00,99.99,,,,0.0,0.0
1788086119.15,0,00,99.99,,,,0.0,0.0
1788086120.14,0,00,99.99,,,,0.0,0.0
1788086121.14,0,00,99.99,,,,0.0,0.0
1788086122.15,0,00,99.99,,,,0.0,0.0
1788086123.15,0,00,99.99,,,,0.0,0.0
1788086124.15,0,00,99.99,,,,0.0,0.0
1788086125.15,0,00,99.99,,,,0.0,0.0
1788086126.15,0,00,99.99,,,,0.0,0.0
1788086127.15,0,00,99.99,,,,0.0,0.0
1788086128.15,0,00,99.99,,,,0.0,0.0
1788086129.15,0,00,99.99,,,,0.0,0.0
1788086130.15,0,00,99.99,,,,0.0,0.0
1788086131.15,0,00,99.99,,,,0.0,0.0
1788086132.15,0,00,99.99,,,,0.0,0.0
1788086133.15,0,00,99.99,,,,0.0,0.0
1788086134.15,0,00,99.99,,,,0.0,0.0
1788086135.15,0,00,99.99,,,,0.0,0.0
1788086136.15,0,00,99.99,,,,0.0,0.0
1788086137.15,0,00,99.99,,,,0.0,0.0
1788086138.14,0,00,99.99,,,,0.0,0.0
1788086139.15,0,00,99.99,,,,0.0,0.0
1788086140.15,0,00,99.99,,,,0.0,0.0
1788086141.15,0,00,99.99,,,,0.0,0.0
1788086142.15,0,00,99.99,,,,0.0,0.0
1788086143.15,0,00,99.99,,,,0.0,0.0
1788086144.15,0,00,99.99,,,,0.0,0.0
1788086145.15,0,00,99.99,,,,0.0,0.0
1788086146.15,0,00,99.99,,,,0.0,0.0
1788086147.15,0,00,99.99,,,,0.0,0.0
1788086148.15,0,00,99.99,,,,0.0,0.0
1788086149.15,0,00,99.99,,,,0.0,0.0
1788086150.15,0,00,99.99,,,,0.0,0.0
1788086151.15,0,00,99.99,,,,0.0,0.0
1788086152.15,0,00,99.99,,,,0.0,0.0
1788086153.15,0,00,99.99,,,,0.0,0.0
1788086154.15,0,00,99.99,,,,0.0,0.0
1788086155.15,0,00,99.99,,,,0.0,0.0
1788086156.15,0,00,99.99,,,,0.0,0.0
1788086157.15,0,00,99.99,,,,0.0,0.0
1788086158.15,0,00,99.99,,,,0.0,0.0
1788086159.15,0,00,99.99,,,,0.0,0.0
1788086160.15,0,00,99.99,,,,0.0,0.0
1788086161.15,0,00,99.99,,,,0.0,0.0
1788086162.15,0,00,99.99,,,,0.0,0.0
1788086163.15,0,00,99.99,,,,0.0,0.0
1788086164.15,0,00,99.99,,,,0.0,0.0
1788086165.15,0,00,99.99,,,,0.0,0.0
1788086166.15,0,00,99.99,,,,0.0,0.0
1788086167.15,0,00,99.99,,,,0.0,0.0
1788086168.15,0,00,99.99,,,,0.0,0.0
1788086169.15,0,00,99.99,,,,0.0,0.0
1788086170.15,0,00,99.99,,,,0.0,0.0
1788086171.15,0,00,99.99,,,,0.0,0.0
1788086172.15,0,00,99.99,,,,0.0,0.0
1788086173.15,0,00,99.99,,,,0.0,0.0
1788086174.15,0,00,99.99,,,,0.0,0.0
1788086175.14,0,00,99.99,,,,0.0,0.0
1788086176.15,0,00,99.99,,,,0.0,0.0
1788086177.14,0,00,99.99,,,,0.0,0.0
1788086178.14,0,00,99.99,,,,0.0,0.0
1788086179.14,0,00,99.99,,,,0.0,0.0
1788086180.14,0,00,99.99,,,,0.0,0.0
1788086181.14,0,00,99.99,,,,0.0,0.0
1788086182.14,0,00,99.99,,,,0.0,0.0
1788086183.14,0,00,99.99,,,,0.0,0.0
1788086184.15,0,00,99.99,,,,0.0,0.0
1788086185.15,0,00,99.99,,,,0.0,0.0
1788086186.15,0,00,99.99,,,,0.0,0.0
1788086187.15,0,00,99.99,,,,0.0,0.0
1788086188.15,0,00,99.99,,,,0.0,0.0
1788086189.15,0,00,99.99,,,,0.0,0.0
1788086190.15,0,00,99.99,,,,0.0,0.0
1788086191.15,0,00,99.99,,,,0.0,0.0
1788086192.15,0,00,99.99,,,,0.0,0.0
1788086193.15,0,00,99.99,,,,0.0,0.0
1788086194.15,0,00,99.99,,,,0.0,0.0
1788086195.15,0,00,99.99,,,,0.0,0.0
1788086196.15,0,00,99.99,,,,0.0,0.0
1788086197.15,0,00,99.99,,,,0.0,0.0
1788086198.15,0,00,99.99,,,,0.0,0.0
1788086199.15,0,00,99.99,,,,0.0,0.0
1788086200.15,0,00,99.99,,,,0.0,0.0
1788086201.15,0,00,99.99,,,,0.0,0.0
1788086202.15,0,00,99.99,,,,0.0,0.0
1788086203.15,0,00,99.99,,,,0.0,0.0
1788086204.15,0,00,99.99,,,,0.0,0.0
1788086205.15,0,00,99.99,,,,0.0,0.0
1788086206.15,0,00,99.99,,,,0.0,0.0
1788086207.15,0,00,99.99,,,,0.0,0.0
1788086208.15,0,00,99.99,,,,0.0,0.0
1788086209.15,0,00,99.99,,,,0.0,0.0
1788086210.15,0,00,99.99,,,,0.0,0.0
1788086211.15,0,00,99.99,,,,0.0,0.0
1788086212.15,0,00,99.99,,,,0.0,0.0
1788086213.15,0,00,99.99,,,,0.0,0.0
1788086214.15,0,00,99.99,,,,0.0,0.0
1788086215.15,0,00,99.99,,,,0.0,0.0
1788086216.15,0,00,99.99,,,,0.0,0.0
1788086217.15,0,00,99.99,,,,0.0,0.0
1788086218.15,0,00,99.99,,,,0.0,0.0
1788086219.15,0,00,99.99,,,,0.0,0.0
1788086220.15,0,00,99.99,,,,0.0,0.0
1788086221.15,0,00,99.99,,,,0.0,0.0
1788086222.15,0,00,99.99,,,,0.0,0.0
1788086223.15,0,00,99.99,,,,0.0,0.0
1788086224.15,0,00,99.99,,,,0.0,0.0
1788086225.15,0,00,99.99,,,,0.0,0.0
1788086226.15,0,00,99.99,,,,0.0,0.0
1788086227.15,0,00,99.99,,,,0.0,0.0
1788086228.15,0,00,99.99,,,,0.0,0.0
1788086229.15,0,00,99.99,,,,0.0,0.0
1788086230.15,0,00,99.99,,,,0.0,0.0
1788086231.15,0,00,99.99,,,,0.0,0.0
1788086232.15,0,00,99.99,,,,0.0,0.0
1788086233.15,0,00,99.99,,,,0.0,0.0
1788086234.15,0,00,99.99,,,,0.0,0.0
1788086235.14,0,00,99.99,,,,0.0,0.0
1788086236.14,0,00,99.99,,,,0.0,0.0
1788086237.14,0,00,99.99,,,,0.0,0.0
1788086238.14,0,00,99.99,,,,0.0,0.0
1788086239.15,0,00,99.99,,,,0.0,0.0
1788086240.14,0,00,99.99,,,,0.0,0.0
1788086241.14,0,00,99.99,,,,0.0,0.0
1788086242.14,0,00,99.99,,,,0.0,0.0
1788086243.14,0,00,99.99,,,,0.0,0.0
1788086244.14,0,00,99.99,,,,0.0,0.0
1788086245.15,0,00,99.99,,,,0.0,0.0
1788086246.14,0,00,99.99,,,,0.0,0.0
1788086247.15,0,00,99.99,,,,0.0,0.0
1788086248.15,0,00,99.99,,,,0.0,0.0
1788086249.15,0,00,99.99,,,,0.0,0.0
1788086250.15,0,00,99.99,,,,0.0,0.0
1788086251.15,0,00,99.99,,,,0.0,0.0
1788086252.15,0,00,99.99,,,,0.0,0.0
1788086253.15,0,00,99.99,,,,0.0,0.0
1788086254.15,0,00,99.99,,,,0.0,0.0
1788086255.15,0,00,99.99,,,,0.0,0.0
1788086256.15,0,00,99.99,,,,0.0,0.0
1788086257.15,0,00,99.99,,,,0.0,0.0
1788086258.15,0,00,99.99,,,,0.0,0.0
1788086259.15,0,00,99.99,,,,0.0,0.0
1788086260.15,0,00,99.99,,,,0.0,0.0
1788086261.15,0,00,99.99,,,,0.0,0.0
1788086262.15,0,00,99.99,,,,0.0,0.0
1788086263.15,0,00,99.99,,,,0.0,0.0
1788086264.15,0,00,99.99,,,,0.0,0.0
1788086265.15,0,00,99.99,,,,0.0,0.0
1788086266.15,0,00,99.99,,,,0.0,0.0
1788086267.15,0,00,99.99,,,,0.0,0.0
1788086268.15,0,00,99.99,,,,0.0,0.0
1788086269.14,0,00,99.99,,,,0.0,0.0
1788086270.14,0,00,99.99,,,,0.0,0.0
1788086271.14,0,00,99.99,,,,0.0,0.0
1788086272.14,0,00,99.99,,,,0.0,0.0
1788086273.14,0,00,99.99,,,,0.0,0.0
1788086274.14,0,00,99.99,,,,0.0,0.0
1788086275.14,0,00,99.99,,,,0.0,0.0
1788086276.14,0,00,99.99,,,,0.0,0.0
1788086277.14,0,00,99.99,,,,0.0,0.0
1788086278.14,0,00,99.99,,,,0.0,0.0
1788086279.14,0,00,99.99,,,,0.0,0.0
1788086280.14,0,00,99.99,,,,0.0,0.0
1788086281.14,0,00,99.99,,,,0.0,0.0
1788086282.14,0,00,99.99,,,,0.0,0.0
1788086283.14,0,00,99.99,,,,0.0,0.0
1788086284.15,0,00,99.99,,,,0.0,0.0
1788086285.14,0,00,99.99,,,,0.0,0.0
1788086286.14,0,00,99.99,,,,0.0,0.0
1788086287.14,0,00,99.99,,,,0.0,0.0
1788086288.15,0,00,99.99,,,,0.0,0.0
1788086289.15,0,00,99.99,,,,0.0,0.0
1788086290.15,0,00,99.99,,,,0.0,0.0
1788086291.15,0,00,99.99,,,,0.0,0.0
1788086292.15,0,00,99.99,,,,0.0,0.0
1788086293.15,0,00,99.99,,,,0.0,0.0
1788086294.15,0,00,99.99,,,,0.0,0.0
1788086295.15,0,00,99.99,,,,0.0,0.0
1788086296.15,0,00,99.99,,,,0.0,0.0
1788086297.15,0,00,99.99,,,,0.0,0.0
1788086298.15,0,00,99.99,,,,0.0,0.0
1788086299.15,0,00,99.99,,,,0.0,0.0
1788086300.15,0,00,99.99,,,,0.0,0.0
1788086301.15,0,00,99.99,,,,0.0,0.0
1788086302.15,0,00,99.99,,,,0.0,0.0
1788086303.15,0,00,99.99,,,,0.0,0.0
1788086304.15,0,00,99.99,,,,0.0,0.0
1788086305.15,0,00,99.99,,,,0.0,0.0
1788086306.15,0,00,99.99,,,,0.0,0.0
1788086307.15,0,00,99.99,,,,0.0,0.0
1788086308.15,0,00,99.99,,,,0.0,0.0
1788086309.15,0,00,99.99,,,,0.0,0.0
1788086310.15,0,00,99.99,,,,0.0,0.0
1788086311.15,0,00,99.99,,,,0.0,0.0
1788086312.15,0,00,99.99,,,,0.0,0.0
1788086313.15,0,00,99.99,,,,0.0,0.0
1788086314.15,0,00,99.99,,,,0.0,0.0
1788086315.15,0,00,99.99,,,,0.0,0.0
1788086316.15,0,00,99.99,,,,0.0,0.0
1788086317.15,0,00,99.99,,,,0.0,0.0
1788086318.15,0,00,99.99,,,,0.0,0.0
1788086319.15,0,00,99.99,,,,0.0,0.0
1788086320.15,0,00,99.99,,,,0.0,0.0
1788086321.15,0,00,99.99,,,,0.0,0.0
1788086322.15,0,00,99.99,,,,0.0,0.0
1788086323.15,0,00,99.99,,,,0.0,0.0
1788086324.15,0,00,99.99,,,,0.0,0.0
1788086325.14,0,00,99.99,,,,0.0,0.0
1788086326.14,0,00,99.99,,,,0.0,0.0
1788086327.15,0,00,99.99,,,,0.0,0.0
1788086328.14,0,00,99.99,,,,0.0,0.0
1788086329.15,0,00,99.99,,,,0.0,0.0
1788086330.15,0,00,99.99,,,,0.0,0.0
1788086331.14,0,00,99.99,,,,0.0,0.0
1788086332.14,0,00,99.99,,,,0.0,0.0
1788086333.15,0,00,99.99,,,,0.0,0.0
1788086334.14,0,00,99.99,,,,0.0,0.0
1788086335.14,0,00,99.99,,,,0.0,0.0
1788086336.14,0,00,99.99,,,,0.0,0.0
1788086337.15,0,00,99.99,,,,0.0,0.0
1788086338.14,0,00,99.99,,,,0.0,0.0
1788086339.14,0,00,99.99,,,,0.0,0.0
1788086340.14,0,00,99.99,,,,0.0,0.0
1788086341.15,0,00,99.99,,,,0.0,0.0
1788086342.14,0,00,99.99,,,,0.0,0.0
1788086343.14,0,00,99.99,,,,0.0,0.0
1788086344.14,0,00,99.99,,,,0.0,0.0
1788086345.14,0,00,99.99,,,,0.0,0.0
1788086346.15,0,00,99.99,,,,0.0,0.0
1788086347.15,0,00,99.99,,,,0.0,0.0
1788086348.15,0,00,99.99,,,,0.0,0.0
1788086349.15,0,00,99.99,,,,0.0,0.0
1788086350.14,0,00,99.99,,,,0.0,0.0
1788086351.14,0,00,99.99,,,,0.0,0.0
1788086352.15,0,00,99.99,,,,0.0,0.0
1788086353.14,0,00,99.99,,,,0.0,0.0
1788086354.14,0,00,99.99,,,,0.0,0.0
1788086355.14,0,00,99.99,,,,0.0,0.0
1788086356.14,0,00,99.99,,,,0.0,0.0
1788086357.14,0,00,99.99,,,,0.0,0.0
1788086358.14,0,00,99.99,,,,0.0,0.0
1788086359.14,0,00,99.99,,,,0.0,0.0
1788086360.14,0,00,99.99,,,,0.0,0.0
1788086361.14,0,00,99.99,,,,0.0,0.0
1788086362.14,0,00,99.99,,,,0.0,0.0
1788086363.14,0,00,99.99,,,,0.0,0.0
1788086364.14,0,00,99.99,,,,0.0,0.0
1788086365.14,0,00,99.99,,,,0.0,0.0
1788086366.14,0,00,99.99,,,,0.0,0.0
1788086367.14,0,00,99.99,,,,0.0,0.0
1788086368.14,0,00,99.99,,,,0.0,0.0
1788086369.14,0,00,99.99,,,,0.0,0.0
1788086370.14,0,00,99.99,,,,0.0,0.0
1788086371.14,0,00,99.99,,,,0.0,0.0
1788086372.14,0,00,99.99,,,,0.0,0.0
1788086373.14,0,00,99.99,,,,0.0,0.0
1788086374.14,0,00,99.99,,,,0.0,0.0
1788086375.14,0,00,99.99,,,,0.0,0.0
1788086376.14,0,00,99.99,,,,0.0,0.0
1788086377.14,0,00,99.99,,,,0.0,0.0
1788086378.14,0,00,99.99,,,,0.0,0.0
1788086379.15,0,00,99.99,,,,0.0,0.0
1788086380.15,0,00,99.99,,,,0.0,0.0
1788086381.15,0,00,99.99,,,,0.0,0.0
1788086382.15,0,00,99.99,,,,0.0,0.0
1788086383.15,0,00,99.99,,,,0.0,0.0
1788086384.15,0,00,99.99,,,,0.0,0.0
1788086385.15,0,00,99.99,,,,0.0,0.0
1788086386.15,0,00,99.99,,,,0.0,0.0
1788086387.15,0,00,99.99,,,,0.0,0.0
1788086388.15,0,00,99.99,,,,0.0,0.0
1788086389.15,0,00,99.99,,,,0.0,0.0
1788086390.15,0,00,99.99,,,,0.0,0.0
1788086391.15,0,00,99.99,,,,0.0,0.0
1788086392.15,0,00,99.99,,,,0.0,0.0
1788086393.15,0,00,99.99,,,,0.0,0.0
1788086394.15,0,00,99.99,,,,0.0,0.0
1788086395.15,0,00,99.99,,,,0.0,0.0
1788086396.15,0,00,99.99,,,,0.0,0.0
1788086397.15,0,00,99.99,,,,0.0,0.0
1788086398.15,0,00,99.99,,,,0.0,0.0
1788086399.15,0,00,99.99,,,,0.0,0.0
1788086400.15,0,00,99.99,,,,0.0,0.0
1788086401.15,0,00,99.99,,,,0.0,0.0
1788086402.15,0,00,99.99,,,,0.0,0.0
1788086403.15,0,00,99.99,,,,0.0,0.0
1788086404.15,0,00,99.99,,,,0.0,0.0
1788086405.14,0,00,99.99,,,,0.0,0.0
1788086406.15,0,00,99.99,,,,0.0,0.0
1788086407.15,0,00,99.99,,,,0.0,0.0
1788086408.15,0,00,99.99,,,,0.0,0.0
1788086409.15,0,00,99.99,,,,0.0,0.0
1788086410.14,0,00,99.99,,,,0.0,0.0
1788086411.14,0,00,99.99,,,,0.0,0.0
1788086412.14,0,00,99.99,,,,0.0,0.0
1788086413.14,0,00,99.99,,,,0.0,0.0
1788086414.14,0,00,99.99,,,,0.0,0.0
1788086415.14,0,00,99.99,,,,0.0,0.0
1788086416.14,0,00,99.99,,,,0.0,0.0
1788086417.14,0,00,99.99,,,,0.0,0.0
1788086418.14,0,00,99.99,,,,0.0,0.0
1788086419.14,0,00,99.99,,,,0.0,0.0
1788086420.14,0,00,99.99,,,,0.0,0.0
1788086421.15,0,00,99.99,,,,0.0,0.0
1788086422.15,0,00,99.99,,,,0.0,0.0
1788086423.15,0,00,99.99,,,,0.0,0.0
1788086424.15,0,00,99.99,,,,0.0,0.0
1788086425.15,0,00,99.99,,,,0.0,0.0
1788086426.15,0,00,99.99,,,,0.0,0.0
1788086427.15,0,00,99.99,,,,0.0,0.0
1788086428.15,0,00,99.99,,,,0.0,0.0
1788086429.15,0,00,99.99,,,,0.0,0.0
1788086430.15,0,00,99.99,,,,0.0,0.0
1788086431.15,0,00,99.99,,,,0.0,0.0
1788086432.15,0,00,99.99,,,,0.0,0.0
1788086433.15,0,00,99.99,,,,0.0,0.0
1788086434.15,0,00,99.99,,,,0.0,0.0
1788086435.15,0,00,99.99,,,,0.0,0.0
1788086436.15,0,00,99.99,,,,0.0,0.0
1788086437.15,0,00,99.99,,,,0.0,0.0
1788086438.15,0,00,99.99,,,,0.0,0.0
1788086439.15,0,00,99.99,,,,0.0,0.0
1788086440.15,0,00,99.99,,,,0.0,0.0
1788086441.15,0,00,99.99,,,,0.0,0.0
1788086442.15,0,00,99.99,,,,0.0,0.0
1788086443.14,0,00,99.99,,,,0.0,0.0
1788086444.14,0,00,99.99,,,,0.0,0.0
1788086445.14,0,00,99.99,,,,0.0,0.0
1788086446.15,0,00,99.99,,,,0.0,0.0
1788086447.15,0,00,99.99,,,,0.0,0.0
1788086448.15,0,00,99.99,,,,0.0,0.0
1788086449.14,0,00,99.99,,,,0.0,0.0
1788086450.15,0,00,99.99,,,,0.0,0.0
1788086451.15,0,00,99.99,,,,0.0,0.0
1788086452.15,0,00,99.99,,,,0.0,0.0
1788086453.15,0,00,99.99,,,,0.0,0.0
1788086454.15,0,00,99.99,,,,0.0,0.0
1788086455.15,0,00,99.99,,,,0.0,0.0
1788086456.14,0,00,99.99,,,,0.0,0.0
1788086457.14,0,00,99.99,,,,0.0,0.0
1788086458.14,0,00,99.99,,,,0.0,0.0
1788086459.15,0,00,99.99,,,,0.0,0.0
1788086460.15,0,00,99.99,,,,0.0,0.0
1788086461.14,0,00,99.99,,,,0.0,0.0
1788086462.15,0,00,99.99,,,,0.0,0.0
1788086463.15,0,00,99.99,,,,0.0,0.0
1788086464.15,0,00,99.99,,,,0.0,0.0
1788086465.15,0,00,99.99,,,,0.0,0.0
1788086466.15,0,00,99.99,,,,0.0,0.0
1788086467.14,0,00,99.99,,,,0.0,0.0
1788086468.14,0,00,99.99,,,,0.0,0.0
1788086469.14,0,00,99.99,,,,0.0,0.0
1788086470.15,0,00,99.99,,,,0.0,0.0
1788086471.15,0,00,99.99,,,,0.0,0.0
1788086472.15,0,00,99.99,,,,0.0,0.0
1788086473.15,0,00,99.99,,,,0.0,0.0
1788086474.14,0,00,99.99,,,,0.0,0.0
1788086475.15,0,00,99.99,,,,0.0,0.0
1788086476.14,0,00,99.99,,,,0.0,0.0
1788086477.14,0,00,99.99,,,,0.0,0.0
1788086478.14,0,00,99.99,,,,0.0,0.0
1788086479.15,0,00,99.99,,,,0.0,0.0
1788086480.15,0,00,99.99,,,,0.0,0.0
1788086481.15,0,00,99.99,,,,0.0,0.0
1788086482.15,0,00,99.99,,,,0.0,0.0
1788086483.15,0,00,99.99,,,,0.0,0.0
1788086484.15,0,00,99.99,,,,0.0,0.0
1788086485.14,0,00,99.99,,,,0.0,0.0
1788086486.14,0,00,99.99,,,,0.0,0.0
1788086487.14,0,00,99.99,,,,0.0,0.0
1788086488.14,0,00,99.99,,,,0.0,0.0
1788086489.14,0,00,99.99,,,,0.0,0.0
1788086490.14,0,00,99.99,,,,0.0,0.0
1788086491.14,0,00,99.99,,,,0.0,0.0
1788086492.14,0,00,99.99,,,,0.0,0.0
1788086493.14,0,00,99.99,,,,0.0,0.0
1788086494.14,0,00,99.99,,,,0.0,0.0
1788086495.14,0,00,99.99,,,,0.0,0.0
1788086496.14,0,00,99.99,,,,0.0,0.0
1788086497.14,0,00,99.99,,,,0.0,0.0
1788086498.14,0,00,99.99,,,,0.0,0.0
1788086499.14,0,00,99.99,,,,0.0,0.0
1788086500.14,0,00,99.99,,,,0.0,0.0
1788086501.14,0,00,99.99,,,,0.0,0.0
1788086502.14,0,00,99.99,,,,0.0,0.0
1788086503.14,0,00,99.99,,,,0.0,0.0
1788086504.14,0,00,99.99,,,,0.0,0.0
1788086505.14,0,00,99.99,,,,0.0,0.0
1788086506.14,0,00,99.99,,,,0.0,0.0
1788086507.14,0,00,99.99,,,,0.0,0.0
1788086508.14,0,00,99.99,,,,0.0,0.0
1788086509.14,0,00,99.99,,,,0.0,0.0
1788086510.14,0,00,99.99,,,,0.0,0.0
1788086511.14,0,00,99.99,,,,0.0,0.0
1788086512.14,0,00,99.99,,,,0.0,0.0
1788086513.14,0,00,99.99,,,,0.0,0.0
1788086514.14,0,00,99.99,,,,0.0,0.0
1788086515.14,0,00,99.99,,,,0.0,0.0
1788086516.14,0,00,99.99,,,,0.0,0.0
1788086517.14,0,00,99.99,,,,0.0,0.0
1788086518.14,0,00,99.99,,,,0.0,0.0
1788086519.14,0,00,99.99,,,,0.0,0.0
1788086520.14,0,00,99.99,,,,0.0,0.0
1788086521.14,0,00,99.99,,,,0.0,0.0
1788086522.14,0,00,99.99,,,,0.0,0.0
1788086523.14,0,00,99.99,,,,0.0,0.0
1788086524.14,0,00,99.99,,,,0.0,0.0
1788086525.14,0,00,99.99,,,,0.0,0.0
1788086526.14,0,00,99.99,,,,0.0,0.0
1788086527.14,0,00,99.99,,,,0.0,0.0
1788086528.14,0,00,99.99,,,,0.0,0.0
1788086529.14,0,00,99.99,,,,0.0,0.0
1788086530.14,0,00,99.99,,,,0.0,0.0
1788086531.14,0,00,99.99,,,,0.0,0.0
1788086532.14,0,00,99.99,,,,0.0,0.0
1788086533.15,0,00,99.99,,,,0.0,0.0
1788086534.15,0,00,99.99,,,,0.0,0.0
1788086535.14,0,00,99.99,,,,0.0,0.0
1788086536.14,0,00,99.99,,,,0.0,0.0
1788086537.14,0,00,99.99,,,,0.0,0.0
1788086538.14,0,00,99.99,,,,0.0,0.0
1788086539.14,0,00,99.99,,,,0.0,0.0
1788086540.14,0,00,99.99,,,,0.0,0.0
1788086541.14,0,00,99.99,,,,0.0,0.0
1788086542.14,0,00,99.99,,,,0.0,0.0
1788086543.14,0,00,99.99,,,,0.0,0.0
1788086544.14,0,00,99.99,,,,0.0,0.0
1788086545.14,0,00,99.99,,,,0.0,0.0
1788086546.14,0,00,99.99,,,,0.0,0.0
1788086547.14,0,00,99.99,,,,0.0,0.0
1788086548.14,0,00,99.99,,,,0.0,0.0
1788086549.14,0,00,99.99,,,,0.0,0.0
1788086550.14,0,00,99.99,,,,0.0,0.0
1788086551.14,0,00,99.99,,,,0.0,0.0
1788086552.14,0,00,99.99,,,,0.0,0.0
1788086553.15,0,00,99.99,,,,0.0,0.0
1788086554.14,0,00,99.99,,,,0.0,0.0
1788086555.14,0,00,99.99,,,,0.0,0.0
1788086556.14,0,00,99.99,,,,0.0,0.0
1788086557.14,0,00,99.99,,,,0.0,0.0
1788086558.14,0,00,99.99,,,,0.0,0.0
1788086559.14,0,00,99.99,,,,0.0,0.0
1788086560.15,0,00,99.99,,,,0.0,0.0
1788086561.14,0,00,99.99,,,,0.0,0.0
1788086562.14,0,00,99.99,,,,0.0,0.0
1788086563.14,0,00,99.99,,,,0.0,0.0
1788086564.14,0,00,99.99,,,,0.0,0.0
1788086565.14,0,00,99.99,,,,0.0,0.0
1788086566.14,0,00,99.99,,,,0.0,0.0
1788086567.14,0,00,99.99,,,,0.0,0.0
1788086568.14,0,00,99.99,,,,0.0,0.0
1788086569.14,0,00,99.99,,,,0.0,0.0
1788086570.14,0,00,99.99,,,,0.0,0.0
1788086571.14,0,00,99.99,,,,0.0,0.0
1788086572.14,0,00,99.99,,,,0.0,0.0
1788086573.14,0,00,99.99,,,,0.0,0.0
1788086574.14,0,00,99.99,,,,0.0,0.0
1788086575.14,0,00,99.99,,,,0.0,0.0
1788086576.14,0,00,99.99,,,,0.0,0.0
1788086577.14,0,00,99.99,,,,0.0,0.0
1788086578.14,0,00,99.99,,,,0.0,0.0
1788086579.14,0,00,99.99,,,,0.0,0.0
1788086580.14,0,00,99.99,,,,0.0,0.0
1788086581.13,0,00,99.99,,,,0.0,0.0
1788086582.13,0,00,99.99,,,,0.0,0.0
1788086583.13,0,00,99.99,,,,0.0,0.0
1788086584.14,0,00,99.99,,,,0.0,0.0
1788086585.13,0,00,99.99,,,,0.0,0.0
1788086586.14,0,00,99.99,,,,0.0,0.0
1788086587.14,0,00,99.99,,,,0.0,0.0
1788086588.14,0,00,99.99,,,,0.0,0.0
1788086589.14,0,00,99.99,,,,0.0,0.0
1788086590.13,0,00,99.99,,,,0.0,0.0
1788086591.13,0,00,99.99,,,,0.0,0.0
1788086592.13,0,00,99.99,,,,0.0,0.0
1788086593.14,0,00,99.99,,,,0.0,0.0
1788086594.14,0,00,99.99,,,,0.0,0.0
1788086595.14,0,00,99.99,,,,0.0,0.0
1788086596.14,0,00,99.99,,,,0.0,0.0
1788086597.15,0,00,99.99,,,,0.0,0.0
1788086598.14,0,00,99.99,,,,0.0,0.0
1788086599.14,0,00,99.99,,,,0.0,0.0
1788086600.14,0,00,99.99,,,,0.0,0.0
1788086601.14,0,00,99.99,,,,0.0,0.0
1788086602.14,0,00,99.99,,,,0.0,0.0
1788086603.15,0,00,99.99,,,,0.0,0.0
1788086604.14,0,00,99.99,,,,0.0,0.0
1788086605.14,0,00,99.99,,,,0.0,0.0
1788086606.14,0,00,99.99,,,,0.0,0.0
1788086607.14,0,00,99.99,,,,0.0,0.0
1788086608.14,0,00,99.99,,,,0.0,0.0
1788086609.14,0,00,99.99,,,,0.0,0.0
1788086610.14,0,00,99.99,,,,0.0,0.0
1788086611.14,0,00,99.99,,,,0.0,0.0
1788086612.14,0,00,99.99,,,,0.0,0.0
1788086613.14,0,00,99.99,,,,0.0,0.0
1788086614.14,0,00,99.99,,,,0.0,0.0
1788086615.14,0,00,99.99,,,,0.0,0.0
1788086616.14,0,00,99.99,,,,0.0,0.0
1788086617.14,0,00,99.99,,,,0.0,0.0
1788086618.14,0,00,99.99,,,,0.0,0.0
1788086619.14,0,00,99.99,,,,0.0,0.0
1788086620.14,0,00,99.99,,,,0.0,0.0
1788086621.14,0,00,99.99,,,,0.0,0.0
1788086622.14,0,00,99.99,,,,0.0,0.0
1788086623.14,0,00,99.99,,,,0.0,0.0
1788086624.14,0,00,99.99,,,,0.0,0.0
1788086625.14,0,00,99.99,,,,0.0,0.0
1788086626.14,0,00,99.99,,,,0.0,0.0
1788086627.14,0,00,99.99,,,,0.0,0.0
1788086628.14,0,00,99.99,,,,0.0,0.0
1788086629.14,0,00,99.99,,,,0.0,0.0
1788086630.14,0,00,99.99,,,,0.0,0.0
1788086631.14,0,00,99.99,,,,0.0,0.0
1788086632.14,0,00,99.99,,,,0.0,0.0
1788086633.14,0,00,99.99,,,,0.0,0.0
1788086634.14,0,00,99.99,,,,0.0,0.0
1788086635.14,0,00,99.99,,,,0.0,0.0
1788086636.14,0,00,99.99,,,,0.0,0.0
1788086637.14,0,00,99.99,,,,0.0,0.0
1788086638.14,0,00,99.99,,,,0.0,0.0
1788086639.14,0,00,99.99,,,,0.0,0.0
1788086640.14,0,00,99.99,,,,0.0,0.0
1788086641.14,0,00,99.99,,,,0.0,0.0
1788086642.14,0,00,99.99,,,,0.0,0.0
1788086643.14,0,00,99.99,,,,0.0,0.0
1788086644.14,0,00,99.99,,,,0.0,0.0
1788086645.15,0,00,99.99,,,,0.0,0.0
1788086646.14,0,00,99.99,,,,0.0,0.0
1788086647.14,0,00,99.99,,,,0.0,0.0
1788086648.14,0,00,99.99,,,,0.0,0.0
1788086649.14,0,00,99.99,,,,0.0,0.0
1788086650.14,0,00,99.99,,,,0.0,0.0
1788086651.14,0,00,99.99,,,,0.0,0.0
1788086652.14,0,00,99.99,,,,0.0,0.0
1788086653.14,0,00,99.99,,,,0.0,0.0
1788086654.14,0,00,99.99,,,,0.0,0.0
1788086655.14,0,00,99.99,,,,0.0,0.0
1788086656.14,0,00,99.99,,,,0.0,0.0
1788086657.14,0,00,99.99,,,,0.0,0.0
1788086658.14,0,00,99.99,,,,0.0,0.0
1788086659.14,0,00,99.99,,,,0.0,0.0
1788086660.14,0,00,99.99,,,,0.0,0.0
1788086661.14,0,00,99.99,,,,0.0,0.0
1788086662.14,0,00,99.99,,,,0.0,0.0
1788086663.14,0,00,99.99,,,,0.0,0.0
1788086664.14,0,00,99.99,,,,0.0,0.0
1788086665.14,0,00,99.99,,,,0.0,0.0
1788086666.14,0,00,99.99,,,,0.0,0.0
1788086667.14,0,00,99.99,,,,0.0,0.0
1788086668.14,0,00,99.99,,,,0.0,0.0
1788086669.14,0,00,99.99,,,,0.0,0.0
1788086670.14,0,00,99.99,,,,0.0,0.0
1788086671.14,0,00,99.99,,,,0.0,0.0
1788086672.14,0,00,99.99,,,,0.0,0.0
1788086673.15,0,00,99.99,,,,0.0,0.0
1788086674.14,0,00,99.99,,,,0.0,0.0
1788086675.14,0,00,99.99,,,,0.0,0.0
1788086676.14,0,00,99.99,,,,0.0,0.0
1788086677.14,0,00,99.99,,,,0.0,0.0
1788086678.15,0,00,99.99,,,,0.0,0.0
1788086679.14,0,00,99.99,,,,0.0,0.0
1788086680.14,0,00,99.99,,,,0.0,0.0
1788086681.14,0,00,99.99,,,,0.0,0.0
1788086682.14,0,00,99.99,,,,0.0,0.0
1788086683.14,0,00,99.99,,,,0.0,0.0
1788086684.14,0,00,99.99,,,,0.0,0.0
1788086685.14,0,00,99.99,,,,0.0,0.0
1788086686.14,0,00,99.99,,,,0.0,0.0
1788086687.14,0,00,99.99,,,,0.0,0.0
1788086688.14,0,00,99.99,,,,0.0,0.0
1788086689.14,0,00,99.99,,,,0.0,0.0
1788086690.14,0,00,99.99,,,,0.0,0.0
1788086691.14,0,00,99.99,,,,0.0,0.0
1788086692.14,0,00,99.99,,,,0.0,0.0
1788086693.14,0,00,99.99,,,,0.0,0.0
1788086694.14,0,00,99.99,,,,0.0,0.0
1788086695.14,0,00,99.99,,,,0.0,0.0
1788086696.13,0,00,99.99,,,,0.0,0.0
1788086697.13,0,00,99.99,,,,0.0,0.0
1788086698.13,0,00,99.99,,,,0.0,0.0
1788086699.13,0,00,99.99,,,,0.0,0.0
1788086700.13,0,00,99.99,,,,0.0,0.0
1788086701.14,0,00,99.99,,,,0.0,0.0
1788086702.14,0,00,99.99,,,,0.0,0.0
1788086703.14,0,00,99.99,,,,0.0,0.0
1788086704.14,0,00,99.99,,,,0.0,0.0
1788086705.14,0,00,99.99,,,,0.0,0.0
1788086706.14,0,00,99.99,,,,0.0,0.0
1788086707.14,0,00,99.99,,,,0.0,0.0
1788086708.14,0,00,99.99,,,,0.0,0.0
1788086709.14,0,00,99.99,,,,0.0,0.0
1788086710.14,0,00,99.99,,,,0.0,0.0
1788086711.14,0,00,99.99,,,,0.0,0.0
1788086712.14,0,00,99.99,,,,0.0,0.0
1788086713.14,0,00,99.99,,,,0.0,0.0
1788086714.14,0,00,99.99,,,,0.0,0.0
1788086715.14,0,00,99.99,,,,0.0,0.0
1788086716.14,0,00,99.99,,,,0.0,0.0
1788086717.14,0,00,99.99,,,,0.0,0.0
1788086718.14,0,00,99.99,,,,0.0,0.0
1788086719.14,0,00,99.99,,,,0.0,0.0
1788086720.14,0,00,99.99,,,,0.0,0.0
1788086721.14,0,00,99.99,,,,0.0,0.0
1788086722.14,0,00,99.99,,,,0.0,0.0
1788086723.14,0,00,99.99,,,,0.0,0.0
1788086724.14,0,00,99.99,,,,0.0,0.0
1788086725.14,0,00,99.99,,,,0.0,0.0
1788086726.14,0,00,99.99,,,,0.0,0.0
1788086727.14,0,00,99.99,,,,0.0,0.0
1788086728.14,0,00,99.99,,,,0.0,0.0
1788086729.13,0,00,99.99,,,,0.0,0.0
1788086730.13,0,00,99.99,,,,0.0,0.0
1788086731.13,0,00,99.99,,,,0.0,0.0
1788086732.13,0,00,99.99,,,,0.0,0.0
1788086733.14,0,00,99.99,,,,0.0,0.0
1788086734.14,0,00,99.99,,,,0.0,0.0
1788086735.14,0,00,99.99,,,,0.0,0.0
1788086736.14,0,00,99.99,,,,0.0,0.0
1788086737.13,0,00,99.99,,,,0.0,0.0
1788086738.13,0,00,99.99,,,,0.0,0.0
1788086739.13,0,00,99.99,,,,0.0,0.0
1788086740.13,0,00,99.99,,,,0.0,0.0
1788086741.13,0,00,99.99,,,,0.0,0.0
1788086742.13,0,00,99.99,,,,0.0,0.0
1788086743.13,0,00,99.99,,,,0.0,0.0
1788086744.13,0,00,99.99,,,,0.0,0.0
1788086745.14,0,00,99.99,,,,0.0,0.0
1788086746.13,0,00,99.99,,,,0.0,0.0
1788086747.13,0,00,99.99,,,,0.0,0.0
1788086748.13,0,00,99.99,,,,0.0,0.0
1788086749.13,0,00,99.99,,,,0.0,0.0
1788086750.13,0,00,99.99,,,,0.0,0.0
1788086751.13,0,00,99.99,,,,0.0,0.0
1788086752.13,0,00,99.99,,,,0.0,0.0
1788086753.13,0,00,99.99,,,,0.0,0.0
1788086754.13,0,00,99.99,,,,0.0,0.0
1788086755.13,0,00,99.99,,,,0.0,0.0
1788086756.13,0,00,99.99,,,,0.0,0.0
1788086757.13,0,00,99.99,,,,0.0,0.0
1788086758.14,0,00,99.99,,,,0.0,0.0
1788086759.14,0,00,99.99,,,,0.0,0.0
1788086760.14,0,00,99.99,,,,0.0,0.0
1788086761.13,0,00,99.99,,,,0.0,0.0
1788086762.13,0,00,99.99,,,,0.0,0.0
1788086763.13,0,00,99.99,,,,0.0,0.0
1788086764.13,0,00,99.99,,,,0.0,0.0
1788086765.14,0,00,99.99,,,,0.0,0.0
1788086766.13,0,00,99.99,,,,0.0,0.0
1788086767.14,0,00,99.99,,,,0.0,0.0
1788086768.13,0,00,99.99,,,,0.0,0.0
1788086769.13,0,00,99.99,,,,0.0,0.0
1788086770.13,0,00,99.99,,,,0.0,0.0
1788086771.13,0,00,99.99,,,,0.0,0.0
1788086772.13,0,00,99.99,,,,0.0,0.0
1788086773.13,0,00,99.99,,,,0.0,0.0
1788086774.14,0,00,99.99,,,,0.0,0.0
1788086775.13,0,00,99.99,,,,0.0,0.0
1788086776.14,0,00,99.99,,,,0.0,0.0
1788086777.14,0,00,99.99,,,,0.0,0.0
1788086778.13,0,00,99.99,,,,0.0,0.0
1788086779.13,0,00,99.99,,,,0.0,0.0
1788086780.13,0,00,99.99,,,,0.0,0.0
1788086781.13,0,00,99.99,,,,0.0,0.0
1788086782.13,0,00,99.99,,,,0.0,0.0
1788086783.13,0,00,99.99,,,,0.0,0.0
1788086784.13,0,00,99.99,,,,0.0,0.0
1788086785.13,0,00,99.99,,,,0.0,0.0
1788086786.13,0,00,99.99,,,,0.0,0.0
1788086787.13,0,00,99.99,,,,0.0,0.0
1788086788.13,0,00,99.99,,,,0.0,0.0
1788086789.13,0,00,99.99,,,,0.0,0.0
1788086790.13,0,00,99.99,,,,0.0,0.0
1788086791.13,0,00,99.99,,,,0.0,0.0
1788086792.13,0,00,99.99,,,,0.0,0.0
1788086793.13,0,00,99.99,,,,0.0,0.0
1788086794.13,0,00,99.99,,,,0.0,0.0
1788086795.13,0,00,99.99,,,,0.0,0.0
1788086796.13,0,00,99.99,,,,0.0,0.0
1788086797.14,0,00,99.99,,,,0.0,0.0
1788086798.13,0,00,99.99,,,,0.0,0.0
1788086799.14,0,00,99.99,,,,0.0,0.0
1788086800.14,0,00,99.99,,,,0.0,0.0
1788086801.13,0,00,99.99,,,,0.0,0.0
1788086802.13,0,00,99.99,,,,0.0,0.0
1788086803.13,0,00,99.99,,,,0.0,0.0
1788086804.13,0,00,99.99,,,,0.0,0.0
1788086805.13,0,00,99.99,,,,0.0,0.0
1788086806.13,0,00,99.99,,,,0.0,0.0
1788086807.13,0,00,99.99,,,,0.0,0.0
1788086808.13,0,00,99.99,,,,0.0,0.0
1788086809.13,0,00,99.99,,,,0.0,0.0
1788086810.13,0,00,99.99,,,,0.0,0.0
1788086811.13,0,00,99.99,,,,0.0,0.0
1788086812.13,0,00,99.99,,,,0.0,0.0
1788086813.13,0,00,99.99,,,,0.0,0.0
1788086814.13,0,00,99.99,,,,0.0,0.0
1788086815.13,0,00,99.99,,,,0.0,0.0
1788086816.13,0,00,99.99,,,,0.0,0.0
1788086817.13,0,00,99.99,,,,0.0,0.0
1788086818.13,0,00,99.99,,,,0.0,0.0
1788086819.13,0,00,99.99,,,,0.0,0.0
1788086820.13,0,00,99.99,,,,0.0,0.0
1788086821.13,0,00,99.99,,,,0.0,0.0
1788086822.13,0,00,99.99,,,,0.0,0.0
1788086823.13,0,00,99.99,,,,0.0,0.0
1788086824.13,0,00,99.99,,,,0.0,0.0
1788086825.13,0,00,99.99,,,,0.0,0.0
1788086826.13,0,00,99.99,,,,0.0,0.0
1788086827.13,0,00,99.99,,,,0.0,0.0
1788086828.13,0,00,99.99,,,,0.0,0.0
1788086829.13,0,00,99.99,,,,0.0,0.0
1788086830.13,0,00,99.99,,,,0.0,0.0
1788086831.13,0,00,99.99,,,,0.0,0.0
1788086832.13,0,00,99.99,,,,0.0,0.0
1788086833.13,0,00,99.99,,,,0.0,0.0
1788086834.13,0,00,99.99,,,,0.0,0.0
1788086835.13,0,00,99.99,,,,0.0,0.0
1788086836.13,0,00,99.99,,,,0.0,0.0
1788086837.13,0,00,99.99,,,,0.0,0.0
1788086838.13,0,00,99.99,,,,0.0,0.0
1788086839.13,0,00,99.99,,,,0.0,0.0
1788086840.13,0,00,99.99,,,,0.0,0.0
1788086841.13,0,00,99.99,,,,0.0,0.0
1788086842.13,0,00,99.99,,,,0.0,0.0
1788086843.13,0,00,99.99,,,,0.0,0.0
1788086844.13,0,00,99.99,,,,0.0,0.0
1788086845.13,0,00,99.99,,,,0.0,0.0
1788086846.13,0,00,99.99,,,,0.0,0.0
1788086847.13,0,00,99.99,,,,0.0,0.0
1788086848.13,0,00,99.99,,,,0.0,0.0
1788086849.13,0,00,99.99,,,,0.0,0.0
1788086850.13,0,00,99.99,,,,0.0,0.0
1788086851.13,0,00,99.99,,,,0.0,0.0
1788086852.13,0,00,99.99,,,,0.0,0.0
1788086853.13,0,00,99.99,,,,0.0,0.0
1788086854.13,0,00,99.99,,,,0.0,0.0
1788086855.13,0,00,99.99,,,,0.0,0.0
1788086856.13,0,00,99.99,,,,0.0,0.0
1788086857.13,0,00,99.99,,,,0.0,0.0
1788086858.13,0,00,99.99,,,,0.0,0.0
1788086859.13,0,00,99.99,,,,0.0,0.0
1788086860.13,0,00,99.99,,,,0.0,0.0
1788086861.13,0,00,99.99,,,,0.0,0.0
1788086862.13,0,00,99.99,,,,0.0,0.0
1788086863.13,0,00,99.99,,,,0.0,0.0
1788086864.14,0,00,99.99,,,,0.0,0.0
1788086865.13,0,00,99.99,,,,0.0,0.0
1788086866.13,0,00,99.99,,,,0.0,0.0
1788086867.13,0,00,99.99,,,,0.0,0.0
1788086868.13,0,00,99.99,,,,0.0,0.0
1788086869.13,0,00,99.99,,,,0.0,0.0
1788086870.13,0,00,99.99,,,,0.0,0.0
1788086871.13,0,00,99.99,,,,0.0,0.0
1788086872.14,0,00,99.99,,,,0.0,0.0
1788086873.13,0,00,99.99,,,,0.0,0.0
1788086874.13,0,00,99.99,,,,0.0,0.0
1788086875.13,0,00,99.99,,,,0.0,0.0
1788086876.13,0,00,99.99,,,,0.0,0.0
1788086877.13,0,00,99.99,,,,0.0,0.0
1788086878.13,0,00,99.99,,,,0.0,0.0
1788086879.13,0,00,99.99,,,,0.0,0.0
1788086880.13,0,00,99.99,,,,0.0,0.0
1788086881.13,0,00,99.99,,,,0.0,0.0
1788086882.13,0,00,99.99,,,,0.0,0.0
1788086883.13,0,00,99.99,,,,0.0,0.0
1788086884.13,0,00,99.99,,,,0.0,0.0
1788086885.13,0,00,99.99,,,,0.0,0.0
1788086886.13,0,00,99.99,,,,0.0,0.0
1788086887.13,0,00,99.99,,,,0.0,0.0
1788086888.13,0,00,99.99,,,,0.0,0.0
1788086889.14,0,00,99.99,,,,0.0,0.0
1788086890.14,0,00,99.99,,,,0.0,0.0
1788086891.14,0,00,99.99,,,,0.0,0.0
1788086892.13,0,00,99.99,,,,0.0,0.0
1788086893.13,0,00,99.99,,,,0.0,0.0
1788086894.13,0,00,99.99,,,,0.0,0.0
1788086895.13,0,00,99.99,,,,0.0,0.0
1788086896.13,0,00,99.99,,,,0.0,0.0
1788086897.13,0,00,99.99,,,,0.0,0.0
1788086898.13,0,00,99.99,,,,0.0,0.0
1788086899.13,0,00,99.99,,,,0.0,0.0
1788086900.13,0,00,99.99,,,,0.0,0.0
1788086901.13,0,00,99.99,,,,0.0,0.0
1788086902.13,0,00,99.99,,,,0.0,0.0
1788086903.13,0,00,99.99,,,,0.0,0.0
1788086904.13,0,00,99.99,,,,0.0,0.0
1788086905.13,0,00,99.99,,,,0.0,0.0
1788086906.13,0,00,99.99,,,,0.0,0.0
1788086907.13,0,00,99.99,,,,0.0,0.0
1788086908.13,0,00,99.99,,,,0.0,0.0
1788086909.13,0,00,99.99,,,,0.0,0.0
1788086910.13,0,00,99.99,,,,0.0,0.0
1788086911.13,0,00,99.99,,,,0.0,0.0
1788086912.13,0,00,99.99,,,,0.0,0.0
1788086913.13,0,00,99.99,,,,0.0,0.0
1788086914.13,0,00,99.99,,,,0.0,0.0
1788086915.13,0,00,99.99,,,,0.0,0.0
1788086916.13,0,00,99.99,,,,0.0,0.0
1788086917.13,0,00,99.99,,,,0.0,0.0
1788086918.13,0,00,99.99,,,,0.0,0.0
1788086919.13,0,00,99.99,,,,0.0,0.0
1788086920.13,0,00,99.99,,,,0.0,0.0
1788086921.13,0,00,99.99,,,,0.0,0.0
1788086922.13,0,00,99.99,,,,0.0,0.0
1788086923.13,0,00,99.99,,,,0.0,0.0
1788086924.14,0,00,99.99,,,,0.0,0.0
1788086925.13,0,00,99.99,,,,0.0,0.0
1788086926.14,0,00,99.99,,,,0.0,0.0
1788086927.14,0,00,99.99,,,,0.0,0.0
1788086928.13,0,00,99.99,,,,0.0,0.0
1788086929.13,0,00,99.99,,,,0.0,0.0
1788086930.13,0,00,99.99,,,,0.0,0.0
1788086931.14,0,00,99.99,,,,0.0,0.0
1788086932.14,0,00,99.99,,,,0.0,0.0
1788086933.13,0,00,99.99,,,,0.0,0.0
1788086934.13,0,00,99.99,,,,0.0,0.0
1788086935.13,0,00,99.99,,,,0.0,0.0
1788086936.13,0,00,99.99,,,,0.0,0.0
1788086937.13,0,00,99.99,,,,0.0,0.0
1788086938.14,0,00,99.99,,,,0.0,0.0
1788086939.14,0,00,99.99,,,,0.0,0.0
1788086940.13,0,00,99.99,,,,0.0,0.0
1788086941.13,0,00,99.99,,,,0.0,0.0
1788086942.14,0,00,99.99,,,,0.0,0.0
1788086943.13,0,00,99.99,,,,0.0,0.0
1788086944.14,0,00,99.99,,,,0.0,0.0
1788086945.13,0,00,99.99,,,,0.0,0.0
1788086946.13,0,00,99.99,,,,0.0,0.0
1788086947.13,0,00,99.99,,,,0.0,0.0
1788086948.13,0,00,99.99,,,,0.0,0.0
1788086949.13,0,00,99.99,,,,0.0,0.0
1788086950.13,0,00,99.99,,,,0.0,0.0
1788086951.13,0,00,99.99,,,,0.0,0.0
1788086952.13,0,00,99.99,,,,0.0,0.0
1788086953.13,0,00,99.99,,,,0.0,0.0
1788086954.13,0,00,99.99,,,,0.0,0.0
1788086955.13,0,00,99.99,,,,0.0,0.0
1788086956.13,0,00,99.99,,,,0.0,0.0
1788086957.13,0,00,99.99,,,,0.0,0.0
1788086958.13,0,00,99.99,,,,0.0,0.0
1788086959.13,0,00,99.99,,,,0.0,0.0
1788086960.13,0,00,99.99,,,,0.0,0.0
1788086961.13,0,00,99.99,,,,0.0,0.0
1788086962.13,0,00,99.99,,,,0.0,0.0
1788086963.13,0,00,99.99,,,,0.0,0.0
1788086964.13,0,00,99.99,,,,0.0,0.0
1788086965.13,0,00,99.99,,,,0.0,0.0
1788086966.13,0,00,99.99,,,,0.0,0.0
1788086967.14,0,00,99.99,,,,0.0,0.0
1788086968.14,0,00,99.99,,,,0.0,0.0
1788086969.14,0,00,99.99,,,,0.0,0.0
1788086970.14,0,00,99.99,,,,0.0,0.0
1788086971.14,0,00,99.99,,,,0.0,0.0
1788086972.14,0,00,99.99,,,,0.0,0.0
1788086973.14,0,00,99.99,,,,0.0,0.0
1788086974.14,0,00,99.99,,,,0.0,0.0
1788086975.14,0,00,99.99,,,,0.0,0.0
1788086976.14,0,00,99.99,,,,0.0,0.0
1788086977.14,0,00,99.99,,,,0.0,0.0
1788086978.14,0,00,99.99,,,,0.0,0.0
1788086979.14,0,00,99.99,,,,0.0,0.0
1788086980.14,0,00,99.99,,,,0.0,0.0
1788086981.14,0,00,99.99,,,,0.0,0.0
1788086982.14,0,00,99.99,,,,0.0,0.0
1788086983.14,0,00,99.99,,,,0.0,0.0
1788086984.14,0,00,99.99,,,,0.0,0.0
1788086985.14,0,00,99.99,,,,0.0,0.0
1788086986.14,0,00,99.99,,,,0.0,0.0
1788086987.14,0,00,99.99,,,,0.0,0.0
1788086988.14,0,00,99.99,,,,0.0,0.0
1788086989.14,0,00,99.99,,,,0.0,0.0
1788086990.13,0,00,99.99,,,,0.0,0.0
1788086991.13,0,00,99.99,,,,0.0,0.0
1788086992.13,0,00,99.99,,,,0.0,0.0
1788086993.13,0,00,99.99,,,,0.0,0.0
1788086994.13,0,00,99.99,,,,0.0,0.0
1788086995.13,0,00,99.99,,,,0.0,0.0
1788086996.14,0,00,99.99,,,,0.0,0.0
1788086997.14,0,00,99.99,,,,0.0,0.0
1788086998.14,0,00,99.99,,,,0.0,0.0
1788086999.14,0,00,99.99,,,,0.0,0.0
1788087000.13,0,00,99.99,,,,0.0,0.0
1788087001.14,0,00,99.99,,,,0.0,0.0
1788087002.13,0,00,99.99,,,,0.0,0.0
1788087003.14,0,00,99.99,,,,0.0,0.0
1788087004.14,0,00,99.99,,,,0.0,0.0
1788087005.13,0,00,99.99,,,,0.0,0.0
1788087006.13,0,00,99.99,,,,0.0,0.0
1788087007.13,0,00,99.99,,,,0.0,0.0
1788087008.13,0,00,99.99,,,,0.0,0.0
1788087009.13,0,00,99.99,,,,0.0,0.0
1788087010.13,0,00,99.99,,,,0.0,0.0
1788087011.13,0,00,99.99,,,,0.0,0.0
1788087012.13,0,00,99.99,,,,0.0,0.0
1788087013.13,0,00,99.99,,,,0.0,0.0
1788087014.13,0,00,99.99,,,,0.0,0.0
1788087015.13,0,00,99.99,,,,0.0,0.0
1788087016.13,0,00,99.99,,,,0.0,0.0
1788087017.13,0,00,99.99,,,,0.0,0.0
1788087018.13,0,00,99.99,,,,0.0,0.0
1788087019.13,0,00,99.99,,,,0.0,0.0
1788087020.13,0,00,99.99,,,,0.0,0.0
1788087021.13,0,00,99.99,,,,0.0,0.0
1788087022.13,0,00,99.99,,,,0.0,0.0
1788087023.13,0,00,99.99,,,,0.0,0.0
1788087024.13,0,00,99.99,,,,0.0,0.0
1788087025.13,0,00,99.99,,,,0.0,0.0
1788087026.13,0,00,99.99,,,,0.0,0.0
1788087027.13,0,00,99.99,,,,0.0,0.0
1788087028.13,0,00,99.99,,,,0.0,0.0
1788087029.13,0,00,99.99,,,,0.0,0.0
1788087030.13,0,00,99.99,,,,0.0,0.0
1788087031.13,0,00,99.99,,,,0.0,0.0
1788087032.13,0,00,99.99,,,,0.0,0.0
1788087033.13,0,00,99.99,,,,0.0,0.0
1788087034.13,0,00,99.99,,,,0.0,0.0
1788087035.13,0,00,99.99,,,,0.0,0.0
1788087036.13,0,00,99.99,,,,0.0,0.0
1788087037.13,0,00,99.99,,,,0.0,0.0
1788087038.13,0,00,99.99,,,,0.0,0.0
1788087039.13,0,00,99.99,,,,0.0,0.0
1788087040.13,0,00,99.99,,,,0.0,0.0
1788087041.13,0,00,99.99,,,,0.0,0.0
1788087042.13,0,00,99.99,,,,0.0,0.0
1788087043.13,0,00,99.99,,,,0.0,0.0
1788087044.13,0,00,99.99,,,,0.0,0.0
1788087045.12,0,00,99.99,,,,0.0,0.0
1788087046.13,0,00,99.99,,,,0.0,0.0
1788087047.12,0,00,99.99,,,,0.0,0.0
1788087048.13,0,00,99.99,,,,0.0,0.0
1788087049.13,0,00,99.99,,,,0.0,0.0
1788087050.13,0,00,99.99,,,,0.0,0.0
1788087051.13,0,00,99.99,,,,0.0,0.0
1788087052.12,0,00,99.99,,,,0.0,0.0
1788087053.13,0,00,99.99,,,,0.0,0.0
1788087054.13,0,00,99.99,,,,0.0,0.0
1788087055.13,0,00,99.99,,,,0.0,0.0
1788087056.13,0,00,99.99,,,,0.0,0.0
1788087057.13,0,00,99.99,,,,0.0,0.0
1788087058.13,0,00,99.99,,,,0.0,0.0
1788087059.13,0,00,99.99,,,,0.0,0.0
1788087060.13,0,00,99.99,,,,0.0,0.0
1788087061.13,0,00,99.99,,,,0.0,0.0
1788087062.13,0,00,99.99,,,,0.0,0.0
1788087063.13,0,00,99.99,,,,0.0,0.0
1788087064.14,0,00,99.99,,,,0.0,0.0
1788087065.13,0,00,99.99,,,,0.0,0.0
1788087066.13,0,00,99.99,,,,0.0,0.0
1788087067.13,0,00,99.99,,,,0.0,0.0
1788087068.13,0,00,99.99,,,,0.0,0.0
1788087069.13,0,00,99.99,,,,0.0,0.0
1788087070.13,0,00,99.99,,,,0.0,0.0
1788087071.14,0,00,99.99,,,,0.0,0.0
1788087072.13,0,00,99.99,,,,0.0,0.0
1788087073.13,0,00,99.99,,,,0.0,0.0
1788087074.13,0,00,99.99,,,,0.0,0.0
1788087075.13,0,00,99.99,,,,0.0,0.0
1788087076.13,0,00,99.99,,,,0.0,0.0
1788087077.13,0,00,99.99,,,,0.0,0.0
1788087078.13,0,00,99.99,,,,0.0,0.0
1788087079.13,0,00,99.99,,,,0.0,0.0
1788087080.13,0,00,99.99,,,,0.0,0.0
1788087081.13,0,00,99.99,,,,0.0,0.0
1788087082.13,0,00,99.99,,,,0.0,0.0
1788087083.13,0,00,99.99,,,,0.0,0.0
1788087084.12,0,00,99.99,,,,0.0,0.0
1788087085.13,0,00,99.99,,,,0.0,0.0
1788087086.13,0,00,99.99,,,,0.0,0.0
1788087087.13,0,00,99.99,,,,0.0,0.0
1788087088.13,0,00,99.99,,,,0.0,0.0
1788087089.13,0,00,99.99,,,,0.0,0.0
1788087090.13,0,00,99.99,,,,0.0,0.0
1788087091.13,0,00,99.99,,,,0.0,0.0
1788087092.13,0,00,99.99,,,,0.0,0.0
1788087093.13,0,00,99.99,,,,0.0,0.0
1788087094.13,0,00,99.99,,,,0.0,0.0
1788087095.13,0,00,99.99,,,,0.0,0.0
1788087096.13,0,00,99.99,,,,0.0,0.0
1788087097.13,0,00,99.99,,,,0.0,0.0
1788087098.13,0,00,99.99,,,,0.0,0.0
1788087099.13,0,00,99.99,,,,0.0,0.0
1788087100.13,0,00,99.99,,,,0.0,0.0
1788087101.13,0,00,99.99,,,,0.0,0.0
1788087102.13,0,00,99.99,,,,0.0,0.0
1788087103.13,0,00,99.99,,,,0.0,0.0
1788087104.13,0,00,99.99,,,,0.0,0.0
1788087105.13,0,00,99.99,,,,0.0,0.0
1788087106.13,0,00,99.99,,,,0.0,0.0
1788087107.13,0,00,99.99,,,,0.0,0.0
1788087108.13,0,00,99.99,,,,0.0,0.0
1788087109.13,0,00,99.99,,,,0.0,0.0
1788087110.13,0,00,99.99,,,,0.0,0.0
1788087111.13,0,00,99.99,,,,0.0,0.0
1788087112.13,0,00,99.99,,,,0.0,0.0
1788087113.12,0,00,99.99,,,,0.0,0.0
1788087114.13,0,00,99.99,,,,0.0,0.0
1788087115.13,0,00,99.99,,,,0.0,0.0
1788087116.14,0,00,99.99,,,,0.0,0.0
1788087117.13,0,00,99.99,,,,0.0,0.0
1788087118.13,0,00,99.99,,,,0.0,0.0
1788087119.13,0,00,99.99,,,,0.0,0.0
1788087120.13,0,00,99.99,,,,0.0,0.0
1788087121.13,0,00,99.99,,,,0.0,0.0
1788087122.13,0,00,99.99,,,,0.0,0.0
1788087123.13,0,00,99.99,,,,0.0,0.0
1788087124.13,0,00,99.99,,,,0.0,0.0
1788087125.13,0,00,99.99,,,,0.0,0.0
1788087126.13,0,00,99.99,,,,0.0,0.0
1788087127.13,0,00,99.99,,,,0.0,0.0
1788087128.13,0,00,99.99,,,,0.0,0.0
1788087129.13,0,00,99.99,,,,0.0,0.0
1788087130.13,0,00,99.99,,,,0.0,0.0
1788087131.14,0,00,99.99,,,,0.0,0.0
1788087132.13,0,00,99.99,,,,0.0,0.0
1788087133.14,0,00,99.99,,,,0.0,0.0
1788087134.14,0,00,99.99,,,,0.0,0.0
1788087135.13,0,00,99.99,,,,0.0,0.0
1788087136.13,0,00,99.99,,,,0.0,0.0
1788087137.14,0,00,99.99,,,,0.0,0.0
1788087138.13,0,00,99.99,,,,0.0,0.0
1788087139.13,0,00,99.99,,,,0.0,0.0
1788087140.13,0,00,99.99,,,,0.0,0.0
1788087141.13,0,00,99.99,,,,0.0,0.0
1788087142.13,0,00,99.99,,,,0.0,0.0
1788087143.13,0,00,99.99,,,,0.0,0.0
1788087144.13,0,00,99.99,,,,0.0,0.0
1788087145.13,0,00,99.99,,,,0.0,0.0
1788087146.13,0,00,99.99,,,,0.0,0.0
1788087147.13,0,00,99.99,,,,0.0,0.0
1788087148.13,0,00,99.99,,,,0.0,0.0
1788087149.13,0,00,99.99,,,,0.0,0.0
1788087150.13,0,00,99.99,,,,0.0,0.0
1788087151.13,0,00,99.99,,,,0.0,0.0
1788087152.13,0,00,99.99,,,,0.0,0.0
1788087153.13,0,00,99.99,,,,0.0,0.0
1788087154.13,0,00,99.99,,,,0.0,0.0
1788087155.13,0,00,99.99,,,,0.0,0.0
1788087156.13,0,00,99.99,,,,0.0,0.0
1788087157.13,0,00,99.99,,,,0.0,0.0
1788087158.13,0,00,99.99,,,,0.0,0.0
1788087159.13,0,00,99.99,,,,0.0,0.0
1788087160.13,0,00,99.99,,,,0.0,0.0
1788087161.13,0,00,99.99,,,,0.0,0.0
1788087162.13,0,00,99.99,,,,0.0,0.0
1788087163.13,0,00,99.99,,,,0.0,0.0
1788087164.13,0,00,99.99,,,,0.0,0.0
1788087165.13,0,00,99.99,,,,0.0,0.0
1788087166.13,0,00,99.99,,,,0.0,0.0
1788087167.13,0,00,99.99,,,,0.0,0.0
1788087168.13,0,00,99.99,,,,0.0,0.0
1788087169.13,0,00,99.99,,,,0.0,0.0
1788087170.13,0,00,99.99,,,,0.0,0.0
1788087171.13,0,00,99.99,,,,0.0,0.0
1788087172.13,0,00,99.99,,,,0.0,0.0
1788087173.13,0,00,99.99,,,,0.0,0.0
1788087174.13,0,00,99.99,,,,0.0,0.0
1788087175.13,0,00,99.99,,,,0.0,0.0
1788087176.13,0,00,99.99,,,,0.0,0.0
1788087177.13,0,00,99.99,,,,0.0,0.0
1788087178.13,0,00,99.99,,,,0.0,0.0
1788087179.13,0,00,99.99,,,,0.0,0.0
1788087180.13,0,00,99.99,,,,0.0,0.0
1788087181.13,0,00,99.99,,,,0.0,0.0
1788087182.13,0,00,99.99,,,,0.0,0.0
1788087183.13,0,00,99.99,,,,0.0,0.0
1788087184.13,0,00,99.99,,,,0.0,0.0
1788087185.13,0,00,99.99,,,,0.0,0.0
1788087186.13,0,00,99.99,,,,0.0,0.0
1788087187.13,0,00,99.99,,,,0.0,0.0
1788087188.13,0,00,99.99,,,,0.0,0.0
1788087189.13,0,00,99.99,,,,0.0,0.0
1788087190.13,0,00,99.99,,,,0.0,0.0
1788087191.13,0,00,99.99,,,,0.0,0.0
1788087192.13,0,00,99.99,,,,0.0,0.0
1788087193.13,0,00,99.99,,,,0.0,0.0
1788087194.14,0,00,99.99,,,,0.0,0.0
1788087195.14,0,00,99.99,,,,0.0,0.0
1788087196.14,0,00,99.99,,,,0.0,0.0
1788087197.14,0,00,99.99,,,,0.0,0.0
1788087198.14,0,00,99.99,,,,0.0,0.0
1788087199.14,0,00,99.99,,,,0.0,0.0
1788087200.14,0,00,99.99,,,,0.0,0.0
1788087201.14,0,00,99.99,,,,0.0,0.0
1788087202.14,0,00,99.99,,,,0.0,0.0
1788087203.14,0,00,99.99,,,,0.0,0.0
1788087204.14,0,00,99.99,,,,0.0,0.0
1788087205.14,0,00,99.99,,,,0.0,0.0
1788087206.13,0,00,99.99,,,,0.0,0.0
1788087207.14,0,00,99.99,,,,0.0,0.0
1788087208.14,0,00,99.99,,,,0.0,0.0
1788087209.14,0,00,99.99,,,,0.0,0.0
1788087210.14,0,00,99.99,,,,0.0,0.0
1788087211.14,0,00,99.99,,,,0.0,0.0
1788087212.14,0,00,99.99,,,,0.0,0.0
1788087213.14,0,00,99.99,,,,0.0,0.0
1788087214.14,0,00,99.99,,,,0.0,0.0
1788087215.14,0,00,99.99,,,,0.0,0.0
1788087216.14,0,00,99.99,,,,0.0,0.0
1788087217.14,0,00,99.99,,,,0.0,0.0
1788087218.14,0,00,99.99,,,,0.0,0.0
1788087219.13,0,00,99.99,,,,0.0,0.0
1788087220.14,0,00,99.99,,,,0.0,0.0
1788087221.14,0,00,99.99,,,,0.0,0.0
1788087222.14,0,00,99.99,,,,0.0,0.0
1788087223.14,0,00,99.99,,,,0.0,0.0
1788087224.14,0,00,99.99,,,,0.0,0.0
1788087225.14,0,00,99.99,,,,0.0,0.0
1788087226.14,0,00,99.99,,,,0.0,0.0
1788087227.14,0,00,99.99,,,,0.0,0.0
1788087228.14,0,00,99.99,,,,0.0,0.0
1788087229.14,0,00,99.99,,,,0.0,0.0
1788087230.14,0,00,99.99,,,,0.0,0.0
1788087231.14,0,00,99.99,,,,0.0,0.0
1788087232.14,0,00,99.99,,,,0.0,0.0
1788087233.13,0,00,99.99,,,,0.0,0.0
1788087234.13,0,00,99.99,,,,0.0,0.0
1788087235.13,0,00,99.99,,,,0.0,0.0
1788087236.13,0,00,99.99,,,,0.0,0.0
1788087237.13,0,00,99.99,,,,0.0,0.0
1788087238.13,0,00,99.99,,,,0.0,0.0
1788087239.13,0,00,99.99,,,,0.0,0.0
1788087240.14,0,00,99.99,,,,0.0,0.0
1788087241.13,0,00,99.99,,,,0.0,0.0
1788087242.13,0,00,99.99,,,,0.0,0.0
1788087243.13,0,00,99.99,,,,0.0,0.0
1788087244.13,0,00,99.99,,,,0.0,0.0
1788087245.13,0,00,99.99,,,,0.0,0.0
1788087246.13,0,00,99.99,,,,0.0,0.0
1788087247.14,0,00,99.99,,,,0.0,0.0
1788087248.13,0,00,99.99,,,,0.0,0.0
1788087249.13,0,00,99.99,,,,0.0,0.0
1788087250.14,0,00,99.99,,,,0.0,0.0
1788087251.13,0,00,99.99,,,,0.0,0.0
1788087252.13,0,00,99.99,,,,0.0,0.0
1788087253.13,0,00,99.99,,,,0.0,0.0
1788087254.14,0,00,99.99,,,,0.0,0.0
1788087255.13,0,00,99.99,,,,0.0,0.0
1788087256.14,0,00,99.99,,,,0.0,0.0
1788087257.14,0,00,99.99,,,,0.0,0.0
1788087258.14,0,00,99.99,,,,0.0,0.0
1788087259.14,0,00,99.99,,,,0.0,0.0
1788087260.14,0,00,99.99,,,,0.0,0.0
1788087261.13,0,00,99.99,,,,0.0,0.0
1788087262.13,0,00,99.99,,,,0.0,0.0
1788087263.14,0,00,99.99,,,,0.0,0.0
1788087264.14,0,00,99.99,,,,0.0,0.0
1788087265.14,0,00,99.99,,,,0.0,0.0
1788087266.14,0,00,99.99,,,,0.0,0.0
1788087267.14,0,00,99.99,,,,0.0,0.0
1788087268.14,0,00,99.99,,,,0.0,0.0
1788087269.13,0,00,99.99,,,,0.0,0.0
1788087270.13,0,00,99.99,,,,0.0,0.0
1788087271.13,0,00,99.99,,,,0.0,0.0
1788087272.13,0,00,99.99,,,,0.0,0.0
1788087273.13,0,00,99.99,,,,0.0,0.0
1788087274.14,0,00,99.99,,,,0.0,0.0
1788087275.13,0,00,99.99,,,,0.0,0.0
1788087276.13,0,00,99.99,,,,0.0,0.0
1788087277.14,0,00,99.99,,,,0.0,0.0
1788087278.14,0,00,99.99,,,,0.0,0.0
1788087279.14,0,00,99.99,,,,0.0,0.0
1788087280.14,0,00,99.99,,,,0.0,0.0
1788087281.14,0,00,99.99,,,,0.0,0.0
1788087282.14,0,00,99.99,,,,0.0,0.0
1788087283.14,0,00,99.99,,,,0.0,0.0
1788087284.14,0,00,99.99,,,,0.0,0.0
1788087285.14,0,00,99.99,,,,0.0,0.0
1788087286.14,0,00,99.99,,,,0.0,0.0
1788087287.14,0,00,99.99,,,,0.0,0.0
1788087288.14,0,00,99.99,,,,0.0,0.0
1788087289.14,0,00,99.99,,,,0.0,0.0
1788087290.14,0,00,99.99,,,,0.0,0.0
1788087291.14,0,00,99.99,,,,0.0,0.0
1788087292.13,0,00,99.99,,,,0.0,0.0
1788087293.13,0,00,99.99,,,,0.0,0.0
1788087294.14,0,00,99.99,,,,0.0,0.0
1788087295.13,0,00,99.99,,,,0.0,0.0
1788087296.13,0,00,99.99,,,,0.0,0.0
1788087297.13,0,00,99.99,,,,0.0,0.0
1788087298.13,0,00,99.99,,,,0.0,0.0
1788087299.14,0,00,99.99,,,,0.0,0.0
1788087300.14,0,00,99.99,,,,0.0,0.0
1788087301.14,0,00,99.99,,,,0.0,0.0
1788087302.14,0,00,99.99,,,,0.0,0.0
1788087303.14,0,00,99.99,,,,0.0,0.0
1788087304.14,0,00,99.99,,,,0.0,0.0
1788087305.14,0,00,99.99,,,,0.0,0.0
1788087306.14,0,00,99.99,,,,0.0,0.0
1788087307.14,0,00,99.99,,,,0.0,0.0
1788087308.14,0,00,99.99,,,,0.0,0.0
1788087309.14,0,00,99.99,,,,0.0,0.0
1788087310.14,0,00,99.99,,,,0.0,0.0
1788087311.14,0,00,99.99,,,,0.0,0.0
1788087312.14,0,00,99.99,,,,0.0,0.0
1788087313.14,0,00,99.99,,,,0.0,0.0
1788087314.14,0,00,99.99,,,,0.0,0.0
1788087315.14,0,00,99.99,,,,0.0,0.0
1788087316.14,0,00,99.99,,,,0.0,0.0
1788087317.14,0,00,99.99,,,,0.0,0.0
1788087318.14,0,00,99.99,,,,0.0,0.0
1788087319.14,0,00,99.99,,,,0.0,0.0
1788087320.14,0,00,99.99,,,,0.0,0.0
1788087321.13,0,00,99.99,,,,0.0,0.0
1788087322.13,0,00,99.99,,,,0.0,0.0
1788087323.14,0,00,99.99,,,,0.0,0.0
1788087324.13,0,00,99.99,,,,0.0,0.0
1788087325.14,0,00,99.99,,,,0.0,0.0
1788087326.14,0,00,99.99,,,,0.0,0.0
1788087327.13,0,00,99.99,,,,0.0,0.0
1788087328.14,0,00,99.99,,,,0.0,0.0
1788087329.14,0,00,99.99,,,,0.0,0.0
1788087330.14,0,00,99.99,,,,0.0,0.0
1788087331.13,0,00,99.99,,,,0.0,0.0
1788087332.14,0,00,99.99,,,,0.0,0.0
1788087333.14,0,00,99.99,,,,0.0,0.0
1788087334.13,0,00,99.99,,,,0.0,0.0
1788087335.14,0,00,99.99,,,,0.0,0.0
1788087336.14,0,00,99.99,,,,0.0,0.0
1788087337.14,0,00,99.99,,,,0.0,0.0
1788087338.14,0,00,99.99,,,,0.0,0.0
1788087339.14,0,00,99.99,,,,0.0,0.0
1788087340.14,0,00,99.99,,,,0.0,0.0
1788087341.14,0,00,99.99,,,,0.0,0.0
1788087342.14,0,00,99.99,,,,0.0,0.0
1788087343.14,0,00,99.99,,,,0.0,0.0
1788087344.14,0,00,99.99,,,,0.0,0.0
1788087345.14,0,00,99.99,,,,0.0,0.0
1788087346.14,0,00,99.99,,,,0.0,0.0
1788087347.14,0,00,99.99,,,,0.0,0.0
1788087348.14,0,00,99.99,,,,0.0,0.0
1788087349.14,0,00,99.99,,,,0.0,0.0
1788087350.14,0,00,99.99,,,,0.0,0.0
1788087351.14,0,00,99.99,,,,0.0,0.0
1788087352.14,0,00,99.99,,,,0.0,0.0
1788087353.14,0,00,99.99,,,,0.0,0.0
1788087354.14,0,00,99.99,,,,0.0,0.0
1788087355.14,0,00,99.99,,,,0.0,0.0
1788087356.14,0,00,99.99,,,,0.0,0.0
1788087357.14,0,00,99.99,,,,0.0,0.0
1788087358.14,0,00,99.99,,,,0.0,0.0
1788087359.14,0,00,99.99,,,,0.0,0.0
1788087360.14,0,00,99.99,,,,0.0,0.0
1788087361.14,0,00,99.99,,,,0.0,0.0
1788087362.14,0,00,99.99,,,,0.0,0.0
1788087363.14,0,00,99.99,,,,0.0,0.0
1788087364.14,0,00,99.99,,,,0.0,0.0
1788087365.14,0,00,99.99,,,,0.0,0.0
1788087366.14,0,00,99.99,,,,0.0,0.0
1788087367.14,0,00,99.99,,,,0.0,0.0
1788087368.14,0,00,99.99,,,,0.0,0.0
1788087369.14,0,00,99.99,,,,0.0,0.0
1788087370.14,0,00,99.99,,,,0.0,0.0
1788087371.14,0,00,99.99,,,,0.0,0.0
1788087372.14,0,00,99.99,,,,0.0,0.0
1788087373.14,0,00,99.99,,,,0.0,0.0
1788087374.14,0,00,99.99,,,,0.0,0.0
1788087375.14,0,00,99.99,,,,0.0,0.0
1788087376.14,0,00,99.99,,,,0.0,0.0
1788087377.14,0,00,99.99,,,,0.0,0.0
1788087378.14,0,00,99.99,,,,0.0,0.0
1788087379.14,0,00,99.99,,,,0.0,0.0
1788087380.14,0,00,99.99,,,,0.0,0.0
1788087381.14,0,00,99.99,,,,0.0,0.0
1788087382.14,0,00,99.99,,,,0.0,0.0
1788087383.14,0,00,99.99,,,,0.0,0.0
1788087384.14,0,00,99.99,,,,0.0,0.0
1788087385.14,0,00,99.99,,,,0.0,0.0
1788087386.14,0,00,99.99,,,,0.0,0.0
1788087387.14,0,00,99.99,,,,0.0,0.0
1788087388.14,0,00,99.99,,,,0.0,0.0
1788087389.14,0,00,99.99,,,,0.0,0.0
1788087390.14,0,00,99.99,,,,0.0,0.0
1788087391.14,0,00,99.99,,,,0.0,0.0
1788087392.14,0,00,99.99,,,,0.0,0.0
1788087393.14,0,00,99.99,,,,0.0,0.0
1788087394.14,0,00,99.99,,,,0.0,0.0
1788087395.14,0,00,99.99,,,,0.0,0.0
1788087396.14,0,00,99.99,,,,0.0,0.0
1788087397.14,0,00,99.99,,,,0.0,0.0
1788087398.14,0,00,99.99,,,,0.0,0.0
1788087399.14,0,00,99.99,,,,0.0,0.0
1788087400.14,0,00,99.99,,,,0.0,0.0
1788087401.14,0,00,99.99,,,,0.0,0.0
1788087402.14,0,00,99.99,,,,0.0,0.0
1788087403.14,0,00,99.99,,,,0.0,0.0
1788087404.14,0,00,99.99,,,,0.0,0.0
1788087405.14,0,00,99.99,,,,0.0,0.0
1788087406.14,0,00,99.99,,,,0.0,0.0
1788087407.15,0,00,99.99,,,,0.0,0.0
1788087408.15,0,00,99.99,,,,0.0,0.0
1788087409.14,0,00,99.99,,,,0.0,0.0
1788087410.14,0,00,99.99,,,,0.0,0.0
1788087411.14,0,00,99.99,,,,0.0,0.0
1788087412.15,0,00,99.99,,,,0.0,0.0
1788087413.15,0,00,99.99,,,,0.0,0.0
1788087414.14,0,00,99.99,,,,0.0,0.0
1788087415.14,0,00,99.99,,,,0.0,0.0
1788087416.14,0,00,99.99,,,,0.0,0.0
1788087417.14,0,00,99.99,,,,0.0,0.0
1788087418.15,0,00,99.99,,,,0.0,0.0
1788087419.15,0,00,99.99,,,,0.0,0.0
1788087420.15,0,00,99.99,,,,0.0,0.0
1788087421.14,0,00,99.99,,,,0.0,0.0
1788087422.14,0,00,99.99,,,,0.0,0.0
1788087423.14,0,00,99.99,,,,0.0,0.0
1788087424.15,0,00,99.99,,,,0.0,0.0
1788087425.15,0,00,99.99,,,,0.0,0.0
1788087426.14,0,00,99.99,,,,0.0,0.0
1788087427.15,0,00,99.99,,,,0.0,0.0
1788087428.15,0,00,99.99,,,,0.0,0.0
1788087429.14,0,00,99.99,,,,0.0,0.0
1788087430.15,0,00,99.99,,,,0.0,0.0
1788087431.15,0,00,99.99,,,,0.0,0.0
1788087432.15,0,00,99.99,,,,0.0,0.0
1788087433.15,0,00,99.99,,,,0.0,0.0
1788087434.15,0,00,99.99,,,,0.0,0.0
1788087435.15,0,00,99.99,,,,0.0,0.0
1788087436.15,0,00,99.99,,,,0.0,0.0
1788087437.15,0,00,99.99,,,,0.0,0.0
1788087438.14,0,00,99.99,,,,0.0,0.0
1788087439.14,0,00,99.99,,,,0.0,0.0
1788087440.14,0,00,99.99,,,,0.0,0.0
1788087441.14,0,00,99.99,,,,0.0,0.0
1788087442.15,0,00,99.99,,,,0.0,0.0
1788087443.15,0,00,99.99,,,,0.0,0.0
1788087444.15,0,00,99.99,,,,0.0,0.0
1788087445.15,0,00,99.99,,,,0.0,0.0
1788087446.14,0,00,99.99,,,,0.0,0.0
1788087447.14,0,00,99.99,,,,0.0,0.0
1788087448.15,0,00,99.99,,,,0.0,0.0
1788087449.15,0,00,99.99,,,,0.0,0.0
1788087450.15,0,00,99.99,,,,0.0,0.0
1788087451.15,0,00,99.99,,,,0.0,0.0
1788087452.15,0,00,99.99,,,,0.0,0.0
1788087453.15,0,00,99.99,,,,0.0,0.0
1788087454.15,0,00,99.99,,,,0.0,0.0
1788087455.15,0,00,99.99,,,,0.0,0.0
1788087456.15,0,00,99.99,,,,0.0,0.0
1788087457.15,0,00,99.99,,,,0.0,0.0
1788087458.15,0,00,99.99,,,,0.0,0.0
1788087459.15,0,00,99.99,,,,0.0,0.0
1788087460.15,0,00,99.99,,,,0.0,0.0
1788087461.15,0,00,99.99,,,,0.0,0.0
1788087462.15,0,00,99.99,,,,0.0,0.0
1788087463.15,0,00,99.99,,,,0.0,0.0
1788087464.15,0,00,99.99,,,,0.0,0.0
1788087465.15,0,00,99.99,,,,0.0,0.0
1788087466.15,0,00,99.99,,,,0.0,0.0
1788087467.15,0,00,99.99,,,,0.0,0.0
1788087468.15,0,00,99.99,,,,0.0,0.0
1788087469.15,0,00,99.99,,,,0.0,0.0
1788087470.15,0,00,99.99,,,,0.0,0.0
1788087471.15,0,00,99.99,,,,0.0,0.0
1788087472.15,0,00,99.99,,,,0.0,0.0
1788087473.15,0,00,99.99,,,,0.0,0.0
1788087474.15,0,00,99.99,,,,0.0,0.0
1788087475.15,0,00,99.99,,,,0.0,0.0
1788087476.15,0,00,99.99,,,,0.0,0.0
1788087477.15,0,00,99.99,,,,0.0,0.0
1788087478.14,0,00,99.99,,,,0.0,0.0
1788087479.14,0,00,99.99,,,,0.0,0.0
1788087480.14,0,00,99.99,,,,0.0,0.0
1788087481.14,0,00,99.99,,,,0.0,0.0
1788087482.14,0,00,99.99,,,,0.0,0.0
1788087483.14,0,00,99.99,,,,0.0,0.0
1788087484.14,0,00,99.99,,,,0.0,0.0
1788087485.14,0,00,99.99,,,,0.0,0.0
1788087486.15,0,00,99.99,,,,0.0,0.0
1788087487.15,0,00,99.99,,,,0.0,0.0
1788087488.15,0,00,99.99,,,,0.0,0.0
1788087489.15,0,00,99.99,,,,0.0,0.0
1788087490.15,0,00,99.99,,,,0.0,0.0
1788087491.15,0,00,99.99,,,,0.0,0.0
1788087492.15,0,00,99.99,,,,0.0,0.0
1788087493.15,0,00,99.99,,,,0.0,0.0
1788087494.15,0,00,99.99,,,,0.0,0.0
1788087495.15,0,00,99.99,,,,0.0,0.0
1788087496.15,0,00,99.99,,,,0.0,0.0
1788087497.15,0,00,99.99,,,,0.0,0.0
1788087498.15,0,00,99.99,,,,0.0,0.0
1788087499.15,0,00,99.99,,,,0.0,0.0
1788087500.15,0,00,99.99,,,,0.0,0.0
1788087501.14,0,00,99.99,,,,0.0,0.0
1788087502.15,0,00,99.99,,,,0.0,0.0
1788087503.14,0,00,99.99,,,,0.0,0.0
1788087504.14,0,00,99.99,,,,0.0,0.0
1788087505.14,0,00,99.99,,,,0.0,0.0
1788087506.14,0,00,99.99,,,,0.0,0.0
1788087507.14,0,00,99.99,,,,0.0,0.0
1788087508.14,0,00,99.99,,,,0.0,0.0
1788087509.14,0,00,99.99,,,,0.0,0.0
1788087510.14,0,00,99.99,,,,0.0,0.0
1788087511.14,0,00,99.99,,,,0.0,0.0
1788087512.14,0,00,99.99,,,,0.0,0.0
1788087513.14,0,00,99.99,,,,0.0,0.0
1788087514.14,0,00,99.99,,,,0.0,0.0
1788087515.14,0,00,99.99,,,,0.0,0.0
1788087516.14,0,00,99.99,,,,0.0,0.0
1788087517.14,0,00,99.99,,,,0.0,0.0
1788087518.14,0,00,99.99,,,,0.0,0.0
1788087519.14,0,00,99.99,,,,0.0,0.0
1788087520.14,0,00,99.99,,,,0.0,0.0
1788087521.14,0,00,99.99,,,,0.0,0.0
1788087522.14,0,00,99.99,,,,0.0,0.0
1788087523.15,0,00,99.99,,,,0.0,0.0
1788087524.14,0,00,99.99,,,,0.0,0.0
1788087525.14,0,00,99.99,,,,0.0,0.0
1788087526.14,0,00,99.99,,,,0.0,0.0
1788087527.14,0,00,99.99,,,,0.0,0.0
1788087528.14,0,00,99.99,,,,0.0,0.0
1788087529.14,0,00,99.99,,,,0.0,0.0
1788087530.14,0,00,99.99,,,,0.0,0.0
1788087531.14,0,00,99.99,,,,0.0,0.0
1788087532.14,0,00,99.99,,,,0.0,0.0
1788087533.14,0,00,99.99,,,,0.0,0.0
1788087534.14,0,00,99.99,,,,0.0,0.0
1788087535.14,0,00,99.99,,,,0.0,0.0
1788087536.14,0,00,99.99,,,,0.0,0.0
1788087537.15,0,00,99.99,,,,0.0,0.0
1788087538.14,0,00,99.99,,,,0.0,0.0
1788087539.15,0,00,99.99,,,,0.0,0.0
1788087540.15,0,00,99.99,,,,0.0,0.0
1788087541.14,0,00,99.99,,,,0.0,0.0
1788087542.15,0,00,99.99,,,,0.0,0.0
1788087543.15,0,00,99.99,,,,0.0,0.0
1788087544.15,0,00,99.99,,,,0.0,0.0
1788087545.14,0,00,99.99,,,,0.0,0.0
1788087546.14,0,00,99.99,,,,0.0,0.0
1788087547.15,0,00,99.99,,,,0.0,0.0
1788087548.14,0,00,99.99,,,,0.0,0.0
1788087549.14,0,00,99.99,,,,0.0,0.0
1788087550.15,0,00,99.99,,,,0.0,0.0
1788087551.15,0,00,99.99,,,,0.0,0.0
1788087552.15,0,00,99.99,,,,0.0,0.0
1788087553.15,0,00,99.99,,,,0.0,0.0
1788087554.15,0,00,99.99,,,,0.0,0.0
1788087555.15,0,00,99.99,,,,0.0,0.0
1788087556.15,0,00,99.99,,,,0.0,0.0
1788087557.15,0,00,99.99,,,,0.0,0.0
1788087558.15,0,00,99.99,,,,0.0,0.0
1788087559.15,0,00,99.99,,,,0.0,0.0
1788087560.15,0,00,99.99,,,,0.0,0.0
1788087561.15,0,00,99.99,,,,0.0,0.0
1788087562.15,0,00,99.99,,,,0.0,0.0
1788087563.15,0,00,99.99,,,,0.0,0.0
1788087564.15,0,00,99.99,,,,0.0,0.0
1788087565.15,0,00,99.99,,,,0.0,0.0
1788087566.15,0,00,99.99,,,,0.0,0.0
1788087567.15,0,00,99.99,,,,0.0,0.0
1788087568.15,0,00,99.99,,,,0.0,0.0
1788087569.15,0,00,99.99,,,,0.0,0.0
1788087570.15,0,00,99.99,,,,0.0,0.0
1788087571.15,0,00,99.99,,,,0.0,0.0
1788087572.15,0,00,99.99,,,,0.0,0.0
1788087573.14,0,00,99.99,,,,0.0,0.0
1788087574.14,0,00,99.99,,,,0.0,0.0
1788087575.14,0,00,99.99,,,,0.0,0.0
1788087576.14,0,00,99.99,,,,0.0,0.0
1788087577.14,0,00,99.99,,,,0.0,0.0
1788087578.14,0,00,99.99,,,,0.0,0.0
1788087579.14,0,00,99.99,,,,0.0,0.0
1788087580.14,0,00,99.99,,,,0.0,0.0
1788087581.14,0,00,99.99,,,,0.0,0.0
1788087582.14,0,00,99.99,,,,0.0,0.0
1788087583.14,0,00,99.99,,,,0.0,0.0
1788087584.15,0,00,99.99,,,,0.0,0.0
1788087585.14,0,00,99.99,,,,0.0,0.0
1788087586.14,0,00,99.99,,,,0.0,0.0
1788087587.14,0,00,99.99,,,,0.0,0.0
1788087588.14,0,00,99.99,,,,0.0,0.0
1788087589.14,0,00,99.99,,,,0.0,0.0
1788087590.14,0,00,99.99,,,,0.0,0.0
1788087591.15,0,00,99.99,,,,0.0,0.0
1788087592.14,0,00,99.99,,,,0.0,0.0
1788087593.15,0,00,99.99,,,,0.0,0.0
1788087594.14,0,00,99.99,,,,0.0,0.0
1788087595.15,0,00,99.99,,,,0.0,0.0
1788087596.14,0,00,99.99,,,,0.0,0.0
1788087597.15,0,00,99.99,,,,0.0,0.0
1788087598.15,0,00,99.99,,,,0.0,0.0
1788087599.14,0,00,99.99,,,,0.0,0.0
1788087600.14,0,00,99.99,,,,0.0,0.0
1788087601.15,0,00,99.99,,,,0.0,0.0
1788087602.15,0,00,99.99,,,,0.0,0.0
1788087603.15,0,00,99.99,,,,0.0,0.0
1788087604.14,0,00,99.99,,,,0.0,0.0
1788087605.15,0,00,99.99,,,,0.0,0.0
1788087606.15,0,00,99.99,,,,0.0,0.0
1788087607.15,0,00,99.99,,,,0.0,0.0
1788087608.14,0,00,99.99,,,,0.0,0.0
1788087609.14,0,00,99.99,,,,0.0,0.0
1788087610.15,0,00,99.99,,,,0.0,0.0
1788087611.15,0,00,99.99,,,,0.0,0.0
1788087612.15,0,00,99.99,,,,0.0,0.0
1788087613.15,0,00,99.99,,,,0.0,0.0
1788087614.14,0,00,99.99,,,,0.0,0.0
1788087615.15,0,00,99.99,,,,0.0,0.0
1788087616.15,0,00,99.99,,,,0.0,0.0
1788087617.14,0,00,99.99,,,,0.0,0.0
1788087618.14,0,00,99.99,,,,0.0,0.0
1788087619.15,0,00,99.99,,,,0.0,0.0
1788087620.15,0,00,99.99,,,,0.0,0.0
1788087621.15,0,00,99.99,,,,0.0,0.0
1788087622.15,0,00,99.99,,,,0.0,0.0
1788087623.15,0,00,99.99,,,,0.0,0.0
1788087624.15,0,00,99.99,,,,0.0,0.0
1788087625.15,0,00,99.99,,,,0.0,0.0
1788087626.15,0,00,99.99,,,,0.0,0.0
1788087627.15,0,00,99.99,,,,0.0,0.0
1788087628.15,0,00,99.99,,,,0.0,0.0
1788087629.15,0,00,99.99,,,,0.0,0.0
1788087630.15,0,00,99.99,,,,0.0,0.0
1788087631.15,0,00,99.99,,,,0.0,0.0
1788087632.15,0,00,99.99,,,,0.0,0.0
1788087633.15,0,00,99.99,,,,0.0,0.0
1788087634.15,0,00,99.99,,,,0.0,0.0
1788087635.15,0,00,99.99,,,,0.0,0.0
1788087636.15,0,00,99.99,,,,0.0,0.0
1788087637.15,0,00,99.99,,,,0.0,0.0
1788087638.14,0,00,99.99,,,,0.0,0.0
1788087639.14,0,00,99.99,,,,0.0,0.0
1788087640.14,0,00,99.99,,,,0.0,0.0
1788087641.15,0,00,99.99,,,,0.0,0.0
1788087642.14,0,00,99.99,,,,0.0,0.0
1788087643.15,0,00,99.99,,,,0.0,0.0
1788087644.14,0,00,99.99,,,,0.0,0.0
1788087645.14,0,00,99.99,,,,0.0,0.0
1788087646.14,0,00,99.99,,,,0.0,0.0
1788087647.15,0,00,99.99,,,,0.0,0.0
1788087648.14,0,00,99.99,,,,0.0,0.0
1788087649.15,0,00,99.99,,,,0.0,0.0
1788087650.14,0,00,99.99,,,,0.0,0.0
1788087651.15,0,00,99.99,,,,0.0,0.0
1788087652.14,0,00,99.99,,,,0.0,0.0
1788087653.15,0,00,99.99,,,,0.0,0.0
1788087654.14,0,00,99.99,,,,0.0,0.0
1788087655.15,0,00,99.99,,,,0.0,0.0
1788087656.14,0,00,99.99,,,,0.0,0.0
1788087657.14,0,00,99.99,,,,0.0,0.0
1788087658.14,0,00,99.99,,,,0.0,0.0
1788087659.14,0,00,99.99,,,,0.0,0.0
1788087660.15,0,00,99.99,,,,0.0,0.0
1788087661.14,0,00,99.99,,,,0.0,0.0
1788087662.14,0,00,99.99,,,,0.0,0.0
1788087663.14,0,00,99.99,,,,0.0,0.0
1788087664.14,0,00,99.99,,,,0.0,0.0
1788087665.15,0,00,99.99,,,,0.0,0.0
1788087666.15,0,00,99.99,,,,0.0,0.0
1788087667.15,0,00,99.99,,,,0.0,0.0
1788087668.14,0,00,99.99,,,,0.0,0.0
1788087669.14,0,00,99.99,,,,0.0,0.0
1788087670.15,0,00,99.99,,,,0.0,0.0
1788087671.15,0,00,99.99,,,,0.0,0.0
1788087672.15,0,00,99.99,,,,0.0,0.0
1788087673.15,0,00,99.99,,,,0.0,0.0
1788087674.15,0,00,99.99,,,,0.0,0.0
1788087675.15,0,00,99.99,,,,0.0,0.0
1788087676.14,0,00,99.99,,,,0.0,0.0
1788087677.14,0,00,99.99,,,,0.0,0.0
1788087678.15,0,00,99.99,,,,0.0,0.0
1788087679.15,0,00,99.99,,,,0.0,0.0
1788087680.15,0,00,99.99,,,,0.0,0.0
1788087681.15,0,00,99.99,,,,0.0,0.0
1788087682.14,0,00,99.99,,,,0.0,0.0
1788087683.14,0,00,99.99,,,,0.0,0.0
1788087684.14,0,00,99.99,,,,0.0,0.0
1788087685.15,0,00,99.99,,,,0.0,0.0
1788087686.15,0,00,99.99,,,,0.0,0.0
1788087687.14,0,00,99.99,,,,0.0,0.0
1788087688.14,0,00,99.99,,,,0.0,0.0
1788087689.14,0,00,99.99,,,,0.0,0.0
1788087690.15,0,00,99.99,,,,0.0,0.0
1788087691.14,0,00,99.99,,,,0.0,0.0
1788087692.15,0,00,99.99,,,,0.0,0.0
1788087693.15,0,00,99.99,,,,0.0,0.0
1788087694.15,0,00,99.99,,,,0.0,0.0
1788087695.15,0,00,99.99,,,,0.0,0.0
1788087696.15,0,00,99.99,,,,0.0,0.0
1788087697.15,0,00,99.99,,,,0.0,0.0
1788087698.14,0,00,99.99,,,,0.0,0.0
1788087699.15,0,00,99.99,,,,0.0,0.0
1788087700.15,0,00,99.99,,,,0.0,0.0
1788087701.15,0,00,99.99,,,,0.0,0.0
1788087702.15,0,00,99.99,,,,0.0,0.0
1788087703.16,0,00,99.99,,,,0.0,0.0
1788087704.15,0,00,99.99,,,,0.0,0.0
1788087705.15,0,00,99.99,,,,0.0,0.0
1788087706.15,0,00,99.99,,,,0.0,0.0
1788087707.14,0,00,99.99,,,,0.0,0.0
1788087708.15,0,00,99.99,,,,0.0,0.0
1788087709.15,0,00,99.99,,,,0.0,0.0
1788087710.15,0,00,99.99,,,,0.0,0.0
1788087711.15,0,00,99.99,,,,0.0,0.0
1788087712.15,0,00,99.99,,,,0.0,0.0
1788087713.15,0,00,99.99,,,,0.0,0.0
1788087714.15,0,00,99.99,,,,0.0,0.0
1788087715.15,0,00,99.99,,,,0.0,0.0
1788087716.14,0,00,99.99,,,,0.0,0.0
1788087717.15,0,00,99.99,,,,0.0,0.0
1788087718.14,0,00,99.99,,,,0.0,0.0
1788087719.15,0,00,99.99,,,,0.0,0.0
1788087720.15,0,00,99.99,,,,0.0,0.0
1788087721.15,0,00,99.99,,,,0.0,0.0
1788087722.15,0,00,99.99,,,,0.0,0.0
1788087723.15,0,00,99.99,,,,0.0,0.0
1788087724.15,0,00,99.99,,,,0.0,0.0
1788087725.14,0,00,99.99,,,,0.0,0.0
1788087726.14,0,00,99.99,,,,0.0,0.0
1788087727.14,0,00,99.99,,,,0.0,0.0
1788087728.15,0,00,99.99,,,,0.0,0.0
1788087729.15,0,00,99.99,,,,0.0,0.0
1788087730.14,0,00,99.99,,,,0.0,0.0
1788087731.15,0,00,99.99,,,,0.0,0.0
1788087732.14,0,00,99.99,,,,0.0,0.0
1788087733.15,0,00,99.99,,,,0.0,0.0
1788087734.15,0,00,99.99,,,,0.0,0.0
1788087735.15,0,00,99.99,,,,0.0,0.0
1788087736.14,0,00,99.99,,,,0.0,0.0
1788087737.15,0,00,99.99,,,,0.0,0.0
1788087738.14,0,00,99.99,,,,0.0,0.0
1788087739.15,0,00,99.99,,,,0.0,0.0
1788087740.15,0,00,99.99,,,,0.0,0.0
1788087741.15,0,00,99.99,,,,0.0,0.0
1788087742.14,0,00,99.99,,,,0.0,0.0
1788087743.15,0,00,99.99,,,,0.0,0.0
1788087744.14,0,00,99.99,,,,0.0,0.0
1788087745.14,0,00,99.99,,,,0.0,0.0
1788087746.14,0,00,99.99,,,,0.0,0.0
1788087747.14,0,00,99.99,,,,0.0,0.0
1788087748.15,0,00,99.99,,,,0.0,0.0
1788087749.14,0,00,99.99,,,,0.0,0.0
1788087750.14,0,00,99.99,,,,0.0,0.0
1788087751.15,0,00,99.99,,,,0.0,0.0
1788087752.15,0,00,99.99,,,,0.0,0.0
1788087753.14,0,00,99.99,,,,0.0,0.0
1788087754.14,0,00,99.99,,,,0.0,0.0
1788087755.15,0,00,99.99,,,,0.0,0.0
1788087756.14,0,00,99.99,,,,0.0,0.0
1788087757.14,0,00,99.99,,,,0.0,0.0
1788087758.14,0,00,99.99,,,,0.0,0.0
1788087759.14,0,00,99.99,,,,0.0,0.0
1788087760.15,0,00,99.99,,,,0.0,0.0
1788087761.15,0,00,99.99,,,,0.0,0.0
1788087762.15,0,00,99.99,,,,0.0,0.0
1788087763.15,0,00,99.99,,,,0.0,0.0
1788087764.15,0,00,99.99,,,,0.0,0.0
1788087765.15,0,00,99.99,,,,0.0,0.0
1788087766.15,0,00,99.99,,,,0.0,0.0
1788087767.14,0,00,99.99,,,,0.0,0.0
1788087768.15,0,00,99.99,,,,0.0,0.0
1788087769.15,0,00,99.99,,,,0.0,0.0
1788087770.15,0,00,99.99,,,,0.0,0.0
1788087771.15,0,00,99.99,,,,0.0,0.0
1788087772.15,0,00,99.99,,,,0.0,0.0
1788087773.15,0,00,99.99,,,,0.0,0.0
1788087774.15,0,00,99.99,,,,0.0,0.0
1788087775.15,0,00,99.99,,,,0.0,0.0
1788087776.15,0,00,99.99,,,,0.0,0.0
1788087777.15,0,00,99.99,,,,0.0,0.0
1788087778.15,0,00,99.99,,,,0.0,0.0
1788087779.15,0,00,99.99,,,,0.0,0.0
1788087780.15,0,00,99.99,,,,0.0,0.0
1788087781.15,0,00,99.99,,,,0.0,0.0
1788087782.15,0,00,99.99,,,,0.0,0.0
1788087783.15,0,00,99.99,,,,0.0,0.0
1788087784.15,0,00,99.99,,,,0.0,0.0
1788087785.15,0,00,99.99,,,,0.0,0.0
1788087786.15,0,00,99.99,,,,0.0,0.0
1788087787.15,0,00,99.99,,,,0.0,0.0
1788087788.15,0,00,99.99,,,,0.0,0.0
1788087789.15,0,00,99.99,,,,0.0,0.0
1788087790.15,0,00,99.99,,,,0.0,0.0
1788087791.15,0,00,99.99,,,,0.0,0.0
1788087792.15,0,00,99.99,,,,0.0,0.0
1788087793.15,0,00,99.99,,,,0.0,0.0
1788087794.15,0,00,99.99,,,,0.0,0.0
1788087795.15,0,00,99.99,,,,0.0,0.0
1788087796.15,0,00,99.99,,,,0.0,0.0
1788087797.15,0,00,99.99,,,,0.0,0.0
1788087798.15,0,00,99.99,,,,0.0,0.0
1788087799.15,0,00,99.99,,,,0.0,0.0
1788087800.15,0,00,99.99,,,,0.0,0.0
1788087801.15,0,00,99.99,,,,0.0,0.0
1788087802.15,0,00,99.99,,,,0.0,0.0
1788087803.15,0,00,99.99,,,,0.0,0.0
1788087804.15,0,00,99.99,,,,0.0,0.0
1788087805.15,0,00,99.99,,,,0.0,0.0
1788087806.16,0,00,99.99,,,,0.0,0.0
1788087807.15,0,00,99.99,,,,0.0,0.0
1788087808.15,0,00,99.99,,,,0.0,0.0
1788087809.15,0,00,99.99,,,,0.0,0.0
1788087810.15,0,00,99.99,,,,0.0,0.0
1788087811.15,0,00,99.99,,,,0.0,0.0
1788087812.15,0,00,99.99,,,,0.0,0.0
1788087813.15,0,00,99.99,,,,0.0,0.0
1788087814.15,0,00,99.99,,,,0.0,0.0
1788087815.15,0,00,99.99,,,,0.0,0.0
1788087816.15,0,00,99.99,,,,0.0,0.0
1788087817.15,0,00,99.99,,,,0.0,0.0
1788087818.15,0,00,99.99,,,,0.0,0.0
1788087819.15,0,00,99.99,,,,0.0,0.0
1788087820.15,0,00,99.99,,,,0.0,0.0
1788087821.15,0,00,99.99,,,,0.0,0.0
1788087822.15,0,00,99.99,,,,0.0,0.0
1788087823.15,0,00,99.99,,,,0.0,0.0
1788087824.15,0,00,99.99,,,,0.0,0.0
1788087825.15,0,00,99.99,,,,0.0,0.0
1788087826.15,0,00,99.99,,,,0.0,0.0
1788087827.15,0,00,99.99,,,,0.0,0.0
1788087828.15,0,00,99.99,,,,0.0,0.0
1788087829.15,0,00,99.99,,,,0.0,0.0
1788087830.15,0,00,99.99,,,,0.0,0.0
1788087831.15,0,00,99.99,,,,0.0,0.0
1788087832.15,0,00,99.99,,,,0.0,0.0
1788087833.16,0,00,99.99,,,,0.0,0.0
1788087834.15,0,00,99.99,,,,0.0,0.0
1788087835.15,0,00,99.99,,,,0.0,0.0
1788087836.15,0,00,99.99,,,,0.0,0.0
1788087837.15,0,00,99.99,,,,0.0,0.0
1788087838.15,0,00,99.99,,,,0.0,0.0
1788087839.15,0,00,99.99,,,,0.0,0.0
1788087840.15,0,00,99.99,,,,0.0,0.0
1788087841.15,0,00,99.99,,,,0.0,0.0
1788087842.15,0,00,99.99,,,,0.0,0.0
1788087843.15,0,00,99.99,,,,0.0,0.0
1788087844.15,0,00,99.99,,,,0.0,0.0
1788087845.15,0,00,99.99,,,,0.0,0.0
1788087846.15,0,00,99.99,,,,0.0,0.0
1788087847.15,0,00,99.99,,,,0.0,0.0
1788087848.15,0,00,99.99,,,,0.0,0.0
1788087849.16,0,00,99.99,,,,0.0,0.0
1788087850.16,0,00,99.99,,,,0.0,0.0
1788087851.15,0,00,99.99,,,,0.0,0.0
1788087852.15,0,00,99.99,,,,0.0,0.0
1788087853.15,0,00,99.99,,,,0.0,0.0
1788087854.15,0,00,99.99,,,,0.0,0.0
1788087855.15,0,00,99.99,,,,0.0,0.0
1788087856.15,0,00,99.99,,,,0.0,0.0
1788087857.15,0,00,99.99,,,,0.0,0.0
1788087858.15,0,00,99.99,,,,0.0,0.0
1788087859.15,0,00,99.99,,,,0.0,0.0
1788087860.15,0,00,99.99,,,,0.0,0.0
1788087861.15,0,00,99.99,,,,0.0,0.0
1788087862.15,0,00,99.99,,,,0.0,0.0
1788087863.15,0,00,99.99,,,,0.0,0.0
1788087864.15,0,00,99.99,,,,0.0,0.0
1788087865.15,0,00,99.99,,,,0.0,0.0
1788087866.15,0,00,99.99,,,,0.0,0.0
1788087867.15,0,00,99.99,,,,0.0,0.0
1788087868.15,0,00,99.99,,,,0.0,0.0
1788087869.15,0,00,99.99,,,,0.0,0.0
1788087870.15,0,00,99.99,,,,0.0,0.0
1788087871.15,0,00,99.99,,,,0.0,0.0
1788087872.15,0,00,99.99,,,,0.0,0.0
1788087873.15,0,00,99.99,,,,0.0,0.0
1788087874.15,0,00,99.99,,,,0.0,0.0
1788087875.15,0,00,99.99,,,,0.0,0.0
1788087876.15,0,00,99.99,,,,0.0,0.0
1788087877.15,0,00,99.99,,,,0.0,0.0
1788087878.15,0,00,99.99,,,,0.0,0.0
1788087879.15,0,00,99.99,,,,0.0,0.0
1788087880.15,0,00,99.99,,,,0.0,0.0
1788087881.15,0,00,99.99,,,,0.0,0.0
1788087882.15,0,00,99.99,,,,0.0,0.0
1788087883.15,0,00,99.99,,,,0.0,0.0
1788087884.15,0,00,99.99,,,,0.0,0.0
1788087885.15,0,00,99.99,,,,0.0,0.0
1788087886.15,0,00,99.99,,,,0.0,0.0
1788087887.15,0,00,99.99,,,,0.0,0.0
1788087888.15,0,00,99.99,,,,0.0,0.0
1788087889.14,0,00,99.99,,,,0.0,0.0
1788087890.15,0,00,99.99,,,,0.0,0.0
1788087891.15,0,00,99.99,,,,0.0,0.0
1788087892.15,0,00,99.99,,,,0.0,0.0
1788087893.15,0,00,99.99,,,,0.0,0.0
1788087894.15,0,00,99.99,,,,0.0,0.0
1788087895.16,0,00,99.99,,,,0.0,0.0
1788087896.15,0,00,99.99,,,,0.0,0.0
1788087897.14,0,00,99.99,,,,0.0,0.0
1788087898.14,0,00,99.99,,,,0.0,0.0
1788087899.14,0,00,99.99,,,,0.0,0.0
1788087900.15,0,00,99.99,,,,0.0,0.0
1788087901.15,0,00,99.99,,,,0.0,0.0
1788087902.15,0,00,99.99,,,,0.0,0.0
1788087903.14,0,00,99.99,,,,0.0,0.0
1788087904.14,0,00,99.99,,,,0.0,0.0
1788087905.14,0,00,99.99,,,,0.0,0.0
1788087906.14,0,00,99.99,,,,0.0,0.0
1788087907.15,0,00,99.99,,,,0.0,0.0
1788087908.15,0,00,99.99,,,,0.0,0.0
1788087909.15,0,00,99.99,,,,0.0,0.0
1788087910.15,0,00,99.99,,,,0.0,0.0
1788087911.15,0,00,99.99,,,,0.0,0.0
1788087912.15,0,00,99.99,,,,0.0,0.0
1788087913.15,0,00,99.99,,,,0.0,0.0
1788087914.15,0,00,99.99,,,,0.0,0.0
1788087915.15,0,00,99.99,,,,0.0,0.0
1788087916.15,0,00,99.99,,,,0.0,0.0
1788087917.15,0,00,99.99,,,,0.0,0.0
1788087918.15,0,00,99.99,,,,0.0,0.0
1788087919.15,0,00,99.99,,,,0.0,0.0
1788087920.15,0,00,99.99,,,,0.0,0.0
1788087921.16,0,00,99.99,,,,0.0,0.0
1788087922.16,0,00,99.99,,,,0.0,0.0
1788087923.15,0,00,99.99,,,,0.0,0.0
1788087924.15,0,00,99.99,,,,0.0,0.0
1788087925.15,0,00,99.99,,,,0.0,0.0
1788087926.15,0,00,99.99,,,,0.0,0.0
1788087927.15,0,00,99.99,,,,0.0,0.0
1788087928.15,0,00,99.99,,,,0.0,0.0
1788087929.15,0,00,99.99,,,,0.0,0.0
1788087930.15,0,00,99.99,,,,0.0,0.0
1788087931.15,0,00,99.99,,,,0.0,0.0
1788087932.15,0,00,99.99,,,,0.0,0.0
1788087933.15,0,00,99.99,,,,0.0,0.0
1788087934.15,0,00,99.99,,,,0.0,0.0
1788087935.16,0,00,99.99,,,,0.0,0.0
1788087936.15,0,00,99.99,,,,0.0,0.0
1788087937.15,0,00,99.99,,,,0.0,0.0
1788087938.16,0,00,99.99,,,,0.0,0.0
1788087939.15,0,00,99.99,,,,0.0,0.0
1788087940.15,0,00,99.99,,,,0.0,0.0
1788087941.15,0,00,99.99,,,,0.0,0.0
1788087942.16,0,00,99.99,,,,0.0,0.0
1788087943.16,0,00,99.99,,,,0.0,0.0
1788087944.16,0,00,99.99,,,,0.0,0.0
1788087945.15,0,00,99.99,,,,0.0,0.0
1788087946.15,0,00,99.99,,,,0.0,0.0
1788087947.15,0,00,99.99,,,,0.0,0.0
1788087948.15,0,00,99.99,,,,0.0,0.0
1788087949.15,0,00,99.99,,,,0.0,0.0
1788087950.16,0,00,99.99,,,,0.0,0.0
1788087951.15,0,00,99.99,,,,0.0,0.0
1788087952.15,0,00,99.99,,,,0.0,0.0
1788087953.15,0,00,99.99,,,,0.0,0.0
1788087954.15,0,00,99.99,,,,0.0,0.0
1788087955.16,0,00,99.99,,,,0.0,0.0
1788087956.15,0,00,99.99,,,,0.0,0.0
1788087957.15,0,00,99.99,,,,0.0,0.0
1788087958.15,0,00,99.99,,,,0.0,0.0
1788087959.16,0,00,99.99,,,,0.0,0.0
1788087960.15,0,00,99.99,,,,0.0,0.0
1788087961.15,0,00,99.99,,,,0.0,0.0
1788087962.15,0,00,99.99,,,,0.0,0.0
1788087963.15,0,00,99.99,,,,0.0,0.0
1788087964.15,0,00,99.99,,,,0.0,0.0
1788087965.15,0,00,99.99,,,,0.0,0.0
1788087966.15,0,00,99.99,,,,0.0,0.0
1788087967.15,0,00,99.99,,,,0.0,0.0
1788087968.15,0,00,99.99,,,,0.0,0.0
1788087969.15,0,00,99.99,,,,0.0,0.0
1788087970.15,0,00,99.99,,,,0.0,0.0
1788087971.15,0,00,99.99,,,,0.0,0.0
1788087972.15,0,00,99.99,,,,0.0,0.0
1788087973.15,0,00,99.99,,,,0.0,0.0
1788087974.15,0,00,99.99,,,,0.0,0.0
1788087975.15,0,00,99.99,,,,0.0,0.0
1788087976.15,0,00,99.99,,,,0.0,0.0
1788087977.15,0,00,99.99,,,,0.0,0.0
1788087978.15,0,00,99.99,,,,0.0,0.0
1788087979.15,0,00,99.99,,,,0.0,0.0
1788087980.15,0,00,99.99,,,,0.0,0.0
1788087981.15,0,00,99.99,,,,0.0,0.0
1788087982.15,0,00,99.99,,,,0.0,0.0
1788087983.15,0,00,99.99,,,,0.0,0.0
1788087984.15,0,00,99.99,,,,0.0,0.0
1788087985.15,0,00,99.99,,,,0.0,0.0
1788087986.15,0,00,99.99,,,,0.0,0.0
1788087987.15,0,00,99.99,,,,0.0,0.0
1788087988.15,0,00,99.99,,,,0.0,0.0
1788087989.15,0,00,99.99,,,,0.0,0.0
1788087990.15,0,00,99.99,,,,0.0,0.0
1788087991.15,0,00,99.99,,,,0.0,0.0
1788087992.15,0,00,99.99,,,,0.0,0.0
1788087993.16,0,00,99.99,,,,0.0,0.0
1788087994.15,0,00,99.99,,,,0.0,0.0
1788087995.16,0,00,99.99,,,,0.0,0.0
1788087996.15,0,00,99.99,,,,0.0,0.0
1788087997.15,0,00,99.99,,,,0.0,0.0
1788087998.15,0,00,99.99,,,,0.0,0.0
1788087999.15,0,00,99.99,,,,0.0,0.0
1788088000.15,0,00,99.99,,,,0.0,0.0
1788088001.15,0,00,99.99,,,,0.0,0.0
1788088002.15,0,00,99.99,,,,0.0,0.0
1788088003.15,0,00,99.99,,,,0.0,0.0
1788088004.15,0,00,99.99,,,,0.0,0.0
1788088005.15,0,00,99.99,,,,0.0,0.0
1788088006.15,0,00,99.99,,,,0.0,0.0
1788088007.15,0,00,99.99,,,,0.0,0.0
1788088008.15,0,00,99.99,,,,0.0,0.0
1788088009.15,0,00,99.99,,,,0.0,0.0
1788088010.15,0,00,99.99,,,,0.0,0.0
1788088011.15,0,00,99.99,,,,0.0,0.0
1788088012.16,0,00,99.99,,,,0.0,0.0
1788088013.15,0,00,99.99,,,,0.0,0.0
1788088014.15,0,00,99.99,,,,0.0,0.0
1788088015.15,0,00,99.99,,,,0.0,0.0
1788088016.15,0,00,99.99,,,,0.0,0.0
1788088017.15,0,00,99.99,,,,0.0,0.0
1788088018.15,0,00,99.99,,,,0.0,0.0
1788088019.15,0,00,99.99,,,,0.0,0.0
1788088020.15,0,00,99.99,,,,0.0,0.0
1788088021.15,0,00,99.99,,,,0.0,0.0
1788088022.15,0,00,99.99,,,,0.0,0.0
1788088023.15,0,00,99.99,,,,0.0,0.0
1788088024.15,0,00,99.99,,,,0.0,0.0
1788088025.15,0,00,99.99,,,,0.0,0.0
1788088026.16,0,00,99.99,,,,0.0,0.0
1788088027.15,0,00,99.99,,,,0.0,0.0
1788088028.15,0,00,99.99,,,,0.0,0.0
1788088029.15,0,00,99.99,,,,0.0,0.0
1788088030.15,0,00,99.99,,,,0.0,0.0
1788088031.15,0,00,99.99,,,,0.0,0.0
1788088032.15,0,00,99.99,,,,0.0,0.0
1788088033.15,0,00,99.99,,,,0.0,0.0
1788088034.15,0,00,99.99,,,,0.0,0.0
1788088035.15,0,00,99.99,,,,0.0,0.0
1788088036.15,0,00,99.99,,,,0.0,0.0
1788088037.15,0,00,99.99,,,,0.0,0.0
1788088038.16,0,00,99.99,,,,0.0,0.0
1788088039.15,0,00,99.99,,,,0.0,0.0
1788088040.15,0,00,99.99,,,,0.0,0.0
1788088041.15,0,00,99.99,,,,0.0,0.0
1788088042.15,0,00,99.99,,,,0.0,0.0
1788088043.15,0,00,99.99,,,,0.0,0.0
1788088044.15,0,00,99.99,,,,0.0,0.0
1788088045.15,0,00,99.99,,,,0.0,0.0
1788088046.15,0,00,99.99,,,,0.0,0.0
1788088047.15,0,00,99.99,,,,0.0,0.0
1788088048.15,0,00,99.99,,,,0.0,0.0
1788088049.15,0,00,99.99,,,,0.0,0.0
1788088050.15,0,00,99.99,,,,0.0,0.0
1788088051.15,0,00,99.99,,,,0.0,0.0
1788088052.15,0,00,99.99,,,,0.0,0.0
1788088053.15,0,00,99.99,,,,0.0,0.0
1788088054.15,0,00,99.99,,,,0.0,0.0
1788088055.15,0,00,99.99,,,,0.0,0.0
1788088056.15,0,00,99.99,,,,0.0,0.0
1788088057.15,0,00,99.99,,,,0.0,0.0
1788088058.15,0,00,99.99,,,,0.0,0.0
1788088059.15,0,00,99.99,,,,0.0,0.0
1788088060.15,0,00,99.99,,,,0.0,0.0
1788088061.15,0,00,99.99,,,,0.0,0.0
1788088062.15,0,00,99.99,,,,0.0,0.0
1788088063.15,0,00,99.99,,,,0.0,0.0
1788088064.15,0,00,99.99,,,,0.0,0.0
1788088065.15,0,00,99.99,,,,0.0,0.0
1788088066.15,0,00,99.99,,,,0.0,0.0
1788088067.15,0,00,99.99,,,,0.0,0.0
1788088068.15,0,00,99.99,,,,0.0,0.0
1788088069.15,0,00,99.99,,,,0.0,0.0
1788088070.15,0,00,99.99,,,,0.0,0.0
1788088071.15,0,00,99.99,,,,0.0,0.0
1788088072.15,0,00,99.99,,,,0.0,0.0
1788088073.15,0,00,99.99,,,,0.0,0.0
1788088074.15,0,00,99.99,,,,0.0,0.0
1788088075.15,0,00,99.99,,,,0.0,0.0
1788088076.15,0,00,99.99,,,,0.0,0.0
1788088077.15,0,00,99.99,,,,0.0,0.0
1788088078.15,0,00,99.99,,,,0.0,0.0
1788088079.15,0,00,99.99,,,,0.0,0.0
1788088080.15,0,00,99.99,,,,0.0,0.0
1788088081.15,0,00,99.99,,,,0.0,0.0
1788088082.15,0,00,99.99,,,,0.0,0.0
1788088083.15,0,00,99.99,,,,0.0,0.0
1788088084.15,0,00,99.99,,,,0.0,0.0
1788088085.15,0,00,99.99,,,,0.0,0.0
1788088086.15,0,00,99.99,,,,0.0,0.0
1788088087.15,0,00,99.99,,,,0.0,0.0
1788088088.15,0,00,99.99,,,,0.0,0.0
1788088089.15,0,00,99.99,,,,0.0,0.0
1788088090.15,0,00,99.99,,,,0.0,0.0
1788088091.15,0,00,99.99,,,,0.0,0.0
1788088092.15,0,00,99.99,,,,0.0,0.0
1788088093.15,0,00,99.99,,,,0.0,0.0
1788088094.15,0,00,99.99,,,,0.0,0.0
1788088095.15,0,00,99.99,,,,0.0,0.0
1788088096.15,0,00,99.99,,,,0.0,0.0
1788088097.15,0,00,99.99,,,,0.0,0.0
1788088098.15,0,00,99.99,,,,0.0,0.0
1788088099.15,0,00,99.99,,,,0.0,0.0
1788088100.15,0,00,99.99,,,,0.0,0.0
1788088101.15,0,00,99.99,,,,0.0,0.0
1788088102.15,0,00,99.99,,,,0.0,0.0
1788088103.15,0,00,99.99,,,,0.0,0.0
1788088104.15,0,00,99.99,,,,0.0,0.0
1788088105.15,0,00,99.99,,,,0.0,0.0
1788088106.15,0,00,99.99,,,,0.0,0.0
1788088107.15,0,00,99.99,,,,0.0,0.0
1788088108.15,0,00,99.99,,,,0.0,0.0
1788088109.15,0,00,99.99,,,,0.0,0.0
1788088110.15,0,00,99.99,,,,0.0,0.0
1788088111.15,0,00,99.99,,,,0.0,0.0
1788088112.15,0,00,99.99,,,,0.0,0.0
1788088113.15,0,00,99.99,,,,0.0,0.0
1788088114.15,0,00,99.99,,,,0.0,0.0
1788088115.15,0,00,99.99,,,,0.0,0.0
1788088116.15,0,00,99.99,,,,0.0,0.0
1788088117.15,0,00,99.99,,,,0.0,0.0
1788088118.15,0,00,99.99,,,,0.0,0.0
1788088119.15,0,00,99.99,,,,0.0,0.0
1788088120.15,0,00,99.99,,,,0.0,0.0
1788088121.15,0,00,99.99,,,,0.0,0.0
1788088122.15,0,00,99.99,,,,0.0,0.0
1788088123.15,0,00,99.99,,,,0.0,0.0
1788088124.15,0,00,99.99,,,,0.0,0.0
1788088125.15,0,00,99.99,,,,0.0,0.0
1788088126.15,0,00,99.99,,,,0.0,0.0
1788088127.15,0,00,99.99,,,,0.0,0.0
1788088128.15,0,00,99.99,,,,0.0,0.0
1788088129.15,0,00,99.99,,,,0.0,0.0
1788088130.15,0,00,99.99,,,,0.0,0.0
1788088131.15,0,00,99.99,,,,0.0,0.0
1788088132.15,0,00,99.99,,,,0.0,0.0
1788088133.15,0,00,99.99,,,,0.0,0.0
1788088134.15,0,00,99.99,,,,0.0,0.0
1788088135.16,0,00,99.99,,,,0.0,0.0
1788088136.15,0,00,99.99,,,,0.0,0.0
1788088137.15,0,00,99.99,,,,0.0,0.0
1788088138.15,0,00,99.99,,,,0.0,0.0
1788088139.15,0,00,99.99,,,,0.0,0.0
1788088140.15,0,00,99.99,,,,0.0,0.0
1788088141.15,0,00,99.99,,,,0.0,0.0
1788088142.16,0,00,99.99,,,,0.0,0.0
1788088143.15,0,00,99.99,,,,0.0,0.0
1788088144.15,0,00,99.99,,,,0.0,0.0
1788088145.15,0,00,99.99,,,,0.0,0.0
1788088146.15,0,00,99.99,,,,0.0,0.0
1788088147.15,0,00,99.99,,,,0.0,0.0
1788088148.15,0,00,99.99,,,,0.0,0.0
1788088149.15,0,00,99.99,,,,0.0,0.0
1788088150.15,0,00,99.99,,,,0.0,0.0
1788088151.15,0,00,99.99,,,,0.0,0.0
1788088152.16,0,00,99.99,,,,0.0,0.0
1788088153.15,0,00,99.99,,,,0.0,0.0
1788088154.15,0,00,99.99,,,,0.0,0.0
1788088155.15,0,00,99.99,,,,0.0,0.0
1788088156.15,0,00,99.99,,,,0.0,0.0
1788088157.15,0,00,99.99,,,,0.0,0.0
1788088158.15,0,00,99.99,,,,0.0,0.0
1788088159.15,0,00,99.99,,,,0.0,0.0
1788088160.15,0,00,99.99,,,,0.0,0.0
1788088161.15,0,00,99.99,,,,0.0,0.0
1788088162.15,0,00,99.99,,,,0.0,0.0
1788088163.16,0,00,99.99,,,,0.0,0.0
1788088164.15,0,00,99.99,,,,0.0,0.0
1788088165.15,0,00,99.99,,,,0.0,0.0
1788088166.15,0,00,99.99,,,,0.0,0.0
1788088167.15,0,00,99.99,,,,0.0,0.0
1788088168.15,0,00,99.99,,,,0.0,0.0
1788088169.15,0,00,99.99,,,,0.0,0.0
1788088170.15,0,00,99.99,,,,0.0,0.0
1788088171.16,0,00,99.99,,,,0.0,0.0
1788088172.15,0,00,99.99,,,,0.0,0.0
1788088173.16,0,00,99.99,,,,0.0,0.0
1788088174.16,0,00,99.99,,,,0.0,0.0
1788088175.15,0,00,99.99,,,,0.0,0.0
1788088176.15,0,00,99.99,,,,0.0,0.0
1788088177.15,0,00,99.99,,,,0.0,0.0
1788088178.15,0,00,99.99,,,,0.0,0.0
1788088179.15,0,00,99.99,,,,0.0,0.0
1788088180.16,0,00,99.99,,,,0.0,0.0
1788088181.15,0,00,99.99,,,,0.0,0.0
1788088182.16,0,00,99.99,,,,0.0,0.0
1788088183.16,0,00,99.99,,,,0.0,0.0
1788088184.15,0,00,99.99,,,,0.0,0.0
1788088185.16,0,00,99.99,,,,0.0,0.0
1788088186.15,0,00,99.99,,,,0.0,0.0
1788088187.15,0,00,99.99,,,,0.0,0.0
1788088188.15,0,00,99.99,,,,0.0,0.0
1788088189.15,0,00,99.99,,,,0.0,0.0
1788088190.15,0,00,99.99,,,,0.0,0.0
1788088191.15,0,00,99.99,,,,0.0,0.0
1788088192.15,0,00,99.99,,,,0.0,0.0
1788088193.15,0,00,99.99,,,,0.0,0.0
1788088194.15,0,00,99.99,,,,0.0,0.0
1788088195.15,0,00,99.99,,,,0.0,0.0
1788088196.15,0,00,99.99,,,,0.0,0.0
1788088197.15,0,00,99.99,,,,0.0,0.0
1788088198.15,0,00,99.99,,,,0.0,0.0
1788088199.15,0,00,99.99,,,,0.0,0.0
1788088200.15,0,00,99.99,,,,0.0,0.0
1788088201.15,0,00,99.99,,,,0.0,0.0
1788088202.15,0,00,99.99,,,,0.0,0.0
1788088203.15,0,00,99.99,,,,0.0,0.0
1788088204.15,0,00,99.99,,,,0.0,0.0
1788088205.15,0,00,99.99,,,,0.0,0.0
1788088206.15,0,00,99.99,,,,0.0,0.0
1788088207.15,0,00,99.99,,,,0.0,0.0
1788088208.15,0,00,99.99,,,,0.0,0.0
1788088209.15,0,00,99.99,,,,0.0,0.0
1788088210.15,0,00,99.99,,,,0.0,0.0
1788088211.15,0,00,99.99,,,,0.0,0.0
1788088212.15,0,00,99.99,,,,0.0,0.0
1788088213.15,0,00,99.99,,,,0.0,0.0
1788088214.15,0,00,99.99,,,,0.0,0.0
1788088215.15,0,00,99.99,,,,0.0,0.0
1788088216.15,0,00,99.99,,,,0.0,0.0
1788088217.15,0,00,99.99,,,,0.0,0.0
1788088218.15,0,00,99.99,,,,0.0,0.0
1788088219.15,0,00,99.99,,,,0.0,0.0
1788088220.15,0,00,99.99,,,,0.0,0.0
1788088221.15,0,00,99.99,,,,0.0,0.0
1788088222.15,0,00,99.99,,,,0.0,0.0
1788088223.15,0,00,99.99,,,,0.0,0.0
1788088224.15,0,00,99.99,,,,0.0,0.0
1788088225.15,0,00,99.99,,,,0.0,0.0
1788088226.15,0,00,99.99,,,,0.0,0.0
1788088227.15,0,00,99.99,,,,0.0,0.0
1788088228.15,0,00,99.99,,,,0.0,0.0
1788088229.15,0,00,99.99,,,,0.0,0.0
1788088230.15,0,00,99.99,,,,0.0,0.0
1788088231.15,0,00,99.99,,,,0.0,0.0
1788088232.15,0,00,99.99,,,,0.0,0.0
1788088233.15,0,00,99.99,,,,0.0,0.0
1788088234.15,0,00,99.99,,,,0.0,0.0
1788088235.15,0,00,99.99,,,,0.0,0.0
1788088236.15,0,00,99.99,,,,0.0,0.0
1788088237.15,0,00,99.99,,,,0.0,0.0
1788088238.15,0,00,99.99,,,,0.0,0.0
1788088239.15,0,00,99.99,,,,0.0,0.0
1788088240.15,0,00,99.99,,,,0.0,0.0
1788088241.15,0,00,99.99,,,,0.0,0.0
1788088242.15,0,00,99.99,,,,0.0,0.0
1788088243.15,0,00,99.99,,,,0.0,0.0
1788088244.15,0,00,99.99,,,,0.0,0.0
1788088245.15,0,00,99.99,,,,0.0,0.0
1788088246.15,0,00,99.99,,,,0.0,0.0
1788088247.15,0,00,99.99,,,,0.0,0.0
1788088248.15,0,00,99.99,,,,0.0,0.0
1788088249.15,0,00,99.99,,,,0.0,0.0
1788088250.15,0,00,99.99,,,,0.0,0.0
1788088251.15,0,00,99.99,,,,0.0,0.0
1788088252.16,0,00,99.99,,,,0.0,0.0
1788088253.15,0,00,99.99,,,,0.0,0.0
1788088254.15,0,00,99.99,,,,0.0,0.0
1788088255.15,0,00,99.99,,,,0.0,0.0
1788088256.15,0,00,99.99,,,,0.0,0.0
1788088257.15,0,00,99.99,,,,0.0,0.0
1788088258.15,0,00,99.99,,,,0.0,0.0
1788088259.16,0,00,99.99,,,,0.0,0.0
1788088260.16,0,00,99.99,,,,0.0,0.0
1788088261.16,0,00,99.99,,,,0.0,0.0
1788088262.16,0,00,99.99,,,,0.0,0.0
1788088263.16,0,00,99.99,,,,0.0,0.0
1788088264.16,0,00,99.99,,,,0.0,0.0
1788088265.16,0,00,99.99,,,,0.0,0.0
1788088266.16,0,00,99.99,,,,0.0,0.0
1788088267.16,0,00,99.99,,,,0.0,0.0
1788088268.15,0,00,99.99,,,,0.0,0.0
1788088269.16,0,00,99.99,,,,0.0,0.0
1788088270.16,0,00,99.99,,,,0.0,0.0
1788088271.16,0,00,99.99,,,,0.0,0.0
1788088272.16,0,00,99.99,,,,0.0,0.0
1788088273.16,0,00,99.99,,,,0.0,0.0
1788088274.16,0,00,99.99,,,,0.0,0.0
1788088275.16,0,00,99.99,,,,0.0,0.0
1788088276.16,0,00,99.99,,,,0.0,0.0
1788088277.15,0,00,99.99,,,,0.0,0.0
1788088278.15,0,00,99.99,,,,0.0,0.0
1788088279.15,0,00,99.99,,,,0.0,0.0
1788088280.15,0,00,99.99,,,,0.0,0.0
1788088281.15,0,00,99.99,,,,0.0,0.0
1788088282.15,0,00,99.99,,,,0.0,0.0
1788088283.15,0,00,99.99,,,,0.0,0.0
1788088284.15,0,00,99.99,,,,0.0,0.0
1788088285.15,0,00,99.99,,,,0.0,0.0
1788088286.15,0,00,99.99,,,,0.0,0.0
1788088287.15,0,00,99.99,,,,0.0,0.0
1788088288.15,0,00,99.99,,,,0.0,0.0
1788088289.16,0,00,99.99,,,,0.0,0.0
1788088290.15,0,00,99.99,,,,0.0,0.0
1788088291.15,0,00,99.99,,,,0.0,0.0
1788088292.15,0,00,99.99,,,,0.0,0.0
1788088293.15,0,00,99.99,,,,0.0,0.0
1788088294.15,0,00,99.99,,,,0.0,0.0
1788088295.15,0,00,99.99,,,,0.0,0.0
1788088296.15,0,00,99.99,,,,0.0,0.0
1788088297.15,0,00,99.99,,,,0.0,0.0
1788088298.15,0,00,99.99,,,,0.0,0.0
1788088299.15,0,00,99.99,,,,0.0,0.0
1788088300.15,0,00,99.99,,,,0.0,0.0
1788088301.15,0,00,99.99,,,,0.0,0.0
1788088302.15,0,00,99.99,,,,0.0,0.0
1788088303.15,0,00,99.99,,,,0.0,0.0
1788088304.15,0,00,99.99,,,,0.0,0.0
1788088305.15,0,00,99.99,,,,0.0,0.0
1788088306.15,0,00,99.99,,,,0.0,0.0
1788088307.15,0,00,99.99,,,,0.0,0.0
1788088308.15,0,00,99.99,,,,0.0,0.0
1788088309.15,0,00,99.99,,,,0.0,0.0
1788088310.15,0,00,99.99,,,,0.0,0.0
1788088311.15,0,00,99.99,,,,0.0,0.0
1788088312.15,0,00,99.99,,,,0.0,0.0
1788088313.15,0,00,99.99,,,,0.0,0.0
1788088314.15,0,00,99.99,,,,0.0,0.0
1788088315.15,0,00,99.99,,,,0.0,0.0
1788088316.15,0,00,99.99,,,,0.0,0.0
1788088317.15,0,00,99.99,,,,0.0,0.0
1788088318.15,0,00,99.99,,,,0.0,0.0
1788088319.15,0,00,99.99,,,,0.0,0.0
1788088320.15,0,00,99.99,,,,0.0,0.0
1788088321.15,0,00,99.99,,,,0.0,0.0
1788088322.15,0,00,99.99,,,,0.0,0.0
1788088323.15,0,00,99.99,,,,0.0,0.0
1788088324.15,0,00,99.99,,,,0.0,0.0
1788088325.15,0,00,99.99,,,,0.0,0.0
1788088326.15,0,00,99.99,,,,0.0,0.0
1788088327.15,0,00,99.99,,,,0.0,0.0
1788088328.15,0,00,99.99,,,,0.0,0.0
1788088329.15,0,00,99.99,,,,0.0,0.0
1788088330.15,0,00,99.99,,,,0.0,0.0
1788088331.15,0,00,99.99,,,,0.0,0.0
1788088332.15,0,00,99.99,,,,0.0,0.0
1788088333.15,0,00,99.99,,,,0.0,0.0
1788088334.15,0,00,99.99,,,,0.0,0.0
1788088335.15,0,00,99.99,,,,0.0,0.0
1788088336.16,0,00,99.99,,,,0.0,0.0
1788088337.15,0,00,99.99,,,,0.0,0.0
1788088338.15,0,00,99.99,,,,0.0,0.0
1788088339.15,0,00,99.99,,,,0.0,0.0
1788088340.16,0,00,99.99,,,,0.0,0.0
1788088341.15,0,00,99.99,,,,0.0,0.0
1788088342.15,0,00,99.99,,,,0.0,0.0
1788088343.15,0,00,99.99,,,,0.0,0.0
1788088344.15,0,00,99.99,,,,0.0,0.0
1788088345.16,0,00,99.99,,,,0.0,0.0
1788088346.15,0,00,99.99,,,,0.0,0.0
1788088347.15,0,00,99.99,,,,0.0,0.0
1788088348.15,0,00,99.99,,,,0.0,0.0
1788088349.15,0,00,99.99,,,,0.0,0.0
1788088350.15,0,00,99.99,,,,0.0,0.0
1788088351.15,0,00,99.99,,,,0.0,0.0
1788088352.15,0,00,99.99,,,,0.0,0.0
1788088353.15,0,00,99.99,,,,0.0,0.0
1788088354.15,0,00,99.99,,,,0.0,0.0
1788088355.15,0,00,99.99,,,,0.0,0.0
1788088356.15,0,00,99.99,,,,0.0,0.0
1788088357.15,0,00,99.99,,,,0.0,0.0
1788088358.15,0,00,99.99,,,,0.0,0.0
1788088359.15,0,00,99.99,,,,0.0,0.0
1788088360.15,0,00,99.99,,,,0.0,0.0
1788088361.15,0,00,99.99,,,,0.0,0.0
1788088362.15,0,00,99.99,,,,0.0,0.0
1788088363.15,0,00,99.99,,,,0.0,0.0
1788088364.15,0,00,99.99,,,,0.0,0.0
1788088365.15,0,00,99.99,,,,0.0,0.0
1788088366.15,0,00,99.99,,,,0.0,0.0
1788088367.15,0,00,99.99,,,,0.0,0.0
1788088368.15,0,00,99.99,,,,0.0,0.0
1788088369.15,0,00,99.99,,,,0.0,0.0
1788088370.15,0,00,99.99,,,,0.0,0.0
1788088371.15,0,00,99.99,,,,0.0,0.0
1788088372.15,0,00,99.99,,,,0.0,0.0
1788088373.15,0,00,99.99,,,,0.0,0.0
1788088374.15,0,00,99.99,,,,0.0,0.0
1788088375.15,0,00,99.99,,,,0.0,0.0
1788088376.15,0,00,99.99,,,,0.0,0.0
1788088377.15,0,00,99.99,,,,0.0,0.0
1788088378.15,0,00,99.99,,,,0.0,0.0
1788088379.15,0,00,99.99,,,,0.0,0.0
1788088380.15,0,00,99.99,,,,0.0,0.0
1788088381.16,0,00,99.99,,,,0.0,0.0
1788088382.15,0,00,99.99,,,,0.0,0.0
1788088383.15,0,00,99.99,,,,0.0,0.0
1788088384.15,0,00,99.99,,,,0.0,0.0
1788088385.15,0,00,99.99,,,,0.0,0.0
1788088386.15,0,00,99.99,,,,0.0,0.0
1788088387.16,0,00,99.99,,,,0.0,0.0
1788088388.15,0,00,99.99,,,,0.0,0.0
1788088389.15,0,00,99.99,,,,0.0,0.0
1788088390.15,0,00,99.99,,,,0.0,0.0
1788088391.15,0,00,99.99,,,,0.0,0.0
1788088392.15,0,00,99.99,,,,0.0,0.0
1788088393.15,0,00,99.99,,,,0.0,0.0
1788088394.14,0,00,99.99,,,,0.0,0.0
1788088395.14,0,00,99.99,,,,0.0,0.0
1788088396.15,0,00,99.99,,,,0.0,0.0
1788088397.15,0,00,99.99,,,,0.0,0.0
1788088398.15,0,00,99.99,,,,0.0,0.0
1788088399.15,0,00,99.99,,,,0.0,0.0
1788088400.14,0,00,99.99,,,,0.0,0.0
1788088401.15,0,00,99.99,,,,0.0,0.0
1788088402.15,0,00,99.99,,,,0.0,0.0
1788088403.15,0,00,99.99,,,,0.0,0.0
1788088404.15,0,00,99.99,,,,0.0,0.0
1788088405.15,0,00,99.99,,,,0.0,0.0
1788088406.15,0,00,99.99,,,,0.0,0.0
1788088407.15,0,00,99.99,,,,0.0,0.0
1788088408.15,0,00,99.99,,,,0.0,0.0
1788088409.15,0,00,99.99,,,,0.0,0.0
1788088410.15,0,00,99.99,,,,0.0,0.0
1788088411.15,0,00,99.99,,,,0.0,0.0
1788088412.15,0,00,99.99,,,,0.0,0.0
1788088413.15,0,00,99.99,,,,0.0,0.0
1788088414.15,0,00,99.99,,,,0.0,0.0
1788088415.15,0,00,99.99,,,,0.0,0.0
1788088416.15,0,00,99.99,,,,0.0,0.0
1788088417.15,0,00,99.99,,,,0.0,0.0
1788088418.15,0,00,99.99,,,,0.0,0.0
1788088419.15,0,00,99.99,,,,0.0,0.0
1788088420.15,0,00,99.99,,,,0.0,0.0
1788088421.15,0,00,99.99,,,,0.0,0.0
1788088422.15,0,00,99.99,,,,0.0,0.0
1788088423.15,0,00,99.99,,,,0.0,0.0
1788088424.15,0,00,99.99,,,,0.0,0.0
1788088425.15,0,00,99.99,,,,0.0,0.0
1788088426.15,0,00,99.99,,,,0.0,0.0
1788088427.15,0,00,99.99,,,,0.0,0.0
1788088428.14,0,00,99.99,,,,0.0,0.0
1788088429.15,0,00,99.99,,,,0.0,0.0
1788088430.15,0,00,99.99,,,,0.0,0.0
1788088431.15,0,00,99.99,,,,0.0,0.0
1788088432.15,0,00,99.99,,,,0.0,0.0
1788088433.15,0,00,99.99,,,,0.0,0.0
1788088434.15,0,00,99.99,,,,0.0,0.0
1788088435.14,0,00,99.99,,,,0.0,0.0
1788088436.15,0,00,99.99,,,,0.0,0.0
1788088437.14,0,00,99.99,,,,0.0,0.0
1788088438.15,0,00,99.99,,,,0.0,0.0
1788088439.14,0,00,99.99,,,,0.0,0.0
1788088440.15,0,00,99.99,,,,0.0,0.0
1788088441.14,0,00,99.99,,,,0.0,0.0
1788088442.15,0,00,99.99,,,,0.0,0.0
1788088443.15,0,00,99.99,,,,0.0,0.0
1788088444.15,0,00,99.99,,,,0.0,0.0
1788088445.15,0,00,99.99,,,,0.0,0.0
1788088446.15,0,00,99.99,,,,0.0,0.0
1788088447.15,0,00,99.99,,,,0.0,0.0
1788088448.15,0,00,99.99,,,,0.0,0.0
1788088449.15,0,00,99.99,,,,0.0,0.0
1788088450.15,0,00,99.99,,,,0.0,0.0
1788088451.15,0,00,99.99,,,,0.0,0.0
1788088452.15,0,00,99.99,,,,0.0,0.0
1788088453.15,0,00,99.99,,,,0.0,0.0
1788088454.15,0,00,99.99,,,,0.0,0.0
1788088455.15,0,00,99.99,,,,0.0,0.0
1788088456.15,0,00,99.99,,,,0.0,0.0
1788088457.15,0,00,99.99,,,,0.0,0.0
1788088458.15,0,00,99.99,,,,0.0,0.0
1788088459.15,0,00,99.99,,,,0.0,0.0
1788088460.15,0,00,99.99,,,,0.0,0.0
1788088461.15,0,00,99.99,,,,0.0,0.0
1788088462.15,0,00,99.99,,,,0.0,0.0
1788088463.15,0,00,99.99,,,,0.0,0.0
1788088464.15,0,00,99.99,,,,0.0,0.0
1788088465.15,0,00,99.99,,,,0.0,0.0
1788088466.15,0,00,99.99,,,,0.0,0.0
1788088467.15,0,00,99.99,,,,0.0,0.0
1788088468.15,0,00,99.99,,,,0.0,0.0
1788088469.15,0,00,99.99,,,,0.0,0.0
1788088470.15,0,00,99.99,,,,0.0,0.0
1788088471.15,0,00,99.99,,,,0.0,0.0
1788088472.15,0,00,99.99,,,,0.0,0.0
1788088473.15,0,00,99.99,,,,0.0,0.0
1788088474.15,0,00,99.99,,,,0.0,0.0
1788088475.15,0,00,99.99,,,,0.0,0.0
1788088476.15,0,00,99.99,,,,0.0,0.0
1788088477.14,0,00,99.99,,,,0.0,0.0
1788088478.14,0,00,99.99,,,,0.0,0.0
1788088479.14,0,00,99.99,,,,0.0,0.0
1788088480.14,0,00,99.99,,,,0.0,0.0
1788088481.14,0,00,99.99,,,,0.0,0.0
1788088482.15,0,00,99.99,,,,0.0,0.0
1788088483.14,0,00,99.99,,,,0.0,0.0
1788088484.14,0,00,99.99,,,,0.0,0.0
1788088485.14,0,00,99.99,,,,0.0,0.0
1788088486.14,0,00,99.99,,,,0.0,0.0
1788088487.14,0,00,99.99,,,,0.0,0.0
1788088488.14,0,00,99.99,,,,0.0,0.0
1788088489.14,0,00,99.99,,,,0.0,0.0
1788088490.14,0,00,99.99,,,,0.0,0.0
1788088491.15,0,00,99.99,,,,0.0,0.0
1788088492.15,0,00,99.99,,,,0.0,0.0
1788088493.14,0,00,99.99,,,,0.0,0.0
1788088494.14,0,00,99.99,,,,0.0,0.0
1788088495.14,0,00,99.99,,,,0.0,0.0
1788088496.14,0,00,99.99,,,,0.0,0.0
1788088497.14,0,00,99.99,,,,0.0,0.0
1788088498.14,0,00,99.99,,,,0.0,0.0
1788088499.14,0,00,99.99,,,,0.0,0.0
1788088500.14,0,00,99.99,,,,0.0,0.0
1788088501.15,0,00,99.99,,,,0.0,0.0
1788088502.14,0,00,99.99,,,,0.0,0.0
1788088503.14,0,00,99.99,,,,0.0,0.0
1788088504.14,0,00,99.99,,,,0.0,0.0
1788088505.14,0,00,99.99,,,,0.0,0.0
1788088506.14,0,00,99.99,,,,0.0,0.0
1788088507.14,0,00,99.99,,,,0.0,0.0
1788088508.14,0,00,99.99,,,,0.0,0.0
1788088509.14,0,00,99.99,,,,0.0,0.0
1788088510.14,0,00,99.99,,,,0.0,0.0
1788088511.15,0,00,99.99,,,,0.0,0.0
1788088512.15,0,00,99.99,,,,0.0,0.0
1788088513.15,0,00,99.99,,,,0.0,0.0
1788088514.15,0,00,99.99,,,,0.0,0.0
1788088515.15,0,00,99.99,,,,0.0,0.0
1788088516.15,0,00,99.99,,,,0.0,0.0
1788088517.15,0,00,99.99,,,,0.0,0.0
1788088518.15,0,00,99.99,,,,0.0,0.0
1788088519.15,0,00,99.99,,,,0.0,0.0
1788088520.15,0,00,99.99,,,,0.0,0.0
1788088521.15,0,00,99.99,,,,0.0,0.0
1788088522.15,0,00,99.99,,,,0.0,0.0
1788088523.15,0,00,99.99,,,,0.0,0.0
1788088524.15,0,00,99.99,,,,0.0,0.0
1788088525.15,0,00,99.99,,,,0.0,0.0
1788088526.15,0,00,99.99,,,,0.0,0.0
1788088527.15,0,00,99.99,,,,0.0,0.0
1788088528.15,0,00,99.99,,,,0.0,0.0
1788088529.15,0,00,99.99,,,,0.0,0.0
1788088530.15,0,00,99.99,,,,0.0,0.0
1788088531.15,0,00,99.99,,,,0.0,0.0
1788088532.15,0,00,99.99,,,,0.0,0.0
1788088533.15,0,00,99.99,,,,0.0,0.0
1788088534.15,0,00,99.99,,,,0.0,0.0
1788088535.15,0,00,99.99,,,,0.0,0.0
1788088536.15,0,00,99.99,,,,0.0,0.0
1788088537.15,0,00,99.99,,,,0.0,0.0
1788088538.15,0,00,99.99,,,,0.0,0.0
1788088539.15,0,00,99.99,,,,0.0,0.0
1788088540.15,0,00,99.99,,,,0.0,0.0
1788088541.15,0,00,99.99,,,,0.0,0.0
1788088542.15,0,00,99.99,,,,0.0,0.0
1788088543.15,0,00,99.99,,,,0.0,0.0
1788088544.15,0,00,99.99,,,,0.0,0.0
1788088545.15,0,00,99.99,,,,0.0,0.0
1788088546.15,0,00,99.99,,,,0.0,0.0
1788088547.15,0,00,99.99,,,,0.0,0.0
1788088548.15,0,00,99.99,,,,0.0,0.0
1788088549.15,0,00,99.99,,,,0.0,0.0
1788088550.15,0,00,99.99,,,,0.0,0.0
1788088551.15,0,00,99.99,,,,0.0,0.0
1788088552.15,0,00,99.99,,,,0.0,0.0
1788088553.15,0,00,99.99,,,,0.0,0.0
1788088554.15,0,00,99.99,,,,0.0,0.0
1788088555.15,0,00,99.99,,,,0.0,0.0
1788088556.15,0,00,99.99,,,,0.0,0.0
1788088557.15,0,00,99.99,,,,0.0,0.0
1788088558.15,0,00,99.99,,,,0.0,0.0
1788088559.15,0,00,99.99,,,,0.0,0.0
1788088560.15,0,00,99.99,,,,0.0,0.0
1788088561.15,0,00,99.99,,,,0.0,0.0
1788088562.14,0,00,99.99,,,,0.0,0.0
1788088563.15,0,00,99.99,,,,0.0,0.0
1788088564.15,0,00,99.99,,,,0.0,0.0
1788088565.15,0,00,99.99,,,,0.0,0.0
1788088566.14,0,00,99.99,,,,0.0,0.0
1788088567.15,0,00,99.99,,,,0.0,0.0
1788088568.15,0,00,99.99,,,,0.0,0.0
1788088569.15,0,00,99.99,,,,0.0,0.0
1788088570.15,0,00,99.99,,,,0.0,0.0
1788088571.14,0,00,99.99,,,,0.0,0.0
1788088572.15,0,00,99.99,,,,0.0,0.0
1788088573.15,0,00,99.99,,,,0.0,0.0
1788088574.15,0,00,99.99,,,,0.0,0.0
1788088575.15,0,00,99.99,,,,0.0,0.0
1788088576.15,0,00,99.99,,,,0.0,0.0
1788088577.15,0,00,99.99,,,,0.0,0.0
1788088578.15,0,00,99.99,,,,0.0,0.0
1788088579.15,0,00,99.99,,,,0.0,0.0
1788088580.15,0,00,99.99,,,,0.0,0.0
1788088581.15,0,00,99.99,,,,0.0,0.0
1788088582.15,0,00,99.99,,,,0.0,0.0
1788088583.15,0,00,99.99,,,,0.0,0.0
1788088584.15,0,00,99.99,,,,0.0,0.0
1788088585.15,0,00,99.99,,,,0.0,0.0
1788088586.15,0,00,99.99,,,,0.0,0.0
1788088587.15,0,00,99.99,,,,0.0,0.0
1788088588.15,0,00,99.99,,,,0.0,0.0
1788088589.15,0,00,99.99,,,,0.0,0.0
1788088590.15,0,00,99.99,,,,0.0,0.0
1788088591.15,0,00,99.99,,,,0.0,0.0
1788088592.15,0,00,99.99,,,,0.0,0.0
1788088593.15,0,00,99.99,,,,0.0,0.0
1788088594.15,0,00,99.99,,,,0.0,0.0
1788088595.14,0,00,99.99,,,,0.0,0.0
1788088596.15,0,00,99.99,,,,0.0,0.0
1788088597.15,0,00,99.99,,,,0.0,0.0
1788088598.15,0,00,99.99,,,,0.0,0.0
1788088599.15,0,00,99.99,,,,0.0,0.0
1788088600.15,0,00,99.99,,,,0.0,0.0
1788088601.15,0,00,99.99,,,,0.0,0.0
1788088602.15,0,00,99.99,,,,0.0,0.0
1788088603.15,0,00,99.99,,,,0.0,0.0
1788088604.15,0,00,99.99,,,,0.0,0.0
1788088605.15,0,00,99.99,,,,0.0,0.0
1788088606.15,0,00,99.99,,,,0.0,0.0
1788088607.15,0,00,99.99,,,,0.0,0.0
1788088608.15,0,00,99.99,,,,0.0,0.0
1788088609.15,0,00,99.99,,,,0.0,0.0
1788088610.15,0,00,99.99,,,,0.0,0.0
1788088611.15,0,00,99.99,,,,0.0,0.0
1788088612.15,0,00,99.99,,,,0.0,0.0
1788088613.15,0,00,99.99,,,,0.0,0.0
1788088614.15,0,00,99.99,,,,0.0,0.0
1788088615.15,0,00,99.99,,,,0.0,0.0
1788088616.15,0,00,99.99,,,,0.0,0.0
1788088617.15,0,00,99.99,,,,0.0,0.0
1788088618.15,0,00,99.99,,,,0.0,0.0
1788088619.15,0,00,99.99,,,,0.0,0.0
1788088620.15,0,00,99.99,,,,0.0,0.0
1788088621.15,0,00,99.99,,,,0.0,0.0
1788088622.15,0,00,99.99,,,,0.0,0.0
1788088623.15,0,00,99.99,,,,0.0,0.0
1788088624.14,0,00,99.99,,,,0.0,0.0
1788088625.14,0,00,99.99,,,,0.0,0.0
1788088626.15,0,00,99.99,,,,0.0,0.0
1788088627.15,0,00,99.99,,,,0.0,0.0
1788088628.14,0,00,99.99,,,,0.0,0.0
1788088629.14,0,00,99.99,,,,0.0,0.0
1788088630.14,0,00,99.99,,,,0.0,0.0
1788088631.15,0,00,99.99,,,,0.0,0.0
1788088632.14,0,00,99.99,,,,0.0,0.0
1788088633.15,0,00,99.99,,,,0.0,0.0
1788088634.15,0,00,99.99,,,,0.0,0.0
1788088635.15,0,00,99.99,,,,0.0,0.0
1788088636.15,0,00,99.99,,,,0.0,0.0
1788088637.15,0,00,99.99,,,,0.0,0.0
1788088638.15,0,00,99.99,,,,0.0,0.0
1788088639.15,0,00,99.99,,,,0.0,0.0
1788088640.15,0,00,99.99,,,,0.0,0.0
1788088641.15,0,00,99.99,,,,0.0,0.0
1788088642.15,0,00,99.99,,,,0.0,0.0
1788088643.15,0,00,99.99,,,,0.0,0.0
1788088644.15,0,00,99.99,,,,0.0,0.0
1788088645.15,0,00,99.99,,,,0.0,0.0
1788088646.15,0,00,99.99,,,,0.0,0.0
1788088647.15,0,00,99.99,,,,0.0,0.0
1788088648.15,0,00,99.99,,,,0.0,0.0
1788088649.15,0,00,99.99,,,,0.0,0.0
1788088650.15,0,00,99.99,,,,0.0,0.0
1788088651.15,0,00,99.99,,,,0.0,0.0
1788088652.15,0,00,99.99,,,,0.0,0.0
1788088653.15,0,00,99.99,,,,0.0,0.0
1788088654.15,0,00,99.99,,,,0.0,0.0
1788088655.15,0,00,99.99,,,,0.0,0.0
1788088656.15,0,00,99.99,,,,0.0,0.0
1788088657.15,0,00,99.99,,,,0.0,0.0
1788088658.15,0,00,99.99,,,,0.0,0.0
1788088659.15,0,00,99.99,,,,0.0,0.0
1788088660.15,0,00,99.99,,,,0.0,0.0
1788088661.15,0,00,99.99,,,,0.0,0.0
1788088662.14,0,00,99.99,,,,0.0,0.0
1788088663.14,0,00,99.99,,,,0.0,0.0
1788088664.14,0,00,99.99,,,,0.0,0.0
1788088665.15,0,00,99.99,,,,0.0,0.0
1788088666.15,0,00,99.99,,,,0.0,0.0
1788088667.14,0,00,99.99,,,,0.0,0.0
1788088668.14,0,00,99.99,,,,0.0,0.0
1788088669.14,0,00,99.99,,,,0.0,0.0
1788088670.15,0,00,99.99,,,,0.0,0.0
1788088671.14,0,00,99.99,,,,0.0,0.0
1788088672.15,0,00,99.99,,,,0.0,0.0
1788088673.14,0,00,99.99,,,,0.0,0.0
1788088674.14,0,00,99.99,,,,0.0,0.0
1788088675.15,0,00,99.99,,,,0.0,0.0
1788088676.14,0,00,99.99,,,,0.0,0.0
1788088677.14,0,00,99.99,,,,0.0,0.0
1788088678.15,0,00,99.99,,,,0.0,0.0
1788088679.14,0,00,99.99,,,,0.0,0.0
1788088680.14,0,00,99.99,,,,0.0,0.0
1788088681.15,0,00,99.99,,,,0.0,0.0
1788088682.14,0,00,99.99,,,,0.0,0.0
1788088683.14,0,00,99.99,,,,0.0,0.0
1788088684.15,0,00,99.99,,,,0.0,0.0
1788088685.14,0,00,99.99,,,,0.0,0.0
1788088686.15,0,00,99.99,,,,0.0,0.0
1788088687.15,0,00,99.99,,,,0.0,0.0
1788088688.14,0,00,99.99,,,,0.0,0.0
1788088689.14,0,00,99.99,,,,0.0,0.0
1788088690.14,0,00,99.99,,,,0.0,0.0
1788088691.14,0,00,99.99,,,,0.0,0.0
1788088692.15,0,00,99.99,,,,0.0,0.0
1788088693.14,0,00,99.99,,,,0.0,0.0
1788088694.14,0,00,99.99,,,,0.0,0.0
1788088695.15,0,00,99.99,,,,0.0,0.0
1788088696.16,0,00,99.99,,,,0.0,0.0
1788088697.15,0,00,99.99,,,,0.0,0.0
1788088698.15,0,00,99.99,,,,0.0,0.0
1788088699.15,0,00,99.99,,,,0.0,0.0
1788088700.15,0,00,99.99,,,,0.0,0.0
1788088701.15,0,00,99.99,,,,0.0,0.0
1788088702.15,0,00,99.99,,,,0.0,0.0
1788088703.15,0,00,99.99,,,,0.0,0.0
1788088704.15,0,00,99.99,,,,0.0,0.0
1788088705.15,0,00,99.99,,,,0.0,0.0
1788088706.15,0,00,99.99,,,,0.0,0.0
1788088707.15,0,00,99.99,,,,0.0,0.0
1788088708.15,0,00,99.99,,,,0.0,0.0
1788088709.15,0,00,99.99,,,,0.0,0.0
1788088710.14,0,00,99.99,,,,0.0,0.0
1788088711.15,0,00,99.99,,,,0.0,0.0
1788088712.15,0,00,99.99,,,,0.0,0.0
1788088713.15,0,00,99.99,,,,0.0,0.0
1788088714.15,0,00,99.99,,,,0.0,0.0
1788088715.15,0,00,99.99,,,,0.0,0.0
1788088716.15,0,00,99.99,,,,0.0,0.0
1788088717.15,0,00,99.99,,,,0.0,0.0
1788088718.15,0,00,99.99,,,,0.0,0.0
1788088719.15,0,00,99.99,,,,0.0,0.0
1788088720.15,0,00,99.99,,,,0.0,0.0
1788088721.15,0,00,99.99,,,,0.0,0.0
1788088722.15,0,00,99.99,,,,0.0,0.0
1788088723.15,0,00,99.99,,,,0.0,0.0
1788088724.15,0,00,99.99,,,,0.0,0.0
1788088725.15,0,00,99.99,,,,0.0,0.0
1788088726.15,0,00,99.99,,,,0.0,0.0
1788088727.15,0,00,99.99,,,,0.0,0.0
1788088728.15,0,00,99.99,,,,0.0,0.0
1788088729.15,0,00,99.99,,,,0.0,0.0
1788088730.15,0,00,99.99,,,,0.0,0.0
1788088731.15,0,00,99.99,,,,0.0,0.0
1788088732.15,0,00,99.99,,,,0.0,0.0
1788088733.15,0,00,99.99,,,,0.0,0.0
1788088734.15,0,00,99.99,,,,0.0,0.0
1788088735.14,0,00,99.99,,,,0.0,0.0
1788088736.14,0,00,99.99,,,,0.0,0.0
1788088737.14,0,00,99.99,,,,0.0,0.0
1788088738.15,0,00,99.99,,,,0.0,0.0
1788088739.15,0,00,99.99,,,,0.0,0.0
1788088740.15,0,00,99.99,,,,0.0,0.0
1788088741.15,0,00,99.99,,,,0.0,0.0
1788088742.15,0,00,99.99,,,,0.0,0.0
1788088743.15,0,00,99.99,,,,0.0,0.0
1788088744.15,0,00,99.99,,,,0.0,0.0
1788088745.15,0,00,99.99,,,,0.0,0.0
1788088746.15,0,00,99.99,,,,0.0,0.0
1788088747.15,0,00,99.99,,,,0.0,0.0
1788088748.15,0,00,99.99,,,,0.0,0.0
1788088749.15,0,00,99.99,,,,0.0,0.0
1788088750.15,0,00,99.99,,,,0.0,0.0
1788088751.15,0,00,99.99,,,,0.0,0.0
1788088752.15,0,00,99.99,,,,0.0,0.0
1788088753.15,0,00,99.99,,,,0.0,0.0
1788088754.15,0,00,99.99,,,,0.0,0.0
1788088755.15,0,00,99.99,,,,0.0,0.0
1788088756.15,0,00,99.99,,,,0.0,0.0
1788088757.15,0,00,99.99,,,,0.0,0.0
1788088758.15,0,00,99.99,,,,0.0,0.0
1788088759.15,0,00,99.99,,,,0.0,0.0
1788088760.15,0,00,99.99,,,,0.0,0.0
1788088761.15,0,00,99.99,,,,0.0,0.0
1788088762.15,0,00,99.99,,,,0.0,0.0
1788088763.15,0,00,99.99,,,,0.0,0.0
1788088764.15,0,00,99.99,,,,0.0,0.0
1788088765.15,0,00,99.99,,,,0.0,0.0
1788088766.15,0,00,99.99,,,,0.0,0.0
1788088767.14,0,00,99.99,,,,0.0,0.0
1788088768.15,0,00,99.99,,,,0.0,0.0
1788088769.15,0,00,99.99,,,,0.0,0.0
1788088770.15,0,00,99.99,,,,0.0,0.0
1788088771.14,0,00,99.99,,,,0.0,0.0
1788088772.14,0,00,99.99,,,,0.0,0.0
1788088773.14,0,00,99.99,,,,0.0,0.0
1788088774.14,0,00,99.99,,,,0.0,0.0
1788088775.14,0,00,99.99,,,,0.0,0.0
1788088776.14,0,00,99.99,,,,0.0,0.0
1788088777.14,0,00,99.99,,,,0.0,0.0
1788088778.14,0,00,99.99,,,,0.0,0.0
1788088779.14,0,00,99.99,,,,0.0,0.0
1788088780.14,0,00,99.99,,,,0.0,0.0
1788088781.14,0,00,99.99,,,,0.0,0.0
1788088782.14,0,00,99.99,,,,0.0,0.0
1788088783.14,0,00,99.99,,,,0.0,0.0
1788088784.14,0,00,99.99,,,,0.0,0.0
1788088785.15,0,00,99.99,,,,0.0,0.0
1788088786.15,0,00,99.99,,,,0.0,0.0
1788088787.15,0,00,99.99,,,,0.0,0.0
1788088788.15,0,00,99.99,,,,0.0,0.0
1788088789.15,0,00,99.99,,,,0.0,0.0
1788088790.15,0,00,99.99,,,,0.0,0.0
1788088791.15,0,00,99.99,,,,0.0,0.0
1788088792.15,0,00,99.99,,,,0.0,0.0
1788088793.15,0,00,99.99,,,,0.0,0.0
1788088794.15,0,00,99.99,,,,0.0,0.0
1788088795.15,0,00,99.99,,,,0.0,0.0
1788088796.15,0,00,99.99,,,,0.0,0.0
1788088797.15,0,00,99.99,,,,0.0,0.0
1788088798.14,0,00,99.99,,,,0.0,0.0
1788088799.15,0,00,99.99,,,,0.0,0.0
1788088800.15,0,00,99.99,,,,0.0,0.0
1788088801.15,0,00,99.99,,,,0.0,0.0
1788088802.15,0,00,99.99,,,,0.0,0.0
1788088803.15,0,00,99.99,,,,0.0,0.0
1788088804.14,0,00,99.99,,,,0.0,0.0
1788088805.14,0,00,99.99,,,,0.0,0.0
1788088806.15,0,00,99.99,,,,0.0,0.0
1788088807.14,0,00,99.99,,,,0.0,0.0
1788088808.14,0,00,99.99,,,,0.0,0.0
1788088809.14,0,00,99.99,,,,0.0,0.0
1788088810.15,0,00,99.99,,,,0.0,0.0
1788088811.15,0,00,99.99,,,,0.0,0.0
1788088812.15,0,00,99.99,,,,0.0,0.0
1788088813.15,0,00,99.99,,,,0.0,0.0
1788088814.14,0,00,99.99,,,,0.0,0.0
1788088815.14,0,00,99.99,,,,0.0,0.0
1788088816.15,0,00,99.99,,,,0.0,0.0
1788088817.15,0,00,99.99,,,,0.0,0.0
1788088818.15,0,00,99.99,,,,0.0,0.0
1788088819.15,0,00,99.99,,,,0.0,0.0
1788088820.15,0,00,99.99,,,,0.0,0.0
1788088821.15,0,00,99.99,,,,0.0,0.0
1788088822.15,0,00,99.99,,,,0.0,0.0
1788088823.14,0,00,99.99,,,,0.0,0.0
1788088824.15,0,00,99.99,,,,0.0,0.0
1788088825.14,0,00,99.99,,,,0.0,0.0
1788088826.15,0,00,99.99,,,,0.0,0.0
1788088827.14,0,00,99.99,,,,0.0,0.0
1788088828.14,0,00,99.99,,,,0.0,0.0
1788088829.15,0,00,99.99,,,,0.0,0.0
1788088830.15,0,00,99.99,,,,0.0,0.0
1788088831.15,0,00,99.99,,,,0.0,0.0
1788088832.14,0,00,99.99,,,,0.0,0.0
1788088833.14,0,00,99.99,,,,0.0,0.0
1788088834.14,0,00,99.99,,,,0.0,0.0
1788088835.15,0,00,99.99,,,,0.0,0.0
1788088836.15,0,00,99.99,,,,0.0,0.0
1788088837.15,0,00,99.99,,,,0.0,0.0
1788088838.15,0,00,99.99,,,,0.0,0.0
1788088839.15,0,00,99.99,,,,0.0,0.0
1788088840.15,0,00,99.99,,,,0.0,0.0
1788088841.15,0,00,99.99,,,,0.0,0.0
1788088842.15,0,00,99.99,,,,0.0,0.0
1788088843.14,0,00,99.99,,,,0.0,0.0
1788088844.14,0,00,99.99,,,,0.0,0.0
1788088845.14,0,00,99.99,,,,0.0,0.0
1788088846.14,0,00,99.99,,,,0.0,0.0
1788088847.14,0,00,99.99,,,,0.0,0.0
1788088848.14,0,00,99.99,,,,0.0,0.0
1788088849.14,0,00,99.99,,,,0.0,0.0
1788088850.14,0,00,99.99,,,,0.0,0.0
1788088851.14,0,00,99.99,,,,0.0,0.0
1788088852.14,0,00,99.99,,,,0.0,0.0
1788088853.14,0,00,99.99,,,,0.0,0.0
1788088854.14,0,00,99.99,,,,0.0,0.0
1788088855.14,0,00,99.99,,,,0.0,0.0
1788088856.14,0,00,99.99,,,,0.0,0.0
1788088857.14,0,00,99.99,,,,0.0,0.0
1788088858.14,0,00,99.99,,,,0.0,0.0
1788088859.14,0,00,99.99,,,,0.0,0.0
1788088860.14,0,00,99.99,,,,0.0,0.0
1788088861.14,0,00,99.99,,,,0.0,0.0
1788088862.14,0,00,99.99,,,,0.0,0.0
1788088863.14,0,00,99.99,,,,0.0,0.0
1788088864.14,0,00,99.99,,,,0.0,0.0
1788088865.14,0,00,99.99,,,,0.0,0.0
1788088866.14,0,00,99.99,,,,0.0,0.0
1788088867.14,0,00,99.99,,,,0.0,0.0
1788088868.14,0,00,99.99,,,,0.0,0.0
1788088869.14,0,00,99.99,,,,0.0,0.0
1788088870.14,0,00,99.99,,,,0.0,0.0
1788088871.14,0,00,99.99,,,,0.0,0.0
1788088872.14,0,00,99.99,,,,0.0,0.0
1788088873.14,0,00,99.99,,,,0.0,0.0
1788088874.14,0,00,99.99,,,,0.0,0.0
1788088875.14,0,00,99.99,,,,0.0,0.0
1788088876.14,0,00,99.99,,,,0.0,0.0
1788088877.14,0,00,99.99,,,,0.0,0.0
1788088878.14,0,00,99.99,,,,0.0,0.0
1788088879.14,0,00,99.99,,,,0.0,0.0
1788088880.14,0,00,99.99,,,,0.0,0.0
1788088881.14,0,00,99.99,,,,0.0,0.0
1788088882.14,0,00,99.99,,,,0.0,0.0
1788088883.14,0,00,99.99,,,,0.0,0.0
1788088884.14,0,00,99.99,,,,0.0,0.0
1788088885.15,0,00,99.99,,,,0.0,0.0
1788088886.15,0,00,99.99,,,,0.0,0.0
1788088887.14,0,00,99.99,,,,0.0,0.0
1788088888.15,0,00,99.99,,,,0.0,0.0
1788088889.15,0,00,99.99,,,,0.0,0.0
1788088890.15,0,00,99.99,,,,0.0,0.0
1788088891.15,0,00,99.99,,,,0.0,0.0
1788088892.15,0,00,99.99,,,,0.0,0.0
1788088893.15,0,00,99.99,,,,0.0,0.0
1788088894.14,0,00,99.99,,,,0.0,0.0
1788088895.14,0,00,99.99,,,,0.0,0.0
1788088896.14,0,00,99.99,,,,0.0,0.0
1788088897.14,0,00,99.99,,,,0.0,0.0
1788088898.14,0,00,99.99,,,,0.0,0.0
1788088899.14,0,00,99.99,,,,0.0,0.0
1788088900.14,0,00,99.99,,,,0.0,0.0
1788088901.14,0,00,99.99,,,,0.0,0.0
1788088902.15,0,00,99.99,,,,0.0,0.0
1788088903.14,0,00,99.99,,,,0.0,0.0
1788088904.15,0,00,99.99,,,,0.0,0.0
1788088905.15,0,00,99.99,,,,0.0,0.0
1788088906.15,0,00,99.99,,,,0.0,0.0
1788088907.15,0,00,99.99,,,,0.0,0.0
1788088908.15,0,00,99.99,,,,0.0,0.0
1788088909.15,0,00,99.99,,,,0.0,0.0
1788088910.15,0,00,99.99,,,,0.0,0.0
1788088911.15,0,00,99.99,,,,0.0,0.0
1788088912.15,0,00,99.99,,,,0.0,0.0
1788088913.15,0,00,99.99,,,,0.0,0.0
1788088914.15,0,00,99.99,,,,0.0,0.0
1788088915.15,0,00,99.99,,,,0.0,0.0
1788088916.15,0,00,99.99,,,,0.0,0.0
1788088917.15,0,00,99.99,,,,0.0,0.0
1788088918.14,0,00,99.99,,,,0.0,0.0
1788088919.14,0,00,99.99,,,,0.0,0.0
1788088920.14,0,00,99.99,,,,0.0,0.0
1788088921.14,0,00,99.99,,,,0.0,0.0
1788088922.14,0,00,99.99,,,,0.0,0.0
1788088923.14,0,00,99.99,,,,0.0,0.0
1788088924.14,0,00,99.99,,,,0.0,0.0
1788088925.14,0,00,99.99,,,,0.0,0.0
1788088926.14,0,00,99.99,,,,0.0,0.0
1788088927.14,0,00,99.99,,,,0.0,0.0
1788088928.14,0,00,99.99,,,,0.0,0.0
1788088929.14,0,00,99.99,,,,0.0,0.0
1788088930.14,0,00,99.99,,,,0.0,0.0
1788088931.14,0,00,99.99,,,,0.0,0.0
1788088932.14,0,00,99.99,,,,0.0,0.0
1788088933.14,0,00,99.99,,,,0.0,0.0
1788088934.14,0,00,99.99,,,,0.0,0.0
1788088935.14,0,00,99.99,,,,0.0,0.0
1788088936.14,0,00,99.99,,,,0.0,0.0
1788088937.14,0,00,99.99,,,,0.0,0.0
1788088938.14,0,00,99.99,,,,0.0,0.0
1788088939.14,0,00,99.99,,,,0.0,0.0
1788088940.14,0,00,99.99,,,,0.0,0.0
1788088941.14,0,00,99.99,,,,0.0,0.0
1788088942.14,0,00,99.99,,,,0.0,0.0
1788088943.14,0,00,99.99,,,,0.0,0.0
1788088944.14,0,00,99.99,,,,0.0,0.0
1788088945.14,0,00,99.99,,,,0.0,0.0
1788088946.14,0,00,99.99,,,,0.0,0.0
1788088947.14,0,00,99.99,,,,0.0,0.0
1788088948.14,0,00,99.99,,,,0.0,0.0
1788088949.14,0,00,99.99,,,,0.0,0.0
1788088950.14,0,00,99.99,,,,0.0,0.0
1788088951.14,0,00,99.99,,,,0.0,0.0
1788088952.14,0,00,99.99,,,,0.0,0.0
1788088953.14,0,00,99.99,,,,0.0,0.0
1788088954.14,0,00,99.99,,,,0.0,0.0
1788088955.14,0,00,99.99,,,,0.0,0.0
1788088956.14,0,00,99.99,,,,0.0,0.0
1788088957.14,0,00,99.99,,,,0.0,0.0
1788088958.14,0,00,99.99,,,,0.0,0.0
1788088959.14,0,00,99.99,,,,0.0,0.0
1788088960.14,0,00,99.99,,,,0.0,0.0
1788088961.14,0,00,99.99,,,,0.0,0.0
1788088962.14,0,00,99.99,,,,0.0,0.0
1788088963.14,0,00,99.99,,,,0.0,0.0
1788088964.14,0,00,99.99,,,,0.0,0.0
1788088965.14,0,00,99.99,,,,0.0,0.0
1788088966.14,0,00,99.99,,,,0.0,0.0
1788088967.14,0,00,99.99,,,,0.0,0.0
1788088968.14,0,00,99.99,,,,0.0,0.0
1788088969.14,0,00,99.99,,,,0.0,0.0
1788088970.14,0,00,99.99,,,,0.0,0.0
1788088971.14,0,00,99.99,,,,0.0,0.0
1788088972.14,0,00,99.99,,,,0.0,0.0
1788088973.14,0,00,99.99,,,,0.0,0.0
1788088974.14,0,00,99.99,,,,0.0,0.0
1788088975.14,0,00,99.99,,,,0.0,0.0
1788088976.14,0,00,99.99,,,,0.0,0.0
1788088977.14,0,00,99.99,,,,0.0,0.0
1788088978.14,0,00,99.99,,,,0.0,0.0
1788088979.14,0,00,99.99,,,,0.0,0.0
1788088980.14,0,00,99.99,,,,0.0,0.0
1788088981.14,0,00,99.99,,,,0.0,0.0
1788088982.14,0,00,99.99,,,,0.0,0.0
1788088983.14,0,00,99.99,,,,0.0,0.0
1788088984.14,0,00,99.99,,,,0.0,0.0
1788088985.14,0,00,99.99,,,,0.0,0.0
1788088986.14,0,00,99.99,,,,0.0,0.0
1788088987.14,0,00,99.99,,,,0.0,0.0
1788088988.14,0,00,99.99,,,,0.0,0.0
1788088989.14,0,00,99.99,,,,0.0,0.0
1788088990.14,0,00,99.99,,,,0.0,0.0
1788088991.14,0,00,99.99,,,,0.0,0.0
1788088992.14,0,00,99.99,,,,0.0,0.0
1788088993.14,0,00,99.99,,,,0.0,0.0
1788088994.14,0,00,99.99,,,,0.0,0.0
1788088995.14,0,00,99.99,,,,0.0,0.0
1788088996.14,0,00,99.99,,,,0.0,0.0
1788088997.14,0,00,99.99,,,,0.0,0.0
1788088998.14,0,00,99.99,,,,0.0,0.0
1788088999.14,0,00,99.99,,,,0.0,0.0
1788089000.14,0,00,99.99,,,,0.0,0.0
1788089001.14,0,00,99.99,,,,0.0,0.0
1788089002.14,0,00,99.99,,,,0.0,0.0
1788089003.14,0,00,99.99,,,,0.0,0.0
1788089004.14,0,00,99.99,,,,0.0,0.0
1788089005.14,0,00,99.99,,,,0.0,0.0
1788089006.14,0,00,99.99,,,,0.0,0.0
1788089007.14,0,00,99.99,,,,0.0,0.0
1788089008.14,0,00,99.99,,,,0.0,0.0
1788089009.14,0,00,99.99,,,,0.0,0.0
1788089010.14,0,00,99.99,,,,0.0,0.0
1788089011.14,0,00,99.99,,,,0.0,0.0
1788089012.14,0,00,99.99,,,,0.0,0.0
1788089013.14,0,00,99.99,,,,0.0,0.0
1788089014.14,0,00,99.99,,,,0.0,0.0
1788089015.14,0,00,99.99,,,,0.0,0.0
1788089016.14,0,00,99.99,,,,0.0,0.0
1788089017.14,0,00,99.99,,,,0.0,0.0
1788089018.14,0,00,99.99,,,,0.0,0.0
1788089019.14,0,00,99.99,,,,0.0,0.0
1788089020.14,0,00,99.99,,,,0.0,0.0
1788089021.14,0,00,99.99,,,,0.0,0.0
1788089022.15,0,00,99.99,,,,0.0,0.0
1788089023.14,0,00,99.99,,,,0.0,0.0
1788089024.14,0,00,99.99,,,,0.0,0.0
1788089025.14,0,00,99.99,,,,0.0,0.0
1788089026.15,0,00,99.99,,,,0.0,0.0
1788089027.15,0,00,99.99,,,,0.0,0.0
1788089028.14,0,00,99.99,,,,0.0,0.0
1788089029.14,0,00,99.99,,,,0.0,0.0
1788089030.14,0,00,99.99,,,,0.0,0.0
1788089031.14,0,00,99.99,,,,0.0,0.0
1788089032.14,0,00,99.99,,,,0.0,0.0
1788089034.14,0,00,99.99,,,,0.0,0.0
1788089035.14,0,00,99.99,,,,0.0,0.0
1788089036.14,0,00,99.99,,,,0.0,0.0
1788089037.14,0,00,99.99,,,,0.0,0.0
1788089038.14,0,00,99.99,,,,0.0,0.0
1788089039.14,0,00,99.99,,,,0.0,0.0
1788089040.14,0,00,99.99,,,,0.0,0.0
1788089041.14,0,00,99.99,,,,0.0,0.0
1788089042.14,0,00,99.99,,,,0.0,0.0
1788089043.14,0,00,99.99,,,,0.0,0.0
1788089044.14,0,00,99.99,,,,0.0,0.0
1788089045.14,0,00,99.99,,,,0.0,0.0
1788089046.14,0,00,99.99,,,,0.0,0.0
1788089047.14,0,00,99.99,,,,0.0,0.0
1788089048.14,0,00,99.99,,,,0.0,0.0
1788089049.14,0,00,99.99,,,,0.0,0.0
1788089050.14,0,00,99.99,,,,0.0,0.0
1788089051.14,0,00,99.99,,,,0.0,0.0
1788089052.14,0,00,99.99,,,,0.0,0.0
1788089053.14,0,00,99.99,,,,0.0,0.0
1788089054.14,0,00,99.99,,,,0.0,0.0
1788089055.14,0,00,99.99,,,,0.0,0.0
1788089056.14,0,00,99.99,,,,0.0,0.0
1788089057.14,0,00,99.99,,,,0.0,0.0
1788089058.14,0,00,99.99,,,,0.0,0.0
1788089059.14,0,00,99.99,,,,0.0,0.0
1788089060.14,0,00,99.99,,,,0.0,0.0
1788089061.14,0,00,99.99,,,,0.0,0.0
1788089062.14,0,00,99.99,,,,0.0,0.0
1788089063.14,0,00,99.99,,,,0.0,0.0
1788089064.15,0,00,99.99,,,,0.0,0.0
1788089065.14,0,00,99.99,,,,0.0,0.0
1788089066.14,0,00,99.99,,,,0.0,0.0
1788089067.14,0,00,99.99,,,,0.0,0.0
1788089068.14,0,00,99.99,,,,0.0,0.0
1788089069.14,0,00,99.99,,,,0.0,0.0
1788089070.14,0,00,99.99,,,,0.0,0.0
1788089071.14,0,00,99.99,,,,0.0,0.0
1788089072.14,0,00,99.99,,,,0.0,0.0
1788089073.14,0,00,99.99,,,,0.0,0.0
1788089074.14,0,00,99.99,,,,0.0,0.0
1788089075.14,0,00,99.99,,,,0.0,0.0
1788089076.14,0,00,99.99,,,,0.0,0.0
1788089077.14,0,00,99.99,,,,0.0,0.0
1788089078.14,0,00,99.99,,,,0.0,0.0
1788089079.14,0,00,99.99,,,,0.0,0.0
1788089080.14,0,00,99.99,,,,0.0,0.0
1788089081.15,0,00,99.99,,,,0.0,0.0
1788089082.14,0,00,99.99,,,,0.0,0.0
1788089083.14,0,00,99.99,,,,0.0,0.0
1788089084.15,0,00,99.99,,,,0.0,0.0
1788089085.14,0,00,99.99,,,,0.0,0.0
1788089086.14,0,00,99.99,,,,0.0,0.0
1788089087.15,0,00,99.99,,,,0.0,0.0
1788089088.15,0,00,99.99,,,,0.0,0.0
1788089089.15,0,00,99.99,,,,0.0,0.0
1788089090.15,0,00,99.99,,,,0.0,0.0
1788089091.15,0,00,99.99,,,,0.0,0.0
1788089092.14,0,00,99.99,,,,0.0,0.0
1788089093.15,0,00,99.99,,,,0.0,0.0
1788089094.15,0,00,99.99,,,,0.0,0.0
1788089095.15,0,00,99.99,,,,0.0,0.0
1788089096.15,0,00,99.99,,,,0.0,0.0
1788089097.15,0,00,99.99,,,,0.0,0.0
1788089098.15,0,00,99.99,,,,0.0,0.0
1788089099.15,0,00,99.99,,,,0.0,0.0
1788089100.15,0,00,99.99,,,,0.0,0.0
1788089101.15,0,00,99.99,,,,0.0,0.0
1788089102.14,0,00,99.99,,,,0.0,0.0
1788089103.15,0,00,99.99,,,,0.0,0.0
1788089104.15,0,00,99.99,,,,0.0,0.0
1788089105.14,0,00,99.99,,,,0.0,0.0
1788089106.15,0,00,99.99,,,,0.0,0.0
1788089107.14,0,00,99.99,,,,0.0,0.0
1788089108.14,0,00,99.99,,,,0.0,0.0
1788089109.14,0,00,99.99,,,,0.0,0.0
1788089110.15,0,00,99.99,,,,0.0,0.0
1788089111.15,0,00,99.99,,,,0.0,0.0
1788089112.14,0,00,99.99,,,,0.0,0.0
1788089113.15,0,00,99.99,,,,0.0,0.0
1788089114.14,0,00,99.99,,,,0.0,0.0
1788089115.15,0,00,99.99,,,,0.0,0.0
1788089116.15,0,00,99.99,,,,0.0,0.0
1788089117.15,0,00,99.99,,,,0.0,0.0
1788089118.14,0,00,99.99,,,,0.0,0.0
1788089119.15,0,00,99.99,,,,0.0,0.0
1788089120.15,0,00,99.99,,,,0.0,0.0
1788089121.14,0,00,99.99,,,,0.0,0.0
1788089122.14,0,00,99.99,,,,0.0,0.0
1788089123.14,0,00,99.99,,,,0.0,0.0
1788089124.15,0,00,99.99,,,,0.0,0.0
1788089125.14,0,00,99.99,,,,0.0,0.0
1788089126.14,0,00,99.99,,,,0.0,0.0
1788089127.14,0,00,99.99,,,,0.0,0.0
1788089128.15,0,00,99.99,,,,0.0,0.0
1788089129.14,0,00,99.99,,,,0.0,0.0
1788089130.15,0,00,99.99,,,,0.0,0.0
1788089131.15,0,00,99.99,,,,0.0,0.0
1788089132.15,0,00,99.99,,,,0.0,0.0
1788089133.15,0,00,99.99,,,,0.0,0.0
1788089134.15,0,00,99.99,,,,0.0,0.0
1788089135.14,0,00,99.99,,,,0.0,0.0
1788089136.13,0,00,99.99,,,,0.0,0.0
1788089137.14,0,00,99.99,,,,0.0,0.0
1788089138.14,0,00,99.99,,,,0.0,0.0
1788089139.14,0,00,99.99,,,,0.0,0.0
1788089140.14,0,00,99.99,,,,0.0,0.0
1788089141.14,0,00,99.99,,,,0.0,0.0
1788089142.14,0,00,99.99,,,,0.0,0.0
1788089143.14,0,00,99.99,,,,0.0,0.0
1788089144.14,0,00,99.99,,,,0.0,0.0
1788089145.14,0,00,99.99,,,,0.0,0.0
1788089146.13,0,00,99.99,,,,0.0,0.0
1788089147.13,0,00,99.99,,,,0.0,0.0
1788089148.13,0,00,99.99,,,,0.0,0.0
1788089149.14,0,00,99.99,,,,0.0,0.0
1788089150.14,0,00,99.99,,,,0.0,0.0
1788089151.14,0,00,99.99,,,,0.0,0.0
1788089152.14,0,00,99.99,,,,0.0,0.0
1788089153.14,0,00,99.99,,,,0.0,0.0
1788089154.13,0,00,99.99,,,,0.0,0.0
1788089155.14,0,00,99.99,,,,0.0,0.0
1788089156.14,0,00,99.99,,,,0.0,0.0
1788089157.14,0,00,99.99,,,,0.0,0.0
1788089158.14,0,00,99.99,,,,0.0,0.0
1788089159.14,0,00,99.99,,,,0.0,0.0
1788089160.14,0,00,99.99,,,,0.0,0.0
1788089161.14,0,00,99.99,,,,0.0,0.0
1788089162.14,0,00,99.99,,,,0.0,0.0
1788089163.14,0,00,99.99,,,,0.0,0.0
1788089164.14,0,00,99.99,,,,0.0,0.0
1788089165.14,0,00,99.99,,,,0.0,0.0
1788089166.14,0,00,99.99,,,,0.0,0.0
1788089167.14,0,00,99.99,,,,0.0,0.0
1788089168.14,0,00,99.99,,,,0.0,0.0
1788089169.14,0,00,99.99,,,,0.0,0.0
1788089170.14,0,00,99.99,,,,0.0,0.0
1788089171.14,0,00,99.99,,,,0.0,0.0
1788089172.14,0,00,99.99,,,,0.0,0.0
1788089173.14,0,00,99.99,,,,0.0,0.0
1788089174.14,0,00,99.99,,,,0.0,0.0
1788089175.14,0,00,99.99,,,,0.0,0.0
1788089176.14,0,00,99.99,,,,0.0,0.0
1788089177.14,0,00,99.99,,,,0.0,0.0
1788089178.14,0,00,99.99,,,,0.0,0.0
1788089179.14,0,00,99.99,,,,0.0,0.0
1788089180.14,0,00,99.99,,,,0.0,0.0
1788089181.15,0,00,99.99,,,,0.0,0.0
1788089182.15,0,00,99.99,,,,0.0,0.0
1788089183.14,0,00,99.99,,,,0.0,0.0
1788089184.14,0,00,99.99,,,,0.0,0.0
1788089185.14,0,00,99.99,,,,0.0,0.0
1788089186.14,0,00,99.99,,,,0.0,0.0
1788089187.14,0,00,99.99,,,,0.0,0.0
1788089188.14,0,00,99.99,,,,0.0,0.0
1788089189.14,0,00,99.99,,,,0.0,0.0
1788089190.14,0,00,99.99,,,,0.0,0.0
1788089191.14,0,00,99.99,,,,0.0,0.0
1788089192.14,0,00,99.99,,,,0.0,0.0
1788089193.14,0,00,99.99,,,,0.0,0.0
1788089194.14,0,00,99.99,,,,0.0,0.0
1788089195.14,0,00,99.99,,,,0.0,0.0
1788089196.14,0,00,99.99,,,,0.0,0.0
1788089197.15,0,00,99.99,,,,0.0,0.0
1788089198.14,0,00,99.99,,,,0.0,0.0
1788089199.14,0,00,99.99,,,,0.0,0.0
1788089200.15,0,00,99.99,,,,0.0,0.0
1788089201.14,0,00,99.99,,,,0.0,0.0
1788089202.14,0,00,99.99,,,,0.0,0.0
1788089203.14,0,00,99.99,,,,0.0,0.0
1788089204.14,0,00,99.99,,,,0.0,0.0
1788089205.14,0,00,99.99,,,,0.0,0.0
1788089206.14,0,00,99.99,,,,0.0,0.0
1788089207.15,0,00,99.99,,,,0.0,0.0
1788089208.14,0,00,99.99,,,,0.0,0.0
1788089209.15,0,00,99.99,,,,0.0,0.0
1788089210.14,0,00,99.99,,,,0.0,0.0
1788089211.14,0,00,99.99,,,,0.0,0.0
1788089212.14,0,00,99.99,,,,0.0,0.0
1788089213.14,0,00,99.99,,,,0.0,0.0
1788089214.14,0,00,99.99,,,,0.0,0.0
1788089215.14,0,00,99.99,,,,0.0,0.0
1788089216.14,0,00,99.99,,,,0.0,0.0
1788089217.15,0,00,99.99,,,,0.0,0.0
1788089218.14,0,00,99.99,,,,0.0,0.0
1788089219.14,0,00,99.99,,,,0.0,0.0
1788089220.14,0,00,99.99,,,,0.0,0.0
1788089221.14,0,00,99.99,,,,0.0,0.0
1788089222.14,0,00,99.99,,,,0.0,0.0
1788089223.14,0,00,99.99,,,,0.0,0.0
1788089224.14,0,00,99.99,,,,0.0,0.0
1788089225.14,0,00,99.99,,,,0.0,0.0
1788089226.14,0,00,99.99,,,,0.0,0.0
1788089227.14,0,00,99.99,,,,0.0,0.0
1788089228.14,0,00,99.99,,,,0.0,0.0
1788089229.14,0,00,99.99,,,,0.0,0.0
1788089230.14,0,00,99.99,,,,0.0,0.0
1788089231.14,0,00,99.99,,,,0.0,0.0
1788089232.14,0,00,99.99,,,,0.0,0.0
1788089233.14,0,00,99.99,,,,0.0,0.0
1788089234.14,0,00,99.99,,,,0.0,0.0
1788089235.14,0,00,99.99,,,,0.0,0.0
1788089236.14,0,00,99.99,,,,0.0,0.0
1788089237.14,0,00,99.99,,,,0.0,0.0
1788089238.14,0,00,99.99,,,,0.0,0.0
1788089239.14,0,00,99.99,,,,0.0,0.0
1788089240.14,0,00,99.99,,,,0.0,0.0
1788089241.14,0,00,99.99,,,,0.0,0.0
1788089242.14,0,00,99.99,,,,0.0,0.0
1788089243.14,0,00,99.99,,,,0.0,0.0
1788089244.14,0,00,99.99,,,,0.0,0.0
1788089245.14,0,00,99.99,,,,0.0,0.0
1788089246.14,0,00,99.99,,,,0.0,0.0
1788089247.14,0,00,99.99,,,,0.0,0.0
1788089248.14,0,00,99.99,,,,0.0,0.0
1788089249.14,0,00,99.99,,,,0.0,0.0
1788089250.14,0,00,99.99,,,,0.0,0.0
1788089251.14,0,00,99.99,,,,0.0,0.0
1788089252.14,0,00,99.99,,,,0.0,0.0
1788089253.14,0,00,99.99,,,,0.0,0.0
1788089254.14,0,00,99.99,,,,0.0,0.0
1788089255.14,0,00,99.99,,,,0.0,0.0
1788089256.14,0,00,99.99,,,,0.0,0.0
1788089257.14,0,00,99.99,,,,0.0,0.0
1788089258.14,0,00,99.99,,,,0.0,0.0
1788089259.14,0,00,99.99,,,,0.0,0.0
1788089260.14,0,00,99.99,,,,0.0,0.0
1788089261.15,0,00,99.99,,,,0.0,0.0
1788089262.14,0,00,99.99,,,,0.0,0.0
1788089263.14,0,00,99.99,,,,0.0,0.0
1788089264.14,0,00,99.99,,,,0.0,0.0
1788089265.14,0,00,99.99,,,,0.0,0.0
1788089266.14,0,00,99.99,,,,0.0,0.0
1788089267.15,0,00,99.99,,,,0.0,0.0
1788089268.14,0,00,99.99,,,,0.0,0.0
1788089269.14,0,00,99.99,,,,0.0,0.0
1788089270.14,0,00,99.99,,,,0.0,0.0
1788089271.14,0,00,99.99,,,,0.0,0.0
1788089272.14,0,00,99.99,,,,0.0,0.0
1788089273.14,0,00,99.99,,,,0.0,0.0
1788089274.14,0,00,99.99,,,,0.0,0.0
1788089275.14,0,00,99.99,,,,0.0,0.0
1788089276.14,0,00,99.99,,,,0.0,0.0
1788089277.14,0,00,99.99,,,,0.0,0.0
1788089278.14,0,00,99.99,,,,0.0,0.0
1788089279.14,0,00,99.99,,,,0.0,0.0
1788089280.14,0,00,99.99,,,,0.0,0.0
1788089281.14,0,00,99.99,,,,0.0,0.0
1788089282.14,0,00,99.99,,,,0.0,0.0
1788089283.14,0,00,99.99,,,,0.0,0.0
1788089284.14,0,00,99.99,,,,0.0,0.0
1788089285.14,0,00,99.99,,,,0.0,0.0
1788089286.14,0,00,99.99,,,,0.0,0.0
1788089287.14,0,00,99.99,,,,0.0,0.0
1788089288.14,0,00,99.99,,,,0.0,0.0
1788089289.14,0,00,99.99,,,,0.0,0.0
1788089290.14,0,00,99.99,,,,0.0,0.0
1788089291.14,0,00,99.99,,,,0.0,0.0
1788089292.14,0,00,99.99,,,,0.0,0.0
1788089293.14,0,00,99.99,,,,0.0,0.0
1788089294.14,0,00,99.99,,,,0.0,0.0
1788089295.15,0,00,99.99,,,,0.0,0.0
1788089296.14,0,00,99.99,,,,0.0,0.0
1788089297.14,0,00,99.99,,,,0.0,0.0
1788089298.14,0,00,99.99,,,,0.0,0.0
1788089299.15,0,00,99.99,,,,0.0,0.0
1788089300.14,0,00,99.99,,,,0.0,0.0
1788089301.15,0,00,99.99,,,,0.0,0.0
1788089302.15,0,00,99.99,,,,0.0,0.0
1788089303.14,0,00,99.99,,,,0.0,0.0
1788089304.14,0,00,99.99,,,,0.0,0.0
1788089305.14,0,00,99.99,,,,0.0,0.0
1788089306.14,0,00,99.99,,,,0.0,0.0
1788089307.14,0,00,99.99,,,,0.0,0.0
1788089308.15,0,00,99.99,,,,0.0,0.0
1788089309.14,0,00,99.99,,,,0.0,0.0
1788089310.14,0,00,99.99,,,,0.0,0.0
1788089311.14,0,00,99.99,,,,0.0,0.0
1788089312.14,0,00,99.99,,,,0.0,0.0
1788089313.14,0,00,99.99,,,,0.0,0.0
1788089314.14,0,00,99.99,,,,0.0,0.0
1788089315.14,0,00,99.99,,,,0.0,0.0
1788089316.14,0,00,99.99,,,,0.0,0.0
1788089317.14,0,00,99.99,,,,0.0,0.0
1788089318.14,0,00,99.99,,,,0.0,0.0
1788089319.14,0,00,99.99,,,,0.0,0.0
1788089320.14,0,00,99.99,,,,0.0,0.0
1788089321.14,0,00,99.99,,,,0.0,0.0
1788089322.14,0,00,99.99,,,,0.0,0.0
1788089323.14,0,00,99.99,,,,0.0,0.0
1788089324.14,0,00,99.99,,,,0.0,0.0
1788089325.14,0,00,99.99,,,,0.0,0.0
1788089326.14,0,00,99.99,,,,0.0,0.0
1788089327.14,0,00,99.99,,,,0.0,0.0
1788089328.14,0,00,99.99,,,,0.0,0.0
1788089329.14,0,00,99.99,,,,0.0,0.0
1788089330.14,0,00,99.99,,,,0.0,0.0
1788089331.14,0,00,99.99,,,,0.0,0.0
1788089332.14,0,00,99.99,,,,0.0,0.0
1788089333.14,0,00,99.99,,,,0.0,0.0
1788089334.14,0,00,99.99,,,,0.0,0.0
1788089335.14,0,00,99.99,,,,0.0,0.0
1788089336.14,0,00,99.99,,,,0.0,0.0
1788089337.14,0,00,99.99,,,,0.0,0.0
1788089338.14,0,00,99.99,,,,0.0,0.0
1788089339.14,0,00,99.99,,,,0.0,0.0
1788089340.14,0,00,99.99,,,,0.0,0.0
1788089341.14,0,00,99.99,,,,0.0,0.0
1788089342.14,0,00,99.99,,,,0.0,0.0
1788089343.14,0,00,99.99,,,,0.0,0.0
1788089344.14,0,00,99.99,,,,0.0,0.0
1788089345.14,0,00,99.99,,,,0.0,0.0
1788089346.14,0,00,99.99,,,,0.0,0.0
1788089347.14,0,00,99.99,,,,0.0,0.0
1788089348.14,0,00,99.99,,,,0.0,0.0
1788089349.14,0,00,99.99,,,,0.0,0.0
1788089350.14,0,00,99.99,,,,0.0,0.0
1788089351.14,0,00,99.99,,,,0.0,0.0
1788089352.14,0,00,99.99,,,,0.0,0.0
1788089353.14,0,00,99.99,,,,0.0,0.0
1788089354.14,0,00,99.99,,,,0.0,0.0
1788089355.14,0,00,99.99,,,,0.0,0.0
1788089356.14,0,00,99.99,,,,0.0,0.0
1788089357.14,0,00,99.99,,,,0.0,0.0
1788089358.14,0,00,99.99,,,,0.0,0.0
1788089359.14,0,00,99.99,,,,0.0,0.0
1788089360.14,0,00,99.99,,,,0.0,0.0
1788089361.14,0,00,99.99,,,,0.0,0.0
1788089362.14,0,00,99.99,,,,0.0,0.0
1788089363.14,0,00,99.99,,,,0.0,0.0
1788089364.13,0,00,99.99,,,,0.0,0.0
1788089365.14,0,00,99.99,,,,0.0,0.0
1788089366.14,0,00,99.99,,,,0.0,0.0
1788089367.14,0,00,99.99,,,,0.0,0.0
1788089368.14,0,00,99.99,,,,0.0,0.0
1788089369.14,0,00,99.99,,,,0.0,0.0
1788089370.14,0,00,99.99,,,,0.0,0.0
1788089371.14,0,00,99.99,,,,0.0,0.0
1788089372.14,0,00,99.99,,,,0.0,0.0
1788089373.14,0,00,99.99,,,,0.0,0.0
1788089374.14,0,00,99.99,,,,0.0,0.0
1788089375.14,0,00,99.99,,,,0.0,0.0
1788089376.14,0,00,99.99,,,,0.0,0.0
1788089377.14,0,00,99.99,,,,0.0,0.0
1788089378.14,0,00,99.99,,,,0.0,0.0
1788089379.14,0,00,99.99,,,,0.0,0.0
1788089380.14,0,00,99.99,,,,0.0,0.0
1788089381.13,0,00,99.99,,,,0.0,0.0
1788089382.14,0,00,99.99,,,,0.0,0.0
1788089383.14,0,00,99.99,,,,0.0,0.0
1788089384.14,0,00,99.99,,,,0.0,0.0
1788089385.14,0,00,99.99,,,,0.0,0.0
1788089386.14,0,00,99.99,,,,0.0,0.0
1788089387.14,0,00,99.99,,,,0.0,0.0
1788089388.14,0,00,99.99,,,,0.0,0.0
1788089389.14,0,00,99.99,,,,0.0,0.0
1788089390.14,0,00,99.99,,,,0.0,0.0
1788089391.14,0,00,99.99,,,,0.0,0.0
1788089392.14,0,00,99.99,,,,0.0,0.0
1788089393.14,0,00,99.99,,,,0.0,0.0
1788089394.14,0,00,99.99,,,,0.0,0.0
1788089395.14,0,00,99.99,,,,0.0,0.0
1788089396.14,0,00,99.99,,,,0.0,0.0
1788089397.14,0,00,99.99,,,,0.0,0.0
1788089398.14,0,00,99.99,,,,0.0,0.0
1788089399.14,0,00,99.99,,,,0.0,0.0
1788089400.14,0,00,99.99,,,,0.0,0.0
1788089401.14,0,00,99.99,,,,0.0,0.0
1788089402.14,0,00,99.99,,,,0.0,0.0
1788089403.13,0,00,99.99,,,,0.0,0.0
1788089404.14,0,00,99.99,,,,0.0,0.0
1788089405.14,0,00,99.99,,,,0.0,0.0
1788089406.13,0,00,99.99,,,,0.0,0.0
1788089407.14,0,00,99.99,,,,0.0,0.0
1788089408.14,0,00,99.99,,,,0.0,0.0
1788089409.14,0,00,99.99,,,,0.0,0.0
1788089410.14,0,00,99.99,,,,0.0,0.0
1788089411.14,0,00,99.99,,,,0.0,0.0
1788089412.14,0,00,99.99,,,,0.0,0.0
1788089413.14,0,00,99.99,,,,0.0,0.0
1788089414.14,0,00,99.99,,,,0.0,0.0
1788089415.14,0,00,99.99,,,,0.0,0.0
1788089416.14,0,00,99.99,,,,0.0,0.0
1788089417.14,0,00,99.99,,,,0.0,0.0
1788089418.14,0,00,99.99,,,,0.0,0.0
1788089419.14,0,00,99.99,,,,0.0,0.0
1788089420.14,0,00,99.99,,,,0.0,0.0
1788089421.14,0,00,99.99,,,,0.0,0.0
1788089422.14,0,00,99.99,,,,0.0,0.0
1788089423.14,0,00,99.99,,,,0.0,0.0
1788089424.14,0,00,99.99,,,,0.0,0.0
1788089425.14,0,00,99.99,,,,0.0,0.0
1788089426.14,0,00,99.99,,,,0.0,0.0
1788089427.14,0,00,99.99,,,,0.0,0.0
1788089428.14,0,00,99.99,,,,0.0,0.0
1788089429.15,0,00,99.99,,,,0.0,0.0
1788089430.14,0,00,99.99,,,,0.0,0.0
1788089431.14,0,00,99.99,,,,0.0,0.0
1788089432.14,0,00,99.99,,,,0.0,0.0
1788089433.14,0,00,99.99,,,,0.0,0.0
1788089434.14,0,00,99.99,,,,0.0,0.0
1788089435.14,0,00,99.99,,,,0.0,0.0
1788089436.14,0,00,99.99,,,,0.0,0.0
1788089437.14,0,00,99.99,,,,0.0,0.0
1788089438.14,0,00,99.99,,,,0.0,0.0
1788089439.15,0,00,99.99,,,,0.0,0.0
1788089440.14,0,00,99.99,,,,0.0,0.0
1788089441.14,0,00,99.99,,,,0.0,0.0
1788089442.14,0,00,99.99,,,,0.0,0.0
1788089443.14,0,00,99.99,,,,0.0,0.0
1788089444.14,0,00,99.99,,,,0.0,0.0
1788089445.14,0,00,99.99,,,,0.0,0.0
1788089446.14,0,00,99.99,,,,0.0,0.0
1788089447.14,0,00,99.99,,,,0.0,0.0
1788089448.14,0,00,99.99,,,,0.0,0.0
1788089449.14,0,00,99.99,,,,0.0,0.0
1788089450.14,0,00,99.99,,,,0.0,0.0
1788089451.14,0,00,99.99,,,,0.0,0.0
1788089452.14,0,00,99.99,,,,0.0,0.0
1788089453.14,0,00,99.99,,,,0.0,0.0
1788089454.13,0,00,99.99,,,,0.0,0.0
1788089455.13,0,00,99.99,,,,0.0,0.0
1788089456.13,0,00,99.99,,,,0.0,0.0
1788089457.13,0,00,99.99,,,,0.0,0.0
1788089458.14,0,00,99.99,,,,0.0,0.0
1788089459.14,0,00,99.99,,,,0.0,0.0
1788089460.14,0,00,99.99,,,,0.0,0.0
1788089461.14,0,00,99.99,,,,0.0,0.0
1788089462.14,0,00,99.99,,,,0.0,0.0
1788089463.14,0,00,99.99,,,,0.0,0.0
1788089464.14,0,00,99.99,,,,0.0,0.0
1788089465.14,0,00,99.99,,,,0.0,0.0
1788089466.14,0,00,99.99,,,,0.0,0.0
1788089467.14,0,00,99.99,,,,0.0,0.0
1788089468.14,0,00,99.99,,,,0.0,0.0
1788089469.14,0,00,99.99,,,,0.0,0.0
1788089470.13,0,00,99.99,,,,0.0,0.0
1788089471.14,0,00,99.99,,,,0.0,0.0
1788089472.14,0,00,99.99,,,,0.0,0.0
1788089473.13,0,00,99.99,,,,0.0,0.0
1788089474.13,0,00,99.99,,,,0.0,0.0
1788089475.14,0,00,99.99,,,,0.0,0.0
1788089476.13,0,00,99.99,,,,0.0,0.0
1788089477.14,0,00,99.99,,,,0.0,0.0
1788089478.13,0,00,99.99,,,,0.0,0.0
1788089479.13,0,00,99.99,,,,0.0,0.0
1788089480.13,0,00,99.99,,,,0.0,0.0
1788089481.13,0,00,99.99,,,,0.0,0.0
1788089482.13,0,00,99.99,,,,0.0,0.0
1788089483.13,0,00,99.99,,,,0.0,0.0
1788089484.13,0,00,99.99,,,,0.0,0.0
1788089485.14,0,00,99.99,,,,0.0,0.0
1788089486.13,0,00,99.99,,,,0.0,0.0
1788089487.14,0,00,99.99,,,,0.0,0.0
1788089488.13,0,00,99.99,,,,0.0,0.0
1788089489.13,0,00,99.99,,,,0.0,0.0
1788089490.13,0,00,99.99,,,,0.0,0.0
1788089491.14,0,00,99.99,,,,0.0,0.0
1788089492.14,0,00,99.99,,,,0.0,0.0
1788089493.13,0,00,99.99,,,,0.0,0.0
1788089494.14,0,00,99.99,,,,0.0,0.0
1788089495.14,0,00,99.99,,,,0.0,0.0
1788089496.13,0,00,99.99,,,,0.0,0.0
1788089497.13,0,00,99.99,,,,0.0,0.0
1788089498.13,0,00,99.99,,,,0.0,0.0
1788089499.13,0,00,99.99,,,,0.0,0.0
1788089500.13,0,00,99.99,,,,0.0,0.0
1788089501.13,0,00,99.99,,,,0.0,0.0
1788089502.13,0,00,99.99,,,,0.0,0.0
1788089503.13,0,00,99.99,,,,0.0,0.0
1788089504.13,0,00,99.99,,,,0.0,0.0
1788089505.13,0,00,99.99,,,,0.0,0.0
1788089506.14,0,00,99.99,,,,0.0,0.0
1788089507.13,0,00,99.99,,,,0.0,0.0
1788089508.13,0,00,99.99,,,,0.0,0.0
1788089509.13,0,00,99.99,,,,0.0,0.0
1788089510.14,0,00,99.99,,,,0.0,0.0
1788089511.14,0,00,99.99,,,,0.0,0.0
1788089512.14,0,00,99.99,,,,0.0,0.0
1788089513.14,0,00,99.99,,,,0.0,0.0
1788089514.14,0,00,99.99,,,,0.0,0.0
1788089515.14,0,00,99.99,,,,0.0,0.0
1788089516.14,0,00,99.99,,,,0.0,0.0
1788089517.14,0,00,99.99,,,,0.0,0.0
1788089518.14,0,00,99.99,,,,0.0,0.0
1788089519.14,0,00,99.99,,,,0.0,0.0
1788089520.14,0,00,99.99,,,,0.0,0.0
1788089521.14,0,00,99.99,,,,0.0,0.0
1788089522.13,0,00,99.99,,,,0.0,0.0
1788089523.14,0,00,99.99,,,,0.0,0.0
1788089524.14,0,00,99.99,,,,0.0,0.0
1788089525.13,0,00,99.99,,,,0.0,0.0
1788089526.14,0,00,99.99,,,,0.0,0.0
1788089527.14,0,00,99.99,,,,0.0,0.0
1788089528.13,0,00,99.99,,,,0.0,0.0
1788089529.13,0,00,99.99,,,,0.0,0.0
1788089530.13,0,00,99.99,,,,0.0,0.0
1788089531.14,0,00,99.99,,,,0.0,0.0
1788089532.14,0,00,99.99,,,,0.0,0.0
1788089533.13,0,00,99.99,,,,0.0,0.0
1788089534.13,0,00,99.99,,,,0.0,0.0
1788089535.13,0,00,99.99,,,,0.0,0.0
1788089536.13,0,00,99.99,,,,0.0,0.0
1788089537.13,0,00,99.99,,,,0.0,0.0
1788089538.13,0,00,99.99,,,,0.0,0.0
1788089539.13,0,00,99.99,,,,0.0,0.0
1788089540.13,0,00,99.99,,,,0.0,0.0
1788089541.13,0,00,99.99,,,,0.0,0.0
1788089542.13,0,00,99.99,,,,0.0,0.0
1788089543.13,0,00,99.99,,,,0.0,0.0
1788089544.13,0,00,99.99,,,,0.0,0.0
1788089545.13,0,00,99.99,,,,0.0,0.0
1788089546.13,0,00,99.99,,,,0.0,0.0
1788089547.13,0,00,99.99,,,,0.0,0.0
1788089548.13,0,00,99.99,,,,0.0,0.0
1788089549.13,0,00,99.99,,,,0.0,0.0
1788089550.13,0,00,99.99,,,,0.0,0.0
1788089551.13,0,00,99.99,,,,0.0,0.0
1788089552.13,0,00,99.99,,,,0.0,0.0
1788089553.13,0,00,99.99,,,,0.0,0.0
1788089554.13,0,00,99.99,,,,0.0,0.0
1788089555.13,0,00,99.99,,,,0.0,0.0
1788089556.13,0,00,99.99,,,,0.0,0.0
1788089557.13,0,00,99.99,,,,0.0,0.0
1788089558.13,0,00,99.99,,,,0.0,0.0
1788089559.13,0,00,99.99,,,,0.0,0.0
1788089560.13,0,00,99.99,,,,0.0,0.0
1788089561.14,0,00,99.99,,,,0.0,0.0
1788089562.13,0,00,99.99,,,,0.0,0.0
1788089563.13,0,00,99.99,,,,0.0,0.0
1788089564.13,0,00,99.99,,,,0.0,0.0
1788089565.13,0,00,99.99,,,,0.0,0.0
1788089566.13,0,00,99.99,,,,0.0,0.0
1788089567.14,0,00,99.99,,,,0.0,0.0
1788089568.13,0,00,99.99,,,,0.0,0.0
1788089569.13,0,00,99.99,,,,0.0,0.0
1788089570.13,0,00,99.99,,,,0.0,0.0
1788089571.13,0,00,99.99,,,,0.0,0.0
1788089572.13,0,00,99.99,,,,0.0,0.0
1788089573.13,0,00,99.99,,,,0.0,0.0
1788089574.13,0,00,99.99,,,,0.0,0.0
1788089575.13,0,00,99.99,,,,0.0,0.0
1788089576.13,0,00,99.99,,,,0.0,0.0
1788089577.13,0,00,99.99,,,,0.0,0.0
1788089578.13,0,00,99.99,,,,0.0,0.0
1788089579.13,0,00,99.99,,,,0.0,0.0
1788089580.13,0,00,99.99,,,,0.0,0.0
1788089581.13,0,00,99.99,,,,0.0,0.0
1788089582.13,0,00,99.99,,,,0.0,0.0
1788089583.13,0,00,99.99,,,,0.0,0.0
1788089584.13,0,00,99.99,,,,0.0,0.0
1788089585.13,0,00,99.99,,,,0.0,0.0
1788089586.13,0,00,99.99,,,,0.0,0.0
1788089587.13,0,00,99.99,,,,0.0,0.0
1788089588.14,0,00,99.99,,,,0.0,0.0
1788089589.13,0,00,99.99,,,,0.0,0.0
1788089590.13,0,00,99.99,,,,0.0,0.0
1788089591.14,0,00,99.99,,,,0.0,0.0
1788089592.13,0,00,99.99,,,,0.0,0.0
1788089593.13,0,00,99.99,,,,0.0,0.0
1788089594.13,0,00,99.99,,,,0.0,0.0
1788089595.13,0,00,99.99,,,,0.0,0.0
1788089596.13,0,00,99.99,,,,0.0,0.0
1788089597.13,0,00,99.99,,,,0.0,0.0
1788089598.13,0,00,99.99,,,,0.0,0.0
1788089599.13,0,00,99.99,,,,0.0,0.0
1788089600.14,0,00,99.99,,,,0.0,0.0
1788089601.13,0,00,99.99,,,,0.0,0.0
1788089602.14,0,00,99.99,,,,0.0,0.0
1788089603.14,0,00,99.99,,,,0.0,0.0
1788089604.14,0,00,99.99,,,,0.0,0.0
1788089605.14,0,00,99.99,,,,0.0,0.0
1788089606.14,0,00,99.99,,,,0.0,0.0
1788089607.13,0,00,99.99,,,,0.0,0.0
1788089608.13,0,00,99.99,,,,0.0,0.0
1788089609.13,0,00,99.99,,,,0.0,0.0
1788089610.13,0,00,99.99,,,,0.0,0.0
1788089611.13,0,00,99.99,,,,0.0,0.0
1788089612.13,0,00,99.99,,,,0.0,0.0
1788089613.13,0,00,99.99,,,,0.0,0.0
1788089614.14,0,00,99.99,,,,0.0,0.0
1788089615.13,0,00,99.99,,,,0.0,0.0
1788089616.13,0,00,99.99,,,,0.0,0.0
1788089617.13,0,00,99.99,,,,0.0,0.0
1788089618.14,0,00,99.99,,,,0.0,0.0
1788089619.13,0,00,99.99,,,,0.0,0.0
1788089620.13,0,00,99.99,,,,0.0,0.0
1788089621.13,0,00,99.99,,,,0.0,0.0
1788089622.14,0,00,99.99,,,,0.0,0.0
1788089623.14,0,00,99.99,,,,0.0,0.0
1788089624.13,0,00,99.99,,,,0.0,0.0
1788089625.13,0,00,99.99,,,,0.0,0.0
1788089626.14,0,00,99.99,,,,0.0,0.0
1788089627.14,0,00,99.99,,,,0.0,0.0
1788089628.13,0,00,99.99,,,,0.0,0.0
1788089629.13,0,00,99.99,,,,0.0,0.0
1788089630.13,0,00,99.99,,,,0.0,0.0
1788089631.14,0,00,99.99,,,,0.0,0.0
1788089632.14,0,00,99.99,,,,0.0,0.0
1788089633.13,0,00,99.99,,,,0.0,0.0
1788089634.13,0,00,99.99,,,,0.0,0.0
1788089635.13,0,00,99.99,,,,0.0,0.0
1788089636.14,0,00,99.99,,,,0.0,0.0
1788089637.13,0,00,99.99,,,,0.0,0.0
1788089638.14,0,00,99.99,,,,0.0,0.0
1788089639.13,0,00,99.99,,,,0.0,0.0
1788089640.13,0,00,99.99,,,,0.0,0.0
1788089641.14,0,00,99.99,,,,0.0,0.0
1788089642.14,0,00,99.99,,,,0.0,0.0
1788089643.14,0,00,99.99,,,,0.0,0.0
1788089644.14,0,00,99.99,,,,0.0,0.0
1788089645.14,0,00,99.99,,,,0.0,0.0
1788089646.13,0,00,99.99,,,,0.0,0.0
1788089647.14,0,00,99.99,,,,0.0,0.0
1788089648.13,0,00,99.99,,,,0.0,0.0
1788089649.14,0,00,99.99,,,,0.0,0.0
1788089650.14,0,00,99.99,,,,0.0,0.0
1788089651.14,0,00,99.99,,,,0.0,0.0
1788089652.14,0,00,99.99,,,,0.0,0.0
1788089653.14,0,00,99.99,,,,0.0,0.0
1788089654.14,0,00,99.99,,,,0.0,0.0
1788089655.14,0,00,99.99,,,,0.0,0.0
1788089656.14,0,00,99.99,,,,0.0,0.0
1788089657.14,0,00,99.99,,,,0.0,0.0
1788089658.13,0,00,99.99,,,,0.0,0.0
1788089659.13,0,00,99.99,,,,0.0,0.0
1788089660.14,0,00,99.99,,,,0.0,0.0
1788089661.13,0,00,99.99,,,,0.0,0.0
1788089662.13,0,00,99.99,,,,0.0,0.0
1788089663.13,0,00,99.99,,,,0.0,0.0
1788089664.13,0,00,99.99,,,,0.0,0.0
1788089665.13,0,00,99.99,,,,0.0,0.0
1788089666.13,0,00,99.99,,,,0.0,0.0
1788089667.14,0,00,99.99,,,,0.0,0.0
1788089668.13,0,00,99.99,,,,0.0,0.0
1788089669.13,0,00,99.99,,,,0.0,0.0
1788089670.13,0,00,99.99,,,,0.0,0.0
1788089671.13,0,00,99.99,,,,0.0,0.0
1788089672.13,0,00,99.99,,,,0.0,0.0
1788089673.13,0,00,99.99,,,,0.0,0.0
1788089674.13,0,00,99.99,,,,0.0,0.0
1788089675.13,0,00,99.99,,,,0.0,0.0
1788089676.13,0,00,99.99,,,,0.0,0.0
1788089677.13,0,00,99.99,,,,0.0,0.0
1788089678.13,0,00,99.99,,,,0.0,0.0
1788089679.13,0,00,99.99,,,,0.0,0.0
1788089680.13,0,00,99.99,,,,0.0,0.0
1788089681.13,0,00,99.99,,,,0.0,0.0
1788089682.13,0,00,99.99,,,,0.0,0.0
1788089683.14,0,00,99.99,,,,0.0,0.0
1788089684.13,0,00,99.99,,,,0.0,0.0
1788089685.13,0,00,99.99,,,,0.0,0.0
1788089686.14,0,00,99.99,,,,0.0,0.0
1788089687.13,0,00,99.99,,,,0.0,0.0
1788089688.14,0,00,99.99,,,,0.0,0.0
1788089689.14,0,00,99.99,,,,0.0,0.0
1788089690.14,0,00,99.99,,,,0.0,0.0
1788089691.14,0,00,99.99,,,,0.0,0.0
1788089692.14,0,00,99.99,,,,0.0,0.0
1788089693.13,0,00,99.99,,,,0.0,0.0
1788089694.13,0,00,99.99,,,,0.0,0.0
1788089695.13,0,00,99.99,,,,0.0,0.0
1788089696.13,0,00,99.99,,,,0.0,0.0
1788089697.13,0,00,99.99,,,,0.0,0.0
1788089698.13,0,00,99.99,,,,0.0,0.0
1788089699.13,0,00,99.99,,,,0.0,0.0
1788089700.14,0,00,99.99,,,,0.0,0.0
1788089701.13,0,00,99.99,,,,0.0,0.0
1788089702.13,0,00,99.99,,,,0.0,0.0
1788089703.13,0,00,99.99,,,,0.0,0.0
1788089704.13,0,00,99.99,,,,0.0,0.0
1788089705.13,0,00,99.99,,,,0.0,0.0
1788089706.13,0,00,99.99,,,,0.0,0.0
1788089707.13,0,00,99.99,,,,0.0,0.0
1788089708.13,0,00,99.99,,,,0.0,0.0
1788089709.13,0,00,99.99,,,,0.0,0.0
1788089710.13,0,00,99.99,,,,0.0,0.0
1788089711.13,0,00,99.99,,,,0.0,0.0
1788089712.13,0,00,99.99,,,,0.0,0.0
1788089713.13,0,00,99.99,,,,0.0,0.0
1788089714.13,0,00,99.99,,,,0.0,0.0
1788089715.13,0,00,99.99,,,,0.0,0.0
1788089716.13,0,00,99.99,,,,0.0,0.0
1788089717.13,0,00,99.99,,,,0.0,0.0
1788089718.13,0,00,99.99,,,,0.0,0.0
1788089719.13,0,00,99.99,,,,0.0,0.0
1788089720.13,0,00,99.99,,,,0.0,0.0
1788089721.13,0,00,99.99,,,,0.0,0.0
1788089722.13,0,00,99.99,,,,0.0,0.0
1788089723.13,0,00,99.99,,,,0.0,0.0
1788089724.13,0,00,99.99,,,,0.0,0.0
1788089725.13,0,00,99.99,,,,0.0,0.0
1788089726.13,0,00,99.99,,,,0.0,0.0
1788089727.13,0,00,99.99,,,,0.0,0.0
1788089728.13,0,00,99.99,,,,0.0,0.0
1788089729.13,0,00,99.99,,,,0.0,0.0
1788089730.13,0,00,99.99,,,,0.0,0.0
1788089731.13,0,00,99.99,,,,0.0,0.0
1788089732.13,0,00,99.99,,,,0.0,0.0
1788089733.13,0,00,99.99,,,,0.0,0.0
1788089734.13,0,00,99.99,,,,0.0,0.0
1788089735.13,0,00,99.99,,,,0.0,0.0
1788089736.13,0,00,99.99,,,,0.0,0.0
1788089737.13,0,00,99.99,,,,0.0,0.0
1788089738.13,0,00,99.99,,,,0.0,0.0
1788089739.13,0,00,99.99,,,,0.0,0.0
1788089740.13,0,00,99.99,,,,0.0,0.0
1788089741.13,0,00,99.99,,,,0.0,0.0
1788089742.13,0,00,99.99,,,,0.0,0.0
1788089743.13,0,00,99.99,,,,0.0,0.0
1788089744.14,0,00,99.99,,,,0.0,0.0
1788089745.14,0,00,99.99,,,,0.0,0.0
1788089746.14,0,00,99.99,,,,0.0,0.0
1788089747.14,0,00,99.99,,,,0.0,0.0
1788089748.14,0,00,99.99,,,,0.0,0.0
1788089749.14,0,00,99.99,,,,0.0,0.0
1788089750.14,0,00,99.99,,,,0.0,0.0
1788089751.14,0,00,99.99,,,,0.0,0.0
1788089752.14,0,00,99.99,,,,0.0,0.0
1788089753.14,0,00,99.99,,,,0.0,0.0
1788089754.14,0,00,99.99,,,,0.0,0.0
1788089755.13,0,00,99.99,,,,0.0,0.0
1788089756.13,0,00,99.99,,,,0.0,0.0
1788089757.13,0,00,99.99,,,,0.0,0.0
1788089758.13,0,00,99.99,,,,0.0,0.0
1788089759.13,0,00,99.99,,,,0.0,0.0
1788089760.13,0,00,99.99,,,,0.0,0.0
1788089761.13,0,00,99.99,,,,0.0,0.0
1788089762.13,0,00,99.99,,,,0.0,0.0
1788089763.13,0,00,99.99,,,,0.0,0.0
1788089764.13,0,00,99.99,,,,0.0,0.0
1788089765.13,0,00,99.99,,,,0.0,0.0
1788089766.13,0,00,99.99,,,,0.0,0.0
1788089767.13,0,00,99.99,,,,0.0,0.0
1788089768.13,0,00,99.99,,,,0.0,0.0
1788089769.13,0,00,99.99,,,,0.0,0.0
1788089770.13,0,00,99.99,,,,0.0,0.0
1788089771.13,0,00,99.99,,,,0.0,0.0
1788089772.13,0,00,99.99,,,,0.0,0.0
1788089773.13,0,00,99.99,,,,0.0,0.0
1788089774.13,0,00,99.99,,,,0.0,0.0
1788089775.13,0,00,99.99,,,,0.0,0.0
1788089776.14,0,00,99.99,,,,0.0,0.0
1788089777.13,0,00,99.99,,,,0.0,0.0
1788089778.13,0,00,99.99,,,,0.0,0.0
1788089779.13,0,00,99.99,,,,0.0,0.0
1788089780.13,0,00,99.99,,,,0.0,0.0
1788089781.14,0,00,99.99,,,,0.0,0.0
1788089782.13,0,00,99.99,,,,0.0,0.0
1788089783.13,0,00,99.99,,,,0.0,0.0
1788089784.13,0,00,99.99,,,,0.0,0.0
1788089785.13,0,00,99.99,,,,0.0,0.0
1788089786.13,0,00,99.99,,,,0.0,0.0
1788089787.14,0,00,99.99,,,,0.0,0.0
1788089788.14,0,00,99.99,,,,0.0,0.0
1788089789.14,0,00,99.99,,,,0.0,0.0
1788089790.14,0,00,99.99,,,,0.0,0.0
1788089791.14,0,00,99.99,,,,0.0,0.0
1788089792.14,0,00,99.99,,,,0.0,0.0
1788089793.14,0,00,99.99,,,,0.0,0.0
1788089794.14,0,00,99.99,,,,0.0,0.0
1788089795.14,0,00,99.99,,,,0.0,0.0
1788089796.14,0,00,99.99,,,,0.0,0.0
1788089797.13,0,00,99.99,,,,0.0,0.0
1788089798.14,0,00,99.99,,,,0.0,0.0
1788089799.13,0,00,99.99,,,,0.0,0.0
1788089800.14,0,00,99.99,,,,0.0,0.0
1788089801.14,0,00,99.99,,,,0.0,0.0
1788089802.13,0,00,99.99,,,,0.0,0.0
1788089803.14,0,00,99.99,,,,0.0,0.0
1788089804.14,0,00,99.99,,,,0.0,0.0
1788089805.14,0,00,99.99,,,,0.0,0.0
1788089806.14,0,00,99.99,,,,0.0,0.0
1788089807.13,0,00,99.99,,,,0.0,0.0
1788089808.13,0,00,99.99,,,,0.0,0.0
1788089809.13,0,00,99.99,,,,0.0,0.0
1788089810.13,0,00,99.99,,,,0.0,0.0
1788089811.13,0,00,99.99,,,,0.0,0.0
1788089812.13,0,00,99.99,,,,0.0,0.0
1788089813.13,0,00,99.99,,,,0.0,0.0
1788089814.13,0,00,99.99,,,,0.0,0.0
1788089815.13,0,00,99.99,,,,0.0,0.0
1788089816.13,0,00,99.99,,,,0.0,0.0
1788089817.14,0,00,99.99,,,,0.0,0.0
1788089818.13,0,00,99.99,,,,0.0,0.0
1788089819.13,0,00,99.99,,,,0.0,0.0
1788089820.13,0,00,99.99,,,,0.0,0.0
1788089821.13,0,00,99.99,,,,0.0,0.0
1788089822.13,0,00,99.99,,,,0.0,0.0
1788089823.13,0,00,99.99,,,,0.0,0.0
1788089824.13,0,00,99.99,,,,0.0,0.0
1788089825.13,0,00,99.99,,,,0.0,0.0
1788089826.13,0,00,99.99,,,,0.0,0.0
1788089827.13,0,00,99.99,,,,0.0,0.0
1788089828.13,0,00,99.99,,,,0.0,0.0
1788089829.13,0,00,99.99,,,,0.0,0.0
1788089830.13,0,00,99.99,,,,0.0,0.0
1788089831.13,0,00,99.99,,,,0.0,0.0
1788089832.13,0,00,99.99,,,,0.0,0.0
1788089833.13,0,00,99.99,,,,0.0,0.0
1788089834.13,0,00,99.99,,,,0.0,0.0
1788089835.13,0,00,99.99,,,,0.0,0.0
1788089836.13,0,00,99.99,,,,0.0,0.0
1788089837.13,0,00,99.99,,,,0.0,0.0
1788089838.13,0,00,99.99,,,,0.0,0.0
1788089839.14,0,00,99.99,,,,0.0,0.0
1788089840.13,0,00,99.99,,,,0.0,0.0
1788089841.13,0,00,99.99,,,,0.0,0.0
1788089842.13,0,00,99.99,,,,0.0,0.0
1788089843.13,0,00,99.99,,,,0.0,0.0
1788089844.13,0,00,99.99,,,,0.0,0.0
1788089845.13,0,00,99.99,,,,0.0,0.0
1788089846.13,0,00,99.99,,,,0.0,0.0
1788089847.13,0,00,99.99,,,,0.0,0.0
1788089848.13,0,00,99.99,,,,0.0,0.0
1788089849.13,0,00,99.99,,,,0.0,0.0
1788089850.13,0,00,99.99,,,,0.0,0.0
1788089851.13,0,00,99.99,,,,0.0,0.0
1788089852.13,0,00,99.99,,,,0.0,0.0
1788089853.13,0,00,99.99,,,,0.0,0.0
1788089854.13,0,00,99.99,,,,0.0,0.0
1788089855.13,0,00,99.99,,,,0.0,0.0
1788089856.13,0,00,99.99,,,,0.0,0.0
1788089857.13,0,00,99.99,,,,0.0,0.0
1788089858.13,0,00,99.99,,,,0.0,0.0
1788089859.13,0,00,99.99,,,,0.0,0.0
1788089860.13,0,00,99.99,,,,0.0,0.0
1788089861.13,0,00,99.99,,,,0.0,0.0
1788089862.13,0,00,99.99,,,,0.0,0.0
1788089863.13,0,00,99.99,,,,0.0,0.0
1788089864.13,0,00,99.99,,,,0.0,0.0
1788089865.13,0,00,99.99,,,,0.0,0.0
1788089866.13,0,00,99.99,,,,0.0,0.0
1788089867.13,0,00,99.99,,,,0.0,0.0
1788089868.13,0,00,99.99,,,,0.0,0.0
1788089869.13,0,00,99.99,,,,0.0,0.0
1788089870.13,0,00,99.99,,,,0.0,0.0
1788089871.14,0,00,99.99,,,,0.0,0.0
1788089872.13,0,00,99.99,,,,0.0,0.0
1788089873.13,0,00,99.99,,,,0.0,0.0
1788089874.13,0,00,99.99,,,,0.0,0.0
1788089875.13,0,00,99.99,,,,0.0,0.0
1788089876.13,0,00,99.99,,,,0.0,0.0
1788089877.13,0,00,99.99,,,,0.0,0.0
1788089878.13,0,00,99.99,,,,0.0,0.0
1788089879.13,0,00,99.99,,,,0.0,0.0
1788089880.13,0,00,99.99,,,,0.0,0.0
1788089881.13,0,00,99.99,,,,0.0,0.0
1788089882.13,0,00,99.99,,,,0.0,0.0
1788089883.14,0,00,99.99,,,,0.0,0.0
1788089884.14,0,00,99.99,,,,0.0,0.0
1788089885.13,0,00,99.99,,,,0.0,0.0
1788089886.13,0,00,99.99,,,,0.0,0.0
1788089887.14,0,00,99.99,,,,0.0,0.0
1788089888.14,0,00,99.99,,,,0.0,0.0
1788089889.14,0,00,99.99,,,,0.0,0.0
1788089890.13,0,00,99.99,,,,0.0,0.0
1788089891.13,0,00,99.99,,,,0.0,0.0
1788089892.13,0,00,99.99,,,,0.0,0.0
1788089893.13,0,00,99.99,,,,0.0,0.0
1788089894.13,0,00,99.99,,,,0.0,0.0
1788089895.13,0,00,99.99,,,,0.0,0.0
1788089896.13,0,00,99.99,,,,0.0,0.0
1788089897.13,0,00,99.99,,,,0.0,0.0
1788089898.13,0,00,99.99,,,,0.0,0.0
1788089899.13,0,00,99.99,,,,0.0,0.0
1788089900.13,0,00,99.99,,,,0.0,0.0
1788089901.13,0,00,99.99,,,,0.0,0.0
1788089902.13,0,00,99.99,,,,0.0,0.0
1788089903.14,0,00,99.99,,,,0.0,0.0
1788089904.13,0,00,99.99,,,,0.0,0.0
1788089905.13,0,00,99.99,,,,0.0,0.0
1788089906.13,0,00,99.99,,,,0.0,0.0
1788089907.13,0,00,99.99,,,,0.0,0.0
1788089908.13,0,00,99.99,,,,0.0,0.0
1788089909.13,0,00,99.99,,,,0.0,0.0
1788089910.13,0,00,99.99,,,,0.0,0.0
1788089911.13,0,00,99.99,,,,0.0,0.0
1788089912.13,0,00,99.99,,,,0.0,0.0
1788089913.13,0,00,99.99,,,,0.0,0.0
1788089914.13,0,00,99.99,,,,0.0,0.0
1788089915.13,0,00,99.99,,,,0.0,0.0
1788089916.13,0,00,99.99,,,,0.0,0.0
1788089917.13,0,00,99.99,,,,0.0,0.0
1788089918.13,0,00,99.99,,,,0.0,0.0
1788089919.13,0,00,99.99,,,,0.0,0.0
1788089920.13,0,00,99.99,,,,0.0,0.0
1788089921.13,0,00,99.99,,,,0.0,0.0
1788089922.13,0,00,99.99,,,,0.0,0.0
1788089923.13,0,00,99.99,,,,0.0,0.0
1788089924.13,0,00,99.99,,,,0.0,0.0
1788089925.13,0,00,99.99,,,,0.0,0.0
1788089926.13,0,00,99.99,,,,0.0,0.0
1788089927.13,0,00,99.99,,,,0.0,0.0
1788089928.13,0,00,99.99,,,,0.0,0.0
1788089929.13,0,00,99.99,,,,0.0,0.0
1788089930.13,0,00,99.99,,,,0.0,0.0
1788089931.13,0,00,99.99,,,,0.0,0.0
1788089932.13,0,00,99.99,,,,0.0,0.0
1788089933.13,0,00,99.99,,,,0.0,0.0
1788089934.13,0,00,99.99,,,,0.0,0.0
1788089935.13,0,00,99.99,,,,0.0,0.0
1788089936.13,0,00,99.99,,,,0.0,0.0
1788089937.13,0,00,99.99,,,,0.0,0.0
1788089938.14,0,00,99.99,,,,0.0,0.0
1788089939.13,0,00,99.99,,,,0.0,0.0
1788089940.13,0,00,99.99,,,,0.0,0.0
1788089941.13,0,00,99.99,,,,0.0,0.0
1788089942.14,0,00,99.99,,,,0.0,0.0
1788089943.14,0,00,99.99,,,,0.0,0.0
1788089944.13,0,00,99.99,,,,0.0,0.0
1788089945.14,0,00,99.99,,,,0.0,0.0
1788089946.13,0,00,99.99,,,,0.0,0.0
1788089947.14,0,00,99.99,,,,0.0,0.0
1788089948.14,0,00,99.99,,,,0.0,0.0
1788089949.14,0,00,99.99,,,,0.0,0.0
1788089950.14,0,00,99.99,,,,0.0,0.0
1788089951.14,0,00,99.99,,,,0.0,0.0
1788089952.14,0,00,99.99,,,,0.0,0.0
1788089953.13,0,00,99.99,,,,0.0,0.0
1788089954.14,0,00,99.99,,,,0.0,0.0
1788089955.13,0,00,99.99,,,,0.0,0.0
1788089956.13,0,00,99.99,,,,0.0,0.0
1788089957.13,0,00,99.99,,,,0.0,0.0
1788089958.14,0,00,99.99,,,,0.0,0.0
1788089959.14,0,00,99.99,,,,0.0,0.0
1788089960.14,0,00,99.99,,,,0.0,0.0
1788089961.14,0,00,99.99,,,,0.0,0.0
1788089962.14,0,00,99.99,,,,0.0,0.0
1788089963.14,0,00,99.99,,,,0.0,0.0
1788089964.14,0,00,99.99,,,,0.0,0.0
1788089965.14,0,00,99.99,,,,0.0,0.0
1788089966.14,0,00,99.99,,,,0.0,0.0
1788089967.14,0,00,99.99,,,,0.0,0.0
1788089968.13,0,00,99.99,,,,0.0,0.0
1788089969.13,0,00,99.99,,,,0.0,0.0
1788089970.13,0,00,99.99,,,,0.0,0.0
1788089971.13,0,00,99.99,,,,0.0,0.0
1788089972.13,0,00,99.99,,,,0.0,0.0
1788089973.13,0,00,99.99,,,,0.0,0.0
1788089974.13,0,00,99.99,,,,0.0,0.0
1788089975.13,0,00,99.99,,,,0.0,0.0
1788089976.13,0,00,99.99,,,,0.0,0.0
1788089977.13,0,00,99.99,,,,0.0,0.0
1788089978.13,0,00,99.99,,,,0.0,0.0
1788089979.13,0,00,99.99,,,,0.0,0.0
1788089980.13,0,00,99.99,,,,0.0,0.0
1788089981.13,0,00,99.99,,,,0.0,0.0
1788089982.13,0,00,99.99,,,,0.0,0.0
1788089983.13,0,00,99.99,,,,0.0,0.0
1788089984.13,0,00,99.99,,,,0.0,0.0
1788089985.13,0,00,99.99,,,,0.0,0.0
1788089986.13,0,00,99.99,,,,0.0,0.0
1788089987.13,0,00,99.99,,,,0.0,0.0
1788089988.13,0,00,99.99,,,,0.0,0.0
1788089989.13,0,00,99.99,,,,0.0,0.0
1788089990.13,0,00,99.99,,,,0.0,0.0
1788089991.13,0,00,99.99,,,,0.0,0.0
1788089992.13,0,00,99.99,,,,0.0,0.0
1788089993.13,0,00,99.99,,,,0.0,0.0
1788089994.13,0,00,99.99,,,,0.0,0.0
1788089995.13,0,00,99.99,,,,0.0,0.0
1788089996.13,0,00,99.99,,,,0.0,0.0
1788089997.13,0,00,99.99,,,,0.0,0.0
1788089998.13,0,00,99.99,,,,0.0,0.0
1788089999.13,0,00,99.99,,,,0.0,0.0
1788090000.13,0,00,99.99,,,,0.0,0.0
1788090001.13,0,00,99.99,,,,0.0,0.0
1788090002.13,0,00,99.99,,,,0.0,0.0
1788090003.13,0,00,99.99,,,,0.0,0.0
1788090004.13,0,00,99.99,,,,0.0,0.0
1788090005.13,0,00,99.99,,,,0.0,0.0
1788090006.13,0,00,99.99,,,,0.0,0.0
1788090007.13,0,00,99.99,,,,0.0,0.0
1788090008.13,0,00,99.99,,,,0.0,0.0
1788090009.13,0,00,99.99,,,,0.0,0.0
1788090010.13,0,00,99.99,,,,0.0,0.0
1788090011.13,0,00,99.99,,,,0.0,0.0
1788090012.13,0,00,99.99,,,,0.0,0.0
1788090013.13,0,00,99.99,,,,0.0,0.0
1788090014.13,0,00,99.99,,,,0.0,0.0
1788090015.13,0,00,99.99,,,,0.0,0.0
1788090016.13,0,00,99.99,,,,0.0,0.0
1788090017.13,0,00,99.99,,,,0.0,0.0
1788090018.13,0,00,99.99,,,,0.0,0.0
1788090019.13,0,00,99.99,,,,0.0,0.0
1788090020.13,0,00,99.99,,,,0.0,0.0
1788090021.13,0,00,99.99,,,,0.0,0.0
1788090022.13,0,00,99.99,,,,0.0,0.0
1788090023.13,0,00,99.99,,,,0.0,0.0
1788090024.13,0,00,99.99,,,,0.0,0.0
1788090025.13,0,00,99.99,,,,0.0,0.0
1788090026.13,0,00,99.99,,,,0.0,0.0
1788090027.13,0,00,99.99,,,,0.0,0.0
1788090028.14,0,00,99.99,,,,0.0,0.0
1788090029.13,0,00,99.99,,,,0.0,0.0
1788090030.13,0,00,99.99,,,,0.0,0.0
1788090031.13,0,00,99.99,,,,0.0,0.0
1788090032.13,0,00,99.99,,,,0.0,0.0
1788090033.13,0,00,99.99,,,,0.0,0.0
1788090034.13,0,00,99.99,,,,0.0,0.0
1788090035.13,0,00,99.99,,,,0.0,0.0
1788090036.13,0,00,99.99,,,,0.0,0.0
1788090037.13,0,00,99.99,,,,0.0,0.0
1788090038.13,0,00,99.99,,,,0.0,0.0
1788090039.13,0,00,99.99,,,,0.0,0.0
1788090040.13,0,00,99.99,,,,0.0,0.0
1788090041.13,0,00,99.99,,,,0.0,0.0
1788090042.13,0,00,99.99,,,,0.0,0.0
1788090043.13,0,00,99.99,,,,0.0,0.0
1788090044.13,0,00,99.99,,,,0.0,0.0
1788090045.13,0,00,99.99,,,,0.0,0.0
1788090046.13,0,00,99.99,,,,0.0,0.0
1788090047.13,0,00,99.99,,,,0.0,0.0
1788090048.13,0,00,99.99,,,,0.0,0.0
1788090049.13,0,00,99.99,,,,0.0,0.0
1788090050.12,0,00,99.99,,,,0.0,0.0
1788090051.13,0,00,99.99,,,,0.0,0.0
1788090052.13,0,00,99.99,,,,0.0,0.0
1788090053.13,0,00,99.99,,,,0.0,0.0
1788090054.13,0,00,99.99,,,,0.0,0.0
1788090055.13,0,00,99.99,,,,0.0,0.0
1788090056.13,0,00,99.99,,,,0.0,0.0
1788090057.13,0,00,99.99,,,,0.0,0.0
1788090058.13,0,00,99.99,,,,0.0,0.0
1788090059.13,0,00,99.99,,,,0.0,0.0
1788090060.13,0,00,99.99,,,,0.0,0.0
1788090061.13,0,00,99.99,,,,0.0,0.0
1788090062.13,0,00,99.99,,,,0.0,0.0
1788090063.13,0,00,99.99,,,,0.0,0.0
1788090064.13,0,00,99.99,,,,0.0,0.0
1788090065.13,0,00,99.99,,,,0.0,0.0
1788090066.13,0,00,99.99,,,,0.0,0.0
1788090067.14,0,00,99.99,,,,0.0,0.0
1788090068.13,0,00,99.99,,,,0.0,0.0
1788090069.13,0,00,99.99,,,,0.0,0.0
1788090070.13,0,00,99.99,,,,0.0,0.0
1788090071.13,0,00,99.99,,,,0.0,0.0
1788090072.14,0,00,99.99,,,,0.0,0.0
1788090073.13,0,00,99.99,,,,0.0,0.0
1788090074.13,0,00,99.99,,,,0.0,0.0
1788090075.14,0,00,99.99,,,,0.0,0.0
1788090076.13,0,00,99.99,,,,0.0,0.0
1788090077.13,0,00,99.99,,,,0.0,0.0
1788090078.13,0,00,99.99,,,,0.0,0.0
1788090079.13,0,00,99.99,,,,0.0,0.0
1788090080.13,0,00,99.99,,,,0.0,0.0
1788090081.13,0,00,99.99,,,,0.0,0.0
1788090082.13,0,00,99.99,,,,0.0,0.0
1788090083.13,0,00,99.99,,,,0.0,0.0
1788090084.13,0,00,99.99,,,,0.0,0.0
1788090085.13,0,00,99.99,,,,0.0,0.0
1788090086.13,0,00,99.99,,,,0.0,0.0
1788090087.13,0,00,99.99,,,,0.0,0.0
1788090088.13,0,00,99.99,,,,0.0,0.0
1788090089.13,0,00,99.99,,,,0.0,0.0
1788090090.13,0,00,99.99,,,,0.0,0.0
1788090091.13,0,00,99.99,,,,0.0,0.0
1788090092.13,0,00,99.99,,,,0.0,0.0
1788090093.13,0,00,99.99,,,,0.0,0.0
1788090094.13,0,00,99.99,,,,0.0,0.0
1788090095.13,0,00,99.99,,,,0.0,0.0
1788090096.13,0,00,99.99,,,,0.0,0.0
1788090097.13,0,00,99.99,,,,0.0,0.0
1788090098.13,0,00,99.99,,,,0.0,0.0
1788090099.13,0,00,99.99,,,,0.0,0.0
1788090100.13,0,00,99.99,,,,0.0,0.0
1788090101.13,0,00,99.99,,,,0.0,0.0
1788090102.13,0,00,99.99,,,,0.0,0.0
1788090103.13,0,00,99.99,,,,0.0,0.0
1788090104.13,0,00,99.99,,,,0.0,0.0
1788090105.12,0,00,99.99,,,,0.0,0.0
1788090106.13,0,00,99.99,,,,0.0,0.0
1788090107.12,0,00,99.99,,,,0.0,0.0
1788090108.12,0,00,99.99,,,,0.0,0.0
1788090109.13,0,00,99.99,,,,0.0,0.0
1788090110.13,0,00,99.99,,,,0.0,0.0
1788090111.12,0,00,99.99,,,,0.0,0.0
1788090112.12,0,00,99.99,,,,0.0,0.0
1788090113.13,0,00,99.99,,,,0.0,0.0
1788090114.13,0,00,99.99,,,,0.0,0.0
1788090115.13,0,00,99.99,,,,0.0,0.0
1788090116.13,0,00,99.99,,,,0.0,0.0
1788090117.13,0,00,99.99,,,,0.0,0.0
1788090118.13,0,00,99.99,,,,0.0,0.0
1788090119.13,0,00,99.99,,,,0.0,0.0
1788090120.13,0,00,99.99,,,,0.0,0.0
1788090121.13,0,00,99.99,,,,0.0,0.0
1788090122.13,0,00,99.99,,,,0.0,0.0
1788090123.14,0,00,99.99,,,,0.0,0.0
1788090124.13,0,00,99.99,,,,0.0,0.0
1788090125.13,0,00,99.99,,,,0.0,0.0
1788090126.13,0,00,99.99,,,,0.0,0.0
1788090127.13,0,00,99.99,,,,0.0,0.0
1788090128.13,0,00,99.99,,,,0.0,0.0
1788090129.13,0,00,99.99,,,,0.0,0.0
1788090130.13,0,00,99.99,,,,0.0,0.0
1788090131.13,0,00,99.99,,,,0.0,0.0
1788090132.13,0,00,99.99,,,,0.0,0.0
1788090133.13,0,00,99.99,,,,0.0,0.0
1788090134.13,0,00,99.99,,,,0.0,0.0
1788090135.13,0,00,99.99,,,,0.0,0.0
1788090136.13,0,00,99.99,,,,0.0,0.0
1788090137.14,0,00,99.99,,,,0.0,0.0
1788090138.13,0,00,99.99,,,,0.0,0.0
1788090139.13,0,00,99.99,,,,0.0,0.0
1788090140.13,0,00,99.99,,,,0.0,0.0
1788090141.13,0,00,99.99,,,,0.0,0.0
1788090142.13,0,00,99.99,,,,0.0,0.0
1788090143.13,0,00,99.99,,,,0.0,0.0
1788090144.13,0,00,99.99,,,,0.0,0.0
1788090145.13,0,00,99.99,,,,0.0,0.0
1788090146.13,0,00,99.99,,,,0.0,0.0
1788090147.13,0,00,99.99,,,,0.0,0.0
1788090148.13,0,00,99.99,,,,0.0,0.0
1788090149.13,0,00,99.99,,,,0.0,0.0
1788090150.13,0,00,99.99,,,,0.0,0.0
1788090151.13,0,00,99.99,,,,0.0,0.0
1788090152.13,0,00,99.99,,,,0.0,0.0
1788090153.13,0,00,99.99,,,,0.0,0.0
1788090154.13,0,00,99.99,,,,0.0,0.0
1788090155.13,0,00,99.99,,,,0.0,0.0
1788090156.13,0,00,99.99,,,,0.0,0.0
1788090157.13,0,00,99.99,,,,0.0,0.0
1788090158.13,0,00,99.99,,,,0.0,0.0
1788090159.13,0,00,99.99,,,,0.0,0.0
1788090160.13,0,00,99.99,,,,0.0,0.0
1788090161.13,0,00,99.99,,,,0.0,0.0
1788090162.13,0,00,99.99,,,,0.0,0.0
1788090163.13,0,00,99.99,,,,0.0,0.0
1788090164.13,0,00,99.99,,,,0.0,0.0
1788090165.13,0,00,99.99,,,,0.0,0.0
1788090166.13,0,00,99.99,,,,0.0,0.0
1788090167.13,0,00,99.99,,,,0.0,0.0
1788090168.13,0,00,99.99,,,,0.0,0.0
1788090169.13,0,00,99.99,,,,0.0,0.0
1788090170.13,0,00,99.99,,,,0.0,0.0
1788090171.13,0,00,99.99,,,,0.0,0.0
1788090172.13,0,00,99.99,,,,0.0,0.0
1788090173.13,0,00,99.99,,,,0.0,0.0
1788090174.13,0,00,99.99,,,,0.0,0.0
1788090175.13,0,00,99.99,,,,0.0,0.0
1788090176.13,0,00,99.99,,,,0.0,0.0
1788090177.13,0,00,99.99,,,,0.0,0.0
1788090178.13,0,00,99.99,,,,0.0,0.0
1788090179.13,0,00,99.99,,,,0.0,0.0
1788090180.13,0,00,99.99,,,,0.0,0.0
1788090181.13,0,00,99.99,,,,0.0,0.0
1788090182.13,0,00,99.99,,,,0.0,0.0
1788090183.13,0,00,99.99,,,,0.0,0.0
1788090184.13,0,00,99.99,,,,0.0,0.0
1788090185.13,0,00,99.99,,,,0.0,0.0
1788090186.13,0,00,99.99,,,,0.0,0.0
1788090187.13,0,00,99.99,,,,0.0,0.0
1788090188.13,0,00,99.99,,,,0.0,0.0
1788090189.13,0,00,99.99,,,,0.0,0.0
1788090190.13,0,00,99.99,,,,0.0,0.0
1788090191.13,0,00,99.99,,,,0.0,0.0
1788090192.13,0,00,99.99,,,,0.0,0.0
1788090193.13,0,00,99.99,,,,0.0,0.0
1788090194.13,0,00,99.99,,,,0.0,0.0
1788090195.13,0,00,99.99,,,,0.0,0.0
1788090196.13,0,00,99.99,,,,0.0,0.0
1788090197.14,0,00,99.99,,,,0.0,0.0
1788090198.13,0,00,99.99,,,,0.0,0.0
1788090199.13,0,00,99.99,,,,0.0,0.0
1788090200.14,0,00,99.99,,,,0.0,0.0
1788090201.13,0,00,99.99,,,,0.0,0.0
1788090202.13,0,00,99.99,,,,0.0,0.0
1788090203.13,0,00,99.99,,,,0.0,0.0
1788090204.13,0,00,99.99,,,,0.0,0.0
1788090205.13,0,00,99.99,,,,0.0,0.0
1788090206.13,0,00,99.99,,,,0.0,0.0
1788090207.13,0,00,99.99,,,,0.0,0.0
1788090208.13,0,00,99.99,,,,0.0,0.0
1788090209.13,0,00,99.99,,,,0.0,0.0
1788090210.13,0,00,99.99,,,,0.0,0.0
1788090211.13,0,00,99.99,,,,0.0,0.0
1788090212.13,0,00,99.99,,,,0.0,0.0
1788090213.13,0,00,99.99,,,,0.0,0.0
1788090214.13,0,00,99.99,,,,0.0,0.0
1788090215.13,0,00,99.99,,,,0.0,0.0
1788090216.13,0,00,99.99,,,,0.0,0.0
1788090217.13,0,00,99.99,,,,0.0,0.0
1788090218.13,0,00,99.99,,,,0.0,0.0
1788090219.13,0,00,99.99,,,,0.0,0.0
1788090220.13,0,00,99.99,,,,0.0,0.0
1788090221.13,0,00,99.99,,,,0.0,0.0
1788090222.12,0,00,99.99,,,,0.0,0.0
1788090223.12,0,00,99.99,,,,0.0,0.0
1788090224.13,0,00,99.99,,,,0.0,0.0
1788090225.12,0,00,99.99,,,,0.0,0.0
1788090226.12,0,00,99.99,,,,0.0,0.0
1788090227.12,0,00,99.99,,,,0.0,0.0
1788090228.12,0,00,99.99,,,,0.0,0.0
1788090229.12,0,00,99.99,,,,0.0,0.0
1788090230.12,0,00,99.99,,,,0.0,0.0
1788090231.12,0,00,99.99,,,,0.0,0.0
1788090232.13,0,00,99.99,,,,0.0,0.0
1788090233.13,0,00,99.99,,,,0.0,0.0
1788090234.13,0,00,99.99,,,,0.0,0.0
1788090235.13,0,00,99.99,,,,0.0,0.0
1788090236.13,0,00,99.99,,,,0.0,0.0
1788090237.13,0,00,99.99,,,,0.0,0.0
1788090238.13,0,00,99.99,,,,0.0,0.0
1788090239.13,0,00,99.99,,,,0.0,0.0
1788090240.13,0,00,99.99,,,,0.0,0.0
1788090241.13,0,00,99.99,,,,0.0,0.0
1788090242.13,0,00,99.99,,,,0.0,0.0
1788090243.13,0,00,99.99,,,,0.0,0.0
1788090244.13,0,00,99.99,,,,0.0,0.0
1788090245.13,0,00,99.99,,,,0.0,0.0
1788090246.13,0,00,99.99,,,,0.0,0.0
1788090247.13,0,00,99.99,,,,0.0,0.0
1788090248.13,0,00,99.99,,,,0.0,0.0
1788090249.13,0,00,99.99,,,,0.0,0.0
1788090250.13,0,00,99.99,,,,0.0,0.0
1788090251.13,0,00,99.99,,,,0.0,0.0
1788090252.13,0,00,99.99,,,,0.0,0.0
1788090253.13,0,00,99.99,,,,0.0,0.0
1788090254.13,0,00,99.99,,,,0.0,0.0
1788090255.13,0,00,99.99,,,,0.0,0.0
1788090256.13,0,00,99.99,,,,0.0,0.0
1788090257.13,0,00,99.99,,,,0.0,0.0
1788090258.13,0,00,99.99,,,,0.0,0.0
1788090259.13,0,00,99.99,,,,0.0,0.0
1788090260.13,0,00,99.99,,,,0.0,0.0
1788090261.13,0,00,99.99,,,,0.0,0.0
1788090262.13,0,00,99.99,,,,0.0,0.0
1788090263.13,0,00,99.99,,,,0.0,0.0
1788090264.13,0,00,99.99,,,,0.0,0.0
1788090265.13,0,00,99.99,,,,0.0,0.0
1788090266.12,0,00,99.99,,,,0.0,0.0
1788090267.13,0,00,99.99,,,,0.0,0.0
1788090268.13,0,00,99.99,,,,0.0,0.0
1788090269.12,0,00,99.99,,,,0.0,0.0
1788090270.12,0,00,99.99,,,,0.0,0.0
1788090271.12,0,00,99.99,,,,0.0,0.0
1788090272.12,0,00,99.99,,,,0.0,0.0
1788090273.12,0,00,99.99,,,,0.0,0.0
1788090274.12,0,00,99.99,,,,0.0,0.0
1788090275.12,0,00,99.99,,,,0.0,0.0
1788090276.12,0,00,99.99,,,,0.0,0.0
1788090277.12,0,00,99.99,,,,0.0,0.0
1788090278.13,0,00,99.99,,,,0.0,0.0
1788090279.13,0,00,99.99,,,,0.0,0.0
1788090280.12,0,00,99.99,,,,0.0,0.0
1788090281.13,0,00,99.99,,,,0.0,0.0
1788090282.12,0,00,99.99,,,,0.0,0.0
1788090283.13,0,00,99.99,,,,0.0,0.0
1788090284.13,0,00,99.99,,,,0.0,0.0
1788090285.13,0,00,99.99,,,,0.0,0.0
1788090286.13,0,00,99.99,,,,0.0,0.0
1788090287.12,0,00,99.99,,,,0.0,0.0
1788090288.12,0,00,99.99,,,,0.0,0.0
1788090289.12,0,00,99.99,,,,0.0,0.0
1788090290.12,0,00,99.99,,,,0.0,0.0
1788090291.12,0,00,99.99,,,,0.0,0.0
1788090292.12,0,00,99.99,,,,0.0,0.0
1788090293.12,0,00,99.99,,,,0.0,0.0
1788090294.12,0,00,99.99,,,,0.0,0.0
1788090295.12,0,00,99.99,,,,0.0,0.0
1788090296.12,0,00,99.99,,,,0.0,0.0
1788090297.12,0,00,99.99,,,,0.0,0.0
1788090298.12,0,00,99.99,,,,0.0,0.0
1788090299.12,0,00,99.99,,,,0.0,0.0
1788090300.12,0,00,99.99,,,,0.0,0.0
1788090301.13,0,00,99.99,,,,0.0,0.0
1788090302.12,0,00,99.99,,,,0.0,0.0
1788090303.13,0,00,99.99,,,,0.0,0.0
1788090304.13,0,00,99.99,,,,0.0,0.0
1788090305.13,0,00,99.99,,,,0.0,0.0
1788090306.13,0,00,99.99,,,,0.0,0.0
1788090307.13,0,00,99.99,,,,0.0,0.0
1788090308.13,0,00,99.99,,,,0.0,0.0
1788090309.13,0,00,99.99,,,,0.0,0.0
1788090310.13,0,00,99.99,,,,0.0,0.0
1788090311.13,0,00,99.99,,,,0.0,0.0
1788090312.13,0,00,99.99,,,,0.0,0.0
1788090313.13,0,00,99.99,,,,0.0,0.0
1788090314.13,0,00,99.99,,,,0.0,0.0
1788090315.13,0,00,99.99,,,,0.0,0.0
1788090316.13,0,00,99.99,,,,0.0,0.0
1788090317.13,0,00,99.99,,,,0.0,0.0
1788090318.13,0,00,99.99,,,,0.0,0.0
1788090319.13,0,00,99.99,,,,0.0,0.0
1788090320.13,0,00,99.99,,,,0.0,0.0
1788090321.13,0,00,99.99,,,,0.0,0.0
1788090322.13,0,00,99.99,,,,0.0,0.0
1788090323.13,0,00,99.99,,,,0.0,0.0
1788090324.13,0,00,99.99,,,,0.0,0.0
1788090325.13,0,00,99.99,,,,0.0,0.0
1788090326.13,0,00,99.99,,,,0.0,0.0
1788090327.12,0,00,99.99,,,,0.0,0.0
1788090328.13,0,00,99.99,,,,0.0,0.0
1788090329.13,0,00,99.99,,,,0.0,0.0
1788090330.13,0,00,99.99,,,,0.0,0.0
1788090331.13,0,00,99.99,,,,0.0,0.0
1788090332.13,0,00,99.99,,,,0.0,0.0
1788090333.13,0,00,99.99,,,,0.0,0.0
1788090334.13,0,00,99.99,,,,0.0,0.0
1788090335.13,0,00,99.99,,,,0.0,0.0
1788090336.13,0,00,99.99,,,,0.0,0.0
1788090337.13,0,00,99.99,,,,0.0,0.0
1788090338.12,0,00,99.99,,,,0.0,0.0
1788090339.12,0,00,99.99,,,,0.0,0.0
1788090340.13,0,00,99.99,,,,0.0,0.0
1788090341.13,0,00,99.99,,,,0.0,0.0
1788090342.13,0,00,99.99,,,,0.0,0.0
1788090343.13,0,00,99.99,,,,0.0,0.0
1788090344.13,0,00,99.99,,,,0.0,0.0
1788090345.13,0,00,99.99,,,,0.0,0.0
1788090346.13,0,00,99.99,,,,0.0,0.0
1788090347.13,0,00,99.99,,,,0.0,0.0
1788090348.13,0,00,99.99,,,,0.0,0.0
1788090349.13,0,00,99.99,,,,0.0,0.0
1788090350.13,0,00,99.99,,,,0.0,0.0
1788090351.13,0,00,99.99,,,,0.0,0.0
1788090352.13,0,00,99.99,,,,0.0,0.0
1788090353.13,0,00,99.99,,,,0.0,0.0
1788090354.13,0,00,99.99,,,,0.0,0.0
1788090355.13,0,00,99.99,,,,0.0,0.0
1788090356.13,0,00,99.99,,,,0.0,0.0
1788090357.13,0,00,99.99,,,,0.0,0.0
1788090358.13,0,00,99.99,,,,0.0,0.0
1788090359.13,0,00,99.99,,,,0.0,0.0
1788090360.13,0,00,99.99,,,,0.0,0.0
1788090361.13,0,00,99.99,,,,0.0,0.0
1788090362.13,0,00,99.99,,,,0.0,0.0
1788090363.13,0,00,99.99,,,,0.0,0.0
1788090364.13,0,00,99.99,,,,0.0,0.0
1788090365.13,0,00,99.99,,,,0.0,0.0
1788090366.13,0,00,99.99,,,,0.0,0.0
1788090367.13,0,00,99.99,,,,0.0,0.0
1788090368.13,0,00,99.99,,,,0.0,0.0
1788090369.13,0,00,99.99,,,,0.0,0.0
1788090370.13,0,00,99.99,,,,0.0,0.0
1788090371.13,0,00,99.99,,,,0.0,0.0
1788090372.13,0,00,99.99,,,,0.0,0.0
1788090373.13,0,00,99.99,,,,0.0,0.0
1788090374.13,0,00,99.99,,,,0.0,0.0
1788090375.13,0,00,99.99,,,,0.0,0.0
1788090376.13,0,00,99.99,,,,0.0,0.0
1788090377.13,0,00,99.99,,,,0.0,0.0
1788090378.13,0,00,99.99,,,,0.0,0.0
1788090379.13,0,00,99.99,,,,0.0,0.0
1788090380.13,0,00,99.99,,,,0.0,0.0
1788090381.13,0,00,99.99,,,,0.0,0.0
1788090382.13,0,00,99.99,,,,0.0,0.0
1788090383.13,0,00,99.99,,,,0.0,0.0
1788090384.13,0,00,99.99,,,,0.0,0.0
1788090385.13,0,00,99.99,,,,0.0,0.0
1788090386.13,0,00,99.99,,,,0.0,0.0
1788090387.13,0,00,99.99,,,,0.0,0.0
1788090388.13,0,00,99.99,,,,0.0,0.0
1788090389.13,0,00,99.99,,,,0.0,0.0
1788090390.13,0,00,99.99,,,,0.0,0.0
1788090391.13,0,00,99.99,,,,0.0,0.0
1788090392.13,0,00,99.99,,,,0.0,0.0
1788090393.13,0,00,99.99,,,,0.0,0.0
1788090394.13,0,00,99.99,,,,0.0,0.0
1788090395.13,0,00,99.99,,,,0.0,0.0
1788090396.13,0,00,99.99,,,,0.0,0.0
1788090397.13,0,00,99.99,,,,0.0,0.0
1788090398.13,0,00,99.99,,,,0.0,0.0
1788090399.13,0,00,99.99,,,,0.0,0.0
1788090400.13,0,00,99.99,,,,0.0,0.0
1788090401.12,0,00,99.99,,,,0.0,0.0
1788090402.12,0,00,99.99,,,,0.0,0.0
1788090403.13,0,00,99.99,,,,0.0,0.0
1788090404.13,0,00,99.99,,,,0.0,0.0
1788090405.13,0,00,99.99,,,,0.0,0.0
1788090406.13,0,00,99.99,,,,0.0,0.0
1788090407.12,0,00,99.99,,,,0.0,0.0
1788090408.13,0,00,99.99,,,,0.0,0.0
1788090409.13,0,00,99.99,,,,0.0,0.0
1788090410.13,0,00,99.99,,,,0.0,0.0
1788090411.13,0,00,99.99,,,,0.0,0.0
1788090412.12,0,00,99.99,,,,0.0,0.0
1788090413.13,0,00,99.99,,,,0.0,0.0
1788090414.12,0,00,99.99,,,,0.0,0.0
1788090415.13,0,00,99.99,,,,0.0,0.0
1788090416.12,0,00,99.99,,,,0.0,0.0
1788090417.12,0,00,99.99,,,,0.0,0.0
1788090418.13,0,00,99.99,,,,0.0,0.0
1788090419.13,0,00,99.99,,,,0.0,0.0
1788090420.13,0,00,99.99,,,,0.0,0.0
1788090421.13,0,00,99.99,,,,0.0,0.0
1788090422.13,0,00,99.99,,,,0.0,0.0
1788090423.13,0,00,99.99,,,,0.0,0.0
1788090424.13,0,00,99.99,,,,0.0,0.0
1788090425.13,0,00,99.99,,,,0.0,0.0
1788090426.13,0,00,99.99,,,,0.0,0.0
1788090427.13,0,00,99.99,,,,0.0,0.0
1788090428.13,0,00,99.99,,,,0.0,0.0
1788090429.13,0,00,99.99,,,,0.0,0.0
1788090430.13,0,00,99.99,,,,0.0,0.0
1788090431.13,0,00,99.99,,,,0.0,0.0
1788090432.13,0,00,99.99,,,,0.0,0.0
1788090433.13,0,00,99.99,,,,0.0,0.0
1788090434.13,0,00,99.99,,,,0.0,0.0
1788090435.12,0,00,99.99,,,,0.0,0.0
1788090436.12,0,00,99.99,,,,0.0,0.0
1788090437.12,0,00,99.99,,,,0.0,0.0
1788090438.12,0,00,99.99,,,,0.0,0.0
1788090439.12,0,00,99.99,,,,0.0,0.0
1788090440.13,0,00,99.99,,,,0.0,0.0
1788090441.13,0,00,99.99,,,,0.0,0.0
1788090442.13,0,00,99.99,,,,0.0,0.0
1788090443.12,0,00,99.99,,,,0.0,0.0
1788090444.13,0,00,99.99,,,,0.0,0.0
1788090445.13,0,00,99.99,,,,0.0,0.0
1788090446.13,0,00,99.99,,,,0.0,0.0
1788090447.13,0,00,99.99,,,,0.0,0.0
1788090448.13,0,00,99.99,,,,0.0,0.0
1788090449.13,0,00,99.99,,,,0.0,0.0
1788090450.13,0,00,99.99,,,,0.0,0.0
1788090451.13,0,00,99.99,,,,0.0,0.0
1788090452.13,0,00,99.99,,,,0.0,0.0
1788090453.13,0,00,99.99,,,,0.0,0.0
1788090454.12,0,00,99.99,,,,0.0,0.0
1788090455.12,0,00,99.99,,,,0.0,0.0
1788090456.12,0,00,99.99,,,,0.0,0.0
1788090457.12,0,00,99.99,,,,0.0,0.0
1788090458.12,0,00,99.99,,,,0.0,0.0
1788090459.12,0,00,99.99,,,,0.0,0.0
1788090460.12,0,00,99.99,,,,0.0,0.0
1788090461.12,0,00,99.99,,,,0.0,0.0
1788090462.12,0,00,99.99,,,,0.0,0.0
1788090463.13,0,00,99.99,,,,0.0,0.0
1788090464.13,0,00,99.99,,,,0.0,0.0
1788090465.13,0,00,99.99,,,,0.0,0.0
1788090466.13,0,00,99.99,,,,0.0,0.0
1788090467.13,0,00,99.99,,,,0.0,0.0
1788090468.13,0,00,99.99,,,,0.0,0.0
1788090469.12,0,00,99.99,,,,0.0,0.0
1788090470.12,0,00,99.99,,,,0.0,0.0
1788090471.13,0,00,99.99,,,,0.0,0.0
1788090472.13,0,00,99.99,,,,0.0,0.0
1788090473.13,0,00,99.99,,,,0.0,0.0
1788090474.13,0,00,99.99,,,,0.0,0.0
1788090475.13,0,00,99.99,,,,0.0,0.0
1788090476.13,0,00,99.99,,,,0.0,0.0
1788090477.13,0,00,99.99,,,,0.0,0.0
1788090478.13,0,00,99.99,,,,0.0,0.0
1788090479.13,0,00,99.99,,,,0.0,0.0
1788090480.13,0,00,99.99,,,,0.0,0.0
1788090481.13,0,00,99.99,,,,0.0,0.0
1788090482.13,0,00,99.99,,,,0.0,0.0
1788090483.13,0,00,99.99,,,,0.0,0.0
1788090484.13,0,00,99.99,,,,0.0,0.0
1788090485.13,0,00,99.99,,,,0.0,0.0
1788090486.13,0,00,99.99,,,,0.0,0.0
1788090487.12,0,00,99.99,,,,0.0,0.0
1788090488.12,0,00,99.99,,,,0.0,0.0
1788090489.13,0,00,99.99,,,,0.0,0.0
1788090490.13,0,00,99.99,,,,0.0,0.0
1788090491.13,0,00,99.99,,,,0.0,0.0
1788090492.13,0,00,99.99,,,,0.0,0.0
1788090493.13,0,00,99.99,,,,0.0,0.0
1788090494.12,0,00,99.99,,,,0.0,0.0
1788090495.13,0,00,99.99,,,,0.0,0.0
1788090496.12,0,00,99.99,,,,0.0,0.0
1788090497.12,0,00,99.99,,,,0.0,0.0
1788090498.12,0,00,99.99,,,,0.0,0.0
1788090499.13,0,00,99.99,,,,0.0,0.0
1788090500.13,0,00,99.99,,,,0.0,0.0
1788090501.13,0,00,99.99,,,,0.0,0.0
1788090502.13,0,00,99.99,,,,0.0,0.0
1788090503.13,0,00,99.99,,,,0.0,0.0
1788090504.12,0,00,99.99,,,,0.0,0.0
1788090505.12,0,00,99.99,,,,0.0,0.0
1788090506.12,0,00,99.99,,,,0.0,0.0
1788090507.12,0,00,99.99,,,,0.0,0.0
1788090508.12,0,00,99.99,,,,0.0,0.0
1788090509.12,0,00,99.99,,,,0.0,0.0
1788090510.12,0,00,99.99,,,,0.0,0.0
1788090511.12,0,00,99.99,,,,0.0,0.0
1788090512.12,0,00,99.99,,,,0.0,0.0
1788090513.12,0,00,99.99,,,,0.0,0.0
1788090514.12,0,00,99.99,,,,0.0,0.0
1788090515.12,0,00,99.99,,,,0.0,0.0
1788090516.12,0,00,99.99,,,,0.0,0.0
1788090517.12,0,00,99.99,,,,0.0,0.0
1788090518.12,0,00,99.99,,,,0.0,0.0
1788090519.12,0,00,99.99,,,,0.0,0.0
1788090520.12,0,00,99.99,,,,0.0,0.0
1788090521.12,0,00,99.99,,,,0.0,0.0
1788090522.12,0,00,99.99,,,,0.0,0.0
1788090523.12,0,00,99.99,,,,0.0,0.0
1788090524.12,0,00,99.99,,,,0.0,0.0
1788090525.12,0,00,99.99,,,,0.0,0.0
1788090526.12,0,00,99.99,,,,0.0,0.0
1788090527.12,0,00,99.99,,,,0.0,0.0
1788090528.13,0,00,99.99,,,,0.0,0.0
1788090529.12,0,00,99.99,,,,0.0,0.0
1788090530.12,0,00,99.99,,,,0.0,0.0
1788090531.12,0,00,99.99,,,,0.0,0.0
1788090532.12,0,00,99.99,,,,0.0,0.0
1788090533.13,0,00,99.99,,,,0.0,0.0
1788090534.13,0,00,99.99,,,,0.0,0.0
1788090535.13,0,00,99.99,,,,0.0,0.0
1788090536.13,0,00,99.99,,,,0.0,0.0
1788090537.13,0,00,99.99,,,,0.0,0.0
1788090538.13,0,00,99.99,,,,0.0,0.0
1788090539.12,0,00,99.99,,,,0.0,0.0
1788090540.13,0,00,99.99,,,,0.0,0.0
1788090541.13,0,00,99.99,,,,0.0,0.0
1788090542.13,0,00,99.99,,,,0.0,0.0
1788090543.13,0,00,99.99,,,,0.0,0.0
1788090544.13,0,00,99.99,,,,0.0,0.0
1788090545.13,0,00,99.99,,,,0.0,0.0
1788090546.13,0,00,99.99,,,,0.0,0.0
1788090547.13,0,00,99.99,,,,0.0,0.0
1788090548.13,0,00,99.99,,,,0.0,0.0
1788090549.13,0,00,99.99,,,,0.0,0.0
1788090550.13,0,00,99.99,,,,0.0,0.0
1788090551.13,0,00,99.99,,,,0.0,0.0
1788090552.13,0,00,99.99,,,,0.0,0.0
1788090553.13,0,00,99.99,,,,0.0,0.0
1788090554.13,0,00,99.99,,,,0.0,0.0
1788090555.13,0,00,99.99,,,,0.0,0.0
1788090556.13,0,00,99.99,,,,0.0,0.0
1788090557.13,0,00,99.99,,,,0.0,0.0
1788090558.12,0,00,99.99,,,,0.0,0.0
1788090559.12,0,00,99.99,,,,0.0,0.0
1788090560.12,0,00,99.99,,,,0.0,0.0
1788090561.13,0,00,99.99,,,,0.0,0.0
1788090562.13,0,00,99.99,,,,0.0,0.0
1788090563.13,0,00,99.99,,,,0.0,0.0
1788090564.13,0,00,99.99,,,,0.0,0.0
1788090565.13,0,00,99.99,,,,0.0,0.0
1788090566.13,0,00,99.99,,,,0.0,0.0
1788090567.13,0,00,99.99,,,,0.0,0.0
1788090568.13,0,00,99.99,,,,0.0,0.0
1788090569.13,0,00,99.99,,,,0.0,0.0
1788090570.13,0,00,99.99,,,,0.0,0.0
1788090571.13,0,00,99.99,,,,0.0,0.0
1788090572.13,0,00,99.99,,,,0.0,0.0
1788090573.13,0,00,99.99,,,,0.0,0.0
1788090574.13,0,00,99.99,,,,0.0,0.0
1788090575.13,0,00,99.99,,,,0.0,0.0
1788090576.13,0,00,99.99,,,,0.0,0.0
1788090577.13,0,00,99.99,,,,0.0,0.0
1788090578.13,0,00,99.99,,,,0.0,0.0
1788090579.13,0,00,99.99,,,,0.0,0.0
1788090580.13,0,00,99.99,,,,0.0,0.0
1788090581.13,0,00,99.99,,,,0.0,0.0
1788090582.13,0,00,99.99,,,,0.0,0.0
1788090583.13,0,00,99.99,,,,0.0,0.0
1788090584.13,0,00,99.99,,,,0.0,0.0
1788090585.13,0,00,99.99,,,,0.0,0.0
1788090586.13,0,00,99.99,,,,0.0,0.0
1788090587.13,0,00,99.99,,,,0.0,0.0
1788090588.12,0,00,99.99,,,,0.0,0.0
1788090589.12,0,00,99.99,,,,0.0,0.0
1788090590.13,0,00,99.99,,,,0.0,0.0
1788090591.13,0,00,99.99,,,,0.0,0.0
1788090592.13,0,00,99.99,,,,0.0,0.0
1788090593.13,0,00,99.99,,,,0.0,0.0
1788090594.13,0,00,99.99,,,,0.0,0.0
1788090595.13,0,00,99.99,,,,0.0,0.0
1788090596.12,0,00,99.99,,,,0.0,0.0
1788090597.13,0,00,99.99,,,,0.0,0.0
1788090598.13,0,00,99.99,,,,0.0,0.0
1788090599.13,0,00,99.99,,,,0.0,0.0
1788090600.13,0,00,99.99,,,,0.0,0.0
1788090601.13,0,00,99.99,,,,0.0,0.0
1788090602.13,0,00,99.99,,,,0.0,0.0
1788090603.12,0,00,99.99,,,,0.0,0.0
1788090604.13,0,00,99.99,,,,0.0,0.0
1788090605.13,0,00,99.99,,,,0.0,0.0
1788090606.13,0,00,99.99,,,,0.0,0.0
1788090607.12,0,00,99.99,,,,0.0,0.0
1788090608.12,0,00,99.99,,,,0.0,0.0
1788090609.12,0,00,99.99,,,,0.0,0.0
1788090610.12,0,00,99.99,,,,0.0,0.0
1788090611.12,0,00,99.99,,,,0.0,0.0
1788090612.12,0,00,99.99,,,,0.0,0.0
1788090613.12,0,00,99.99,,,,0.0,0.0
1788090614.12,0,00,99.99,,,,0.0,0.0
1788090615.13,0,00,99.99,,,,0.0,0.0
1788090616.13,0,00,99.99,,,,0.0,0.0
1788090617.12,0,00,99.99,,,,0.0,0.0
1788090618.12,0,00,99.99,,,,0.0,0.0
1788090619.12,0,00,99.99,,,,0.0,0.0
1788090620.12,0,00,99.99,,,,0.0,0.0
1788090621.12,0,00,99.99,,,,0.0,0.0
1788090622.12,0,00,99.99,,,,0.0,0.0
1788090623.12,0,00,99.99,,,,0.0,0.0
1788090624.12,0,00,99.99,,,,0.0,0.0
1788090625.12,0,00,99.99,,,,0.0,0.0
1788090626.12,0,00,99.99,,,,0.0,0.0
1788090627.12,0,00,99.99,,,,0.0,0.0
1788090628.12,0,00,99.99,,,,0.0,0.0
1788090629.12,0,00,99.99,,,,0.0,0.0
1788090630.12,0,00,99.99,,,,0.0,0.0
1788090631.12,0,00,99.99,,,,0.0,0.0
1788090632.12,0,00,99.99,,,,0.0,0.0
1788090633.12,0,00,99.99,,,,0.0,0.0
1788090634.12,0,00,99.99,,,,0.0,0.0
1788090635.12,0,00,99.99,,,,0.0,0.0
1788090636.12,0,00,99.99,,,,0.0,0.0
1788090637.12,0,00,99.99,,,,0.0,0.0
1788090638.12,0,00,99.99,,,,0.0,0.0
1788090639.12,0,00,99.99,,,,0.0,0.0
1788090640.12,0,00,99.99,,,,0.0,0.0
1788090641.12,0,00,99.99,,,,0.0,0.0
1788090642.12,0,00,99.99,,,,0.0,0.0
1788090643.12,0,00,99.99,,,,0.0,0.0
1788090644.12,0,00,99.99,,,,0.0,0.0
1788090645.12,0,00,99.99,,,,0.0,0.0
1788090646.12,0,00,99.99,,,,0.0,0.0
1788090647.12,0,00,99.99,,,,0.0,0.0
1788090648.12,0,00,99.99,,,,0.0,0.0
1788090649.12,0,00,99.99,,,,0.0,0.0
1788090650.12,0,00,99.99,,,,0.0,0.0
1788090651.12,0,00,99.99,,,,0.0,0.0
1788090652.12,0,00,99.99,,,,0.0,0.0
1788090653.12,0,00,99.99,,,,0.0,0.0
1788090654.12,0,00,99.99,,,,0.0,0.0
1788090655.12,0,00,99.99,,,,0.0,0.0
1788090656.12,0,00,99.99,,,,0.0,0.0
1788090657.12,0,00,99.99,,,,0.0,0.0
1788090658.12,0,00,99.99,,,,0.0,0.0
1788090659.12,0,00,99.99,,,,0.0,0.0
1788090660.12,0,00,99.99,,,,0.0,0.0
1788090661.12,0,00,99.99,,,,0.0,0.0
1788090662.12,0,00,99.99,,,,0.0,0.0
1788090663.13,0,00,99.99,,,,0.0,0.0
1788090664.12,0,00,99.99,,,,0.0,0.0
1788090665.12,0,00,99.99,,,,0.0,0.0
1788090666.12,0,00,99.99,,,,0.0,0.0
1788090667.12,0,00,99.99,,,,0.0,0.0
1788090668.12,0,00,99.99,,,,0.0,0.0
1788090669.12,0,00,99.99,,,,0.0,0.0
1788090670.12,0,00,99.99,,,,0.0,0.0
1788090671.12,0,00,99.99,,,,0.0,0.0
1788090672.12,0,00,99.99,,,,0.0,0.0
1788090673.13,0,00,99.99,,,,0.0,0.0
1788090674.13,0,00,99.99,,,,0.0,0.0
1788090675.12,0,00,99.99,,,,0.0,0.0
1788090676.12,0,00,99.99,,,,0.0,0.0
1788090677.13,0,00,99.99,,,,0.0,0.0
1788090678.13,0,00,99.99,,,,0.0,0.0
1788090679.12,0,00,99.99,,,,0.0,0.0
1788090680.12,0,00,99.99,,,,0.0,0.0
1788090681.12,0,00,99.99,,,,0.0,0.0
1788090682.12,0,00,99.99,,,,0.0,0.0
1788090683.12,0,00,99.99,,,,0.0,0.0
1788090684.12,0,00,99.99,,,,0.0,0.0
1788090685.12,0,00,99.99,,,,0.0,0.0
1788090686.12,0,00,99.99,,,,0.0,0.0
1788090687.12,0,00,99.99,,,,0.0,0.0
1788090688.12,0,00,99.99,,,,0.0,0.0
1788090689.12,0,00,99.99,,,,0.0,0.0
1788090690.12,0,00,99.99,,,,0.0,0.0
1788090691.12,0,00,99.99,,,,0.0,0.0
1788090692.13,0,00,99.99,,,,0.0,0.0
1788090693.12,0,00,99.99,,,,0.0,0.0
1788090694.12,0,00,99.99,,,,0.0,0.0
1788090695.13,0,00,99.99,,,,0.0,0.0
1788090696.13,0,00,99.99,,,,0.0,0.0
1788090697.12,0,00,99.99,,,,0.0,0.0
1788090698.12,0,00,99.99,,,,0.0,0.0
1788090699.12,0,00,99.99,,,,0.0,0.0
1788090700.13,0,00,99.99,,,,0.0,0.0
1788090701.13,0,00,99.99,,,,0.0,0.0
1788090702.13,0,00,99.99,,,,0.0,0.0
1788090703.13,0,00,99.99,,,,0.0,0.0
1788090704.12,0,00,99.99,,,,0.0,0.0
1788090705.12,0,00,99.99,,,,0.0,0.0
1788090706.12,0,00,99.99,,,,0.0,0.0
1788090707.13,0,00,99.99,,,,0.0,0.0
1788090708.12,0,00,99.99,,,,0.0,0.0
1788090709.12,0,00,99.99,,,,0.0,0.0
1788090710.12,0,00,99.99,,,,0.0,0.0
1788090711.12,0,00,99.99,,,,0.0,0.0
1788090712.12,0,00,99.99,,,,0.0,0.0
1788090713.13,0,00,99.99,,,,0.0,0.0
1788090714.13,0,00,99.99,,,,0.0,0.0
1788090715.12,0,00,99.99,,,,0.0,0.0
1788090716.12,0,00,99.99,,,,0.0,0.0
1788090717.13,0,00,99.99,,,,0.0,0.0
1788090718.12,0,00,99.99,,,,0.0,0.0
1788090719.12,0,00,99.99,,,,0.0,0.0
1788090720.12,0,00,99.99,,,,0.0,0.0
1788090721.12,0,00,99.99,,,,0.0,0.0
1788090722.12,0,00,99.99,,,,0.0,0.0
1788090723.12,0,00,99.99,,,,0.0,0.0
1788090724.12,0,00,99.99,,,,0.0,0.0
1788090725.12,0,00,99.99,,,,0.0,0.0
1788090726.12,0,00,99.99,,,,0.0,0.0
1788090727.12,0,00,99.99,,,,0.0,0.0
1788090728.12,0,00,99.99,,,,0.0,0.0
1788090729.12,0,00,99.99,,,,0.0,0.0
1788090730.12,0,00,99.99,,,,0.0,0.0
1788090731.12,0,00,99.99,,,,0.0,0.0
1788090732.12,0,00,99.99,,,,0.0,0.0
1788090733.12,0,00,99.99,,,,0.0,0.0
1788090734.12,0,00,99.99,,,,0.0,0.0
1788090735.12,0,00,99.99,,,,0.0,0.0
1788090736.12,0,00,99.99,,,,0.0,0.0
1788090737.12,0,00,99.99,,,,0.0,0.0
1788090738.12,0,00,99.99,,,,0.0,0.0
1788090739.12,0,00,99.99,,,,0.0,0.0
1788090740.12,0,00,99.99,,,,0.0,0.0
1788090741.12,0,00,99.99,,,,0.0,0.0
1788090742.12,0,00,99.99,,,,0.0,0.0
1788090743.13,0,00,99.99,,,,0.0,0.0
1788090744.12,0,00,99.99,,,,0.0,0.0
1788090745.12,0,00,99.99,,,,0.0,0.0
1788090746.12,0,00,99.99,,,,0.0,0.0
1788090747.12,0,00,99.99,,,,0.0,0.0
1788090748.12,0,00,99.99,,,,0.0,0.0
1788090749.12,0,00,99.99,,,,0.0,0.0
1788090750.13,0,00,99.99,,,,0.0,0.0
1788090751.13,0,00,99.99,,,,0.0,0.0
1788090752.12,0,00,99.99,,,,0.0,0.0
1788090753.12,0,00,99.99,,,,0.0,0.0
1788090754.12,0,00,99.99,,,,0.0,0.0
1788090755.13,0,00,99.99,,,,0.0,0.0
1788090756.13,0,00,99.99,,,,0.0,0.0
1788090757.12,0,00,99.99,,,,0.0,0.0
1788090758.12,0,00,99.99,,,,0.0,0.0
1788090759.12,0,00,99.99,,,,0.0,0.0
1788090760.12,0,00,99.99,,,,0.0,0.0
1788090761.12,0,00,99.99,,,,0.0,0.0
1788090762.12,0,00,99.99,,,,0.0,0.0
1788090763.12,0,00,99.99,,,,0.0,0.0
1788090764.12,0,00,99.99,,,,0.0,0.0
1788090765.12,0,00,99.99,,,,0.0,0.0
1788090766.12,0,00,99.99,,,,0.0,0.0
1788090767.12,0,00,99.99,,,,0.0,0.0
1788090768.12,0,00,99.99,,,,0.0,0.0
1788090769.12,0,00,99.99,,,,0.0,0.0
1788090770.12,0,00,99.99,,,,0.0,0.0
1788090771.12,0,00,99.99,,,,0.0,0.0
1788090772.12,0,00,99.99,,,,0.0,0.0
1788090773.12,0,00,99.99,,,,0.0,0.0
1788090774.12,0,00,99.99,,,,0.0,0.0
1788090775.12,0,00,99.99,,,,0.0,0.0
1788090776.12,0,00,99.99,,,,0.0,0.0
1788090777.12,0,00,99.99,,,,0.0,0.0
1788090778.13,0,00,99.99,,,,0.0,0.0
1788090779.13,0,00,99.99,,,,0.0,0.0
1788090780.12,0,00,99.99,,,,0.0,0.0
1788090781.12,0,00,99.99,,,,0.0,0.0
1788090782.12,0,00,99.99,,,,0.0,0.0
1788090783.12,0,00,99.99,,,,0.0,0.0
1788090784.12,0,00,99.99,,,,0.0,0.0
1788090785.13,0,00,99.99,,,,0.0,0.0
1788090786.12,0,00,99.99,,,,0.0,0.0
1788090787.13,0,00,99.99,,,,0.0,0.0
1788090788.12,0,00,99.99,,,,0.0,0.0
1788090789.12,0,00,99.99,,,,0.0,0.0
1788090790.12,0,00,99.99,,,,0.0,0.0
1788090791.12,0,00,99.99,,,,0.0,0.0
1788090792.12,0,00,99.99,,,,0.0,0.0
1788090793.12,0,00,99.99,,,,0.0,0.0
1788090794.12,0,00,99.99,,,,0.0,0.0
1788090795.12,0,00,99.99,,,,0.0,0.0
1788090796.12,0,00,99.99,,,,0.0,0.0
1788090797.13,0,00,99.99,,,,0.0,0.0
1788090798.12,0,00,99.99,,,,0.0,0.0
1788090799.12,0,00,99.99,,,,0.0,0.0
1788090800.12,0,00,99.99,,,,0.0,0.0
1788090801.12,0,00,99.99,,,,0.0,0.0
1788090802.13,0,00,99.99,,,,0.0,0.0
1788090803.13,0,00,99.99,,,,0.0,0.0
1788090804.13,0,00,99.99,,,,0.0,0.0
1788090805.13,0,00,99.99,,,,0.0,0.0
1788090806.13,0,00,99.99,,,,0.0,0.0
1788090807.13,0,00,99.99,,,,0.0,0.0
1788090808.13,0,00,99.99,,,,0.0,0.0
1788090809.13,0,00,99.99,,,,0.0,0.0
1788090810.12,0,00,99.99,,,,0.0,0.0
1788090811.12,0,00,99.99,,,,0.0,0.0
1788090812.12,0,00,99.99,,,,0.0,0.0
1788090813.13,0,00,99.99,,,,0.0,0.0
1788090814.12,0,00,99.99,,,,0.0,0.0
1788090815.12,0,00,99.99,,,,0.0,0.0
1788090816.12,0,00,99.99,,,,0.0,0.0
1788090817.12,0,00,99.99,,,,0.0,0.0
1788090818.12,0,00,99.99,,,,0.0,0.0
1788090819.12,0,00,99.99,,,,0.0,0.0
1788090820.13,0,00,99.99,,,,0.0,0.0
1788090821.12,0,00,99.99,,,,0.0,0.0
1788090822.13,0,00,99.99,,,,0.0,0.0
1788090823.12,0,00,99.99,,,,0.0,0.0
1788090824.13,0,00,99.99,,,,0.0,0.0
1788090825.12,0,00,99.99,,,,0.0,0.0
1788090826.12,0,00,99.99,,,,0.0,0.0
1788090827.12,0,00,99.99,,,,0.0,0.0
1788090828.12,0,00,99.99,,,,0.0,0.0
1788090829.12,0,00,99.99,,,,0.0,0.0
1788090830.12,0,00,99.99,,,,0.0,0.0
1788090831.12,0,00,99.99,,,,0.0,0.0
1788090832.12,0,00,99.99,,,,0.0,0.0
1788090833.12,0,00,99.99,,,,0.0,0.0
1788090834.12,0,00,99.99,,,,0.0,0.0
1788090835.12,0,00,99.99,,,,0.0,0.0
1788090836.13,0,00,99.99,,,,0.0,0.0
1788090837.13,0,00,99.99,,,,0.0,0.0
1788090838.12,0,00,99.99,,,,0.0,0.0
1788090839.12,0,00,99.99,,,,0.0,0.0
1788090840.12,0,00,99.99,,,,0.0,0.0
1788090841.13,0,00,99.99,,,,0.0,0.0
1788090842.12,0,00,99.99,,,,0.0,0.0
1788090843.12,0,00,99.99,,,,0.0,0.0
1788090844.12,0,00,99.99,,,,0.0,0.0
1788090845.13,0,00,99.99,,,,0.0,0.0
1788090846.12,0,00,99.99,,,,0.0,0.0
1788090847.12,0,00,99.99,,,,0.0,0.0
1788090848.12,0,00,99.99,,,,0.0,0.0
1788090849.12,0,00,99.99,,,,0.0,0.0
1788090850.12,0,00,99.99,,,,0.0,0.0
1788090851.12,0,00,99.99,,,,0.0,0.0
1788090852.12,0,00,99.99,,,,0.0,0.0
1788090853.12,0,00,99.99,,,,0.0,0.0
1788090854.12,0,00,99.99,,,,0.0,0.0
1788090855.12,0,00,99.99,,,,0.0,0.0
1788090856.12,0,00,99.99,,,,0.0,0.0
1788090857.12,0,00,99.99,,,,0.0,0.0
1788090858.12,0,00,99.99,,,,0.0,0.0
1788090859.12,0,00,99.99,,,,0.0,0.0
1788090860.12,0,00,99.99,,,,0.0,0.0
1788090861.12,0,00,99.99,,,,0.0,0.0
1788090862.12,0,00,99.99,,,,0.0,0.0
1788090863.12,0,00,99.99,,,,0.0,0.0
1788090864.12,0,00,99.99,,,,0.0,0.0
1788090865.12,0,00,99.99,,,,0.0,0.0
1788090866.12,0,00,99.99,,,,0.0,0.0
1788090867.12,0,00,99.99,,,,0.0,0.0
1788090868.12,0,00,99.99,,,,0.0,0.0
1788090869.12,0,00,99.99,,,,0.0,0.0
1788090870.12,0,00,99.99,,,,0.0,0.0
1788090871.13,0,00,99.99,,,,0.0,0.0
1788090872.13,0,00,99.99,,,,0.0,0.0
1788090873.12,0,00,99.99,,,,0.0,0.0
1788090874.12,0,00,99.99,,,,0.0,0.0
1788090875.12,0,00,99.99,,,,0.0,0.0
1788090876.12,0,00,99.99,,,,0.0,0.0
1788090877.13,0,00,99.99,,,,0.0,0.0
1788090878.12,0,00,99.99,,,,0.0,0.0
1788090879.12,0,00,99.99,,,,0.0,0.0
1788090880.12,0,00,99.99,,,,0.0,0.0
1788090881.12,0,00,99.99,,,,0.0,0.0
1788090882.12,0,00,99.99,,,,0.0,0.0
1788090883.12,0,00,99.99,,,,0.0,0.0
1788090884.12,0,00,99.99,,,,0.0,0.0
1788090885.12,0,00,99.99,,,,0.0,0.0
1788090886.12,0,00,99.99,,,,0.0,0.0
1788090887.12,0,00,99.99,,,,0.0,0.0
1788090888.12,0,00,99.99,,,,0.0,0.0
1788090889.12,0,00,99.99,,,,0.0,0.0
1788090890.12,0,00,99.99,,,,0.0,0.0
1788090891.12,0,00,99.99,,,,0.0,0.0
1788090892.12,0,00,99.99,,,,0.0,0.0
1788090893.12,0,00,99.99,,,,0.0,0.0
1788090894.12,0,00,99.99,,,,0.0,0.0
1788090895.12,0,00,99.99,,,,0.0,0.0
1788090896.12,0,00,99.99,,,,0.0,0.0
1788090897.12,0,00,99.99,,,,0.0,0.0
1788090898.12,0,00,99.99,,,,0.0,0.0
1788090899.12,0,00,99.99,,,,0.0,0.0
1788090900.12,0,00,99.99,,,,0.0,0.0
1788090901.12,0,00,99.99,,,,0.0,0.0
1788090902.12,0,00,99.99,,,,0.0,0.0
1788090903.12,0,00,99.99,,,,0.0,0.0
1788090904.12,0,00,99.99,,,,0.0,0.0
1788090905.12,0,00,99.99,,,,0.0,0.0
1788090906.12,0,00,99.99,,,,0.0,0.0
1788090907.12,0,00,99.99,,,,0.0,0.0
1788090908.11,0,00,99.99,,,,0.0,0.0
1788090909.12,0,00,99.99,,,,0.0,0.0
1788090910.12,0,00,99.99,,,,0.0,0.0
1788090911.12,0,00,99.99,,,,0.0,0.0
1788090912.12,0,00,99.99,,,,0.0,0.0
1788090913.12,0,00,99.99,,,,0.0,0.0
1788090914.12,0,00,99.99,,,,0.0,0.0
1788090915.12,0,00,99.99,,,,0.0,0.0
1788090916.12,0,00,99.99,,,,0.0,0.0
1788090917.12,0,00,99.99,,,,0.0,0.0
1788090918.12,0,00,99.99,,,,0.0,0.0
1788090919.11,0,00,99.99,,,,0.0,0.0
1788090920.11,0,00,99.99,,,,0.0,0.0
1788090921.11,0,00,99.99,,,,0.0,0.0
1788090922.12,0,00,99.99,,,,0.0,0.0
1788090923.12,0,00,99.99,,,,0.0,0.0
1788090924.12,0,00,99.99,,,,0.0,0.0
1788090925.12,0,00,99.99,,,,0.0,0.0
1788090926.12,0,00,99.99,,,,0.0,0.0
1788090927.12,0,00,99.99,,,,0.0,0.0
1788090928.12,0,00,99.99,,,,0.0,0.0
1788090929.12,0,00,99.99,,,,0.0,0.0
1788090930.12,0,00,99.99,,,,0.0,0.0
1788090931.13,0,00,99.99,,,,0.0,0.0
1788090932.12,0,00,99.99,,,,0.0,0.0
1788090933.12,0,00,99.99,,,,0.0,0.0
1788090934.12,0,00,99.99,,,,0.0,0.0
1788090935.12,0,00,99.99,,,,0.0,0.0
1788090936.12,0,00,99.99,,,,0.0,0.0
1788090937.12,0,00,99.99,,,,0.0,0.0
1788090938.12,0,00,99.99,,,,0.0,0.0
1788090939.12,0,00,99.99,,,,0.0,0.0
1788090940.12,0,00,99.99,,,,0.0,0.0
1788090941.12,0,00,99.99,,,,0.0,0.0
1788090942.12,0,00,99.99,,,,0.0,0.0
1788090943.13,0,00,99.99,,,,0.0,0.0
1788090944.12,0,00,99.99,,,,0.0,0.0
1788090945.12,0,00,99.99,,,,0.0,0.0
1788090946.12,0,00,99.99,,,,0.0,0.0
1788090947.13,0,00,99.99,,,,0.0,0.0
1788090948.12,0,00,99.99,,,,0.0,0.0
1788090949.12,0,00,99.99,,,,0.0,0.0
1788090950.12,0,00,99.99,,,,0.0,0.0
1788090951.12,0,00,99.99,,,,0.0,0.0
1788090952.11,0,00,99.99,,,,0.0,0.0
1788090953.11,0,00,99.99,,,,0.0,0.0
1788090954.12,0,00,99.99,,,,0.0,0.0
1788090955.12,0,00,99.99,,,,0.0,0.0
1788090956.12,0,00,99.99,,,,0.0,0.0
1788090957.13,0,00,99.99,,,,0.0,0.0
1788090958.12,0,00,99.99,,,,0.0,0.0
1788090959.12,0,00,99.99,,,,0.0,0.0
1788090960.12,0,00,99.99,,,,0.0,0.0
1788090961.12,0,00,99.99,,,,0.0,0.0
1788090962.12,0,00,99.99,,,,0.0,0.0
1788090963.12,0,00,99.99,,,,0.0,0.0
1788090964.12,0,00,99.99,,,,0.0,0.0
1788090965.12,0,00,99.99,,,,0.0,0.0
1788090966.12,0,00,99.99,,,,0.0,0.0
1788090967.12,0,00,99.99,,,,0.0,0.0
1788090968.12,0,00,99.99,,,,0.0,0.0
1788090969.12,0,00,99.99,,,,0.0,0.0
1788090970.12,0,00,99.99,,,,0.0,0.0
1788090971.12,0,00,99.99,,,,0.0,0.0
1788090972.12,0,00,99.99,,,,0.0,0.0
1788090973.13,0,00,99.99,,,,0.0,0.0
1788090974.12,0,00,99.99,,,,0.0,0.0
1788090975.12,0,00,99.99,,,,0.0,0.0
1788090976.12,0,00,99.99,,,,0.0,0.0
1788090977.12,0,00,99.99,,,,0.0,0.0
1788090978.12,0,00,99.99,,,,0.0,0.0
1788090979.12,0,00,99.99,,,,0.0,0.0
1788090980.12,0,00,99.99,,,,0.0,0.0
1788090981.12,0,00,99.99,,,,0.0,0.0
1788090982.12,0,00,99.99,,,,0.0,0.0
1788090983.12,0,00,99.99,,,,0.0,0.0
1788090984.12,0,00,99.99,,,,0.0,0.0
1788090985.12,0,00,99.99,,,,0.0,0.0
1788090986.12,0,00,99.99,,,,0.0,0.0
1788090987.12,0,00,99.99,,,,0.0,0.0
1788090988.12,0,00,99.99,,,,0.0,0.0
1788090989.12,0,00,99.99,,,,0.0,0.0
1788090990.12,0,00,99.99,,,,0.0,0.0
1788090991.12,0,00,99.99,,,,0.0,0.0
1788090992.12,0,00,99.99,,,,0.0,0.0
1788090993.12,0,00,99.99,,,,0.0,0.0
1788090994.12,0,00,99.99,,,,0.0,0.0
1788090995.12,0,00,99.99,,,,0.0,0.0
1788090996.12,0,00,99.99,,,,0.0,0.0
1788090997.12,0,00,99.99,,,,0.0,0.0
1788090998.12,0,00,99.99,,,,0.0,0.0
1788090999.12,0,00,99.99,,,,0.0,0.0
1788091000.12,0,00,99.99,,,,0.0,0.0
1788091001.12,0,00,99.99,,,,0.0,0.0
1788091002.12,0,00,99.99,,,,0.0,0.0
1788091003.12,0,00,99.99,,,,0.0,0.0
1788091004.12,0,00,99.99,,,,0.0,0.0
1788091005.12,0,00,99.99,,,,0.0,0.0
1788091006.12,0,00,99.99,,,,0.0,0.0
1788091007.12,0,00,99.99,,,,0.0,0.0
1788091008.12,0,00,99.99,,,,0.0,0.0
1788091009.12,0,00,99.99,,,,0.0,0.0
1788091010.12,0,00,99.99,,,,0.0,0.0
1788091011.12,0,00,99.99,,,,0.0,0.0
1788091012.12,0,00,99.99,,,,0.0,0.0
1788091013.12,0,00,99.99,,,,0.0,0.0
1788091014.12,0,00,99.99,,,,0.0,0.0
1788091015.12,0,00,99.99,,,,0.0,0.0
1788091016.12,0,00,99.99,,,,0.0,0.0
1788091017.11,0,00,99.99,,,,0.0,0.0
1788091018.12,0,00,99.99,,,,0.0,0.0
1788091019.12,0,00,99.99,,,,0.0,0.0
1788091020.12,0,00,99.99,,,,0.0,0.0
1788091021.12,0,00,99.99,,,,0.0,0.0
1788091022.11,0,00,99.99,,,,0.0,0.0
1788091023.11,0,00,99.99,,,,0.0,0.0
1788091024.12,0,00,99.99,,,,0.0,0.0
1788091025.11,0,00,99.99,,,,0.0,0.0
1788091026.12,0,00,99.99,,,,0.0,0.0
1788091027.12,0,00,99.99,,,,0.0,0.0
1788091028.12,0,00,99.99,,,,0.0,0.0
1788091029.11,0,00,99.99,,,,0.0,0.0
1788091030.11,0,00,99.99,,,,0.0,0.0
1788091031.11,0,00,99.99,,,,0.0,0.0
1788091032.12,0,00,99.99,,,,0.0,0.0
1788091033.12,0,00,99.99,,,,0.0,0.0
1788091034.12,0,00,99.99,,,,0.0,0.0
1788091035.12,0,00,99.99,,,,0.0,0.0
1788091036.12,0,00,99.99,,,,0.0,0.0
1788091037.11,0,00,99.99,,,,0.0,0.0
1788091038.12,0,00,99.99,,,,0.0,0.0
1788091039.12,0,00,99.99,,,,0.0,0.0
1788091040.12,0,00,99.99,,,,0.0,0.0
1788091041.12,0,00,99.99,,,,0.0,0.0
1788091042.12,0,00,99.99,,,,0.0,0.0
1788091043.12,0,00,99.99,,,,0.0,0.0
1788091044.12,0,00,99.99,,,,0.0,0.0
1788091045.12,0,00,99.99,,,,0.0,0.0
1788091046.11,0,00,99.99,,,,0.0,0.0
1788091047.12,0,00,99.99,,,,0.0,0.0
1788091048.12,0,00,99.99,,,,0.0,0.0
1788091049.11,0,00,99.99,,,,0.0,0.0
1788091050.12,0,00,99.99,,,,0.0,0.0
1788091051.12,0,00,99.99,,,,0.0,0.0
1788091052.12,0,00,99.99,,,,0.0,0.0
1788091053.11,0,00,99.99,,,,0.0,0.0
1788091054.11,0,00,99.99,,,,0.0,0.0
1788091055.11,0,00,99.99,,,,0.0,0.0
1788091056.11,0,00,99.99,,,,0.0,0.0
1788091057.11,0,00,99.99,,,,0.0,0.0
1788091058.11,0,00,99.99,,,,0.0,0.0
1788091059.11,0,00,99.99,,,,0.0,0.0
1788091060.11,0,00,99.99,,,,0.0,0.0
1788091061.12,0,00,99.99,,,,0.0,0.0
1788091062.11,0,00,99.99,,,,0.0,0.0
1788091063.11,0,00,99.99,,,,0.0,0.0
1788091064.11,0,00,99.99,,,,0.0,0.0
1788091065.11,0,00,99.99,,,,0.0,0.0
1788091066.11,0,00,99.99,,,,0.0,0.0
1788091067.11,0,00,99.99,,,,0.0,0.0
1788091068.11,0,00,99.99,,,,0.0,0.0
1788091069.12,0,00,99.99,,,,0.0,0.0
1788091070.11,0,00,99.99,,,,0.0,0.0
1788091071.11,0,00,99.99,,,,0.0,0.0
1788091072.11,0,00,99.99,,,,0.0,0.0
1788091073.11,0,00,99.99,,,,0.0,0.0
1788091074.11,0,00,99.99,,,,0.0,0.0
1788091075.12,0,00,99.99,,,,0.0,0.0
1788091076.11,0,00,99.99,,,,0.0,0.0
1788091077.11,0,00,99.99,,,,0.0,0.0
1788091078.11,0,00,99.99,,,,0.0,0.0
1788091079.11,0,00,99.99,,,,0.0,0.0
1788091080.12,0,00,99.99,,,,0.0,0.0
1788091081.12,0,00,99.99,,,,0.0,0.0
1788091082.12,0,00,99.99,,,,0.0,0.0
1788091083.12,0,00,99.99,,,,0.0,0.0
1788091084.12,0,00,99.99,,,,0.0,0.0
1788091085.12,0,00,99.99,,,,0.0,0.0
1788091086.12,0,00,99.99,,,,0.0,0.0
1788091087.12,0,00,99.99,,,,0.0,0.0
1788091088.12,0,00,99.99,,,,0.0,0.0
1788091089.11,0,00,99.99,,,,0.0,0.0
1788091090.11,0,00,99.99,,,,0.0,0.0
1788091091.12,0,00,99.99,,,,0.0,0.0
1788091092.12,0,00,99.99,,,,0.0,0.0
1788091093.12,0,00,99.99,,,,0.0,0.0
1788091094.11,0,00,99.99,,,,0.0,0.0
1788091095.11,0,00,99.99,,,,0.0,0.0
1788091096.11,0,00,99.99,,,,0.0,0.0
1788091097.11,0,00,99.99,,,,0.0,0.0
1788091098.11,0,00,99.99,,,,0.0,0.0
1788091099.11,0,00,99.99,,,,0.0,0.0
1788091100.11,0,00,99.99,,,,0.0,0.0
1788091101.11,0,00,99.99,,,,0.0,0.0
1788091102.12,0,00,99.99,,,,0.0,0.0
1788091103.12,0,00,99.99,,,,0.0,0.0
1788091104.12,0,00,99.99,,,,0.0,0.0
1788091105.12,0,00,99.99,,,,0.0,0.0
1788091106.12,0,00,99.99,,,,0.0,0.0
1788091107.12,0,00,99.99,,,,0.0,0.0
1788091108.11,0,00,99.99,,,,0.0,0.0
1788091109.12,0,00,99.99,,,,0.0,0.0
1788091110.12,0,00,99.99,,,,0.0,0.0
1788091111.12,0,00,99.99,,,,0.0,0.0
1788091112.12,0,00,99.99,,,,0.0,0.0
1788091113.12,0,00,99.99,,,,0.0,0.0
1788091114.12,0,00,99.99,,,,0.0,0.0
1788091115.11,0,00,99.99,,,,0.0,0.0
1788091116.12,0,00,99.99,,,,0.0,0.0
1788091117.12,0,00,99.99,,,,0.0,0.0
1788091118.12,0,00,99.99,,,,0.0,0.0
1788091119.12,0,00,99.99,,,,0.0,0.0
1788091120.12,0,00,99.99,,,,0.0,0.0
1788091121.12,0,00,99.99,,,,0.0,0.0
1788091122.12,0,00,99.99,,,,0.0,0.0
1788091123.12,0,00,99.99,,,,0.0,0.0
1788091124.12,0,00,99.99,,,,0.0,0.0
1788091125.12,0,00,99.99,,,,0.0,0.0
1788091126.12,0,00,99.99,,,,0.0,0.0
1788091127.12,0,00,99.99,,,,0.0,0.0
1788091128.11,0,00,99.99,,,,0.0,0.0
1788091129.11,0,00,99.99,,,,0.0,0.0
1788091130.12,0,00,99.99,,,,0.0,0.0
1788091131.12,0,00,99.99,,,,0.0,0.0
1788091132.11,0,00,99.99,,,,0.0,0.0
1788091133.12,0,00,99.99,,,,0.0,0.0
1788091134.11,0,00,99.99,,,,0.0,0.0
1788091135.11,0,00,99.99,,,,0.0,0.0
1788091136.12,0,00,99.99,,,,0.0,0.0
1788091137.11,0,00,99.99,,,,0.0,0.0
1788091138.11,0,00,99.99,,,,0.0,0.0
1788091139.11,0,00,99.99,,,,0.0,0.0
1788091140.12,0,00,99.99,,,,0.0,0.0
1788091141.11,0,00,99.99,,,,0.0,0.0
1788091142.12,0,00,99.99,,,,0.0,0.0
1788091143.11,0,00,99.99,,,,0.0,0.0
1788091144.12,0,00,99.99,,,,0.0,0.0
1788091145.11,0,00,99.99,,,,0.0,0.0
1788091146.11,0,00,99.99,,,,0.0,0.0
1788091147.11,0,00,99.99,,,,0.0,0.0
1788091148.11,0,00,99.99,,,,0.0,0.0
1788091149.11,0,00,99.99,,,,0.0,0.0
1788091150.12,0,00,99.99,,,,0.0,0.0
1788091151.12,0,00,99.99,,,,0.0,0.0
1788091152.12,0,00,99.99,,,,0.0,0.0
1788091153.12,0,00,99.99,,,,0.0,0.0
1788091154.12,0,00,99.99,,,,0.0,0.0
1788091155.12,0,00,99.99,,,,0.0,0.0
1788091156.12,0,00,99.99,,,,0.0,0.0
1788091157.12,0,00,99.99,,,,0.0,0.0
1788091158.12,0,00,99.99,,,,0.0,0.0
1788091159.12,0,00,99.99,,,,0.0,0.0
1788091160.12,0,00,99.99,,,,0.0,0.0
1788091161.12,0,00,99.99,,,,0.0,0.0
1788091162.12,0,00,99.99,,,,0.0,0.0
1788091163.12,0,00,99.99,,,,0.0,0.0
1788091164.12,0,00,99.99,,,,0.0,0.0
1788091165.12,0,00,99.99,,,,0.0,0.0
1788091166.11,0,00,99.99,,,,0.0,0.0
1788091167.11,0,00,99.99,,,,0.0,0.0
1788091168.11,0,00,99.99,,,,0.0,0.0
1788091169.12,0,00,99.99,,,,0.0,0.0
1788091170.12,0,00,99.99,,,,0.0,0.0
1788091171.12,0,00,99.99,,,,0.0,0.0
1788091172.12,0,00,99.99,,,,0.0,0.0
1788091173.12,0,00,99.99,,,,0.0,0.0
1788091174.12,0,00,99.99,,,,0.0,0.0
1788091175.12,0,00,99.99,,,,0.0,0.0
1788091176.12,0,00,99.99,,,,0.0,0.0
1788091177.12,0,00,99.99,,,,0.0,0.0
1788091178.12,0,00,99.99,,,,0.0,0.0
1788091179.12,0,00,99.99,,,,0.0,0.0
1788091180.12,0,00,99.99,,,,0.0,0.0
1788091181.12,0,00,99.99,,,,0.0,0.0
1788091182.12,0,00,99.99,,,,0.0,0.0
1788091183.12,0,00,99.99,,,,0.0,0.0
1788091184.12,0,00,99.99,,,,0.0,0.0
1788091185.12,0,00,99.99,,,,0.0,0.0
1788091186.12,0,00,99.99,,,,0.0,0.0
1788091187.12,0,00,99.99,,,,0.0,0.0
1788091188.12,0,00,99.99,,,,0.0,0.0
1788091189.12,0,00,99.99,,,,0.0,0.0
1788091190.12,0,00,99.99,,,,0.0,0.0
1788091191.12,0,00,99.99,,,,0.0,0.0
1788091192.12,0,00,99.99,,,,0.0,0.0
1788091193.11,0,00,99.99,,,,0.0,0.0
1788091194.12,0,00,99.99,,,,0.0,0.0
1788091195.11,0,00,99.99,,,,0.0,0.0
1788091196.12,0,00,99.99,,,,0.0,0.0
1788091197.11,0,00,99.99,,,,0.0,0.0
1788091198.11,0,00,99.99,,,,0.0,0.0
1788091199.11,0,00,99.99,,,,0.0,0.0
1788091200.12,0,00,99.99,,,,0.0,0.0
1788091201.11,0,00,99.99,,,,0.0,0.0
1788091202.12,0,00,99.99,,,,0.0,0.0
1788091203.12,0,00,99.99,,,,0.0,0.0
1788091204.12,0,00,99.99,,,,0.0,0.0
1788091205.12,0,00,99.99,,,,0.0,0.0
1788091206.12,0,00,99.99,,,,0.0,0.0
1788091207.12,0,00,99.99,,,,0.0,0.0
1788091208.12,0,00,99.99,,,,0.0,0.0
1788091209.12,0,00,99.99,,,,0.0,0.0
1788091210.12,0,00,99.99,,,,0.0,0.0
1788091211.12,0,00,99.99,,,,0.0,0.0
1788091212.12,0,00,99.99,,,,0.0,0.0
1788091213.12,0,00,99.99,,,,0.0,0.0
1788091214.11,0,00,99.99,,,,0.0,0.0
1788091215.12,0,00,99.99,,,,0.0,0.0
1788091216.12,0,00,99.99,,,,0.0,0.0
1788091217.12,0,00,99.99,,,,0.0,0.0
1788091218.13,0,00,99.99,,,,0.0,0.0
1788091219.13,0,00,99.99,,,,0.0,0.0
1788091220.12,0,00,99.99,,,,0.0,0.0
1788091221.12,0,00,99.99,,,,0.0,0.0
1788091222.12,0,00,99.99,,,,0.0,0.0
1788091223.12,0,00,99.99,,,,0.0,0.0
1788091224.12,0,00,99.99,,,,0.0,0.0
1788091225.12,0,00,99.99,,,,0.0,0.0
1788091226.13,0,00,99.99,,,,0.0,0.0
1788091227.12,0,00,99.99,,,,0.0,0.0
1788091228.13,0,00,99.99,,,,0.0,0.0
1788091229.12,0,00,99.99,,,,0.0,0.0
1788091230.12,0,00,99.99,,,,0.0,0.0
1788091231.13,0,00,99.99,,,,0.0,0.0
1788091232.12,0,00,99.99,,,,0.0,0.0
1788091233.12,0,00,99.99,,,,0.0,0.0
1788091234.12,0,00,99.99,,,,0.0,0.0
1788091235.12,0,00,99.99,,,,0.0,0.0
1788091236.13,0,00,99.99,,,,0.0,0.0
1788091237.13,0,00,99.99,,,,0.0,0.0
1788091238.13,0,00,99.99,,,,0.0,0.0
1788091239.13,0,00,99.99,,,,0.0,0.0
1788091240.13,0,00,99.99,,,,0.0,0.0
1788091241.13,0,00,99.99,,,,0.0,0.0
1788091242.13,0,00,99.99,,,,0.0,0.0
1788091243.13,0,00,99.99,,,,0.0,0.0
1788091244.13,0,00,99.99,,,,0.0,0.0
1788091245.13,0,00,99.99,,,,0.0,0.0
1788091246.13,0,00,99.99,,,,0.0,0.0
1788091247.13,0,00,99.99,,,,0.0,0.0
1788091248.13,0,00,99.99,,,,0.0,0.0
1788091249.12,0,00,99.99,,,,0.0,0.0
1788091250.12,0,00,99.99,,,,0.0,0.0
1788091251.12,0,00,99.99,,,,0.0,0.0
1788091252.13,0,00,99.99,,,,0.0,0.0
1788091253.13,0,00,99.99,,,,0.0,0.0
1788091254.13,0,00,99.99,,,,0.0,0.0
1788091255.13,0,00,99.99,,,,0.0,0.0
1788091256.13,0,00,99.99,,,,0.0,0.0
1788091257.13,0,00,99.99,,,,0.0,0.0
1788091258.12,0,00,99.99,,,,0.0,0.0
1788091259.12,0,00,99.99,,,,0.0,0.0
1788091260.13,0,00,99.99,,,,0.0,0.0
1788091261.12,0,00,99.99,,,,0.0,0.0
1788091262.12,0,00,99.99,,,,0.0,0.0
1788091263.12,0,00,99.99,,,,0.0,0.0
1788091264.12,0,00,99.99,,,,0.0,0.0
1788091265.12,0,00,99.99,,,,0.0,0.0
1788091266.13,0,00,99.99,,,,0.0,0.0
1788091267.13,0,00,99.99,,,,0.0,0.0
1788091268.13,0,00,99.99,,,,0.0,0.0
1788091269.13,0,00,99.99,,,,0.0,0.0
1788091270.13,0,00,99.99,,,,0.0,0.0
1788091271.13,0,00,99.99,,,,0.0,0.0
1788091272.13,0,00,99.99,,,,0.0,0.0
1788091273.13,0,00,99.99,,,,0.0,0.0
1788091274.13,0,00,99.99,,,,0.0,0.0
1788091275.13,0,00,99.99,,,,0.0,0.0
1788091276.14,0,00,99.99,,,,0.0,0.0
1788091277.13,0,00,99.99,,,,0.0,0.0
1788091278.13,0,00,99.99,,,,0.0,0.0
1788091279.13,0,00,99.99,,,,0.0,0.0
1788091280.13,0,00,99.99,,,,0.0,0.0
1788091281.13,0,00,99.99,,,,0.0,0.0
1788091282.13,0,00,99.99,,,,0.0,0.0
1788091283.13,0,00,99.99,,,,0.0,0.0
1788091284.13,0,00,99.99,,,,0.0,0.0
1788091285.13,0,00,99.99,,,,0.0,0.0
1788091286.13,0,00,99.99,,,,0.0,0.0
1788091287.13,0,00,99.99,,,,0.0,0.0
1788091288.14,0,00,99.99,,,,0.0,0.0
1788091289.14,0,00,99.99,,,,0.0,0.0
1788091290.14,0,00,99.99,,,,0.0,0.0
1788091291.14,0,00,99.99,,,,0.0,0.0
1788091292.14,0,00,99.99,,,,0.0,0.0
1788091293.13,0,00,99.99,,,,0.0,0.0
1788091294.14,0,00,99.99,,,,0.0,0.0
1788091295.13,0,00,99.99,,,,0.0,0.0
1788091296.13,0,00,99.99,,,,0.0,0.0
1788091297.13,0,00,99.99,,,,0.0,0.0
1788091298.13,0,00,99.99,,,,0.0,0.0
1788091299.13,0,00,99.99,,,,0.0,0.0
1788091300.13,0,00,99.99,,,,0.0,0.0
1788091301.13,0,00,99.99,,,,0.0,0.0
1788091302.13,0,00,99.99,,,,0.0,0.0
1788091303.13,0,00,99.99,,,,0.0,0.0
1788091304.13,0,00,99.99,,,,0.0,0.0
1788091305.14,0,00,99.99,,,,0.0,0.0
1788091306.14,0,00,99.99,,,,0.0,0.0
1788091307.14,0,00,99.99,,,,0.0,0.0
1788091308.14,0,00,99.99,,,,0.0,0.0
1788091309.14,0,00,99.99,,,,0.0,0.0
1788091310.14,0,00,99.99,,,,0.0,0.0
1788091311.14,0,00,99.99,,,,0.0,0.0
1788091312.14,0,00,99.99,,,,0.0,0.0
1788091313.14,0,00,99.99,,,,0.0,0.0
1788091314.14,0,00,99.99,,,,0.0,0.0
1788091315.14,0,00,99.99,,,,0.0,0.0
1788091316.14,0,00,99.99,,,,0.0,0.0
1788091317.14,0,00,99.99,,,,0.0,0.0
1788091318.14,0,00,99.99,,,,0.0,0.0
1788091319.14,0,00,99.99,,,,0.0,0.0
1788091320.14,0,00,99.99,,,,0.0,0.0
1788091321.14,0,00,99.99,,,,0.0,0.0
1788091322.14,0,00,99.99,,,,0.0,0.0
1788091323.14,0,00,99.99,,,,0.0,0.0
1788091324.14,0,00,99.99,,,,0.0,0.0
1788091325.14,0,00,99.99,,,,0.0,0.0
1788091326.14,0,00,99.99,,,,0.0,0.0
1788091327.14,0,00,99.99,,,,0.0,0.0
1788091328.13,0,00,99.99,,,,0.0,0.0
1788091329.14,0,00,99.99,,,,0.0,0.0
1788091330.13,0,00,99.99,,,,0.0,0.0
1788091331.14,0,00,99.99,,,,0.0,0.0
1788091332.14,0,00,99.99,,,,0.0,0.0
1788091333.14,0,00,99.99,,,,0.0,0.0
1788091334.14,0,00,99.99,,,,0.0,0.0
1788091335.14,0,00,99.99,,,,0.0,0.0
1788091336.14,0,00,99.99,,,,0.0,0.0
1788091337.14,0,00,99.99,,,,0.0,0.0
1788091338.14,0,00,99.99,,,,0.0,0.0
1788091339.14,0,00,99.99,,,,0.0,0.0
1788091340.14,0,00,99.99,,,,0.0,0.0
1788091341.14,0,00,99.99,,,,0.0,0.0
1788091342.14,0,00,99.99,,,,0.0,0.0
1788091343.14,0,00,99.99,,,,0.0,0.0
1788091344.14,0,00,99.99,,,,0.0,0.0
1788091345.14,0,00,99.99,,,,0.0,0.0
1788091346.14,0,00,99.99,,,,0.0,0.0
1788091347.14,0,00,99.99,,,,0.0,0.0
1788091348.14,0,00,99.99,,,,0.0,0.0
1788091349.14,0,00,99.99,,,,0.0,0.0
1788091350.14,0,00,99.99,,,,0.0,0.0
1788091351.14,0,00,99.99,,,,0.0,0.0
1788091352.14,0,00,99.99,,,,0.0,0.0
1788091353.14,0,00,99.99,,,,0.0,0.0
1788091354.14,0,00,99.99,,,,0.0,0.0
1788091355.14,0,00,99.99,,,,0.0,0.0
1788091356.14,0,00,99.99,,,,0.0,0.0
1788091357.14,0,00,99.99,,,,0.0,0.0
1788091358.14,0,00,99.99,,,,0.0,0.0
1788091359.13,0,00,99.99,,,,0.0,0.0
1788091360.13,0,00,99.99,,,,0.0,0.0
1788091361.13,0,00,99.99,,,,0.0,0.0
1788091362.13,0,00,99.99,,,,0.0,0.0
1788091363.13,0,00,99.99,,,,0.0,0.0
1788091364.13,0,00,99.99,,,,0.0,0.0
1788091365.13,0,00,99.99,,,,0.0,0.0
1788091366.13,0,00,99.99,,,,0.0,0.0
1788091367.14,0,00,99.99,,,,0.0,0.0
1788091368.14,0,00,99.99,,,,0.0,0.0
1788091369.14,0,00,99.99,,,,0.0,0.0
1788091370.14,0,00,99.99,,,,0.0,0.0
1788091371.14,0,00,99.99,,,,0.0,0.0
1788091372.14,0,00,99.99,,,,0.0,0.0
1788091373.14,0,00,99.99,,,,0.0,0.0
1788091374.14,0,00,99.99,,,,0.0,0.0
1788091375.14,0,00,99.99,,,,0.0,0.0
1788091376.14,0,00,99.99,,,,0.0,0.0
1788091377.14,0,00,99.99,,,,0.0,0.0
1788091378.14,0,00,99.99,,,,0.0,0.0
1788091379.14,0,00,99.99,,,,0.0,0.0
1788091380.14,0,00,99.99,,,,0.0,0.0
1788091381.14,0,00,99.99,,,,0.0,0.0
1788091382.14,0,00,99.99,,,,0.0,0.0
1788091383.14,0,00,99.99,,,,0.0,0.0
1788091384.14,0,00,99.99,,,,0.0,0.0
1788091385.14,0,00,99.99,,,,0.0,0.0
1788091386.14,0,00,99.99,,,,0.0,0.0
1788091387.14,0,00,99.99,,,,0.0,0.0
1788091388.14,0,00,99.99,,,,0.0,0.0
1788091389.14,0,00,99.99,,,,0.0,0.0
1788091390.14,0,00,99.99,,,,0.0,0.0
1788091391.14,0,00,99.99,,,,0.0,0.0
1788091392.15,0,00,99.99,,,,0.0,0.0
1788091393.15,0,00,99.99,,,,0.0,0.0
1788091394.15,0,00,99.99,,,,0.0,0.0
1788091395.14,0,00,99.99,,,,0.0,0.0
1788091396.14,0,00,99.99,,,,0.0,0.0
1788091397.14,0,00,99.99,,,,0.0,0.0
1788091398.14,0,00,99.99,,,,0.0,0.0
1788091399.14,0,00,99.99,,,,0.0,0.0
1788091400.14,0,00,99.99,,,,0.0,0.0
1788091401.14,0,00,99.99,,,,0.0,0.0
1788091402.14,0,00,99.99,,,,0.0,0.0
1788091403.15,0,00,99.99,,,,0.0,0.0
1788091404.15,0,00,99.99,,,,0.0,0.0
1788091405.15,0,00,99.99,,,,0.0,0.0
1788091406.14,0,00,99.99,,,,0.0,0.0
1788091407.14,0,00,99.99,,,,0.0,0.0
1788091408.15,0,00,99.99,,,,0.0,0.0
1788091409.15,0,00,99.99,,,,0.0,0.0
1788091410.15,0,00,99.99,,,,0.0,0.0
1788091411.15,0,00,99.99,,,,0.0,0.0
1788091412.15,0,00,99.99,,,,0.0,0.0
1788091413.15,0,00,99.99,,,,0.0,0.0
1788091414.15,0,00,99.99,,,,0.0,0.0
1788091415.15,0,00,99.99,,,,0.0,0.0
1788091416.15,0,00,99.99,,,,0.0,0.0
1788091417.15,0,00,99.99,,,,0.0,0.0
1788091418.15,0,00,99.99,,,,0.0,0.0
1788091419.14,0,00,99.99,,,,0.0,0.0
1788091420.14,0,00,99.99,,,,0.0,0.0
1788091421.14,0,00,99.99,,,,0.0,0.0
1788091422.15,0,00,99.99,,,,0.0,0.0
1788091423.15,0,00,99.99,,,,0.0,0.0
1788091424.15,0,00,99.99,,,,0.0,0.0
1788091425.15,0,00,99.99,,,,0.0,0.0
1788091426.15,0,00,99.99,,,,0.0,0.0
1788091427.15,0,00,99.99,,,,0.0,0.0
1788091428.15,0,00,99.99,,,,0.0,0.0
1788091429.15,0,00,99.99,,,,0.0,0.0
1788091430.15,0,00,99.99,,,,0.0,0.0
1788091431.15,0,00,99.99,,,,0.0,0.0
1788091432.15,0,00,99.99,,,,0.0,0.0
1788091433.15,0,00,99.99,,,,0.0,0.0
1788091434.16,0,00,99.99,,,,0.0,0.0
1788091435.15,0,00,99.99,,,,0.0,0.0
1788091436.15,0,00,99.99,,,,0.0,0.0
1788091437.15,0,00,99.99,,,,0.0,0.0
1788091438.15,0,00,99.99,,,,0.0,0.0
1788091439.15,0,00,99.99,,,,0.0,0.0
1788091440.15,0,00,99.99,,,,0.0,0.0
1788091441.15,0,00,99.99,,,,0.0,0.0
1788091442.15,0,00,99.99,,,,0.0,0.0
1788091443.15,0,00,99.99,,,,0.0,0.0
1788091444.15,0,00,99.99,,,,0.0,0.0
1788091445.15,0,00,99.99,,,,0.0,0.0
1788091446.15,0,00,99.99,,,,0.0,0.0
1788091447.15,0,00,99.99,,,,0.0,0.0
1788091448.15,0,00,99.99,,,,0.0,0.0
1788091449.15,0,00,99.99,,,,0.0,0.0
1788091450.15,0,00,99.99,,,,0.0,0.0
1788091451.15,0,00,99.99,,,,0.0,0.0
1788091452.15,0,00,99.99,,,,0.0,0.0
1788091453.15,0,00,99.99,,,,0.0,0.0
1788091454.15,0,00,99.99,,,,0.0,0.0
1788091455.15,0,00,99.99,,,,0.0,0.0
1788091456.15,0,00,99.99,,,,0.0,0.0
1788091457.15,0,00,99.99,,,,0.0,0.0
1788091458.15,0,00,99.99,,,,0.0,0.0
1788091459.15,0,00,99.99,,,,0.0,0.0
1788091460.14,0,00,99.99,,,,0.0,0.0
1788091461.15,0,00,99.99,,,,0.0,0.0
1788091462.15,0,00,99.99,,,,0.0,0.0
1788091463.15,0,00,99.99,,,,0.0,0.0
1788091464.14,0,00,99.99,,,,0.0,0.0
1788091465.15,0,00,99.99,,,,0.0,0.0
1788091466.15,0,00,99.99,,,,0.0,0.0
1788091467.14,0,00,99.99,,,,0.0,0.0
1788091468.14,0,00,99.99,,,,0.0,0.0
1788091469.14,0,00,99.99,,,,0.0,0.0
1788091470.15,0,00,99.99,,,,0.0,0.0
1788091471.15,0,00,99.99,,,,0.0,0.0
1788091472.15,0,00,99.99,,,,0.0,0.0
1788091473.15,0,00,99.99,,,,0.0,0.0
1788091474.15,0,00,99.99,,,,0.0,0.0
1788091475.15,0,00,99.99,,,,0.0,0.0
1788091476.15,0,00,99.99,,,,0.0,0.0
1788091477.15,0,00,99.99,,,,0.0,0.0
1788091478.15,0,00,99.99,,,,0.0,0.0
1788091479.15,0,00,99.99,,,,0.0,0.0
1788091480.15,0,00,99.99,,,,0.0,0.0
1788091481.15,0,00,99.99,,,,0.0,0.0
1788091482.15,0,00,99.99,,,,0.0,0.0
1788091483.15,0,00,99.99,,,,0.0,0.0
1788091484.16,0,00,99.99,,,,0.0,0.0
1788091485.16,0,00,99.99,,,,0.0,0.0
1788091486.16,0,00,99.99,,,,0.0,0.0
1788091487.16,0,00,99.99,,,,0.0,0.0
1788091488.16,0,00,99.99,,,,0.0,0.0
1788091489.16,0,00,99.99,,,,0.0,0.0
1788091490.16,0,00,99.99,,,,0.0,0.0
1788091491.16,0,00,99.99,,,,0.0,0.0
1788091492.16,0,00,99.99,,,,0.0,0.0
1788091493.15,0,00,99.99,,,,0.0,0.0
1788091494.16,0,00,99.99,,,,0.0,0.0
1788091495.16,0,00,99.99,,,,0.0,0.0
1788091496.16,0,00,99.99,,,,0.0,0.0
1788091497.16,0,00,99.99,,,,0.0,0.0
1788091498.16,0,00,99.99,,,,0.0,0.0
1788091499.16,0,00,99.99,,,,0.0,0.0
1788091500.16,0,00,99.99,,,,0.0,0.0
1788091501.16,0,00,99.99,,,,0.0,0.0
1788091502.16,0,00,99.99,,,,0.0,0.0
1788091503.15,0,00,99.99,,,,0.0,0.0
1788091504.16,0,00,99.99,,,,0.0,0.0
1788091505.16,0,00,99.99,,,,0.0,0.0
1788091506.16,0,00,99.99,,,,0.0,0.0
1788091507.15,0,00,99.99,,,,0.0,0.0
1788091508.16,0,00,99.99,,,,0.0,0.0
1788091509.16,0,00,99.99,,,,0.0,0.0
1788091510.15,0,00,99.99,,,,0.0,0.0
1788091511.15,0,00,99.99,,,,0.0,0.0
1788091512.16,0,00,99.99,,,,0.0,0.0
1788091513.16,0,00,99.99,,,,0.0,0.0
1788091514.15,0,00,99.99,,,,0.0,0.0
1788091515.15,0,00,99.99,,,,0.0,0.0
1788091516.15,0,00,99.99,,,,0.0,0.0
1788091517.15,0,00,99.99,,,,0.0,0.0
1788091518.15,0,00,99.99,,,,0.0,0.0
1788091519.16,0,00,99.99,,,,0.0,0.0
1788091520.15,0,00,99.99,,,,0.0,0.0
1788091521.15,0,00,99.99,,,,0.0,0.0
1788091522.16,0,00,99.99,,,,0.0,0.0
1788091523.16,0,00,99.99,,,,0.0,0.0
1788091524.16,0,00,99.99,,,,0.0,0.0
1788091525.16,0,00,99.99,,,,0.0,0.0
1788091526.16,0,00,99.99,,,,0.0,0.0
1788091527.16,0,00,99.99,,,,0.0,0.0
1788091528.15,0,00,99.99,,,,0.0,0.0
1788091529.15,0,00,99.99,,,,0.0,0.0
1788091530.16,0,00,99.99,,,,0.0,0.0
1788091531.16,0,00,99.99,,,,0.0,0.0
1788091532.16,0,00,99.99,,,,0.0,0.0
1788091533.16,0,00,99.99,,,,0.0,0.0
1788091534.16,0,00,99.99,,,,0.0,0.0
1788091535.16,0,00,99.99,,,,0.0,0.0
1788091536.16,0,00,99.99,,,,0.0,0.0
1788091537.16,0,00,99.99,,,,0.0,0.0
1788091538.16,0,00,99.99,,,,0.0,0.0
1788091539.16,0,00,99.99,,,,0.0,0.0
1788091540.16,0,00,99.99,,,,0.0,0.0
1788091541.16,0,00,99.99,,,,0.0,0.0
1788091542.16,0,00,99.99,,,,0.0,0.0
1788091543.16,0,00,99.99,,,,0.0,0.0
1788091544.16,0,00,99.99,,,,0.0,0.0
1788091545.15,0,00,99.99,,,,0.0,0.0
1788091546.16,0,00,99.99,,,,0.0,0.0
1788091547.16,0,00,99.99,,,,0.0,0.0
1788091548.16,0,00,99.99,,,,0.0,0.0
1788091549.16,0,00,99.99,,,,0.0,0.0
1788091550.16,0,00,99.99,,,,0.0,0.0
1788091551.16,0,00,99.99,,,,0.0,0.0
1788091552.16,0,00,99.99,,,,0.0,0.0
1788091553.16,0,00,99.99,,,,0.0,0.0
1788091554.16,0,00,99.99,,,,0.0,0.0
1788091555.16,0,00,99.99,,,,0.0,0.0
1788091556.16,0,00,99.99,,,,0.0,0.0
1788091557.16,0,00,99.99,,,,0.0,0.0
1788091558.16,0,00,99.99,,,,0.0,0.0
1788091559.17,0,00,99.99,,,,0.0,0.0
1788091560.16,0,00,99.99,,,,0.0,0.0
1788091561.16,0,00,99.99,,,,0.0,0.0
1788091562.16,0,00,99.99,,,,0.0,0.0
1788091563.16,0,00,99.99,,,,0.0,0.0
1788091564.16,0,00,99.99,,,,0.0,0.0
1788091565.16,0,00,99.99,,,,0.0,0.0
1788091566.16,0,00,99.99,,,,0.0,0.0
1788091567.16,0,00,99.99,,,,0.0,0.0
1788091568.16,0,00,99.99,,,,0.0,0.0
1788091569.16,0,00,99.99,,,,0.0,0.0
1788091570.16,0,00,99.99,,,,0.0,0.0
1788091571.16,0,00,99.99,,,,0.0,0.0
1788091572.16,0,00,99.99,,,,0.0,0.0
1788091573.16,0,00,99.99,,,,0.0,0.0
1788091574.16,0,00,99.99,,,,0.0,0.0
1788091575.16,0,00,99.99,,,,0.0,0.0
1788091576.16,0,00,99.99,,,,0.0,0.0
1788091577.16,0,00,99.99,,,,0.0,0.0
1788091578.17,0,00,99.99,,,,0.0,0.0
1788091579.16,0,00,99.99,,,,0.0,0.0
1788091580.16,0,00,99.99,,,,0.0,0.0
1788091581.16,0,00,99.99,,,,0.0,0.0
1788091582.16,0,00,99.99,,,,0.0,0.0
1788091583.17,0,00,99.99,,,,0.0,0.0
1788091584.16,0,00,99.99,,,,0.0,0.0
1788091585.16,0,00,99.99,,,,0.0,0.0
1788091586.16,0,00,99.99,,,,0.0,0.0
1788091587.16,0,00,99.99,,,,0.0,0.0
1788091588.16,0,00,99.99,,,,0.0,0.0
1788091589.16,0,00,99.99,,,,0.0,0.0
1788091590.16,0,00,99.99,,,,0.0,0.0
1788091591.16,0,00,99.99,,,,0.0,0.0
1788091592.16,0,00,99.99,,,,0.0,0.0
1788091593.16,0,00,99.99,,,,0.0,0.0
1788091594.16,0,00,99.99,,,,0.0,0.0
1788091595.16,0,00,99.99,,,,0.0,0.0
1788091596.16,0,00,99.99,,,,0.0,0.0
1788091597.16,0,00,99.99,,,,0.0,0.0
1788091598.16,0,00,99.99,,,,0.0,0.0
1788091599.16,0,00,99.99,,,,0.0,0.0
1788091600.16,0,00,99.99,,,,0.0,0.0
1788091601.16,0,00,99.99,,,,0.0,0.0
1788091602.16,0,00,99.99,,,,0.0,0.0
1788091603.17,0,00,99.99,,,,0.0,0.0
1788091604.16,0,00,99.99,,,,0.0,0.0
1788091605.16,0,00,99.99,,,,0.0,0.0
1788091606.16,0,00,99.99,,,,0.0,0.0
1788091607.16,0,00,99.99,,,,0.0,0.0
1788091608.16,0,00,99.99,,,,0.0,0.0
1788091609.16,0,00,99.99,,,,0.0,0.0
1788091610.16,0,00,99.99,,,,0.0,0.0
1788091611.16,0,00,99.99,,,,0.0,0.0
1788091612.17,0,00,99.99,,,,0.0,0.0
1788091613.16,0,00,99.99,,,,0.0,0.0
1788091614.16,0,00,99.99,,,,0.0,0.0
1788091615.16,0,00,99.99,,,,0.0,0.0
1788091616.16,0,00,99.99,,,,0.0,0.0
1788091617.16,0,00,99.99,,,,0.0,0.0
1788091618.16,0,00,99.99,,,,0.0,0.0
1788091619.16,0,00,99.99,,,,0.0,0.0
1788091620.16,0,00,99.99,,,,0.0,0.0
1788091621.16,0,00,99.99,,,,0.0,0.0
1788091622.16,0,00,99.99,,,,0.0,0.0
1788091623.17,0,00,99.99,,,,0.0,0.0
1788091624.17,0,00,99.99,,,,0.0,0.0
1788091625.17,0,00,99.99,,,,0.0,0.0
1788091626.16,0,00,99.99,,,,0.0,0.0
1788091627.17,0,00,99.99,,,,0.0,0.0
1788091628.17,0,00,99.99,,,,0.0,0.0
1788091629.17,0,00,99.99,,,,0.0,0.0
1788091630.17,0,00,99.99,,,,0.0,0.0
1788091631.17,0,00,99.99,,,,0.0,0.0
1788091632.16,0,00,99.99,,,,0.0,0.0
1788091633.16,0,00,99.99,,,,0.0,0.0
1788091634.17,0,00,99.99,,,,0.0,0.0
1788091635.17,0,00,99.99,,,,0.0,0.0
1788091636.17,0,00,99.99,,,,0.0,0.0
1788091637.17,0,00,99.99,,,,0.0,0.0
1788091638.17,0,00,99.99,,,,0.0,0.0
1788091639.16,0,00,99.99,,,,0.0,0.0
1788091640.16,0,00,99.99,,,,0.0,0.0
1788091641.16,0,00,99.99,,,,0.0,0.0
1788091642.17,0,00,99.99,,,,0.0,0.0
1788091643.17,0,00,99.99,,,,0.0,0.0
1788091644.17,0,00,99.99,,,,0.0,0.0
1788091645.17,0,00,99.99,,,,0.0,0.0
1788091646.17,0,00,99.99,,,,0.0,0.0
1788091647.17,0,00,99.99,,,,0.0,0.0
1788091648.17,0,00,99.99,,,,0.0,0.0
1788091649.17,0,00,99.99,,,,0.0,0.0
1788091650.17,0,00,99.99,,,,0.0,0.0
1788091651.17,0,00,99.99,,,,0.0,0.0
1788091652.17,0,00,99.99,,,,0.0,0.0
1788091653.17,0,00,99.99,,,,0.0,0.0
1788091654.17,0,00,99.99,,,,0.0,0.0
1788091655.17,0,00,99.99,,,,0.0,0.0
1788091656.17,0,00,99.99,,,,0.0,0.0
1788091657.17,0,00,99.99,,,,0.0,0.0
1788091658.17,0,00,99.99,,,,0.0,0.0
1788091659.17,0,00,99.99,,,,0.0,0.0
1788091660.17,0,00,99.99,,,,0.0,0.0
1788091661.17,0,00,99.99,,,,0.0,0.0
1788091662.17,0,00,99.99,,,,0.0,0.0
1788091663.17,0,00,99.99,,,,0.0,0.0
1788091664.17,0,00,99.99,,,,0.0,0.0
1788091665.17,0,00,99.99,,,,0.0,0.0
1788091666.17,0,00,99.99,,,,0.0,0.0
1788091667.17,0,00,99.99,,,,0.0,0.0
1788091668.17,0,00,99.99,,,,0.0,0.0
1788091669.18,0,00,99.99,,,,0.0,0.0
1788091670.17,0,00,99.99,,,,0.0,0.0
1788091671.17,0,00,99.99,,,,0.0,0.0
1788091672.17,0,00,99.99,,,,0.0,0.0
1788091673.17,0,00,99.99,,,,0.0,0.0
1788091674.17,0,00,99.99,,,,0.0,0.0
1788091675.17,0,00,99.99,,,,0.0,0.0
1788091676.17,0,00,99.99,,,,0.0,0.0
1788091677.17,0,00,99.99,,,,0.0,0.0
1788091678.17,0,00,99.99,,,,0.0,0.0
1788091679.17,0,00,99.99,,,,0.0,0.0
1788091680.17,0,00,99.99,,,,0.0,0.0
1788091681.17,0,00,99.99,,,,0.0,0.0
1788091682.17,0,00,99.99,,,,0.0,0.0
1788091683.18,0,00,99.99,,,,0.0,0.0
1788091684.17,0,00,99.99,,,,0.0,0.0
1788091685.17,0,00,99.99,,,,0.0,0.0
1788091686.17,0,00,99.99,,,,0.0,0.0
1788091687.17,0,00,99.99,,,,0.0,0.0
1788091688.17,0,00,99.99,,,,0.0,0.0
1788091689.17,0,00,99.99,,,,0.0,0.0
1788091690.17,0,00,99.99,,,,0.0,0.0
1788091691.17,0,00,99.99,,,,0.0,0.0
1788091692.17,0,00,99.99,,,,0.0,0.0
1788091693.17,0,00,99.99,,,,0.0,0.0
1788091694.18,0,00,99.99,,,,0.0,0.0
1788091695.17,0,00,99.99,,,,0.0,0.0
1788091696.18,0,00,99.99,,,,0.0,0.0
1788091697.17,0,00,99.99,,,,0.0,0.0
1788091698.17,0,00,99.99,,,,0.0,0.0
1788091699.17,0,00,99.99,,,,0.0,0.0
1788091700.17,0,00,99.99,,,,0.0,0.0
1788091701.17,0,00,99.99,,,,0.0,0.0
1788091702.17,0,00,99.99,,,,0.0,0.0
1788091703.17,0,00,99.99,,,,0.0,0.0
1788091704.17,0,00,99.99,,,,0.0,0.0
1788091705.17,0,00,99.99,,,,0.0,0.0
1788091706.17,0,00,99.99,,,,0.0,0.0
1788091707.17,0,00,99.99,,,,0.0,0.0
1788091708.17,0,00,99.99,,,,0.0,0.0
1788091709.17,0,00,99.99,,,,0.0,0.0
1788091710.17,0,00,99.99,,,,0.0,0.0
1788091711.17,0,00,99.99,,,,0.0,0.0
1788091712.17,0,00,99.99,,,,0.0,0.0
1788091713.17,0,00,99.99,,,,0.0,0.0
1788091714.17,0,00,99.99,,,,0.0,0.0
1788091715.16,0,00,99.99,,,,0.0,0.0
1788091716.17,0,00,99.99,,,,0.0,0.0
1788091717.17,0,00,99.99,,,,0.0,0.0
1788091718.17,0,00,99.99,,,,0.0,0.0
1788091719.17,0,00,99.99,,,,0.0,0.0
1788091720.17,0,00,99.99,,,,0.0,0.0
1788091721.17,0,00,99.99,,,,0.0,0.0
1788091722.17,0,00,99.99,,,,0.0,0.0
1788091723.18,0,00,99.99,,,,0.0,0.0
1788091724.17,0,00,99.99,,,,0.0,0.0
1788091725.17,0,00,99.99,,,,0.0,0.0
1788091726.17,0,00,99.99,,,,0.0,0.0
1788091727.17,0,00,99.99,,,,0.0,0.0
1788091728.17,0,00,99.99,,,,0.0,0.0
1788091729.17,0,00,99.99,,,,0.0,0.0
1788091730.17,0,00,99.99,,,,0.0,0.0
1788091731.17,0,00,99.99,,,,0.0,0.0
1788091732.17,0,00,99.99,,,,0.0,0.0
1788091733.17,0,00,99.99,,,,0.0,0.0
1788091734.17,0,00,99.99,,,,0.0,0.0
1788091735.17,0,00,99.99,,,,0.0,0.0
1788091736.17,0,00,99.99,,,,0.0,0.0
1788091737.17,0,00,99.99,,,,0.0,0.0
1788091738.17,0,00,99.99,,,,0.0,0.0
1788091739.17,0,00,99.99,,,,0.0,0.0
1788091740.17,0,00,99.99,,,,0.0,0.0
1788091741.17,0,00,99.99,,,,0.0,0.0
1788091742.17,0,00,99.99,,,,0.0,0.0
1788091743.17,0,00,99.99,,,,0.0,0.0
1788091744.18,0,00,99.99,,,,0.0,0.0
1788091745.17,0,00,99.99,,,,0.0,0.0
1788091746.17,0,00,99.99,,,,0.0,0.0
1788091747.17,0,00,99.99,,,,0.0,0.0
1788091748.17,0,00,99.99,,,,0.0,0.0
1788091749.17,0,00,99.99,,,,0.0,0.0
1788091750.17,0,00,99.99,,,,0.0,0.0
1788091751.17,0,00,99.99,,,,0.0,0.0
1788091752.17,0,00,99.99,,,,0.0,0.0
1788091753.17,0,00,99.99,,,,0.0,0.0
1788091754.17,0,00,99.99,,,,0.0,0.0
1788091755.17,0,00,99.99,,,,0.0,0.0
1788091756.17,0,00,99.99,,,,0.0,0.0
1788091757.18,0,00,99.99,,,,0.0,0.0
1788091758.17,0,00,99.99,,,,0.0,0.0
1788091759.18,0,00,99.99,,,,0.0,0.0
1788091760.18,0,00,99.99,,,,0.0,0.0
1788091761.17,0,00,99.99,,,,0.0,0.0
1788091762.17,0,00,99.99,,,,0.0,0.0
1788091763.18,0,00,99.99,,,,0.0,0.0
1788091764.18,0,00,99.99,,,,0.0,0.0
1788091765.18,0,00,99.99,,,,0.0,0.0
1788091766.18,0,00,99.99,,,,0.0,0.0
1788091767.17,0,00,99.99,,,,0.0,0.0
1788091768.17,0,00,99.99,,,,0.0,0.0
1788091769.18,0,00,99.99,,,,0.0,0.0
1788091770.18,0,00,99.99,,,,0.0,0.0
1788091771.18,0,00,99.99,,,,0.0,0.0
1788091772.18,0,00,99.99,,,,0.0,0.0
1788091773.18,0,00,99.99,,,,0.0,0.0
1788091774.18,0,00,99.99,,,,0.0,0.0
1788091775.18,0,00,99.99,,,,0.0,0.0
1788091776.18,0,00,99.99,,,,0.0,0.0
1788091777.18,0,00,99.99,,,,0.0,0.0
1788091778.18,0,00,99.99,,,,0.0,0.0
1788091779.17,0,00,99.99,,,,0.0,0.0
1788091780.18,0,00,99.99,,,,0.0,0.0
1788091781.18,0,00,99.99,,,,0.0,0.0
1788091782.18,0,00,99.99,,,,0.0,0.0
1788091783.17,0,00,99.99,,,,0.0,0.0
1788091784.18,0,00,99.99,,,,0.0,0.0
1788091785.18,0,00,99.99,,,,0.0,0.0
1788091786.18,0,00,99.99,,,,0.0,0.0
1788091787.18,0,00,99.99,,,,0.0,0.0
1788091788.18,0,00,99.99,,,,0.0,0.0
1788091789.18,0,00,99.99,,,,0.0,0.0
1788091790.18,0,00,99.99,,,,0.0,0.0
1788091791.18,0,00,99.99,,,,0.0,0.0
1788091792.18,0,00,99.99,,,,0.0,0.0
1788091793.18,0,00,99.99,,,,0.0,0.0
1788091794.18,0,00,99.99,,,,0.0,0.0
1788091795.18,0,00,99.99,,,,0.0,0.0
1788091796.18,0,00,99.99,,,,0.0,0.0
1788091797.18,0,00,99.99,,,,0.0,0.0
1788091798.18,0,00,99.99,,,,0.0,0.0
1788091799.18,0,00,99.99,,,,0.0,0.0
1788091800.18,0,00,99.99,,,,0.0,0.0
1788091801.18,0,00,99.99,,,,0.0,0.0
1788091802.18,0,00,99.99,,,,0.0,0.0
1788091803.18,0,00,99.99,,,,0.0,0.0
1788091804.18,0,00,99.99,,,,0.0,0.0
1788091805.17,0,00,99.99,,,,0.0,0.0
1788091806.18,0,00,99.99,,,,0.0,0.0
1788091807.18,0,00,99.99,,,,0.0,0.0
1788091808.18,0,00,99.99,,,,0.0,0.0
1788091809.18,0,00,99.99,,,,0.0,0.0
1788091810.19,0,00,99.99,,,,0.0,0.0
1788091811.18,0,00,99.99,,,,0.0,0.0
1788091812.18,0,00,99.99,,,,0.0,0.0
1788091813.18,0,00,99.99,,,,0.0,0.0
1788091814.18,0,00,99.99,,,,0.0,0.0
1788091815.18,0,00,99.99,,,,0.0,0.0
1788091816.18,0,00,99.99,,,,0.0,0.0
1788091817.18,0,00,99.99,,,,0.0,0.0
1788091818.18,0,00,99.99,,,,0.0,0.0
1788091819.18,0,00,99.99,,,,0.0,0.0
1788091820.18,0,00,99.99,,,,0.0,0.0
1788091821.18,0,00,99.99,,,,0.0,0.0
1788091822.18,0,00,99.99,,,,0.0,0.0
1788091823.18,0,00,99.99,,,,0.0,0.0
1788091824.18,0,00,99.99,,,,0.0,0.0
1788091825.18,0,00,99.99,,,,0.0,0.0
1788091826.18,0,00,99.99,,,,0.0,0.0
1788091827.18,0,00,99.99,,,,0.0,0.0
1788091828.18,0,00,99.99,,,,0.0,0.0
1788091829.18,0,00,99.99,,,,0.0,0.0
1788091830.18,0,00,99.99,,,,0.0,0.0
1788091831.18,0,00,99.99,,,,0.0,0.0
1788091832.18,0,00,99.99,,,,0.0,0.0
1788091833.17,0,00,99.99,,,,0.0,0.0
1788091834.18,0,00,99.99,,,,0.0,0.0
1788091835.17,0,00,99.99,,,,0.0,0.0
1788091836.17,0,00,99.99,,,,0.0,0.0
1788091837.18,0,00,99.99,,,,0.0,0.0
1788091838.18,0,00,99.99,,,,0.0,0.0
1788091839.18,0,00,99.99,,,,0.0,0.0
1788091840.18,0,00,99.99,,,,0.0,0.0
1788091841.18,0,00,99.99,,,,0.0,0.0
1788091842.18,0,00,99.99,,,,0.0,0.0
1788091843.18,0,00,99.99,,,,0.0,0.0
1788091844.18,0,00,99.99,,,,0.0,0.0
1788091845.18,0,00,99.99,,,,0.0,0.0
1788091846.18,0,00,99.99,,,,0.0,0.0
1788091847.18,0,00,99.99,,,,0.0,0.0
1788091848.18,0,00,99.99,,,,0.0,0.0
1788091849.18,0,00,99.99,,,,0.0,0.0
1788091850.18,0,00,99.99,,,,0.0,0.0
1788091851.18,0,00,99.99,,,,0.0,0.0
1788091852.18,0,00,99.99,,,,0.0,0.0
1788091853.19,0,00,99.99,,,,0.0,0.0
1788091854.18,0,00,99.99,,,,0.0,0.0
1788091855.18,0,00,99.99,,,,0.0,0.0
1788091856.17,0,00,99.99,,,,0.0,0.0
1788091857.17,0,00,99.99,,,,0.0,0.0
1788091858.17,0,00,99.99,,,,0.0,0.0
1788091859.17,0,00,99.99,,,,0.0,0.0
1788091860.18,0,00,99.99,,,,0.0,0.0
1788091861.18,0,00,99.99,,,,0.0,0.0
1788091862.17,0,00,99.99,,,,0.0,0.0
1788091863.18,0,00,99.99,,,,0.0,0.0
1788091864.17,0,00,99.99,,,,0.0,0.0
1788091865.17,0,00,99.99,,,,0.0,0.0
1788091866.17,0,00,99.99,,,,0.0,0.0
1788091867.17,0,00,99.99,,,,0.0,0.0
1788091868.18,0,00,99.99,,,,0.0,0.0
1788091869.18,0,00,99.99,,,,0.0,0.0
1788091870.18,0,00,99.99,,,,0.0,0.0
1788091871.18,0,00,99.99,,,,0.0,0.0
1788091872.17,0,00,99.99,,,,0.0,0.0
1788091873.17,0,00,99.99,,,,0.0,0.0
1788091874.17,0,00,99.99,,,,0.0,0.0
1788091875.18,0,00,99.99,,,,0.0,0.0
1788091876.18,0,00,99.99,,,,0.0,0.0
1788091877.18,0,00,99.99,,,,0.0,0.0
1788091878.18,0,00,99.99,,,,0.0,0.0
1788091879.18,0,00,99.99,,,,0.0,0.0
1788091880.18,0,00,99.99,,,,0.0,0.0
1788091881.18,0,00,99.99,,,,0.0,0.0
1788091882.18,0,00,99.99,,,,0.0,0.0
1788091883.18,0,00,99.99,,,,0.0,0.0
1788091884.18,0,00,99.99,,,,0.0,0.0
1788091885.18,0,00,99.99,,,,0.0,0.0
1788091886.18,0,00,99.99,,,,0.0,0.0
1788091887.18,0,00,99.99,,,,0.0,0.0
1788091888.18,0,00,99.99,,,,0.0,0.0
1788091889.18,0,00,99.99,,,,0.0,0.0
1788091890.18,0,00,99.99,,,,0.0,0.0
1788091891.18,0,00,99.99,,,,0.0,0.0
1788091892.18,0,00,99.99,,,,0.0,0.0
1788091893.18,0,00,99.99,,,,0.0,0.0
1788091894.18,0,00,99.99,,,,0.0,0.0
1788091895.18,0,00,99.99,,,,0.0,0.0
1788091896.18,0,00,99.99,,,,0.0,0.0
1788091897.18,0,00,99.99,,,,0.0,0.0
1788091898.18,0,00,99.99,,,,0.0,0.0
1788091899.18,0,00,99.99,,,,0.0,0.0
1788091900.18,0,00,99.99,,,,0.0,0.0
1788091901.18,0,00,99.99,,,,0.0,0.0
1788091902.18,0,00,99.99,,,,0.0,0.0
1788091903.18,0,00,99.99,,,,0.0,0.0
1788091904.18,0,00,99.99,,,,0.0,0.0
1788091905.18,0,00,99.99,,,,0.0,0.0
1788091906.18,0,00,99.99,,,,0.0,0.0
1788091907.18,0,00,99.99,,,,0.0,0.0
1788091908.18,0,00,99.99,,,,0.0,0.0
1788091909.18,0,00,99.99,,,,0.0,0.0
1788091910.18,0,00,99.99,,,,0.0,0.0
1788091911.18,0,00,99.99,,,,0.0,0.0
1788091912.18,0,00,99.99,,,,0.0,0.0
1788091913.18,0,00,99.99,,,,0.0,0.0
1788091914.18,0,00,99.99,,,,0.0,0.0
1788091915.18,0,00,99.99,,,,0.0,0.0
1788091916.18,0,00,99.99,,,,0.0,0.0
1788091917.18,0,00,99.99,,,,0.0,0.0
1788091918.18,0,00,99.99,,,,0.0,0.0
1788091919.19,0,00,99.99,,,,0.0,0.0
1788091920.18,0,00,99.99,,,,0.0,0.0
1788091921.18,0,00,99.99,,,,0.0,0.0
1788091922.19,0,00,99.99,,,,0.0,0.0
1788091923.18,0,00,99.99,,,,0.0,0.0
1788091924.18,0,00,99.99,,,,0.0,0.0
1788091925.18,0,00,99.99,,,,0.0,0.0
1788091926.18,0,00,99.99,,,,0.0,0.0
1788091927.19,0,00,99.99,,,,0.0,0.0
1788091928.18,0,00,99.99,,,,0.0,0.0
1788091929.19,0,00,99.99,,,,0.0,0.0
1788091930.19,0,00,99.99,,,,0.0,0.0
1788091931.18,0,00,99.99,,,,0.0,0.0
1788091932.18,0,00,99.99,,,,0.0,0.0
1788091933.18,0,00,99.99,,,,0.0,0.0
1788091934.18,0,00,99.99,,,,0.0,0.0
1788091935.18,0,00,99.99,,,,0.0,0.0
1788091936.18,0,00,99.99,,,,0.0,0.0
1788091937.19,0,00,99.99,,,,0.0,0.0
1788091938.18,0,00,99.99,,,,0.0,0.0
1788091939.18,0,00,99.99,,,,0.0,0.0
1788091940.18,0,00,99.99,,,,0.0,0.0
1788091941.18,0,00,99.99,,,,0.0,0.0
1788091942.18,0,00,99.99,,,,0.0,0.0
1788091943.18,0,00,99.99,,,,0.0,0.0
1788091944.18,0,00,99.99,,,,0.0,0.0
1788091945.18,0,00,99.99,,,,0.0,0.0
1788091946.18,0,00,99.99,,,,0.0,0.0
1788091947.18,0,00,99.99,,,,0.0,0.0
1788091948.18,0,00,99.99,,,,0.0,0.0
1788091949.18,0,00,99.99,,,,0.0,0.0
1788091950.18,0,00,99.99,,,,0.0,0.0
1788091951.18,0,00,99.99,,,,0.0,0.0
1788091952.18,0,00,99.99,,,,0.0,0.0
1788091953.18,0,00,99.99,,,,0.0,0.0
1788091954.18,0,00,99.99,,,,0.0,0.0
1788091955.18,0,00,99.99,,,,0.0,0.0
1788091956.18,0,00,99.99,,,,0.0,0.0
1788091957.18,0,00,99.99,,,,0.0,0.0
1788091958.18,0,00,99.99,,,,0.0,0.0
1788091959.18,0,00,99.99,,,,0.0,0.0
1788091960.18,0,00,99.99,,,,0.0,0.0
1788091961.18,0,00,99.99,,,,0.0,0.0
1788091962.19,0,00,99.99,,,,0.0,0.0
1788091963.18,0,00,99.99,,,,0.0,0.0
1788091964.18,0,00,99.99,,,,0.0,0.0
1788091965.18,0,00,99.99,,,,0.0,0.0
1788091966.19,0,00,99.99,,,,0.0,0.0
1788091967.18,0,00,99.99,,,,0.0,0.0
1788091968.18,0,00,99.99,,,,0.0,0.0
1788091969.18,0,00,99.99,,,,0.0,0.0
1788091970.19,0,00,99.99,,,,0.0,0.0
1788091971.18,0,00,99.99,,,,0.0,0.0
1788091972.18,0,00,99.99,,,,0.0,0.0
1788091973.18,0,00,99.99,,,,0.0,0.0
1788091974.18,0,00,99.99,,,,0.0,0.0
1788091975.18,0,00,99.99,,,,0.0,0.0
1788091976.18,0,00,99.99,,,,0.0,0.0
1788091977.18,0,00,99.99,,,,0.0,0.0
1788091978.18,0,00,99.99,,,,0.0,0.0
1788091979.18,0,00,99.99,,,,0.0,0.0
1788091980.18,0,00,99.99,,,,0.0,0.0
1788091981.18,0,00,99.99,,,,0.0,0.0
1788091982.18,0,00,99.99,,,,0.0,0.0
1788091983.18,0,00,99.99,,,,0.0,0.0
1788091984.19,0,00,99.99,,,,0.0,0.0
1788091985.18,0,00,99.99,,,,0.0,0.0
1788091986.18,0,00,99.99,,,,0.0,0.0
1788091987.18,0,00,99.99,,,,0.0,0.0
1788091988.18,0,00,99.99,,,,0.0,0.0
1788091989.18,0,00,99.99,,,,0.0,0.0
1788091990.18,0,00,99.99,,,,0.0,0.0
1788091991.18,0,00,99.99,,,,0.0,0.0
1788091992.19,0,00,99.99,,,,0.0,0.0
1788091993.18,0,00,99.99,,,,0.0,0.0
1788091994.18,0,00,99.99,,,,0.0,0.0
1788091995.18,0,00,99.99,,,,0.0,0.0
1788091996.18,0,00,99.99,,,,0.0,0.0
1788091997.18,0,00,99.99,,,,0.0,0.0
1788091998.18,0,00,99.99,,,,0.0,0.0
1788091999.18,0,00,99.99,,,,0.0,0.0
1788092000.18,0,00,99.99,,,,0.0,0.0
1788092001.19,0,00,99.99,,,,0.0,0.0
1788092002.19,0,00,99.99,,,,0.0,0.0
1788092003.18,0,00,99.99,,,,0.0,0.0
1788092004.18,0,00,99.99,,,,0.0,0.0
1788092005.18,0,00,99.99,,,,0.0,0.0
1788092006.19,0,00,99.99,,,,0.0,0.0
1788092007.19,0,00,99.99,,,,0.0,0.0
1788092008.19,0,00,99.99,,,,0.0,0.0
1788092009.19,0,00,99.99,,,,0.0,0.0
1788092010.19,0,00,99.99,,,,0.0,0.0
1788092011.19,0,00,99.99,,,,0.0,0.0
1788092012.19,0,00,99.99,,,,0.0,0.0
1788092013.18,0,00,99.99,,,,0.0,0.0
1788092014.19,0,00,99.99,,,,0.0,0.0
1788092015.19,0,00,99.99,,,,0.0,0.0
1788092016.19,0,00,99.99,,,,0.0,0.0
1788092017.19,0,00,99.99,,,,0.0,0.0
1788092018.19,0,00,99.99,,,,0.0,0.0
1788092019.19,0,00,99.99,,,,0.0,0.0
1788092020.19,0,00,99.99,,,,0.0,0.0
1788092021.19,0,00,99.99,,,,0.0,0.0
1788092022.19,0,00,99.99,,,,0.0,0.0
1788092023.19,0,00,99.99,,,,0.0,0.0
1788092024.19,0,00,99.99,,,,0.0,0.0
1788092025.19,0,00,99.99,,,,0.0,0.0
1788092026.19,0,00,99.99,,,,0.0,0.0
1788092027.19,0,00,99.99,,,,0.0,0.0
1788092028.19,0,00,99.99,,,,0.0,0.0
1788092029.19,0,00,99.99,,,,0.0,0.0
1788092030.19,0,00,99.99,,,,0.0,0.0
1788092031.19,0,00,99.99,,,,0.0,0.0
1788092032.19,0,00,99.99,,,,0.0,0.0
1788092033.19,0,00,99.99,,,,0.0,0.0
1788092034.19,0,00,99.99,,,,0.0,0.0
1788092035.19,0,00,99.99,,,,0.0,0.0
1788092036.19,0,00,99.99,,,,0.0,0.0
1788092037.19,0,00,99.99,,,,0.0,0.0
1788092038.19,0,00,99.99,,,,0.0,0.0
1788092039.19,0,00,99.99,,,,0.0,0.0
1788092040.18,0,00,99.99,,,,0.0,0.0
1788092041.19,0,00,99.99,,,,0.0,0.0
1788092042.18,0,00,99.99,,,,0.0,0.0
1788092043.18,0,00,99.99,,,,0.0,0.0
1788092044.18,0,00,99.99,,,,0.0,0.0
1788092045.18,0,00,99.99,,,,0.0,0.0
1788092046.18,0,00,99.99,,,,0.0,0.0
1788092047.18,0,00,99.99,,,,0.0,0.0
1788092048.18,0,00,99.99,,,,0.0,0.0
1788092049.18,0,00,99.99,,,,0.0,0.0
1788092050.18,0,00,99.99,,,,0.0,0.0
1788092051.18,0,00,99.99,,,,0.0,0.0
1788092052.18,0,00,99.99,,,,0.0,0.0
1788092053.18,0,00,99.99,,,,0.0,0.0
1788092054.18,0,00,99.99,,,,0.0,0.0
1788092055.18,0,00,99.99,,,,0.0,0.0
1788092056.18,0,00,99.99,,,,0.0,0.0
1788092057.18,0,00,99.99,,,,0.0,0.0
1788092058.18,0,00,99.99,,,,0.0,0.0
1788092059.18,0,00,99.99,,,,0.0,0.0
1788092060.18,0,00,99.99,,,,0.0,0.0
1788092061.18,0,00,99.99,,,,0.0,0.0
1788092062.18,0,00,99.99,,,,0.0,0.0
1788092063.18,0,00,99.99,,,,0.0,0.0
1788092064.18,0,00,99.99,,,,0.0,0.0
1788092065.18,0,00,99.99,,,,0.0,0.0
1788092066.18,0,00,99.99,,,,0.0,0.0
1788092067.18,0,00,99.99,,,,0.0,0.0
1788092068.19,0,00,99.99,,,,0.0,0.0
1788092069.18,0,00,99.99,,,,0.0,0.0
1788092070.19,0,00,99.99,,,,0.0,0.0
1788092071.19,0,00,99.99,,,,0.0,0.0
1788092072.19,0,00,99.99,,,,0.0,0.0
1788092073.19,0,00,99.99,,,,0.0,0.0
1788092074.19,0,00,99.99,,,,0.0,0.0
1788092075.19,0,00,99.99,,,,0.0,0.0
1788092076.19,0,00,99.99,,,,0.0,0.0
1788092077.19,0,00,99.99,,,,0.0,0.0
1788092078.19,0,00,99.99,,,,0.0,0.0
1788092079.19,0,00,99.99,,,,0.0,0.0
1788092080.19,0,00,99.99,,,,0.0,0.0
1788092081.19,0,00,99.99,,,,0.0,0.0
1788092082.19,0,00,99.99,,,,0.0,0.0
1788092083.19,0,00,99.99,,,,0.0,0.0
1788092084.19,0,00,99.99,,,,0.0,0.0
1788092085.19,0,00,99.99,,,,0.0,0.0
1788092086.19,0,00,99.99,,,,0.0,0.0
1788092087.19,0,00,99.99,,,,0.0,0.0
1788092088.19,0,00,99.99,,,,0.0,0.0
1788092089.19,0,00,99.99,,,,0.0,0.0
1788092090.19,0,00,99.99,,,,0.0,0.0
1788092091.19,0,00,99.99,,,,0.0,0.0
1788092092.19,0,00,99.99,,,,0.0,0.0
1788092093.19,0,00,99.99,,,,0.0,0.0
1788092094.19,0,00,99.99,,,,0.0,0.0
1788092095.19,0,00,99.99,,,,0.0,0.0
1788092096.19,0,00,99.99,,,,0.0,0.0
1788092097.18,0,00,99.99,,,,0.0,0.0
1788092098.18,0,00,99.99,,,,0.0,0.0
1788092099.18,0,00,99.99,,,,0.0,0.0
1788092100.18,0,00,99.99,,,,0.0,0.0
1788092101.18,0,00,99.99,,,,0.0,0.0
1788092102.18,0,00,99.99,,,,0.0,0.0
1788092103.18,0,00,99.99,,,,0.0,0.0
1788092104.18,0,00,99.99,,,,0.0,0.0
1788092105.18,0,00,99.99,,,,0.0,0.0
1788092106.18,0,00,99.99,,,,0.0,0.0
1788092107.18,0,00,99.99,,,,0.0,0.0
1788092108.18,0,00,99.99,,,,0.0,0.0
1788092109.18,0,00,99.99,,,,0.0,0.0
1788092110.18,0,00,99.99,,,,0.0,0.0
1788092111.18,0,00,99.99,,,,0.0,0.0
1788092112.18,0,00,99.99,,,,0.0,0.0
1788092113.18,0,00,99.99,,,,0.0,0.0
1788092114.18,0,00,99.99,,,,0.0,0.0
1788092115.18,0,00,99.99,,,,0.0,0.0
1788092116.19,0,00,99.99,,,,0.0,0.0
1788092117.19,0,00,99.99,,,,0.0,0.0
1788092118.19,0,00,99.99,,,,0.0,0.0
1788092119.19,0,00,99.99,,,,0.0,0.0
1788092120.20,0,00,99.99,,,,0.0,0.0
1788092121.19,0,00,99.99,,,,0.0,0.0
1788092122.20,0,00,99.99,,,,0.0,0.0
1788092123.20,0,00,99.99,,,,0.0,0.0
1788092124.20,0,00,99.99,,,,0.0,0.0
1788092125.20,0,00,99.99,,,,0.0,0.0
1788092126.20,0,00,99.99,,,,0.0,0.0
1788092127.19,0,00,99.99,,,,0.0,0.0
1788092128.19,0,00,99.99,,,,0.0,0.0
1788092129.19,0,00,99.99,,,,0.0,0.0
1788092130.19,0,00,99.99,,,,0.0,0.0
1788092131.19,0,00,99.99,,,,0.0,0.0
1788092132.19,0,00,99.99,,,,0.0,0.0
1788092133.19,0,00,99.99,,,,0.0,0.0
1788092134.19,0,00,99.99,,,,0.0,0.0
1788092135.19,0,00,99.99,,,,0.0,0.0
1788092136.19,0,00,99.99,,,,0.0,0.0
1788092137.19,0,00,99.99,,,,0.0,0.0
1788092138.19,0,00,99.99,,,,0.0,0.0
1788092139.19,0,00,99.99,,,,0.0,0.0
1788092140.19,0,00,99.99,,,,0.0,0.0
1788092141.19,0,00,99.99,,,,0.0,0.0
1788092142.19,0,00,99.99,,,,0.0,0.0
1788092143.19,0,00,99.99,,,,0.0,0.0
1788092144.19,0,00,99.99,,,,0.0,0.0
1788092145.19,0,00,99.99,,,,0.0,0.0
1788092146.19,0,00,99.99,,,,0.0,0.0
1788092147.20,0,00,99.99,,,,0.0,0.0
1788092148.19,0,00,99.99,,,,0.0,0.0
1788092149.19,0,00,99.99,,,,0.0,0.0
1788092150.19,0,00,99.99,,,,0.0,0.0
1788092151.19,0,00,99.99,,,,0.0,0.0
1788092152.19,0,00,99.99,,,,0.0,0.0
1788092153.19,0,00,99.99,,,,0.0,0.0
1788092154.19,0,00,99.99,,,,0.0,0.0
1788092155.19,0,00,99.99,,,,0.0,0.0
1788092156.19,0,00,99.99,,,,0.0,0.0
1788092157.19,0,00,99.99,,,,0.0,0.0
1788092158.19,0,00,99.99,,,,0.0,0.0
1788092159.19,0,00,99.99,,,,0.0,0.0
1788092160.19,0,00,99.99,,,,0.0,0.0
1788092161.19,0,00,99.99,,,,0.0,0.0
1788092162.19,0,00,99.99,,,,0.0,0.0
1788092163.19,0,00,99.99,,,,0.0,0.0
1788092164.19,0,00,99.99,,,,0.0,0.0
1788092165.19,0,00,99.99,,,,0.0,0.0
1788092166.19,0,00,99.99,,,,0.0,0.0
1788092167.19,0,00,99.99,,,,0.0,0.0
1788092168.19,0,00,99.99,,,,0.0,0.0
1788092169.19,0,00,99.99,,,,0.0,0.0
1788092170.19,0,00,99.99,,,,0.0,0.0
1788092171.20,0,00,99.99,,,,0.0,0.0
1788092172.19,0,00,99.99,,,,0.0,0.0
1788092173.20,0,00,99.99,,,,0.0,0.0
1788092174.19,0,00,99.99,,,,0.0,0.0
1788092175.19,0,00,99.99,,,,0.0,0.0
1788092176.19,0,00,99.99,,,,0.0,0.0
1788092177.19,0,00,99.99,,,,0.0,0.0
1788092178.19,0,00,99.99,,,,0.0,0.0
1788092179.19,0,00,99.99,,,,0.0,0.0
1788092180.19,0,00,99.99,,,,0.0,0.0
1788092181.19,0,00,99.99,,,,0.0,0.0
1788092182.19,0,00,99.99,,,,0.0,0.0
1788092183.19,0,00,99.99,,,,0.0,0.0
1788092184.20,0,00,99.99,,,,0.0,0.0
1788092185.20,0,00,99.99,,,,0.0,0.0
1788092186.20,0,00,99.99,,,,0.0,0.0
1788092187.20,0,00,99.99,,,,0.0,0.0
1788092188.19,0,00,99.99,,,,0.0,0.0
1788092189.19,0,00,99.99,,,,0.0,0.0
1788092190.19,0,00,99.99,,,,0.0,0.0
1788092191.19,0,00,99.99,,,,0.0,0.0
1788092192.19,0,00,99.99,,,,0.0,0.0
1788092193.19,0,00,99.99,,,,0.0,0.0
1788092194.19,0,00,99.99,,,,0.0,0.0
1788092195.19,0,00,99.99,,,,0.0,0.0
1788092196.20,0,00,99.99,,,,0.0,0.0
1788092197.19,0,00,99.99,,,,0.0,0.0
1788092198.19,0,00,99.99,,,,0.0,0.0
1788092199.20,0,00,99.99,,,,0.0,0.0
1788092200.19,0,00,99.99,,,,0.0,0.0
1788092201.19,0,00,99.99,,,,0.0,0.0
1788092202.19,0,00,99.99,,,,0.0,0.0
1788092203.19,0,00,99.99,,,,0.0,0.0
1788092204.20,0,00,99.99,,,,0.0,0.0
1788092205.20,0,00,99.99,,,,0.0,0.0
1788092206.20,0,00,99.99,,,,0.0,0.0
1788092207.20,0,00,99.99,,,,0.0,0.0
1788092208.20,0,00,99.99,,,,0.0,0.0
1788092209.20,0,00,99.99,,,,0.0,0.0
1788092210.20,0,00,99.99,,,,0.0,0.0
1788092211.20,0,00,99.99,,,,0.0,0.0
1788092212.20,0,00,99.99,,,,0.0,0.0
1788092213.20,0,00,99.99,,,,0.0,0.0
1788092214.20,0,00,99.99,,,,0.0,0.0
1788092215.19,0,00,99.99,,,,0.0,0.0
1788092216.19,0,00,99.99,,,,0.0,0.0
1788092217.19,0,00,99.99,,,,0.0,0.0
1788092218.19,0,00,99.99,,,,0.0,0.0
1788092219.19,0,00,99.99,,,,0.0,0.0
1788092220.20,0,00,99.99,,,,0.0,0.0
1788092221.19,0,00,99.99,,,,0.0,0.0
1788092222.19,0,00,99.99,,,,0.0,0.0
1788092223.19,0,00,99.99,,,,0.0,0.0
1788092224.19,0,00,99.99,,,,0.0,0.0
1788092225.19,0,00,99.99,,,,0.0,0.0
1788092226.19,0,00,99.99,,,,0.0,0.0
1788092227.19,0,00,99.99,,,,0.0,0.0
1788092228.19,0,00,99.99,,,,0.0,0.0
1788092229.19,0,00,99.99,,,,0.0,0.0
1788092230.19,0,00,99.99,,,,0.0,0.0
1788092231.19,0,00,99.99,,,,0.0,0.0
1788092232.19,0,00,99.99,,,,0.0,0.0
1788092233.19,0,00,99.99,,,,0.0,0.0
1788092234.19,0,00,99.99,,,,0.0,0.0
1788092235.19,0,00,99.99,,,,0.0,0.0
1788092236.19,0,00,99.99,,,,0.0,0.0
1788092237.20,0,00,99.99,,,,0.0,0.0
1788092238.19,0,00,99.99,,,,0.0,0.0
1788092239.19,0,00,99.99,,,,0.0,0.0
1788092240.19,0,00,99.99,,,,0.0,0.0
1788092241.20,0,00,99.99,,,,0.0,0.0
1788092242.19,0,00,99.99,,,,0.0,0.0
1788092243.20,0,00,99.99,,,,0.0,0.0
1788092244.19,0,00,99.99,,,,0.0,0.0
1788092245.19,0,00,99.99,,,,0.0,0.0
1788092246.19,0,00,99.99,,,,0.0,0.0
1788092247.19,0,00,99.99,,,,0.0,0.0
1788092248.20,0,00,99.99,,,,0.0,0.0
1788092249.20,0,00,99.99,,,,0.0,0.0
1788092250.20,0,00,99.99,,,,0.0,0.0
1788092251.20,0,00,99.99,,,,0.0,0.0
1788092252.19,0,00,99.99,,,,0.0,0.0
1788092253.19,0,00,99.99,,,,0.0,0.0
1788092254.19,0,00,99.99,,,,0.0,0.0
1788092255.19,0,00,99.99,,,,0.0,0.0
1788092256.19,0,00,99.99,,,,0.0,0.0
1788092257.20,0,00,99.99,,,,0.0,0.0
1788092258.19,0,00,99.99,,,,0.0,0.0
1788092259.19,0,00,99.99,,,,0.0,0.0
1788092260.19,0,00,99.99,,,,0.0,0.0
1788092261.19,0,00,99.99,,,,0.0,0.0
1788092262.19,0,00,99.99,,,,0.0,0.0
1788092263.19,0,00,99.99,,,,0.0,0.0
1788092264.19,0,00,99.99,,,,0.0,0.0
1788092265.19,0,00,99.99,,,,0.0,0.0
1788092266.19,0,00,99.99,,,,0.0,0.0
1788092267.19,0,00,99.99,,,,0.0,0.0
1788092268.19,0,00,99.99,,,,0.0,0.0
1788092269.19,0,00,99.99,,,,0.0,0.0
1788092270.19,0,00,99.99,,,,0.0,0.0
1788092271.19,0,00,99.99,,,,0.0,0.0
1788092272.19,0,00,99.99,,,,0.0,0.0
1788092273.19,0,00,99.99,,,,0.0,0.0
1788092274.19,0,00,99.99,,,,0.0,0.0
1788092275.19,0,00,99.99,,,,0.0,0.0
1788092276.19,0,00,99.99,,,,0.0,0.0
1788092277.19,0,00,99.99,,,,0.0,0.0
1788092278.20,0,00,99.99,,,,0.0,0.0
1788092279.19,0,00,99.99,,,,0.0,0.0
1788092280.19,0,00,99.99,,,,0.0,0.0
1788092281.19,0,00,99.99,,,,0.0,0.0
1788092282.20,0,00,99.99,,,,0.0,0.0
1788092283.19,0,00,99.99,,,,0.0,0.0
1788092284.19,0,00,99.99,,,,0.0,0.0
1788092285.19,0,00,99.99,,,,0.0,0.0
1788092286.19,0,00,99.99,,,,0.0,0.0
1788092287.19,0,00,99.99,,,,0.0,0.0
1788092288.19,0,00,99.99,,,,0.0,0.0
1788092289.19,0,00,99.99,,,,0.0,0.0
1788092290.19,0,00,99.99,,,,0.0,0.0
1788092291.19,0,00,99.99,,,,0.0,0.0
1788092292.19,0,00,99.99,,,,0.0,0.0
1788092293.19,0,00,99.99,,,,0.0,0.0
1788092294.20,0,00,99.99,,,,0.0,0.0
1788092295.19,0,00,99.99,,,,0.0,0.0
1788092296.19,0,00,99.99,,,,0.0,0.0
1788092297.19,0,00,99.99,,,,0.0,0.0
1788092298.19,0,00,99.99,,,,0.0,0.0
1788092299.19,0,00,99.99,,,,0.0,0.0
1788092300.20,0,00,99.99,,,,0.0,0.0
1788092301.19,0,00,99.99,,,,0.0,0.0
1788092302.20,0,00,99.99,,,,0.0,0.0
1788092303.19,0,00,99.99,,,,0.0,0.0
1788092304.19,0,00,99.99,,,,0.0,0.0
1788092305.19,0,00,99.99,,,,0.0,0.0
1788092306.20,0,00,99.99,,,,0.0,0.0
1788092307.20,0,00,99.99,,,,0.0,0.0
1788092308.19,0,00,99.99,,,,0.0,0.0
1788092309.19,0,00,99.99,,,,0.0,0.0
1788092310.19,0,00,99.99,,,,0.0,0.0
1788092311.19,0,00,99.99,,,,0.0,0.0
1788092312.19,0,00,99.99,,,,0.0,0.0
1788092313.19,0,00,99.99,,,,0.0,0.0
1788092314.19,0,00,99.99,,,,0.0,0.0
1788092315.19,0,00,99.99,,,,0.0,0.0
1788092316.19,0,00,99.99,,,,0.0,0.0
1788092317.19,0,00,99.99,,,,0.0,0.0
1788092318.19,0,00,99.99,,,,0.0,0.0
1788092319.19,0,00,99.99,,,,0.0,0.0
1788092320.20,0,00,99.99,,,,0.0,0.0
1788092321.19,0,00,99.99,,,,0.0,0.0
1788092322.19,0,00,99.99,,,,0.0,0.0
1788092323.19,0,00,99.99,,,,0.0,0.0
1788092324.19,0,00,99.99,,,,0.0,0.0
1788092325.19,0,00,99.99,,,,0.0,0.0
1788092326.20,0,00,99.99,,,,0.0,0.0
1788092327.19,0,00,99.99,,,,0.0,0.0
1788092328.19,0,00,99.99,,,,0.0,0.0
1788092329.19,0,00,99.99,,,,0.0,0.0
1788092330.19,0,00,99.99,,,,0.0,0.0
1788092331.19,0,00,99.99,,,,0.0,0.0
1788092332.20,0,00,99.99,,,,0.0,0.0
1788092333.20,0,00,99.99,,,,0.0,0.0
1788092334.20,0,00,99.99,,,,0.0,0.0
1788092335.20,0,00,99.99,,,,0.0,0.0
1788092336.20,0,00,99.99,,,,0.0,0.0
1788092337.20,0,00,99.99,,,,0.0,0.0
1788092338.20,0,00,99.99,,,,0.0,0.0
1788092339.20,0,00,99.99,,,,0.0,0.0
1788092340.20,0,00,99.99,,,,0.0,0.0
1788092341.19,0,00,99.99,,,,0.0,0.0
1788092342.20,0,00,99.99,,,,0.0,0.0
1788092343.20,0,00,99.99,,,,0.0,0.0
1788092344.20,0,00,99.99,,,,0.0,0.0
1788092345.20,0,00,99.99,,,,0.0,0.0
1788092346.20,0,00,99.99,,,,0.0,0.0
1788092347.20,0,00,99.99,,,,0.0,0.0
1788092348.20,0,00,99.99,,,,0.0,0.0
1788092349.20,0,00,99.99,,,,0.0,0.0
1788092350.20,0,00,99.99,,,,0.0,0.0
1788092351.20,0,00,99.99,,,,0.0,0.0
1788092352.20,0,00,99.99,,,,0.0,0.0
1788092353.20,0,00,99.99,,,,0.0,0.0
1788092354.20,0,00,99.99,,,,0.0,0.0
1788092355.20,0,00,99.99,,,,0.0,0.0
1788092356.20,0,00,99.99,,,,0.0,0.0
1788092357.20,0,00,99.99,,,,0.0,0.0
1788092358.20,0,00,99.99,,,,0.0,0.0
1788092359.20,0,00,99.99,,,,0.0,0.0
1788092360.20,0,00,99.99,,,,0.0,0.0
1788092361.19,0,00,99.99,,,,0.0,0.0
1788092362.19,0,00,99.99,,,,0.0,0.0
1788092363.20,0,00,99.99,,,,0.0,0.0
1788092364.20,0,00,99.99,,,,0.0,0.0
1788092365.20,0,00,99.99,,,,0.0,0.0
1788092366.20,0,00,99.99,,,,0.0,0.0
1788092367.20,0,00,99.99,,,,0.0,0.0
1788092368.20,0,00,99.99,,,,0.0,0.0
1788092369.20,0,00,99.99,,,,0.0,0.0
1788092370.20,0,00,99.99,,,,0.0,0.0
1788092371.20,0,00,99.99,,,,0.0,0.0
1788092372.20,0,00,99.99,,,,0.0,0.0
1788092373.20,0,00,99.99,,,,0.0,0.0
1788092374.19,0,00,99.99,,,,0.0,0.0
1788092375.20,0,00,99.99,,,,0.0,0.0
1788092376.19,0,00,99.99,,,,0.0,0.0
1788092377.20,0,00,99.99,,,,0.0,0.0
1788092378.20,0,00,99.99,,,,0.0,0.0
1788092379.19,0,00,99.99,,,,0.0,0.0
1788092380.19,0,00,99.99,,,,0.0,0.0
1788092381.19,0,00,99.99,,,,0.0,0.0
1788092382.19,0,00,99.99,,,,0.0,0.0
1788092383.20,0,00,99.99,,,,0.0,0.0
1788092384.20,0,00,99.99,,,,0.0,0.0
1788092385.20,0,00,99.99,,,,0.0,0.0
1788092386.20,0,00,99.99,,,,0.0,0.0
1788092387.20,0,00,99.99,,,,0.0,0.0
1788092388.20,0,00,99.99,,,,0.0,0.0
1788092389.20,0,00,99.99,,,,0.0,0.0
1788092390.19,0,00,99.99,,,,0.0,0.0
1788092391.19,0,00,99.99,,,,0.0,0.0
1788092392.20,0,00,99.99,,,,0.0,0.0
1788092393.20,0,00,99.99,,,,0.0,0.0
1788092394.20,0,00,99.99,,,,0.0,0.0
1788092395.20,0,00,99.99,,,,0.0,0.0
1788092396.19,0,00,99.99,,,,0.0,0.0
1788092397.19,0,00,99.99,,,,0.0,0.0
1788092398.20,0,00,99.99,,,,0.0,0.0
1788092399.20,0,00,99.99,,,,0.0,0.0
1788092400.19,0,00,99.99,,,,0.0,0.0
1788092401.19,0,00,99.99,,,,0.0,0.0
1788092402.20,0,00,99.99,,,,0.0,0.0
1788092403.19,0,00,99.99,,,,0.0,0.0
1788092404.20,0,00,99.99,,,,0.0,0.0
1788092405.20,0,00,99.99,,,,0.0,0.0
1788092406.20,0,00,99.99,,,,0.0,0.0
1788092407.20,0,00,99.99,,,,0.0,0.0
1788092408.19,0,00,99.99,,,,0.0,0.0
1788092409.20,0,00,99.99,,,,0.0,0.0
1788092410.20,0,00,99.99,,,,0.0,0.0
1788092411.20,0,00,99.99,,,,0.0,0.0
1788092412.20,0,00,99.99,,,,0.0,0.0
1788092413.20,0,00,99.99,,,,0.0,0.0
1788092414.20,0,00,99.99,,,,0.0,0.0
1788092415.21,0,00,99.99,,,,0.0,0.0
1788092416.20,0,00,99.99,,,,0.0,0.0
1788092417.20,0,00,99.99,,,,0.0,0.0
1788092418.20,0,00,99.99,,,,0.0,0.0
1788092419.20,0,00,99.99,,,,0.0,0.0
1788092420.20,0,00,99.99,,,,0.0,0.0
1788092421.20,0,00,99.99,,,,0.0,0.0
1788092422.20,0,00,99.99,,,,0.0,0.0
1788092423.20,0,00,99.99,,,,0.0,0.0
1788092424.20,0,00,99.99,,,,0.0,0.0
1788092425.20,0,00,99.99,,,,0.0,0.0
1788092426.19,0,00,99.99,,,,0.0,0.0
1788092427.20,0,00,99.99,,,,0.0,0.0
1788092428.20,0,00,99.99,,,,0.0,0.0
1788092429.20,0,00,99.99,,,,0.0,0.0
1788092430.20,0,00,99.99,,,,0.0,0.0
1788092431.20,0,00,99.99,,,,0.0,0.0
1788092432.20,0,00,99.99,,,,0.0,0.0
1788092433.20,0,00,99.99,,,,0.0,0.0
1788092434.20,0,00,99.99,,,,0.0,0.0
1788092435.19,0,00,99.99,,,,0.0,0.0
1788092436.20,0,00,99.99,,,,0.0,0.0
1788092437.20,0,00,99.99,,,,0.0,0.0
1788092438.20,0,00,99.99,,,,0.0,0.0
1788092439.20,0,00,99.99,,,,0.0,0.0
1788092440.20,0,00,99.99,,,,0.0,0.0
1788092441.20,0,00,99.99,,,,0.0,0.0
1788092442.20,0,00,99.99,,,,0.0,0.0
1788092443.20,0,00,99.99,,,,0.0,0.0
1788092444.20,0,00,99.99,,,,0.0,0.0
1788092445.20,0,00,99.99,,,,0.0,0.0
1788092446.20,0,00,99.99,,,,0.0,0.0
1788092447.20,0,00,99.99,,,,0.0,0.0
1788092448.20,0,00,99.99,,,,0.0,0.0
1788092449.20,0,00,99.99,,,,0.0,0.0
1788092450.20,0,00,99.99,,,,0.0,0.0
1788092451.20,0,00,99.99,,,,0.0,0.0
1788092452.20,0,00,99.99,,,,0.0,0.0
1788092453.20,0,00,99.99,,,,0.0,0.0
1788092454.20,0,00,99.99,,,,0.0,0.0
1788092455.20,0,00,99.99,,,,0.0,0.0
1788092456.20,0,00,99.99,,,,0.0,0.0
1788092457.20,0,00,99.99,,,,0.0,0.0
1788092458.20,0,00,99.99,,,,0.0,0.0
1788092459.20,0,00,99.99,,,,0.0,0.0
1788092460.20,0,00,99.99,,,,0.0,0.0
1788092461.20,0,00,99.99,,,,0.0,0.0
1788092462.20,0,00,99.99,,,,0.0,0.0
1788092463.20,0,00,99.99,,,,0.0,0.0
1788092464.20,0,00,99.99,,,,0.0,0.0
1788092465.20,0,00,99.99,,,,0.0,0.0
1788092466.20,0,00,99.99,,,,0.0,0.0
1788092467.20,0,00,99.99,,,,0.0,0.0
1788092468.20,0,00,99.99,,,,0.0,0.0
1788092469.20,0,00,99.99,,,,0.0,0.0
1788092470.20,0,00,99.99,,,,0.0,0.0
1788092471.20,0,00,99.99,,,,0.0,0.0
1788092472.20,0,00,99.99,,,,0.0,0.0
1788092473.20,0,00,99.99,,,,0.0,0.0
1788092474.21,0,00,99.99,,,,0.0,0.0
1788092475.20,0,00,99.99,,,,0.0,0.0
1788092476.20,0,00,99.99,,,,0.0,0.0
1788092477.20,0,00,99.99,,,,0.0,0.0
1788092478.20,0,00,99.99,,,,0.0,0.0
1788092479.20,0,00,99.99,,,,0.0,0.0
1788092480.20,0,00,99.99,,,,0.0,0.0
1788092481.20,0,00,99.99,,,,0.0,0.0
1788092482.20,0,00,99.99,,,,0.0,0.0
1788092483.20,0,00,99.99,,,,0.0,0.0
1788092484.20,0,00,99.99,,,,0.0,0.0
1788092485.20,0,00,99.99,,,,0.0,0.0
1788092486.20,0,00,99.99,,,,0.0,0.0
1788092487.20,0,00,99.99,,,,0.0,0.0
1788092488.20,0,00,99.99,,,,0.0,0.0
1788092489.20,0,00,99.99,,,,0.0,0.0
1788092490.20,0,00,99.99,,,,0.0,0.0
1788092491.20,0,00,99.99,,,,0.0,0.0
1788092492.20,0,00,99.99,,,,0.0,0.0
1788092493.20,0,00,99.99,,,,0.0,0.0
1788092494.20,0,00,99.99,,,,0.0,0.0
1788092495.20,0,00,99.99,,,,0.0,0.0
1788092496.20,0,00,99.99,,,,0.0,0.0
1788092497.20,0,00,99.99,,,,0.0,0.0
1788092498.20,0,00,99.99,,,,0.0,0.0
1788092499.20,0,00,99.99,,,,0.0,0.0
1788092500.20,0,00,99.99,,,,0.0,0.0
1788092501.20,0,00,99.99,,,,0.0,0.0
1788092502.20,0,00,99.99,,,,0.0,0.0
1788092503.20,0,00,99.99,,,,0.0,0.0
1788092504.20,0,00,99.99,,,,0.0,0.0
1788092505.20,0,00,99.99,,,,0.0,0.0
1788092506.20,0,00,99.99,,,,0.0,0.0
1788092507.20,0,00,99.99,,,,0.0,0.0
1788092508.20,0,00,99.99,,,,0.0,0.0
1788092509.20,0,00,99.99,,,,0.0,0.0
1788092510.20,0,00,99.99,,,,0.0,0.0
1788092511.20,0,00,99.99,,,,0.0,0.0
1788092512.20,0,00,99.99,,,,0.0,0.0
1788092513.20,0,00,99.99,,,,0.0,0.0
1788092514.20,0,00,99.99,,,,0.0,0.0
1788092515.20,0,00,99.99,,,,0.0,0.0
1788092516.20,0,00,99.99,,,,0.0,0.0
1788092517.20,0,00,99.99,,,,0.0,0.0
1788092518.20,0,00,99.99,,,,0.0,0.0
1788092519.20,0,00,99.99,,,,0.0,0.0
1788092520.20,0,00,99.99,,,,0.0,0.0
1788092521.20,0,00,99.99,,,,0.0,0.0
1788092522.20,0,00,99.99,,,,0.0,0.0
1788092523.20,0,00,99.99,,,,0.0,0.0
1788092524.20,0,00,99.99,,,,0.0,0.0
1788092525.20,0,00,99.99,,,,0.0,0.0
1788092526.20,0,00,99.99,,,,0.0,0.0
1788092527.20,0,00,99.99,,,,0.0,0.0
1788092528.20,0,00,99.99,,,,0.0,0.0
1788092529.20,0,00,99.99,,,,0.0,0.0
1788092530.20,0,00,99.99,,,,0.0,0.0
1788092531.20,0,00,99.99,,,,0.0,0.0
1788092532.20,0,00,99.99,,,,0.0,0.0
1788092533.20,0,00,99.99,,,,0.0,0.0
1788092534.20,0,00,99.99,,,,0.0,0.0
1788092535.20,0,00,99.99,,,,0.0,0.0
1788092536.20,0,00,99.99,,,,0.0,0.0
1788092537.20,0,00,99.99,,,,0.0,0.0
1788092538.20,0,00,99.99,,,,0.0,0.0
1788092539.20,0,00,99.99,,,,0.0,0.0
1788092540.20,0,00,99.99,,,,0.0,0.0
1788092541.20,0,00,99.99,,,,0.0,0.0
1788092542.20,0,00,99.99,,,,0.0,0.0
1788092543.20,0,00,99.99,,,,0.0,0.0
1788092544.20,0,00,99.99,,,,0.0,0.0
1788092545.20,0,00,99.99,,,,0.0,0.0
1788092546.20,0,00,99.99,,,,0.0,0.0
1788092547.21,0,00,99.99,,,,0.0,0.0
1788092548.20,0,00,99.99,,,,0.0,0.0
1788092549.20,0,00,99.99,,,,0.0,0.0
1788092550.20,0,00,99.99,,,,0.0,0.0
1788092551.21,0,00,99.99,,,,0.0,0.0
1788092552.21,0,00,99.99,,,,0.0,0.0
1788092553.21,0,00,99.99,,,,0.0,0.0
1788092554.21,0,00,99.99,,,,0.0,0.0
1788092555.21,0,00,99.99,,,,0.0,0.0
1788092556.21,0,00,99.99,,,,0.0,0.0
1788092557.20,0,00,99.99,,,,0.0,0.0
1788092558.21,0,00,99.99,,,,0.0,0.0
1788092559.21,0,00,99.99,,,,0.0,0.0
1788092560.21,0,00,99.99,,,,0.0,0.0
1788092561.20,0,00,99.99,,,,0.0,0.0
1788092562.21,0,00,99.99,,,,0.0,0.0
1788092563.20,0,00,99.99,,,,0.0,0.0
1788092564.20,0,00,99.99,,,,0.0,0.0
1788092565.20,0,00,99.99,,,,0.0,0.0
1788092566.21,0,00,99.99,,,,0.0,0.0
1788092567.21,0,00,99.99,,,,0.0,0.0
1788092568.20,0,00,99.99,,,,0.0,0.0
1788092569.21,0,00,99.99,,,,0.0,0.0
1788092570.21,0,00,99.99,,,,0.0,0.0
1788092571.21,0,00,99.99,,,,0.0,0.0
1788092572.20,0,00,99.99,,,,0.0,0.0
1788092573.20,0,00,99.99,,,,0.0,0.0
1788092574.20,0,00,99.99,,,,0.0,0.0
1788092575.21,0,00,99.99,,,,0.0,0.0
1788092576.21,0,00,99.99,,,,0.0,0.0
1788092577.21,0,00,99.99,,,,0.0,0.0
1788092578.21,0,00,99.99,,,,0.0,0.0
1788092579.21,0,00,99.99,,,,0.0,0.0
1788092580.21,0,00,99.99,,,,0.0,0.0
1788092581.21,0,00,99.99,,,,0.0,0.0
1788092582.21,0,00,99.99,,,,0.0,0.0
1788092583.21,0,00,99.99,,,,0.0,0.0
1788092584.21,0,00,99.99,,,,0.0,0.0
1788092585.21,0,00,99.99,,,,0.0,0.0
1788092586.20,0,00,99.99,,,,0.0,0.0
1788092587.20,0,00,99.99,,,,0.0,0.0
1788092588.20,0,00,99.99,,,,0.0,0.0
1788092589.20,0,00,99.99,,,,0.0,0.0
1788092590.20,0,00,99.99,,,,0.0,0.0
1788092591.20,0,00,99.99,,,,0.0,0.0
1788092592.21,0,00,99.99,,,,0.0,0.0
1788092593.21,0,00,99.99,,,,0.0,0.0
1788092594.21,0,00,99.99,,,,0.0,0.0
1788092595.21,0,00,99.99,,,,0.0,0.0
1788092596.21,0,00,99.99,,,,0.0,0.0
1788092597.20,0,00,99.99,,,,0.0,0.0
1788092598.21,0,00,99.99,,,,0.0,0.0
1788092599.21,0,00,99.99,,,,0.0,0.0
1788092600.21,0,00,99.99,,,,0.0,0.0
1788092601.20,0,00,99.99,,,,0.0,0.0
1788092602.20,0,00,99.99,,,,0.0,0.0
1788092603.20,0,00,99.99,,,,0.0,0.0
1788092604.21,0,00,99.99,,,,0.0,0.0
1788092605.21,0,00,99.99,,,,0.0,0.0
1788092606.21,0,00,99.99,,,,0.0,0.0
1788092607.21,0,00,99.99,,,,0.0,0.0
1788092608.21,0,00,99.99,,,,0.0,0.0
1788092609.21,0,00,99.99,,,,0.0,0.0
1788092610.21,0,00,99.99,,,,0.0,0.0
1788092611.21,0,00,99.99,,,,0.0,0.0
1788092612.20,0,00,99.99,,,,0.0,0.0
1788092613.20,0,00,99.99,,,,0.0,0.0
1788092614.20,0,00,99.99,,,,0.0,0.0
1788092615.20,0,00,99.99,,,,0.0,0.0
1788092616.20,0,00,99.99,,,,0.0,0.0
1788092617.20,0,00,99.99,,,,0.0,0.0
1788092618.20,0,00,99.99,,,,0.0,0.0
1788092619.20,0,00,99.99,,,,0.0,0.0
1788092620.20,0,00,99.99,,,,0.0,0.0
1788092621.20,0,00,99.99,,,,0.0,0.0
1788092622.20,0,00,99.99,,,,0.0,0.0
1788092623.20,0,00,99.99,,,,0.0,0.0
1788092624.20,0,00,99.99,,,,0.0,0.0
1788092625.20,0,00,99.99,,,,0.0,0.0
1788092626.20,0,00,99.99,,,,0.0,0.0
1788092627.20,0,00,99.99,,,,0.0,0.0
1788092628.20,0,00,99.99,,,,0.0,0.0
1788092629.20,0,00,99.99,,,,0.0,0.0
1788092630.20,0,00,99.99,,,,0.0,0.0
1788092631.20,0,00,99.99,,,,0.0,0.0
1788092632.20,0,00,99.99,,,,0.0,0.0
1788092633.20,0,00,99.99,,,,0.0,0.0
1788092634.20,0,00,99.99,,,,0.0,0.0
1788092635.20,0,00,99.99,,,,0.0,0.0
1788092636.20,0,00,99.99,,,,0.0,0.0
1788092637.20,0,00,99.99,,,,0.0,0.0
1788092638.20,0,00,99.99,,,,0.0,0.0
1788092639.20,0,00,99.99,,,,0.0,0.0
1788092640.20,0,00,99.99,,,,0.0,0.0
1788092641.20,0,00,99.99,,,,0.0,0.0
1788092642.20,0,00,99.99,,,,0.0,0.0
1788092643.20,0,00,99.99,,,,0.0,0.0
1788092644.20,0,00,99.99,,,,0.0,0.0
1788092645.20,0,00,99.99,,,,0.0,0.0
1788092646.21,0,00,99.99,,,,0.0,0.0
1788092647.21,0,00,99.99,,,,0.0,0.0
1788092648.20,0,00,99.99,,,,0.0,0.0
1788092649.20,0,00,99.99,,,,0.0,0.0
1788092650.20,0,00,99.99,,,,0.0,0.0
1788092651.21,0,00,99.99,,,,0.0,0.0
1788092652.20,0,00,99.99,,,,0.0,0.0
1788092653.21,0,00,99.99,,,,0.0,0.0
1788092654.21,0,00,99.99,,,,0.0,0.0
1788092655.21,0,00,99.99,,,,0.0,0.0
1788092656.21,0,00,99.99,,,,0.0,0.0
1788092657.21,0,00,99.99,,,,0.0,0.0
1788092658.21,0,00,99.99,,,,0.0,0.0
1788092659.20,0,00,99.99,,,,0.0,0.0
1788092660.20,0,00,99.99,,,,0.0,0.0
1788092661.21,0,00,99.99,,,,0.0,0.0
1788092662.21,0,00,99.99,,,,0.0,0.0
1788092663.21,0,00,99.99,,,,0.0,0.0
1788092664.21,0,00,99.99,,,,0.0,0.0
1788092665.21,0,00,99.99,,,,0.0,0.0
1788092666.21,0,00,99.99,,,,0.0,0.0
1788092667.20,0,00,99.99,,,,0.0,0.0
1788092668.20,0,00,99.99,,,,0.0,0.0
1788092669.20,0,00,99.99,,,,0.0,0.0
1788092670.20,0,00,99.99,,,,0.0,0.0
1788092671.20,0,00,99.99,,,,0.0,0.0
1788092672.20,0,00,99.99,,,,0.0,0.0
1788092673.20,0,00,99.99,,,,0.0,0.0
1788092674.20,0,00,99.99,,,,0.0,0.0
1788092675.20,0,00,99.99,,,,0.0,0.0
1788092676.20,0,00,99.99,,,,0.0,0.0
1788092677.20,0,00,99.99,,,,0.0,0.0
1788092678.20,0,00,99.99,,,,0.0,0.0
1788092679.20,0,00,99.99,,,,0.0,0.0
1788092680.20,0,00,99.99,,,,0.0,0.0
1788092681.20,0,00,99.99,,,,0.0,0.0
1788092682.20,0,00,99.99,,,,0.0,0.0
1788092683.21,0,00,99.99,,,,0.0,0.0
1788092684.21,0,00,99.99,,,,0.0,0.0
1788092685.21,0,00,99.99,,,,0.0,0.0
1788092686.20,0,00,99.99,,,,0.0,0.0
1788092687.20,0,00,99.99,,,,0.0,0.0
1788092688.21,0,00,99.99,,,,0.0,0.0
1788092689.21,0,00,99.99,,,,0.0,0.0
1788092690.20,0,00,99.99,,,,0.0,0.0
1788092691.20,0,00,99.99,,,,0.0,0.0
1788092692.21,0,00,99.99,,,,0.0,0.0
1788092693.20,0,00,99.99,,,,0.0,0.0
1788092694.20,0,00,99.99,,,,0.0,0.0
1788092695.20,0,00,99.99,,,,0.0,0.0
1788092696.21,0,00,99.99,,,,0.0,0.0
1788092697.21,0,00,99.99,,,,0.0,0.0
1788092698.20,0,00,99.99,,,,0.0,0.0
1788092699.20,0,00,99.99,,,,0.0,0.0
1788092700.20,0,00,99.99,,,,0.0,0.0
1788092701.20,0,00,99.99,,,,0.0,0.0
1788092702.21,0,00,99.99,,,,0.0,0.0
1788092703.20,0,00,99.99,,,,0.0,0.0
1788092704.20,0,00,99.99,,,,0.0,0.0
1788092705.20,0,00,99.99,,,,0.0,0.0
1788092706.20,0,00,99.99,,,,0.0,0.0
1788092707.20,0,00,99.99,,,,0.0,0.0
1788092708.20,0,00,99.99,,,,0.0,0.0
1788092709.20,0,00,99.99,,,,0.0,0.0
1788092710.20,0,00,99.99,,,,0.0,0.0
1788092711.20,0,00,99.99,,,,0.0,0.0
1788092712.20,0,00,99.99,,,,0.0,0.0
1788092713.21,0,00,99.99,,,,0.0,0.0
1788092714.20,0,00,99.99,,,,0.0,0.0
1788092715.21,0,00,99.99,,,,0.0,0.0
1788092716.21,0,00,99.99,,,,0.0,0.0
1788092717.21,0,00,99.99,,,,0.0,0.0
1788092718.21,0,00,99.99,,,,0.0,0.0
1788092719.21,0,00,99.99,,,,0.0,0.0
1788092720.20,0,00,99.99,,,,0.0,0.0
1788092721.20,0,00,99.99,,,,0.0,0.0
1788092722.20,0,00,99.99,,,,0.0,0.0
1788092723.20,0,00,99.99,,,,0.0,0.0
1788092724.20,0,00,99.99,,,,0.0,0.0
1788092725.20,0,00,99.99,,,,0.0,0.0
1788092726.20,0,00,99.99,,,,0.0,0.0
1788092727.20,0,00,99.99,,,,0.0,0.0
1788092728.20,0,00,99.99,,,,0.0,0.0
1788092729.21,0,00,99.99,,,,0.0,0.0
1788092730.21,0,00,99.99,,,,0.0,0.0
1788092731.21,0,00,99.99,,,,0.0,0.0
1788092732.21,0,00,99.99,,,,0.0,0.0
1788092733.21,0,00,99.99,,,,0.0,0.0
1788092734.21,0,00,99.99,,,,0.0,0.0
1788092735.21,0,00,99.99,,,,0.0,0.0
1788092736.21,0,00,99.99,,,,0.0,0.0
1788092737.21,0,00,99.99,,,,0.0,0.0
1788092738.21,0,00,99.99,,,,0.0,0.0
1788092739.21,0,00,99.99,,,,0.0,0.0
1788092740.20,0,00,99.99,,,,0.0,0.0
1788092741.20,0,00,99.99,,,,0.0,0.0
1788092742.20,0,00,99.99,,,,0.0,0.0
1788092743.20,0,00,99.99,,,,0.0,0.0
1788092744.20,0,00,99.99,,,,0.0,0.0
1788092745.20,0,00,99.99,,,,0.0,0.0
1788092746.20,0,00,99.99,,,,0.0,0.0
1788092747.20,0,00,99.99,,,,0.0,0.0
1788092748.20,0,00,99.99,,,,0.0,0.0
1788092749.20,0,00,99.99,,,,0.0,0.0
1788092750.20,0,00,99.99,,,,0.0,0.0
1788092751.21,0,00,99.99,,,,0.0,0.0
1788092752.20,0,00,99.99,,,,0.0,0.0
1788092753.21,0,00,99.99,,,,0.0,0.0
1788092754.20,0,00,99.99,,,,0.0,0.0
1788092755.20,0,00,99.99,,,,0.0,0.0
1788092756.20,0,00,99.99,,,,0.0,0.0
1788092757.21,0,00,99.99,,,,0.0,0.0
1788092758.20,0,00,99.99,,,,0.0,0.0
1788092759.20,0,00,99.99,,,,0.0,0.0
1788092760.20,0,00,99.99,,,,0.0,0.0
1788092761.20,0,00,99.99,,,,0.0,0.0
1788092762.21,0,00,99.99,,,,0.0,0.0
1788092763.21,0,00,99.99,,,,0.0,0.0
1788092764.20,0,00,99.99,,,,0.0,0.0
1788092765.21,0,00,99.99,,,,0.0,0.0
1788092766.20,0,00,99.99,,,,0.0,0.0
1788092767.20,0,00,99.99,,,,0.0,0.0
1788092768.20,0,00,99.99,,,,0.0,0.0
1788092769.21,0,00,99.99,,,,0.0,0.0
1788092770.21,0,00,99.99,,,,0.0,0.0
1788092771.21,0,00,99.99,,,,0.0,0.0
1788092772.21,0,00,99.99,,,,0.0,0.0
1788092773.20,0,00,99.99,,,,0.0,0.0
1788092774.21,0,00,99.99,,,,0.0,0.0
1788092775.20,0,00,99.99,,,,0.0,0.0
1788092776.21,0,00,99.99,,,,0.0,0.0
1788092777.21,0,00,99.99,,,,0.0,0.0
1788092778.21,0,00,99.99,,,,0.0,0.0
1788092779.21,0,00,99.99,,,,0.0,0.0
1788092780.21,0,00,99.99,,,,0.0,0.0
1788092781.21,0,00,99.99,,,,0.0,0.0
1788092782.21,0,00,99.99,,,,0.0,0.0
1788092783.21,0,00,99.99,,,,0.0,0.0
1788092784.21,0,00,99.99,,,,0.0,0.0
1788092785.21,0,00,99.99,,,,0.0,0.0
1788092786.20,0,00,99.99,,,,0.0,0.0
1788092787.20,0,00,99.99,,,,0.0,0.0
1788092788.20,0,00,99.99,,,,0.0,0.0
1788092789.20,0,00,99.99,,,,0.0,0.0
1788092790.20,0,00,99.99,,,,0.0,0.0
1788092791.21,0,00,99.99,,,,0.0,0.0
1788092792.21,0,00,99.99,,,,0.0,0.0
1788092793.21,0,00,99.99,,,,0.0,0.0
1788092794.21,0,00,99.99,,,,0.0,0.0
1788092795.20,0,00,99.99,,,,0.0,0.0
1788092796.20,0,00,99.99,,,,0.0,0.0
1788092797.21,0,00,99.99,,,,0.0,0.0
1788092798.20,0,00,99.99,,,,0.0,0.0
1788092799.20,0,00,99.99,,,,0.0,0.0
1788092800.21,0,00,99.99,,,,0.0,0.0
1788092801.21,0,00,99.99,,,,0.0,0.0
1788092802.21,0,00,99.99,,,,0.0,0.0
1788092803.21,0,00,99.99,,,,0.0,0.0
1788092804.20,0,00,99.99,,,,0.0,0.0
1788092805.21,0,00,99.99,,,,0.0,0.0
1788092806.22,0,00,99.99,,,,0.0,0.0
1788092807.21,0,00,99.99,,,,0.0,0.0
1788092808.20,0,00,99.99,,,,0.0,0.0
1788092809.21,0,00,99.99,,,,0.0,0.0
1788092810.21,0,00,99.99,,,,0.0,0.0
1788092811.20,0,00,99.99,,,,0.0,0.0
1788092812.21,0,00,99.99,,,,0.0,0.0
1788092813.20,0,00,99.99,,,,0.0,0.0
1788092814.20,0,00,99.99,,,,0.0,0.0
1788092815.20,0,00,99.99,,,,0.0,0.0
1788092816.21,0,00,99.99,,,,0.0,0.0
1788092817.21,0,00,99.99,,,,0.0,0.0
1788092818.21,0,00,99.99,,,,0.0,0.0
1788092819.21,0,00,99.99,,,,0.0,0.0
1788092820.20,0,00,99.99,,,,0.0,0.0
1788092821.21,0,00,99.99,,,,0.0,0.0
1788092822.20,0,00,99.99,,,,0.0,0.0
1788092823.20,0,00,99.99,,,,0.0,0.0
1788092824.20,0,00,99.99,,,,0.0,0.0
1788092825.20,0,00,99.99,,,,0.0,0.0
1788092826.20,0,00,99.99,,,,0.0,0.0
1788092827.20,0,00,99.99,,,,0.0,0.0
1788092828.20,0,00,99.99,,,,0.0,0.0
1788092829.20,0,00,99.99,,,,0.0,0.0
1788092830.20,0,00,99.99,,,,0.0,0.0
1788092831.20,0,00,99.99,,,,0.0,0.0
1788092832.20,0,00,99.99,,,,0.0,0.0
1788092833.20,0,00,99.99,,,,0.0,0.0
1788092834.20,0,00,99.99,,,,0.0,0.0
1788092835.20,0,00,99.99,,,,0.0,0.0
1788092836.20,0,00,99.99,,,,0.0,0.0
1788092837.20,0,00,99.99,,,,0.0,0.0
1788092838.20,0,00,99.99,,,,0.0,0.0
1788092839.20,0,00,99.99,,,,0.0,0.0
1788092840.20,0,00,99.99,,,,0.0,0.0
1788092841.20,0,00,99.99,,,,0.0,0.0
1788092842.20,0,00,99.99,,,,0.0,0.0
1788092843.20,0,00,99.99,,,,0.0,0.0
1788092844.20,0,00,99.99,,,,0.0,0.0
1788092845.20,0,00,99.99,,,,0.0,0.0
1788092846.20,0,00,99.99,,,,0.0,0.0
1788092847.21,0,00,99.99,,,,0.0,0.0
1788092848.21,0,00,99.99,,,,0.0,0.0
1788092849.20,0,00,99.99,,,,0.0,0.0
1788092850.20,0,00,99.99,,,,0.0,0.0
1788092851.20,0,00,99.99,,,,0.0,0.0
1788092852.20,0,00,99.99,,,,0.0,0.0
1788092853.20,0,00,99.99,,,,0.0,0.0
1788092854.20,0,00,99.99,,,,0.0,0.0
1788092855.20,0,00,99.99,,,,0.0,0.0
1788092856.20,0,00,99.99,,,,0.0,0.0
1788092857.20,0,00,99.99,,,,0.0,0.0
1788092858.20,0,00,99.99,,,,0.0,0.0
1788092859.20,0,00,99.99,,,,0.0,0.0
1788092860.20,0,00,99.99,,,,0.0,0.0
1788092861.20,0,00,99.99,,,,0.0,0.0
1788092862.20,0,00,99.99,,,,0.0,0.0
1788092863.21,0,00,99.99,,,,0.0,0.0
1788092864.21,0,00,99.99,,,,0.0,0.0
1788092865.20,0,00,99.99,,,,0.0,0.0
1788092866.21,0,00,99.99,,,,0.0,0.0
1788092867.20,0,00,99.99,,,,0.0,0.0
1788092868.20,0,00,99.99,,,,0.0,0.0
1788092869.21,0,00,99.99,,,,0.0,0.0
1788092870.20,0,00,99.99,,,,0.0,0.0
1788092871.21,0,00,99.99,,,,0.0,0.0
1788092872.22,0,00,99.99,,,,0.0,0.0
1788092873.20,0,00,99.99,,,,0.0,0.0
1788092874.21,0,00,99.99,,,,0.0,0.0
1788092875.21,0,00,99.99,,,,0.0,0.0
1788092876.20,0,00,99.99,,,,0.0,0.0
1788092877.21,0,00,99.99,,,,0.0,0.0
1788092878.21,0,00,99.99,,,,0.0,0.0
1788092879.21,0,00,99.99,,,,0.0,0.0
1788092880.21,0,00,99.99,,,,0.0,0.0
1788092881.21,0,00,99.99,,,,0.0,0.0
1788092882.21,0,00,99.99,,,,0.0,0.0
1788092883.21,0,00,99.99,,,,0.0,0.0
1788092884.21,0,00,99.99,,,,0.0,0.0
1788092885.21,0,00,99.99,,,,0.0,0.0
1788092886.21,0,00,99.99,,,,0.0,0.0
1788092887.20,0,00,99.99,,,,0.0,0.0
1788092888.22,0,00,99.99,,,,0.0,0.0
1788092889.21,0,00,99.99,,,,0.0,0.0
1788092890.21,0,00,99.99,,,,0.0,0.0
1788092891.21,0,00,99.99,,,,0.0,0.0
1788092892.21,0,00,99.99,,,,0.0,0.0
1788092893.21,0,00,99.99,,,,0.0,0.0
1788092894.21,0,00,99.99,,,,0.0,0.0
1788092895.21,0,00,99.99,,,,0.0,0.0
1788092896.21,0,00,99.99,,,,0.0,0.0
1788092897.21,0,00,99.99,,,,0.0,0.0
1788092898.21,0,00,99.99,,,,0.0,0.0
1788092899.21,0,00,99.99,,,,0.0,0.0
1788092900.21,0,00,99.99,,,,0.0,0.0
1788092901.21,0,00,99.99,,,,0.0,0.0
1788092902.20,0,00,99.99,,,,0.0,0.0
1788092903.21,0,00,99.99,,,,0.0,0.0
1788092904.21,0,00,99.99,,,,0.0,0.0
1788092905.21,0,00,99.99,,,,0.0,0.0
1788092906.21,0,00,99.99,,,,0.0,0.0
1788092907.21,0,00,99.99,,,,0.0,0.0
1788092908.20,0,00,99.99,,,,0.0,0.0
1788092909.20,0,00,99.99,,,,0.0,0.0
1788092910.21,0,00,99.99,,,,0.0,0.0
1788092911.20,0,00,99.99,,,,0.0,0.0
1788092912.20,0,00,99.99,,,,0.0,0.0
1788092913.20,0,00,99.99,,,,0.0,0.0
1788092914.20,0,00,99.99,,,,0.0,0.0
1788092915.20,0,00,99.99,,,,0.0,0.0
1788092916.20,0,00,99.99,,,,0.0,0.0
1788092917.20,0,00,99.99,,,,0.0,0.0
1788092918.20,0,00,99.99,,,,0.0,0.0
1788092919.20,0,00,99.99,,,,0.0,0.0
1788092920.20,0,00,99.99,,,,0.0,0.0
1788092921.20,0,00,99.99,,,,0.0,0.0
1788092922.20,0,00,99.99,,,,0.0,0.0
1788092923.20,0,00,99.99,,,,0.0,0.0
1788092924.20,0,00,99.99,,,,0.0,0.0
1788092925.20,0,00,99.99,,,,0.0,0.0
1788092926.20,0,00,99.99,,,,0.0,0.0
1788092927.20,0,00,99.99,,,,0.0,0.0
1788092928.22,0,00,99.99,,,,0.0,0.0
1788092929.20,0,00,99.99,,,,0.0,0.0
1788092930.20,0,00,99.99,,,,0.0,0.0
1788092931.20,0,00,99.99,,,,0.0,0.0
1788092932.21,0,00,99.99,,,,0.0,0.0
1788092933.21,0,00,99.99,,,,0.0,0.0
1788092934.21,0,00,99.99,,,,0.0,0.0
1788092935.21,0,00,99.99,,,,0.0,0.0
1788092936.21,0,00,99.99,,,,0.0,0.0
1788092937.21,0,00,99.99,,,,0.0,0.0
1788092938.21,0,00,99.99,,,,0.0,0.0
1788092939.21,0,00,99.99,,,,0.0,0.0
1788092940.21,0,00,99.99,,,,0.0,0.0
1788092941.21,0,00,99.99,,,,0.0,0.0
1788092942.22,0,00,99.99,,,,0.0,0.0
1788092943.21,0,00,99.99,,,,0.0,0.0
1788092944.21,0,00,99.99,,,,0.0,0.0
1788092945.21,0,00,99.99,,,,0.0,0.0
1788092946.21,0,00,99.99,,,,0.0,0.0
1788092947.21,0,00,99.99,,,,0.0,0.0
1788092948.21,0,00,99.99,,,,0.0,0.0
1788092949.21,0,00,99.99,,,,0.0,0.0
1788092950.21,0,00,99.99,,,,0.0,0.0
1788092951.21,0,00,99.99,,,,0.0,0.0
1788092952.21,0,00,99.99,,,,0.0,0.0
1788092953.21,0,00,99.99,,,,0.0,0.0
1788092954.21,0,00,99.99,,,,0.0,0.0
1788092955.22,0,00,99.99,,,,0.0,0.0
1788092956.21,0,00,99.99,,,,0.0,0.0
1788092957.22,0,00,99.99,,,,0.0,0.0
1788092958.21,0,00,99.99,,,,0.0,0.0
1788092959.22,0,00,99.99,,,,0.0,0.0
1788092960.21,0,00,99.99,,,,0.0,0.0
1788092961.21,0,00,99.99,,,,0.0,0.0
1788092962.21,0,00,99.99,,,,0.0,0.0
1788092963.21,0,00,99.99,,,,0.0,0.0
1788092964.21,0,00,99.99,,,,0.0,0.0
1788092965.21,0,00,99.99,,,,0.0,0.0
1788092966.21,0,00,99.99,,,,0.0,0.0
1788092967.22,0,00,99.99,,,,0.0,0.0
1788092968.21,0,00,99.99,,,,0.0,0.0
1788092969.22,0,00,99.99,,,,0.0,0.0
1788092970.21,0,00,99.99,,,,0.0,0.0
1788092971.21,0,00,99.99,,,,0.0,0.0
1788092972.21,0,00,99.99,,,,0.0,0.0
1788092973.21,0,00,99.99,,,,0.0,0.0
1788092974.21,0,00,99.99,,,,0.0,0.0
1788092975.21,0,00,99.99,,,,0.0,0.0
1788092976.21,0,00,99.99,,,,0.0,0.0
1788092977.21,0,00,99.99,,,,0.0,0.0
1788092978.21,0,00,99.99,,,,0.0,0.0
1788092979.21,0,00,99.99,,,,0.0,0.0
1788092980.22,0,00,99.99,,,,0.0,0.0
1788092981.21,0,00,99.99,,,,0.0,0.0
1788092982.21,0,00,99.99,,,,0.0,0.0
1788092983.21,0,00,99.99,,,,0.0,0.0
1788092984.21,0,00,99.99,,,,0.0,0.0
1788092985.21,0,00,99.99,,,,0.0,0.0
1788092986.21,0,00,99.99,,,,0.0,0.0
1788092987.21,0,00,99.99,,,,0.0,0.0
1788092988.21,0,00,99.99,,,,0.0,0.0
1788092989.21,0,00,99.99,,,,0.0,0.0
1788092990.21,0,00,99.99,,,,0.0,0.0
1788092991.21,0,00,99.99,,,,0.0,0.0
1788092992.21,0,00,99.99,,,,0.0,0.0
1788092993.21,0,00,99.99,,,,0.0,0.0
1788092994.21,0,00,99.99,,,,0.0,0.0
1788092995.21,0,00,99.99,,,,0.0,0.0
1788092996.21,0,00,99.99,,,,0.0,0.0
1788092997.21,0,00,99.99,,,,0.0,0.0
1788092998.21,0,00,99.99,,,,0.0,0.0
1788092999.21,0,00,99.99,,,,0.0,0.0
1788093000.21,0,00,99.99,,,,0.0,0.0
1788093001.21,0,00,99.99,,,,0.0,0.0
1788093002.21,0,00,99.99,,,,0.0,0.0
1788093003.21,0,00,99.99,,,,0.0,0.0
1788093004.21,0,00,99.99,,,,0.0,0.0
1788093005.21,0,00,99.99,,,,0.0,0.0
1788093006.21,0,00,99.99,,,,0.0,0.0
1788093007.21,0,00,99.99,,,,0.0,0.0
1788093008.21,0,00,99.99,,,,0.0,0.0
1788093009.21,0,00,99.99,,,,0.0,0.0
1788093010.21,0,00,99.99,,,,0.0,0.0
1788093011.21,0,00,99.99,,,,0.0,0.0
1788093012.21,0,00,99.99,,,,0.0,0.0
1788093013.21,0,00,99.99,,,,0.0,0.0
1788093014.21,0,00,99.99,,,,0.0,0.0
1788093015.21,0,00,99.99,,,,0.0,0.0
1788093016.21,0,00,99.99,,,,0.0,0.0
1788093017.21,0,00,99.99,,,,0.0,0.0
1788093018.21,0,00,99.99,,,,0.0,0.0
1788093019.21,0,00,99.99,,,,0.0,0.0
1788093020.21,0,00,99.99,,,,0.0,0.0
1788093021.21,0,00,99.99,,,,0.0,0.0
1788093022.21,0,00,99.99,,,,0.0,0.0
1788093023.21,0,00,99.99,,,,0.0,0.0
1788093024.21,0,00,99.99,,,,0.0,0.0
1788093025.22,0,00,99.99,,,,0.0,0.0
1788093026.21,0,00,99.99,,,,0.0,0.0
1788093027.21,0,00,99.99,,,,0.0,0.0
1788093028.21,0,00,99.99,,,,0.0,0.0
1788093029.21,0,00,99.99,,,,0.0,0.0
1788093030.21,0,00,99.99,,,,0.0,0.0
1788093031.22,0,00,99.99,,,,0.0,0.0
1788093032.21,0,00,99.99,,,,0.0,0.0
1788093033.22,0,00,99.99,,,,0.0,0.0
1788093034.21,0,00,99.99,,,,0.0,0.0
1788093035.21,0,00,99.99,,,,0.0,0.0
1788093036.22,0,00,99.99,,,,0.0,0.0
1788093037.21,0,00,99.99,,,,0.0,0.0
1788093038.21,0,00,99.99,,,,0.0,0.0
1788093039.21,0,00,99.99,,,,0.0,0.0
1788093040.21,0,00,99.99,,,,0.0,0.0
1788093041.21,0,00,99.99,,,,0.0,0.0
1788093042.22,0,00,99.99,,,,0.0,0.0
1788093043.21,0,00,99.99,,,,0.0,0.0
1788093044.22,0,00,99.99,,,,0.0,0.0
1788093045.21,0,00,99.99,,,,0.0,0.0
1788093046.22,0,00,99.99,,,,0.0,0.0
1788093047.21,0,00,99.99,,,,0.0,0.0
1788093048.21,0,00,99.99,,,,0.0,0.0
1788093049.21,0,00,99.99,,,,0.0,0.0
1788093050.21,0,00,99.99,,,,0.0,0.0
1788093051.22,0,00,99.99,,,,0.0,0.0
1788093052.21,0,00,99.99,,,,0.0,0.0
1788093053.21,0,00,99.99,,,,0.0,0.0
1788093054.21,0,00,99.99,,,,0.0,0.0
1788093055.21,0,00,99.99,,,,0.0,0.0
1788093056.21,0,00,99.99,,,,0.0,0.0
1788093057.21,0,00,99.99,,,,0.0,0.0
1788093058.21,0,00,99.99,,,,0.0,0.0
1788093059.21,0,00,99.99,,,,0.0,0.0
1788093060.21,0,00,99.99,,,,0.0,0.0
1788093061.21,0,00,99.99,,,,0.0,0.0
1788093062.21,0,00,99.99,,,,0.0,0.0
1788093063.21,0,00,99.99,,,,0.0,0.0
1788093064.21,0,00,99.99,,,,0.0,0.0
1788093065.21,0,00,99.99,,,,0.0,0.0
1788093066.21,0,00,99.99,,,,0.0,0.0
1788093067.21,0,00,99.99,,,,0.0,0.0
1788093068.21,0,00,99.99,,,,0.0,0.0
1788093069.21,0,00,99.99,,,,0.0,0.0
1788093070.21,0,00,99.99,,,,0.0,0.0
1788093071.21,0,00,99.99,,,,0.0,0.0
1788093072.21,0,00,99.99,,,,0.0,0.0
1788093073.21,0,00,99.99,,,,0.0,0.0
1788093074.21,0,00,99.99,,,,0.0,0.0
1788093075.21,0,00,99.99,,,,0.0,0.0
1788093076.21,0,00,99.99,,,,0.0,0.0
1788093077.22,0,00,99.99,,,,0.0,0.0
1788093078.21,0,00,99.99,,,,0.0,0.0
1788093079.21,0,00,99.99,,,,0.0,0.0
1788093080.21,0,00,99.99,,,,0.0,0.0
1788093081.21,0,00,99.99,,,,0.0,0.0
1788093082.21,0,00,99.99,,,,0.0,0.0
1788093083.21,0,00,99.99,,,,0.0,0.0
1788093084.21,0,00,99.99,,,,0.0,0.0
1788093085.21,0,00,99.99,,,,0.0,0.0
1788093086.21,0,00,99.99,,,,0.0,0.0
1788093087.22,0,00,99.99,,,,0.0,0.0
1788093088.22,0,00,99.99,,,,0.0,0.0
1788093089.22,0,00,99.99,,,,0.0,0.0
1788093090.21,0,00,99.99,,,,0.0,0.0
1788093091.22,0,00,99.99,,,,0.0,0.0
1788093092.22,0,00,99.99,,,,0.0,0.0
1788093093.22,0,00,99.99,,,,0.0,0.0
1788093094.22,0,00,99.99,,,,0.0,0.0
1788093095.22,0,00,99.99,,,,0.0,0.0
1788093096.21,0,00,99.99,,,,0.0,0.0
1788093097.21,0,00,99.99,,,,0.0,0.0
1788093098.21,0,00,99.99,,,,0.0,0.0
1788093099.21,0,00,99.99,,,,0.0,0.0
1788093100.21,0,00,99.99,,,,0.0,0.0
1788093101.21,0,00,99.99,,,,0.0,0.0
1788093102.21,0,00,99.99,,,,0.0,0.0
1788093103.21,0,00,99.99,,,,0.0,0.0
1788093104.21,0,00,99.99,,,,0.0,0.0
1788093105.21,0,00,99.99,,,,0.0,0.0
1788093106.21,0,00,99.99,,,,0.0,0.0
1788093107.21,0,00,99.99,,,,0.0,0.0
1788093108.21,0,00,99.99,,,,0.0,0.0
1788093109.21,0,00,99.99,,,,0.0,0.0
1788093110.22,0,00,99.99,,,,0.0,0.0
1788093111.21,0,00,99.99,,,,0.0,0.0
1788093112.21,0,00,99.99,,,,0.0,0.0
1788093113.22,0,00,99.99,,,,0.0,0.0
1788093114.21,0,00,99.99,,,,0.0,0.0
1788093115.22,0,00,99.99,,,,0.0,0.0
1788093116.21,0,00,99.99,,,,0.0,0.0
1788093117.21,0,00,99.99,,,,0.0,0.0
1788093118.22,0,00,99.99,,,,0.0,0.0
1788093119.21,0,00,99.99,,,,0.0,0.0
1788093120.21,0,00,99.99,,,,0.0,0.0
1788093121.21,0,00,99.99,,,,0.0,0.0
1788093122.21,0,00,99.99,,,,0.0,0.0
1788093123.21,0,00,99.99,,,,0.0,0.0
1788093124.21,0,00,99.99,,,,0.0,0.0
1788093125.21,0,00,99.99,,,,0.0,0.0
1788093126.21,0,00,99.99,,,,0.0,0.0
1788093127.22,0,00,99.99,,,,0.0,0.0
1788093128.21,0,00,99.99,,,,0.0,0.0
1788093129.21,0,00,99.99,,,,0.0,0.0
