 (1787061814.650825)  can0  7DF   [8]  02 01 0B 00 00 00 00 00
 (1787061814.651457)  can0  7E8   [8]  03 41 0B 1E 00 00 00 00
 (1787061814.655152)  can0  430   [7]  99 86 00 00 2A 3F 60
 (1787061814.657259)  can0  200   [7]  02 0B 02 03 02 0B 00
 (1787061814.657471)  can0  201   [8]  0A DB 7D C8 27 10 00 64
 (1787061814.658313)  can0  210   [7]  FF FF 30 A0 90 00 89
 (1787061814.658538)  can0  4B0   [8]  27 10 27 10 27 10 27 10
 (1787061814.662293)  can0  230   [8]  F0 01 1A 00 61 00 00 00
 (1787061814.662431)  can0  231   [4]  01 00 FF FF
 (1787061814.667267)  can0  200   [7]  02 0B 02 03 02 0B 00
 (1787061814.667474)  can0  201   [8]  0A DB 7D C8 27 10 00 64
 (1787061814.672341)  can0  210   [7]  FF FF 30 A0 90 00 8A
 (1787061814.672545)  can0  4B0   [8]  27 10 27 10 27 10 27 10
 (1787061814.677265)  can0  200   [7]  02 0B 02 03 02 0B 00
 (1787061814.677473)  can0  201   [8]  0A DE 7D C8 27 10 00 64
 (1787061814.686380)  can0  210   [7]  FF FF 30 A0 90 00 8B
 (1787061814.686555)  can0  4B0   [8]  27 10 27 10 27 10 27 10
 (1787061814.687267)  can0  200   [7]  02 0B 02 03 02 0B 00
 (1787061814.687493)  can0  201   [8]  0A DE 7D C8 27 10 00 64
 (1787061814.687734)  can0  230   [8]  F0 01 1A 00 61 00 00 00
 (1787061814.687905)  can0  231   [4]  01 00 FF FF
 (1787061814.688138)  can0  420   [7]  83 FB 00 00 00 00 00
 (1787061814.697264)  can0  200   [7]  02 0B 02 03 02 0B 00
 (1787061814.697462)  can0  201   [8]  0A DE 7D 3C 27 10 00 64
 (1787061814.700349)  can0  210   [7]  FF FF 30 A0 90 00 8C
 (1787061814.700568)  can0  4B0   [8]  27 10 27 10 27 10 27 10
 (1787061814.700916)  can0  7DF   [8]  02 01 10 00 00 00 00 00
 (1787061814.701477)  can0  7E8   [8]  04 41 10 00 9D 00 00 00
 (1787061814.705174)  can0  430   [7]  99 86 00 00 2A 3F 60
 (1787061814.707264)  can0  200   [7]  02 0B 02 03 02 0B 00
 (1787061814.707465)  can0  201   [8]  0A DE 7D 3C 27 10 00 64
 (1787061814.712297)  can0  230   [8]  F0 01 1A 00 61 00 00 00
 (1787061814.712439)  can0  231   [4]  01 00 FF FF
 (1787061814.714358)  can0  210   [7]  FF FF 30 A0 90 00 8D
 (1787061814.714570)  can0  4B0   [8]  27 10 27 10 27 10 27 10
 (1787061814.717251)  can0  200   [7]  02 0B 02 03 02 0B 00
 (1787061814.717464)  can0  201   [8]  0A DE 7D 3C 27 10 00 64
 (1787061814.727270)  can0  200   [7]  02 0B 02 03 02 0B 00
 (1787061814.727468)  can0  201   [8]  0A DF 7D 50 27 10 00 64
 (1787061814.728341)  can0  210   [7]  FF FF 30 A0 90 00 8E
 (1787061814.728582)  can0  4B0   [8]  27 10 27 10 27 10 27 10
 (1787061814.737281)  can0  200   [7]  02 0B 02 03 02 0B 00
 (1787061814.737469)  can0  201   [8]  0A DF 7D 50 27 10 00 64
 (1787061814.737706)  can0  230   [8]  F0 01 1A 00 61 00 00 00
 (1787061814.737876)  can0  231   [4]  01 00 FF FF
 (1787061814.742387)  can0  210   [7]  FF FF 30 A0 90 00 8F
 (1787061814.742594)  can0  4B0   [8]  27 10 27 10 27 10 27 10
 (1787061814.747292)  can0  200   [7]  02 0B 02 03 02 0B 00
 (1787061814.747494)  can0  201   [8]  0A DF 7D 14 27 10 00 64
 (1787061814.751499)  can0  7DF   [8]  02 01 0B 00 00 00 00 00
 (1787061814.751880)  can0  7E8   [8]  03 41 0B 1E 00 00 00 00
 (1787061814.755160)  can0  430   [7]  99 87 00 00 2A 3F 60
 (1787061814.756377)  can0  210   [7]  FF FF 30 A0 90 00 90
 (1787061814.756599)  can0  4B0   [8]  27 10 27 10 27 10 27 10
 (1787061814.757252)  can0  200   [7]  02 0B 02 03 02 0B 00
 (1787061814.757489)  can0  201   [8]  0A DF 7D 14 27 10 00 64
 (1787061814.762303)  can0  230   [8]  F0 01 1A 00 61 00 00 00
 (1787061814.762435)  can0  231   [4]  01 00 FF FF
 (1787061814.767260)  can0  200   [7]  02 0B 02 03 02 0B 00
 (1787061814.767463)  can0  201   [8]  0A D8 7D 14 27 10 00 64
 (1787061814.770385)  can0  210   [7]  FF FF 30 A0 90 00 91
 (1787061814.770601)  can0  4B0   [8]  27 10 27 10 27 10 27 10
 (1787061814.777271)  can0  200   [7]  02 0B 02 03 02 0B 00
 (1787061814.777475)  can0  201   [8]  0A D8 7C 74 27 10 00 64
 (1787061814.784432)  can0  210   [7]  FF FF 30 A0 90 00 92
 (1787061814.784624)  can0  4B0   [8]  27 10 27 10 27 10 27 10
 (1787061814.787259)  can0  200   [7]  02 0B 02 03 02 0B 00
 (1787061814.787465)  can0  201   [8]  0A D8 7C 74 27 10 00 64
 (1787061814.787699)  can0  230   [8]  F0 01 1A 00 61 00 00 00
 (1787061814.787868)  can0  231   [4]  01 00 FF FF
 (1787061814.788099)  can0  420   [7]  83 FB 00 00 00 00 00
 (1787061814.797261)  can0  200   [7]  02 0B 02 03 02 0B 00
 (1787061814.797460)  can0  201   [8]  0A D8 7C 74 27 10 00 64
 (1787061814.798415)  can0  210   [7]  FF FF 30 A0 90 00 93
 (1787061814.798626)  can0  4B0   [8]  27 10 27 10 27 10 27 10
 (1787061814.800832)  can0  7DF   [8]  02 01 10 00 00 00 00 00
 (1787061814.801197)  can0  7DF   [8]  02 01 42 00 00 00 00 00
 (1787061814.801449)  can0  7E8   [8]  04 41 10 00 A1 00 00 00
 (1787061814.805167)  can0  430   [7]  96 88 00 00 2A 3F 60
 (1787061814.807260)  can0  200   [7]  02 0B 02 03 02 0B 00
 (1787061814.807461)  can0  201   [8]  0A DB 7C 74 27 10 00 64
 (1787061814.812281)  can0  230   [8]  F0 01 1A 00 61 00 00 00
 (1787061814.812472)  can0  210   [7]  FF FF 30 A0 90 00 94
 (1787061814.812642)  can0  231   [4]  01 00 FF FF
 (1787061814.812885)  can0  4B0   [8]  27 10 27 10 27 10 27 10
 (1787061814.817340)  can0  200   [7]  02 0B 02 03 02 0B 00
 (1787061814.817471)  can0  201   [8]  0A DB 7C 74 27 10 00 64
 (1787061814.826439)  can0  210   [7]  FF FF 30 A0 90 00 95
 (1787061814.826644)  can0  4B0   [8]  27 10 27 10 27 10 27 10
 (1787061814.827249)  can0  200   [7]  02 0B 02 03 02 0B 00
 (1787061814.827476)  can0  201   [8]  0A DB 7D 3C 27 10 00 64
 (1787061814.837262)  can0  200   [7]  02 0B 02 03 02 0B 00
 (1787061814.837459)  can0  201   [8]  0A DB 7D 3C 27 10 00 64
 (1787061814.837695)  can0  230   [8]  F0 01 1A 00 61 00 00 00
 (1787061814.837866)  can0  231   [4]  01 00 FF FF
 (1787061814.840448)  can0  210   [7]  FF FF 30 A0 90 00 96
 (1787061814.840651)  can0  4B0   [8]  27 10 27 10 27 10 27 10
 (1787061814.847276)  can0  200   [7]  02 0B 02 03 02 0B 00
 (1787061814.847471)  can0  201   [8]  0A DB 7D 78 27 10 00 64
 (1787061814.851522)  can0  7DF   [8]  02 01 0B 00 00 00 00 00
 (1787061814.851893)  can0  7E8   [8]  03 41 0B 1E 00 00 00 00
 (1787061814.854470)  can0  210   [7]  FF FF 30 A0 90 00 97
 (1787061814.854658)  can0  4B0   [8]  27 10 27 10 27 10 27 10
 (1787061814.855128)  can0  430   [7]  96 86 00 00 2A 3F 60
 (1787061814.857236)  can0  200   [7]  02 0B 02 03 02 0B 00
 (1787061814.857448)  can0  201   [8]  0A DE 7D 78 27 10 00 64
 (1787061814.862299)  can0  230   [8]  F0 01 1A 00 61 00 00 00
 (1787061814.862426)  can0  231   [4]  01 00 FF FF
 (1787061814.867238)  can0  200   [7]  02 0B 02 03 02 0B 00
 (1787061814.867470)  can0  201   [8]  0A DE 7D 78 27 10 00 64
 (1787061814.868430)  can0  210   [7]  FF FF 30 A0 90 00 98
 (1787061814.868659)  can0  4B0   [8]  27 10 27 10 27 10 27 10
 (1787061814.877267)  can0  200   [7]  02 0B 02 03 02 0B 00
 (1787061814.877461)  can0  201   [8]  0A DE 7D 3C 27 10 00 64
 (1787061814.882474)  can0  210   [7]  FF FF 30 A0 90 00 99
 (1787061814.882679)  can0  4B0   [8]  27 10 27 10 27 10 27 10
 (1787061814.887272)  can0  200   [7]  02 0B 02 03 02 0B 00
 (1787061814.887467)  can0  201   [8]  0A DE 7D 3C 27 10 00 64
 (1787061814.887708)  can0  230   [8]  F0 01 1A 00 61 00 00 00
 (1787061814.887872)  can0  231   [4]  01 00 FF FF
 (1787061814.888118)  can0  420   [7]  83 FB 00 00 00 00 00
 (1787061814.896504)  can0  210   [7]  FF FF 30 A0 90 00 9A
 (1787061814.896686)  can0  4B0   [8]  27 10 27 10 27 10 27 10
 (1787061814.897261)  can0  200   [7]  02 0B 02 03 02 0B 00
 (1787061814.897485)  can0  201   [8]  0A DA 7C B0 27 10 00 64
 (1787061814.901395)  can0  7DF   [8]  02 01 10 00 00 00 00 00
 (1787061814.901765)  can0  7E8   [8]  04 41 10 00 9D 00 00 00
 (1787061814.905148)  can0  430   [7]  96 86 00 00 2A 3F 60
 (1787061814.907231)  can0  200   [7]  02 0B 02 03 02 0B 00
 (1787061814.907451)  can0  201   [8]  0A DA 7C B0 27 10 00 64
 (1787061814.910481)  can0  210   [7]  FF FF 30 A0 90 00 9B
 (1787061814.910687)  can0  4B0   [8]  27 10 27 10 27 10 27 10
 (1787061814.912245)  can0  230   [8]  F0 01 1A 00 61 00 00 00
 (1787061814.912413)  can0  231   [4]  01 00 FF FF
 (1787061814.917309)  can0  200   [7]  02 0B 02 03 02 0B 00
 (1787061814.917448)  can0  201   [8]  0A DA 7C B0 27 10 00 64
 (1787061814.924496)  can0  210   [7]  FF FF 30 A0 90 00 9C
 (1787061814.924699)  can0  4B0   [8]  27 10 27 10 27 10 27 10
 (1787061814.927232)  can0  200   [7]  02 0B 02 03 02 0B 00
 (1787061814.927464)  can0  201   [8]  0A DA 7C B0 27 10 00 64
 (1787061814.937254)  can0  200   [7]  02 0B 02 03 02 0B 00
 (1787061814.937450)  can0  201   [8]  0A D8 7C B0 27 10 00 64
 (1787061814.937683)  can0  230   [8]  F0 01 1A 00 61 00 00 00
 (1787061814.937854)  can0  231   [4]  01 00 FF FF
 (1787061814.938471)  can0  210   [7]  FF FF 30 A0 90 00 9D
 (1787061814.938701)  can0  4B0   [8]  27 10 27 10 27 10 27 10
 (1787061814.947255)  can0  200   [7]  02 0B 02 03 02 0B 00
 (1787061814.947448)  can0  201   [8]  0A D8 7C D8 27 10 00 64
 (1787061814.952513)  can0  210   [7]  FF FF 30 A0 90 00 9E
 (1787061814.952720)  can0  4B0   [8]  27 10 27 10 27 10 27 10
 (1787061814.952965)  can0  7DF   [8]  02 01 0B 00 00 00 00 00
 (1787061814.953562)  can0  7E8   [8]  03 41 0B 1E 00 00 00 00
 (1787061814.955134)  can0  430   [7]  96 87 00 00 2A 3F 60
 (1787061814.957248)  can0  200   [7]  02 0B 02 03 02 0B 00
 (1787061814.957451)  can0  201   [8]  0A D8 7C D8 27 10 00 64
 (1787061814.962251)  can0  230   [8]  F0 01 1A 00 61 00 00 00
 (1787061814.962397)  can0  231   [4]  01 00 FF FF
 (1787061814.966497)  can0  210   [7]  FF FF 30 A0 90 00 9F
 (1787061814.966718)  can0  4B0   [8]  27 10 27 10 27 10 27 10
 (1787061814.967252)  can0  200   [7]  02 0B 02 03 02 0B 00
 (1787061814.967474)  can0  201   [8]  0A D8 7C D8 27 10 00 64
 (1787061814.977243)  can0  200   [7]  02 0B 02 03 02 0B 00
 (1787061814.977448)  can0  201   [8]  0A D8 7C D8 27 10 00 64
 (1787061814.980506)  can0  210   [7]  FF FF 30 A0 90 00 A0
 (1787061814.980729)  can0  4B0   [8]  27 10 27 10 27 10 27 10
 (1787061814.987288)  can0  200   [7]  02 0B 02 03 02 0B 00
 (1787061814.987452)  can0  201   [8]  0A DD 7C D8 27 10 00 64
 (1787061814.987694)  can0  230   [8]  F0 01 1A 00 61 00 00 00
 (1787061814.987871)  can0  231   [4]  01 00 FF FF
 (1787061814.988092)  can0  420   [7]  83 FB 00 00 00 00 00
 (1787061814.994532)  can0  210   [7]  FF FF 30 A0 90 00 A1
 (1787061814.994736)  can0  4B0   [8]  27 10 27 10 27 10 27 10
 (1787061814.997226)  can0  200   [7]  02 0B 02 03 02 0B 00
 (1787061814.997437)  can0  201   [8]  0A DD 7D 64 27 10 00 64
 (1787061815.001319)  can0  7DF   [8]  02 01 10 00 00 00 00 00
 (1787061815.001706)  can0  7E8   [8]  04 41 10 00 9A 00 00 00
 (1787061815.005148)  can0  430   [7]  96 86 00 00 2A 3F 60
 (1787061815.007226)  can0  200   [7]  02 0B 02 03 02 0B 00
 (1787061815.007439)  can0  201   [8]  0A DD 7D 64 27 10 00 64
 (1787061815.008527)  can0  210   [7]  FF FF 30 A0 90 00 A2
 (1787061815.008741)  can0  4B0   [8]  27 10 27 10 27 10 27 10
 (1787061815.012269)  can0  230   [8]  F0 01 1A 00 61 00 00 00
 (1787061815.012441)  can0  231   [4]  01 00 FF FF
 (1787061815.017255)  can0  200   [7]  02 0B 02 03 02 0B 00
 (1787061815.017452)  can0  201   [8]  0A DD 7D 64 27 10 00 64
 (1787061815.022553)  can0  210   [7]  FF FF 30 A0 90 00 A3
 (1787061815.022758)  can0  4B0   [8]  27 10 27 10 27 10 27 10
 (1787061815.027241)  can0  200   [7]  02 0B 02 03 02 0B 00
 (1787061815.027456)  can0  201   [8]  0A DE 7D 78 27 10 00 64
 (1787061815.036583)  can0  210   [7]  FF FF 30 A0 90 00 A4
 (1787061815.036771)  can0  4B0   [8]  27 10 27 10 27 10 27 10
 (1787061815.037242)  can0  200   [7]  02 0B 02 03 02 0B 00
 (1787061815.037464)  can0  201   [8]  0A DE 7D 78 27 10 00 64
 (1787061815.037698)  can0  230   [8]  F0 01 1A 00 61 00 00 00
 (1787061815.037868)  can0  231   [4]  01 00 FF FF
 (1787061815.047246)  can0  200   [7]  02 0B 02 03 02 0B 00
 (1787061815.047441)  can0  201   [8]  0A DE 7D 14 27 10 00 64
 (1787061815.050595)  can0  210   [7]  FF FF 30 A0 90 00 A5
 (1787061815.050782)  can0  4B0   [8]  27 10 27 10 27 10 27 10
 (1787061815.051181)  can0  7DF   [8]  02 01 0B 00 00 00 00 00
 (1787061815.051578)  can0  7E8   [8]  03 41 0B 1E 00 00 00 00
 (1787061815.055152)  can0  430   [7]  99 87 00 00 2A 3F 60
 (1787061815.057234)  can0  200   [7]  02 0B 02 03 02 0B 00
 (1787061815.057444)  can0  201   [8]  0A DE 7D 14 27 10 00 64
 (1787061815.062249)  can0  230   [8]  F0 01 1A 00 61 00 00 00
 (1787061815.062391)  can0  231   [4]  01 00 FF FF
 (1787061815.064558)  can0  210   [7]  FF FF 30 A0 90 00 A6
 (1787061815.064782)  can0  4B0   [8]  27 10 27 10 27 10 27 10
 (1787061815.067242)  can0  200   [7]  02 0B 02 03 02 0B 00
 (1787061815.067444)  can0  201   [8]  0A D8 7D 14 27 10 00 64
 (1787061815.077228)  can0  200   [7]  02 0B 02 03 02 0B 00
 (1787061815.077434)  can0  201   [8]  0A D8 7C 88 27 10 00 64
 (1787061815.078554)  can0  210   [7]  FF FF 30 A0 90 00 A7
 (1787061815.078786)  can0  4B0   [8]  27 10 27 10 27 10 27 10
 (1787061815.087250)  can0  200   [7]  02 0B 02 03 02 0B 00
 (1787061815.087440)  can0  201   [8]  0A D8 7C 88 27 10 00 64
 (1787061815.087680)  can0  230   [8]  F0 01 1A 00 61 00 00 00
 (1787061815.087852)  can0  231   [4]  01 00 FF FF
 (1787061815.088079)  can0  420   [7]  83 FB 00 00 00 00 00
 (1787061815.088319)  can0  620   [8]  0D 40 12 1E 10 00 01 20
 (1787061815.088562)  can0  630   [8]  84 01 9F 00 00 00 4F 4F
 (1787061815.092605)  can0  210   [7]  FF FF 30 A0 90 00 A8
 (1787061815.092799)  can0  4B0   [8]  27 10 27 10 27 10 27 10
 (1787061815.097278)  can0  200   [7]  02 0B 02 03 02 0B 00
 (1787061815.097452)  can0  201   [8]  0A D8 7C 88 27 10 00 64
 (1787061815.101692)  can0  7DF   [8]  02 01 10 00 00 00 00 00
 (1787061815.102034)  can0  7E8   [8]  04 41 10 00 9F 00 00 00
 (1787061815.105175)  can0  430   [7]  98 87 00 00 2A 3F 60
 (1787061815.106613)  can0  210   [7]  FF FF 30 A0 90 00 A9
 (1787061815.106804)  can0  4B0   [8]  27 10 27 10 27 10 27 10
 (1787061815.107257)  can0  200   [7]  02 0B 02 03 02 0B 00
 (1787061815.107462)  can0  201   [8]  0A D8 7C 88 27 10 00 64
 (1787061815.112276)  can0  230   [8]  F0 01 1A 00 61 00 00 00
 (1787061815.112403)  can0  231   [4]  01 00 FF FF
 (1787061815.117240)  can0  200   [7]  02 0B 02 03 02 0B 00
 (1787061815.117438)  can0  201   [8]  0A D8 7C 88 27 10 00 64
 (1787061815.120623)  can0  210   [7]  FF FF 30 A0 90 00 AA
 (1787061815.120814)  can0  4B0   [8]  27 10 27 10 27 10 27 10
 (1787061815.127242)  can0  200   [7]  02 0B 02 03 02 0B 00
 (1787061815.127440)  can0  201   [8]  0A D8 7D 00 27 10 00 64
 (1787061815.134648)  can0  210   [7]  FF FF 30 A0 90 00 AB
 (1787061815.134826)  can0  4B0   [8]  27 10 27 10 27 10 27 10
 (1787061815.137231)  can0  200   [7]  02 0B 02 03 02 0B 00
 (1787061815.137443)  can0  201   [8]  0A D8 7D 00 27 10 00 64
 (1787061815.137681)  can0  230   [8]  F0 01 1A 00 61 00 00 00
 (1787061815.137848)  can0  231   [4]  01 00 FF FF
 (1787061815.147503)  can0  200   [7]  02 0B 02 03 02 0B 00
 (1787061815.147643)  can0  201   [8]  0A D8 7D 00 27 10 00 64
 (1787061815.148621)  can0  210   [7]  FF FF 30 A0 90 00 AC
 (1787061815.148831)  can0  4B0   [8]  27 10 27 10 27 10 27 10
 (1787061815.150498)  can0  7DF   [8]  02 01 0B 00 00 00 00 00
 (1787061815.150886)  can0  7E8   [8]  03 41 0B 1E 00 00 00 00
 (1787061815.155151)  can0  430   [7]  98 87 00 00 2A 3F 60
 (1787061815.157221)  can0  200   [7]  02 0B 02 03 02 0B 00
 (1787061815.157431)  can0  201   [8]  0A DF 7D 00 27 10 00 64
 (1787061815.162253)  can0  230   [8]  F0 01 1A 00 61 00 00 00
 (1787061815.162392)  can0  231   [4]  01 00 FF FF
 (1787061815.162608)  can0  210   [7]  FF FF 30 A0 90 00 AD
 (1787061815.162842)  can0  4B0   [8]  27 10 27 10 27 10 27 10
 (1787061815.167214)  can0  200   [7]  02 0B 02 03 02 0B 00
 (1787061815.167452)  can0  201   [8]  0A DF 7D 00 27 10 00 64
 (1787061815.176748)  can0  210   [7]  FF FF 30 A0 90 00 AE
 (1787061815.176848)  can0  4B0   [8]  27 10 27 10 27 10 27 10
 (1787061815.177243)  can0  200   [7]  02 0B 02 03 02 0B 00
 (1787061815.177460)  can0  201   [8]  0A DF 7D 8C 27 10 00 64
 (1787061815.187222)  can0  200   [7]  02 0B 02 03 02 0B 00
 (1787061815.187428)  can0  201   [8]  0A DF 7D 8C 27 10 00 64
 (1787061815.187670)  can0  230   [8]  F0 01 1A 00 61 00 00 00
 (1787061815.187849)  can0  231   [4]  01 00 FF FF
 (1787061815.188072)  can0  420   [7]  83 FB 00 00 00 00 00
 (1787061815.190707)  can0  210   [7]  FF FF 30 A0 90 00 AF
 (1787061815.190860)  can0  4B0   [8]  27 10 27 10 27 10 27 10
 (1787061815.197217)  can0  200   [7]  02 0B 02 03 02 0B 00
 (1787061815.197425)  can0  201   [8]  0A DB 7D 3C 27 10 00 64
 (1787061815.200925)  can0  7DF   [8]  02 01 10 00 00 00 00 00
 (1787061815.201348)  can0  7E8   [8]  04 41 10 00 A4 00 00 00
 (1787061815.204663)  can0  210   [7]  FF FF 30 A0 90 00 B0
 (1787061815.204886)  can0  4B0   [8]  27 10 27 10 27 10 27 10
 (1787061815.205126)  can0  430   [7]  96 87 00 00 2A 3F 60
 (1787061815.207239)  can0  200   [7]  02 0B 02 03 02 0B 00
 (1787061815.207424)  can0  201   [8]  0A DB 7D 3C 27 10 00 64
 (1787061815.212250)  can0  230   [8]  F0 01 1A 00 61 00 00 00
 (1787061815.212390)  can0  231   [4]  01 00 FF FF
 (1787061815.217234)  can0  200   [7]  02 0B 02 03 02 0B 00
 (1787061815.217421)  can0  201   [8]  0A DB 7D 3C 27 10 00 64
 (1787061815.218690)  can0  210   [7]  FF FF 30 A0 90 00 B1
 (1787061815.218884)  can0  4B0   [8]  27 10 27 10 27 10 27 10
 (1787061815.227223)  can0  200   [7]  02 0B 02 03 02 0B 00
 (1787061815.227426)  can0  201   [8]  0A DB 7C B0 27 10 00 64
 (1787061815.232678)  can0  210   [7]  FF FF 30 A0 90 00 B2
 (1787061815.232919)  can0  4B0   [8]  27 10 27 10 27 10 27 10
 (1787061815.237222)  can0  200   [7]  02 0B 02 03 02 0B 00
 (1787061815.237423)  can0  201   [8]  0A DB 7C B0 27 10 00 64
 (1787061815.237659)  can0  230   [8]  F0 01 1A 00 61 00 00 00
 (1787061815.237828)  can0  231   [4]  01 00 FF FF
 (1787061815.246692)  can0  210   [7]  FF FF 30 A0 90 00 B3
 (1787061815.246892)  can0  4B0   [8]  27 10 27 10 27 10 27 10
 (1787061815.247215)  can0  200   [7]  02 0C 02 03 02 0C 00
 (1787061815.247447)  can0  201   [8]  0A D7 7C B0 27 10 00 64
 (1787061815.251039)  can0  7DF   [8]  02 01 0B 00 00 00 00 00
 (1787061815.251401)  can0  7E8   [8]  03 41 0B 1E 00 00 00 00
 (1787061815.255157)  can0  430   [7]  99 87 00 00 2A 3F 60
 (1787061815.257200)  can0  200   [7]  02 0C 02 03 02 0C 00
 (1787061815.257417)  can0  201   [8]  0A D7 7C B0 27 10 00 64
 (1787061815.260700)  can0  210   [7]  FF FF 30 A0 90 00 B4
 (1787061815.260915)  can0  4B0   [8]  27 10 27 10 27 10 27 10
 (1787061815.262209)  can0  230   [8]  F0 01 1A 00 61 00 00 00
 (1787061815.262377)  can0  231   [4]  01 00 FF FF
 (1787061815.267212)  can0  200   [7]  02 0C 02 03 02 0C 00
 (1787061815.267425)  can0  201   [8]  0A D7 7C B0 27 10 00 64
 (1787061815.274709)  can0  210   [7]  FF FF 30 A0 90 00 B5
 (1787061815.274911)  can0  4B0   [8]  27 10 27 10 27 10 27 10
 (1787061815.277208)  can0  200   [7]  02 0C 02 04 02 0C 00
 (1787061815.277419)  can0  201   [8]  0A D7 7C B0 27 10 00 64
 (1787061815.287262)  can0  200   [7]  02 0C 02 04 02 0C 00
 (1787061815.287422)  can0  201   [8]  0A DB 7C B0 27 10 00 64
 (1787061815.287667)  can0  230   [8]  F0 01 1A 00 61 00 00 00
 (1787061815.287836)  can0  231   [4]  01 00 FF FF
 (1787061815.288071)  can0  420   [7]  83 FB 00 00 00 00 00
 (1787061815.288701)  can0  210   [7]  FF FF 30 A0 90 00 B6
 (1787061815.288918)  can0  4B0   [8]  27 10 27 10 27 10 27 10
 (1787061815.297220)  can0  200   [7]  02 0C 02 03 02 0C 00
 (1787061815.297418)  can0  201   [8]  0A DB 7D 50 27 10 00 64
 (1787061815.301077)  can0  7DF   [8]  02 01 10 00 00 00 00 00
 (1787061815.301460)  can0  7E8   [8]  04 41 10 00 9F 00 00 00
 (1787061815.302700)  can0  210   [7]  FF FF 30 A0 90 00 B7
 (1787061815.302931)  can0  4B0   [8]  27 10 27 10 27 10 27 10
 (1787061815.305146)  can0  430   [7]  96 86 00 00 2A 3F 60
 (1787061815.307187)  can0  200   [7]  02 0C 02 03 02 0C 00
 (1787061815.307415)  can0  201   [8]  0A DB 7D 50 27 10 00 64
 (1787061815.312248)  can0  230   [8]  F0 01 1A 00 61 00 00 00
 (1787061815.312382)  can0  231   [4]  01 00 FF FF
 (1787061815.316742)  can0  210   [7]  FF FF 30 A0 90 00 B8
 (1787061815.316947)  can0  4B0   [8]  27 10 27 10 27 10 27 10
 (1787061815.317209)  can0  200   [7]  02 0C 02 03 02 0C 00
 (1787061815.317439)  can0  201   [8]  0A DB 7D 50 27 10 00 64
 (1787061815.327226)  can0  200   [7]  02 0C 02 03 02 0C 00
 (1787061815.327415)  can0  201   [8]  0A E0 7D B4 27 10 00 64
 (1787061815.330741)  can0  210   [7]  FF FF 30 A0 90 00 B9
 (1787061815.330945)  can0  4B0   [8]  27 10 27 10 27 10 27 10
 (1787061815.337219)  can0  200   [7]  02 0C 02 03 02 0C 00
 (1787061815.337426)  can0  201   [8]  0A E0 7D B4 27 10 00 64
 (1787061815.337658)  can0  230   [8]  F0 01 1A 00 61 00 00 00
 (1787061815.337830)  can0  231   [4]  01 00 FF FF
 (1787061815.344746)  can0  210   [7]  FF FF 30 A0 90 00 BA
 (1787061815.344942)  can0  4B0   [8]  27 10 27 10 27 10 27 10
 (1787061815.347204)  can0  200   [7]  02 0B 02 03 02 0B 00
 (1787061815.347409)  can0  201   [8]  0A E0 7D 64 27 10 00 64
 (1787061815.350389)  can0  7DF   [8]  02 01 0B 00 00 00 00 00
 (1787061815.350763)  can0  7E8   [8]  03 41 0B 1E 00 00 00 00
 (1787061815.355158)  can0  430   [7]  96 86 00 00 2A 3F 60
 (1787061815.357201)  can0  200   [7]  02 0B 02 03 02 0B 00
 (1787061815.357408)  can0  201   [8]  0A E0 7D 64 27 10 00 64
 (1787061815.358745)  can0  210   [7]  FF FF 30 A0 90 00 BB
 (1787061815.358954)  can0  4B0   [8]  27 10 27 10 27 10 27 10
 (1787061815.362203)  can0  230   [8]  F0 01 1A 00 61 00 00 00
 (1787061815.362366)  can0  231   [4]  01 00 FF FF
 (1787061815.367218)  can0  200   [7]  02 0B 02 03 02 0B 00
 (1787061815.367418)  can0  201   [8]  0A DE 7D 64 27 10 00 64
 (1787061815.372765)  can0  210   [7]  FF FF 30 A0 90 00 BC
 (1787061815.372967)  can0  4B0   [8]  27 10 27 10 27 10 27 10
 (1787061815.377283)  can0  200   [7]  02 0C 02 03 02 0C 00
 (1787061815.377492)  can0  201   [8]  0A DE 7C D8 27 10 00 64
 (1787061815.386770)  can0  210   [7]  FF FF 30 A0 90 00 BD
 (1787061815.386976)  can0  4B0   [8]  27 10 27 10 27 10 27 10
 (1787061815.387208)  can0  200   [7]  02 0C 02 03 02 0C 00
 (1787061815.387437)  can0  201   [8]  0A DE 7C D8 27 10 00 64
 (1787061815.387677)  can0  230   [8]  F0 01 1A 00 61 00 00 00
 (1787061815.387860)  can0  231   [4]  01 00 FF FF
 (1787061815.388079)  can0  420   [7]  83 FB 00 00 00 00 00
 (1787061815.397341)  can0  200   [7]  02 0C 02 03 02 0C 00
 (1787061815.397475)  can0  201   [8]  0A DE 7C D8 27 10 00 64
 (1787061815.400788)  can0  210   [7]  FF FF 30 A0 90 00 BE
 (1787061815.400995)  can0  4B0   [8]  27 10 27 10 27 10 27 10
 (1787061815.401856)  can0  7DF   [8]  02 01 10 00 00 00 00 00
 (1787061815.402317)  can0  7E8   [8]  04 41 10 00 9F 00 00 00
 (1787061815.405159)  can0  430   [7]  96 88 00 00 2A 3F 60
 (1787061815.407203)  can0  200   [7]  02 0C 02 03 02 0C 00
 (1787061815.407407)  can0  201   [8]  0A DE 7C D8 27 10 00 64
 (1787061815.412276)  can0  230   [8]  F0 01 1A 00 61 00 00 00
 (1787061815.412377)  can0  231   [4]  01 00 FF FF
 (1787061815.414789)  can0  210   [7]  FF FF 30 A0 90 00 BF
 (1787061815.414990)  can0  4B0   [8]  27 10 27 10 27 10 27 10
 (1787061815.417180)  can0  200   [7]  02 0C 02 03 02 0C 00
 (1787061815.417410)  can0  201   [8]  0A D8 7C D8 27 10 00 64
 (1787061815.427274)  can0  200   [7]  02 0C 02 04 02 0C 00
 (1787061815.427411)  can0  201   [8]  0A D8 7C 88 27 10 00 64
 (1787061815.428804)  can0  210   [7]  FF FF 30 A0 90 00 C0
 (1787061815.429019)  can0  4B0   [8]  27 10 27 10 27 10 27 10
 (1787061815.437210)  can0  200   [7]  02 0C 02 04 02 0C 00
 (1787061815.437408)  can0  201   [8]  0A D8 7C 88 27 10 00 64
 (1787061815.437642)  can0  230   [8]  F0 01 1A 00 61 00 00 00
 (1787061815.437813)  can0  231   [4]  01 00 FF FF
 (1787061815.442807)  can0  210   [7]  FF FF 30 A0 90 00 C1
 (1787061815.443013)  can0  4B0   [8]  27 10 27 10 27 10 27 10
 (1787061815.447217)  can0  200   [7]  02 0C 02 03 02 0C 00
 (1787061815.447409)  can0  201   [8]  0A D8 7C 88 27 10 00 64
 (1787061815.451428)  can0  7DF   [8]  02 01 0B 00 00 00 00 00
 (1787061815.451811)  can0  7E8   [8]  03 41 0B 1E 00 00 00 00
 (1787061815.455160)  can0  430   [7]  96 87 00 00 2A 3F 60
 (1787061815.456808)  can0  210   [7]  FF FF 30 A0 90 00 C2
 (1787061815.457012)  can0  4B0   [8]  27 10 27 10 27 10 27 10
 (1787061815.457235)  can0  200   [7]  02 0C 02 03 02 0C 00
 (1787061815.457470)  can0  201   [8]  0A D3 7C 88 27 10 00 64
 (1787061815.462197)  can0  230   [8]  F0 01 1A 00 61 00 00 00
 (1787061815.462353)  can0  231   [4]  01 00 FF FF
 (1787061815.467208)  can0  200   [7]  02 0C 02 03 02 0C 00
 (1787061815.467404)  can0  201   [8]  0A D3 7C 88 27 10 00 64
 (1787061815.470837)  can0  210   [7]  FF FF 30 A0 90 00 C3
 (1787061815.471018)  can0  4B0   [8]  27 10 27 10 27 10 27 10
 (1787061815.477195)  can0  200   [7]  02 0C 02 04 02 0C 00
 (1787061815.477395)  can0  201   [8]  0A D3 7C 9C 27 10 00 64
 (1787061815.484850)  can0  210   [7]  FF FF 30 A0 90 00 C4
 (1787061815.485047)  can0  4B0   [8]  27 10 27 10 27 10 27 10
 (1787061815.487203)  can0  200   [7]  02 0C 02 04 02 0C 00
 (1787061815.487412)  can0  201   [8]  0A D3 7C 9C 27 10 00 64
 (1787061815.487645)  can0  230   [8]  F0 01 1A 00 61 00 00 00
 (1787061815.487817)  can0  231   [4]  01 00 FF FF
 (1787061815.488050)  can0  420   [7]  83 FB 00 00 00 00 00
 (1787061815.497211)  can0  200   [7]  02 0C 02 04 02 0C 00
 (1787061815.497405)  can0  201   [8]  0A D8 7D 00 27 10 00 64
 (1787061815.498851)  can0  210   [7]  FF FF 30 A0 90 00 C5
 (1787061815.499043)  can0  4B0   [8]  27 10 27 10 27 10 27 10
 (1787061815.501007)  can0  7DF   [8]  02 01 10 00 00 00 00 00
 (1787061815.501403)  can0  7E8   [8]  04 41 10 00 A1 00 00 00
 (1787061815.505176)  can0  430   [7]  98 87 00 00 2A 3F 60
 (1787061815.507190)  can0  200   [7]  02 0C 02 04 02 0C 00
 (1787061815.507407)  can0  201   [8]  0A D8 7D 00 27 10 00 64
 (1787061815.512229)  can0  230   [8]  F0 01 1A 00 61 00 00 00
 (1787061815.512377)  can0  231   [4]  01 00 FF FF
 (1787061815.512843)  can0  210   [7]  FF FF 30 A0 90 00 C6
 (1787061815.513048)  can0  4B0   [8]  27 10 27 10 27 10 27 10
 (1787061815.517204)  can0  200   [7]  02 0C 02 04 02 0C 00
 (1787061815.517406)  can0  201   [8]  0A D8 7D 00 27 10 00 64
 (1787061815.526884)  can0  210   [7]  FF FF 30 A0 90 00 C7
 (1787061815.527061)  can0  4B0   [8]  27 10 27 10 27 10 27 10
 (1787061815.527291)  can0  200   [7]  02 0C 02 04 02 0C 00
 (1787061815.527525)  can0  201   [8]  0A D8 7D 64 27 10 00 64
 (1787061815.537193)  can0  200   [7]  02 0C 02 04 02 0C 00
 (1787061815.537396)  can0  201   [8]  0A D8 7D 64 27 10 00 64
 (1787061815.537637)  can0  230   [8]  F0 01 1A 00 61 00 00 00
 (1787061815.537813)  can0  231   [4]  01 00 FF FF
 (1787061815.540903)  can0  210   [7]  FF FF 30 A0 90 00 C8
 (1787061815.541071)  can0  4B0   [8]  27 10 27 10 27 10 27 10
 (1787061815.547205)  can0  200   [7]  02 0C 02 04 02 0C 00
 (1787061815.547400)  can0  201   [8]  0A D7 7C EC 27 10 00 64
 (1787061815.550390)  can0  7DF   [8]  02 01 0B 00 00 00 00 00
 (1787061815.550779)  can0  7E8   [8]  03 41 0B 1E 00 00 00 00
 (1787061815.554875)  can0  210   [7]  FF FF 30 A0 90 00 C9
 (1787061815.555079)  can0  4B0   [8]  27 10 27 10 27 10 27 10
 (1787061815.555299)  can0  430   [7]  96 86 00 00 2A 3F 60
 (1787061815.557184)  can0  200   [7]  02 0C 02 04 02 0C 00
 (1787061815.557394)  can0  201   [8]  0A D7 7C EC 27 10 00 64
 (1787061815.562197)  can0  230   [8]  F0 01 1A 00 61 00 00 00
 (1787061815.562348)  can0  231   [4]  01 00 FF FF
 (1787061815.567389)  can0  200   [7]  02 0C 02 04 02 0C 00
 (1787061815.567516)  can0  201   [8]  0A D7 7C EC 27 10 00 64
 (1787061815.568945)  can0  210   [7]  FF FF 30 A0 90 00 CA
 (1787061815.569123)  can0  4B0   [8]  27 10 27 10 27 10 27 10
 (1787061815.577190)  can0  200   [7]  02 0C 02 04 02 0C 00
 (1787061815.577395)  can0  201   [8]  0A D7 7C EC 27 10 00 64
 (1787061815.582893)  can0  210   [7]  FF FF 30 A0 90 00 CB
 (1787061815.583087)  can0  4B0   [8]  27 10 27 10 27 10 27 10
 (1787061815.587201)  can0  200   [7]  02 0C 02 04 02 0C 00
 (1787061815.587392)  can0  201   [8]  0A D3 7C EC 27 10 00 64
 (1787061815.587634)  can0  230   [8]  F0 01 1A 00 61 00 00 00
 (1787061815.587805)  can0  231   [4]  01 00 FF FF
 (1787061815.588037)  can0  420   [7]  83 FB 00 00 00 00 00
 (1787061815.596936)  can0  210   [7]  FF FF 30 A0 90 00 CC
 (1787061815.597098)  can0  4B0   [8]  27 10 27 10 27 10 27 10
 (1787061815.597328)  can0  200   [7]  02 0C 02 04 02 0C 00
 (1787061815.597559)  can0  201   [8]  0A D3 7C B0 27 10 00 64
 (1787061815.600936)  can0  7DF   [8]  02 01 10 00 00 00 00 00
 (1787061815.601598)  can0  7E8   [8]  04 41 10 00 A1 00 00 00
 (1787061815.605154)  can0  430   [7]  96 86 00 00 2A 3F 60
 (1787061815.607183)  can0  200   [7]  02 0C 02 04 02 0C 00
 (1787061815.607390)  can0  201   [8]  0A D3 7C B0 27 10 00 64
 (1787061815.610900)  can0  210   [7]  FF FF 30 A0 90 00 CD
 (1787061815.611107)  can0  4B0   [8]  27 10 27 10 27 10 27 10
 (1787061815.612216)  can0  230   [8]  F0 01 1A 00 61 00 00 00
 (1787061815.612365)  can0  231   [4]  01 00 FF FF
 (1787061815.617175)  can0  200   [7]  02 0C 02 04 02 0C 00
 (1787061815.617398)  can0  201   [8]  0A D3 7C B0 27 10 00 64
 (1787061815.624958)  can0  210   [7]  FF FF 30 A0 90 00 CE
 (1787061815.625118)  can0  4B0   [8]  27 10 27 10 27 10 27 10
 (1787061815.627219)  can0  200   [7]  02 0C 02 04 02 0C 00
 (1787061815.627427)  can0  201   [8]  0A D5 7C B0 27 10 00 64
 (1787061815.637298)  can0  200   [7]  02 0C 02 04 02 0C 00
 (1787061815.637447)  can0  201   [8]  0A D5 7C B0 27 10 00 64
 (1787061815.637643)  can0  230   [8]  F0 01 1A 00 61 00 00 00
 (1787061815.637802)  can0  231   [4]  01 00 FF FF
 (1787061815.638939)  can0  210   [7]  FF FF 30 A0 90 00 CF
 (1787061815.639134)  can0  4B0   [8]  27 10 27 10 27 10 27 10
 (1787061815.647184)  can0  200   [7]  02 0C 02 04 02 0C 00
 (1787061815.647395)  can0  201   [8]  0A D5 7D 28 27 10 00 64
 (1787061815.651365)  can0  7DF   [8]  02 01 0B 00 00 00 00 00
 (1787061815.651745)  can0  7E8   [8]  03 41 0B 1E 00 00 00 00
 (1787061815.652967)  can0  210   [7]  FF FF 30 A0 90 00 D0
 (1787061815.653138)  can0  4B0   [8]  27 10 27 10 27 10 27 10
 (1787061815.655148)  can0  430   [7]  96 86 00 00 2A 3F 60
 (1787061815.657157)  can0  200   [7]  02 0C 02 04 02 0C 00
 (1787061815.657385)  can0  201   [8]  0A D5 7D 28 27 10 00 64
 (1787061815.662217)  can0  230   [8]  F0 01 1A 00 61 00 00 00
 (1787061815.662344)  can0  231   [4]  01 00 FF FF
 (1787061815.666955)  can0  210   [7]  FF FF 30 A0 90 00 D1
 (1787061815.667146)  can0  4B0   [8]  27 10 27 10 27 10 27 10
 (1787061815.667374)  can0  200   [7]  02 0C 02 04 02 0C 00
 (1787061815.667609)  can0  201   [8]  0A D5 7D 28 27 10 00 64
 (1787061815.677190)  can0  200   [7]  02 0C 02 03 02 0C 00
 (1787061815.677411)  can0  201   [8]  0A DA 7D 8C 27 10 00 64
 (1787061815.680948)  can0  210   [7]  FF FF 30 A0 90 00 D2
 (1787061815.681148)  can0  4B0   [8]  27 10 27 10 27 10 27 10
 (1787061815.687177)  can0  200   [7]  02 0C 02 03 02 0C 00
 (1787061815.687387)  can0  201   [8]  0A DA 7D 8C 27 10 00 64
 (1787061815.687623)  can0  230   [8]  F0 01 1A 00 61 00 00 00
 (1787061815.687796)  can0  231   [4]  01 00 FF FF
 (1787061815.688023)  can0  420   [7]  83 FB 00 00 00 00 00
 (1787061815.694962)  can0  210   [7]  FF FF 30 A0 90 00 D3
 (1787061815.695161)  can0  4B0   [8]  27 10 27 10 27 10 27 10
 (1787061815.697181)  can0  200   [7]  02 0C 02 03 02 0C 00
 (1787061815.697384)  can0  201   [8]  0A DA 7D 64 27 10 00 64
 (1787061815.700838)  can0  7DF   [8]  02 01 10 00 00 00 00 00
 (1787061815.701299)  can0  7E8   [8]  04 41 10 00 A1 00 00 00
 (1787061815.705167)  can0  430   [7]  96 87 00 00 2A 3F 60
 (1787061815.707192)  can0  200   [7]  02 0C 02 03 02 0C 00
 (1787061815.707391)  can0  201   [8]  0A DA 7D 64 27 10 00 64
 (1787061815.708943)  can0  210   [7]  FF FF 30 A0 90 00 D4
 (1787061815.709158)  can0  4B0   [8]  27 10 27 10 27 10 27 10
 (1787061815.712185)  can0  230   [8]  F0 01 1A 00 61 00 00 00
 (1787061815.712347)  can0  231   [4]  01 00 FF FF
 (1787061815.717192)  can0  200   [7]  02 0C 02 03 02 0C 00
 (1787061815.717389)  can0  201   [8]  0A DA 7D 64 27 10 00 64
 (1787061815.722963)  can0  210   [7]  FF FF 30 A0 90 00 D5
 (1787061815.723171)  can0  4B0   [8]  27 10 27 10 27 10 27 10
 (1787061815.727175)  can0  200   [7]  02 0C 02 03 02 0C 00
 (1787061815.727382)  can0  201   [8]  0A DA 7D 00 27 10 00 64
 (1787061815.736980)  can0  210   [7]  FF FF 30 A0 90 00 D6
 (1787061815.737179)  can0  200   [7]  02 0C 02 03 02 0C 00
 (1787061815.737410)  can0  201   [8]  0A DA 7D 00 27 10 00 64
 (1787061815.737661)  can0  230   [8]  F0 01 1A 00 61 00 00 00
 (1787061815.737825)  can0  231   [4]  01 00 FF FF
 (1787061815.738058)  can0  4B0   [8]  27 10 27 10 27 10 27 10
 (1787061815.747282)  can0  200   [7]  02 0C 02 03 02 0C 00
 (1787061815.747372)  can0  201   [8]  0A DA 7D 00 27 10 00 64
 (1787061815.750993)  can0  210   [7]  FF FF 30 A0 90 00 D7
 (1787061815.751199)  can0  4B0   [8]  27 10 27 10 27 10 27 10
 (1787061815.751447)  can0  7DF   [8]  02 01 0B 00 00 00 00 00
 (1787061815.751871)  can0  7E8   [8]  03 41 0B 1E 00 00 00 00
 (1787061815.755164)  can0  430   [7]  98 87 00 00 2A 3F 60
 (1787061815.757166)  can0  200   [7]  02 0C 02 03 02 0C 00
 (1787061815.757376)  can0  201   [8]  0A D6 7D 00 27 10 00 64
 (1787061815.762213)  can0  230   [8]  F0 01 1A 00 61 00 00 00
 (1787061815.762328)  can0  231   [4]  01 00 FF FF
 (1787061815.764984)  can0  210   [7]  FF FF 30 A0 90 00 D8
 (1787061815.765200)  can0  4B0   [8]  27 10 27 10 27 10 27 10
 (1787061815.767151)  can0  200   [7]  02 0C 02 03 02 0C 00
 (1787061815.767379)  can0  201   [8]  0A D6 7D 00 27 10 00 64
 (1787061815.777166)  can0  200   [7]  02 0C 02 04 02 0C 00
 (1787061815.777382)  can0  201   [8]  0A D6 7C B0 27 10 00 64
 (1787061815.778991)  can0  210   [7]  FF FF 30 A0 90 00 D9
 (1787061815.779208)  can0  4B0   [8]  27 10 27 10 27 10 27 10
 (1787061815.787268)  can0  200   [7]  02 0C 02 04 02 0C 00
 (1787061815.787421)  can0  201   [8]  0A D6 7C B0 27 10 00 64
 (1787061815.787632)  can0  230   [8]  F0 01 1A 00 61 00 00 00
 (1787061815.787790)  can0  231   [4]  01 00 FF FF
 (1787061815.788024)  can0  420   [7]  83 FB 00 00 00 00 00
 (1787061815.793005)  can0  210   [7]  FF FF 30 A0 90 00 DA
 (1787061815.793217)  can0  4B0   [8]  27 10 27 10 27 10 27 10
 (1787061815.797175)  can0  200   [7]  02 0C 02 04 02 0C 00
 (1787061815.797370)  can0  201   [8]  0A D6 7C B0 27 10 00 64
 (1787061815.800985)  can0  7DF   [8]  02 01 10 00 00 00 00 00
 (1787061815.801317)  can0  7DF   [8]  02 01 42 00 00 00 00 00
 (1787061815.801575)  can0  7E8   [8]  04 41 10 00 A4 00 00 00
 (1787061815.805169)  can0  430   [7]  98 87 00 00 2A 3F 60
 (1787061815.807008)  can0  210   [7]  FF FF 30 A0 90 00 DB
 (1787061815.807215)  can0  200   [7]  02 0C 02 04 02 0C 00
 (1787061815.807448)  can0  201   [8]  0A D7 7C B0 27 10 00 64
 (1787061815.807680)  can0  4B0   [8]  27 10 27 10 27 10 27 10
 (1787061815.812219)  can0  230   [8]  F0 01 1A 00 61 00 00 00
 (1787061815.812338)  can0  231   [4]  01 00 FF FF
 (1787061815.817203)  can0  200   [7]  02 0C 02 04 02 0C 00
 (1787061815.817385)  can0  201   [8]  0A D7 7C B0 27 10 00 64
 (1787061815.821018)  can0  210   [7]  FF FF 30 A0 90 00 DC
 (1787061815.821225)  can0  4B0   [8]  27 10 27 10 27 10 27 10
 (1787061815.827177)  can0  200   [7]  02 0C 02 04 02 0C 00
 (1787061815.827373)  can0  201   [8]  0A D7 7D 14 27 10 00 64
 (1787061815.835071)  can0  210   [7]  FF FF 30 A0 90 00 DD
 (1787061815.835246)  can0  4B0   [8]  27 10 27 10 27 10 27 10
 (1787061815.837167)  can0  200   [7]  02 0C 02 04 02 0C 00
 (1787061815.837374)  can0  201   [8]  0A D7 7D 14 27 10 00 64
 (1787061815.837607)  can0  230   [8]  F0 01 1A 00 61 00 00 00
 (1787061815.837774)  can0  231   [4]  01 00 FF FF
 (1787061815.847187)  can0  200   [7]  02 0C 02 03 02 0C 00
 (1787061815.847373)  can0  201   [8]  0A DD 7D 8C 27 10 00 64
 (1787061815.849032)  can0  210   [7]  FF FF 30 A0 90 00 DE
 (1787061815.849249)  can0  4B0   [8]  27 10 27 10 27 10 27 10
 (1787061815.851136)  can0  7DF   [8]  02 01 0B 00 00 00 00 00
 (1787061815.851517)  can0  7E8   [8]  03 41 0B 1E 00 00 00 00
 (1787061815.855172)  can0  430   [7]  99 86 00 00 2A 3F 60
 (1787061815.857163)  can0  200   [7]  02 0C 02 03 02 0C 00
 (1787061815.857370)  can0  201   [8]  0A DD 7D 8C 27 10 00 64
 (1787061815.862179)  can0  230   [8]  F0 01 1A 00 61 00 00 00
 (1787061815.862326)  can0  231   [4]  01 00 FF FF
 (1787061815.863022)  can0  210   [7]  FF FF 30 A0 90 00 DF
 (1787061815.863254)  can0  4B0   [8]  27 10 27 10 27 10 27 10
 (1787061815.867232)  can0  200   [7]  02 0C 02 03 02 0C 00
 (1787061815.867369)  can0  201   [8]  0A DD 7D 8C 27 10 00 64
 (1787061815.877062)  can0  210   [7]  FF FF 30 A0 90 00 E0
 (1787061815.877261)  can0  200   [7]  02 0C 02 03 02 0C 00
 (1787061815.877489)  can0  201   [8]  0A DD 7D 78 27 10 00 64
 (1787061815.877723)  can0  4B0   [8]  27 10 27 10 27 10 27 10
 (1787061815.887174)  can0  200   [7]  02 0C 02 03 02 0C 00
 (1787061815.887375)  can0  201   [8]  0A DD 7D 78 27 10 00 64
 (1787061815.887618)  can0  230   [8]  F0 01 1A 00 61 00 00 00
 (1787061815.887780)  can0  231   [4]  01 00 FF FF
 (1787061815.888010)  can0  420   [7]  83 FB 00 00 00 00 00
 (1787061815.891067)  can0  210   [7]  FF FF 30 A0 90 00 E1
 (1787061815.891267)  can0  4B0   [8]  27 10 27 10 27 10 27 10
 (1787061815.897182)  can0  200   [7]  02 0C 02 03 02 0C 00
 (1787061815.897378)  can0  201   [8]  0A DD 7D 00 27 10 00 64
 (1787061815.901162)  can0  7DF   [8]  02 01 10 00 00 00 00 00
 (1787061815.901558)  can0  7E8   [8]  04 41 10 00 9D 00 00 00
 (1787061815.905085)  can0  210   [7]  FF FF 30 A0 90 00 E2
 (1787061815.905266)  can0  430   [7]  96 87 00 00 2A 3F 60
 (1787061815.905507)  can0  4B0   [8]  27 10 27 10 27 10 27 10
 (1787061815.907162)  can0  200   [7]  02 0C 02 03 02 0C 00
 (1787061815.907365)  can0  201   [8]  0A DD 7D 00 27 10 00 64
 (1787061815.912229)  can0  230   [8]  F0 01 1A 00 61 00 00 00
 (1787061815.912333)  can0  231   [4]  01 00 FF FF
 (1787061815.917156)  can0  200   [7]  02 0C 02 03 02 0C 00
 (1787061815.917361)  can0  201   [8]  0A DD 7D 00 27 10 00 64
 (1787061815.919062)  can0  210   [7]  FF FF 30 A0 90 00 E3
 (1787061815.919282)  can0  4B0   [8]  27 10 27 10 27 10 27 10
 (1787061815.927159)  can0  200   [7]  02 0B 02 03 02 0B 00
 (1787061815.927370)  can0  201   [8]  0A DD 7D 00 27 10 00 64
 (1787061815.933099)  can0  210   [7]  FF FF 30 A0 90 00 E4
 (1787061815.933305)  can0  4B0   [8]  27 10 27 10 27 10 27 10
 (1787061815.937168)  can0  200   [7]  02 0B 02 03 02 0B 00
 (1787061815.937371)  can0  201   [8]  0A D8 7D 00 27 10 00 64
 (1787061815.937617)  can0  230   [8]  F0 01 1A 00 61 00 00 00
 (1787061815.937775)  can0  231   [4]  01 00 FF FF
 (1787061815.947108)  can0  210   [7]  FF FF 30 A0 90 00 E5
 (1787061815.947296)  can0  200   [7]  02 0C 02 03 02 0C 00
 (1787061815.947525)  can0  201   [8]  0A D8 7C 9C 27 10 00 64
 (1787061815.947760)  can0  4B0   [8]  27 10 27 10 27 10 27 10
 (1787061815.950571)  can0  7DF   [8]  02 01 0B 00 00 00 00 00
 (1787061815.950941)  can0  7E8   [8]  03 41 0B 1E 00 00 00 00
 (1787061815.955165)  can0  430   [7]  99 86 00 00 2A 3F 60
 (1787061815.957129)  can0  200   [7]  02 0C 02 03 02 0C 00
 (1787061815.957352)  can0  201   [8]  0A D8 7C 9C 27 10 00 64
 (1787061815.961085)  can0  210   [7]  FF FF 30 A0 90 00 E6
 (1787061815.961307)  can0  4B0   [8]  27 10 27 10 27 10 27 10
 (1787061815.962189)  can0  230   [8]  F0 01 1A 00 61 00 00 00
 (1787061815.962340)  can0  231   [4]  01 00 FF FF
 (1787061815.967185)  can0  200   [7]  02 0C 02 03 02 0C 00
 (1787061815.967364)  can0  201   [8]  0A D8 7C 9C 27 10 00 64
 (1787061815.975123)  can0  210   [7]  FF FF 30 A0 90 00 E7
 (1787061815.975319)  can0  4B0   [8]  27 10 27 10 27 10 27 10
 (1787061815.977145)  can0  200   [7]  02 0C 02 03 02 0C 00
 (1787061815.977387)  can0  201   [8]  0A DC 7C EC 27 10 00 64
 (1787061815.987154)  can0  200   [7]  02 0C 02 03 02 0C 00
 (1787061815.987354)  can0  201   [8]  0A DC 7C EC 27 10 00 64
 (1787061815.987593)  can0  230   [8]  F0 01 1A 00 61 00 00 00
 (1787061815.987764)  can0  231   [4]  01 00 FF FF
 (1787061815.987991)  can0  420   [7]  83 FB 00 00 00 00 00
 (1787061815.989101)  can0  210   [7]  FF FF 30 A0 90 00 E8
 (1787061815.989338)  can0  4B0   [8]  27 10 27 10 27 10 27 10
 (1787061815.997157)  can0  200   [7]  02 0C 02 03 02 0C 00
 (1787061815.997375)  can0  201   [8]  0A DC 7D 50 27 10 00 64
 (1787061816.000948)  can0  7DF   [8]  02 01 10 00 00 00 00 00
 (1787061816.001330)  can0  7E8   [8]  04 41 10 00 A1 00 00 00
 (1787061816.003144)  can0  210   [7]  FF FF 30 A0 90 00 E9
 (1787061816.003341)  can0  4B0   [8]  27 10 27 10 27 10 27 10
 (1787061816.005155)  can0  430   [7]  96 87 00 00 2A 3F 60
 (1787061816.007176)  can0  200   [7]  02 0C 02 03 02 0C 00
 (1787061816.007365)  can0  201   [8]  0A DC 7D 50 27 10 00 64
 (1787061816.012179)  can0  230   [8]  F0 01 1A 00 61 00 00 00
 (1787061816.012323)  can0  231   [4]  01 00 FF FF
 (1787061816.017218)  can0  200   [7]  02 0C 02 03 02 0C 00
 (1787061816.017374)  can0  201   [8]  0A E0 7D 50 27 10 00 64
 (1787061816.017579)  can0  210   [7]  FF FF 30 A0 90 00 EA
 (1787061816.017821)  can0  4B0   [8]  27 10 27 10 27 10 27 10
 (1787061816.027157)  can0  200   [7]  02 0C 02 03 02 0C 00
 (1787061816.027360)  can0  201   [8]  0A E0 7D 50 27 10 00 64
 (1787061816.031162)  can0  210   [7]  FF FF 30 A0 90 00 EB
 (1787061816.031363)  can0  4B0   [8]  27 10 27 10 27 10 27 10
 (1787061816.037145)  can0  200   [7]  02 0C 02 03 02 0C 00
 (1787061816.037363)  can0  201   [8]  0A E0 7D 50 27 10 00 64
 (1787061816.037598)  can0  230   [8]  F0 01 1A 00 61 00 00 00
 (1787061816.037765)  can0  231   [4]  01 00 FF FF
 (1787061816.045173)  can0  210   [7]  FF FF 30 A0 90 00 EC
 (1787061816.045365)  can0  4B0   [8]  27 10 27 10 27 10 27 10
 (1787061816.047140)  can0  200   [7]  02 0C 02 03 02 0C 00
 (1787061816.047356)  can0  201   [8]  0A E0 7D 50 27 10 00 64
 (1787061816.050408)  can0  7DF   [8]  02 01 0B 00 00 00 00 00
 (1787061816.050790)  can0  7E8   [8]  03 41 0B 1E 00 00 00 00
 (1787061816.055171)  can0  430   [7]  96 87 00 00 2A 3F 60
 (1787061816.057143)  can0  200   [7]  02 0C 02 03 02 0C 00
 (1787061816.057361)  can0  201   [8]  0A E0 7D 50 27 10 00 64
 (1787061816.059164)  can0  210   [7]  FF FF 30 A0 90 00 ED
 (1787061816.059366)  can0  4B0   [8]  27 10 27 10 27 10 27 10
 (1787061816.062167)  can0  230   [8]  F0 01 1A 00 61 00 00 00
 (1787061816.062309)  can0  231   [4]  01 00 FF FF
 (1787061816.067153)  can0  200   [7]  02 0C 02 03 02 0C 00
 (1787061816.067363)  can0  201   [8]  0A D7 7D 50 27 10 00 64
 (1787061816.073253)  can0  210   [7]  FF FF 30 A0 90 00 EE
 (1787061816.073388)  can0  4B0   [8]  27 10 27 10 27 10 27 10
 (1787061816.077159)  can0  200   [7]  02 0C 02 04 02 0C 00
 (1787061816.077356)  can0  201   [8]  0A D7 7C 4C 27 10 00 64
 (1787061816.087154)  can0  200   [7]  02 0C 02 04 02 0C 00
 (1787061816.087366)  can0  201   [8]  0A D7 7C 4C 27 10 00 64
 (1787061816.087575)  can0  210   [7]  FF FF 30 A0 90 00 EF
 (1787061816.087814)  can0  230   [8]  F0 01 1A 00 61 00 00 00
 (1787061816.087985)  can0  231   [4]  01 00 FF FF
 (1787061816.088214)  can0  420   [7]  83 FB 00 00 00 00 00
 (1787061816.088464)  can0  4B0   [8]  27 10 27 10 27 10 27 10
 (1787061816.088698)  can0  620   [8]  0D 40 12 1E 10 00 01 20
 (1787061816.088937)  can0  630   [8]  84 01 9F 00 00 00 4F 4F
 (1787061816.097154)  can0  200   [7]  02 0C 02 04 02 0C 00
 (1787061816.097353)  can0  201   [8]  0A D7 7C 4C 27 10 00 64
 (1787061816.101181)  can0  210   [7]  FF FF 30 A0 90 00 F0
 (1787061816.101399)  can0  4B0   [8]  27 10 27 10 27 10 27 10
 (1787061816.101639)  can0  7DF   [8]  02 01 10 00 00 00 00 00
 (1787061816.102028)  can0  7E8   [8]  04 41 10 00 A1 00 00 00
 (1787061816.105166)  can0  430   [7]  98 87 00 00 2A 3F 60
 (1787061816.107139)  can0  200   [7]  02 0C 02 04 02 0C 00
 (1787061816.107349)  can0  201   [8]  0A D0 7C 4C 27 10 00 64
 (1787061816.112252)  can0  230   [8]  F0 01 1A 00 61 00 00 00
 (1787061816.112403)  can0  231   [4]  01 00 FF FF
 (1787061816.115206)  can0  210   [7]  FF FF 30 A0 90 00 F1
 (1787061816.115413)  can0  4B0   [8]  27 10 27 10 27 10 27 10
 (1787061816.117143)  can0  200   [7]  02 0C 02 04 02 0C 00
 (1787061816.117350)  can0  201   [8]  0A D0 7C 4C 27 10 00 64
 (1787061816.127157)  can0  200   [7]  02 0C 02 04 02 0C 00
 (1787061816.127356)  can0  201   [8]  0A D0 7C 74 27 10 00 64
 (1787061816.129261)  can0  210   [7]  FF FF 30 A0 90 00 F2
 (1787061816.129409)  can0  4B0   [8]  27 10 27 10 27 10 27 10
 (1787061816.137163)  can0  200   [7]  02 0C 02 04 02 0C 00
 (1787061816.137355)  can0  201   [8]  0A D0 7C 74 27 10 00 64
 (1787061816.137608)  can0  230   [8]  F0 01 1A 00 61 00 00 00
 (1787061816.137766)  can0  231   [4]  01 00 FF FF
 (1787061816.143227)  can0  210   [7]  FF FF 30 A0 90 00 F3
 (1787061816.143422)  can0  4B0   [8]  27 10 27 10 27 10 27 10
 (1787061816.147173)  can0  200   [7]  02 0C 02 04 02 0C 00
 (1787061816.147357)  can0  201   [8]  0A D7 7D 00 27 10 00 64
 (1787061816.152992)  can0  7DF   [8]  02 01 0B 00 00 00 00 00
 (1787061816.153368)  can0  7E8   [8]  03 41 0B 1E 00 00 00 00
 (1787061816.155166)  can0  430   [7]  99 86 00 00 2A 3F 60
 (1787061816.157139)  can0  200   [7]  02 0C 02 04 02 0C 00
 (1787061816.157346)  can0  201   [8]  0A D7 7D 00 27 10 00 64
 (1787061816.157573)  can0  210   [7]  FF FF 30 A0 90 00 F4
 (1787061816.157809)  can0  4B0   [8]  27 10 27 10 27 10 27 10
 (1787061816.162182)  can0  230   [8]  F0 01 1A 00 61 00 00 00
 (1787061816.162300)  can0  231   [4]  01 00 FF FF
 (1787061816.167147)  can0  200   [7]  02 0C 02 04 02 0C 00
 (1787061816.167349)  can0  201   [8]  0A D7 7D 00 27 10 00 64
 (1787061816.171270)  can0  210   [7]  FF FF 30 A0 90 00 F5
 (1787061816.171450)  can0  4B0   [8]  27 10 27 10 27 10 27 10
 (1787061816.177216)  can0  200   [7]  02 0C 02 04 02 0C 00
 (1787061816.177435)  can0  201   [8]  0A D7 7D 8C 27 10 00 64
 (1787061816.185240)  can0  210   [7]  FF FF 30 A0 90 00 F6
 (1787061816.185449)  can0  4B0   [8]  27 10 27 10 27 10 27 10
 (1787061816.187164)  can0  200   [7]  02 0C 02 04 02 0C 00
 (1787061816.187351)  can0  201   [8]  0A D7 7D 8C 27 10 00 64
 (1787061816.187586)  can0  230   [8]  F0 01 1A 00 61 00 00 00
 (1787061816.187753)  can0  231   [4]  01 00 FF FF
 (1787061816.187994)  can0  420   [7]  83 FB 00 00 00 00 00
 (1787061816.197147)  can0  200   [7]  02 0C 02 03 02 0C 00
 (1787061816.197343)  can0  201   [8]  0A DD 7D 78 27 10 00 64
 (1787061816.199244)  can0  210   [7]  FF FF 30 A0 90 00 F7
 (1787061816.199457)  can0  4B0   [8]  27 10 27 10 27 10 27 10
 (1787061816.200955)  can0  7DF   [8]  02 01 10 00 00 00 00 00
 (1787061816.201350)  can0  7E8   [8]  04 41 10 00 9D 00 00 00
 (1787061816.205161)  can0  430   [7]  96 87 00 00 2A 3F 60
 (1787061816.207125)  can0  200   [7]  02 0C 02 03 02 0C 00
 (1787061816.207342)  can0  201   [8]  0A DD 7D 78 27 10 00 64
 (1787061816.212164)  can0  230   [8]  F0 01 1A 00 61 00 00 00
 (1787061816.212306)  can0  231   [4]  01 00 FF FF
 (1787061816.213262)  can0  210   [7]  FF FF 30 A0 90 00 F8
 (1787061816.213478)  can0  4B0   [8]  27 10 27 10 27 10 27 10
 (1787061816.217143)  can0  200   [7]  02 0C 02 03 02 0C 00
 (1787061816.217337)  can0  201   [8]  0A DD 7D 78 27 10 00 64
 (1787061816.227157)  can0  200   [7]  02 0C 02 03 02 0C 00
 (1787061816.227341)  can0  201   [8]  0A DD 7D 78 27 10 00 64
 (1787061816.227566)  can0  210   [7]  FF FF 30 A0 90 00 F9
 (1787061816.227798)  can0  4B0   [8]  27 10 27 10 27 10 27 10
 (1787061816.237156)  can0  200   [7]  02 0C 02 03 02 0C 00
 (1787061816.237338)  can0  201   [8]  0A DF 7D 78 27 10 00 64
 (1787061816.237578)  can0  230   [8]  F0 01 1A 00 61 00 00 00
 (1787061816.237749)  can0  231   [4]  01 00 FF FF
 (1787061816.241280)  can0  210   [7]  FF FF 30 A0 90 00 FA
 (1787061816.241504)  can0  4B0   [8]  27 10 27 10 27 10 27 10
 (1787061816.247133)  can0  200   [7]  02 0B 02 03 02 0B 00
 (1787061816.247345)  can0  201   [8]  0A DF 7D 28 27 10 00 64
 (1787061816.250764)  can0  7DF   [8]  02 01 0B 00 00 00 00 00
 (1787061816.251273)  can0  7E8   [8]  03 41 0B 1E 00 00 00 00
 (1787061816.255172)  can0  430   [7]  96 86 00 00 2A 3F 60
 (1787061816.255364)  can0  210   [7]  FF FF 30 A0 90 00 FB
 (1787061816.255590)  can0  4B0   [8]  27 10 27 10 27 10 27 10
 (1787061816.257109)  can0  200   [7]  02 0B 02 03 02 0B 00
 (1787061816.257342)  can0  201   [8]  0A DF 7D 28 27 10 00 64
 (1787061816.262149)  can0  230   [8]  F0 01 1A 00 61 00 00 00
 (1787061816.262291)  can0  231   [4]  01 00 FF FF
 (1787061816.267137)  can0  200   [7]  02 0B 02 03 02 0B 00
 (1787061816.267340)  can0  201   [8]  0A DF 7D 28 27 10 00 64
 (1787061816.269314)  can0  210   [7]  FF FF 30 A0 90 00 FC
 (1787061816.269502)  can0  4B0   [8]  27 10 27 10 27 10 27 10
 (1787061816.277125)  can0  200   [7]  02 0C 02 03 02 0C 00
 (1787061816.277337)  can0  201   [8]  0A DB 7D 28 27 10 00 64
 (1787061816.283341)  can0  210   [7]  FF FF 30 A0 90 00 FD
 (1787061816.283524)  can0  4B0   [8]  27 10 27 10 27 10 27 10
 (1787061816.287162)  can0  200   [7]  02 0C 02 03 02 0C 00
 (1787061816.287344)  can0  201   [8]  0A DB 7D 28 27 10 00 64
 (1787061816.287583)  can0  230   [8]  F0 01 1A 00 61 00 00 00
 (1787061816.287756)  can0  231   [4]  01 00 FF FF
 (1787061816.287985)  can0  420   [7]  83 FB 00 00 00 00 00
 (1787061816.297132)  can0  200   [7]  02 0C 02 04 02 0C 00
 (1787061816.297335)  can0  201   [8]  0A DB 7C B0 27 10 00 64
 (1787061816.297571)  can0  210   [7]  FF FF 30 A0 90 00 FE
 (1787061816.297802)  can0  4B0   [8]  27 10 27 10 27 10 27 10
 (1787061816.301662)  can0  7DF   [8]  02 01 10 00 00 00 00 00
 (1787061816.302036)  can0  7E8   [8]  04 41 10 00 A1 00 00 00
 (1787061816.305162)  can0  430   [7]  99 87 00 00 2A 3F 60
 (1787061816.307145)  can0  200   [7]  02 0C 02 04 02 0C 00
 (1787061816.307337)  can0  201   [8]  0A DB 7C B0 27 10 00 64
 (1787061816.311329)  can0  210   [7]  FF FF 30 A0 90 00 FF
 (1787061816.311524)  can0  4B0   [8]  27 10 27 10 27 10 27 10
 (1787061816.312153)  can0  230   [8]  F0 01 1A 00 61 00 00 00
 (1787061816.312318)  can0  231   [4]  01 00 FF FF
 (1787061816.317119)  can0  200   [7]  02 0C 02 04 02 0C 00
 (1787061816.317327)  can0  201   [8]  0A DB 7C B0 27 10 00 64
 (1787061816.325394)  can0  210   [7]  FF FF 30 A0 90 00 00
 (1787061816.325552)  can0  4B0   [8]  27 10 27 10 27 10 27 10
 (1787061816.327145)  can0  200   [7]  02 0C 02 04 02 0C 00
 (1787061816.327338)  can0  201   [8]  0A D9 7C 88 27 10 00 64
 (1787061816.337118)  can0  200   [7]  02 0C 02 04 02 0C 00
 (1787061816.337324)  can0  201   [8]  0A D9 7C 88 27 10 00 64
 (1787061816.337564)  can0  230   [8]  F0 01 1A 00 61 00 00 00
 (1787061816.337735)  can0  231   [4]  01 00 FF FF
 (1787061816.339336)  can0  210   [7]  FF FF 30 A0 90 00 01
 (1787061816.339540)  can0  4B0   [8]  27 10 27 10 27 10 27 10
 (1787061816.347135)  can0  200   [7]  02 0C 02 04 02 0C 00
 (1787061816.347330)  can0  201   [8]  0A D9 7C D8 27 10 00 64
 (1787061816.350910)  can0  7DF   [8]  02 01 0B 00 00 00 00 00
 (1787061816.351306)  can0  7E8   [8]  03 41 0B 1E 00 00 00 00
 (1787061816.353330)  can0  210   [7]  FF FF 30 A0 90 00 02
 (1787061816.353544)  can0  4B0   [8]  27 10 27 10 27 10 27 10
 (1787061816.355151)  can0  430   [7]  96 87 00 00 2A 3F 60
 (1787061816.357113)  can0  200   [7]  02 0C 02 04 02 0C 00
 (1787061816.357321)  can0  201   [8]  0A D9 7C D8 27 10 00 64
 (1787061816.362132)  can0  230   [8]  F0 01 1A 00 61 00 00 00
 (1787061816.362277)  can0  231   [4]  01 00 FF FF
 (1787061816.367172)  can0  200   [7]  02 0C 02 04 02 0C 00
 (1787061816.367339)  can0  201   [8]  0A DF 7C D8 27 10 00 64
 (1787061816.367597)  can0  210   [7]  FF FF 30 A0 90 00 03
 (1787061816.367801)  can0  4B0   [8]  27 10 27 10 27 10 27 10
 (1787061816.377117)  can0  200   [7]  02 0C 02 03 02 0C 00
 (1787061816.377324)  can0  201   [8]  0A DF 7D 78 27 10 00 64
 (1787061816.381359)  can0  210   [7]  FF FF 30 A0 90 00 04
 (1787061816.381565)  can0  4B0   [8]  27 10 27 10 27 10 27 10
 (1787061816.387137)  can0  200   [7]  02 0C 02 03 02 0C 00
 (1787061816.387333)  can0  201   [8]  0A DF 7D 78 27 10 00 64
 (1787061816.387582)  can0  230   [8]  F0 01 1A 00 61 00 00 00
 (1787061816.387746)  can0  231   [4]  01 00 FF FF
 (1787061816.387977)  can0  420   [7]  83 FB 00 00 00 00 00
 (1787061816.395394)  can0  210   [7]  FF FF 30 A0 90 00 05
 (1787061816.395579)  can0  4B0   [8]  27 10 27 10 27 10 27 10
 (1787061816.397115)  can0  200   [7]  02 0B 02 03 02 0B 00
 (1787061816.397327)  can0  201   [8]  0A DF 7D 78 27 10 00 64
 (1787061816.401009)  can0  7DF   [8]  02 01 10 00 00 00 00 00
 (1787061816.401424)  can0  7E8   [8]  04 41 10 00 A1 00 00 00
 (1787061816.405171)  can0  430   [7]  96 87 00 00 2A 3F 60
 (1787061816.407106)  can0  200   [7]  02 0B 02 03 02 0B 00
 (1787061816.407321)  can0  201   [8]  0A E3 7D 78 27 10 00 64
 (1787061816.409366)  can0  210   [7]  FF FF 30 A0 90 00 06
 (1787061816.409578)  can0  4B0   [8]  27 10 27 10 27 10 27 10
 (1787061816.412135)  can0  230   [8]  F0 01 1A 00 61 00 00 00
 (1787061816.412284)  can0  231   [4]  01 00 FF FF
 (1787061816.417116)  can0  200   [7]  02 0B 02 03 02 0B 00
 (1787061816.417320)  can0  201   [8]  0A E3 7D 78 27 10 00 64
 (1787061816.423431)  can0  210   [7]  FF FF 30 A0 90 00 07
 (1787061816.423588)  can0  4B0   [8]  27 10 27 10 27 10 27 10
 (1787061816.427133)  can0  200   [7]  02 0B 02 03 02 0B 00
 (1787061816.427328)  can0  201   [8]  0A E3 7D 50 27 10 00 64
 (1787061816.437110)  can0  200   [7]  02 0B 02 03 02 0B 00
 (1787061816.437321)  can0  201   [8]  0A E3 7D 50 27 10 00 64
 (1787061816.437544)  can0  210   [7]  FF FF 30 A0 90 00 08
 (1787061816.437796)  can0  230   [8]  F0 01 1A 00 61 00 00 00
 (1787061816.437956)  can0  231   [4]  01 00 FF FF
 (1787061816.438189)  can0  4B0   [8]  27 10 27 10 27 10 27 10
 (1787061816.447125)  can0  200   [7]  02 0B 02 03 02 0B 00
 (1787061816.447317)  can0  201   [8]  0A E2 7D 3C 27 10 00 64
 (1787061816.451417)  can0  210   [7]  FF FF 30 A0 90 00 09
 (1787061816.451612)  can0  4B0   [8]  27 10 27 10 27 10 27 10
 (1787061816.451846)  can0  7DF   [8]  02 01 0B 00 00 00 00 00
 (1787061816.452451)  can0  7E8   [8]  03 41 0B 1E 00 00 00 00
 (1787061816.455193)  can0  430   [7]  96 87 00 00 2A 3F 60
 (1787061816.457187)  can0  200   [7]  02 0B 02 03 02 0B 00
 (1787061816.457401)  can0  201   [8]  0A E2 7D 3C 27 10 00 64
 (1787061816.462111)  can0  230   [8]  F0 01 1A 00 61 00 00 00
 (1787061816.462267)  can0  231   [4]  01 00 FF FF
 (1787061816.465426)  can0  210   [7]  FF FF 30 A0 90 00 0A
 (1787061816.465620)  can0  4B0   [8]  27 10 27 10 27 10 27 10
 (1787061816.467271)  can0  200   [7]  02 0B 02 03 02 0B 00
 (1787061816.467448)  can0  201   [8]  0A E2 7D 3C 27 10 00 64
 (1787061816.477112)  can0  200   [7]  02 0C 02 03 02 0C 00
 (1787061816.477315)  can0  201   [8]  0A E2 7C EC 27 10 00 64
 (1787061816.479440)  can0  210   [7]  FF FF 30 A0 90 00 0B
 (1787061816.479638)  can0  4B0   [8]  27 10 27 10 27 10 27 10
 (1787061816.487135)  can0  200   [7]  02 0C 02 03 02 0C 00
 (1787061816.487324)  can0  201   [8]  0A E2 7C EC 27 10 00 64
 (1787061816.487565)  can0  230   [8]  F0 01 1A 00 61 00 00 00
 (1787061816.487733)  can0  231   [4]  01 00 FF FF
 (1787061816.487968)  can0  420   [7]  83 FB 00 00 00 00 00
 (1787061816.493457)  can0  210   [7]  FF FF 30 A0 90 00 0C
 (1787061816.493647)  can0  4B0   [8]  27 10 27 10 27 10 27 10
 (1787061816.497112)  can0  200   [7]  02 0C 02 03 02 0C 00
 (1787061816.497315)  can0  201   [8]  0A E1 7C EC 27 10 00 64
 (1787061816.501011)  can0  7DF   [8]  02 01 10 00 00 00 00 00
 (1787061816.501408)  can0  7E8   [8]  04 41 10 00 A1 00 00 00
 (1787061816.505169)  can0  430   [7]  98 86 00 00 2A 3F 60
 (1787061816.507105)  can0  200   [7]  02 0C 02 03 02 0C 00
 (1787061816.507310)  can0  201   [8]  0A E1 7C EC 27 10 00 64
 (1787061816.507534)  can0  210   [7]  FF FF 30 A0 90 00 0D
 (1787061816.507767)  can0  4B0   [8]  27 10 27 10 27 10 27 10
 (1787061816.512151)  can0  230   [8]  F0 01 1A 00 61 00 00 00
 (1787061816.512277)  can0  231   [4]  01 00 FF FF
 (1787061816.517101)  can0  200   [7]  02 0C 02 03 02 0C 00
 (1787061816.517313)  can0  201   [8]  0A E1 7C EC 27 10 00 64
 (1787061816.521452)  can0  210   [7]  FF FF 30 A0 90 00 0E
 (1787061816.521654)  can0  4B0   [8]  27 10 27 10 27 10 27 10
 (1787061816.527112)  can0  200   [7]  02 0B 02 03 02 0B 00
 (1787061816.527312)  can0  201   [8]  0A E1 7C EC 27 10 00 64
 (1787061816.535471)  can0  210   [7]  FF FF 30 A0 90 00 0F
 (1787061816.535666)  can0  4B0   [8]  27 10 27 10 27 10 27 10
 (1787061816.537197)  can0  200   [7]  02 0B 02 03 02 0B 00
 (1787061816.537297)  can0  201   [8]  0A EA 7C EC 27 10 00 64
 (1787061816.537565)  can0  230   [8]  F0 01 1A 00 61 00 00 00
 (1787061816.537725)  can0  231   [4]  01 00 FF FF
 (1787061816.547114)  can0  200   [7]  02 0B 02 03 02 0B 00
 (1787061816.547309)  can0  201   [8]  0A EA 7D B4 27 10 00 64
 (1787061816.549451)  can0  210   [7]  FF FF 30 A0 90 00 10
 (1787061816.549669)  can0  4B0   [8]  27 10 27 10 27 10 27 10
 (1787061816.550704)  can0  7DF   [8]  02 01 0B 00 00 00 00 00
 (1787061816.551238)  can0  7E8   [8]  03 41 0B 1E 00 00 00 00
 (1787061816.555169)  can0  430   [7]  96 87 00 00 2A 3F 60
 (1787061816.557074)  can0  200   [7]  02 0B 02 03 02 0B 00
 (1787061816.557302)  can0  201   [8]  0A EA 7D B4 27 10 00 64
 (1787061816.562111)  can0  230   [8]  F0 01 1A 00 61 00 00 00
 (1787061816.562262)  can0  231   [4]  01 00 FF FF
 (1787061816.563471)  can0  210   [7]  FF FF 30 A0 90 00 11
 (1787061816.563672)  can0  4B0   [8]  27 10 27 10 27 10 27 10
 (1787061816.567264)  can0  200   [7]  02 0B 02 03 02 0B 00
 (1787061816.567349)  can0  201   [8]  0A EA 7D B4 27 10 00 64
 (1787061816.577103)  can0  200   [7]  02 0B 02 03 02 0B 00
 (1787061816.577302)  can0  201   [8]  0A F0 7D B4 27 10 00 64
 (1787061816.577522)  can0  210   [7]  FF FF 30 A0 90 00 12
 (1787061816.577767)  can0  4B0   [8]  27 10 27 10 27 10 27 10
 (1787061816.587120)  can0  200   [7]  02 0B 02 03 02 0B 00
 (1787061816.587309)  can0  201   [8]  0A F0 7D B4 27 10 00 64
 (1787061816.587555)  can0  230   [8]  F0 01 1A 00 61 00 00 00
 (1787061816.587721)  can0  231   [4]  01 00 FF FF
 (1787061816.587948)  can0  420   [7]  83 FB 00 00 00 00 00
 (1787061816.591512)  can0  210   [7]  FF FF 30 A0 90 00 13
 (1787061816.591706)  can0  4B0   [8]  27 10 27 10 27 10 27 10
 (1787061816.597094)  can0  200   [7]  02 0B 02 03 02 0B 00
 (1787061816.597305)  can0  201   [8]  0A F0 7D 78 27 10 00 64
 (1787061816.600965)  can0  7DF   [8]  02 01 10 00 00 00 00 00
 (1787061816.601346)  can0  7E8   [8]  04 41 10 00 A1 00 00 00
 (1787061816.605169)  can0  430   [7]  99 86 00 00 2A 3F 60
 (1787061816.605465)  can0  210   [7]  FF FF 30 A0 90 00 14
 (1787061816.605696)  can0  4B0   [8]  27 10 27 10 27 10 27 10
 (1787061816.607098)  can0  200   [7]  02 0B 02 03 02 0B 00
 (1787061816.607309)  can0  201   [8]  0A F0 7D 78 27 10 00 64
 (1787061816.612126)  can0  230   [8]  F0 01 1A 00 61 00 00 00
 (1787061816.612265)  can0  231   [4]  01 00 FF FF
 (1787061816.617090)  can0  200   [7]  02 0B 02 03 02 0B 00
 (1787061816.617301)  can0  201   [8]  0A F0 7D 78 27 10 00 64
 (1787061816.619546)  can0  210   [7]  FF FF 30 A0 90 00 15
 (1787061816.619702)  can0  4B0   [8]  27 10 27 10 27 10 27 10
 (1787061816.627097)  can0  200   [7]  02 0B 02 03 02 0B 00
 (1787061816.627301)  can0  201   [8]  0A F2 7D A0 27 10 00 64
 (1787061816.633517)  can0  210   [7]  FF FF 30 A0 90 00 16
 (1787061816.633728)  can0  4B0   [8]  27 10 27 10 27 10 27 10
 (1787061816.637107)  can0  200   [7]  02 0B 02 03 02 0B 00
 (1787061816.637298)  can0  201   [8]  0A F2 7D A0 27 10 00 64
 (1787061816.637549)  can0  230   [8]  F0 01 1A 00 61 00 00 00
 (1787061816.637711)  can0  231   [4]  01 00 FF FF
 (1787061816.647107)  can0  200   [7]  02 0B 02 02 02 0B 00
 (1787061816.647304)  can0  201   [8]  0A F2 7D 28 27 10 00 64
 (1787061816.647527)  can0  210   [7]  FF FF 30 A0 90 00 17
 (1787061816.647765)  can0  4B0   [8]  27 10 27 10 27 10 27 10
 (1787061816.650611)  can0  7DF   [8]  02 01 0B 00 00 00 00 00
 (1787061816.650975)  can0  7E8   [8]  03 41 0B 1E 00 00 00 00
 (1787061816.655183)  can0  430   [7]  99 87 00 00 2A 3F 60
 (1787061816.657093)  can0  200   [7]  02 0B 02 02 02 0B 00
 (1787061816.657304)  can0  201   [8]  0A F2 7D 28 27 10 00 64
 (1787061816.661526)  can0  210   [7]  FF FF 30 A0 90 00 18
 (1787061816.661729)  can0  4B0   [8]  27 10 27 10 27 10 27 10
 (1787061816.662118)  can0  230   [8]  F0 01 1A 00 61 00 00 00
 (1787061816.662288)  can0  231   [4]  01 00 FF FF
 (1787061816.667096)  can0  200   [7]  02 0B 02 02 02 0B 00
 (1787061816.667303)  can0  201   [8]  0A F2 7D 28 27 10 00 64
 (1787061816.675581)  can0  210   [7]  FF FF 30 A0 90 00 19
 (1787061816.675755)  can0  4B0   [8]  27 10 27 10 27 10 27 10
 (1787061816.677164)  can0  200   [7]  02 0B 02 02 02 0B 00
 (1787061816.677318)  can0  201   [8]  0A F2 7D 00 27 10 00 64
 (1787061816.687092)  can0  200   [7]  02 0B 02 02 02 0B 00
 (1787061816.687296)  can0  201   [8]  0A F2 7D 00 27 10 00 64
 (1787061816.687533)  can0  230   [8]  F0 01 1A 00 61 00 00 00
 (1787061816.687705)  can0  231   [4]  01 00 FF FF
 (1787061816.687934)  can0  420   [7]  83 FB 00 00 00 00 00
 (1787061816.689541)  can0  210   [7]  FF FF 30 A0 90 00 1A
 (1787061816.689752)  can0  4B0   [8]  27 10 27 10 27 10 27 10
 (1787061816.697094)  can0  200   [7]  02 0B 02 02 02 0B 00
 (1787061816.697295)  can0  201   [8]  0A F2 7D 00 27 10 00 64
 (1787061816.700525)  can0  7DF   [8]  02 01 10 00 00 00 00 00
 (1787061816.700931)  can0  7E8   [8]  04 41 10 00 9F 00 00 00
 (1787061816.703560)  can0  210   [7]  FF FF 30 A0 90 00 1B
 (1787061816.703775)  can0  4B0   [8]  27 10 27 10 27 10 27 10
 (1787061816.705153)  can0  430   [7]  96 88 00 00 2A 3F 60
 (1787061816.707083)  can0  200   [7]  02 0B 02 02 02 0B 00
 (1787061816.707295)  can0  201   [8]  0A F5 7D 00 27 10 00 64
 (1787061816.712128)  can0  230   [8]  F0 01 1A 00 61 00 00 00
 (1787061816.712263)  can0  231   [4]  01 00 FF FF
 (1787061816.717127)  can0  200   [7]  02 0B 02 02 02 0B 00
 (1787061816.717297)  can0  201   [8]  0A F5 7D 00 27 10 00 64
 (1787061816.717537)  can0  210   [7]  FF FF 30 A0 90 00 1C
 (1787061816.717768)  can0  4B0   [8]  27 10 27 10 27 10 27 10
 (1787061816.727101)  can0  200   [7]  02 0B 02 02 02 0B 00
 (1787061816.727300)  can0  201   [8]  0A F5 7D 3C 27 10 00 64
 (1787061816.731575)  can0  210   [7]  FF FF 30 A0 90 00 1D
 (1787061816.731778)  can0  4B0   [8]  27 10 27 10 27 10 27 10
 (1787061816.737087)  can0  200   [7]  02 0B 02 02 02 0B 00
 (1787061816.737289)  can0  201   [8]  0A F5 7D 3C 27 10 00 64
 (1787061816.737529)  can0  230   [8]  F0 01 1A 00 61 00 00 00
 (1787061816.737698)  can0  231   [4]  01 00 FF FF
 (1787061816.745592)  can0  210   [7]  FF FF 30 A0 90 00 1E
 (1787061816.745788)  can0  4B0   [8]  27 10 27 10 27 10 27 10
 (1787061816.747113)  can0  200   [7]  02 0B 02 02 02 0B 00
 (1787061816.747300)  can0  201   [8]  0A F5 7C EC 27 10 00 64
 (1787061816.751473)  can0  7DF   [8]  02 01 0B 00 00 00 00 00
 (1787061816.751855)  can0  7E8   [8]  03 41 0B 1E 00 00 00 00
 (1787061816.755175)  can0  430   [7]  96 87 00 00 2A 3F 60
 (1787061816.757072)  can0  200   [7]  02 0B 02 02 02 0B 00
 (1787061816.757288)  can0  201   [8]  0A F1 7C EC 27 10 00 64
 (1787061816.759589)  can0  210   [7]  FF FF 30 A0 90 00 1F
 (1787061816.759793)  can0  4B0   [8]  27 10 27 10 27 10 27 10
 (1787061816.762094)  can0  230   [8]  F0 01 1A 00 61 00 00 00
 (1787061816.762242)  can0  231   [4]  01 00 FF FF
 (1787061816.767084)  can0  200   [7]  02 0B 02 02 02 0B 00
 (1787061816.767283)  can0  201   [8]  0A F1 7C EC 27 10 00 64
 (1787061816.773670)  can0  210   [7]  FF FF 30 A0 90 00 20
 (1787061816.773806)  can0  4B0   [8]  27 10 27 10 27 10 27 10
 (1787061816.777088)  can0  200   [7]  02 0B 02 02 02 0B 00
 (1787061816.777299)  can0  201   [8]  0A F1 7C B0 27 10 00 64
 (1787061816.787093)  can0  200   [7]  02 0B 02 02 02 0B 00
 (1787061816.787294)  can0  201   [8]  0A F1 7C B0 27 10 00 64
 (1787061816.787535)  can0  230   [8]  F0 01 1A 00 61 00 00 00
 (1787061816.787753)  can0  210   [7]  FF FF 30 A0 90 00 21
 (1787061816.787927)  can0  231   [4]  01 00 FF FF
 (1787061816.788154)  can0  420   [7]  83 FB 00 00 00 00 00
 (1787061816.788387)  can0  4B0   [8]  27 10 27 10 27 10 27 10
 (1787061816.797090)  can0  200   [7]  02 0B 02 02 02 0B 00
 (1787061816.797290)  can0  201   [8]  0A EF 7C D8 27 10 00 64
 (1787061816.801403)  can0  7DF   [8]  02 01 10 00 00 00 00 00
 (1787061816.801616)  can0  210   [7]  FF FF 30 A0 90 00 22
 (1787061816.801846)  can0  4B0   [8]  27 10 27 10 27 10 27 10
 (1787061816.802079)  can0  7DF   [8]  02 01 42 00 00 00 00 00
 (1787061816.802335)  can0  7E8   [8]  04 41 10 00 9F 00 00 00
 (1787061816.805170)  can0  430   [7]  96 86 00 00 2A 3F 60
 (1787061816.807083)  can0  200   [7]  02 0B 02 02 02 0B 00
 (1787061816.807286)  can0  201   [8]  0A EF 7C D8 27 10 00 64
 (1787061816.812104)  can0  230   [8]  F0 01 1A 00 61 00 00 00
 (1787061816.812247)  can0  231   [4]  01 00 FF FF
 (1787061816.815631)  can0  210   [7]  FF FF 30 A0 90 00 23
 (1787061816.815820)  can0  4B0   [8]  27 10 27 10 27 10 27 10
 (1787061816.817148)  can0  200   [7]  02 0B 02 02 02 0B 00
 (1787061816.817307)  can0  201   [8]  0A EF 7C D8 27 10 00 64
 (1787061816.827096)  can0  200   [7]  02 0B 02 02 02 0B 00
 (1787061816.827292)  can0  201   [8]  0A EF 7C D8 27 10 00 64
 (1787061816.829611)  can0  210   [7]  FF FF 30 A0 90 00 24
 (1787061816.829833)  can0  4B0   [8]  27 10 27 10 27 10 27 10
 (1787061816.837080)  can0  200   [7]  02 0B 02 02 02 0B 00
 (1787061816.837281)  can0  201   [8]  0A F4 7C D8 27 10 00 64
 (1787061816.837527)  can0  230   [8]  F0 01 1A 00 61 00 00 00
 (1787061816.837692)  can0  231   [4]  01 00 FF FF
 (1787061816.843644)  can0  210   [7]  FF FF 30 A0 90 00 25
 (1787061816.843836)  can0  4B0   [8]  27 10 27 10 27 10 27 10
 (1787061816.847092)  can0  200   [7]  02 0B 02 02 02 0B 00
 (1787061816.847300)  can0  201   [8]  0A F4 7D 64 27 10 00 64
 (1787061816.850636)  can0  7DF   [8]  02 01 0B 00 00 00 00 00
 (1787061816.851044)  can0  7E8   [8]  03 41 0B 1E 00 00 00 00
 (1787061816.855171)  can0  430   [7]  99 86 00 00 2A 3F 60
 (1787061816.857066)  can0  200   [7]  02 0B 02 02 02 0B 00
 (1787061816.857273)  can0  201   [8]  0A F4 7D 64 27 10 00 64
 (1787061816.857609)  can0  210   [7]  FF FF 30 A0 90 00 26
 (1787061816.857842)  can0  4B0   [8]  27 10 27 10 27 10 27 10
 (1787061816.862114)  can0  230   [8]  F0 01 1A 00 61 00 00 00
 (1787061816.862247)  can0  231   [4]  01 00 FF FF
 (1787061816.867071)  can0  200   [7]  02 0B 02 02 02 0B 00
 (1787061816.867277)  can0  201   [8]  0A F4 7D 64 27 10 00 64
 (1787061816.871726)  can0  210   [7]  FF FF 30 A0 90 00 27
 (1787061816.871883)  can0  4B0   [8]  27 10 27 10 27 10 27 10
 (1787061816.877080)  can0  200   [7]  02 0A 02 02 02 0A 00
 (1787061816.877287)  can0  201   [8]  0A FA 7D 64 27 10 00 64
 (1787061816.885700)  can0  210   [7]  FF FF 30 A0 90 00 28
 (1787061816.885871)  can0  4B0   [8]  27 10 27 10 27 10 27 10
 (1787061816.887120)  can0  200   [7]  02 0A 02 02 02 0A 00
 (1787061816.887314)  can0  201   [8]  0A FA 7D 64 27 10 00 64
 (1787061816.887545)  can0  230   [8]  F0 01 1A 00 61 00 00 00
 (1787061816.887712)  can0  231   [4]  01 00 FF FF
 (1787061816.887948)  can0  420   [7]  83 FB 00 00 00 00 00
 (1787061816.897088)  can0  200   [7]  02 0A 02 02 02 0A 00
 (1787061816.897280)  can0  201   [8]  0A FA 7D 78 27 10 00 64
 (1787061816.899682)  can0  210   [7]  FF FF 30 A0 90 00 29
 (1787061816.899868)  can0  4B0   [8]  27 10 27 10 27 10 27 10
 (1787061816.901690)  can0  7DF   [8]  02 01 10 00 00 00 00 00
 (1787061816.902149)  can0  7E8   [8]  04 41 10 00 9D 00 00 00
 (1787061816.905174)  can0  430   [7]  99 86 00 00 2A 3F 60
 (1787061816.907115)  can0  200   [7]  02 0A 02 02 02 0A 00
 (1787061816.907345)  can0  201   [8]  0A FA 7D 78 27 10 00 64
 (1787061816.912094)  can0  230   [8]  F0 01 1A 00 61 00 00 00
 (1787061816.912242)  can0  231   [4]  01 00 FF FF
 (1787061816.913669)  can0  210   [7]  FF FF 30 A0 90 00 2A
 (1787061816.913877)  can0  4B0   [8]  27 10 27 10 27 10 27 10
 (1787061816.917185)  can0  200   [7]  02 0A 02 02 02 0A 00
 (1787061816.917285)  can0  201   [8]  0A FA 7D 78 27 10 00 64
 (1787061816.927080)  can0  200   [7]  02 0A 02 02 02 0A 00
 (1787061816.927285)  can0  201   [8]  0A F9 7D 64 27 10 00 64
 (1787061816.927670)  can0  210   [7]  FF FF 30 A0 90 00 2B
 (1787061816.927892)  can0  4B0   [8]  27 10 27 10 27 10 27 10
 (1787061816.937080)  can0  200   [7]  02 0A 02 02 02 0A 00
 (1787061816.937281)  can0  201   [8]  0A F9 7D 64 27 10 00 64
 (1787061816.937519)  can0  230   [8]  F0 01 1A 00 61 00 00 00
 (1787061816.937687)  can0  231   [4]  01 00 FF FF
 (1787061816.941690)  can0  210   [7]  FF FF 30 A0 90 00 2C
 (1787061816.941901)  can0  4B0   [8]  27 10 27 10 27 10 27 10
 (1787061816.947076)  can0  200   [7]  02 0A 02 02 02 0A 00
 (1787061816.947282)  can0  201   [8]  0A F9 7C EC 27 10 00 64
 (1787061816.950699)  can0  7DF   [8]  02 01 0B 00 00 00 00 00
 (1787061816.951213)  can0  7E8   [8]  03 41 0B 1E 00 00 00 00
 (1787061816.955174)  can0  430   [7]  99 87 00 00 2A 3F 60
 (1787061816.955673)  can0  210   [7]  FF FF 30 A0 90 00 2D
 (1787061816.955903)  can0  4B0   [8]  27 10 27 10 27 10 27 10
 (1787061816.957126)  can0  200   [7]  02 0A 02 02 02 0A 00
 (1787061816.957343)  can0  201   [8]  0A F9 7C EC 27 10 00 64
 (1787061816.962083)  can0  230   [8]  F0 01 1A 00 61 00 00 00
 (1787061816.962226)  can0  231   [4]  01 00 FF FF
 (1787061816.967056)  can0  200   [7]  02 0A 02 02 02 0A 00
 (1787061816.967271)  can0  201   [8]  0A F1 7C EC 27 10 00 64
 (1787061816.969762)  can0  210   [7]  FF FF 30 A0 90 00 2E
 (1787061816.969918)  can0  4B0   [8]  27 10 27 10 27 10 27 10
 (1787061816.977100)  can0  200   [7]  02 0B 02 02 02 0B 00
 (1787061816.977276)  can0  201   [8]  0A F1 7C 60 27 10 00 64
 (1787061816.983770)  can0  210   [7]  FF FF 30 A0 90 00 2F
 (1787061816.983929)  can0  4B0   [8]  27 10 27 10 27 10 27 10
 (1787061816.987084)  can0  200   [7]  02 0B 02 02 02 0B 00
 (1787061816.987280)  can0  201   [8]  0A F1 7C 60 27 10 00 64
 (1787061816.987521)  can0  230   [8]  F0 01 1A 00 61 00 00 00
 (1787061816.987686)  can0  231   [4]  01 00 FF FF
 (1787061816.987913)  can0  420   [7]  83 FB 00 00 00 00 00
 (1787061816.997080)  can0  200   [7]  02 0A 02 02 02 0A 00
 (1787061816.997274)  can0  201   [8]  0A F1 7C 60 27 10 00 64
 (1787061816.997698)  can0  210   [7]  FF FF 30 A0 90 00 30
 (1787061816.997931)  can0  4B0   [8]  27 10 27 10 27 10 27 10
 (1787061817.001111)  can0  7DF   [8]  02 01 10 00 00 00 00 00
 (1787061817.001510)  can0  7E8   [8]  04 41 10 00 A1 00 00 00
 (1787061817.005171)  can0  430   [7]  96 87 00 00 2A 3F 60
 (1787061817.007051)  can0  200   [7]  02 0A 02 02 02 0A 00
 (1787061817.007275)  can0  201   [8]  0A F3 7C 60 27 10 00 64
 (1787061817.011724)  can0  210   [7]  FF FF 30 A0 90 00 31
 (1787061817.011931)  can0  4B0   [8]  27 10 27 10 27 10 27 10
 (1787061817.012187)  can0  230   [8]  F0 01 1A 00 61 00 00 00
 (1787061817.012342)  can0  231   [4]  01 00 FF FF
 (1787061817.017070)  can0  200   [7]  02 0A 02 02 02 0A 00
 (1787061817.017279)  can0  201   [8]  0A F3 7C 60 27 10 00 64
 (1787061817.025747)  can0  210   [7]  FF FF 30 A0 90 00 32
 (1787061817.025947)  can0  4B0   [8]  27 10 27 10 27 10 27 10
 (1787061817.027070)  can0  200   [7]  02 0A 02 02 02 0A 00
 (1787061817.027286)  can0  201   [8]  0A F3 7D 28 27 10 00 64
 (1787061817.037063)  can0  200   [7]  02 0A 02 02 02 0A 00
 (1787061817.037266)  can0  201   [8]  0A F3 7D 28 27 10 00 64
 (1787061817.037515)  can0  230   [8]  F0 01 1A 00 61 00 00 00
 (1787061817.037682)  can0  231   [4]  01 00 FF FF
 (1787061817.039736)  can0  210   [7]  FF FF 30 A0 90 00 33
 (1787061817.039961)  can0  4B0   [8]  27 10 27 10 27 10 27 10
 (1787061817.047101)  can0  200   [7]  02 0A 02 02 02 0A 00
 (1787061817.047291)  can0  201   [8]  0A FB 7D C8 27 10 00 64
 (1787061817.050629)  can0  7DF   [8]  02 01 0B 00 00 00 00 00
 (1787061817.051014)  can0  7E8   [8]  03 41 0B 1E 00 00 00 00
 (1787061817.053759)  can0  210   [7]  FF FF 30 A0 90 00 34
 (1787061817.053973)  can0  4B0   [8]  27 10 27 10 27 10 27 10
 (1787061817.055157)  can0  430   [7]  96 87 00 00 2A 3F 60
 (1787061817.057050)  can0  200   [7]  02 0A 02 02 02 0A 00
 (1787061817.057267)  can0  201   [8]  0A FB 7D C8 27 10 00 64
 (1787061817.062067)  can0  230   [8]  F0 01 1A 00 61 00 00 00
 (1787061817.062220)  can0  231   [4]  01 00 FF FF
 (1787061817.067058)  can0  200   [7]  02 0A 02 02 02 0A 00
 (1787061817.067270)  can0  201   [8]  0A FB 7D C8 27 10 00 64
 (1787061817.067793)  can0  210   [7]  FF FF 30 A0 90 00 35
 (1787061817.067992)  can0  4B0   [8]  27 10 27 10 27 10 27 10
 (1787061817.077059)  can0  200   [7]  02 0A 02 02 02 0A 00
 (1787061817.077264)  can0  201   [8]  0A FB 7D A0 27 10 00 64
 (1787061817.081801)  can0  210   [7]  FF FF 30 A0 90 00 36
 (1787061817.081981)  can0  4B0   [8]  27 10 27 10 27 10 27 10
 (1787061817.087070)  can0  200   [7]  02 0A 02 02 02 0A 00
 (1787061817.087271)  can0  201   [8]  0A FB 7D A0 27 10 00 64
 (1787061817.087510)  can0  230   [8]  F0 01 1A 00 61 00 00 00
 (1787061817.087681)  can0  231   [4]  01 00 FF FF
 (1787061817.087911)  can0  420   [7]  83 FB 00 00 00 00 00
 (1787061817.088149)  can0  620   [8]  0D 40 12 1E 10 00 01 20
 (1787061817.088392)  can0  630   [8]  84 01 9F 00 00 00 4F 4F
 (1787061817.095817)  can0  210   [7]  FF FF 30 A0 90 00 37
 (1787061817.096004)  can0  4B0   [8]  27 10 27 10 27 10 27 10
 (1787061817.097081)  can0  200   [7]  02 0A 02 02 02 0A 00
 (1787061817.097289)  can0  201   [8]  0A F8 7C C4 27 10 00 64
 (1787061817.101033)  can0  7DF   [8]  02 01 10 00 00 00 00 00
 (1787061817.101430)  can0  7E8   [8]  04 41 10 00 A1 00 00 00
 (1787061817.105176)  can0  430   [7]  96 86 00 00 2A 3F 60
 (1787061817.107061)  can0  200   [7]  02 0A 02 02 02 0A 00
 (1787061817.107275)  can0  201   [8]  0A F8 7C C4 27 10 00 64
 (1787061817.109788)  can0  210   [7]  FF FF 30 A0 90 00 38
 (1787061817.109995)  can0  4B0   [8]  27 10 27 10 27 10 27 10
 (1787061817.112083)  can0  230   [8]  F0 01 1A 00 61 00 00 00
 (1787061817.112234)  can0  231   [4]  01 00 FF FF
 (1787061817.117050)  can0  200   [7]  02 0A 02 02 02 0A 00
 (1787061817.117264)  can0  201   [8]  0A F8 7C C4 27 10 00 64
 (1787061817.123813)  can0  210   [7]  FF FF 30 A0 90 00 39
 (1787061817.124011)  can0  4B0   [8]  27 10 27 10 27 10 27 10
 (1787061817.127252)  can0  200   [7]  02 0A 02 02 02 0A 00
 (1787061817.127342)  can0  201   [8]  0A F8 7C C4 27 10 00 64
 (1787061817.137056)  can0  200   [7]  02 0A 02 02 02 0A 00
 (1787061817.137263)  can0  201   [8]  0A F2 7C C4 27 10 00 64
 (1787061817.137496)  can0  230   [8]  F0 01 1A 00 61 00 00 00
 (1787061817.137666)  can0  231   [4]  01 00 FF FF
 (1787061817.137893)  can0  210   [7]  FF FF 30 A0 90 00 3A
 (1787061817.138123)  can0  4B0   [8]  27 10 27 10 27 10 27 10
 (1787061817.147069)  can0  200   [7]  02 0A 02 02 02 0A 00
 (1787061817.147265)  can0  201   [8]  0A F2 7C 88 27 10 00 64
 (1787061817.151266)  can0  7DF   [8]  02 01 0B 00 00 00 00 00
 (1787061817.151640)  can0  7E8   [8]  03 41 0B 1E 00 00 00 00
 (1787061817.151858)  can0  210   [7]  FF FF 30 A0 90 00 3B
 (1787061817.152088)  can0  4B0   [8]  27 10 27 10 27 10 27 10
 (1787061817.155168)  can0  430   [7]  99 86 00 00 2A 3F 60
 (1787061817.157057)  can0  200   [7]  02 0A 02 02 02 0A 00
 (1787061817.157261)  can0  201   [8]  0A F2 7C 88 27 10 00 64
 (1787061817.162064)  can0  230   [8]  F0 01 1A 00 61 00 00 00
 (1787061817.162205)  can0  231   [4]  01 00 FF FF
 (1787061817.165875)  can0  210   [7]  FF FF 30 A0 90 00 3C
 (1787061817.166037)  can0  4B0   [8]  27 10 27 10 27 10 27 10
 (1787061817.167086)  can0  200   [7]  02 0A 02 02 02 0A 00
 (1787061817.167296)  can0  201   [8]  0A F2 7C 88 27 10 00 64
 (1787061817.177057)  can0  200   [7]  02 0A 02 02 02 0A 00
 (1787061817.177263)  can0  201   [8]  0A F3 7C 88 27 10 00 64
 (1787061817.179850)  can0  210   [7]  FF FF 30 A0 90 00 3D
 (1787061817.180051)  can0  4B0   [8]  27 10 27 10 27 10 27 10
 (1787061817.187065)  can0  200   [7]  02 0A 02 02 02 0A 00
 (1787061817.187263)  can0  201   [8]  0A F3 7C 88 27 10 00 64
 (1787061817.187505)  can0  230   [8]  F0 01 1A 00 61 00 00 00
 (1787061817.187673)  can0  231   [4]  01 00 FF FF
 (1787061817.187904)  can0  420   [7]  83 FB 00 00 00 00 00
 (1787061817.193866)  can0  210   [7]  FF FF 30 A0 90 00 3E
 (1787061817.194062)  can0  4B0   [8]  27 10 27 10 27 10 27 10
 (1787061817.197056)  can0  200   [7]  02 0A 02 02 02 0A 00
 (1787061817.197263)  can0  201   [8]  0A F3 7D 14 27 10 00 64
 (1787061817.202183)  can0  7DF   [8]  02 01 10 00 00 00 00 00
 (1787061817.202644)  can0  7E8   [8]  04 41 10 00 9A 00 00 00
 (1787061817.205202)  can0  430   [7]  99 87 00 00 2A 3F 60
 (1787061817.207066)  can0  200   [7]  02 0A 02 02 02 0A 00
 (1787061817.207263)  can0  201   [8]  0A F3 7D 14 27 10 00 64
 (1787061817.207855)  can0  210   [7]  FF FF 30 A0 90 00 3F
 (1787061817.208072)  can0  4B0   [8]  27 10 27 10 27 10 27 10
 (1787061817.212095)  can0  230   [8]  F0 01 1A 00 61 00 00 00
 (1787061817.212216)  can0  231   [4]  01 00 FF FF
 (1787061817.217055)  can0  200   [7]  02 0A 02 02 02 0A 00
 (1787061817.217254)  can0  201   [8]  0A F3 7D 14 27 10 00 64
 (1787061817.221868)  can0  210   [7]  FF FF 30 A0 90 00 40
 (1787061817.222073)  can0  4B0   [8]  27 10 27 10 27 10 27 10
 (1787061817.227039)  can0  200   [7]  02 0A 02 02 02 0A 00
 (1787061817.227262)  can0  201   [8]  0A F2 7D 00 27 10 00 64
 (1787061817.235887)  can0  210   [7]  FF FF 30 A0 90 00 41
 (1787061817.236075)  can0  4B0   [8]  27 10 27 10 27 10 27 10
 (1787061817.237064)  can0  200   [7]  02 0A 02 02 02 0A 00
 (1787061817.237278)  can0  201   [8]  0A F2 7D 00 27 10 00 64
 (1787061817.237519)  can0  230   [8]  F0 01 1A 00 61 00 00 00
 (1787061817.237687)  can0  231   [4]  01 00 FF FF
 (1787061817.247071)  can0  200   [7]  02 0A 02 02 02 0A 00
 (1787061817.247266)  can0  201   [8]  0A F2 7C EC 27 10 00 64
 (1787061817.249874)  can0  210   [7]  FF FF 30 A0 90 00 42
 (1787061817.250081)  can0  4B0   [8]  27 10 27 10 27 10 27 10
 (1787061817.251548)  can0  7DF   [8]  02 01 0B 00 00 00 00 00
 (1787061817.251925)  can0  7E8   [8]  03 41 0B 1E 00 00 00 00
 (1787061817.255178)  can0  430   [7]  96 87 00 00 2A 3F 60
 (1787061817.257034)  can0  200   [7]  02 0A 02 02 02 0A 00
 (1787061817.257249)  can0  201   [8]  0A F2 7C EC 27 10 00 64
 (1787061817.262074)  can0  230   [8]  F0 01 1A 00 61 00 00 00
 (1787061817.262200)  can0  231   [4]  01 00 FF FF
 (1787061817.263869)  can0  210   [7]  FF FF 30 A0 90 00 43
 (1787061817.264083)  can0  4B0   [8]  27 10 27 10 27 10 27 10
 (1787061817.267028)  can0  200   [7]  02 0A 02 02 02 0A 00
 (1787061817.267247)  can0  201   [8]  0A F0 7C EC 27 10 00 64
 (1787061817.277047)  can0  200   [7]  02 0A 02 02 02 0A 00
 (1787061817.277254)  can0  201   [8]  0A F0 7C D8 27 10 00 64
 (1787061817.277868)  can0  210   [7]  FF FF 30 A0 90 00 44
 (1787061817.278096)  can0  4B0   [8]  27 10 27 10 27 10 27 10
 (1787061817.287091)  can0  200   [7]  02 0A 02 02 02 0A 00
 (1787061817.287265)  can0  201   [8]  0A F0 7C D8 27 10 00 64
 (1787061817.287511)  can0  230   [8]  F0 01 1A 00 61 00 00 00
 (1787061817.287674)  can0  231   [4]  01 00 FF FF
 (1787061817.287909)  can0  420   [7]  83 FB 00 00 00 00 00
 (1787061817.291908)  can0  210   [7]  FF FF 30 A0 90 00 45
 (1787061817.292121)  can0  4B0   [8]  27 10 27 10 27 10 27 10
 (1787061817.297043)  can0  200   [7]  02 0A 02 02 02 0A 00
 (1787061817.297251)  can0  201   [8]  0A F0 7C D8 27 10 00 64
 (1787061817.300368)  can0  7DF   [8]  02 01 10 00 00 00 00 00
 (1787061817.300761)  can0  7E8   [8]  04 41 10 00 A1 00 00 00
 (1787061817.305181)  can0  430   [7]  96 87 00 00 2A 3F 60
 (1787061817.305881)  can0  210   [7]  FF FF 30 A0 90 00 46
 (1787061817.306110)  can0  4B0   [8]  27 10 27 10 27 10 27 10
 (1787061817.307036)  can0  200   [7]  02 0A 02 02 02 0A 00
 (1787061817.307266)  can0  201   [8]  0A ED 7C D8 27 10 00 64
 (1787061817.312075)  can0  230   [8]  F0 01 1A 00 61 00 00 00
 (1787061817.312215)  can0  231   [4]  01 00 FF FF
 (1787061817.317061)  can0  200   [7]  02 0A 02 02 02 0A 00
 (1787061817.317252)  can0  201   [8]  0A ED 7C D8 27 10 00 64
 (1787061817.319919)  can0  210   [7]  FF FF 30 A0 90 00 47
 (1787061817.320120)  can0  4B0   [8]  27 10 27 10 27 10 27 10
 (1787061817.327062)  can0  200   [7]  02 0A 02 02 02 0A 00
 (1787061817.327251)  can0  201   [8]  0A ED 7C C4 27 10 00 64
 (1787061817.333942)  can0  210   [7]  FF FF 30 A0 90 00 48
 (1787061817.334138)  can0  4B0   [8]  27 10 27 10 27 10 27 10
 (1787061817.337051)  can0  200   [7]  02 0A 02 02 02 0A 00
 (1787061817.337243)  can0  201   [8]  0A ED 7C C4 27 10 00 64
 (1787061817.337483)  can0  230   [8]  F0 01 1A 00 61 00 00 00
 (1787061817.337652)  can0  231   [4]  01 00 FF FF
 (1787061817.347051)  can0  200   [7]  02 0A 02 02 02 0A 00
 (1787061817.347255)  can0  201   [8]  0A F3 7D 3C 27 10 00 64
 (1787061817.347917)  can0  210   [7]  FF FF 30 A0 90 00 49
 (1787061817.348139)  can0  4B0   [8]  27 10 27 10 27 10 27 10
 (1787061817.350791)  can0  7DF   [8]  02 01 0B 00 00 00 00 00
 (1787061817.351210)  can0  7E8   [8]  03 41 0B 1E 00 00 00 00
 (1787061817.355175)  can0  430   [7]  99 86 00 00 2A 3F 60
 (1787061817.357027)  can0  200   [7]  02 0A 02 02 02 0A 00
 (1787061817.357236)  can0  201   [8]  0A F3 7D 3C 27 10 00 64
 (1787061817.361931)  can0  210   [7]  FF FF 30 A0 90 00 4A
 (1787061817.362152)  can0  230   [8]  F0 01 1A 00 61 00 00 00
 (1787061817.362322)  can0  231   [4]  01 00 FF FF
 (1787061817.362556)  can0  4B0   [8]  27 10 27 10 27 10 27 10
 (1787061817.367056)  can0  200   [7]  02 0A 02 02 02 0A 00
 (1787061817.367249)  can0  201   [8]  0A F3 7D 3C 27 10 00 64
 (1787061817.375952)  can0  210   [7]  FF FF 30 A0 90 00 4B
 (1787061817.376155)  can0  4B0   [8]  27 10 27 10 27 10 27 10
 (1787061817.377026)  can0  200   [7]  02 0A 02 02 02 0A 00
 (1787061817.377258)  can0  201   [8]  0A F3 7D 78 27 10 00 64
 (1787061817.387040)  can0  200   [7]  02 0A 02 02 02 0A 00
 (1787061817.387252)  can0  201   [8]  0A F3 7D 78 27 10 00 64
 (1787061817.387486)  can0  230   [8]  F0 01 1A 00 61 00 00 00
 (1787061817.387658)  can0  231   [4]  01 00 FF FF
 (1787061817.387885)  can0  420   [7]  83 FB 00 00 00 00 00
 (1787061817.389949)  can0  210   [7]  FF FF 30 A0 90 00 4C
 (1787061817.390155)  can0  4B0   [8]  27 10 27 10 27 10 27 10
 (1787061817.397036)  can0  200   [7]  02 0A 02 02 02 0A 00
 (1787061817.397251)  can0  201   [8]  0A F4 7D 14 27 10 00 64
 (1787061817.400392)  can0  7DF   [8]  02 01 10 00 00 00 00 00
 (1787061817.400768)  can0  7E8   [8]  04 41 10 00 9F 00 00 00
 (1787061817.403974)  can0  210   [7]  FF FF 30 A0 90 00 4D
 (1787061817.404173)  can0  4B0   [8]  27 10 27 10 27 10 27 10
 (1787061817.405155)  can0  430   [7]  96 86 00 00 2A 3F 60
 (1787061817.407052)  can0  200   [7]  02 0A 02 02 02 0A 00
 (1787061817.407237)  can0  201   [8]  0A F4 7D 14 27 10 00 64
 (1787061817.412067)  can0  230   [8]  F0 01 1A 00 61 00 00 00
 (1787061817.412199)  can0  231   [4]  01 00 FF FF
 (1787061817.417019)  can0  200   [7]  02 0A 02 02 02 0A 00
 (1787061817.417232)  can0  201   [8]  0A F4 7D 14 27 10 00 64
 (1787061817.417952)  can0  210   [7]  FF FF 30 A0 90 00 4E
 (1787061817.418186)  can0  4B0   [8]  27 10 27 10 27 10 27 10
 (1787061817.427044)  can0  200   [7]  02 0A 02 02 02 0A 00
 (1787061817.427237)  can0  201   [8]  0A F4 7D 14 27 10 00 64
 (1787061817.431981)  can0  210   [7]  FF FF 30 A0 90 00 4F
 (1787061817.432193)  can0  4B0   [8]  27 10 27 10 27 10 27 10
 (1787061817.437041)  can0  200   [7]  02 0A 02 02 02 0A 00
 (1787061817.437240)  can0  201   [8]  0A EF 7D 14 27 10 00 64
 (1787061817.437534)  can0  230   [8]  F0 01 1A 00 61 00 00 00
 (1787061817.437654)  can0  231   [4]  01 00 FF FF
 (1787061817.446030)  can0  210   [7]  FF FF 30 A0 90 00 50
 (1787061817.446207)  can0  4B0   [8]  27 10 27 10 27 10 27 10
 (1787061817.447038)  can0  200   [7]  02 0A 02 02 02 0A 00
 (1787061817.447267)  can0  201   [8]  0A EF 7C 9C 27 10 00 64
 (1787061817.450803)  can0  7DF   [8]  02 01 0B 00 00 00 00 00
 (1787061817.451208)  can0  7E8   [8]  03 41 0B 1E 00 00 00 00
 (1787061817.455179)  can0  430   [7]  99 86 00 00 2A 3F 60
 (1787061817.457002)  can0  200   [7]  02 0A 02 02 02 0A 00
 (1787061817.457229)  can0  201   [8]  0A EF 7C 9C 27 10 00 64
 (1787061817.459983)  can0  210   [7]  FF FF 30 A0 90 00 51
 (1787061817.460212)  can0  4B0   [8]  27 10 27 10 27 10 27 10
 (1787061817.462029)  can0  230   [8]  F0 01 1A 00 61 00 00 00
 (1787061817.462193)  can0  231   [4]  01 00 FF FF
 (1787061817.467054)  can0  200   [7]  02 0A 02 02 02 0A 00
 (1787061817.467238)  can0  201   [8]  0A EF 7C 9C 27 10 00 64
 (1787061817.474017)  can0  210   [7]  FF FF 30 A0 90 00 52
 (1787061817.474218)  can0  4B0   [8]  27 10 27 10 27 10 27 10
 (1787061817.477028)  can0  200   [7]  02 0A 02 02 02 0A 00
 (1787061817.477242)  can0  201   [8]  0A E5 7C 9C 27 10 00 64
 (1787061817.487039)  can0  200   [7]  02 0A 02 02 02 0A 00
 (1787061817.487233)  can0  201   [8]  0A E5 7C 9C 27 10 00 64
 (1787061817.487478)  can0  230   [8]  F0 01 1A 00 61 00 00 00
 (1787061817.487645)  can0  231   [4]  01 00 FF FF
 (1787061817.487868)  can0  420   [7]  83 FB 00 00 00 00 00
 (1787061817.488086)  can0  210   [7]  FF FF 30 A0 90 00 53
 (1787061817.488320)  can0  4B0   [8]  27 10 27 10 27 10 27 10
 (1787061817.497026)  can0  200   [7]  02 0B 02 03 02 0B 00
 (1787061817.497227)  can0  201   [8]  0A E5 7C 38 27 10 00 64
 (1787061817.501280)  can0  7DF   [8]  02 01 10 00 00 00 00 00
 (1787061817.501671)  can0  7E8   [8]  04 41 10 00 A1 00 00 00
 (1787061817.502016)  can0  210   [7]  FF FF 30 A0 90 00 54
 (1787061817.502249)  can0  4B0   [8]  27 10 27 10 27 10 27 10
 (1787061817.505170)  can0  430   [7]  99 87 00 00 2A 3F 60
 (1787061817.507095)  can0  200   [7]  02 0B 02 03 02 0B 00
 (1787061817.507307)  can0  201   [8]  0A E5 7C 38 27 10 00 64
 (1787061817.512052)  can0  230   [8]  F0 01 1A 00 61 00 00 00
 (1787061817.512198)  can0  231   [4]  01 00 FF FF
 (1787061817.516049)  can0  210   [7]  FF FF 30 A0 90 00 55
 (1787061817.516241)  can0  4B0   [8]  27 10 27 10 27 10 27 10
 (1787061817.517066)  can0  200   [7]  02 0B 02 03 02 0B 00
 (1787061817.517286)  can0  201   [8]  0A E5 7C 38 27 10 00 64
 (1787061817.527026)  can0  200   [7]  02 0B 02 03 02 0B 00
 (1787061817.527227)  can0  201   [8]  0A E0 7B D4 27 10 00 64
 (1787061817.530039)  can0  210   [7]  FF FF 30 A0 90 00 56
 (1787061817.530254)  can0  4B0   [8]  27 10 27 10 27 10 27 10
 (1787061817.537026)  can0  200   [7]  02 0B 02 03 02 0B 00
 (1787061817.537222)  can0  201   [8]  0A E0 7B D4 27 10 00 64
 (1787061817.537465)  can0  230   [8]  F0 01 1A 00 61 00 00 00
 (1787061817.537633)  can0  231   [4]  01 00 FF FF
 (1787061817.544075)  can0  210   [7]  FF FF 30 A0 90 00 57
 (1787061817.544262)  can0  4B0   [8]  27 10 27 10 27 10 27 10
 (1787061817.547168)  can0  200   [7]  02 0B 02 03 02 0B 00
 (1787061817.547262)  can0  201   [8]  0A E0 7C 9C 27 10 00 64
 (1787061817.551238)  can0  7DF   [8]  02 01 0B 00 00 00 00 00
 (1787061817.551624)  can0  7E8   [8]  03 41 0B 1E 00 00 00 00
 (1787061817.555194)  can0  430   [7]  99 87 00 00 2A 3F 60
 (1787061817.557073)  can0  200   [7]  02 0B 02 03 02 0B 00
 (1787061817.557297)  can0  201   [8]  0A E0 7C 9C 27 10 00 64
 (1787061817.558038)  can0  210   [7]  FF FF 30 A0 90 00 58
 (1787061817.558265)  can0  4B0   [8]  27 10 27 10 27 10 27 10
 (1787061817.562040)  can0  230   [8]  F0 01 1A 00 61 00 00 00
 (1787061817.562186)  can0  231   [4]  01 00 FF FF
 (1787061817.567037)  can0  200   [7]  02 0B 02 03 02 0B 00
 (1787061817.567231)  can0  201   [8]  0A E7 7C 9C 27 10 00 64
 (1787061817.572070)  can0  210   [7]  FF FF 30 A0 90 00 59
 (1787061817.572284)  can0  4B0   [8]  27 10 27 10 27 10 27 10
 (1787061817.577013)  can0  200   [7]  02 0B 02 03 02 0B 00
 (1787061817.577227)  can0  201   [8]  0A E7 7D 8C 27 10 00 64
 (1787061817.586093)  can0  210   [7]  FF FF 30 A0 90 00 5A
 (1787061817.586290)  can0  4B0   [8]  27 10 27 10 27 10 27 10
 (1787061817.587045)  can0  200   [7]  02 0B 02 03 02 0B 00
 (1787061817.587251)  can0  201   [8]  0A E7 7D 8C 27 10 00 64
 (1787061817.587492)  can0  230   [8]  F0 01 1A 00 61 00 00 00
 (1787061817.587665)  can0  231   [4]  01 00 FF FF
 (1787061817.587893)  can0  420   [7]  83 FB 00 00 00 00 00
 (1787061817.597018)  can0  200   [7]  02 0B 02 03 02 0B 00
 (1787061817.597213)  can0  201   [8]  0A E7 7D 8C 27 10 00 64
 (1787061817.600118)  can0  210   [7]  FF FF 30 A0 90 00 5B
 (1787061817.600318)  can0  4B0   [8]  27 10 27 10 27 10 27 10
 (1787061817.600558)  can0  7DF   [8]  02 01 10 00 00 00 00 00
 (1787061817.600959)  can0  7E8   [8]  04 41 10 00 9F 00 00 00
 (1787061817.605191)  can0  430   [7]  98 87 00 00 2A 3F 60
 (1787061817.607102)  can0  200   [7]  02 0B 02 03 02 0B 00
 (1787061817.607305)  can0  201   [8]  0A E7 7D 8C 27 10 00 64
 (1787061817.612070)  can0  230   [8]  F0 01 1A 00 61 00 00 00
 (1787061817.612192)  can0  231   [4]  01 00 FF FF
 (1787061817.614080)  can0  210   [7]  FF FF 30 A0 90 00 5C
 (1787061817.614306)  can0  4B0   [8]  27 10 27 10 27 10 27 10
 (1787061817.617006)  can0  200   [7]  02 0B 02 03 02 0B 00
 (1787061817.617225)  can0  201   [8]  0A E7 7D 8C 27 10 00 64
 (1787061817.627021)  can0  200   [7]  02 0B 02 02 02 0B 00
 (1787061817.627226)  can0  201   [8]  0A E7 7D 00 27 10 00 64
 (1787061817.628074)  can0  210   [7]  FF FF 30 A0 90 00 5D
 (1787061817.628305)  can0  4B0   [8]  27 10 27 10 27 10 27 10
 (1787061817.637024)  can0  200   [7]  02 0B 02 02 02 0B 00
 (1787061817.637225)  can0  201   [8]  0A E7 7D 00 27 10 00 64
 (1787061817.637469)  can0  230   [8]  F0 01 1A 00 61 00 00 00
 (1787061817.637642)  can0  231   [4]  01 00 FF FF
 (1787061817.642142)  can0  210   [7]  FF FF 30 A0 90 00 5E
 (1787061817.642329)  can0  4B0   [8]  27 10 27 10 27 10 27 10
 (1787061817.647030)  can0  200   [7]  02 0B 02 03 02 0B 00
 (1787061817.647226)  can0  201   [8]  0A E7 7C C4 27 10 00 64
 (1787061817.651269)  can0  7DF   [8]  02 01 0B 00 00 00 00 00
 (1787061817.651633)  can0  7E8   [8]  03 41 0B 1E 00 00 00 00
 (1787061817.655173)  can0  430   [7]  96 87 00 00 2A 3F 60
 (1787061817.656102)  can0  210   [7]  FF FF 30 A0 90 00 5F
 (1787061817.656326)  can0  4B0   [8]  27 10 27 10 27 10 27 10
 (1787061817.657007)  can0  200   [7]  02 0B 02 03 02 0B 00
 (1787061817.657234)  can0  201   [8]  0A E4 7C C4 27 10 00 64
 (1787061817.662031)  can0  230   [8]  F0 01 1A 00 61 00 00 00
 (1787061817.662167)  can0  231   [4]  01 00 FF FF
 (1787061817.666999)  can0  200   [7]  02 0B 02 03 02 0B 00
 (1787061817.667213)  can0  201   [8]  0A E4 7C C4 27 10 00 64
 (1787061817.670176)  can0  210   [7]  FF FF 30 A0 90 00 60
 (1787061817.670340)  can0  4B0   [8]  27 10 27 10 27 10 27 10
 (1787061817.677011)  can0  200   [7]  02 0B 02 03 02 0B 00
 (1787061817.677215)  can0  201   [8]  0A E4 7C C4 27 10 00 64
 (1787061817.684156)  can0  210   [7]  FF FF 30 A0 90 00 61
 (1787061817.684348)  can0  4B0   [8]  27 10 27 10 27 10 27 10
 (1787061817.687039)  can0  200   [7]  02 0B 02 03 02 0B 00
 (1787061817.687226)  can0  201   [8]  0A E4 7C C4 27 10 00 64
 (1787061817.687463)  can0  230   [8]  F0 01 1A 00 61 00 00 00
 (1787061817.687635)  can0  231   [4]  01 00 FF FF
 (1787061817.687869)  can0  420   [7]  83 FB 00 00 00 00 00
 (1787061817.697001)  can0  200   [7]  02 0B 02 03 02 0B 00
 (1787061817.697204)  can0  201   [8]  0A E7 7D 3C 27 10 00 64
 (1787061817.698129)  can0  210   [7]  FF FF 30 A0 90 00 62
 (1787061817.698344)  can0  4B0   [8]  27 10 27 10 27 10 27 10
 (1787061817.700846)  can0  7DF   [8]  02 01 10 00 00 00 00 00
 (1787061817.701225)  can0  7E8   [8]  04 41 10 00 A4 00 00 00
 (1787061817.705178)  can0  430   [7]  96 86 00 00 2A 3F 60
 (1787061817.706998)  can0  200   [7]  02 0B 02 03 02 0B 00
 (1787061817.707208)  can0  201   [8]  0A E7 7D 3C 27 10 00 64
 (1787061817.712017)  can0  230   [8]  F0 01 1A 00 61 00 00 00
 (1787061817.712219)  can0  210   [7]  FF FF 30 A0 90 00 63
 (1787061817.712390)  can0  231   [4]  01 00 FF FF
 (1787061817.712625)  can0  4B0   [8]  27 10 27 10 27 10 27 10
 (1787061817.717005)  can0  200   [7]  02 0B 02 03 02 0B 00
 (1787061817.717210)  can0  201   [8]  0A E7 7D 3C 27 10 00 64
 (1787061817.726165)  can0  210   [7]  FF FF 30 A0 90 00 64
 (1787061817.726365)  can0  4B0   [8]  27 10 27 10 27 10 27 10
 (1787061817.727003)  can0  200   [7]  02 0B 02 03 02 0B 00
 (1787061817.727235)  can0  201   [8]  0A E7 7D 3C 27 10 00 64
 (1787061817.736993)  can0  200   [7]  02 0B 02 03 02 0B 00
 (1787061817.737201)  can0  201   [8]  0A EA 7D 3C 27 10 00 64
 (1787061817.737441)  can0  230   [8]  F0 01 1A 00 61 00 00 00
 (1787061817.737611)  can0  231   [4]  01 00 FF FF
 (1787061817.740185)  can0  210   [7]  FF FF 30 A0 90 00 65
 (1787061817.740374)  can0  4B0   [8]  27 10 27 10 27 10 27 10
 (1787061817.747012)  can0  200   [7]  02 0B 02 03 02 0B 00
 (1787061817.747213)  can0  201   [8]  0A EA 7D 3C 27 10 00 64
 (1787061817.751241)  can0  7DF   [8]  02 01 0B 00 00 00 00 00
 (1787061817.751620)  can0  7E8   [8]  03 41 0B 1E 00 00 00 00
 (1787061817.754174)  can0  210   [7]  FF FF 30 A0 90 00 66
 (1787061817.754381)  can0  4B0   [8]  27 10 27 10 27 10 27 10
 (1787061817.755144)  can0  430   [7]  99 86 00 00 2A 3F 60
 (1787061817.756978)  can0  200   [7]  02 0B 02 03 02 0B 00
 (1787061817.757206)  can0  201   [8]  0A EA 7D 3C 27 10 00 64
 (1787061817.762059)  can0  230   [8]  F0 01 1A 00 61 00 00 00
 (1787061817.762184)  can0  231   [4]  01 00 FF FF
 (1787061817.767030)  can0  200   [7]  02 0B 02 03 02 0B 00
 (1787061817.767215)  can0  201   [8]  0A EA 7D 3C 27 10 00 64
 (1787061817.768156)  can0  210   [7]  FF FF 30 A0 90 00 67
 (1787061817.768386)  can0  4B0   [8]  27 10 27 10 27 10 27 10
 (1787061817.776992)  can0  200   [7]  02 0B 02 02 02 0B 00
 (1787061817.777197)  can0  201   [8]  0A E6 7D 3C 27 10 00 64
 (1787061817.782285)  can0  210   [7]  FF FF 30 A0 90 00 68
 (1787061817.782399)  can0  4B0   [8]  27 10 27 10 27 10 27 10
 (1787061817.787000)  can0  200   [7]  02 0B 02 02 02 0B 00
 (1787061817.787208)  can0  201   [8]  0A E6 7D 3C 27 10 00 64
 (1787061817.787441)  can0  230   [8]  F0 01 1A 00 61 00 00 00
 (1787061817.787613)  can0  231   [4]  01 00 FF FF
 (1787061817.787843)  can0  420   [7]  83 FB 00 00 00 00 00
 (1787061817.796218)  can0  210   [7]  FF FF 30 A0 90 00 69
 (1787061817.796407)  can0  4B0   [8]  27 10 27 10 27 10 27 10
 (1787061817.796991)  can0  200   [7]  02 0B 02 03 02 0B 00
 (1787061817.797220)  can0  201   [8]  0A E6 7C B0 27 10 00 64
 (1787061817.801390)  can0  7DF   [8]  02 01 10 00 00 00 00 00
 (1787061817.801744)  can0  7E8   [8]  04 41 10 00 9D 00 00 00
 (1787061817.801979)  can0  7DF   [8]  02 01 42 00 00 00 00 00
 (1787061817.802449)  can0  7E8   [8]  04 41 42 35 46 00 00 00
 (1787061817.805174)  can0  430   [7]  99 86 00 00 2A 3F 60
 (1787061817.806981)  can0  200   [7]  02 0B 02 03 02 0B 00
 (1787061817.807201)  can0  201   [8]  0A E6 7C B0 27 10 00 64
 (1787061817.810188)  can0  210   [7]  FF FF 30 A0 90 00 6A
 (1787061817.810410)  can0  4B0   [8]  27 10 27 10 27 10 27 10
 (1787061817.812028)  can0  230   [8]  F0 01 1A 00 61 00 00 00
 (1787061817.812162)  can0  231   [4]  01 00 FF FF
 (1787061817.817011)  can0  200   [7]  02 0B 02 03 02 0B 00
 (1787061817.817207)  can0  201   [8]  0A E6 7C B0 27 10 00 64
 (1787061817.824221)  can0  210   [7]  FF FF 30 A0 90 00 6B
 (1787061817.824421)  can0  4B0   [8]  27 10 27 10 27 10 27 10
 (1787061817.827020)  can0  200   [7]  02 0B 02 03 02 0B 00
 (1787061817.827195)  can0  201   [8]  0A DB 7B D4 27 10 00 64
 (1787061817.837000)  can0  200   [7]  02 0B 02 03 02 0B 00
 (1787061817.837194)  can0  201   [8]  0A DB 7B D4 27 10 00 64
 (1787061817.837435)  can0  230   [8]  F0 01 1A 00 61 00 00 00
 (1787061817.837603)  can0  231   [4]  01 00 FF FF
 (1787061817.838199)  can0  210   [7]  FF FF 30 A0 90 00 6C
 (1787061817.838428)  can0  4B0   [8]  27 10 27 10 27 10 27 10
 (1787061817.847008)  can0  200   [7]  02 0B 02 03 02 0B 00
 (1787061817.847200)  can0  201   [8]  0A DB 7C 24 27 10 00 64
 (1787061817.850777)  can0  7DF   [8]  02 01 0B 00 00 00 00 00
 (1787061817.851338)  can0  7E8   [8]  03 41 0B 1E 00 00 00 00
 (1787061817.852229)  can0  210   [7]  FF FF 30 A0 90 00 6D
 (1787061817.852437)  can0  4B0   [8]  27 10 27 10 27 10 27 10
 (1787061817.855177)  can0  430   [7]  99 87 00 00 2A 3F 60
 (1787061817.856990)  can0  200   [7]  02 0B 02 03 02 0B 00
 (1787061817.857191)  can0  201   [8]  0A DB 7C 24 27 10 00 64
 (1787061817.861996)  can0  230   [8]  F0 01 1A 00 61 00 00 00
 (1787061817.862147)  can0  231   [4]  01 00 FF FF
 (1787061817.866302)  can0  210   [7]  FF FF 30 A0 90 00 6E
 (1787061817.866457)  can0  4B0   [8]  27 10 27 10 27 10 27 10
 (1787061817.867022)  can0  200   [7]  02 0B 02 03 02 0B 00
 (1787061817.867228)  can0  201   [8]  0A DF 7C 24 27 10 00 64
 (1787061817.876990)  can0  200   [7]  02 0B 02 03 02 0B 00
 (1787061817.877197)  can0  201   [8]  0A DF 7D 50 27 10 00 64
 (1787061817.880264)  can0  210   [7]  FF FF 30 A0 90 00 6F
 (1787061817.880465)  can0  4B0   [8]  27 10 27 10 27 10 27 10
 (1787061817.887025)  can0  200   [7]  02 0B 02 03 02 0B 00
 (1787061817.887222)  can0  201   [8]  0A DF 7D 50 27 10 00 64
 (1787061817.887463)  can0  230   [8]  F0 01 1A 00 61 00 00 00
 (1787061817.887634)  can0  231   [4]  01 00 FF FF
 (1787061817.887862)  can0  420   [7]  83 FB 00 00 00 00 00
 (1787061817.894282)  can0  210   [7]  FF FF 30 A0 90 00 70
 (1787061817.894476)  can0  4B0   [8]  27 10 27 10 27 10 27 10
 (1787061817.896992)  can0  200   [7]  02 0B 02 03 02 0B 00
 (1787061817.897204)  can0  201   [8]  0A DF 7D 50 27 10 00 64
 (1787061817.900706)  can0  7DF   [8]  02 01 10 00 00 00 00 00
 (1787061817.901134)  can0  7E8   [8]  04 41 10 00 A1 00 00 00
 (1787061817.905186)  can0  430   [7]  96 87 00 00 2A 3F 60
 (1787061817.906992)  can0  200   [7]  02 0B 02 03 02 0B 00
 (1787061817.907196)  can0  201   [8]  0A E4 7D 50 27 10 00 64
 (1787061817.908249)  can0  210   [7]  FF FF 30 A0 90 00 71
 (1787061817.908473)  can0  4B0   [8]  27 10 27 10 27 10 27 10
 (1787061817.912033)  can0  230   [8]  F0 01 1A 00 61 00 00 00
 (1787061817.912174)  can0  231   [4]  01 00 FF FF
 (1787061817.916975)  can0  200   [7]  02 0B 02 03 02 0B 00
 (1787061817.917188)  can0  201   [8]  0A E4 7D 50 27 10 00 64
 (1787061817.922301)  can0  210   [7]  FF FF 30 A0 90 00 72
 (1787061817.922548)  can0  4B0   [8]  27 10 27 10 27 10 27 10
 (1787061817.926996)  can0  200   [7]  02 0B 02 03 02 0B 00
 (1787061817.927197)  can0  201   [8]  0A E4 7D 64 27 10 00 64
 (1787061817.936329)  can0  210   [7]  FF FF 30 A0 90 00 73
 (1787061817.936500)  can0  4B0   [8]  27 10 27 10 27 10 27 10
 (1787061817.937000)  can0  200   [7]  02 0B 02 03 02 0B 00
 (1787061817.937237)  can0  201   [8]  0A E4 7D 64 27 10 00 64
 (1787061817.937501)  can0  230   [8]  F0 01 1A 00 61 00 00 00
 (1787061817.937633)  can0  231   [4]  01 00 FF FF
 (1787061817.947000)  can0  200   [7]  02 0B 02 03 02 0B 00
 (1787061817.947190)  can0  201   [8]  0A E4 7D 14 27 10 00 64
 (1787061817.950291)  can0  210   [7]  FF FF 30 A0 90 00 74
 (1787061817.950500)  can0  4B0   [8]  27 10 27 10 27 10 27 10
 (1787061817.951133)  can0  7DF   [8]  02 01 0B 00 00 00 00 00
 (1787061817.951691)  can0  7E8   [8]  03 41 0B 1E 00 00 00 00
 (1787061817.955181)  can0  430   [7]  96 87 00 00 2A 3F 60
 (1787061817.956956)  can0  200   [7]  02 0B 02 03 02 0B 00
 (1787061817.957181)  can0  201   [8]  0A E0 7D 14 27 10 00 64
 (1787061817.962017)  can0  230   [8]  F0 01 1A 00 61 00 00 00
 (1787061817.962140)  can0  231   [4]  01 00 FF FF
 (1787061817.964304)  can0  210   [7]  FF FF 30 A0 90 00 75
 (1787061817.964515)  can0  4B0   [8]  27 10 27 10 27 10 27 10
 (1787061817.967012)  can0  200   [7]  02 0B 02 03 02 0B 00
 (1787061817.967202)  can0  201   [8]  0A E0 7D 14 27 10 00 64
 (1787061817.976983)  can0  200   [7]  02 0B 02 03 02 0B 00
 (1787061817.977186)  can0  201   [8]  0A E0 7C B0 27 10 00 64
 (1787061817.978404)  can0  210   [7]  FF FF 30 A0 90 00 76
 (1787061817.978536)  can0  4B0   [8]  27 10 27 10 27 10 27 10
 (1787061817.986997)  can0  200   [7]  02 0B 02 03 02 0B 00
 (1787061817.987190)  can0  201   [8]  0A E0 7C B0 27 10 00 64
 (1787061817.987428)  can0  230   [8]  F0 01 1A 00 61 00 00 00
 (1787061817.987598)  can0  231   [4]  01 00 FF FF
 (1787061817.987826)  can0  420   [7]  83 FB 00 00 00 00 00
 (1787061817.992465)  can0  210   [7]  FF FF 30 A0 90 00 77
 (1787061817.992591)  can0  4B0   [8]  27 10 27 10 27 10 27 10
 (1787061817.996978)  can0  200   [7]  02 0B 02 03 02 0B 00
 (1787061817.997192)  can0  201   [8]  0A DB 7C 9C 27 10 00 64
 (1787061818.000626)  can0  7DF   [8]  02 01 10 00 00 00 00 00
 (1787061818.001089)  can0  7E8   [8]  04 41 10 00 A1 00 00 00
 (1787061818.005200)  can0  430   [7]  96 86 00 00 2A 3F 60
 (1787061818.006314)  can0  210   [7]  FF FF 30 A0 90 00 78
 (1787061818.006539)  can0  4B0   [8]  27 10 27 10 27 10 27 10
 (1787061818.006991)  can0  200   [7]  02 0B 02 03 02 0B 00
 (1787061818.007208)  can0  201   [8]  0A DB 7C 9C 27 10 00 64
 (1787061818.011999)  can0  230   [8]  F0 01 1A 00 61 00 00 00
 (1787061818.012146)  can0  231   [4]  01 00 FF FF
 (1787061818.016981)  can0  200   [7]  02 0B 02 03 02 0B 00
 (1787061818.017194)  can0  201   [8]  0A DB 7C 9C 27 10 00 64
 (1787061818.020352)  can0  210   [7]  FF FF 30 A0 90 00 79
 (1787061818.020554)  can0  4B0   [8]  27 10 27 10 27 10 27 10
 (1787061818.026978)  can0  200   [7]  02 0B 02 03 02 0B 00
 (1787061818.027183)  can0  201   [8]  0A DB 7C 9C 27 10 00 64
 (1787061818.034350)  can0  210   [7]  FF FF 30 A0 90 00 7A
 (1787061818.034554)  can0  4B0   [8]  27 10 27 10 27 10 27 10
 (1787061818.036973)  can0  200   [7]  02 0B 02 03 02 0B 00
 (1787061818.037180)  can0  201   [8]  0A DD 7C 9C 27 10 00 64
 (1787061818.037420)  can0  230   [8]  F0 01 1A 00 61 00 00 00
 (1787061818.037591)  can0  231   [4]  01 00 FF FF
 (1787061818.046998)  can0  200   [7]  02 0B 02 03 02 0B 00
 (1787061818.047196)  can0  201   [8]  0A DD 7D 28 27 10 00 64
 (1787061818.048444)  can0  210   [7]  FF FF 30 A0 90 00 7B
 (1787061818.048557)  can0  4B0   [8]  27 10 27 10 27 10 27 10
 (1787061818.051619)  can0  7DF   [8]  02 01 0B 00 00 00 00 00
 (1787061818.052106)  can0  7E8   [8]  03 41 0B 1E 00 00 00 00
 (1787061818.055184)  can0  430   [7]  99 87 00 00 2A 3F 60
 (1787061818.056963)  can0  200   [7]  02 0B 02 03 02 0B 00
 (1787061818.057177)  can0  201   [8]  0A DD 7D 28 27 10 00 64
 (1787061818.061996)  can0  230   [8]  F0 01 1A 00 61 00 00 00
 (1787061818.062134)  can0  231   [4]  01 00 FF FF
 (1787061818.062353)  can0  210   [7]  FF FF 30 A0 90 00 7C
 (1787061818.062586)  can0  4B0   [8]  27 10 27 10 27 10 27 10
 (1787061818.066977)  can0  200   [7]  02 0B 02 03 02 0B 00
 (1787061818.067207)  can0  201   [8]  0A DD 7D 28 27 10 00 64
 (1787061818.076397)  can0  210   [7]  FF FF 30 A0 90 00 7D
 (1787061818.076579)  can0  4B0   [8]  27 10 27 10 27 10 27 10
 (1787061818.076972)  can0  200   [7]  02 0B 02 03 02 0B 00
 (1787061818.077202)  can0  201   [8]  0A DD 7D 28 27 10 00 64
 (1787061818.086974)  can0  200   [7]  02 0B 02 03 02 0B 00
 (1787061818.087182)  can0  201   [8]  0A E3 7D 28 27 10 00 64
 (1787061818.087421)  can0  230   [8]  F0 01 1A 00 61 00 00 00
 (1787061818.087593)  can0  231   [4]  01 00 FF FF
 (1787061818.087818)  can0  420   [7]  83 FB 00 00 00 00 00
 (1787061818.088057)  can0  620   [8]  0D 40 12 1E 10 00 01 20
 (1787061818.088299)  can0  630   [8]  84 01 9F 00 00 00 4F 4F
 (1787061818.090360)  can0  210   [7]  FF FF 30 A0 90 00 7E
 (1787061818.090583)  can0  4B0   [8]  27 10 27 10 27 10 27 10
 (1787061818.096967)  can0  200   [7]  02 0B 02 03 02 0B 00
 (1787061818.097171)  can0  201   [8]  0A E3 7D 78 27 10 00 64
 (1787061818.100706)  can0  7DF   [8]  02 01 10 00 00 00 00 00
 (1787061818.101100)  can0  7E8   [8]  04 41 10 00 9F 00 00 00
 (1787061818.104385)  can0  210   [7]  FF FF 30 A0 90 00 7F
 (1787061818.104586)  can0  4B0   [8]  27 10 27 10 27 10 27 10
 (1787061818.105153)  can0  430   [7]  96 86 00 00 2A 3F 60
 (1787061818.106980)  can0  200   [7]  02 0B 02 03 02 0B 00
 (1787061818.107173)  can0  201   [8]  0A E3 7D 78 27 10 00 64
 (1787061818.112021)  can0  230   [8]  F0 01 1A 00 61 00 00 00
 (1787061818.112163)  can0  231   [4]  01 00 FF FF
 (1787061818.117060)  can0  200   [7]  02 0B 02 03 02 0B 00
 (1787061818.117265)  can0  201   [8]  0A E3 7D 78 27 10 00 64
 (1787061818.118430)  can0  210   [7]  FF FF 30 A0 90 00 80
 (1787061818.118606)  can0  4B0   [8]  27 10 27 10 27 10 27 10
 (1787061818.126969)  can0  200   [7]  02 0B 02 03 02 0B 00
 (1787061818.127177)  can0  201   [8]  0A E0 7D 3C 27 10 00 64
 (1787061818.132426)  can0  210   [7]  FF FF 30 A0 90 00 81
 (1787061818.132620)  can0  4B0   [8]  27 10 27 10 27 10 27 10
 (1787061818.136961)  can0  200   [7]  02 0B 02 03 02 0B 00
 (1787061818.137179)  can0  201   [8]  0A E0 7D 3C 27 10 00 64
 (1787061818.137406)  can0  230   [8]  F0 01 1A 00 61 00 00 00
 (1787061818.137582)  can0  231   [4]  01 00 FF FF
 (1787061818.146429)  can0  210   [7]  FF FF 30 A0 90 00 82
 (1787061818.146623)  can0  4B0   [8]  27 10 27 10 27 10 27 10
 (1787061818.146988)  can0  200   [7]  02 0B 02 03 02 0B 00
 (1787061818.147210)  can0  201   [8]  0A E0 7C C4 27 10 00 64
 (1787061818.150959)  can0  7DF   [8]  02 01 0B 00 00 00 00 00
 (1787061818.151329)  can0  7E8   [8]  03 41 0B 1E 00 00 00 00
 (1787061818.155193)  can0  430   [7]  96 87 00 00 2A 3F 60
 (1787061818.156952)  can0  200   [7]  02 0B 02 03 02 0B 00
 (1787061818.157166)  can0  201   [8]  0A E0 7C C4 27 10 00 64
 (1787061818.160432)  can0  210   [7]  FF FF 30 A0 90 00 83
 (1787061818.160626)  can0  4B0   [8]  27 10 27 10 27 10 27 10
 (1787061818.161967)  can0  230   [8]  F0 01 1A 00 61 00 00 00
 (1787061818.162124)  can0  231   [4]  01 00 FF FF
 (1787061818.166962)  can0  200   [7]  02 0B 02 03 02 0B 00
 (1787061818.167164)  can0  201   [8]  0A DE 7C C4 27 10 00 64
 (1787061818.174444)  can0  210   [7]  FF FF 30 A0 90 00 84
 (1787061818.174639)  can0  4B0   [8]  27 10 27 10 27 10 27 10
 (1787061818.176975)  can0  200   [7]  02 0B 02 03 02 0B 00
 (1787061818.177175)  can0  201   [8]  0A DE 7C D8 27 10 00 64
 (1787061818.186998)  can0  200   [7]  02 0B 02 03 02 0B 00
 (1787061818.187178)  can0  201   [8]  0A DE 7C D8 27 10 00 64
 (1787061818.187435)  can0  230   [8]  F0 01 1A 00 61 00 00 00
 (1787061818.187583)  can0  231   [4]  01 00 FF FF
 (1787061818.187817)  can0  420   [7]  83 FB 00 00 00 00 00
 (1787061818.188445)  can0  210   [7]  FF FF 30 A0 90 00 85
 (1787061818.188643)  can0  4B0   [8]  27 10 27 10 27 10 27 10
 (1787061818.196971)  can0  200   [7]  02 0B 02 03 02 0B 00
 (1787061818.197168)  can0  201   [8]  0A DE 7C D8 27 10 00 64
 (1787061818.201030)  can0  7DF   [8]  02 01 10 00 00 00 00 00
 (1787061818.201414)  can0  7E8   [8]  04 41 10 00 A1 00 00 00
 (1787061818.202421)  can0  210   [7]  FF FF 30 A0 90 00 86
 (1787061818.202642)  can0  4B0   [8]  27 10 27 10 27 10 27 10
 (1787061818.205178)  can0  430   [7]  96 88 00 00 2A 3F 60
 (1787061818.206972)  can0  200   [7]  02 0B 02 03 02 0B 00
 (1787061818.207175)  can0  201   [8]  0A DE 7C D8 27 10 00 64
 (1787061818.212000)  can0  230   [8]  F0 01 1A 00 61 00 00 00
 (1787061818.212128)  can0  231   [4]  01 00 FF FF
 (1787061818.216485)  can0  210   [7]  FF FF 30 A0 90 00 87
 (1787061818.216654)  can0  4B0   [8]  27 10 27 10 27 10 27 10
 (1787061818.216961)  can0  200   [7]  02 0B 02 03 02 0B 00
 (1787061818.217190)  can0  201   [8]  0A DD 7C D8 27 10 00 64
 (1787061818.226974)  can0  200   [7]  02 0B 02 03 02 0B 00
 (1787061818.227180)  can0  201   [8]  0A DD 7C EC 27 10 00 64
 (1787061818.230469)  can0  210   [7]  FF FF 30 A0 90 00 88
 (1787061818.230688)  can0  4B0   [8]  27 10 27 10 27 10 27 10
 (1787061818.237001)  can0  200   [7]  02 0B 02 03 02 0B 00
 (1787061818.237165)  can0  201   [8]  0A DD 7C EC 27 10 00 64
 (1787061818.237411)  can0  230   [8]  F0 01 1A 00 61 00 00 00
 (1787061818.237576)  can0  231   [4]  01 00 FF FF
 (1787061818.244481)  can0  210   [7]  FF FF 30 A0 90 00 89
 (1787061818.244683)  can0  4B0   [8]  27 10 27 10 27 10 27 10
 (1787061818.246957)  can0  200   [7]  02 0B 02 03 02 0B 00
 (1787061818.247163)  can0  201   [8]  0A DD 7C EC 27 10 00 64
 (1787061818.251353)  can0  7DF   [8]  02 01 0B 00 00 00 00 00
 (1787061818.251725)  can0  7E8   [8]  03 41 0B 1E 00 00 00 00
 (1787061818.255183)  can0  430   [7]  98 87 00 00 2A 3F 60
 (1787061818.256945)  can0  200   [7]  02 0B 02 03 02 0B 00
 (1787061818.257157)  can0  201   [8]  0A DC 7C EC 27 10 00 64
 (1787061818.258469)  can0  210   [7]  FF FF 30 A0 90 00 8A
 (1787061818.258682)  can0  4B0   [8]  27 10 27 10 27 10 27 10
 (1787061818.261973)  can0  230   [8]  F0 01 1A 00 61 00 00 00
 (1787061818.262115)  can0  231   [4]  01 00 FF FF
 (1787061818.266962)  can0  200   [7]  02 0B 02 03 02 0B 00
 (1787061818.267156)  can0  201   [8]  0A DC 7C EC 27 10 00 64
 (1787061818.272475)  can0  210   [7]  FF FF 30 A0 90 00 8B
 (1787061818.272687)  can0  4B0   [8]  27 10 27 10 27 10 27 10
 (1787061818.276970)  can0  200   [7]  02 0C 02 03 02 0C 00
 (1787061818.277171)  can0  201   [8]  0A DC 7C EC 27 10 00 64
 (1787061818.286490)  can0  210   [7]  FF FF 30 A0 90 00 8C
 (1787061818.286694)  can0  4B0   [8]  27 10 27 10 27 10 27 10
 (1787061818.286936)  can0  200   [7]  02 0C 02 03 02 0C 00
 (1787061818.287169)  can0  201   [8]  0A DC 7C EC 27 10 00 64
 (1787061818.287409)  can0  230   [8]  F0 01 1A 00 61 00 00 00
 (1787061818.287580)  can0  231   [4]  01 00 FF FF
 (1787061818.287807)  can0  420   [7]  83 FB 00 00 00 00 00
 (1787061818.296958)  can0  200   [7]  02 0C 02 04 02 0C 00
 (1787061818.297158)  can0  201   [8]  0A D4 7C 4C 27 10 00 64
 (1787061818.300495)  can0  210   [7]  FF FF 30 A0 90 00 8D
 (1787061818.300711)  can0  4B0   [8]  27 10 27 10 27 10 27 10
 (1787061818.301183)  can0  7DF   [8]  02 01 10 00 00 00 00 00
 (1787061818.301569)  can0  7E8   [8]  04 41 10 00 A6 00 00 00
 (1787061818.305184)  can0  430   [7]  96 87 00 00 2A 3F 60
 (1787061818.306944)  can0  200   [7]  02 0C 02 04 02 0C 00
 (1787061818.307155)  can0  201   [8]  0A D4 7C 4C 27 10 00 64
 (1787061818.311990)  can0  230   [8]  F0 01 1A 00 61 00 00 00
 (1787061818.312127)  can0  231   [4]  01 00 FF FF
 (1787061818.314487)  can0  210   [7]  FF FF 30 A0 90 00 8E
 (1787061818.314710)  can0  4B0   [8]  27 10 27 10 27 10 27 10
 (1787061818.316955)  can0  200   [7]  02 0C 02 04 02 0C 00
 (1787061818.317156)  can0  201   [8]  0A D4 7C 4C 27 10 00 64
 (1787061818.326953)  can0  200   [7]  02 0C 02 04 02 0C 00
 (1787061818.327159)  can0  201   [8]  0A D4 7C 60 27 10 00 64
 (1787061818.328493)  can0  210   [7]  FF FF 30 A0 90 00 8F
 (1787061818.328716)  can0  4B0   [8]  27 10 27 10 27 10 27 10
 (1787061818.336949)  can0  200   [7]  02 0C 02 04 02 0C 00
 (1787061818.337155)  can0  201   [8]  0A D4 7C 60 27 10 00 64
 (1787061818.337390)  can0  230   [8]  F0 01 1A 00 61 00 00 00
 (1787061818.337570)  can0  231   [4]  01 00 FF FF
 (1787061818.342521)  can0  210   [7]  FF FF 30 A0 90 00 90
 (1787061818.342725)  can0  4B0   [8]  27 10 27 10 27 10 27 10
 (1787061818.347010)  can0  200   [7]  02 0C 02 04 02 0C 00
 (1787061818.347174)  can0  201   [8]  0A D5 7D 14 27 10 00 64
 (1787061818.350900)  can0  7DF   [8]  02 01 0B 00 00 00 00 00
 (1787061818.351277)  can0  7E8   [8]  03 41 0B 1E 00 00 00 00
 (1787061818.355200)  can0  430   [7]  96 86 00 00 2A 3F 60
 (1787061818.356521)  can0  210   [7]  FF FF 30 A0 90 00 91
 (1787061818.356742)  can0  4B0   [8]  27 10 27 10 27 10 27 10
 (1787061818.356969)  can0  200   [7]  02 0C 02 04 02 0C 00
 (1787061818.357200)  can0  201   [8]  0A D5 7D 14 27 10 00 64
 (1787061818.362099)  can0  230   [8]  F0 01 1A 00 61 00 00 00
 (1787061818.362237)  can0  231   [4]  01 00 FF FF
 (1787061818.366943)  can0  200   [7]  02 0C 02 04 02 0C 00
 (1787061818.367149)  can0  201   [8]  0A D5 7D 14 27 10 00 64
 (1787061818.370534)  can0  210   [7]  FF FF 30 A0 90 00 92
 (1787061818.370751)  can0  4B0   [8]  27 10 27 10 27 10 27 10
 (1787061818.376985)  can0  200   [7]  02 0C 02 04 02 0C 00
 (1787061818.377154)  can0  201   [8]  0A D5 7D 14 27 10 00 64
 (1787061818.384561)  can0  210   [7]  FF FF 30 A0 90 00 93
 (1787061818.384765)  can0  4B0   [8]  27 10 27 10 27 10 27 10
 (1787061818.386975)  can0  200   [7]  02 0C 02 04 02 0C 00
 (1787061818.387160)  can0  201   [8]  0A D7 7D 14 27 10 00 64
 (1787061818.387403)  can0  230   [8]  F0 01 1A 00 61 00 00 00
 (1787061818.387568)  can0  231   [4]  01 00 FF FF
 (1787061818.387801)  can0  420   [7]  83 FB 00 00 00 00 00
 (1787061818.396958)  can0  200   [7]  02 0C 02 04 02 0C 00
 (1787061818.397155)  can0  201   [8]  0A D7 7D 28 27 10 00 64
 (1787061818.398545)  can0  210   [7]  FF FF 30 A0 90 00 94
 (1787061818.398766)  can0  4B0   [8]  27 10 27 10 27 10 27 10
 (1787061818.400944)  can0  7DF   [8]  02 01 10 00 00 00 00 00
 (1787061818.401332)  can0  7E8   [8]  04 41 10 00 9F 00 00 00
 (1787061818.405192)  can0  430   [7]  96 86 00 00 2A 3F 60
 (1787061818.406930)  can0  200   [7]  02 0C 02 04 02 0C 00
 (1787061818.407153)  can0  201   [8]  0A D7 7D 28 27 10 00 64
 (1787061818.411975)  can0  230   [8]  F0 01 1A 00 61 00 00 00
 (1787061818.412113)  can0  231   [4]  01 00 FF FF
 (1787061818.412542)  can0  210   [7]  FF FF 30 A0 90 00 95
 (1787061818.412772)  can0  4B0   [8]  27 10 27 10 27 10 27 10
 (1787061818.416980)  can0  200   [7]  02 0C 02 04 02 0C 00
 (1787061818.417155)  can0  201   [8]  0A D7 7D 28 27 10 00 64
 (1787061818.426585)  can0  210   [7]  FF FF 30 A0 90 00 96
 (1787061818.426781)  can0  4B0   [8]  27 10 27 10 27 10 27 10
 (1787061818.427003)  can0  200   [7]  02 0C 02 04 02 0C 00
 (1787061818.427241)  can0  201   [8]  0A D7 7D 28 27 10 00 64
 (1787061818.436977)  can0  200   [7]  02 0C 02 04 02 0C 00
 (1787061818.437152)  can0  201   [8]  0A D7 7D 28 27 10 00 64
 (1787061818.437400)  can0  230   [8]  F0 01 1A 00 61 00 00 00
 (1787061818.437562)  can0  231   [4]  01 00 FF FF
 (1787061818.440567)  can0  210   [7]  FF FF 30 A0 90 00 97
 (1787061818.440779)  can0  4B0   [8]  27 10 27 10 27 10 27 10
 (1787061818.446981)  can0  200   [7]  02 0C 02 04 02 0C 00
 (1787061818.447160)  can0  201   [8]  0A D7 7D 00 27 10 00 64
 (1787061818.451430)  can0  7DF   [8]  02 01 0B 00 00 00 00 00
 (1787061818.451795)  can0  7E8   [8]  03 41 0B 1E 00 00 00 00
 (1787061818.454613)  can0  210   [7]  FF FF 30 A0 90 00 98
 (1787061818.454808)  can0  4B0   [8]  27 10 27 10 27 10 27 10
 (1787061818.455156)  can0  430   [7]  96 87 00 00 2A 3F 60
 (1787061818.456944)  can0  200   [7]  02 0C 02 04 02 0C 00
 (1787061818.457148)  can0  201   [8]  0A D7 7D 00 27 10 00 64
 (1787061818.461957)  can0  230   [8]  F0 01 1A 00 61 00 00 00
 (1787061818.462098)  can0  231   [4]  01 00 FF FF
 (1787061818.466932)  can0  200   [7]  02 0C 02 04 02 0C 00
 (1787061818.467145)  can0  201   [8]  0A D7 7D 00 27 10 00 64
 (1787061818.468594)  can0  210   [7]  FF FF 30 A0 90 00 99
 (1787061818.468826)  can0  4B0   [8]  27 10 27 10 27 10 27 10
 (1787061818.476964)  can0  200   [7]  02 0C 02 04 02 0C 00
 (1787061818.477168)  can0  201   [8]  0A D7 7D 00 27 10 00 64
 (1787061818.482640)  can0  210   [7]  FF FF 30 A0 90 00 9A
 (1787061818.482822)  can0  4B0   [8]  27 10 27 10 27 10 27 10
 (1787061818.486971)  can0  200   [7]  02 0C 02 04 02 0C 00
 (1787061818.487156)  can0  201   [8]  0A D7 7D 00 27 10 00 64
 (1787061818.487395)  can0  230   [8]  F0 01 1A 00 61 00 00 00
 (1787061818.487561)  can0  231   [4]  01 00 FF FF
 (1787061818.487793)  can0  420   [7]  83 FB 00 00 00 00 00
 (1787061818.496645)  can0  210   [7]  FF FF 30 A0 90 00 9B
 (1787061818.496820)  can0  4B0   [8]  27 10 27 10 27 10 27 10
 (1787061818.497049)  can0  200   [7]  02 0C 02 04 02 0C 00
 (1787061818.497294)  can0  201   [8]  0A D7 7D 00 27 10 00 64
 (1787061818.500829)  can0  7DF   [8]  02 01 10 00 00 00 00 00
 (1787061818.501203)  can0  7E8   [8]  04 41 10 00 9F 00 00 00
 (1787061818.505191)  can0  430   [7]  98 88 00 00 2A 3F 60
 (1787061818.506941)  can0  200   [7]  02 0C 02 04 02 0C 00
 (1787061818.507142)  can0  201   [8]  0A D7 7D 00 27 10 00 64
 (1787061818.510631)  can0  210   [7]  FF FF 30 A0 90 00 9C
 (1787061818.510827)  can0  4B0   [8]  27 10 27 10 27 10 27 10
 (1787061818.511950)  can0  230   [8]  F0 01 1A 00 61 00 00 00
 (1787061818.512115)  can0  231   [4]  01 00 FF FF
 (1787061818.516963)  can0  200   [7]  02 0C 02 04 02 0C 00
 (1787061818.517137)  can0  201   [8]  0A D9 7D 00 27 10 00 64
 (1787061818.524657)  can0  210   [7]  FF FF 30 A0 90 00 9D
 (1787061818.524842)  can0  4B0   [8]  27 10 27 10 27 10 27 10
 (1787061818.526964)  can0  200   [7]  02 0C 02 04 02 0C 00
 (1787061818.527146)  can0  201   [8]  0A D9 7D 28 27 10 00 64
 (1787061818.536954)  can0  200   [7]  02 0C 02 04 02 0C 00
 (1787061818.537137)  can0  201   [8]  0A D9 7D 28 27 10 00 64
 (1787061818.537384)  can0  230   [8]  F0 01 1A 00 61 00 00 00
 (1787061818.537553)  can0  231   [4]  01 00 FF FF
 (1787061818.538704)  can0  210   [7]  FF FF 30 A0 90 00 9E
 (1787061818.538853)  can0  4B0   [8]  27 10 27 10 27 10 27 10
 (1787061818.546942)  can0  200   [7]  02 0C 02 04 02 0C 00
 (1787061818.547139)  can0  201   [8]  0A D9 7D 28 27 10 00 64
 (1787061818.551143)  can0  7DF   [8]  02 01 0B 00 00 00 00 00
 (1787061818.551519)  can0  7E8   [8]  03 41 0B 1F 00 00 00 00
 (1787061818.552639)  can0  210   [7]  FF FF 30 A0 90 00 9F
 (1787061818.552862)  can0  4B0   [8]  27 10 27 10 27 10 27 10
 (1787061818.555182)  can0  430   [7]  98 87 00 00 2A 3F 60
 (1787061818.556965)  can0  200   [7]  02 0C 02 04 02 0C 00
 (1787061818.557134)  can0  201   [8]  0A D9 7D 28 27 10 00 64
 (1787061818.561937)  can0  230   [8]  F0 01 1A 00 61 00 00 00
 (1787061818.562089)  can0  231   [4]  01 00 FF FF
 (1787061818.566742)  can0  210   [7]  FF FF 30 A0 90 00 A0
 (1787061818.566868)  can0  4B0   [8]  27 10 27 10 27 10 27 10
 (1787061818.567105)  can0  200   [7]  02 0C 02 04 02 0C 00
 (1787061818.567320)  can0  201   [8]  0A D9 7D 28 27 10 00 64
 (1787061818.576980)  can0  200   [7]  02 0C 02 04 02 0C 00
 (1787061818.577139)  can0  201   [8]  0A D9 7D 00 27 10 00 64
 (1787061818.580661)  can0  210   [7]  FF FF 30 A0 90 00 A1
 (1787061818.580883)  can0  4B0   [8]  27 10 27 10 27 10 27 10
 (1787061818.586943)  can0  200   [7]  02 0C 02 04 02 0C 00
 (1787061818.587148)  can0  201   [8]  0A D9 7D 00 27 10 00 64
 (1787061818.587382)  can0  230   [8]  F0 01 1A 00 61 00 00 00
 (1787061818.587553)  can0  231   [4]  01 00 FF FF
 (1787061818.587779)  can0  420   [7]  83 FB 00 00 00 00 00
 (1787061818.594686)  can0  210   [7]  FF FF 30 A0 90 00 A2
 (1787061818.594901)  can0  4B0   [8]  27 10 27 10 27 10 27 10
 (1787061818.596949)  can0  200   [7]  02 0C 02 03 02 0C 00
 (1787061818.597141)  can0  201   [8]  0A DD 7D 50 27 10 00 64
 (1787061818.601187)  can0  7DF   [8]  02 01 10 00 00 00 00 00
 (1787061818.601561)  can0  7E8   [8]  04 41 10 00 A4 00 00 00
 (1787061818.605182)  can0  430   [7]  96 87 00 00 2A 3F 60
 (1787061818.606908)  can0  200   [7]  02 0C 02 03 02 0C 00
 (1787061818.607134)  can0  201   [8]  0A DD 7D 50 27 10 00 64
 (1787061818.608664)  can0  210   [7]  FF FF 30 A0 90 00 A3
 (1787061818.608904)  can0  4B0   [8]  27 10 27 10 27 10 27 10
 (1787061818.611956)  can0  230   [8]  F0 01 1A 00 61 00 00 00
 (1787061818.612096)  can0  231   [4]  01 00 FF FF
 (1787061818.616972)  can0  200   [7]  02 0C 02 03 02 0C 00
 (1787061818.617138)  can0  201   [8]  0A DD 7D 50 27 10 00 64
 (1787061818.622695)  can0  210   [7]  FF FF 30 A0 90 00 A4
 (1787061818.622902)  can0  4B0   [8]  27 10 27 10 27 10 27 10
 (1787061818.626926)  can0  200   [7]  02 0C 02 04 02 0C 00
 (1787061818.627154)  can0  201   [8]  0A DD 7D 50 27 10 00 64
 (1787061818.636731)  can0  210   [7]  FF FF 30 A0 90 00 A5
 (1787061818.636930)  can0  4B0   [8]  27 10 27 10 27 10 27 10
 (1787061818.637142)  can0  200   [7]  02 0C 02 04 02 0C 00
 (1787061818.637374)  can0  201   [8]  0A DD 7D 50 27 10 00 64
 (1787061818.637611)  can0  230   [8]  F0 01 1A 00 61 00 00 00
 (1787061818.637780)  can0  231   [4]  01 00 FF FF
 (1787061818.646944)  can0  200   [7]  02 0C 02 03 02 0C 00
 (1787061818.647141)  can0  201   [8]  0A E0 7D 3C 27 10 00 64
 (1787061818.650723)  can0  210   [7]  FF FF 30 A0 90 00 A6
 (1787061818.650921)  can0  4B0   [8]  27 10 27 10 27 10 27 10
 (1787061818.651587)  can0  7DF   [8]  02 01 0B 00 00 00 00 00
 (1787061818.652086)  can0  7E8   [8]  03 41 0B 1E 00 00 00 00
 (1787061818.655187)  can0  430   [7]  96 86 00 00 2A 3F 60
 (1787061818.657019)  can0  200   [7]  02 0C 02 03 02 0C 00
 (1787061818.657244)  can0  201   [8]  0A E0 7D 3C 27 10 00 64
 (1787061818.661934)  can0  230   [8]  F0 01 1A 00 61 00 00 00
 (1787061818.662080)  can0  231   [4]  01 00 FF FF
 (1787061818.664695)  can0  210   [7]  FF FF 30 A0 90 00 A7
 (1787061818.664922)  can0  4B0   [8]  27 10 27 10 27 10 27 10
 (1787061818.666912)  can0  200   [7]  02 0C 02 03 02 0C 00
 (1787061818.667143)  can0  201   [8]  0A E0 7D 3C 27 10 00 64
 (1787061818.676951)  can0  200   [7]  02 0B 02 03 02 0B 00
 (1787061818.677131)  can0  201   [8]  0A E0 7D 3C 27 10 00 64
 (1787061818.678725)  can0  210   [7]  FF FF 30 A0 90 00 A8
 (1787061818.678930)  can0  4B0   [8]  27 10 27 10 27 10 27 10
 (1787061818.686929)  can0  200   [7]  02 0B 02 03 02 0B 00
 (1787061818.687133)  can0  201   [8]  0A E1 7D 3C 27 10 00 64
 (1787061818.687365)  can0  230   [8]  F0 01 1A 00 61 00 00 00
 (1787061818.687540)  can0  231   [4]  01 00 FF FF
 (1787061818.687762)  can0  420   [7]  83 FB 00 00 00 00 00
 (1787061818.692712)  can0  210   [7]  FF FF 30 A0 90 00 A9
 (1787061818.692941)  can0  4B0   [8]  27 10 27 10 27 10 27 10
 (1787061818.696973)  can0  200   [7]  02 0B 02 03 02 0B 00
 (1787061818.697122)  can0  201   [8]  0A E1 7D 14 27 10 00 64
 (1787061818.701410)  can0  7DF   [8]  02 01 10 00 00 00 00 00
 (1787061818.701800)  can0  7E8   [8]  04 41 10 00 9F 00 00 00
 (1787061818.705187)  can0  430   [7]  96 86 00 00 2A 3F 60
 (1787061818.706746)  can0  210   [7]  FF FF 30 A0 90 00 AA
 (1787061818.706933)  can0  200   [7]  02 0B 02 03 02 0B 00
 (1787061818.707166)  can0  201   [8]  0A E1 7D 14 27 10 00 64
 (1787061818.707410)  can0  4B0   [8]  27 10 27 10 27 10 27 10
 (1787061818.711967)  can0  230   [8]  F0 01 1A 00 61 00 00 00
 (1787061818.712103)  can0  231   [4]  01 00 FF FF
 (1787061818.716947)  can0  200   [7]  02 0B 02 03 02 0B 00
 (1787061818.717120)  can0  201   [8]  0A E1 7D 14 27 10 00 64
 (1787061818.720731)  can0  210   [7]  FF FF 30 A0 90 00 AB
 (1787061818.720954)  can0  4B0   [8]  27 10 27 10 27 10 27 10
 (1787061818.726985)  can0  200   [7]  02 0B 02 03 02 0B 00
 (1787061818.727122)  can0  201   [8]  0A E3 7D 14 27 10 00 64
 (1787061818.734774)  can0  210   [7]  FF FF 30 A0 90 00 AC
 (1787061818.734967)  can0  4B0   [8]  27 10 27 10 27 10 27 10
 (1787061818.736965)  can0  200   [7]  02 0B 02 03 02 0B 00
 (1787061818.737120)  can0  201   [8]  0A E3 7D 14 27 10 00 64
 (1787061818.737365)  can0  230   [8]  F0 01 1A 00 61 00 00 00
 (1787061818.737528)  can0  231   [4]  01 00 FF FF
 (1787061818.746927)  can0  200   [7]  02 0B 02 03 02 0B 00
 (1787061818.747121)  can0  201   [8]  0A E3 7D 28 27 10 00 64
 (1787061818.748750)  can0  210   [7]  FF FF 30 A0 90 00 AD
 (1787061818.748970)  can0  4B0   [8]  27 10 27 10 27 10 27 10
 (1787061818.751240)  can0  7DF   [8]  02 01 0B 00 00 00 00 00
 (1787061818.751627)  can0  7E8   [8]  03 41 0B 1E 00 00 00 00
 (1787061818.755238)  can0  430   [7]  96 87 00 00 2A 3F 60
 (1787061818.756971)  can0  200   [7]  02 0B 02 03 02 0B 00
 (1787061818.757125)  can0  201   [8]  0A E3 7D 28 27 10 00 64
 (1787061818.761935)  can0  230   [8]  F0 01 1A 00 61 00 00 00
 (1787061818.762076)  can0  231   [4]  01 00 FF FF
 (1787061818.762757)  can0  210   [7]  FF FF 30 A0 90 00 AE
 (1787061818.762977)  can0  4B0   [8]  27 10 27 10 27 10 27 10
 (1787061818.766930)  can0  200   [7]  02 0B 02 03 02 0B 00
 (1787061818.767118)  can0  201   [8]  0A E3 7D 28 27 10 00 64
 (1787061818.776789)  can0  210   [7]  FF FF 30 A0 90 00 AF
 (1787061818.776977)  can0  200   [7]  02 0B 02 03 02 0B 00
 (1787061818.777208)  can0  201   [8]  0A E1 7D 00 27 10 00 64
 (1787061818.777442)  can0  4B0   [8]  27 10 27 10 27 10 27 10
 (1787061818.786923)  can0  200   [7]  02 0B 02 03 02 0B 00
 (1787061818.787126)  can0  201   [8]  0A E1 7D 00 27 10 00 64
 (1787061818.787363)  can0  230   [8]  F0 01 1A 00 61 00 00 00
 (1787061818.787536)  can0  231   [4]  01 00 FF FF
 (1787061818.787762)  can0  420   [7]  83 FB 00 00 00 00 00
 (1787061818.790801)  can0  210   [7]  FF FF 30 A0 90 00 B0
 (1787061818.791004)  can0  4B0   [8]  27 10 27 10 27 10 27 10
 (1787061818.796942)  can0  200   [7]  02 0C 02 03 02 0C 00
 (1787061818.797113)  can0  201   [8]  0A E1 7C D8 27 10 00 64
 (1787061818.800794)  can0  7DF   [8]  02 01 10 00 00 00 00 00
 (1787061818.801172)  can0  7E8   [8]  04 41 10 00 A1 00 00 00
 (1787061818.801400)  can0  7DF   [8]  02 01 42 00 00 00 00 00
 (1787061818.801800)  can0  7E8   [8]  04 41 42 35 49 00 00 00
 (1787061818.804778)  can0  210   [7]  FF FF 30 A0 90 00 B1
 (1787061818.805000)  can0  4B0   [8]  27 10 27 10 27 10 27 10
 (1787061818.805219)  can0  430   [7]  96 87 00 00 2A 3F 60
 (1787061818.806883)  can0  200   [7]  02 0C 02 03 02 0C 00
 (1787061818.807113)  can0  201   [8]  0A E1 7C D8 27 10 00 64
 (1787061818.812092)  can0  230   [8]  F0 01 1A 00 61 00 00 00
 (1787061818.812191)  can0  231   [4]  01 00 FF FF
 (1787061818.816925)  can0  200   [7]  02 0C 02 03 02 0C 00
 (1787061818.817124)  can0  201   [8]  0A DC 7C D8 27 10 00 64
 (1787061818.818799)  can0  210   [7]  FF FF 30 A0 90 00 B2
 (1787061818.819015)  can0  4B0   [8]  27 10 27 10 27 10 27 10
 (1787061818.826943)  can0  200   [7]  02 0C 02 04 02 0C 00
 (1787061818.827113)  can0  201   [8]  0A DC 7C 9C 27 10 00 64
 (1787061818.832828)  can0  210   [7]  FF FF 30 A0 90 00 B3
 (1787061818.833072)  can0  4B0   [8]  27 10 27 10 27 10 27 10
 (1787061818.836934)  can0  200   [7]  02 0C 02 04 02 0C 00
 (1787061818.837110)  can0  201   [8]  0A DC 7C 9C 27 10 00 64
 (1787061818.837346)  can0  230   [8]  F0 01 1A 00 61 00 00 00
 (1787061818.837520)  can0  231   [4]  01 00 FF FF
 (1787061818.846845)  can0  210   [7]  FF FF 30 A0 90 00 B4
 (1787061818.847032)  can0  200   [7]  02 0C 02 03 02 0C 00
 (1787061818.847264)  can0  201   [8]  0A DC 7C 9C 27 10 00 64
 (1787061818.847495)  can0  4B0   [8]  27 10 27 10 27 10 27 10
 (1787061818.851258)  can0  7DF   [8]  02 01 0B 00 00 00 00 00
 (1787061818.851623)  can0  7E8   [8]  03 41 0B 1F 00 00 00 00
 (1787061818.855197)  can0  430   [7]  98 87 00 00 2A 3F 60
 (1787061818.856949)  can0  200   [7]  02 0C 02 03 02 0C 00
 (1787061818.857107)  can0  201   [8]  0A D5 7C 9C 27 10 00 64
 (1787061818.860831)  can0  210   [7]  FF FF 30 A0 90 00 B5
 (1787061818.861044)  can0  4B0   [8]  27 10 27 10 27 10 27 10
 (1787061818.861921)  can0  230   [8]  F0 01 1A 00 61 00 00 00
 (1787061818.862082)  can0  231   [4]  01 00 FF FF
 (1787061818.866974)  can0  200   [7]  02 0C 02 03 02 0C 00
 (1787061818.867107)  can0  201   [8]  0A D5 7C 9C 27 10 00 64
 (1787061818.874850)  can0  210   [7]  FF FF 30 A0 90 00 B6
 (1787061818.875052)  can0  4B0   [8]  27 10 27 10 27 10 27 10
 (1787061818.876888)  can0  200   [7]  02 0C 02 04 02 0C 00
 (1787061818.877107)  can0  201   [8]  0A D5 7C 74 27 10 00 64
 (1787061818.886938)  can0  200   [7]  02 0C 02 04 02 0C 00
 (1787061818.887125)  can0  201   [8]  0A D5 7C 74 27 10 00 64
 (1787061818.887360)  can0  230   [8]  F0 01 1A 00 61 00 00 00
 (1787061818.887531)  can0  231   [4]  01 00 FF FF
 (1787061818.887765)  can0  420   [7]  83 FB 00 00 00 00 00
 (1787061818.888902)  can0  210   [7]  FF FF 30 A0 90 00 B7
 (1787061818.889071)  can0  4B0   [8]  27 10 27 10 27 10 27 10
 (1787061818.896943)  can0  200   [7]  02 0C 02 04 02 0C 00
 (1787061818.897104)  can0  201   [8]  0A D5 7C 24 27 10 00 64
 (1787061818.901307)  can0  7DF   [8]  02 01 10 00 00 00 00 00
 (1787061818.901689)  can0  7E8   [8]  04 41 10 00 A4 00 00 00
 (1787061818.902860)  can0  210   [7]  FF FF 30 A0 90 00 B8
 (1787061818.903071)  can0  4B0   [8]  27 10 27 10 27 10 27 10
 (1787061818.905208)  can0  430   [7]  98 87 00 00 2A 3F 60
 (1787061818.906922)  can0  200   [7]  02 0C 02 04 02 0C 00
 (1787061818.907122)  can0  201   [8]  0A D1 7C 24 27 10 00 64
 (1787061818.911939)  can0  230   [8]  F0 01 1A 00 61 00 00 00
 (1787061818.912074)  can0  231   [4]  01 00 FF FF
 (1787061818.916920)  can0  210   [7]  FF FF 30 A0 90 00 B9
 (1787061818.917064)  can0  200   [7]  02 0C 02 04 02 0C 00
 (1787061818.917294)  can0  201   [8]  0A D1 7C 24 27 10 00 64
 (1787061818.917525)  can0  4B0   [8]  27 10 27 10 27 10 27 10
 (1787061818.926906)  can0  200   [7]  02 0C 02 04 02 0C 00
 (1787061818.927113)  can0  201   [8]  0A D1 7C B0 27 10 00 64
 (1787061818.930871)  can0  210   [7]  FF FF 30 A0 90 00 BA
 (1787061818.931079)  can0  4B0   [8]  27 10 27 10 27 10 27 10
 (1787061818.936922)  can0  200   [7]  02 0C 02 04 02 0C 00
 (1787061818.937107)  can0  201   [8]  0A D1 7C B0 27 10 00 64
 (1787061818.937344)  can0  230   [8]  F0 01 1A 00 61 00 00 00
 (1787061818.937514)  can0  231   [4]  01 00 FF FF
 (1787061818.944957)  can0  210   [7]  FF FF 30 A0 90 00 BB
 (1787061818.945091)  can0  4B0   [8]  27 10 27 10 27 10 27 10
 (1787061818.946907)  can0  200   [7]  02 0C 02 04 02 0C 00
 (1787061818.947105)  can0  201   [8]  0A D7 7D 78 27 10 00 64
 (1787061818.951370)  can0  7DF   [8]  02 01 0B 00 00 00 00 00
 (1787061818.952039)  can0  7E8   [8]  03 41 0B 1E 00 00 00 00
 (1787061818.955168)  can0  430   [7]  99 86 00 00 2A 3F 60
 (1787061818.956885)  can0  200   [7]  02 0C 02 04 02 0C 00
 (1787061818.957102)  can0  201   [8]  0A D7 7D 78 27 10 00 64
 (1787061818.958887)  can0  210   [7]  FF FF 30 A0 90 00 BC
 (1787061818.959097)  can0  4B0   [8]  27 10 27 10 27 10 27 10
 (1787061818.962001)  can0  230   [8]  F0 01 1A 00 61 00 00 00
 (1787061818.962099)  can0  231   [4]  01 00 FF FF
 (1787061818.966913)  can0  200   [7]  02 0C 02 04 02 0C 00
 (1787061818.967113)  can0  201   [8]  0A D7 7D 78 27 10 00 64
 (1787061818.972942)  can0  210   [7]  FF FF 30 A0 90 00 BD
 (1787061818.973106)  can0  4B0   [8]  27 10 27 10 27 10 27 10
 (1787061818.976956)  can0  200   [7]  02 0C 02 04 02 0C 00
 (1787061818.977102)  can0  201   [8]  0A D7 7D 78 27 10 00 64
 (1787061818.986904)  can0  200   [7]  02 0C 02 04 02 0C 00
 (1787061818.987110)  can0  201   [8]  0A D8 7D 78 27 10 00 64
 (1787061818.987326)  can0  210   [7]  FF FF 30 A0 90 00 BE
 (1787061818.987560)  can0  230   [8]  F0 01 1A 00 61 00 00 00
 (1787061818.987730)  can0  231   [4]  01 00 FF FF
 (1787061818.987964)  can0  420   [7]  83 FB 00 00 00 00 00
 (1787061818.988219)  can0  4B0   [8]  27 10 27 10 27 10 27 10
 (1787061818.996927)  can0  200   [7]  02 0C 02 04 02 0C 00
 (1787061818.997096)  can0  201   [8]  0A D8 7D 14 27 10 00 64
 (1787061819.000941)  can0  210   [7]  FF FF 30 A0 90 00 BF
 (1787061819.001127)  can0  4B0   [8]  27 10 27 10 27 10 27 10
 (1787061819.001377)  can0  7DF   [8]  02 01 10 00 00 00 00 00
 (1787061819.001774)  can0  7E8   [8]  04 41 10 00 A4 00 00 00
 (1787061819.005192)  can0  430   [7]  99 87 00 00 2A 3F 60
 (1787061819.006908)  can0  200   [7]  02 0C 02 04 02 0C 00
 (1787061819.007098)  can0  201   [8]  0A D8 7D 14 27 10 00 64
 (1787061819.011918)  can0  230   [8]  F0 01 1A 00 61 00 00 00
 (1787061819.012064)  can0  231   [4]  01 00 FF FF
 (1787061819.014915)  can0  210   [7]  FF FF 30 A0 90 00 C0
 (1787061819.015135)  can0  4B0   [8]  27 10 27 10 27 10 27 10
 (1787061819.017008)  can0  200   [7]  02 0C 02 04 02 0C 00
 (1787061819.017169)  can0  201   [8]  0A D8 7D 14 27 10 00 64
 (1787061819.026911)  can0  200   [7]  02 0C 02 04 02 0C 00
 (1787061819.027125)  can0  201   [8]  0A D8 7D 14 27 10 00 64
 (1787061819.028937)  can0  210   [7]  FF FF 30 A0 90 00 C1
 (1787061819.029143)  can0  4B0   [8]  27 10 27 10 27 10 27 10
 (1787061819.036939)  can0  200   [7]  02 0C 02 04 02 0C 00
 (1787061819.037111)  can0  201   [8]  0A D3 7D 14 27 10 00 64
 (1787061819.037340)  can0  230   [8]  F0 01 1A 00 61 00 00 00
 (1787061819.037507)  can0  231   [4]  01 00 FF FF
 (1787061819.042933)  can0  210   [7]  FF FF 30 A0 90 00 C2
 (1787061819.043140)  can0  4B0   [8]  27 10 27 10 27 10 27 10
 (1787061819.046910)  can0  200   [7]  02 0C 02 04 02 0C 00
 (1787061819.047095)  can0  201   [8]  0A D3 7C 9C 27 10 00 64
 (1787061819.050856)  can0  7DF   [8]  02 01 0B 00 00 00 00 00
 (1787061819.051230)  can0  7E8   [8]  03 41 0B 1E 00 00 00 00
 (1787061819.055194)  can0  430   [7]  99 86 00 00 2A 3F 60
 (1787061819.056902)  can0  200   [7]  02 0C 02 04 02 0C 00
 (1787061819.057094)  can0  201   [8]  0A D3 7C 9C 27 10 00 64
 (1787061819.057312)  can0  210   [7]  FF FF 30 A0 90 00 C3
 (1787061819.057545)  can0  4B0   [8]  27 10 27 10 27 10 27 10
 (1787061819.061911)  can0  230   [8]  F0 01 1A 00 61 00 00 00
 (1787061819.062065)  can0  231   [4]  01 00 FF FF
 (1787061819.066905)  can0  200   [7]  02 0C 02 04 02 0C 00
 (1787061819.067097)  can0  201   [8]  0A D3 7C 9C 27 10 00 64
 (1787061819.070951)  can0  210   [7]  FF FF 30 A0 90 00 C4
 (1787061819.071169)  can0  4B0   [8]  27 10 27 10 27 10 27 10
 (1787061819.076990)  can0  200   [7]  02 0C 02 04 02 0C 00
 (1787061819.077124)  can0  201   [8]  0A D9 7D 14 27 10 00 64
 (1787061819.084967)  can0  210   [7]  FF FF 30 A0 90 00 C5
 (1787061819.085199)  can0  4B0   [8]  27 10 27 10 27 10 27 10
 (1787061819.086888)  can0  200   [7]  02 0C 02 04 02 0C 00
 (1787061819.087092)  can0  201   [8]  0A D9 7D 14 27 10 00 64
 (1787061819.087338)  can0  230   [8]  F0 01 1A 00 61 00 00 00
 (1787061819.087507)  can0  231   [4]  01 00 FF FF
 (1787061819.087732)  can0  420   [7]  83 FB 00 00 00 00 00
 (1787061819.087969)  can0  620   [8]  0D 40 12 1E 10 00 01 20
 (1787061819.088221)  can0  630   [8]  84 01 9F 00 00 00 4F 4F
 (1787061819.096934)  can0  200   [7]  02 0C 02 04 02 0C 00
 (1787061819.097091)  can0  201   [8]  0A D9 7D 78 27 10 00 64
 (1787061819.098954)  can0  210   [7]  FF FF 30 A0 90 00 C6
 (1787061819.099180)  can0  4B0   [8]  27 10 27 10 27 10 27 10
 (1787061819.101270)  can0  7DF   [8]  02 01 10 00 00 00 00 00
 (1787061819.101651)  can0  7E8   [8]  04 41 10 00 A1 00 00 00
 (1787061819.105264)  can0  430   [7]  99 87 00 00 2A 3F 60
 (1787061819.106893)  can0  200   [7]  02 0C 02 04 02 0C 00
 (1787061819.107102)  can0  201   [8]  0A D9 7D 78 27 10 00 64
 (1787061819.111929)  can0  230   [8]  F0 01 1A 00 61 00 00 00
 (1787061819.112074)  can0  231   [4]  01 00 FF FF
 (1787061819.112982)  can0  210   [7]  FF FF 30 A0 90 00 C7
 (1787061819.113202)  can0  4B0   [8]  27 10 27 10 27 10 27 10
 (1787061819.116913)  can0  200   [7]  02 0C 02 04 02 0C 00
 (1787061819.117087)  can0  201   [8]  0A E0 7D 78 27 10 00 64
 (1787061819.126901)  can0  200   [7]  02 0C 02 04 02 0C 00
 (1787061819.127091)  can0  201   [8]  0A E0 7D 8C 27 10 00 64
 (1787061819.127308)  can0  210   [7]  FF FF 30 A0 90 00 C8
 (1787061819.127542)  can0  4B0   [8]  27 10 27 10 27 10 27 10
 (1787061819.136991)  can0  200   [7]  02 0C 02 04 02 0C 00
 (1787061819.137134)  can0  201   [8]  0A E0 7D 8C 27 10 00 64
 (1787061819.137385)  can0  230   [8]  F0 01 1A 00 61 00 00 00
 (1787061819.137512)  can0  231   [4]  01 00 FF FF
 (1787061819.141004)  can0  210   [7]  FF FF 30 A0 90 00 C9
 (1787061819.141212)  can0  4B0   [8]  27 10 27 10 27 10 27 10
 (1787061819.146919)  can0  200   [7]  02 0C 02 03 02 0C 00
 (1787061819.147090)  can0  201   [8]  0A E0 7D 8C 27 10 00 64
 (1787061819.150695)  can0  7DF   [8]  02 01 0B 00 00 00 00 00
 (1787061819.151066)  can0  7E8   [8]  03 41 0B 1F 00 00 00 00
 (1787061819.155021)  can0  210   [7]  FF FF 30 A0 90 00 CA
 (1787061819.155198)  can0  430   [7]  96 87 00 00 2A 3F 60
 (1787061819.155431)  can0  4B0   [8]  27 10 27 10 27 10 27 10
 (1787061819.156856)  can0  200   [7]  02 0C 02 03 02 0C 00
 (1787061819.157079)  can0  201   [8]  0A E0 7D 8C 27 10 00 64
 (1787061819.161880)  can0  230   [8]  F0 01 1A 00 61 00 00 00
 (1787061819.162035)  can0  231   [4]  01 00 FF FF
 (1787061819.166903)  can0  200   [7]  02 0C 02 03 02 0C 00
 (1787061819.167089)  can0  201   [8]  0A DE 7D 8C 27 10 00 64
 (1787061819.169021)  can0  210   [7]  FF FF 30 A0 90 00 CB
 (1787061819.169243)  can0  4B0   [8]  27 10 27 10 27 10 27 10
 (1787061819.176902)  can0  200   [7]  02 0C 02 04 02 0C 00
 (1787061819.177080)  can0  201   [8]  0A DE 7C D8 27 10 00 64
 (1787061819.183035)  can0  210   [7]  FF FF 30 A0 90 00 CC
 (1787061819.183242)  can0  4B0   [8]  27 10 27 10 27 10 27 10
 (1787061819.186896)  can0  200   [7]  02 0C 02 04 02 0C 00
 (1787061819.187085)  can0  201   [8]  0A DE 7C D8 27 10 00 64
 (1787061819.187320)  can0  230   [8]  F0 01 1A 00 61 00 00 00
 (1787061819.187491)  can0  231   [4]  01 00 FF FF
 (1787061819.187726)  can0  420   [7]  83 FB 00 00 00 00 00
 (1787061819.196917)  can0  200   [7]  02 0C 02 03 02 0C 00
 (1787061819.197084)  can0  201   [8]  0A DE 7C D8 27 10 00 64
 (1787061819.197331)  can0  210   [7]  FF FF 30 A0 90 00 CD
 (1787061819.197557)  can0  4B0   [8]  27 10 27 10 27 10 27 10
 (1787061819.201206)  can0  7DF   [8]  02 01 10 00 00 00 00 00
 (1787061819.201594)  can0  7E8   [8]  04 41 10 00 9F 00 00 00
 (1787061819.205205)  can0  430   [7]  96 87 00 00 2A 3F 60
 (1787061819.206877)  can0  200   [7]  02 0C 02 03 02 0C 00
 (1787061819.207089)  can0  201   [8]  0A DE 7C D8 27 10 00 64
 (1787061819.211056)  can0  210   [7]  FF FF 30 A0 90 00 CE
 (1787061819.211250)  can0  4B0   [8]  27 10 27 10 27 10 27 10
 (1787061819.211899)  can0  230   [8]  F0 01 1A 00 61 00 00 00
 (1787061819.212071)  can0  231   [4]  01 00 FF FF
 (1787061819.216906)  can0  200   [7]  02 0C 02 03 02 0C 00
 (1787061819.217080)  can0  201   [8]  0A DE 7C D8 27 10 00 64
 (1787061819.225074)  can0  210   [7]  FF FF 30 A0 90 00 CF
 (1787061819.225274)  can0  4B0   [8]  27 10 27 10 27 10 27 10
 (1787061819.226883)  can0  200   [7]  02 0C 02 03 02 0C 00
 (1787061819.227095)  can0  201   [8]  0A DE 7D 00 27 10 00 64
 (1787061819.236946)  can0  200   [7]  02 0C 02 03 02 0C 00
 (1787061819.237089)  can0  201   [8]  0A DE 7D 00 27 10 00 64
 (1787061819.237326)  can0  230   [8]  F0 01 1A 00 61 00 00 00
 (1787061819.237494)  can0  231   [4]  01 00 FF FF
 (1787061819.239060)  can0  210   [7]  FF FF 30 A0 90 00 D0
 (1787061819.239261)  can0  4B0   [8]  27 10 27 10 27 10 27 10
 (1787061819.246899)  can0  200   [7]  02 0C 02 03 02 0C 00
 (1787061819.247107)  can0  201   [8]  0A E2 7D 50 27 10 00 64
 (1787061819.250443)  can0  7DF   [8]  02 01 0B 00 00 00 00 00
 (1787061819.250816)  can0  7E8   [8]  03 41 0B 1F 00 00 00 00
 (1787061819.253076)  can0  210   [7]  FF FF 30 A0 90 00 D1
 (1787061819.253301)  can0  4B0   [8]  27 10 27 10 27 10 27 10
 (1787061819.255228)  can0  430   [7]  96 87 00 00 2A 3F 60
 (1787061819.256921)  can0  200   [7]  02 0C 02 03 02 0C 00
 (1787061819.257086)  can0  201   [8]  0A E2 7D 50 27 10 00 64
 (1787061819.261913)  can0  230   [8]  F0 01 1A 00 61 00 00 00
 (1787061819.262038)  can0  231   [4]  01 00 FF FF
 (1787061819.266895)  can0  200   [7]  02 0C 02 03 02 0C 00
 (1787061819.267080)  can0  201   [8]  0A E2 7D 50 27 10 00 64
 (1787061819.267303)  can0  210   [7]  FF FF 30 A0 90 00 D2
 (1787061819.267532)  can0  4B0   [8]  27 10 27 10 27 10 27 10
 (1787061819.276891)  can0  200   [7]  02 0C 02 03 02 0C 00
 (1787061819.277082)  can0  201   [8]  0A E2 7D 50 27 10 00 64
 (1787061819.281087)  can0  210   [7]  FF FF 30 A0 90 00 D3
 (1787061819.281286)  can0  4B0   [8]  27 10 27 10 27 10 27 10
 (1787061819.286970)  can0  200   [7]  02 0C 02 03 02 0C 00
 (1787061819.287077)  can0  201   [8]  0A E5 7D 50 27 10 00 64
 (1787061819.287339)  can0  230   [8]  F0 01 1A 00 61 00 00 00
 (1787061819.287494)  can0  231   [4]  01 00 FF FF
 (1787061819.287725)  can0  420   [7]  83 FB 00 00 00 00 00
 (1787061819.295094)  can0  210   [7]  FF FF 30 A0 90 00 D4
 (1787061819.295301)  can0  4B0   [8]  27 10 27 10 27 10 27 10
 (1787061819.296940)  can0  200   [7]  02 0B 02 03 02 0B 00
 (1787061819.297152)  can0  201   [8]  0A E5 7D 3C 27 10 00 64
 (1787061819.300566)  can0  7DF   [8]  02 01 10 00 00 00 00 00
 (1787061819.300993)  can0  7E8   [8]  04 41 10 00 9F 00 00 00
 (1787061819.305205)  can0  430   [7]  96 87 00 00 2A 3F 60
 (1787061819.306853)  can0  200   [7]  02 0B 02 03 02 0B 00
 (1787061819.307065)  can0  201   [8]  0A E5 7D 3C 27 10 00 64
 (1787061819.309078)  can0  210   [7]  FF FF 30 A0 90 00 D5
 (1787061819.309304)  can0  4B0   [8]  27 10 27 10 27 10 27 10
 (1787061819.311863)  can0  230   [8]  F0 01 1A 00 61 00 00 00
 (1787061819.312035)  can0  231   [4]  01 00 FF FF
 (1787061819.316924)  can0  200   [7]  02 0B 02 03 02 0B 00
 (1787061819.317081)  can0  201   [8]  0A E5 7D 3C 27 10 00 64
 (1787061819.323114)  can0  210   [7]  FF FF 30 A0 90 00 D6
 (1787061819.323335)  can0  4B0   [8]  27 10 27 10 27 10 27 10
 (1787061819.326878)  can0  200   [7]  02 0B 02 03 02 0B 00
 (1787061819.327069)  can0  201   [8]  0A E5 7D 3C 27 10 00 64
 (1787061819.336891)  can0  200   [7]  02 0B 02 03 02 0B 00
 (1787061819.337076)  can0  201   [8]  0A E6 7D 3C 27 10 00 64
 (1787061819.337285)  can0  210   [7]  FF FF 30 A0 90 00 D7
 (1787061819.337528)  can0  230   [8]  F0 01 1A 00 61 00 00 00
 (1787061819.337697)  can0  231   [4]  01 00 FF FF
 (1787061819.337930)  can0  4B0   [8]  27 10 27 10 27 10 27 10
 (1787061819.346907)  can0  200   [7]  02 0B 02 03 02 0B 00
 (1787061819.347078)  can0  201   [8]  0A E6 7D 14 27 10 00 64
 (1787061819.350899)  can0  7DF   [8]  02 01 0B 00 00 00 00 00
 (1787061819.351111)  can0  210   [7]  FF FF 30 A0 90 00 D8
 (1787061819.351341)  can0  4B0   [8]  27 10 27 10 27 10 27 10
 (1787061819.351580)  can0  7E8   [8]  03 41 0B 1E 00 00 00 00
 (1787061819.355198)  can0  430   [7]  96 86 00 00 2A 3F 60
 (1787061819.356860)  can0  200   [7]  02 0B 02 03 02 0B 00
 (1787061819.357060)  can0  201   [8]  0A E6 7D 14 27 10 00 64
 (1787061819.361886)  can0  230   [8]  F0 01 1A 00 61 00 00 00
 (1787061819.362026)  can0  231   [4]  01 00 FF FF
 (1787061819.365131)  can0  210   [7]  FF FF 30 A0 90 00 D9
 (1787061819.365344)  can0  4B0   [8]  27 10 27 10 27 10 27 10
 (1787061819.366833)  can0  200   [7]  02 0B 02 03 02 0B 00
 (1787061819.367059)  can0  201   [8]  0A E6 7D 14 27 10 00 64
 (1787061819.376906)  can0  200   [7]  02 0B 02 03 02 0B 00
 (1787061819.377058)  can0  201   [8]  0A E2 7C C4 27 10 00 64
 (1787061819.379143)  can0  210   [7]  FF FF 30 A0 90 00 DA
 (1787061819.379358)  can0  4B0   [8]  27 10 27 10 27 10 27 10
 (1787061819.386890)  can0  200   [7]  02 0B 02 03 02 0B 00
 (1787061819.387072)  can0  201   [8]  0A E2 7C C4 27 10 00 64
 (1787061819.387304)  can0  230   [8]  F0 01 1A 00 61 00 00 00
 (1787061819.387481)  can0  231   [4]  01 00 FF FF
 (1787061819.387709)  can0  420   [7]  83 FB 00 00 00 00 00
 (1787061819.393159)  can0  210   [7]  FF FF 30 A0 90 00 DB
 (1787061819.393351)  can0  4B0   [8]  27 10 27 10 27 10 27 10
 (1787061819.396848)  can0  200   [7]  02 0B 02 03 02 0B 00
 (1787061819.397059)  can0  201   [8]  0A E2 7C B0 27 10 00 64
 (1787061819.401298)  can0  7DF   [8]  02 01 10 00 00 00 00 00
 (1787061819.401667)  can0  7E8   [8]  04 41 10 00 A1 00 00 00
 (1787061819.405209)  can0  430   [7]  99 87 00 00 2A 3F 60
 (1787061819.406875)  can0  200   [7]  02 0B 02 03 02 0B 00
 (1787061819.407071)  can0  201   [8]  0A E2 7C B0 27 10 00 64
 (1787061819.407297)  can0  210   [7]  FF FF 30 A0 90 00 DC
 (1787061819.407532)  can0  4B0   [8]  27 10 27 10 27 10 27 10
 (1787061819.411966)  can0  230   [8]  F0 01 1A 00 61 00 00 00
 (1787061819.412102)  can0  231   [4]  01 00 FF FF
 (1787061819.416855)  can0  200   [7]  02 0B 02 03 02 0B 00
 (1787061819.417067)  can0  201   [8]  0A E6 7C B0 27 10 00 64
 (1787061819.421182)  can0  210   [7]  FF FF 30 A0 90 00 DD
 (1787061819.421373)  can0  4B0   [8]  27 10 27 10 27 10 27 10
 (1787061819.426853)  can0  200   [7]  02 0B 02 03 02 0B 00
 (1787061819.427058)  can0  201   [8]  0A E6 7D 50 27 10 00 64
 (1787061819.435201)  can0  210   [7]  FF FF 30 A0 90 00 DE
 (1787061819.435388)  can0  4B0   [8]  27 10 27 10 27 10 27 10
 (1787061819.436990)  can0  200   [7]  02 0B 02 03 02 0B 00
 (1787061819.437048)  can0  201   [8]  0A E6 7D 50 27 10 00 64
 (1787061819.437303)  can0  230   [8]  F0 01 1A 00 61 00 00 00
 (1787061819.437470)  can0  231   [4]  01 00 FF FF
 (1787061819.446867)  can0  200   [7]  02 0B 02 03 02 0B 00
 (1787061819.447055)  can0  201   [8]  0A E6 7D 50 27 10 00 64
 (1787061819.449170)  can0  210   [7]  FF FF 30 A0 90 00 DF
 (1787061819.449394)  can0  4B0   [8]  27 10 27 10 27 10 27 10
 (1787061819.450925)  can0  7DF   [8]  02 01 0B 00 00 00 00 00
 (1787061819.451309)  can0  7E8   [8]  03 41 0B 1F 00 00 00 00
 (1787061819.455212)  can0  430   [7]  98 88 00 00 2A 3F 60
 (1787061819.456840)  can0  200   [7]  02 0B 02 03 02 0B 00
 (1787061819.457057)  can0  201   [8]  0A E6 7D 50 27 10 00 64
 (1787061819.461909)  can0  230   [8]  F0 01 1A 00 61 00 00 00
 (1787061819.462063)  can0  231   [4]  01 00 FF FF
 (1787061819.463170)  can0  210   [7]  FF FF 30 A0 90 00 E0
 (1787061819.463400)  can0  4B0   [8]  27 10 27 10 27 10 27 10
 (1787061819.466854)  can0  200   [7]  02 0B 02 03 02 0B 00
 (1787061819.467064)  can0  201   [8]  0A EB 7D 50 27 10 00 64
 (1787061819.476882)  can0  200   [7]  02 0B 02 03 02 0B 00
 (1787061819.477065)  can0  201   [8]  0A EB 7D 64 27 10 00 64
 (1787061819.477271)  can0  210   [7]  FF FF 30 A0 90 00 E1
 (1787061819.477503)  can0  4B0   [8]  27 10 27 10 27 10 27 10
 (1787061819.486875)  can0  200   [7]  02 0B 02 03 02 0B 00
 (1787061819.487064)  can0  201   [8]  0A EB 7D 64 27 10 00 64
 (1787061819.487315)  can0  230   [8]  F0 01 1A 00 61 00 00 00
 (1787061819.487473)  can0  231   [4]  01 00 FF FF
 (1787061819.487703)  can0  420   [7]  83 FB 00 00 00 00 00
 (1787061819.491212)  can0  210   [7]  FF FF 30 A0 90 00 E2
 (1787061819.491419)  can0  4B0   [8]  27 10 27 10 27 10 27 10
 (1787061819.496842)  can0  200   [7]  02 0B 02 03 02 0B 00
 (1787061819.497065)  can0  201   [8]  0A EB 7D 64 27 10 00 64
 (1787061819.501080)  can0  7DF   [8]  02 01 10 00 00 00 00 00
 (1787061819.501472)  can0  7E8   [8]  04 41 10 00 A6 00 00 00
 (1787061819.505192)  can0  430   [7]  96 87 00 00 2A 3F 60
 (1787061819.505390)  can0  210   [7]  FF FF 30 A0 90 00 E3
 (1787061819.505620)  can0  4B0   [8]  27 10 27 10 27 10 27 10
 (1787061819.506847)  can0  200   [7]  02 0B 02 03 02 0B 00
 (1787061819.507075)  can0  201   [8]  0A EA 7D 64 27 10 00 64
 (1787061819.511937)  can0  230   [8]  F0 01 1A 00 61 00 00 00
 (1787061819.512075)  can0  231   [4]  01 00 FF FF
 (1787061819.516854)  can0  200   [7]  02 0B 02 03 02 0B 00
 (1787061819.517046)  can0  201   [8]  0A EA 7D 64 27 10 00 64
 (1787061819.519207)  can0  210   [7]  FF FF 30 A0 90 00 E4
 (1787061819.519428)  can0  4B0   [8]  27 10 27 10 27 10 27 10
 (1787061819.526855)  can0  200   [7]  02 0B 02 03 02 0B 00
 (1787061819.527066)  can0  201   [8]  0A EA 7C EC 27 10 00 64
 (1787061819.533232)  can0  210   [7]  FF FF 30 A0 90 00 E5
 (1787061819.533440)  can0  4B0   [8]  27 10 27 10 27 10 27 10
 (1787061819.536857)  can0  200   [7]  02 0B 02 03 02 0B 00
 (1787061819.537052)  can0  201   [8]  0A EA 7C EC 27 10 00 64
 (1787061819.537299)  can0  230   [8]  F0 01 1A 00 61 00 00 00
 (1787061819.537462)  can0  231   [4]  01 00 FF FF
 (1787061819.546848)  can0  200   [7]  02 0B 02 03 02 0B 00
 (1787061819.547048)  can0  201   [8]  0A EA 7C EC 27 10 00 64
 (1787061819.547265)  can0  210   [7]  FF FF 30 A0 90 00 E6
 (1787061819.547498)  can0  4B0   [8]  27 10 27 10 27 10 27 10
 (1787061819.551012)  can0  7DF   [8]  02 01 0B 00 00 00 00 00
 (1787061819.551394)  can0  7E8   [8]  03 41 0B 1F 00 00 00 00
 (1787061819.555269)  can0  430   [7]  96 87 00 00 2A 3F 60
 (1787061819.556861)  can0  200   [7]  02 0B 02 03 02 0B 00
 (1787061819.557057)  can0  201   [8]  0A EA 7C EC 27 10 00 64
 (1787061819.561252)  can0  210   [7]  FF FF 30 A0 90 00 E7
 (1787061819.561462)  can0  4B0   [8]  27 10 27 10 27 10 27 10
 (1787061819.561860)  can0  230   [8]  F0 01 1A 00 61 00 00 00
 (1787061819.562035)  can0  231   [4]  01 00 FF FF
 (1787061819.566855)  can0  200   [7]  02 0B 02 03 02 0B 00
 (1787061819.567052)  can0  201   [8]  0A EA 7C EC 27 10 00 64
 (1787061819.575272)  can0  210   [7]  FF FF 30 A0 90 00 E8
 (1787061819.575470)  can0  4B0   [8]  27 10 27 10 27 10 27 10
 (1787061819.576812)  can0  200   [7]  02 0B 02 03 02 0B 00
 (1787061819.577045)  can0  201   [8]  0A EA 7D 00 27 10 00 64
 (1787061819.586849)  can0  200   [7]  02 0B 02 03 02 0B 00
 (1787061819.587049)  can0  201   [8]  0A EA 7D 00 27 10 00 64
 (1787061819.587287)  can0  230   [8]  F0 01 1A 00 61 00 00 00
 (1787061819.587458)  can0  231   [4]  01 00 FF FF
 (1787061819.587687)  can0  420   [7]  83 FB 00 00 00 00 00
 (1787061819.589264)  can0  210   [7]  FF FF 30 A0 90 00 E9
 (1787061819.589477)  can0  4B0   [8]  27 10 27 10 27 10 27 10
 (1787061819.596850)  can0  200   [7]  02 0B 02 03 02 0B 00
 (1787061819.597048)  can0  201   [8]  0A EA 7D 00 27 10 00 64
 (1787061819.601370)  can0  7DF   [8]  02 01 10 00 00 00 00 00
 (1787061819.601748)  can0  7E8   [8]  04 41 10 00 A1 00 00 00
 (1787061819.603261)  can0  210   [7]  FF FF 30 A0 90 00 EA
 (1787061819.603475)  can0  4B0   [8]  27 10 27 10 27 10 27 10
 (1787061819.605172)  can0  430   [7]  99 87 00 00 2A 3F 60
 (1787061819.606810)  can0  200   [7]  02 0B 02 03 02 0B 00
 (1787061819.607043)  can0  201   [8]  0A EA 7D 00 27 10 00 64
 (1787061819.611939)  can0  230   [8]  F0 01 1A 00 61 00 00 00
 (1787061819.612006)  can0  231   [4]  01 00 FF FF
 (1787061819.616834)  can0  200   [7]  02 0B 02 03 02 0B 00
 (1787061819.617045)  can0  201   [8]  0A EA 7D 00 27 10 00 64
 (1787061819.617261)  can0  210   [7]  FF FF 30 A0 90 00 EB
 (1787061819.617495)  can0  4B0   [8]  27 10 27 10 27 10 27 10
 (1787061819.626859)  can0  200   [7]  02 0B 02 03 02 0B 00
 (1787061819.627047)  can0  201   [8]  0A EA 7D 00 27 10 00 64
 (1787061819.631290)  can0  210   [7]  FF FF 30 A0 90 00 EC
 (1787061819.631487)  can0  4B0   [8]  27 10 27 10 27 10 27 10
 (1787061819.636853)  can0  200   [7]  02 0B 02 03 02 0B 00
 (1787061819.637052)  can0  201   [8]  0A EE 7D 00 27 10 00 64
 (1787061819.637289)  can0  230   [8]  F0 01 1A 00 61 00 00 00
 (1787061819.637458)  can0  231   [4]  01 00 FF FF
 (1787061819.645305)  can0  210   [7]  FF FF 30 A0 90 00 ED
 (1787061819.645506)  can0  4B0   [8]  27 10 27 10 27 10 27 10
 (1787061819.646836)  can0  200   [7]  02 0B 02 03 02 0B 00
 (1787061819.647051)  can0  201   [8]  0A EE 7D 50 27 10 00 64
 (1787061819.651401)  can0  7DF   [8]  02 01 0B 00 00 00 00 00
 (1787061819.651792)  can0  7E8   [8]  03 41 0B 1E 00 00 00 00
 (1787061819.655195)  can0  430   [7]  99 86 00 00 2A 3F 60
 (1787061819.656823)  can0  200   [7]  02 0B 02 03 02 0B 00
 (1787061819.657041)  can0  201   [8]  0A EE 7D 50 27 10 00 64
 (1787061819.659324)  can0  210   [7]  FF FF 30 A0 90 00 EE
 (1787061819.659517)  can0  4B0   [8]  27 10 27 10 27 10 27 10
 (1787061819.661841)  can0  230   [8]  F0 01 1A 00 61 00 00 00
 (1787061819.661988)  can0  231   [4]  01 00 FF FF
 (1787061819.666820)  can0  200   [7]  02 0B 02 03 02 0B 00
 (1787061819.667036)  can0  201   [8]  0A EE 7D 50 27 10 00 64
 (1787061819.673335)  can0  210   [7]  FF FF 30 A0 90 00 EF
 (1787061819.673528)  can0  4B0   [8]  27 10 27 10 27 10 27 10
 (1787061819.676829)  can0  200   [7]  02 0B 02 03 02 0B 00
 (1787061819.677036)  can0  201   [8]  0A ED 7D 3C 27 10 00 64
 (1787061819.686836)  can0  200   [7]  02 0B 02 03 02 0B 00
 (1787061819.687037)  can0  201   [8]  0A ED 7D 3C 27 10 00 64
 (1787061819.687279)  can0  230   [8]  F0 01 1A 00 61 00 00 00
 (1787061819.687496)  can0  210   [7]  FF FF 30 A0 90 00 F0
 (1787061819.687669)  can0  231   [4]  01 00 FF FF
 (1787061819.687896)  can0  420   [7]  83 FB 00 00 00 00 00
 (1787061819.688133)  can0  4B0   [8]  27 10 27 10 27 10 27 10
 (1787061819.696842)  can0  200   [7]  02 0B 02 03 02 0B 00
 (1787061819.697039)  can0  201   [8]  0A ED 7C EC 27 10 00 64
 (1787061819.700506)  can0  7DF   [8]  02 01 10 00 00 00 00 00
 (1787061819.700967)  can0  7E8   [8]  04 41 10 00 A1 00 00 00
 (1787061819.701382)  can0  210   [7]  FF FF 30 A0 90 00 F1
 (1787061819.701569)  can0  4B0   [8]  27 10 27 10 27 10 27 10
 (1787061819.705195)  can0  430   [7]  99 87 00 00 2A 3F 60
 (1787061819.706826)  can0  200   [7]  02 0B 02 03 02 0B 00
 (1787061819.707041)  can0  201   [8]  0A ED 7C EC 27 10 00 64
 (1787061819.711876)  can0  230   [8]  F0 01 1A 00 61 00 00 00
 (1787061819.712001)  can0  231   [4]  01 00 FF FF
 (1787061819.715343)  can0  210   [7]  FF FF 30 A0 90 00 F2
 (1787061819.715547)  can0  4B0   [8]  27 10 27 10 27 10 27 10
 (1787061819.716830)  can0  200   [7]  02 0B 02 03 02 0B 00
 (1787061819.717034)  can0  201   [8]  0A E7 7C EC 27 10 00 64
 (1787061819.726936)  can0  200   [7]  02 0B 02 03 02 0B 00
 (1787061819.727039)  can0  201   [8]  0A E7 7C 88 27 10 00 64
 (1787061819.729435)  can0  210   [7]  FF FF 30 A0 90 00 F3
 (1787061819.729548)  can0  4B0   [8]  27 10 27 10 27 10 27 10
 (1787061819.736861)  can0  200   [7]  02 0B 02 03 02 0B 00
 (1787061819.737041)  can0  201   [8]  0A E7 7C 88 27 10 00 64
 (1787061819.737287)  can0  230   [8]  F0 01 1A 00 61 00 00 00
 (1787061819.737452)  can0  231   [4]  01 00 FF FF
 (1787061819.743391)  can0  210   [7]  FF FF 30 A0 90 00 F4
 (1787061819.743570)  can0  4B0   [8]  27 10 27 10 27 10 27 10
 (1787061819.746825)  can0  200   [7]  02 0B 02 03 02 0B 00
 (1787061819.747038)  can0  201   [8]  0A E7 7C 88 27 10 00 64
 (1787061819.750918)  can0  7DF   [8]  02 01 0B 00 00 00 00 00
 (1787061819.751296)  can0  7E8   [8]  03 41 0B 1F 00 00 00 00
 (1787061819.755216)  can0  430   [7]  96 88 00 00 2A 3F 60
 (1787061819.756841)  can0  200   [7]  02 0B 02 03 02 0B 00
 (1787061819.757038)  can0  201   [8]  0A E7 7C 88 27 10 00 64
 (1787061819.757351)  can0  210   [7]  FF FF 30 A0 90 00 F5
 (1787061819.757575)  can0  4B0   [8]  27 10 27 10 27 10 27 10
 (1787061819.761839)  can0  230   [8]  F0 01 1A 00 61 00 00 00
 (1787061819.761988)  can0  231   [4]  01 00 FF FF
 (1787061819.766834)  can0  200   [7]  02 0B 02 03 02 0B 00
 (1787061819.767032)  can0  201   [8]  0A E8 7C 88 27 10 00 64
 (1787061819.771385)  can0  210   [7]  FF FF 30 A0 90 00 F6
 (1787061819.771576)  can0  4B0   [8]  27 10 27 10 27 10 27 10
 (1787061819.776920)  can0  200   [7]  02 0B 02 03 02 0B 00
 (1787061819.777098)  can0  201   [8]  0A E8 7D 14 27 10 00 64
 (1787061819.785509)  can0  210   [7]  FF FF 30 A0 90 00 F7
 (1787061819.785608)  can0  4B0   [8]  27 10 27 10 27 10 27 10
 (1787061819.786852)  can0  200   [7]  02 0B 02 03 02 0B 00
 (1787061819.787045)  can0  201   [8]  0A E8 7D 14 27 10 00 64
 (1787061819.787277)  can0  230   [8]  F0 01 1A 00 61 00 00 00
 (1787061819.787447)  can0  231   [4]  01 00 FF FF
 (1787061819.787677)  can0  420   [7]  83 FB 00 00 00 00 00
 (1787061819.796836)  can0  200   [7]  02 0B 02 03 02 0B 00
 (1787061819.797024)  can0  201   [8]  0A E8 7D 14 27 10 00 64
 (1787061819.799401)  can0  210   [7]  FF FF 30 A0 90 00 F8
 (1787061819.799605)  can0  4B0   [8]  27 10 27 10 27 10 27 10
 (1787061819.801358)  can0  7DF   [8]  02 01 10 00 00 00 00 00
 (1787061819.801705)  can0  7DF   [8]  02 01 42 00 00 00 00 00
 (1787061819.801953)  can0  7E8   [8]  04 41 10 00 A4 00 00 00
 (1787061819.805189)  can0  430   [7]  96 87 00 00 2A 3F 60
 (1787061819.806804)  can0  200   [7]  02 0B 02 03 02 0B 00
 (1787061819.807023)  can0  201   [8]  0A F2 7D 14 27 10 00 64
 (1787061819.811910)  can0  230   [8]  F0 01 1A 00 61 00 00 00
 (1787061819.811984)  can0  231   [4]  01 00 FF FF
 (1787061819.813517)  can0  210   [7]  FF FF 30 A0 90 00 F9
 (1787061819.813675)  can0  4B0   [8]  27 10 27 10 27 10 27 10
 (1787061819.816823)  can0  200   [7]  02 0B 02 03 02 0B 00
 (1787061819.817030)  can0  201   [8]  0A F2 7D 14 27 10 00 64
 (1787061819.826928)  can0  200   [7]  02 0B 02 03 02 0B 00
 (1787061819.827110)  can0  201   [8]  0A F2 7D C8 27 10 00 64
 (1787061819.827383)  can0  210   [7]  FF FF 30 A0 90 00 FA
 (1787061819.827619)  can0  4B0   [8]  27 10 27 10 27 10 27 10
 (1787061819.836814)  can0  200   [7]  02 0B 02 03 02 0B 00
 (1787061819.837020)  can0  201   [8]  0A F2 7D C8 27 10 00 64
 (1787061819.837258)  can0  230   [8]  F0 01 1A 00 61 00 00 00
 (1787061819.837427)  can0  231   [4]  01 00 FF FF
 (1787061819.841419)  can0  210   [7]  FF FF 30 A0 90 00 FB
 (1787061819.841632)  can0  4B0   [8]  27 10 27 10 27 10 27 10
 (1787061819.846834)  can0  200   [7]  02 0B 02 03 02 0B 00
 (1787061819.847029)  can0  201   [8]  0A F3 7D DC 27 10 00 64
 (1787061819.851067)  can0  7DF   [8]  02 01 0B 00 00 00 00 00
 (1787061819.851447)  can0  7E8   [8]  03 41 0B 1E 00 00 00 00
 (1787061819.855207)  can0  430   [7]  96 87 00 00 2A 3F 60
 (1787061819.855406)  can0  210   [7]  FF FF 30 A0 90 00 FC
 (1787061819.855635)  can0  4B0   [8]  27 10 27 10 27 10 27 10
 (1787061819.856809)  can0  200   [7]  02 0B 02 03 02 0B 00
 (1787061819.857031)  can0  201   [8]  0A F3 7D DC 27 10 00 64
 (1787061819.861849)  can0  230   [8]  F0 01 1A 00 61 00 00 00
 (1787061819.861984)  can0  231   [4]  01 00 FF FF
 (1787061819.866802)  can0  200   [7]  02 0B 02 03 02 0B 00
 (1787061819.867019)  can0  201   [8]  0A F3 7D DC 27 10 00 64
 (1787061819.869503)  can0  210   [7]  FF FF 30 A0 90 00 FD
 (1787061819.869666)  can0  4B0   [8]  27 10 27 10 27 10 27 10
 (1787061819.876890)  can0  200   [7]  02 0B 02 03 02 0B 00
 (1787061819.877067)  can0  201   [8]  0A F3 7D 14 27 10 00 64
 (1787061819.883453)  can0  210   [7]  FF FF 30 A0 90 00 FE
 (1787061819.883659)  can0  4B0   [8]  27 10 27 10 27 10 27 10
 (1787061819.886816)  can0  200   [7]  02 0B 02 03 02 0B 00
 (1787061819.887027)  can0  201   [8]  0A F3 7D 14 27 10 00 64
 (1787061819.887269)  can0  230   [8]  F0 01 1A 00 61 00 00 00
 (1787061819.887433)  can0  231   [4]  01 00 FF FF
 (1787061819.887663)  can0  420   [7]  83 FB 00 00 00 00 00
 (1787061819.896917)  can0  200   [7]  02 0B 02 03 02 0B 00
 (1787061819.897019)  can0  201   [8]  0A F0 7C C4 27 10 00 64
 (1787061819.897465)  can0  210   [7]  FF FF 30 A0 90 00 FF
 (1787061819.897664)  can0  4B0   [8]  27 10 27 10 27 10 27 10
 (1787061819.901377)  can0  7DF   [8]  02 01 10 00 00 00 00 00
 (1787061819.901753)  can0  7E8   [8]  04 41 10 00 A1 00 00 00
 (1787061819.905199)  can0  430   [7]  96 87 00 00 2A 3F 60
 (1787061819.906818)  can0  200   [7]  02 0B 02 03 02 0B 00
 (1787061819.907024)  can0  201   [8]  0A F0 7C C4 27 10 00 64
 (1787061819.911480)  can0  210   [7]  FF FF 30 A0 90 00 00
 (1787061819.911667)  can0  4B0   [8]  27 10 27 10 27 10 27 10
 (1787061819.911905)  can0  230   [8]  F0 01 1A 00 61 00 00 00
 (1787061819.912076)  can0  231   [4]  01 00 FF FF
 (1787061819.916855)  can0  200   [7]  02 0B 02 03 02 0B 00
 (1787061819.917011)  can0  201   [8]  0A F0 7C C4 27 10 00 64
 (1787061819.925480)  can0  210   [7]  FF FF 30 A0 90 00 01
 (1787061819.925680)  can0  4B0   [8]  27 10 27 10 27 10 27 10
 (1787061819.926909)  can0  200   [7]  02 0B 02 03 02 0B 00
 (1787061819.927035)  can0  201   [8]  0A F0 7C C4 27 10 00 64
 (1787061819.936822)  can0  200   [7]  02 0B 02 03 02 0B 00
 (1787061819.937012)  can0  201   [8]  0A F1 7C C4 27 10 00 64
 (1787061819.937253)  can0  230   [8]  F0 01 1A 00 61 00 00 00
 (1787061819.937422)  can0  231   [4]  01 00 FF FF
 (1787061819.939490)  can0  210   [7]  FF FF 30 A0 90 00 02
 (1787061819.939684)  can0  4B0   [8]  27 10 27 10 27 10 27 10
 (1787061819.946828)  can0  200   [7]  02 0B 02 03 02 0B 00
 (1787061819.947015)  can0  201   [8]  0A F1 7D 14 27 10 00 64
 (1787061819.950770)  can0  7DF   [8]  02 01 0B 00 00 00 00 00
 (1787061819.951143)  can0  7E8   [8]  03 41 0B 1E 00 00 00 00
 (1787061819.953472)  can0  210   [7]  FF FF 30 A0 90 00 03
 (1787061819.953689)  can0  4B0   [8]  27 10 27 10 27 10 27 10
 (1787061819.955262)  can0  430   [7]  99 86 00 00 2A 3F 60
 (1787061819.956807)  can0  200   [7]  02 0B 02 03 02 0B 00
 (1787061819.957015)  can0  201   [8]  0A F1 7D 14 27 10 00 64
 (1787061819.961826)  can0  230   [8]  F0 01 1A 00 61 00 00 00
 (1787061819.961969)  can0  231   [4]  01 00 FF FF
 (1787061819.966815)  can0  200   [7]  02 0B 02 03 02 0B 00
 (1787061819.967015)  can0  201   [8]  0A F1 7D 14 27 10 00 64
 (1787061819.967469)  can0  210   [7]  FF FF 30 A0 90 00 04
 (1787061819.967697)  can0  4B0   [8]  27 10 27 10 27 10 27 10
 (1787061819.976823)  can0  200   [7]  02 0B 02 03 02 0B 00
 (1787061819.977016)  can0  201   [8]  0A F0 7D 14 27 10 00 64
 (1787061819.981493)  can0  210   [7]  FF FF 30 A0 90 00 05
 (1787061819.981711)  can0  4B0   [8]  27 10 27 10 27 10 27 10
 (1787061819.986833)  can0  200   [7]  02 0B 02 03 02 0B 00
 (1787061819.987040)  can0  201   [8]  0A F0 7D 14 27 10 00 64
 (1787061819.987265)  can0  230   [8]  F0 01 1A 00 61 00 00 00
 (1787061819.987434)  can0  231   [4]  01 00 FF FF
 (1787061819.987665)  can0  420   [7]  83 FB 00 00 00 00 00
 (1787061819.995532)  can0  210   [7]  FF FF 30 A0 90 00 06
 (1787061819.995714)  can0  4B0   [8]  27 10 27 10 27 10 27 10
 (1787061819.996799)  can0  200   [7]  02 0B 02 03 02 0B 00
 (1787061819.997017)  can0  201   [8]  0A F0 7C EC 27 10 00 64
 (1787061820.001282)  can0  7DF   [8]  02 01 10 00 00 00 00 00
 (1787061820.001651)  can0  7E8   [8]  04 41 10 00 A1 00 00 00
 (1787061820.005208)  can0  430   [7]  96 87 00 00 2A 3F 60
 (1787061820.006790)  can0  200   [7]  02 0B 02 03 02 0B 00
 (1787061820.007012)  can0  201   [8]  0A F0 7C EC 27 10 00 64
 (1787061820.009498)  can0  210   [7]  FF FF 30 A0 90 00 07
 (1787061820.009720)  can0  4B0   [8]  27 10 27 10 27 10 27 10
 (1787061820.011811)  can0  230   [8]  F0 01 1A 00 61 00 00 00
 (1787061820.011975)  can0  231   [4]  01 00 FF FF
 (1787061820.016902)  can0  200   [7]  02 0B 02 03 02 0B 00
 (1787061820.017018)  can0  201   [8]  0A EA 7C EC 27 10 00 64
 (1787061820.023561)  can0  210   [7]  FF FF 30 A0 90 00 08
 (1787061820.023749)  can0  4B0   [8]  27 10 27 10 27 10 27 10
 (1787061820.026818)  can0  200   [7]  02 0B 02 03 02 0B 00
 (1787061820.027005)  can0  201   [8]  0A EA 7C 74 27 10 00 64
 (1787061820.036798)  can0  200   [7]  02 0B 02 03 02 0B 00
 (1787061820.037005)  can0  201   [8]  0A EA 7C 74 27 10 00 64
 (1787061820.037241)  can0  230   [8]  F0 01 1A 00 61 00 00 00
 (1787061820.037412)  can0  231   [4]  01 00 FF FF
 (1787061820.037633)  can0  210   [7]  FF FF 30 A0 90 00 09
 (1787061820.037867)  can0  4B0   [8]  27 10 27 10 27 10 27 10
 (1787061820.046825)  can0  200   [7]  02 0B 02 03 02 0B 00
 (1787061820.047081)  can0  201   [8]  0A EA 7C 88 27 10 00 64
 (1787061820.050760)  can0  7DF   [8]  02 01 0B 00 00 00 00 00
 (1787061820.051136)  can0  7E8   [8]  03 41 0B 1E 00 00 00 00
 (1787061820.051523)  can0  210   [7]  FF FF 30 A0 90 00 0A
 (1787061820.051755)  can0  4B0   [8]  27 10 27 10 27 10 27 10
 (1787061820.055203)  can0  430   [7]  96 87 00 00 2A 3F 60
 (1787061820.056795)  can0  200   [7]  02 0B 02 03 02 0B 00
 (1787061820.057003)  can0  201   [8]  0A EA 7C 88 27 10 00 64
 (1787061820.061840)  can0  230   [8]  F0 01 1A 00 61 00 00 00
 (1787061820.061966)  can0  231   [4]  01 00 FF FF
 (1787061820.065545)  can0  210   [7]  FF FF 30 A0 90 00 0B
 (1787061820.065766)  can0  4B0   [8]  27 10 27 10 27 10 27 10
 (1787061820.066807)  can0  200   [7]  02 0B 02 03 02 0B 00
 (1787061820.067030)  can0  201   [8]  0A E4 7C 88 27 10 00 64
 (1787061820.076803)  can0  200   [7]  02 0C 02 03 02 0C 00
 (1787061820.077010)  can0  201   [8]  0A E4 7C 88 27 10 00 64
 (1787061820.079574)  can0  210   [7]  FF FF 30 A0 90 00 0C
 (1787061820.079772)  can0  4B0   [8]  27 10 27 10 27 10 27 10
 (1787061820.086809)  can0  200   [7]  02 0C 02 03 02 0C 00
 (1787061820.087014)  can0  201   [8]  0A E4 7C 88 27 10 00 64
 (1787061820.087252)  can0  230   [8]  F0 01 1A 00 61 00 00 00
 (1787061820.087421)  can0  231   [4]  01 00 FF FF
 (1787061820.087650)  can0  420   [7]  83 FB 00 00 00 00 00
 (1787061820.087889)  can0  620   [8]  0D 40 12 1E 10 00 01 20
 (1787061820.088131)  can0  630   [8]  84 01 9F 00 00 00 4F 4F
 (1787061820.093576)  can0  210   [7]  FF FF 30 A0 90 00 0D
 (1787061820.093781)  can0  4B0   [8]  27 10 27 10 27 10 27 10
 (1787061820.096780)  can0  200   [7]  02 0C 02 03 02 0C 00
 (1787061820.097000)  can0  201   [8]  0A E4 7C 88 27 10 00 64
 (1787061820.101336)  can0  7DF   [8]  02 01 10 00 00 00 00 00
 (1787061820.101736)  can0  7E8   [8]  04 41 10 00 A6 00 00 00
 (1787061820.105206)  can0  430   [7]  96 87 00 00 2A 3F 60
 (1787061820.106801)  can0  200   [7]  02 0C 02 03 02 0C 00
 (1787061820.107014)  can0  201   [8]  0A E4 7C 88 27 10 00 64
 (1787061820.107555)  can0  210   [7]  FF FF 30 A0 90 00 0E
 (1787061820.107781)  can0  4B0   [8]  27 10 27 10 27 10 27 10
 (1787061820.111835)  can0  230   [8]  F0 01 1A 00 61 00 00 00
 (1787061820.111971)  can0  231   [4]  01 00 FF FF
 (1787061820.116816)  can0  200   [7]  02 0C 02 03 02 0C 00
 (1787061820.117004)  can0  201   [8]  0A E4 7C 88 27 10 00 64
 (1787061820.121585)  can0  210   [7]  FF FF 30 A0 90 00 0F
 (1787061820.121790)  can0  4B0   [8]  27 10 27 10 27 10 27 10
 (1787061820.126810)  can0  200   [7]  02 0C 02 03 02 0C 00
 (1787061820.127008)  can0  201   [8]  0A E4 7D 00 27 10 00 64
 (1787061820.135635)  can0  210   [7]  FF FF 30 A0 90 00 10
 (1787061820.135810)  can0  4B0   [8]  27 10 27 10 27 10 27 10
 (1787061820.136807)  can0  200   [7]  02 0C 02 03 02 0C 00
 (1787061820.137024)  can0  201   [8]  0A E4 7D 00 27 10 00 64
 (1787061820.137261)  can0  230   [8]  F0 01 1A 00 61 00 00 00
 (1787061820.137432)  can0  231   [4]  01 00 FF FF
 (1787061820.146811)  can0  200   [7]  02 0B 02 03 02 0B 00
 (1787061820.147005)  can0  201   [8]  0A ED 7D B4 27 10 00 64
 (1787061820.149591)  can0  210   [7]  FF FF 30 A0 90 00 11
 (1787061820.149804)  can0  4B0   [8]  27 10 27 10 27 10 27 10
 (1787061820.151162)  can0  7DF   [8]  02 01 0B 00 00 00 00 00
 (1787061820.151544)  can0  7E8   [8]  03 41 0B 1E 00 00 00 00
 (1787061820.155190)  can0  430   [7]  99 87 00 00 2A 3F 60
 (1787061820.156848)  can0  200   [7]  02 0B 02 03 02 0B 00
 (1787061820.157022)  can0  201   [8]  0A ED 7D B4 27 10 00 64
 (1787061820.161832)  can0  230   [8]  F0 01 1A 00 61 00 00 00
 (1787061820.161960)  can0  231   [4]  01 00 FF FF
 (1787061820.163609)  can0  210   [7]  FF FF 30 A0 90 00 12
 (1787061820.163818)  can0  4B0   [8]  27 10 27 10 27 10 27 10
 (1787061820.166790)  can0  200   [7]  02 0B 02 03 02 0B 00
 (1787061820.167006)  can0  201   [8]  0A ED 7D B4 27 10 00 64
 (1787061820.176809)  can0  200   [7]  02 0B 02 03 02 0B 00
 (1787061820.177005)  can0  201   [8]  0A ED 7D B4 27 10 00 64
 (1787061820.177590)  can0  210   [7]  FF FF 30 A0 90 00 13
 (1787061820.177821)  can0  4B0   [8]  27 10 27 10 27 10 27 10
 (1787061820.186811)  can0  200   [7]  02 0B 02 03 02 0B 00
 (1787061820.187008)  can0  201   [8]  0A ED 7D B4 27 10 00 64
 (1787061820.187269)  can0  230   [8]  F0 01 1A 00 61 00 00 00
 (1787061820.187419)  can0  231   [4]  01 00 FF FF
 (1787061820.187661)  can0  420   [7]  83 FB 00 00 00 00 00
 (1787061820.191650)  can0  210   [7]  FF FF 30 A0 90 00 14
 (1787061820.191838)  can0  4B0   [8]  27 10 27 10 27 10 27 10
 (1787061820.196801)  can0  200   [7]  02 0B 02 03 02 0B 00
 (1787061820.196998)  can0  201   [8]  0A EE 7D 14 27 10 00 64
 (1787061820.200603)  can0  7DF   [8]  02 01 10 00 00 00 00 00
 (1787061820.200977)  can0  7E8   [8]  04 41 10 00 A8 00 00 00
 (1787061820.205210)  can0  430   [7]  96 87 00 00 2A 3F 60
 (1787061820.205613)  can0  210   [7]  FF FF 30 A0 90 00 15
 (1787061820.205840)  can0  4B0   [8]  27 10 27 10 27 10 27 10
 (1787061820.206772)  can0  200   [7]  02 0B 02 03 02 0B 00
 (1787061820.207003)  can0  201   [8]  0A EE 7D 14 27 10 00 64
 (1787061820.211805)  can0  230   [8]  F0 01 1A 00 61 00 00 00
 (1787061820.211956)  can0  231   [4]  01 00 FF FF
 (1787061820.216970)  can0  200   [7]  02 0B 02 03 02 0B 00
 (1787061820.217091)  can0  201   [8]  0A EE 7D 14 27 10 00 64
 (1787061820.219666)  can0  210   [7]  FF FF 30 A0 90 00 16
 (1787061820.219869)  can0  4B0   [8]  27 10 27 10 27 10 27 10
 (1787061820.226816)  can0  200   [7]  02 0C 02 03 02 0C 00
 (1787061820.227003)  can0  201   [8]  0A EE 7D 14 27 10 00 64
 (1787061820.233660)  can0  210   [7]  FF FF 30 A0 90 00 17
 (1787061820.233860)  can0  4B0   [8]  27 10 27 10 27 10 27 10
 (1787061820.236777)  can0  200   [7]  02 0C 02 03 02 0C 00
 (1787061820.236990)  can0  201   [8]  0A EE 7D 14 27 10 00 64
 (1787061820.237229)  can0  230   [8]  F0 01 1A 00 61 00 00 00
 (1787061820.237400)  can0  231   [4]  01 00 FF FF
 (1787061820.246810)  can0  200   [7]  02 0C 02 03 02 0C 00
 (1787061820.246999)  can0  201   [8]  0A EE 7D 00 27 10 00 64
 (1787061820.247639)  can0  210   [7]  FF FF 30 A0 90 00 18
 (1787061820.247862)  can0  4B0   [8]  27 10 27 10 27 10 27 10
 (1787061820.251429)  can0  7DF   [8]  02 01 0B 00 00 00 00 00
 (1787061820.251901)  can0  7E8   [8]  03 41 0B 1E 00 00 00 00
 (1787061820.255209)  can0  430   [7]  99 86 00 00 2A 3F 60
 (1787061820.256771)  can0  200   [7]  02 0C 02 03 02 0C 00
 (1787061820.256988)  can0  201   [8]  0A EE 7D 00 27 10 00 64
 (1787061820.261688)  can0  210   [7]  FF FF 30 A0 90 00 19
 (1787061820.261887)  can0  230   [8]  F0 01 1A 00 61 00 00 00
 (1787061820.262060)  can0  231   [4]  01 00 FF FF
 (1787061820.262287)  can0  4B0   [8]  27 10 27 10 27 10 27 10
 (1787061820.266765)  can0  200   [7]  02 0C 02 03 02 0C 00
 (1787061820.266988)  can0  201   [8]  0A EE 7D 00 27 10 00 64
 (1787061820.275692)  can0  210   [7]  FF FF 30 A0 90 00 1A
 (1787061820.275890)  can0  4B0   [8]  27 10 27 10 27 10 27 10
 (1787061820.276796)  can0  200   [7]  02 0C 02 03 02 0C 00
 (1787061820.277011)  can0  201   [8]  0A F2 7D 00 27 10 00 64
 (1787061820.286825)  can0  200   [7]  02 0C 02 03 02 0C 00
 (1787061820.286996)  can0  201   [8]  0A F2 7D 00 27 10 00 64
 (1787061820.287251)  can0  230   [8]  F0 01 1A 00 61 00 00 00
 (1787061820.287415)  can0  231   [4]  01 00 FF FF
 (1787061820.287654)  can0  420   [7]  83 FB 00 00 00 00 00
 (1787061820.289714)  can0  210   [7]  FF FF 30 A0 90 00 1B
 (1787061820.289898)  can0  4B0   [8]  27 10 27 10 27 10 27 10
 (1787061820.296797)  can0  200   [7]  02 0B 02 03 02 0B 00
 (1787061820.296986)  can0  201   [8]  0A F2 7D 50 27 10 00 64
 (1787061820.303707)  can0  210   [7]  FF FF 30 A0 90 00 1C
 (1787061820.303908)  can0  4B0   [8]  27 10 27 10 27 10 27 10
 (1787061820.304522)  can0  7DF   [8]  02 01 10 00 00 00 00 00
 (1787061820.304939)  can0  7E8   [8]  04 41 10 00 A1 00 00 00
 (1787061820.305177)  can0  430   [7]  96 87 00 00 2A 3F 60
 (1787061820.306789)  can0  200   [7]  02 0B 02 03 02 0B 00
 (1787061820.306987)  can0  201   [8]  0A F2 7D 50 27 10 00 64
 (1787061820.311836)  can0  230   [8]  F0 01 1A 00 61 00 00 00
 (1787061820.311950)  can0  231   [4]  01 00 FF FF
 (1787061820.316786)  can0  200   [7]  02 0B 02 03 02 0B 00
 (1787061820.316980)  can0  201   [8]  0A F2 7D 50 27 10 00 64
 (1787061820.317676)  can0  210   [7]  FF FF 30 A0 90 00 1D
 (1787061820.317905)  can0  4B0   [8]  27 10 27 10 27 10 27 10
 (1787061820.326877)  can0  200   [7]  02 0B 02 03 02 0B 00
 (1787061820.327082)  can0  201   [8]  0A F8 7D C8 27 10 00 64
 (1787061820.331732)  can0  210   [7]  FF FF 30 A0 90 00 1E
 (1787061820.331925)  can0  4B0   [8]  27 10 27 10 27 10 27 10
 (1787061820.336777)  can0  200   [7]  02 0B 02 03 02 0B 00
 (1787061820.336986)  can0  201   [8]  0A F8 7D C8 27 10 00 64
 (1787061820.337221)  can0  230   [8]  F0 01 1A 00 61 00 00 00
 (1787061820.337392)  can0  231   [4]  01 00 FF FF
 (1787061820.345738)  can0  210   [7]  FF FF 30 A0 90 00 1F
 (1787061820.345929)  can0  4B0   [8]  27 10 27 10 27 10 27 10
 (1787061820.346783)  can0  200   [7]  02 0B 02 03 02 0B 00
 (1787061820.347008)  can0  201   [8]  0A F8 7D 78 27 10 00 64
 (1787061820.350523)  can0  7DF   [8]  02 01 0B 00 00 00 00 00
 (1787061820.350951)  can0  7E8   [8]  03 41 0B 1E 00 00 00 00
 (1787061820.355189)  can0  430   [7]  96 87 00 00 2A 3F 60
 (1787061820.356753)  can0  200   [7]  02 0B 02 03 02 0B 00
 (1787061820.357005)  can0  201   [8]  0A F8 7D 78 27 10 00 64
 (1787061820.359785)  can0  210   [7]  FF FF 30 A0 90 00 20
 (1787061820.359960)  can0  4B0   [8]  27 10 27 10 27 10 27 10
 (1787061820.361825)  can0  230   [8]  F0 01 1A 00 61 00 00 00
 (1787061820.361940)  can0  231   [4]  01 00 FF FF
 (1787061820.366786)  can0  200   [7]  02 0B 02 03 02 0B 00
 (1787061820.366981)  can0  201   [8]  0A F4 7D 78 27 10 00 64
 (1787061820.373754)  can0  210   [7]  FF FF 30 A0 90 00 21
 (1787061820.373938)  can0  4B0   [8]  27 10 27 10 27 10 27 10
 (1787061820.376775)  can0  200   [7]  02 0B 02 03 02 0B 00
 (1787061820.376978)  can0  201   [8]  0A F4 7C B0 27 10 00 64
 (1787061820.386807)  can0  200   [7]  02 0B 02 03 02 0B 00
 (1787061820.386990)  can0  201   [8]  0A F4 7C B0 27 10 00 64
 (1787061820.387253)  can0  230   [8]  F0 01 1A 00 61 00 00 00
 (1787061820.387391)  can0  231   [4]  01 00 FF FF
 (1787061820.387632)  can0  420   [7]  83 FB 00 00 00 00 00
 (1787061820.387861)  can0  210   [7]  FF FF 30 A0 90 00 22
 (1787061820.388082)  can0  4B0   [8]  27 10 27 10 27 10 27 10
 (1787061820.396780)  can0  200   [7]  02 0B 02 03 02 0B 00
 (1787061820.396980)  can0  201   [8]  0A F4 7C B0 27 10 00 64
 (1787061820.400477)  can0  7DF   [8]  02 01 10 00 00 00 00 00
 (1787061820.400920)  can0  7E8   [8]  04 41 10 00 A4 00 00 00
 (1787061820.401729)  can0  210   [7]  FF FF 30 A0 90 00 23
 (1787061820.401953)  can0  4B0   [8]  27 10 27 10 27 10 27 10
 (1787061820.405209)  can0  430   [7]  96 87 00 00 2A 3F 60
 (1787061820.406767)  can0  200   [7]  02 0B 02 03 02 0B 00
 (1787061820.406986)  can0  201   [8]  0A EB 7C B0 27 10 00 64
 (1787061820.411795)  can0  230   [8]  F0 01 1A 00 61 00 00 00
 (1787061820.411939)  can0  231   [4]  01 00 FF FF
 (1787061820.415752)  can0  210   [7]  FF FF 30 A0 90 00 24
 (1787061820.415964)  can0  4B0   [8]  27 10 27 10 27 10 27 10
 (1787061820.416777)  can0  200   [7]  02 0B 02 03 02 0B 00
 (1787061820.416997)  can0  201   [8]  0A EB 7C B0 27 10 00 64
 (1787061820.426779)  can0  200   [7]  02 0B 02 03 02 0B 00
 (1787061820.426983)  can0  201   [8]  0A EB 7C 4C 27 10 00 64
 (1787061820.429768)  can0  210   [7]  FF FF 30 A0 90 00 25
 (1787061820.429971)  can0  4B0   [8]  27 10 27 10 27 10 27 10
 (1787061820.436762)  can0  200   [7]  02 0B 02 03 02 0B 00
 (1787061820.436966)  can0  201   [8]  0A EB 7C 4C 27 10 00 64
 (1787061820.437204)  can0  230   [8]  F0 01 1A 00 61 00 00 00
 (1787061820.437374)  can0  231   [4]  01 00 FF FF
 (1787061820.443777)  can0  210   [7]  FF FF 30 A0 90 00 26
 (1787061820.443982)  can0  4B0   [8]  27 10 27 10 27 10 27 10
 (1787061820.446783)  can0  200   [7]  02 0B 02 03 02 0B 00
 (1787061820.446990)  can0  201   [8]  0A ED 7C 74 27 10 00 64
 (1787061820.450955)  can0  7DF   [8]  02 01 0B 00 00 00 00 00
 (1787061820.451341)  can0  7E8   [8]  03 41 0B 1E 00 00 00 00
 (1787061820.455207)  can0  430   [7]  99 87 00 00 2A 3F 60
 (1787061820.456767)  can0  200   [7]  02 0B 02 03 02 0B 00
 (1787061820.456968)  can0  201   [8]  0A ED 7C 74 27 10 00 64
 (1787061820.457782)  can0  210   [7]  FF FF 30 A0 90 00 27
 (1787061820.457996)  can0  4B0   [8]  27 10 27 10 27 10 27 10
 (1787061820.461776)  can0  230   [8]  F0 01 1A 00 61 00 00 00
 (1787061820.461926)  can0  231   [4]  01 00 FF FF
 (1787061820.466779)  can0  200   [7]  02 0B 02 03 02 0B 00
 (1787061820.466969)  can0  201   [8]  0A ED 7C 74 27 10 00 64
 (1787061820.471780)  can0  210   [7]  FF FF 30 A0 90 00 28
 (1787061820.471993)  can0  4B0   [8]  27 10 27 10 27 10 27 10
 (1787061820.476791)  can0  200   [7]  02 0B 02 03 02 0B 00
 (1787061820.476978)  can0  201   [8]  0A ED 7D 28 27 10 00 64
 (1787061820.485810)  can0  210   [7]  FF FF 30 A0 90 00 29
 (1787061820.486003)  can0  4B0   [8]  27 10 27 10 27 10 27 10
 (1787061820.486791)  can0  200   [7]  02 0B 02 03 02 0B 00
 (1787061820.487006)  can0  201   [8]  0A ED 7D 28 27 10 00 64
 (1787061820.487247)  can0  230   [8]  F0 01 1A 00 61 00 00 00
 (1787061820.487416)  can0  231   [4]  01 00 FF FF
 (1787061820.487647)  can0  420   [7]  83 FB 00 00 00 00 00
 (1787061820.496772)  can0  200   [7]  02 0B 02 03 02 0B 00
 (1787061820.496964)  can0  201   [8]  0A F3 7D 78 27 10 00 64
 (1787061820.499795)  can0  210   [7]  FF FF 30 A0 90 00 2A
 (1787061820.500019)  can0  4B0   [8]  27 10 27 10 27 10 27 10
 (1787061820.500340)  can0  7DF   [8]  02 01 10 00 00 00 00 00
 (1787061820.500830)  can0  7E8   [8]  04 41 10 00 A1 00 00 00
 (1787061820.505253)  can0  430   [7]  96 87 00 00 2A 3F 60
 (1787061820.506777)  can0  200   [7]  02 0B 02 03 02 0B 00
 (1787061820.506993)  can0  201   [8]  0A F3 7D 78 27 10 00 64
 (1787061820.511797)  can0  230   [8]  F0 01 1A 00 61 00 00 00
 (1787061820.511937)  can0  231   [4]  01 00 FF FF
 (1787061820.513837)  can0  210   [7]  FF FF 30 A0 90 00 2B
 (1787061820.514028)  can0  4B0   [8]  27 10 27 10 27 10 27 10
 (1787061820.516767)  can0  200   [7]  02 0B 02 03 02 0B 00
 (1787061820.516965)  can0  201   [8]  0A F3 7D 78 27 10 00 64
 (1787061820.526769)  can0  200   [7]  02 0B 02 03 02 0B 00
 (1787061820.526962)  can0  201   [8]  0A F3 7D 78 27 10 00 64
 (1787061820.527800)  can0  210   [7]  FF FF 30 A0 90 00 2C
 (1787061820.528032)  can0  4B0   [8]  27 10 27 10 27 10 27 10
 (1787061820.536761)  can0  200   [7]  02 0B 02 03 02 0B 00
 (1787061820.536968)  can0  201   [8]  0A F6 7D 78 27 10 00 64
 (1787061820.537204)  can0  230   [8]  F0 01 1A 00 61 00 00 00
 (1787061820.537377)  can0  231   [4]  01 00 FF FF
 (1787061820.541861)  can0  210   [7]  FF FF 30 A0 90 00 2D
 (1787061820.542040)  can0  4B0   [8]  27 10 27 10 27 10 27 10
 (1787061820.546775)  can0  200   [7]  02 0B 02 03 02 0B 00
 (1787061820.546960)  can0  201   [8]  0A F6 7D 3C 27 10 00 64
 (1787061820.551192)  can0  7DF   [8]  02 01 0B 00 00 00 00 00
 (1787061820.551560)  can0  7E8   [8]  03 41 0B 1E 00 00 00 00
 (1787061820.555203)  can0  430   [7]  96 86 00 00 2A 3F 60
 (1787061820.555821)  can0  210   [7]  FF FF 30 A0 90 00 2E
 (1787061820.556048)  can0  4B0   [8]  27 10 27 10 27 10 27 10
 (1787061820.556748)  can0  200   [7]  02 0B 02 03 02 0B 00
 (1787061820.556979)  can0  201   [8]  0A F6 7D 3C 27 10 00 64
 (1787061820.561917)  can0  230   [8]  F0 01 1A 00 61 00 00 00
 (1787061820.562011)  can0  231   [4]  01 00 FF FF
 (1787061820.566771)  can0  200   [7]  02 0B 02 03 02 0B 00
 (1787061820.566963)  can0  201   [8]  0A F6 7D 3C 27 10 00 64
 (1787061820.569861)  can0  210   [7]  FF FF 30 A0 90 00 2F
 (1787061820.570061)  can0  4B0   [8]  27 10 27 10 27 10 27 10
 (1787061820.576851)  can0  200   [7]  02 0B 02 03 02 0B 00
 (1787061820.577025)  can0  201   [8]  0A F7 7D 3C 27 10 00 64
 (1787061820.583883)  can0  210   [7]  FF FF 30 A0 90 00 30
 (1787061820.584063)  can0  4B0   [8]  27 10 27 10 27 10 27 10
 (1787061820.586781)  can0  200   [7]  02 0B 02 03 02 0B 00
 (1787061820.586977)  can0  201   [8]  0A F7 7D 3C 27 10 00 64
 (1787061820.587215)  can0  230   [8]  F0 01 1A 00 61 00 00 00
 (1787061820.587386)  can0  231   [4]  01 00 FF FF
 (1787061820.587629)  can0  420   [7]  83 FB 00 00 00 00 00
 (1787061820.596768)  can0  200   [7]  02 0B 02 03 02 0B 00
 (1787061820.596958)  can0  201   [8]  0A F7 7D 14 27 10 00 64
 (1787061820.597848)  can0  210   [7]  FF FF 30 A0 90 00 31
 (1787061820.598069)  can0  4B0   [8]  27 10 27 10 27 10 27 10
 (1787061820.600645)  can0  7DF   [8]  02 01 10 00 00 00 00 00
 (1787061820.601011)  can0  7E8   [8]  04 41 10 00 9F 00 00 00
 (1787061820.605211)  can0  430   [7]  96 86 00 00 2A 3F 60
 (1787061820.606755)  can0  200   [7]  02 0B 02 03 02 0B 00
 (1787061820.606953)  can0  201   [8]  0A F7 7D 14 27 10 00 64
 (1787061820.611768)  can0  230   [8]  F0 01 1A 00 61 00 00 00
 (1787061820.611968)  can0  210   [7]  FF FF 30 A0 90 00 32
 (1787061820.612140)  can0  231   [4]  01 00 FF FF
 (1787061820.612374)  can0  4B0   [8]  27 10 27 10 27 10 27 10
 (1787061820.616767)  can0  200   [7]  02 0B 02 03 02 0B 00
 (1787061820.616961)  can0  201   [8]  0A FF 7D 14 27 10 00 64
 (1787061820.625898)  can0  210   [7]  FF FF 30 A0 90 00 33
 (1787061820.626086)  can0  4B0   [8]  27 10 27 10 27 10 27 10
 (1787061820.626754)  can0  200   [7]  02 0B 02 02 02 0B 00
 (1787061820.626983)  can0  201   [8]  0A FF 7D B4 27 10 00 64
 (1787061820.636750)  can0  200   [7]  02 0B 02 02 02 0B 00
 (1787061820.636955)  can0  201   [8]  0A FF 7D B4 27 10 00 64
 (1787061820.637195)  can0  230   [8]  F0 01 1A 00 61 00 00 00
 (1787061820.637365)  can0  231   [4]  01 00 FF FF
 (1787061820.639872)  can0  210   [7]  FF FF 30 A0 90 00 34
 (1787061820.640093)  can0  4B0   [8]  27 10 27 10 27 10 27 10
 (1787061820.646786)  can0  200   [7]  02 0B 02 02 02 0B 00
 (1787061820.646967)  can0  201   [8]  0A FF 7D A0 27 10 00 64
 (1787061820.651421)  can0  7DF   [8]  02 01 0B 00 00 00 00 00
 (1787061820.651901)  can0  7E8   [8]  03 41 0B 1E 00 00 00 00
 (1787061820.653909)  can0  210   [7]  FF FF 30 A0 90 00 35
 (1787061820.654109)  can0  4B0   [8]  27 10 27 10 27 10 27 10
 (1787061820.655188)  can0  430   [7]  96 87 00 00 2A 3F 60
 (1787061820.656746)  can0  200   [7]  02 0B 02 02 02 0B 00
 (1787061820.656960)  can0  201   [8]  0A FF 7D A0 27 10 00 64
 (1787061820.661870)  can0  230   [8]  F0 01 1A 00 61 00 00 00
 (1787061820.662003)  can0  231   [4]  01 00 FF FF
 (1787061820.666735)  can0  200   [7]  02 0B 02 02 02 0B 00
 (1787061820.666954)  can0  201   [8]  0B 05 7D A0 27 10 00 64
 (1787061820.667877)  can0  210   [7]  FF FF 30 A0 90 00 36
 (1787061820.668109)  can0  4B0   [8]  27 10 27 10 27 10 27 10
 (1787061820.676761)  can0  200   [7]  02 0A 02 02 02 0A 00
 (1787061820.676953)  can0  201   [8]  0B 05 7D 78 27 10 00 64
 (1787061820.681924)  can0  210   [7]  FF FF 30 A0 90 00 37
 (1787061820.682122)  can0  4B0   [8]  27 10 27 10 27 10 27 10
 (1787061820.686757)  can0  200   [7]  02 0A 02 02 02 0A 00
 (1787061820.686960)  can0  201   [8]  0B 05 7D 78 27 10 00 64
 (1787061820.687197)  can0  230   [8]  F0 01 1A 00 61 00 00 00
 (1787061820.687367)  can0  231   [4]  01 00 FF FF
 (1787061820.687597)  can0  420   [7]  83 FB 00 00 00 00 00
 (1787061820.695925)  can0  210   [7]  FF FF 30 A0 90 00 38
 (1787061820.696136)  can0  4B0   [8]  27 10 27 10 27 10 27 10
 (1787061820.696751)  can0  200   [7]  02 0A 02 02 02 0A 00
 (1787061820.696975)  can0  201   [8]  0B 05 7D 78 27 10 00 64
 (1787061820.701129)  can0  7DF   [8]  02 01 10 00 00 00 00 00
 (1787061820.701517)  can0  7E8   [8]  04 41 10 00 9D 00 00 00
 (1787061820.705212)  can0  430   [7]  96 87 00 00 2A 3F 60
 (1787061820.706748)  can0  200   [7]  02 0A 02 02 02 0A 00
 (1787061820.706958)  can0  201   [8]  0B 03 7D 78 27 10 00 64
 (1787061820.709928)  can0  210   [7]  FF FF 30 A0 90 00 39
 (1787061820.710136)  can0  4B0   [8]  27 10 27 10 27 10 27 10
 (1787061820.711767)  can0  230   [8]  F0 01 1A 00 61 00 00 00
 (1787061820.711918)  can0  231   [4]  01 00 FF FF
 (1787061820.716770)  can0  200   [7]  02 0A 02 02 02 0A 00
 (1787061820.716988)  can0  201   [8]  0B 03 7D 78 27 10 00 64
 (1787061820.723939)  can0  210   [7]  FF FF 30 A0 90 00 3A
 (1787061820.724146)  can0  4B0   [8]  27 10 27 10 27 10 27 10
 (1787061820.726810)  can0  200   [7]  02 0A 02 02 02 0A 00
 (1787061820.726962)  can0  201   [8]  0B 03 7C D8 27 10 00 64
 (1787061820.736780)  can0  200   [7]  02 0A 02 02 02 0A 00
 (1787061820.736955)  can0  201   [8]  0B 03 7C D8 27 10 00 64
 (1787061820.737207)  can0  230   [8]  F0 01 1A 00 61 00 00 00
 (1787061820.737370)  can0  231   [4]  01 00 FF FF
 (1787061820.737967)  can0  210   [7]  FF FF 30 A0 90 00 3B
 (1787061820.738165)  can0  4B0   [8]  27 10 27 10 27 10 27 10
 (1787061820.746751)  can0  200   [7]  02 0A 02 02 02 0A 00
 (1787061820.746951)  can0  201   [8]  0A FE 7C 74 27 10 00 64
 (1787061820.750948)  can0  7DF   [8]  02 01 0B 00 00 00 00 00
 (1787061820.751313)  can0  7E8   [8]  03 41 0B 1E 00 00 00 00
 (1787061820.751947)  can0  210   [7]  FF FF 30 A0 90 00 3C
 (1787061820.752167)  can0  4B0   [8]  27 10 27 10 27 10 27 10
 (1787061820.755358)  can0  430   [7]  99 87 00 00 2A 3F 60
 (1787061820.756768)  can0  200   [7]  02 0A 02 02 02 0A 00
 (1787061820.756951)  can0  201   [8]  0A FE 7C 74 27 10 00 64
 (1787061820.761775)  can0  230   [8]  F0 01 1A 00 61 00 00 00
 (1787061820.761910)  can0  231   [4]  01 00 FF FF
 (1787061820.765980)  can0  210   [7]  FF FF 30 A0 90 00 3D
 (1787061820.766176)  can0  4B0   [8]  27 10 27 10 27 10 27 10
 (1787061820.766737)  can0  200   [7]  02 0A 02 02 02 0A 00
 (1787061820.766968)  can0  201   [8]  0A FE 7C 74 27 10 00 64
 (1787061820.776743)  can0  200   [7]  02 0A 02 02 02 0A 00
 (1787061820.776946)  can0  201   [8]  0A FE 7C 9C 27 10 00 64
 (1787061820.779979)  can0  210   [7]  FF FF 30 A0 90 00 3E
 (1787061820.780188)  can0  4B0   [8]  27 10 27 10 27 10 27 10
 (1787061820.786745)  can0  200   [7]  02 0A 02 02 02 0A 00
 (1787061820.786952)  can0  201   [8]  0A FE 7C 9C 27 10 00 64
 (1787061820.787192)  can0  230   [8]  F0 01 1A 00 61 00 00 00
 (1787061820.787361)  can0  231   [4]  01 00 FF FF
 (1787061820.787590)  can0  420   [7]  83 FB 00 00 00 00 00
 (1787061820.793993)  can0  210   [7]  FF FF 30 A0 90 00 3F
 (1787061820.794192)  can0  4B0   [8]  27 10 27 10 27 10 27 10
 (1787061820.796745)  can0  200   [7]  02 0A 02 02 02 0A 00
 (1787061820.796944)  can0  201   [8]  0B 03 7D 64 27 10 00 64
 (1787061820.801225)  can0  7DF   [8]  02 01 10 00 00 00 00 00
 (1787061820.801571)  can0  7DF   [8]  02 01 42 00 00 00 00 00
 (1787061820.801817)  can0  7E8   [8]  04 41 10 00 A4 00 00 00
 (1787061820.805193)  can0  430   [7]  96 87 00 00 2A 3F 60
 (1787061820.806730)  can0  200   [7]  02 0A 02 02 02 0A 00
 (1787061820.806941)  can0  201   [8]  0B 03 7D 64 27 10 00 64
 (1787061820.808048)  can0  210   [7]  FF FF 30 A0 90 00 40
 (1787061820.808209)  can0  4B0   [8]  27 10 27 10 27 10 27 10
 (1787061820.811794)  can0  230   [8]  F0 01 1A 00 61 00 00 00
 (1787061820.811905)  can0  231   [4]  01 00 FF FF
 (1787061820.816755)  can0  200   [7]  02 0A 02 02 02 0A 00
 (1787061820.816944)  can0  201   [8]  0B 03 7D 64 27 10 00 64
 (1787061820.822007)  can0  210   [7]  FF FF 30 A0 90 00 41
 (1787061820.822203)  can0  4B0   [8]  27 10 27 10 27 10 27 10
 (1787061820.826740)  can0  200   [7]  02 0A 02 02 02 0A 00
 (1787061820.826948)  can0  201   [8]  0B 03 7D 64 27 10 00 64
 (1787061820.836148)  can0  210   [7]  FF FF 30 A0 90 00 42
 (1787061820.836227)  can0  4B0   [8]  27 10 27 10 27 10 27 10
 (1787061820.836783)  can0  200   [7]  02 0A 02 02 02 0A 00
 (1787061820.836979)  can0  201   [8]  0B 06 7D 64 27 10 00 64
 (1787061820.837219)  can0  230   [8]  F0 01 1A 00 61 00 00 00
 (1787061820.837385)  can0  231   [4]  01 00 FF FF
 (1787061820.846756)  can0  200   [7]  02 0A 02 02 02 0A 00
 (1787061820.846949)  can0  201   [8]  0B 06 7D 3C 27 10 00 64
 (1787061820.850019)  can0  210   [7]  FF FF 30 A0 90 00 43
 (1787061820.850223)  can0  4B0   [8]  27 10 27 10 27 10 27 10
 (1787061820.851154)  can0  7DF   [8]  02 01 0B 00 00 00 00 00
 (1787061820.851530)  can0  7E8   [8]  03 41 0B 1E 00 00 00 00
 (1787061820.855211)  can0  430   [7]  99 86 00 00 2A 3F 60
 (1787061820.856712)  can0  200   [7]  02 0A 02 02 02 0A 00
 (1787061820.856936)  can0  201   [8]  0B 06 7D 3C 27 10 00 64
 (1787061820.861736)  can0  230   [8]  F0 01 1A 00 61 00 00 00
 (1787061820.861895)  can0  231   [4]  01 00 FF FF
 (1787061820.864090)  can0  210   [7]  FF FF 30 A0 90 00 44
 (1787061820.864230)  can0  4B0   [8]  27 10 27 10 27 10 27 10
 (1787061820.866763)  can0  200   [7]  02 0A 02 02 02 0A 00
 (1787061820.866952)  can0  201   [8]  0B 06 7D 3C 27 10 00 64
 (1787061820.876754)  can0  200   [7]  02 0A 02 02 02 0A 00
 (1787061820.876957)  can0  201   [8]  0B 03 7D 00 27 10 00 64
 (1787061820.878026)  can0  210   [7]  FF FF 30 A0 90 00 45
 (1787061820.878239)  can0  4B0   [8]  27 10 27 10 27 10 27 10
 (1787061820.886737)  can0  200   [7]  02 0A 02 02 02 0A 00
 (1787061820.886948)  can0  201   [8]  0B 03 7D 00 27 10 00 64
 (1787061820.887183)  can0  230   [8]  F0 01 1A 00 61 00 00 00
 (1787061820.887354)  can0  231   [4]  01 00 FF FF
 (1787061820.887581)  can0  420   [7]  83 FB 00 00 00 00 00
 (1787061820.892076)  can0  210   [7]  FF FF 30 A0 90 00 46
 (1787061820.892261)  can0  4B0   [8]  27 10 27 10 27 10 27 10
 (1787061820.896744)  can0  200   [7]  02 0A 02 02 02 0A 00
 (1787061820.896940)  can0  201   [8]  0B 03 7C C4 27 10 00 64
 (1787061820.901761)  can0  7DF   [8]  02 01 10 00 00 00 00 00
 (1787061820.902149)  can0  7E8   [8]  04 41 10 00 A4 00 00 00
 (1787061820.905202)  can0  430   [7]  99 87 00 00 2A 3F 60
 (1787061820.906024)  can0  210   [7]  FF FF 30 A0 90 00 47
 (1787061820.906254)  can0  4B0   [8]  27 10 27 10 27 10 27 10
 (1787061820.906738)  can0  200   [7]  02 0A 02 02 02 0A 00
 (1787061820.906964)  can0  201   [8]  0B 03 7C C4 27 10 00 64
 (1787061820.911749)  can0  230   [8]  F0 01 1A 00 61 00 00 00
 (1787061820.911898)  can0  231   [4]  01 00 FF FF
 (1787061820.916735)  can0  200   [7]  02 0A 02 02 02 0A 00
 (1787061820.916933)  can0  201   [8]  0A FA 7C C4 27 10 00 64
 (1787061820.920228)  can0  210   [7]  FF FF 30 A0 90 00 48
 (1787061820.920293)  can0  4B0   [8]  27 10 27 10 27 10 27 10
 (1787061820.926746)  can0  200   [7]  02 0A 02 02 02 0A 00
 (1787061820.926938)  can0  201   [8]  0A FA 7C 4C 27 10 00 64
 (1787061820.934099)  can0  210   [7]  FF FF 30 A0 90 00 49
 (1787061820.934275)  can0  4B0   [8]  27 10 27 10 27 10 27 10
 (1787061820.936728)  can0  200   [7]  02 0A 02 02 02 0A 00
 (1787061820.936946)  can0  201   [8]  0A FA 7C 4C 27 10 00 64
 (1787061820.937177)  can0  230   [8]  F0 01 1A 00 61 00 00 00
 (1787061820.937347)  can0  231   [4]  01 00 FF FF
 (1787061820.946756)  can0  200   [7]  02 0A 02 02 02 0A 00
 (1787061820.946943)  can0  201   [8]  0A FA 7C 4C 27 10 00 64
 (1787061820.948105)  can0  210   [7]  FF FF 30 A0 90 00 4A
 (1787061820.948281)  can0  4B0   [8]  27 10 27 10 27 10 27 10
 (1787061820.950548)  can0  7DF   [8]  02 01 0B 00 00 00 00 00
 (1787061820.950916)  can0  7E8   [8]  03 41 0B 1E 00 00 00 00
 (1787061820.955225)  can0  430   [7]  98 87 00 00 2A 3F 60
 (1787061820.956716)  can0  200   [7]  02 0A 02 02 02 0A 00
 (1787061820.956929)  can0  201   [8]  0A FA 7C 4C 27 10 00 64
 (1787061820.961744)  can0  230   [8]  F0 01 1A 00 61 00 00 00
 (1787061820.961881)  can0  231   [4]  01 00 FF FF
 (1787061820.962113)  can0  210   [7]  FF FF 30 A0 90 00 4B
 (1787061820.962340)  can0  4B0   [8]  27 10 27 10 27 10 27 10
 (1787061820.966726)  can0  200   [7]  02 0A 02 02 02 0A 00
 (1787061820.966938)  can0  201   [8]  0A F8 7C 4C 27 10 00 64
 (1787061820.976118)  can0  210   [7]  FF FF 30 A0 90 00 4C
 (1787061820.976312)  can0  4B0   [8]  27 10 27 10 27 10 27 10
 (1787061820.976743)  can0  200   [7]  02 0B 02 02 02 0B 00
 (1787061820.976960)  can0  201   [8]  0A F8 7C D8 27 10 00 64
 (1787061820.986734)  can0  200   [7]  02 0B 02 02 02 0B 00
 (1787061820.986938)  can0  201   [8]  0A F8 7C D8 27 10 00 64
 (1787061820.987172)  can0  230   [8]  F0 01 1A 00 61 00 00 00
 (1787061820.987342)  can0  231   [4]  01 00 FF FF
 (1787061820.987575)  can0  420   [7]  83 FB 00 00 00 00 00
 (1787061820.990114)  can0  210   [7]  FF FF 30 A0 90 00 4D
 (1787061820.990306)  can0  4B0   [8]  27 10 27 10 27 10 27 10
 (1787061820.996705)  can0  200   [7]  02 0B 02 02 02 0B 00
 (1787061820.996928)  can0  201   [8]  0A F8 7C D8 27 10 00 64
 (1787061821.000641)  can0  7DF   [8]  02 01 10 00 00 00 00 00
 (1787061821.001033)  can0  7E8   [8]  04 41 10 00 A6 00 00 00
 (1787061821.004143)  can0  210   [7]  FF FF 30 A0 90 00 4E
 (1787061821.004320)  can0  4B0   [8]  27 10 27 10 27 10 27 10
 (1787061821.005196)  can0  430   [7]  96 87 00 00 2A 3F 60
 (1787061821.006722)  can0  200   [7]  02 0B 02 02 02 0B 00
 (1787061821.006926)  can0  201   [8]  0A FC 7C D8 27 10 00 64
 (1787061821.011754)  can0  230   [8]  F0 01 1A 00 61 00 00 00
 (1787061821.011890)  can0  231   [4]  01 00 FF FF
 (1787061821.016733)  can0  200   [7]  02 0B 02 02 02 0B 00
 (1787061821.016919)  can0  201   [8]  0A FC 7C D8 27 10 00 64
 (1787061821.018109)  can0  210   [7]  FF FF 30 A0 90 00 4F
 (1787061821.018337)  can0  4B0   [8]  27 10 27 10 27 10 27 10
 (1787061821.026742)  can0  200   [7]  02 0A 02 02 02 0A 00
 (1787061821.026960)  can0  201   [8]  0A FC 7D 50 27 10 00 64
 (1787061821.032136)  can0  210   [7]  FF FF 30 A0 90 00 50
 (1787061821.032338)  can0  4B0   [8]  27 10 27 10 27 10 27 10
 (1787061821.036731)  can0  200   [7]  02 0A 02 02 02 0A 00
 (1787061821.036930)  can0  201   [8]  0A FC 7D 50 27 10 00 64
 (1787061821.037168)  can0  230   [8]  F0 01 1A 00 61 00 00 00
 (1787061821.037336)  can0  231   [4]  01 00 FF FF
 (1787061821.046160)  can0  210   [7]  FF FF 30 A0 90 00 51
 (1787061821.046347)  can0  4B0   [8]  27 10 27 10 27 10 27 10
 (1787061821.046720)  can0  200   [7]  02 0A 02 02 02 0A 00
 (1787061821.046944)  can0  201   [8]  0A FF 7D 8C 27 10 00 64
 (1787061821.051134)  can0  7DF   [8]  02 01 0B 00 00 00 00 00
 (1787061821.051518)  can0  7E8   [8]  03 41 0B 1E 00 00 00 00
 (1787061821.055214)  can0  430   [7]  99 87 00 00 2A 3F 60
 (1787061821.056695)  can0  200   [7]  02 0A 02 02 02 0A 00
 (1787061821.056928)  can0  201   [8]  0A FF 7D 8C 27 10 00 64
 (1787061821.060153)  can0  210   [7]  FF FF 30 A0 90 00 52
 (1787061821.060339)  can0  4B0   [8]  27 10 27 10 27 10 27 10
 (1787061821.061704)  can0  230   [8]  F0 01 1A 00 61 00 00 00
 (1787061821.061868)  can0  231   [4]  01 00 FF FF
 (1787061821.066716)  can0  200   [7]  02 0A 02 02 02 0A 00
 (1787061821.066918)  can0  201   [8]  0A FF 7D 8C 27 10 00 64
 (1787061821.074178)  can0  210   [7]  FF FF 30 A0 90 00 53
 (1787061821.074360)  can0  4B0   [8]  27 10 27 10 27 10 27 10
 (1787061821.076715)  can0  200   [7]  02 0A 02 02 02 0A 00
 (1787061821.076918)  can0  201   [8]  0A FF 7D 3C 27 10 00 64
 (1787061821.086728)  can0  200   [7]  02 0A 02 02 02 0A 00
 (1787061821.086950)  can0  201   [8]  0B 01 7D 3C 27 10 00 64
 (1787061821.087175)  can0  230   [8]  F0 01 1A 00 61 00 00 00
 (1787061821.087342)  can0  231   [4]  01 00 FF FF
 (1787061821.087574)  can0  420   [7]  83 FB 00 00 00 00 00
 (1787061821.087819)  can0  620   [8]  0D 40 12 1E 10 00 01 20
 (1787061821.088058)  can0  630   [8]  84 01 9F 00 00 00 4F 4F
 (1787061821.088275)  can0  210   [7]  FF FF 30 A0 90 00 54
 (1787061821.088506)  can0  4B0   [8]  27 10 27 10 27 10 27 10
 (1787061821.096717)  can0  200   [7]  02 0A 02 02 02 0A 00
 (1787061821.096921)  can0  201   [8]  0B 01 7D 28 27 10 00 64
 (1787061821.100595)  can0  7DF   [8]  02 01 10 00 00 00 00 00
 (1787061821.100971)  can0  7E8   [8]  04 41 10 00 A1 00 00 00
 (1787061821.102152)  can0  210   [7]  FF FF 30 A0 90 00 55
 (1787061821.102368)  can0  4B0   [8]  27 10 27 10 27 10 27 10
 (1787061821.105207)  can0  430   [7]  96 87 00 00 2A 3F 60
 (1787061821.106687)  can0  200   [7]  02 0A 02 02 02 0A 00
 (1787061821.106919)  can0  201   [8]  0B 01 7D 28 27 10 00 64
 (1787061821.111740)  can0  230   [8]  F0 01 1A 00 61 00 00 00
 (1787061821.111883)  can0  231   [4]  01 00 FF FF
 (1787061821.116198)  can0  210   [7]  FF FF 30 A0 90 00 56
 (1787061821.116393)  can0  4B0   [8]  27 10 27 10 27 10 27 10
 (1787061821.116738)  can0  200   [7]  02 0A 02 02 02 0A 00
 (1787061821.116952)  can0  201   [8]  0B 01 7D 28 27 10 00 64
 (1787061821.126734)  can0  200   [7]  02 0A 02 02 02 0A 00
 (1787061821.126923)  can0  201   [8]  0B 01 7D 28 27 10 00 64
 (1787061821.130208)  can0  210   [7]  FF FF 30 A0 90 00 57
 (1787061821.130397)  can0  4B0   [8]  27 10 27 10 27 10 27 10
 (1787061821.136724)  can0  200   [7]  02 0A 02 02 02 0A 00
 (1787061821.136923)  can0  201   [8]  0B 06 7D 28 27 10 00 64
 (1787061821.137159)  can0  230   [8]  F0 01 1A 00 61 00 00 00
 (1787061821.137328)  can0  231   [4]  01 00 FF FF
 (1787061821.144329)  can0  210   [7]  FF FF 30 A0 90 00 58
 (1787061821.144434)  can0  4B0   [8]  27 10 27 10 27 10 27 10
 (1787061821.146710)  can0  200   [7]  02 0A 02 02 02 0A 00
 (1787061821.146921)  can0  201   [8]  0B 06 7D 64 27 10 00 64
 (1787061821.151592)  can0  7DF   [8]  02 01 0B 00 00 00 00 00
 (1787061821.152202)  can0  7E8   [8]  03 41 0B 1E 00 00 00 00
 (1787061821.155216)  can0  430   [7]  96 86 00 00 2A 3F 60
 (1787061821.156688)  can0  200   [7]  02 0A 02 02 02 0A 00
 (1787061821.156919)  can0  201   [8]  0B 06 7D 64 27 10 00 64
 (1787061821.158186)  can0  210   [7]  FF FF 30 A0 90 00 59
 (1787061821.158407)  can0  4B0   [8]  27 10 27 10 27 10 27 10
 (1787061821.161725)  can0  230   [8]  F0 01 1A 00 61 00 00 00
 (1787061821.161862)  can0  231   [4]  01 00 FF FF
 (1787061821.166721)  can0  200   [7]  02 0A 02 02 02 0A 00
 (1787061821.166937)  can0  201   [8]  0B 06 7D 64 27 10 00 64
 (1787061821.172222)  can0  210   [7]  FF FF 30 A0 90 00 5A
 (1787061821.172425)  can0  4B0   [8]  27 10 27 10 27 10 27 10
 (1787061821.176707)  can0  200   [7]  02 0A 02 02 02 0A 00
 (1787061821.176928)  can0  201   [8]  0B 07 7D 78 27 10 00 64
 (1787061821.186216)  can0  210   [7]  FF FF 30 A0 90 00 5B
 (1787061821.186427)  can0  4B0   [8]  27 10 27 10 27 10 27 10
 (1787061821.186745)  can0  200   [7]  02 0A 02 02 02 0A 00
 (1787061821.186987)  can0  201   [8]  0B 07 7D 78 27 10 00 64
 (1787061821.187220)  can0  230   [8]  F0 01 1A 00 61 00 00 00
 (1787061821.187385)  can0  231   [4]  01 00 FF FF
 (1787061821.187628)  can0  420   [7]  83 FB 00 00 00 00 00
 (1787061821.196704)  can0  200   [7]  02 0A 02 01 02 0A 00
 (1787061821.196914)  can0  201   [8]  0B 07 7D 14 27 10 00 64
 (1787061821.200224)  can0  210   [7]  FF FF 30 A0 90 00 5C
 (1787061821.200444)  can0  4B0   [8]  27 10 27 10 27 10 27 10
 (1787061821.200687)  can0  7DF   [8]  02 01 10 00 00 00 00 00
 (1787061821.201086)  can0  7E8   [8]  04 41 10 00 A1 00 00 00
 (1787061821.205209)  can0  430   [7]  96 87 00 00 2A 3F 60
 (1787061821.206704)  can0  200   [7]  02 0A 02 01 02 0A 00
 (1787061821.206930)  can0  201   [8]  0B 07 7D 14 27 10 00 64
 (1787061821.211736)  can0  230   [8]  F0 01 1A 00 61 00 00 00
 (1787061821.211877)  can0  231   [4]  01 00 FF FF
 (1787061821.214251)  can0  210   [7]  FF FF 30 A0 90 00 5D
 (1787061821.214478)  can0  4B0   [8]  27 10 27 10 27 10 27 10
 (1787061821.216714)  can0  200   [7]  02 0A 02 01 02 0A 00
 (1787061821.216939)  can0  201   [8]  0B 00 7D 14 27 10 00 64
 (1787061821.226746)  can0  200   [7]  02 0A 02 02 02 0A 00
 (1787061821.226943)  can0  201   [8]  0B 00 7C 74 27 10 00 64
 (1787061821.228386)  can0  210   [7]  FF FF 30 A0 90 00 5E
 (1787061821.228497)  can0  4B0   [8]  27 10 27 10 27 10 27 10
 (1787061821.236699)  can0  200   [7]  02 0A 02 02 02 0A 00
 (1787061821.236918)  can0  201   [8]  0B 00 7C 74 27 10 00 64
 (1787061821.237144)  can0  230   [8]  F0 01 1A 00 61 00 00 00
 (1787061821.237318)  can0  231   [4]  01 00 FF FF
 (1787061821.242274)  can0  210   [7]  FF FF 30 A0 90 00 5F
 (1787061821.242487)  can0  4B0   [8]  27 10 27 10 27 10 27 10
 (1787061821.246727)  can0  200   [7]  02 0A 02 02 02 0A 00
 (1787061821.246934)  can0  201   [8]  0B 00 7C 74 27 10 00 64
 (1787061821.250528)  can0  7DF   [8]  02 01 0B 00 00 00 00 00
 (1787061821.250912)  can0  7E8   [8]  03 41 0B 1E 00 00 00 00
 (1787061821.255222)  can0  430   [7]  98 87 00 00 2A 3F 60
 (1787061821.256256)  can0  210   [7]  FF FF 30 A0 90 00 60
 (1787061821.256476)  can0  4B0   [8]  27 10 27 10 27 10 27 10
 (1787061821.256706)  can0  200   [7]  02 0A 02 02 02 0A 00
 (1787061821.256939)  can0  201   [8]  0A FC 7C 74 27 10 00 64
 (1787061821.261707)  can0  230   [8]  F0 01 1A 00 61 00 00 00
 (1787061821.261858)  can0  231   [4]  01 00 FF FF
 (1787061821.266843)  can0  200   [7]  02 0A 02 02 02 0A 00
 (1787061821.266963)  can0  201   [8]  0A FC 7C 74 27 10 00 64
 (1787061821.270299)  can0  210   [7]  FF FF 30 A0 90 00 61
 (1787061821.270492)  can0  4B0   [8]  27 10 27 10 27 10 27 10
 (1787061821.276702)  can0  200   [7]  02 0A 02 02 02 0A 00
 (1787061821.276921)  can0  201   [8]  0A FC 7C B0 27 10 00 64
 (1787061821.284282)  can0  210   [7]  FF FF 30 A0 90 00 62
 (1787061821.284490)  can0  4B0   [8]  27 10 27 10 27 10 27 10
 (1787061821.286741)  can0  200   [7]  02 0A 02 02 02 0A 00
 (1787061821.286936)  can0  201   [8]  0A FC 7C B0 27 10 00 64
 (1787061821.287177)  can0  230   [8]  F0 01 1A 00 61 00 00 00
 (1787061821.287345)  can0  231   [4]  01 00 FF FF
 (1787061821.287585)  can0  420   [7]  83 FB 00 00 00 00 00
 (1787061821.296700)  can0  200   [7]  02 0A 02 02 02 0A 00
 (1787061821.296921)  can0  201   [8]  0A FC 7C D8 27 10 00 64
 (1787061821.298279)  can0  210   [7]  FF FF 30 A0 90 00 63
 (1787061821.298487)  can0  4B0   [8]  27 10 27 10 27 10 27 10
 (1787061821.301083)  can0  7DF   [8]  02 01 10 00 00 00 00 00
 (1787061821.301494)  can0  7E8   [8]  04 41 10 00 A4 00 00 00
 (1787061821.305231)  can0  430   [7]  98 87 00 00 2A 3F 60
 (1787061821.306709)  can0  200   [7]  02 0A 02 02 02 0A 00
 (1787061821.306931)  can0  201   [8]  0A FE 7C D8 27 10 00 64
 (1787061821.311722)  can0  230   [8]  F0 01 1A 00 61 00 00 00
 (1787061821.311864)  can0  231   [4]  01 00 FF FF
 (1787061821.312266)  can0  210   [7]  FF FF 30 A0 90 00 64
 (1787061821.312496)  can0  4B0   [8]  27 10 27 10 27 10 27 10
 (1787061821.316703)  can0  200   [7]  02 0A 02 02 02 0A 00
 (1787061821.316919)  can0  201   [8]  0A FE 7C D8 27 10 00 64
 (1787061821.326346)  can0  210   [7]  FF FF 30 A0 90 00 65
 (1787061821.326518)  can0  4B0   [8]  27 10 27 10 27 10 27 10
 (1787061821.326760)  can0  200   [7]  02 0A 02 02 02 0A 00
 (1787061821.326997)  can0  201   [8]  0A FE 7D 28 27 10 00 64
 (1787061821.336697)  can0  200   [7]  02 0A 02 02 02 0A 00
 (1787061821.336924)  can0  201   [8]  0A FE 7D 28 27 10 00 64
 (1787061821.337154)  can0  230   [8]  F0 01 1A 00 61 00 00 00
 (1787061821.337318)  can0  231   [4]  01 00 FF FF
 (1787061821.340367)  can0  210   [7]  FF FF 30 A0 90 00 66
 (1787061821.340519)  can0  4B0   [8]  27 10 27 10 27 10 27 10
 (1787061821.346747)  can0  200   [7]  02 0A 02 02 02 0A 00
 (1787061821.346946)  can0  201   [8]  0B 01 7D 3C 27 10 00 64
 (1787061821.350917)  can0  7DF   [8]  02 01 0B 00 00 00 00 00
 (1787061821.351293)  can0  7E8   [8]  03 41 0B 1E 00 00 00 00
 (1787061821.354317)  can0  210   [7]  FF FF 30 A0 90 00 67
 (1787061821.354522)  can0  4B0   [8]  27 10 27 10 27 10 27 10
 (1787061821.355183)  can0  430   [7]  99 86 00 00 2A 3F 60
 (1787061821.356671)  can0  200   [7]  02 0A 02 02 02 0A 00
 (1787061821.356938)  can0  201   [8]  0B 01 7D 3C 27 10 00 64
 (1787061821.361709)  can0  230   [8]  F0 01 1A 00 61 00 00 00
 (1787061821.361850)  can0  231   [4]  01 00 FF FF
 (1787061821.366708)  can0  200   [7]  02 0A 02 02 02 0A 00
 (1787061821.366930)  can0  201   [8]  0B 01 7D 3C 27 10 00 64
 (1787061821.368397)  can0  210   [7]  FF FF 30 A0 90 00 68
 (1787061821.368580)  can0  4B0   [8]  27 10 27 10 27 10 27 10
 (1787061821.376692)  can0  200   [7]  02 0A 02 02 02 0A 00
 (1787061821.376915)  can0  201   [8]  0B 01 7D 3C 27 10 00 64
 (1787061821.382339)  can0  210   [7]  FF FF 30 A0 90 00 69
 (1787061821.382546)  can0  4B0   [8]  27 10 27 10 27 10 27 10
 (1787061821.386713)  can0  200   [7]  02 0A 02 02 02 0A 00
 (1787061821.386923)  can0  201   [8]  0B 02 7D 3C 27 10 00 64
 (1787061821.387165)  can0  230   [8]  F0 01 1A 00 61 00 00 00
 (1787061821.387326)  can0  231   [4]  01 00 FF FF
 (1787061821.387546)  can0  420   [7]  83 FB 00 00 00 00 00
 (1787061821.396352)  can0  210   [7]  FF FF 30 A0 90 00 6A
 (1787061821.396551)  can0  4B0   [8]  27 10 27 10 27 10 27 10
 (1787061821.396782)  can0  200   [7]  02 0A 02 02 02 0A 00
 (1787061821.397016)  can0  201   [8]  0B 02 7D 14 27 10 00 64
 (1787061821.400823)  can0  7DF   [8]  02 01 10 00 00 00 00 00
 (1787061821.401211)  can0  7E8   [8]  04 41 10 00 A1 00 00 00
 (1787061821.405225)  can0  430   [7]  96 86 00 00 2A 3F 60
 (1787061821.406675)  can0  200   [7]  02 0A 02 02 02 0A 00
 (1787061821.406897)  can0  201   [8]  0B 02 7D 14 27 10 00 64
 (1787061821.410351)  can0  210   [7]  FF FF 30 A0 90 00 6B
 (1787061821.410556)  can0  4B0   [8]  27 10 27 10 27 10 27 10
 (1787061821.411702)  can0  230   [8]  F0 01 1A 00 61 00 00 00
 (1787061821.411863)  can0  231   [4]  01 00 FF FF
 (1787061821.416685)  can0  200   [7]  02 0A 02 02 02 0A 00
 (1787061821.416902)  can0  201   [8]  0B 02 7D 14 27 10 00 64
 (1787061821.424429)  can0  210   [7]  FF FF 30 A0 90 00 6C
 (1787061821.424567)  can0  4B0   [8]  27 10 27 10 27 10 27 10
 (1787061821.426691)  can0  200   [7]  02 0A 02 02 02 0A 00
 (1787061821.426903)  can0  201   [8]  0A FB 7D 14 27 10 00 64
 (1787061821.436681)  can0  200   [7]  02 0A 02 02 02 0A 00
 (1787061821.436930)  can0  201   [8]  0A FB 7D 14 27 10 00 64
 (1787061821.437138)  can0  230   [8]  F0 01 1A 00 61 00 00 00
 (1787061821.437298)  can0  231   [4]  01 00 FF FF
 (1787061821.438355)  can0  210   [7]  FF FF 30 A0 90 00 6D
 (1787061821.438567)  can0  4B0   [8]  27 10 27 10 27 10 27 10
 (1787061821.446698)  can0  200   [7]  02 0A 02 02 02 0A 00
 (1787061821.446897)  can0  201   [8]  0A FB 7C 74 27 10 00 64
 (1787061821.450430)  can0  7DF   [8]  02 01 0B 00 00 00 00 00
 (1787061821.450858)  can0  7E8   [8]  03 41 0B 1E 00 00 00 00
 (1787061821.452360)  can0  210   [7]  FF FF 30 A0 90 00 6E
 (1787061821.452583)  can0  4B0   [8]  27 10 27 10 27 10 27 10
 (1787061821.455219)  can0  430   [7]  96 86 00 00 2A 3F 60
 (1787061821.456665)  can0  200   [7]  02 0A 02 02 02 0A 00
 (1787061821.456903)  can0  201   [8]  0A FB 7C 74 27 10 00 64
 (1787061821.461674)  can0  230   [8]  F0 01 1A 00 61 00 00 00
 (1787061821.461834)  can0  231   [4]  01 00 FF FF
 (1787061821.466396)  can0  210   [7]  FF FF 30 A0 90 00 6F
 (1787061821.466605)  can0  4B0   [8]  27 10 27 10 27 10 27 10
 (1787061821.466830)  can0  200   [7]  02 0A 02 02 02 0A 00
 (1787061821.467062)  can0  201   [8]  0A FB 7C 74 27 10 00 64
 (1787061821.476678)  can0  200   [7]  02 0A 02 02 02 0A 00
 (1787061821.476909)  can0  201   [8]  0A F9 7C 4C 27 10 00 64
 (1787061821.480414)  can0  210   [7]  FF FF 30 A0 90 00 70
 (1787061821.480612)  can0  4B0   [8]  27 10 27 10 27 10 27 10
 (1787061821.486701)  can0  200   [7]  02 0A 02 02 02 0A 00
 (1787061821.486897)  can0  201   [8]  0A F9 7C 4C 27 10 00 64
 (1787061821.487143)  can0  230   [8]  F0 01 1A 00 61 00 00 00
 (1787061821.487305)  can0  231   [4]  01 00 FF FF
 (1787061821.487543)  can0  420   [7]  83 FB 00 00 00 00 00
 (1787061821.494579)  can0  210   [7]  FF FF 30 A0 90 00 71
 (1787061821.494709)  can0  4B0   [8]  27 10 27 10 27 10 27 10
 (1787061821.496709)  can0  200   [7]  02 0A 02 02 02 0A 00
 (1787061821.496905)  can0  201   [8]  0A F9 7C D8 27 10 00 64
 (1787061821.501488)  can0  7DF   [8]  02 01 10 00 00 00 00 00
 (1787061821.502103)  can0  7E8   [8]  04 41 10 00 9F 00 00 00
 (1787061821.505226)  can0  430   [7]  96 87 00 00 2A 3F 60
 (1787061821.506667)  can0  200   [7]  02 0A 02 02 02 0A 00
 (1787061821.506883)  can0  201   [8]  0A F9 7C D8 27 10 00 64
 (1787061821.508408)  can0  210   [7]  FF FF 30 A0 90 00 72
 (1787061821.508619)  can0  4B0   [8]  27 10 27 10 27 10 27 10
 (1787061821.511715)  can0  230   [8]  F0 01 1A 00 61 00 00 00
 (1787061821.511853)  can0  231   [4]  01 00 FF FF
 (1787061821.516656)  can0  200   [7]  02 0A 02 02 02 0A 00
 (1787061821.516898)  can0  201   [8]  0A FE 7C D8 27 10 00 64
 (1787061821.522563)  can0  210   [7]  FF FF 30 A0 90 00 73
 (1787061821.522719)  can0  4B0   [8]  27 10 27 10 27 10 27 10
 (1787061821.526692)  can0  200   [7]  02 0A 02 02 02 0A 00
 (1787061821.526888)  can0  201   [8]  0A FE 7D 64 27 10 00 64
 (1787061821.536520)  can0  210   [7]  FF FF 30 A0 90 00 74
 (1787061821.536626)  can0  4B0   [8]  27 10 27 10 27 10 27 10
 (1787061821.536886)  can0  200   [7]  02 0A 02 02 02 0A 00
 (1787061821.537112)  can0  201   [8]  0A FE 7D 64 27 10 00 64
 (1787061821.537357)  can0  230   [8]  F0 01 1A 00 61 00 00 00
 (1787061821.537515)  can0  231   [4]  01 00 FF FF
 (1787061821.546693)  can0  200   [7]  02 0A 02 02 02 0A 00
 (1787061821.546886)  can0  201   [8]  0A FE 7D 64 27 10 00 64
 (1787061821.550444)  can0  210   [7]  FF FF 30 A0 90 00 75
 (1787061821.550645)  can0  4B0   [8]  27 10 27 10 27 10 27 10
 (1787061821.551370)  can0  7DF   [8]  02 01 0B 00 00 00 00 00
 (1787061821.551998)  can0  7E8   [8]  03 41 0B 1E 00 00 00 00
 (1787061821.555217)  can0  430   [7]  98 87 00 00 2A 3F 60
 (1787061821.556651)  can0  200   [7]  02 0A 02 02 02 0A 00
 (1787061821.556899)  can0  201   [8]  0A F8 7D 64 27 10 00 64
 (1787061821.561675)  can0  230   [8]  F0 01 1A 00 61 00 00 00
 (1787061821.561834)  can0  231   [4]  01 00 FF FF
 (1787061821.564469)  can0  210   [7]  FF FF 30 A0 90 00 76
 (1787061821.564654)  can0  4B0   [8]  27 10 27 10 27 10 27 10
 (1787061821.566686)  can0  200   [7]  02 0A 02 02 02 0A 00
 (1787061821.566887)  can0  201   [8]  0A F8 7D 64 27 10 00 64
 (1787061821.576688)  can0  200   [7]  02 0A 02 02 02 0A 00
 (1787061821.576920)  can0  201   [8]  0A F8 7C 88 27 10 00 64
 (1787061821.578465)  can0  210   [7]  FF FF 30 A0 90 00 77
 (1787061821.578661)  can0  4B0   [8]  27 10 27 10 27 10 27 10
 (1787061821.586682)  can0  200   [7]  02 0A 02 02 02 0A 00
 (1787061821.586891)  can0  201   [8]  0A F8 7C 88 27 10 00 64
 (1787061821.587127)  can0  230   [8]  F0 01 1A 00 61 00 00 00
 (1787061821.587295)  can0  231   [4]  01 00 FF FF
 (1787061821.587522)  can0  420   [7]  83 FB 00 00 00 00 00
 (1787061821.592490)  can0  210   [7]  FF FF 30 A0 90 00 78
 (1787061821.592670)  can0  4B0   [8]  27 10 27 10 27 10 27 10
 (1787061821.596673)  can0  200   [7]  02 0A 02 02 02 0A 00
 (1787061821.596910)  can0  201   [8]  0A F8 7C 10 27 10 00 64
 (1787061821.601337)  can0  7DF   [8]  02 01 10 00 00 00 00 00
 (1787061821.601797)  can0  7E8   [8]  04 41 10 00 A4 00 00 00
 (1787061821.605218)  can0  430   [7]  96 87 00 00 2A 3F 60
 (1787061821.606448)  can0  210   [7]  FF FF 30 A0 90 00 79
 (1787061821.606666)  can0  200   [7]  02 0A 02 02 02 0A 00
 (1787061821.606904)  can0  201   [8]  0A F2 7C 10 27 10 00 64
 (1787061821.607140)  can0  4B0   [8]  27 10 27 10 27 10 27 10
 (1787061821.611700)  can0  230   [8]  F0 01 1A 00 61 00 00 00
 (1787061821.611834)  can0  231   [4]  01 00 FF FF
 (1787061821.616662)  can0  200   [7]  02 0A 02 02 02 0A 00
 (1787061821.616907)  can0  201   [8]  0A F2 7C 10 27 10 00 64
 (1787061821.620500)  can0  210   [7]  FF FF 30 A0 90 00 7A
 (1787061821.620711)  can0  4B0   [8]  27 10 27 10 27 10 27 10
 (1787061821.626661)  can0  200   [7]  02 0B 02 02 02 0B 00
 (1787061821.626871)  can0  201   [8]  0A F2 7C 88 27 10 00 64
 (1787061821.634565)  can0  210   [7]  FF FF 30 A0 90 00 7B
 (1787061821.634693)  can0  4B0   [8]  27 10 27 10 27 10 27 10
 (1787061821.636674)  can0  200   [7]  02 0B 02 02 02 0B 00
 (1787061821.636902)  can0  201   [8]  0A F2 7C 88 27 10 00 64
 (1787061821.637118)  can0  230   [8]  F0 01 1A 00 61 00 00 00
 (1787061821.637284)  can0  231   [4]  01 00 FF FF
 (1787061821.646692)  can0  200   [7]  02 0A 02 02 02 0A 00
 (1787061821.646884)  can0  201   [8]  0A F6 7D 50 27 10 00 64
 (1787061821.648529)  can0  210   [7]  FF FF 30 A0 90 00 7C
 (1787061821.648708)  can0  4B0   [8]  27 10 27 10 27 10 27 10
 (1787061821.650788)  can0  7DF   [8]  02 01 0B 00 00 00 00 00
 (1787061821.651163)  can0  7E8   [8]  03 41 0B 1E 00 00 00 00
 (1787061821.655221)  can0  430   [7]  99 86 00 00 2A 3F 60
 (1787061821.656685)  can0  200   [7]  02 0A 02 02 02 0A 00
 (1787061821.656918)  can0  201   [8]  0A F6 7D 50 27 10 00 64
 (1787061821.661690)  can0  230   [8]  F0 01 1A 00 61 00 00 00
 (1787061821.661819)  can0  231   [4]  01 00 FF FF
 (1787061821.662482)  can0  210   [7]  FF FF 30 A0 90 00 7D
 (1787061821.662707)  can0  4B0   [8]  27 10 27 10 27 10 27 10
 (1787061821.666673)  can0  200   [7]  02 0A 02 02 02 0A 00
 (1787061821.666874)  can0  201   [8]  0A F6 7D 50 27 10 00 64
 (1787061821.676624)  can0  210   [7]  FF FF 30 A0 90 00 7E
 (1787061821.676713)  can0  200   [7]  02 0B 02 02 02 0B 00
 (1787061821.676957)  can0  201   [8]  0A F6 7D 50 27 10 00 64
 (1787061821.677176)  can0  4B0   [8]  27 10 27 10 27 10 27 10
 (1787061821.686663)  can0  200   [7]  02 0B 02 02 02 0B 00
 (1787061821.686875)  can0  201   [8]  0A F8 7D 50 27 10 00 64
 (1787061821.687111)  can0  230   [8]  F0 01 1A 00 61 00 00 00
 (1787061821.687285)  can0  231   [4]  01 00 FF FF
 (1787061821.687514)  can0  420   [7]  83 FB 00 00 00 00 00
 (1787061821.690664)  can0  210   [7]  FF FF 30 A0 90 00 7F
 (1787061821.690799)  can0  4B0   [8]  27 10 27 10 27 10 27 10
 (1787061821.696664)  can0  200   [7]  02 0A 02 02 02 0A 00
 (1787061821.696893)  can0  201   [8]  0A F8 7D 28 27 10 00 64
 (1787061821.700375)  can0  7DF   [8]  02 01 10 00 00 00 00 00
 (1787061821.700793)  can0  7E8   [8]  04 41 10 00 9F 00 00 00
 (1787061821.704552)  can0  210   [7]  FF FF 30 A0 90 00 80
 (1787061821.704743)  can0  4B0   [8]  27 10 27 10 27 10 27 10
 (1787061821.705206)  can0  430   [7]  96 86 00 00 2A 3F 60
 (1787061821.706661)  can0  200   [7]  02 0A 02 02 02 0A 00
 (1787061821.706876)  can0  201   [8]  0A F8 7D 28 27 10 00 64
 (1787061821.711672)  can0  230   [8]  F0 01 1A 00 61 00 00 00
 (1787061821.711828)  can0  231   [4]  01 00 FF FF
 (1787061821.716684)  can0  200   [7]  02 0A 02 02 02 0A 00
 (1787061821.716905)  can0  201   [8]  0A F8 7D 28 27 10 00 64
 (1787061821.718547)  can0  210   [7]  FF FF 30 A0 90 00 81
 (1787061821.718749)  can0  4B0   [8]  27 10 27 10 27 10 27 10
 (1787061821.726664)  can0  200   [7]  02 0A 02 02 02 0A 00
 (1787061821.726867)  can0  201   [8]  0A F2 7D 28 27 10 00 64
 (1787061821.732576)  can0  210   [7]  FF FF 30 A0 90 00 82
 (1787061821.732769)  can0  4B0   [8]  27 10 27 10 27 10 27 10
 (1787061821.736675)  can0  200   [7]  02 0A 02 02 02 0A 00
 (1787061821.736893)  can0  201   [8]  0A F2 7D 28 27 10 00 64
 (1787061821.737128)  can0  230   [8]  F0 01 1A 00 61 00 00 00
 (1787061821.737281)  can0  231   [4]  01 00 FF FF
 (1787061821.746560)  can0  210   [7]  FF FF 30 A0 90 00 83
 (1787061821.746751)  can0  200   [7]  02 0B 02 02 02 0B 00
 (1787061821.746994)  can0  201   [8]  0A F2 7C 88 27 10 00 64
 (1787061821.747219)  can0  4B0   [8]  27 10 27 10 27 10 27 10
 (1787061821.750970)  can0  7DF   [8]  02 01 0B 00 00 00 00 00
 (1787061821.751358)  can0  7E8   [8]  03 41 0B 1E 00 00 00 00
 (1787061821.755231)  can0  430   [7]  99 86 00 00 2A 3F 60
 (1787061821.756630)  can0  200   [7]  02 0B 02 02 02 0B 00
 (1787061821.756855)  can0  201   [8]  0A F2 7C 88 27 10 00 64
 (1787061821.760563)  can0  210   [7]  FF FF 30 A0 90 00 84
 (1787061821.760768)  can0  4B0   [8]  27 10 27 10 27 10 27 10
 (1787061821.761682)  can0  230   [8]  F0 01 1A 00 61 00 00 00
 (1787061821.761833)  can0  231   [4]  01 00 FF FF
 (1787061821.766660)  can0  200   [7]  02 0B 02 02 02 0B 00
 (1787061821.766856)  can0  201   [8]  0A F2 7C 88 27 10 00 64
 (1787061821.774584)  can0  210   [7]  FF FF 30 A0 90 00 85
 (1787061821.774768)  can0  4B0   [8]  27 10 27 10 27 10 27 10
 (1787061821.776650)  can0  200   [7]  02 0B 02 03 02 0B 00
 (1787061821.776899)  can0  201   [8]  0A EC 7C 10 27 10 00 64
 (1787061821.786670)  can0  200   [7]  02 0B 02 03 02 0B 00
 (1787061821.786864)  can0  201   [8]  0A EC 7C 10 27 10 00 64
 (1787061821.787107)  can0  230   [8]  F0 01 1A 00 61 00 00 00
 (1787061821.787275)  can0  231   [4]  01 00 FF FF
 (1787061821.787514)  can0  420   [7]  83 FB 00 00 00 00 00
 (1787061821.788587)  can0  210   [7]  FF FF 30 A0 90 00 86
 (1787061821.788787)  can0  4B0   [8]  27 10 27 10 27 10 27 10
 (1787061821.796657)  can0  200   [7]  02 0B 02 03 02 0B 00
 (1787061821.796861)  can0  201   [8]  0A EC 7C 88 27 10 00 64
 (1787061821.801887)  can0  7DF   [8]  02 01 10 00 00 00 00 00
 (1787061821.802227)  can0  7DF   [8]  02 01 42 00 00 00 00 00
 (1787061821.802479)  can0  7E8   [8]  04 41 10 00 A4 00 00 00
 (1787061821.802696)  can0  210   [7]  FF FF 30 A0 90 00 87
 (1787061821.802930)  can0  4B0   [8]  27 10 27 10 27 10 27 10
 (1787061821.805223)  can0  430   [7]  98 87 00 00 2A 3F 60
 (1787061821.806643)  can0  200   [7]  02 0B 02 03 02 0B 00
 (1787061821.806856)  can0  201   [8]  0A EC 7C 88 27 10 00 64
 (1787061821.811688)  can0  230   [8]  F0 01 1A 00 61 00 00 00
 (1787061821.811841)  can0  231   [4]  01 00 FF FF
 (1787061821.816640)  can0  210   [7]  FF FF 30 A0 90 00 88
 (1787061821.816794)  can0  200   [7]  02 0B 02 03 02 0B 00
 (1787061821.817041)  can0  201   [8]  0A EE 7C 88 27 10 00 64
 (1787061821.817268)  can0  4B0   [8]  27 10 27 10 27 10 27 10
 (1787061821.826656)  can0  200   [7]  02 0B 02 03 02 0B 00
 (1787061821.826857)  can0  201   [8]  0A EE 7D 28 27 10 00 64
 (1787061821.830670)  can0  210   [7]  FF FF 30 A0 90 00 89
 (1787061821.830806)  can0  4B0   [8]  27 10 27 10 27 10 27 10
 (1787061821.836659)  can0  200   [7]  02 0B 02 03 02 0B 00
 (1787061821.836855)  can0  201   [8]  0A EE 7D 28 27 10 00 64
 (1787061821.837098)  can0  230   [8]  F0 01 1A 00 61 00 00 00
 (1787061821.837261)  can0  231   [4]  01 00 FF FF
 (1787061821.844628)  can0  210   [7]  FF FF 30 A0 90 00 8A
 (1787061821.844823)  can0  4B0   [8]  27 10 27 10 27 10 27 10
 (1787061821.846658)  can0  200   [7]  02 0B 02 03 02 0B 00
 (1787061821.846853)  can0  201   [8]  0A EE 7D 28 27 10 00 64
 (1787061821.850897)  can0  7DF   [8]  02 01 0B 00 00 00 00 00
 (1787061821.851275)  can0  7E8   [8]  03 41 0B 1E 00 00 00 00
 (1787061821.855215)  can0  430   [7]  98 87 00 00 2A 3F 60
 (1787061821.856691)  can0  200   [7]  02 0B 02 03 02 0B 00
 (1787061821.856918)  can0  201   [8]  0A F2 7D 28 27 10 00 64
 (1787061821.858615)  can0  210   [7]  FF FF 30 A0 90 00 8B
 (1787061821.858821)  can0  4B0   [8]  27 10 27 10 27 10 27 10
 (1787061821.861652)  can0  230   [8]  F0 01 1A 00 61 00 00 00
 (1787061821.861800)  can0  231   [4]  01 00 FF FF
 (1787061821.866626)  can0  200   [7]  02 0B 02 03 02 0B 00
 (1787061821.866849)  can0  201   [8]  0A F2 7D 28 27 10 00 64
 (1787061821.872645)  can0  210   [7]  FF FF 30 A0 90 00 8C
 (1787061821.872837)  can0  4B0   [8]  27 10 27 10 27 10 27 10
 (1787061821.876635)  can0  200   [7]  02 0B 02 03 02 0B 00
 (1787061821.876842)  can0  201   [8]  0A F2 7D 50 27 10 00 64
 (1787061821.886642)  can0  210   [7]  FF FF 30 A0 90 00 8D
 (1787061821.886836)  can0  200   [7]  02 0B 02 03 02 0B 00
 (1787061821.887074)  can0  201   [8]  0A F2 7D 50 27 10 00 64
 (1787061821.887324)  can0  230   [8]  F0 01 1A 00 61 00 00 00
 (1787061821.887478)  can0  231   [4]  01 00 FF FF
 (1787061821.887708)  can0  420   [7]  83 FB 00 00 00 00 00
 (1787061821.887939)  can0  4B0   [8]  27 10 27 10 27 10 27 10
 (1787061821.896656)  can0  200   [7]  02 0B 02 02 02 0B 00
 (1787061821.896845)  can0  201   [8]  0A F2 7D 64 27 10 00 64
 (1787061821.900625)  can0  210   [7]  FF FF 30 A0 90 00 8E
 (1787061821.900846)  can0  4B0   [8]  27 10 27 10 27 10 27 10
 (1787061821.901086)  can0  7DF   [8]  02 01 10 00 00 00 00 00
 (1787061821.901479)  can0  7E8   [8]  04 41 10 00 A4 00 00 00
 (1787061821.905218)  can0  430   [7]  96 87 00 00 2A 3F 60
 (1787061821.906691)  can0  200   [7]  02 0B 02 02 02 0B 00
 (1787061821.906920)  can0  201   [8]  0A F3 7D 64 27 10 00 64
 (1787061821.911687)  can0  230   [8]  F0 01 1A 00 61 00 00 00
 (1787061821.911841)  can0  231   [4]  01 00 FF FF
 (1787061821.914696)  can0  210   [7]  FF FF 30 A0 90 00 8F
 (1787061821.914856)  can0  4B0   [8]  27 10 27 10 27 10 27 10
 (1787061821.916660)  can0  200   [7]  02 0B 02 02 02 0B 00
 (1787061821.916849)  can0  201   [8]  0A F3 7D 64 27 10 00 64
 (1787061821.926645)  can0  200   [7]  02 0B 02 02 02 0B 00
 (1787061821.926847)  can0  201   [8]  0A F3 7D 14 27 10 00 64
 (1787061821.928679)  can0  210   [7]  FF FF 30 A0 90 00 90
 (1787061821.928896)  can0  4B0   [8]  27 10 27 10 27 10 27 10
 (1787061821.936640)  can0  200   [7]  02 0B 02 02 02 0B 00
 (1787061821.936844)  can0  201   [8]  0A F3 7D 14 27 10 00 64
 (1787061821.937087)  can0  230   [8]  F0 01 1A 00 61 00 00 00
 (1787061821.937255)  can0  231   [4]  01 00 FF FF
 (1787061821.942690)  can0  210   [7]  FF FF 30 A0 90 00 91
 (1787061821.942882)  can0  4B0   [8]  27 10 27 10 27 10 27 10
 (1787061821.946637)  can0  200   [7]  02 0B 02 02 02 0B 00
 (1787061821.946850)  can0  201   [8]  0A F2 7C EC 27 10 00 64
 (1787061821.951165)  can0  7DF   [8]  02 01 0B 00 00 00 00 00
 (1787061821.951536)  can0  7E8   [8]  03 41 0B 1E 00 00 00 00
 (1787061821.955217)  can0  430   [7]  96 86 00 00 2A 3F 60
 (1787061821.956673)  can0  210   [7]  FF FF 30 A0 90 00 92
 (1787061821.956896)  can0  200   [7]  02 0B 02 02 02 0B 00
 (1787061821.957113)  can0  201   [8]  0A F2 7C EC 27 10 00 64
 (1787061821.957351)  can0  4B0   [8]  27 10 27 10 27 10 27 10
 (1787061821.961647)  can0  230   [8]  F0 01 1A 00 61 00 00 00
 (1787061821.961797)  can0  231   [4]  01 00 FF FF
 (1787061821.966645)  can0  200   [7]  02 0B 02 02 02 0B 00
 (1787061821.966852)  can0  201   [8]  0A F2 7C EC 27 10 00 64
 (1787061821.970704)  can0  210   [7]  FF FF 30 A0 90 00 93
 (1787061821.970900)  can0  4B0   [8]  27 10 27 10 27 10 27 10
 (1787061821.976634)  can0  200   [7]  02 0B 02 02 02 0B 00
 (1787061821.976836)  can0  201   [8]  0A F2 7C EC 27 10 00 64
 (1787061821.984704)  can0  210   [7]  FF FF 30 A0 90 00 94
 (1787061821.984938)  can0  4B0   [8]  27 10 27 10 27 10 27 10
 (1787061821.986657)  can0  200   [7]  02 0B 02 02 02 0B 00
 (1787061821.986842)  can0  201   [8]  0A F1 7C EC 27 10 00 64
 (1787061821.987086)  can0  230   [8]  F0 01 1A 00 61 00 00 00
 (1787061821.987253)  can0  231   [4]  01 00 FF FF
 (1787061821.987490)  can0  420   [7]  83 FB 00 00 00 00 00
 (1787061821.996654)  can0  200   [7]  02 0B 02 03 02 0B 00
 (1787061821.996832)  can0  201   [8]  0A F1 7C EC 27 10 00 64
 (1787061821.998711)  can0  210   [7]  FF FF 30 A0 90 00 95
 (1787061821.998922)  can0  4B0   [8]  27 10 27 10 27 10 27 10
 (1787061822.001125)  can0  7DF   [8]  02 01 10 00 00 00 00 00
 (1787061822.001508)  can0  7E8   [8]  04 41 10 00 A1 00 00 00
 (1787061822.005229)  can0  430   [7]  96 86 00 00 2A 3F 60
 (1787061822.006648)  can0  200   [7]  02 0B 02 03 02 0B 00
 (1787061822.006858)  can0  201   [8]  0A F1 7C EC 27 10 00 64
 (1787061822.011686)  can0  230   [8]  F0 01 1A 00 61 00 00 00
 (1787061822.011818)  can0  231   [4]  01 00 FF FF
 (1787061822.012684)  can0  210   [7]  FF FF 30 A0 90 00 96
 (1787061822.012923)  can0  4B0   [8]  27 10 27 10 27 10 27 10
 (1787061822.016612)  can0  200   [7]  02 0B 02 03 02 0B 00
 (1787061822.016826)  can0  201   [8]  0A F1 7C EC 27 10 00 64
 (1787061822.026637)  can0  200   [7]  02 0B 02 03 02 0B 00
 (1787061822.026839)  can0  201   [8]  0A F9 7C EC 27 10 00 64
 (1787061822.027059)  can0  210   [7]  FF FF 30 A0 90 00 97
 (1787061822.027294)  can0  4B0   [8]  27 10 27 10 27 10 27 10
 (1787061822.036641)  can0  200   [7]  02 0B 02 03 02 0B 00
 (1787061822.036839)  can0  201   [8]  0A F9 7C EC 27 10 00 64
 (1787061822.037079)  can0  230   [8]  F0 01 1A 00 61 00 00 00
 (1787061822.037259)  can0  231   [4]  01 00 FF FF
 (1787061822.040775)  can0  210   [7]  FF FF 30 A0 90 00 98
 (1787061822.040946)  can0  4B0   [8]  27 10 27 10 27 10 27 10
 (1787061822.046660)  can0  200   [7]  02 0A 02 02 02 0A 00
 (1787061822.046849)  can0  201   [8]  0A F9 7D A0 27 10 00 64
 (1787061822.050550)  can0  7DF   [8]  02 01 0B 00 00 00 00 00
 (1787061822.050916)  can0  7E8   [8]  03 41 0B 1E 00 00 00 00
 (1787061822.054733)  can0  210   [7]  FF FF 30 A0 90 00 99
 (1787061822.054940)  can0  4B0   [8]  27 10 27 10 27 10 27 10
 (1787061822.055190)  can0  430   [7]  96 86 00 00 2A 3F 60
 (1787061822.056609)  can0  200   [7]  02 0A 02 02 02 0A 00
 (1787061822.056831)  can0  201   [8]  0A F9 7D A0 27 10 00 64
 (1787061822.061636)  can0  230   [8]  F0 01 1A 00 61 00 00 00
 (1787061822.061788)  can0  231   [4]  01 00 FF FF
 (1787061822.066652)  can0  200   [7]  02 0A 02 02 02 0A 00
 (1787061822.066851)  can0  201   [8]  0A F9 7D A0 27 10 00 64
 (1787061822.068746)  can0  210   [7]  FF FF 30 A0 90 00 9A
 (1787061822.068955)  can0  4B0   [8]  27 10 27 10 27 10 27 10
 (1787061822.076631)  can0  200   [7]  02 0A 02 02 02 0A 00
 (1787061822.076855)  can0  201   [8]  0A FB 7D C8 27 10 00 64
 (1787061822.082753)  can0  210   [7]  FF FF 30 A0 90 00 9B
 (1787061822.082964)  can0  4B0   [8]  27 10 27 10 27 10 27 10
 (1787061822.086637)  can0  200   [7]  02 0A 02 02 02 0A 00
 (1787061822.086842)  can0  201   [8]  0A FB 7D C8 27 10 00 64
 (1787061822.087080)  can0  230   [8]  F0 01 1A 00 61 00 00 00
 (1787061822.087250)  can0  231   [4]  01 00 FF FF
 (1787061822.087478)  can0  420   [7]  83 FB 00 00 00 00 00
 (1787061822.087715)  can0  620   [8]  0D 40 12 1E 10 00 01 20
 (1787061822.087958)  can0  630   [8]  84 01 9F 00 00 00 4F 4F
 (1787061822.096631)  can0  200   [7]  02 0A 02 02 02 0A 00
 (1787061822.096836)  can0  201   [8]  0A FB 7D 28 27 10 00 64
 (1787061822.097059)  can0  210   [7]  FF FF 30 A0 90 00 9C
 (1787061822.097284)  can0  4B0   [8]  27 10 27 10 27 10 27 10
 (1787061822.101424)  can0  7DF   [8]  02 01 10 00 00 00 00 00
 (1787061822.102048)  can0  7E8   [8]  04 41 10 00 A4 00 00 00
 (1787061822.105215)  can0  430   [7]  96 87 00 00 2A 3F 60
 (1787061822.106614)  can0  200   [7]  02 0A 02 02 02 0A 00
 (1787061822.106830)  can0  201   [8]  0A FB 7D 28 27 10 00 64
 (1787061822.110764)  can0  210   [7]  FF FF 30 A0 90 00 9D
 (1787061822.110969)  can0  4B0   [8]  27 10 27 10 27 10 27 10
 (1787061822.111641)  can0  230   [8]  F0 01 1A 00 61 00 00 00
 (1787061822.111814)  can0  231   [4]  01 00 FF FF
 (1787061822.116634)  can0  200   [7]  02 0A 02 02 02 0A 00
 (1787061822.116845)  can0  201   [8]  0A F1 7D 28 27 10 00 64
 (1787061822.124779)  can0  210   [7]  FF FF 30 A0 90 00 9E
 (1787061822.124982)  can0  4B0   [8]  27 10 27 10 27 10 27 10
 (1787061822.126595)  can0  200   [7]  02 0B 02 02 02 0B 00
 (1787061822.126823)  can0  201   [8]  0A F1 7C 38 27 10 00 64
 (1787061822.136635)  can0  200   [7]  02 0B 02 02 02 0B 00
 (1787061822.136842)  can0  201   [8]  0A F1 7C 38 27 10 00 64
 (1787061822.137088)  can0  230   [8]  F0 01 1A 00 61 00 00 00
 (1787061822.137254)  can0  231   [4]  01 00 FF FF
 (1787061822.138789)  can0  210   [7]  FF FF 30 A0 90 00 9F
 (1787061822.138992)  can0  4B0   [8]  27 10 27 10 27 10 27 10
 (1787061822.146657)  can0  200   [7]  02 0B 02 02 02 0B 00
 (1787061822.146870)  can0  201   [8]  0A F1 7C 38 27 10 00 64
 (1787061822.150952)  can0  7DF   [8]  02 01 0B 00 00 00 00 00
 (1787061822.151328)  can0  7E8   [8]  03 41 0B 1E 00 00 00 00
 (1787061822.152782)  can0  210   [7]  FF FF 30 A0 90 00 A0
 (1787061822.153018)  can0  4B0   [8]  27 10 27 10 27 10 27 10
 (1787061822.155228)  can0  430   [7]  98 87 00 00 2A 3F 60
 (1787061822.156592)  can0  200   [7]  02 0B 02 02 02 0B 00
 (1787061822.156820)  can0  201   [8]  0A EA 7C 38 27 10 00 64
 (1787061822.161647)  can0  230   [8]  F0 01 1A 00 61 00 00 00
 (1787061822.161777)  can0  231   [4]  01 00 FF FF
 (1787061822.166613)  can0  200   [7]  02 0B 02 02 02 0B 00
 (1787061822.166826)  can0  201   [8]  0A EA 7C 38 27 10 00 64
 (1787061822.167046)  can0  210   [7]  FF FF 30 A0 90 00 A1
 (1787061822.167280)  can0  4B0   [8]  27 10 27 10 27 10 27 10
 (1787061822.176656)  can0  200   [7]  02 0B 02 03 02 0B 00
 (1787061822.176823)  can0  201   [8]  0A EA 7C 74 27 10 00 64
 (1787061822.180819)  can0  210   [7]  FF FF 30 A0 90 00 A2
 (1787061822.181020)  can0  4B0   [8]  27 10 27 10 27 10 27 10
 (1787061822.186634)  can0  200   [7]  02 0B 02 03 02 0B 00
 (1787061822.186827)  can0  201   [8]  0A EA 7C 74 27 10 00 64
 (1787061822.187068)  can0  230   [8]  F0 01 1A 00 61 00 00 00
 (1787061822.187229)  can0  231   [4]  01 00 FF FF
 (1787061822.187469)  can0  420   [7]  83 FB 00 00 00 00 00
 (1787061822.194836)  can0  210   [7]  FF FF 30 A0 90 00 A3
 (1787061822.195041)  can0  4B0   [8]  27 10 27 10 27 10 27 10
 (1787061822.196595)  can0  200   [7]  02 0B 02 03 02 0B 00
 (1787061822.196816)  can0  201   [8]  0A EE 7C C4 27 10 00 64
 (1787061822.201418)  can0  7DF   [8]  02 01 10 00 00 00 00 00
 (1787061822.202039)  can0  7E8   [8]  04 41 10 00 A1 00 00 00
 (1787061822.205227)  can0  430   [7]  98 87 00 00 2A 3F 60
 (1787061822.206593)  can0  200   [7]  02 0B 02 03 02 0B 00
 (1787061822.206816)  can0  201   [8]  0A EE 7C C4 27 10 00 64
 (1787061822.208805)  can0  210   [7]  FF FF 30 A0 90 00 A4
 (1787061822.209033)  can0  4B0   [8]  27 10 27 10 27 10 27 10
 (1787061822.211630)  can0  230   [8]  F0 01 1A 00 61 00 00 00
 (1787061822.211794)  can0  231   [4]  01 00 FF FF
 (1787061822.216729)  can0  200   [7]  02 0B 02 03 02 0B 00
 (1787061822.216830)  can0  201   [8]  0A EE 7C C4 27 10 00 64
 (1787061822.222845)  can0  210   [7]  FF FF 30 A0 90 00 A5
 (1787061822.223042)  can0  4B0   [8]  27 10 27 10 27 10 27 10
 (1787061822.226649)  can0  200   [7]  02 0B 02 03 02 0B 00
 (1787061822.226837)  can0  201   [8]  0A EE 7D 50 27 10 00 64
 (1787061822.236614)  can0  200   [7]  02 0B 02 03 02 0B 00
 (1787061822.236825)  can0  201   [8]  0A EE 7D 50 27 10 00 64
 (1787061822.237034)  can0  210   [7]  FF FF 30 A0 90 00 A6
 (1787061822.237272)  can0  230   [8]  F0 01 1A 00 61 00 00 00
 (1787061822.237443)  can0  231   [4]  01 00 FF FF
 (1787061822.237677)  can0  4B0   [8]  27 10 27 10 27 10 27 10
 (1787061822.246638)  can0  200   [7]  02 0B 02 03 02 0B 00
 (1787061822.246831)  can0  201   [8]  0A EA 7C B0 27 10 00 64
 (1787061822.250451)  can0  7DF   [8]  02 01 0B 00 00 00 00 00
 (1787061822.250819)  can0  7E8   [8]  03 41 0B 1E 00 00 00 00
 (1787061822.251036)  can0  210   [7]  FF FF 30 A0 90 00 A7
 (1787061822.251269)  can0  4B0   [8]  27 10 27 10 27 10 27 10
 (1787061822.255226)  can0  430   [7]  96 86 00 00 2A 3F 60
 (1787061822.256723)  can0  200   [7]  02 0B 02 03 02 0B 00
 (1787061822.256944)  can0  201   [8]  0A EA 7C B0 27 10 00 64
 (1787061822.261615)  can0  230   [8]  F0 01 1A 00 61 00 00 00
 (1787061822.261767)  can0  231   [4]  01 00 FF FF
 (1787061822.264836)  can0  210   [7]  FF FF 30 A0 90 00 A8
 (1787061822.265072)  can0  4B0   [8]  27 10 27 10 27 10 27 10
 (1787061822.266634)  can0  200   [7]  02 0B 02 03 02 0B 00
 (1787061822.266842)  can0  201   [8]  0A EA 7C B0 27 10 00 64
 (1787061822.276612)  can0  200   [7]  02 0B 02 03 02 0B 00
 (1787061822.276812)  can0  201   [8]  0A EA 7C B0 27 10 00 64
 (1787061822.278839)  can0  210   [7]  FF FF 30 A0 90 00 A9
 (1787061822.279067)  can0  4B0   [8]  27 10 27 10 27 10 27 10
 (1787061822.286632)  can0  200   [7]  02 0B 02 03 02 0B 00
 (1787061822.286824)  can0  201   [8]  0A E3 7C B0 27 10 00 64
 (1787061822.287087)  can0  230   [8]  F0 01 1A 00 61 00 00 00
 (1787061822.287235)  can0  231   [4]  01 00 FF FF
 (1787061822.287467)  can0  420   [7]  83 FB 00 00 00 00 00
 (1787061822.292919)  can0  210   [7]  FF FF 30 A0 90 00 AA
 (1787061822.293084)  can0  4B0   [8]  27 10 27 10 27 10 27 10
 (1787061822.296616)  can0  200   [7]  02 0B 02 03 02 0B 00
 (1787061822.296811)  can0  201   [8]  0A E3 7C 74 27 10 00 64
 (1787061822.301100)  can0  7DF   [8]  02 01 10 00 00 00 00 00
 (1787061822.301479)  can0  7E8   [8]  04 41 10 00 9D 00 00 00
 (1787061822.305246)  can0  430   [7]  96 86 00 00 2A 3F 60
 (1787061822.306608)  can0  200   [7]  02 0B 02 03 02 0B 00
 (1787061822.306819)  can0  201   [8]  0A E3 7C 74 27 10 00 64
 (1787061822.307041)  can0  210   [7]  FF FF 30 A0 90 00 AB
 (1787061822.307275)  can0  4B0   [8]  27 10 27 10 27 10 27 10
 (1787061822.311648)  can0  230   [8]  F0 01 1A 00 61 00 00 00
 (1787061822.311780)  can0  231   [4]  01 00 FF FF
 (1787061822.316603)  can0  200   [7]  02 0B 02 03 02 0B 00
 (1787061822.316815)  can0  201   [8]  0A E3 7C 74 27 10 00 64
 (1787061822.320938)  can0  210   [7]  FF FF 30 A0 90 00 AC
 (1787061822.321101)  can0  4B0   [8]  27 10 27 10 27 10 27 10
 (1787061822.326623)  can0  200   [7]  02 0B 02 03 02 0B 00
 (1787061822.326817)  can0  201   [8]  0A E9 7C 74 27 10 00 64
 (1787061822.334913)  can0  210   [7]  FF FF 30 A0 90 00 AD
 (1787061822.335111)  can0  4B0   [8]  27 10 27 10 27 10 27 10
 (1787061822.336658)  can0  200   [7]  02 0B 02 03 02 0B 00
 (1787061822.336858)  can0  201   [8]  0A E9 7C 74 27 10 00 64
 (1787061822.337069)  can0  230   [8]  F0 01 1A 00 61 00 00 00
 (1787061822.337237)  can0  231   [4]  01 00 FF FF
 (1787061822.346614)  can0  200   [7]  02 0B 02 03 02 0B 00
 (1787061822.346812)  can0  201   [8]  0A E9 7D 78 27 10 00 64
 (1787061822.348914)  can0  210   [7]  FF FF 30 A0 90 00 AE
 (1787061822.349115)  can0  4B0   [8]  27 10 27 10 27 10 27 10
 (1787061822.350504)  can0  7DF   [8]  02 01 0B 00 00 00 00 00
 (1787061822.350905)  can0  7E8   [8]  03 41 0B 1E 00 00 00 00
 (1787061822.355258)  can0  430   [7]  96 86 00 00 2A 3F 60
 (1787061822.356606)  can0  200   [7]  02 0B 02 03 02 0B 00
 (1787061822.356813)  can0  201   [8]  0A E9 7D 78 27 10 00 64
 (1787061822.361630)  can0  230   [8]  F0 01 1A 00 61 00 00 00
 (1787061822.361779)  can0  231   [4]  01 00 FF FF
 (1787061822.362903)  can0  210   [7]  FF FF 30 A0 90 00 AF
 (1787061822.363121)  can0  4B0   [8]  27 10 27 10 27 10 27 10
 (1787061822.366636)  can0  200   [7]  02 0B 02 03 02 0B 00
 (1787061822.366808)  can0  201   [8]  0A E9 7D 78 27 10 00 64
 (1787061822.376600)  can0  200   [7]  02 0B 02 02 02 0B 00
 (1787061822.376805)  can0  201   [8]  0A F1 7E 18 27 10 00 64
 (1787061822.377030)  can0  210   [7]  FF FF 30 A0 90 00 B0
 (1787061822.377259)  can0  4B0   [8]  27 10 27 10 27 10 27 10
 (1787061822.386608)  can0  200   [7]  02 0B 02 02 02 0B 00
 (1787061822.386819)  can0  201   [8]  0A F1 7E 18 27 10 00 64
 (1787061822.387060)  can0  230   [8]  F0 01 1A 00 61 00 00 00
 (1787061822.387223)  can0  231   [4]  01 00 FF FF
 (1787061822.387457)  can0  420   [7]  83 FB 00 00 00 00 00
 (1787061822.390960)  can0  210   [7]  FF FF 30 A0 90 00 B1
 (1787061822.391138)  can0  4B0   [8]  27 10 27 10 27 10 27 10
 (1787061822.396604)  can0  200   [7]  02 0B 02 02 02 0B 00
 (1787061822.396806)  can0  201   [8]  0A F1 7D A0 27 10 00 64
 (1787061822.400810)  can0  7DF   [8]  02 01 10 00 00 00 00 00
 (1787061822.401194)  can0  7E8   [8]  04 41 10 00 A4 00 00 00
 (1787061822.404972)  can0  210   [7]  FF FF 30 A0 90 00 B2
 (1787061822.405159)  can0  4B0   [8]  27 10 27 10 27 10 27 10
 (1787061822.405372)  can0  430   [7]  96 87 00 00 2A 3F 60
 (1787061822.406609)  can0  200   [7]  02 0B 02 02 02 0B 00
 (1787061822.406817)  can0  201   [8]  0A F1 7D A0 27 10 00 64
 (1787061822.411632)  can0  230   [8]  F0 01 1A 00 61 00 00 00
 (1787061822.411767)  can0  231   [4]  01 00 FF FF
 (1787061822.416600)  can0  200   [7]  02 0B 02 02 02 0B 00
 (1787061822.416798)  can0  201   [8]  0A F0 7D A0 27 10 00 64
 (1787061822.418954)  can0  210   [7]  FF FF 30 A0 90 00 B3
 (1787061822.419157)  can0  4B0   [8]  27 10 27 10 27 10 27 10
 (1787061822.426614)  can0  200   [7]  02 0B 02 02 02 0B 00
 (1787061822.426808)  can0  201   [8]  0A F0 7C EC 27 10 00 64
 (1787061822.432970)  can0  210   [7]  FF FF 30 A0 90 00 B4
 (1787061822.433170)  can0  4B0   [8]  27 10 27 10 27 10 27 10
 (1787061822.436638)  can0  200   [7]  02 0B 02 02 02 0B 00
 (1787061822.436836)  can0  201   [8]  0A F0 7C EC 27 10 00 64
 (1787061822.437084)  can0  230   [8]  F0 01 1A 00 61 00 00 00
 (1787061822.437246)  can0  231   [4]  01 00 FF FF
 (1787061822.446607)  can0  200   [7]  02 0B 02 02 02 0B 00
 (1787061822.446811)  can0  201   [8]  0A F0 7C EC 27 10 00 64
 (1787061822.447019)  can0  210   [7]  FF FF 30 A0 90 00 B5
 (1787061822.447254)  can0  4B0   [8]  27 10 27 10 27 10 27 10
 (1787061822.451367)  can0  7DF   [8]  02 01 0B 00 00 00 00 00
 (1787061822.451919)  can0  7E8   [8]  03 41 0B 1E 00 00 00 00
 (1787061822.455237)  can0  430   [7]  98 87 00 00 2A 3F 60
 (1787061822.456603)  can0  200   [7]  02 0B 02 02 02 0B 00
 (1787061822.456821)  can0  201   [8]  0A E2 7C EC 27 10 00 64
 (1787061822.460955)  can0  210   [7]  FF FF 30 A0 90 00 B6
 (1787061822.461178)  can0  4B0   [8]  27 10 27 10 27 10 27 10
 (1787061822.461600)  can0  230   [8]  F0 01 1A 00 61 00 00 00
 (1787061822.461771)  can0  231   [4]  01 00 FF FF
 (1787061822.466612)  can0  200   [7]  02 0B 02 02 02 0B 00
 (1787061822.466814)  can0  201   [8]  0A E2 7C EC 27 10 00 64
 (1787061822.474988)  can0  210   [7]  FF FF 30 A0 90 00 B7
 (1787061822.475190)  can0  4B0   [8]  27 10 27 10 27 10 27 10
 (1787061822.476590)  can0  200   [7]  02 0B 02 03 02 0B 00
 (1787061822.476822)  can0  201   [8]  0A E2 7B E8 27 10 00 64
 (1787061822.486604)  can0  200   [7]  02 0B 02 03 02 0B 00
 (1787061822.486805)  can0  201   [8]  0A E2 7B E8 27 10 00 64
 (1787061822.487054)  can0  230   [8]  F0 01 1A 00 61 00 00 00
 (1787061822.487214)  can0  231   [4]  01 00 FF FF
 (1787061822.487443)  can0  420   [7]  83 FB 00 00 00 00 00
 (1787061822.488989)  can0  210   [7]  FF FF 30 A0 90 00 B8
 (1787061822.489197)  can0  4B0   [8]  27 10 27 10 27 10 27 10
 (1787061822.496653)  can0  200   [7]  02 0C 02 03 02 0B 00
 (1787061822.496826)  can0  201   [8]  0A E2 7B 34 27 10 00 64
 (1787061822.500951)  can0  7DF   [8]  02 01 10 00 00 00 00 00
 (1787061822.501338)  can0  7E8   [8]  04 41 10 00 A6 00 00 00
 (1787061822.502999)  can0  210   [7]  FF FF 30 A0 90 00 B9
 (1787061822.503206)  can0  4B0   [8]  27 10 27 10 27 10 27 10
 (1787061822.505218)  can0  430   [7]  98 87 00 00 2A 3F 60
 (1787061822.506571)  can0  200   [7]  02 0C 02 03 02 0B 00
 (1787061822.506787)  can0  201   [8]  0A D9 7B 34 27 10 00 64
 (1787061822.511627)  can0  230   [8]  F0 01 1A 00 61 00 00 00
 (1787061822.511761)  can0  231   [4]  01 00 FF FF
 (1787061822.516596)  can0  200   [7]  02 0C 02 03 02 0B 00
 (1787061822.516815)  can0  201   [8]  0A D9 7B 34 27 10 00 64
 (1787061822.517038)  can0  210   [7]  FF FF 30 A0 90 00 BA
 (1787061822.517266)  can0  4B0   [8]  27 10 27 10 27 10 27 10
 (1787061822.526593)  can0  200   [7]  02 0C 02 04 02 0C 00
 (1787061822.526792)  can0  201   [8]  0A D9 7C 4C 27 10 00 64
 (1787061822.531012)  can0  210   [7]  FF FF 30 A0 90 00 BB
 (1787061822.531223)  can0  4B0   [8]  27 10 27 10 27 10 27 10
 (1787061822.536628)  can0  200   [7]  02 0C 02 04 02 0C 00
 (1787061822.536824)  can0  201   [8]  0A D9 7C 4C 27 10 00 64
 (1787061822.537068)  can0  230   [8]  F0 01 1A 00 61 00 00 00
 (1787061822.537237)  can0  231   [4]  01 00 FF FF
 (1787061822.545048)  can0  210   [7]  FF FF 30 A0 90 00 BC
 (1787061822.545237)  can0  4B0   [8]  27 10 27 10 27 10 27 10
 (1787061822.546572)  can0  200   [7]  02 0C 02 03 02 0C 00
 (1787061822.546796)  can0  201   [8]  0A E0 7D 8C 27 10 00 64
 (1787061822.551007)  can0  7DF   [8]  02 01 0B 00 00 00 00 00
 (1787061822.551403)  can0  7E8   [8]  03 41 0B 1E 00 00 00 00
 (1787061822.555232)  can0  430   [7]  96 86 00 00 2A 3F 60
 (1787061822.556588)  can0  200   [7]  02 0C 02 03 02 0C 00
 (1787061822.556817)  can0  201   [8]  0A E0 7D 8C 27 10 00 64
 (1787061822.559007)  can0  210   [7]  FF FF 30 A0 90 00 BD
 (1787061822.559235)  can0  4B0   [8]  27 10 27 10 27 10 27 10
 (1787061822.561580)  can0  230   [8]  F0 01 1A 00 61 00 00 00
 (1787061822.561742)  can0  231   [4]  01 00 FF FF
 (1787061822.566612)  can0  200   [7]  02 0C 02 03 02 0C 00
 (1787061822.566805)  can0  201   [8]  0A E0 7D 8C 27 10 00 64
 (1787061822.573043)  can0  210   [7]  FF FF 30 A0 90 00 BE
 (1787061822.573248)  can0  4B0   [8]  27 10 27 10 27 10 27 10
 (1787061822.576601)  can0  200   [7]  02 0C 02 03 02 0C 00
 (1787061822.576817)  can0  201   [8]  0A E0 7D 8C 27 10 00 64
 (1787061822.586605)  can0  200   [7]  02 0C 02 03 02 0C 00
 (1787061822.586800)  can0  201   [8]  0A E1 7D 8C 27 10 00 64
 (1787061822.587042)  can0  230   [8]  F0 01 1A 00 61 00 00 00
 (1787061822.587263)  can0  210   [7]  FF FF 30 A0 90 00 BF
 (1787061822.587430)  can0  231   [4]  01 00 FF FF
 (1787061822.587658)  can0  420   [7]  83 FB 00 00 00 00 00
 (1787061822.587889)  can0  4B0   [8]  27 10 27 10 27 10 27 10
 (1787061822.596628)  can0  200   [7]  02 0C 02 03 02 0C 00
 (1787061822.596824)  can0  201   [8]  0A E1 7D 14 27 10 00 64
 (1787061822.601064)  can0  210   [7]  FF FF 30 A0 90 00 C0
 (1787061822.601269)  can0  4B0   [8]  27 10 27 10 27 10 27 10
 (1787061822.601516)  can0  7DF   [8]  02 01 10 00 00 00 00 00
 (1787061822.602033)  can0  7E8   [8]  04 41 10 00 9F 00 00 00
 (1787061822.605221)  can0  430   [7]  96 86 00 00 2A 3F 60
 (1787061822.606576)  can0  200   [7]  02 0C 02 03 02 0C 00
 (1787061822.606783)  can0  201   [8]  0A E1 7D 14 27 10 00 64
 (1787061822.611625)  can0  230   [8]  F0 01 1A 00 61 00 00 00
 (1787061822.611753)  can0  231   [4]  01 00 FF FF
 (1787061822.615055)  can0  210   [7]  FF FF 30 A0 90 00 C1
 (1787061822.615269)  can0  4B0   [8]  27 10 27 10 27 10 27 10
 (1787061822.616579)  can0  200   [7]  02 0C 02 03 02 0C 00
 (1787061822.616806)  can0  201   [8]  0A E1 7D 14 27 10 00 64
 (1787061822.626588)  can0  200   [7]  02 0C 02 03 02 0C 00
 (1787061822.626785)  can0  201   [8]  0A E1 7D 14 27 10 00 64
 (1787061822.629068)  can0  210   [7]  FF FF 30 A0 90 00 C2
 (1787061822.629281)  can0  4B0   [8]  27 10 27 10 27 10 27 10
 (1787061822.636705)  can0  200   [7]  02 0C 02 03 02 0C 00
 (1787061822.636943)  can0  201   [8]  0A DF 7D 14 27 10 00 64
 (1787061822.637153)  can0  230   [8]  F0 01 1A 00 61 00 00 00
 (1787061822.637321)  can0  231   [4]  01 00 FF FF
 (1787061822.643092)  can0  210   [7]  FF FF 30 A0 90 00 C3
 (1787061822.643295)  can0  4B0   [8]  27 10 27 10 27 10 27 10
