t,pid,b1,b2,coolant,speed
1787847158.19,0000,190,63,0,0.0
1787847158.22,0002,0,0,39,0.0
1787847158.25,0003,2,0,39,0.0
1787847158.28,0005,79,0,39,0.0
1787847158.31,0006,122,0,39,0.0
1787847158.35,0007,127,0,39,0.0
1787847158.38,000B,46,0,39,0.0
1787847158.41,000C,20,31,39,0.0
1787847158.44,000D,0,0,39,0.0
1787847158.47,000E,142,0,39,0.0
1787847158.51,000F,74,0,39,0.0
1787847158.54,0010,2,50,39,0.0
1787847158.57,0011,29,0,39,0.0
1787847158.60,0013,1,0,39,0.0
1787847158.63,001C,10,0,39,0.0
1787847158.66,001F,0,36,39,0.0
1787847158.69,0020,128,21,39,0.0
1787847158.72,0021,0,0,39,0.0
1787847158.75,002C,0,0,39,0.0
1787847158.79,002E,0,0,39,0.0
1787847158.83,0030,255,0,39,0.0
1787847158.86,003C,5,206,39,0.0
1787847158.89,0040,104,0,39,0.0
1787847158.92,0042,54,214,39,0.0
1787847158.95,0043,0,83,39,0.0
1787847158.99,0200,0,0,39,0.0
1787847159.02,0202,0,0,39,0.0
1787847159.05,0900,6,114,39,0.0
1787847159.08,0968,0,0,39,0.0
1787847159.11,096E,20,2,39,0.0
1787847159.15,097C,112,71,39,0.0
1787847159.18,098E,0,0,39,0.0
1787847159.21,1101,1,0,39,0.0
1787847159.24,1103,20,0,39,0.0
1787847159.27,1104,1,0,39,0.0
1787847159.31,114A,89,64,39,0.0
1787847159.33,114D,113,0,39,0.0
1787847159.36,1153,85,13,39,0.0
1787847159.39,1154,29,128,39,0.0
1787847159.43,1169,29,128,39,0.0
1787847159.46,1173,0,230,39,0.0
1787847159.49,1177,26,104,39,0.0
1787847159.52,1410,1,108,39,0.0
1787847159.55,1631,1,0,39,0.0
1787847159.59,1678,0,0,39,0.0
1787847159.62,1681,0,0,39,0.0
1787847159.65,16CD,0,0,39,0.0
1787847159.68,16CE,0,0,39,0.0
1787847159.71,16CF,12,93,39,0.0
1787847159.75,16E8,58,122,39,0.0
1787847159.78,16E9,0,120,39,0.0
1787847159.84,1704,0,0,39,0.0
1787847159.87,1706,128,0,39,0.0
1787847159.91,1709,0,0,39,0.0
1787847159.94,1717,1,0,39,0.0
1787847159.97,1718,1,0,39,0.0
1787847160.00,1746,0,0,39,0.0
1787847160.03,1782,200,128,39,0.0
1787847160.07,1783,110,192,39,0.0
1787847160.10,17A0,35,0,39,0.0
1787847160.13,17A6,0,0,39,0.0
1787847160.16,17B0,34,0,39,0.0
1787847160.19,17B1,32,0,39,0.0
1787847160.23,17B2,4,0,39,0.0
1787847160.26,17B3,89,0,39,0.0
1787847160.29,17B5,80,0,39,0.0
1787847160.32,17B6,0,0,39,0.0
1787847160.35,17B8,242,0,39,0.0
1787847160.39,17BA,0,0,39,0.0
1787847160.42,17BB,0,0,39,0.0
1787847160.45,17BC,0,0,39,0.0
1787847160.48,17BD,138,0,39,0.0
1787847160.51,17BE,0,0,39,0.0
1787847160.55,17C1,234,0,39,0.0
1787847160.58,3201,23,112,39,0.0
1787847160.75,0000,190,63,39,0.0
1787847160.78,0002,0,0,39,0.0
1787847160.81,0003,2,0,39,0.0
1787847160.84,0005,79,0,39,0.0
1787847160.87,0006,121,0,39,0.0
1787847160.91,0007,127,0,39,0.0
1787847160.94,000B,46,0,39,0.0
1787847160.97,000C,19,201,39,0.0
1787847161.00,000D,0,0,39,0.0
1787847161.03,000E,143,0,39,0.0
1787847161.07,000F,74,0,39,0.0
1787847161.10,0010,2,39,39,0.0
1787847161.13,0011,29,0,39,0.0
1787847161.16,0013,1,0,39,0.0
1787847161.19,001C,10,0,39,0.0
1787847161.23,001F,0,38,39,0.0
1787847161.27,0020,128,21,39,0.0
1787847161.30,0021,0,0,39,0.0
1787847161.33,002C,0,0,39,0.0
1787847161.36,002E,0,0,39,0.0
1787847161.39,0030,255,0,39,0.0
1787847161.43,003C,6,0,39,0.0
1787847161.46,0040,104,0,39,0.0
1787847161.49,0042,54,207,39,0.0
1787847161.52,0043,0,83,39,0.0
1787847161.55,0200,0,0,39,0.0
1787847161.59,0202,0,0,39,0.0
1787847161.62,0900,6,114,39,0.0
1787847161.66,0968,0,0,39,0.0
1787847161.69,096E,19,172,39,0.0
1787847161.72,097C,112,69,39,0.0
1787847161.75,098E,0,0,39,0.0
1787847161.79,1101,1,0,39,0.0
1787847161.82,1103,20,0,40,0.0
1787847161.85,1104,1,0,40,0.0
1787847161.88,114A,89,0,40,0.0
1787847161.91,114D,111,128,40,0.0
1787847161.95,1153,84,4,40,0.0
1787847161.98,1154,29,128,40,0.0
1787847162.04,1173,0,145,40,0.0
1787847162.07,1177,26,64,40,0.0
1787847162.11,1410,1,103,40,0.0
1787847162.15,1631,1,0,40,0.0
1787847162.18,1678,0,0,40,0.0
1787847162.21,1681,0,0,40,0.0
1787847162.24,16CD,0,0,40,0.0
1787847162.27,16CE,0,0,40,0.0
1787847162.31,16CF,12,75,40,0.0
1787847162.34,16E8,59,59,40,0.0
1787847162.37,16E9,0,120,40,0.0
1787847162.40,16F0,3,131,40,0.0
1787847162.43,1704,0,0,40,0.0
1787847162.47,1706,128,0,40,0.0
1787847162.50,1709,0,0,40,0.0
1787847162.53,1717,1,0,40,0.0
1787847162.56,1718,1,0,40,0.0
1787847162.59,1746,0,0,40,0.0
1787847162.63,1782,200,64,40,0.0
1787847162.66,1783,110,192,40,0.0
1787847162.70,17A0,35,0,40,0.0
1787847162.73,17A6,0,0,40,0.0
1787847162.76,17B0,33,0,40,0.0
1787847162.79,17B1,32,0,40,0.0
1787847162.83,17B2,4,0,40,0.0
1787847162.86,17B3,89,0,40,0.0
1787847162.89,17B5,80,0,40,0.0
1787847162.92,17B6,0,0,40,0.0
1787847162.95,17B8,242,0,40,0.0
1787847162.99,17BA,0,0,40,0.0
1787847163.02,17BB,0,0,40,0.0
1787847163.05,17BC,0,0,40,0.0
1787847163.08,17BD,138,0,40,0.0
1787847163.11,17BE,0,0,40,0.0
1787847163.15,17C1,234,0,40,0.0
1787847163.18,3201,23,112,40,0.0
1787847163.35,0000,190,63,40,0.0
1787847163.38,0002,0,0,40,0.0
1787847163.41,0003,2,0,40,0.0
1787847163.44,0005,80,0,40,0.0
1787847163.47,0006,123,0,40,0.0
1787847163.51,0007,127,0,40,0.0
1787847163.54,000B,46,0,40,0.0
1787847163.57,000C,19,112,40,0.0
1787847163.60,000D,0,0,40,0.0
1787847163.63,000E,142,0,40,0.0
1787847163.70,0010,2,5,40,0.0
1787847163.73,0011,29,0,40,0.0
1787847163.79,001C,10,0,40,0.0
1787847163.83,001F,0,41,40,0.0
1787847163.86,0020,128,21,40,0.0
1787847163.90,0021,0,0,40,0.0
1787847163.93,002C,0,0,40,0.0
1787847163.96,002E,0,0,40,0.0
1787847163.99,0030,255,0,40,0.0
1787847164.03,003C,6,55,40,0.0
1787847164.06,0040,104,0,40,0.0
1787847164.09,0042,54,204,40,0.0
1787847164.12,0043,0,82,40,0.0
1787847164.15,0200,0,0,40,0.0
1787847164.19,0202,0,0,40,0.0
1787847164.22,0900,6,109,40,0.0
1787847164.25,0968,0,0,40,0.0
1787847164.28,096E,19,78,40,0.0
1787847164.31,097C,112,71,40,0.0
1787847164.35,098E,0,0,40,0.0
1787847164.38,1101,1,0,40,0.0
1787847164.42,1103,20,0,40,0.0
1787847164.45,1104,1,0,40,0.0
1787847164.48,114A,89,0,40,0.0
1787847164.51,114D,110,64,40,0.0
1787847164.55,1153,83,57,40,0.0
1787847164.58,1154,29,128,40,0.0
1787847164.61,1169,29,128,40,0.0
1787847164.64,1173,0,130,40,0.0
1787847164.67,1177,26,24,40,0.0
1787847164.71,1410,1,99,40,0.0
1787847164.74,1631,1,0,40,0.0
1787847164.77,1678,0,0,40,0.0
1787847164.80,1681,0,0,40,0.0
1787847164.83,16CD,0,0,40,0.0
1787847164.87,16CE,0,0,40,0.0
1787847164.91,16CF,12,97,40,0.0
1787847164.94,16E8,55,143,40,0.0
1787847164.97,16E9,0,120,40,0.0
1787847165.00,16F0,3,131,40,0.0
1787847165.03,1704,0,0,40,0.0
1787847165.07,1706,128,0,40,0.0
1787847165.10,1709,0,0,40,0.0
1787847165.13,1717,1,0,40,0.0
1787847165.16,1718,1,0,40,0.0
1787847165.19,1746,0,0,40,0.0
1787847165.23,1782,200,64,40,0.0
1787847165.26,1783,110,192,40,0.0
1787847165.29,17A0,35,0,40,0.0
1787847165.33,17A6,0,0,40,0.0
1787847165.36,17B0,32,0,40,0.0
1787847165.39,17B1,32,0,40,0.0
1787847165.43,17B2,4,0,40,0.0
1787847165.46,17B3,89,0,40,0.0
1787847165.49,17B5,80,0,40,0.0
1787847165.52,17B6,0,0,40,0.0
1787847165.55,17B8,242,0,40,0.0
1787847165.59,17BA,0,0,40,0.0
1787847165.62,17BB,0,0,40,0.0
1787847165.65,17BC,0,0,40,0.0
1787847165.68,17BD,138,0,40,0.0
1787847165.72,17BE,0,0,40,0.0
1787847165.75,17C1,234,0,40,0.0
1787847165.78,3201,23,112,40,0.0
1787847165.95,0000,190,63,40,0.0
1787847165.98,0002,0,0,40,0.0
1787847166.01,0003,2,0,40,0.0
1787847166.04,0005,80,0,40,0.0
1787847166.07,0006,127,0,40,0.0
1787847166.11,0007,127,0,40,0.0
1787847166.15,000B,45,0,40,0.0
1787847166.18,000C,19,28,40,0.0
1787847166.21,000D,0,0,40,0.0
1787847166.24,000E,140,0,40,0.0
1787847166.27,000F,74,0,40,0.0
1787847166.31,0010,2,5,41,0.0
1787847166.34,0011,29,0,41,0.0
1787847166.37,0013,1,0,41,0.0
1787847166.40,001C,10,0,41,0.0
1787847166.43,001F,0,44,41,0.0
1787847166.47,0020,128,21,41,0.0
1787847166.50,0021,0,0,41,0.0
1787847166.53,002C,0,0,41,0.0
1787847166.56,002E,0,0,41,0.0
1787847166.59,0030,255,0,41,0.0
1787847166.63,003C,6,100,41,0.0
1787847166.70,0042,54,216,41,0.0
1787847166.73,0043,0,81,41,0.0
1787847166.76,0200,0,0,41,0.0
1787847166.79,0202,0,0,41,0.0
1787847166.83,0900,6,104,41,0.0
1787847166.86,0968,0,0,41,0.0
1787847166.89,096E,18,227,41,0.0
1787847166.92,097C,112,69,41,0.0
1787847166.95,098E,0,0,41,0.0
1787847166.99,1101,1,0,41,0.0
1787847167.03,1103,20,0,41,0.0
1787847167.06,1104,1,0,41,0.0
1787847167.09,114A,88,192,41,0.0
1787847167.12,114D,108,192,41,0.0
1787847167.15,1153,82,77,41,0.0
1787847167.19,1154,29,128,41,0.0
1787847167.22,1169,29,128,41,0.0
1787847167.25,1173,1,194,41,0.0
1787847167.28,1177,26,4,41,0.0
1787847167.32,1410,1,95,41,0.0
1787847167.35,1631,1,0,41,0.0
1787847167.39,1678,0,0,41,0.0
1787847167.42,1681,0,0,41,0.0
1787847167.45,16CD,0,0,41,0.0
1787847167.48,16CE,0,0,41,0.0
1787847167.51,16CF,12,86,41,0.0
1787847167.55,16E8,55,13,41,0.0
1787847167.58,16E9,0,120,41,0.0
1787847167.61,16F0,3,131,41,0.0
1787847167.64,1704,0,0,41,0.0
1787847167.67,1706,128,0,41,0.0
1787847167.71,1709,0,0,41,0.0
1787847167.75,1717,1,0,41,0.0
1787847167.78,1718,1,0,41,0.0
1787847167.81,1746,0,0,41,0.0
1787847167.84,1782,200,64,41,0.0
1787847167.87,1783,110,192,41,0.0
1787847167.91,17A0,35,0,41,0.0
1787847167.94,17A6,0,0,41,0.0
1787847167.97,17B0,32,0,41,0.0
1787847168.00,17B1,32,0,41,0.0
1787847168.03,17B2,4,0,41,0.0
1787847168.07,17B3,89,0,41,0.0
1787847168.10,17B5,80,0,41,0.0
1787847168.13,17B6,0,0,41,0.0
1787847168.16,17B8,242,0,41,0.0
1787847168.19,17BA,0,0,41,0.0
1787847168.23,17BB,0,0,41,0.0
1787847168.26,17BC,0,0,41,0.0
1787847168.29,17BD,137,0,41,0.0
1787847168.32,17BE,0,0,41,0.0
1787847168.36,17C1,234,0,41,0.0
1787847168.39,3201,23,112,41,0.0
1787847168.55,0000,190,63,41,0.0
1787847168.58,0002,0,0,41,0.0
1787847168.62,0003,2,0,41,0.0
1787847168.66,0005,81,0,41,0.0
1787847168.69,0006,126,0,41,0.0
1787847168.72,0007,127,0,41,0.0
1787847168.75,000B,45,0,41,0.0
1787847168.78,000C,18,171,41,0.0
1787847168.82,000D,0,0,41,0.0
1787847168.85,000E,141,0,41,0.0
1787847168.88,000F,74,0,41,0.0
1787847168.94,0011,29,0,41,0.0
1787847168.98,0013,1,0,41,0.0
1787847169.01,001C,10,0,41,0.0
1787847169.04,001F,0,46,41,0.0
1787847169.07,0020,128,21,41,0.0
1787847169.10,0021,0,0,41,0.0
1787847169.14,002C,0,0,41,0.0
1787847169.17,002E,0,0,41,0.0
1787847169.21,0030,255,0,41,0.0
1787847169.24,003C,6,150,41,0.0
1787847169.27,0040,104,0,41,0.0
1787847169.30,0042,54,201,41,0.0
1787847169.34,0043,0,81,41,0.0
1787847169.37,0200,0,0,41,0.0
1787847169.40,0202,0,0,41,0.0
1787847169.43,0900,6,104,41,0.0
1787847169.46,0968,0,0,41,0.0
1787847169.50,096E,18,127,41,0.0
1787847169.53,097C,112,71,41,0.0
1787847169.60,1101,1,0,41,0.0
1787847169.63,1103,20,0,41,0.0
1787847169.70,114A,88,192,41,0.0
1787847169.73,114D,107,128,41,0.0
1787847169.76,1153,81,56,41,0.0
1787847169.79,1154,29,128,41,0.0
1787847169.82,1169,29,128,41,0.0
1787847169.86,1173,1,214,41,0.0
1787847169.89,1177,25,160,41,0.0
1787847169.92,1410,1,92,41,0.0
1787847169.95,1631,1,0,41,0.0
1787847169.99,1678,0,0,41,0.0
1787847170.02,1681,0,0,41,0.0
1787847170.06,16CD,0,0,41,0.0
1787847170.09,16CE,0,0,41,0.0
1787847170.12,16CF,12,79,41,0.0
1787847170.15,16E8,58,3,41,0.0
1787847170.18,16E9,0,120,41,0.0
1787847170.22,16F0,3,131,41,0.0
1787847170.25,1704,0,0,41,0.0
1787847170.28,1706,128,0,41,0.0
1787847170.31,1709,0,0,41,0.0
1787847170.34,1717,1,0,41,0.0
1787847170.38,1718,1,0,41,0.0
1787847170.41,1746,0,0,41,0.0
1787847170.45,1782,200,0,41,0.0
1787847170.48,1783,110,192,41,0.0
1787847170.51,17A0,34,0,41,0.0
1787847170.54,17A6,0,0,41,0.0
1787847170.58,17B0,31,0,41,0.0
1787847170.61,17B1,32,0,41,0.0
1787847170.64,17B2,4,0,41,0.0
1787847170.67,17B3,89,0,41,0.0
1787847170.70,17B5,80,0,41,0.0
1787847170.74,17B6,0,0,41,0.0
1787847170.77,17B8,242,0,41,0.0
1787847170.80,17BA,0,0,42,0.0
1787847170.83,17BB,0,0,42,0.0
1787847170.86,17BC,0,0,42,0.0
1787847170.90,17BD,137,0,42,0.0
1787847170.93,17BE,0,0,42,0.0
1787847170.97,17C1,234,0,42,0.0
1787847171.00,3201,23,112,42,0.0
1787847171.16,0000,190,63,42,0.0
1787847171.19,0002,0,0,42,0.0
1787847171.22,0003,2,0,42,0.0
1787847171.26,0005,82,0,42,0.0
1787847171.29,0006,126,0,42,0.0
1787847171.32,0007,127,0,42,0.0
1787847171.35,000B,46,0,42,0.0
1787847171.38,000C,18,88,42,0.0
1787847171.42,000D,0,0,42,0.0
1787847171.45,000E,141,0,42,0.0
1787847171.49,000F,74,0,42,0.0
1787847171.52,0010,1,251,42,0.0
1787847171.55,0011,29,0,42,0.0
1787847171.58,0013,1,0,42,0.0
1787847171.62,001C,10,0,42,0.0
1787847171.65,001F,0,49,42,0.0
1787847171.68,0020,128,21,42,0.0
1787847171.71,0021,0,0,42,0.0
1787847171.74,002C,0,0,42,0.0
1787847171.78,002E,0,0,42,0.0
1787847171.81,0030,255,0,42,0.0
1787847171.85,003C,6,192,42,0.0
1787847171.88,0040,104,0,42,0.0
1787847171.91,0042,54,213,42,0.0
1787847171.95,0043,0,81,42,0.0
1787847171.98,0200,0,0,42,0.0
1787847172.01,0202,0,0,42,0.0
1787847172.04,0900,6,104,42,0.0
1787847172.07,0968,0,0,42,0.0
1787847172.10,096E,18,61,42,0.0
1787847172.14,097C,112,69,42,0.0
1787847172.17,098E,0,0,42,0.0
1787847172.21,1101,1,0,42,0.0
1787847172.24,1103,20,0,42,0.0
1787847172.27,1104,1,0,42,0.0
1787847172.30,114A,88,128,42,0.0
1787847172.34,114D,106,64,42,0.0
1787847172.37,1153,80,177,42,0.0
1787847172.40,1154,29,128,42,0.0
1787847172.43,1169,29,128,42,0.0
1787847172.46,1173,3,57,42,0.0
1787847172.50,1177,25,100,42,0.0
1787847172.53,1410,1,92,42,0.0
1787847172.56,1631,1,0,42,0.0
1787847172.60,1678,0,0,42,0.0
1787847172.63,1681,0,0,42,0.0
1787847172.66,16CD,0,0,42,0.0
1787847172.70,16CE,0,0,42,0.0
1787847172.73,16CF,12,84,42,0.0
1787847172.76,16E8,58,213,42,0.0
1787847172.79,16E9,0,120,42,0.0
1787847172.83,16F0,3,131,42,0.0
1787847172.86,1704,0,0,42,0.0
1787847172.89,1706,128,0,42,0.0
1787847172.92,1709,0,0,42,0.0
1787847172.95,1717,1,0,42,0.0
1787847172.99,1718,1,0,42,0.0
1787847173.02,1746,0,0,42,0.0
1787847173.06,1782,200,0,42,0.0
1787847173.09,1783,110,192,42,0.0
1787847173.12,17A0,35,0,42,0.0
1787847173.15,17A6,0,0,42,0.0
1787847173.18,17B0,31,0,42,0.0
1787847173.22,17B1,32,0,42,0.0
1787847173.25,17B2,4,0,42,0.0
1787847173.28,17B3,89,0,42,0.0
1787847173.31,17B5,80,0,42,0.0
1787847173.34,17B6,0,0,42,0.0
1787847173.38,17B8,242,0,42,0.0
1787847173.41,17BA,0,0,42,0.0
1787847173.44,17BB,0,0,42,0.0
1787847173.48,17BC,0,0,42,0.0
1787847173.51,17BD,137,0,42,0.0
1787847173.54,17BE,0,0,42,0.0
1787847173.58,17C1,234,0,42,0.0
1787847173.61,3201,23,112,42,0.0
1787847173.77,0000,190,63,42,0.0
1787847173.80,0002,0,0,42,0.0
1787847173.83,0003,2,0,42,0.0
1787847173.86,0005,82,0,42,0.0
1787847173.90,0006,125,0,42,0.0
1787847173.93,0007,127,0,42,0.0
1787847174.00,000C,18,38,42,0.0
1787847174.03,000D,0,0,42,0.0
1787847174.06,000E,141,0,42,0.0
1787847174.10,000F,74,0,42,0.0
1787847174.13,0010,1,242,42,0.0
1787847174.16,0011,29,0,42,0.0
1787847174.19,0013,1,0,42,0.0
1787847174.22,001C,10,0,42,0.0
1787847174.26,001F,0,52,42,0.0
1787847174.29,0020,128,21,42,0.0
1787847174.32,0021,0,0,42,0.0
1787847174.35,002C,0,0,42,0.0
1787847174.39,002E,0,0,42,0.0
1787847174.42,0030,255,0,42,0.0
1787847174.46,003C,6,241,42,0.0
1787847174.49,0040,104,0,42,0.0
1787847174.52,0042,54,200,42,0.0
1787847174.55,0043,0,80,42,0.0
1787847174.58,0200,0,0,42,0.0
1787847174.62,0202,0,0,42,0.0
1787847174.65,0900,6,104,42,0.0
1787847174.68,0968,0,0,42,0.0
1787847174.71,096E,18,19,42,0.0
1787847174.74,097C,112,72,42,0.0
1787847174.78,098E,0,0,42,0.0
1787847174.82,1101,1,0,43,0.0
1787847174.85,1103,20,0,43,0.0
1787847174.88,1104,1,0,43,0.0
1787847174.91,114A,88,128,43,0.0
1787847174.94,114D,105,0,43,0.0
1787847174.98,1153,80,62,43,0.0
1787847175.01,1154,29,128,43,0.0
1787847175.04,1169,29,128,43,0.0
1787847175.07,1173,3,27,43,0.0
1787847175.10,1177,25,120,43,0.0
1787847175.14,1410,1,96,43,0.0
1787847175.18,1631,1,0,43,0.0
1787847175.21,1678,0,0,43,0.0
1787847175.24,1681,0,0,43,0.0
1787847175.27,16CD,0,0,43,0.0
1787847175.30,16CE,0,0,43,0.0
1787847175.34,16CF,12,70,43,0.0
1787847175.37,16E8,56,117,43,0.0
1787847175.40,16E9,0,120,43,0.0
1787847175.43,16F0,3,131,43,0.0
1787847175.46,1704,0,0,43,0.0
1787847175.50,1706,128,0,43,0.0
1787847175.53,1709,0,0,43,0.0
1787847175.60,1718,1,0,43,0.0
1787847175.63,1746,0,0,43,0.0
1787847175.66,1782,200,0,43,0.0
1787847175.70,1783,110,192,43,0.0
1787847175.73,17A0,34,0,43,0.0
1787847175.76,17A6,0,0,43,0.0
1787847175.79,17B0,30,0,43,0.0
1787847175.82,17B1,32,0,43,0.0
1787847175.86,17B2,4,0,43,0.0
1787847175.89,17B3,89,0,43,0.0
1787847175.92,17B5,80,0,43,0.0
1787847175.95,17B6,0,0,43,0.0
1787847175.98,17B8,242,0,43,0.0
1787847176.02,17BA,0,0,43,0.0
1787847176.05,17BB,0,0,43,0.0
1787847176.08,17BC,0,0,43,0.0
1787847176.11,17BD,137,0,43,0.0
1787847176.14,17BE,0,0,43,0.0
1787847176.18,17C1,234,0,43,0.0
1787847176.21,3201,23,112,43,0.0
1787847176.38,0000,190,63,43,0.0
1787847176.42,0002,0,0,43,0.0
1787847176.45,0003,2,0,43,0.0
1787847176.48,0005,83,0,43,0.0
1787847176.51,0006,126,0,43,0.0
1787847176.54,0007,127,0,43,0.0
1787847176.58,000B,46,0,43,0.0
1787847176.61,000C,17,253,43,0.0
1787847176.64,000D,0,0,43,0.0
1787847176.67,000E,140,0,43,0.0
1787847176.70,000F,74,0,43,0.0
1787847176.74,0010,1,242,43,0.0
1787847176.77,0011,29,0,43,0.0
1787847176.80,0013,1,0,43,0.0
1787847176.84,001C,10,0,43,0.0
1787847176.87,001F,0,54,43,0.0
1787847176.90,0020,128,21,43,0.0
1787847176.94,0021,0,0,43,0.0
1787847176.97,002C,0,0,43,0.0
1787847177.00,002E,0,0,43,0.0
1787847177.03,0030,255,0,43,0.0
1787847177.10,0040,104,0,43,0.0
1787847177.13,0042,54,211,43,0.0
1787847177.16,0043,0,81,43,0.0
1787847177.19,0200,0,0,43,0.0
1787847177.23,0202,0,0,43,0.0
1787847177.26,0900,6,104,43,0.0
1787847177.29,0968,0,0,43,0.0
1787847177.32,096E,17,233,43,0.0
1787847177.35,097C,112,69,43,0.0
1787847177.38,098E,0,0,43,0.0
1787847177.42,1101,1,0,43,0.0
1787847177.45,1103,20,0,43,0.0
1787847177.48,1104,1,0,43,0.0
1787847177.52,114A,88,64,43,0.0
1787847177.55,114D,103,192,43,0.0
1787847177.58,1153,79,196,43,0.0
1787847177.62,1154,29,128,43,0.0
1787847177.65,1169,29,128,43,0.0
1787847177.68,1173,3,72,43,0.0
1787847177.71,1177,25,0,43,0.0
1787847177.74,1410,1,94,43,0.0
1787847177.78,1631,1,0,43,0.0
1787847177.81,1678,0,0,43,0.0
1787847177.84,1681,0,0,43,0.0
1787847177.87,16CD,0,0,43,0.0
1787847177.91,16CE,0,0,43,0.0
1787847177.94,16CF,12,92,43,0.0
1787847177.98,16E8,60,85,43,0.0
1787847178.01,16E9,0,120,43,0.0
1787847178.04,16F0,3,131,43,0.0
1787847178.07,1704,0,0,43,0.0
1787847178.10,1706,128,0,43,0.0
1787847178.14,1709,0,0,43,0.0
1787847178.17,1717,1,0,43,0.0
1787847178.20,1718,1,0,43,0.0
1787847178.23,1746,0,0,43,0.0
1787847178.26,1782,199,192,43,0.0
1787847178.30,1783,110,192,43,0.0
1787847178.33,17A0,35,0,43,0.0
1787847178.36,17A6,0,0,43,0.0
1787847178.39,17B0,29,0,43,0.0
1787847178.42,17B1,32,0,43,0.0
1787847178.46,17B2,4,0,43,0.0
1787847178.50,17B3,90,0,43,0.0
1787847178.53,17B5,80,0,43,0.0
1787847178.56,17B6,0,0,43,0.0
1787847178.59,17B8,242,0,43,0.0
1787847178.62,17BA,0,0,43,0.0
1787847178.66,17BB,0,0,43,0.0
1787847178.69,17BC,0,0,43,0.0
1787847178.72,17BD,137,0,43,0.0
1787847178.75,17BE,0,0,43,0.0
1787847178.78,17C1,234,0,43,0.0
1787847178.82,3201,23,112,43,0.0
1787847178.98,0000,190,63,43,0.0
1787847179.01,0002,0,0,43,0.0
1787847179.04,0003,2,0,43,0.0
1787847179.08,0005,83,0,43,0.0
1787847179.11,0006,126,0,43,0.0
1787847179.14,0007,127,0,43,0.0
1787847179.18,000B,46,0,43,0.0
1787847179.21,000C,17,216,43,0.0
1787847179.24,000D,0,0,43,0.0
1787847179.27,000E,140,0,43,0.0
1787847179.30,000F,74,0,43,0.0
1787847179.34,0010,1,228,43,0.0
1787847179.37,0011,29,0,43,0.0
1787847179.40,0013,1,0,43,0.0
1787847179.44,001C,10,0,43,0.0
1787847179.47,001F,0,57,43,0.0
1787847179.50,0020,128,21,43,0.0
1787847179.54,0021,0,0,43,0.0
1787847179.57,002C,0,0,43,0.0
1787847179.60,002E,0,0,43,0.0
1787847179.63,0030,255,0,43,0.0
1787847179.66,003C,7,74,43,0.0
1787847179.70,0040,104,0,44,0.0
1787847179.73,0042,54,207,44,0.0
1787847179.76,0043,0,81,44,0.0
1787847179.79,0200,0,0,44,0.0
1787847179.82,0202,0,0,44,0.0
1787847179.86,0900,6,104,44,0.0
1787847179.90,0968,0,0,44,0.0
1787847179.93,096E,17,192,44,0.0
1787847179.96,097C,112,72,44,0.0
1787847179.99,098E,0,0,44,0.0
1787847180.03,1101,1,0,44,0.0
1787847180.06,1103,20,0,44,0.0
1787847180.09,1104,1,0,44,0.0
1787847180.12,114A,88,64,44,0.0
1787847180.15,114D,102,128,44,0.0
1787847180.19,1153,79,118,44,0.0
1787847180.22,1154,29,128,44,0.0
1787847180.25,1169,29,128,44,0.0
1787847180.28,1173,3,152,44,0.0
1787847180.34,1410,1,97,44,0.0
1787847180.38,1631,1,0,44,0.0
1787847180.45,1681,0,0,44,0.0
1787847180.48,16CD,0,0,44,0.0
1787847180.51,16CE,0,0,44,0.0
1787847180.54,16CF,12,53,44,0.0
1787847180.58,16E8,58,146,44,0.0
1787847180.61,16E9,0,120,44,0.0
1787847180.64,16F0,3,131,44,0.0
1787847180.67,1704,0,0,44,0.0
1787847180.70,1706,128,0,44,0.0
1787847180.74,1709,0,0,44,0.0
1787847180.77,1717,1,0,44,0.0
1787847180.80,1718,1,0,44,0.0
1787847180.83,1746,0,0,44,0.0
1787847180.86,1782,199,192,44,0.0
1787847180.90,1783,110,192,44,0.0
1787847180.93,17A0,35,0,44,0.0
1787847180.96,17A6,0,0,44,0.0
1787847180.99,17B0,29,0,44,0.0
1787847181.03,17B1,32,0,44,0.0
1787847181.06,17B2,4,0,44,0.0
1787847181.10,17B3,90,0,44,0.0
1787847181.13,17B5,80,0,44,0.0
1787847181.16,17B6,0,0,44,0.0
1787847181.19,17B8,242,0,44,0.0
1787847181.22,17BA,0,0,44,0.0
1787847181.26,17BB,0,0,44,0.0
1787847181.29,17BC,0,0,44,0.0
1787847181.32,17BD,137,0,44,0.0
1787847181.35,17BE,0,0,44,0.0
1787847181.39,17C1,234,0,44,0.0
1787847181.42,3201,23,112,44,0.0
1787847181.58,0000,190,63,44,0.0
1787847181.62,0002,0,0,44,0.0
1787847181.65,0003,2,0,44,0.0
1787847181.68,0005,84,0,44,0.0
1787847181.71,0006,124,0,44,0.0
1787847181.74,0007,127,0,44,0.0
1787847181.78,000B,46,0,44,0.0
1787847181.81,000C,17,169,44,0.0
1787847181.84,000D,0,0,44,0.0
1787847181.87,000E,142,0,44,0.0
1787847181.90,000F,75,0,44,0.0
1787847181.94,0010,1,223,44,0.0
1787847181.98,0011,29,0,44,0.0
1787847182.01,0013,1,0,44,0.0
1787847182.04,001C,10,0,44,0.0
1787847182.07,001F,0,59,44,0.0
1787847182.10,0020,128,21,44,0.0
1787847182.14,0021,0,0,44,0.0
1787847182.17,002C,0,0,44,0.0
1787847182.20,002E,0,0,44,0.0
1787847182.23,0030,255,0,44,0.0
1787847182.30,0040,104,0,44,0.0
1787847182.33,0042,54,206,44,0.0
1787847182.36,0043,0,81,44,0.0
1787847182.39,0200,0,0,44,0.0
1787847182.42,0202,0,0,44,0.0
1787847182.46,0900,6,104,44,0.0
1787847182.50,0968,0,0,44,0.0
1787847182.53,096E,17,150,44,0.0
1787847182.56,097C,112,70,44,0.0
1787847182.59,098E,0,0,44,0.0
1787847182.62,1101,1,0,44,0.0
1787847182.66,1103,20,0,44,0.0
1787847182.69,1104,1,0,44,0.0
1787847182.72,114A,88,0,44,0.0
1787847182.75,114D,101,64,44,0.0
1787847182.78,1153,79,39,44,0.0
1787847182.82,1154,29,128,44,0.0
1787847182.85,1169,29,128,44,0.0
1787847182.88,1173,0,145,44,0.0
1787847182.91,1177,25,60,44,0.0
1787847182.95,1410,1,103,44,0.0
1787847182.98,1631,1,0,44,0.0
1787847183.02,1678,0,0,44,0.0
1787847183.05,1681,0,0,44,0.0
1787847183.08,16CD,0,0,44,0.0
1787847183.11,16CE,0,0,44,0.0
1787847183.14,16CF,12,75,44,0.0
1787847183.18,16E8,58,129,44,0.0
1787847183.21,16E9,0,120,44,0.0
1787847183.24,16F0,3,131,44,0.0
1787847183.28,1704,0,0,44,0.0
1787847183.31,1706,128,0,44,0.0
1787847183.34,1709,0,0,44,0.0
1787847183.38,1717,1,0,44,0.0
1787847183.41,1718,1,0,44,0.0
1787847183.44,1746,0,0,44,0.0
1787847183.47,1782,199,128,44,0.0
1787847183.50,1783,110,192,44,0.0
1787847183.54,17A0,35,0,44,0.0
1787847183.57,17A6,0,0,44,0.0
1787847183.60,17B0,29,0,44,0.0
1787847183.63,17B1,32,0,44,0.0
1787847183.66,17B2,4,0,44,0.0
1787847183.70,17B3,90,0,44,0.0
1787847183.73,17B5,80,0,44,0.0
1787847183.76,17B6,0,0,44,0.0
1787847183.79,17B8,242,0,44,0.0
1787847183.82,17BA,0,0,44,0.0
1787847183.86,17BB,0,0,44,0.0
1787847183.89,17BC,0,0,44,0.0
1787847183.92,17BD,137,0,44,0.0
1787847183.96,17BE,0,0,44,0.0
1787847183.99,17C1,234,0,44,0.0
1787847184.02,3201,23,112,45,0.0
1787847184.18,0000,190,63,45,0.0
1787847184.22,0002,0,0,45,0.0
1787847184.26,0003,2,0,45,0.0
1787847184.29,0005,85,0,45,0.0
1787847184.32,0006,125,0,45,0.0
1787847184.35,0007,127,0,45,0.0
1787847184.38,000B,45,0,45,0.0
1787847184.42,000C,17,142,45,0.0
1787847184.45,000D,0,0,45,0.0
1787847184.48,000E,140,0,45,0.0
1787847184.51,000F,75,0,45,0.0
1787847184.54,0010,1,219,45,0.0
1787847184.58,0011,29,0,45,0.0
1787847184.62,0013,1,0,45,0.0
1787847184.65,001C,10,0,45,0.0
1787847184.68,001F,0,62,45,0.0
1787847184.71,0020,128,21,45,0.0
1787847184.74,0021,0,0,45,0.0
1787847184.78,002C,0,0,45,0.0
1787847184.81,002E,0,0,45,0.0
1787847184.85,0030,255,0,45,0.0
1787847184.88,003C,7,161,45,0.0
1787847184.91,0040,104,0,45,0.0
1787847184.94,0042,54,218,45,0.0
1787847184.98,0043,0,81,45,0.0
1787847185.01,0200,0,0,45,0.0
1787847185.04,0202,0,0,45,0.0
1787847185.07,0900,6,104,45,0.0
1787847185.10,0968,0,0,45,0.0
1787847185.14,096E,17,110,45,0.0
1787847185.17,097C,112,71,45,0.0
1787847185.20,098E,0,0,45,0.0
1787847185.24,1101,1,0,45,0.0
1787847185.27,1103,20,0,45,0.0
1787847185.30,1104,1,0,45,0.0
1787847185.34,114A,88,0,45,0.0
1787847185.37,114D,100,64,45,0.0
1787847185.40,1153,78,159,45,0.0
1787847185.43,1154,29,128,45,0.0
1787847185.46,1169,29,128,45,0.0
1787847185.50,1173,3,107,45,0.0
1787847185.53,1177,25,20,45,0.0
1787847185.56,1410,1,95,45,0.0
1787847185.59,1631,1,0,45,0.0
1787847185.62,1678,0,0,45,0.0
1787847185.66,1681,0,0,45,0.0
1787847185.70,16CD,0,0,45,0.0
1787847185.73,16CE,0,0,45,0.0
1787847185.76,16CF,12,76,45,0.0
1787847185.79,16E8,57,182,45,0.0
1787847185.82,16E9,0,120,45,0.0
1787847185.86,16F0,3,131,45,0.0
1787847185.89,1704,0,0,45,0.0
1787847185.92,1706,128,0,45,0.0
1787847185.95,1709,0,0,45,0.0
1787847185.98,1717,1,0,45,0.0
1787847186.02,1718,1,0,45,0.0
1787847186.05,1746,0,0,45,0.0
1787847186.08,1782,199,128,45,0.0
1787847186.11,1783,110,192,45,0.0
1787847186.15,17A0,35,0,45,0.0
1787847186.18,17A6,0,0,45,0.0
1787847186.22,17B0,29,0,45,0.0
1787847186.25,17B1,32,0,45,0.0
1787847186.28,17B2,4,0,45,0.0
1787847186.31,17B3,90,0,45,0.0
1787847186.34,17B5,80,0,45,0.0
1787847186.38,17B6,0,0,45,0.0
1787847186.42,17B8,241,0,45,0.0
1787847186.45,17BA,0,0,45,0.0
1787847186.48,17BB,0,0,45,0.0
1787847186.51,17BC,0,0,45,0.0
1787847186.54,17BD,137,0,45,0.0
1787847186.58,17BE,0,0,45,0.0
1787847186.61,17C1,234,0,45,0.0
1787847186.64,3201,23,112,45,0.0
1787847186.80,0000,190,63,45,0.0
1787847186.83,0002,0,0,45,0.0
1787847186.86,0003,2,0,45,0.0
1787847186.90,0005,85,0,45,0.0
1787847186.93,0006,126,0,45,0.0
1787847186.97,0007,127,0,45,0.0
1787847187.00,000B,45,0,45,0.0
1787847187.03,000C,17,96,45,0.0
1787847187.06,000D,0,0,45,0.0
1787847187.09,000E,139,0,45,0.0
1787847187.13,000F,75,0,45,0.0
1787847187.16,0010,1,214,45,0.0
1787847187.19,0011,29,0,45,0.0
1787847187.22,0013,1,0,45,0.0
1787847187.26,001C,10,0,45,0.0
1787847187.30,001F,0,65,45,0.0
1787847187.33,0020,128,21,45,0.0
1787847187.36,0021,0,0,45,0.0
1787847187.39,002C,0,0,45,0.0
1787847187.42,002E,0,0,45,0.0
1787847187.46,0030,255,0,45,0.0
1787847187.49,003C,7,201,45,0.0
1787847187.52,0040,104,0,45,0.0
1787847187.55,0042,54,202,45,0.0
1787847187.58,0043,0,80,45,0.0
1787847187.62,0200,0,0,45,0.0
1787847187.66,0202,0,0,45,0.0
1787847187.69,0900,6,104,45,0.0
1787847187.72,0968,0,0,45,0.0
1787847187.75,096E,17,74,45,0.0
1787847187.78,097C,112,74,45,0.0
1787847187.82,098E,0,0,45,0.0
1787847187.85,1101,1,0,45,0.0
1787847187.88,1103,20,0,45,0.0
1787847187.91,1104,1,0,45,0.0
1787847187.94,114A,87,192,45,0.0
1787847187.98,114D,99,0,45,0.0
1787847188.01,1153,78,134,45,0.0
1787847188.04,1154,29,128,45,0.0
1787847188.07,1169,29,128,45,0.0
1787847188.10,1173,3,92,45,0.0
1787847188.14,1177,24,236,45,0.0
1787847188.17,1410,1,93,45,0.0
1787847188.20,1631,1,0,45,0.0
1787847188.23,1678,0,0,45,0.0
1787847188.26,1681,0,0,45,0.0
1787847188.29,16CD,0,0,45,0.0
1787847188.33,16CE,0,0,45,0.0
1787847188.36,16CF,12,86,45,0.0
1787847188.39,16E8,57,9,45,0.0
1787847188.42,16E9,0,120,45,0.0
1787847188.45,16F0,3,131,45,0.0
1787847188.49,1704,0,0,45,0.0
1787847188.52,1706,128,0,45,0.0
1787847188.56,1709,0,0,45,0.0
1787847188.59,1717,1,0,45,0.0
1787847188.62,1718,1,0,45,0.0
1787847188.65,1746,0,0,45,0.0
1787847188.69,1782,199,64,45,0.0
1787847188.72,1783,110,192,45,0.0
1787847188.75,17A0,34,0,45,0.0
1787847188.78,17A6,0,0,45,0.0
1787847188.81,17B0,29,0,45,0.0
1787847188.85,17B1,32,0,45,0.0
1787847188.88,17B2,4,0,45,0.0
1787847188.91,17B3,90,0,45,0.0
1787847188.94,17B5,80,0,45,0.0
1787847188.97,17B6,0,0,45,0.0
1787847189.01,17B8,241,0,45,0.0
1787847189.05,17BA,0,0,45,0.0
1787847189.08,17BB,0,0,45,0.0
1787847189.11,17BC,0,0,46,0.0
1787847189.14,17BD,136,0,46,0.0
1787847189.17,17BE,0,0,46,0.0
1787847189.21,17C1,234,0,46,0.0
1787847189.24,3201,23,112,46,0.0
1787847189.41,0000,190,63,46,0.0
1787847189.44,0002,0,0,46,0.0
1787847189.48,0003,2,0,46,0.0
1787847189.51,0005,86,0,46,0.0
1787847189.54,0006,127,0,46,0.0
1787847189.58,0007,127,0,46,0.0
1787847189.61,000B,45,0,46,0.0
1787847189.64,000C,17,58,46,0.0
1787847189.67,000D,0,0,46,0.0
1787847189.70,000E,139,0,46,0.0
1787847189.74,000F,75,0,46,0.0
1787847189.77,0010,1,210,46,0.0
1787847189.80,0011,29,0,46,0.0
1787847189.84,0013,1,0,46,0.0
1787847189.87,001C,10,0,46,0.0
1787847189.90,001F,0,67,46,0.0
1787847189.93,0020,128,21,46,0.0
1787847189.97,0021,0,0,46,0.0
1787847190.00,002C,0,0,46,0.0
1787847190.03,002E,0,0,46,0.0
1787847190.06,0030,255,0,46,0.0
1787847190.09,003C,7,247,46,0.0
1787847190.13,0040,104,0,46,0.0
1787847190.16,0042,54,214,46,0.0
1787847190.19,0043,0,80,46,0.0
1787847190.22,0200,0,0,46,0.0
1787847190.25,0202,0,0,46,0.0
1787847190.29,0900,6,104,46,0.0
1787847190.33,0968,0,0,46,0.0
1787847190.36,096E,17,33,46,0.0
1787847190.39,097C,112,73,46,0.0
1787847190.43,098E,0,0,46,0.0
1787847190.46,1101,1,0,46,0.0
1787847190.49,1103,20,0,46,0.0
1787847190.53,1104,1,0,46,0.0
1787847190.56,114A,87,192,46,0.0
1787847190.59,114D,98,0,46,0.0
1787847190.62,1153,77,253,46,0.0
1787847190.65,1154,29,128,46,0.0
1787847190.69,1169,29,128,46,0.0
1787847190.72,1173,3,137,46,0.0
1787847190.76,1177,24,216,46,0.0
1787847190.79,1410,1,94,46,0.0
1787847190.82,1631,1,0,46,0.0
1787847190.85,1678,0,0,46,0.0
1787847190.89,1681,0,0,46,0.0
1787847190.92,16CD,0,0,46,0.0
1787847190.95,16CE,0,0,46,0.0
1787847190.98,16CF,12,120,46,0.0
1787847191.01,16E8,59,148,46,0.0
1787847191.05,16E9,0,120,46,0.0
1787847191.08,16F0,3,131,46,0.0
1787847191.14,1706,128,0,46,0.0
1787847191.17,1709,0,0,46,0.0
1787847191.21,1717,1,0,46,0.0
1787847191.24,1718,1,0,46,0.0
1787847191.27,1746,0,0,46,0.0
1787847191.30,1782,199,64,46,0.0
1787847191.34,1783,110,192,46,0.0
1787847191.38,17A0,35,0,46,0.0
1787847191.41,17A6,0,0,46,0.0
1787847191.44,17B0,29,0,46,0.0
1787847191.47,17B1,32,0,46,0.0
1787847191.50,17B2,4,0,46,0.0
1787847191.53,17B3,90,0,46,0.0
1787847191.57,17B5,80,0,46,0.0
1787847191.60,17B6,0,0,46,0.0
1787847191.63,17B8,241,0,46,0.0
1787847191.66,17BA,0,0,46,0.0
1787847191.69,17BB,0,0,46,0.0
1787847191.73,17BC,0,0,46,0.0
1787847191.80,17BE,0,0,46,0.0
1787847191.83,17C1,234,0,46,0.0
1787847191.86,3201,23,112,46,0.0
1787847192.02,0000,190,63,46,0.0
1787847192.05,0002,0,0,46,0.0
1787847192.09,0003,2,0,46,0.0
1787847192.12,0005,86,0,46,0.0
1787847192.15,0006,126,0,46,0.0
1787847192.18,0007,127,0,46,0.0
1787847192.21,000B,45,0,46,0.0
1787847192.25,000C,17,32,46,0.0
1787847192.28,000D,0,0,46,0.0
1787847192.31,000E,138,0,46,0.0
1787847192.34,000F,75,0,46,0.0
1787847192.37,0010,1,206,46,0.0
1787847192.41,0011,29,0,46,0.0
1787847192.45,0013,1,0,46,0.0
1787847192.48,001C,10,0,46,0.0
1787847192.51,001F,0,70,46,0.0
1787847192.54,0020,128,21,46,0.0
1787847192.58,0021,0,0,46,0.0
1787847192.61,002C,0,0,46,0.0
1787847192.64,002E,0,0,46,0.0
1787847192.67,0030,255,0,46,0.0
1787847192.70,003C,8,30,46,0.0
1787847192.74,0040,104,0,46,0.0
1787847192.77,0042,54,200,46,0.0
1787847192.80,0043,0,80,46,0.0
1787847192.84,0200,0,0,46,0.0
1787847192.87,0202,0,0,46,0.0
1787847192.90,0900,6,104,46,0.0
1787847192.94,0968,0,0,46,0.0
1787847192.97,096E,16,255,46,0.0
1787847193.00,097C,112,69,46,0.0
1787847193.03,098E,0,0,46,0.0
1787847193.06,1101,1,0,46,0.0
1787847193.09,1103,20,0,46,0.0
1787847193.13,1104,1,0,46,0.0
1787847193.17,114A,87,128,46,0.0
1787847193.20,114D,97,0,46,0.0
1787847193.23,1153,77,170,46,0.0
1787847193.26,1154,29,128,46,0.0
1787847193.29,1169,29,128,46,0.0
1787847193.33,1173,3,107,46,0.0
1787847193.36,1177,24,216,46,0.0
1787847193.39,1410,1,93,46,0.0
1787847193.42,1631,1,0,46,0.0
1787847193.45,1678,0,0,46,0.0
1787847193.49,1681,0,0,46,0.0
1787847193.53,16CD,0,0,46,0.0
1787847193.56,16CE,0,0,46,0.0
1787847193.59,16CF,12,59,46,0.0
1787847193.62,16E8,56,41,46,0.0
1787847193.65,16E9,0,120,46,0.0
1787847193.69,16F0,3,131,46,0.0
1787847193.72,1704,0,0,46,0.0
1787847193.75,1706,128,0,46,0.0
1787847193.78,1709,0,0,46,0.0
1787847193.81,1717,1,0,46,0.0
1787847193.85,1718,1,0,46,0.0
1787847193.88,1746,0,0,46,0.0
1787847193.91,1782,199,64,47,0.0
1787847193.94,1783,110,192,47,0.0
1787847193.97,17A0,35,0,47,0.0
1787847194.01,17A6,0,0,47,0.0
1787847194.05,17B0,28,0,47,0.0
1787847194.08,17B1,32,0,47,0.0
1787847194.11,17B2,4,0,47,0.0
1787847194.14,17B3,90,0,47,0.0
1787847194.17,17B5,80,0,47,0.0
1787847194.21,17B6,0,0,47,0.0
1787847194.24,17B8,241,0,47,0.0
1787847194.27,17BA,0,0,47,0.0
1787847194.30,17BB,0,0,47,0.0
1787847194.33,17BC,0,0,47,0.0
1787847194.37,17BD,136,0,47,0.0
1787847194.40,17BE,0,0,47,0.0
1787847194.44,17C1,234,0,47,0.0
1787847194.47,3201,23,112,47,0.0
1787847194.63,0000,190,63,47,0.0
1787847194.66,0002,0,0,47,0.0
1787847194.69,0003,2,0,47,0.0
1787847194.73,0005,87,0,47,0.0
1787847194.77,0006,124,0,47,0.0
1787847194.80,0007,127,0,47,0.0
1787847194.83,000B,46,0,47,0.0
1787847194.86,000C,16,227,47,0.0
1787847194.89,000D,0,0,47,0.0
1787847194.93,000E,141,0,47,0.0
1787847194.96,000F,75,0,47,0.0
1787847194.99,0010,1,193,47,0.0
1787847195.02,0011,29,0,47,0.0
1787847195.05,0013,1,0,47,0.0
1787847195.09,001C,10,0,47,0.0
1787847195.12,001F,0,73,47,0.0
1787847195.16,0020,128,21,47,0.0
1787847195.19,0021,0,0,47,0.0
1787847195.22,002C,0,0,47,0.0
1787847195.25,002E,0,0,47,0.0
1787847195.29,0030,255,0,47,0.0
1787847195.32,003C,8,75,47,0.0
1787847195.35,0040,104,0,47,0.0
1787847195.38,0042,54,210,47,0.0
1787847195.41,0043,0,80,47,0.0
1787847195.45,0200,0,0,47,0.0
1787847195.48,0202,0,0,47,0.0
1787847195.51,0900,6,104,47,0.0
1787847195.55,0968,0,0,47,0.0
1787847195.58,096E,16,221,47,0.0
1787847195.61,097C,112,72,47,0.0
1787847195.65,098E,0,0,47,0.0
1787847195.68,1101,1,0,47,0.0
1787847195.71,1103,20,0,47,0.0
1787847195.74,1104,1,0,47,0.0
1787847195.77,114A,87,128,47,0.0
1787847195.81,114D,95,192,47,0.0
1787847195.85,1153,77,55,47,0.0
1787847195.88,1154,29,128,47,0.0
1787847195.91,1169,29,128,47,0.0
1787847195.95,1173,0,125,47,0.0
1787847195.97,1177,24,156,47,0.0
1787847196.01,1410,1,99,47,0.0
1787847196.04,1631,1,0,47,0.0
1787847196.07,1678,0,0,47,0.0
1787847196.10,1681,0,0,47,0.0
1787847196.13,16CD,0,0,47,0.0
1787847196.17,16CE,0,0,47,0.0
1787847196.20,16CF,12,115,47,0.0
1787847196.24,16E8,62,6,47,0.0
1787847196.27,16E9,0,120,47,0.0
1787847196.30,16F0,3,131,47,0.0
1787847196.33,1704,0,0,47,0.0
1787847196.37,1706,128,0,47,0.0
1787847196.40,1709,0,0,47,0.0
1787847196.43,1717,1,0,47,0.0
1787847196.46,1718,1,0,47,0.0
1787847196.49,1746,0,0,47,0.0
1787847196.53,1782,199,0,47,0.0
1787847196.56,1783,110,192,47,0.0
1787847196.59,17A0,35,0,47,0.0
1787847196.62,17A6,0,0,47,0.0
1787847196.66,17B0,28,0,47,0.0
1787847196.69,17B1,32,0,47,0.0
1787847196.73,17B2,4,0,47,0.0
1787847196.76,17B3,90,0,47,0.0
1787847196.79,17B5,80,0,47,0.0
1787847196.82,17B6,0,0,47,0.0
1787847196.85,17B8,241,0,47,0.0
1787847196.89,17BA,0,0,47,0.0
1787847196.92,17BB,0,0,47,0.0
1787847196.96,17BC,0,0,47,0.0
1787847196.99,17BD,136,0,47,0.0
1787847197.02,17BE,0,0,47,0.0
1787847197.05,17C1,234,0,47,0.0
1787847197.09,3201,23,112,47,0.0
1787847197.25,0000,190,63,47,0.0
1787847197.28,0002,0,0,47,0.0
1787847197.31,0003,2,0,47,0.0
1787847197.34,0005,87,0,47,0.0
1787847197.37,0006,125,0,47,0.0
1787847197.41,0007,127,0,47,0.0
1787847197.44,000B,45,0,47,0.0
1787847197.48,000C,16,205,47,0.0
1787847197.51,000D,0,0,47,0.0
1787847197.54,000E,140,0,47,0.0
1787847197.58,000F,75,0,47,0.0
1787847197.61,0010,1,206,47,0.0
1787847197.65,0011,29,0,47,0.0
1787847197.68,0013,1,0,47,0.0
1787847197.71,001C,10,0,47,0.0
1787847197.74,001F,0,75,47,0.0
1787847197.77,0020,128,21,47,0.0
1787847197.81,0021,0,0,47,0.0
1787847197.84,002C,0,0,47,0.0
1787847197.87,002E,0,0,47,0.0
1787847197.90,0030,255,0,47,0.0
1787847197.93,003C,8,114,47,0.0
1787847197.97,0040,104,0,47,0.0
1787847198.00,0042,54,206,47,0.0
1787847198.03,0043,0,80,47,0.0
1787847198.06,0200,0,0,47,0.0
1787847198.10,0202,0,0,47,0.0
1787847198.13,0900,6,104,47,0.0
1787847198.17,0968,0,0,47,0.0
1787847198.20,096E,16,188,47,0.0
1787847198.23,097C,112,74,47,0.0
1787847198.26,098E,0,0,47,0.0
1787847198.30,1101,1,0,47,0.0
1787847198.33,1103,20,0,47,0.0
1787847198.37,1104,1,0,47,0.0
1787847198.40,114A,87,64,47,0.0
1787847198.43,114D,94,192,47,0.0
1787847198.46,1153,76,183,47,0.0
1787847198.49,1154,29,128,47,0.0
1787847198.53,1169,29,128,47,0.0
1787847198.56,1173,0,95,47,0.0
1787847198.59,1177,24,136,47,0.0
1787847198.62,1410,1,96,47,0.0
1787847198.65,1631,1,0,47,0.0
1787847198.69,1678,0,0,47,0.0
1787847198.72,1681,0,0,47,0.0
1787847198.75,16CD,0,0,47,0.0
1787847198.78,16CE,0,0,47,0.0
1787847198.81,16CF,12,80,47,0.0
1787847198.85,16E8,57,107,47,0.0
1787847198.88,16E9,0,120,47,0.0
1787847198.91,16F0,3,131,47,0.0
1787847198.94,1704,0,0,47,0.0
1787847198.97,1706,128,0,47,0.0
1787847199.01,1709,0,0,47,0.0
1787847199.05,1717,1,0,47,0.0
1787847199.08,1718,1,0,47,0.0
1787847199.11,1746,0,0,47,0.0
1787847199.14,1782,198,192,47,0.0
1787847199.17,1783,110,192,47,0.0
1787847199.21,17A0,34,0,47,0.0
1787847199.24,17A6,0,0,47,0.0
1787847199.27,17B0,29,0,47,0.0
1787847199.30,17B1,32,0,47,0.0
1787847199.34,17B2,4,0,47,0.0
1787847199.37,17B3,90,0,47,0.0
1787847199.41,17B5,80,0,47,0.0
1787847199.44,17B6,0,0,47,0.0
1787847199.47,17B8,241,0,47,0.0
1787847199.50,17BA,0,0,47,0.0
1787847199.53,17BB,0,0,47,0.0
1787847199.57,17BC,0,0,47,0.0
1787847199.60,17BD,136,0,48,0.0
1787847199.63,17BE,0,0,48,0.0
1787847199.66,17C1,234,0,48,0.0
1787847199.70,3201,23,112,48,0.0
1787847199.86,0000,190,63,48,0.0
1787847199.89,0002,0,0,48,0.0
1787847199.93,0003,2,0,48,0.0
1787847199.96,0005,88,0,48,0.0
1787847199.99,0006,125,0,48,0.0
1787847200.03,0007,127,0,48,0.0
1787847200.06,000B,45,0,48,0.0
1787847200.09,000C,16,174,48,0.0
1787847200.13,000D,0,0,48,0.0
1787847200.16,000E,139,0,48,0.0
1787847200.19,000F,75,0,48,0.0
1787847200.22,0010,1,185,48,0.0
1787847200.25,0011,29,0,48,0.0
1787847200.29,0013,1,0,48,0.0
1787847200.32,001C,10,0,48,0.0
1787847200.35,001F,0,78,48,0.0
1787847200.38,0020,128,21,48,0.0
1787847200.41,0021,0,0,48,0.0
1787847200.45,002C,0,0,48,0.0
1787847200.48,002E,0,0,48,0.0
1787847200.51,0030,255,0,48,0.0
1787847200.55,003C,8,158,48,0.0
1787847200.58,0040,104,0,48,0.0
1787847200.61,0042,54,209,48,0.0
1787847200.65,0043,0,79,48,0.0
1787847200.68,0200,0,0,48,0.0
1787847200.71,0202,0,0,48,0.0
1787847200.74,0900,6,104,48,0.0
1787847200.77,0968,0,0,48,0.0
1787847200.81,096E,16,150,48,0.0
1787847200.84,097C,112,72,48,0.0
1787847200.87,098E,0,0,48,0.0
1787847200.90,1101,1,0,48,0.0
1787847200.93,1103,20,0,48,0.0
1787847200.97,1104,1,0,48,0.0
1787847201.00,114A,87,64,48,0.0
1787847201.03,114D,93,192,48,0.0
1787847201.07,1153,76,100,48,0.0
1787847201.10,1154,29,128,48,0.0
1787847201.13,1169,29,128,48,0.0
1787847201.20,1177,24,116,48,0.0
1787847201.23,1410,1,92,48,0.0
1787847201.26,1631,1,0,48,0.0
1787847201.29,1678,0,0,48,0.0
1787847201.33,1681,0,0,48,0.0
1787847201.36,16CD,0,0,48,0.0
1787847201.39,16CE,0,0,48,0.0
1787847201.42,16CF,12,117,48,0.0
1787847201.45,16E8,60,116,48,0.0
1787847201.49,16E9,0,120,48,0.0
1787847201.52,16F0,3,131,48,0.0
1787847201.55,1704,0,0,48,0.0
1787847201.58,1706,128,0,48,0.0
1787847201.61,1709,0,0,48,0.0
1787847201.65,1717,1,0,48,0.0
1787847201.69,1718,1,0,48,0.0
1787847201.72,1746,0,0,48,0.0
1787847201.75,1782,198,192,48,0.0
1787847201.78,1783,110,192,48,0.0
1787847201.81,17A0,35,0,48,0.0
1787847201.85,17A6,0,0,48,0.0
1787847201.88,17B0,28,0,48,0.0
1787847201.91,17B1,32,0,48,0.0
1787847201.94,17B2,4,0,48,0.0
1787847201.97,17B3,90,0,48,0.0
1787847202.01,17B5,80,0,48,0.0
1787847202.04,17B6,0,0,48,0.0
1787847202.07,17B8,241,0,48,0.0
1787847202.10,17BA,0,0,48,0.0
1787847202.13,17BB,0,0,48,0.0
1787847202.17,17BC,0,0,48,0.0
1787847202.21,17BD,136,0,48,0.0
1787847202.24,17BE,0,0,48,0.0
1787847202.27,17C1,234,0,48,0.0
1787847202.30,3201,23,112,48,0.0
1787847202.46,0000,190,63,48,0.0
1787847202.50,0002,0,0,48,0.0
1787847202.53,0003,2,0,48,0.0
1787847202.57,0005,88,0,48,0.0
1787847202.60,0006,126,0,48,0.0
1787847202.63,0007,127,0,48,0.0
1787847202.66,000B,45,0,48,0.0
1787847202.69,000C,16,162,48,0.0
1787847202.73,000D,0,0,48,0.0
1787847202.76,000E,137,0,48,0.0
1787847202.79,000F,75,0,48,0.0
1787847202.82,0010,1,185,48,0.0
1787847202.85,0011,29,0,48,0.0
1787847202.89,0013,1,0,48,0.0
1787847202.92,001C,10,0,48,0.0
1787847202.95,001F,0,80,48,0.0
1787847202.98,0020,128,21,48,0.0
1787847203.02,0021,0,0,48,0.0
1787847203.05,002C,0,0,48,0.0
1787847203.09,002E,0,0,48,0.0
1787847203.12,0030,255,0,48,0.0
1787847203.15,003C,8,196,48,0.0
1787847203.18,0040,104,0,48,0.0
1787847203.21,0042,54,217,48,0.0
1787847203.25,0043,0,80,48,0.0
1787847203.28,0200,0,0,48,0.0
1787847203.35,0900,6,104,48,0.0
1787847203.38,0968,0,0,48,0.0
1787847203.41,096E,16,121,48,0.0
1787847203.45,097C,112,74,48,0.0
1787847203.48,098E,0,0,48,0.0
1787847203.51,1101,1,0,48,0.0
1787847203.54,1103,20,0,48,0.0
1787847203.57,1104,1,0,48,0.0
1787847203.61,114A,87,64,48,0.0
1787847203.64,114D,92,192,48,0.0
1787847203.67,1153,75,245,48,0.0
1787847203.70,1154,29,128,48,0.0
1787847203.73,1169,29,128,48,0.0
1787847203.77,1173,0,180,48,0.0
1787847203.80,1177,24,156,48,0.0
1787847203.83,1410,1,86,48,0.0
1787847203.86,1631,1,0,48,0.0
1787847203.89,1678,0,0,48,0.0
1787847203.93,1681,0,0,48,0.0
1787847203.97,16CD,0,0,48,0.0
1787847204.00,16CE,0,0,48,0.0
1787847204.03,16CF,12,91,48,0.0
1787847204.06,16E8,60,111,48,0.0
1787847204.09,16E9,0,120,48,0.0
1787847204.13,16F0,3,131,48,0.0
1787847204.16,1704,0,0,48,0.0
1787847204.19,1706,128,0,48,0.0
1787847204.22,1709,0,0,48,0.0
1787847204.25,1717,1,0,48,0.0
1787847204.29,1718,1,0,48,0.0
1787847204.33,1746,0,0,48,0.0
1787847204.36,1782,198,128,48,0.0
1787847204.39,1783,110,192,48,0.0
1787847204.42,17A0,35,0,48,0.0
1787847204.45,17A6,0,0,48,0.0
1787847204.49,17B0,28,0,48,0.0
1787847204.52,17B1,32,0,48,0.0
1787847204.55,17B2,4,0,48,0.0
1787847204.58,17B3,90,0,48,0.0
1787847204.61,17B5,80,0,48,0.0
1787847204.65,17B6,0,0,48,0.0
1787847204.68,17B8,241,0,48,0.0
1787847204.71,17BA,0,0,48,0.0
1787847204.74,17BB,0,0,48,0.0
1787847204.77,17BC,0,0,48,0.0
1787847204.81,17BD,136,0,49,0.0
1787847204.85,17BE,0,0,49,0.0
1787847204.88,17C1,234,0,49,0.0
1787847204.91,3201,23,112,49,0.0
1787847205.07,0000,190,63,49,0.0
1787847205.10,0002,0,0,49,0.0
1787847205.13,0003,2,0,49,0.0
1787847205.17,0005,89,0,49,0.0
1787847205.21,0006,128,0,49,0.0
1787847205.24,0007,127,0,49,0.0
1787847205.27,000B,45,0,49,0.0
1787847205.30,000C,16,120,49,0.0
1787847205.33,000D,0,0,49,0.0
1787847205.37,000E,139,0,49,0.0
1787847205.40,000F,75,0,49,0.0
1787847205.43,0010,1,181,49,0.0
1787847205.46,0011,29,0,49,0.0
1787847205.49,0013,1,0,49,0.0
1787847205.53,001C,10,0,49,0.0
1787847205.56,001F,0,83,49,0.0
1787847205.59,0020,128,21,49,0.0
1787847205.62,0021,0,0,49,0.0
1787847205.65,002C,0,0,49,0.0
1787847205.69,002E,0,0,49,0.0
1787847205.72,0030,255,0,49,0.0
1787847205.75,003C,8,239,49,0.0
1787847205.78,0040,104,0,49,0.0
1787847205.81,0042,54,198,49,0.0
1787847205.85,0043,0,80,49,0.0
1787847205.88,0200,0,0,49,0.0
1787847205.95,0900,6,104,49,0.0
1787847205.98,0968,0,0,49,0.0
1787847206.01,096E,16,82,49,0.0
1787847206.05,097C,112,71,49,0.0
1787847206.08,098E,0,0,49,0.0
1787847206.11,1101,1,0,49,0.0
1787847206.14,1103,20,0,49,0.0
1787847206.17,1104,1,0,49,0.0
1787847206.21,114A,87,0,49,0.0
1787847206.24,114D,91,192,49,0.0
1787847206.27,1153,75,238,49,0.0
1787847206.31,1154,29,128,49,0.0
1787847206.34,1169,29,128,49,0.0
1787847206.37,1173,2,73,49,0.0
1787847206.41,1177,24,136,49,0.0
1787847206.44,1410,1,87,49,0.0
1787847206.47,1631,1,0,49,0.0
1787847206.50,1678,0,0,49,0.0
1787847206.53,1681,0,0,49,0.0
1787847206.57,16CD,0,0,49,0.0
1787847206.60,16CE,0,0,49,0.0
1787847206.63,16CF,12,139,49,0.0
1787847206.66,16E8,59,143,49,0.0
1787847206.70,16E9,0,120,49,0.0
1787847206.73,16F0,3,131,49,0.0
1787847206.77,1704,0,0,49,0.0
1787847206.80,1706,128,0,49,0.0
1787847206.83,1709,0,0,49,0.0
1787847206.86,1717,1,0,49,0.0
1787847206.89,1718,1,0,49,0.0
1787847206.93,1746,0,0,49,0.0
1787847206.96,1782,198,128,49,0.0
1787847206.99,1783,110,192,49,0.0
1787847207.02,17A0,34,0,49,0.0
1787847207.05,17A6,0,0,49,0.0
1787847207.09,17B0,27,0,49,0.0
1787847207.12,17B1,32,0,49,0.0
1787847207.15,17B2,4,0,49,0.0
1787847207.18,17B3,90,0,49,0.0
1787847207.21,17B5,80,0,49,0.0
1787847207.25,17B6,0,0,49,0.0
1787847207.28,17B8,241,0,49,0.0
1787847207.31,17BA,0,0,49,0.0
1787847207.34,17BB,0,0,49,0.0
1787847207.38,17BC,0,0,49,0.0
1787847207.41,17BD,135,0,49,0.0
1787847207.45,17BE,0,0,49,0.0
1787847207.48,17C1,234,0,49,0.0
1787847207.51,3201,23,112,49,0.0
1787847207.67,0000,190,63,49,0.0
1787847207.70,0002,0,0,49,0.0
1787847207.73,0003,2,0,49,0.0
1787847207.77,0005,89,0,49,0.0
1787847207.80,0006,127,0,49,0.0
1787847207.83,0007,127,0,49,0.0
1787847207.86,000B,45,0,49,0.0
1787847207.89,000C,16,92,49,0.0
1787847207.93,000D,0,0,49,0.0
1787847207.97,000E,139,0,49,0.0
1787847208.00,000F,75,0,49,0.0
1787847208.03,0010,1,177,49,0.0
1787847208.06,0011,29,0,49,0.0
1787847208.09,0013,1,0,49,0.0
1787847208.13,001C,10,0,49,0.0
1787847208.16,001F,0,86,49,0.0
1787847208.19,0020,128,21,49,0.0
1787847208.22,0021,0,0,49,0.0
1787847208.25,002C,0,0,49,0.0
1787847208.29,002E,0,0,49,0.0
1787847208.32,0030,255,0,49,0.0
1787847208.35,003C,9,20,49,0.0
1787847208.38,0040,104,0,49,0.0
1787847208.41,0042,54,214,49,0.0
1787847208.45,0043,0,79,49,0.0
1787847208.48,0200,0,0,49,0.0
1787847208.52,0202,0,0,49,0.0
1787847208.54,0900,6,99,49,0.0
1787847208.58,0968,0,0,49,0.0
1787847208.61,096E,16,54,49,0.0
1787847208.65,097C,112,74,49,0.0
1787847208.68,098E,0,0,49,0.0
1787847208.71,1101,1,0,49,0.0
1787847208.74,1103,20,0,49,0.0
1787847208.77,1104,1,0,49,0.0
1787847208.81,114A,87,0,49,0.0
1787847208.84,114D,90,192,49,0.0
1787847208.87,1153,75,28,49,0.0
1787847208.90,1154,29,128,49,0.0
1787847208.94,1169,29,128,49,0.0
1787847208.97,1173,3,32,49,0.0
1787847209.01,1177,24,76,49,0.0
1787847209.04,1410,1,90,49,0.0
1787847209.07,1631,1,0,49,0.0
1787847209.10,1678,0,0,49,0.0
1787847209.13,1681,0,0,49,0.0
1787847209.17,16CD,0,0,49,0.0
1787847209.20,16CE,0,0,49,0.0
1787847209.23,16CF,12,81,49,0.0
1787847209.26,16E8,60,28,49,0.0
1787847209.29,16E9,0,120,49,0.0
1787847209.33,16F0,3,131,49,0.0
1787847209.36,1704,0,0,49,0.0
1787847209.39,1706,128,0,49,0.0
1787847209.42,1709,0,0,49,0.0
1787847209.46,1717,1,0,49,0.0
1787847209.49,1718,1,0,49,0.0
1787847209.53,1746,0,0,49,0.0
1787847209.56,1782,198,64,49,0.0
1787847209.59,1783,110,192,49,0.0
1787847209.62,17A0,35,0,49,0.0
1787847209.65,17A6,0,0,49,0.0
1787847209.69,17B0,28,0,49,0.0
1787847209.72,17B1,32,0,49,0.0
1787847209.75,17B2,4,0,49,0.0
1787847209.78,17B3,90,0,49,0.0
1787847209.81,17B5,80,0,49,0.0
1787847209.85,17B6,0,0,49,0.0
1787847209.88,17B8,241,0,49,0.0
1787847209.91,17BA,0,0,49,0.0
1787847209.94,17BB,0,0,49,0.0
1787847209.97,17BC,0,0,49,0.0
1787847210.01,17BD,135,0,49,0.0
1787847210.04,17BE,0,0,49,0.0
1787847210.07,17C1,234,0,49,0.0
1787847210.11,3201,23,112,49,0.0
1787847210.27,0000,190,63,49,0.0
1787847210.30,0002,0,0,49,0.0
1787847210.33,0003,2,0,49,0.0
1787847210.37,0005,89,0,49,0.0
1787847210.40,0006,126,0,49,0.0
1787847210.43,0007,127,0,49,0.0
1787847210.46,000B,45,0,49,0.0
1787847210.50,000C,16,49,49,0.0
1787847210.53,000D,0,0,49,0.0
1787847210.56,000E,139,0,49,0.0
1787847210.60,000F,75,0,49,0.0
1787847210.63,0010,1,181,49,0.0
1787847210.66,0011,29,0,49,0.0
1787847210.69,0013,1,0,49,0.0
1787847210.73,001C,10,0,49,0.0
1787847210.77,001F,0,88,49,0.0
1787847210.80,0020,128,21,49,0.0
1787847210.83,0021,0,0,49,0.0
1787847210.86,002C,0,0,49,0.0
1787847210.89,002E,0,0,50,0.0
1787847210.93,0030,255,0,50,0.0
1787847210.96,003C,9,62,50,0.0
1787847210.99,0040,104,0,50,0.0
1787847211.02,0042,54,202,50,0.0
1787847211.05,0043,0,80,50,0.0
1787847211.09,0200,0,0,50,0.0
1787847211.13,0202,0,0,50,0.0
1787847211.16,0900,6,104,50,0.0
1787847211.19,0968,0,0,50,0.0
1787847211.22,096E,16,20,50,0.0
1787847211.25,097C,112,77,50,0.0
1787847211.29,098E,0,0,50,0.0
1787847211.32,1101,1,0,50,0.0
1787847211.35,1103,20,0,50,0.0
1787847211.38,1104,1,0,50,0.0
1787847211.44,114D,90,0,50,0.0
1787847211.48,1153,75,24,50,0.0
1787847211.52,1154,29,128,50,0.0
1787847211.55,1169,29,128,50,0.0
1787847211.58,1173,3,102,50,0.0
1787847211.61,1177,24,56,50,0.0
1787847211.64,1410,1,87,50,0.0
1787847211.68,1631,1,0,50,0.0
1787847211.71,1678,0,0,50,0.0
1787847211.74,1681,0,0,50,0.0
1787847211.77,16CD,0,0,50,0.0
1787847211.80,16CE,0,0,50,0.0
1787847211.84,16CF,12,64,50,0.0
1787847211.87,16E8,61,111,50,0.0
1787847211.91,16E9,0,120,50,0.0
1787847211.94,16F0,3,131,50,0.0
1787847211.97,1704,0,0,50,0.0
1787847212.01,1706,128,0,50,0.0
1787847212.04,1709,0,0,50,0.0
1787847212.07,1717,1,0,50,0.0
1787847212.10,1718,1,0,50,0.0
1787847212.14,1746,0,0,50,0.0
1787847212.17,1782,198,64,50,0.0
1787847212.20,1783,110,192,50,0.0
1787847212.24,17A0,34,0,50,0.0
1787847212.27,17A6,0,0,50,0.0
1787847212.30,17B0,27,0,50,0.0
1787847212.33,17B1,32,0,50,0.0
1787847212.36,17B2,4,0,50,0.0
1787847212.40,17B3,90,0,50,0.0
1787847212.43,17B5,80,0,50,0.0
1787847212.46,17B6,0,0,50,0.0
1787847212.49,17B8,241,0,50,0.0
1787847212.53,17BA,0,0,50,0.0
1787847212.56,17BB,0,0,50,0.0
1787847212.60,17BC,0,0,50,0.0
1787847212.63,17BD,135,0,50,0.0
1787847212.66,17BE,0,0,50,0.0
1787847212.69,17C1,234,0,50,0.0
1787847212.72,3201,23,112,50,0.0
1787847212.89,0000,190,63,50,0.0
1787847212.92,0002,0,0,50,0.0
1787847212.96,0003,2,0,50,0.0
1787847212.99,0005,90,0,50,0.0
1787847213.02,0006,127,0,50,0.0
1787847213.05,0007,127,0,50,0.0
1787847213.08,000B,45,0,50,0.0
1787847213.12,000C,16,17,50,0.0
1787847213.15,000D,0,0,50,0.0
1787847213.18,000E,137,0,50,0.0
1787847213.24,0010,1,172,50,0.0
1787847213.28,0011,29,0,50,0.0
1787847213.31,0013,1,0,50,0.0
1787847213.34,001C,10,0,50,0.0
1787847213.37,001F,0,91,50,0.0
1787847213.40,0020,128,21,50,0.0
1787847213.44,0021,0,0,50,0.0
1787847213.47,002C,0,0,50,0.0
1787847213.51,002E,0,0,50,0.0
1787847213.54,0030,255,0,50,0.0
1787847213.57,003C,9,98,50,0.0
1787847213.60,0040,104,0,50,0.0
1787847213.64,0042,54,211,50,0.0
1787847213.67,0043,0,79,50,0.0
1787847213.70,0200,0,0,50,0.0
1787847213.73,0202,0,0,50,0.0
1787847213.76,0900,6,99,50,0.0
1787847213.80,0968,0,0,50,0.0
1787847213.83,096E,15,243,50,0.0
1787847213.89,098E,0,0,50,0.0
1787847213.93,1101,1,0,50,0.0
1787847213.96,1103,20,0,50,0.0
1787847214.00,1104,1,0,50,0.0
1787847214.03,114A,86,192,50,0.0
1787847214.06,114D,89,0,50,0.0
1787847214.09,1153,74,151,50,0.0
1787847214.12,1154,29,128,50,0.0
1787847214.16,1169,29,128,50,0.0
1787847214.19,1173,3,62,50,0.0
1787847214.22,1177,24,56,50,0.0
1787847214.25,1410,1,85,50,0.0
1787847214.29,1631,1,0,50,0.0
1787847214.33,1678,0,0,50,0.0
1787847214.36,1681,0,0,50,0.0
1787847214.39,16CD,0,0,50,0.0
1787847214.42,16CE,0,0,50,0.0
1787847214.45,16CF,12,132,50,0.0
1787847214.48,16E8,60,109,50,0.0
1787847214.52,16E9,0,120,50,0.0
1787847214.55,16F0,3,131,50,0.0
1787847214.58,1704,0,0,50,0.0
1787847214.61,1706,128,0,50,0.0
1787847214.64,1709,0,0,50,0.0
1787847214.68,1717,1,0,50,0.0
1787847214.71,1718,1,0,50,0.0
1787847214.74,1746,0,0,50,0.0
1787847214.77,1782,198,0,50,0.0
1787847214.80,1783,110,192,50,0.0
1787847214.84,17A0,35,0,50,0.0
1787847214.88,17A6,0,0,50,0.0
1787847214.91,17B0,27,0,50,0.0
1787847214.94,17B1,32,0,50,0.0
1787847214.97,17B2,4,0,50,0.0
1787847215.00,17B3,90,0,50,0.0
1787847215.04,17B5,80,0,50,0.0
1787847215.07,17B6,0,0,50,0.0
1787847215.10,17B8,241,0,50,0.0
1787847215.13,17BA,0,0,50,0.0
1787847215.16,17BB,0,0,50,0.0
1787847215.20,17BC,0,0,50,0.0
1787847215.23,17BD,135,0,50,0.0
1787847215.26,17BE,0,0,50,0.0
1787847215.29,17C1,234,0,50,0.0
1787847215.33,3201,23,112,50,0.0
1787847215.49,0000,190,63,50,0.0
1787847215.52,0002,0,0,50,0.0
1787847215.56,0003,2,0,50,0.0
1787847215.59,0005,90,0,50,0.0
1787847215.62,0006,126,0,50,0.0
1787847215.65,0007,127,0,50,0.0
1787847215.68,000B,45,0,50,0.0
1787847215.72,000C,15,248,50,0.0
1787847215.75,000D,0,0,50,0.0
1787847215.79,000E,139,0,50,0.0
1787847215.82,000F,75,0,50,0.0
1787847215.85,0010,1,172,50,0.0
1787847215.88,0011,29,0,50,0.0
1787847215.92,0013,1,0,50,0.0
1787847215.95,001C,10,0,50,0.0
1787847215.98,001F,0,94,50,0.0
1787847216.01,0020,128,21,50,0.0
1787847216.05,0021,0,0,50,0.0
1787847216.08,002C,0,0,50,0.0
1787847216.12,002E,0,0,50,0.0
1787847216.15,0030,255,0,50,0.0
1787847216.18,003C,9,140,50,0.0
1787847216.21,0040,104,0,50,0.0
1787847216.24,0042,54,210,50,0.0
1787847216.28,0043,0,79,50,0.0
1787847216.31,0200,0,0,50,0.0
1787847216.34,0202,0,0,50,0.0
1787847216.37,0900,6,99,50,0.0
1787847216.40,0968,0,0,50,0.0
1787847216.44,096E,15,218,50,0.0
1787847216.48,097C,112,76,50,0.0
1787847216.51,098E,0,0,50,0.0
1787847216.54,1101,1,0,50,0.0
1787847216.57,1103,20,0,50,0.0
1787847216.60,1104,1,0,51,0.0
1787847216.64,114A,86,192,51,0.0
1787847216.67,114D,88,0,51,0.0
1787847216.70,1153,74,60,51,0.0
1787847216.73,1154,29,128,51,0.0
1787847216.76,1169,29,128,51,0.0
1787847216.80,1173,3,97,51,0.0
1787847216.83,1177,24,36,51,0.0
1787847216.86,1410,1,83,51,0.0
1787847216.89,1631,1,0,51,0.0
1787847216.92,1678,0,0,51,0.0
1787847216.96,1681,0,0,51,0.0
1787847216.99,16CD,0,0,51,0.0
1787847217.02,16CE,0,0,51,0.0
1787847217.06,16CF,12,94,51,0.0
1787847217.09,16E8,60,188,51,0.0
1787847217.12,16E9,0,120,51,0.0
1787847217.16,16F0,3,131,51,0.0
1787847217.19,1704,0,0,51,0.0
1787847217.22,1706,128,0,51,0.0
1787847217.25,1709,0,0,51,0.0
1787847217.28,1717,1,0,51,0.0
1787847217.32,1718,1,0,51,0.0
1787847217.35,1746,0,0,51,0.0
1787847217.38,1782,197,192,51,0.0
1787847217.41,1783,110,192,51,0.0
1787847217.44,17A0,35,0,51,0.0
1787847217.48,17A6,0,0,51,0.0
1787847217.51,17B0,26,0,51,0.0
1787847217.55,17B1,32,0,51,0.0
1787847217.58,17B2,4,0,51,0.0
1787847217.61,17B3,90,0,51,0.0
1787847217.64,17B5,80,0,51,0.0
1787847217.68,17B6,0,0,51,0.0
1787847217.71,17B8,241,0,51,0.0
1787847217.74,17BA,0,0,51,0.0
1787847217.77,17BB,0,0,51,0.0
1787847217.80,17BC,0,0,51,0.0
1787847217.84,17BD,135,0,51,0.0
1787847217.87,17BE,0,0,51,0.0
1787847217.90,17C1,234,0,51,0.0
1787847217.93,3201,23,112,51,0.0
1787847218.10,0000,190,63,51,0.0
1787847218.13,0002,0,0,51,0.0
1787847218.16,0003,2,0,51,0.0
1787847218.20,0005,91,0,51,0.0
1787847218.23,0006,126,0,51,0.0
1787847218.27,0007,127,0,51,0.0
1787847218.30,000B,45,0,51,0.0
1787847218.33,000C,15,206,51,0.0
1787847218.36,000D,0,0,51,0.0
1787847218.40,000E,138,0,51,0.0
1787847218.43,000F,75,0,51,0.0
1787847218.46,0010,1,168,51,0.0
1787847218.49,0011,29,0,51,0.0
1787847218.52,0013,1,0,51,0.0
1787847218.56,001C,10,0,51,0.0
1787847218.59,001F,0,96,51,0.0
1787847218.62,0020,128,21,51,0.0
1787847218.65,0021,0,0,51,0.0
1787847218.68,002C,0,0,51,0.0
1787847218.72,002E,0,0,51,0.0
1787847218.75,0030,255,0,51,0.0
1787847218.78,003C,9,181,51,0.0
1787847218.81,0040,104,0,51,0.0
1787847218.84,0042,54,213,51,0.0
1787847218.88,0043,0,78,51,0.0
1787847218.92,0200,0,0,51,0.0
1787847218.95,0202,0,0,51,0.0
1787847218.98,0900,6,99,51,0.0
1787847219.01,0968,0,0,51,0.0
1787847219.04,096E,15,181,51,0.0
1787847219.08,097C,112,77,51,0.0
1787847219.11,098E,0,0,51,0.0
1787847219.15,1101,1,0,51,0.0
1787847219.18,1103,20,0,51,0.0
1787847219.21,1104,1,0,51,0.0
1787847219.24,114A,86,128,51,0.0
1787847219.28,114D,87,64,51,0.0
1787847219.31,1153,73,186,51,0.0
1787847219.34,1154,29,128,51,0.0
1787847219.37,1169,29,128,51,0.0
1787847219.40,1173,0,235,51,0.0
1787847219.44,1177,23,212,51,0.0
1787847219.47,1410,1,82,51,0.0
1787847219.50,1631,1,0,51,0.0
1787847219.53,1678,0,0,51,0.0
1787847219.57,1681,0,0,51,0.0
1787847219.60,16CD,0,0,51,0.0
1787847219.63,16CE,0,0,51,0.0
1787847219.67,16CF,12,92,51,0.0
1787847219.70,16E8,64,64,51,0.0
1787847219.73,16E9,0,120,51,0.0
1787847219.76,16F0,3,131,51,0.0
1787847219.80,1704,0,0,51,0.0
1787847219.83,1706,128,0,51,0.0
1787847219.86,1709,0,0,51,0.0
1787847219.89,1717,1,0,51,0.0
1787847219.92,1718,1,0,51,0.0
1787847219.96,1746,0,0,51,0.0
1787847219.99,1782,197,192,51,0.0
1787847220.02,1783,110,192,51,0.0
1787847220.05,17A0,35,0,51,0.0
1787847220.09,17A6,0,0,51,0.0
1787847220.12,17B0,26,0,51,0.0
1787847220.16,17B1,32,0,51,0.0
1787847220.19,17B2,4,0,51,0.0
1787847220.22,17B3,90,0,51,0.0
1787847220.25,17B5,80,0,51,0.0
1787847220.28,17B6,0,0,51,0.0
1787847220.32,17B8,241,0,51,0.0
1787847220.35,17BA,0,0,51,0.0
1787847220.38,17BB,0,0,51,0.0
1787847220.42,17BC,0,0,51,0.0
1787847220.45,17BD,135,0,51,0.0
1787847220.48,17BE,0,0,51,0.0
1787847220.55,3201,23,112,51,0.0
1787847220.71,0000,190,63,51,0.0
1787847220.74,0002,0,0,51,0.0
1787847220.77,0003,2,0,51,0.0
1787847220.80,0005,91,0,51,0.0
1787847220.84,0006,128,0,51,0.0
1787847220.87,0007,127,0,51,0.0
1787847220.91,000B,45,0,51,0.0
1787847220.94,000C,15,183,51,0.0
1787847220.97,000D,0,0,51,0.0
1787847221.00,000E,137,0,51,0.0
1787847221.04,000F,75,0,51,0.0
1787847221.07,0010,1,142,51,0.0
1787847221.10,0011,29,0,51,0.0
1787847221.13,0013,1,0,51,0.0
1787847221.16,001C,10,0,51,0.0
1787847221.20,001F,0,99,51,0.0
1787847221.23,0020,128,21,51,0.0
1787847221.26,0021,0,0,51,0.0
1787847221.29,002C,0,0,51,0.0
1787847221.32,002E,0,0,51,0.0
1787847221.36,0030,255,0,51,0.0
1787847221.39,003C,9,215,51,0.0
1787847221.43,0040,104,0,51,0.0
1787847221.46,0042,54,224,51,0.0
1787847221.49,0043,0,78,51,0.0
1787847221.52,0200,0,0,51,0.0
1787847221.56,0202,0,0,51,0.0
1787847221.59,0900,6,99,51,0.0
1787847221.62,0968,0,0,51,0.0
1787847221.65,096E,15,152,51,0.0
1787847221.68,097C,112,75,51,0.0
1787847221.72,098E,0,0,51,0.0
1787847221.75,1101,1,0,51,0.0
1787847221.78,1103,20,0,51,0.0
1787847221.81,1104,1,0,51,0.0
1787847221.85,114A,86,128,51,0.0
1787847221.88,114D,86,128,51,0.0
1787847221.92,1153,73,92,51,0.0
1787847221.95,1154,29,128,51,0.0
1787847221.98,1169,29,128,51,0.0
1787847222.05,1177,23,252,51,0.0
1787847222.08,1410,1,85,51,0.0
1787847222.12,1631,1,0,51,0.0
1787847222.15,1678,0,0,51,0.0
1787847222.18,1681,0,0,51,0.0
1787847222.21,16CD,0,0,51,0.0
1787847222.24,16CE,0,0,51,0.0
1787847222.28,16CF,12,115,51,0.0
1787847222.32,16E8,59,112,51,0.0
1787847222.35,16E9,0,120,51,0.0
1787847222.38,16F0,3,131,51,0.0
1787847222.41,1704,0,0,51,0.0
1787847222.44,1706,128,0,51,0.0
1787847222.48,1709,0,0,51,0.0
1787847222.51,1717,1,0,51,0.0
1787847222.54,1718,1,0,51,0.0
1787847222.57,1746,0,0,51,0.0
1787847222.60,1782,197,128,51,0.0
1787847222.64,1783,110,192,51,0.0
1787847222.67,17A0,35,0,51,0.0
1787847222.71,17A6,0,0,52,0.0
1787847222.74,17B0,26,0,52,0.0
1787847222.77,17B1,32,0,52,0.0
1787847222.80,17B2,4,0,52,0.0
1787847222.84,17B3,91,0,52,0.0
1787847222.87,17B5,80,0,52,0.0
1787847222.90,17B6,0,0,52,0.0
1787847222.93,17B8,241,0,52,0.0
1787847222.96,17BA,0,0,52,0.0
1787847223.00,17BB,0,0,52,0.0
1787847223.03,17BC,0,0,52,0.0
1787847223.06,17BD,135,0,52,0.0
1787847223.10,17BE,0,0,52,0.0
1787847223.13,17C1,234,0,52,0.0
1787847223.33,0000,190,63,52,0.0
1787847223.36,0002,0,0,52,0.0
1787847223.40,0003,2,0,52,0.0
1787847223.43,0005,92,0,52,0.0
1787847223.46,0006,126,0,52,0.0
1787847223.49,0007,127,0,52,0.0
1787847223.52,000B,45,0,52,0.0
1787847223.56,000C,15,141,52,0.0
1787847223.60,000D,0,0,52,0.0
1787847223.63,000E,138,0,52,0.0
1787847223.66,000F,75,0,52,0.0
1787847223.69,0010,1,159,52,0.0
1787847223.72,0011,29,0,52,0.0
1787847223.76,0013,1,0,52,0.0
1787847223.79,001C,10,0,52,0.0
1787847223.82,001F,0,102,52,0.0
1787847223.85,0020,128,21,52,0.0
1787847223.88,0021,0,0,52,0.0
1787847223.92,002C,0,0,52,0.0
1787847223.95,002E,0,0,52,0.0
1787847223.98,0030,255,0,52,0.0
1787847224.01,003C,9,255,52,0.0
1787847224.05,0040,104,0,52,0.0
1787847224.08,0042,54,206,52,0.0
1787847224.12,0043,0,79,52,0.0
1787847224.15,0200,0,0,52,0.0
1787847224.18,0202,0,0,52,0.0
1787847224.21,0900,6,99,52,0.0
1787847224.24,0968,0,0,52,0.0
1787847224.28,096E,15,123,52,0.0
1787847224.31,097C,112,78,52,0.0
1787847224.34,098E,0,0,52,0.0
1787847224.38,1101,1,0,52,0.0
1787847224.41,1103,20,0,52,0.0
1787847224.44,1104,1,0,52,0.0
1787847224.48,114A,86,128,52,0.0
1787847224.51,114D,85,128,52,0.0
1787847224.54,1153,73,33,52,0.0
1787847224.57,1154,29,128,52,0.0
1787847224.60,1169,29,128,52,0.0
1787847224.64,1173,3,22,52,0.0
1787847224.67,1177,23,172,52,0.0
1787847224.70,1410,1,84,52,0.0
1787847224.73,1631,1,0,52,0.0
1787847224.76,1678,0,0,52,0.0
1787847224.80,1681,0,0,52,0.0
1787847224.84,16CD,0,0,52,0.0
1787847224.87,16CE,0,0,52,0.0
1787847224.90,16CF,12,74,52,0.0
1787847224.93,16E8,60,154,52,0.0
1787847224.96,16E9,0,120,52,0.0
1787847225.00,16F0,3,131,52,0.0
1787847225.03,1704,0,0,52,0.0
1787847225.07,1706,128,0,52,0.0
1787847225.10,1709,0,0,52,0.0
1787847225.13,1717,1,0,52,0.0
1787847225.16,1718,1,0,52,0.0
1787847225.20,1746,0,0,52,0.0
1787847225.23,1782,197,128,52,0.0
1787847225.26,1783,110,192,52,0.0
1787847225.29,17A0,35,0,52,0.0
1787847225.32,17A6,0,0,52,0.0
1787847225.36,17B0,26,0,52,0.0
1787847225.39,17B1,32,0,52,0.0
1787847225.42,17B2,4,0,52,0.0
1787847225.45,17B3,91,0,52,0.0
1787847225.49,17B5,80,0,52,0.0
1787847225.52,17B6,0,0,52,0.0
1787847225.56,17B8,241,0,52,0.0
1787847225.59,17BA,0,0,52,0.0
1787847225.62,17BB,0,0,52,0.0
1787847225.65,17BC,0,0,52,0.0
1787847225.68,17BD,135,0,52,0.0
1787847225.72,17BE,0,0,52,0.0
1787847225.75,17C1,234,0,52,0.0
1787847225.78,3201,23,112,52,0.0
1787847225.95,0000,190,63,52,0.0
1787847225.98,0002,0,0,52,0.0
1787847226.01,0003,2,0,52,0.0
1787847226.04,0005,92,0,52,0.0
1787847226.08,0006,126,0,52,0.0
1787847226.11,0007,127,0,52,0.0
1787847226.14,000B,45,0,52,0.0
1787847226.17,000C,15,113,52,0.0
1787847226.20,000D,0,0,52,0.0
1787847226.24,000E,137,0,52,0.0
1787847226.27,000F,75,0,52,0.0
1787847226.30,0010,1,159,52,0.0
1787847226.33,0011,29,0,52,0.0
1787847226.36,0013,1,0,52,0.0
1787847226.40,001C,10,0,52,0.0
1787847226.44,001F,0,104,52,0.0
1787847226.47,0020,128,21,52,0.0
1787847226.50,0021,0,0,52,0.0
1787847226.53,002C,0,0,52,0.0
1787847226.56,002E,0,0,52,0.0
1787847226.60,0030,255,0,52,0.0
1787847226.63,003C,10,33,52,0.0
1787847226.66,0040,104,0,52,0.0
1787847226.69,0042,54,220,52,0.0
1787847226.72,0043,0,79,52,0.0
1787847226.76,0200,0,0,52,0.0
1787847226.79,0202,0,0,52,0.0
1787847226.82,0900,6,99,52,0.0
1787847226.85,0968,0,0,52,0.0
1787847226.88,096E,15,84,52,0.0
1787847226.92,097C,112,79,52,0.0
1787847226.95,098E,0,0,52,0.0
1787847226.98,1101,1,0,52,0.0
1787847227.02,1103,20,0,52,0.0
1787847227.05,1104,1,0,52,0.0
1787847227.08,114A,86,64,52,0.0
1787847227.12,114D,84,192,52,0.0
1787847227.15,1153,72,153,52,0.0
1787847227.18,1154,29,128,52,0.0
1787847227.21,1169,29,128,52,0.0
1787847227.24,1173,1,39,52,0.0
1787847227.28,1177,23,212,52,0.0
1787847227.31,1410,1,82,52,0.0
1787847227.34,1631,1,0,52,0.0
1787847227.37,1678,0,0,52,0.0
1787847227.40,1681,0,0,52,0.0
1787847227.44,16CD,0,0,52,0.0
1787847227.47,16CE,0,0,52,0.0
1787847227.50,16CF,12,125,52,0.0
1787847227.53,16E8,63,54,52,0.0
1787847227.56,16E9,0,120,52,0.0
1787847227.60,16F0,3,131,52,0.0
1787847227.63,1704,0,0,52,0.0
1787847227.67,1706,128,0,52,0.0
1787847227.70,1709,0,0,52,0.0
1787847227.73,1717,1,0,52,0.0
1787847227.76,1718,1,0,52,0.0
1787847227.80,1746,0,0,52,0.0
1787847227.83,1782,197,64,52,0.0
1787847227.86,1783,110,192,52,0.0
1787847227.89,17A0,35,0,52,0.0
1787847227.92,17A6,0,0,52,0.0
1787847227.96,17B0,26,0,52,0.0
1787847227.99,17B1,32,0,52,0.0
1787847228.02,17B2,4,0,52,0.0
1787847228.05,17B3,91,0,52,0.0
1787847228.08,17B5,80,0,52,0.0
1787847228.12,17B6,0,0,52,0.0
1787847228.16,17B8,241,0,52,0.0
1787847228.19,17BA,0,0,52,0.0
1787847228.22,17BB,0,0,52,0.0
1787847228.25,17BC,0,0,52,0.0
1787847228.28,17BD,134,0,52,0.0
1787847228.32,17BE,0,0,53,0.0
1787847228.35,17C1,234,0,53,0.0
1787847228.38,3201,23,112,53,0.0
1787847228.55,0000,190,63,53,0.0
1787847228.58,0002,0,0,53,0.0
1787847228.61,0003,2,0,53,0.0
1787847228.64,0005,93,0,53,0.0
1787847228.68,0006,126,0,53,0.0
1787847228.71,0007,127,0,53,0.0
1787847228.74,000B,45,0,53,0.0
1787847228.77,000C,15,78,53,0.0
1787847228.80,000D,0,0,53,0.0
1787847228.84,000E,138,0,53,0.0
1787847228.87,000F,75,0,53,0.0
1787847228.90,0010,1,151,53,0.0
1787847228.93,0011,29,0,53,0.0
1787847228.96,0013,1,0,53,0.0
1787847229.00,001C,10,0,53,0.0
1787847229.04,001F,0,107,53,0.0
1787847229.07,0020,128,21,53,0.0
1787847229.10,0021,0,0,53,0.0
1787847229.13,002C,0,0,53,0.0
1787847229.16,002E,0,0,53,0.0
1787847229.20,0030,255,0,53,0.0
1787847229.23,003C,10,72,53,0.0
1787847229.26,0040,104,0,53,0.0
1787847229.30,0042,54,201,53,0.0
1787847229.33,0043,0,78,53,0.0
1787847229.36,0200,0,0,53,0.0
1787847229.40,0202,0,0,53,0.0
1787847229.43,0900,6,99,53,0.0
1787847229.46,0968,0,0,53,0.0
1787847229.49,096E,15,54,53,0.0
1787847229.52,097C,112,77,53,0.0
1787847229.56,098E,0,0,53,0.0
1787847229.59,1101,1,0,53,0.0
1787847229.62,1103,20,0,53,0.0
1787847229.66,1104,1,0,53,0.0
1787847229.69,114A,86,64,53,0.0
1787847229.72,114D,84,0,53,0.0
1787847229.76,1153,72,108,53,0.0
1787847229.79,1154,29,128,53,0.0
1787847229.82,1169,29,128,53,0.0
1787847229.85,1173,0,165,53,0.0
1787847229.88,1177,23,172,53,0.0
1787847229.92,1410,1,81,53,0.0
1787847229.95,1631,1,0,53,0.0
1787847229.98,1678,0,0,53,0.0
1787847230.02,1681,0,0,53,0.0
1787847230.05,16CD,0,0,53,0.0
1787847230.08,16CE,0,0,53,0.0
1787847230.12,16CF,12,123,53,0.0
1787847230.15,16E8,60,145,53,0.0
1787847230.18,16E9,0,120,53,0.0
1787847230.21,16F0,3,131,53,0.0
1787847230.24,1704,0,0,53,0.0
1787847230.28,1706,128,0,53,0.0
1787847230.31,1709,0,0,53,0.0
1787847230.34,1717,1,0,53,0.0
1787847230.37,1718,1,0,53,0.0
1787847230.40,1746,0,0,53,0.0
1787847230.44,1782,197,64,53,0.0
1787847230.47,1783,110,192,53,0.0
1787847230.51,17A0,34,0,53,0.0
1787847230.54,17A6,0,0,53,0.0
1787847230.57,17B0,25,0,53,0.0
1787847230.60,17B1,32,0,53,0.0
1787847230.64,17B2,4,0,53,0.0
1787847230.67,17B3,91,0,53,0.0
1787847230.70,17B5,80,0,53,0.0
1787847230.73,17B6,0,0,53,0.0
1787847230.76,17B8,241,0,53,0.0
1787847230.80,17BA,0,0,53,0.0
1787847230.83,17BB,0,0,53,0.0
1787847230.86,17BC,0,0,53,0.0
1787847230.89,17BD,134,0,53,0.0
1787847230.92,17BE,0,0,53,0.0
1787847230.96,17C1,234,0,53,0.0
1787847231.00,3201,23,112,53,0.0
1787847231.16,0000,190,63,53,0.0
1787847231.19,0002,0,0,53,0.0
1787847231.22,0003,2,0,53,0.0
1787847231.25,0005,93,0,53,0.0
1787847231.29,0006,128,0,53,0.0
1787847231.32,0007,127,0,53,0.0
1787847231.36,000B,45,0,53,0.0
1787847231.39,000C,15,43,53,0.0
1787847231.42,000D,0,0,53,0.0
1787847231.45,000E,138,0,53,0.0
1787847231.48,000F,75,0,53,0.0
1787847231.52,0010,1,142,53,0.0
1787847231.55,0011,29,0,53,0.0
1787847231.58,0013,1,0,53,0.0
1787847231.61,001C,10,0,53,0.0
1787847231.64,001F,0,108,53,0.0
1787847231.68,0020,128,21,53,0.0
1787847231.72,0021,0,0,53,0.0
1787847231.75,002C,0,0,53,0.0
1787847231.78,002E,0,0,53,0.0
1787847231.81,0030,255,0,53,0.0
1787847231.84,003C,10,105,53,0.0
1787847231.87,0040,104,0,53,0.0
1787847231.91,0042,54,216,53,0.0
1787847231.94,0043,0,78,53,0.0
1787847231.97,0200,0,0,53,0.0
1787847232.00,0202,0,0,53,0.0
1787847232.04,0900,6,99,53,0.0
1787847232.07,0968,0,0,53,0.0
1787847232.11,096E,15,25,53,0.0
1787847232.14,097C,112,80,53,0.0
1787847232.17,098E,0,0,53,0.0
1787847232.20,1101,1,0,53,0.0
1787847232.24,1103,20,0,53,0.0
1787847232.27,1104,1,0,53,0.0
1787847232.30,114A,86,64,53,0.0
1787847232.33,114D,83,0,53,0.0
1787847232.36,1153,71,228,53,0.0
1787847232.39,1154,29,128,53,0.0
1787847232.43,1169,29,128,53,0.0
1787847232.46,1173,1,234,53,0.0
1787847232.49,1177,23,172,53,0.0
1787847232.52,1410,1,79,53,0.0
1787847232.55,1631,1,0,53,0.0
1787847232.59,1678,0,0,53,0.0
1787847232.63,1681,0,0,53,0.0
1787847232.66,16CD,0,0,53,0.0
1787847232.69,16CE,0,0,53,0.0
1787847232.72,16CF,12,127,53,0.0
1787847232.76,16E8,63,218,53,0.0
1787847232.79,16E9,0,121,53,0.0
1787847232.82,16F0,3,131,53,0.0
1787847232.85,1704,0,0,53,0.0
1787847232.88,1706,128,0,53,0.0
1787847232.92,1709,0,0,53,0.0
1787847232.95,1717,1,0,53,0.0
1787847232.98,1718,1,0,53,0.0
1787847233.01,1746,0,0,53,0.0
1787847233.04,1782,197,0,53,0.0
1787847233.08,1783,110,192,53,0.0
1787847233.15,17A6,0,0,53,0.0
1787847233.18,17B0,26,0,53,0.0
1787847233.21,17B1,32,0,53,0.0
1787847233.24,17B2,4,0,53,0.0
1787847233.28,17B3,91,0,53,0.0
1787847233.31,17B5,80,0,53,0.0
1787847233.34,17B6,0,0,53,0.0
1787847233.37,17B8,241,0,53,0.0
1787847233.40,17BA,0,0,53,0.0
1787847233.44,17BB,0,0,53,0.0
1787847233.48,17BC,0,0,53,0.0
1787847233.51,17BD,134,0,53,0.0
1787847233.54,17BE,0,0,53,0.0
1787847233.57,17C1,234,0,53,0.0
1787847233.60,3201,23,112,53,0.0
1787847233.76,0000,190,63,53,0.0
1787847233.80,0002,0,0,53,0.0
1787847233.83,0003,2,0,53,0.0
1787847233.86,0005,93,0,53,0.0
1787847233.89,0006,128,0,53,0.0
1787847233.92,0007,127,0,53,0.0
1787847233.95,000B,45,0,53,0.0
1787847234.00,000C,15,26,53,0.0
1787847234.03,000D,0,0,53,0.0
1787847234.06,000E,137,0,53,0.0
1787847234.09,000F,75,0,54,0.0
1787847234.12,0010,1,133,54,0.0
1787847234.15,0011,29,0,54,0.0
1787847234.19,0013,1,0,54,0.0
1787847234.22,001C,10,0,54,0.0
1787847234.25,001F,0,112,54,0.0
1787847234.28,0020,128,21,54,0.0
1787847234.32,0021,0,0,54,0.0
1787847234.35,002C,0,0,54,0.0
1787847234.38,002E,0,0,54,0.0
1787847234.42,0030,255,0,54,0.0
1787847234.45,003C,10,142,54,0.0
1787847234.48,0040,104,0,54,0.0
1787847234.51,0042,54,202,54,0.0
1787847234.55,0043,0,78,54,0.0
1787847234.58,0200,0,0,54,0.0
1787847234.61,0202,0,0,54,0.0
1787847234.64,0900,6,99,54,0.0
1787847234.68,0968,0,0,54,0.0
1787847234.71,096E,14,252,54,0.0
1787847234.74,097C,112,81,54,0.0
1787847234.77,098E,0,0,54,0.0
1787847234.80,1101,1,0,54,0.0
1787847234.83,1103,20,0,54,0.0
1787847234.87,1104,1,0,54,0.0
1787847234.91,114A,86,0,54,0.0
1787847234.94,114D,82,128,54,0.0
1787847234.97,1153,71,226,54,0.0
1787847235.00,1154,29,128,54,0.0
1787847235.04,1169,29,128,54,0.0
1787847235.07,1173,1,199,54,0.0
1787847235.11,1177,23,172,54,0.0
1787847235.14,1410,1,82,54,0.0
1787847235.17,1631,1,0,54,0.0
1787847235.20,1678,0,0,54,0.0
1787847235.24,1681,0,0,54,0.0
1787847235.27,16CD,0,0,54,0.0
1787847235.30,16CE,0,0,54,0.0
1787847235.33,16CF,12,50,54,0.0
1787847235.36,16E8,60,85,54,0.0
1787847235.39,16E9,0,120,54,0.0
1787847235.43,16F0,3,131,54,0.0
1787847235.46,1704,0,0,54,0.0
1787847235.50,1706,128,0,54,0.0
1787847235.53,1709,0,0,54,0.0
1787847235.56,1717,1,0,54,0.0
1787847235.60,1718,1,0,54,0.0
1787847235.63,1746,0,0,54,0.0
1787847235.66,1782,197,0,54,0.0
1787847235.69,1783,110,192,54,0.0
1787847235.72,17A0,33,0,54,0.0
1787847235.75,17A6,0,0,54,0.0
1787847235.79,17B0,25,0,54,0.0
1787847235.82,17B1,32,0,54,0.0
1787847235.85,17B2,4,0,54,0.0
1787847235.88,17B3,91,0,54,0.0
1787847235.91,17B5,80,0,54,0.0
1787847235.95,17B6,0,0,54,0.0
1787847235.98,17B8,241,0,54,0.0
1787847236.02,17BA,0,0,54,0.0
1787847236.05,17BB,0,0,54,0.0
1787847236.08,17BC,0,0,54,0.0
1787847236.11,17BD,134,0,54,0.0
1787847236.15,17BE,0,0,54,0.0
1787847236.18,17C1,234,0,54,0.0
1787847236.21,3201,23,112,54,0.0
1787847236.38,0000,190,63,54,0.0
1787847236.41,0002,0,0,54,0.0
1787847236.44,0003,2,0,54,0.0
1787847236.47,0005,94,0,54,0.0
1787847236.51,0006,129,0,54,0.0
1787847236.54,0007,127,0,54,0.0
1787847236.58,000B,45,0,54,0.0
1787847236.61,000C,15,3,54,0.0
1787847236.64,000D,0,0,54,0.0
1787847236.67,000E,136,0,54,0.0
1787847236.71,000F,75,0,54,0.0
1787847236.74,0010,1,129,54,0.0
1787847236.77,0011,29,0,54,0.0
1787847236.80,0013,1,0,54,0.0
1787847236.83,001C,10,0,54,0.0
1787847236.87,001F,0,115,54,0.0
1787847236.90,0020,128,21,54,0.0
1787847236.93,0021,0,0,54,0.0
1787847236.96,002C,0,0,54,0.0
1787847236.99,002E,0,0,54,0.0
1787847237.03,0030,255,0,54,0.0
1787847237.06,003C,10,175,54,0.0
1787847237.10,0040,104,0,54,0.0
1787847237.13,0042,54,216,54,0.0
1787847237.16,0043,0,78,54,0.0
1787847237.19,0200,0,0,54,0.0
1787847237.23,0202,0,0,54,0.0
1787847237.26,0900,6,99,54,0.0
1787847237.29,0968,0,0,54,0.0
1787847237.32,096E,14,222,54,0.0
1787847237.35,097C,112,79,54,0.0
1787847237.39,098E,0,0,54,0.0
1787847237.43,1101,1,0,54,0.0
1787847237.46,1103,20,0,54,0.0
1787847237.49,1104,1,0,54,0.0
1787847237.52,114A,86,0,54,0.0
1787847237.55,114D,81,192,54,0.0
1787847237.59,1153,71,116,54,0.0
1787847237.62,1154,29,128,54,0.0
1787847237.65,1169,29,128,54,0.0
1787847237.68,1173,2,133,54,0.0
1787847237.72,1177,23,112,54,0.0
1787847237.75,1410,1,80,54,0.0
1787847237.78,1631,1,0,54,0.0
1787847237.81,1678,0,0,54,0.0
1787847237.84,1681,0,0,54,0.0
1787847237.87,16CD,0,0,54,0.0
1787847237.91,16CE,0,0,54,0.0
1787847237.94,16CF,12,68,54,0.0
1787847237.97,16E8,63,9,54,0.0
1787847238.01,16E9,0,120,54,0.0
1787847238.03,16F0,3,131,54,0.0
1787847238.07,1704,0,0,54,0.0
1787847238.11,1706,128,0,54,0.0
1787847238.14,1709,0,0,54,0.0
1787847238.17,1717,1,0,54,0.0
1787847238.20,1718,1,0,54,0.0
1787847238.23,1746,0,0,54,0.0
1787847238.27,1782,196,192,54,0.0
1787847238.30,1783,110,192,54,0.0
1787847238.34,17A0,35,0,54,0.0
1787847238.37,17A6,0,0,54,0.0
1787847238.40,17B0,24,0,54,0.0
1787847238.43,17B1,32,0,54,0.0
1787847238.47,17B2,4,0,54,0.0
1787847238.50,17B3,91,0,54,0.0
1787847238.53,17B5,80,0,54,0.0
1787847238.56,17B6,0,0,54,0.0
1787847238.59,17B8,241,0,54,0.0
1787847238.63,17BA,0,0,54,0.0
1787847238.66,17BB,0,0,54,0.0
1787847238.69,17BC,0,0,54,0.0
1787847238.72,17BD,134,0,54,0.0
1787847238.75,17BE,0,0,54,0.0
1787847238.79,17C1,234,0,54,0.0
1787847238.82,3201,23,112,54,0.0
1787847238.98,0000,190,63,54,0.0
1787847239.05,0003,2,0,54,0.0
1787847239.08,0005,94,0,54,0.0
1787847239.11,0006,126,0,54,0.0
1787847239.15,0007,127,0,54,0.0
1787847239.18,000B,45,0,54,0.0
1787847239.21,000C,14,200,54,0.0
1787847239.24,000D,0,0,54,0.0
1787847239.27,000E,138,0,54,0.0
1787847239.31,000F,75,0,54,0.0
1787847239.34,0010,1,129,54,0.0
1787847239.37,0011,29,0,54,0.0
1787847239.40,0013,1,0,54,0.0
1787847239.44,001C,10,0,54,0.0
1787847239.47,001F,0,116,54,0.0
1787847239.51,0020,128,21,54,0.0
1787847239.54,0021,0,0,54,0.0
1787847239.57,002C,0,0,54,0.0
1787847239.60,002E,0,0,54,0.0
1787847239.64,0030,255,0,54,0.0
1787847239.67,003C,10,212,54,0.0
1787847239.71,0040,104,0,54,0.0
1787847239.74,0042,54,208,54,0.0
1787847239.77,0043,0,78,54,0.0
1787847239.80,0200,0,0,54,0.0
1787847239.83,0202,0,0,54,0.0
1787847239.87,0900,6,99,54,0.0
1787847239.90,0968,0,0,54,0.0
1787847239.93,096E,14,193,54,0.0
1787847239.96,097C,112,80,54,0.0
1787847239.99,098E,0,0,54,0.0
1787847240.03,1101,1,0,54,0.0
1787847240.06,1103,20,0,54,0.0
1787847240.09,1104,1,0,54,0.0
1787847240.12,114A,86,0,54,0.0
1787847240.15,114D,81,0,54,0.0
1787847240.19,1153,71,39,54,0.0
1787847240.22,1154,29,128,54,0.0
1787847240.26,1169,29,128,54,0.0
1787847240.29,1173,0,160,54,0.0
1787847240.32,1177,23,112,54,0.0
1787847240.35,1410,1,90,54,0.0
1787847240.39,1631,1,0,54,0.0
1787847240.42,1678,0,0,54,0.0
1787847240.45,1681,0,0,54,0.0
1787847240.48,16CD,0,0,54,0.0
1787847240.51,16CE,0,0,54,0.0
1787847240.55,16CF,12,117,54,0.0
1787847240.58,16E8,65,229,54,0.0
1787847240.61,16E9,0,120,54,0.0
1787847240.65,16F0,3,131,54,0.0
1787847240.68,1704,0,0,54,0.0
1787847240.71,1706,128,0,54,0.0
1787847240.75,1709,0,0,54,0.0
1787847240.78,1717,1,0,54,0.0
1787847240.81,1718,1,0,54,0.0
1787847240.84,1746,0,0,54,0.0
1787847240.87,1782,196,128,54,0.0
1787847240.91,1783,110,192,54,0.0
1787847240.94,17A0,34,0,54,0.0
1787847240.97,17A6,0,0,54,0.0
1787847241.01,17B0,24,0,54,0.0
1787847241.04,17B1,32,0,54,0.0
1787847241.07,17B2,4,0,54,0.0
1787847241.11,17B3,91,0,54,0.0
1787847241.14,17B5,80,0,54,0.0
1787847241.17,17B6,0,0,54,0.0
1787847241.20,17B8,241,0,54,0.0
1787847241.24,17BA,0,0,54,0.0
1787847241.27,17BB,0,0,54,0.0
1787847241.31,17BC,0,0,55,0.0
1787847241.34,17BD,134,0,55,0.0
1787847241.37,17BE,0,0,55,0.0
1787847241.40,17C1,234,0,55,0.0
1787847241.43,3201,23,112,55,0.0
1787847241.60,0000,190,63,55,0.0
1787847241.63,0002,0,0,55,0.0
1787847241.67,0003,2,0,55,0.0
1787847241.70,0005,95,0,55,0.0
1787847241.73,0006,125,0,55,0.0
1787847241.76,0007,127,0,55,0.0
1787847241.79,000B,45,0,55,0.0
1787847241.83,000C,14,173,55,0.0
1787847241.86,000D,0,0,55,0.0
1787847241.89,000E,139,0,55,0.0
1787847241.93,000F,75,0,55,0.0
1787847241.99,0011,29,0,55,0.0
1787847242.03,0013,1,0,55,0.0
1787847242.07,001C,10,0,55,0.0
1787847242.10,001F,0,120,55,0.0
1787847242.13,0020,128,21,55,0.0
1787847242.16,0021,0,0,55,0.0
1787847242.19,002C,0,0,55,0.0
1787847242.23,002E,0,0,55,0.0
1787847242.27,0030,255,0,55,0.0
1787847242.30,003C,10,243,55,0.0
1787847242.33,0040,104,0,55,0.0
1787847242.36,0042,54,218,55,0.0
1787847242.39,0043,0,78,55,0.0
1787847242.43,0200,0,0,55,0.0
1787847242.46,0202,0,0,55,0.0
1787847242.49,0900,6,99,55,0.0
1787847242.52,0968,0,0,55,0.0
1787847242.55,096E,14,164,55,0.0
1787847242.59,097C,112,82,55,0.0
1787847242.62,098E,0,0,55,0.0
1787847242.65,1101,1,0,55,0.0
1787847242.68,1103,20,0,55,0.0
1787847242.72,1104,1,0,55,0.0
1787847242.75,114A,86,0,55,0.0
1787847242.79,114D,80,64,55,0.0
1787847242.82,1153,70,164,55,0.0
1787847242.85,1154,29,128,55,0.0
1787847242.88,1169,29,128,55,0.0
1787847242.91,1173,0,120,55,0.0
1787847242.95,1177,23,92,55,0.0
1787847242.98,1410,1,88,55,0.0
1787847243.01,1631,1,0,55,0.0
1787847243.04,1678,0,0,55,0.0
1787847243.07,1681,0,0,55,0.0
1787847243.11,16CD,0,0,55,0.0
1787847243.14,16CE,0,0,55,0.0
1787847243.18,16CF,12,94,55,0.0
1787847243.21,16E8,63,159,55,0.0
1787847243.24,16E9,0,120,55,0.0
1787847243.27,16F0,3,131,55,0.0
1787847243.31,1704,0,0,55,0.0
1787847243.34,1706,128,0,55,0.0
1787847243.37,1709,0,0,55,0.0
1787847243.40,1717,1,0,55,0.0
1787847243.43,1718,1,0,55,0.0
1787847243.47,1746,0,0,55,0.0
1787847243.50,1782,196,128,55,0.0
1787847243.53,1783,110,192,55,0.0
1787847243.56,17A0,34,0,55,0.0
1787847243.59,17A6,0,0,55,0.0
1787847243.63,17B0,24,0,55,0.0
1787847243.67,17B1,32,0,55,0.0
1787847243.70,17B2,4,0,55,0.0
1787847243.73,17B3,91,0,55,0.0
1787847243.76,17B5,80,0,55,0.0
1787847243.79,17B6,0,0,55,0.0
1787847243.83,17B8,241,0,55,0.0
1787847243.86,17BA,0,0,55,0.0
1787847243.89,17BB,0,0,55,0.0
1787847243.92,17BC,0,0,55,0.0
1787847243.95,17BD,134,0,55,0.0
1787847243.99,17BE,0,0,55,0.0
1787847244.02,17C1,234,0,55,0.0
1787847244.05,3201,23,112,55,0.0
1787847244.21,0000,190,63,55,0.0
1787847244.24,0002,0,0,55,0.0
1787847244.27,0003,2,0,55,0.0
1787847244.31,0005,95,0,55,0.0
1787847244.34,0006,126,0,55,0.0
1787847244.37,0007,127,0,55,0.0
1787847244.40,000B,45,0,55,0.0
1787847244.44,000C,14,151,55,0.0
1787847244.47,000D,0,0,55,0.0
1787847244.51,000E,138,0,55,0.0
1787847244.54,000F,76,0,55,0.0
1787847244.57,0010,1,116,55,0.0
1787847244.60,0011,29,0,55,0.0
1787847244.63,0013,1,0,55,0.0
1787847244.67,001C,10,0,55,0.0
1787847244.70,001F,0,123,55,0.0
1787847244.73,0020,128,21,55,0.0
1787847244.76,0021,0,0,55,0.0
1787847244.79,002C,0,0,55,0.0
1787847244.83,002E,0,0,55,0.0
1787847244.86,0030,255,0,55,0.0
1787847244.90,003C,11,23,55,0.0
1787847244.93,0040,104,0,55,0.0
1787847244.96,0042,54,220,55,0.0
1787847244.99,0043,0,78,55,0.0
1787847245.03,0200,0,0,55,0.0
1787847245.06,0202,0,0,55,0.0
1787847245.10,0900,6,99,55,0.0
1787847245.13,0968,0,0,55,0.0
1787847245.16,096E,14,136,55,0.0
1787847245.19,097C,112,80,55,0.0
1787847245.23,098E,0,0,55,0.0
1787847245.26,1101,1,0,55,0.0
1787847245.29,1103,20,0,55,0.0
1787847245.32,1104,1,0,55,0.0
1787847245.35,114A,85,192,55,0.0
1787847245.39,114D,79,128,55,0.0
1787847245.42,1153,70,71,55,0.0
1787847245.45,1154,29,128,55,0.0
1787847245.49,1169,29,128,55,0.0
1787847245.52,1173,0,110,55,0.0
1787847245.55,1177,23,152,55,0.0
1787847245.59,1410,1,86,55,0.0
1787847245.62,1631,1,0,55,0.0
1787847245.65,1678,0,0,55,0.0
1787847245.68,1681,0,0,55,0.0
1787847245.71,16CD,0,0,55,0.0
1787847245.75,16CE,0,0,55,0.0
1787847245.78,16CF,12,51,55,0.0
1787847245.81,16E8,61,154,55,0.0
1787847245.84,16E9,0,120,55,0.0
1787847245.87,16F0,3,131,55,0.0
1787847245.91,1704,0,0,55,0.0
1787847245.95,1706,128,0,55,0.0
1787847245.98,1709,0,0,55,0.0
1787847246.01,1717,1,0,55,0.0
1787847246.04,1718,1,0,55,0.0
1787847246.07,1746,0,0,55,0.0
1787847246.11,1782,196,64,55,0.0
1787847246.14,1783,110,192,55,0.0
1787847246.17,17A0,34,0,55,0.0
1787847246.20,17A6,0,0,55,0.0
1787847246.23,17B0,24,0,55,0.0
1787847246.27,17B1,32,0,55,0.0
1787847246.30,17B2,4,0,55,0.0
1787847246.34,17B3,91,0,55,0.0
1787847246.37,17B5,80,0,55,0.0
1787847246.40,17B6,0,0,55,0.0
1787847246.43,17B8,241,0,55,0.0
1787847246.47,17BA,0,0,55,0.0
1787847246.50,17BB,0,0,55,0.0
1787847246.53,17BC,0,0,55,0.0
1787847246.56,17BD,134,0,55,0.0
1787847246.59,17BE,0,0,55,0.0
1787847246.63,17C1,234,0,55,0.0
1787847246.66,3201,23,112,55,0.0
1787847246.82,0000,190,63,55,0.0
1787847246.86,0002,0,0,55,0.0
1787847246.89,0003,2,0,55,0.0
1787847246.92,0005,95,0,55,0.0
1787847246.95,0006,128,0,55,0.0
1787847246.99,0007,127,0,55,0.0
1787847247.02,000B,45,0,55,0.0
1787847247.05,000C,14,132,55,0.0
1787847247.08,000D,0,0,55,0.0
1787847247.11,000E,137,0,55,0.0
1787847247.15,000F,76,0,55,0.0
1787847247.18,0010,1,108,55,0.0
1787847247.21,0011,29,0,55,0.0
1787847247.24,0013,1,0,55,0.0
1787847247.27,001C,10,0,55,0.0
1787847247.31,001F,0,124,55,0.0
1787847247.34,0020,128,21,55,0.0
1787847247.37,0021,0,0,55,0.0
1787847247.40,002C,0,0,55,0.0
1787847247.44,002E,0,0,55,0.0
1787847247.47,0030,255,0,55,0.0
1787847247.51,003C,11,53,55,0.0
1787847247.54,0040,104,0,55,0.0
1787847247.57,0042,54,201,55,0.0
1787847247.60,0043,0,77,55,0.0
1787847247.63,0200,0,0,55,0.0
1787847247.67,0202,0,0,55,0.0
1787847247.70,0900,6,99,55,0.0
1787847247.73,0968,0,0,55,0.0
1787847247.79,097C,112,81,55,0.0
1787847247.83,098E,0,0,55,0.0
1787847247.86,1101,1,0,55,0.0
1787847247.90,1103,20,0,56,0.0
1787847247.92,1104,1,0,56,0.0
1787847247.96,114A,85,192,56,0.0
1787847247.99,114D,78,192,56,0.0
1787847248.03,1153,70,25,56,0.0
1787847248.06,1154,29,128,56,0.0
1787847248.09,1169,29,128,56,0.0
1787847248.12,1173,0,115,56,0.0
1787847248.15,1177,23,32,56,0.0
1787847248.19,1410,1,76,56,0.0
1787847248.23,1631,1,0,56,0.0
1787847248.26,1678,0,0,56,0.0
1787847248.29,1681,0,0,56,0.0
1787847248.32,16CD,0,0,56,0.0
1787847248.35,16CE,0,0,56,0.0
1787847248.39,16CF,12,122,56,0.0
1787847248.42,16E8,63,220,56,0.0
1787847248.45,16E9,0,120,56,0.0
1787847248.48,16F0,3,131,56,0.0
1787847248.51,1704,0,0,56,0.0
1787847248.55,1706,128,0,56,0.0
1787847248.59,1709,0,0,56,0.0
1787847248.62,1717,1,0,56,0.0
1787847248.65,1718,1,0,56,0.0
1787847248.68,1746,0,0,56,0.0
1787847248.71,1782,196,64,56,0.0
1787847248.75,1783,110,192,56,0.0
1787847248.78,17A0,35,0,56,0.0
1787847248.81,17A6,0,0,56,0.0
1787847248.84,17B0,25,0,56,0.0
1787847248.87,17B1,32,0,56,0.0
1787847248.91,17B2,4,0,56,0.0
1787847248.94,17B3,91,0,56,0.0
1787847248.97,17B5,80,0,56,0.0
1787847249.00,17B6,0,0,56,0.0
1787847249.03,17B8,241,0,56,0.0
1787847249.07,17BA,0,0,56,0.0
1787847249.10,17BB,0,0,56,0.0
1787847249.13,17BC,0,0,56,0.0
1787847249.16,17BD,134,0,56,0.0
1787847249.19,17BE,0,0,56,0.0
1787847249.23,17C1,234,0,56,0.0
1787847249.27,3201,23,112,56,0.0
1787847249.43,0000,190,63,56,0.0
1787847249.46,0002,0,0,56,0.0
1787847249.49,0003,2,0,56,0.0
1787847249.53,0005,96,0,56,0.0
1787847249.56,0006,130,0,56,0.0
1787847249.59,0007,127,0,56,0.0
1787847249.63,000B,45,0,56,0.0
1787847249.66,000C,14,99,56,0.0
1787847249.69,000D,0,0,56,0.0
1787847249.72,000E,136,0,56,0.0
1787847249.75,000F,76,0,56,0.0
1787847249.79,0010,1,112,56,0.0
1787847249.83,0011,29,0,56,0.0
1787847249.86,0013,1,0,56,0.0
1787847249.89,001C,10,0,56,0.0
1787847249.92,001F,0,128,56,0.0
1787847249.95,0020,128,21,56,0.0
1787847249.99,0021,0,0,56,0.0
1787847250.02,002C,0,0,56,0.0
1787847250.05,002E,0,0,56,0.0
1787847250.08,0030,255,0,56,0.0
1787847250.11,003C,11,88,56,0.0
1787847250.15,0040,104,0,56,0.0
1787847250.18,0042,54,217,56,0.0
1787847250.25,0200,0,0,56,0.0
1787847250.28,0202,0,0,56,0.0
1787847250.31,0900,6,99,56,0.0
1787847250.35,0968,0,0,56,0.0
1787847250.38,096E,14,78,56,0.0
1787847250.41,097C,112,84,56,0.0
1787847250.44,098E,0,0,56,0.0
1787847250.47,1101,1,0,56,0.0
1787847250.51,1103,20,0,56,0.0
1787847250.54,1104,1,0,56,0.0
1787847250.57,114A,85,192,56,0.0
1787847250.60,114D,78,64,56,0.0
1787847250.63,1153,69,180,56,0.0
1787847250.67,1154,29,128,56,0.0
1787847250.70,1169,29,128,56,0.0
1787847250.74,1173,2,93,56,0.0
1787847250.77,1177,23,52,56,0.0
1787847250.80,1410,1,82,56,0.0
1787847250.83,1631,1,0,56,0.0
1787847250.87,1678,0,0,56,0.0
1787847250.90,1681,0,0,56,0.0
1787847250.93,16CD,0,0,56,0.0
1787847250.99,16CF,12,53,56,0.0
1787847251.03,16E8,64,55,56,0.0
1787847251.07,16E9,0,120,56,0.0
1787847251.10,16F0,3,131,56,0.0
1787847251.13,1704,0,0,56,0.0
1787847251.16,1706,128,0,56,0.0
1787847251.19,1709,0,0,56,0.0
1787847251.23,1717,1,0,56,0.0
1787847251.26,1718,1,0,56,0.0
1787847251.29,1746,0,0,56,0.0
1787847251.32,1782,195,192,56,0.0
1787847251.35,1783,110,192,56,0.0
1787847251.39,17A0,35,0,56,0.0
1787847251.43,17A6,0,0,56,0.0
1787847251.46,17B0,24,0,56,0.0
1787847251.49,17B1,32,0,56,0.0
1787847251.52,17B2,4,0,56,0.0
1787847251.55,17B3,91,0,56,0.0
1787847251.59,17B5,80,0,56,0.0
1787847251.62,17B6,0,0,56,0.0
1787847251.65,17B8,241,0,56,0.0
1787847251.68,17BA,0,0,56,0.0
1787847251.71,17BB,0,0,56,0.0
1787847251.75,17BC,0,0,56,0.0
1787847251.78,17BD,133,0,56,0.0
1787847251.81,17BE,0,0,56,0.0
1787847251.84,17C1,234,0,56,0.0
1787847251.87,3201,23,112,56,0.0
1787847252.04,0000,190,63,56,0.0
1787847252.07,0002,0,0,56,0.0
1787847252.11,0003,2,0,56,0.0
1787847252.14,0005,96,0,56,0.0
1787847252.17,0006,129,0,56,0.0
1787847252.20,0007,127,0,56,0.0
1787847252.23,000B,45,0,56,0.0
1787847252.27,000C,14,69,56,0.0
1787847252.30,000D,0,0,56,0.0
1787847252.33,000E,137,0,56,0.0
1787847252.36,000F,76,0,56,0.0
1787847252.39,0010,1,120,56,0.0
1787847252.43,0011,29,0,56,0.0
1787847252.46,0013,1,0,56,0.0
1787847252.49,001C,10,0,56,0.0
1787847252.53,001F,0,129,56,0.0
1787847252.56,0020,128,21,56,0.0
1787847252.59,0021,0,0,56,0.0
1787847252.63,002C,0,0,56,0.0
1787847252.66,002E,0,0,56,0.0
1787847252.69,0030,255,0,56,0.0
1787847252.72,003C,11,118,56,0.0
1787847252.75,0040,104,0,56,0.0
1787847252.79,0042,54,197,56,0.0
1787847252.82,0043,0,77,56,0.0
1787847252.85,0200,0,0,56,0.0
1787847252.88,0202,0,0,56,0.0
1787847252.91,0900,6,99,56,0.0
1787847252.95,0968,0,0,56,0.0
1787847252.98,096E,14,46,56,0.0
1787847253.01,097C,112,81,56,0.0
1787847253.05,098E,0,0,56,0.0
1787847253.08,1101,1,0,56,0.0
1787847253.11,1103,20,0,56,0.0
1787847253.15,1104,1,0,56,0.0
1787847253.18,114A,85,128,56,0.0
1787847253.21,114D,77,128,56,0.0
1787847253.24,1153,69,154,56,0.0
1787847253.27,1154,29,128,56,0.0
1787847253.30,1169,29,128,56,0.0
1787847253.35,1173,2,63,56,0.0
1787847253.38,1177,23,32,56,0.0
1787847253.41,1410,1,84,56,0.0
1787847253.44,1631,1,0,56,0.0
1787847253.47,1678,0,0,56,0.0
1787847253.51,1681,0,0,56,0.0
1787847253.54,16CD,0,0,56,0.0
1787847253.57,16CE,0,0,56,0.0
1787847253.60,16CF,12,50,56,0.0
1787847253.64,16E8,62,116,56,0.0
1787847253.67,16E9,0,120,56,0.0
1787847253.70,16F0,3,131,56,0.0
1787847253.74,1704,0,0,56,0.0
1787847253.77,1706,128,0,56,0.0
1787847253.80,1709,0,0,56,0.0
1787847253.83,1717,1,0,56,0.0
1787847253.87,1718,1,0,56,0.0
1787847253.90,1746,0,0,56,0.0
1787847253.93,1782,195,192,56,0.0
1787847253.96,1783,110,192,56,0.0
1787847253.99,17A0,34,0,57,0.0
1787847254.03,17A6,0,0,57,0.0
1787847254.06,17B0,24,0,57,0.0
1787847254.10,17B1,32,0,57,0.0
1787847254.13,17B2,4,0,57,0.0
1787847254.16,17B3,91,0,57,0.0
1787847254.19,17B5,80,0,57,0.0
1787847254.23,17B6,0,0,57,0.0
1787847254.26,17B8,241,0,57,0.0
1787847254.29,17BA,0,0,57,0.0
1787847254.32,17BB,0,0,57,0.0
1787847254.35,17BC,0,0,57,0.0
1787847254.38,17BD,133,0,57,0.0
1787847254.42,17BE,0,0,57,0.0
1787847254.45,17C1,234,0,57,0.0
1787847254.48,3201,23,112,57,0.0
1787847254.65,0000,190,63,57,0.0
1787847254.68,0002,0,0,57,0.0
1787847254.71,0003,2,0,57,0.0
1787847254.74,0005,97,0,57,0.0
1787847254.78,0006,128,0,57,0.0
1787847254.81,0007,127,0,57,0.0
1787847254.84,000B,45,0,57,0.0
1787847254.87,000C,14,23,57,0.0
1787847254.90,000D,0,0,57,0.0
1787847254.94,000E,137,0,57,0.0
1787847254.97,000F,76,0,57,0.0
1787847255.01,0010,1,112,57,0.0
1787847255.04,0011,29,0,57,0.0
1787847255.07,0013,1,0,57,0.0
1787847255.10,001C,10,0,57,0.0
1787847255.14,001F,0,132,57,0.0
1787847255.17,0020,128,21,57,0.0
1787847255.20,0021,0,0,57,0.0
1787847255.23,002C,0,0,57,0.0
1787847255.26,002E,0,0,57,0.0
1787847255.30,0030,255,0,57,0.0
1787847255.33,003C,11,152,57,0.0
1787847255.36,0040,104,0,57,0.0
1787847255.39,0042,54,217,57,0.0
1787847255.42,0043,0,78,57,0.0
1787847255.46,0200,0,0,57,0.0
1787847255.50,0202,0,0,57,0.0
1787847255.53,0900,6,99,57,0.0
1787847255.56,0968,0,0,57,0.0
1787847255.59,096E,14,22,57,0.0
1787847255.62,097C,112,83,57,0.0
1787847255.66,098E,0,0,57,0.0
1787847255.69,1101,1,0,57,0.0
1787847255.72,1103,20,0,57,0.0
1787847255.75,1104,1,0,57,0.0
1787847255.79,114A,85,128,57,0.0
1787847255.82,114D,77,0,57,0.0
1787847255.85,1153,69,63,57,0.0
1787847255.88,1154,29,128,57,0.0
1787847255.91,1169,29,128,57,0.0
1787847255.95,1173,0,185,57,0.0
1787847255.98,1177,23,32,57,0.0
1787847256.02,1410,1,87,57,0.0
1787847256.05,1631,1,0,57,0.0
1787847256.08,1678,0,0,57,0.0
1787847256.11,1681,0,0,57,0.0
1787847256.14,16CD,0,0,57,0.0
1787847256.18,16CE,0,0,57,0.0
1787847256.21,16CF,12,106,57,0.0
1787847256.24,16E8,69,146,57,0.0
1787847256.27,16E9,0,120,57,0.0
1787847256.30,16F0,3,131,57,0.0
1787847256.35,1704,0,0,57,0.0
1787847256.38,1706,128,0,57,0.0
1787847256.41,1709,0,0,57,0.0
1787847256.44,1717,1,0,57,0.0
1787847256.47,1718,1,0,57,0.0
1787847256.50,1746,0,0,57,0.0
1787847256.54,1782,195,128,57,0.0
1787847256.57,1783,110,192,57,0.0
1787847256.60,17A0,35,0,57,0.0
1787847256.63,17A6,0,0,57,0.0
1787847256.66,17B0,23,0,57,0.0
1787847256.70,17B1,32,0,57,0.0
1787847256.73,17B2,4,0,57,0.0
1787847256.76,17B3,91,0,57,0.0
1787847256.79,17B5,80,0,57,0.0
1787847256.82,17B6,0,0,57,0.0
1787847256.86,17B8,241,0,57,0.0
1787847256.90,17BA,0,0,57,0.0
1787847256.93,17BB,0,0,57,0.0
1787847256.96,17BC,0,0,57,0.0
1787847256.99,17BD,133,0,57,0.0
1787847257.02,17BE,0,0,57,0.0
1787847257.06,17C1,234,0,57,0.0
1787847257.09,3201,23,112,57,0.0
1787847257.25,0000,190,63,57,0.0
1787847257.28,0002,0,0,57,0.0
1787847257.31,0003,2,0,57,0.0
1787847257.34,0005,97,0,57,0.0
1787847257.38,0006,127,0,57,0.0
1787847257.41,0007,127,0,57,0.0
1787847257.45,000B,45,0,57,0.0
1787847257.48,000C,13,250,57,0.0
1787847257.51,000D,0,0,57,0.0
1787847257.54,000E,139,0,57,0.0
1787847257.58,000F,76,0,57,0.0
1787847257.61,0010,1,97,57,0.0
1787847257.64,0011,29,0,57,0.0
1787847257.67,0013,1,0,57,0.0
1787847257.70,001C,10,0,57,0.0
1787847257.74,001F,0,136,57,0.0
1787847257.77,0020,128,21,57,0.0
1787847257.80,0021,0,0,57,0.0
1787847257.83,002C,0,0,57,0.0
1787847257.86,002E,0,0,57,0.0
1787847257.90,0030,255,0,57,0.0
1787847257.94,003C,11,181,57,0.0
1787847257.97,0040,104,0,57,0.0
1787847258.00,0042,54,202,57,0.0
1787847258.03,0043,0,78,57,0.0
1787847258.06,0200,0,0,57,0.0
1787847258.10,0202,0,0,57,0.0
1787847258.13,0900,6,104,57,0.0
1787847258.16,0968,0,0,57,0.0
1787847258.19,096E,13,246,57,0.0
1787847258.22,097C,112,85,57,0.0
1787847258.26,098E,0,0,57,0.0
1787847258.30,1101,1,0,57,0.0
1787847258.33,1103,20,0,57,0.0
1787847258.36,1104,1,0,57,0.0
1787847258.39,114A,85,128,57,0.0
1787847258.42,114D,76,64,57,0.0
1787847258.46,1153,68,247,57,0.0
1787847258.49,1154,29,128,57,0.0
1787847258.52,1169,29,128,57,0.0
1787847258.55,1173,0,90,57,0.0
1787847258.58,1177,22,208,57,0.0
1787847258.62,1410,1,86,57,0.0
1787847258.65,1631,1,0,57,0.0
1787847258.68,1678,0,0,57,0.0
1787847258.71,1681,0,0,57,0.0
1787847258.75,16CD,0,0,57,0.0
1787847258.78,16CE,0,0,57,0.0
1787847258.82,16CF,12,134,57,0.0
1787847258.85,16E8,67,52,57,0.0
1787847258.88,16E9,0,120,57,0.0
1787847258.91,16F0,3,131,57,0.0
1787847258.94,1704,0,0,57,0.0
1787847258.98,1706,128,0,57,0.0
1787847259.02,1709,0,0,57,0.0
1787847259.05,1717,1,0,57,0.0
1787847259.08,1718,1,0,57,0.0
1787847259.11,1746,0,0,57,0.0
1787847259.14,1782,195,128,57,0.0
1787847259.18,1783,110,192,57,0.0
1787847259.21,17A0,34,0,57,0.0
1787847259.24,17A6,0,0,57,0.0
1787847259.28,17B0,23,0,57,0.0
1787847259.31,17B1,32,0,57,0.0
1787847259.34,17B2,4,0,57,0.0
1787847259.38,17B3,91,0,57,0.0
1787847259.41,17B5,80,0,57,0.0
1787847259.44,17B6,0,0,57,0.0
1787847259.47,17B8,241,0,57,0.0
1787847259.50,17BA,0,0,57,0.0
1787847259.54,17BB,0,0,57,0.0
1787847259.57,17BC,0,0,57,0.0
1787847259.60,17BD,133,0,57,0.0
1787847259.63,17BE,0,0,57,0.0
1787847259.66,17C1,234,0,57,0.0
1787847259.70,3201,23,112,57,0.0
1787847259.90,0002,0,0,57,0.0
1787847259.93,0003,2,0,57,0.0
1787847259.96,0005,97,0,57,0.0
1787847259.99,0006,128,0,57,0.0
1787847260.02,0007,127,0,57,0.0
1787847260.06,000B,45,0,57,0.0
1787847260.10,000C,13,230,57,0.0
1787847260.13,000D,0,0,57,0.0
1787847260.16,000E,139,0,57,0.0
1787847260.19,000F,76,0,57,0.0
1787847260.22,0010,1,100,57,0.0
1787847260.26,0011,29,0,57,0.0
1787847260.29,0013,1,0,57,0.0
1787847260.32,001C,10,0,57,0.0
1787847260.35,001F,0,137,57,0.0
1787847260.38,0020,128,21,57,0.0
1787847260.42,0021,0,0,58,0.0
1787847260.45,002C,0,0,58,0.0
1787847260.48,002E,0,0,58,0.0
1787847260.51,0030,255,0,58,0.0
1787847260.54,003C,11,214,58,0.0
1787847260.58,0040,104,0,58,0.0
1787847260.62,0042,54,215,58,0.0
1787847260.65,0043,0,78,58,0.0
1787847260.68,0200,0,0,58,0.0
1787847260.71,0202,0,0,58,0.0
1787847260.74,0900,6,99,58,0.0
1787847260.78,0968,0,0,58,0.0
1787847260.81,096E,13,222,58,0.0
1787847260.84,097C,112,83,58,0.0
1787847260.87,098E,0,0,58,0.0
1787847260.90,1101,1,0,58,0.0
1787847260.94,1103,20,0,58,0.0
1787847260.97,1104,1,0,58,0.0
1787847261.00,114A,85,128,58,0.0
1787847261.03,114D,75,192,58,0.0
1787847261.06,1153,68,168,58,0.0
1787847261.10,1154,29,128,58,0.0
1787847261.13,1169,29,128,58,0.0
1787847261.17,1173,0,90,58,0.0
1787847261.20,1177,22,228,58,0.0
1787847261.23,1410,1,87,58,0.0
1787847261.26,1631,1,0,58,0.0
1787847261.30,1678,0,0,58,0.0
1787847261.33,1681,0,0,58,0.0
1787847261.36,16CD,0,0,58,0.0
1787847261.39,16CE,0,0,58,0.0
1787847261.42,16CF,12,26,58,0.0
1787847261.46,16E8,65,149,58,0.0
1787847261.49,16E9,0,119,58,0.0
1787847261.52,16F0,3,131,58,0.0
1787847261.56,1704,0,0,58,0.0
1787847261.58,1706,128,0,58,0.0
1787847261.62,1709,0,0,58,0.0
1787847261.66,1717,1,0,58,0.0
1787847261.69,1718,1,0,58,0.0
1787847261.72,1746,0,0,58,0.0
1787847261.75,1782,195,64,58,0.0
1787847261.78,1783,110,192,58,0.0
1787847261.82,17A0,35,0,58,0.0
1787847261.85,17A6,0,0,58,0.0
1787847261.88,17B0,24,0,58,0.0
1787847261.94,17B2,4,0,58,0.0
1787847261.98,17B3,91,0,58,0.0
1787847262.02,17B5,80,0,58,0.0
1787847262.05,17B6,0,0,58,0.0
1787847262.08,17B8,241,0,58,0.0
1787847262.11,17BA,0,0,58,0.0
1787847262.14,17BB,0,0,58,0.0
1787847262.18,17BC,0,0,58,0.0
1787847262.21,17BD,133,0,58,0.0
1787847262.24,17BE,0,0,58,0.0
1787847262.28,17C1,234,0,58,0.0
1787847262.31,3201,23,112,58,0.0
1787847262.47,0000,190,63,58,0.0
1787847262.50,0002,0,0,58,0.0
1787847262.54,0003,2,0,58,0.0
1787847262.57,0005,98,0,58,0.0
1787847262.60,0006,127,0,58,0.0
1787847262.63,0007,127,0,58,0.0
1787847262.66,000B,45,0,58,0.0
1787847262.70,000C,13,214,58,0.0
1787847262.73,000D,0,0,58,0.0
1787847262.76,000E,137,0,58,0.0
1787847262.79,000F,76,0,58,0.0
1787847262.82,0010,1,100,58,0.0
1787847262.86,0011,29,0,58,0.0
1787847262.89,0013,1,0,58,0.0
1787847262.93,001C,10,0,58,0.0
1787847262.96,001F,0,140,58,0.0
1787847262.99,0020,128,21,58,0.0
1787847263.02,0021,0,0,58,0.0
1787847263.06,002C,0,0,58,0.0
1787847263.09,002E,0,0,58,0.0
1787847263.12,0030,255,0,58,0.0
1787847263.15,003C,11,242,58,0.0
1787847263.18,0040,104,0,58,0.0
1787847263.22,0042,54,133,58,0.0
1787847263.25,0043,0,78,58,0.0
1787847263.28,0200,0,0,58,0.0
1787847263.31,0202,0,0,58,0.0
1787847263.34,0900,6,109,58,0.0
1787847263.38,0968,0,0,58,0.0
1787847263.45,097C,112,84,58,0.0
1787847263.48,098E,0,0,58,0.0
1787847263.51,1101,1,0,58,0.0
1787847263.54,1103,20,0,58,0.0
1787847263.58,1104,1,0,58,0.0
1787847263.61,114A,85,64,58,0.0
1787847263.64,114D,75,0,58,0.0
1787847263.68,1153,69,83,58,0.0
1787847263.71,1154,29,128,58,0.0
1787847263.74,1169,29,128,58,0.0
1787847263.78,1173,0,75,58,0.0
1787847263.82,1177,23,12,58,0.0
1787847263.85,1410,1,97,58,0.0
1787847263.88,1631,1,0,58,0.0
1787847263.91,1678,0,0,58,0.0
1787847263.94,1681,0,0,58,0.0
1787847263.98,16CD,0,0,58,0.0
1787847264.01,16CE,0,0,58,0.0
1787847264.04,16CF,12,53,58,0.0
1787847264.07,16E8,71,73,58,0.0
1787847264.10,16E9,0,120,58,0.0
1787847264.14,16F0,3,131,58,0.0
1787847264.17,1704,0,0,58,0.0
1787847264.20,1706,128,0,58,0.0
1787847264.23,1709,0,0,58,0.0
1787847264.26,1717,1,0,58,0.0
1787847264.30,1718,1,0,58,0.0
1787847264.34,1746,0,0,58,0.0
1787847264.37,1782,195,64,58,0.0
1787847264.40,1783,110,192,58,0.0
1787847264.43,17A0,35,0,58,0.0
1787847264.46,17A6,0,0,58,0.0
1787847264.50,17B0,23,0,58,0.0
1787847264.53,17B1,32,0,58,0.0
1787847264.56,17B2,4,0,58,0.0
1787847264.59,17B3,91,0,58,0.0
1787847264.62,17B5,80,0,58,0.0
1787847264.67,17B6,0,0,58,0.0
1787847264.70,17B8,241,0,58,0.0
1787847264.73,17BA,0,0,58,0.0
1787847264.76,17BB,0,0,58,0.0
1787847264.79,17BC,0,0,58,0.0
1787847264.82,17BD,133,0,58,0.0
1787847264.86,17BE,0,0,58,0.0
1787847264.89,17C1,234,0,58,0.0
1787847264.92,3201,23,112,58,0.0
1787847265.08,0000,190,63,58,0.0
1787847265.12,0002,0,0,58,0.0
1787847265.15,0003,2,0,58,0.0
1787847265.18,0005,98,0,58,0.0
1787847265.22,0006,127,0,58,0.0
1787847265.25,0007,127,0,58,0.0
1787847265.28,000B,46,0,58,0.0
1787847265.31,000C,13,174,58,0.0
1787847265.34,000D,0,0,58,0.0
1787847265.38,000E,138,0,58,0.0
1787847265.41,000F,76,0,58,0.0
1787847265.44,0010,1,112,58,0.0
1787847265.47,0011,29,0,58,0.0
1787847265.50,0013,1,0,58,0.0
1787847265.54,001C,10,0,58,0.0
1787847265.57,001F,0,144,58,0.0
1787847265.61,0020,128,21,58,0.0
1787847265.64,0021,0,0,58,0.0
1787847265.67,002C,0,0,58,0.0
1787847265.70,002E,0,0,58,0.0
1787847265.74,0030,255,0,58,0.0
1787847265.77,003C,12,19,58,0.0
1787847265.80,0040,104,0,58,0.0
1787847265.83,0042,54,103,58,0.0
1787847265.86,0043,0,80,58,0.0
1787847265.90,0200,0,0,58,0.0
1787847265.93,0202,0,0,58,0.0
1787847265.96,0900,6,124,58,0.0
1787847265.99,0968,0,0,58,0.0
1787847266.02,096E,13,167,58,0.0
1787847266.06,097C,112,86,58,0.0
1787847266.09,098E,0,0,58,0.0
1787847266.13,1101,1,0,58,0.0
1787847266.16,1103,20,0,58,0.0
1787847266.19,1104,1,0,58,0.0
1787847266.22,114A,85,64,58,0.0
1787847266.26,114D,74,128,58,0.0
1787847266.29,1153,69,166,58,0.0
1787847266.32,1154,29,128,58,0.0
1787847266.35,1169,29,128,58,0.0
1787847266.38,1173,0,75,58,0.0
1787847266.42,1177,23,52,58,0.0
1787847266.46,1410,1,100,58,0.0
1787847266.49,1631,1,0,58,0.0
1787847266.52,1678,0,0,58,0.0
1787847266.55,1681,0,0,58,0.0
1787847266.58,16CD,0,0,58,0.0
1787847266.62,16CE,0,0,58,0.0
1787847266.65,16CF,12,38,58,0.0
1787847266.68,16E8,69,86,58,0.0
1787847266.71,16E9,0,120,58,0.0
1787847266.74,16F0,3,131,58,0.0
1787847266.78,1704,0,0,58,0.0
1787847266.82,1706,128,0,58,0.0
1787847266.85,1709,0,0,58,0.0
1787847266.88,1717,1,0,58,0.0
1787847266.91,1718,1,0,58,0.0
1787847266.94,1746,0,0,58,0.0
1787847266.98,1782,195,0,58,0.0
1787847267.01,1783,110,192,58,0.0
1787847267.04,17A0,35,0,58,0.0
1787847267.07,17A6,0,0,58,0.0
1787847267.10,17B0,23,0,58,0.0
1787847267.14,17B1,32,0,58,0.0
1787847267.17,17B2,4,0,58,0.0
1787847267.20,17B3,91,0,58,0.0
1787847267.23,17B5,80,0,58,0.0
1787847267.26,17B6,0,0,58,0.0
1787847267.30,17B8,241,0,58,0.0
1787847267.34,17BA,0,0,58,0.0
1787847267.37,17BB,0,0,58,0.0
1787847267.40,17BC,0,0,58,0.0
1787847267.43,17BD,133,0,58,0.0
1787847267.46,17BE,0,0,58,0.0
1787847267.50,17C1,234,0,58,0.0
1787847267.53,3201,23,112,58,0.0
1787847267.70,0000,190,63,58,0.0
1787847267.73,0002,0,0,58,0.0
1787847267.76,0003,2,0,58,0.0
1787847267.79,0005,98,0,58,0.0
1787847267.82,0006,131,0,58,0.0
1787847267.86,0007,127,0,58,0.0
1787847267.90,000B,47,0,58,0.0
1787847267.93,000C,13,125,58,0.0
1787847267.96,000D,0,0,58,0.0
1787847267.99,000E,141,0,59,0.0
1787847268.02,000F,76,0,59,0.0
1787847268.06,0010,1,120,59,0.0
1787847268.09,0011,29,0,59,0.0
1787847268.12,0013,1,0,59,0.0
1787847268.15,001C,10,0,59,0.0
1787847268.18,001F,0,145,59,0.0
1787847268.22,0020,128,21,59,0.0
1787847268.26,0021,0,0,59,0.0
1787847268.29,002C,0,0,59,0.0
1787847268.32,002E,0,0,59,0.0
1787847268.35,0030,255,0,59,0.0
1787847268.38,003C,12,51,59,0.0
1787847268.42,0040,104,0,59,0.0
1787847268.45,0042,53,113,59,0.0
1787847268.48,0043,0,84,59,0.0
1787847268.51,0200,0,0,59,0.0
1787847268.54,0202,0,0,59,0.0
1787847268.58,0900,6,164,59,0.0
1787847268.61,0968,0,0,59,0.0
1787847268.64,096E,13,145,59,0.0
1787847268.67,097C,112,87,59,0.0
1787847268.70,098E,0,0,59,0.0
1787847268.74,1101,1,0,59,0.0
1787847268.77,1103,20,0,59,0.0
1787847268.81,1104,1,0,59,0.0
1787847268.84,114A,85,64,59,0.0
1787847268.87,114D,74,0,59,0.0
1787847268.90,1153,72,10,59,0.0
1787847268.94,1154,29,128,59,0.0
1787847268.97,1169,29,128,59,0.0
1787847269.00,1173,3,107,59,0.0
1787847269.03,1177,23,192,59,0.0
1787847269.06,1410,1,126,59,0.0
1787847269.10,1631,1,0,59,0.0
1787847269.13,1678,0,0,59,0.0
1787847269.16,1681,0,0,59,0.0
1787847269.19,16CD,0,0,59,0.0
1787847269.22,16CE,0,0,59,0.0
1787847269.26,16CF,12,149,59,0.0
1787847269.30,16E8,92,252,59,0.0
1787847269.33,16E9,0,120,59,0.0
1787847269.36,16F0,3,131,59,0.0
1787847269.39,1704,0,0,59,0.0
1787847269.42,1706,128,0,59,0.0
1787847269.46,1709,0,0,59,0.0
1787847269.49,1717,1,0,59,0.0
1787847269.52,1718,1,0,59,0.0
1787847269.55,1746,0,0,59,0.0
1787847269.58,1782,195,0,59,0.0
1787847269.62,1783,110,192,59,0.0
1787847269.65,17A0,36,0,59,0.0
1787847269.68,17A6,0,0,59,0.0
1787847269.71,17B0,23,0,59,0.0
1787847269.74,17B1,32,0,59,0.0
1787847269.78,17B2,4,0,59,0.0
1787847269.82,17B3,91,0,59,0.0
1787847269.85,17B5,80,0,59,0.0
1787847269.88,17B6,0,0,59,0.0
1787847269.91,17B8,241,0,59,0.0
1787847269.94,17BA,0,0,59,0.0
1787847269.98,17BB,0,0,59,0.0
1787847270.01,17BC,0,0,59,0.0
1787847270.04,17BD,133,0,59,0.0
1787847270.07,17BE,0,0,59,0.0
1787847270.10,17C1,234,0,59,0.0
1787847270.14,3201,23,112,59,0.0
1787847270.30,0000,190,63,59,0.0
1787847270.34,0002,0,0,59,0.0
1787847270.37,0003,2,0,59,0.0
1787847270.40,0005,99,0,59,0.0
1787847270.43,0006,127,0,59,0.0
1787847270.46,0007,127,0,59,0.0
1787847270.50,000B,50,0,59,0.0
1787847270.53,000C,14,7,59,0.0
1787847270.56,000D,0,0,59,0.0
1787847270.59,000E,120,0,59,0.0
1787847270.62,000F,76,0,59,0.0
1787847270.67,0010,1,85,59,0.0
1787847270.70,0011,29,0,59,0.0
1787847270.73,0013,1,0,59,0.0
1787847270.76,001C,10,0,59,0.0
1787847270.79,001F,0,148,59,0.0
1787847270.82,0020,128,21,59,0.0
1787847270.86,0021,0,0,59,0.0
1787847270.89,002C,0,0,59,0.0
1787847270.92,002E,0,0,59,0.0
1787847270.95,0030,255,0,59,0.0
1787847270.98,003C,12,81,59,0.0
1787847271.02,0040,104,0,59,0.0
1787847271.05,0042,54,193,59,0.0
1787847271.08,0043,0,79,59,0.0
1787847271.11,0200,0,0,59,0.0
1787847271.15,0202,0,0,59,0.0
1787847271.18,0900,6,119,59,0.0
1787847271.22,0968,0,0,59,0.0
1787847271.25,096E,13,123,59,0.0
1787847271.28,097C,112,90,59,0.0
1787847271.31,098E,0,0,59,0.0
1787847271.34,1101,1,0,59,0.0
1787847271.38,1103,20,0,59,0.0
1787847271.41,1104,1,0,59,0.0
1787847271.45,114A,85,64,59,0.0
1787847271.48,114D,73,64,59,0.0
1787847271.51,1153,68,51,59,0.0
1787847271.54,1154,29,128,59,0.0
1787847271.58,1169,29,128,59,0.0
1787847271.61,1173,0,75,59,0.0
1787847271.64,1177,22,188,59,0.0
1787847271.67,1410,1,78,59,0.0
1787847271.70,1631,1,0,59,0.0
1787847271.74,1678,0,0,59,0.0
1787847271.77,1681,0,0,59,0.0
1787847271.80,16CD,0,0,59,0.0
1787847271.83,16CE,0,0,59,0.0
1787847271.86,16CF,12,70,59,0.0
1787847271.90,16E8,62,244,59,0.0
1787847271.94,16E9,0,120,59,0.0
1787847271.97,16F0,3,131,59,0.0
1787847272.00,1704,0,0,59,0.0
1787847272.03,1706,128,0,59,0.0
1787847272.06,1709,0,0,59,0.0
1787847272.10,1717,1,0,59,0.0
1787847272.13,1718,1,0,59,0.0
1787847272.16,1746,0,0,59,0.0
1787847272.19,1782,194,192,59,0.0
1787847272.22,1783,110,192,59,0.0
1787847272.26,17A0,34,0,59,0.0
1787847272.29,17A6,0,0,59,0.0
1787847272.32,17B0,23,0,59,0.0
1787847272.35,17B1,32,0,59,0.0
1787847272.38,17B2,4,0,59,0.0
1787847272.42,17B3,91,0,59,0.0
1787847272.46,17B5,80,0,59,0.0
1787847272.49,17B6,0,0,59,0.0
1787847272.52,17B8,240,0,59,0.0
1787847272.55,17BA,0,0,59,0.0
1787847272.59,17BB,0,0,59,0.0
1787847272.62,17BC,0,0,59,0.0
1787847272.65,17BD,133,0,59,0.0
1787847272.68,17BE,0,0,59,0.0
1787847272.71,17C1,234,0,59,0.0
1787847272.74,3201,23,112,59,0.0
1787847272.91,0000,190,63,59,0.0
1787847272.94,0002,0,0,59,0.0
1787847272.98,0003,2,0,59,0.0
1787847273.01,0005,99,0,59,0.0
1787847273.04,0006,130,0,59,0.0
1787847273.07,0007,127,0,59,0.0
1787847273.10,000B,45,0,59,0.0
1787847273.14,000C,13,109,59,0.0
1787847273.17,000D,0,0,59,0.0
1787847273.20,000E,136,0,59,0.0
1787847273.23,000F,76,0,59,0.0
1787847273.26,0010,1,89,59,0.0
1787847273.30,0011,29,0,59,0.0
1787847273.33,0013,1,0,59,0.0
1787847273.36,001C,10,0,59,0.0
1787847273.39,001F,0,152,59,0.0
1787847273.43,0020,128,21,59,0.0
1787847273.46,0021,0,0,59,0.0
1787847273.50,002C,0,0,59,0.0
1787847273.53,002E,0,0,59,0.0
1787847273.56,0030,255,0,59,0.0
1787847273.59,003C,12,112,59,0.0
1787847273.62,0040,104,0,59,0.0
1787847273.66,0042,54,217,59,0.0
1787847273.69,0043,0,77,59,0.0
1787847273.72,0200,0,0,59,0.0
1787847273.75,0202,0,0,59,0.0
1787847273.78,0900,6,104,59,0.0
1787847273.82,0968,0,0,59,0.0
1787847273.85,096E,13,100,59,0.0
1787847273.88,097C,112,87,59,0.0
1787847273.94,1101,1,0,59,0.0
1787847273.98,1103,20,0,59,0.0
1787847274.01,1104,1,0,59,0.0
1787847274.04,114A,85,0,59,0.0
1787847274.08,114D,72,192,59,0.0
1787847274.11,1153,67,74,59,0.0
1787847274.14,1154,29,128,59,0.0
1787847274.18,1169,29,128,59,0.0
1787847274.21,1173,1,69,59,0.0
1787847274.24,1177,22,188,59,0.0
1787847274.27,1410,1,92,59,0.0
1787847274.30,1631,1,0,59,0.0
1787847274.34,1678,0,0,59,0.0
1787847274.37,1681,0,0,59,0.0
1787847274.40,16CD,0,0,59,0.0
1787847274.43,16CE,0,0,59,0.0
1787847274.46,16CF,12,120,59,0.0
1787847274.50,16E8,66,125,59,0.0
1787847274.54,16E9,0,120,59,0.0
1787847274.57,16F0,3,131,59,0.0
1787847274.60,1704,0,0,59,0.0
1787847274.63,1706,128,0,59,0.0
1787847274.66,1709,0,0,59,0.0
1787847274.70,1717,1,0,59,0.0
1787847274.73,1718,1,0,59,0.0
1787847274.76,1746,0,0,59,0.0
1787847274.80,1782,194,128,59,0.0
1787847274.83,1783,110,192,59,0.0
1787847274.86,17A0,34,0,59,0.0
1787847274.89,17A6,0,0,59,0.0
1787847274.93,17B0,22,0,59,0.0
1787847274.96,17B1,32,0,59,0.0
1787847274.99,17B2,4,0,59,0.0
1787847275.02,17B3,91,0,59,0.0
1787847275.06,17B5,80,0,59,0.0
1787847275.09,17B6,0,0,59,0.0
1787847275.12,17B8,240,0,59,0.0
1787847275.15,17BA,0,0,59,0.0
1787847275.18,17BB,0,0,59,0.0
1787847275.22,17BC,0,0,59,0.0
1787847275.25,17BD,133,0,59,0.0
1787847275.29,17BE,0,0,60,0.0
1787847275.32,17C1,234,0,60,0.0
1787847275.35,3201,23,112,60,0.0
1787847275.51,0000,190,63,60,0.0
1787847275.54,0002,0,0,60,0.0
1787847275.57,0003,2,0,60,0.0
1787847275.61,0005,100,0,60,0.0
1787847275.65,0006,128,0,60,0.0
1787847275.68,0007,127,0,60,0.0
1787847275.71,000B,45,0,60,0.0
1787847275.74,000C,13,76,60,0.0
1787847275.78,000D,0,0,60,0.0
1787847275.81,000E,137,0,60,0.0
1787847275.84,000F,76,0,60,0.0
1787847275.87,0010,1,93,60,0.0
1787847275.90,0011,29,0,60,0.0
1787847275.94,0013,1,0,60,0.0
1787847275.98,001C,10,0,60,0.0
1787847276.01,001F,0,153,60,0.0
1787847276.04,0020,128,21,60,0.0
1787847276.07,0021,0,0,60,0.0
1787847276.10,002C,0,0,60,0.0
1787847276.14,002E,0,0,60,0.0
1787847276.17,0030,255,0,60,0.0
1787847276.20,003C,12,139,60,0.0
1787847276.23,0040,104,0,60,0.0
1787847276.26,0042,54,204,60,0.0
1787847276.29,0043,0,78,60,0.0
1787847276.33,0200,0,0,60,0.0
1787847276.36,0202,0,0,60,0.0
1787847276.40,0900,6,104,60,0.0
1787847276.43,0968,0,0,60,0.0
1787847276.46,096E,13,70,60,0.0
1787847276.50,097C,112,88,60,0.0
1787847276.53,098E,0,0,60,0.0
1787847276.56,1101,1,0,60,0.0
1787847276.59,1103,20,0,60,0.0
1787847276.62,1104,1,0,60,0.0
1787847276.65,114A,85,0,60,0.0
1787847276.69,114D,72,64,60,0.0
1787847276.73,1153,67,84,60,0.0
1787847276.76,1154,29,128,60,0.0
1787847276.79,1169,29,128,60,0.0
1787847276.82,1173,0,80,60,0.0
1787847276.85,1177,22,168,60,0.0
1787847276.89,1410,1,85,60,0.0
1787847276.92,1631,1,0,60,0.0
1787847276.95,1678,0,0,60,0.0
1787847276.98,1681,0,0,60,0.0
1787847277.01,16CD,0,0,60,0.0
1787847277.05,16CE,0,0,60,0.0
1787847277.08,16CF,12,75,60,0.0
1787847277.11,16E8,66,235,60,0.0
1787847277.14,16E9,0,120,60,0.0
1787847277.17,16F0,3,131,60,0.0
1787847277.21,1704,0,0,60,0.0
1787847277.24,1706,128,0,60,0.0
1787847277.28,1709,0,0,60,0.0
1787847277.31,1717,1,0,60,0.0
1787847277.34,1718,1,0,60,0.0
1787847277.37,1746,0,0,60,0.0
1787847277.41,1782,194,128,60,0.0
1787847277.44,1783,110,192,60,0.0
1787847277.47,17A0,34,0,60,0.0
1787847277.50,17A6,0,0,60,0.0
1787847277.53,17B0,22,0,60,0.0
1787847277.57,17B1,32,0,60,0.0
1787847277.61,17B2,4,0,60,0.0
1787847277.64,17B3,91,0,60,0.0
1787847277.67,17B5,80,0,60,0.0
1787847277.70,17B6,0,0,60,0.0
1787847277.73,17B8,240,0,60,0.0
1787847277.77,17BA,0,0,60,0.0
1787847277.80,17BB,0,0,60,0.0
1787847277.83,17BC,0,0,60,0.0
1787847277.86,17BD,133,0,60,0.0
1787847277.90,17BE,0,0,60,0.0
1787847277.93,17C1,234,0,60,0.0
1787847277.96,3201,23,112,60,0.0
1787847278.12,0000,190,63,60,0.0
1787847278.15,0002,0,0,60,0.0
1787847278.18,0003,2,0,60,0.0
1787847278.21,0005,100,0,60,0.0
1787847278.25,0006,129,0,60,0.0
1787847278.28,0007,127,0,60,0.0
1787847278.31,000B,45,0,60,0.0
1787847278.35,000C,13,55,60,0.0
1787847278.38,000D,0,0,60,0.0
1787847278.41,000E,137,0,60,0.0
1787847278.45,000F,76,0,60,0.0
1787847278.48,0010,1,89,60,0.0
1787847278.51,0011,29,0,60,0.0
1787847278.54,0013,1,0,60,0.0
1787847278.57,001C,10,0,60,0.0
1787847278.61,001F,0,156,60,0.0
1787847278.64,0020,128,21,60,0.0
1787847278.67,0021,0,0,60,0.0
1787847278.70,002C,0,0,60,0.0
1787847278.73,002E,0,0,60,0.0
1787847278.77,0030,255,0,60,0.0
1787847278.80,003C,12,169,60,0.0
1787847278.84,0040,104,0,60,0.0
1787847278.87,0042,54,221,60,0.0
1787847278.90,0043,0,78,60,0.0
1787847278.93,0200,0,0,60,0.0
1787847278.97,0202,0,0,60,0.0
1787847279.00,0900,6,109,60,0.0
1787847279.03,0968,0,0,60,0.0
1787847279.06,096E,13,54,60,0.0
1787847279.09,097C,112,91,60,0.0
1787847279.13,098E,0,0,60,0.0
1787847279.16,1101,1,0,60,0.0
1787847279.19,1103,20,0,60,0.0
1787847279.23,1104,1,0,60,0.0
1787847279.25,114A,85,0,60,0.0
1787847279.29,114D,71,192,60,0.0
1787847279.33,1153,66,152,60,0.0
1787847279.36,1154,29,128,60,0.0
1787847279.39,1169,29,128,60,0.0
1787847279.42,1173,0,175,60,0.0
1787847279.45,1177,22,148,60,0.0
1787847279.49,1410,1,79,60,0.0
1787847279.52,1631,1,0,60,0.0
1787847279.55,1678,0,0,60,0.0
1787847279.58,1681,0,0,60,0.0
1787847279.61,16CD,0,0,60,0.0
1787847279.65,16CE,0,0,60,0.0
1787847279.68,16CF,12,37,60,0.0
1787847279.71,16E8,66,219,60,0.0
1787847279.74,16E9,0,119,60,0.0
1787847279.77,16F0,3,131,60,0.0
1787847279.81,1704,0,0,60,0.0
1787847279.85,1706,128,0,60,0.0
1787847279.88,1709,0,0,60,0.0
1787847279.91,1717,1,0,60,0.0
1787847279.94,1718,1,0,60,0.0
1787847279.97,1746,0,0,60,0.0
1787847280.01,1782,194,64,60,0.0
1787847280.04,1783,110,192,60,0.0
1787847280.07,17A0,35,0,60,0.0
1787847280.10,17A6,0,0,60,0.0
1787847280.13,17B0,22,0,60,0.0
1787847280.17,17B1,32,0,60,0.0
1787847280.20,17B2,4,0,60,0.0
1787847280.24,17B3,92,0,60,0.0
1787847280.27,17B5,80,0,60,0.0
1787847280.30,17B6,0,0,60,0.0
1787847280.33,17B8,240,0,60,0.0
1787847280.37,17BA,0,0,60,0.0
1787847280.40,17BB,0,0,60,0.0
1787847280.43,17BC,0,0,60,0.0
1787847280.46,17BD,132,0,60,0.0
1787847280.49,17BE,0,0,60,0.0
1787847280.53,17C1,234,0,60,0.0
1787847280.56,3201,23,112,60,0.0
1787847280.73,0000,190,63,60,0.0
1787847280.76,0002,0,0,60,0.0
1787847280.79,0003,2,0,60,0.0
1787847280.82,0005,100,0,60,0.0
1787847280.85,0006,128,0,60,0.0
1787847280.89,0007,127,0,60,0.0
1787847280.92,000B,45,0,60,0.0
1787847280.95,000C,13,93,60,0.0
1787847280.98,000D,0,0,60,0.0
1787847281.01,000E,145,0,60,0.0
1787847281.05,000F,76,0,60,0.0
1787847281.09,0010,1,89,60,0.0
1787847281.12,0011,29,0,60,0.0
1787847281.15,0013,1,0,60,0.0
1787847281.18,001C,10,0,60,0.0
1787847281.21,001F,0,158,60,0.0
1787847281.25,0020,128,21,60,0.0
1787847281.28,0021,0,0,60,0.0
1787847281.31,002C,0,0,60,0.0
1787847281.34,002E,0,0,60,0.0
1787847281.37,0030,255,0,60,0.0
1787847281.41,003C,12,195,60,0.0
1787847281.44,0040,104,0,60,0.0
1787847281.47,0042,54,212,60,0.0
1787847281.50,0043,0,77,60,0.0
1787847281.53,0200,0,0,60,0.0
1787847281.57,0202,0,0,60,0.0
1787847281.60,0900,6,84,60,0.0
1787847281.63,0968,0,0,60,0.0
1787847281.67,096E,13,35,60,0.0
1787847281.70,097C,112,93,60,0.0
1787847281.73,098E,0,0,60,0.0
1787847281.77,1101,1,0,60,0.0
1787847281.80,1103,4,0,60,0.0
1787847281.83,1104,1,0,60,0.0
1787847281.86,114A,84,192,60,0.0
1787847281.89,114D,71,64,60,0.0
1787847281.93,1153,66,194,60,0.0
1787847281.96,1154,29,128,60,0.0
1787847281.99,1169,29,128,60,0.0
1787847282.02,1173,3,142,60,0.0
1787847282.05,1177,22,128,60,0.0
1787847282.09,1410,1,81,60,0.0
1787847282.12,1631,1,0,60,0.0
1787847282.16,1678,0,0,60,0.0
1787847282.19,1681,0,0,60,0.0
1787847282.22,16CD,0,0,60,0.0
1787847282.25,16CE,0,0,60,0.0
1787847282.29,16CF,12,48,60,0.0
1787847282.32,16E8,64,72,60,0.0
1787847282.35,16E9,0,120,60,0.0
1787847282.38,16F0,3,131,60,0.0
1787847282.41,1704,0,0,60,0.0
1787847282.45,1706,128,0,60,0.0
1787847282.49,1709,0,0,60,0.0
1787847282.52,1717,1,0,60,0.0
1787847282.55,1718,1,0,60,0.0
1787847282.58,1746,0,0,60,0.0
1787847282.61,1782,194,64,60,0.0
1787847282.65,1783,110,192,60,0.0
1787847282.68,17A0,35,0,60,0.0
1787847282.71,17A6,0,0,60,0.0
1787847282.74,17B0,22,0,60,0.0
1787847282.77,17B1,32,0,60,0.0
1787847282.81,17B2,4,0,60,0.0
1787847282.84,17B3,92,0,60,0.0
1787847282.88,17B5,80,0,60,0.0
1787847282.91,17B6,0,0,60,0.0
1787847282.94,17B8,240,0,60,0.0
1787847282.97,17BA,0,0,60,0.0
1787847283.01,17BB,0,0,60,0.0
1787847283.04,17BC,0,0,60,0.0
1787847283.07,17BD,132,0,60,0.0
1787847283.10,17BE,0,0,60,0.0
1787847283.13,17C1,234,0,60,0.0
1787847283.17,3201,23,112,60,0.0
1787847283.33,0000,190,63,60,0.0
1787847283.37,0002,0,0,60,0.0
1787847283.40,0003,2,0,60,0.0
1787847283.43,0005,100,0,60,0.0
1787847283.46,0006,125,0,60,0.0
1787847283.49,0007,127,0,60,0.0
1787847283.53,000B,45,0,60,0.0
1787847283.56,000C,13,41,60,0.0
1787847283.59,000D,0,0,60,0.0
1787847283.62,000E,149,0,60,0.0
1787847283.65,000F,76,0,60,0.0
1787847283.69,0010,1,81,60,0.0
1787847283.72,0011,29,0,60,0.0
1787847283.75,0013,1,0,60,0.0
1787847283.78,001C,10,0,60,0.0
1787847283.81,001F,0,161,61,0.0
1787847283.85,0020,128,21,61,0.0
1787847283.88,0021,0,0,61,0.0
1787847283.92,002C,0,0,60,0.0
1787847283.95,002E,0,0,60,0.0
1787847283.98,0030,255,0,60,0.0
1787847284.05,0040,104,0,61,0.0
1787847284.08,0042,54,213,61,0.0
1787847284.11,0043,0,77,61,0.0
1787847284.14,0200,0,0,61,0.0
1787847284.17,0202,0,0,61,0.0
1787847284.21,0900,6,94,61,0.0
1787847284.24,0968,0,0,61,0.0
1787847284.27,096E,13,26,61,0.0
1787847284.31,097C,112,89,61,0.0
1787847284.34,098E,0,0,61,0.0
1787847284.37,1101,1,0,61,0.0
1787847284.41,1103,4,0,61,0.0
1787847284.44,1104,1,0,61,0.0
1787847284.47,114A,84,192,61,0.0
1787847284.51,114D,70,192,61,0.0
1787847284.53,1153,66,161,61,0.0
1787847284.57,1154,29,128,61,0.0
1787847284.60,1169,29,128,61,0.0
1787847284.63,1173,0,100,61,0.0
1787847284.69,1410,1,84,61,0.0
1787847284.73,1631,1,0,61,0.0
1787847284.77,1678,0,0,61,0.0
1787847284.80,1681,0,0,61,0.0
1787847284.83,16CD,0,0,61,0.0
1787847284.86,16CE,0,0,61,0.0
1787847284.89,16CF,12,108,61,0.0
1787847284.93,16E8,69,194,61,0.0
1787847284.96,16E9,0,120,61,0.0
1787847284.99,16F0,3,131,61,0.0
1787847285.02,1704,0,0,61,0.0
1787847285.06,1706,128,0,61,0.0
1787847285.09,1709,0,0,61,0.0
1787847285.12,1717,1,0,61,0.0
1787847285.16,1718,1,0,61,0.0
1787847285.19,1746,0,0,61,0.0
1787847285.22,1782,194,0,61,0.0
1787847285.25,1783,110,192,61,0.0
1787847285.29,17A0,35,0,61,0.0
1787847285.32,17A6,0,0,61,0.0
1787847285.35,17B0,22,0,61,0.0
1787847285.38,17B1,32,0,61,0.0
1787847285.41,17B2,4,0,61,0.0
1787847285.45,17B3,92,0,61,0.0
1787847285.48,17B5,80,0,61,0.0
1787847285.51,17B6,0,0,61,0.0
1787847285.55,17B8,240,0,61,0.0
1787847285.58,17BA,0,0,61,0.0
1787847285.61,17BB,0,0,61,0.0
1787847285.65,17BC,0,0,61,0.0
1787847285.68,17BD,132,0,61,0.0
1787847285.71,17BE,0,0,61,0.0
1787847285.74,17C1,234,0,61,0.0
1787847285.77,3201,23,112,61,0.0
1787847285.94,0000,190,63,61,0.0
1787847285.97,0002,0,0,61,0.0
1787847286.01,0003,2,0,61,0.0
1787847286.04,0005,101,0,61,0.0
1787847286.07,0006,125,0,61,0.0
1787847286.10,0007,127,0,61,0.0
1787847286.14,000B,45,0,61,0.0
1787847286.17,000C,13,33,61,0.0
1787847286.21,000D,0,0,61,0.0
1787847286.24,000E,148,0,61,0.0
1787847286.27,000F,76,0,61,0.0
1787847286.30,0010,1,85,61,0.0
1787847286.33,0011,29,0,61,0.0
1787847286.37,0013,1,0,61,0.0
1787847286.40,001C,10,0,61,0.0
1787847286.43,001F,0,164,61,0.0
1787847286.46,0020,128,21,61,0.0
1787847286.49,0021,0,0,61,0.0
1787847286.53,002C,0,0,61,0.0
1787847286.57,002E,0,0,61,0.0
1787847286.60,0030,255,0,61,0.0
1787847286.63,003C,12,250,61,0.0
1787847286.66,0040,104,0,61,0.0
1787847286.70,0042,54,215,61,0.0
1787847286.73,0043,0,78,61,0.0
1787847286.77,0200,0,0,61,0.0
1787847286.80,0202,0,0,61,0.0
1787847286.83,0900,6,94,61,0.0
1787847286.86,0968,0,0,61,0.0
1787847286.89,096E,13,17,61,0.0
1787847286.93,097C,112,91,61,0.0
1787847286.96,098E,0,0,61,0.0
1787847287.00,1101,1,0,61,0.0
1787847287.03,1103,4,0,61,0.0
1787847287.06,1104,1,0,61,0.0
1787847287.09,114A,84,192,61,0.0
1787847287.13,114D,70,64,61,0.0
1787847287.16,1153,66,176,61,0.0
1787847287.19,1154,29,128,61,0.0
1787847287.22,1169,29,128,61,0.0
1787847287.25,1173,0,95,61,0.0
1787847287.29,1177,22,128,61,0.0
1787847287.32,1410,1,86,61,0.0
1787847287.35,1631,1,0,61,0.0
1787847287.38,1678,0,0,61,0.0
1787847287.41,1681,0,0,61,0.0
1787847287.45,16CD,0,0,61,0.0
1787847287.48,16CE,0,0,61,0.0
1787847287.51,16CF,12,117,61,0.0
1787847287.54,16E8,68,25,61,0.0
1787847287.57,16E9,0,120,61,0.0
1787847287.61,16F0,3,131,61,0.0
1787847287.64,1704,0,0,61,0.0
1787847287.68,1706,128,0,61,0.0
1787847287.71,1709,0,0,61,0.0
1787847287.74,1717,1,0,61,0.0
1787847287.77,1718,1,0,61,0.0
1787847287.81,1746,0,0,61,0.0
1787847287.84,1782,193,192,61,0.0
1787847287.87,1783,110,192,61,0.0
1787847287.90,17A0,34,0,61,0.0
1787847287.93,17A6,0,0,61,0.0
1787847287.97,17B0,22,0,61,0.0
1787847288.00,17B1,32,0,61,0.0
1787847288.03,17B2,4,0,61,0.0
1787847288.06,17B3,92,0,61,0.0
1787847288.10,17B5,80,0,61,0.0
1787847288.13,17B6,0,0,61,0.0
1787847288.20,17BA,0,0,61,0.0
1787847288.23,17BB,0,0,61,0.0
1787847288.26,17BC,0,0,61,0.0
1787847288.29,17BD,132,0,61,0.0
1787847288.33,17BE,0,0,61,0.0
1787847288.37,17C1,234,0,61,0.0
1787847288.40,3201,23,112,61,0.0
1787847288.56,0000,190,63,61,0.0
1787847288.59,0002,0,0,61,0.0
1787847288.62,0003,2,0,61,0.0
1787847288.65,0005,101,0,61,0.0
1787847288.69,0006,127,0,61,0.0
1787847288.73,0007,127,0,61,0.0
1787847288.76,000B,45,0,61,0.0
1787847288.79,000C,13,34,61,0.0
1787847288.82,000D,0,0,61,0.0
1787847288.85,000E,149,0,61,0.0
1787847288.89,000F,76,0,61,0.0
1787847288.92,0010,1,81,61,0.0
1787847288.95,0011,29,0,61,0.0
1787847288.98,0013,1,0,61,0.0
1787847289.01,001C,10,0,61,0.0
1787847289.05,001F,0,166,61,0.0
1787847289.09,0020,128,21,61,0.0
1787847289.12,0021,0,0,61,0.0
1787847289.15,002C,0,0,61,0.0
1787847289.18,002E,0,0,61,0.0
1787847289.25,003C,13,23,61,0.0
1787847289.28,0040,104,0,61,0.0
1787847289.31,0042,54,205,61,0.0
1787847289.34,0043,0,77,61,0.0
1787847289.38,0200,0,0,61,0.0
1787847289.41,0202,0,0,61,0.0
1787847289.45,0900,6,94,61,0.0
1787847289.48,0968,0,0,61,0.0
1787847289.51,096E,13,9,61,0.0
1787847289.54,097C,112,92,61,0.0
1787847289.57,098E,0,0,61,0.0
1787847289.61,1101,1,0,61,0.0
1787847289.64,1103,4,0,61,0.0
1787847289.67,1104,1,0,61,0.0
1787847289.70,114A,84,128,61,0.0
1787847289.73,114D,69,192,61,0.0
1787847289.77,1153,66,107,61,0.0
1787847289.80,1154,29,128,61,0.0
1787847289.83,1169,29,128,61,0.0
1787847289.86,1173,0,80,61,0.0
1787847289.89,1177,22,88,61,0.0
1787847289.93,1410,1,81,61,0.0
1787847289.97,1631,1,0,61,0.0
1787847290.00,1678,0,0,61,0.0
1787847290.03,1681,0,0,61,0.0
1787847290.06,16CD,0,0,61,0.0
1787847290.09,16CE,0,0,61,0.0
1787847290.13,16CF,12,128,61,0.0
1787847290.16,16E8,68,12,61,0.0
1787847290.19,16E9,0,120,61,0.0
1787847290.22,16F0,3,131,61,0.0
1787847290.25,1704,0,0,61,0.0
1787847290.29,1706,128,0,61,0.0
1787847290.32,1709,0,0,61,0.0
1787847290.35,1717,1,0,61,0.0
1787847290.38,1718,1,0,61,0.0
1787847290.41,1746,0,0,61,0.0
1787847290.45,1782,193,192,61,0.0
1787847290.48,1783,110,192,61,0.0
1787847290.51,17A0,34,0,61,0.0
1787847290.54,17A6,0,0,61,0.0
1787847290.58,17B0,22,0,61,0.0
1787847290.61,17B1,32,0,61,0.0
1787847290.65,17B2,4,0,61,0.0
1787847290.68,17B3,92,0,61,0.0
1787847290.71,17B5,80,0,61,0.0
1787847290.74,17B6,0,0,61,0.0
1787847290.77,17B8,240,0,61,0.0
1787847290.81,17BA,0,0,61,0.0
1787847290.84,17BB,0,0,61,0.0
1787847290.88,17BC,0,0,61,0.0
1787847290.91,17BD,132,0,61,0.0
1787847290.94,17BE,0,0,61,0.0
1787847290.97,17C1,234,0,61,0.0
1787847291.01,3201,23,112,61,0.0
1787847291.18,0000,190,63,61,0.0
1787847291.21,0002,0,0,61,0.0
1787847291.24,0003,2,0,61,0.0
1787847291.27,0005,101,0,61,0.0
1787847291.30,0006,128,0,61,0.0
1787847291.33,0007,127,0,61,0.0
1787847291.37,000B,44,0,61,0.0
1787847291.40,000C,13,33,61,0.0
1787847291.43,000D,0,0,61,0.0
1787847291.49,000F,76,0,61,0.0
1787847291.53,0010,1,78,61,0.0
1787847291.56,0011,29,0,61,0.0
1787847291.59,0013,1,0,62,0.0
1787847291.62,001C,10,0,62,0.0
1787847291.65,001F,0,169,62,0.0
1787847291.69,0020,128,21,61,0.0
1787847291.73,0021,0,0,61,0.0
1787847291.76,002C,0,0,61,0.0
1787847291.79,002E,0,0,62,0.0
1787847291.82,0030,255,0,62,0.0
1787847291.85,003C,13,48,62,0.0
1787847291.89,0040,104,0,62,0.0
1787847291.92,0042,54,220,62,0.0
1787847291.95,0043,0,76,62,0.0
1787847291.98,0200,0,0,62,0.0
1787847292.01,0202,0,0,62,0.0
1787847292.05,0900,6,84,62,0.0
1787847292.08,0968,0,0,62,0.0
1787847292.11,096E,13,0,62,0.0
1787847292.14,097C,112,90,62,0.0
1787847292.18,098E,0,0,62,0.0
1787847292.21,1101,1,0,62,0.0
1787847292.24,1103,4,0,62,0.0
1787847292.28,1104,1,0,62,0.0
1787847292.31,114A,84,128,62,0.0
1787847292.34,114D,69,64,62,0.0
1787847292.37,1153,66,86,62,0.0
1787847292.41,1154,29,128,62,0.0
1787847292.44,1169,29,128,62,0.0
1787847292.47,1173,2,68,62,0.0
1787847292.50,1177,22,128,62,0.0
1787847292.53,1410,1,74,62,0.0
1787847292.57,1631,1,0,62,0.0
1787847292.60,1678,0,0,62,0.0
1787847292.63,1681,0,0,62,0.0
1787847292.66,16CD,0,0,62,0.0
1787847292.70,16CE,0,0,62,0.0
1787847292.73,16CF,12,120,62,0.0
1787847292.80,16E9,0,120,62,0.0
1787847292.83,16F0,3,131,62,0.0
1787847292.86,1704,0,0,62,0.0
1787847292.89,1706,128,0,62,0.0
1787847292.93,1709,0,0,62,0.0
1787847292.96,1717,1,0,62,0.0
1787847292.99,1718,1,0,62,0.0
1787847293.02,1746,0,0,62,0.0
1787847293.05,1782,193,128,62,0.0
1787847293.09,1783,110,192,62,0.0
1787847293.13,17A0,34,0,62,0.0
1787847293.16,17A6,0,0,62,0.0
1787847293.19,17B0,21,0,62,0.0
1787847293.22,17B1,32,0,62,0.0
1787847293.25,17B2,4,0,62,0.0
1787847293.29,17B3,92,0,62,0.0
1787847293.32,17B5,80,0,62,0.0
1787847293.35,17B6,0,0,62,0.0
1787847293.38,17B8,240,0,62,0.0
1787847293.41,17BA,0,0,62,0.0
1787847293.45,17BB,0,0,62,0.0
1787847293.48,17BC,0,0,62,0.0
1787847293.51,17BD,132,0,62,0.0
1787847293.54,17BE,0,0,62,0.0
1787847293.57,17C1,234,0,62,0.0
1787847293.61,3201,23,112,62,0.0
1787847293.77,0000,190,63,62,0.0
1787847293.81,0002,0,0,62,0.0
1787847293.84,0003,2,0,62,0.0
1787847293.87,0005,102,0,62,0.0
1787847293.90,0006,129,0,62,0.0
1787847293.93,0007,127,0,62,0.0
1787847293.97,000B,45,0,62,0.0
1787847294.00,000C,13,19,62,0.0
1787847294.03,000D,0,0,62,0.0
1787847294.09,000F,76,0,62,0.0
1787847294.13,0010,1,78,62,0.0
1787847294.16,0011,29,0,62,0.0
1787847294.20,0013,1,0,62,0.0
1787847294.23,001C,10,0,62,0.0
1787847294.26,001F,0,172,62,0.0
1787847294.29,0020,128,21,62,0.0
1787847294.33,0021,0,0,62,0.0
1787847294.36,002C,0,0,62,0.0
1787847294.39,002E,0,0,62,0.0
1787847294.42,0030,255,0,62,0.0
1787847294.45,003C,13,77,62,0.0
1787847294.49,0040,104,0,62,0.0
1787847294.52,0042,54,201,62,0.0
1787847294.55,0043,0,77,62,0.0
1787847294.59,0200,0,0,62,0.0
1787847294.62,0202,0,0,62,0.0
1787847294.65,0900,6,89,62,0.0
1787847294.69,0968,0,0,62,0.0
1787847294.72,096E,12,247,62,0.0
1787847294.75,097C,112,92,62,0.0
1787847294.78,098E,0,0,62,0.0
1787847294.81,1101,1,0,62,0.0
1787847294.85,1103,4,0,62,0.0
1787847294.88,1104,1,0,62,0.0
1787847294.95,114D,68,192,62,0.0
1787847294.98,1153,66,100,62,0.0
1787847295.01,1154,29,128,62,0.0
1787847295.05,1169,29,128,62,0.0
1787847295.08,1173,2,163,62,0.0
1787847295.11,1177,22,168,62,0.0
1787847295.14,1410,1,80,62,0.0
1787847295.17,1631,1,0,62,0.0
1787847295.21,1678,0,0,62,0.0
1787847295.24,1681,0,0,62,0.0
1787847295.27,16CD,0,0,62,0.0
1787847295.30,16CE,0,0,62,0.0
1787847295.33,16CF,12,76,62,0.0
1787847295.36,16E8,67,182,62,0.0
1787847295.40,16E9,0,120,62,0.0
1787847295.43,16F0,3,131,62,0.0
1787847295.46,1704,0,0,62,0.0
1787847295.49,1706,128,0,62,0.0
1787847295.53,1709,0,0,62,0.0
1787847295.56,1717,1,0,62,0.0
1787847295.60,1718,1,0,62,0.0
1787847295.63,1746,0,0,62,0.0
1787847295.66,1782,193,64,62,0.0
1787847295.69,1783,110,192,62,0.0
1787847295.72,17A0,34,0,62,0.0
1787847295.76,17A6,0,0,62,0.0
1787847295.79,17B0,21,0,62,0.0
1787847295.82,17B1,32,0,62,0.0
1787847295.86,17B2,4,0,62,0.0
1787847295.89,17B3,92,0,62,0.0
1787847295.93,17B5,80,0,62,0.0
1787847295.96,17B6,0,0,62,0.0
1787847295.99,17B8,240,0,62,0.0
1787847296.02,17BA,0,0,62,0.0
1787847296.05,17BB,0,0,62,0.0
1787847296.08,17BC,0,0,62,0.0
1787847296.12,17BD,132,0,62,0.0
1787847296.15,17BE,0,0,62,0.0
1787847296.18,17C1,234,0,62,0.0
1787847296.21,3201,23,112,62,0.0
1787847296.38,0000,190,63,62,0.0
1787847296.41,0002,0,0,62,0.0
1787847296.44,0003,2,0,62,0.0
1787847296.48,0005,102,0,62,0.0
1787847296.51,0006,127,0,62,0.0
1787847296.54,0007,127,0,62,0.0
1787847296.57,000B,45,0,62,0.0
1787847296.60,000C,12,239,62,0.0
1787847296.64,000D,0,0,62,0.0
1787847296.67,000E,150,0,62,0.0
1787847296.70,000F,76,0,62,0.0
1787847296.73,0010,1,74,62,0.0
1787847296.76,0011,29,0,62,0.0
1787847296.81,0013,1,0,62,0.0
1787847296.84,001C,10,0,62,0.0
1787847296.87,001F,0,174,62,0.0
1787847296.90,0020,128,21,62,0.0
1787847296.93,0021,0,0,62,0.0
1787847296.96,002C,0,0,62,0.0
1787847297.00,002E,0,0,62,0.0
1787847297.03,0030,255,0,62,0.0
1787847297.06,003C,13,101,62,0.0
1787847297.09,0040,104,0,62,0.0
1787847297.13,0042,54,221,62,0.0
1787847297.16,0043,0,77,62,0.0
1787847297.19,0200,0,0,62,0.0
1787847297.22,0202,0,0,62,0.0
1787847297.25,0900,6,94,62,0.0
1787847297.29,0968,0,0,62,0.0
1787847297.32,096E,12,242,62,0.0
1787847297.36,097C,112,93,62,0.0
1787847297.39,098E,0,0,62,0.0
1787847297.42,1101,1,0,62,0.0
1787847297.45,1103,4,0,62,0.0
1787847297.48,1104,1,0,62,0.0
1787847297.52,114A,84,128,62,0.0
1787847297.55,114D,68,64,62,0.0
1787847297.58,1153,66,35,62,0.0
1787847297.64,1169,29,128,62,0.0
1787847297.68,1173,0,100,62,0.0
1787847297.71,1177,22,88,62,0.0
1787847297.74,1410,1,85,62,0.0
1787847297.77,1631,1,0,62,0.0
1787847297.80,1678,0,0,62,0.0
1787847297.84,1681,0,0,62,0.0
1787847297.88,16CD,0,0,62,0.0
1787847297.91,16CE,0,0,62,0.0
1787847297.94,16CF,12,114,62,0.0
1787847297.97,16E8,66,17,62,0.0
1787847298.00,16E9,0,120,62,0.0
1787847298.04,16F0,3,131,62,0.0
1787847298.07,1704,0,0,62,0.0
1787847298.10,1706,128,0,62,0.0
1787847298.13,1709,0,0,62,0.0
1787847298.16,1717,1,0,62,0.0
1787847298.20,1718,1,0,62,0.0
1787847298.23,1746,0,0,62,0.0
1787847298.29,1783,110,192,62,0.0
1787847298.33,17A0,34,0,62,0.0
1787847298.36,17A6,0,0,62,0.0
1787847298.40,17B0,22,0,62,0.0
1787847298.43,17B1,32,0,62,0.0
1787847298.46,17B2,4,0,62,0.0
1787847298.49,17B3,92,0,62,0.0
1787847298.52,17B5,80,0,62,0.0
1787847298.56,17B6,0,0,62,0.0
1787847298.59,17B8,240,0,62,0.0
1787847298.62,17BA,0,0,62,0.0
1787847298.65,17BB,0,0,62,0.0
1787847298.68,17BC,0,0,62,0.0
1787847298.72,17BD,132,0,62,0.0
1787912521.93,17BE,0,0,62,0.0
1787912521.96,17C1,234,0,62,0.0
1787912521.99,3201,23,112,62,0.0
1787912522.16,0000,190,63,62,0.0
1787912522.19,0002,0,0,62,0.0
1787912522.22,0003,2,0,62,0.0
1787912522.26,0005,102,0,62,0.0
1787912522.29,0006,127,0,62,0.0
1787912522.32,0007,127,0,62,0.0
1787912522.36,000B,45,0,62,0.0
1787912522.39,000C,12,233,62,0.0
1787912522.42,000D,0,0,62,0.0
1787912522.46,000E,149,0,62,0.0
1787912522.49,000F,76,0,62,0.0
1787912522.52,0010,1,78,62,0.0
1787912522.55,0011,29,0,62,0.0
1787912522.58,0013,1,0,62,0.0
1787912522.62,001C,10,0,62,0.0
1787912522.65,001F,0,177,62,0.0
1787912522.68,0020,128,21,62,0.0
1787912522.71,0021,0,0,62,0.0
1787912522.74,002C,0,0,62,0.0
1787912522.78,002E,0,0,62,0.0
1787912522.81,0030,255,0,62,0.0
1787912522.84,003C,13,130,62,0.0
1787912522.87,0040,104,0,62,0.0
1787912522.91,0042,54,214,62,0.0
1787912522.94,0043,0,77,62,0.0
1787912522.98,0200,0,0,62,0.0
1787912523.01,0202,0,0,62,0.0
1787912523.04,0900,6,94,62,0.0
1787912523.07,0968,0,0,62,0.0
1787912523.10,096E,12,233,62,0.0
1787912523.14,097C,112,90,62,0.0
1787912523.17,098E,0,0,62,0.0
1787912523.20,1101,1,0,62,0.0
1787912523.23,1103,4,0,62,0.0
1787912523.26,1104,1,0,62,0.0
1787912523.30,114A,84,64,62,0.0
1787912523.33,114D,67,192,62,0.0
1787912523.36,1153,66,9,62,0.0
1787912523.39,1154,29,128,62,0.0
1787912523.42,1169,29,128,62,0.0
1787912523.46,1173,0,85,62,0.0
1787912523.49,1177,22,68,62,0.0
1787912523.53,1410,1,81,62,0.0
1787912523.56,1631,1,0,62,0.0
1787912523.59,1678,0,0,62,0.0
1787912523.62,1681,0,0,62,0.0
1787912523.66,16CD,0,0,62,0.0
1787912523.69,16CE,0,0,62,0.0
1787912523.72,16CF,12,51,62,0.0
1787912523.76,16E8,64,140,62,0.0
1787912523.79,16E9,0,120,62,0.0
1787912523.82,16F0,3,131,62,0.0
1787912523.86,1704,0,0,62,0.0
1787912523.89,1706,128,0,62,0.0
1787912523.92,1709,0,0,62,0.0
1787912523.95,1717,1,0,62,0.0
1787912523.98,1718,1,0,62,0.0
1787912524.02,1746,0,0,62,0.0
1787912524.05,1782,193,0,62,0.0
1787912524.08,1783,110,192,62,0.0
1787912524.11,17A0,34,0,62,0.0
1787912524.15,17A6,0,0,62,0.0
1787912524.18,17B0,22,0,62,0.0
1787912524.22,17B1,32,0,62,0.0
1787912524.25,17B2,4,0,62,0.0
1787912524.28,17B3,92,0,62,0.0
1787912524.31,17B5,80,0,62,0.0
1787912524.34,17B6,0,0,62,0.0
1787912524.38,17B8,240,0,62,0.0
1787912524.41,17BA,0,0,62,0.0
1787912524.44,17BB,0,0,62,0.0
1787912524.48,17BC,0,0,62,0.0
1787912524.51,17BD,132,0,62,0.0
1787912524.54,17BE,0,0,62,0.0
1787912524.58,17C1,234,0,62,0.0
1787912524.61,3201,23,112,62,0.0
1787912524.77,0000,190,63,62,0.0
1787912524.80,0002,0,0,62,0.0
1787912524.83,0003,2,0,62,0.0
1787912524.86,0005,103,0,63,0.0
1787912524.90,0006,129,0,63,0.0
1787912524.93,0007,127,0,63,0.0
1787912524.96,000B,45,0,63,0.0
1787912525.00,000C,12,248,63,0.0
1787912525.03,000D,0,0,63,0.0
1787912525.06,000E,147,0,63,0.0
1787912525.10,000F,76,0,63,0.0
1787912525.13,0010,1,78,63,0.0
1787912525.16,0011,29,0,63,0.0
1787912525.19,0013,1,0,63,0.0
1787912525.22,001C,10,0,63,0.0
1787912525.26,001F,0,179,63,0.0
1787912525.29,0020,128,21,63,0.0
1787912525.32,0021,0,0,63,0.0
1787912525.36,002C,0,0,63,0.0
1787912525.39,002E,0,0,63,0.0
1787912525.42,0030,255,0,63,0.0
1787912525.46,003C,13,154,63,0.0
1787912525.49,0040,104,0,63,0.0
1787912525.52,0042,54,210,63,0.0
1787912525.55,0043,0,77,63,0.0
1787912525.58,0200,0,0,63,0.0
1787912525.62,0202,0,0,63,0.0
1787912525.65,0900,6,89,63,0.0
1787912525.68,0968,0,0,63,0.0
1787912525.72,096E,12,224,63,0.0
1787912525.75,097C,112,92,63,0.0
1787912525.78,098E,0,0,63,0.0
1787912525.82,1101,1,0,63,0.0
1787912525.85,1103,4,0,63,0.0
1787912525.88,1104,1,0,63,0.0
1787912525.91,114A,84,64,63,0.0
1787912525.94,114D,67,128,63,0.0
1787912525.98,1153,65,175,63,0.0
1787912526.01,1154,29,128,63,0.0
1787912526.04,1169,29,128,63,0.0
1787912526.07,1173,1,249,63,0.0
1787912526.11,1177,22,88,63,0.0
1787912526.14,1410,1,79,63,0.0
1787912526.18,1631,1,0,63,0.0
1787912526.21,1678,0,0,63,0.0
1787912526.24,1681,0,0,63,0.0
1787912526.27,16CD,0,0,63,0.0
1787912526.30,16CE,0,0,63,0.0
1787912526.34,16CF,12,32,63,0.0
1787912526.37,16E8,64,195,63,0.0
1787912526.40,16E9,0,119,63,0.0
1787912526.44,16F0,3,131,63,0.0
1787912526.47,1704,0,0,63,0.0
1787912526.50,1706,128,0,63,0.0
1787912526.54,1709,0,0,63,0.0
1787912526.57,1717,1,0,63,0.0
1787912526.60,1718,1,0,63,0.0
1787912526.63,1746,0,0,63,0.0
1787912526.66,1782,193,0,63,0.0
1787912526.70,1783,110,192,63,0.0
1787912526.73,17A0,34,0,63,0.0
1787912526.76,17A6,0,0,63,0.0
1787912526.79,17B0,21,0,63,0.0
1787912526.82,17B1,32,0,63,0.0
1787912526.86,17B2,4,0,63,0.0
1787912526.93,17B5,80,0,63,0.0
1787912526.96,17B6,0,0,63,0.0
1787912526.99,17B8,240,0,63,0.0
1787912527.02,17BA,0,0,63,0.0
1787912527.06,17BB,0,0,63,0.0
1787912527.09,17BC,0,0,63,0.0
1787912527.12,17BD,132,0,63,0.0
1787912527.15,17BE,0,0,63,0.0
1787912527.18,17C1,234,0,63,0.0
1787912527.22,3201,23,112,63,0.0
1787912527.38,0000,190,63,63,0.0
1787912527.41,0002,0,0,63,0.0
1787912527.45,0003,2,0,63,0.0
1787912527.48,0005,103,0,63,0.0
1787912527.51,0006,129,0,63,0.0
1787912527.54,0007,127,0,63,0.0
1787912527.58,000B,45,0,63,0.0
1787912527.61,000C,12,233,63,0.0
1787912527.64,000D,0,0,63,0.0
1787912527.67,000E,146,0,63,0.0
1787912527.70,000F,76,0,63,0.0
1787912527.74,0010,1,71,63,0.0
1787912527.77,0011,29,0,63,0.0
1787912527.81,0013,1,0,63,0.0
1787912527.84,001C,10,0,63,0.0
1787912527.87,001F,0,182,63,0.0
1787912527.90,0020,128,21,63,0.0
1787912527.94,0021,0,0,63,0.0
1787912527.97,002C,0,0,63,0.0
1787912528.00,002E,0,0,63,0.0
1787912528.03,0030,255,0,63,0.0
1787912528.06,003C,13,182,63,0.0
1787912528.10,0040,104,0,63,0.0
1787912528.13,0042,54,223,63,0.0
1787912528.16,0043,0,76,63,0.0
1787912528.19,0200,0,0,63,0.0
1787912528.22,0202,0,0,63,0.0
1787912528.26,0900,6,89,63,0.0
1787912528.33,096E,12,215,63,0.0
1787912528.36,097C,112,93,63,0.0
1787912528.39,098E,0,0,63,0.0
1787912528.42,1101,1,0,63,0.0
1787912528.46,1103,4,0,63,0.0
1787912528.49,1104,1,0,63,0.0
1787912528.52,114A,84,64,63,0.0
1787912528.55,114D,67,0,63,0.0
1787912528.58,1153,65,231,63,0.0
1787912528.62,1154,29,128,63,0.0
1787912528.65,1169,29,128,63,0.0
1787912528.68,1173,3,37,63,0.0
1787912528.72,1177,22,88,63,0.0
1787912528.75,1410,1,81,63,0.0
1787912528.78,1631,1,0,63,0.0
1787912528.82,1678,0,0,63,0.0
1787912528.85,1681,0,0,63,0.0
1787912528.88,16CD,0,0,63,0.0
1787912528.91,16CE,0,0,63,0.0
1787912528.94,16CF,12,93,63,0.0
1787912528.98,16E8,66,73,63,0.0
1787912529.01,16E9,0,120,63,0.0
1787912529.04,16F0,3,131,63,0.0
1787912529.07,1704,0,0,63,0.0
1787912529.11,1706,128,0,63,0.0
1787912529.14,1709,0,0,63,0.0
1787912529.18,1717,1,0,63,0.0
1787912529.21,1718,1,0,63,0.0
1787912529.24,1746,0,0,63,0.0
1787912529.27,1782,192,192,63,0.0
1787912529.31,1783,110,192,63,0.0
1787912529.34,17A0,34,0,63,0.0
1787912529.37,17A6,0,0,63,0.0
1787912529.40,17B0,21,0,63,0.0
1787912529.43,17B1,32,0,63,0.0
1787912529.46,17B2,4,0,63,0.0
1787912529.50,17B3,92,0,63,0.0
1787912529.53,17B5,80,0,63,0.0
1787912529.56,17B6,0,0,63,0.0
1787912529.60,17B8,240,0,63,0.0
1787912529.63,17BA,0,0,63,0.0
1787912529.66,17BB,0,0,63,0.0
1787912529.73,17BD,132,0,63,0.0
1787912529.76,17BE,0,0,63,0.0
1787912529.79,17C1,234,0,63,0.0
1787912529.82,3201,23,112,63,0.0
1787912529.98,0000,190,63,63,0.0
1787912530.02,0002,0,0,63,0.0
1787912530.06,0003,2,0,63,0.0
1787912530.09,0005,103,0,63,0.0
1787912530.12,0006,127,0,63,0.0
1787912530.15,0007,127,0,63,0.0
1787912530.18,000B,45,0,63,0.0
1787912530.22,000C,12,212,63,0.0
1787912530.25,000D,0,0,63,0.0
1787912530.28,000E,148,0,63,0.0
1787912530.31,000F,76,0,63,0.0
1787912530.34,0010,1,71,63,0.0
1787912530.38,0011,29,0,63,0.0
1787912530.42,0013,1,0,63,0.0
1787912530.45,001C,10,0,63,0.0
1787912530.48,001F,0,185,63,0.0
1787912530.51,0020,128,21,63,0.0
1787912530.54,0021,0,0,63,0.0
1787912530.58,002C,0,0,63,0.0
1787912530.62,002E,0,0,63,0.0
1787912530.65,0030,255,0,63,0.0
1787912530.68,003C,13,206,63,0.0
1787912530.71,0040,104,0,63,0.0
1787912530.74,0042,54,210,63,0.0
1787912530.78,0043,0,77,63,0.0
1787912530.81,0200,0,0,63,0.0
1787912530.84,0202,0,0,63,0.0
1787912530.87,0900,6,94,63,0.0
1787912530.90,0968,0,0,63,0.0
1787912530.94,096E,12,209,63,0.0
1787912530.97,097C,112,96,63,0.0
1787912531.00,098E,0,0,63,0.0
1787912531.03,1101,1,0,63,0.0
1787912531.06,1103,4,0,63,0.0
1787912531.10,1104,1,0,63,0.0
1787912531.13,114A,84,0,63,0.0
1787912531.17,114D,66,128,63,0.0
1787912531.20,1153,65,196,63,0.0
1787912531.23,1154,29,128,63,0.0
1787912531.26,1169,29,128,63,0.0
1787912531.30,1173,0,95,63,0.0
1787912531.33,1177,22,128,63,0.0
1787912531.36,1410,1,84,63,0.0
1787912531.39,1631,1,0,63,0.0
1787912531.42,1678,0,0,63,0.0
1787912531.46,1681,0,0,63,0.0
1787912531.49,16CD,0,0,63,0.0
1787912531.52,16CE,255,247,63,0.0
1787912531.55,16CF,12,66,63,0.0
1787912531.58,16E8,69,72,63,0.0
1787912531.62,16E9,0,120,63,0.0
1787912531.66,16F0,3,131,63,0.0
1787912531.69,1704,0,0,63,0.0
1787912531.72,1706,128,0,63,0.0
1787912531.75,1709,0,0,63,0.0
1787912531.78,1717,1,0,63,0.0
1787912531.82,1718,1,0,63,0.0
1787912531.85,1746,0,0,63,0.0
1787912531.88,1782,192,128,63,0.0
1787912531.91,1783,110,192,63,0.0
1787912531.94,17A0,34,0,63,0.0
1787912531.98,17A6,0,0,63,0.0
1787912532.01,17B0,21,0,63,0.0
1787912532.04,17B1,32,0,63,0.0
1787912532.07,17B2,4,0,63,0.0
1787912532.10,17B3,92,0,63,0.0
1787912532.14,17B5,80,0,63,0.0
1787912532.18,17B6,0,0,63,0.0
1787912532.21,17B8,240,0,63,0.0
1787912532.28,17BB,0,0,63,0.0
1787912532.31,17BC,0,0,63,0.0
1787912532.34,17BD,132,0,63,0.0
1787912532.38,17BE,0,0,63,0.0
1787912532.41,17C1,234,0,63,0.0
1787912532.44,3201,23,112,63,0.0
1787912532.60,0000,190,63,63,0.0
1787912532.63,0002,0,0,63,0.0
1787912532.66,0003,2,0,63,0.0
1787912532.70,0005,103,0,63,0.0
1787912532.73,0006,127,0,63,0.0
1787912532.76,0007,127,0,63,0.0
1787912532.79,000B,45,0,63,0.0
1787912532.82,000C,12,216,63,0.0
1787912532.86,000D,0,0,63,0.0
1787912532.90,000E,147,0,63,0.0
1787912532.93,000F,76,0,63,0.0
1787912532.96,0010,1,74,63,0.0
1787912532.99,0011,29,0,63,0.0
1787912533.02,0013,1,0,63,0.0
1787912533.06,001C,10,0,63,0.0
1787912533.09,001F,0,187,63,0.0
1787912533.12,0020,128,21,63,0.0
1787912533.15,0021,0,0,63,0.0
1787912533.18,002C,0,0,63,0.0
1787912533.22,002E,0,0,63,0.0
1787912533.25,0030,255,0,63,0.0
1787912533.29,003C,13,233,63,0.0
1787912533.32,0040,104,0,63,0.0
1787912533.35,0042,54,214,63,0.0
1787912533.38,0043,0,77,63,0.0
1787912533.42,0200,0,0,63,0.0
1787912533.45,0202,0,0,63,0.0
1787912533.48,0900,6,94,63,0.0
1787912533.51,0968,0,0,63,0.0
1787912533.54,096E,12,202,63,0.0
1787912533.58,097C,112,93,63,0.0
1787912533.61,098E,0,0,63,0.0
1787912533.64,1101,1,0,63,0.0
1787912533.67,1103,4,0,63,0.0
1787912533.70,1104,1,0,63,0.0
1787912533.74,114A,84,0,63,0.0
1787912533.78,114D,66,64,64,0.0
1787912533.81,1153,65,60,64,0.0
1787912533.84,1154,29,128,64,0.0
1787912533.87,1169,29,128,64,0.0
1787912533.90,1173,0,75,64,0.0
1787912533.94,1177,22,28,64,0.0
1787912533.97,1410,1,82,64,0.0
1787912534.00,1631,1,0,64,0.0
1787912534.03,1678,0,0,64,0.0
1787912534.06,1681,0,0,64,0.0
1787912534.10,16CD,0,0,64,0.0
1787912534.13,16CE,255,247,64,0.0
1787912534.16,16CF,12,51,64,0.0
1787912534.19,16E8,70,12,64,0.0
1787912534.22,16E9,0,120,64,0.0
1787912534.26,16F0,3,131,64,0.0
1787912534.29,1704,0,0,64,0.0
1787912534.33,1706,128,0,64,0.0
1787912534.36,1709,0,0,64,0.0
1787912534.39,1717,1,0,64,0.0
1787912534.42,1718,1,0,64,0.0
1787912534.46,1746,0,0,64,0.0
1787912534.49,1782,192,128,64,0.0
1787912534.52,1783,110,192,64,0.0
1787912534.55,17A0,34,0,64,0.0
1787912534.58,17A6,0,0,64,0.0
1787912534.62,17B0,22,0,64,0.0
1787912534.65,17B1,32,0,64,0.0
1787912534.68,17B2,4,0,64,0.0
1787912534.72,17B3,92,0,64,0.0
1787912534.75,17B5,80,0,64,0.0
1787912534.78,17B6,0,0,64,0.0
1787912534.82,17B8,240,0,64,0.0
1787912534.85,17BA,0,0,64,0.0
1787912534.88,17BB,0,0,64,0.0
1787912534.91,17BC,0,0,64,0.0
1787912534.98,17BE,0,0,64,0.0
1787912535.01,17C1,234,0,64,0.0
1787912535.04,3201,23,112,64,0.0
1787912535.21,0000,190,63,64,0.0
1787912535.24,0002,0,0,64,0.0
1787912535.27,0003,2,0,64,0.0
1787912535.30,0005,104,0,64,0.0
1787912535.34,0006,129,0,64,0.0
1787912535.37,0007,127,0,64,0.0
1787912535.41,000B,45,0,64,0.0
1787912535.44,000C,12,209,64,0.0
1787912535.47,000D,0,0,64,0.0
1787912535.50,000E,148,0,64,0.0
1787912535.54,000F,76,0,64,0.0
1787912535.57,0010,1,64,64,0.0
1787912535.60,0011,29,0,64,0.0
1787912535.64,0013,1,0,64,0.0
1787912535.67,001C,10,0,64,0.0
1787912535.70,001F,0,190,64,0.0
1787912535.74,0020,128,21,64,0.0
1787912535.77,0021,0,0,64,0.0
1787912535.80,002C,0,0,64,0.0
1787912535.83,002E,0,0,64,0.0
1787912535.86,0030,255,0,64,0.0
1787912535.90,003C,14,1,64,0.0
1787912535.93,0040,104,0,64,0.0
1787912535.96,0042,54,197,64,0.0
1787912535.99,0043,0,76,64,0.0
1787912536.02,0200,0,0,64,0.0
1787912536.06,0202,0,0,64,0.0
1787912536.09,0900,6,94,64,0.0
1787912536.12,0968,0,0,64,0.0
1787912536.16,096E,12,193,64,0.0
1787912536.19,097C,112,94,64,0.0
1787912536.22,098E,0,0,64,0.0
1787912536.26,1101,1,0,64,0.0
1787912536.29,1103,4,0,64,0.0
1787912536.32,1104,1,0,64,0.0
1787912536.35,114A,84,0,64,0.0
1787912536.38,114D,65,192,64,0.0
1787912536.42,1153,65,112,64,0.0
1787912536.45,1154,29,128,64,0.0
1787912536.48,1169,29,128,64,0.0
1787912536.51,1173,1,164,64,0.0
1787912536.54,1177,22,48,64,0.0
1787912536.58,1410,1,76,64,0.0
1787912536.62,1631,1,0,64,0.0
1787912536.65,1678,0,0,64,0.0
1787912536.68,1681,0,0,64,0.0
1787912536.71,16CD,0,0,64,0.0
1787912536.78,16CF,12,77,64,0.0
1787912536.81,16E8,71,172,64,0.0
1787912536.84,16E9,0,121,64,0.0
1787912536.87,16F0,3,131,64,0.0
1787912536.90,1704,0,0,64,0.0
1787912536.94,1706,128,0,64,0.0
1787912536.97,1709,0,0,64,0.0
1787912537.01,1717,1,0,64,0.0
1787912537.04,1718,1,0,64,0.0
1787912537.07,1746,0,0,64,0.0
1787912537.10,1782,192,64,64,0.0
1787912537.14,1783,110,192,64,0.0
1787912537.17,17A0,34,0,64,0.0
1787912537.20,17A6,0,0,64,0.0
1787912537.23,17B0,21,0,64,0.0
1787912537.26,17B1,32,0,64,0.0
1787912537.29,17B2,4,0,64,0.0
1787912537.33,17B3,92,0,64,0.0
1787912537.36,17B5,80,0,64,0.0
1787912537.39,17B6,0,0,64,0.0
1787912537.43,17B8,240,0,64,0.0
1787912537.46,17BA,0,0,64,0.0
1787912537.49,17BB,0,0,64,0.0
1787912537.53,17BC,0,0,64,0.0
1787912537.56,17BD,131,0,64,0.0
1787912537.59,17BE,0,0,64,0.0
1787912537.62,17C1,234,0,64,0.0
1787912537.66,3201,23,112,64,0.0
1787912537.81,0000,190,63,64,0.0
1787912537.86,0002,0,0,64,0.0
1787912537.89,0003,2,0,64,0.0
1787912537.92,0005,104,0,64,0.0
1787912537.95,0006,129,0,64,0.0
1787912537.98,0007,127,0,64,0.0
1787912538.01,000B,45,0,64,0.0
1787912538.05,000C,12,215,64,0.0
1787912538.08,000D,0,0,64,0.0
1787912538.11,000E,146,0,64,0.0
1787912538.14,000F,77,0,64,0.0
1787912538.17,0010,1,67,64,0.0
1787912538.21,0011,29,0,64,0.0
1787912538.24,0013,1,0,64,0.0
1787912538.27,001C,10,0,64,0.0
1787912538.31,001F,0,193,64,0.0
1787912538.34,0020,128,21,64,0.0
1787912538.38,0021,0,0,64,0.0
1787912538.41,002C,0,0,64,0.0
1787912538.44,002E,0,0,64,0.0
1787912538.47,0030,255,0,64,0.0
1787912538.50,003C,14,28,64,0.0
1787912538.53,0040,104,0,64,0.0
1787912538.57,0042,54,211,64,0.0
1787912538.60,0043,0,77,64,0.0
1787912538.63,0200,0,0,64,0.0
1787912538.66,0202,0,0,64,0.0
1787912538.70,0900,6,94,64,0.0
1787912538.73,0968,0,0,64,0.0
1787912538.77,096E,12,188,64,0.0
1787912538.80,097C,112,96,64,0.0
1787912538.83,098E,0,0,64,0.0
1787912538.86,1101,1,0,64,0.0
1787912538.89,1103,4,0,64,0.0
1787912538.93,1104,1,0,64,0.0
1787912538.96,114A,83,192,64,0.0
1787912538.99,114D,65,128,64,0.0
1787912539.02,1153,65,76,64,0.0
1787912539.06,1154,29,128,64,0.0
1787912539.09,1169,29,128,64,0.0
1787912539.12,1173,3,107,64,0.0
1787912539.15,1177,22,28,64,0.0
1787912539.19,1410,1,79,64,0.0
1787912539.22,1631,1,0,64,0.0
1787912539.25,1678,0,0,64,0.0
1787912539.29,1681,0,0,64,0.0
1787912539.32,16CD,0,0,64,0.0
1787912539.35,16CE,255,245,64,0.0
1787912539.38,16CF,12,73,64,0.0
1787912539.41,16E8,71,232,64,0.0
1787912539.45,16E9,0,120,64,0.0
1787912539.48,16F0,3,131,64,0.0
1787912539.51,1704,0,0,64,0.0
1787912539.54,1706,128,0,64,0.0
1787912539.58,1709,0,0,64,0.0
1787912539.61,1717,1,0,64,0.0
1787912539.64,1718,1,0,64,0.0
1787912539.67,1746,0,0,64,0.0
1787912539.70,1782,192,64,64,0.0
1787912539.74,1783,110,192,64,0.0
1787912539.77,17A0,34,0,64,0.0
1787912539.80,17A6,0,0,64,0.0
1787912539.83,17B0,21,0,64,0.0
1787912539.87,17B1,32,0,64,0.0
1787912539.90,17B2,4,0,64,0.0
1787912539.93,17B3,92,0,64,0.0
1787912539.97,17B5,80,0,64,0.0
1787912540.00,17B6,0,0,64,0.0
1787912540.03,17B8,240,0,64,0.0
1787912540.06,17BA,0,0,64,0.0
1787912540.09,17BB,0,0,64,0.0
1787912540.13,17BC,0,0,64,0.0
1787912540.16,17BD,131,0,64,0.0
1787912540.19,17BE,0,0,64,0.0
1787912540.23,17C1,234,0,64,0.0
1787912540.26,3201,23,112,64,0.0
1787912540.42,0000,190,63,64,0.0
1787912540.45,0002,0,0,64,0.0
1787912540.49,0003,2,0,64,0.0
1787912540.53,0005,104,0,64,0.0
1787912540.56,0006,126,0,64,0.0
1787912540.59,0007,127,0,64,0.0
1787912540.62,000B,45,0,64,0.0
1787912540.65,000C,12,182,64,0.0
1787912540.69,000D,0,0,64,0.0
1787912540.72,000E,149,0,64,0.0
1787912540.75,000F,77,0,64,0.0
1787912540.78,0010,1,71,64,0.0
1787912540.82,0011,29,0,64,0.0
1787912540.86,0013,1,0,64,0.0
1787912540.89,001C,10,0,64,0.0
1787912540.92,001F,0,195,64,0.0
1787912540.95,0020,128,21,64,0.0
1787912540.98,0021,0,0,64,0.0
1787912541.01,002C,0,0,64,0.0
1787912541.05,002E,0,0,64,0.0
1787912541.08,0030,255,0,64,0.0
1787912541.11,003C,14,51,64,0.0
1787912541.14,0040,104,0,64,0.0
1787912541.17,0042,54,207,64,0.0
1787912541.21,0043,0,77,64,0.0
1787912541.24,0200,0,0,64,0.0
1787912541.27,0202,0,0,64,0.0
1787912541.30,0900,6,94,64,0.0
1787912541.33,0968,0,0,64,0.0
1787912541.37,096E,12,179,64,0.0
1787912541.41,097C,112,92,64,0.0
1787912541.44,098E,0,0,64,0.0
1787912541.47,1101,1,0,64,0.0
1787912541.50,1103,4,0,64,0.0
1787912541.53,1104,1,0,64,0.0
1787912541.57,114A,83,192,64,0.0
1787912541.60,114D,65,0,64,0.0
1787912541.63,1153,65,106,64,0.0
1787912541.66,1154,29,128,64,0.0
1787912541.69,1169,29,128,64,0.0
1787912541.73,1173,0,115,64,0.0
1787912541.76,1177,22,68,64,0.0
1787912541.79,1410,1,82,64,0.0
1787912541.82,1631,1,0,64,0.0
1787912541.85,1678,0,0,64,0.0
1787912541.89,1681,0,0,64,0.0
1787912541.92,16CD,0,0,64,0.0
1787912541.95,16CE,255,246,64,0.0
1787912541.98,16CF,12,76,64,0.0
1787912542.02,16E8,71,71,64,0.0
1787912542.05,16E9,0,120,64,0.0
1787912542.09,16F0,3,131,64,0.0
1787912542.12,1704,0,0,64,0.0
1787912542.15,1706,128,0,64,0.0
1787912542.18,1709,0,0,64,0.0
1787912542.21,1717,1,0,64,0.0
1787912542.25,1718,1,0,64,0.0
1787912542.28,1746,0,0,64,0.0
1787912542.31,1782,192,0,64,0.0
1787912542.35,1783,110,192,64,0.0
1787912542.37,17A0,34,0,64,0.0
1787912542.42,17A6,0,0,64,0.0
1787912542.45,17B0,21,0,64,0.0
1787912542.48,17B1,32,0,64,0.0
1787912542.51,17B2,4,0,64,0.0
1787912542.54,17B3,92,0,64,0.0
1787912542.57,17B5,80,0,64,0.0
1787912542.61,17B6,0,0,64,0.0
1787912542.67,17BA,0,0,64,0.0
1787912542.71,17BB,0,0,64,0.0
1787912542.74,17BC,0,0,64,0.0
1787912542.77,17BD,131,0,64,0.0
1787912542.81,17BE,0,0,64,0.0
1787912542.84,17C1,234,0,64,0.0
1787912542.87,3201,23,112,64,0.0
1787912543.03,0000,190,63,64,0.0
1787912543.06,0002,0,0,64,0.0
1787912543.09,0003,2,0,64,0.0
1787912543.13,0005,104,0,64,0.0
1787912543.17,0006,127,0,64,0.0
1787912543.20,0007,127,0,64,0.0
1787912543.23,000B,45,0,64,0.0
1787912543.26,000C,12,166,64,0.0
1787912543.29,000D,0,0,64,0.0
1787912543.33,000E,149,0,64,0.0
1787912543.36,000F,77,0,64,0.0
1787912543.39,0010,1,67,64,0.0
1787912543.42,0011,29,0,64,0.0
1787912543.46,0013,1,0,64,0.0
1787912543.49,001C,10,0,64,0.0
1787912543.53,001F,0,198,64,0.0
1787912543.56,0020,128,21,64,0.0
1787912543.59,0021,0,0,64,0.0
1787912543.62,002C,0,0,64,0.0
1787912543.65,002E,0,0,64,0.0
1787912543.69,0030,255,0,64,0.0
1787912543.72,003C,14,78,64,0.0
1787912543.75,0040,104,0,64,0.0
1787912543.78,0042,54,221,64,0.0
1787912543.81,0043,0,77,64,0.0
1787912543.85,0200,0,0,64,0.0
1787912543.88,0202,0,0,64,0.0
1787912543.91,0900,6,99,64,0.0
1787912543.94,0968,0,0,64,0.0
1787912543.97,096E,12,171,65,0.0
1787912544.01,097C,112,94,65,0.0
1787912544.04,098E,0,0,65,0.0
1787912544.08,1101,1,0,64,0.0
1787912544.11,1103,4,0,64,0.0
1787912544.14,1104,1,0,64,0.0
1787912544.17,114A,83,192,65,0.0
1787912544.21,114D,64,128,65,0.0
1787912544.24,1153,65,18,65,0.0
1787912544.27,1154,29,128,65,0.0
1787912544.30,1169,29,128,65,0.0
1787912544.33,1173,0,70,65,0.0
1787912544.37,1177,22,68,65,0.0
1787912544.40,1410,1,79,65,0.0
1787912544.43,1631,1,0,65,0.0
1787912544.46,1678,0,0,65,0.0
1787912544.49,1681,0,0,65,0.0
1787912544.53,16CD,0,0,65,0.0
1787912544.57,16CE,255,246,65,0.0
1787912544.60,16CF,12,84,65,0.0
1787912544.63,16E8,74,17,65,0.0
1787912544.66,16E9,0,120,65,0.0
1787912544.69,16F0,3,131,65,0.0
1787912544.73,1704,0,0,65,0.0
1787912544.76,1706,128,0,65,0.0
1787912544.79,1709,0,0,65,0.0
1787912544.82,1717,1,0,65,0.0
1787912544.85,1718,1,0,65,0.0
1787912544.89,1746,0,0,65,0.0
1787912544.92,1782,191,192,65,0.0
1787912544.95,1783,110,192,65,0.0
1787912544.98,17A0,34,0,65,0.0
1787912545.02,17A6,0,0,65,0.0
1787912545.05,17B0,21,0,65,0.0
1787912545.09,17B1,32,0,65,0.0
1787912545.12,17B2,4,0,65,0.0
1787912545.15,17B3,92,0,65,0.0
1787912545.18,17B5,80,0,65,0.0
1787912545.21,17B6,0,0,65,0.0
1787912545.25,17B8,240,0,65,0.0
1787912545.28,17BA,0,0,65,0.0
1787912545.31,17BB,0,0,65,0.0
1787912545.34,17BC,0,0,65,0.0
1787912545.37,17BD,131,0,65,0.0
1787912545.41,17BE,0,0,65,0.0
1787912545.45,17C1,234,0,65,0.0
1787912545.48,3201,23,112,65,0.0
1787912545.64,0000,190,63,65,0.0
1787912545.67,0002,0,0,65,0.0
1787912545.70,0003,2,0,65,0.0
1787912545.73,0005,105,0,65,0.0
1787912545.77,0006,131,0,65,0.0
1787912545.80,0007,127,0,65,0.0
1787912545.83,000B,45,0,65,0.0
1787912545.87,000C,12,193,65,0.0
1787912545.90,000D,0,0,65,0.0
1787912545.93,000E,145,0,65,0.0
1787912545.97,000F,77,0,65,0.0
1787912546.00,0010,1,64,65,0.0
1787912546.04,0011,29,0,65,0.0
1787912546.07,0013,1,0,65,0.0
1787912546.10,001C,10,0,65,0.0
1787912546.13,001F,0,200,65,0.0
1787912546.17,0020,128,21,65,0.0
1787912546.20,0021,0,0,65,0.0
1787912546.23,002C,0,0,65,0.0
1787912546.26,002E,0,0,65,0.0
1787912546.29,0030,255,0,65,0.0
1787912546.33,003C,14,100,65,0.0
1787912546.36,0040,104,0,65,0.0
1787912546.39,0042,54,216,65,0.0
1787912546.42,0043,0,76,65,0.0
1787912546.46,0200,0,0,65,0.0
1787912546.49,0202,0,0,65,0.0
1787912546.53,0900,6,94,65,0.0
1787912546.56,0968,0,0,65,0.0
1787912546.59,096E,12,166,65,0.0
1787912546.62,097C,112,96,65,0.0
1787912546.65,098E,0,0,65,0.0
1787912546.69,1101,1,0,65,0.0
1787912546.72,1103,4,0,65,0.0
1787912546.75,1104,1,0,65,0.0
1787912546.78,114A,83,128,65,0.0
1787912546.81,114D,64,64,65,0.0
1787912546.85,1153,65,8,65,0.0
1787912546.89,1154,29,128,65,0.0
1787912546.92,1169,29,128,65,0.0
1787912546.95,1173,3,2,65,0.0
1787912546.98,1177,22,48,65,0.0
1787912547.01,1410,1,80,65,0.0
1787912547.05,1631,1,0,65,0.0
1787912547.08,1678,0,0,65,0.0
1787912547.11,1681,0,0,65,0.0
1787912547.14,16CD,0,0,65,0.0
1787912547.17,16CE,255,246,65,0.0
1787912547.21,16CF,12,96,65,0.0
1787912547.25,16E8,72,79,65,0.0
1787912547.28,16E9,0,120,65,0.0
1787912547.31,16F0,3,131,65,0.0
1787912547.34,1704,0,0,65,0.0
1787912547.37,1706,128,0,65,0.0
1787912547.41,1709,0,0,65,0.0
1787912547.44,1717,1,0,65,0.0
1787912547.47,1718,1,0,65,0.0
1787912547.50,1746,0,0,65,0.0
1787912547.53,1782,191,192,65,0.0
1787912547.57,1783,110,192,65,0.0
1787912547.60,17A0,34,0,65,0.0
1787912547.63,17A6,0,0,65,0.0
1787912547.66,17B0,21,0,65,0.0
1787912547.69,17B1,32,0,65,0.0
1787912547.73,17B2,4,0,65,0.0
1787912547.77,17B3,92,0,65,0.0
1787912547.80,17B5,80,0,65,0.0
1787912547.83,17B6,0,0,65,0.0
1787912547.86,17B8,240,0,65,0.0
1787912547.89,17BA,0,0,65,0.0
1787912547.93,17BB,0,0,65,0.0
1787912547.96,17BC,0,0,65,0.0
1787912548.00,17BD,131,0,65,0.0
1787912548.03,17BE,0,0,65,0.0
1787912548.06,17C1,234,0,65,0.0
1787912548.09,3201,23,112,65,0.0
1787912548.26,0000,190,63,65,0.0
1787912548.29,0002,0,0,65,0.0
1787912548.33,0003,2,0,65,0.0
1787912548.36,0005,105,0,65,0.0
1787912548.39,0006,127,0,65,0.0
1787912548.42,0007,127,0,65,0.0
1787912548.45,000B,45,0,65,0.0
1787912548.49,000C,12,146,65,0.0
1787912548.52,000D,0,0,65,0.0
1787912548.55,000E,150,0,65,0.0
1787912548.58,000F,77,0,65,0.0
1787912548.61,0010,1,71,65,0.0
1787912548.65,0011,29,0,65,0.0
1787912548.69,0013,1,0,65,0.0
1787912548.72,001C,10,0,65,0.0
1787912548.75,001F,0,203,65,0.0
1787912548.78,0020,128,21,65,0.0
1787912548.81,0021,0,0,65,0.0
1787912548.85,002C,0,0,65,0.0
1787912548.88,002E,0,0,65,0.0
1787912548.91,0030,255,0,65,0.0
1787912548.94,003C,14,126,65,0.0
1787912548.97,0040,104,0,65,0.0
1787912549.01,0042,54,217,65,0.0
1787912549.04,0043,0,78,65,0.0
1787912549.07,0200,0,0,65,0.0
1787912549.10,0202,0,0,65,0.0
1787912549.13,0900,6,99,65,0.0
1787912549.17,0968,0,0,65,0.0
1787912549.20,096E,12,162,65,0.0
1787912549.24,097C,112,92,65,0.0
1787912549.27,098E,0,0,65,0.0
1787912549.30,1101,1,0,65,0.0
1787912549.33,1103,4,0,65,0.0
1787912549.37,1104,1,0,65,0.0
1787912549.40,114A,83,128,65,0.0
1787912549.43,114D,63,192,65,0.0
1787912549.46,1153,65,154,65,0.0
1787912549.49,1154,29,128,65,0.0
1787912549.53,1169,29,128,65,0.0
1787912549.56,1173,0,120,65,0.0
1787912549.59,1177,22,88,65,0.0
1787912549.62,1410,1,88,65,0.0
1787912549.66,1631,1,0,65,0.0
1787912549.69,1678,0,0,65,0.0
1787912549.73,1681,0,0,65,0.0
1787912549.76,16CD,0,0,65,0.0
1787912549.79,16CE,255,246,65,0.0
1787912549.82,16CF,12,45,65,0.0
1787912549.85,16E8,70,204,65,0.0
1787912549.89,16E9,0,120,65,0.0
1787912549.92,16F0,3,131,65,0.0
1787912549.96,1704,0,0,65,0.0
1787912549.99,1706,128,0,65,0.0
1787912550.02,1709,0,0,65,0.0
1787912550.05,1717,1,0,65,0.0
1787912550.09,1718,1,0,65,0.0
1787912550.12,1746,0,0,65,0.0
1787912550.15,1782,191,128,65,0.0
1787912550.18,1783,110,192,65,0.0
1787912550.21,17A0,35,0,65,0.0
1787912550.25,17A6,0,0,65,0.0
1787912550.28,17B0,21,0,65,0.0
1787912550.31,17B1,32,0,65,0.0
1787912550.34,17B2,4,0,65,0.0
1787912550.37,17B3,92,0,65,0.0
1787912550.41,17B5,80,0,65,0.0
1787912550.45,17B6,0,0,65,0.0
1787912550.48,17B8,240,0,65,0.0
1787912550.51,17BA,0,0,65,0.0
1787912550.54,17BB,0,0,65,0.0
1787912550.57,17BC,0,0,65,0.0
1787912550.61,17BD,131,0,65,0.0
1787912550.65,17BE,0,0,65,0.0
1787912550.68,17C1,234,0,65,0.0
1787912550.71,3201,23,112,65,0.0
1787912550.87,0000,190,63,65,0.0
1787912550.90,0002,0,0,65,0.0
1787912550.93,0003,2,0,65,0.0
1787912550.97,0005,105,0,65,0.0
1787912551.00,0006,127,0,65,0.0
1787912551.04,0007,127,0,65,0.0
1787912551.07,000B,45,0,65,0.0
1787912551.10,000C,12,159,65,0.0
1787912551.13,000D,0,0,65,0.0
1787912551.17,000E,147,0,65,0.0
1787912551.20,000F,77,0,65,0.0
1787912551.23,0010,1,71,65,0.0
1787912551.26,0011,29,0,65,0.0
1787912551.29,0013,1,0,65,0.0
1787912551.33,001C,10,0,65,0.0
1787912551.36,001F,0,206,65,0.0
1787912551.40,0020,128,21,65,0.0
1787912551.43,0021,0,0,65,0.0
1787912551.46,002C,0,0,65,0.0
1787912551.49,002E,0,0,65,0.0
1787912551.53,0030,255,0,65,0.0
1787912551.56,003C,14,152,65,0.0
1787912551.59,0040,104,0,65,0.0
1787912551.62,0042,54,218,65,0.0
1787912551.65,0043,0,77,65,0.0
1787912551.69,0200,0,0,65,0.0
1787912551.72,0202,0,0,65,0.0
1787912551.75,0900,6,99,65,0.0
1787912551.78,0968,0,0,65,0.0
1787912551.81,096E,12,153,65,0.0
1787912551.85,097C,112,94,65,0.0
1787912551.89,098E,0,0,65,0.0
1787912551.92,1101,1,0,65,0.0
1787912551.95,1103,4,0,65,0.0
1787912551.98,1104,1,0,65,0.0
1787912552.01,114A,83,128,65,0.0
1787912552.05,114D,63,128,65,0.0
1787912552.08,1153,64,245,65,0.0
1787912552.11,1154,29,128,65,0.0
1787912552.14,1169,29,128,65,0.0
1787912552.17,1173,0,70,65,0.0
1787912552.21,1177,22,68,65,0.0
1787912552.25,1410,1,77,65,0.0
1787912552.28,1631,1,0,65,0.0
1787912552.31,1678,0,0,65,0.0
1787912552.34,1681,0,0,65,0.0
1787912552.37,16CD,0,0,65,0.0
1787912552.41,16CE,255,244,65,0.0
1787912552.44,16CF,12,70,65,0.0
1787912552.47,16E8,66,160,65,0.0
1787912552.51,16E9,0,121,65,0.0
1787912552.54,16F0,3,131,65,0.0
1787912552.57,1704,0,0,65,0.0
1787912552.61,1706,128,0,65,0.0
1787912552.64,1709,0,0,65,0.0
1787912552.67,1717,1,0,65,0.0
1787912552.70,1718,1,0,65,0.0
1787912552.74,1746,0,0,65,0.0
1787912552.77,1782,191,128,65,0.0
1787912552.81,1783,110,192,65,0.0
1787912552.84,17A0,34,0,65,0.0
1787912552.87,17A6,0,0,65,0.0
1787912552.90,17B0,21,0,65,0.0
1787912552.93,17B1,32,0,65,0.0
1787912552.97,17B2,4,0,65,0.0
1787912553.00,17B3,92,0,65,0.0
1787912553.03,17B5,80,0,65,0.0
1787912553.06,17B6,0,0,65,0.0
1787912553.09,17B8,240,0,65,0.0
1787912553.13,17BA,0,0,65,0.0
1787912553.16,17BB,0,0,65,0.0
1787912553.20,17BC,0,0,65,0.0
1787912553.23,17BD,131,0,65,0.0
1787912553.26,17BE,0,0,65,0.0
1787912553.29,17C1,234,0,65,0.0
1787912553.33,3201,23,112,65,0.0
1787912553.49,0000,190,63,65,0.0
1787912553.52,0002,0,0,65,0.0
1787912553.55,0003,2,0,65,0.0
1787912553.58,0005,105,0,65,0.0
1787912553.62,0006,129,0,65,0.0
1787912553.65,0007,127,0,65,0.0
1787912553.69,000B,45,0,65,0.0
1787912553.72,000C,12,164,65,0.0
1787912553.75,000D,0,0,65,0.0
1787912553.78,000E,147,0,65,0.0
1787912553.81,000F,77,0,65,0.0
1787912553.85,0010,1,50,65,0.0
1787912553.88,0011,29,0,65,0.0
1787912553.91,0013,1,0,65,0.0
1787912553.94,001C,10,0,65,0.0
1787912553.97,001F,0,208,65,0.0
1787912554.01,0020,128,21,65,0.0
1787912554.05,0021,0,0,65,0.0
1787912554.08,002C,0,0,65,0.0
1787912554.11,002E,0,0,65,0.0
1787912554.14,0030,255,0,65,0.0
1787912554.17,003C,14,174,65,0.0
1787912553.62,0040,104,0,65,0.0
1787912553.65,0042,54,211,65,0.0
1787912553.68,0043,0,76,65,0.0
1787912553.71,0200,0,0,65,0.0
1787912553.75,0202,0,0,65,0.0
1787912553.78,0900,6,94,65,0.0
1787912553.81,0968,0,0,65,0.0
1787912553.84,096E,12,148,65,0.0
1787912553.88,097C,112,96,65,0.0
1787912553.91,098E,0,0,65,0.0
1787912553.95,1101,1,0,65,0.0
1787912553.98,1103,4,0,65,0.0
1787912554.01,1104,1,0,65,0.0
1787912554.04,114A,83,128,65,0.0
1787912554.07,114D,63,0,65,0.0
1787912554.11,1153,64,165,65,0.0
1787912554.14,1154,29,128,65,0.0
1787912554.17,1169,29,128,65,0.0
1787912554.20,1173,3,87,65,0.0
1787912554.23,1177,22,28,65,0.0
1787912554.27,1410,1,79,65,0.0
1787912554.30,1631,1,0,65,0.0
1787912554.33,1678,0,0,65,0.0
1787912554.37,1681,0,0,65,0.0
1787912554.40,16CD,0,0,65,0.0
1787912554.43,16CE,255,244,65,0.0
1787912554.47,16CF,12,86,65,0.0
1787912554.50,16E8,71,55,65,0.0
1787912554.53,16E9,0,120,65,0.0
1787912554.56,16F0,3,131,65,0.0
1787912554.59,1704,0,0,65,0.0
1787912554.63,1706,128,0,65,0.0
1787912554.66,1709,0,0,65,0.0
1787912554.69,1717,1,0,65,0.0
1787912554.72,1718,1,0,65,0.0
1787912554.75,1746,0,0,65,0.0
1787912554.79,1782,191,64,65,0.0
1787912554.83,1783,110,192,65,0.0
1787912554.86,17A0,34,0,65,0.0
1787912554.89,17A6,0,0,65,0.0
1787912554.92,17B0,21,0,65,0.0
1787912554.95,17B1,32,0,65,0.0
1787912554.99,17B2,4,0,65,0.0
1787912555.02,17B3,92,0,65,0.0
1787912555.05,17B5,80,0,65,0.0
1787912555.09,17B6,0,0,65,0.0
1787912555.12,17B8,240,0,65,0.0
1787912555.15,17BA,0,0,65,0.0
1787912555.19,17BB,0,0,65,0.0
1787912555.22,17BC,0,0,65,0.0
1787912555.25,17BD,131,0,65,0.0
1787912555.28,17BE,0,0,65,0.0
1787912555.31,17C1,234,0,65,0.0
1787912555.35,3201,23,112,65,0.0
1787912555.51,0000,190,63,65,0.0
1787912555.55,0002,0,0,65,0.0
1787912555.58,0003,2,0,65,0.0
1787912555.61,0005,106,0,65,0.0
1787912555.64,0006,128,0,65,0.0
1787912555.67,0007,127,0,65,0.0
1787912555.71,000B,45,0,65,0.0
1787912555.74,000C,12,153,65,0.0
1787912555.77,000D,0,0,65,0.0
1787912555.80,000E,146,0,66,0.0
1787912555.83,000F,77,0,66,0.0
1787912555.87,0010,1,60,66,0.0
1787912555.90,0011,29,0,66,0.0
1787912555.93,0013,1,0,66,0.0
1787912555.97,001C,10,0,66,0.0
1787912556.00,001F,0,211,66,0.0
1787912556.03,0020,128,21,66,0.0
1787912556.07,0021,0,0,66,0.0
1787912556.10,002C,0,0,66,0.0
1787912556.13,002E,0,0,66,0.0
1787912556.16,0030,255,0,66,0.0
1787912556.19,003C,14,200,66,0.0
1787912556.23,0040,104,0,66,0.0
1787912556.26,0042,54,220,66,0.0
1787912556.29,0043,0,77,66,0.0
1787912556.32,0200,0,0,66,0.0
1787912556.35,0202,0,0,66,0.0
1787912556.39,0900,6,94,66,0.0
1787912556.43,0968,0,0,66,0.0
1787912556.46,096E,12,139,66,0.0
1787912556.49,097C,112,97,66,0.0
1787912556.52,098E,0,0,66,0.0
1787912556.55,1101,1,0,66,0.0
1787912556.59,1103,4,0,66,0.0
1787912556.62,1104,1,0,66,0.0
1787912556.65,114A,83,64,66,0.0
1787912556.68,114D,62,192,66,0.0
1787912556.71,1153,64,116,66,0.0
1787912556.75,1154,29,128,66,0.0
1787912556.78,1169,29,128,66,0.0
1787912556.81,1173,2,103,66,0.0
1787912556.85,1177,22,28,66,0.0
1787912556.88,1410,1,84,66,0.0
1787912556.91,1631,1,0,66,0.0
1787912556.95,1678,0,0,66,0.0
1787912556.98,1681,0,0,66,0.0
1787912557.01,16CD,0,0,66,0.0
1787912557.04,16CE,255,243,66,0.0
1787912557.07,16CF,12,61,66,0.0
1787912557.11,16E8,70,139,66,0.0
1787912557.14,16E9,0,120,66,0.0
1787912557.17,16F0,3,131,66,0.0
1787912557.20,1704,0,0,66,0.0
1787912557.23,1706,128,0,66,0.0
1787912557.27,1709,0,0,66,0.0
1787912557.30,1717,1,0,66,0.0
1787912557.33,1718,1,0,66,0.0
1787912557.36,1746,0,0,66,0.0
1787912557.40,1782,191,64,66,0.0
1787912557.43,1783,110,192,66,0.0
1787912557.47,17A0,34,0,66,0.0
1787912557.50,17A6,0,0,66,0.0
1787912557.53,17B0,20,0,66,0.0
1787912557.56,17B1,32,0,66,0.0
1787912557.59,17B2,4,0,66,0.0
1787912557.63,17B3,92,0,66,0.0
1787912557.66,17B5,80,0,66,0.0
1787912557.69,17B6,0,0,66,0.0
1787912557.72,17B8,240,0,66,0.0
1787912557.75,17BA,0,0,66,0.0
1787912557.79,17BB,0,0,66,0.0
1787912557.82,17BC,0,0,66,0.0
1787912557.85,17BD,131,0,66,0.0
1787912557.88,17BE,0,0,66,0.0
1787912557.92,17C1,234,0,66,0.0
1787912557.95,3201,23,112,66,0.0
1787912558.11,0000,190,63,66,0.0
1787912558.15,0002,0,0,66,0.0
1787912558.18,0003,2,0,66,0.0
1787912558.21,0005,106,0,66,0.0
1787912558.25,0006,126,0,66,0.0
1787912558.28,0007,127,0,66,0.0
1787912558.31,000B,45,0,66,0.0
1787912558.35,000C,12,133,66,0.0
1787912558.38,000D,0,0,66,0.0
1787912558.41,000E,149,0,66,0.0
1787912558.44,000F,77,0,66,0.0
1787912558.47,0010,1,64,66,0.0
1787912558.51,0011,29,0,66,0.0
1787912558.54,0013,1,0,66,0.0
1787912558.57,001C,10,0,66,0.0
1787912558.60,001F,0,214,66,0.0
1787912558.63,0020,128,21,66,0.0
1787912558.67,0021,0,0,66,0.0
1787912558.70,002C,0,0,66,0.0
1787912558.73,002E,0,0,66,0.0
1787912558.76,0030,255,0,66,0.0
1787912558.80,003C,14,221,66,0.0
1787912558.83,0040,104,0,66,0.0
1787912558.87,0042,54,201,66,0.0
1787912558.90,0043,0,77,66,0.0
1787912558.93,0200,0,0,66,0.0
1787912558.96,0202,0,0,66,0.0
1787912558.99,0900,6,94,66,0.0
1787912559.03,0968,0,0,66,0.0
1787912559.06,096E,12,135,66,0.0
1787912559.10,097C,112,94,66,0.0
1787912559.13,098E,0,0,66,0.0
1787912559.17,1101,1,0,66,0.0
1787912559.19,1103,4,0,66,0.0
1787912559.23,1104,1,0,66,0.0
1787912559.26,114A,83,64,66,0.0
1787912559.29,114D,62,64,66,0.0
1787912559.32,1153,64,220,66,0.0
1787912559.35,1154,29,128,66,0.0
1787912559.39,1169,29,128,66,0.0
1787912559.42,1173,2,23,66,0.0
1787912559.45,1177,22,28,66,0.0
1787912559.48,1410,1,82,66,0.0
1787912559.52,1631,1,0,66,0.0
1787912559.55,1678,0,0,66,0.0
1787912559.59,1681,0,0,66,0.0
1787912559.62,16CD,0,0,66,0.0
1787912559.65,16CE,255,244,66,0.0
1787912559.68,16CF,12,76,66,0.0
1787912559.71,16E8,70,245,66,0.0
1787912559.75,16E9,0,120,66,0.0
1787912559.78,16F0,3,131,66,0.0
1787912559.81,1704,0,0,66,0.0
1787912559.84,1706,128,0,66,0.0
1787912559.87,1709,0,0,66,0.0
1787912559.91,1717,1,0,66,0.0
1787912559.94,1718,1,0,66,0.0
1787912559.97,1746,0,0,66,0.0
1787912560.01,1782,191,0,66,0.0
1787912560.04,1783,110,192,66,0.0
1787912560.07,17A0,34,0,66,0.0
1787912560.11,17A6,0,0,66,0.0
1787912560.14,17B0,21,0,66,0.0
1787912560.17,17B1,32,0,66,0.0
1787912560.20,17B2,4,0,66,0.0
1787912560.23,17B3,92,0,66,0.0
1787912560.27,17B5,80,0,66,0.0
1787912560.30,17B6,0,0,66,0.0
1787912560.33,17B8,240,0,66,0.0
1787912560.36,17BA,0,0,66,0.0
1787912560.39,17BB,0,0,66,0.0
1787912560.43,17BC,0,0,66,0.0
1787912560.46,17BD,131,0,66,0.0
1787912560.50,17BE,0,0,66,0.0
1787912560.53,17C1,234,0,66,0.0
1787912560.56,3201,23,112,66,0.0
1787912560.72,0000,190,63,66,0.0
1787912560.75,0002,0,0,66,0.0
1787912560.79,0003,2,0,66,0.0
1787912560.82,0005,106,0,66,0.0
1787912560.85,0006,128,0,66,0.0
1787912560.88,0007,127,0,66,0.0
1787912560.91,000B,45,0,66,0.0
1787912560.95,000C,12,122,66,0.0
1787912560.99,000D,0,0,66,0.0
1787912561.02,000E,148,0,66,0.0
1787912561.05,000F,77,0,66,0.0
1787912561.08,0010,1,71,66,0.0
1787912561.11,0011,29,0,66,0.0
1787912561.15,0013,1,0,66,0.0
1787912561.18,001C,10,0,66,0.0
1787912561.21,001F,0,216,66,0.0
1787912561.24,0020,128,21,66,0.0
1787912561.27,0021,0,0,66,0.0
1787912561.31,002C,0,0,66,0.0
1787912561.34,002E,0,0,66,0.0
1787912561.37,0030,255,0,66,0.0
1787912561.40,003C,14,246,66,0.0
1787912561.43,0040,104,0,66,0.0
1787912561.47,0042,54,225,66,0.0
1787912561.51,0043,0,77,66,0.0
1787912561.54,0200,0,0,66,0.0
1787912561.57,0202,0,0,66,0.0
1787912561.60,0900,6,94,66,0.0
1787912561.63,0968,0,0,66,0.0
1787912561.67,096E,12,126,66,0.0
1787912561.71,097C,112,95,66,0.0
1787912561.74,098E,0,0,66,0.0
1787912561.77,1101,1,0,66,0.0
1787912561.80,1103,4,0,66,0.0
1787912561.83,1104,1,0,66,0.0
1787912561.87,114A,83,64,66,0.0
1787912561.90,114D,62,0,66,0.0
1787912561.93,1153,64,110,66,0.0
1787912561.96,1154,29,128,66,0.0
1787912561.99,1169,29,128,66,0.0
1787912562.03,1173,3,92,66,0.0
1787912562.06,1177,21,244,66,0.0
1787912562.10,1410,1,79,66,0.0
1787912562.13,1631,1,0,66,0.0
1787912562.16,1678,0,0,66,0.0
1787912562.19,1681,0,0,66,0.0
1787912562.23,16CD,0,0,66,0.0
1787912562.26,16CE,255,245,66,0.0
1787912562.29,16CF,12,125,66,0.0
1787912562.32,16E8,74,25,66,0.0
1787912562.35,16E9,0,120,66,0.0
1787912562.39,16F0,3,131,66,0.0
1787912562.42,1704,0,0,66,0.0
1787912562.45,1706,128,0,66,0.0
1787912562.48,1709,0,0,66,0.0
1787912562.51,1717,1,0,66,0.0
1787912562.55,1718,1,0,66,0.0
1787912562.59,1746,0,0,66,0.0
1787912562.62,1782,190,192,66,0.0
1787912562.65,1783,110,192,66,0.0
1787912562.68,17A0,34,0,66,0.0
1787912562.71,17A6,0,0,66,0.0
1787912562.75,17B0,21,0,66,0.0
1787912562.78,17B1,32,0,66,0.0
1787912562.81,17B2,4,0,66,0.0
1787912562.84,17B3,92,0,66,0.0
1787912562.87,17B5,80,0,66,0.0
1787912562.91,17B6,0,0,66,0.0
1787912562.94,17B8,240,0,66,0.0
1787912562.97,17BA,0,0,66,0.0
1787912563.00,17BB,0,0,66,0.0
1787912563.03,17BC,0,0,66,0.0
1787912563.07,17BD,131,0,66,0.0
1787912563.10,17BE,0,0,66,0.0
1787912563.13,17C1,234,0,66,0.0
1787912563.16,3201,23,112,66,0.0
1787912563.33,0000,190,63,66,0.0
1787912563.36,0002,0,0,66,0.0
1787912563.39,0003,2,0,66,0.0
1787912563.43,0005,106,0,66,0.0
1787912563.46,0006,126,0,66,0.0
1787912563.49,0007,127,0,66,0.0
1787912563.52,000B,45,0,66,0.0
1787912563.55,000C,12,127,66,0.0
1787912563.59,000D,0,0,66,0.0
1787912563.62,000E,148,0,66,0.0
1787912563.66,000F,77,0,66,0.0
1787912563.69,0010,1,67,66,0.0
1787912563.72,0011,29,0,66,0.0
1787912563.75,0013,1,0,66,0.0
1787912563.79,001C,10,0,66,0.0
1787912563.82,001F,0,219,66,0.0
1787912563.85,0020,128,21,66,0.0
1787912563.88,0021,0,0,66,0.0
1787912563.91,002C,0,0,66,0.0
1787912563.95,002E,0,0,66,0.0
1787912563.99,0030,255,0,66,0.0
1787912564.02,003C,15,11,66,0.0
1787912564.05,0040,104,0,66,0.0
1787912564.08,0042,54,205,66,0.0
1787912564.11,0043,0,77,66,0.0
1787912564.15,0200,0,0,66,0.0
1787912564.18,0202,0,0,66,0.0
1787912564.21,0900,6,99,66,0.0
1787912564.24,0968,0,0,66,0.0
1787912564.27,096E,12,121,66,0.0
1787912564.31,097C,112,97,66,0.0
1787912564.34,098E,0,0,66,0.0
1787912564.37,1101,1,0,66,0.0
1787912564.40,1103,4,0,66,0.0
1787912564.43,1104,1,0,66,0.0
1787912564.46,114A,83,64,66,0.0
1787912564.51,114D,61,192,66,0.0
1787912564.54,1153,64,181,66,0.0
1787912564.57,1154,29,128,66,0.0
1787912564.60,1169,29,128,66,0.0
1787912564.63,1173,0,75,66,0.0
1787912564.67,1177,22,28,66,0.0
1787912564.70,1410,1,80,66,0.0
1787912564.73,1631,1,0,66,0.0
1787912564.76,1678,0,0,66,0.0
1787912564.79,1681,0,0,66,0.0
1787912564.83,16CD,0,0,66,0.0
1787912564.86,16CE,255,245,66,0.0
1787912564.90,16CF,12,16,66,0.0
1787912564.93,16E8,65,152,66,0.0
1787912564.96,16E9,0,119,66,0.0
1787912564.99,16F0,3,131,66,0.0
1787912565.02,1704,0,0,66,0.0
1787912565.06,1706,128,0,66,0.0
1787912565.09,1709,0,0,66,0.0
1787912565.12,1717,1,0,66,0.0
1787912565.15,1718,1,0,66,0.0
1787912565.18,1746,0,0,66,0.0
1787912565.22,1782,190,192,66,0.0
1787912565.25,1783,110,192,66,0.0
1787912565.29,17A0,34,0,66,0.0
1787912565.32,17A6,0,0,66,0.0
1787912565.35,17B0,21,0,66,0.0
1787912565.39,17B1,32,0,66,0.0
1787912565.42,17B2,4,0,66,0.0
1787912565.45,17B3,92,0,66,0.0
1787912565.48,17B5,80,0,66,0.0
1787912565.51,17B6,0,0,66,0.0
1787912565.54,17B8,240,0,66,0.0
1787912565.58,17BA,0,0,66,0.0
1787912565.61,17BB,0,0,66,0.0
1787912565.64,17BC,0,0,66,0.0
1787912565.67,17BD,131,0,66,0.0
1787912565.70,17BE,0,0,66,0.0
1787912565.74,17C1,234,0,66,0.0
1787912565.77,3201,23,112,66,0.0
1787912565.94,0000,190,63,66,0.0
1787912565.97,0002,0,0,66,0.0
1787912566.00,0003,2,0,66,0.0
1787912566.03,0005,106,0,66,0.0
1787912566.07,0006,128,0,66,0.0
1787912566.10,0007,127,0,66,0.0
1787912566.14,000B,45,0,66,0.0
1787912566.17,000C,12,137,66,0.0
1787912566.20,000D,0,0,66,0.0
1787912566.23,000E,145,0,66,0.0
1787912566.26,000F,77,0,66,0.0
1787912566.30,0010,1,67,66,0.0
1787912566.33,0011,29,0,66,0.0
1787912566.36,0013,1,0,66,0.0
1787912566.39,001C,10,0,66,0.0
1787912566.42,001F,0,222,66,0.0
1787912566.46,0020,128,21,66,0.0
1787912566.49,0021,0,0,66,0.0
1787912566.52,002C,0,0,66,0.0
1787912566.59,0030,255,0,66,0.0
1787912566.62,003C,15,35,66,0.0
1787912566.66,0040,104,0,66,0.0
1787912566.69,0042,54,212,67,0.0
1787912566.72,0043,0,77,67,0.0
1787912566.75,0200,0,0,67,0.0
1787912566.78,0202,0,0,66,0.0
1787912566.82,0900,6,94,66,0.0
1787912566.85,0968,0,0,66,0.0
1787912566.88,096E,12,117,66,0.0
1787912566.91,097C,112,99,66,0.0
1787912566.94,098E,0,0,66,0.0
1787912566.98,1101,1,0,67,0.0
1787912567.01,1103,4,0,67,0.0
1787912567.04,1104,1,0,67,0.0
1787912567.08,114A,83,0,67,0.0
1787912567.10,114D,61,64,67,0.0
1787912567.14,1153,64,93,67,0.0
1787912567.18,1154,29,128,67,0.0
1787912567.24,1173,2,48,67,0.0
1787912567.27,1177,22,48,67,0.0
1787912567.30,1410,1,71,67,0.0
1787912567.34,1631,1,0,67,0.0
1787912567.37,1678,0,0,67,0.0
1787912567.40,1681,0,0,67,0.0
1787912567.43,16CD,0,0,67,0.0
1787912567.47,16CE,255,244,67,0.0
1787912567.50,16CF,12,52,67,0.0
1787912567.54,16E8,74,57,67,0.0
1787912567.57,16E9,0,120,67,0.0
1787912567.60,16F0,3,131,67,0.0
1787912567.63,1704,0,0,67,0.0
1787912567.66,1706,128,0,67,0.0
1787912567.70,1709,0,0,67,0.0
1787912567.73,1717,1,0,67,0.0
1787912567.76,1718,1,0,67,0.0
1787912567.79,1746,0,0,67,0.0
1787912567.83,1782,190,128,67,0.0
1787912567.86,1783,110,192,67,0.0
1787912567.89,17A0,34,0,67,0.0
1787912567.92,17A6,0,0,67,0.0
1787912567.96,17B0,21,0,67,0.0
1787912567.99,17B1,32,0,67,0.0
1787912568.02,17B2,4,0,67,0.0
1787912568.06,17B3,92,0,67,0.0
1787912568.09,17B5,80,0,67,0.0
1787912568.12,17B6,0,0,67,0.0
1787912568.18,17BA,0,0,67,0.0
1787912568.22,17BB,0,0,67,0.0
1787912568.26,17BC,0,0,67,0.0
1787912568.29,17BD,131,0,67,0.0
1787912568.32,17BE,0,0,67,0.0
1787912568.35,17C1,234,0,67,0.0
1787912568.38,3201,23,112,67,0.0
1787912568.55,0000,190,63,67,0.0
1787912568.58,0002,0,0,67,0.0
1787912568.62,0003,2,0,67,0.0
1787912568.65,0005,107,0,67,0.0
1787912568.68,0006,129,0,67,0.0
1787912568.71,0007,127,0,67,0.0
1787912568.75,000B,45,0,67,0.0
1787912568.78,000C,12,145,67,0.0
1787912568.81,000D,0,0,67,0.0
1787912568.84,000E,144,0,67,0.0
1787912568.87,000F,77,0,67,0.0
1787912568.94,0011,29,0,67,0.0
1787912568.97,0013,1,0,67,0.0
1787912569.04,001F,0,224,67,0.0
1787912569.07,0020,128,21,67,0.0
1787912569.10,0021,0,0,67,0.0
1787912569.14,002C,0,0,67,0.0
1787912569.17,002E,0,0,67,0.0
1787912569.20,0030,255,0,67,0.0
1787912569.23,003C,15,56,67,0.0
1787912569.26,0040,104,0,67,0.0
1787912569.30,0042,54,223,67,0.0
1787912569.33,0043,0,76,67,0.0
1787912569.36,0200,0,0,67,0.0
1787912569.39,0202,0,0,67,0.0
1787912569.42,0900,6,94,67,0.0
1787912569.46,0968,0,0,67,0.0
1787912569.49,096E,12,108,67,0.0
1787912569.52,097C,112,95,67,0.0
1787912569.59,1101,1,0,67,0.0
1787912569.62,1103,4,0,67,0.0
1787912569.69,114A,83,0,67,0.0
1787912569.72,114D,61,0,67,0.0
1787912569.79,1154,29,128,67,0.0
1787912569.82,1169,29,128,67,0.0
1787912569.86,1173,2,213,67,0.0
1787912569.89,1177,22,48,67,0.0
1787912569.92,1410,1,74,67,0.0
1787912569.95,1631,1,0,67,0.0
1787912569.98,1678,0,0,67,0.0
1787912570.02,1681,0,0,67,0.0
1787912570.05,16CD,0,0,67,0.0
1787912570.09,16CE,255,244,67,0.0
1787912570.12,16CF,12,70,67,0.0
1787912570.15,16E8,69,188,67,0.0
1787912570.18,16E9,0,121,67,0.0
1787912570.22,16F0,3,131,67,0.0
1787912570.25,1704,0,0,67,0.0
1787912570.28,1706,128,0,67,0.0
1787912570.31,1709,0,0,67,0.0
1787912570.34,1717,1,0,67,0.0
1787912570.38,1718,1,0,67,0.0
1787912570.41,1746,0,0,67,0.0
1787912570.44,1782,190,128,67,0.0
1787912570.47,1783,110,192,67,0.0
1787912570.50,17A0,34,0,67,0.0
1787912570.54,17A6,0,0,67,0.0
1787912570.58,17B0,21,0,67,0.0
1787912570.61,17B1,32,0,67,0.0
1787912570.64,17B2,4,0,67,0.0
1787912570.67,17B3,92,0,67,0.0
1787912570.70,17B5,80,0,67,0.0
1787912570.74,17B6,0,0,67,0.0
1787912570.77,17B8,240,0,67,0.0
1787912570.80,17BA,0,0,67,0.0
1787912570.84,17BB,0,0,67,0.0
1787912570.87,17BC,0,0,67,0.0
1787912570.90,17BD,131,0,67,0.0
1787912570.94,17BE,0,0,67,0.0
1787912570.97,17C1,234,0,67,0.0
1787912571.00,3201,23,112,67,0.0
1787912571.16,0000,190,63,67,0.0
1787912571.19,0002,0,0,67,0.0
1787912571.22,0003,2,0,67,0.0
1787912571.26,0005,107,0,67,0.0
1787912571.30,0006,130,0,67,0.0
1787912571.33,0007,127,0,67,0.0
1787912571.36,000B,45,0,67,0.0
1787912571.39,000C,12,120,67,0.0
1787912571.42,000D,0,0,67,0.0
1787912571.46,000E,146,0,67,0.0
1787912571.49,000F,77,0,67,0.0
1787912571.52,0010,1,53,67,0.0
1787912571.55,0011,29,0,67,0.0
1787912571.58,0013,1,0,67,0.0
1787912571.62,001C,10,0,67,0.0
1787912571.66,001F,0,227,67,0.0
1787912571.69,0020,128,21,67,0.0
1787912571.72,0021,0,0,67,0.0
1787912571.75,002C,0,0,67,0.0
1787912571.78,002E,0,0,67,0.0
1787912571.82,0030,255,0,67,0.0
1787912571.85,003C,15,79,67,0.0
1787912571.88,0040,104,0,67,0.0
1787912571.91,0042,54,210,67,0.0
1787912571.94,0043,0,77,67,0.0
1787912571.98,0200,0,0,67,0.0
1787912572.01,0202,0,0,67,0.0
1787912572.05,0900,6,94,67,0.0
1787912572.08,0968,0,0,67,0.0
1787912572.11,096E,12,103,67,0.0
1787912572.14,097C,112,96,67,0.0
1787912572.18,098E,0,0,67,0.0
1787912572.21,1101,1,0,67,0.0
1787912572.24,1103,4,0,67,0.0
1787912572.27,1104,1,0,67,0.0
1787912572.30,114A,83,0,67,0.0
1787912572.34,114D,60,192,67,0.0
1787912572.37,1153,64,13,67,0.0
1787912572.40,1154,29,128,67,0.0
1787912572.44,1169,29,128,67,0.0
1787912572.46,1173,2,113,67,0.0
1787912572.50,1177,22,68,67,0.0
1787912572.54,1410,1,71,67,0.0
1787912572.57,1631,1,0,67,0.0
1787912572.60,1678,0,0,67,0.0
1787912572.63,1681,0,0,67,0.0
1787912572.66,16CD,0,0,67,0.0
1787912572.70,16CE,255,244,67,0.0
1787912572.74,16CF,12,50,67,0.0
1787912572.77,16E8,70,40,67,0.0
1787912572.80,16E9,0,120,67,0.0
1787912572.83,16F0,3,131,67,0.0
1787912572.86,1704,0,0,67,0.0
1787912572.90,1706,128,0,67,0.0
1787912572.93,1709,0,0,67,0.0
1787912572.96,1717,1,0,67,0.0
1787912572.99,1718,1,0,67,0.0
1787912573.02,1746,0,0,67,0.0
1787912573.06,1782,190,64,67,0.0
1787912573.09,1783,110,192,67,0.0
1787912573.12,17A0,34,0,67,0.0
1787912573.15,17A6,0,0,67,0.0
1787912573.18,17B0,21,0,67,0.0
1787912573.22,17B1,32,0,67,0.0
1787912573.25,17B2,4,0,67,0.0
1787912573.28,17B3,92,0,67,0.0
1787912573.31,17B5,80,0,67,0.0
1787912573.34,17B6,0,0,67,0.0
1787912573.38,17B8,240,0,67,0.0
1787912573.42,17BA,0,0,67,0.0
1787912573.45,17BB,0,0,67,0.0
1787912573.48,17BC,0,0,67,0.0
1787912573.51,17BD,131,0,67,0.0
1787912573.54,17BE,0,0,67,0.0
1787912573.58,17C1,234,0,67,0.0
1787912573.61,3201,23,112,67,0.0
1787912573.77,0000,190,63,67,0.0
1787912573.80,0002,0,0,67,0.0
1787912573.83,0003,2,0,67,0.0
1787912573.87,0005,107,0,67,0.0
1787912573.90,0006,129,0,67,0.0
1787912573.94,0007,127,0,67,0.0
1787912573.97,000B,45,0,67,0.0
1787912574.00,000C,12,112,67,0.0
1787912574.03,000D,0,0,67,0.0
1787912574.06,000E,145,0,67,0.0
1787912574.10,000F,77,0,67,0.0
1787912574.13,0010,1,67,67,0.0
1787912574.16,0011,29,0,67,0.0
1787912574.19,0013,1,0,67,0.0
1787912574.22,001C,10,0,67,0.0
1787912574.26,001F,0,228,67,0.0
1787912574.29,0020,128,21,67,0.0
1787912574.32,0021,0,0,67,0.0
1787912574.35,002C,0,0,67,0.0
1787912574.38,002E,0,0,67,0.0
1787912574.42,0030,255,0,67,0.0
1787912574.46,003C,15,99,67,0.0
1787912574.49,0040,104,0,67,0.0
1787912574.52,0042,54,219,67,0.0
1787912574.55,0043,0,76,67,0.0
1787912574.58,0200,0,0,67,0.0
1787912574.62,0202,0,0,67,0.0
1787912574.65,0900,6,94,67,0.0
1787912574.68,0968,0,0,67,0.0
1787912574.71,096E,12,94,67,0.0
1787912574.74,097C,112,98,67,0.0
1787912574.78,098E,0,0,67,0.0
1787912574.81,1101,1,0,67,0.0
1787912574.84,1103,4,0,67,0.0
1787912574.88,1104,1,0,67,0.0
1787912574.91,114A,83,0,67,0.0
1787912574.94,114D,60,64,67,0.0
1787912574.98,1153,64,48,67,0.0
1787912575.01,1154,29,128,67,0.0
1787912575.04,1169,29,128,67,0.0
1787912575.07,1173,2,128,67,0.0
1787912575.10,1177,22,48,67,0.0
1787912575.14,1410,1,74,67,0.0
1787912575.17,1631,1,0,67,0.0
1787912575.20,1678,0,0,67,0.0
1787912575.24,1681,0,0,67,0.0
1787912575.27,16CD,0,0,67,0.0
1787912575.30,16CE,255,245,67,0.0
1787912575.34,16CF,12,90,67,0.0
1787912575.37,16E8,72,104,67,0.0
1787912575.40,16E9,0,120,67,0.0
1787912575.43,16F0,3,131,67,0.0
1787912575.46,1704,0,0,67,0.0
1787912575.50,1706,128,0,67,0.0
1787912575.54,1709,0,0,67,0.0
1787912575.57,1717,1,0,67,0.0
1787912575.60,1718,1,0,67,0.0
1787912575.63,1746,0,0,67,0.0
1787912575.66,1782,190,0,67,0.0
1787912575.70,1783,110,192,67,0.0
1787912575.73,17A0,34,0,67,0.0
1787912575.76,17A6,0,0,67,0.0
1787912575.79,17B0,21,0,67,0.0
1787912575.82,17B1,32,0,67,0.0
1787912575.86,17B2,4,0,67,0.0
1787912575.90,17B3,92,0,67,0.0
1787912575.93,17B5,80,0,67,0.0
1787912575.96,17B6,0,0,67,0.0
1787912575.99,17B8,240,0,67,0.0
1787912576.02,17BA,0,0,67,0.0
1787912576.06,17BB,0,0,67,0.0
1787912576.09,17BC,0,0,67,0.0
1787912576.12,17BD,130,0,67,0.0
1787912576.15,17BE,0,0,67,0.0
1787912576.18,17C1,234,0,67,0.0
1787912576.22,3201,23,112,67,0.0
1787912576.38,0000,190,63,67,0.0
1787912576.42,0002,0,0,67,0.0
1787912576.45,0003,2,0,67,0.0
1787912576.48,0005,107,0,67,0.0
1787912576.51,0006,129,0,67,0.0
1787912576.54,0007,127,0,67,0.0
1787912576.58,000B,45,0,67,0.0
1787912576.61,000C,12,114,67,0.0
1787912576.64,000D,0,0,67,0.0
1787912576.67,000E,145,0,67,0.0
1787912576.70,000F,77,0,67,0.0
1787912576.74,0010,1,67,67,0.0
1787912576.78,0011,29,0,67,0.0
1787912576.81,0013,1,0,67,0.0
1787912576.84,001C,10,0,67,0.0
1787912576.87,001F,0,232,67,0.0
1787912576.94,0021,0,0,67,0.0
1787912576.97,002C,0,0,67,0.0
1787912577.00,002E,0,0,67,0.0
1787912577.03,0030,255,0,67,0.0
1787912577.06,003C,15,122,67,0.0
1787912577.10,0040,104,0,67,0.0
1787912577.14,0042,54,209,67,0.0
1787912577.17,0043,0,76,67,0.0
1787912577.20,0200,0,0,67,0.0
1787912577.23,0202,0,0,67,0.0
1787912577.26,0900,6,94,67,0.0
1787912577.30,0968,0,0,67,0.0
1787912577.33,096E,12,90,67,0.0
1787912577.36,097C,112,99,67,0.0
1787912577.39,098E,0,0,67,0.0
1787912577.42,1101,1,0,67,0.0
1787912577.46,1103,4,0,67,0.0
1787912577.49,1104,1,0,67,0.0
1787912577.52,114A,83,0,67,0.0
1787912577.56,114D,60,0,67,0.0
1787912577.59,1153,64,20,67,0.0
1787912577.62,1154,29,128,67,0.0
1787912577.66,1169,29,128,67,0.0
1787912577.69,1173,2,243,67,0.0
1787912577.72,1177,22,8,67,0.0
1787912577.75,1410,1,75,67,0.0
1787912577.78,1631,1,0,67,0.0
1787912577.82,1678,0,0,67,0.0
1787912577.85,1681,0,0,67,0.0
1787912577.88,16CD,0,0,67,0.0
1787912577.91,16CE,255,245,67,0.0
1787912577.94,16CF,12,60,67,0.0
1787912577.98,16E8,73,22,67,0.0
1787912578.01,16E9,0,120,67,0.0
1787912578.04,16F0,3,131,67,0.0
1787912578.08,1704,0,0,67,0.0
1787912578.11,1706,128,0,67,0.0
1787912578.14,1709,0,0,67,0.0
1787912578.18,1717,1,0,67,0.0
1787912578.21,1718,1,0,67,0.0
1787912578.24,1746,0,0,67,0.0
1787912578.27,1782,190,0,67,0.0
1787912578.31,1783,110,192,67,0.0
1787912578.34,17A0,34,0,67,0.0
1787912578.38,17A6,0,0,67,0.0
1787912578.41,17B0,20,0,67,0.0
1787912578.44,17B1,32,0,67,0.0
1787912578.47,17B2,4,0,67,0.0
1787912578.50,17B3,93,0,67,0.0
1787912578.54,17B5,80,0,67,0.0
1787912578.57,17B6,0,0,67,0.0
1787912578.60,17B8,240,0,68,0.0
1787912578.63,17BA,0,0,68,0.0
1787912578.66,17BB,0,0,68,0.0
1787912578.70,17BC,0,0,68,0.0
1787912578.73,17BD,130,0,68,0.0
1787912578.76,17BE,0,0,68,0.0
1787912578.79,17C1,234,0,67,0.0
1787912578.82,3201,23,112,67,0.0
1787912578.99,0000,190,63,68,0.0
1787912579.02,0002,0,0,68,0.0
1787912579.06,0003,2,0,68,0.0
1787912579.09,0005,108,0,68,0.0
1787912579.12,0006,129,0,68,0.0
1787912579.15,0007,127,0,68,0.0
1787912579.18,000B,45,0,68,0.0
1787912579.22,000C,12,103,68,0.0
1787912579.25,000D,0,0,68,0.0
1787912579.28,000E,146,0,68,0.0
1787912579.31,000F,77,0,68,0.0
1787912579.34,0010,1,60,68,0.0
1787912579.38,0011,29,0,68,0.0
1787912579.41,0013,1,0,68,0.0
1787912579.44,001C,10,0,68,0.0
1787912579.48,001F,0,235,68,0.0
1787912579.51,0020,128,21,68,0.0
1787912579.54,0021,0,0,68,0.0
1787912579.58,002C,0,0,68,0.0
1787912579.61,002E,0,0,68,0.0
1787912579.64,0030,255,0,68,0.0
1787912579.67,003C,15,142,68,0.0
1787912579.70,0040,104,0,68,0.0
1787912579.74,0042,54,219,68,0.0
1787912579.77,0043,0,76,68,0.0
1787912579.80,0200,0,0,68,0.0
1787912579.84,0202,0,0,68,0.0
1787912579.87,0900,6,99,68,0.0
1787912579.90,0968,0,0,68,0.0
1787912579.94,096E,12,85,68,0.0
1787912579.97,097C,112,96,68,0.0
1787912580.00,098E,0,0,68,0.0
1787912580.03,1101,1,0,68,0.0
1787912580.06,1103,4,0,68,0.0
1787912580.10,1104,1,0,68,0.0
1787912580.14,114A,82,192,68,0.0
1787912580.17,114D,59,192,68,0.0
1787912580.20,1153,63,215,68,0.0
1787912580.23,1154,29,128,68,0.0
1787912580.26,1169,29,128,68,0.0
1787912580.30,1173,3,7,68,0.0
1787912580.33,1177,21,244,68,0.0
1787912580.36,1410,1,75,68,0.0
1787912580.39,1631,1,0,68,0.0
1787912580.43,1678,0,0,68,0.0
1787912580.46,1681,0,0,68,0.0
1787912580.50,16CD,0,0,68,0.0
1787912580.53,16CE,255,245,68,0.0
1787912580.56,16CF,12,80,68,0.0
1787912580.59,16E8,72,95,68,0.0
1787912580.62,16E9,0,120,68,0.0
1787912580.69,1704,0,0,68,0.0
1787912580.72,1706,128,0,68,0.0
1787912580.76,1709,0,0,68,0.0
1787912580.78,1717,1,0,68,0.0
1787912580.82,1718,1,0,68,0.0
1787912580.86,1746,0,0,68,0.0
1787912580.89,1782,189,192,68,0.0
1787912580.92,1783,110,192,68,0.0
1787912580.95,17A0,34,0,68,0.0
1787912580.98,17A6,0,0,68,0.0
1787912581.02,17B0,20,0,68,0.0
1787912581.06,17B1,32,0,68,0.0
1787912581.09,17B2,4,0,68,0.0
1787912581.12,17B3,93,0,68,0.0
1787912581.15,17B5,80,0,68,0.0
1787912581.18,17B6,0,0,68,0.0
1787912581.22,17B8,240,0,68,0.0
1787912581.25,17BA,0,0,68,0.0
1787912581.28,17BB,0,0,68,0.0
1787912581.31,17BC,0,0,68,0.0
1787912581.34,17BD,130,0,68,0.0
1787912581.38,17BE,0,0,68,0.0
1787912581.42,17C1,234,0,68,0.0
1787912581.45,3201,23,112,68,0.0
1787912581.61,0000,190,63,68,0.0
1787912581.64,0002,0,0,68,0.0
1787912581.68,0003,2,0,68,0.0
1787912581.71,0005,108,0,68,0.0
1787912581.74,0006,129,0,68,0.0
1787912581.78,0007,127,0,68,0.0
1787912581.81,000B,45,0,68,0.0
1787912581.84,000C,12,99,68,0.0
1787912581.87,000D,0,0,68,0.0
1787912581.90,000E,146,0,68,0.0
1787912581.94,000F,77,0,68,0.0
1787912581.98,0010,1,74,68,0.0
1787912582.01,0011,29,0,68,0.0
1787912582.04,0013,1,0,68,0.0
1787912582.07,001C,10,0,68,0.0
1787912582.10,001F,0,236,68,0.0
1787912582.14,0020,128,21,68,0.0
1787912582.17,0021,0,0,68,0.0
1787912582.20,002C,0,0,68,0.0
1787912582.23,002E,0,0,68,0.0
1787912582.26,0030,255,0,68,0.0
1787912582.30,003C,15,164,68,0.0
1787912582.33,0040,104,0,68,0.0
1787912582.36,0042,54,208,68,0.0
1787912582.39,0043,0,76,68,0.0
1787912582.42,0200,0,0,68,0.0
1787912582.46,0202,0,0,68,0.0
1787912582.49,0900,6,94,68,0.0
1787912582.53,0968,0,0,68,0.0
1787912582.56,096E,12,81,68,0.0
1787912582.59,097C,112,97,68,0.0
1787912582.62,098E,0,0,68,0.0
1787912582.66,1101,1,0,68,0.0
1787912582.69,1103,4,0,68,0.0
1787912582.72,1104,1,0,68,0.0
1787912582.75,114A,82,192,68,0.0
1787912582.78,114D,59,128,68,0.0
1787912582.82,1153,63,228,68,0.0
1787912582.85,1154,29,128,68,0.0
1787912582.88,1169,29,128,68,0.0
1787912582.91,1173,2,123,68,0.0
1787912582.94,1177,22,28,68,0.0
1787912582.98,1410,1,74,68,0.0
1787912583.02,1631,1,0,68,0.0
1787912583.05,1678,0,0,68,0.0
1787912583.08,1681,0,0,68,0.0
1787912583.11,16CD,0,0,68,0.0
1787912583.14,16CE,255,245,68,0.0
1787912583.18,16CF,12,58,68,0.0
1787912583.21,16E8,74,18,68,0.0
1787912583.24,16E9,0,120,68,0.0
1787912583.27,16F0,3,131,68,0.0
1787912583.30,1704,0,0,68,0.0
1787912583.34,1706,128,0,68,0.0
1787912583.37,1709,0,0,68,0.0
1787912583.40,1717,1,0,68,0.0
1787912583.44,1718,1,0,68,0.0
1787912583.47,1746,0,0,68,0.0
1787912583.50,1782,189,192,68,0.0
1787912583.54,1783,110,192,68,0.0
1787912583.57,17A0,34,0,68,0.0
1787912583.60,17A6,0,0,68,0.0
1787912583.63,17B0,21,0,68,0.0
1787912583.66,17B1,32,0,68,0.0
1787912583.70,17B2,4,0,68,0.0
1787912583.73,17B3,93,0,68,0.0
1787912583.76,17B5,80,0,68,0.0
1787912583.80,17B6,0,0,68,0.0
1787912583.83,17B8,240,0,68,0.0
1787912583.86,17BA,0,0,68,0.0
1787912583.90,17BB,0,0,68,0.0
1787912583.93,17BC,0,0,68,0.0
1787912583.96,17BD,130,0,68,0.0
1787912583.99,17BE,0,0,68,0.0
1787912584.02,17C1,234,0,68,0.0
1787912584.06,3201,23,112,68,0.0
1787912584.22,0000,190,63,68,0.0
1787912584.26,0002,0,0,68,0.0
1787912584.29,0003,2,0,68,0.0
1787912584.32,0005,108,0,68,0.0
1787912584.35,0006,129,0,68,0.0
1787912584.38,0007,127,0,68,0.0
1787912584.42,000B,45,0,68,0.0
1787912584.45,000C,12,84,68,0.0
1787912584.48,000D,0,0,68,0.0
1787912584.52,000E,145,0,68,0.0
1787912584.55,000F,77,0,68,0.0
1787912584.58,0010,1,64,68,0.0
1787912584.62,0011,29,0,68,0.0
1787912584.65,0013,1,0,68,0.0
1787912584.68,001C,10,0,68,0.0
1787912584.71,001F,0,240,68,0.0
1787912584.74,0020,128,21,68,0.0
1787912584.78,0021,0,0,68,0.0
1787912584.81,002C,0,0,68,0.0
1787912584.84,002E,0,0,68,0.0
1787912584.87,0030,255,0,68,0.0
1787912584.91,003C,15,183,68,0.0
1787912584.94,0040,104,0,68,0.0
1787912584.98,0042,54,217,68,0.0
1787912585.01,0043,0,76,68,0.0
1787912585.04,0200,0,0,68,0.0
1787912585.08,0202,0,0,68,0.0
1787912585.11,0900,6,94,68,0.0
1787912585.14,0968,0,0,68,0.0
1787912585.18,096E,12,72,68,0.0
1787912585.21,097C,112,98,68,0.0
1787912585.24,098E,0,0,68,0.0
1787912585.27,1101,1,0,68,0.0
1787912585.30,1103,4,0,68,0.0
1787912585.34,1104,1,0,68,0.0
1787912585.38,114A,82,192,68,0.0
1787912585.41,114D,59,0,68,0.0
1787912585.44,1153,63,163,68,0.0
1787912585.47,1154,29,128,68,0.0
1787912585.50,1169,29,128,68,0.0
1787912585.54,1173,2,198,68,0.0
1787912585.57,1177,22,28,68,0.0
1787912585.60,1410,1,72,68,0.0
1787912585.74,1631,1,0,68,0.0
1787912585.74,1678,0,0,68,0.0
1787912585.74,1681,0,0,68,0.0
1787912585.74,16CD,0,0,68,0.0
1787912585.77,16CE,255,244,68,0.0
1787912585.80,16CF,12,81,68,0.0
1787912585.83,16E8,73,8,68,0.0
1787912585.86,16E9,0,120,68,0.0
1787912585.90,16F0,3,131,68,0.0
1787912585.93,1704,0,0,68,0.0
1787912585.96,1706,128,0,68,0.0
1787912585.99,1709,0,0,68,0.0
1787912586.02,1717,1,0,68,0.0
1787912586.06,1718,1,0,68,0.0
1787912586.09,1746,0,0,68,0.0
1787912586.12,1782,189,128,68,0.0
1787912586.15,1783,110,192,68,0.0
1787912586.19,17A0,34,0,68,0.0
1787912586.21,17A6,0,0,68,0.0
1787912586.26,17B0,20,0,68,0.0
