t,pid,b1,b2,coolant,speed
1788093909.20,0000,190,63,0,0.0
1788093909.21,0110,1,30,0,0.0
1788093909.23,0002,0,0,0,0.0
1788093909.25,010B,44,0,90,0.0
1788093909.26,0003,2,0,90,0.0
1788093909.29,0005,130,0,90,0.0
1788093909.31,0110,1,30,90,0.0
1788093909.33,0006,134,0,90,0.0
1788093909.36,0007,128,0,89,0.0
1788093909.39,000B,44,0,89,0.0
1788093909.41,0110,1,30,89,0.0
1788093909.42,000C,11,230,89,0.0
1788093909.45,000D,0,0,90,0.0
1788093909.46,010B,44,0,90,0.0
1788093909.49,000E,140,0,90,0.0
1788093909.51,0110,1,24,90,0.0
1788093909.52,000F,107,0,90,0.0
1788093909.55,0010,1,30,90,0.0
1788093909.56,010B,44,0,90,0.0
1788093909.58,0011,30,0,90,0.0
1788093909.60,0110,1,27,90,0.0
1788093909.61,0013,1,0,90,0.0
1788093909.65,001C,10,0,90,0.0
1788093909.66,010B,44,0,90,0.0
1788093909.68,001F,0,35,90,0.0
1788093909.70,0110,1,27,90,0.0
1788093909.72,0020,128,21,90,0.0
1788093909.75,0021,0,0,90,0.0
1788093909.75,010B,44,0,90,0.0
1788093909.78,002C,0,0,90,0.0
1788093909.81,0110,1,30,90,0.0
1788093909.81,002E,0,0,90,0.0
1788093909.85,0030,255,0,89,0.0
1788093909.86,010B,44,0,89,0.0
1788093909.88,003C,22,55,89,0.0
1788093909.91,0040,104,0,89,0.0
1788093909.94,0042,52,195,89,0.0
1788093909.96,010B,44,0,89,0.0
1788093909.97,0043,0,72,89,0.0
1788093910.01,0200,0,0,89,0.0
1788093910.04,0202,0,0,89,0.0
1788093910.06,010B,44,0,90,0.0
1788093910.07,0900,6,79,90,0.0
1788093910.10,0968,0,0,90,0.0
1788093910.11,0110,1,27,90,0.0
1788093910.13,096E,11,184,90,0.0
1788093910.16,010B,44,0,89,0.0
1788093910.17,097C,108,70,89,0.0
1788093910.20,098E,0,0,89,0.0
1788093910.21,0110,1,33,89,0.0
1788093910.23,1101,1,0,89,0.0
1788093910.25,010B,44,0,90,0.0
1788093910.26,1103,12,0,90,0.0
1788093910.29,1104,1,0,90,0.0
1788093910.31,0110,1,30,90,0.0
1788093910.32,114A,38,128,90,0.0
1788093910.36,010B,44,0,89,0.0
1788093910.36,114D,35,64,89,0.0
1788093910.40,1153,62,123,89,0.0
1788093910.40,0110,1,27,89,0.0
1788093910.43,1154,29,192,89,0.0
1788093910.46,1169,29,189,89,0.0
1788093910.49,1173,3,2,89,0.0
1788093910.51,0110,1,30,89,0.0
1788093910.51,17B3,136,0,89,0.0
1788093910.53,1177,21,104,89,0.0
1788093910.56,1410,1,72,90,0.0
1788093910.60,1631,1,0,90,0.0
1788093910.61,0110,1,40,90,0.0
1788093910.63,1678,0,0,90,0.0
1788093910.66,1681,0,0,90,0.0
1788093910.69,16CD,0,0,90,0.0
1788093910.71,0110,1,33,90,0.0
1788093910.73,16CE,255,254,90,0.0
1788093910.76,16CF,13,134,89,0.0
1788093910.79,16E8,81,229,89,0.0
1788093910.80,0110,1,27,89,0.0
1788093910.82,16E9,0,116,89,0.0
1788093910.85,16F0,3,131,89,0.0
1788093910.86,010B,44,0,89,0.0
1788093910.89,1704,0,0,89,0.0
1788093910.90,0110,1,27,89,0.0
1788093910.92,1706,128,0,89,0.0
1788093910.95,1709,0,0,90,0.0
1788093910.96,010B,44,0,90,0.0
1788093910.98,1717,1,0,90,0.0
1788093911.01,0110,1,30,90,0.0
1788093911.01,1718,1,0,90,0.0
1788093911.04,1746,0,0,90,0.0
1788093911.06,010B,44,0,90,0.0
1788093911.08,1782,138,0,90,0.0
1788093911.10,0110,1,33,90,0.0
1788093911.11,1783,110,192,90,0.0
1788093911.14,17A0,31,0,90,0.0
1788093911.15,010B,44,0,90,0.0
1788093911.17,17A6,0,0,90,0.0
1788093911.20,17B0,21,0,90,0.0
1788093911.24,17B1,32,0,90,0.0
1788093911.25,010B,44,0,90,0.0
1788093911.27,17B2,4,0,90,0.0
1788093911.30,17B3,136,0,90,0.0
1788093911.31,0110,1,27,90,0.0
1788093911.33,17B5,80,0,90,0.0
1788093911.36,010B,44,0,90,0.0
1788093911.37,17B6,0,0,90,0.0
1788093911.40,17B8,239,0,90,0.0
1788093911.41,0110,1,27,90,0.0
1788093911.43,17BA,0,0,90,0.0
1788093911.46,010B,44,0,90,0.0
1788093911.46,17BB,0,0,90,0.0
1788093911.49,17BC,0,0,90,0.0
1788093911.51,0110,1,33,90,0.0
1788093911.52,17BD,51,0,90,0.0
1788093911.56,010B,44,0,89,0.0
1788093911.57,17BE,0,0,89,0.0
1788093911.60,17C1,234,0,89,0.0
1788093911.60,0110,1,30,89,0.0
1788093911.63,3201,23,112,89,0.0
1788093911.66,990A,49,0,90,0.0
1788093911.69,996E,12,48,90,0.0
1788093911.70,0110,1,30,90,0.0
1788093911.72,A211,0,0,90,0.0
1788093911.76,D100,129,0,90,0.0
1788093911.79,E21B,90,74,90,0.0
1788093911.80,0110,1,24,90,0.0
1788093911.82,E21C,49,56,90,0.0
1788093911.85,E21D,56,56,90,0.0
1788093911.86,010B,44,0,90,0.0
1788093911.89,E21E,70,0,90,0.0
1788093911.91,0110,1,27,90,0.0
1788093911.92,E6F0,90,74,90,0.0
1788093911.95,E6F2,240,0,90,0.0
1788093911.95,010B,44,0,90,0.0
1788093911.99,E6F3,240,0,90,0.0
1788093912.00,0110,1,30,90,0.0
1788093912.02,0105,129,0,90,0.0
1788093912.05,010F,107,0,89,0.0
1788093912.06,010B,44,0,89,0.0
1788093912.08,0110,1,30,89,0.0
1788093912.11,0110,1,27,89,0.0
1788093912.12,010B,44,0,89,0.0
1788093912.15,0106,134,0,90,0.0
1788093912.16,010B,44,0,90,0.0
1788093912.18,0107,128,0,90,0.0
1788093912.21,0110,1,37,90,0.0
1788093912.21,010E,138,0,90,0.0
1788093912.24,0142,52,213,90,0.0
1788093912.25,010B,44,0,90,0.0
1788093912.28,0000,190,63,90,0.0
1788093912.31,0110,1,30,90,0.0
1788093912.32,0002,0,0,90,0.0
1788093912.35,0003,2,0,90,0.0
1788093912.36,010B,44,0,90,0.0
1788093912.38,0005,130,0,90,0.0
1788093912.41,0006,134,0,90,0.0
1788093912.45,0007,128,0,90,0.0
1788093912.46,010B,44,0,90,0.0
1788093912.48,000B,44,0,90,0.0
1788093912.51,000C,11,243,90,0.0
1788093912.54,000D,0,0,90,0.0
1788093912.55,010B,44,0,90,0.0
1788093912.57,000E,138,0,90,0.0
1788093912.60,000F,107,0,90,0.0
1788093912.64,0010,1,30,90,0.0
1788093912.65,010B,44,0,90,0.0
1788093912.67,0011,30,0,90,0.0
1788093912.70,0013,1,0,90,0.0
1788093912.71,0110,1,24,90,0.0
1788093912.73,001C,10,0,90,0.0
1788093912.76,010B,44,0,89,0.0
1788093912.77,001F,0,38,89,0.0
1788093912.80,0020,128,21,89,0.0
1788093912.81,0110,1,24,89,0.0
1788093912.84,0021,0,0,89,0.0
1788093912.85,010B,44,0,90,0.0
1788093912.87,002C,0,0,90,0.0
1788093912.90,002E,0,0,90,0.0
1788093912.90,0110,1,27,90,0.0
1788093912.93,0030,255,0,90,0.0
1788093912.96,010B,44,0,90,0.0
1788093912.97,003C,22,51,90,0.0
1788093913.00,0040,104,0,90,0.0
1788093913.01,0110,1,27,90,0.0
1788093913.03,0042,52,217,90,0.0
1788093913.06,010B,44,0,90,0.0
1788093913.06,0043,0,72,90,0.0
1788093913.09,0200,0,0,90,0.0
1788093913.11,0110,1,27,90,0.0
1788093913.12,0202,0,0,90,0.0
1788093913.16,0900,6,79,90,0.0
1788093913.19,0968,0,0,90,0.0
1788093913.21,0110,1,27,90,0.0
1788093913.23,096E,11,184,90,0.0
1788093913.26,097C,108,72,90,0.0
1788093913.29,098E,0,0,90,0.0
1788093913.31,0110,1,30,90,0.0
1788093913.32,1101,1,0,90,0.0
1788093913.36,1103,12,0,90,0.0
1788093913.39,1104,1,0,90,0.0
1788093913.41,0110,1,27,90,0.0
1788093913.42,114A,38,128,90,0.0
1788093913.45,114D,35,64,90,0.0
1788093913.46,010B,44,0,90,0.0
1788093913.48,1153,61,244,90,0.0
1788093913.50,0110,1,30,90,0.0
1788093913.52,1154,29,192,90,0.0
1788093913.55,1169,29,189,89,0.0
1788093913.56,010B,44,0,89,0.0
1788093913.58,1173,3,97,89,0.0
1788093913.60,0110,1,33,89,0.0
1788093913.61,1177,21,104,89,0.0
1788093913.65,1410,1,74,90,0.0
1788093913.66,010B,44,0,90,0.0
1788093913.68,1631,1,0,90,0.0
1788093913.70,0110,1,30,90,0.0
1788093913.71,1678,0,0,90,0.0
1788093913.74,1681,0,0,90,0.0
1788093913.76,010B,44,0,90,0.0
1788093913.77,16CD,0,0,90,0.0
1788093913.80,0110,1,17,90,0.0
1788093913.81,16CE,255,254,90,0.0
1788093913.84,16CF,13,178,89,0.0
1788093913.85,010B,44,0,89,0.0
1788093913.88,16E8,90,82,89,0.0
1788093913.91,16E9,0,117,89,0.0
1788093913.94,16F0,3,131,90,0.0
1788093913.96,010B,44,0,90,0.0
1788093913.97,1704,0,0,90,0.0
1788093914.01,1706,128,0,90,0.0
1788093914.04,1709,0,0,90,0.0
1788093914.06,010B,44,0,89,0.0
1788093914.07,1717,1,0,89,0.0
1788093914.10,1718,1,0,89,0.0
1788093914.11,0110,1,27,89,0.0
1788093914.13,1746,0,0,89,0.0
1788093914.16,010B,44,0,90,0.0
1788093914.16,1782,138,0,90,0.0
1788093914.20,1783,110,192,90,0.0
1788093914.24,17A0,32,0,90,0.0
1788093914.25,010B,44,0,90,0.0
1788093914.27,17A6,0,0,90,0.0
1788093914.30,17B0,21,0,90,0.0
1788093914.31,0110,1,24,90,0.0
1788093914.33,17B1,32,0,90,0.0
1788093914.36,010B,44,0,90,0.0
1788093914.36,17B2,4,0,90,0.0
1788093914.40,17B3,137,0,90,0.0
1788093914.41,0110,1,30,90,0.0
1788093914.43,17B5,80,0,90,0.0
1788093914.46,010B,44,0,90,0.0
1788093914.46,17B6,0,0,90,0.0
1788093914.49,17B8,239,0,90,0.0
1788093914.51,0110,1,27,90,0.0
1788093914.51,17B3,137,0,90,0.0
1788093914.52,17BA,0,0,90,0.0
1788093914.56,17BB,0,0,90,0.0
1788093914.59,17BC,0,0,90,0.0
1788093914.61,0110,1,27,90,0.0
1788093914.62,17BD,51,0,90,0.0
1788093914.66,17BE,0,0,90,0.0
1788093914.69,17C1,234,0,90,0.0
1788093914.70,0110,1,33,90,0.0
1788093914.72,3201,23,112,90,0.0
1788093914.76,990A,48,0,89,0.0
1788093914.79,996E,12,88,89,0.0
1788093914.80,0110,1,33,89,0.0
1788093914.82,A211,0,0,89,0.0
1788093914.85,D100,129,0,90,0.0
1788093914.86,010B,44,0,90,0.0
1788093914.88,E21B,90,74,90,0.0
1788093914.91,0110,1,24,90,0.0
1788093914.92,E21C,49,56,90,0.0
1788093914.95,E21D,56,56,90,0.0
1788093914.95,010B,44,0,90,0.0
1788093914.99,E21E,70,0,90,0.0
1788093915.01,0110,1,37,90,0.0
1788093915.02,E6F0,90,74,90,0.0
1788093915.05,E6F2,240,0,90,0.0
1788093915.06,010B,44,0,90,0.0
1788093915.08,E6F3,240,0,90,0.0
1788093915.10,0110,1,27,90,0.0
1788093915.11,0105,130,0,90,0.0
1788093915.14,010F,106,0,90,0.0
1788093915.16,010B,44,0,90,0.0
1788093915.18,0110,1,30,90,0.0
1788093915.21,0110,1,37,90,0.0
1788093915.21,010B,44,0,90,0.0
1788093915.24,0106,133,0,90,0.0
1788093915.25,010B,44,0,90,0.0
1788093915.27,0107,128,0,90,0.0
1788093915.30,010E,142,0,90,0.0
1788093915.34,0142,52,222,90,0.0
1788093915.35,010B,44,0,90,0.0
1788093915.37,0000,190,63,90,0.0
1788093915.40,0002,0,0,90,0.0
1788093915.44,0003,2,0,90,0.0
1788093915.45,010B,44,0,90,0.0
1788093915.47,0005,129,0,90,0.0
1788093915.51,0006,134,0,90,0.0
1788093915.54,0007,128,0,89,0.0
1788093915.55,010B,44,0,89,0.0
1788093915.57,000B,44,0,89,0.0
1788093915.60,000C,11,233,89,0.0
1788093915.64,000D,0,0,89,0.0
1788093915.66,010B,44,0,90,0.0
1788093915.67,000E,139,0,90,0.0
1788093915.70,000F,106,0,90,0.0
1788093915.70,0110,1,27,90,0.0
1788093915.73,0010,1,20,90,0.0
1788093915.76,010B,44,0,90,0.0
1788093915.76,0011,30,0,90,0.0
1788093915.80,0013,1,0,90,0.0
1788093915.80,0110,1,30,90,0.0
1788093915.83,001C,10,0,90,0.0
1788093915.86,010B,44,0,90,0.0
1788093915.86,001F,0,41,90,0.0
1788093915.89,0020,128,21,90,0.0
1788093915.90,0110,1,30,90,0.0
1788093915.92,0021,0,0,90,0.0
1788093915.96,010B,44,0,90,0.0
1788093915.96,002C,0,0,90,0.0
1788093915.99,002E,0,0,90,0.0
1788093916.01,0110,1,30,90,0.0
1788093916.03,0030,255,0,90,0.0
1788093916.06,003C,22,47,90,0.0
1788093916.09,0040,104,0,90,0.0
1788093916.11,0110,1,33,90,0.0
1788093916.12,0042,52,215,90,0.0
1788093916.16,0043,0,72,90,0.0
1788093916.19,0200,0,0,90,0.0
1788093916.21,0110,1,33,90,0.0
1788093916.22,0202,0,0,90,0.0
1788093916.25,0900,6,79,90,0.0
1788093916.26,010B,44,0,90,0.0
1788093916.28,0968,0,0,90,0.0
1788093916.31,0110,1,30,90,0.0
1788093916.32,096E,11,184,90,0.0
1788093916.35,097C,108,78,90,0.0
1788093916.35,010B,44,0,90,0.0
1788093916.39,098E,0,0,90,0.0
1788093916.41,0110,1,24,90,0.0
1788093916.42,1101,1,0,90,0.0
1788093916.45,1103,12,0,90,0.0
1788093916.45,010B,44,0,90,0.0
1788093916.48,1104,1,0,90,0.0
1788093916.51,0110,1,33,90,0.0
1788093916.51,17B3,137,0,90,0.0
1788093916.52,114A,38,192,90,0.0
1788093916.56,114D,35,64,90,0.0
1788093916.59,1153,62,47,90,0.0
1788093916.61,0110,1,20,90,0.0
1788093916.62,1154,29,192,90,0.0
1788093916.65,1169,29,189,90,0.0
1788093916.66,010B,44,0,90,0.0
1788093916.68,1173,3,102,90,0.0
1788093916.71,0110,1,33,90,0.0
1788093916.72,1177,21,44,90,0.0
1788093916.75,1410,1,71,90,0.0
1788093916.76,010B,44,0,90,0.0
1788093916.78,1631,1,0,90,0.0
1788093916.81,0110,1,20,90,0.0
1788093916.81,1678,0,0,90,0.0
1788093916.85,1681,0,0,90,0.0
1788093916.86,010B,44,0,90,0.0
1788093916.88,16CD,0,0,90,0.0
1788093916.91,0110,1,27,90,0.0
1788093916.92,16CE,255,255,90,0.0
1788093916.95,16CF,13,140,90,0.0
1788093916.95,010B,44,0,90,0.0
1788093916.98,16E8,80,157,90,0.0
1788093917.01,0110,1,30,90,0.0
1788093917.01,16E9,0,116,90,0.0
1788093917.05,16F0,3,131,90,0.0
1788093917.06,010B,44,0,90,0.0
1788093917.08,1704,0,0,90,0.0
1788093917.11,1706,128,0,90,0.0
1788093917.14,1709,0,0,90,0.0
1788093917.16,010B,44,0,90,0.0
1788093917.17,1717,1,0,90,0.0
1788093917.20,1718,1,0,90,0.0
1788093917.21,0110,1,33,90,0.0
1788093917.24,1746,0,0,90,0.0
1788093917.25,010B,44,0,90,0.0
1788093917.27,1782,138,0,90,0.0
1788093917.30,1783,110,192,90,0.0
1788093917.30,0110,1,30,90,0.0
1788093917.33,17A0,32,0,90,0.0
1788093917.36,010B,44,0,90,0.0
1788093917.36,17A6,0,0,90,0.0
1788093917.40,17B0,20,0,90,0.0
1788093917.41,0110,1,27,90,0.0
1788093917.43,17B1,32,0,90,0.0
1788093917.46,010B,44,0,90,0.0
1788093917.47,17B2,4,0,90,0.0
1788093917.50,17B3,137,0,90,0.0
1788093917.51,0110,1,27,90,0.0
1788093917.51,0142,52,219,90,0.0
1788093917.53,17B5,80,0,90,0.0
1788093917.55,010B,44,0,90,0.0
1788093917.56,17B6,0,0,90,0.0
1788093917.60,17B8,239,0,90,0.0
1788093917.61,0110,1,30,90,0.0
1788093917.63,17BA,0,0,90,0.0
1788093917.66,010B,44,0,90,0.0
1788093917.66,17BB,0,0,90,0.0
1788093917.69,17BC,0,0,90,0.0
1788093917.71,0110,1,30,90,0.0
1788093917.72,17BD,51,0,90,0.0
1788093917.76,010B,44,0,90,0.0
1788093917.76,17BE,0,0,90,0.0
1788093917.80,17C1,234,0,90,0.0
1788093917.80,0110,1,24,90,0.0
1788093917.83,3201,23,112,90,0.0
1788093917.86,990A,47,0,90,0.0
1788093917.89,996E,12,128,90,0.0
1788093917.91,0110,1,27,90,0.0
1788093917.92,A211,0,0,90,0.0
1788093917.96,D100,129,0,90,0.0
1788093917.99,E21B,90,74,90,0.0
1788093918.00,0110,1,37,90,0.0
1788093918.02,E21C,49,56,90,0.0
1788093918.05,E21D,56,56,90,0.0
1788093918.05,010B,44,0,90,0.0
1788093918.09,E21E,70,0,90,0.0
1788093918.11,0110,1,27,90,0.0
1788093918.12,E6F0,90,74,90,0.0
1788093918.15,E6F2,240,0,90,0.0
1788093918.15,010B,44,0,90,0.0
1788093918.18,E6F3,240,0,90,0.0
1788093918.21,0110,1,37,90,0.0
1788093918.21,0105,130,0,90,0.0
1788093918.24,010F,106,0,90,0.0
1788093918.26,010B,44,0,90,0.0
1788093918.28,0110,1,24,90,0.0
1788093918.31,0110,1,24,90,0.0
1788093918.31,010B,44,0,90,0.0
1788093918.34,0106,132,0,90,0.0
1788093918.35,010B,44,0,90,0.0
1788093918.37,0107,128,0,90,0.0
1788093918.41,0110,1,33,90,0.0
1788093918.44,0142,52,207,90,0.0
1788093918.46,010B,44,0,90,0.0
1788093918.48,0000,190,63,90,0.0
1788093918.51,0002,0,0,90,0.0
1788093918.54,0003,2,0,90,0.0
1788093918.56,010B,44,0,90,0.0
1788093918.57,0005,130,0,90,0.0
1788093918.60,0006,133,0,90,0.0
1788093918.64,0007,128,0,90,0.0
1788093918.66,010B,44,0,90,0.0
1788093918.67,000B,44,0,90,0.0
1788093918.70,000C,11,206,90,0.0
1788093918.70,0110,1,27,90,0.0
1788093918.73,000D,0,0,90,0.0
1788093918.75,010B,44,0,90,0.0
1788093918.76,000E,143,0,90,0.0
1788093918.80,000F,106,0,90,0.0
1788093918.81,0110,1,27,90,0.0
1788093918.84,0010,1,30,90,0.0
1788093918.85,010B,44,0,90,0.0
1788093918.87,0011,30,0,90,0.0
1788093918.90,0013,1,0,90,0.0
1788093918.91,0110,1,24,90,0.0
1788093918.93,001C,10,0,90,0.0
1788093918.96,010B,44,0,90,0.0
1788093918.96,001F,0,44,90,0.0
1788093919.00,0020,128,21,90,0.0
1788093919.00,0110,1,30,90,0.0
1788093919.03,0021,0,0,90,0.0
1788093919.06,010B,44,0,90,0.0
1788093919.06,002C,0,0,90,0.0
1788093919.09,002E,0,0,90,0.0
1788093919.10,0110,1,30,90,0.0
1788093919.12,0030,255,0,90,0.0
1788093919.16,003C,22,43,90,0.0
1788093919.19,0040,104,0,90,0.0
1788093919.20,0110,1,20,90,0.0
1788093919.22,0042,52,215,90,0.0
1788093919.25,0043,0,72,90,0.0
1788093919.25,010B,44,0,90,0.0
1788093919.29,0200,0,0,90,0.0
1788093919.31,0110,1,30,90,0.0
1788093919.32,0202,0,0,90,0.0
1788093919.36,0900,6,79,90,0.0
1788093919.39,0968,0,0,90,0.0
1788093919.41,0110,1,30,90,0.0
1788093919.42,096E,11,184,90,0.0
1788093919.45,097C,108,80,90,0.0
1788093919.46,010B,44,0,90,0.0
1788093919.48,098E,0,0,90,0.0
1788093919.51,0110,1,27,90,0.0
1788093919.52,1101,1,0,90,0.0
1788093919.55,1103,12,0,90,0.0
1788093919.56,010B,44,0,90,0.0
1788093919.58,1104,1,0,90,0.0
1788093919.61,0110,1,27,90,0.0
1788093919.62,114A,39,0,90,0.0
1788093919.65,114D,35,64,90,0.0
1788093919.65,010B,44,0,90,0.0
1788093919.68,1153,61,145,90,0.0
1788093919.71,0110,1,17,90,0.0
1788093919.72,1154,29,192,90,0.0
1788093919.75,1169,29,189,90,0.0
1788093919.75,010B,44,0,90,0.0
1788093919.78,1173,2,243,90,0.0
1788093919.81,0110,1,30,90,0.0
1788093919.82,1177,21,64,90,0.0
1788093919.85,1410,1,71,90,0.0
1788093919.86,010B,44,0,90,0.0
1788093919.89,1631,1,0,90,0.0
1788093919.90,0110,1,37,90,0.0
1788093919.92,1678,0,0,90,0.0
1788093919.95,1681,0,0,90,0.0
1788093919.96,010B,44,0,90,0.0
1788093919.98,16CD,0,0,90,0.0
1788093920.01,0110,1,20,90,0.0
1788093920.01,16CE,255,255,90,0.0
1788093920.04,16CF,13,140,90,0.0
1788093920.06,010B,44,0,90,0.0
1788093920.08,16E8,83,11,90,0.0
1788093920.11,0110,1,30,90,0.0
1788093920.11,16E9,0,116,90,0.0
1788093920.14,16F0,3,131,90,0.0
1788093920.15,010B,44,0,90,0.0
1788093920.17,1704,0,0,90,0.0
1788093920.20,1706,128,0,90,0.0
1788093920.21,0110,1,24,90,0.0
1788093920.24,1709,0,0,90,0.0
1788093920.26,010B,44,0,90,0.0
1788093920.28,1717,1,0,90,0.0
1788093920.31,1718,1,0,90,0.0
1788093920.34,1746,0,0,90,0.0
1788093920.36,010B,44,0,90,0.0
1788093920.37,1782,137,192,90,0.0
1788093920.40,1783,110,192,90,0.0
1788093920.41,0110,1,30,90,0.0
1788093920.44,17A0,33,0,90,0.0
1788093920.45,010B,44,0,90,0.0
1788093920.47,17A6,0,0,90,0.0
1788093920.50,17B0,20,0,90,0.0
1788093920.51,0110,1,30,90,0.0
1788093920.51,17B3,137,0,90,0.0
1788093920.53,17B1,32,0,90,0.0
1788093920.55,010B,44,0,90,0.0
1788093920.56,17B2,4,0,90,0.0
1788093920.60,17B3,137,0,90,0.0
1788093920.60,0110,1,14,90,0.0
1788093920.64,17B5,80,0,90,0.0
1788093920.66,010B,44,0,90,0.0
1788093920.67,17B6,0,0,90,0.0
1788093920.70,17B8,239,0,90,0.0
1788093920.71,0110,1,27,90,0.0
1788093920.73,17BA,0,0,90,0.0
1788093920.76,010B,44,0,90,0.0
1788093920.76,17BB,0,0,90,0.0
1788093920.80,17BC,0,0,90,0.0
1788093920.81,0110,1,27,90,0.0
1788093920.83,17BD,50,0,90,0.0
1788093920.86,010B,44,0,90,0.0
1788093920.86,17BE,0,0,90,0.0
1788093920.89,17C1,234,0,90,0.0
1788093920.91,0110,1,24,90,0.0
1788093920.93,3201,23,112,90,0.0
1788093920.96,010B,44,0,90,0.0
1788093920.96,990A,47,0,90,0.0
1788093921.00,996E,12,168,90,0.0
1788093921.01,0110,1,27,90,0.0
1788093921.03,A211,0,0,90,0.0
1788093921.06,D100,129,0,90,0.0
1788093921.09,E21B,90,74,90,0.0
1788093921.10,0110,1,30,90,0.0
1788093921.12,E21C,49,56,90,0.0
1788093921.16,E21D,56,56,90,0.0
1788093921.19,E21E,70,0,90,0.0
1788093921.20,0110,1,27,90,0.0
1788093921.22,E6F0,90,74,90,0.0
1788093921.25,E6F2,240,0,90,0.0
1788093921.26,010B,44,0,90,0.0
1788093921.28,E6F3,240,0,90,0.0
1788093921.30,0110,1,33,90,0.0
1788093921.32,0105,130,0,90,0.0
1788093921.35,010F,106,0,90,0.0
1788093921.36,010B,44,0,90,0.0
1788093921.38,0110,1,27,90,0.0
1788093921.41,0110,1,33,90,0.0
1788093921.41,010B,44,0,90,0.0
1788093921.44,0106,133,0,90,0.0
1788093921.46,010B,44,0,90,0.0
1788093921.48,0107,128,0,90,0.0
1788093921.51,0110,1,27,90,0.0
1788093921.51,0142,52,217,90,0.0
1788093921.51,010E,144,0,90,0.0
1788093921.54,0142,52,220,90,0.0
1788093921.56,010B,44,0,90,0.0
1788093921.58,0000,190,63,90,0.0
1788093921.61,0110,1,27,90,0.0
1788093921.61,0002,0,0,90,0.0
1788093921.65,0003,2,0,90,0.0
1788093921.66,010B,44,0,90,0.0
1788093921.68,0005,130,0,90,0.0
1788093921.71,0006,133,0,90,0.0
1788093921.74,0007,128,0,90,0.0
1788093921.75,010B,44,0,90,0.0
1788093921.77,000B,44,0,90,0.0
1788093921.80,000C,11,198,90,0.0
1788093921.81,0110,1,20,90,0.0
1788093921.84,000D,0,0,90,0.0
1788093921.86,010B,44,0,90,0.0
1788093921.88,000E,143,0,90,0.0
1788093921.91,000F,106,0,90,0.0
1788093921.94,0010,1,37,90,0.0
1788093921.96,010B,44,0,90,0.0
1788093921.97,0011,30,0,90,0.0
1788093922.00,0013,1,0,90,0.0
1788093922.01,0110,1,33,90,0.0
1788093922.04,001C,10,0,90,0.0
1788093922.06,010B,44,0,90,0.0
1788093922.07,001F,0,48,90,0.0
1788093922.11,0020,128,21,90,0.0
1788093922.14,0021,0,0,90,0.0
1788093922.15,010B,44,0,90,0.0
1788093922.17,002C,0,0,90,0.0
1788093922.20,002E,0,0,90,0.0
1788093922.21,0110,1,24,90,0.0
1788093922.24,0030,255,0,90,0.0
1788093922.25,010B,44,0,90,0.0
1788093922.27,003C,22,39,90,0.0
1788093922.30,0040,104,0,90,0.0
1788093922.31,0110,1,24,90,0.0
1788093922.33,0042,52,224,90,0.0
1788093922.36,010B,44,0,90,0.0
1788093922.36,0043,0,72,90,0.0
1788093922.40,0200,0,0,90,0.0
1788093922.40,0110,1,24,90,0.0
1788093922.43,0202,0,0,90,0.0
1788093922.45,010B,44,0,90,0.0
1788093922.46,0900,6,79,90,0.0
1788093922.50,0968,0,0,90,0.0
1788093922.51,0110,1,30,90,0.0
1788093922.51,0142,52,222,90,0.0
1788093922.51,17B3,137,0,90,0.0
1788093922.53,096E,11,184,90,0.0
1788093922.56,010B,44,0,90,0.0
1788093922.56,097C,108,87,90,0.0
1788093922.60,098E,0,0,90,0.0
1788093922.60,0110,1,27,90,0.0
1788093922.63,1101,1,0,90,0.0
1788093922.66,1103,12,0,90,0.0
1788093922.69,1104,1,0,90,0.0
1788093922.70,0110,1,24,90,0.0
1788093922.72,114A,39,0,90,0.0
1788093922.76,114D,35,64,90,0.0
1788093922.79,1153,61,156,90,0.0
1788093922.81,0110,1,27,90,0.0
1788093922.82,1154,29,192,90,0.0
1788093922.85,1169,29,189,90,0.0
1788093922.86,010B,44,0,90,0.0
1788093922.88,1173,3,2,90,0.0
1788093922.91,0110,1,27,90,0.0
1788093922.92,1177,21,84,90,0.0
1788093922.95,1410,1,73,90,0.0
1788093922.95,010B,44,0,90,0.0
1788093922.98,1631,1,0,90,0.0
1788093923.00,0110,1,30,90,0.0
1788093923.01,1678,0,0,90,0.0
1788093923.04,1681,0,0,90,0.0
1788093923.06,010B,44,0,90,0.0
1788093923.08,16CD,0,0,90,0.0
1788093923.10,0110,1,17,90,0.0
1788093923.12,16CE,255,253,90,0.0
1788093923.15,16CF,13,154,90,0.0
1788093923.16,010B,44,0,90,0.0
1788093923.18,16E8,83,144,90,0.0
1788093923.21,0110,1,27,90,0.0
1788093923.24,16F0,3,131,90,0.0
1788093923.26,010B,44,0,90,0.0
1788093923.28,1704,0,0,90,0.0
1788093923.31,1706,128,0,90,0.0
1788093923.34,1709,0,0,90,0.0
1788093923.35,010B,44,0,90,0.0
1788093923.37,1717,1,0,90,0.0
1788093923.41,1718,1,0,90,0.0
1788093923.45,1746,0,0,90,0.0
1788093923.46,010B,44,0,90,0.0
1788093923.48,1782,137,192,90,0.0
1788093923.51,1783,110,192,90,0.0
1788093923.54,17A0,32,0,90,0.0
1788093923.55,010B,44,0,90,0.0
1788093923.57,17A6,0,0,90,0.0
1788093923.60,17B0,20,0,90,0.0
1788093923.61,0110,1,30,90,0.0
1788093923.64,17B1,32,0,90,0.0
1788093923.66,010B,44,0,90,0.0
1788093923.67,17B2,4,0,90,0.0
1788093923.70,17B3,137,0,90,0.0
1788093923.71,0110,1,27,90,0.0
1788093923.73,17B5,80,0,90,0.0
1788093923.75,010B,44,0,90,0.0
1788093923.76,17B6,0,0,90,0.0
1788093923.80,17B8,239,0,90,0.0
1788093923.81,0110,1,27,90,0.0
1788093923.83,17BA,0,0,90,0.0
1788093923.86,010B,44,0,90,0.0
1788093923.86,17BB,0,0,90,0.0
1788093923.90,17BC,0,0,90,0.0
1788093923.90,0110,1,17,90,0.0
1788093923.93,17BD,50,0,90,0.0
1788093923.96,010B,44,0,90,0.0
1788093923.96,17BE,0,0,90,0.0
1788093924.00,17C1,234,0,90,0.0
1788093924.00,0110,1,30,90,0.0
1788093924.03,3201,23,112,90,0.0
1788093924.06,010B,44,0,90,0.0
1788093924.06,990A,46,0,90,0.0
1788093924.09,996E,12,208,90,0.0
1788093924.10,0110,1,20,90,0.0
1788093924.12,A211,0,0,90,0.0
1788093924.16,D100,129,0,90,0.0
1788093924.20,E21B,90,74,90,0.0
1788093924.20,0110,1,24,90,0.0
1788093924.23,E21C,49,56,90,0.0
1788093924.26,E21D,56,56,90,0.0
1788093924.29,E21E,70,0,90,0.0
1788093924.31,0110,1,17,90,0.0
1788093924.32,E6F0,90,74,90,0.0
1788093924.36,E6F2,240,0,90,0.0
1788093924.39,E6F3,240,0,90,0.0
1788093924.41,0110,1,30,90,0.0
1788093924.42,0105,130,0,90,0.0
1788093924.45,010F,106,0,90,0.0
1788093924.46,010B,44,0,90,0.0
1788093924.48,0110,1,27,90,0.0
1788093924.51,0110,1,17,90,0.0
1788093924.51,0142,52,220,90,0.0
1788093924.51,010B,44,0,90,0.0
1788093924.55,0106,133,0,90,0.0
1788093924.56,010B,44,0,90,0.0
1788093924.58,0107,128,0,90,0.0
1788093924.61,0110,1,24,90,0.0
1788093924.61,010E,144,0,90,0.0
1788093924.65,0142,52,216,90,0.0
1788093924.65,010B,44,0,90,0.0
1788093924.68,0000,190,63,90,0.0
1788093924.71,0110,1,30,90,0.0
1788093924.72,0002,0,0,90,0.0
1788093924.76,0003,2,0,90,0.0
1788093924.79,0005,130,0,90,0.0
1788093924.80,0110,1,17,90,0.0
1788093924.82,0006,133,0,90,0.0
1788093924.85,0007,128,0,90,0.0
1788093924.86,010B,44,0,90,0.0
1788093924.88,000B,44,0,90,0.0
1788093924.91,0110,1,24,90,0.0
1788093924.92,000C,11,203,90,0.0
1788093924.95,000D,0,0,90,0.0
1788093924.95,010B,44,0,90,0.0
1788093924.98,000E,143,0,90,0.0
1788093925.01,0110,1,30,90,0.0
1788093925.01,000F,106,0,90,0.0
1788093925.05,0010,1,24,90,0.0
1788093925.06,010B,44,0,90,0.0
1788093925.08,0011,30,0,90,0.0
1788093925.11,0110,1,27,90,0.0
1788093925.12,0013,1,0,90,0.0
1788093925.15,001C,10,0,90,0.0
1788093925.16,010B,44,0,90,0.0
1788093925.18,001F,0,51,90,0.0
1788093925.21,0110,1,24,90,0.0
1788093925.21,0020,128,21,90,0.0
1788093925.24,0021,0,0,90,0.0
1788093925.25,010B,44,0,90,0.0
1788093925.28,002C,0,0,90,0.0
1788093925.31,0110,1,27,90,0.0
1788093925.31,002E,0,0,90,0.0
1788093925.35,0030,255,0,90,0.0
1788093925.36,010B,44,0,90,0.0
1788093925.37,003C,22,35,90,0.0
1788093925.40,0040,104,0,90,0.0
1788093925.40,0110,1,27,90,0.0
1788093925.45,0042,52,206,90,0.0
1788093925.46,010B,44,0,90,0.0
1788093925.48,0043,0,72,90,0.0
1788093925.51,0200,0,0,90,0.0
1788093925.54,0202,0,0,90,0.0
1788093925.55,010B,44,0,90,0.0
1788093925.57,0900,6,79,90,0.0
1788093925.60,0968,0,0,90,0.0
1788093925.61,0110,1,24,90,0.0
1788093925.64,096E,11,184,90,0.0
1788093925.65,010B,44,0,90,0.0
1788093925.67,097C,108,95,90,0.0
1788093925.70,098E,0,0,90,0.0
1788093925.70,0110,1,27,90,0.0
1788093925.73,1101,1,0,90,0.0
1788093925.75,010B,44,0,90,0.0
1788093925.76,1103,12,0,90,0.0
1788093925.80,1104,1,0,90,0.0
1788093925.80,0110,1,30,90,0.0
1788093925.83,114A,39,64,90,0.0
1788093925.86,010B,44,0,90,0.0
1788093925.87,114D,35,64,90,0.0
1788093925.90,1153,62,36,90,0.0
1788093925.91,0110,1,30,90,0.0
1788093925.93,1154,29,192,90,0.0
1788093925.96,010B,44,0,90,0.0
1788093925.96,1169,29,189,90,0.0
1788093926.00,1173,2,138,90,0.0
1788093926.00,0110,1,33,90,0.0
1788093926.03,1177,21,84,90,0.0
1788093926.06,1410,1,74,90,0.0
1788093926.09,1631,1,0,90,0.0
1788093926.11,0110,1,24,90,0.0
1788093926.12,1678,0,0,90,0.0
1788094531.10,1681,0,0,90,0.0
1788094531.13,16CD,0,0,90,0.0
1788094531.15,0110,1,24,90,0.0
1788094531.17,16CE,0,0,90,0.0
1788094531.20,16CF,13,185,90,0.0
1788094531.20,010B,44,0,90,0.0
1788094531.23,16E8,84,21,90,0.0
1788094531.25,0110,1,30,90,0.0
1788094531.26,16E9,0,117,90,0.0
1788094531.30,16F0,3,131,90,0.0
1788094531.33,1704,0,0,90,0.0
1788094531.35,0110,1,27,90,0.0
1788094531.37,1706,128,0,90,0.0
1788094531.40,1709,0,0,90,0.0
1788094531.40,010B,44,0,90,0.0
1788094531.43,1717,1,0,90,0.0
1788094531.45,0110,1,24,90,0.0
1788094531.45,0142,52,229,90,0.0
1788094531.46,1718,1,0,90,0.0
1788094531.50,1746,0,0,90,0.0
1788094531.53,1782,137,192,90,0.0
1788094531.55,0110,1,20,90,0.0
1788094531.57,1783,110,192,90,0.0
1788094531.60,17A0,32,0,90,0.0
1788094531.60,010B,44,0,90,0.0
1788094531.63,17A6,0,0,90,0.0
1788094531.65,0110,1,27,90,0.0
1788094531.66,17B0,20,0,90,0.0
1788094531.69,17B1,32,0,90,0.0
1788094531.70,010B,44,0,90,0.0
1788094531.73,17B2,4,0,90,0.0
1788094531.75,0110,1,24,90,0.0
1788094531.76,17B3,137,0,90,0.0
1788094531.80,17B5,80,0,90,0.0
1788094531.80,010B,44,0,90,0.0
1788094531.83,17B6,0,0,90,0.0
1788094531.85,0110,1,27,90,0.0
1788094531.86,17B8,239,0,90,0.0
1788094531.89,17BA,0,0,90,0.0
1788094531.90,010B,44,0,90,0.0
1788094531.93,17BB,0,0,90,0.0
1788094531.95,0110,1,27,90,0.0
1788094531.96,17BC,0,0,90,0.0
1788094531.99,17BD,50,0,90,0.0
1788094532.00,010B,44,0,90,0.0
1788094532.02,17BE,0,0,90,0.0
1788094532.05,0110,1,24,90,0.0
1788094532.05,17C1,234,0,90,0.0
1788094532.09,3201,23,112,90,0.0
1788094532.10,010B,44,0,90,0.0
1788094532.12,990A,45,0,90,0.0
1788094532.16,996E,12,248,90,0.0
1788094532.19,A211,0,0,90,0.0
1788094532.20,010B,44,0,90,0.0
1788094532.22,D100,129,0,90,0.0
1788094532.26,E21B,90,74,90,0.0
1788094532.29,E21C,49,56,90,0.0
1788094532.30,010B,44,0,90,0.0
1788094532.32,E21D,56,56,90,0.0
1788094532.35,E21E,70,0,90,0.0
1788094532.35,0110,1,30,90,0.0
1788094532.38,E6F0,90,74,90,0.0
1788094532.40,010B,44,0,90,0.0
1788094532.41,E6F2,240,0,90,0.0
1788094532.45,E6F3,240,0,90,0.0
1788094532.45,0110,1,24,90,0.0
1788094532.48,0105,130,0,90,0.0
1788094532.50,010B,44,0,90,0.0
1788094532.51,010F,106,0,90,0.0
1788094532.54,0110,1,27,90,0.0
1788094532.55,0110,1,27,90,0.0
1788094532.58,010B,44,0,90,0.0
1788094532.60,010B,44,0,90,0.0
1788094532.61,0106,131,0,90,0.0
1788094532.64,0107,128,0,90,0.0
1788094532.65,0110,1,27,90,0.0
1788094532.67,010E,142,0,90,0.0
1788094532.70,010B,44,0,90,0.0
1788094532.71,0142,52,224,90,0.0
1788094532.74,0000,190,63,90,0.0
1788094532.75,0110,1,27,90,0.0
1788094532.77,0002,0,0,90,0.0
1788094532.80,010B,44,0,90,0.0
1788094532.81,0003,2,0,90,0.0
1788094532.84,0005,130,0,90,0.0
1788094532.85,0110,1,24,90,0.0
1788094532.87,0006,132,0,90,0.0
1788094532.90,0007,128,0,90,0.0
1788094532.93,000B,44,0,90,0.0
1788094532.95,0110,1,30,90,0.0
1788094532.97,000C,11,200,90,0.0
1788094533.00,000D,0,0,90,0.0
1788094533.00,010B,44,0,90,0.0
1788094533.03,000E,142,0,90,0.0
1788094533.05,0110,1,17,90,0.0
1788094533.06,000F,106,0,90,0.0
1788094533.09,0010,1,24,90,0.0
1788094533.10,010B,44,0,90,0.0
1788094533.13,0011,30,0,90,0.0
1788094533.15,0110,1,30,90,0.0
1788094533.16,0013,1,0,90,0.0
1788094533.19,001C,10,0,90,0.0
1788094533.20,010B,44,0,90,0.0
1788094533.22,001F,0,54,90,0.0
1788094533.25,0110,1,24,90,0.0
1788094533.26,0020,128,21,90,0.0
1788094533.29,0021,0,0,90,0.0
1788094533.30,010B,44,0,90,0.0
1788094533.33,002C,0,0,90,0.0
1788094533.36,002E,0,0,90,0.0
1788094533.39,0030,255,0,90,0.0
1788094533.40,010B,44,0,90,0.0
1788094533.42,003C,22,31,90,0.0
1788094533.45,0040,104,0,90,0.0
1788094533.49,0042,52,234,90,0.0
1788094533.50,010B,44,0,90,0.0
1788094533.52,0043,0,72,90,0.0
1788094533.55,0200,0,0,90,0.0
1788094533.55,0110,1,27,90,0.0
1788094533.58,0202,0,0,90,0.0
1788094533.60,010B,44,0,90,0.0
1788094533.61,0900,6,79,90,0.0
1788094533.65,0968,0,0,90,0.0
1788094533.65,0110,1,30,90,0.0
1788094533.68,096E,11,184,90,0.0
1788094533.70,010B,44,0,90,0.0
1788094533.71,097C,108,96,90,0.0
1788094533.74,098E,0,0,90,0.0
1788094533.75,0110,1,30,90,0.0
1788094533.77,1101,1,0,90,0.0
1788094533.80,010B,44,0,90,0.0
1788094533.81,1103,12,0,90,0.0
1788094533.84,1104,1,0,90,0.0
1788094533.85,0110,1,24,90,0.0
1788094533.87,114A,39,64,90,0.0
1788094533.90,114D,35,64,90,0.0
1788094533.94,1153,61,206,90,0.0
1788094533.95,0110,1,30,90,0.0
1788094533.97,1154,29,192,90,0.0
1788094534.01,1169,29,189,90,0.0
1788094534.04,1173,1,164,90,0.0
1788094534.05,0110,1,20,90,0.0
1788094534.07,1177,21,44,90,0.0
1788094534.10,1410,1,74,90,0.0
1788094534.13,1631,1,0,90,0.0
1788094534.15,0110,1,17,90,0.0
1788094534.17,1678,0,0,90,0.0
1788094534.20,1681,0,0,90,0.0
1788094534.20,010B,44,0,90,0.0
1788094534.23,16CD,0,0,90,0.0
1788094534.25,0110,1,27,90,0.0
1788094534.26,16CE,255,255,90,0.0
1788094534.30,16CF,13,152,90,0.0
1788094534.33,16E8,77,167,90,0.0
1788094534.35,0110,1,24,90,0.0
1788094534.37,16E9,0,116,90,0.0
1788094534.40,16F0,3,131,90,0.0
1788094534.40,010B,44,0,90,0.0
1788094534.43,1704,0,0,90,0.0
1788094534.45,0110,1,24,90,0.0
1788094534.46,1706,128,0,90,0.0
1788094534.49,1709,0,0,90,0.0
1788094534.50,010B,44,0,90,0.0
1788094534.53,1717,1,0,90,0.0
1788094534.55,0110,1,27,90,0.0
1788094534.57,1718,1,0,90,0.0
1788094534.60,1746,0,0,90,0.0
1788094534.60,010B,44,0,90,0.0
1788094534.63,1782,137,128,90,0.0
1788094534.65,0110,1,27,90,0.0
1788094534.66,1783,110,192,90,0.0
1788094534.69,17A0,32,0,90,0.0
1788094534.70,010B,44,0,90,0.0
1788094534.73,17A6,0,0,90,0.0
1788094534.75,0110,1,24,90,0.0
1788094534.76,17B0,20,0,90,0.0
1788094534.79,17B1,32,0,90,0.0
1788094534.80,010B,44,0,90,0.0
1788094534.83,17B2,4,0,90,0.0
1788094534.85,0110,1,30,90,0.0
1788094534.86,17B3,137,0,90,0.0
1788094534.89,17B5,80,0,90,0.0
1788094534.90,010B,44,0,90,0.0
1788094534.93,17B6,0,0,90,0.0
1788094534.95,0110,1,20,90,0.0
1788094534.96,17B8,239,0,90,0.0
1788094534.99,17BA,0,0,90,0.0
1788094535.00,010B,44,0,90,0.0
1788094535.02,17BB,0,0,90,0.0
1788094535.05,0110,1,17,90,0.0
1788094535.06,17BC,0,0,90,0.0
1788094535.09,17BD,50,0,90,0.0
1788094535.10,010B,44,0,90,0.0
1788094535.13,17BE,0,0,90,0.0
1788094535.16,17C1,234,0,90,0.0
1788094535.19,3201,23,112,90,0.0
1788094535.20,010B,44,0,90,0.0
1788094535.22,990A,45,0,90,0.0
1788094535.25,996E,13,32,90,0.0
1788094535.29,A211,0,0,90,0.0
1788094535.30,010B,44,0,90,0.0
1788094535.32,D100,129,0,90,0.0
1788094535.35,E21B,90,74,90,0.0
1788094535.35,0110,1,27,90,0.0
1788094535.39,E21C,49,56,90,0.0
1788094535.40,010B,44,0,90,0.0
1788094535.42,E21D,56,56,90,0.0
1788094535.45,E21E,70,0,90,0.0
1788094535.49,E6F0,90,74,90,0.0
1788094535.50,010B,44,0,90,0.0
1788094535.52,E6F2,240,0,90,0.0
1788094535.55,E6F3,240,0,90,0.0
1788094535.55,0110,1,24,90,0.0
1788094535.58,0105,130,0,90,0.0
1788094535.60,010B,44,0,90,0.0
1788094535.61,010F,106,0,90,0.0
1788094535.64,0110,1,27,90,0.0
1788094535.65,0110,1,27,90,0.0
1788094535.68,010B,44,0,90,0.0
1788094535.70,010B,44,0,90,0.0
1788094535.71,0106,130,0,90,0.0
1788094535.74,0107,128,0,90,0.0
1788094535.75,0110,1,27,90,0.0
1788094535.77,010E,141,0,90,0.0
1788094535.80,010B,44,0,90,0.0
1788094535.81,0142,52,230,90,0.0
1788094535.85,0000,190,63,90,0.0
1788094535.85,0110,1,30,90,0.0
1788094535.88,0002,0,0,90,0.0
1788094535.90,010B,44,0,90,0.0
1788094535.91,0003,2,0,90,0.0
1788094535.94,0005,130,0,90,0.0
1788094535.95,0110,1,33,90,0.0
1788094535.97,0006,132,0,90,0.0
1788094536.00,010B,44,0,90,0.0
1788094536.01,0007,128,0,90,0.0
1788094536.04,000B,44,0,90,0.0
1788094536.05,0110,1,20,90,0.0
1788094536.07,000C,11,220,90,0.0
1788094536.10,000D,0,0,90,0.0
1788094536.13,000E,141,0,90,0.0
1788094536.15,0110,1,30,90,0.0
1788094536.17,000F,106,0,90,0.0
1788094536.20,0010,1,30,90,0.0
1788094536.20,010B,44,0,90,0.0
1788094536.23,0011,30,0,90,0.0
1788094536.25,0110,1,17,90,0.0
1788094536.27,0013,1,0,90,0.0
1788094536.30,001C,10,0,90,0.0
1788094536.33,001F,0,57,90,0.0
1788094536.35,0110,1,24,90,0.0
1788094536.37,0020,128,21,90,0.0
1788094536.40,0021,0,0,90,0.0
1788094536.40,010B,44,0,90,0.0
1788094536.43,002C,0,0,90,0.0
1788094536.45,0110,1,24,90,0.0
1788094536.46,002E,0,0,90,0.0
1788094536.49,0030,255,0,90,0.0
1788094536.50,010B,44,0,90,0.0
1788094536.53,003C,22,28,90,0.0
1788094536.55,0110,1,27,90,0.0
1788094536.57,0040,104,0,90,0.0
1788094536.60,0042,52,229,90,0.0
1788094536.60,010B,44,0,90,0.0
1788094536.63,0043,0,71,90,0.0
1788094536.65,0110,1,20,90,0.0
1788094536.66,0200,0,0,90,0.0
1788094536.69,0202,0,0,90,0.0
1788094536.70,010B,44,0,90,0.0
1788094536.73,0900,6,74,90,0.0
1788094536.75,0110,1,27,90,0.0
1788094536.76,0968,0,0,90,0.0
1788094536.79,096E,11,184,90,0.0
1788094536.80,010B,44,0,90,0.0
1788094536.82,097C,108,104,90,0.0
1788094536.85,0110,1,24,90,0.0
1788094536.85,098E,0,0,90,0.0
1788094536.89,1101,1,0,90,0.0
1788094536.90,010B,44,0,90,0.0
1788094536.93,1103,12,0,90,0.0
1788094536.96,1104,1,0,90,0.0
1788094536.99,114A,39,128,90,0.0
1788094537.00,010B,44,0,90,0.0
1788094537.02,114D,35,64,90,0.0
1788094537.05,1153,61,206,90,0.0
1788094537.09,1154,29,192,90,0.0
1788094537.10,010B,44,0,90,0.0
1788094537.12,1169,29,189,90,0.0
1788094537.15,1173,1,14,90,0.0
1788094537.15,0110,1,17,90,0.0
1788094537.18,1177,21,4,90,0.0
1788094537.20,010B,44,0,90,0.0
1788094537.21,1410,1,69,90,0.0
1788094537.25,1631,1,0,90,0.0
1788094537.29,1678,0,0,90,0.0
1788094537.30,010B,44,0,90,0.0
1788094537.32,1681,0,0,90,0.0
1788094537.35,16CD,0,0,90,0.0
1788094537.35,0110,1,20,90,0.0
1788094537.38,16CE,255,254,90,0.0
1788094537.40,010B,44,0,90,0.0
1788094537.41,16CF,13,114,90,0.0
1788094537.45,16E8,78,166,90,0.0
1788094537.45,0110,1,30,90,0.0
1788094537.45,17B3,137,0,90,0.0
1788094537.49,16E9,0,116,90,0.0
1788094537.50,010B,44,0,90,0.0
1788094537.52,16F0,3,131,90,0.0
1788094537.55,1704,0,0,90,0.0
1788094537.55,0110,1,17,90,0.0
1788094537.58,1706,128,0,90,0.0
1788094537.60,010B,44,0,90,0.0
1788094537.61,1709,0,0,90,0.0
1788094537.65,1717,1,0,90,0.0
1788094537.65,0110,1,27,90,0.0
1788094537.68,1718,1,0,90,0.0
1788094537.70,010B,44,0,90,0.0
1788094537.71,1746,0,0,90,0.0
1788094537.74,1782,137,128,90,0.0
1788094537.75,0110,1,24,90,0.0
1788094537.77,1783,110,192,90,0.0
1788094537.80,010B,44,0,90,0.0
1788094537.81,17A0,31,0,90,0.0
1788094537.84,17A6,0,0,90,0.0
1788094537.85,0110,1,37,90,0.0
1788094537.87,17B0,20,0,90,0.0
1788094537.90,17B1,32,0,90,0.0
1788094537.94,17B2,4,0,90,0.0
1788094537.95,0110,1,24,90,0.0
1788094537.97,17B3,137,0,90,0.0
1788094538.01,17B5,80,0,90,0.0
1788094538.04,17B6,0,0,90,0.0
1788094538.05,0110,1,20,90,0.0
1788094538.07,17B8,239,0,90,0.0
1788094538.10,17BA,0,0,90,0.0
1788094538.13,17BB,0,0,90,0.0
1788094538.15,0110,1,20,90,0.0
1788094538.17,17BC,0,0,90,0.0
1788094538.20,17BD,50,0,90,0.0
1788094538.20,010B,44,0,90,0.0
1788094538.23,17BE,0,0,90,0.0
1788094538.25,0110,1,17,90,0.0
1788094538.26,17C1,234,0,90,0.0
1788094538.29,3201,23,112,90,0.0
1788094538.30,010B,44,0,90,0.0
1788094538.33,990A,44,0,90,0.0
1788094538.35,0110,1,27,90,0.0
1788094538.37,996E,13,72,90,0.0
1788094538.40,A211,0,0,90,0.0
1788094538.40,010B,44,0,90,0.0
1788094538.43,D100,129,0,90,0.0
1788094538.45,0110,1,20,90,0.0
1788094538.46,E21B,90,74,90,0.0
1788094538.49,E21C,49,56,90,0.0
1788094538.50,010B,44,0,90,0.0
1788094538.53,E21D,56,56,90,0.0
1788094538.55,0110,1,27,90,0.0
1788094538.59,E6F0,90,74,90,0.0
1788094538.60,010B,44,0,90,0.0
1788094538.62,E6F2,240,0,90,0.0
1788094538.65,E6F3,240,0,90,0.0
1788094538.68,0105,130,0,90,0.0
1788094538.70,010B,44,0,90,0.0
1788094538.71,010F,106,0,90,0.0
1788094538.75,0110,1,24,90,0.0
1788094538.75,0110,1,27,90,0.0
1788094538.78,010B,44,0,90,0.0
1788094538.80,010B,44,0,90,0.0
1788094538.81,0106,133,0,90,0.0
1788094538.84,0107,128,0,90,0.0
1788094538.85,0110,1,24,90,0.0
1788094538.87,010E,141,0,90,0.0
1788094538.90,010B,44,0,90,0.0
1788094538.91,0142,52,222,90,0.0
1788094538.94,0000,190,63,90,0.0
1788094538.95,0110,1,24,90,0.0
1788094538.97,0002,0,0,90,0.0
1788094539.00,010B,44,0,90,0.0
1788094539.01,0003,2,0,90,0.0
1788094539.04,0005,130,0,90,0.0
1788094539.05,0110,1,20,90,0.0
1788094539.08,0006,133,0,90,0.0
1788094539.10,010B,44,0,90,0.0
1788094539.11,0007,128,0,90,0.0
1788094539.14,000B,44,0,90,0.0
1788094539.15,0110,1,27,90,0.0
1788094539.17,000C,11,237,90,0.0
1788094539.21,000D,0,0,90,0.0
1788094539.24,000E,139,0,90,0.0
1788094539.25,0110,1,24,90,0.0
1788094539.27,000F,106,0,90,0.0
1788094539.30,0010,1,27,90,0.0
1788094539.33,0011,30,0,90,0.0
1788094539.35,0110,1,27,90,0.0
1788094539.37,0013,1,0,90,0.0
1788094539.40,001C,10,0,90,0.0
1788094539.40,010B,44,0,90,0.0
1788094539.43,001F,0,60,90,0.0
1788094539.45,0110,1,20,90,0.0
1788094539.45,17B3,138,0,90,0.0
1788094539.46,0020,128,21,90,0.0
1788094539.49,0021,0,0,90,0.0
1788094539.50,010B,44,0,90,0.0
1788094539.53,002C,0,0,90,0.0
1788094539.55,0110,1,30,90,0.0
1788094539.56,002E,0,0,90,0.0
1788094539.60,0030,255,0,90,0.0
1788094539.60,010B,44,0,90,0.0
1788094539.63,003C,22,24,90,0.0
1788094539.65,0110,1,24,90,0.0
1788094539.66,0040,104,0,90,0.0
1788094539.69,0042,52,231,90,0.0
1788094539.70,010B,44,0,90,0.0
1788094539.73,0043,0,71,90,0.0
1788094539.75,0110,1,30,90,0.0
1788094539.76,0200,0,0,90,0.0
1788094539.79,0202,0,0,90,0.0
1788094539.80,010B,44,0,90,0.0
1788094539.82,0900,6,69,90,0.0
1788094539.85,0968,0,0,90,0.0
1788094539.89,096E,11,184,90,0.0
1788094539.90,010B,44,0,90,0.0
1788094539.92,097C,108,105,90,0.0
1788094539.95,098E,0,0,90,0.0
1788094539.95,0110,1,24,90,0.0
1788094539.98,1101,1,0,90,0.0
1788094540.00,010B,44,0,90,0.0
1788094540.01,1103,12,0,90,0.0
1788094540.05,1104,1,0,90,0.0
1788094540.05,0110,1,27,90,0.0
1788094540.09,114A,39,128,90,0.0
1788094540.10,010B,44,0,90,0.0
1788094540.12,114D,35,64,90,0.0
1788094540.15,1153,61,119,90,0.0
1788094540.15,0110,1,27,90,0.0
1788094540.18,1154,29,192,90,0.0
1788094540.20,010B,44,0,90,0.0
1788094540.21,1169,29,189,90,0.0
1788094540.25,1173,3,127,90,0.0
1788094540.25,0110,1,30,90,0.0
1788094540.28,1177,21,44,90,0.0
1788094540.30,010B,44,0,90,0.0
1788094540.31,1410,1,67,90,0.0
1788094540.34,1631,1,0,90,0.0
1788094540.35,0110,1,30,90,0.0
1788094540.37,1678,0,0,90,0.0
1788094540.40,010B,44,0,90,0.0
1788094540.41,1681,0,0,90,0.0
1788094540.44,16CD,0,0,90,0.0
1788094540.45,0110,1,24,90,0.0
1788094540.45,0142,52,229,90,0.0
1788094540.47,16CE,255,255,90,0.0
1788094540.51,16CF,13,145,90,0.0
1788094540.54,16E8,87,250,90,0.0
1788094540.55,0110,1,27,90,0.0
1788094540.57,16E9,0,117,90,0.0
1788094540.61,16F0,3,131,90,0.0
1788094540.64,1704,0,0,90,0.0
1788094540.65,0110,1,30,90,0.0
1788094540.67,1706,128,0,90,0.0
1788094540.70,1709,0,0,90,0.0
1788094540.73,1717,1,0,90,0.0
1788094540.75,0110,1,24,90,0.0
1788094540.77,1718,1,0,90,0.0
1788094540.80,1746,0,0,90,0.0
1788094540.80,010B,44,0,90,0.0
1788094540.83,1782,137,128,90,0.0
1788094540.85,0110,1,27,90,0.0
1788094540.86,1783,110,192,90,0.0
1788094540.90,17A0,32,0,90,0.0
1788094540.90,010B,44,0,90,0.0
1788094540.93,17A6,0,0,90,0.0
1788094540.95,0110,1,24,90,0.0
1788094540.96,17B0,20,0,90,0.0
1788094541.00,17B1,32,0,90,0.0
1788094541.00,010B,44,0,90,0.0
1788094541.03,17B2,4,0,90,0.0
1788094541.05,0110,1,24,90,0.0
1788094541.06,17B3,138,0,90,0.0
1788094541.09,17B5,80,0,90,0.0
1788094541.10,010B,44,0,90,0.0
1788094541.13,17B6,0,0,90,0.0
1788094541.15,0110,1,27,90,0.0
1788094541.16,17B8,239,0,90,0.0
1788094541.19,17BA,0,0,90,0.0
1788094541.20,010B,44,0,90,0.0
1788094541.22,17BB,0,0,90,0.0
1788094541.25,17BC,0,0,90,0.0
1788094541.29,17BD,49,0,90,0.0
1788094541.30,010B,44,0,90,0.0
1788094541.32,17BE,0,0,90,0.0
1788094541.35,17C1,234,0,90,0.0
1788094541.35,0110,1,33,90,0.0
1788094541.38,3201,23,112,90,0.0
1788094541.40,010B,44,0,90,0.0
1788094541.41,990A,43,0,90,0.0
1788094541.45,996E,13,112,90,0.0
1788094541.45,0110,1,24,90,0.0
1788094541.45,17B3,138,0,90,0.0
1788094541.48,A211,0,0,90,0.0
1788094541.50,010B,44,0,90,0.0
1788094541.51,D100,129,0,90,0.0
1788094541.54,E21B,90,74,90,0.0
1788094541.55,0110,1,24,90,0.0
1788094541.57,E21C,49,56,90,0.0
1788094541.60,010B,44,0,90,0.0
1788094541.61,E21D,56,56,90,0.0
1788094541.64,E21E,70,0,90,0.0
1788094541.65,0110,1,20,90,0.0
1788094541.67,E6F0,90,74,90,0.0
1788094541.70,E6F2,240,0,90,0.0
1788094541.73,E6F3,240,0,90,0.0
1788094541.75,0110,1,24,90,0.0
1788094541.76,0105,130,0,90,0.0
1788094541.80,010F,106,0,90,0.0
1788094541.80,010B,44,0,90,0.0
1788094541.83,0110,1,24,90,0.0
1788094541.85,0110,1,27,90,0.0
1788094541.86,010B,44,0,90,0.0
1788094541.90,0106,130,0,90,0.0
1788094541.90,010B,44,0,90,0.0
1788094541.93,0107,128,0,90,0.0
1788094541.95,0110,1,33,90,0.0
1788094541.96,010E,143,0,90,0.0
1788094541.99,0142,52,244,90,0.0
1788094542.00,010B,44,0,90,0.0
1788094542.03,0000,190,63,90,0.0
1788094542.05,0110,1,30,90,0.0
1788094542.06,0002,0,0,90,0.0
1788094542.09,0003,2,0,90,0.0
1788094542.10,010B,44,0,90,0.0
1788094542.13,0005,130,0,90,0.0
1788094542.15,0110,1,24,90,0.0
1788094542.16,0006,129,0,90,0.0
1788094542.19,0007,128,0,90,0.0
1788094542.20,010B,44,0,90,0.0
1788094542.22,000B,44,0,90,0.0
1788094542.25,0110,1,20,90,0.0
1788094542.29,000D,0,0,90,0.0
1788094542.30,010B,44,0,90,0.0
1788094542.32,000E,141,0,90,0.0
1788094542.35,000F,106,0,90,0.0
1788094542.35,0110,1,20,90,0.0
1788094542.39,0010,0,236,90,0.0
1788094542.40,010B,43,0,90,0.0
1788094542.42,0011,30,0,90,0.0
1788094542.45,0013,1,0,90,0.0
1788094542.49,001C,10,0,90,0.0
1788094542.50,010B,42,0,90,0.0
1788094542.52,001F,0,64,90,0.0
1788094542.55,0020,128,21,90,0.0
1788094542.55,0110,0,187,90,0.0
1788094542.58,0021,0,0,90,0.0
1788094542.60,010B,41,0,90,0.0
1788094542.61,002C,0,0,90,0.0
1788094542.65,002E,0,0,90,0.0
1788094542.65,0110,0,192,90,0.0
1788094542.69,0030,255,0,90,0.0
1788094542.70,010B,39,0,90,0.0
1788094542.72,003C,22,20,90,0.0
1788094542.75,0040,104,0,90,0.0
1788094542.75,0110,0,190,90,0.0
1788094542.78,0042,53,3,90,0.0
1788094542.80,010B,38,0,90,0.0
1788094542.81,0043,0,59,90,0.0
1788094542.85,0200,0,0,90,0.0
1788094542.85,0110,0,195,90,0.0
1788094542.88,0202,0,0,90,0.0
1788094542.90,010B,37,0,90,0.0
1788094542.91,0900,5,205,90,0.0
1788094542.94,0968,0,0,90,0.0
1788094542.95,0110,0,195,90,0.0
1788094542.97,096E,11,142,90,0.0
1788094543.00,010B,36,0,90,0.0
1788094543.01,097C,108,113,90,0.0
1788094543.04,098E,0,0,90,0.0
1788094543.05,0110,0,190,90,0.0
1788094543.07,1101,0,0,90,0.0
1788094543.10,1103,12,0,90,0.0
1788094543.13,1104,0,0,90,0.0
1788094543.15,0110,0,192,90,0.0
1788094543.17,114A,39,192,90,0.0
1788094543.21,114D,35,64,90,0.0
1788094543.24,1153,44,0,90,0.0
1788094543.25,0110,0,190,90,0.0
1788094543.27,1154,29,192,90,0.0
1788094543.30,1169,29,189,90,0.0
1788094543.33,1173,3,162,90,0.0
1788094543.35,0110,0,183,90,0.0
1788094543.37,1177,18,132,90,0.0
1788094543.40,1410,0,228,90,0.0
1788094543.40,010B,34,0,90,0.0
1788094543.43,1631,1,0,90,0.0
1788094543.45,0110,0,178,90,0.0
1788094543.45,17B3,138,0,90,0.0
1788094543.46,1678,0,0,90,0.0
1788094543.49,1681,0,0,90,0.0
1788094543.50,010B,33,0,90,0.0
1788094543.53,16CD,0,0,90,0.0
1788094543.55,0110,0,175,90,0.0
1788094543.56,16CE,0,0,90,0.0
1788094543.59,16CF,13,118,90,0.0
1788094543.60,010B,32,0,90,0.0
1788094543.62,16E8,64,162,90,0.0
1788094543.65,16E9,0,117,90,0.0
1788094543.69,16F0,3,131,90,0.0
1788094543.70,010B,32,0,90,0.0
1788094543.72,1704,0,0,90,0.0
1788094543.75,1706,128,0,90,0.0
1788094543.75,0110,0,175,90,0.0
1788094543.78,1709,0,0,90,0.0
1788094543.80,010B,32,0,90,0.0
1788094543.81,1717,1,0,90,0.0
1788094543.85,1718,1,0,90,0.0
1788094543.89,1746,0,0,90,0.0
1788094543.90,010B,31,0,90,0.0
1788094543.92,1782,137,64,90,0.0
1788094543.95,1783,110,192,90,0.0
1788094543.95,0110,0,175,90,0.0
1788094543.98,17A0,31,0,90,0.0
1788094544.00,010B,31,0,90,0.0
1788094544.01,17A6,0,0,90,0.0
1788094544.05,17B0,20,0,90,0.0
1788094544.05,0110,0,168,90,0.0
1788094544.08,17B1,32,0,90,0.0
1788094544.10,010B,31,0,90,0.0
1788094544.11,17B2,4,0,90,0.0
1788094544.14,17B3,138,0,90,0.0
1788094544.15,0110,0,168,90,0.0
1788094544.17,17B5,80,0,90,0.0
1788094544.20,010B,31,0,90,0.0
1788094544.24,17B8,238,0,90,0.0
1788094544.25,0110,0,173,90,0.0
1788094544.27,17BA,0,0,90,0.0
1788094544.30,17BB,0,0,90,0.0
1788094544.33,17BC,0,0,90,0.0
1788094544.35,0110,0,168,90,0.0
1788094544.37,17BD,49,0,90,0.0
1788094544.40,17BE,0,0,90,0.0
1788094544.40,010B,30,0,90,0.0
1788094544.43,17C1,234,0,90,0.0
1788094544.45,0110,0,173,90,0.0
1788094544.46,3201,23,112,90,0.0
1788094544.50,990A,43,0,90,0.0
1788094544.53,996E,13,152,90,0.0
1788094544.55,0110,0,171,90,0.0
1788094544.57,A211,0,0,90,0.0
1788094544.60,D100,129,0,90,0.0
1788094544.60,010B,30,0,90,0.0
1788094544.63,E21B,90,74,90,0.0
1788094544.65,0110,0,173,90,0.0
1788094544.66,E21C,49,56,90,0.0
1788094544.69,E21D,56,56,90,0.0
1788094544.70,010B,31,0,90,0.0
1788094544.73,E21E,70,0,90,0.0
1788094544.75,0110,0,173,90,0.0
1788094544.77,E6F0,90,74,90,0.0
1788094544.80,E6F2,240,0,90,0.0
1788094544.80,010B,30,0,90,0.0
1788094544.83,E6F3,240,0,90,0.0
1788094544.85,0110,0,168,90,0.0
1788094544.86,0105,130,0,90,0.0
1788094544.89,010F,106,0,90,0.0
1788094544.90,010B,31,0,90,0.0
1788094544.92,0110,0,171,90,0.0
1788094544.95,0110,0,173,90,0.0
1788094544.99,0106,130,0,90,0.0
1788094545.00,010B,31,0,90,0.0
1788094545.02,0107,128,0,90,0.0
1788094545.05,010E,151,0,90,0.0
1788094545.05,0110,0,171,90,0.0
1788094545.08,0142,52,214,90,0.0
1788094545.10,010B,31,0,90,0.0
1788094545.12,0000,190,63,90,0.0
1788094545.15,0002,0,0,90,0.0
1788094545.15,0110,0,168,90,0.0
1788094545.18,0003,2,0,90,0.0
1788094545.20,010B,31,0,90,0.0
1788094545.21,0005,130,0,90,0.0
1788094545.25,0006,130,0,90,0.0
1788094545.25,0110,0,171,90,0.0
1788094545.28,0007,128,0,90,0.0
1788094545.30,010B,31,0,90,0.0
1788094545.31,000B,31,0,90,0.0
1788094545.35,000C,10,229,90,0.0
1788094545.35,0110,0,168,90,0.0
1788094545.38,000D,0,0,90,0.0
1788094545.40,010B,31,0,90,0.0
1788094545.41,000E,152,0,90,0.0
1788094545.45,000F,106,0,90,0.0
1788094545.45,0110,0,168,90,0.0
1788094545.45,17B3,138,0,90,0.0
1788094545.48,0010,0,175,90,0.0
1788094545.50,010B,31,0,90,0.0
1788094545.51,0011,30,0,90,0.0
1788094545.54,0013,1,0,90,0.0
1788094545.55,0110,0,166,90,0.0
1788094545.57,001C,10,0,90,0.0
1788094545.61,001F,0,67,90,0.0
1788094545.64,0020,128,21,90,0.0
1788094545.65,0110,0,171,90,0.0
1788094545.67,0021,0,0,90,0.0
1788094545.70,002C,0,0,90,0.0
1788094545.73,002E,0,0,90,0.0
1788094545.75,0110,0,171,90,0.0
1788094545.76,0030,255,0,90,0.0
1788094545.80,003C,22,16,90,0.0
1788094545.80,010B,31,0,90,0.0
1788094545.83,0040,104,0,90,0.0
1788094545.85,0110,0,171,90,0.0
1788094545.86,0042,52,229,90,0.0
1788094545.89,0043,0,48,90,0.0
1788094545.90,010B,31,0,90,0.0
1788094545.93,0200,0,0,90,0.0
1788094545.95,0110,0,171,90,0.0
1788094545.96,0202,0,0,90,0.0
1788094546.00,0900,5,85,90,0.0
1788094546.00,010B,31,0,90,0.0
1788094546.03,0968,0,0,90,0.0
1788094546.05,0110,0,168,90,0.0
1788094546.06,096E,10,240,90,0.0
1788094546.09,097C,108,114,90,0.0
1788094546.10,010B,31,0,90,0.0
1788094546.12,098E,0,0,90,0.0
1788094546.15,0110,0,173,90,0.0
1788094546.19,1103,0,0,90,0.0
1788094546.20,010B,31,0,90,0.0
1788094546.22,1104,0,0,90,0.0
1788094546.25,114A,39,192,90,0.0
1788094546.29,114D,35,64,90,0.0
1788094546.30,010B,31,0,90,0.0
1788094546.32,1153,41,6,90,0.0
1788094546.35,1154,29,192,90,0.0
1788094546.35,0110,0,166,90,0.0
1788094546.38,1169,29,189,90,0.0
1788094546.40,010B,31,0,90,0.0
1788094546.41,1173,0,90,90,0.0
1788094546.45,1177,18,12,90,0.0
1788094546.45,0110,0,168,90,0.0
1788094546.48,1410,0,215,90,0.0
1788094546.50,010B,31,0,90,0.0
1788094546.51,1631,1,0,90,0.0
1788094546.55,1678,0,0,90,0.0
1788094546.55,0110,0,171,90,0.0
1788094546.58,1681,0,0,90,0.0
1788094546.60,010B,31,0,90,0.0
1788094546.61,16CD,0,0,90,0.0
1788094546.64,16CE,255,255,90,0.0
1788094546.65,0110,0,168,90,0.0
1788094546.68,16CF,13,135,90,0.0
1788094546.70,010B,31,0,90,0.0
1788094546.71,16E8,73,121,90,0.0
1788094546.74,16E9,0,116,90,0.0
1788094546.75,0110,0,171,90,0.0
1788094546.77,16F0,3,131,90,0.0
1788094546.80,010B,31,0,90,0.0
1788094546.80,1704,0,0,90,0.0
1788094546.84,1706,128,0,90,0.0
1788094546.85,0110,0,168,90,0.0
1788094546.87,1709,0,0,90,0.0
1788094546.90,1717,1,0,90,0.0
1788094546.90,010B,31,0,90,0.0
1788094546.93,1718,1,0,90,0.0
1788094546.95,0110,0,171,90,0.0
1788094546.96,1746,0,0,90,0.0
1788094547.00,1782,137,64,90,0.0
1788094547.04,1783,110,192,90,0.0
1788094547.05,0110,0,168,90,0.0
1788094547.07,17A0,31,0,90,0.0
1788094547.10,17A6,0,0,90,0.0
1788094547.10,010B,31,0,90,0.0
1788094547.13,17B0,19,0,90,0.0
1788094547.15,0110,0,173,90,0.0
1788094547.16,17B1,32,0,90,0.0
1788094547.20,17B2,4,0,90,0.0
1788094547.20,010B,31,0,90,0.0
1788094547.23,17B3,138,0,90,0.0
1788094547.25,0110,0,168,90,0.0
1788094547.26,17B5,80,0,90,0.0
1788094547.29,17B6,0,0,90,0.0
1788094547.30,010B,31,0,90,0.0
1788094547.33,17B8,238,0,90,0.0
1788094547.35,0110,0,171,90,0.0
1788094547.36,17BA,0,0,90,0.0
1788094547.39,17BB,0,0,90,0.0
1788094547.40,010B,31,0,90,0.0
1788094547.43,17BC,0,0,90,0.0
1788094547.45,0110,0,168,90,0.0
1788094547.45,17B3,138,0,90,0.0
1788094547.46,17BD,49,0,90,0.0
1788094547.49,17BE,0,0,90,0.0
1788094547.50,010B,31,0,90,0.0
1788094547.52,17C1,234,0,90,0.0
1788094547.56,3201,23,112,90,0.0
1788094547.59,990A,42,0,90,0.0
1788094547.60,010B,31,0,90,0.0
1788094547.62,996E,13,172,90,0.0
1788094547.65,A211,0,0,90,0.0
1788094547.69,D100,129,0,90,0.0
1788094547.70,010B,31,0,90,0.0
1788094547.72,E21B,90,74,90,0.0
1788094547.76,E21C,49,56,90,0.0
1788094547.79,E21D,56,56,90,0.0
1788094547.80,010B,31,0,90,0.0
1788094547.82,E21E,70,0,90,0.0
1788094547.85,E6F0,90,74,90,0.0
1788094547.88,E6F2,240,0,90,0.0
1788094547.90,010B,31,0,90,0.0
1788094547.92,E6F3,240,0,90,0.0
1788094547.95,0105,130,0,90,0.0
1788094547.95,0110,0,168,90,0.0
1788094547.98,010F,106,0,90,0.0
1788094548.00,010B,31,0,90,0.0
1788094548.01,0110,0,166,90,0.0
1788094548.05,010B,31,0,90,0.0
1788094548.05,0110,0,171,90,0.0
1788094548.08,0106,132,0,90,0.0
1788094548.10,010B,31,0,90,0.0
1788094548.11,0107,128,0,90,0.0
1788094548.14,010E,147,0,90,0.0
1788094548.15,0110,0,171,90,0.0
1788094548.18,0142,52,232,90,0.0
1788094548.20,010B,31,0,90,0.0
1788094548.21,0000,190,63,90,0.0
1788094548.25,0002,0,0,90,0.0
1788094548.25,0110,0,168,90,0.0
1788094548.28,0003,2,0,90,0.0
1788094548.30,010B,31,0,90,0.0
1788094548.32,0005,130,0,90,0.0
1788094548.35,0006,131,0,90,0.0
1788094548.35,0110,0,171,90,0.0
1788094548.38,0007,128,0,90,0.0
1788094548.40,010B,31,0,90,0.0
1788094548.41,000B,31,0,90,0.0
1788094548.44,000C,10,245,90,0.0
1788094548.45,0110,0,166,90,0.0
1788094548.48,000D,0,0,90,0.0
1788094548.50,010B,31,0,90,0.0
1788094548.51,000E,148,0,90,0.0
1788094548.54,000F,106,0,90,0.0
1788094548.55,0110,0,171,90,0.0
1788094548.57,0010,0,166,90,0.0
1788094548.60,0011,30,0,90,0.0
1788094548.64,0013,1,0,90,0.0
1788094548.65,0110,0,175,90,0.0
1788094548.67,001C,10,0,90,0.0
1788094548.70,001F,0,70,90,0.0
1788094548.73,0020,128,21,90,0.0
1788094548.75,0110,0,166,90,0.0
1788094548.77,0021,0,0,90,0.0
1788094548.80,002C,0,0,90,0.0
1788094548.80,010B,31,0,90,0.0
1788094548.83,002E,0,0,90,0.0
1788094548.85,0110,0,171,90,0.0
1788094548.87,0030,255,0,90,0.0
1788094548.90,003C,22,11,90,0.0
1788094548.90,010B,31,0,90,0.0
1788094548.93,0040,104,0,90,0.0
1788094548.95,0110,0,171,90,0.0
1788094548.96,0042,52,238,90,0.0
1788094549.00,0043,0,47,90,0.0
1788094549.00,010B,31,0,90,0.0
1788094549.03,0200,0,0,90,0.0
1788094549.05,0110,0,166,90,0.0
1788094549.06,0202,0,0,90,0.0
1788094549.09,0900,5,80,90,0.0
1788094549.10,010B,31,0,90,0.0
1788094549.12,0968,0,0,90,0.0
1788094549.15,0110,0,168,90,0.0
1788094549.16,096E,10,240,90,0.0
1788094549.19,097C,108,116,90,0.0
1788094549.20,010B,31,0,90,0.0
1788094549.22,098E,0,0,90,0.0
1788094549.25,0110,0,168,90,0.0
1788094549.28,1103,0,0,90,0.0
1788094549.30,010B,31,0,90,0.0
1788094549.32,1104,0,0,90,0.0
1788094549.35,114A,39,192,90,0.0
1788094549.35,0110,0,168,90,0.0
1788094549.38,114D,35,64,90,0.0
1788094549.40,010B,31,0,90,0.0
1788094549.41,1153,40,190,90,0.0
1788094549.44,1154,29,192,90,0.0
1788094549.45,0110,0,166,90,0.0
1788094549.46,17B3,138,0,90,0.0
1788094549.48,1169,29,189,90,0.0
1788094549.50,010B,31,0,90,0.0
1788094549.52,1173,2,13,90,0.0
1788094549.55,1177,18,72,90,0.0
1788094549.55,0110,0,175,90,0.0
1788094549.58,1410,0,211,90,0.0
1788094549.60,010B,31,0,90,0.0
1788094549.61,1631,1,0,90,0.0
1788094549.64,1678,0,0,90,0.0
1788094549.65,0110,0,171,90,0.0
1788094549.68,1681,0,0,90,0.0
1788094549.70,010B,31,0,90,0.0
1788094549.71,16CD,0,0,90,0.0
1788094549.74,16CE,255,255,90,0.0
1788094549.75,0110,0,168,90,0.0
1788094549.77,16CF,13,174,90,0.0
1788094549.80,010B,31,0,90,0.0
1788094549.80,16E8,70,250,90,0.0
1788094549.84,16E9,0,115,90,0.0
1788094549.85,0110,0,171,90,0.0
1788094549.88,16F0,3,131,90,0.0
1788094549.90,010B,31,0,90,0.0
1788094549.91,1704,0,0,90,0.0
1788094549.94,1706,128,0,90,0.0
1788094549.95,0110,0,173,90,0.0
1788094549.97,1709,0,0,90,0.0
1788094550.00,1717,1,0,90,0.0
1788094550.04,1718,1,0,90,0.0
1788094550.05,0110,0,168,90,0.0
1788094550.07,1746,0,0,90,0.0
1788094550.10,1782,137,64,90,0.0
1788094550.13,1783,110,192,90,0.0
1788094550.15,0110,0,171,90,0.0
1788094550.16,17A0,31,0,90,0.0
1788094550.20,17A6,0,0,90,0.0
1788094550.20,010B,31,0,90,0.0
1788094550.24,17B0,18,0,90,0.0
1788094550.25,0110,0,166,90,0.0
1788094550.27,17B1,32,0,90,0.0
1788094550.30,17B2,4,0,90,0.0
1788094550.30,010B,31,0,90,0.0
1788094550.33,17B3,138,0,90,0.0
1788094550.35,0110,0,171,90,0.0
1788094550.36,17B5,80,0,90,0.0
1788094550.40,17B6,0,0,90,0.0
1788094550.40,010B,31,0,90,0.0
1788094550.43,17B8,238,0,90,0.0
1788094550.45,0110,0,168,90,0.0
1788094550.45,0142,52,241,90,0.0
1788094550.46,17BA,0,0,90,0.0
1788094550.49,17BB,0,0,90,0.0
1788094550.50,010B,31,0,90,0.0
1788094550.52,17BC,0,0,90,0.0
1788094550.55,0110,0,173,90,0.0
1788094550.56,17BD,49,0,90,0.0
1788094550.59,17BE,0,0,90,0.0
1788094550.60,010B,31,0,90,0.0
1788094550.62,17C1,234,0,90,0.0
1788094550.65,3201,23,112,90,0.0
1788094550.68,990A,42,0,90,0.0
1788094550.70,010B,31,0,90,0.0
1788094550.72,996E,13,172,90,0.0
1788094550.75,A211,0,0,90,0.0
1788094550.75,0110,0,171,90,0.0
1788094550.78,D100,129,0,90,0.0
1788094550.80,010B,31,0,90,0.0
1788094550.81,E21B,90,74,90,0.0
1788094550.85,E21C,49,56,90,0.0
1788094550.88,E21D,56,56,90,0.0
1788094550.90,010B,31,0,90,0.0
1788094550.92,E21E,70,0,90,0.0
1788094550.95,E6F0,90,74,90,0.0
1788094550.95,0110,0,171,90,0.0
1788094550.98,E6F2,240,0,90,0.0
1788094551.00,010B,31,0,90,0.0
1788094551.01,E6F3,240,0,90,0.0
1788094551.04,0105,130,0,90,0.0
1788094551.05,0110,0,173,90,0.0
1788094551.07,010F,106,0,90,0.0
1788094551.10,010B,31,0,90,0.0
1788094551.11,0110,0,171,90,0.0
1788094551.14,010B,31,0,90,0.0
1788094551.15,0110,0,168,90,0.0
1788094551.17,0106,132,0,90,0.0
1788094551.20,010B,31,0,90,0.0
1788094551.21,0107,128,0,90,0.0
1788094551.24,010E,147,0,90,0.0
1788094551.25,0110,0,164,90,0.0
1788094551.27,0142,52,253,90,0.0
1788094551.31,0000,190,63,90,0.0
1788094551.34,0002,0,0,90,0.0
1788094551.35,0110,0,171,90,0.0
1788094551.37,0003,2,0,90,0.0
1788094551.40,0005,130,0,90,0.0
1788094551.44,0006,133,0,90,0.0
1788094551.45,0110,0,171,90,0.0
1788094551.45,17B3,138,0,90,0.0
1788094551.47,0007,128,0,90,0.0
1788094551.50,000B,31,0,90,0.0
1788094551.50,010B,31,0,90,0.0
1788094551.53,000C,11,5,90,0.0
1788094551.55,0110,0,171,90,0.0
1788094551.56,000D,0,0,90,0.0
1788094551.60,000E,147,0,90,0.0
1788094551.64,000F,106,0,90,0.0
1788094551.65,0110,0,171,90,0.0
1788094551.67,0010,0,171,90,0.0
1788094551.70,0011,30,0,90,0.0
1788094551.73,0013,1,0,90,0.0
1788094551.75,0110,0,171,90,0.0
1788094551.76,001C,10,0,90,0.0
1788094551.80,001F,0,73,90,0.0
1788094551.80,010B,31,0,90,0.0
1788094551.83,0020,128,21,90,0.0
1788094551.85,0110,0,173,90,0.0
1788094551.86,0021,0,0,90,0.0
1788094551.89,002C,0,0,90,0.0
1788094551.90,010B,31,0,90,0.0
1788094551.92,002E,0,0,90,0.0
1788094551.95,0110,0,171,90,0.0
1788094551.96,0030,255,0,90,0.0
1788094551.99,003C,22,5,90,0.0
1788094552.00,010B,31,0,90,0.0
1788094552.02,0040,104,0,90,0.0
1788094552.05,0110,0,168,90,0.0
1788094552.09,0043,0,47,90,0.0
1788094552.10,010B,31,0,90,0.0
1788094552.12,0200,0,0,90,0.0
1788094552.15,0202,0,0,90,0.0
1788094552.15,0110,0,171,90,0.0
1788094552.19,0900,5,80,90,0.0
1788094552.20,010B,31,0,90,0.0
1788094552.22,0968,0,0,90,0.0
1788094552.25,096E,10,240,90,0.0
1788094552.28,097C,108,123,90,0.0
1788094552.30,010B,31,0,90,0.0
1788094552.32,098E,0,0,90,0.0
1788094552.35,1101,0,0,90,0.0
1788094552.35,0110,0,171,90,0.0
1788094552.38,1103,0,0,90,0.0
1788094552.40,010B,31,0,90,0.0
1788094552.41,1104,0,0,90,0.0
1788094552.44,114A,39,192,90,0.0
1788094552.45,0110,0,171,90,0.0
1788094552.45,0142,52,245,90,0.0
1788094552.48,114D,35,64,90,0.0
1788094552.50,010B,31,0,90,0.0
1788094552.51,1153,40,193,90,0.0
1788094552.54,1154,29,192,90,0.0
1788094552.55,0110,0,171,90,0.0
1788094552.57,1169,29,189,90,0.0
1788094552.60,010B,31,0,90,0.0
1788094552.60,1173,3,42,90,0.0
1788094552.64,1177,18,32,90,0.0
1788094552.65,0110,0,168,90,0.0
1788094552.67,1410,0,213,90,0.0
1788094552.70,010B,31,0,90,0.0
1788094552.71,1631,1,0,90,0.0
1788094552.74,1678,0,0,90,0.0
1788094552.75,0110,0,168,90,0.0
1788094552.77,1681,0,0,90,0.0
1788094552.80,16CD,0,0,90,0.0
1788094552.84,16CE,0,0,90,0.0
1788094552.85,0110,0,171,90,0.0
1788094552.87,16CF,13,177,90,0.0
1788094552.90,16E8,71,234,90,0.0
1788094552.90,010B,31,0,90,0.0
1788094552.93,16E9,0,116,90,0.0
1788094552.95,0110,0,171,90,0.0
1788094552.96,16F0,3,131,90,0.0
1788094553.00,1704,0,0,90,0.0
1788094553.00,010B,31,0,90,0.0
1788094553.04,1706,128,0,90,0.0
1788094553.05,0110,0,168,90,0.0
1788094553.07,1709,0,0,90,0.0
1788094553.10,1717,1,0,90,0.0
1788094553.10,010B,31,0,90,0.0
1788094553.13,1718,1,0,90,0.0
1788094553.15,0110,0,173,90,0.0
1788094553.16,1746,0,0,90,0.0
1788094553.20,1782,137,0,90,0.0
1788094553.20,010B,31,0,90,0.0
1788094553.23,1783,110,192,90,0.0
1788094553.25,0110,0,171,90,0.0
1788094553.26,17A0,31,0,90,0.0
1788094553.29,17A6,0,0,90,0.0
1788094553.30,010B,31,0,90,0.0
1788094553.32,17B0,18,0,90,0.0
1788094553.35,0110,0,171,90,0.0
1788094553.36,17B1,32,0,90,0.0
1788094553.39,17B2,4,0,90,0.0
1788094553.40,010B,31,0,90,0.0
1788094553.42,17B3,138,0,90,0.0
1788094553.45,17B5,80,0,90,0.0
1788094553.48,17B6,0,0,90,0.0
1788094553.50,010B,31,0,90,0.0
1788094553.52,17B8,238,0,90,0.0
1788094553.55,17BA,0,0,90,0.0
1788094553.55,0110,0,164,90,0.0
1788094553.58,17BB,0,0,90,0.0
1788094553.60,010B,31,0,90,0.0
1788094553.61,17BC,0,0,90,0.0
1788094553.65,17BD,49,0,90,0.0
1788094553.68,17BE,0,0,90,0.0
1788094553.70,010B,31,0,90,0.0
1788094553.72,17C1,234,0,90,0.0
1788094553.75,3201,23,112,90,0.0
1788094553.75,0110,0,173,90,0.0
1788094553.78,990A,42,0,90,0.0
1788094553.80,010B,31,0,90,0.0
1788094553.81,996E,13,152,90,0.0
1788094553.84,A211,0,0,90,0.0
1788094553.85,0110,0,171,90,0.0
1788094553.88,D100,129,0,90,0.0
1788094553.90,010B,31,0,90,0.0
1788094553.91,E21B,90,74,90,0.0
1788094553.94,E21C,49,56,90,0.0
1788094553.95,0110,0,171,90,0.0
1788094553.97,E21D,56,56,90,0.0
1788094554.00,E21E,70,0,90,0.0
1788094554.04,E6F0,90,74,90,0.0
1788094554.05,0110,0,168,90,0.0
1788094554.07,E6F2,240,0,90,0.0
1788094554.10,E6F3,240,0,90,0.0
1788094554.10,010B,31,0,90,0.0
1788094554.13,0105,130,0,90,0.0
1788094554.15,0110,0,171,90,0.0
1788094554.16,010F,105,0,90,0.0
1788094554.20,0110,0,168,90,0.0
1788094554.20,010B,31,0,90,0.0
1788094554.23,010B,31,0,90,0.0
1788094554.25,0110,0,164,90,0.0
1788094554.26,0106,131,0,90,0.0
1788094554.30,0107,128,0,90,0.0
1788094554.30,010B,31,0,90,0.0
1788094554.33,010E,149,0,90,0.0
1788094554.35,0110,0,175,90,0.0
1788094554.36,0142,52,227,90,0.0
1788094554.40,0000,190,63,90,0.0
1788094554.40,010B,31,0,90,0.0
1788094554.43,0002,0,0,90,0.0
1788094554.45,0110,0,168,90,0.0
1788094554.46,0003,2,0,90,0.0
1788094554.49,0005,130,0,90,0.0
1788094554.50,010B,31,0,90,0.0
1788094554.52,0006,131,0,90,0.0
1788094554.55,0110,0,173,90,0.0
1788094554.56,0007,128,0,90,0.0
1788094554.60,000B,31,0,90,0.0
1788094554.60,010B,31,0,90,0.0
1788094554.63,000C,10,238,90,0.0
1788094554.65,0110,0,171,90,0.0
1788094554.66,000D,0,0,90,0.0
1788094554.69,000E,149,0,90,0.0
1788094554.70,010B,31,0,90,0.0
1788094554.72,000F,105,0,90,0.0
1788094554.76,0010,0,171,90,0.0
1788094554.79,0011,30,0,90,0.0
1788094554.80,010B,31,0,90,0.0
1788094554.82,0013,1,0,90,0.0
1788094554.85,001C,10,0,90,0.0
1788094554.88,001F,0,76,90,0.0
1788094554.90,010B,31,0,90,0.0
1788094554.92,0020,128,21,90,0.0
1788094554.95,0021,0,0,90,0.0
1788094554.95,0110,0,173,90,0.0
1788094554.98,002C,0,0,90,0.0
1788094555.00,010B,31,0,90,0.0
1788094555.01,002E,0,0,90,0.0
1788094555.04,0030,255,0,90,0.0
1788094555.05,0110,0,168,90,0.0
1788094555.08,003C,21,255,90,0.0
1788094555.10,010B,31,0,90,0.0
1788094555.12,0040,104,0,90,0.0
1788094555.15,0042,52,231,90,0.0
1788094555.15,0110,0,171,90,0.0
1788094555.18,0043,0,48,90,0.0
1788094555.20,010B,31,0,90,0.0
1788094555.21,0200,0,0,90,0.0
1788094555.24,0202,0,0,90,0.0
1788094555.25,0110,0,173,90,0.0
1788094555.28,0900,5,85,90,0.0
1788094555.30,010B,31,0,90,0.0
1788094555.31,0968,0,0,90,0.0
1788094555.34,096E,10,240,90,0.0
1788094555.35,0110,0,171,90,0.0
1788094555.37,097C,108,125,90,0.0
1788094555.40,098E,0,0,90,0.0
1788094555.44,1101,0,0,90,0.0
1788094555.45,0110,0,171,90,0.0
1788094555.46,17B3,138,0,90,0.0
1788094555.47,1103,0,0,90,0.0
1788094555.50,1104,0,0,90,0.0
1788094555.50,010B,31,0,90,0.0
1788094555.53,114A,40,0,90,0.0
1788094555.55,0110,0,175,90,0.0
1788094555.56,114D,35,64,90,0.0
1788094555.60,1153,41,60,90,0.0
1788094555.60,010B,31,0,90,0.0
1788094555.64,1154,29,192,90,0.0
1788094555.65,0110,0,171,90,0.0
1788094555.67,1169,29,189,90,0.0
1788094555.70,1173,0,155,90,0.0
1788094555.70,010B,31,0,90,0.0
1788094555.73,1177,18,52,90,0.0
1788094555.75,0110,0,171,90,0.0
1788094555.76,1410,0,220,90,0.0
1788094555.80,1631,1,0,90,0.0
1788094555.80,010B,31,0,90,0.0
1788094555.83,1678,0,0,90,0.0
1788094555.85,0110,0,173,90,0.0
1788094555.86,1681,0,0,90,0.0
1788094555.89,16CD,0,0,90,0.0
1788094555.90,010B,31,0,90,0.0
1788094555.92,16CE,0,0,90,0.0
1788094555.95,0110,0,173,90,0.0
1788094555.96,16CF,13,140,90,0.0
1788094556.00,16E8,75,124,90,0.0
1788094556.00,010B,31,0,90,0.0
1788094556.03,16E9,0,116,90,0.0
1788094556.05,0110,0,168,90,0.0
1788094556.06,16F0,3,131,90,0.0
1788094556.09,1704,0,0,90,0.0
1788094556.10,010B,31,0,90,0.0
1788094556.12,1706,128,0,90,0.0
1788094556.16,1709,0,0,90,0.0
1788094556.19,1717,1,0,90,0.0
1788094556.20,010B,31,0,90,0.0
1788094556.22,1718,1,0,90,0.0
1788094556.25,1746,0,0,90,0.0
1788094556.29,1782,137,0,90,0.0
1788094556.30,010B,31,0,90,0.0
1788094556.33,1783,110,192,90,0.0
1788094556.36,17A0,31,0,90,0.0
1788094556.39,17A6,0,0,90,0.0
1788094556.40,010B,31,0,90,0.0
1788094556.42,17B0,19,0,90,0.0
1788094556.45,17B1,32,0,90,0.0
1788094556.48,17B2,4,0,90,0.0
1788094556.50,010B,31,0,90,0.0
1788094556.52,17B3,138,0,90,0.0
1788094556.55,17B5,80,0,90,0.0
1788094556.55,0110,0,173,90,0.0
1788094556.58,17B6,0,0,90,0.0
1788094556.60,010B,31,0,90,0.0
1788094556.61,17B8,238,0,90,0.0
1788094556.64,17BA,0,0,90,0.0
1788094556.65,0110,0,173,90,0.0
1788094556.68,17BB,0,0,90,0.0
1788094556.70,010B,31,0,90,0.0
1788094556.71,17BC,0,0,90,0.0
1788094556.75,17BD,49,0,90,0.0
1788094556.75,0110,0,171,90,0.0
1788094556.78,17BE,0,0,90,0.0
1788094556.80,010B,31,0,90,0.0
1788094556.81,17C1,234,0,90,0.0
1788094556.84,3201,23,112,90,0.0
1788094556.85,0110,0,171,90,0.0
1788094556.88,990A,43,0,90,0.0
1788094556.90,010B,31,0,90,0.0
1788094556.91,996E,13,112,90,0.0
1788094556.94,A211,0,0,90,0.0
1788094556.95,0110,0,171,90,0.0
1788094556.97,D100,129,0,90,0.0
1788094557.00,010B,31,0,90,0.0
1788094557.00,E21B,90,74,90,0.0
1788094557.04,E21C,49,56,90,0.0
1788094557.05,0110,0,173,90,0.0
1788094557.08,E21D,56,56,90,0.0
1788094557.10,010B,31,0,90,0.0
1788094557.11,E21E,70,0,90,0.0
1788094557.14,E6F0,90,74,90,0.0
1788094557.15,0110,0,173,90,0.0
1788094557.17,E6F2,240,0,90,0.0
1788094557.20,E6F3,240,0,90,0.0
1788094557.23,0105,130,0,90,0.0
1788094557.25,0110,0,171,90,0.0
1788094557.26,010F,105,0,90,0.0
1788094557.30,0110,0,175,90,0.0
1788094557.30,010B,31,0,90,0.0
1788094557.33,010B,31,0,90,0.0
1788094557.35,0110,0,173,90,0.0
1788094557.36,0106,130,0,90,0.0
1788094557.39,0107,128,0,90,0.0
1788094557.40,010B,31,0,90,0.0
1788094557.43,010E,148,0,90,0.0
1788094557.45,0110,0,171,90,0.0
1788094557.45,0142,52,252,90,0.0
1788094557.46,0142,52,252,90,0.0
1788094557.49,0000,190,63,90,0.0
1788094557.50,010B,31,0,90,0.0
1788094557.52,0002,0,0,90,0.0
1788094557.55,0110,0,173,90,0.0
1788094557.56,0003,2,0,90,0.0
1788094557.60,0005,130,0,90,0.0
1788094557.60,010B,31,0,90,0.0
1788094557.63,0006,129,0,90,0.0
1788094557.65,0110,0,173,90,0.0
1788094557.66,0007,128,0,90,0.0
1788094557.69,000B,31,0,90,0.0
1788094557.70,010B,31,0,90,0.0
1788094557.72,000C,10,240,90,0.0
1788094557.76,000D,0,0,90,0.0
1788094557.79,000E,149,0,90,0.0
1788094557.80,010B,31,0,90,0.0
1788094557.82,000F,105,0,90,0.0
1788094557.85,0010,0,173,90,0.0
1788094557.88,0011,30,0,90,0.0
1788094557.90,010B,31,0,90,0.0
1788094557.92,0013,1,0,90,0.0
1788094557.95,001C,10,0,90,0.0
1788094557.95,0110,0,173,90,0.0
1788094557.98,001F,0,80,90,0.0
1788094558.00,010B,31,0,90,0.0
1788094558.01,0020,128,21,90,0.0
1788094558.04,0021,0,0,90,0.0
1788094558.05,0110,0,171,90,0.0
1788094558.08,002C,0,0,90,0.0
1788094558.10,010B,31,0,90,0.0
1788094558.11,002E,0,0,90,0.0
1788094558.15,0030,255,0,90,0.0
1788094558.15,0110,0,175,90,0.0
1788094558.18,003C,21,250,90,0.0
1788094558.20,010B,31,0,90,0.0
1788094558.21,0040,104,0,90,0.0
1788094558.24,0042,52,247,90,0.0
1788094558.25,0110,0,173,90,0.0
1788094558.28,0043,0,48,90,0.0
1788094558.31,0200,0,0,90,0.0
1788094558.34,0202,0,0,90,0.0
1788094558.35,0110,0,171,90,0.0
1788094558.37,0900,5,90,90,0.0
1788094558.40,0968,0,0,90,0.0
1788094558.44,096E,10,240,90,0.0
1788094558.45,0110,0,168,90,0.0
1788094558.47,097C,108,126,90,0.0
1788094558.50,098E,0,0,90,0.0
1788094558.50,010B,31,0,90,0.0
1788094558.53,1101,0,0,90,0.0
1788094558.55,0110,0,168,90,0.0
1788094558.56,1103,0,0,90,0.0
1788094558.60,1104,0,0,90,0.0
1788094558.60,010B,31,0,90,0.0
1788094558.63,114A,40,0,90,0.0
1788094558.65,0110,0,168,90,0.0
1788094558.66,114D,35,0,90,0.0
1788094558.70,1153,41,119,90,0.0
1788094558.70,010B,31,0,90,0.0
1788094558.73,1154,29,192,90,0.0
1788094558.75,0110,0,171,90,0.0
1788094558.76,1169,29,189,90,0.0
1788094558.80,1173,0,90,90,0.0
1788094558.80,010B,31,0,90,0.0
1788094558.83,1177,18,52,90,0.0
1788094558.85,0110,0,173,90,0.0
1788094558.86,1410,0,218,90,0.0
1788094558.89,1631,1,0,90,0.0
1788094558.90,010B,31,0,90,0.0
1788094558.93,1678,0,0,90,0.0
1788094558.95,0110,0,168,90,0.0
1788094558.96,1681,0,0,90,0.0
1788094558.99,16CD,0,0,90,0.0
1788094559.00,010B,31,0,90,0.0
1788094559.02,16CE,255,255,90,0.0
1788094559.05,16CF,13,189,90,0.0
1788094559.09,16E8,75,119,90,0.0
1788094559.10,010B,31,0,90,0.0
1788094559.12,16E9,0,116,90,0.0
1788094559.16,16F0,3,131,90,0.0
1788094559.19,1704,0,0,90,0.0
1788094559.20,010B,31,0,90,0.0
1788094559.22,1706,128,0,90,0.0
1788094559.25,1709,0,0,90,0.0
1788094559.28,1717,1,0,90,0.0
1788094559.30,010B,31,0,90,0.0
1788094559.32,1718,1,0,90,0.0
1788094559.35,1746,0,0,90,0.0
1788094559.35,0110,0,178,90,0.0
1788094559.38,1782,137,0,90,0.0
1788094559.40,010B,31,0,90,0.0
1788094559.41,1783,110,192,90,0.0
1788094559.44,17A0,32,0,90,0.0
1788094559.45,0110,0,171,90,0.0
1788094559.45,17B3,138,0,90,0.0
1788094559.48,17A6,0,0,90,0.0
1788094559.50,010B,32,0,90,0.0
1788094559.52,17B0,19,0,90,0.0
1788094559.55,17B1,32,0,90,0.0
1788094559.55,0110,1,97,90,0.0
1788094559.58,17B2,4,0,90,0.0
1788094559.60,010B,36,0,90,0.0
1788094559.61,17B3,138,0,90,0.0
1788094559.64,17B5,80,0,90,0.0
1788094559.65,0110,1,108,90,0.0
1788094559.68,17B6,0,0,90,0.0
1788094559.70,010B,39,0,90,0.0
1788094559.71,17B8,238,0,90,0.0
1788094559.74,17BA,0,0,90,0.0
1788094559.75,0110,1,8,90,0.0
1788094559.77,17BB,0,0,90,0.0
1788094559.80,010B,40,0,90,0.0
1788094559.81,17BC,0,0,90,0.0
1788094559.84,17BD,49,0,90,0.0
1788094559.85,0110,0,239,90,0.0
1788094559.88,17BE,0,0,90,0.0
1788094559.90,010B,40,0,90,0.0
1788094559.91,17C1,234,0,90,0.0
1788094559.94,3201,23,112,90,0.0
1788094559.95,0110,0,248,90,0.0
1788094559.97,990A,44,0,90,0.0
1788094560.00,996E,13,52,90,0.0
1788094560.04,A211,0,0,90,0.0
1788094560.05,0110,1,67,90,0.0
1788094560.07,D100,129,0,90,0.0
1788094560.10,E21B,90,74,90,0.0
1788094560.10,010B,41,0,90,0.0
1788094560.13,E21C,49,56,90,0.0
1788094560.15,0110,1,40,90,0.0
1788094560.16,E21D,56,56,90,0.0
1788094560.21,E21E,70,0,90,0.0
1788094560.24,E6F0,90,74,90,0.0
1788094560.25,0110,1,8,90,0.0
1788094560.27,E6F2,240,0,90,0.0
1788094560.30,E6F3,240,0,90,0.0
1788094560.30,010B,42,0,90,0.0
1788094560.33,0105,130,0,90,0.0
1788094560.35,0110,1,20,90,0.0
1788094560.36,010F,105,0,90,0.0
1788094560.39,0110,1,1,90,0.0
1788094560.40,010B,42,0,90,0.0
1788094560.43,010B,42,0,90,0.0
1788094560.45,0110,1,27,90,0.0
1788094560.46,0106,131,0,90,0.0
1788094560.49,0107,128,0,90,0.0
1788094560.50,010B,42,0,90,0.0
1788094560.52,010E,137,0,90,0.0
1788094560.55,0110,1,30,90,0.0
1788094560.55,0142,52,14,90,0.0
1788094560.59,0000,190,63,90,0.0
1788094560.60,010B,42,0,90,0.0
1788094560.63,0002,0,0,90,0.0
1788094560.65,0110,1,11,90,0.0
1788094560.66,0003,2,0,90,0.0
1788094560.69,0005,130,0,90,0.0
1788094560.70,010B,42,0,90,0.0
1788094560.72,0006,130,0,90,0.0
1788094560.76,0007,128,0,90,0.0
1788094560.79,000B,42,0,90,0.0
1788094560.80,010B,42,0,90,0.0
1788094560.82,000C,11,141,90,0.0
1788094560.85,000D,0,0,90,0.0
1788094560.88,000E,140,0,90,0.0
1788094560.90,010B,43,0,90,0.0
1788094560.92,000F,105,0,90,0.0
1788094560.95,0010,1,8,90,0.0
1788094560.95,0110,1,8,90,0.0
1788094560.98,0011,30,0,90,0.0
1788094561.00,010B,43,0,90,0.0
1788094561.01,0013,1,0,90,0.0
1788094561.04,001C,10,0,90,0.0
1788094561.05,0110,1,8,90,0.0
1788094561.08,001F,0,81,90,0.0
1788094561.10,010B,43,0,90,0.0
1788094561.11,0020,128,21,90,0.0
1788094561.14,0021,0,0,90,0.0
1788094561.15,0110,1,8,90,0.0
1788094561.18,002C,0,0,90,0.0
1788094561.20,010B,43,0,90,0.0
1788094561.21,002E,0,0,90,0.0
1788094561.25,0030,255,0,90,0.0
1788094561.25,0110,1,14,90,0.0
1788094561.28,003C,21,245,90,0.0
1788094561.31,0040,104,0,90,0.0
1788094561.34,0042,52,38,90,0.0
1788094561.35,0110,1,14,90,0.0
1788094561.37,0043,0,69,90,0.0
1788094561.41,0200,0,0,90,0.0
1788094561.44,0202,0,0,90,0.0
1788094561.45,0110,1,4,90,0.0
1788094561.46,17B3,138,0,90,0.0
1788094561.47,0900,6,49,90,0.0
1788094561.50,0968,0,0,90,0.0
1788094561.50,010B,43,0,90,0.0
1788094561.53,096E,11,84,90,0.0
1788094561.55,0110,1,14,90,0.0
1788094561.56,097C,108,128,90,0.0
1788094561.60,098E,0,0,90,0.0
1788094561.60,010B,43,0,90,0.0
1788094561.63,1101,1,0,90,0.0
1788094561.65,0110,1,17,90,0.0
1788094561.66,1103,4,0,90,0.0
1788094561.69,1104,1,0,90,0.0
1788094561.70,010B,43,0,90,0.0
1788094561.72,114A,40,0,90,0.0
1788094561.75,0110,1,14,90,0.0
1788094561.76,114D,35,64,90,0.0
1788094561.79,1153,60,174,90,0.0
1788094561.80,010B,43,0,90,0.0
1788094561.83,1154,29,192,90,0.0
1788094561.85,0110,1,57,90,0.0
1788094561.89,1173,0,95,90,0.0
1788094561.90,010B,44,0,90,0.0
1788094561.92,1177,21,64,90,0.0
1788094561.96,1410,1,68,90,0.0
1788094561.99,1631,1,0,90,0.0
1788094562.00,010B,44,0,90,0.0
1788094562.02,1678,0,0,90,0.0
1788094562.05,1681,0,0,90,0.0
1788094562.05,0110,1,14,90,0.0
1788094562.08,16CD,0,0,90,0.0
1788094562.10,010B,44,0,90,0.0
1788094562.12,16CE,255,252,90,0.0
1788094562.15,16CF,13,210,90,0.0
1788094562.15,0110,1,24,90,0.0
1788094562.18,16E8,90,142,90,0.0
1788094562.20,010B,45,0,90,0.0
1788094562.21,16E9,0,118,90,0.0
1788094562.24,16F0,3,131,90,0.0
1788094562.25,0110,1,24,90,0.0
1788094562.28,1704,0,0,90,0.0
1788094562.30,010B,45,0,90,0.0
1788094562.31,1706,128,0,90,0.0
1788094562.34,1709,0,0,90,0.0
1788094562.35,0110,1,30,90,0.0
1788094562.37,1717,1,0,90,0.0
1788094562.40,010B,45,0,90,0.0
1788094562.40,1718,1,0,90,0.0
1788094562.44,1746,0,0,90,0.0
1788094562.45,0110,1,20,90,0.0
1788094562.47,1782,136,192,90,0.0
1788094562.51,1783,110,192,90,0.0
1788094562.54,17A0,32,0,90,0.0
1788094562.55,0110,1,20,90,0.0
1788094562.57,17A6,0,0,90,0.0
1788094562.60,17B0,19,0,90,0.0
1788094562.64,17B1,32,0,90,0.0
1788094562.65,0110,1,20,90,0.0
1788094562.67,17B2,4,0,90,0.0
1788094562.70,17B3,138,0,90,0.0
1788094562.70,010B,45,0,90,0.0
1788094562.73,17B5,80,0,90,0.0
1788094562.75,0110,1,11,90,0.0
1788094562.76,17B6,0,0,90,0.0
1788094562.80,17B8,238,0,90,0.0
1788094562.80,010B,45,0,90,0.0
1788094562.83,17BA,0,0,90,0.0
1788094562.85,0110,1,17,90,0.0
1788094562.86,17BB,0,0,90,0.0
1788094562.89,17BC,0,0,90,0.0
1788094562.90,010B,45,0,90,0.0
1788094562.92,17BD,49,0,90,0.0
1788094562.95,0110,1,24,90,0.0
1788094562.96,17BE,0,0,90,0.0
1788094563.00,17C1,234,0,90,0.0
1788094563.00,010B,45,0,90,0.0
1788094563.03,3201,23,112,90,0.0
1788094563.05,0110,1,24,90,0.0
1788094563.06,990A,45,0,90,0.0
1788094563.09,996E,13,32,90,0.0
1788094563.10,010B,45,0,90,0.0
1788094563.12,A211,0,0,90,0.0
1788094563.16,D100,129,0,90,0.0
1788094563.19,E21B,90,74,90,0.0
1788094563.20,010B,45,0,90,0.0
1788094563.22,E21C,49,56,90,0.0
1788094563.25,E21D,56,56,90,0.0
1788094563.28,E21E,70,0,90,0.0
1788094563.30,010B,45,0,90,0.0
1788094563.32,E6F0,90,74,90,0.0
1788094563.35,E6F2,240,0,90,0.0
1788094563.35,0110,1,17,90,0.0
1788094563.39,E6F3,240,0,90,0.0
1788094563.40,010B,45,0,90,0.0
1788094563.42,0105,130,0,90,0.0
1788094563.45,010F,105,0,90,0.0
1788094563.45,0110,1,20,90,0.0
1788094563.45,17B3,138,0,90,0.0
1788094563.48,0110,1,20,90,0.0
1788094563.50,010B,45,0,90,0.0
1788094563.52,010B,45,0,90,0.0
1788094563.55,0106,133,0,90,0.0
1788094563.55,0110,1,24,90,0.0
1788094563.58,0107,128,0,90,0.0
1788094563.60,010B,45,0,90,0.0
1788094563.61,010E,137,0,90,0.0
1788094563.65,0142,53,6,90,0.0
1788094563.65,0110,1,20,90,0.0
1788094563.68,0000,190,63,90,0.0
1788094563.70,010B,45,0,90,0.0
1788094563.72,0002,0,0,90,0.0
1788094563.75,0003,2,0,90,0.0
1788094563.75,0110,1,17,90,0.0
1788094563.78,0005,130,0,90,0.0
1788094563.80,010B,45,0,90,0.0
1788094563.81,0006,134,0,90,0.0
1788094563.84,0007,128,0,90,0.0
1788094563.85,0110,1,17,90,0.0
1788094563.88,000B,45,0,90,0.0
1788094563.90,010B,45,0,90,0.0
1788094563.91,000C,11,134,90,0.0
1788094563.94,000D,0,0,90,0.0
1788094563.95,0110,1,17,90,0.0
1788094563.97,000E,136,0,90,0.0
1788094564.00,010B,44,0,90,0.0
1788094564.04,0010,1,17,90,0.0
1788094564.05,0110,1,17,90,0.0
1788094564.07,0011,30,0,90,0.0
1788094564.10,0013,1,0,90,0.0
1788094564.10,010B,44,0,90,0.0
1788094564.14,001C,10,0,90,0.0
1788094564.15,0110,1,17,90,0.0
1788094564.17,001F,0,84,90,0.0
1788094564.20,0020,128,21,90,0.0
1788094564.24,0021,0,0,90,0.0
1788094564.25,0110,1,17,90,0.0
1788094564.27,002C,0,0,90,0.0
1788094564.30,002E,0,0,90,0.0
1788094564.30,010B,44,0,90,0.0
1788094564.33,0030,255,0,90,0.0
1788094564.35,0110,1,14,90,0.0
1788094564.36,003C,21,240,90,0.0
1788094564.40,0040,104,0,90,0.0
1788094564.40,010B,44,0,90,0.0
1788094564.43,0042,53,6,90,0.0
1788094564.45,0110,1,14,90,0.0
1788094564.46,0043,0,71,90,0.0
1788094564.49,0200,0,0,90,0.0
1788094564.50,010B,44,0,90,0.0
1788094564.53,0202,0,0,90,0.0
1788094564.55,0110,1,14,90,0.0
1788094564.56,0900,6,74,90,0.0
1788094564.60,0968,0,0,90,0.0
1788094564.60,010B,44,0,90,0.0
1788094564.63,096E,11,49,90,0.0
1788094564.65,0110,1,11,90,0.0
1788094564.66,097C,108,130,90,0.0
1788094564.69,098E,0,0,90,0.0
1788094564.70,010B,44,0,90,0.0
1788094564.72,1101,1,0,90,0.0
1788094564.76,1103,4,0,90,0.0
1788094564.79,1104,1,0,90,0.0
1788094564.80,010B,44,0,90,0.0
1788094564.82,114A,40,0,90,0.0
1788094564.85,114D,35,64,90,0.0
1788094564.88,1153,59,151,90,0.0
1788094564.90,010B,44,0,90,0.0
1788094564.92,1154,29,192,90,0.0
1788094564.95,1169,29,189,90,0.0
1788094564.95,0110,1,4,90,0.0
1788094564.98,1173,3,37,90,0.0
1788094565.00,010B,43,0,90,0.0
1788094565.01,1177,20,240,90,0.0
1788094565.04,1410,1,62,90,0.0
1788094565.05,0110,1,4,90,0.0
1788094565.08,1631,1,0,90,0.0
1788094565.10,010B,43,0,90,0.0
1788094565.12,1678,0,0,90,0.0
1788094565.15,1681,0,0,90,0.0
1788094565.15,0110,1,1,90,0.0
1788094565.18,16CD,0,0,90,0.0
1788094565.20,010B,43,0,90,0.0
1788094565.21,16CE,255,253,90,0.0
1788094565.24,16CF,13,131,90,0.0
1788094565.25,0110,1,8,90,0.0
1788094565.28,16E8,87,246,90,0.0
1788094565.30,010B,43,0,90,0.0
1788094565.31,16E9,0,116,90,0.0
1788094565.34,16F0,3,131,90,0.0
1788094565.35,0110,1,14,90,0.0
1788094565.37,1704,0,0,90,0.0
1788094565.40,010B,43,0,90,0.0
1788094565.41,1706,128,0,90,0.0
1788094565.44,1709,0,0,90,0.0
1788094565.45,0110,1,11,90,0.0
1788094565.46,17B3,138,0,90,0.0
1788094565.48,1717,1,0,90,0.0
1788094565.50,010B,43,0,90,0.0
1788094565.54,1746,0,0,90,0.0
1788094565.55,0110,1,4,90,0.0
1788094565.57,1782,136,192,90,0.0
1788094565.60,1783,110,192,90,0.0
1788094565.64,17A0,31,0,90,0.0
1788094565.65,0110,1,4,90,0.0
1788094565.67,17A6,0,0,90,0.0
1788094565.70,17B0,19,0,90,0.0
1788094565.70,010B,43,0,90,0.0
1788094565.73,17B1,32,0,90,0.0
1788094565.75,0110,1,8,90,0.0
1788094565.76,17B2,4,0,90,0.0
1788094565.80,17B3,138,0,90,0.0
1788094565.80,010B,43,0,90,0.0
1788094565.84,17B5,80,0,90,0.0
1788094565.85,0110,1,11,90,0.0
1788094565.87,17B6,0,0,90,0.0
1788094565.90,17B8,238,0,90,0.0
1788094565.90,010B,43,0,90,0.0
1788094565.93,17BA,0,0,90,0.0
1788094565.95,0110,1,4,90,0.0
1788094565.96,17BB,0,0,90,0.0
1788094566.00,17BC,0,0,90,0.0
1788094566.00,010B,44,0,90,0.0
1788094566.03,17BD,49,0,90,0.0
1788094566.05,0110,1,8,90,0.0
1788094566.06,17BE,0,0,90,0.0
1788094566.09,17C1,234,0,90,0.0
1788094566.10,010B,44,0,90,0.0
1788094566.12,3201,23,112,90,0.0
1788094566.15,0110,1,14,90,0.0
1788094566.19,996E,13,92,90,0.0
1788094566.20,010B,43,0,90,0.0
1788094566.22,A211,0,0,90,0.0
1788094566.25,D100,129,0,90,0.0
1788094566.28,E21B,90,74,90,0.0
1788094566.30,010B,44,0,90,0.0
1788094566.32,E21C,49,56,90,0.0
1788094566.35,E21D,56,56,90,0.0
1788094566.35,0110,1,4,90,0.0
1788094566.38,E21E,70,0,90,0.0
1788094566.40,010B,44,0,90,0.0
1788094566.41,E6F0,90,74,90,0.0
1788094566.45,E6F2,240,0,90,0.0
1788094566.48,E6F3,240,0,90,0.0
1788094566.51,010B,44,0,90,0.0
1788094566.51,0105,130,0,90,0.0
1788094566.54,010F,105,0,90,0.0
1788094566.55,0110,1,4,90,0.0
1788094566.57,0110,1,1,90,0.0
1788094566.60,010B,44,0,90,0.0
1788094566.60,010B,44,0,90,0.0
1788094566.64,0106,133,0,90,0.0
1788094566.65,0110,1,11,90,0.0
1788094566.67,0107,128,0,90,0.0
1788094566.70,010E,141,0,90,0.0
1788094566.70,010B,43,0,90,0.0
1788094566.73,0142,52,233,90,0.0
1788094566.75,0110,1,1,90,0.0
1788094566.77,0000,190,63,90,0.0
1788094566.80,0002,0,0,90,0.0
1788094566.84,0003,2,0,90,0.0
1788094566.85,0110,1,8,90,0.0
1788094566.87,0005,130,0,90,0.0
1788094566.90,0006,133,0,90,0.0
1788094566.90,010B,44,0,90,0.0
1788094566.94,0007,128,0,90,0.0
1788094566.95,0110,1,4,90,0.0
1788094566.97,000B,44,0,90,0.0
1788094567.00,000C,11,57,90,0.0
1788094567.04,000D,0,0,90,0.0
1788094567.05,0110,1,4,90,0.0
1788094567.07,000E,139,0,90,0.0
1788094567.10,000F,105,0,90,0.0
1788094567.10,010B,44,0,90,0.0
1788094567.13,0010,0,254,90,0.0
1788094567.15,0110,1,1,90,0.0
1788094567.16,0011,30,0,90,0.0
1788094567.20,0013,1,0,90,0.0
1788094567.20,010B,43,0,90,0.0
1788094567.23,001C,10,0,90,0.0
1788094567.25,0110,1,1,90,0.0
1788094567.26,001F,0,88,90,0.0
1788094567.29,0020,128,21,90,0.0
1788094567.30,010B,44,0,90,0.0
1788094567.33,0021,0,0,90,0.0
1788094567.35,0110,1,8,90,0.0
1788094567.36,002C,0,0,90,0.0
1788094567.39,002E,0,0,90,0.0
1788094567.40,010B,43,0,90,0.0
1788094567.43,0030,255,0,90,0.0
1788094567.45,0110,1,8,90,0.0
1788094567.46,17B3,138,0,90,0.0
1788094567.49,0040,104,0,90,0.0
1788094567.50,010B,43,0,90,0.0
1788094567.52,0042,52,237,90,0.0
1788094567.55,0110,1,4,90,0.0
1788094567.55,0043,0,70,90,0.0
1788094567.59,0200,0,0,90,0.0
1788094567.60,010B,43,0,90,0.0
1788094567.62,0202,0,0,90,0.0
1788094567.65,0110,1,8,90,0.0
1788094567.66,0900,6,64,90,0.0
1788094567.69,0968,0,0,90,0.0
1788094567.70,010B,43,0,90,0.0
1788094567.72,096E,11,0,90,0.0
1788094567.75,097C,108,130,90,0.0
1788094567.79,098E,0,0,90,0.0
1788094567.80,010B,43,0,90,0.0
1788094567.82,1101,1,0,90,0.0
1788094567.85,1103,4,0,90,0.0
1788094567.85,0110,1,4,90,0.0
1788094567.88,1104,1,0,90,0.0
1788094567.90,010B,43,0,90,0.0
1788094567.92,114A,40,0,90,0.0
1788094567.95,114D,35,64,90,0.0
1788094567.95,0110,1,8,90,0.0
1788094567.98,1153,59,77,90,0.0
1788094568.00,010B,43,0,90,0.0
1788094568.01,1154,29,192,90,0.0
1788094568.04,1169,29,189,90,0.0
1788094568.05,0110,1,4,90,0.0
1788094568.08,1173,3,57,90,0.0
1788094568.10,010B,43,0,90,0.0
1788094568.12,1177,20,180,90,0.0
1788094568.15,1410,1,61,90,0.0
1788094568.15,0110,1,8,90,0.0
1788094568.18,1631,1,0,90,0.0
1788094568.20,010B,43,0,90,0.0
1788094568.21,1678,0,0,90,0.0
1788094568.24,1681,0,0,90,0.0
1788094568.25,0110,1,1,90,0.0
1788094568.27,16CD,0,0,90,0.0
1788094568.30,010B,43,0,90,0.0
1788094568.31,16CE,255,253,90,0.0
1788094568.34,16CF,13,120,90,0.0
1788094568.35,0110,1,4,90,0.0
1788094568.37,16E8,86,106,90,0.0
1788094568.40,16E9,0,116,90,0.0
1788094568.43,16F0,3,131,90,0.0
1788094568.45,0110,1,11,90,0.0
1788094568.47,1704,0,0,90,0.0
1788094568.51,1706,128,0,90,0.0
1788094568.54,1709,0,0,90,0.0
1788094568.55,0110,1,4,90,0.0
1788094568.57,1717,1,0,90,0.0
1788094568.60,1718,1,0,90,0.0
1788094568.63,1746,0,0,90,0.0
1788094568.65,0110,1,11,90,0.0
1788094568.67,1782,136,192,90,0.0
1788094568.70,1783,110,192,90,0.0
1788094568.70,010B,43,0,90,0.0
1788094568.73,17A0,31,0,90,0.0
1788094568.75,0110,1,1,90,0.0
1788094568.76,17A6,0,0,90,0.0
1788094568.79,17B0,19,0,90,0.0
1788094568.80,010B,43,0,90,0.0
1788094568.83,17B1,32,0,90,0.0
1788094568.85,0110,1,4,90,0.0
1788094568.86,17B2,4,0,90,0.0
1788094568.89,17B3,138,0,90,0.0
1788094568.90,010B,43,0,90,0.0
1788094568.92,17B5,80,0,90,0.0
1788094568.95,0110,0,207,90,0.0
1788094568.99,17B8,238,0,90,0.0
1788094569.00,010B,42,0,90,0.0
1788094569.02,17BA,0,0,90,0.0
1788094569.05,17BB,0,0,90,0.0
1788094569.05,0110,0,187,90,0.0
1788094569.08,17BC,0,0,90,0.0
1788094569.10,010B,41,0,90,0.0
1788094569.12,17BD,48,0,90,0.0
1788094569.15,17BE,0,0,90,0.0
1788094569.19,17C1,234,0,90,0.0
1788094569.20,010B,40,0,90,0.0
1788094569.22,3201,23,112,90,0.0
1788094569.25,990A,43,0,90,0.0
1788094569.25,0110,0,183,90,0.0
1788094569.28,996E,13,132,90,0.0
1788094569.30,010B,39,0,90,0.0
1788094569.31,A211,0,0,90,0.0
1788094569.35,D100,129,0,90,0.0
1788094569.35,0110,0,183,90,0.0
1788094569.38,E21B,90,74,90,0.0
1788094569.40,010B,38,0,90,0.0
1788094569.41,E21C,49,56,90,0.0
1788094569.44,E21D,56,56,90,0.0
1788094569.45,0110,0,185,90,0.0
1788094569.46,17B3,138,0,90,0.0
1788094569.47,E21E,70,0,90,0.0
1788094569.50,010B,37,0,90,0.0
1788094569.51,E6F0,90,74,90,0.0
1788094569.54,E6F2,240,0,90,0.0
1788094569.55,0110,0,183,90,0.0
1788094569.57,E6F3,240,0,90,0.0
1788094569.60,0105,130,0,90,0.0
1788094569.60,010B,36,0,90,0.0
1788094569.63,010F,105,0,90,0.0
1788094569.65,0110,0,183,90,0.0
1788094569.67,0110,0,183,90,0.0
1788094569.70,010B,35,0,90,0.0
1788094569.70,010B,35,0,90,0.0
1788094569.73,0106,130,0,90,0.0
1788094569.75,0110,0,180,90,0.0
1788094569.77,0107,128,0,90,0.0
1788094569.80,010E,130,0,90,0.0
1788094569.80,010B,34,0,90,0.0
1788094569.83,0142,53,102,90,0.0
1788094569.85,0110,0,175,90,0.0
1788094569.87,0000,190,63,90,0.0
1788094569.90,0002,0,0,90,0.0
1788094569.90,010B,34,0,90,0.0
1788094569.93,0003,2,0,90,0.0
1788094569.95,0110,0,173,90,0.0
1788094569.96,0005,130,0,90,0.0
1788094569.99,0006,130,0,90,0.0
1788094570.00,010B,33,0,90,0.0
1788094570.03,0007,128,0,90,0.0
1788094570.05,0110,0,166,90,0.0
1788094570.06,000B,33,0,90,0.0
1788094570.09,000C,11,137,90,0.0
1788094570.10,010B,33,0,90,0.0
1788094570.12,000D,0,0,90,0.0
1788094570.15,0110,0,171,90,0.0
1788094570.16,000E,133,0,90,0.0
1788094570.19,000F,105,0,90,0.0
1788094570.20,010B,32,0,90,0.0
1788094570.23,0010,0,173,90,0.0
1788094570.26,0011,30,0,90,0.0
1788094570.29,0013,1,0,90,0.0
1788094570.30,010B,32,0,90,0.0
1788094570.32,001C,10,0,90,0.0
1788094570.35,001F,0,91,90,0.0
1788094570.39,0020,128,21,90,0.0
1788094570.40,010B,31,0,90,0.0
1788094570.42,0021,0,0,90,0.0
1788094570.45,002C,0,0,90,0.0
1788094570.45,0110,0,159,90,0.0
1788094570.48,002E,0,0,90,0.0
1788094570.50,010B,31,0,90,0.0
1788094570.51,0030,255,0,90,0.0
1788094570.55,003C,21,233,90,0.0
1788094570.55,0110,0,168,90,0.0
1788094570.58,0040,104,0,90,0.0
1788094570.60,010B,31,0,90,0.0
1788094570.61,0042,52,240,90,0.0
1788094570.64,0043,0,47,90,0.0
1788094570.65,0110,0,168,90,0.0
1788094570.67,0200,0,0,90,0.0
1788094570.70,010B,31,0,90,0.0
1788094570.71,0202,0,0,90,0.0
1788094570.74,0900,5,80,90,0.0
1788094570.75,0110,0,164,90,0.0
1788094570.77,0968,0,0,90,0.0
1788094570.80,010B,31,0,90,0.0
1788094570.84,097C,108,132,90,0.0
1788094570.85,0110,0,168,90,0.0
1788094570.87,098E,0,0,90,0.0
1788094570.91,1101,0,0,90,0.0
1788094570.94,1103,0,0,90,0.0
1788094570.95,0110,0,171,90,0.0
1788094570.97,1104,0,0,90,0.0
1788094571.00,114A,40,0,90,0.0
1788094571.00,010B,31,0,90,0.0
1788094571.03,114D,35,64,90,0.0
1788094571.05,0110,0,173,90,0.0
1788094571.07,1153,40,128,90,0.0
1788094571.10,1154,29,192,90,0.0
1788094571.10,010B,31,0,90,0.0
1788094571.13,1169,29,189,90,0.0
1788094571.15,0110,0,178,90,0.0
1788094571.16,1173,1,229,90,0.0
1788094571.19,1177,18,32,90,0.0
1788094571.20,010B,31,0,90,0.0
1788094571.23,1410,0,205,90,0.0
1788094571.25,0110,0,164,90,0.0
1788094571.26,1631,1,0,90,0.0
1788094571.29,1678,0,0,90,0.0
1788094571.30,010B,31,0,90,0.0
1788094571.32,1681,0,0,90,0.0
1788094571.35,0110,0,168,90,0.0
1788094571.35,16CD,0,0,90,0.0
1788094571.39,16CE,0,0,90,0.0
1788094571.40,010B,31,0,90,0.0
1788094571.43,16CF,13,129,90,0.0
1788094571.45,0110,0,171,90,0.0
1788094571.46,17B3,138,0,90,0.0
1788094571.49,16E9,0,115,90,0.0
1788094571.50,010B,31,0,90,0.0
1788094571.52,16F0,3,131,90,0.0
1788094571.55,1704,0,0,90,0.0
1788094571.59,1706,128,0,90,0.0
1788094571.60,010B,31,0,90,0.0
1788094571.62,1709,0,0,90,0.0
1788094571.65,1717,1,0,90,0.0
1788094571.65,0110,0,171,90,0.0
1788094571.68,1718,1,0,90,0.0
1788094571.70,010B,31,0,90,0.0
1788094571.71,1746,0,0,90,0.0
1788094571.75,1782,136,128,90,0.0
1788094571.75,0110,0,171,90,0.0
1788094571.78,1783,110,192,90,0.0
1788094571.80,010B,31,0,90,0.0
1788094571.81,17A0,31,0,90,0.0
1788094571.84,17A6,0,0,90,0.0
1788094571.85,0110,0,171,90,0.0
1788094571.88,17B0,18,0,90,0.0
1788094571.90,010B,32,0,90,0.0
1788094571.91,17B1,32,0,90,0.0
1788094571.95,17B2,4,0,90,0.0
1788094571.95,0110,0,173,90,0.0
1788094571.98,17B3,138,0,90,0.0
1788094572.00,010B,32,0,90,0.0
1788094572.01,17B5,80,0,90,0.0
1788094572.04,17B6,0,0,90,0.0
1788094572.05,0110,0,171,90,0.0
1788094572.07,17B8,238,0,90,0.0
1788094572.10,010B,32,0,90,0.0
1788094572.11,17BA,0,0,90,0.0
1788094572.14,17BB,0,0,90,0.0
1788094572.15,0110,0,175,90,0.0
1788094572.17,17BC,0,0,90,0.0
1788094572.20,17BD,48,0,90,0.0
1788094572.23,17BE,0,0,90,0.0
1788094572.25,0110,0,171,90,0.0
1788094572.27,17C1,234,0,90,0.0
1788094572.31,3201,23,112,90,0.0
1788094572.34,990A,43,0,90,0.0
1788094572.35,0110,0,173,90,0.0
1788094572.37,996E,13,112,90,0.0
1788094572.40,A211,0,0,90,0.0
1788094572.43,D100,129,0,90,0.0
1788094572.45,0110,0,166,90,0.0
1788094572.47,E21B,90,74,90,0.0
1788094572.50,E21C,49,56,90,0.0
1788094572.50,010B,32,0,90,0.0
1788094572.53,E21D,56,56,90,0.0
1788094572.55,0110,0,173,90,0.0
1788094572.56,E21E,70,0,90,0.0
1788094572.59,E6F0,90,74,90,0.0
1788094572.60,010B,31,0,90,0.0
1788094572.63,E6F2,240,0,90,0.0
1788094572.65,0110,0,168,90,0.0
1788094572.66,E6F3,240,0,90,0.0
1788094572.69,0105,130,0,90,0.0
1788094572.70,010B,31,0,90,0.0
1788094572.72,010F,105,0,90,0.0
1788094572.75,0110,0,173,90,0.0
1788094572.75,0110,0,173,90,0.0
1788094572.79,010B,31,0,90,0.0
1788094572.80,010B,31,0,90,0.0
1788094572.82,0106,131,0,90,0.0
1788094572.85,0107,128,0,90,0.0
1788094572.85,0110,0,171,90,0.0
1788094572.88,010E,150,0,90,0.0
1788094572.90,010B,31,0,90,0.0
1788094572.92,0142,52,250,90,0.0
1788094572.95,0000,190,63,90,0.0
1788094572.99,0002,0,0,90,0.0
1788094573.00,010B,31,0,90,0.0
1788094573.02,0003,2,0,90,0.0
1788094573.05,0005,130,0,90,0.0
1788094573.05,0110,0,171,90,0.0
1788094573.08,0006,131,0,90,0.0
1788094573.10,010B,31,0,90,0.0
1788094573.11,0007,128,0,90,0.0
1788094573.15,000B,31,0,90,0.0
1788094573.15,0110,0,171,90,0.0
1788094573.18,000C,10,249,90,0.0
1788094573.20,010B,31,0,90,0.0
1788094573.21,000D,0,0,90,0.0
1788094573.24,000E,146,0,90,0.0
1788094573.25,0110,0,171,90,0.0
1788094573.27,000F,105,0,90,0.0
1788094573.30,010B,31,0,90,0.0
1788094573.31,0010,0,168,90,0.0
1788094573.35,0011,30,0,90,0.0
1788094573.35,0110,0,173,90,0.0
1788094573.38,0013,1,0,90,0.0
1788094573.40,010B,31,0,90,0.0
1788094573.41,001C,10,0,90,0.0
1788094573.44,001F,0,94,90,0.0
1788094573.45,0110,0,171,90,0.0
1788094573.46,17B3,138,0,90,0.0
1788094573.47,0020,128,21,90,0.0
1788094573.51,0021,0,0,90,0.0
1788094573.54,002C,0,0,90,0.0
1788094573.55,0110,0,171,90,0.0
1788094573.57,002E,0,0,90,0.0
1788094573.60,0030,255,0,90,0.0
1788094573.63,003C,21,228,90,0.0
1788094573.65,0110,0,175,90,0.0
1788094573.67,0040,104,0,90,0.0
1788094573.71,0042,52,242,90,0.0
1788094573.74,0043,0,48,90,0.0
1788094573.75,0110,0,168,90,0.0
1788094573.77,0200,0,0,90,0.0
1788094573.80,0202,0,0,90,0.0
1788094573.83,0900,5,85,90,0.0
1788094573.85,0110,0,171,90,0.0
1788094573.87,0968,0,0,90,0.0
1788094573.90,096E,10,240,90,0.0
1788094573.90,010B,31,0,90,0.0
1788094573.93,097C,108,134,90,0.0
1788094573.95,0110,0,173,90,0.0
1788094573.96,098E,0,0,90,0.0
1788094573.99,1101,0,0,90,0.0
1788094574.00,010B,31,0,90,0.0
1788094574.03,1103,0,0,90,0.0
1788094574.05,0110,0,173,90,0.0
1788094574.06,1104,0,0,90,0.0
1788094574.09,114A,40,0,90,0.0
1788094574.10,010B,31,0,90,0.0
1788094574.13,114D,35,64,90,0.0
1788094574.15,0110,0,168,90,0.0
1788094574.17,1153,40,224,90,0.0
1788094574.19,1154,29,192,90,0.0
1788094574.20,010B,31,0,90,0.0
1788094574.23,1169,29,189,90,0.0
1788094574.26,1173,0,160,90,0.0
1788094574.29,1177,18,72,90,0.0
1788094574.30,010B,31,0,90,0.0
1788094574.32,1410,0,219,90,0.0
1788094574.35,1631,1,0,90,0.0
1788094574.39,1678,0,0,90,0.0
1788094574.40,010B,31,0,90,0.0
1788094574.42,1681,0,0,90,0.0
1788094574.45,16CD,0,0,90,0.0
1788094574.45,0110,0,168,90,0.0
1788094574.48,16CE,255,255,90,0.0
1788094574.50,010B,31,0,90,0.0
1788094574.51,16CF,13,138,90,0.0
1788094574.55,16E8,75,135,90,0.0
1788094574.55,0110,0,171,90,0.0
1788094574.58,16E9,0,115,90,0.0
1788094574.60,010B,31,0,90,0.0
1788094574.62,16F0,3,131,90,0.0
1788094574.65,1704,0,0,90,0.0
1788094574.65,0110,0,171,90,0.0
1788094574.68,1706,128,0,90,0.0
1788094574.70,010B,31,0,90,0.0
1788094574.71,1709,0,0,90,0.0
1788094574.75,1717,1,0,90,0.0
1788094574.75,0110,0,171,90,0.0
1788094574.78,1718,1,0,90,0.0
1788094574.80,010B,31,0,90,0.0
1788094574.81,1746,0,0,90,0.0
1788094574.84,1782,136,128,90,0.0
1788094574.85,0110,0,173,90,0.0
1788094574.87,1783,110,192,90,0.0
1788094574.90,010B,31,0,90,0.0
1788094574.91,17A0,32,0,90,0.0
1788094574.94,17A6,0,0,90,0.0
1788094574.95,0110,0,168,90,0.0
1788094574.97,17B0,18,0,90,0.0
1788094575.00,17B1,32,0,90,0.0
1788094575.04,17B2,4,0,90,0.0
1788094575.05,0110,0,171,90,0.0
1788094575.07,17B3,138,0,90,0.0
1788094575.11,17B5,80,0,90,0.0
1788094575.14,17B6,0,0,90,0.0
1788094575.15,0110,0,173,90,0.0
1788094575.17,17B8,238,0,90,0.0
1788094575.20,17BA,0,0,90,0.0
1788094575.23,17BB,0,0,90,0.0
1788094575.25,0110,0,166,90,0.0
1788094575.27,17BC,0,0,90,0.0
1788094575.31,17BD,48,0,90,0.0
1788094575.34,17BE,0,0,90,0.0
1788094575.35,0110,0,171,90,0.0
1788094575.37,17C1,234,0,90,0.0
1788094575.40,3201,23,112,90,0.0
1788094575.43,990A,44,0,90,0.0
1788094575.45,0110,0,175,90,0.0
1788094575.46,17B3,138,0,90,0.0
1788094575.47,996E,13,92,90,0.0
1788094575.50,A211,0,0,90,0.0
1788094575.50,010B,31,0,90,0.0
1788094575.53,D100,129,0,90,0.0
1788094575.55,0110,0,166,90,0.0
1788094575.57,E21B,90,74,90,0.0
1788094575.59,E21C,49,56,90,0.0
1788094575.60,010B,31,0,90,0.0
1788094575.63,E21D,56,56,90,0.0
1788094575.65,0110,0,173,90,0.0
1788094575.66,E21E,70,0,90,0.0
1788094575.70,E6F0,90,74,90,0.0
1788094575.70,010B,31,0,90,0.0
1788094575.73,E6F2,240,0,90,0.0
1788094575.75,0110,0,168,90,0.0
1788094575.76,E6F3,240,0,90,0.0
1788094575.79,0105,130,0,90,0.0
1788094575.80,010B,31,0,90,0.0
1788094575.82,010F,105,0,90,0.0
1788094575.85,0110,0,168,90,0.0
1788094575.85,0110,0,168,90,0.0
1788094575.89,010B,31,0,90,0.0
1788094575.90,010B,31,0,90,0.0
1788094575.92,0106,130,0,90,0.0
1788094575.95,0107,128,0,90,0.0
1788094575.95,0110,0,166,90,0.0
1788094575.98,010E,147,0,90,0.0
1788094576.00,010B,31,0,90,0.0
1788094576.02,0142,53,2,90,0.0
1788094576.05,0000,190,63,90,0.0
1788094576.05,0110,0,171,90,0.0
1788094576.08,0002,0,0,90,0.0
1788094576.10,010B,31,0,90,0.0
1788094576.12,0003,2,0,90,0.0
1788094576.15,0005,130,0,90,0.0
1788094576.19,0006,130,0,90,0.0
1788094576.20,010B,31,0,90,0.0
1788094576.22,0007,128,0,90,0.0
1788094576.25,000B,31,0,90,0.0
1788094576.25,0110,0,173,90,0.0
1788094576.28,000C,10,233,90,0.0
1788094576.30,010B,31,0,90,0.0
1788094576.31,000D,0,0,90,0.0
1788094576.35,000E,148,0,90,0.0
1788094576.35,0110,0,175,90,0.0
1788094576.38,000F,105,0,90,0.0
1788094576.40,010B,31,0,90,0.0
1788094576.41,0010,0,168,90,0.0
1788094576.45,0011,30,0,90,0.0
1788094576.45,0110,0,168,90,0.0
1788094576.48,0013,1,0,90,0.0
1788094576.50,010B,32,0,90,0.0
1788094576.51,001C,10,0,90,0.0
1788094576.55,001F,0,97,90,0.0
1788094576.55,0110,1,89,90,0.0
1788094576.58,0020,128,21,90,0.0
1788094576.60,010B,36,0,90,0.0
1788094576.61,0021,0,0,90,0.0
1788094576.64,002C,0,0,90,0.0
1788094576.65,0110,1,57,90,0.0
1788094576.67,002E,0,0,90,0.0
1788094576.70,010B,38,0,90,0.0
1788094576.71,0030,255,0,90,0.0
1788094576.74,003C,21,223,90,0.0
1788094576.75,0110,0,251,90,0.0
1788094576.77,0040,104,0,90,0.0
1788094576.80,0042,53,27,90,0.0
1788094576.83,0043,0,63,90,0.0
1788094576.85,0110,0,254,90,0.0
1788094576.87,0200,0,0,90,0.0
1788094576.90,0202,0,0,90,0.0
1788094576.90,010B,38,0,90,0.0
1788094576.94,0900,5,225,90,0.0
1788094576.95,0110,0,248,90,0.0
1788094576.97,0968,0,0,90,0.0
1788094577.00,096E,11,84,90,0.0
1788094577.00,010B,39,0,90,0.0
1788094577.03,097C,108,135,90,0.0
1788094577.05,0110,1,71,90,0.0
1788094577.07,098E,0,0,90,0.0
1788094577.10,1101,1,0,90,0.0
1788094577.10,010B,40,0,90,0.0
1788094577.13,1103,0,0,90,0.0
1788094577.15,0110,1,14,90,0.0
1788094577.16,1104,1,0,90,0.0
1788094577.19,114A,40,0,90,0.0
1788094577.20,010B,41,0,90,0.0
1788094577.23,114D,35,64,90,0.0
1788094577.25,0110,1,4,90,0.0
1788094577.26,1153,56,232,90,0.0
1788094577.29,1154,29,192,90,0.0
1788094577.30,010B,41,0,90,0.0
1788094577.32,1169,29,189,90,0.0
1788094577.35,1173,3,132,90,0.0
1788094577.39,1177,20,160,90,0.0
1788094577.40,010B,41,0,90,0.0
1788094577.42,1410,1,46,90,0.0
1788094577.45,1631,1,0,90,0.0
1788094577.45,0110,1,47,90,0.0
1788094577.46,17B3,138,0,90,0.0
1788094577.48,1678,0,0,90,0.0
1788094577.50,010B,42,0,90,0.0
1788094577.51,1681,0,0,90,0.0
1788094577.55,16CD,0,0,90,0.0
1788094577.55,0110,1,11,90,0.0
1788094577.58,16CE,255,255,90,0.0
1788094577.60,010B,42,0,90,0.0
1788094577.61,16CF,13,192,90,0.0
1788094577.64,16E8,79,47,90,0.0
1788094577.65,0110,1,4,90,0.0
1788094577.67,16E9,0,114,90,0.0
1788094577.70,010B,42,0,90,0.0
1788094577.71,16F0,3,131,90,0.0
1788094577.74,1704,0,0,90,0.0
1788094577.75,0110,1,14,90,0.0
1788094577.77,1706,128,0,90,0.0
1788094577.80,1709,0,0,90,0.0
1788094577.83,1717,1,0,90,0.0
1788094577.85,0110,1,11,90,0.0
1788094577.87,1718,1,0,90,0.0
1788094577.91,1746,0,0,90,0.0
1788094577.94,1782,136,128,90,0.0
1788094577.95,0110,1,11,90,0.0
1788094577.97,1783,110,192,90,0.0
1788094578.00,17A0,32,0,90,0.0
1788094578.03,17A6,0,0,90,0.0
1788094578.05,0110,1,8,90,0.0
1788094578.07,17B0,20,0,90,0.0
1788094578.10,17B1,32,0,90,0.0
1788094578.10,010B,42,0,90,0.0
1788094578.13,17B2,4,0,90,0.0
1788094578.15,0110,1,8,90,0.0
1788094578.16,17B3,138,0,90,0.0
1788094578.20,17B5,80,0,90,0.0
1788094578.20,010B,42,0,90,0.0
1788094578.23,17B6,0,0,90,0.0
1788094578.25,0110,1,14,90,0.0
1788094578.27,17B8,238,0,90,0.0
1788094578.30,17BA,0,0,90,0.0
1788094578.30,010B,42,0,90,0.0
1788094578.33,17BB,0,0,90,0.0
1788094578.35,0110,1,11,90,0.0
1788094578.36,17BC,0,0,90,0.0
1788094578.39,17BD,48,0,90,0.0
1788094578.40,010B,42,0,90,0.0
1788094578.43,17BE,0,0,90,0.0
1788094578.45,0110,1,11,90,0.0
1788094578.46,17C1,234,0,90,0.0
1788094578.49,3201,23,112,90,0.0
1788094578.50,010B,43,0,90,0.0
1788094578.53,990A,45,0,90,0.0
1788094578.55,0110,1,14,90,0.0
1788094578.56,996E,13,32,90,0.0
1788094578.59,A211,0,0,90,0.0
1788094578.60,010B,43,0,90,0.0
1788094578.63,D100,129,0,90,0.0
1788094578.66,E21B,90,74,90,0.0
1788094578.69,E21C,49,56,90,0.0
1788094578.70,010B,43,0,90,0.0
1788094578.72,E21D,56,56,90,0.0
1788094578.75,E21E,70,0,90,0.0
1788094578.79,E6F0,90,74,90,0.0
1788094578.80,010B,43,0,90,0.0
1788094578.82,E6F2,240,0,90,0.0
1788094578.85,E6F3,240,0,90,0.0
1788094578.85,0110,1,20,90,0.0
1788094578.88,0105,130,0,90,0.0
1788094578.90,010B,43,0,90,0.0
1788094578.91,010F,105,0,90,0.0
1788094578.94,0110,1,11,90,0.0
1788094578.95,0110,1,14,90,0.0
1788094578.98,010B,43,0,90,0.0
1788094579.00,010B,43,0,90,0.0
1788094579.01,0106,129,0,90,0.0
1788094579.04,0107,128,0,90,0.0
1788094579.05,0110,1,24,90,0.0
1788094579.07,010E,145,0,90,0.0
1788094579.10,010B,44,0,90,0.0
1788094579.11,0142,52,137,90,0.0
1788094579.15,0000,190,63,90,0.0
1788094579.15,0110,1,17,90,0.0
1788094579.18,0002,0,0,90,0.0
1788094579.20,010B,44,0,90,0.0
1788094579.21,0003,2,0,90,0.0
1788094579.24,0005,130,0,90,0.0
1788094579.25,0110,1,24,90,0.0
1788094579.27,0006,130,0,90,0.0
1788094579.30,010B,44,0,90,0.0
1788094579.31,0007,128,0,90,0.0
1788094579.34,000B,44,0,90,0.0
1788094579.35,0110,1,20,90,0.0
1788094579.38,000C,11,101,90,0.0
1788094579.40,010B,44,0,90,0.0
1788094579.41,000D,0,0,90,0.0
1788094579.44,000E,143,0,90,0.0
1788094579.45,0110,1,24,90,0.0
1788094579.46,17B3,138,0,90,0.0
1788094579.47,000F,105,0,90,0.0
1788094579.51,0010,1,17,90,0.0
1788094579.54,0011,30,0,90,0.0
1788094579.55,0110,1,17,90,0.0
1788094579.57,0013,1,0,90,0.0
1788094579.60,001C,10,0,90,0.0
1788094579.63,001F,0,100,90,0.0
1788094579.65,0110,1,20,90,0.0
1788094579.66,0020,128,21,90,0.0
1788094579.70,0021,0,0,90,0.0
1788094579.70,010B,44,0,90,0.0
1788094579.73,002C,0,0,90,0.0
1788094579.75,0110,1,24,90,0.0
1788094579.76,002E,0,0,90,0.0
1788094579.79,0030,255,0,90,0.0
1788094579.80,010B,44,0,90,0.0
1788094579.83,003C,21,218,90,0.0
1788094579.85,0110,1,24,90,0.0
1788094579.86,0040,104,0,90,0.0
1788094579.90,0042,52,221,90,0.0
1788094579.90,010B,45,0,90,0.0
1788094579.93,0043,0,73,90,0.0
1788094579.95,0110,1,24,90,0.0
1788094579.96,0200,0,0,90,0.0
1788094579.99,0202,0,0,90,0.0
1788094580.00,010B,44,0,90,0.0
1788094580.03,0900,6,89,90,0.0
1788094580.05,0110,1,24,90,0.0
1788094580.06,0968,0,0,90,0.0
1788094580.09,096E,11,74,90,0.0
1788094580.10,010B,45,0,90,0.0
1788094580.12,097C,108,137,90,0.0
1788094580.15,098E,0,0,90,0.0
1788094580.19,1101,1,0,90,0.0
1788094580.20,010B,44,0,90,0.0
1788094580.22,1103,4,0,90,0.0
1788094580.26,1104,1,0,90,0.0
1788094580.29,114A,40,0,90,0.0
1788094580.30,010B,45,0,90,0.0
1788094580.32,114D,35,0,90,0.0
1788094580.35,1153,61,130,90,0.0
1788094580.38,1154,29,192,90,0.0
1788094580.40,010B,44,0,90,0.0
1788094580.42,1169,29,189,90,0.0
1788094580.45,1173,0,105,90,0.0
1788094580.45,0110,1,17,90,0.0
1788094580.49,1177,20,220,90,0.0
1788094580.50,010B,44,0,90,0.0
1788094580.51,1410,1,74,90,0.0
1788094580.54,1631,1,0,90,0.0
1788094580.55,0110,1,24,90,0.0
1788094580.59,1678,0,0,90,0.0
1788094580.60,010B,44,0,90,0.0
1788094580.62,1681,0,0,90,0.0
1788094580.65,16CD,0,0,90,0.0
1788094580.65,0110,1,14,90,0.0
1788094580.68,16CE,255,254,90,0.0
1788094580.70,010B,44,0,90,0.0
1788094580.71,16CF,13,135,90,0.0
1788094580.74,16E8,86,103,90,0.0
1788094580.75,0110,1,17,90,0.0
1788094580.78,16E9,0,117,90,0.0
1788094580.80,010B,44,0,90,0.0
1788094580.81,16F0,3,131,90,0.0
1788094580.84,1704,0,0,90,0.0
1788094580.85,0110,1,14,90,0.0
1788094580.87,1706,128,0,90,0.0
1788094580.91,1709,0,0,90,0.0
1788094580.94,1717,1,0,90,0.0
1788094580.95,0110,1,14,90,0.0
1788094580.97,1718,1,0,90,0.0
1788094581.00,1746,0,0,90,0.0
1788094581.03,1782,136,64,90,0.0
1788094581.05,0110,1,11,90,0.0
1788094581.06,1783,110,192,90,0.0
1788094581.10,17A0,32,0,90,0.0
1788094581.10,010B,44,0,90,0.0
1788094581.14,17A6,0,0,90,0.0
1788094581.15,0110,1,11,90,0.0
1788094581.17,17B0,19,0,90,0.0
1788094581.20,17B1,32,0,90,0.0
1788094581.23,17B2,4,0,90,0.0
1788094581.25,0110,1,8,90,0.0
1788094581.26,17B3,138,0,90,0.0
1788094581.30,17B5,80,0,90,0.0
1788094581.30,010B,44,0,90,0.0
1788094581.33,17B6,0,0,90,0.0
1788094581.35,0110,1,1,90,0.0
1788094581.36,17B8,238,0,90,0.0
1788094581.39,17BA,0,0,90,0.0
1788094581.40,010B,43,0,90,0.0
1788094581.42,17BB,0,0,90,0.0
1788094581.45,0110,1,11,90,0.0
1788094581.46,17B3,138,0,90,0.0
1788094581.49,17BD,48,0,90,0.0
1788094581.50,010B,43,0,90,0.0
1788094581.52,17BE,0,0,90,0.0
1788094581.55,0110,1,1,90,0.0
1788094581.59,3201,23,112,90,0.0
1788094581.60,010B,43,0,90,0.0
1788094581.62,990A,46,0,90,0.0
1788094581.66,996E,12,228,90,0.0
1788094581.69,A211,0,0,90,0.0
1788094581.70,010B,43,0,90,0.0
1788094581.72,D100,129,0,90,0.0
1788094581.75,E21B,90,74,90,0.0
1788094581.78,E21C,49,56,90,0.0
1788094581.80,010B,43,0,90,0.0
1788094581.82,E21D,56,56,90,0.0
1788094581.85,E21E,70,0,90,0.0
1788094581.85,0110,1,14,90,0.0
1788094581.88,E6F0,90,74,90,0.0
1788094581.90,010B,43,0,90,0.0
1788094581.91,E6F2,240,0,90,0.0
1788094581.95,E6F3,240,0,90,0.0
1788094581.98,0105,130,0,90,0.0
1788094582.00,010B,43,0,90,0.0
1788094582.01,010F,105,0,90,0.0
1788094582.04,0110,1,1,90,0.0
1788094582.05,0110,0,254,90,0.0
1788094582.08,010B,43,0,90,0.0
1788094582.10,010B,43,0,90,0.0
1788094582.12,0106,130,0,90,0.0
1788094582.15,0107,128,0,90,0.0
1788094582.15,0110,1,1,90,0.0
1788094582.18,010E,141,0,90,0.0
1788094582.20,010B,43,0,90,0.0
1788094582.21,0142,52,242,90,0.0
1788094582.25,0000,190,63,90,0.0
1788094582.25,0110,1,4,90,0.0
1788094582.28,0002,0,0,90,0.0
1788094582.30,010B,43,0,90,0.0
1788094582.32,0003,2,0,90,0.0
1788094582.35,0005,130,0,90,0.0
1788094582.38,0006,129,0,90,0.0
1788094582.40,010B,43,0,90,0.0
1788094582.42,0007,128,0,90,0.0
1788094582.45,000B,43,0,90,0.0
1788094582.45,0110,1,14,90,0.0
1788094582.48,000C,11,65,90,0.0
1788094582.50,010B,43,0,90,0.0
1788094582.51,000D,0,0,90,0.0
1788094582.54,000E,142,0,90,0.0
1788094582.55,0110,1,4,90,0.0
1788094582.58,000F,105,0,90,0.0
1788094582.60,010B,43,0,90,0.0
1788094582.62,0010,1,14,90,0.0
1788094582.65,0011,30,0,90,0.0
1788094582.65,0110,1,14,90,0.0
1788094582.68,0013,1,0,90,0.0
1788094582.70,010B,43,0,90,0.0
1788094582.71,001C,10,0,90,0.0
1788094582.75,001F,0,104,90,0.0
1788094582.75,0110,1,11,90,0.0
1788094582.78,0020,128,21,90,0.0
1788094582.80,010B,43,0,90,0.0
1788094582.81,0021,0,0,90,0.0
1788094582.84,002C,0,0,90,0.0
1788094582.85,0110,1,11,90,0.0
1788094582.87,002E,0,0,90,0.0
1788094582.90,010B,43,0,90,0.0
1788094582.91,0030,255,0,90,0.0
1788094582.95,003C,21,215,90,0.0
1788094582.95,0110,1,4,90,0.0
1788094582.98,0040,104,0,90,0.0
1788094583.00,010B,43,0,90,0.0
1788094583.01,0042,52,245,90,0.0
1788094583.04,0043,0,70,90,0.0
1788094583.05,0110,0,254,90,0.0
1788094583.07,0200,0,0,90,0.0
1788094583.10,010B,43,0,90,0.0
1788094583.11,0202,0,0,90,0.0
1788094583.14,0900,6,59,90,0.0
1788094583.15,0110,1,8,90,0.0
1788094583.17,0968,0,0,90,0.0
1788094583.20,096E,11,24,90,0.0
1788094583.23,097C,108,138,90,0.0
1788094583.25,0110,1,8,90,0.0
1788094583.26,098E,0,0,90,0.0
1788094583.30,1101,1,0,90,0.0
1788094583.34,1103,4,0,90,0.0
1788094583.35,0110,1,11,90,0.0
1788094583.37,1104,1,0,90,0.0
1788094583.40,114A,40,0,90,0.0
1788094583.40,010B,43,0,90,0.0
1788094583.43,114D,35,0,90,0.0
1788094583.45,0110,1,11,90,0.0
1788094583.46,17B3,138,0,90,0.0
1788094583.46,1153,59,61,90,0.0
1788094583.50,1154,29,192,90,0.0
1788094583.50,010B,43,0,90,0.0
1788094583.53,1169,29,189,90,0.0
1788094583.55,0110,1,1,90,0.0
1788094583.56,1173,1,119,90,0.0
1788094583.59,1177,20,200,90,0.0
1788094583.60,010B,43,0,90,0.0
1788094583.62,1410,1,64,90,0.0
1788094583.65,0110,1,8,90,0.0
1788094583.66,1631,1,0,90,0.0
1788094583.69,1678,0,0,90,0.0
1788094583.70,010B,43,0,90,0.0
1788094583.73,1681,0,0,90,0.0
1788094583.75,0110,0,254,90,0.0
1788094583.76,16CD,0,0,90,0.0
1788094583.79,16CE,255,252,90,0.0
1788094583.80,010B,43,0,90,0.0
1788094583.82,16CF,13,90,90,0.0
1788094583.86,16E8,84,198,90,0.0
1788094583.89,16E9,0,116,90,0.0
1788094583.90,010B,43,0,90,0.0
1788094583.92,16F0,3,131,90,0.0
1788094583.95,1704,0,0,90,0.0
1788094583.98,1706,128,0,90,0.0
1788094584.00,010B,43,0,90,0.0
1788094584.02,1709,0,0,90,0.0
1788094584.05,1717,1,0,90,0.0
1788094584.05,0110,1,1,90,0.0
1788094584.08,1718,1,0,90,0.0
1788094584.10,010B,43,0,90,0.0
1788094584.11,1746,0,0,90,0.0
1788094584.15,1782,136,64,90,0.0
1788094584.18,1783,110,192,90,0.0
1788094584.20,010B,43,0,90,0.0
1788094584.21,17A0,32,0,90,0.0
1788094584.25,17A6,0,0,90,0.0
1788094584.25,0110,0,254,90,0.0
1788094584.28,17B0,19,0,90,0.0
1788094584.30,010B,43,0,90,0.0
1788094584.31,17B1,32,0,90,0.0
1788094584.35,17B2,4,0,90,0.0
1788094584.35,0110,0,251,90,0.0
1788094584.38,17B3,138,0,90,0.0
1788094584.40,010B,43,0,90,0.0
1788094584.41,17B5,80,0,90,0.0
1788094584.44,17B6,0,0,90,0.0
1788094584.45,0110,1,1,90,0.0
1788094584.47,17B8,238,0,90,0.0
1788094584.50,17BA,0,0,90,0.0
1788094584.54,17BB,0,0,90,0.0
1788094584.55,0110,0,254,90,0.0
1788094584.57,17BC,0,0,90,0.0
1788094584.61,17BD,48,0,90,0.0
1788094584.64,17BE,0,0,90,0.0
1788094584.65,0110,1,4,90,0.0
1788094584.67,17C1,234,0,90,0.0
1788094584.70,3201,23,112,90,0.0
1788094584.74,990A,47,0,90,0.0
1788094584.75,0110,1,1,90,0.0
1788094584.77,996E,12,168,90,0.0
1788094584.80,A211,0,0,90,0.0
1788094584.80,010B,43,0,90,0.0
1788094584.83,D100,129,0,90,0.0
1788094584.85,0110,0,254,90,0.0
1788094584.86,E21B,90,74,90,0.0
1788094584.90,E21C,49,56,90,0.0
1788094584.90,010B,43,0,90,0.0
1788094584.93,E21D,56,56,90,0.0
1788094584.95,0110,1,1,90,0.0
1788094584.96,E21E,70,0,90,0.0
1788094584.99,E6F0,90,74,90,0.0
1788094585.00,010B,43,0,90,0.0
1788094585.02,E6F2,240,0,90,0.0
1788094585.05,0110,0,254,90,0.0
1788094585.06,E6F3,240,0,90,0.0
1788094585.09,0105,130,0,90,0.0
1788094585.10,010B,43,0,90,0.0
1788094585.12,010F,105,0,90,0.0
1788094585.15,0110,1,1,90,0.0
1788094585.15,0110,1,1,90,0.0
1788094585.19,010B,43,0,90,0.0
1788094585.20,010B,43,0,90,0.0
1788094585.22,0106,131,0,90,0.0
1788094585.25,0107,128,0,90,0.0
1788094585.28,010E,146,0,90,0.0
1788094585.30,010B,44,0,90,0.0
1788094585.32,0142,52,237,90,0.0
1788094585.35,0000,190,63,90,0.0
1788094585.39,0002,0,0,90,0.0
1788094585.40,010B,44,0,90,0.0
1788094585.42,0003,2,0,90,0.0
1788094585.46,0005,130,0,90,0.0
1788094585.49,0006,131,0,90,0.0
1788094585.50,010B,44,0,90,0.0
1788094585.52,0007,128,0,90,0.0
1788094585.55,000B,44,0,90,0.0
1788094585.58,000C,10,247,90,0.0
1788094585.60,010B,44,0,90,0.0
1788094585.62,000D,0,0,90,0.0
1788094585.65,000E,145,0,90,0.0
1788094585.65,0110,1,1,90,0.0
1788094585.68,000F,105,0,90,0.0
1788094585.70,010B,44,0,90,0.0
1788094585.71,0010,0,254,90,0.0
1788094585.74,0011,30,0,90,0.0
1788094585.75,0110,1,1,90,0.0
1788094585.78,0013,1,0,90,0.0
1788094585.80,010B,44,0,90,0.0
1788094585.81,001C,10,0,90,0.0
1788094585.84,001F,0,107,90,0.0
1788094585.85,0110,1,4,90,0.0
1788094585.87,0020,128,21,90,0.0
1788094585.90,0021,0,0,90,0.0
1788094585.94,002C,0,0,90,0.0
1788094585.95,0110,0,251,90,0.0
1788094585.97,002E,0,0,90,0.0
1788094586.00,0030,255,0,90,0.0
1788094586.00,010B,43,0,90,0.0
1788094586.03,003C,21,212,90,0.0
1788094586.05,0110,0,254,90,0.0
1788094586.06,0040,104,0,90,0.0
1788094586.10,0042,52,234,90,0.0
1788094586.10,010B,44,0,90,0.0
1788094586.13,0043,0,70,90,0.0
1788094586.15,0110,0,254,90,0.0
1788094586.16,0200,0,0,90,0.0
1788094586.19,0202,0,0,90,0.0
1788094586.20,010B,43,0,90,0.0
1788094586.23,0900,6,64,90,0.0
1788094586.25,0110,0,254,90,0.0
1788094586.26,0968,0,0,90,0.0
1788094586.30,096E,10,240,90,0.0
1788094586.30,010B,43,0,90,0.0
1788094586.33,097C,108,140,90,0.0
1788094586.35,0110,0,254,90,0.0
1788094586.36,098E,0,0,90,0.0
1788094586.39,1101,1,0,90,0.0
1788094586.40,010B,43,0,90,0.0
1788094586.42,1103,4,0,90,0.0
1788094586.45,0110,0,251,90,0.0
1788094586.46,1104,1,0,90,0.0
1788094586.49,114A,40,0,90,0.0
1788094586.50,010B,43,0,90,0.0
1788094586.52,114D,35,0,90,0.0
1788094586.55,1153,58,57,90,0.0
1788094586.59,1154,29,192,90,0.0
1788094586.60,010B,43,0,90,0.0
1788094586.62,1169,29,189,90,0.0
1788094586.66,1173,0,130,90,0.0
1788094586.69,1177,20,160,90,0.0
1788094586.70,010B,43,0,90,0.0
1788094586.72,1410,1,64,90,0.0
1788094586.75,1631,1,0,90,0.0
1788094586.78,1678,0,0,90,0.0
1788094586.80,010B,43,0,90,0.0
1788094586.82,1681,0,0,90,0.0
1788094586.85,16CD,0,0,90,0.0
1788094586.85,0110,1,1,90,0.0
1788094586.88,16CE,255,253,90,0.0
1788094586.90,010B,43,0,90,0.0
1788094586.91,16CF,13,83,90,0.0
1788094586.94,16E8,91,132,90,0.0
1788094586.95,0110,1,1,90,0.0
1788094586.98,16E9,0,117,90,0.0
1788094587.00,010B,43,0,90,0.0
1788094587.01,16F0,3,131,90,0.0
1788094587.04,1704,0,0,90,0.0
1788094587.05,0110,1,1,90,0.0
1788094587.07,1706,128,0,90,0.0
1788094587.10,1709,0,0,90,0.0
1788094587.14,1717,1,0,90,0.0
1788094587.15,0110,1,1,90,0.0
1788094587.17,1718,1,0,90,0.0
1788094587.20,1746,0,0,90,0.0
1788094587.20,010B,43,0,90,0.0
1788094587.23,1782,136,64,90,0.0
1788094587.25,0110,1,1,90,0.0
1788094587.26,1783,110,192,90,0.0
1788094587.30,17A0,32,0,90,0.0
1788094587.34,17A6,0,0,90,0.0
1788094587.35,0110,1,1,90,0.0
1788094587.37,17B0,19,0,90,0.0
1788094587.40,17B1,32,0,90,0.0
1788094587.40,010B,43,0,90,0.0
1788094587.43,17B2,4,0,90,0.0
1788094587.45,0110,1,4,90,0.0
1788094587.46,17B3,138,0,90,0.0
1788094587.46,17B3,138,0,90,0.0
1788094587.50,17B5,80,0,90,0.0
1788094587.50,010B,43,0,90,0.0
1788094587.53,17B6,0,0,90,0.0
1788094587.55,0110,1,1,90,0.0
1788094587.56,17B8,238,0,90,0.0
1788094587.59,17BA,0,0,90,0.0
1788094587.60,010B,43,0,90,0.0
1788094587.62,17BB,0,0,90,0.0
1788094587.65,0110,0,248,90,0.0
1788094587.66,17BC,0,0,90,0.0
1788094587.69,17BD,48,0,90,0.0
1788094587.70,010B,43,0,90,0.0
1788094587.73,17BE,0,0,90,0.0
1788094587.75,0110,0,251,90,0.0
1788094587.76,17C1,234,0,90,0.0
1788094587.79,3201,23,112,90,0.0
1788094587.80,010B,43,0,90,0.0
1788094587.82,990A,47,0,90,0.0
1788094587.86,996E,12,128,90,0.0
1788094587.89,A211,0,0,90,0.0
1788094587.90,010B,43,0,90,0.0
1788094587.92,D100,129,0,90,0.0
1788094587.95,E21B,90,74,90,0.0
1788094587.98,E21C,49,56,90,0.0
1788094588.00,010B,43,0,90,0.0
1788094588.02,E21D,56,56,90,0.0
1788094588.05,E21E,70,0,90,0.0
1788094588.05,0110,1,1,90,0.0
1788094588.08,E6F0,90,74,90,0.0
1788094588.10,010B,43,0,90,0.0
1788094588.11,E6F2,240,0,90,0.0
1788094588.14,E6F3,240,0,90,0.0
1788094588.15,0110,1,8,90,0.0
1788094588.18,0105,130,0,90,0.0
1788094588.20,010B,43,0,90,0.0
1788094588.21,010F,105,0,90,0.0
1788094588.24,0110,0,251,90,0.0
1788094588.25,0110,1,1,90,0.0
1788094588.27,010B,43,0,90,0.0
1788094588.30,010B,43,0,90,0.0
1788094588.31,0106,130,0,90,0.0
1788094588.34,0107,128,0,90,0.0
1788094588.35,0110,1,4,90,0.0
1788094588.37,010E,143,0,90,0.0
1788094588.40,010B,43,0,90,0.0
1788094588.40,0142,52,232,90,0.0
1788094588.44,0000,190,63,90,0.0
1788094588.45,0110,0,251,90,0.0
1788094588.47,0002,0,0,90,0.0
1788094588.50,0003,2,0,90,0.0
1788094588.54,0005,130,0,90,0.0
1788094588.55,0110,0,251,90,0.0
1788094588.57,0006,130,0,90,0.0
1788094588.60,0007,128,0,90,0.0
1788094588.60,010B,43,0,90,0.0
1788094588.64,000B,43,0,90,0.0
1788094588.65,0110,0,254,90,0.0
1788094588.67,000C,10,247,90,0.0
1788094588.70,000D,0,0,90,0.0
1788094588.74,000E,143,0,90,0.0
1788094588.75,0110,1,1,90,0.0
1788094588.77,000F,105,0,90,0.0
1788094588.80,0010,0,248,90,0.0
1788094588.80,010B,43,0,90,0.0
1788094588.83,0011,30,0,90,0.0
1788094588.85,0110,1,1,90,0.0
1788094588.86,0013,1,0,90,0.0
1788094588.90,001C,10,0,90,0.0
1788094588.90,010B,43,0,90,0.0
1788094588.93,001F,0,110,90,0.0
1788094588.95,0110,0,254,90,0.0
1788094588.96,0020,128,21,90,0.0
1788094588.99,0021,0,0,90,0.0
1788094589.00,010B,43,0,90,0.0
1788094589.03,002C,0,0,90,0.0
1788094589.05,0110,0,251,90,0.0
1788094589.06,002E,0,0,90,0.0
1788094589.10,0030,255,0,90,0.0
1788094589.10,010B,43,0,90,0.0
1788094589.13,003C,21,208,90,0.0
1788094589.15,0110,0,248,90,0.0
1788094589.17,0040,104,0,90,0.0
1788094589.20,0042,52,245,90,0.0
1788094589.20,010B,43,0,90,0.0
1788094589.23,0043,0,69,90,0.0
1788094589.25,0110,0,254,90,0.0
1788094589.26,0200,0,0,90,0.0
1788094589.30,0202,0,0,90,0.0
1788094589.30,010B,43,0,90,0.0
1788094589.33,0900,6,64,90,0.0
1788094589.35,0110,0,254,90,0.0
1788094589.36,0968,0,0,90,0.0
1788094589.39,096E,10,240,90,0.0
1788094589.40,010B,43,0,90,0.0
1788094589.42,097C,108,141,90,0.0
1788094589.45,0110,0,254,90,0.0
1788094589.46,098E,0,0,90,0.0
1788094589.49,1101,1,0,90,0.0
1788094589.50,010B,43,0,90,0.0
1788094589.52,1103,4,0,90,0.0
1788094589.55,1104,1,0,90,0.0
1788094589.59,114A,40,0,90,0.0
1788094589.60,010B,43,0,90,0.0
1788094589.62,114D,35,0,90,0.0
1788094589.66,1153,57,172,90,0.0
1788094589.69,1154,29,192,90,0.0
1788094589.70,010B,43,0,90,0.0
1788094589.72,1169,29,189,90,0.0
1788094589.75,1173,0,110,90,0.0
1788094589.78,1177,20,160,90,0.0
1788094589.80,010B,43,0,90,0.0
1788094589.82,1410,1,61,90,0.0
1788094589.85,1631,1,0,90,0.0
1788094589.85,0110,1,1,90,0.0
1788094589.88,1678,0,0,90,0.0
1788094589.90,010B,43,0,90,0.0
1788094589.91,1681,0,0,90,0.0
1788094589.94,16CD,0,0,90,0.0
1788094589.95,0110,0,254,90,0.0
1788094589.98,16CE,255,251,90,0.0
1788094590.00,010B,43,0,90,0.0
1788094590.01,16CF,13,161,90,0.0
1788094590.04,16E8,93,79,90,0.0
1788094590.05,0110,1,1,90,0.0
1788094590.07,16E9,0,116,90,0.0
1788094590.10,16F0,3,131,90,0.0
1788094590.10,010B,43,0,90,0.0
1788094590.14,1704,0,0,90,0.0
1788094590.15,0110,1,1,90,0.0
1788094590.17,1706,128,0,90,0.0
1788094590.20,1709,0,0,90,0.0
1788094590.20,010B,43,0,90,0.0
1788094590.23,1717,1,0,90,0.0
1788094590.25,0110,0,254,90,0.0
1788094590.26,1718,1,0,90,0.0
1788094590.30,1746,0,0,90,0.0
1788094590.30,010B,43,0,90,0.0
1788094590.34,1782,136,0,90,0.0
1788094590.35,0110,1,8,90,0.0
1788094590.37,1783,110,192,90,0.0
1788094590.40,17A0,32,0,90,0.0
1788094590.40,010B,43,0,90,0.0
1788094590.43,17A6,0,0,90,0.0
1788094590.45,0110,1,1,90,0.0
1788094590.46,17B0,19,0,90,0.0
1788094590.50,17B1,32,0,90,0.0
1788094590.50,010B,43,0,90,0.0
1788094590.53,17B2,4,0,90,0.0
1788094590.55,0110,1,1,90,0.0
1788094590.56,17B3,138,0,90,0.0
1788094590.59,17B5,80,0,90,0.0
1788094590.60,010B,43,0,90,0.0
1788094590.62,17B6,0,0,90,0.0
1788094590.65,0110,1,1,90,0.0
1788094590.66,17B8,238,0,90,0.0
1788094590.69,17BA,0,0,90,0.0
1788094590.70,010B,43,0,90,0.0
1788094590.72,17BB,0,0,90,0.0
1788094590.75,17BC,0,0,90,0.0
1788094590.79,17BD,48,0,90,0.0
1788094590.80,010B,43,0,90,0.0
1788094590.82,17BE,0,0,90,0.0
1788094590.86,17C1,234,0,90,0.0
1788094590.89,3201,23,112,90,0.0
1788094590.90,010B,43,0,90,0.0
1788094590.92,990A,48,0,90,0.0
1788094590.95,996E,12,108,90,0.0
1788094590.98,A211,0,0,90,0.0
1788094591.00,010B,43,0,90,0.0
1788094591.02,D100,129,0,90,0.0
1788094591.05,E21B,90,74,90,0.0
1788094591.05,0110,0,248,90,0.0
1788094591.08,E21C,49,56,90,0.0
1788094591.10,010B,43,0,90,0.0
1788094591.11,E21D,56,56,90,0.0
1788094591.14,E21E,70,0,90,0.0
1788094591.15,0110,0,254,90,0.0
1788094591.18,E6F0,90,74,90,0.0
1788094591.20,010B,43,0,90,0.0
1788094591.21,E6F2,240,0,90,0.0
1788094591.24,E6F3,240,0,90,0.0
1788094591.25,0110,1,8,90,0.0
1788094591.27,0105,130,0,90,0.0
1788094591.30,010B,43,0,90,0.0
1788094591.30,010F,105,0,90,0.0
1788094591.34,0110,0,254,90,0.0
1788094591.35,0110,0,251,90,0.0
1788094591.37,010B,43,0,90,0.0
1788094591.40,010B,43,0,90,0.0
1788094591.43,0107,128,0,90,0.0
1788094591.45,0110,0,254,90,0.0
1788094591.46,17B3,138,0,90,0.0
1788094591.47,010E,143,0,90,0.0
1788094591.50,0142,52,238,90,0.0
1788094591.50,010B,43,0,90,0.0
1788094591.54,0000,190,63,90,0.0
1788094591.55,0110,0,254,90,0.0
1788094591.57,0002,0,0,90,0.0
1788094591.60,0003,2,0,90,0.0
1788094591.60,010B,43,0,90,0.0
1788094591.63,0005,130,0,90,0.0
1788094591.65,0110,0,254,90,0.0
1788094591.66,0006,130,0,90,0.0
1788094591.70,0007,128,0,90,0.0
1788094591.70,010B,43,0,90,0.0
1788094591.74,000B,43,0,90,0.0
1788094591.75,0110,1,4,90,0.0
1788094591.77,000C,10,251,90,0.0
1788094591.80,000D,0,0,90,0.0
1788094591.80,010B,43,0,90,0.0
1788094591.83,000E,143,0,90,0.0
1788094591.85,0110,0,254,90,0.0
1788094591.86,000F,105,0,90,0.0
1788094591.90,0010,0,254,90,0.0
1788094591.90,010B,43,0,90,0.0
1788094591.93,0011,30,0,90,0.0
1788094591.95,0110,0,248,90,0.0
1788094591.96,0013,1,0,90,0.0
1788094591.99,001C,10,0,90,0.0
1788094592.00,010B,43,0,90,0.0
1788094592.02,001F,0,113,90,0.0
1788094592.05,0110,0,254,90,0.0
1788094592.06,0020,128,21,90,0.0
1788094592.09,0021,0,0,90,0.0
1788094592.10,010B,43,0,90,0.0
1788094592.12,002C,0,0,90,0.0
1788094592.15,002E,0,0,90,0.0
1788094592.18,0030,255,0,90,0.0
1788094592.20,010B,43,0,90,0.0
1788094592.22,003C,21,204,90,0.0
1788094592.25,0040,104,0,90,0.0
1788094592.25,0110,0,254,90,0.0
1788094592.29,0042,52,247,90,0.0
1788094592.30,010B,43,0,90,0.0
1788094592.32,0043,0,70,90,0.0
1788094592.35,0200,0,0,90,0.0
1788094592.38,0202,0,0,90,0.0
1788094592.40,010B,43,0,90,0.0
1788094592.42,0900,6,59,90,0.0
1788094592.45,0968,0,0,90,0.0
1788094592.45,0110,0,254,90,0.0
1788094592.48,096E,10,240,90,0.0
1788094592.50,010B,43,0,90,0.0
1788094592.51,097C,108,143,90,0.0
1788094592.55,098E,0,0,90,0.0
1788094592.55,0110,1,1,90,0.0
1788094592.58,1101,1,0,90,0.0
1788094592.60,010B,43,0,90,0.0
1788094592.62,1103,4,0,90,0.0
1788094592.65,1104,1,0,90,0.0
1788094592.65,0110,1,1,90,0.0
1788094592.68,114A,40,0,90,0.0
1788094592.70,010B,43,0,90,0.0
1788094592.71,114D,35,0,90,0.0
1788094592.74,1153,57,131,90,0.0
1788094592.75,0110,0,254,90,0.0
1788094592.78,1154,29,192,90,0.0
1788094592.81,1169,29,189,90,0.0
1788094592.84,1173,0,90,90,0.0
1788094592.85,0110,0,248,90,0.0
1788094592.87,1177,20,140,90,0.0
1788094592.90,1410,1,58,90,0.0
1788094592.94,1631,1,0,90,0.0
1788094592.95,0110,0,254,90,0.0
1788094592.97,1678,0,0,90,0.0
1788094593.00,1681,0,0,90,0.0
1788094593.00,010B,43,0,90,0.0
1788094593.03,16CD,0,0,90,0.0
1788094593.05,0110,0,251,90,0.0
1788094593.06,16CE,255,251,90,0.0
1788094593.10,16CF,13,119,90,0.0
1788094593.10,010B,43,0,90,0.0
1788094593.13,16E8,86,31,90,0.0
1788094593.15,0110,0,251,90,0.0
1788094593.16,16E9,0,116,90,0.0
1788094593.20,16F0,3,131,90,0.0
1788094593.20,010B,43,0,90,0.0
1788094593.23,1704,0,0,90,0.0
1788094593.25,0110,1,1,90,0.0
1788094593.26,1706,128,0,90,0.0
1788094593.30,1709,0,0,90,0.0
1788094593.30,010B,43,0,90,0.0
1788094593.33,1717,1,0,90,0.0
1788094593.35,0110,0,251,90,0.0
1788094593.36,1718,1,0,90,0.0
1788094593.39,1746,0,0,90,0.0
1788094593.40,010B,43,0,90,0.0
1788094593.42,1782,136,0,90,0.0
1788094593.45,0110,1,4,90,0.0
1788094593.46,17B3,138,0,90,0.0
1788094593.49,17A0,31,0,90,0.0
1788094593.50,010B,43,0,90,0.0
1788094593.52,17A6,0,0,90,0.0
1788094593.55,17B0,19,0,90,0.0
1788094593.59,17B1,32,0,90,0.0
1788094593.60,010B,43,0,90,0.0
1788094593.62,17B2,4,0,90,0.0
1788094593.66,17B3,138,0,90,0.0
1788094593.69,17B5,80,0,90,0.0
1788094593.70,010B,43,0,90,0.0
1788094593.72,17B6,0,0,90,0.0
1788094593.75,17B8,238,0,90,0.0
1788094593.78,17BA,0,0,90,0.0
1788094593.80,010B,43,0,90,0.0
1788094593.82,17BB,0,0,90,0.0
1788094593.85,17BC,0,0,90,0.0
1788094593.85,0110,0,251,90,0.0
1788094593.89,17BD,48,0,90,0.0
1788094593.90,010B,43,0,90,0.0
1788094593.92,17BE,0,0,90,0.0
1788094593.95,17C1,234,0,90,0.0
1788094593.98,3201,23,112,90,0.0
1788094594.00,010B,43,0,90,0.0
1788094594.02,990A,48,0,90,0.0
1788094594.05,996E,12,88,90,0.0
1788094594.05,0110,0,254,90,0.0
1788094594.08,A211,0,0,90,0.0
1788094594.10,010B,43,0,90,0.0
1788094594.11,D100,129,0,90,0.0
1788094594.14,E21B,90,74,90,0.0
1788094594.15,0110,0,254,90,0.0
1788094594.18,E21C,49,56,90,0.0
1788094594.20,010B,43,0,90,0.0
1788094594.21,E21D,56,56,90,0.0
1788094594.24,E21E,70,0,90,0.0
1788094594.25,0110,0,254,90,0.0
1788094594.27,E6F0,90,74,90,0.0
1788094594.30,010B,43,0,90,0.0
1788094594.30,E6F2,240,0,90,0.0
1788094594.34,E6F3,240,0,90,0.0
1788094594.35,0110,0,254,90,0.0
1788094594.37,0105,130,0,90,0.0
1788094594.40,010F,105,0,90,0.0
1788094594.40,010B,43,0,90,0.0
1788094594.43,0110,0,254,90,0.0
1788094594.45,0110,0,245,90,0.0
1788094594.46,010B,43,0,90,0.0
1788094594.50,0106,131,0,90,0.0
1788094594.50,010B,43,0,90,0.0
1788094594.53,0107,128,0,90,0.0
1788094594.55,0110,1,1,90,0.0
1788094594.56,010E,142,0,90,0.0
1788094594.60,0142,52,229,90,0.0
1788094594.60,010B,43,0,90,0.0
1788094594.63,0000,190,63,90,0.0
1788094594.65,0110,0,254,90,0.0
1788094594.66,0002,0,0,90,0.0
1788094594.70,0003,2,0,90,0.0
1788094594.70,010B,43,0,90,0.0
1788094594.73,0005,130,0,90,0.0
1788094594.75,0110,1,1,90,0.0
1788094594.77,0006,131,0,90,0.0
1788094594.80,0007,128,0,90,0.0
1788094594.80,010B,43,0,90,0.0
1788094594.83,000B,43,0,90,0.0
1788094594.85,0110,0,254,90,0.0
1788094594.86,000C,11,2,90,0.0
1788094594.90,000D,0,0,90,0.0
1788094594.90,010B,43,0,90,0.0
1788094594.93,000E,143,0,90,0.0
1788094594.95,0110,0,254,90,0.0
1788094594.96,000F,105,0,90,0.0
1788094594.99,0010,0,248,90,0.0
1788094595.00,010B,43,0,90,0.0
1788094595.02,0011,30,0,90,0.0
1788094595.05,0110,0,251,90,0.0
1788094595.09,001C,10,0,90,0.0
1788094595.10,010B,43,0,90,0.0
1788094595.12,001F,0,116,90,0.0
1788094595.15,0020,128,21,90,0.0
1788094595.18,0021,0,0,90,0.0
1788094595.20,010B,43,0,90,0.0
1788094595.22,002C,0,0,90,0.0
1788094595.25,002E,0,0,90,0.0
1788094595.25,0110,0,254,90,0.0
1788094595.28,0030,255,0,90,0.0
1788094595.30,010B,43,0,90,0.0
1788094595.31,003C,21,201,90,0.0
1788094595.35,0040,104,0,90,0.0
1788094595.38,0042,52,227,90,0.0
1788094595.40,010B,43,0,90,0.0
1788094595.42,0043,0,69,90,0.0
1788094595.45,0200,0,0,90,0.0
1788094595.45,0110,0,251,90,0.0
1788094595.48,0202,0,0,90,0.0
1788094595.50,010B,43,0,90,0.0
1788094595.51,0900,6,59,90,0.0
1788094595.54,0968,0,0,90,0.0
1788094595.55,0110,0,251,90,0.0
1788094595.58,096E,10,240,90,0.0
1788094595.60,010B,43,0,90,0.0
1788094595.61,097C,108,144,90,0.0
1788094595.64,098E,0,0,90,0.0
1788094595.65,0110,0,254,90,0.0
1788094595.67,1101,1,0,90,0.0
1788094595.70,010B,43,0,90,0.0
1788094595.71,1103,4,0,90,0.0
1788094595.74,1104,1,0,90,0.0
1788094595.75,0110,0,254,90,0.0
1788094595.78,114A,40,0,90,0.0
1788094595.81,114D,35,0,90,0.0
1788094595.84,1153,57,183,90,0.0
1788094595.85,0110,0,254,90,0.0
1788094595.87,1154,29,192,90,0.0
1788094595.90,1169,29,189,90,0.0
1788094595.94,1173,0,90,90,0.0
1788094595.95,0110,1,1,90,0.0
1788094595.97,1177,20,160,90,0.0
1788094596.00,1410,1,59,90,0.0
1788094596.00,010B,43,0,90,0.0
1788094596.03,1631,1,0,90,0.0
1788094596.05,0110,1,4,90,0.0
1788094596.06,1678,0,0,90,0.0
1788094596.10,1681,0,0,90,0.0
1788094596.10,010B,43,0,90,0.0
1788094596.13,16CD,0,0,90,0.0
1788094596.15,0110,0,254,90,0.0
1788094596.17,16CE,255,253,90,0.0
1788094596.20,16CF,13,169,90,0.0
1788094596.20,010B,43,0,90,0.0
1788094596.23,16E8,88,215,90,0.0
1788094596.25,0110,1,4,90,0.0
1788094596.26,16E9,0,116,90,0.0
1788094596.30,16F0,3,131,90,0.0
1788094596.30,010B,43,0,90,0.0
1788094596.33,1704,0,0,90,0.0
1788094596.35,0110,0,251,90,0.0
1788094596.36,1706,128,0,90,0.0
1788094596.39,1709,0,0,90,0.0
1788094596.40,010B,43,0,90,0.0
1788094596.42,1717,1,0,90,0.0
1788094596.45,0110,0,251,90,0.0
1788094596.46,1718,1,0,90,0.0
1788094596.50,1746,0,0,90,0.0
1788094596.50,010B,43,0,90,0.0
1788094596.53,1782,136,0,90,0.0
1788094596.55,0110,0,254,90,0.0
1788094596.56,1783,110,192,90,0.0
1788094596.59,17A0,31,0,90,0.0
1788094596.60,010B,43,0,90,0.0
1788094596.62,17A6,0,0,90,0.0
1788094596.66,17B0,19,0,90,0.0
1788094596.69,17B1,32,0,90,0.0
1788094596.70,010B,43,0,90,0.0
1788094596.72,17B2,4,0,90,0.0
1788094596.75,17B3,138,0,90,0.0
1788094596.75,0110,0,248,90,0.0
1788094596.78,17B5,80,0,90,0.0
1788094596.80,010B,43,0,90,0.0
1788094596.82,17B6,0,0,90,0.0
1788094596.85,17B8,238,0,90,0.0
1788094596.85,0110,1,4,90,0.0
1788094596.88,17BA,0,0,90,0.0
1788094596.90,010B,43,0,90,0.0
1788094596.91,17BB,0,0,90,0.0
1788094596.95,17BC,0,0,90,0.0
1788094596.98,17BD,48,0,90,0.0
1788094597.00,010B,43,0,90,0.0
1788094597.02,17BE,0,0,90,0.0
1788094597.05,17C1,234,0,90,0.0
1788094597.05,0110,1,1,90,0.0
1788094597.08,3201,23,112,90,0.0
1788094597.10,010B,43,0,90,0.0
1788094597.11,990A,48,0,90,0.0
1788094597.15,996E,12,88,90,0.0
1788094597.15,0110,0,254,90,0.0
1788094597.18,A211,0,0,90,0.0
1788094597.20,010B,43,0,90,0.0
1788094597.22,D100,129,0,90,0.0
1788094597.25,E21B,90,74,90,0.0
1788094597.25,0110,0,245,90,0.0
1788094597.28,E21C,49,56,90,0.0
1788094597.30,010B,43,0,90,0.0
1788094597.31,E21D,56,56,90,0.0
1788094597.34,E21E,70,0,90,0.0
1788094597.35,0110,1,4,90,0.0
1788094597.38,E6F0,90,74,90,0.0
1788094597.40,010B,43,0,90,0.0
1788094597.41,E6F2,240,0,90,0.0
1788094597.44,E6F3,240,0,90,0.0
1788094597.45,0110,0,251,90,0.0
1788094597.46,17B3,138,0,90,0.0
1788094597.47,0105,130,0,90,0.0
1788094597.50,010F,105,0,90,0.0
1788094597.50,010B,43,0,90,0.0
1788094597.53,0110,0,248,90,0.0
1788094597.55,0110,0,248,90,0.0
1788094597.57,010B,43,0,90,0.0
1788094597.60,0106,131,0,90,0.0
1788094597.60,010B,43,0,90,0.0
1788094597.63,0107,128,0,90,0.0
1788094597.65,0110,0,254,90,0.0
1788094597.66,010E,142,0,90,0.0
1788094597.70,0142,52,240,90,0.0
1788094597.70,010B,43,0,90,0.0
1788094597.74,0000,190,63,90,0.0
1788094597.75,0110,0,248,90,0.0
1788094597.77,0002,0,0,90,0.0
1788094597.80,0003,2,0,90,0.0
1788094597.80,010B,43,0,90,0.0
1788094597.83,0005,130,0,90,0.0
1788094597.85,0110,0,254,90,0.0
1788094597.86,0006,130,0,90,0.0
1788094597.90,0007,128,0,90,0.0
1788094597.90,010B,43,0,90,0.0
1788094597.93,000B,43,0,90,0.0
1788094597.95,0110,0,254,90,0.0
1788094597.96,000C,10,251,90,0.0
1788094597.99,000D,0,0,90,0.0
1788094598.00,010B,43,0,90,0.0
1788094598.02,000E,143,0,90,0.0
1788094598.06,000F,105,0,90,0.0
1788094598.09,0010,0,254,90,0.0
1788094598.10,010B,43,0,90,0.0
1788094598.12,0011,30,0,90,0.0
1788094598.15,0013,1,0,90,0.0
1788094598.15,0110,0,248,90,0.0
1788094598.18,001C,10,0,90,0.0
1788094598.20,010B,43,0,90,0.0
1788094598.22,001F,0,120,90,0.0
1788094598.26,0020,128,21,90,0.0
1788094598.29,0021,0,0,90,0.0
1788094598.30,010B,43,0,90,0.0
1788094598.32,002C,0,0,90,0.0
1788094598.35,002E,0,0,90,0.0
1788094598.38,0030,255,0,90,0.0
1788094598.40,010B,43,0,90,0.0
1788094598.41,003C,21,197,90,0.0
1788094598.45,0040,104,0,90,0.0
1788094598.45,0110,0,248,90,0.0
1788094598.48,0042,52,238,90,0.0
1788094598.50,010B,43,0,90,0.0
1788094598.51,0043,0,69,90,0.0
1788094598.54,0200,0,0,90,0.0
1788094598.55,0110,0,254,90,0.0
1788094598.58,0202,0,0,90,0.0
1788094598.60,010B,43,0,90,0.0
1788094598.61,0900,6,59,90,0.0
1788094598.64,0968,0,0,90,0.0
1788094598.65,0110,0,251,90,0.0
1788094598.67,096E,10,240,90,0.0
1788094598.70,010B,43,0,90,0.0
1788094598.71,097C,108,145,90,0.0
1788094598.73,098E,0,0,90,0.0
1788094598.75,0110,0,248,90,0.0
1788094598.78,1101,1,0,90,0.0
1788094598.81,1103,4,0,90,0.0
1788094598.84,1104,1,0,90,0.0
1788094598.85,0110,0,251,90,0.0
1788094598.87,114A,40,64,90,0.0
1788094598.90,114D,35,0,90,0.0
1788094598.94,1153,57,217,90,0.0
1788094598.95,0110,0,254,90,0.0
1788094598.97,1154,29,192,90,0.0
1788094599.00,1169,29,189,90,0.0
1788094599.00,010B,43,0,90,0.0
1788094599.03,1173,0,80,90,0.0
1788094599.05,0110,0,251,90,0.0
1788094599.07,1177,20,160,90,0.0
1788094599.11,1410,1,56,90,0.0
1788094599.14,1631,1,0,90,0.0
1788094599.15,0110,0,254,90,0.0
1788094599.17,1678,0,0,90,0.0
1788094599.20,1681,0,0,90,0.0
1788094599.20,010B,43,0,90,0.0
1788094599.23,16CD,0,0,90,0.0
1788094599.25,0110,0,254,90,0.0
1788094599.27,16CE,255,251,90,0.0
1788094599.29,16CF,13,139,90,0.0
1788094599.30,010B,43,0,90,0.0
1788094599.33,16E8,81,96,90,0.0
1788094599.35,0110,0,254,90,0.0
1788094599.36,16E9,0,116,90,0.0
1788094599.40,16F0,3,131,90,0.0
1788094599.40,010B,43,0,90,0.0
1788094599.43,1704,0,0,90,0.0
1788094599.45,0110,0,254,90,0.0
1788094599.45,0142,52,243,90,0.0
1788094599.46,1706,128,0,90,0.0
1788094599.50,1709,0,0,90,0.0
1788094599.50,010B,43,0,90,0.0
1788094599.53,1717,1,0,90,0.0
1788094599.55,0110,0,254,90,0.0
1788094599.56,1718,1,0,90,0.0
1788094599.59,1746,0,0,90,0.0
1788094599.60,010B,43,0,90,0.0
1788094599.62,1782,135,192,90,0.0
1788094599.65,0110,0,251,90,0.0
1788094599.65,1783,110,192,90,0.0
1788094599.69,17A0,32,0,90,0.0
1788094599.70,010B,43,0,90,0.0
1788094599.73,17A6,0,0,90,0.0
1788094599.75,0110,0,251,90,0.0
1788094599.76,17B0,19,0,90,0.0
1788094599.79,17B1,32,0,90,0.0
1788094599.80,010B,43,0,90,0.0
1788094599.82,17B2,4,0,90,0.0
1788094599.85,17B3,138,0,90,0.0
1788094599.89,17B5,80,0,90,0.0
1788094599.90,010B,43,0,90,0.0
1788094599.92,17B6,0,0,90,0.0
1788094599.95,17B8,238,0,90,0.0
1788094599.98,17BA,0,0,90,0.0
1788094600.00,010B,43,0,90,0.0
1788094600.01,17BB,0,0,90,0.0
1788094600.05,17BC,0,0,90,0.0
1788094600.05,0110,0,248,90,0.0
1788094600.08,17BD,48,0,90,0.0
1788094600.10,010B,43,0,90,0.0
1788094600.11,17BE,0,0,90,0.0
1788094600.14,17C1,234,0,90,0.0
1788094600.15,0110,0,248,90,0.0
1788094600.18,3201,23,112,90,0.0
1788094600.20,010B,43,0,90,0.0
1788094600.21,990A,48,0,90,0.0
1788094600.25,996E,12,88,90,0.0
1788094600.25,0110,1,1,90,0.0
1788094600.28,A211,0,0,90,0.0
1788094600.30,010B,43,0,90,0.0
1788094600.31,D100,129,0,90,0.0
1788094600.34,E21B,90,74,90,0.0
1788094600.35,0110,0,251,90,0.0
1788094600.37,E21C,49,56,90,0.0
1788094600.40,010B,43,0,90,0.0
1788094600.41,E21D,56,56,90,0.0
1788094600.44,E21E,70,0,90,0.0
1788094600.45,0110,0,251,90,0.0
1788094600.45,0142,52,251,90,0.0
1788094600.47,E6F0,90,74,90,0.0
1788094600.50,E6F2,240,0,90,0.0
1788094600.53,E6F3,240,0,90,0.0
1788094600.55,0110,0,254,90,0.0
1788094600.56,0105,130,0,90,0.0
1788094600.60,010F,105,0,90,0.0
1788094600.60,010B,43,0,90,0.0
1788094600.63,0110,0,251,90,0.0
1788094600.65,0110,0,245,90,0.0
1788094600.66,010B,43,0,90,0.0
1788094600.69,0106,131,0,90,0.0
1788094600.70,010B,43,0,90,0.0
1788094600.73,0107,128,0,90,0.0
1788094600.75,0110,0,251,90,0.0
1788094600.76,010E,143,0,90,0.0
1788094600.79,0142,52,255,90,0.0
1788094600.80,010B,43,0,90,0.0
1788094600.83,0000,190,63,90,0.0
1788094600.85,0110,0,254,90,0.0
1788094600.86,0002,0,0,90,0.0
1788094600.90,0003,2,0,90,0.0
1788094600.90,010B,43,0,90,0.0
1788094600.93,0005,130,0,90,0.0
1788094600.95,0110,0,254,90,0.0
1788094600.96,0006,130,0,90,0.0
1788094600.99,0007,128,0,90,0.0
1788094601.00,010B,43,0,90,0.0
1788094601.02,000B,43,0,90,0.0
1788094601.05,000C,11,0,90,0.0
1788094601.09,000D,0,0,90,0.0
1788094601.10,010B,43,0,90,0.0
1788094601.12,000E,142,0,90,0.0
1788094601.15,000F,105,0,90,0.0
1788094601.15,0110,0,254,90,0.0
1788094601.18,0010,0,251,90,0.0
1788094601.20,010B,43,0,90,0.0
1788094601.22,0011,30,0,90,0.0
1788094601.25,0013,1,0,90,0.0
1788094601.29,001C,10,0,90,0.0
1788094601.30,010B,43,0,90,0.0
1788094601.32,001F,0,123,90,0.0
1788094601.35,0020,128,21,90,0.0
1788094601.35,0110,0,251,90,0.0
1788094601.38,0021,0,0,90,0.0
1788094601.40,010B,43,0,90,0.0
1788094601.41,002C,0,0,90,0.0
1788094601.45,002E,0,0,90,0.0
1788094601.49,0030,255,0,90,0.0
1788094601.50,010B,43,0,90,0.0
1788094601.52,003C,21,193,90,0.0
1788094601.55,0040,104,0,90,0.0
1788094601.55,0110,0,251,90,0.0
1788094601.58,0042,52,241,90,0.0
1788094601.60,010B,43,0,90,0.0
1788094601.61,0043,0,69,90,0.0
1788094601.65,0200,0,0,90,0.0
1788094601.65,0110,0,254,90,0.0
1788094601.68,0202,0,0,90,0.0
1788094601.70,010B,43,0,90,0.0
1788094601.71,0900,6,59,90,0.0
1788094601.74,0968,0,0,90,0.0
1788094601.75,0110,0,245,90,0.0
1788094601.77,096E,10,240,90,0.0
1788094601.80,010B,43,0,90,0.0
1788094601.81,097C,108,152,90,0.0
1788094601.85,098E,0,0,90,0.0
1788094601.85,0110,0,251,90,0.0
1788094601.88,1101,1,0,90,0.0
1788094601.90,010B,43,0,90,0.0
1788094601.91,1103,4,0,90,0.0
1788094601.94,1104,1,0,90,0.0
1788094601.95,0110,0,245,90,0.0
1788094601.98,114A,40,64,90,0.0
1788094602.01,114D,35,0,90,0.0
1788094602.04,1153,58,101,90,0.0
1788094602.05,0110,0,248,90,0.0
1788094602.07,1154,29,192,90,0.0
1788094602.10,1169,29,189,90,0.0
1788094602.13,1173,0,85,90,0.0
1788094602.15,0110,0,251,90,0.0
1788094602.17,1177,20,80,90,0.0
1788094602.20,1410,1,55,90,0.0
1788094602.20,010B,43,0,90,0.0
1788094602.23,1631,1,0,90,0.0
1788094602.25,0110,0,248,90,0.0
1788094602.26,1678,0,0,90,0.0
1788094602.30,1681,0,0,90,0.0
1788094602.33,16CD,0,0,90,0.0
1788094602.35,0110,0,254,90,0.0
1788094602.37,16CE,255,250,90,0.0
1788094602.40,16CF,13,142,90,0.0
1788094602.40,010B,43,0,90,0.0
1788094602.43,16E8,89,62,90,0.0
1788094602.45,0110,0,248,90,0.0
1788094602.46,16E9,0,117,90,0.0
1788094602.49,16F0,3,131,90,0.0
1788094602.50,010B,43,0,90,0.0
1788094602.53,1704,0,0,90,0.0
1788094602.55,0110,0,248,90,0.0
1788094602.56,1706,128,0,90,0.0
1788094602.59,1709,0,0,90,0.0
1788094602.60,010B,43,0,90,0.0
1788094602.62,1717,1,0,90,0.0
1788094602.65,0110,0,251,90,0.0
1788094602.65,1718,1,0,90,0.0
1788094602.69,1746,0,0,90,0.0
1788094602.70,010B,43,0,90,0.0
1788094602.73,1782,135,192,90,0.0
1788094602.76,1783,110,192,90,0.0
1788094602.79,17A0,31,0,90,0.0
1788094602.80,010B,43,0,90,0.0
1788094602.82,17A6,0,0,90,0.0
1788094602.85,17B0,18,0,90,0.0
1788094602.89,17B1,32,0,90,0.0
1788094602.90,010B,43,0,90,0.0
1788094602.92,17B2,4,0,90,0.0
1788094602.95,17B3,138,0,90,0.0
1788094602.95,0110,0,254,90,0.0
1788094602.98,17B5,80,0,90,0.0
1788094603.00,010B,43,0,90,0.0
1788094603.01,17B6,0,0,90,0.0
1788094603.05,17B8,238,0,90,0.0
1788094603.05,0110,0,248,90,0.0
1788094603.08,17BA,0,0,90,0.0
1788094603.10,010B,43,0,90,0.0
1788094603.11,17BB,0,0,90,0.0
1788094603.14,17BC,0,0,90,0.0
1788094603.15,0110,0,251,90,0.0
1788094603.17,17BD,48,0,90,0.0
1788094603.20,010B,43,0,90,0.0
1788094603.21,17BE,0,0,90,0.0
1788094603.24,17C1,234,0,90,0.0
1788094603.25,0110,0,248,90,0.0
1788094603.27,3201,23,112,90,0.0
1788094603.30,990A,48,0,90,0.0
1788094603.33,996E,12,108,90,0.0
1788094603.35,0110,0,248,90,0.0
1788094603.37,A211,0,0,90,0.0
1788094603.40,D100,129,0,90,0.0
1788094603.40,010B,43,0,90,0.0
1788094603.43,E21B,90,74,90,0.0
1788094603.45,0110,0,254,90,0.0
1788094603.45,17B3,138,0,90,0.0
1788094603.46,E21C,49,56,90,0.0
1788094603.50,E21D,56,56,90,0.0
1788094603.53,E21E,70,0,90,0.0
1788094603.55,0110,0,254,90,0.0
1788094603.57,E6F0,90,74,90,0.0
1788094603.60,E6F2,240,0,90,0.0
1788094603.60,010B,43,0,90,0.0
1788094603.63,E6F3,240,0,90,0.0
1788094603.65,0110,0,248,90,0.0
1788094603.66,0105,130,0,90,0.0
1788094603.69,010F,105,0,90,0.0
1788094603.70,010B,43,0,90,0.0
1788094603.72,0110,0,251,90,0.0
1788094603.75,0110,0,251,90,0.0
1788094603.76,010B,43,0,90,0.0
1788094603.79,0106,132,0,90,0.0
1788094603.80,010B,43,0,90,0.0
1788094603.82,0107,128,0,90,0.0
1788094603.85,0110,0,251,90,0.0
1788094603.89,0142,52,243,90,0.0
1788094603.90,010B,43,0,90,0.0
1788094603.92,0000,190,63,90,0.0
1788094603.95,0002,0,0,90,0.0
1788094603.95,0110,0,248,90,0.0
1788094603.98,0003,2,0,90,0.0
1788094604.00,010B,43,0,90,0.0
1788094604.01,0005,130,0,90,0.0
1788094604.05,0006,132,0,90,0.0
1788094604.09,0007,128,0,90,0.0
1788094604.10,010B,43,0,90,0.0
1788094604.12,000B,43,0,90,0.0
1788094604.15,000C,11,8,90,0.0
1788094604.15,0110,0,254,90,0.0
1788094604.18,000D,0,0,90,0.0
1788094604.20,010B,43,0,90,0.0
1788094604.21,000E,142,0,90,0.0
1788094604.25,000F,105,0,90,0.0
1788094604.25,0110,0,251,90,0.0
1788094604.28,0010,0,251,90,0.0
1788094604.30,010B,43,0,90,0.0
1788094604.31,0011,30,0,90,0.0
1788094604.34,0013,1,0,90,0.0
1788094604.35,0110,1,4,90,0.0
1788094604.37,001C,10,0,90,0.0
1788094604.40,010B,43,0,90,0.0
1788094604.41,001F,0,126,90,0.0
1788094604.44,0020,128,21,90,0.0
1788094604.45,0110,0,251,90,0.0
1788094604.47,0021,0,0,90,0.0
1788094604.50,002C,0,0,90,0.0
1788094604.53,002E,0,0,90,0.0
1788094604.55,0110,0,254,90,0.0
1788094604.57,0030,255,0,90,0.0
1788094604.60,003C,21,190,90,0.0
1788094604.60,010B,43,0,90,0.0
1788094604.63,0040,104,0,90,0.0
1788094604.65,0110,0,254,90,0.0
1788094604.66,0042,52,248,90,0.0
1788094604.70,0043,0,69,90,0.0
1788094604.73,0200,0,0,90,0.0
1788094604.75,0110,0,248,90,0.0
1788094604.77,0202,0,0,90,0.0
1788094604.80,0900,6,54,90,0.0
1788094604.80,010B,43,0,90,0.0
1788094604.83,0968,0,0,90,0.0
1788094604.85,0110,1,1,90,0.0
1788094604.86,096E,10,240,90,0.0
1788094604.89,097C,108,154,90,0.0
1788094604.90,010B,43,0,90,0.0
1788094604.93,098E,0,0,90,0.0
1788094604.95,0110,1,1,90,0.0
1788094604.97,1101,1,0,90,0.0
1788094605.00,1103,4,0,90,0.0
1788094605.00,010B,43,0,90,0.0
1788094605.03,1104,1,0,90,0.0
1788094605.05,0110,0,251,90,0.0
1788094605.06,114A,40,64,90,0.0
1788094605.09,114D,34,192,90,0.0
1788094605.10,010B,43,0,90,0.0
1788094605.13,1153,57,110,90,0.0
1788094605.15,0110,0,254,90,0.0
1788094605.17,1154,29,192,90,0.0
1788094605.20,1169,29,189,90,0.0
1788094605.20,010B,43,0,90,0.0
1788094605.23,1173,2,198,90,0.0
1788094605.25,0110,0,254,90,0.0
1788094605.26,1177,20,100,90,0.0
1788094605.29,1410,1,52,90,0.0
1788094605.30,010B,43,0,90,0.0
1788094605.33,1631,1,0,90,0.0
1788094605.35,0110,0,251,90,0.0
1788094605.36,1678,0,0,90,0.0
1788094605.39,1681,0,0,90,0.0
1788094605.40,010B,43,0,90,0.0
1788094605.42,16CD,0,0,90,0.0
1788094605.45,0110,0,251,90,0.0
1788094605.45,17B3,138,0,90,0.0
1788094605.49,16CF,13,152,90,0.0
1788094605.50,010B,43,0,90,0.0
1788094605.52,16E8,89,109,90,0.0
1788094605.56,16E9,0,117,90,0.0
1788094605.59,16F0,3,131,90,0.0
1788094605.60,010B,43,0,90,0.0
1788094605.62,1704,0,0,90,0.0
1788094605.65,1706,128,0,90,0.0
1788094605.69,1709,0,0,90,0.0
1788094605.70,010B,43,0,90,0.0
1788094605.72,1717,1,0,90,0.0
1788094605.75,1718,1,0,90,0.0
1788094605.75,0110,0,251,90,0.0
1788094605.78,1746,0,0,90,0.0
1788094605.80,010B,43,0,90,0.0
1788094605.81,1782,135,192,90,0.0
1788094605.85,1783,110,192,90,0.0
1788094605.85,0110,0,254,90,0.0
1788094605.88,17A0,31,0,90,0.0
1788094605.90,010B,43,0,90,0.0
1788094605.91,17A6,0,0,90,0.0
1788094605.94,17B0,18,0,90,0.0
1788094605.95,0110,0,248,90,0.0
1788094605.97,17B1,32,0,90,0.0
1788094606.00,010B,43,0,90,0.0
1788094606.01,17B2,4,0,90,0.0
1788094606.04,17B3,138,0,90,0.0
1788094606.05,0110,0,254,90,0.0
1788094606.07,17B5,80,0,90,0.0
1788094606.10,17B6,0,0,90,0.0
1788094606.13,17B8,238,0,90,0.0
1788094606.15,0110,0,254,90,0.0
1788094606.17,17BA,0,0,90,0.0
1788094606.20,17BB,0,0,90,0.0
1788094606.20,010B,43,0,90,0.0
1788094606.24,17BC,0,0,90,0.0
1788094606.25,0110,0,248,90,0.0
1788094606.27,17BD,48,0,90,0.0
1788094606.31,17BE,0,0,90,0.0
1788094606.33,17C1,234,0,90,0.0
1788094606.35,0110,0,254,90,0.0
1788094606.37,3201,23,112,90,0.0
1788094606.40,990A,47,0,90,0.0
1788094606.40,010B,43,0,90,0.0
1788094606.43,996E,12,148,90,0.0
1788094606.45,0110,0,251,90,0.0
1788094606.47,A211,0,0,90,0.0
1788094606.49,D100,129,0,90,0.0
1788094606.50,010B,43,0,90,0.0
1788094606.53,E21B,90,74,90,0.0
1788094606.55,0110,0,251,90,0.0
1788094606.56,E21C,49,56,90,0.0
1788094606.59,E21D,56,56,90,0.0
1788094606.60,010B,43,0,90,0.0
1788094606.63,E21E,70,0,90,0.0
1788094606.65,0110,0,251,90,0.0
1788094606.66,E6F0,90,74,90,0.0
1788094606.69,E6F2,240,0,90,0.0
1788094606.70,010B,43,0,90,0.0
1788094606.73,E6F3,240,0,90,0.0
1788094606.75,0110,1,4,90,0.0
1788094606.75,0105,130,0,90,0.0
1788094606.78,010F,105,0,90,0.0
1788094606.80,010B,43,0,90,0.0
1788094606.82,0110,0,245,90,0.0
1788094606.85,010B,43,0,90,0.0
1788094606.85,0110,0,248,90,0.0
1788094606.88,0106,132,0,90,0.0
1788094606.90,010B,43,0,90,0.0
1788094606.91,0107,128,0,90,0.0
1788094606.95,010E,143,0,90,0.0
1788094606.95,0110,0,251,90,0.0
1788094606.98,0142,52,254,90,0.0
1788094607.00,010B,43,0,90,0.0
1788094607.01,0000,190,63,90,0.0
1788094607.05,0002,0,0,90,0.0
1788094607.05,0110,0,248,90,0.0
1788094607.08,0003,2,0,90,0.0
1788094607.10,010B,43,0,90,0.0
1788094607.11,0005,130,0,90,0.0
1788094607.15,0006,132,0,90,0.0
1788094607.15,0110,0,248,90,0.0
1788094607.18,0007,128,0,90,0.0
1788094607.20,010B,43,0,90,0.0
1788094607.21,000B,43,0,90,0.0
1788094607.25,000C,11,5,90,0.0
1788094607.25,0110,0,248,90,0.0
1788094607.28,000D,0,0,90,0.0
1788094607.30,010B,43,0,90,0.0
1788094607.31,000E,142,0,90,0.0
1788094607.34,000F,105,0,90,0.0
1788094607.35,0110,0,245,90,0.0
1788094607.38,0010,0,248,90,0.0
1788094607.40,010B,43,0,90,0.0
1788094607.44,0013,1,0,90,0.0
1788094607.45,0110,0,248,90,0.0
1788094607.45,17B3,138,0,90,0.0
1788094607.47,001C,10,0,90,0.0
1788094607.50,001F,0,128,90,0.0
1788094607.53,0020,128,21,90,0.0
1788094607.55,0110,0,254,90,0.0
1788094607.57,0021,0,0,90,0.0
1788094607.60,002C,0,0,90,0.0
1788094607.60,010B,43,0,90,0.0
1788094607.63,002E,0,0,90,0.0
1788094607.65,0110,1,1,90,0.0
1788094607.66,0030,255,0,90,0.0
1788094607.69,003C,21,187,90,0.0
1788094607.70,010B,43,0,90,0.0
1788094607.73,0040,104,0,90,0.0
1788094607.75,0110,0,254,90,0.0
1788094607.76,0042,52,254,90,0.0
1788094607.79,0043,0,69,90,0.0
1788094607.80,010B,43,0,90,0.0
1788094607.83,0200,0,0,90,0.0
1788094607.85,0110,0,254,90,0.0
1788094607.86,0202,0,0,90,0.0
1788094607.89,0900,6,54,90,0.0
1788094607.90,010B,43,0,90,0.0
1788094607.93,0968,0,0,90,0.0
1788094607.95,0110,0,248,90,0.0
1788094607.96,096E,10,240,90,0.0
1788094607.99,097C,108,155,90,0.0
1788094608.00,010B,43,0,90,0.0
1788094608.02,098E,0,0,90,0.0
1788094608.05,0110,1,1,90,0.0
1788094608.09,1103,4,0,90,0.0
1788094608.10,010B,43,0,90,0.0
1788094608.12,1104,1,0,90,0.0
1788094608.16,114A,40,64,90,0.0
1788094608.19,114D,34,192,90,0.0
1788094608.20,010B,43,0,90,0.0
1788094608.22,1153,57,201,90,0.0
1788094608.26,1154,29,192,90,0.0
1788094608.29,1169,29,189,90,0.0
1788094608.30,010B,43,0,90,0.0
1788094608.32,1173,3,92,90,0.0
1788094608.35,1177,20,160,90,0.0
1788094608.35,0110,1,1,90,0.0
1788094608.38,1410,1,54,90,0.0
1788094608.40,010B,43,0,90,0.0
1788094608.41,1631,1,0,90,0.0
1788094608.45,1678,0,0,90,0.0
1788094608.45,0110,0,248,90,0.0
1788094608.48,1681,0,0,90,0.0
1788094608.50,010B,43,0,90,0.0
1788094608.51,16CD,0,0,90,0.0
1788094608.54,16CE,255,252,90,0.0
1788094608.55,0110,0,248,90,0.0
1788094608.57,16CF,13,83,90,0.0
1788094608.60,010B,43,0,90,0.0
1788094608.61,16E8,89,213,90,0.0
1788094608.64,16E9,0,117,90,0.0
1788094608.65,0110,0,248,90,0.0
1788094608.68,16F0,3,131,90,0.0
1788094608.70,010B,43,0,90,0.0
1788094608.71,1704,0,0,90,0.0
1788094608.74,1706,128,0,90,0.0
1788094608.75,0110,0,251,90,0.0
1788094608.77,1709,0,0,90,0.0
1788094608.81,1717,1,0,90,0.0
1788094608.84,1718,1,0,90,0.0
1788094608.85,0110,0,242,90,0.0
1788094608.87,1746,0,0,90,0.0
1788094608.90,1782,135,128,90,0.0
1788094608.94,1783,110,192,90,0.0
1788094608.95,0110,0,254,90,0.0
1788094608.97,17A0,32,0,90,0.0
1788094609.00,17A6,0,0,90,0.0
1788094609.00,010B,43,0,90,0.0
1788094609.03,17B0,18,0,90,0.0
1788094609.05,0110,0,248,90,0.0
1788094609.06,17B1,32,0,90,0.0
1788094609.09,17B2,4,0,90,0.0
1788094609.10,010B,43,0,90,0.0
1788094609.13,17B3,138,0,90,0.0
1788094609.15,0110,0,251,90,0.0
1788094609.17,17B5,80,0,90,0.0
1788094609.20,17B6,0,0,90,0.0
1788094609.20,010B,43,0,90,0.0
1788094609.23,17B8,238,0,90,0.0
1788094609.25,0110,0,254,90,0.0
1788094609.26,17BA,0,0,90,0.0
1788094609.29,17BB,0,0,90,0.0
1788094609.30,010B,43,0,90,0.0
1788094609.33,17BC,0,0,90,0.0
1788094609.35,0110,1,1,90,0.0
1788094609.36,17BD,48,0,90,0.0
1788094609.39,17BE,0,0,90,0.0
1788094609.40,010B,43,0,90,0.0
1788094609.42,17C1,234,0,90,0.0
1788094609.45,0110,0,251,90,0.0
1788094609.45,17B3,138,0,90,0.0
1788094609.49,990A,46,0,90,0.0
1788094609.50,010B,43,0,90,0.0
1788094609.53,996E,12,188,90,0.0
1788094609.56,A211,0,0,90,0.0
1788094609.59,D100,129,0,90,0.0
1788094609.60,010B,43,0,90,0.0
1788094609.62,E21B,90,74,90,0.0
1788094609.65,E21C,49,56,90,0.0
1788094609.69,E21D,56,56,90,0.0
1788094609.70,010B,43,0,90,0.0
1788094609.72,E21E,70,0,90,0.0
1788094609.75,E6F0,90,74,90,0.0
1788094609.75,0110,0,248,90,0.0
1788094609.78,E6F2,240,0,90,0.0
1788094609.80,010B,43,0,90,0.0
1788094609.82,E6F3,240,0,90,0.0
1788094609.85,0105,130,0,90,0.0
1788094609.85,0110,0,254,90,0.0
1788094609.88,010F,105,0,90,0.0
1788094609.90,010B,43,0,90,0.0
1788094609.91,0110,0,242,90,0.0
1788094609.94,010B,43,0,90,0.0
1788094609.95,0110,0,248,90,0.0
1788094609.98,0106,128,0,90,0.0
1788094610.00,010B,43,0,90,0.0
1788094610.01,0107,131,0,90,0.0
1788094610.04,010E,142,0,90,0.0
1788094610.05,0110,0,248,90,0.0
1788094610.08,0142,52,244,90,0.0
1788094610.10,010B,43,0,90,0.0
1788094610.11,0000,190,63,90,0.0
1788094610.14,0002,0,0,90,0.0
1788094610.15,0110,0,251,90,0.0
1788094610.17,0003,2,0,90,0.0
1788094610.20,010B,43,0,90,0.0
1788094610.21,0005,130,0,90,0.0
1788094610.25,0006,129,0,90,0.0
1788094610.25,0110,0,254,90,0.0
1788094610.28,0007,131,0,90,0.0
1788094610.30,010B,43,0,90,0.0
1788094610.31,000B,43,0,90,0.0
1788094610.34,000C,11,20,90,0.0
1788094610.35,0110,0,251,90,0.0
1788094610.37,000D,0,0,90,0.0
1788094610.40,010B,43,0,90,0.0
1788094610.41,000E,143,0,90,0.0
1788094610.44,000F,105,0,90,0.0
1788094610.45,0110,0,254,90,0.0
1788094610.47,0010,0,248,90,0.0
1788094610.50,0011,30,0,90,0.0
1788094610.53,0013,1,0,90,0.0
1788094610.55,0110,0,251,90,0.0
1788094610.57,001C,10,0,90,0.0
1788094610.61,001F,0,131,90,0.0
1788094610.64,0020,128,21,90,0.0
1788094610.65,0110,0,251,90,0.0
1788094610.67,0021,0,0,90,0.0
1788094610.71,002C,0,0,90,0.0
1788094610.73,002E,27,0,90,0.0
1788094610.75,0110,0,245,90,0.0
1788094610.77,0030,255,0,90,0.0
1788094610.80,003C,21,183,90,0.0
1788094610.80,010B,43,0,90,0.0
1788094610.83,0040,104,0,90,0.0
1788094610.85,0110,0,245,90,0.0
1788094610.86,0042,52,237,90,0.0
1788094610.89,0043,0,68,90,0.0
1788094610.90,010B,43,0,90,0.0
1788094610.93,0200,0,0,90,0.0
1788094610.95,0110,0,251,90,0.0
1788094610.96,0202,0,0,90,0.0
1788094610.99,0900,6,54,90,0.0
1788094611.00,010B,43,0,90,0.0
1788094611.02,0968,0,0,90,0.0
1788094611.05,0110,0,254,90,0.0
1788094611.06,096E,10,240,90,0.0
1788094611.09,097C,108,162,90,0.0
1788094611.10,010B,43,0,90,0.0
1788094611.13,098E,0,0,90,0.0
1788094611.16,1101,1,0,90,0.0
1788094611.19,1103,4,0,90,0.0
1788094611.20,010B,43,0,90,0.0
1788094611.22,1104,1,0,90,0.0
1788094611.25,114A,40,128,90,0.0
1788094611.29,114D,34,192,90,0.0
1788094611.30,010B,43,0,90,0.0
1788094611.32,1153,57,208,90,0.0
1788094611.35,1154,29,192,90,0.0
1788094611.35,0110,0,251,90,0.0
1788094611.38,1169,29,189,90,0.0
1788094611.40,010B,43,0,90,0.0
1788094611.41,1173,3,32,90,0.0
1788094611.45,1177,20,100,90,0.0
1788094611.45,0110,0,248,90,0.0
1788094611.48,1410,1,51,90,0.0
1788094611.50,010B,43,0,90,0.0
1788094611.51,1631,1,0,90,0.0
1788094611.54,1678,0,0,90,0.0
1788094611.55,0110,0,254,90,0.0
1788094611.57,1681,0,0,90,0.0
1788094611.60,010B,43,0,90,0.0
1788094611.61,16CD,0,0,90,0.0
1788094611.65,16CE,255,250,90,0.0
1788094611.65,0110,0,248,90,0.0
1788094611.68,16CF,13,125,90,0.0
1788094611.70,010B,43,0,90,0.0
1788094611.71,16E8,93,69,90,0.0
1788094611.74,16E9,0,117,90,0.0
1788094611.75,0110,0,251,90,0.0
1788094611.77,16F0,3,131,90,0.0
1788094611.80,010B,43,0,90,0.0
1788094611.81,1704,0,0,90,0.0
1788094611.84,1706,128,0,90,0.0
1788094611.85,0110,0,251,90,0.0
1788094611.87,1709,0,0,90,0.0
1788094611.90,1717,1,0,90,0.0
1788094611.93,1718,1,0,90,0.0
1788094611.95,0110,0,248,90,0.0
1788094611.97,1746,0,0,90,0.0
1788094612.00,1782,135,128,90,0.0
1788094612.00,010B,43,0,90,0.0
1788094612.03,1783,110,192,90,0.0
1788094612.05,0110,0,254,90,0.0
1788094612.06,17A0,32,0,90,0.0
1788094612.10,17A6,0,0,90,0.0
1788094612.13,17B0,18,0,90,0.0
1788094612.15,0110,1,1,90,0.0
1788094612.16,17B1,32,0,90,0.0
1788094612.20,17B2,4,0,90,0.0
1788094612.20,010B,43,0,90,0.0
1788094612.23,17B3,138,0,90,0.0
1788094612.25,0110,0,248,90,0.0
1788094612.26,17B5,80,0,90,0.0
1788094612.29,17B6,0,0,90,0.0
1788094612.30,010B,43,0,90,0.0
1788094612.33,17B8,238,0,90,0.0
1788094612.35,0110,1,1,90,0.0
1788094612.36,17BA,0,0,90,0.0
1788094612.39,17BB,0,0,90,0.0
1788094612.40,010B,43,0,90,0.0
1788094612.42,17BC,0,0,90,0.0
1788094612.45,0110,0,251,90,0.0
1788094612.45,17BD,48,0,90,0.0
1788094612.49,17BE,0,0,90,0.0
1788094612.50,010B,43,0,90,0.0
1788094612.52,17C1,234,0,90,0.0
1788094612.55,3201,23,112,90,0.0
1788094612.55,0110,0,251,90,0.0
1788094612.58,990A,46,0,90,0.0
1788094612.60,010B,43,0,90,0.0
1788094612.61,996E,12,228,90,0.0
1788094612.65,A211,0,0,90,0.0
1788094612.69,D100,129,0,90,0.0
1788094612.70,010B,43,0,90,0.0
1788094612.72,E21B,90,74,90,0.0
1788094612.75,E21C,49,56,90,0.0
1788094612.75,0110,0,254,90,0.0
1788094612.78,E21D,56,56,90,0.0
1788094612.80,010B,43,0,90,0.0
1788094612.81,E21E,70,0,90,0.0
1788094612.85,E6F0,90,74,90,0.0
1788094612.85,0110,0,248,90,0.0
1788094612.88,E6F2,240,0,90,0.0
1788094612.90,010B,43,0,90,0.0
1788094612.91,E6F3,240,0,90,0.0
1788094612.94,0105,130,0,90,0.0
1788094612.95,0110,1,1,90,0.0
1788094612.97,010F,105,0,90,0.0
1788094613.00,010B,43,0,90,0.0
1788094613.00,0110,0,251,90,0.0
1788094613.04,010B,43,0,90,0.0
1788094613.05,0110,0,248,90,0.0
1788094613.07,0106,129,0,90,0.0
1788094613.10,0107,131,0,90,0.0
1788094613.10,010B,43,0,90,0.0
1788094613.13,010E,142,0,90,0.0
1788094613.15,0110,0,251,90,0.0
1788094613.16,0142,52,250,90,0.0
1788094613.20,0000,190,63,90,0.0
1788094613.20,010B,43,0,90,0.0
1788094613.23,0002,0,0,90,0.0
1788094613.25,0110,0,254,90,0.0
1788094613.26,0003,2,0,90,0.0
1788094613.29,0005,130,0,90,0.0
1788094613.30,010B,43,0,90,0.0
1788094613.33,0006,129,0,90,0.0
1788094613.35,0110,0,251,90,0.0
1788094613.36,0007,131,0,90,0.0
1788094613.39,000B,43,0,90,0.0
1788094613.40,010B,43,0,90,0.0
1788094613.42,000C,11,9,90,0.0
1788094613.45,0110,0,248,90,0.0
1788094613.46,000D,0,0,90,0.0
1788094613.49,000E,142,0,90,0.0
1788094613.50,010B,43,0,90,0.0
1788094613.52,000F,105,0,90,0.0
1788094613.56,0010,0,251,90,0.0
1788094613.59,0011,30,0,90,0.0
1788094613.60,010B,43,0,90,0.0
1788094613.62,0013,1,0,90,0.0
1788094613.65,001C,10,0,90,0.0
1788094613.69,001F,0,134,90,0.0
1788094613.70,010B,43,0,90,0.0
1788094613.72,0020,128,21,90,0.0
1788094613.75,0021,0,0,90,0.0
1788094613.75,0110,0,242,90,0.0
1788094613.78,002C,0,0,90,0.0
1788094613.80,010B,43,0,90,0.0
1788094613.81,002E,27,0,90,0.0
1788094613.85,0030,255,0,90,0.0
1788094613.85,0110,1,1,90,0.0
1788094613.88,003C,21,180,90,0.0
1788094613.90,010B,43,0,90,0.0
1788094613.91,0040,104,0,90,0.0
1788094613.95,0042,52,248,90,0.0
1788094613.95,0110,0,251,90,0.0
1788094613.98,0043,0,69,90,0.0
1788094614.00,010B,43,0,90,0.0
1788094614.01,0200,0,0,90,0.0
1788094614.05,0202,0,0,90,0.0
1788094614.05,0110,0,248,90,0.0
1788094614.08,0900,6,54,90,0.0
1788094614.10,010B,43,0,90,0.0
1788094614.11,0968,0,0,90,0.0
1788094614.14,096E,10,240,90,0.0
1788094614.15,0110,0,248,90,0.0
1788094614.17,097C,108,163,90,0.0
1788094614.21,098E,0,0,90,0.0
1788094614.24,1101,1,0,90,0.0
1788094614.25,0110,0,245,90,0.0
1788094614.27,1103,4,0,90,0.0
1788094614.30,1104,1,0,90,0.0
1788094614.33,114A,40,128,90,0.0
1788094614.35,0110,0,248,90,0.0
1788094614.37,114D,34,192,90,0.0
1788094614.40,1153,57,157,90,0.0
1788094614.40,010B,43,0,90,0.0
1788094614.43,1154,29,192,90,0.0
1788094614.45,0110,0,248,90,0.0
1788094614.46,1169,29,189,90,0.0
1788094614.49,1173,3,27,90,0.0
1788094614.50,010B,43,0,90,0.0
1788094614.53,1177,20,120,90,0.0
1788094614.55,0110,0,251,90,0.0
1788094614.56,1410,1,50,90,0.0
1788094614.59,1631,1,0,90,0.0
1788094614.60,010B,43,0,90,0.0
1788094614.62,1678,0,0,90,0.0
1788094614.65,0110,0,254,90,0.0
1788094614.65,1681,0,0,90,0.0
1788094614.69,16CD,0,0,90,0.0
1788094614.70,010B,43,0,90,0.0
1788094614.73,16CE,255,251,90,0.0
1788094614.76,16CF,13,88,90,0.0
1788094614.79,16E8,83,119,90,0.0
1788094614.80,010B,43,0,90,0.0
1788094614.82,16E9,0,116,90,0.0
1788094614.85,16F0,3,131,90,0.0
1788094614.89,1704,0,0,90,0.0
1788094614.90,010B,43,0,90,0.0
1788094614.92,1706,128,0,90,0.0
1788094614.95,1709,0,0,90,0.0
1788094614.95,0110,0,254,90,0.0
1788094614.98,1717,1,0,90,0.0
1788094615.00,010B,43,0,90,0.0
1788094615.01,1718,1,0,90,0.0
1788094615.05,1746,0,0,90,0.0
1788094615.05,0110,0,254,90,0.0
1788094615.08,1782,135,128,90,0.0
1788094615.10,010B,43,0,90,0.0
1788094615.11,1783,110,192,90,0.0
1788094615.14,17A0,32,0,90,0.0
1788094615.15,0110,0,248,90,0.0
1788094615.17,17A6,0,0,90,0.0
1788094615.20,010B,43,0,90,0.0
1788094615.21,17B0,19,0,90,0.0
1788094615.25,17B1,32,0,90,0.0
1788094615.25,0110,0,248,90,0.0
1788094615.28,17B2,4,0,90,0.0
1788094615.30,010B,43,0,90,0.0
1788094615.31,17B3,138,0,90,0.0
1788094615.34,17B5,80,0,90,0.0
1788094615.35,0110,0,251,90,0.0
1788094615.37,17B6,0,0,90,0.0
1788094615.40,010B,43,0,90,0.0
1788094615.41,17B8,238,0,90,0.0
1788094615.44,17BA,0,0,90,0.0
1788094615.45,0110,0,242,90,0.0
1788094615.47,17BB,0,0,90,0.0
1788094615.50,010B,43,0,90,0.0
1788094615.51,17BC,0,0,90,0.0
1788094615.54,17BD,48,0,90,0.0
1788094615.55,0110,0,248,90,0.0
1788094615.57,17BE,0,0,90,0.0
1788094615.61,17C1,234,0,90,0.0
1788094615.64,3201,23,112,90,0.0
1788094615.65,0110,0,254,90,0.0
1788094615.67,990A,45,0,90,0.0
1788094615.70,996E,13,12,90,0.0
1788094615.73,A211,0,0,90,0.0
1788094615.75,0110,0,251,90,0.0
1788094615.77,D100,129,0,90,0.0
1788094615.80,E21B,90,74,90,0.0
1788094615.80,010B,43,0,90,0.0
1788094615.83,E21C,49,56,90,0.0
1788094615.85,0110,1,1,90,0.0
1788094615.86,E21D,56,56,90,0.0
1788094615.89,E21E,70,0,90,0.0
1788094615.90,010B,43,0,90,0.0
1788094615.93,E6F0,90,74,90,0.0
1788094615.95,0110,0,254,90,0.0
1788094615.96,E6F2,240,0,90,0.0
1788094615.99,E6F3,240,0,90,0.0
1788094616.00,010B,43,0,90,0.0
1788094616.02,0105,130,0,90,0.0
1788094616.05,0110,0,251,90,0.0
1788094616.05,010F,105,0,90,0.0
1788094616.08,0110,0,254,90,0.0
1788094616.10,010B,43,0,90,0.0
1788094616.12,010B,43,0,90,0.0
1788094616.15,0106,129,0,90,0.0
1788094616.15,0110,1,1,90,0.0
1788094616.18,0107,131,0,90,0.0
1788094616.20,010B,43,0,90,0.0
1788094616.21,010E,142,0,90,0.0
1788094616.25,0142,52,254,90,0.0
1788094616.25,0110,0,245,90,0.0
1788094616.29,0000,190,63,90,0.0
1788094616.30,010B,43,0,90,0.0
1788094616.32,0002,0,0,90,0.0
1788094616.35,0003,2,0,90,0.0
1788094616.35,0110,0,248,90,0.0
1788094616.38,0005,130,0,90,0.0
1788094616.40,010B,43,0,90,0.0
1788094616.41,0006,129,0,90,0.0
1788094616.45,0007,131,0,90,0.0
1788094616.45,0110,0,254,90,0.0
1788094616.48,000B,43,0,90,0.0
1788094616.50,010B,43,0,90,0.0
1788094616.51,000C,11,20,90,0.0
1788094616.54,000D,0,0,90,0.0
1788094616.55,0110,0,254,90,0.0
1788094616.57,000E,140,0,90,0.0
1788094616.60,010B,43,0,90,0.0
1788094616.61,000F,105,0,90,0.0
1788094616.65,0010,0,248,90,0.0
1788094616.65,0110,0,248,90,0.0
1788094616.68,0011,30,0,90,0.0
1788094616.70,010B,43,0,90,0.0
1788094616.71,0013,1,0,90,0.0
1788094616.74,001C,10,0,90,0.0
1788094616.75,0110,0,251,90,0.0
1788094616.77,001F,0,137,90,0.0
1788094616.80,010B,43,0,90,0.0
1788094616.81,0020,128,21,90,0.0
1788094616.84,0021,0,0,90,0.0
1788094616.85,0110,0,248,90,0.0
1788094616.87,002C,0,0,90,0.0
1788094616.90,002E,27,0,90,0.0
1788094616.93,0030,255,0,90,0.0
1788094616.95,0110,0,251,90,0.0
1788094616.97,003C,21,176,90,0.0
1788094617.01,0040,104,0,90,0.0
1788094617.04,0042,53,0,90,0.0
1788094617.05,0110,0,254,90,0.0
1788094617.07,0043,0,69,90,0.0
1788094617.10,0200,0,0,90,0.0
1788094617.10,010B,43,0,90,0.0
1788094617.13,0202,0,0,90,0.0
1788094617.15,0110,0,251,90,0.0
1788094617.17,0900,6,54,90,0.0
1788094617.20,0968,0,0,90,0.0
1788094617.20,010B,43,0,90,0.0
1788094617.23,096E,10,240,90,0.0
1788094617.25,0110,0,245,90,0.0
1788094617.26,097C,108,164,90,0.0
1788094617.29,098E,0,0,90,0.0
1788094617.30,010B,43,0,90,0.0
1788094617.33,1101,1,0,90,0.0
1788094617.35,0110,0,251,90,0.0
1788094617.36,1103,4,0,90,0.0
1788094617.40,1104,1,0,90,0.0
1788094617.40,010B,43,0,90,0.0
1788094617.43,114A,40,192,90,0.0
1788094617.45,0110,0,248,90,0.0
1788094617.46,114D,34,192,90,0.0
1788094617.49,1153,57,98,90,0.0
1788094617.50,010B,43,0,90,0.0
1788094617.53,1154,29,192,90,0.0
1788094617.56,1169,29,189,90,0.0
1788094617.59,1173,2,233,90,0.0
1788094617.60,010B,43,0,90,0.0
1788094617.62,1177,20,100,90,0.0
1788094617.65,1410,1,52,90,0.0
1788094617.69,1631,1,0,90,0.0
1788094617.70,010B,43,0,90,0.0
1788094617.72,1678,0,0,90,0.0
1788094617.75,1681,0,0,90,0.0
1788094617.75,0110,0,254,90,0.0
1788094617.78,16CD,0,0,90,0.0
1788094617.80,010B,43,0,90,0.0
1788094617.81,16CE,255,252,90,0.0
1788094617.85,16CF,13,142,90,0.0
1788094617.85,0110,1,1,90,0.0
1788094617.88,16E8,91,138,90,0.0
1788094617.90,010B,43,0,90,0.0
1788094617.91,16E9,0,118,90,0.0
1788094617.95,16F0,3,131,90,0.0
1788094617.95,0110,0,254,90,0.0
1788094617.98,1704,0,0,90,0.0
1788094618.00,010B,43,0,90,0.0
1788094618.01,1706,128,0,90,0.0
1788094618.05,1709,0,0,90,0.0
1788094618.05,0110,0,248,90,0.0
1788094618.08,1717,1,0,90,0.0
1788094618.10,010B,43,0,90,0.0
1788094618.11,1718,1,0,90,0.0
1788094618.14,1746,0,0,90,0.0
1788094618.15,0110,0,251,90,0.0
1788094618.17,1782,135,64,90,0.0
1788094618.20,010B,43,0,90,0.0
1788094618.21,1783,110,192,90,0.0
1788094618.24,17A0,31,0,90,0.0
1788094618.25,0110,0,245,90,0.0
1788094618.27,17A6,0,0,90,0.0
1788094618.30,17B0,19,0,90,0.0
1788094618.33,17B1,32,0,90,0.0
1788094618.35,0110,0,251,90,0.0
1788094618.37,17B2,4,0,90,0.0
1788094618.40,17B3,138,0,90,0.0
1788094618.40,010B,43,0,90,0.0
1788094618.43,17B5,80,0,90,0.0
1788094618.45,0110,1,1,90,0.0
1788094618.45,0142,52,254,90,0.0
1788094618.46,17B6,0,0,90,0.0
1788094618.50,17B8,238,0,90,0.0
1788094618.53,17BA,0,0,90,0.0
1788094618.55,0110,0,254,90,0.0
1788094618.57,17BB,0,0,90,0.0
1788094618.60,17BC,0,0,90,0.0
1788094618.60,010B,43,0,90,0.0
1788094618.63,17BD,48,0,90,0.0
1788094618.65,0110,0,251,90,0.0
1788094618.66,17BE,0,0,90,0.0
1788094618.69,17C1,234,0,90,0.0
1788094618.70,010B,43,0,90,0.0
1788094618.73,3201,23,112,90,0.0
1788094618.75,0110,1,1,90,0.0
1788094618.76,990A,44,0,90,0.0
1788094618.79,996E,13,52,90,0.0
1788094618.80,010B,43,0,90,0.0
1788094618.82,A211,0,0,90,0.0
1788094618.85,0110,0,251,90,0.0
1788094618.89,E21B,90,74,90,0.0
1788094618.90,010B,43,0,90,0.0
1788094618.92,E21C,49,56,90,0.0
1788094618.95,E21D,56,56,90,0.0
1788094618.95,0110,0,248,90,0.0
1788094618.98,E21E,70,0,90,0.0
1788094619.00,010B,43,0,90,0.0
1788094619.01,E6F0,90,74,90,0.0
1788094619.05,E6F2,240,0,90,0.0
1788094619.05,0110,0,251,90,0.0
1788094619.09,E6F3,240,0,90,0.0
1788094619.10,010B,43,0,90,0.0
1788094619.11,0105,130,0,90,0.0
1788094619.14,010F,105,0,90,0.0
1788094619.15,0110,0,248,90,0.0
1788094619.18,0110,0,248,90,0.0
1788094619.20,010B,43,0,90,0.0
1788094619.21,010B,43,0,90,0.0
1788094619.24,0106,129,0,90,0.0
1788094619.25,0110,0,242,90,0.0
1788094619.27,0107,131,0,90,0.0
1788094619.30,010B,43,0,90,0.0
1788094619.31,010E,142,0,90,0.0
1788094619.34,0142,52,247,90,0.0
1788094619.35,0110,1,4,90,0.0
1788094619.37,0000,190,63,90,0.0
1788094619.40,010B,43,0,90,0.0
1788094619.41,0002,0,0,90,0.0
1788094619.45,0003,2,0,90,0.0
1788094619.45,0110,0,251,90,0.0
1788094619.48,0005,130,0,90,0.0
1788094619.51,0006,129,0,90,0.0
1788094619.54,0007,131,0,90,0.0
1788094619.55,0110,0,251,90,0.0
1788094619.57,000B,43,0,90,0.0
1788094619.61,000C,11,18,90,0.0
1788094619.64,000D,0,0,90,0.0
1788094619.65,0110,0,245,90,0.0
1788094619.67,000E,142,0,90,0.0
1788094619.70,000F,105,0,90,0.0
1788094619.73,0010,1,1,90,0.0
1788094619.75,0110,0,254,90,0.0
1788094619.77,0011,30,0,90,0.0
1788094619.80,0013,1,0,90,0.0
1788094619.80,010B,43,0,90,0.0
1788094619.83,001C,10,0,90,0.0
1788094619.85,0110,0,245,90,0.0
1788094619.86,001F,0,140,90,0.0
1788094619.89,0020,128,21,90,0.0
1788094619.90,010B,43,0,90,0.0
1788094619.93,0021,0,0,90,0.0
1788094619.95,0110,0,251,90,0.0
1788094619.97,002C,0,0,90,0.0
1788094620.00,002E,27,0,90,0.0
1788094620.00,010B,43,0,90,0.0
1788094620.03,0030,255,0,90,0.0
1788094620.05,0110,0,248,90,0.0
1788094620.06,003C,21,173,90,0.0
1788094620.09,0040,104,0,90,0.0
1788094620.10,010B,43,0,90,0.0
1788094620.13,0042,52,236,90,0.0
1788094620.15,0110,1,4,90,0.0
1788094620.19,0200,0,0,90,0.0
1788094620.20,010B,43,0,90,0.0
1788094620.22,0202,0,0,90,0.0
1788094620.25,0900,6,54,90,0.0
1788094620.29,0968,0,0,90,0.0
1788094620.30,010B,43,0,90,0.0
1788094620.32,096E,10,240,90,0.0
1788094620.35,097C,108,171,90,0.0
1788094620.35,0110,0,248,90,0.0
1788094620.39,098E,0,0,90,0.0
1788094620.40,010B,43,0,90,0.0
1788094620.42,1101,1,0,90,0.0
1788094620.45,1103,4,0,90,0.0
1788094620.49,1104,1,0,90,0.0
1788094620.50,010B,43,0,90,0.0
1788094620.52,114A,40,192,90,0.0
1788094620.55,114D,34,192,90,0.0
1788094620.55,0110,0,248,90,0.0
1788094620.58,1153,57,195,90,0.0
1788094620.60,010B,43,0,90,0.0
1788094620.61,1154,29,192,90,0.0
1788094620.65,1169,29,189,90,0.0
1788094620.65,0110,0,242,90,0.0
1788094620.68,1173,3,87,90,0.0
1788094620.70,010B,43,0,90,0.0
1788094620.71,1177,20,100,90,0.0
1788094620.74,1410,1,52,90,0.0
1788094620.75,0110,1,4,90,0.0
1788094620.77,1631,1,0,90,0.0
1788094620.80,010B,43,0,90,0.0
1788094620.81,1678,0,0,90,0.0
1788094620.84,1681,0,0,90,0.0
1788094620.85,0110,0,254,90,0.0
1788094620.87,16CD,0,0,90,0.0
1788094620.90,16CE,255,252,90,0.0
1788094620.93,16CF,13,132,90,0.0
1788094620.95,0110,0,251,90,0.0
1788094620.97,16E8,82,75,90,0.0
1788094621.01,16E9,0,117,90,0.0
1788094621.04,16F0,3,131,90,0.0
1788094621.05,0110,0,251,90,0.0
1788094621.07,1704,0,0,90,0.0
1788094621.10,1706,128,0,90,0.0
1788094621.13,1709,0,0,90,0.0
1788094621.15,0110,0,251,90,0.0
1788094621.17,1717,1,0,90,0.0
1788094621.20,1718,1,0,90,0.0
1788094621.20,010B,43,0,90,0.0
1788094621.23,1746,0,0,90,0.0
1788094621.25,0110,0,245,90,0.0
1788094621.26,1782,135,64,90,0.0
1788094621.29,1783,110,192,90,0.0
1788094621.30,010B,43,0,90,0.0
1788094621.33,17A0,32,0,90,0.0
1788094621.35,0110,0,251,90,0.0
1788094621.36,17A6,0,0,90,0.0
1788094621.39,17B0,18,0,90,0.0
1788094621.40,010B,43,0,90,0.0
1788094621.42,17B1,32,0,90,0.0
1788094621.45,0110,1,1,90,0.0
1788094621.46,17B3,138,0,90,0.0
1788094621.49,17B3,138,0,90,0.0
1788094621.50,010B,43,0,90,0.0
1788094621.53,17B5,80,0,90,0.0
1788094621.56,17B6,0,0,90,0.0
1788094621.59,17B8,238,0,90,0.0
1788094621.60,010B,43,0,90,0.0
1788094621.62,17BA,0,0,90,0.0
1788094621.65,17BB,0,0,90,0.0
1788094621.69,17BC,0,0,90,0.0
1788094621.70,010B,43,0,90,0.0
1788094621.72,17BD,49,0,90,0.0
1788094621.75,17BE,0,0,90,0.0
1788094621.75,0110,0,251,90,0.0
1788094621.78,17C1,234,0,90,0.0
1788094621.80,010B,43,0,90,0.0
1788094621.81,3201,23,112,90,0.0
1788094621.85,990A,43,0,90,0.0
1788094621.85,0110,0,251,90,0.0
1788094621.88,996E,13,92,90,0.0
1788094621.90,010B,43,0,90,0.0
1788094621.91,A211,0,0,90,0.0
1788094621.94,D100,129,0,90,0.0
1788094621.95,0110,0,248,90,0.0
1788094621.97,E21B,90,74,90,0.0
1788094622.00,010B,43,0,90,0.0
1788094622.01,E21C,49,56,90,0.0
1788094622.04,E21D,56,56,90,0.0
1788094622.05,0110,0,248,90,0.0
1788094622.07,E21E,70,0,90,0.0
1788094622.10,E6F0,90,74,90,0.0
1788094622.13,E6F2,240,0,90,0.0
1788094622.15,0110,0,248,90,0.0
1788094622.16,E6F3,240,0,90,0.0
1788094622.20,0105,130,0,90,0.0
1788094622.20,010B,43,0,90,0.0
1788094622.23,010F,105,0,90,0.0
1788094622.25,0110,0,251,90,0.0
1788094622.26,0110,0,248,90,0.0
1788094622.29,010B,43,0,90,0.0
1788094622.30,010B,43,0,90,0.0
1788094622.33,0106,128,0,90,0.0
1788094622.35,0110,0,251,90,0.0
1788094622.36,0107,131,0,90,0.0
1788094622.39,010E,143,0,90,0.0
1788094622.40,010B,43,0,90,0.0
1788094622.43,0142,52,253,90,0.0
1788094622.45,0110,0,254,90,0.0
1788094622.46,0000,190,63,90,0.0
1788094622.49,0002,0,0,90,0.0
1788094622.50,010B,43,0,90,0.0
1788094622.52,0003,2,0,90,0.0
1788094622.55,0110,0,254,90,0.0
1788094622.56,0005,130,0,90,0.0
1788094622.59,0006,128,0,90,0.0
1788094622.60,010B,43,0,90,0.0
1788094622.62,0007,131,0,90,0.0
1788094622.65,0110,0,254,90,0.0
1788094622.66,000B,43,0,90,0.0
1788094622.69,000C,11,14,90,0.0
1788094622.70,010B,43,0,90,0.0
1788094622.73,000D,0,0,90,0.0
1788094622.76,000E,140,0,90,0.0
1788094622.79,000F,105,0,90,0.0
1788094622.80,010B,43,0,90,0.0
1788094622.82,0010,0,251,90,0.0
1788094622.85,0011,30,0,90,0.0
1788094622.88,0013,1,0,90,0.0
1788094622.90,010B,43,0,90,0.0
1788094622.92,001C,10,0,90,0.0
1788094622.95,001F,0,144,90,0.0
1788094622.95,0110,0,251,90,0.0
1788094622.98,0020,128,21,90,0.0
1788094623.00,010B,43,0,90,0.0
1788094623.01,0021,0,0,90,0.0
1788094623.04,002C,0,0,90,0.0
1788094623.05,0110,0,251,90,0.0
1788094623.08,002E,33,0,90,0.0
1788094623.10,010B,43,0,90,0.0
1788094623.12,0030,255,0,90,0.0
1788094623.15,003C,21,170,90,0.0
1788094623.15,0110,1,1,90,0.0
1788094623.18,0040,104,0,90,0.0
1788094623.20,010B,43,0,90,0.0
1788094623.21,0042,53,7,90,0.0
1788094623.24,0043,0,69,90,0.0
1788094623.25,0110,0,248,90,0.0
1788094623.28,0200,0,0,90,0.0
1788094623.30,010B,43,0,90,0.0
1788094623.31,0202,0,0,90,0.0
1788094623.34,0900,6,54,90,0.0
1788094623.35,0110,1,4,90,0.0
1788094623.37,0968,0,0,90,0.0
1788094623.40,010B,43,0,90,0.0
1788094623.40,096E,10,240,90,0.0
1788094623.44,097C,108,172,90,0.0
1788094623.45,0110,0,248,90,0.0
1788094623.45,17B3,138,0,90,0.0
1788094623.47,098E,0,0,90,0.0
1788094623.50,010B,43,0,90,0.0
1788094623.54,1103,4,0,90,0.0
1788094623.55,0110,0,248,90,0.0
1788094623.57,1104,1,0,90,0.0
1788094623.61,114A,40,192,90,0.0
1788094623.64,114D,34,192,90,0.0
1788094623.65,0110,0,251,90,0.0
1788094623.67,1153,57,73,90,0.0
1788094623.70,1154,29,192,90,0.0
1788094623.73,1169,29,189,90,0.0
1788094623.75,0110,0,248,90,0.0
1788094623.76,1173,3,97,90,0.0
1788094623.80,1177,20,80,90,0.0
1788094623.80,010B,43,0,90,0.0
1788094623.83,1410,1,52,90,0.0
1788094623.85,0110,0,254,90,0.0
1788094623.86,1631,1,0,90,0.0
1788094623.89,1678,0,0,90,0.0
1788094623.90,010B,43,0,90,0.0
1788094623.92,1681,0,0,90,0.0
1788094623.95,0110,0,251,90,0.0
1788094623.96,16CD,0,0,90,0.0
1788094623.99,16CE,255,250,90,0.0
1788094624.00,010B,43,0,90,0.0
1788094624.02,16CF,13,128,90,0.0
1788094624.05,0110,0,251,90,0.0
1788094624.08,16E9,0,117,90,0.0
1788094624.10,010B,43,0,90,0.0
1788094624.13,16F0,3,131,90,0.0
1788094624.15,1704,0,0,90,0.0
1788094624.15,0110,0,254,90,0.0
1788094624.19,1706,128,0,90,0.0
1788094624.20,010B,43,0,90,0.0
1788094624.22,1709,0,0,90,0.0
1788094624.25,1717,1,0,90,0.0
1788094624.28,1718,1,0,90,0.0
1788094624.30,010B,43,0,90,0.0
1788094624.32,1746,0,0,90,0.0
1788094624.35,1782,135,64,90,0.0
1788094624.35,0110,0,248,90,0.0
1788094624.38,1783,110,192,90,0.0
1788094624.40,010B,43,0,90,0.0
1788094624.41,17A0,32,0,90,0.0
1788094624.44,17A6,0,0,90,0.0
1788094624.45,0110,0,251,90,0.0
1788094624.48,17B0,19,0,90,0.0
1788094624.50,010B,43,0,90,0.0
1788094624.51,17B1,32,0,90,0.0
1788094624.55,17B2,4,0,90,0.0
1788094624.55,0110,0,248,90,0.0
1788094624.58,17B3,138,0,90,0.0
1788094624.60,010B,43,0,90,0.0
1788094624.61,17B5,80,0,90,0.0
1788094624.65,17B6,0,0,90,0.0
1788094624.65,0110,0,248,90,0.0
1788094624.68,17B8,238,0,90,0.0
1788094624.70,010B,43,0,90,0.0
1788094624.71,17BA,0,0,90,0.0
1788094624.74,17BB,0,0,90,0.0
1788094624.75,0110,0,251,90,0.0
1788094624.77,17BC,0,0,90,0.0
1788094624.80,010B,43,0,90,0.0
1788094624.80,17BD,49,0,90,0.0
1788094624.84,17BE,0,0,90,0.0
1788094624.85,0110,0,254,90,0.0
1788094624.87,17C1,234,0,90,0.0
1788094624.90,3201,23,112,90,0.0
1788094624.94,990A,43,0,90,0.0
1788094624.95,0110,0,233,90,0.0
1788094624.96,996E,13,132,90,0.0
1788094625.00,A211,0,0,90,0.0
1788094625.04,D100,129,0,90,0.0
1788094625.05,0110,0,197,90,0.0
1788094625.07,E21B,90,74,90,0.0
1788094625.10,E21C,49,56,90,0.0
1788094625.13,E21D,56,56,90,0.0
1788094625.15,0110,0,175,90,0.0
1788094625.16,E21E,70,0,90,0.0
1788094625.20,E6F0,90,74,90,0.0
1788094625.20,010B,41,0,90,0.0
1788094625.23,E6F2,240,0,90,0.0
1788094625.25,0110,0,180,90,0.0
1788094625.26,E6F3,240,0,90,0.0
1788094625.29,0105,130,0,90,0.0
1788094625.30,010B,40,0,90,0.0
1788094625.32,010F,105,0,90,0.0
1788094625.35,0110,0,180,90,0.0
1788094625.35,0110,0,180,90,0.0
1788094625.39,010B,39,0,90,0.0
1788094625.40,010B,39,0,90,0.0
1788094625.42,0106,129,0,90,0.0
1788094625.45,0110,0,178,90,0.0
1788094625.45,17B3,138,0,90,0.0
1788094625.46,0107,131,0,90,0.0
1788094625.49,010E,129,0,90,0.0
1788094625.50,010B,38,0,90,0.0
1788094625.52,0142,53,81,90,0.0
1788094625.56,0000,190,63,90,0.0
1788094625.59,0002,0,0,90,0.0
1788094625.60,010B,37,0,90,0.0
1788094625.62,0003,2,0,90,0.0
1788094625.65,0005,130,0,90,0.0
1788094625.68,0006,127,0,90,0.0
1788094625.70,010B,36,0,90,0.0
1788094625.72,0007,131,0,90,0.0
1788094625.75,000B,36,0,90,0.0
1788094625.75,0110,0,171,90,0.0
1788094625.78,000C,11,164,90,0.0
1788094625.80,010B,35,0,90,0.0
1788094625.81,000D,0,0,90,0.0
1788094625.84,000E,125,0,90,0.0
1788094625.85,0110,0,178,90,0.0
1788094625.88,000F,105,0,90,0.0
1788094625.90,010B,35,0,90,0.0
1788094625.91,0010,0,175,90,0.0
1788094625.94,0011,30,0,90,0.0
1788094625.95,0110,0,178,90,0.0
1788094625.97,0013,1,0,90,0.0
1788094626.00,010B,34,0,90,0.0
1788094626.01,001C,10,0,90,0.0
1788094626.04,001F,0,147,90,0.0
1788094626.05,0110,0,175,90,0.0
1788094626.07,0020,128,21,90,0.0
1788094626.10,0021,0,0,90,0.0
1788094626.10,010B,33,0,90,0.0
1788094626.14,002C,0,0,90,0.0
1788094626.15,0110,0,175,90,0.0
1788094626.17,002E,30,0,90,0.0
1788094626.20,0030,255,0,90,0.0
1788094626.24,003C,21,167,90,0.0
1788094626.25,0110,0,168,90,0.0
1788094626.26,0040,104,0,90,0.0
1788094626.30,0042,53,89,90,0.0
1788094626.33,0043,0,49,90,0.0
1788094626.35,0110,0,168,90,0.0
1788094626.36,0200,0,0,90,0.0
1788094626.40,0202,0,0,90,0.0
1788094626.40,010B,32,0,90,0.0
1788094626.43,0900,5,100,90,0.0
1788094626.45,0110,0,171,90,0.0
1788094626.46,0968,0,0,90,0.0
1788094626.49,096E,10,240,90,0.0
1788094626.50,010B,32,0,90,0.0
1788094626.53,097C,108,174,90,0.0
1788094626.55,0110,0,164,90,0.0
1788094626.56,098E,0,0,90,0.0
1788094626.60,1101,0,0,90,0.0
1788094626.60,010B,31,0,90,0.0
1788094626.63,1103,0,0,90,0.0
1788094626.65,0110,0,166,90,0.0
1788094626.66,1104,0,0,90,0.0
1788094626.69,114A,40,192,90,0.0
1788094626.70,010B,31,0,90,0.0
1788094626.72,114D,34,192,90,0.0
1788094626.76,1153,39,196,90,0.0
1788094626.79,1154,29,192,90,0.0
1788094626.80,010B,31,0,90,0.0
1788094626.82,1169,29,189,90,0.0
1788094626.85,1173,2,233,90,0.0
1788094626.88,1177,18,12,90,0.0
1788094626.90,010B,31,0,90,0.0
1788094626.92,1410,0,203,90,0.0
1788094626.95,1631,1,0,90,0.0
1788094626.95,0110,0,168,90,0.0
1788094626.98,1678,0,0,90,0.0
1788094627.00,010B,31,0,90,0.0
1788094627.01,1681,0,0,90,0.0
1788094627.04,16CD,0,0,90,0.0
1788094627.05,0110,0,168,90,0.0
1788094627.08,16CE,0,0,90,0.0
1788094627.10,010B,31,0,90,0.0
1788094627.12,16CF,13,133,90,0.0
1788094627.15,16E8,72,179,90,0.0
1788094627.15,0110,0,168,90,0.0
1788094627.18,16E9,0,116,90,0.0
1788094627.20,010B,31,0,90,0.0
1788094627.21,16F0,3,131,90,0.0
1788094627.24,1704,0,0,90,0.0
1788094627.25,0110,0,171,90,0.0
1788094627.28,1706,128,0,90,0.0
1788094627.30,010B,31,0,90,0.0
1788094627.31,1709,0,0,90,0.0
1788094627.34,1717,1,0,90,0.0
1788094627.35,0110,0,166,90,0.0
1788094627.37,1718,1,0,90,0.0
1788094627.41,1746,0,0,90,0.0
1788094627.44,1782,135,0,90,0.0
1788094627.45,0110,0,166,90,0.0
1788094627.45,0142,52,244,90,0.0
1788094627.46,17B3,138,0,90,0.0
1788094627.47,1783,110,192,90,0.0
1788094627.50,17A0,31,0,90,0.0
1788094627.50,010B,31,0,90,0.0
1788094627.53,17A6,0,0,90,0.0
1788094627.55,0110,0,173,90,0.0
1788094627.57,17B0,19,0,90,0.0
1788094627.60,17B1,32,0,90,0.0
1788094627.64,17B2,4,0,90,0.0
1788094627.65,0110,0,173,90,0.0
1788094627.67,17B3,138,0,90,0.0
1788094627.70,17B5,80,0,90,0.0
1788094627.73,17B6,0,0,90,0.0
1788094627.75,0110,0,168,90,0.0
1788094627.77,17B8,238,0,90,0.0
1788094627.80,17BA,0,0,90,0.0
1788094627.80,010B,31,0,90,0.0
1788094627.83,17BB,0,0,90,0.0
1788094627.85,0110,0,175,90,0.0
1788094627.86,17BC,0,0,90,0.0
1788094627.89,17BD,49,0,90,0.0
1788094627.90,010B,31,0,90,0.0
1788094627.92,17BE,0,0,90,0.0
1788094627.95,0110,0,171,90,0.0
1788094627.96,17C1,234,0,90,0.0
1788094627.99,3201,23,112,90,0.0
1788094628.00,010B,31,0,90,0.0
1788094628.02,990A,43,0,90,0.0
1788094628.05,996E,13,152,90,0.0
1788094628.08,A211,0,0,90,0.0
1788094628.10,010B,32,0,90,0.0
1788094628.12,D100,129,0,90,0.0
1788094628.16,E21B,90,74,90,0.0
1788094628.19,E21C,49,56,90,0.0
1788094628.20,010B,32,0,90,0.0
1788094628.22,E21D,56,56,90,0.0
1788094628.25,E21E,70,0,90,0.0
1788094628.28,E6F0,90,74,90,0.0
1788094628.30,010B,32,0,90,0.0
1788094628.32,E6F2,240,0,90,0.0
1788094628.35,E6F3,240,0,90,0.0
1788094628.35,0110,0,168,90,0.0
1788094628.38,0105,130,0,90,0.0
1788094628.40,010B,32,0,90,0.0
1788094628.41,010F,105,0,90,0.0
1788094628.44,0110,0,166,90,0.0
1788094628.45,0110,0,171,90,0.0
1788094628.47,010B,32,0,90,0.0
1788094628.50,010B,32,0,90,0.0
1788094628.51,0106,127,0,90,0.0
1788094628.54,0107,131,0,90,0.0
1788094628.55,0110,0,175,90,0.0
1788094628.57,010E,147,0,90,0.0
1788094628.60,010B,32,0,90,0.0
1788094628.60,0142,53,11,90,0.0
1788094628.64,0000,190,63,90,0.0
1788094628.65,0110,0,171,90,0.0
1788094628.67,0002,0,0,90,0.0
1788094628.70,0003,2,0,90,0.0
1788094628.70,010B,32,0,90,0.0
1788094628.74,0005,130,0,90,0.0
1788094628.75,0110,0,171,90,0.0
1788094628.77,0006,128,0,90,0.0
1788094628.81,0007,131,0,90,0.0
1788094628.84,000B,31,0,90,0.0
1788094628.85,0110,0,168,90,0.0
1788094628.87,000C,11,10,90,0.0
1788094628.90,000D,0,0,90,0.0
1788094628.93,000E,144,0,90,0.0
1788094628.95,0110,0,166,90,0.0
1788094628.96,000F,105,0,90,0.0
1788094629.00,0010,0,166,90,0.0
1788094629.00,010B,31,0,90,0.0
1788094629.03,0011,30,0,90,0.0
1788094629.05,0110,0,171,90,0.0
1788094629.06,0013,1,0,90,0.0
1788094629.10,001C,10,0,90,0.0
1788094629.13,001F,0,150,90,0.0
1788094629.15,0110,0,166,90,0.0
1788094629.16,0020,128,21,90,0.0
1788094629.20,0021,0,0,90,0.0
1788094629.20,010B,31,0,90,0.0
1788094629.23,002C,0,0,90,0.0
1788094629.25,0110,0,171,90,0.0
1788094629.26,002E,29,0,90,0.0
1788094629.29,0030,255,0,90,0.0
1788094629.30,010B,31,0,90,0.0
1788094629.32,003C,21,164,90,0.0
1788094629.35,0110,0,168,90,0.0
1788094629.36,0040,104,0,90,0.0
1788094629.39,0042,53,6,90,0.0
1788094629.40,010B,31,0,90,0.0
1788094629.42,0043,0,47,90,0.0
1788094629.45,0200,0,0,90,0.0
1788094629.48,0202,0,0,90,0.0
1788094629.50,010B,31,0,90,0.0
1788094629.52,0900,5,85,90,0.0
1788094629.55,0968,0,0,90,0.0
1788094629.55,0110,0,171,90,0.0
1788094629.58,096E,10,240,90,0.0
1788094629.60,010B,31,0,90,0.0
1788094629.62,097C,108,175,90,0.0
1788094629.65,098E,0,0,90,0.0
1788094629.68,1101,0,0,90,0.0
1788094629.70,010B,31,0,90,0.0
1788094629.72,1103,0,0,90,0.0
1788094629.75,1104,0,0,90,0.0
1788094629.75,0110,0,171,90,0.0
1788094629.78,114A,40,192,90,0.0
1788094629.80,010B,31,0,90,0.0
1788094629.81,114D,34,192,90,0.0
1788094629.84,1153,40,186,90,0.0
1788094629.85,0110,0,171,90,0.0
1788094629.88,1154,29,192,90,0.0
1788094629.90,010B,31,0,90,0.0
1788094629.91,1169,29,189,90,0.0
1788094629.94,1173,0,115,90,0.0
1788094629.95,0110,0,171,90,0.0
1788094629.97,1177,18,12,90,0.0
1788094630.00,010B,31,0,90,0.0
1788094630.00,1410,0,215,90,0.0
1788094630.04,1631,1,0,90,0.0
1788094630.05,0110,0,166,90,0.0
1788094630.07,1678,0,0,90,0.0
1788094630.11,1681,0,0,90,0.0
1788094630.13,16CD,0,0,90,0.0
1788094630.15,0110,0,166,90,0.0
1788094630.17,16CE,0,0,90,0.0
1788094630.21,16CF,13,95,90,0.0
1788094630.24,16E8,72,48,90,0.0
1788094630.25,0110,0,171,90,0.0
1788094630.27,16E9,0,116,90,0.0
1788094630.30,16F0,3,131,90,0.0
1788094630.30,010B,31,0,90,0.0
1788094630.33,1704,0,0,90,0.0
1788094630.35,0110,0,164,90,0.0
1788094630.36,1706,128,0,90,0.0
1788094630.40,1709,0,0,90,0.0
1788094630.40,010B,31,0,90,0.0
1788094630.43,1717,1,0,90,0.0
1788094630.45,0110,0,173,90,0.0
1788094630.46,1718,1,0,90,0.0
1788094630.49,1746,0,0,90,0.0
1788094630.50,010B,31,0,90,0.0
1788094630.52,1782,135,0,90,0.0
1788094630.55,0110,0,173,90,0.0
1788094630.56,1783,110,192,90,0.0
1788094630.60,17A0,31,0,90,0.0
1788094630.60,010B,31,0,90,0.0
1788094630.63,17A6,0,0,90,0.0
1788094630.65,0110,0,168,90,0.0
1788094630.66,17B0,19,0,90,0.0
1788094630.69,17B1,32,0,90,0.0
1788094630.70,010B,31,0,90,0.0
1788094630.72,17B2,4,0,90,0.0
1788094630.75,0110,0,171,90,0.0
1788094630.79,17B5,80,0,90,0.0
1788094630.80,010B,31,0,90,0.0
1788094630.82,17B6,0,0,90,0.0
1788094630.85,17B8,238,0,90,0.0
1788094630.88,17BA,0,0,90,0.0
1788094630.90,010B,31,0,90,0.0
1788094630.92,17BB,0,0,90,0.0
1788094630.95,17BC,0,0,90,0.0
1788094630.95,0110,0,166,90,0.0
1788094630.98,17BD,49,0,90,0.0
1788094631.00,010B,31,0,90,0.0
1788094631.01,17BE,0,0,90,0.0
1788094631.05,17C1,234,0,90,0.0
1788094631.08,3201,23,112,90,0.0
1788094631.10,010B,31,0,90,0.0
1788094631.12,990A,42,0,90,0.0
1788094631.15,996E,13,172,90,0.0
1788094631.15,0110,0,166,90,0.0
1788094631.18,A211,0,0,90,0.0
1788094631.20,010B,31,0,90,0.0
1788094631.21,D100,129,0,90,0.0
1788094631.25,E21B,90,74,90,0.0
1788094631.25,0110,0,168,90,0.0
1788094631.28,E21C,49,56,90,0.0
1788094631.30,010B,31,0,90,0.0
1788094631.31,E21D,56,56,90,0.0
1788094631.35,E21E,70,0,90,0.0
1788094631.35,0110,0,168,90,0.0
1788094631.38,E6F0,90,74,90,0.0
1788094631.40,010B,31,0,90,0.0
1788094631.41,E6F2,240,0,90,0.0
1788094631.44,E6F3,240,0,90,0.0
1788094631.45,0110,0,164,90,0.0
1788094631.45,17B3,138,0,90,0.0
1788094631.47,0105,130,0,90,0.0
1788094631.50,010B,31,0,90,0.0
1788094631.51,010F,105,0,90,0.0
1788094631.54,0110,0,166,90,0.0
1788094631.55,0110,0,171,90,0.0
1788094631.57,010B,31,0,90,0.0
1788094631.60,010B,31,0,90,0.0
1788094631.61,0106,128,0,90,0.0
1788094631.64,0107,131,0,90,0.0
1788094631.65,0110,0,171,90,0.0
1788094631.67,010E,147,0,90,0.0
1788094631.70,010B,31,0,90,0.0
1788094631.70,0142,53,10,90,0.0
1788094631.74,0000,190,63,90,0.0
1788094631.75,0110,0,166,90,0.0
1788094631.77,0002,0,0,90,0.0
1788094631.80,0003,2,0,90,0.0
1788094631.84,0005,130,0,90,0.0
1788094631.85,0110,0,173,90,0.0
1788094631.87,0006,128,0,90,0.0
1788094631.90,0007,131,0,90,0.0
1788094631.90,010B,31,0,90,0.0
1788094631.93,000B,31,0,90,0.0
1788094631.95,0110,0,171,90,0.0
1788094631.96,000C,10,243,90,0.0
1788094632.00,000D,0,0,90,0.0
1788094632.00,010B,31,0,90,0.0
1788094632.04,000E,147,0,90,0.0
1788094632.05,0110,0,171,90,0.0
1788094632.07,000F,105,0,90,0.0
1788094632.10,0010,0,168,90,0.0
1788094632.10,010B,31,0,90,0.0
1788094632.13,0011,30,0,90,0.0
1788094632.15,0110,0,168,90,0.0
1788094632.16,0013,1,0,90,0.0
1788094632.20,001C,10,0,90,0.0
1788094632.20,010B,31,0,90,0.0
1788094632.23,001F,0,153,90,0.0
1788094632.25,0110,0,171,90,0.0
1788094632.26,0020,128,21,90,0.0
1788094632.29,0021,0,0,90,0.0
1788094632.30,010B,31,0,90,0.0
1788094632.32,002C,0,0,90,0.0
1788094632.35,0110,0,166,90,0.0
1788094632.36,002E,29,0,90,0.0
1788094632.39,0030,255,0,90,0.0
1788094632.40,010B,31,0,90,0.0
1788094632.42,003C,21,161,90,0.0
1788094632.45,0040,104,0,90,0.0
1788094632.48,0042,53,18,90,0.0
1788094632.50,010B,31,0,90,0.0
1788094632.52,0043,0,47,90,0.0
1788094632.55,0200,0,0,90,0.0
1788094632.55,0110,0,171,90,0.0
1788094632.59,0202,0,0,90,0.0
1788094632.60,010B,31,0,90,0.0
1788094632.62,0900,5,90,90,0.0
1788094632.65,0968,0,0,90,0.0
1788094632.68,096E,10,240,90,0.0
1788094632.70,010B,31,0,90,0.0
1788094632.72,097C,108,176,90,0.0
1788094632.75,098E,0,0,90,0.0
1788094632.75,0110,0,171,90,0.0
1788094632.78,1101,0,0,90,0.0
1788094632.80,010B,31,0,90,0.0
1788094632.81,1103,0,0,90,0.0
1788094632.84,1104,0,0,90,0.0
1788094632.85,0110,0,175,90,0.0
1788094632.88,114A,40,192,90,0.0
1788094632.90,010B,31,0,90,0.0
1788094632.92,114D,34,192,90,0.0
1788094632.95,1153,40,62,90,0.0
1788094632.95,0110,0,168,90,0.0
1788094632.98,1154,29,192,90,0.0
1788094633.00,010B,31,0,90,0.0
1788094633.01,1169,29,189,90,0.0
1788094633.04,1173,0,95,90,0.0
1788094633.05,0110,0,173,90,0.0
1788094633.08,1177,18,12,90,0.0
1788094633.10,010B,31,0,90,0.0
1788094633.11,1410,0,214,90,0.0
1788094633.14,1631,1,0,90,0.0
1788094633.16,0110,0,168,90,0.0
1788094633.17,1678,0,0,90,0.0
1788094633.20,010B,31,0,90,0.0
1788094633.21,1681,0,0,90,0.0
1788094633.24,16CD,0,0,90,0.0
1788094633.25,0110,0,166,90,0.0
1788094633.28,16CE,255,255,90,0.0
1788094633.31,16CF,13,132,90,0.0
1788094633.34,16E8,74,22,90,0.0
1788094633.35,0110,0,173,90,0.0
1788094633.37,16E9,0,116,90,0.0
1788094633.40,16F0,3,131,90,0.0
1788094633.44,1704,0,0,90,0.0
1788094633.45,0110,0,171,90,0.0
1788094633.46,17B3,138,0,90,0.0
1788094633.47,1706,128,0,90,0.0
1788094633.50,1709,0,0,90,0.0
1788094633.53,1717,1,0,90,0.0
1788094633.55,0110,0,166,90,0.0
1788094633.56,1718,1,0,90,0.0
1788094633.60,1746,0,0,90,0.0
1788094633.60,010B,31,0,90,0.0
1788094633.64,1782,135,0,90,0.0
1788094633.65,0110,0,171,90,0.0
1788094633.67,1783,110,192,90,0.0
1788094633.70,17A0,31,0,90,0.0
1788094633.70,010B,31,0,90,0.0
1788094633.73,17A6,0,0,90,0.0
1788094633.75,0110,0,168,90,0.0
1788094633.76,17B0,19,0,90,0.0
1788094633.80,17B1,32,0,90,0.0
1788094633.80,010B,31,0,90,0.0
1788094633.83,17B2,4,0,90,0.0
1788094633.85,0110,0,168,90,0.0
1788094633.86,17B3,138,0,90,0.0
1788094633.89,17B5,80,0,90,0.0
1788094633.90,010B,31,0,90,0.0
1788094633.92,17B6,0,0,90,0.0
1788094633.95,0110,0,173,90,0.0
1788094633.96,17B8,238,0,90,0.0
1788094633.99,17BA,0,0,90,0.0
1788094634.00,010B,31,0,90,0.0
1788094634.02,17BB,0,0,90,0.0
1788094634.05,17BC,0,0,90,0.0
1788094634.09,17BD,49,0,90,0.0
1788094634.10,010B,31,0,90,0.0
1788094634.12,17BE,0,0,90,0.0
1788094634.16,17C1,234,0,90,0.0
1788094634.19,3201,23,112,90,0.0
1788094634.20,010B,31,0,90,0.0
1788094634.22,990A,42,0,90,0.0
1788094634.25,996E,13,172,90,0.0
1788094634.28,A211,0,0,90,0.0
1788094634.30,010B,31,0,90,0.0
1788094634.32,D100,129,0,90,0.0
1788094634.35,E21B,90,74,90,0.0
1788094634.35,0110,0,168,90,0.0
1788094634.39,E21C,49,56,90,0.0
1788094634.40,010B,31,0,90,0.0
1788094634.42,E21D,56,56,90,0.0
1788094634.45,E21E,70,0,90,0.0
1788094634.48,E6F0,90,74,90,0.0
1788094634.50,010B,31,0,90,0.0
1788094634.52,E6F2,240,0,90,0.0
1788094634.55,E6F3,240,0,90,0.0
1788094634.55,0110,0,168,90,0.0
1788094634.58,0105,130,0,90,0.0
1788094634.60,010B,31,0,90,0.0
1788094634.61,010F,105,0,90,0.0
1788094634.64,0110,0,168,90,0.0
1788094634.65,0110,0,166,90,0.0
1788094634.68,010B,31,0,90,0.0
1788094634.70,010B,31,0,90,0.0
1788094634.71,0106,128,0,90,0.0
1788094634.74,0107,131,0,90,0.0
1788094634.75,0110,0,171,90,0.0
1788094634.78,010E,144,0,90,0.0
1788094634.80,010B,31,0,90,0.0
1788094634.81,0142,53,15,90,0.0
1788094634.84,0000,190,63,90,0.0
1788094634.85,0110,0,166,90,0.0
1788094634.88,0002,0,0,90,0.0
1788094634.90,010B,31,0,90,0.0
1788094634.91,0003,2,0,90,0.0
1788094634.95,0005,130,0,90,0.0
1788094634.95,0110,0,168,90,0.0
1788094634.98,0006,127,0,90,0.0
1788094635.00,010B,31,0,90,0.0
1788094635.01,0007,131,0,90,0.0
1788094635.04,000B,31,0,90,0.0
1788094635.05,0110,0,168,90,0.0
1788094635.08,000C,11,8,90,0.0
1788094635.10,010B,31,0,90,0.0
1788094635.11,000D,0,0,90,0.0
1788094635.14,000E,145,0,90,0.0
1788094635.15,0110,0,171,90,0.0
1788094635.17,000F,105,0,90,0.0
1788094635.20,0010,0,166,90,0.0
1788094635.24,0011,30,0,90,0.0
1788094635.25,0110,0,168,90,0.0
1788094635.27,0013,1,0,90,0.0
1788094635.30,001C,10,0,90,0.0
1788094635.30,010B,31,0,90,0.0
1788094635.33,001F,0,156,90,0.0
1788094635.35,0110,0,171,90,0.0
1788094635.36,0020,128,21,90,0.0
1788094635.40,0021,0,0,90,0.0
1788094635.40,010B,31,0,90,0.0
1788094635.44,002C,0,0,90,0.0
1788094635.45,0110,0,168,90,0.0
1788094635.46,17B3,138,0,90,0.0
1788094635.47,002E,29,0,90,0.0
1788094635.50,0030,255,0,90,0.0
1788094635.50,010B,31,0,90,0.0
1788094635.53,003C,21,157,90,0.0
1788094635.55,0110,0,168,90,0.0
1788094635.56,0040,104,0,90,0.0
1788094635.60,0042,53,4,90,0.0
1788094635.60,010B,31,0,90,0.0
1788094635.63,0043,0,47,90,0.0
1788094635.65,0110,0,175,90,0.0
1788094635.66,0200,0,0,90,0.0
1788094635.70,0202,0,0,90,0.0
1788094635.70,010B,31,0,90,0.0
1788094635.73,0900,5,85,90,0.0
1788094635.75,0110,0,168,90,0.0
1788094635.76,0968,0,0,90,0.0
1788094635.80,096E,10,240,90,0.0
1788094635.80,010B,31,0,90,0.0
1788094635.83,097C,108,183,90,0.0
1788094635.85,0110,0,168,90,0.0
1788094635.86,098E,0,0,90,0.0
1788094635.89,1101,0,0,90,0.0
1788094635.90,010B,31,0,90,0.0
1788094635.92,1103,0,0,90,0.0
1788094635.95,0110,0,173,90,0.0
1788094635.96,1104,0,0,90,0.0
1788094635.99,114A,41,0,90,0.0
1788094636.00,010B,31,0,90,0.0
1788094636.02,114D,34,192,90,0.0
1788094636.05,1153,40,140,90,0.0
1788094636.08,1154,29,192,90,0.0
1788094636.10,010B,31,0,90,0.0
1788094636.12,1169,29,189,90,0.0
1788094636.15,1173,1,124,90,0.0
1788094636.15,0110,0,173,90,0.0
1788094636.18,1177,18,32,90,0.0
1788094636.20,010B,31,0,90,0.0
1788094636.22,1410,0,211,90,0.0
1788094636.25,1631,1,0,90,0.0
1788094636.28,1678,0,0,90,0.0
1788094636.30,010B,31,0,90,0.0
1788094636.32,1681,0,0,90,0.0
1788094636.35,16CD,0,0,90,0.0
1788094636.35,0110,0,171,90,0.0
1788094636.38,16CE,0,0,90,0.0
1788094636.40,010B,31,0,90,0.0
1788094636.41,16CF,13,138,90,0.0
1788094636.44,16E8,74,254,90,0.0
1788094636.45,0110,0,166,90,0.0
1788094636.48,16E9,0,117,90,0.0
1788094636.50,010B,31,0,90,0.0
1788094636.52,16F0,3,131,90,0.0
1788094636.55,1704,0,0,90,0.0
1788094636.55,0110,0,173,90,0.0
1788094636.58,1706,128,0,90,0.0
1788094636.60,010B,31,0,90,0.0
1788094636.61,1709,0,0,90,0.0
1788094636.64,1717,1,0,90,0.0
1788094636.65,0110,0,171,90,0.0
1788094636.68,1718,1,0,90,0.0
1788094636.70,010B,31,0,90,0.0
1788094636.71,1746,0,0,90,0.0
1788094636.74,1782,135,0,90,0.0
1788094636.75,0110,0,168,90,0.0
1788094636.77,1783,110,192,90,0.0
1788094636.80,010B,31,0,90,0.0
1788094636.80,17A0,30,0,90,0.0
1788094636.84,17A6,0,0,90,0.0
1788094636.85,0110,0,171,90,0.0
1788094636.87,17B0,19,0,90,0.0
1788094636.91,17B1,32,0,90,0.0
1788094636.94,17B2,4,0,90,0.0
1788094636.95,0110,0,164,90,0.0
1788094636.97,17B3,138,0,90,0.0
1788094637.00,17B5,80,0,90,0.0
1788094637.04,17B6,0,0,90,0.0
1788094637.05,0110,0,173,90,0.0
1788094637.07,17B8,238,0,90,0.0
1788094637.10,17BA,0,0,90,0.0
1788094637.10,010B,31,0,90,0.0
1788094637.13,17BB,0,0,90,0.0
1788094637.15,0110,0,168,90,0.0
1788094637.16,17BC,0,0,90,0.0
1788094637.20,17BD,49,0,90,0.0
1788094637.20,010B,31,0,90,0.0
1788094637.23,17BE,0,0,90,0.0
1788094637.25,0110,0,168,90,0.0
1788094637.26,17C1,234,0,90,0.0
1788094637.29,3201,23,112,90,0.0
1788094637.30,010B,31,0,90,0.0
1788094637.32,990A,42,0,90,0.0
1788094637.35,0110,0,168,90,0.0
1788094637.36,996E,13,172,90,0.0
1788094637.39,A211,0,0,90,0.0
1788094637.40,010B,31,0,90,0.0
1788094637.42,D100,129,0,90,0.0
1788094637.45,E21B,90,74,90,0.0
1788094637.48,E21C,49,56,90,0.0
1788094637.50,010B,31,0,90,0.0
1788094637.52,E21D,56,56,90,0.0
1788094637.55,E21E,70,0,90,0.0
1788094637.55,0110,0,168,90,0.0
1788094637.59,E6F0,90,74,90,0.0
1788094637.60,010B,31,0,90,0.0
1788094637.62,E6F2,240,0,90,0.0
1788094637.65,E6F3,240,0,90,0.0
1788094637.68,0105,130,0,90,0.0
1788094637.70,010B,31,0,90,0.0
1788094637.71,010F,104,0,90,0.0
1788094637.75,0110,0,168,90,0.0
1788094637.75,0110,0,168,90,0.0
1788094637.78,010B,31,0,90,0.0
1788094637.80,010B,31,0,90,0.0
1788094637.81,0106,129,0,90,0.0
1788094637.84,0107,131,0,90,0.0
1788094637.85,0110,0,171,90,0.0
1788094637.88,010E,145,0,90,0.0
1788094637.90,010B,31,0,90,0.0
1788094637.91,0142,53,14,90,0.0
1788094637.95,0000,190,63,90,0.0
1788094637.95,0110,0,168,90,0.0
1788094637.98,0002,0,0,90,0.0
1788094638.00,010B,31,0,90,0.0
1788094638.01,0003,2,0,90,0.0
1788094638.04,0005,130,0,90,0.0
1788094638.05,0110,0,171,90,0.0
1788094638.08,0006,129,0,90,0.0
1788094638.10,010B,31,0,90,0.0
1788094638.11,0007,131,0,90,0.0
1788094638.14,000B,31,0,90,0.0
1788094638.15,0110,0,166,90,0.0
1788094638.17,000C,11,8,90,0.0
1788094638.20,000D,0,0,90,0.0
1788094638.24,000E,145,0,90,0.0
1788094638.25,0110,0,171,90,0.0
1788094638.27,000F,105,0,90,0.0
1788094638.30,0010,0,166,90,0.0
1788094638.30,010B,31,0,90,0.0
1788094638.33,0011,30,0,90,0.0
1788094638.35,0110,0,168,90,0.0
1788094638.36,0013,1,0,90,0.0
1788094638.40,001C,10,0,90,0.0
1788094638.44,001F,0,160,90,0.0
1788094638.45,0110,0,166,90,0.0
1788094638.47,0020,128,21,90,0.0
1788094638.50,0021,0,0,90,0.0
1788094638.50,010B,31,0,90,0.0
1788094638.53,002C,0,0,90,0.0
1788094638.55,0110,0,168,90,0.0
1788094638.56,002E,29,0,90,0.0
1788094638.60,0030,255,0,90,0.0
1788094638.60,010B,31,0,90,0.0
1788094638.63,003C,21,153,90,0.0
1788094638.65,0110,0,166,90,0.0
1788094638.66,0040,104,0,90,0.0
1788094638.69,0042,53,21,90,0.0
1788094638.70,010B,31,0,90,0.0
1788094638.72,0043,0,47,90,0.0
1788094638.75,0110,0,168,90,0.0
1788094638.76,0200,0,0,90,0.0
1788094638.79,0202,0,0,90,0.0
1788094638.80,010B,31,0,90,0.0
1788094638.82,0900,5,80,90,0.0
1788094638.85,0110,0,171,90,0.0
1788094638.86,0968,0,0,90,0.0
1788094638.89,096E,10,240,90,0.0
1788094638.90,010B,31,0,90,0.0
1788094638.92,097C,108,184,90,0.0
1788094638.96,098E,0,0,90,0.0
1788094638.99,1101,0,0,90,0.0
1788094639.00,010B,31,0,90,0.0
1788094639.02,1103,0,0,90,0.0
1788094639.05,1104,0,0,90,0.0
1788094639.08,114A,41,0,90,0.0
1788094639.10,010B,31,0,90,0.0
1788094639.12,114D,34,192,90,0.0
1788094639.15,1153,40,127,90,0.0
1788094639.15,0110,0,171,90,0.0
1788094639.18,1154,29,192,90,0.0
1788094639.20,010B,31,0,90,0.0
1788094639.21,1169,29,189,90,0.0
1788094639.24,1173,3,92,90,0.0
1788094639.25,0110,0,164,90,0.0
1788094639.28,1177,18,32,90,0.0
1788094639.30,010B,31,0,90,0.0
1788094639.32,1410,0,211,90,0.0
1788094639.35,1631,1,0,90,0.0
1788094639.35,0110,0,171,90,0.0
1788094639.38,1678,0,0,90,0.0
1788094639.40,010B,31,0,90,0.0
1788094639.41,1681,0,0,90,0.0
1788094639.44,16CD,0,0,90,0.0
1788094639.45,0110,0,171,90,0.0
1788094639.46,17B3,138,0,90,0.0
1788094639.48,16CE,0,0,90,0.0
1788094639.50,010B,31,0,90,0.0
1788094639.51,16CF,13,153,90,0.0
1788094639.54,16E8,72,205,90,0.0
1788094639.55,0110,0,171,90,0.0
1788094639.57,16E9,0,115,90,0.0
1788094639.60,16F0,3,131,90,0.0
1788094639.64,1704,0,0,90,0.0
1788094639.65,0110,0,171,90,0.0
1788094639.67,1706,128,0,90,0.0
1788094639.70,1709,0,0,90,0.0
1788094639.70,010B,31,0,90,0.0
1788094639.73,1717,1,0,90,0.0
1788094639.75,0110,0,168,90,0.0
1788094639.76,1718,1,0,90,0.0
1788094639.80,1746,0,0,90,0.0
1788094639.80,010B,31,0,90,0.0
1788094639.83,1782,134,192,90,0.0
1788094639.85,0110,0,168,90,0.0
1788094639.86,1783,110,192,90,0.0
1788094639.90,17A0,31,0,90,0.0
1788094639.90,010B,31,0,90,0.0
1788094639.93,17A6,0,0,90,0.0
1788094639.95,0110,0,168,90,0.0
1788094639.96,17B0,18,0,90,0.0
1788094640.00,17B1,32,0,90,0.0
1788094640.00,010B,31,0,90,0.0
1788094640.03,17B2,4,0,90,0.0
1788094640.05,0110,0,171,90,0.0
1788094640.06,17B3,138,0,90,0.0
1788094640.09,17B5,80,0,90,0.0
1788094640.10,010B,31,0,90,0.0
1788094640.12,17B6,0,0,90,0.0
1788094640.15,0110,0,168,90,0.0
1788094640.16,17B8,238,0,90,0.0
1788094640.19,17BA,0,0,90,0.0
1788094640.20,010B,31,0,90,0.0
1788094640.23,17BB,0,0,90,0.0
1788094640.25,0110,0,166,90,0.0
1788094640.28,17BD,49,0,90,0.0
1788094640.30,010B,31,0,90,0.0
1788094640.32,17BE,0,0,90,0.0
1788094640.36,17C1,234,0,90,0.0
1788094640.39,3201,23,112,90,0.0
1788094640.40,010B,31,0,90,0.0
1788094640.42,990A,42,0,90,0.0
1788094640.45,996E,13,152,90,0.0
1788094640.45,0142,53,19,90,0.0
1788094640.48,A211,0,0,90,0.0
1788094640.50,010B,31,0,90,0.0
1788094640.52,D100,129,0,90,0.0
1788094640.55,E21B,90,74,90,0.0
1788094640.55,0110,0,173,90,0.0
1788094640.58,E21C,49,56,90,0.0
1788094640.60,010B,31,0,90,0.0
1788094640.61,E21D,56,56,90,0.0
1788094640.64,E21E,70,0,90,0.0
1788094640.65,0110,0,168,90,0.0
1788094640.68,E6F0,90,74,90,0.0
1788094640.70,010B,31,0,90,0.0
1788094640.71,E6F2,240,0,90,0.0
1788094640.74,E6F3,240,0,90,0.0
1788094640.75,0110,0,166,90,0.0
1788094640.77,0105,130,0,90,0.0
1788094640.80,010B,31,0,90,0.0
1788094640.80,010F,104,0,90,0.0
1788094640.84,0110,0,168,90,0.0
1788094640.85,0110,0,168,90,0.0
1788094640.87,010B,31,0,90,0.0
1788094640.90,0106,128,0,90,0.0
1788094640.90,010B,31,0,90,0.0
1788094640.93,0107,131,0,90,0.0
1788094640.95,0110,0,168,90,0.0
1788094640.97,010E,147,0,90,0.0
1788094641.00,0142,53,19,90,0.0
1788094641.00,010B,31,0,90,0.0
1788094641.04,0000,190,63,90,0.0
1788094641.05,0110,0,164,90,0.0
1788094641.07,0002,0,0,90,0.0
1788094641.10,0003,2,0,90,0.0
1788094641.10,010B,31,0,90,0.0
1788094641.13,0005,130,0,90,0.0
1788094641.15,0110,0,171,90,0.0
1788094641.16,0006,129,0,90,0.0
1788094641.20,0007,131,0,90,0.0
1788094641.20,010B,31,0,90,0.0
1788094641.24,000B,31,0,90,0.0
1788094641.25,0110,0,173,90,0.0
1788094641.27,000C,10,251,90,0.0
1788094641.30,000D,0,0,90,0.0
1788094641.30,010B,31,0,90,0.0
1788094641.33,000E,147,0,90,0.0
1788094641.35,0110,0,168,90,0.0
1788094641.36,000F,104,0,90,0.0
1788094641.40,0010,0,168,90,0.0
1788094641.40,010B,31,0,90,0.0
1788094641.43,0011,30,0,90,0.0
1788094641.45,0110,0,171,90,0.0
1788094641.46,17B3,138,0,90,0.0
1788094641.49,001C,10,0,90,0.0
1788094641.50,010B,31,0,90,0.0
1788094641.52,001F,0,163,90,0.0
1788094641.55,0110,0,171,90,0.0
1788094641.56,0020,128,21,90,0.0
1788094641.59,0021,0,0,90,0.0
1788094641.60,010B,31,0,90,0.0
1788094641.62,002C,0,0,90,0.0
1788094641.65,002E,29,0,90,0.0
1788094641.68,0030,255,0,90,0.0
1788094641.70,010B,31,0,90,0.0
1788094641.72,003C,21,150,90,0.0
1788094641.75,0040,104,0,90,0.0
1788094641.75,0110,0,171,90,0.0
1788094641.79,0042,53,22,90,0.0
1788094641.80,010B,31,0,90,0.0
1788094641.82,0043,0,47,90,0.0
1788094641.85,0200,0,0,90,0.0
1788094641.85,0110,0,171,90,0.0
1788094641.88,0202,0,0,90,0.0
1788094641.90,010B,31,0,90,0.0
1788094641.92,0900,5,85,90,0.0
1788094641.95,0968,0,0,90,0.0
1788094641.95,0110,0,171,90,0.0
1788094641.98,096E,10,240,90,0.0
1788094642.00,010B,31,0,90,0.0
1788094642.01,097C,108,186,90,0.0
1788094642.04,098E,0,0,90,0.0
1788094642.05,0110,0,168,90,0.0
1788094642.08,1101,0,0,90,0.0
1788094642.10,010B,31,0,90,0.0
1788094642.11,1103,0,0,90,0.0
1788094642.14,1104,0,0,90,0.0
1788094642.15,0110,0,168,90,0.0
1788094642.17,114A,41,0,90,0.0
1788094642.20,010B,31,0,90,0.0
1788094642.20,114D,34,192,90,0.0
1788094642.24,1153,40,64,90,0.0
1788094642.25,0110,0,166,90,0.0
1788094642.28,1154,29,192,90,0.0
1788094642.30,010B,31,0,90,0.0
1788094642.31,1169,29,189,90,0.0
1788094642.34,1173,2,203,90,0.0
1788094642.35,0110,0,171,90,0.0
1788094642.37,1177,18,12,90,0.0
1788094642.40,010B,31,0,90,0.0
1788094642.40,1410,0,217,90,0.0
1788094642.44,1631,1,0,90,0.0
1788094642.45,0110,0,164,90,0.0
1788094642.48,1678,0,0,90,0.0
1788094642.51,1681,0,0,90,0.0
1788094642.54,16CD,0,0,90,0.0
1788094642.55,0110,0,171,90,0.0
1788094642.57,16CE,0,0,90,0.0
1788094642.60,16CF,13,135,90,0.0
1788094642.64,16E8,72,6,90,0.0
1788094642.65,0110,0,171,90,0.0
1788094642.67,16E9,0,116,90,0.0
1788094642.70,16F0,3,131,90,0.0
1788094642.70,010B,31,0,90,0.0
1788094642.73,1704,0,0,90,0.0
1788094642.75,0110,0,166,90,0.0
1788094642.76,1706,128,0,90,0.0
1788094642.80,1709,0,0,90,0.0
1788094642.84,1717,1,0,90,0.0
1788094642.85,0110,0,168,90,0.0
1788094642.87,1718,1,0,90,0.0
1788094642.90,1746,0,0,90,0.0
1788094642.90,010B,31,0,90,0.0
1788094642.93,1782,134,192,90,0.0
1788094642.95,0110,0,171,90,0.0
1788094642.96,1783,110,192,90,0.0
1788094643.00,17A0,32,0,90,0.0
1788094643.00,010B,31,0,90,0.0
1788094643.03,17A6,0,0,90,0.0
1788094643.05,0110,0,166,90,0.0
1788094643.06,17B0,19,0,90,0.0
1788094643.09,17B1,32,0,90,0.0
1788094643.10,010B,31,0,90,0.0
1788094643.13,17B2,4,0,90,0.0
1788094643.15,0110,0,173,90,0.0
1788094643.16,17B3,138,0,90,0.0
1788094643.20,17B5,80,0,90,0.0
1788094643.20,010B,31,0,90,0.0
1788094643.23,17B6,0,0,90,0.0
1788094643.25,0110,0,166,90,0.0
1788094643.26,17B8,238,0,90,0.0
1788094643.30,17BA,0,0,90,0.0
1788094643.30,010B,31,0,90,0.0
1788094643.33,17BB,0,0,90,0.0
1788094643.35,0110,0,166,90,0.0
1788094643.36,17BC,0,0,90,0.0
1788094643.40,17BD,49,0,90,0.0
1788094643.40,010B,31,0,90,0.0
1788094643.43,17BE,0,0,90,0.0
1788094643.45,0110,0,175,90,0.0
1788094643.46,17B3,138,0,90,0.0
1788094643.49,3201,23,112,90,0.0
1788094643.50,010B,31,0,90,0.0
1788094643.52,990A,43,0,90,0.0
1788094643.55,0110,0,168,90,0.0
1788094643.56,996E,13,132,90,0.0
1788094643.59,A211,0,0,90,0.0
1788094643.60,010B,31,0,90,0.0
1788094643.62,D100,129,0,90,0.0
1788094643.65,E21B,90,74,90,0.0
1788094643.68,E21C,49,56,90,0.0
1788094643.70,010B,31,0,90,0.0
1788094643.72,E21D,56,56,90,0.0
1788094643.75,E21E,70,0,90,0.0
1788094643.75,0110,0,171,90,0.0
1788094643.78,E6F0,90,74,90,0.0
1788094643.80,010B,31,0,90,0.0
1788094643.81,E6F2,240,0,90,0.0
1788094643.84,E6F3,240,0,90,0.0
1788094643.85,0110,0,166,90,0.0
1788094643.88,0105,130,0,90,0.0
1788094643.90,010B,31,0,90,0.0
1788094643.91,010F,104,0,90,0.0
1788094643.94,0110,0,164,90,0.0
1788094643.95,0110,0,166,90,0.0
1788094643.98,010B,31,0,90,0.0
1788094644.00,010B,31,0,90,0.0
1788094644.01,0106,126,0,90,0.0
1788094644.04,0107,131,0,90,0.0
1788094644.05,0110,0,168,90,0.0
1788094644.07,010E,148,0,90,0.0
1788094644.10,010B,31,0,90,0.0
1788094644.11,0142,53,8,90,0.0
1788094644.15,0000,190,63,90,0.0
1788094644.15,0110,0,171,90,0.0
1788094644.18,0002,0,0,90,0.0
1788094644.20,010B,31,0,90,0.0
1788094644.21,0003,2,0,90,0.0
1788094644.24,0005,130,0,90,0.0
1788094644.25,0110,0,166,90,0.0
1788094644.28,0006,126,0,90,0.0
1788094644.30,010B,31,0,90,0.0
1788094644.31,0007,131,0,90,0.0
1788094644.34,000B,31,0,90,0.0
1788094644.35,0110,0,171,90,0.0
1788094644.37,000C,10,246,90,0.0
1788094644.40,010B,31,0,90,0.0
1788094644.41,000D,0,0,90,0.0
1788094644.44,000E,148,0,90,0.0
1788094644.45,0110,0,171,90,0.0
1788094644.45,0142,53,16,90,0.0
1788094644.47,000F,104,0,90,0.0
1788094644.51,0010,0,164,90,0.0
1788094644.54,0011,30,0,90,0.0
1788094644.55,0110,0,164,90,0.0
1788094644.57,0013,1,0,90,0.0
1788094644.60,001C,10,0,90,0.0
1788094644.64,001F,0,166,90,0.0
1788094644.65,0110,0,171,90,0.0
1788094644.67,0020,128,21,90,0.0
1788094644.70,0021,0,0,90,0.0
1788094644.70,010B,31,0,90,0.0
1788094644.73,002C,0,0,90,0.0
1788094644.75,0110,0,168,90,0.0
1788094644.76,002E,28,0,90,0.0
1788094644.80,0030,255,0,90,0.0
1788094644.84,003C,21,147,90,0.0
1788094644.85,0110,0,164,90,0.0
1788094644.87,0040,104,0,90,0.0
1788094644.90,0042,53,15,90,0.0
1788094644.90,010B,31,0,90,0.0
1788094644.93,0043,0,47,90,0.0
1788094644.95,0110,0,166,90,0.0
1788094644.96,0200,0,0,90,0.0
1788094645.00,0202,0,0,90,0.0
1788094645.00,010B,31,0,90,0.0
1788094645.03,0900,5,85,90,0.0
1788094645.05,0110,0,166,90,0.0
1788094645.07,0968,0,0,90,0.0
1788094645.10,096E,10,240,90,0.0
1788094645.10,010B,31,0,90,0.0
1788094645.13,097C,108,187,90,0.0
1788094645.15,0110,0,168,90,0.0
1788094645.16,098E,0,0,90,0.0
1788094645.20,1101,0,0,90,0.0
1788094645.20,010B,31,0,90,0.0
1788094645.23,1103,0,0,90,0.0
1788094645.25,0110,0,171,90,0.0
1788094645.26,1104,0,0,90,0.0
1788094645.29,114A,40,192,90,0.0
1788094645.30,010B,31,0,90,0.0
1788094645.32,114D,34,192,90,0.0
1788094645.35,0110,0,168,90,0.0
1788094645.36,1153,40,223,90,0.0
1788094645.39,1154,29,192,90,0.0
1788094645.40,010B,31,0,90,0.0
1788094645.42,1169,29,189,90,0.0
1788094645.45,1173,0,80,90,0.0
1788094645.45,0142,53,23,90,0.0
1788094645.49,1177,17,248,90,0.0
1788094645.50,010B,31,0,90,0.0
1788094645.52,1410,0,215,90,0.0
1788094645.56,1631,1,0,90,0.0
1788094645.59,1678,0,0,90,0.0
1788094645.60,010B,31,0,90,0.0
1788094645.62,1681,0,0,90,0.0
1788094645.65,16CD,0,0,90,0.0
1788094645.68,16CE,0,0,90,0.0
1788094645.70,010B,31,0,90,0.0
1788094645.72,16CF,13,159,90,0.0
1788094645.75,16E8,75,94,90,0.0
1788094645.75,0110,0,168,90,0.0
1788094645.78,16E9,0,117,90,0.0
1788094645.80,010B,31,0,90,0.0
1788094645.81,16F0,3,131,90,0.0
1788094645.84,1704,0,0,90,0.0
1788094645.85,0110,0,168,90,0.0
1788094645.88,1706,128,0,90,0.0
1788094645.90,010B,31,0,90,0.0
1788094645.91,1709,0,0,90,0.0
1788094645.94,1717,1,0,90,0.0
1788094645.95,0110,0,164,90,0.0
1788094645.97,1718,1,0,90,0.0
1788094646.00,010B,31,0,90,0.0
1788094646.00,1746,0,0,90,0.0
1788094646.04,1782,134,192,90,0.0
1788094646.05,0110,0,171,90,0.0
1788094646.08,1783,110,192,90,0.0
1788094646.11,17A0,32,0,90,0.0
1788094646.14,17A6,0,0,90,0.0
1788094646.15,0110,0,168,90,0.0
1788094646.17,17B0,18,0,90,0.0
1788094646.20,17B1,32,0,90,0.0
1788094646.24,17B2,4,0,90,0.0
1788094646.25,0110,0,166,90,0.0
1788094646.27,17B3,138,0,90,0.0
1788094646.30,17B5,80,0,90,0.0
1788094646.30,010B,31,0,90,0.0
1788094646.33,17B6,0,0,90,0.0
1788094646.35,0110,0,168,90,0.0
1788094646.36,17B8,238,0,90,0.0
1788094646.40,17BA,0,0,90,0.0
1788094646.40,010B,31,0,90,0.0
1788094646.43,17BB,0,0,90,0.0
1788094646.45,0110,0,171,90,0.0
1788094646.47,17BC,0,0,90,0.0
1788094646.50,17BD,49,0,90,0.0
1788094646.50,010B,31,0,90,0.0
1788094646.53,17BE,0,0,90,0.0
1788094646.55,0110,0,168,90,0.0
1788094646.56,17C1,234,0,90,0.0
1788094646.60,3201,23,112,90,0.0
1788094646.60,010B,31,0,90,0.0
1788094646.63,990A,44,0,90,0.0
1788094646.65,0110,0,171,90,0.0
1788094646.66,996E,13,92,90,0.0
1788094646.69,A211,0,0,90,0.0
1788094646.70,010B,31,0,90,0.0
1788094646.72,D100,129,0,90,0.0
1788094646.76,E21B,90,74,90,0.0
1788094646.79,E21C,49,56,90,0.0
1788094646.80,010B,31,0,90,0.0
1788094646.82,E21D,56,56,90,0.0
1788094646.85,E21E,70,0,90,0.0
1788094646.85,0110,0,168,90,0.0
1788094646.88,E6F0,90,74,90,0.0
1788094646.90,010B,31,0,90,0.0
1788094646.92,E6F2,240,0,90,0.0
1788094646.96,E6F3,240,0,90,0.0
1788094646.98,0105,130,0,90,0.0
1788094647.00,010B,31,0,90,0.0
1788094647.01,010F,104,0,90,0.0
1788094647.05,0110,0,168,90,0.0
1788094647.05,0110,0,168,90,0.0
1788094647.08,010B,31,0,90,0.0
1788094647.10,010B,31,0,90,0.0
1788094647.11,0106,129,0,90,0.0
1788094647.14,0107,131,0,90,0.0
1788094647.15,0110,0,166,90,0.0
1788094647.17,010E,145,0,90,0.0
1788094647.20,010B,31,0,90,0.0
1788094647.21,0142,53,18,90,0.0
1788094647.24,0000,190,63,90,0.0
1788094647.25,0110,0,173,90,0.0
1788094647.27,0002,0,0,90,0.0
1788094647.30,010B,31,0,90,0.0
1788094647.31,0003,2,0,90,0.0
1788094647.34,0005,130,0,90,0.0
1788094647.35,0110,0,171,90,0.0
1788094647.37,0006,128,0,90,0.0
1788094647.40,010B,31,0,90,0.0
1788094647.40,0007,131,0,90,0.0
1788094647.44,000B,31,0,90,0.0
1788094647.45,0110,0,166,90,0.0
1788094647.46,17B3,138,0,90,0.0
1788094647.47,000C,10,253,90,0.0
1788094647.51,000D,0,0,90,0.0
1788094647.54,000E,147,0,90,0.0
1788094647.55,0110,0,168,90,0.0
1788094647.57,000F,105,0,90,0.0
1788094647.60,0010,0,168,90,0.0
1788094647.64,0011,30,0,90,0.0
1788094647.65,0110,0,168,90,0.0
1788094647.68,0013,1,0,90,0.0
1788094647.71,001C,10,0,90,0.0
1788094647.74,001F,0,169,90,0.0
1788094647.75,0110,0,164,90,0.0
1788094647.77,0020,128,21,90,0.0
1788094647.80,0021,0,0,90,0.0
1788094647.84,002C,0,0,90,0.0
1788094647.85,0110,0,171,90,0.0
1788094647.87,002E,28,0,90,0.0
1788094647.90,0030,255,0,90,0.0
1788094647.90,010B,31,0,90,0.0
1788094647.93,003C,21,143,90,0.0
1788094647.95,0110,0,168,90,0.0
1788094647.96,0040,104,0,90,0.0
1788094648.00,0042,53,23,90,0.0
1788094648.00,010B,31,0,90,0.0
1788094648.03,0043,0,47,90,0.0
1788094648.05,0110,0,168,90,0.0
1788094648.06,0200,0,0,90,0.0
1788094648.09,0202,0,0,90,0.0
1788094648.10,010B,31,0,90,0.0
1788094648.12,0900,5,85,90,0.0
1788094648.15,0110,0,173,90,0.0
1788094648.15,0968,0,0,90,0.0
1788094648.19,096E,10,240,90,0.0
1788094648.20,010B,31,0,90,0.0
1788094648.23,097C,108,183,90,0.0
1788094648.26,098E,0,0,90,0.0
1788094648.29,1101,0,0,90,0.0
1788094648.30,010B,31,0,90,0.0
1788094648.32,1103,0,0,90,0.0
1788094648.35,1104,0,0,90,0.0
1788094648.39,114A,41,0,90,0.0
1788094648.40,010B,32,0,90,0.0
1788094648.42,114D,34,192,90,0.0
1788094648.45,1153,89,76,90,0.0
1788094648.45,0110,1,108,90,0.0
1788094648.48,1154,29,192,90,0.0
1788094648.50,010B,35,0,90,0.0
1788094648.51,1169,29,189,90,0.0
1788094648.55,1173,1,99,90,0.0
1788094648.55,0110,1,27,90,0.0
1788094648.58,1177,20,220,90,0.0
1788094648.60,010B,37,0,90,0.0
1788094648.61,1410,1,18,90,0.0
1788094648.64,1631,1,0,90,0.0
1788094648.65,0110,0,248,90,0.0
1788094648.68,1678,0,0,90,0.0
1788094648.70,010B,37,0,90,0.0
1788094648.72,1681,0,0,90,0.0
1788094648.75,16CD,0,0,90,0.0
1788094648.75,0110,0,242,90,0.0
1788094648.78,16CE,0,0,90,0.0
1788094648.80,010B,38,0,90,0.0
1788094648.81,16CF,13,114,90,0.0
1788094648.84,16E8,68,163,90,0.0
1788094648.85,0110,0,248,90,0.0
1788094648.87,16E9,0,116,90,0.0
1788094648.90,010B,38,0,90,0.0
1788094648.91,16F0,3,131,90,0.0
1788094648.94,1704,0,0,90,0.0
1788094648.95,0110,1,53,90,0.0
1788094648.97,1706,128,0,90,0.0
1788094649.00,1709,0,0,90,0.0
1788094649.03,1717,1,0,90,0.0
1788094649.05,0110,1,20,90,0.0
1788094649.07,1718,1,0,90,0.0
1788094649.10,1746,0,0,90,0.0
1788094649.10,010B,40,0,90,0.0
1788094649.13,1782,134,128,90,0.0
1788094649.15,0110,0,251,90,0.0
1788094649.16,1783,110,192,90,0.0
1788094649.20,17A0,31,0,90,0.0
1788094649.20,010B,40,0,90,0.0
1788094649.23,17A6,0,0,90,0.0
1788094649.25,0110,0,242,90,0.0
1788094649.26,17B0,19,0,90,0.0
1788094649.29,17B1,32,0,90,0.0
1788094649.30,010B,40,0,90,0.0
1788094649.32,17B2,4,0,90,0.0
1788094649.35,0110,1,20,90,0.0
1788094649.36,17B3,138,0,90,0.0
1788094649.39,17B5,80,0,90,0.0
1788094649.40,010B,40,0,90,0.0
1788094649.43,17B6,0,0,90,0.0
1788094649.45,0110,1,14,90,0.0
1788094649.46,17B3,138,0,90,0.0
1788094649.49,17BA,0,0,90,0.0
1788094649.50,010B,41,0,90,0.0
1788094649.52,17BB,0,0,90,0.0
1788094649.55,17BC,0,0,90,0.0
1788094649.59,17BD,49,0,90,0.0
1788094649.60,010B,41,0,90,0.0
1788094649.62,17BE,0,0,90,0.0
1788094649.65,17C1,234,0,90,0.0
1788094649.68,3201,23,112,90,0.0
1788094649.70,010B,42,0,90,0.0
1788094649.71,990A,44,0,90,0.0
1788094649.75,996E,13,52,90,0.0
1788094649.75,0110,0,254,90,0.0
1788094649.78,A211,0,0,90,0.0
1788094649.80,010B,42,0,90,0.0
1788094649.81,D100,129,0,90,0.0
1788094649.84,E21B,90,74,90,0.0
1788094649.85,0110,1,1,90,0.0
1788094649.88,E21C,49,56,90,0.0
1788094649.90,010B,42,0,90,0.0
1788094649.91,E21D,56,56,90,0.0
1788094649.95,E21E,70,0,90,0.0
1788094649.95,0110,1,8,90,0.0
1788094649.98,E6F0,90,74,90,0.0
1788094650.00,010B,42,0,90,0.0
1788094650.01,E6F2,240,0,90,0.0
1788094650.04,E6F3,240,0,90,0.0
1788094650.05,0110,0,251,90,0.0
1788094650.07,0105,130,0,90,0.0
1788094650.10,010B,42,0,90,0.0
1788094650.14,0110,0,248,90,0.0
1788094650.15,0110,0,251,90,0.0
1788094650.17,010B,42,0,90,0.0
1788094650.20,0106,127,0,90,0.0
1788094650.20,010B,42,0,90,0.0
1788094650.23,0107,131,0,90,0.0
1788094650.25,0110,1,1,90,0.0
1788094650.26,010E,144,0,90,0.0
1788094650.30,0142,52,49,90,0.0
1788094650.30,010B,42,0,90,0.0
1788094650.33,0000,190,63,90,0.0
1788094650.35,0110,1,1,90,0.0
1788094650.36,0002,0,0,90,0.0
1788094650.40,0003,2,0,90,0.0
1788094650.43,0005,130,0,90,0.0
1788094650.45,0110,1,8,90,0.0
1788094650.45,0142,52,63,90,0.0
1788094650.47,0006,127,0,90,0.0
1788094650.50,0007,131,0,90,0.0
1788094650.50,010B,42,0,90,0.0
1788094650.53,000B,43,0,90,0.0
1788094650.55,0110,0,254,90,0.0
1788094650.56,000C,11,87,90,0.0
1788094650.60,000D,0,0,90,0.0
1788094650.60,010B,43,0,90,0.0
1788094650.63,000E,146,0,90,0.0
1788094650.65,0110,1,8,90,0.0
1788094650.67,000F,105,0,90,0.0
1788094650.70,0010,1,8,90,0.0
1788094650.70,010B,43,0,90,0.0
1788094650.73,0011,30,0,90,0.0
1788094650.75,0110,1,1,90,0.0
1788094650.76,0013,1,0,90,0.0
1788094650.79,001C,10,0,90,0.0
1788094650.80,010B,43,0,90,0.0
1788094650.83,001F,0,172,90,0.0
1788094650.86,0020,128,21,90,0.0
1788094650.89,0021,0,0,90,0.0
1788094650.90,010B,43,0,90,0.0
1788094650.92,002C,0,0,90,0.0
1788094650.95,002E,36,0,90,0.0
1788094650.99,0030,255,0,90,0.0
1788094651.00,010B,43,0,90,0.0
1788094651.02,003C,21,140,90,0.0
1788094651.05,0040,104,0,90,0.0
1788094651.05,0110,1,14,90,0.0
1788094651.08,0042,52,140,90,0.0
1788094651.10,010B,43,0,90,0.0
1788094651.11,0043,0,70,90,0.0
1788094651.15,0200,0,0,90,0.0
1788094651.15,0110,1,20,90,0.0
1788094651.18,0202,0,0,90,0.0
1788094651.20,010B,44,0,90,0.0
1788094651.21,0900,6,69,90,0.0
1788094651.24,0968,0,0,90,0.0
1788094651.25,0110,1,14,90,0.0
1788094651.28,096E,11,84,90,0.0
1788094651.30,010B,44,0,90,0.0
1788094651.31,097C,108,184,90,0.0
1788094651.35,098E,0,0,90,0.0
1788094651.35,0110,1,14,90,0.0
1788094651.38,1101,1,0,90,0.0
1788094651.40,010B,44,0,90,0.0
1788094651.41,1103,4,0,90,0.0
1788094651.44,1104,1,0,90,0.0
1788094651.45,0110,1,20,90,0.0
1788094651.45,0142,52,186,90,0.0
1788094651.47,114A,41,0,90,0.0
1788094651.50,010B,44,0,90,0.0
1788094651.51,114D,35,0,90,0.0
1788094651.54,1153,60,128,90,0.0
1788094651.55,0110,1,8,90,0.0
1788094651.57,1154,29,192,90,0.0
1788094651.60,1169,29,189,90,0.0
1788094651.63,1173,0,95,90,0.0
1788094651.65,0110,1,20,90,0.0
1788094651.67,1177,21,4,90,0.0
1788094651.70,1410,1,69,90,0.0
1788094651.70,010B,44,0,90,0.0
1788094651.73,1631,1,0,90,0.0
1788094651.75,0110,1,8,90,0.0
1788094651.76,1678,0,0,90,0.0
1788094651.79,1681,0,0,90,0.0
1788094651.80,010B,44,0,90,0.0
1788094651.83,16CD,0,0,90,0.0
1788094651.85,0110,1,14,90,0.0
1788094651.86,16CE,255,252,90,0.0
1788094651.89,16CF,13,122,90,0.0
1788094651.90,010B,45,0,90,0.0
1788094651.92,16E8,92,24,90,0.0
1788094651.95,0110,1,17,90,0.0
1788094651.95,16E9,0,118,90,0.0
1788094651.99,16F0,3,131,90,0.0
1788094652.00,010B,45,0,90,0.0
1788094652.03,1704,0,0,90,0.0
1788094652.05,0110,1,14,90,0.0
1788094652.09,1709,0,0,90,0.0
1788094652.10,010B,45,0,90,0.0
1788094652.12,1717,1,0,90,0.0
1788094652.15,1718,1,0,90,0.0
1788094652.19,1746,0,0,90,0.0
1788094652.20,010B,45,0,90,0.0
1788094652.22,1782,134,128,90,0.0
1788094652.25,1783,110,192,90,0.0
1788094652.28,17A0,31,0,90,0.0
1788094652.30,010B,45,0,90,0.0
1788094652.31,17A6,0,0,90,0.0
1788094652.35,17B0,19,0,90,0.0
1788094652.35,0110,1,24,90,0.0
1788094652.38,17B1,32,0,90,0.0
1788094652.40,010B,45,0,90,0.0
1788094652.41,17B2,4,0,90,0.0
1788094652.45,17B3,138,0,90,0.0
1788094652.45,0142,53,29,90,0.0
1788094652.48,17B5,80,0,90,0.0
1788094652.50,010B,45,0,90,0.0
1788094652.51,17B6,0,0,90,0.0
1788094652.55,17B8,238,0,90,0.0
1788094652.55,0110,1,11,90,0.0
1788094652.58,17BA,0,0,90,0.0
1788094652.60,010B,44,0,90,0.0
1788094652.61,17BB,0,0,90,0.0
1788094652.64,17BC,0,0,90,0.0
1788094652.65,0110,1,11,90,0.0
1788094652.67,17BD,49,0,90,0.0
1788094652.70,010B,44,0,90,0.0
1788094652.71,17BE,0,0,90,0.0
1788094652.74,17C1,234,0,90,0.0
1788094652.75,0110,1,8,90,0.0
1788094652.77,3201,23,112,90,0.0
1788094652.80,990A,44,0,90,0.0
1788094652.83,996E,13,52,90,0.0
1788094652.85,0110,1,4,90,0.0
1788094652.87,A211,0,0,90,0.0
1788094652.90,D100,129,0,90,0.0
1788094652.90,010B,44,0,90,0.0
1788094652.94,E21B,90,74,90,0.0
1788094652.95,0110,1,11,90,0.0
1788094652.96,E21C,49,56,90,0.0
1788094652.99,E21D,56,56,90,0.0
1788094653.00,010B,44,0,90,0.0
1788094653.03,E21E,70,0,90,0.0
1788094653.05,0110,1,4,90,0.0
1788094653.07,E6F0,90,74,90,0.0
1788094653.10,E6F2,240,0,90,0.0
1788094653.10,010B,44,0,90,0.0
1788094653.13,E6F3,240,0,90,0.0
1788094653.15,0110,1,1,90,0.0
1788094653.16,0105,130,0,90,0.0
1788094653.19,010F,104,0,90,0.0
1788094653.20,010B,44,0,90,0.0
1788094653.22,0110,1,1,90,0.0
1788094653.25,0110,0,251,90,0.0
1788094653.25,010B,44,0,90,0.0
1788094653.29,0106,129,0,90,0.0
1788094653.30,010B,43,0,90,0.0
1788094653.32,0107,131,0,90,0.0
1788094653.35,0110,1,4,90,0.0
1788094653.35,010E,138,0,90,0.0
1788094653.38,0142,53,36,90,0.0
1788094653.40,010B,43,0,90,0.0
1788094653.42,0000,190,63,90,0.0
1788094653.46,0002,0,0,90,0.0
1788094653.49,0003,2,0,90,0.0
1788094653.50,010B,43,0,90,0.0
1788094653.52,0005,130,0,90,0.0
1788094653.55,0006,128,0,90,0.0
1788094653.59,0007,131,0,90,0.0
1788094653.60,010B,43,0,90,0.0
1788094653.62,000B,43,0,90,0.0
1788094653.65,000C,11,101,90,0.0
1788094653.65,0110,1,1,90,0.0
1788094653.68,000D,0,0,90,0.0
1788094653.70,010B,43,0,90,0.0
1788094653.71,000E,139,0,90,0.0
1788094653.75,000F,104,0,90,0.0
1788094653.75,0110,0,254,90,0.0
1788094653.78,0010,1,1,90,0.0
1788094653.80,010B,43,0,90,0.0
1788094653.82,0011,30,0,90,0.0
1788094653.85,0013,1,0,90,0.0
1788094653.85,0110,0,251,90,0.0
1788094653.88,001C,10,0,90,0.0
1788094653.90,010B,43,0,90,0.0
1788094653.91,001F,0,174,90,0.0
1788094653.95,0020,128,21,90,0.0
1788094653.95,0110,0,251,90,0.0
1788094653.98,0021,0,0,90,0.0
1788094654.00,010B,43,0,90,0.0
1788094654.01,002C,0,0,90,0.0
1788094654.05,002E,36,0,90,0.0
1788094654.05,0110,0,254,90,0.0
1788094654.08,0030,255,0,90,0.0
1788094654.10,010B,43,0,90,0.0
1788094654.11,003C,21,138,90,0.0
1788094654.15,0040,104,0,90,0.0
1788094654.15,0110,0,254,90,0.0
1788094654.18,0042,53,6,90,0.0
1788094654.20,010B,43,0,90,0.0
1788094654.21,0043,0,68,90,0.0
1788094654.24,0200,0,0,90,0.0
1788094654.25,0110,0,251,90,0.0
1788094654.27,0202,0,0,90,0.0
1788094654.31,0900,6,54,90,0.0
1788094654.34,0968,0,0,90,0.0
1788094654.35,0110,0,254,90,0.0
1788094654.37,096E,11,36,90,0.0
1788094654.40,097C,108,191,90,0.0
1788094654.43,098E,0,0,90,0.0
1788094654.45,0110,1,4,90,0.0
1788094654.47,1101,1,0,90,0.0
1788094654.50,1103,4,0,90,0.0
1788094654.50,010B,43,0,90,0.0
1788094654.53,1104,1,0,90,0.0
1788094654.55,0110,0,248,90,0.0
1788094654.56,114A,40,192,90,0.0
1788094654.59,114D,35,0,90,0.0
1788094654.60,010B,43,0,90,0.0
1788094654.63,1153,58,131,90,0.0
1788094654.65,0110,0,254,90,0.0
1788094654.67,1154,29,192,90,0.0
1788094654.70,1169,29,189,90,0.0
1788094654.70,010B,43,0,90,0.0
1788094654.73,1173,0,95,90,0.0
1788094654.75,0110,0,254,90,0.0
1788094654.76,1177,20,160,90,0.0
1788094654.79,1410,1,55,90,0.0
1788094654.80,010B,43,0,90,0.0
1788094654.83,1631,1,0,90,0.0
1788094654.85,0110,0,254,90,0.0
1788094654.86,1678,0,0,90,0.0
1788094654.89,1681,0,0,90,0.0
1788094654.90,010B,43,0,90,0.0
1788094654.92,16CD,0,0,90,0.0
1788094654.95,16CE,255,251,90,0.0
1788094654.99,16CF,13,138,90,0.0
1788094655.00,010B,44,0,90,0.0
1788094655.03,16E8,90,54,90,0.0
1788094655.05,0110,1,1,90,0.0
1788094655.09,16F0,3,131,90,0.0
1788094655.10,010B,44,0,90,0.0
1788094655.12,1704,0,0,90,0.0
1788094655.15,1706,128,0,90,0.0
1788094655.19,1709,0,0,90,0.0
1788094655.20,010B,44,0,90,0.0
1788094655.22,1717,1,0,90,0.0
1788094655.25,1718,1,0,90,0.0
1788094655.25,0110,0,254,90,0.0
1788094655.28,1746,0,0,90,0.0
1788094655.30,010B,44,0,90,0.0
1788094655.31,1782,134,128,90,0.0
1788094655.35,1783,110,192,90,0.0
1788094655.35,0110,1,1,90,0.0
1788094655.38,17A0,31,0,90,0.0
1788094655.40,010B,44,0,90,0.0
1788094655.41,17A6,0,0,90,0.0
1788094655.44,17B0,19,0,90,0.0
1788094655.45,0110,0,254,90,0.0
1788094655.46,17B3,138,0,90,0.0
1788094655.47,17B1,32,0,90,0.0
1788094655.50,010B,44,0,90,0.0
1788094655.51,17B2,4,0,90,0.0
1788094655.54,17B3,138,0,90,0.0
1788094655.55,0110,1,8,90,0.0
1788094655.57,17B5,80,0,90,0.0
1788094655.60,010B,44,0,90,0.0
1788094655.60,17B6,0,0,90,0.0
1788094655.63,17B8,238,0,90,0.0
1788094655.65,0110,1,1,90,0.0
1788094655.67,17BA,0,0,90,0.0
1788094655.71,17BB,0,0,90,0.0
1788094655.74,17BC,0,0,90,0.0
1788094655.75,0110,0,248,90,0.0
1788094655.77,17BD,49,0,90,0.0
1788094655.80,17BE,0,0,90,0.0
1788094655.83,17C1,234,0,90,0.0
1788094655.85,0110,0,254,90,0.0
1788094655.87,3201,23,112,90,0.0
1788094655.90,990A,43,0,90,0.0
1788094655.90,010B,44,0,90,0.0
1788094655.93,996E,13,92,90,0.0
1788094655.95,0110,0,251,90,0.0
1788094655.96,A211,0,0,90,0.0
1788094655.99,D100,129,0,90,0.0
1788094656.00,010B,43,0,90,0.0
1788094656.03,E21B,90,74,90,0.0
1788094656.05,0110,0,248,90,0.0
1788094656.06,E21C,49,56,90,0.0
1788094656.09,E21D,56,56,90,0.0
1788094656.10,010B,43,0,90,0.0
1788094656.12,E21E,70,0,90,0.0
1788094656.15,0110,0,254,90,0.0
1788094656.15,E6F0,90,74,90,0.0
1788094656.19,E6F2,240,0,90,0.0
1788094656.20,010B,43,0,90,0.0
1788094656.22,E6F3,240,0,90,0.0
1788094656.25,0105,130,0,90,0.0
1788094656.25,0110,0,251,90,0.0
1788094656.28,010F,105,0,90,0.0
1788094656.30,010B,43,0,90,0.0
1788094656.32,0110,0,251,90,0.0
1788094656.35,010B,43,0,90,0.0
1788094656.35,0110,1,1,90,0.0
1788094656.38,0106,129,0,90,0.0
1788094656.40,010B,43,0,90,0.0
1788094656.41,0107,131,0,90,0.0
1788094656.45,010E,141,0,90,0.0
1788094656.45,0110,0,254,90,0.0
1788094656.48,0142,53,12,90,0.0
1788094656.50,010B,43,0,90,0.0
1788094656.51,0000,190,63,90,0.0
1788094656.55,0002,0,0,90,0.0
1788094656.55,0110,1,1,90,0.0
1788094656.58,0003,2,0,90,0.0
1788094656.60,010B,43,0,90,0.0
1788094656.61,0005,130,0,90,0.0
1788094656.64,0006,129,0,90,0.0
1788094656.65,0110,1,1,90,0.0
1788094656.67,0007,131,0,90,0.0
1788094656.70,010B,43,0,90,0.0
1788094656.71,000B,43,0,90,0.0
1788094656.74,000C,11,10,90,0.0
1788094656.75,0110,0,251,90,0.0
1788094656.77,000D,0,0,90,0.0
1788094656.80,010B,43,0,90,0.0
1788094656.81,000E,143,0,90,0.0
1788094656.84,000F,105,0,90,0.0
1788094656.85,0110,0,245,90,0.0
1788094656.87,0010,0,248,90,0.0
1788094656.91,0011,30,0,90,0.0
1788094656.94,0013,1,0,90,0.0
1788094656.95,0110,0,251,90,0.0
1788094656.97,001C,10,0,90,0.0
1788094657.00,001F,0,177,90,0.0
1788094657.03,0020,128,21,90,0.0
1788094657.05,0110,1,1,90,0.0
1788094657.07,0021,0,0,90,0.0
1788094657.10,002C,0,0,90,0.0
1788094657.10,010B,43,0,90,0.0
1788094657.13,002E,36,0,90,0.0
1788094657.15,0110,1,1,90,0.0
1788094657.16,0030,255,0,90,0.0
1788094657.19,003C,21,136,90,0.0
1788094657.20,010B,43,0,90,0.0
1788094657.23,0040,104,0,90,0.0
1788094657.25,0110,0,254,90,0.0
1788094657.26,0042,53,10,90,0.0
1788094657.30,0043,0,69,90,0.0
1788094657.30,010B,43,0,90,0.0
1788094657.32,0200,0,0,90,0.0
1788094657.35,0110,0,248,90,0.0
1788094657.36,0202,0,0,90,0.0
1788094657.39,0900,6,64,90,0.0
1788094657.40,010B,43,0,90,0.0
1788094657.43,0968,0,0,90,0.0
1788094657.45,0110,0,251,90,0.0
1788094657.45,0142,53,4,90,0.0
1788094657.46,096E,10,242,90,0.0
1788094657.49,097C,108,186,90,0.0
1788094657.50,010B,44,0,90,0.0
1788094657.52,098E,0,0,90,0.0
1788094657.55,1101,1,0,90,0.0
1788094657.59,1103,4,0,90,0.0
1788094657.60,010B,44,0,90,0.0
1788094657.62,1104,1,0,90,0.0
1788094657.65,114A,40,192,90,0.0
1788094657.65,0110,0,248,90,0.0
1788094657.68,114D,35,0,90,0.0
1788094657.70,010B,44,0,90,0.0
1788094657.71,1153,58,91,90,0.0
1788094657.75,1154,29,192,90,0.0
1788094657.75,0110,0,254,90,0.0
1788094657.78,1169,29,189,90,0.0
1788094657.80,010B,44,0,90,0.0
1788094657.81,1173,0,85,90,0.0
1788094657.84,1177,20,100,90,0.0
1788094657.85,0110,0,248,90,0.0
1788094657.87,1410,1,60,90,0.0
1788094657.90,010B,44,0,90,0.0
1788094657.91,1631,1,0,90,0.0
1788094657.95,1678,0,0,90,0.0
1788094657.95,0110,0,242,90,0.0
1788094657.98,1681,0,0,90,0.0
1788094658.00,010B,44,0,90,0.0
1788094658.01,16CD,0,0,90,0.0
1788094658.04,16CE,255,251,90,0.0
1788094658.05,0110,0,251,90,0.0
1788094658.07,16CF,13,103,90,0.0
1788094658.10,010B,44,0,90,0.0
1788094658.11,16E8,79,99,90,0.0
1788094658.14,16E9,0,117,90,0.0
1788094658.15,0110,0,248,90,0.0
1788094658.17,16F0,3,131,90,0.0
1788094658.20,1704,0,0,90,0.0
1788094658.23,1706,128,0,90,0.0
1788094658.25,0110,0,245,90,0.0
1788094658.27,1709,0,0,90,0.0
1788094658.30,1717,1,0,90,0.0
1788094658.30,010B,44,0,90,0.0
1788094658.33,1718,1,0,90,0.0
1788094658.35,0110,0,251,90,0.0
1788094658.36,1746,0,0,90,0.0
1788094658.40,1782,134,128,90,0.0
1788094658.43,1783,110,192,90,0.0
1788094658.45,0110,0,251,90,0.0
1788094658.47,17A0,32,0,90,0.0
1788094658.50,17A6,0,0,90,0.0
1788094658.50,010B,44,0,90,0.0
1788094658.53,17B0,19,0,90,0.0
1788094658.55,0110,0,245,90,0.0
1788094658.56,17B1,32,0,90,0.0
1788094658.59,17B2,4,0,90,0.0
1788094658.60,010B,44,0,90,0.0
1788094658.63,17B3,138,0,90,0.0
1788094658.65,0110,0,251,90,0.0
1788094658.67,17B5,80,0,90,0.0
1788094658.70,17B6,0,0,90,0.0
1788094658.70,010B,44,0,90,0.0
1788094658.73,17B8,238,0,90,0.0
1788094658.75,0110,0,245,90,0.0
1788094658.76,17BA,0,0,90,0.0
1788094658.79,17BB,0,0,90,0.0
1788094658.80,010B,44,0,90,0.0
1788094658.83,17BC,0,0,90,0.0
1788094658.85,0110,0,248,90,0.0
1788094658.86,17BD,49,0,90,0.0
1788094658.89,17BE,0,0,90,0.0
1788094658.90,010B,43,0,90,0.0
1788094658.92,17C1,234,0,90,0.0
1788094658.95,3201,23,112,90,0.0
1788094658.99,990A,43,0,90,0.0
1788094659.00,010B,42,0,90,0.0
1788094659.02,996E,13,132,90,0.0
1788094659.05,A211,0,0,90,0.0
1788094659.05,0110,0,185,90,0.0
1788094659.08,D100,129,0,90,0.0
1788094659.10,010B,41,0,90,0.0
1788094659.11,E21B,90,74,90,0.0
1788094659.15,E21C,49,56,90,0.0
1788094659.15,0110,0,178,90,0.0
1788094659.18,E21D,56,56,90,0.0
1788094659.20,010B,40,0,90,0.0
1788094659.21,E21E,70,0,90,0.0
1788094659.24,E6F0,90,74,90,0.0
1788094659.25,0110,0,183,90,0.0
1788094659.28,E6F2,240,0,90,0.0
1788094659.30,010B,39,0,90,0.0
1788094659.31,E6F3,240,0,90,0.0
1788094659.34,0105,130,0,90,0.0
1788094659.35,0110,0,183,90,0.0
1788094659.37,010F,105,0,90,0.0
1788094659.40,010B,38,0,90,0.0
1788094659.40,0110,0,180,90,0.0
1788094659.44,010B,38,0,90,0.0
1788094659.45,0110,0,183,90,0.0
1788094659.45,0142,53,87,90,0.0
1788094659.47,0106,129,0,90,0.0
1788094659.50,0107,131,0,90,0.0
1788094659.50,010B,37,0,90,0.0
1788094659.53,010E,124,0,90,0.0
1788094659.55,0110,0,187,90,0.0
1788094659.57,0142,53,78,90,0.0
1788094659.60,0000,190,63,90,0.0
1788094659.63,0002,0,0,90,0.0
1788094659.65,0110,0,178,90,0.0
1788094659.67,0003,2,0,90,0.0
1788094659.70,0005,130,0,90,0.0
1788094659.70,010B,36,0,90,0.0
1788094659.73,0006,129,0,90,0.0
1788094659.75,0110,0,175,90,0.0
1788094659.76,0007,131,0,90,0.0
1788094659.79,000B,35,0,90,0.0
1788094659.80,010B,35,0,90,0.0
1788094659.83,000C,11,177,90,0.0
1788094659.85,0110,0,175,90,0.0
1788094659.87,000D,0,0,90,0.0
1788094659.90,000E,125,0,90,0.0
1788094659.90,010B,34,0,90,0.0
1788094659.93,000F,105,0,90,0.0
1788094659.95,0110,0,173,90,0.0
1788094659.96,0010,0,168,90,0.0
1788094660.00,0011,30,0,90,0.0
1788094660.03,0013,1,0,90,0.0
1788094660.05,0110,0,161,90,0.0
1788094660.07,001C,10,0,90,0.0
1788094660.10,001F,0,180,90,0.0
1788094660.10,010B,33,0,90,0.0
1788094660.13,0020,128,21,90,0.0
1788094660.15,0110,0,171,90,0.0
1788094660.16,0021,0,0,90,0.0
1788094660.19,002C,0,0,90,0.0
1788094660.20,010B,32,0,90,0.0
1788094660.23,002E,30,0,90,0.0
1788094660.25,0110,0,168,90,0.0
1788094660.26,0030,255,0,90,0.0
1788094660.29,003C,21,134,90,0.0
1788094660.30,010B,32,0,90,0.0
1788094660.32,0040,104,0,90,0.0
1788094660.35,0110,0,168,90,0.0
1788094660.35,0042,53,44,90,0.0
1788094660.39,0043,0,47,90,0.0
1788094660.40,010B,32,0,90,0.0
1788094660.43,0200,0,0,90,0.0
1788094660.45,0110,0,166,90,0.0
1788094660.46,0202,0,0,90,0.0
1788094660.49,0900,5,90,90,0.0
1788094660.50,010B,31,0,90,0.0
1788094660.52,0968,0,0,90,0.0
1788094660.55,096E,10,240,90,0.0
1788094660.59,097C,108,187,90,0.0
1788094660.60,010B,31,0,90,0.0
1788094660.62,098E,0,0,90,0.0
1788094660.65,1101,0,0,90,0.0
1788094660.65,0110,0,168,90,0.0
1788094660.68,1103,0,0,90,0.0
1788094660.70,010B,31,0,90,0.0
1788094660.71,1104,0,0,90,0.0
1788094660.75,114A,40,192,90,0.0
1788094660.75,0110,0,166,90,0.0
1788094660.78,114D,35,0,90,0.0
1788094660.80,010B,31,0,90,0.0
1788094660.81,1153,40,22,90,0.0
1788094660.85,1154,29,192,90,0.0
1788094660.85,0110,0,171,90,0.0
1788094660.88,1169,29,189,90,0.0
1788094660.90,010B,31,0,90,0.0
1788094660.91,1173,2,173,90,0.0
1788094660.95,1177,17,248,90,0.0
1788094660.95,0110,0,166,90,0.0
1788094660.98,1410,0,204,90,0.0
1788094661.00,010B,31,0,90,0.0
1788094661.01,1631,1,0,90,0.0
1788094661.04,1678,0,0,90,0.0
1788094661.05,0110,0,171,90,0.0
1788094661.08,1681,0,0,90,0.0
1788094661.10,010B,31,0,90,0.0
1788094661.11,16CD,0,0,90,0.0
1788094661.14,16CE,255,255,90,0.0
1788094661.15,0110,0,175,90,0.0
1788094661.18,16CF,13,162,90,0.0
1788094661.20,010B,31,0,90,0.0
1788094661.21,16E8,73,216,90,0.0
1788094661.24,16E9,0,116,90,0.0
1788094661.25,0110,0,173,90,0.0
1788094661.27,16F0,3,131,90,0.0
1788094661.30,010B,31,0,90,0.0
1788094661.31,1704,0,0,90,0.0
1788094661.34,1706,128,0,90,0.0
1788094661.35,0110,0,173,90,0.0
1788094661.37,1709,0,0,90,0.0
1788094661.40,1717,1,0,90,0.0
1788094661.43,1718,1,0,90,0.0
1788094661.45,0110,0,175,90,0.0
1788094661.46,17B3,138,0,90,0.0
1788094661.47,1746,0,0,90,0.0
1788094661.51,1782,134,64,90,0.0
1788094661.54,1783,110,192,90,0.0
1788094661.55,0110,0,173,90,0.0
1788094661.57,17A0,31,0,90,0.0
1788094661.60,17A6,0,0,90,0.0
1788094661.63,17B0,18,0,90,0.0
1788094661.65,0110,0,173,90,0.0
1788094661.67,17B1,32,0,90,0.0
1788094661.70,17B2,4,0,90,0.0
1788094661.70,010B,31,0,90,0.0
1788094661.73,17B3,138,0,90,0.0
1788094661.75,0110,0,175,90,0.0
1788094661.76,17B5,80,0,90,0.0
1788094661.79,17B6,0,0,90,0.0
1788094661.80,010B,31,0,90,0.0
1788094661.83,17B8,238,0,90,0.0
1788094661.85,0110,0,168,90,0.0
1788094661.86,17BA,0,0,90,0.0
1788094661.89,17BB,0,0,90,0.0
1788094661.90,010B,31,0,90,0.0
1788094661.92,17BC,0,0,90,0.0
1788094661.95,0110,0,173,90,0.0
1788094661.95,17BD,49,0,90,0.0
1788094661.99,17BE,0,0,90,0.0
1788094662.00,010B,32,0,90,0.0
1788094662.03,17C1,234,0,90,0.0
1788094662.06,3201,23,112,90,0.0
1788094662.09,990A,43,0,90,0.0
1788094662.10,010B,31,0,90,0.0
1788094662.12,996E,13,132,90,0.0
1788094662.15,A211,0,0,90,0.0
1788094662.19,D100,129,0,90,0.0
1788094662.20,010B,31,0,90,0.0
1788094662.22,E21B,90,74,90,0.0
1788094662.25,E21C,49,56,90,0.0
1788094662.25,0110,0,175,90,0.0
1788094662.28,E21D,56,56,90,0.0
1788094662.30,010B,32,0,90,0.0
1788094662.31,E21E,70,0,90,0.0
1788094662.35,E6F0,90,74,90,0.0
1788094662.35,0110,0,173,90,0.0
1788094662.38,E6F2,240,0,90,0.0
1788094662.40,010B,31,0,90,0.0
1788094662.41,E6F3,240,0,90,0.0
1788094662.44,0105,130,0,90,0.0
1788094662.45,0110,0,168,90,0.0
1788094662.47,010F,105,0,90,0.0
1788094662.50,010B,31,0,90,0.0
1788094662.50,0110,0,173,90,0.0
1788094662.54,010B,31,0,90,0.0
1788094662.55,0110,0,173,90,0.0
1788094662.57,0106,129,0,90,0.0
1788094662.60,0107,131,0,90,0.0
1788094662.63,010E,142,0,90,0.0
1788094662.65,0110,0,168,90,0.0
1788094662.67,0142,53,28,90,0.0
1788094662.71,0000,190,63,90,0.0
1788094662.74,0002,0,0,90,0.0
1788094662.75,0110,0,173,90,0.0
1788094662.77,0003,2,0,90,0.0
1788094662.80,0005,130,0,90,0.0
1788094662.83,0006,130,0,90,0.0
1788094662.85,0110,0,175,90,0.0
1788094662.87,0007,131,0,90,0.0
1788094662.90,000B,31,0,90,0.0
1788094662.90,010B,31,0,90,0.0
1788094662.93,000C,11,25,90,0.0
1788094662.95,0110,0,173,90,0.0
1788094662.96,000D,0,0,90,0.0
1788094662.99,000E,142,0,90,0.0
1788094663.00,010B,31,0,90,0.0
1788094663.03,000F,105,0,90,0.0
1788094663.05,0110,0,173,90,0.0
1788094663.06,0010,0,173,90,0.0
1788094663.10,0011,30,0,90,0.0
1788094663.10,010B,31,0,90,0.0
1788094663.13,0013,1,0,90,0.0
1788094663.15,0110,0,171,90,0.0
1788094663.16,001C,10,0,90,0.0
1788094663.19,001F,0,184,90,0.0
1788094663.20,010B,31,0,90,0.0
1788094663.23,0020,128,21,90,0.0
1788094663.26,0021,0,0,90,0.0
1788094663.29,002C,0,0,90,0.0
1788094663.30,010B,31,0,90,0.0
1788094663.32,002E,29,0,90,0.0
1788094663.35,0030,255,0,90,0.0
1788094663.39,003C,21,131,90,0.0
1788094663.40,010B,31,0,90,0.0
1788094663.42,0040,104,0,90,0.0
1788094663.45,0042,53,17,90,0.0
1788094663.45,0110,0,168,90,0.0
1788094663.46,17B3,138,0,90,0.0
1788094663.48,0043,0,47,90,0.0
1788094663.50,010B,31,0,90,0.0
1788094663.51,0200,0,0,90,0.0
1788094663.55,0202,0,0,90,0.0
1788094663.55,0110,0,171,90,0.0
1788094663.58,0900,5,85,90,0.0
1788094663.60,010B,31,0,90,0.0
1788094663.61,0968,0,0,90,0.0
1788094663.64,096E,10,240,90,0.0
1788094663.65,0110,0,171,90,0.0
1788094663.68,097C,108,188,90,0.0
1788094663.70,010B,31,0,90,0.0
1788094663.71,098E,0,0,90,0.0
1788094663.75,1101,0,0,90,0.0
1788094663.75,0110,0,166,90,0.0
1788094663.78,1103,0,0,90,0.0
1788094663.80,010B,31,0,90,0.0
1788094663.81,1104,0,0,90,0.0
1788094663.84,114A,40,192,90,0.0
1788094663.85,0110,0,171,90,0.0
1788094663.87,114D,35,0,90,0.0
1788094663.90,010B,31,0,90,0.0
1788094663.94,1154,29,192,90,0.0
1788094663.95,0110,0,171,90,0.0
1788094663.97,1169,29,189,90,0.0
1788094664.00,1173,3,122,90,0.0
1788094664.03,1177,18,52,90,0.0
1788094664.05,0110,0,171,90,0.0
1788094664.07,1410,0,210,90,0.0
1788094664.10,1631,1,0,90,0.0
1788094664.10,010B,31,0,90,0.0
1788094664.14,1678,0,0,90,0.0
1788094664.15,0110,0,171,90,0.0
1788094664.17,1681,0,0,90,0.0
1788094664.20,16CD,0,0,90,0.0
1788094664.23,16CE,0,0,90,0.0
1788094664.25,0110,0,171,90,0.0
1788094664.27,16CF,13,169,90,0.0
1788094664.30,16E8,74,44,90,0.0
1788094664.30,010B,31,0,90,0.0
1788094664.33,16E9,0,116,90,0.0
1788094664.35,0110,0,168,90,0.0
1788094664.36,16F0,3,131,90,0.0
1788094664.39,1704,0,0,90,0.0
1788094664.40,010B,31,0,90,0.0
1788094664.43,1706,128,0,90,0.0
1788094664.45,0110,0,173,90,0.0
1788094664.46,1709,0,0,90,0.0
1788094664.49,1717,1,0,90,0.0
1788094664.50,010B,31,0,90,0.0
1788094664.52,1718,1,0,90,0.0
1788094664.55,1746,0,0,90,0.0
1788094664.59,1782,134,64,90,0.0
1788094664.60,010B,31,0,90,0.0
1788094664.63,1783,110,192,90,0.0
1788094664.66,17A0,31,0,90,0.0
1788094664.69,17A6,0,0,90,0.0
1788094664.70,010B,31,0,90,0.0
1788094664.72,17B0,19,0,90,0.0
1788094664.75,17B1,32,0,90,0.0
1788094664.79,17B2,4,0,90,0.0
1788094664.80,010B,31,0,90,0.0
1788094664.82,17B3,138,0,90,0.0
1788094664.85,17B5,80,0,90,0.0
1788094664.85,0110,0,173,90,0.0
1788094664.88,17B6,0,0,90,0.0
1788094664.90,010B,31,0,90,0.0
1788094664.92,17B8,238,0,90,0.0
1788094664.95,17BA,0,0,90,0.0
1788094664.95,0110,0,168,90,0.0
1788094664.98,17BB,0,0,90,0.0
1788094665.00,010B,31,0,90,0.0
1788094665.01,17BC,0,0,90,0.0
1788094665.04,17BD,49,0,90,0.0
1788094665.05,0110,0,173,90,0.0
1788094665.08,17BE,0,0,90,0.0
1788094665.10,010B,31,0,90,0.0
1788094665.11,17C1,234,0,90,0.0
1788094665.15,3201,23,112,90,0.0
1788094665.15,0110,0,168,90,0.0
1788094665.18,990A,43,0,90,0.0
1788094665.20,010B,31,0,90,0.0
1788094665.21,996E,13,132,90,0.0
1788094665.24,A211,0,0,90,0.0
1788094665.25,0110,0,168,90,0.0
1788094665.27,D100,129,0,90,0.0
1788094665.30,010B,31,0,90,0.0
1788094665.31,E21B,90,74,90,0.0
1788094665.34,E21C,49,56,90,0.0
1788094665.35,0110,0,173,90,0.0
1788094665.37,E21D,56,56,90,0.0
1788094665.40,E21E,70,0,90,0.0
1788094665.43,E6F0,90,74,90,0.0
1788094665.45,0110,0,168,90,0.0
1788094665.47,E6F2,240,0,90,0.0
1788094665.51,E6F3,240,0,90,0.0
1788094665.53,0105,130,0,90,0.0
1788094665.55,0110,0,168,90,0.0
1788094665.56,010F,105,0,90,0.0
1788094665.59,0110,0,168,90,0.0
1788094665.60,010B,31,0,90,0.0
1788094665.63,010B,31,0,90,0.0
1788094665.65,0110,0,175,90,0.0
1788094665.66,0106,128,0,90,0.0
1788094665.69,0107,131,0,90,0.0
1788094665.70,010B,31,0,90,0.0
1788094665.72,010E,145,0,90,0.0
1788094665.75,0110,0,171,90,0.0
1788094665.76,0142,53,29,90,0.0
1788094665.79,0000,190,63,90,0.0
1788094665.80,010B,31,0,90,0.0
1788094665.83,0002,0,0,90,0.0
1788094665.85,0110,0,171,90,0.0
1788094665.86,0003,2,0,90,0.0
1788094665.89,0005,130,0,90,0.0
1788094665.90,010B,31,0,90,0.0
1788094665.92,0006,129,0,90,0.0
1788094665.95,0110,0,171,90,0.0
1788094665.99,000B,31,0,90,0.0
1788094666.00,010B,31,0,90,0.0
1788094666.02,000C,11,13,90,0.0
1788094666.06,000D,0,0,90,0.0
1788094666.09,000E,144,0,90,0.0
1788094666.10,010B,31,0,90,0.0
1788094666.12,000F,105,0,90,0.0
1788094666.15,0010,0,171,90,0.0
1788094666.19,0011,30,0,90,0.0
1788094666.20,010B,31,0,90,0.0
1788094666.22,0013,1,0,90,0.0
1788094666.25,001C,10,0,90,0.0
1788094666.25,0110,0,173,90,0.0
1788094666.28,001F,0,187,90,0.0
1788094666.30,010B,31,0,90,0.0
1788094666.31,0020,128,21,90,0.0
1788094666.35,0021,0,0,90,0.0
1788094666.35,0110,0,171,90,0.0
1788094666.38,002C,0,0,90,0.0
1788094666.40,010B,31,0,90,0.0
1788094666.41,002E,29,0,90,0.0
1788094666.44,0030,255,0,90,0.0
1788094666.45,0110,0,168,90,0.0
1788094666.47,003C,21,129,90,0.0
1788094666.50,010B,31,0,90,0.0
1788094666.51,0040,104,0,90,0.0
1788094666.54,0042,53,29,90,0.0
1788094666.55,0110,0,171,90,0.0
1788094666.57,0043,0,47,90,0.0
1788094666.60,0200,0,0,90,0.0
1788094666.63,0202,0,0,90,0.0
1788094666.65,0110,0,166,90,0.0
1788094666.67,0900,5,85,90,0.0
1788094666.70,0968,0,0,90,0.0
1788094666.70,010B,31,0,90,0.0
1788094666.74,096E,10,240,90,0.0
1788094666.75,0110,0,175,90,0.0
1788094666.77,097C,108,189,90,0.0
1788094666.80,098E,0,0,90,0.0
1788094666.83,1101,0,0,90,0.0
1788094666.85,0110,0,173,90,0.0
1788094666.87,1103,0,0,90,0.0
1788094666.90,1104,0,0,90,0.0
1788094666.90,010B,31,0,90,0.0
1788094666.93,114A,40,192,90,0.0
1788094666.95,0110,0,166,90,0.0
1788094666.96,114D,35,0,90,0.0
1788094666.99,1153,40,125,90,0.0
1788094667.00,010B,31,0,90,0.0
1788094667.03,1154,29,192,90,0.0
1788094667.05,0110,0,171,90,0.0
1788094667.06,1169,29,189,90,0.0
1788094667.09,1173,3,127,90,0.0
1788094667.10,010B,31,0,90,0.0
1788094667.12,1177,18,12,90,0.0
1788094667.15,0110,0,168,90,0.0
1788094667.15,1410,0,212,90,0.0
1788094667.19,1631,1,0,90,0.0
1788094667.20,010B,31,0,90,0.0
1788094667.23,1678,0,0,90,0.0
1788094667.25,0110,0,168,90,0.0
1788094667.26,1681,0,0,90,0.0
1788094667.29,16CD,0,0,90,0.0
1788094667.30,010B,31,0,90,0.0
1788094667.32,16CE,0,0,90,0.0
1788094667.35,16CF,13,77,90,0.0
1788094667.39,16E8,70,151,90,0.0
1788094667.40,010B,31,0,90,0.0
1788094667.42,16E9,0,116,90,0.0
1788094667.45,16F0,3,131,90,0.0
1788094667.45,0110,0,166,90,0.0
1788094667.45,0142,53,15,90,0.0
1788094667.48,1704,0,0,90,0.0
1788094667.50,010B,31,0,90,0.0
1788094667.51,1706,128,0,90,0.0
1788094667.55,1709,0,0,90,0.0
1788094667.55,0110,0,168,90,0.0
1788094667.58,1717,1,0,90,0.0
1788094667.60,010B,31,0,90,0.0
1788094667.61,1718,1,0,90,0.0
1788094667.64,1746,0,0,90,0.0
1788094667.65,0110,0,171,90,0.0
1788094667.67,1782,134,64,90,0.0
1788094667.70,010B,31,0,90,0.0
1788094667.71,1783,110,192,90,0.0
1788094667.74,17A0,32,0,90,0.0
1788094667.75,0110,0,168,90,0.0
1788094667.77,17A6,0,0,90,0.0
1788094667.80,010B,31,0,90,0.0
1788094667.80,17B0,19,0,90,0.0
1788094667.84,17B1,32,0,90,0.0
1788094667.85,0110,0,171,90,0.0
1788094667.87,17B2,4,0,90,0.0
1788094667.91,17B3,138,0,90,0.0
1788094667.94,17B5,80,0,90,0.0
1788094667.95,0110,0,168,90,0.0
1788094667.97,17B6,0,0,90,0.0
1788094668.00,17B8,238,0,90,0.0
1788094668.03,17BA,0,0,90,0.0
1788094668.05,0110,0,166,90,0.0
1788094668.07,17BB,0,0,90,0.0
1788094668.10,17BC,0,0,90,0.0
1788094668.10,010B,31,0,90,0.0
1788094668.14,17BD,49,0,90,0.0
1788094668.15,0110,0,173,90,0.0
1788094668.17,17BE,0,0,90,0.0
1788094668.20,17C1,234,0,90,0.0
1788094668.23,3201,23,112,90,0.0
1788094668.25,0110,0,173,90,0.0
1788094668.27,990A,43,0,90,0.0
1788094668.30,996E,13,112,90,0.0
1788094668.30,010B,31,0,90,0.0
1788094668.33,A211,0,0,90,0.0
1788094668.35,0110,0,171,90,0.0
1788094668.36,D100,129,0,90,0.0
1788094668.39,E21B,90,74,90,0.0
1788094668.40,010B,31,0,90,0.0
1788094668.43,E21C,49,56,90,0.0
1788094668.45,0110,0,173,90,0.0
1788094668.46,E21D,56,56,90,0.0
1788094668.49,E21E,70,0,90,0.0
1788094668.50,010B,31,0,90,0.0
1788094668.53,E6F0,90,74,90,0.0
1788094668.55,0110,0,168,90,0.0
1788094668.56,E6F2,240,0,90,0.0
1788094668.59,E6F3,240,0,90,0.0
1788094668.60,010B,31,0,90,0.0
1788094668.62,0105,130,0,90,0.0
1788094668.65,0110,0,168,90,0.0
1788094668.65,010F,105,0,90,0.0
1788094668.69,0110,0,168,90,0.0
1788094668.70,010B,31,0,90,0.0
1788094668.72,010B,31,0,90,0.0
1788094668.75,0110,0,171,90,0.0
1788094668.75,0106,126,0,90,0.0
1788094668.78,0107,131,0,90,0.0
1788094668.80,010B,31,0,90,0.0
1788094668.82,010E,147,0,90,0.0
1788094668.85,0142,53,10,90,0.0
1788094668.85,0110,0,171,90,0.0
1788094668.88,0000,190,63,90,0.0
1788094668.90,010B,31,0,90,0.0
1788094668.91,0002,0,0,90,0.0
1788094668.95,0003,2,0,90,0.0
1788094668.95,0110,0,164,90,0.0
1788094668.98,0005,130,0,90,0.0
1788094669.00,010B,31,0,90,0.0
1788094669.02,0006,127,0,90,0.0
1788094669.05,0007,131,0,90,0.0
1788094669.05,0110,0,173,90,0.0
1788094669.08,000B,31,0,90,0.0
1788094669.10,010B,31,0,90,0.0
1788094669.11,000C,11,3,90,0.0
1788094669.15,000D,0,0,90,0.0
1788094669.15,0110,0,168,90,0.0
1788094669.18,000E,146,0,90,0.0
1788094669.20,010B,31,0,90,0.0
1788094669.21,000F,105,0,90,0.0
1788094669.24,0010,0,166,90,0.0
1788094669.25,0110,0,166,90,0.0
1788094669.27,0011,30,0,90,0.0
1788094669.30,010B,31,0,90,0.0
1788094669.31,0013,1,0,90,0.0
1788094669.35,001C,10,0,90,0.0
1788094669.35,0110,0,171,90,0.0
1788094669.38,001F,0,190,90,0.0
1788094669.40,010B,31,0,90,0.0
1788094669.41,0020,128,21,90,0.0
1788094669.44,0021,0,0,90,0.0
1788094669.45,0110,0,168,90,0.0
1788094669.46,17B3,138,0,90,0.0
1788094669.48,002C,0,0,90,0.0
1788094669.50,010B,31,0,90,0.0
1788094669.51,002E,29,0,90,0.0
1788094669.55,0030,255,0,90,0.0
1788094669.55,0110,0,166,90,0.0
1788094669.58,003C,21,126,90,0.0
1788094669.60,010B,31,0,90,0.0
1788094669.61,0040,104,0,90,0.0
1788094669.65,0042,53,12,90,0.0
1788094669.65,0110,0,175,90,0.0
1788094669.68,0043,0,47,90,0.0
1788094669.70,010B,31,0,90,0.0
1788094669.71,0200,0,0,90,0.0
1788094669.75,0202,0,0,90,0.0
1788094669.75,0110,0,171,90,0.0
1788094669.78,0900,5,85,90,0.0
1788094669.80,010B,31,0,90,0.0
1788094669.81,0968,0,0,90,0.0
1788094669.84,096E,10,240,90,0.0
1788094669.85,0110,0,173,90,0.0
1788094669.87,097C,108,190,90,0.0
1788094669.91,098E,0,0,90,0.0
1788094669.94,1101,0,0,90,0.0
1788094669.95,0110,0,168,90,0.0
1788094669.97,1103,0,0,90,0.0
1788094670.00,1104,0,0,90,0.0
1788094670.00,010B,31,0,90,0.0
1788094670.03,114A,40,192,90,0.0
1788094670.05,0110,0,168,90,0.0
1788094670.07,114D,35,0,90,0.0
1788094670.10,1153,40,127,90,0.0
1788094670.10,010B,31,0,90,0.0
1788094670.13,1154,29,192,90,0.0
1788094670.15,0110,0,168,90,0.0
1788094670.16,1169,29,189,90,0.0
1788094670.20,1173,0,90,90,0.0
1788094670.23,1177,17,248,90,0.0
1788094670.25,0110,0,168,90,0.0
1788094670.27,1410,0,216,90,0.0
1788094670.30,1631,1,0,90,0.0
1788094670.30,010B,31,0,90,0.0
1788094670.33,1678,0,0,90,0.0
1788094670.35,0110,0,171,90,0.0
1788094670.36,1681,0,0,90,0.0
1788094670.39,16CD,0,0,90,0.0
1788094670.40,010B,31,0,90,0.0
1788094670.43,16CE,255,255,90,0.0
1788094670.45,0110,0,171,90,0.0
1788094670.46,16CF,13,146,90,0.0
1788094670.49,16E8,74,161,90,0.0
1788094670.50,010B,31,0,90,0.0
1788094670.52,16E9,0,117,90,0.0
1788094670.55,16F0,3,131,90,0.0
1788094670.59,1704,0,0,90,0.0
1788094670.60,010B,31,0,90,0.0
1788094670.62,1706,128,0,90,0.0
1788094670.65,1709,0,0,90,0.0
1788094670.65,0110,0,166,90,0.0
1788094670.68,1717,1,0,90,0.0
1788094670.70,010B,31,0,90,0.0
1788094670.71,1718,1,0,90,0.0
1788094670.75,1746,0,0,90,0.0
1788094670.75,0110,0,171,90,0.0
1788094670.79,1782,134,64,90,0.0
1788094670.80,010B,31,0,90,0.0
1788094670.82,1783,110,192,90,0.0
1788094670.85,17A0,31,0,90,0.0
1788094670.85,0110,0,171,90,0.0
1788094670.88,17A6,0,0,90,0.0
1788094670.90,010B,31,0,90,0.0
1788094670.91,17B0,19,0,90,0.0
1788094670.95,17B1,32,0,90,0.0
1788094670.95,0110,0,171,90,0.0
1788094670.98,17B2,4,0,90,0.0
1788094671.00,010B,31,0,90,0.0
1788094671.01,17B3,138,0,90,0.0
1788094671.04,17B5,80,0,90,0.0
1788094671.05,0110,0,171,90,0.0
1788094671.08,17B6,0,0,90,0.0
1788094671.10,010B,31,0,90,0.0
1788094671.11,17B8,238,0,90,0.0
1788094671.15,17BA,0,0,90,0.0
1788094671.15,0110,0,171,90,0.0
1788094671.18,17BB,0,0,90,0.0
1788094671.20,010B,31,0,90,0.0
1788094671.21,17BC,0,0,90,0.0
1788094671.24,17BD,49,0,90,0.0
1788094671.25,0110,0,166,90,0.0
1788094671.27,17BE,0,0,90,0.0
1788094671.31,17C1,234,0,90,0.0
1788094671.34,3201,23,112,90,0.0
1788094671.35,0110,1,116,90,0.0
1788094671.37,990A,44,0,90,0.0
1788094671.40,996E,13,72,90,0.0
1788094671.40,010B,35,0,90,0.0
1788094671.43,A211,0,0,90,0.0
1788094671.45,0110,1,27,90,0.0
1788094671.46,17B3,138,0,90,0.0
1788094671.47,D100,129,0,90,0.0
1788094671.50,E21B,90,74,90,0.0
1788094671.50,010B,37,0,90,0.0
1788094671.53,E21C,49,56,90,0.0
1788094671.55,0110,0,245,90,0.0
1788094671.56,E21D,56,56,90,0.0
1788094671.59,E21E,70,0,90,0.0
1788094671.60,010B,37,0,90,0.0
1788094671.63,E6F0,90,74,90,0.0
1788094671.65,0110,0,239,90,0.0
1788094671.66,E6F2,240,0,90,0.0
1788094671.70,E6F3,240,0,90,0.0
1788094671.70,010B,37,0,90,0.0
1788094671.72,0105,130,0,90,0.0
1788094671.75,0110,0,245,90,0.0
1788094671.75,010F,105,0,90,0.0
1788094671.79,0110,1,24,90,0.0
1788094671.80,010B,38,0,90,0.0
1788094671.82,010B,38,0,90,0.0
1788094671.85,0110,1,74,90,0.0
1788094671.85,0106,127,0,90,0.0
1788094671.88,0107,131,0,90,0.0
1788094671.90,010B,40,0,90,0.0
1788094671.92,010E,142,0,90,0.0
1788094671.95,0142,52,228,90,0.0
1788094671.95,0110,1,20,90,0.0
1788094671.99,0000,190,63,90,0.0
1788094672.00,010B,40,0,90,0.0
1788094672.02,0002,0,0,90,0.0
1788094672.05,0003,2,0,90,0.0
1788094672.05,0110,0,245,90,0.0
1788094672.08,0005,130,0,90,0.0
1788094672.10,010B,40,0,90,0.0
1788094672.11,0006,127,0,90,0.0
1788094672.15,0007,131,0,90,0.0
1788094672.15,0110,0,236,90,0.0
1788094672.18,000B,40,0,90,0.0
1788094672.20,010B,40,0,90,0.0
1788094672.21,000C,11,146,90,0.0
1788094672.25,000D,0,0,90,0.0
1788094672.25,0110,1,17,90,0.0
1788094672.28,000E,141,0,90,0.0
1788094672.30,010B,41,0,90,0.0
1788094672.31,000F,105,0,90,0.0
1788094672.35,0010,1,20,90,0.0
1788094672.35,0110,1,20,90,0.0
1788094672.38,0011,30,0,90,0.0
1788094672.40,010B,41,0,90,0.0
1788094672.41,0013,1,0,90,0.0
1788094672.44,001C,10,0,90,0.0
1788094672.45,0110,0,254,90,0.0
1788094672.48,001F,0,193,90,0.0
1788094672.50,010B,41,0,90,0.0
1788094672.51,0020,128,21,90,0.0
1788094672.55,0021,0,0,90,0.0
1788094672.55,0110,0,254,90,0.0
1788094672.58,002C,0,0,90,0.0
1788094672.60,010B,42,0,90,0.0
1788094672.61,002E,36,0,90,0.0
1788094672.64,0030,255,0,90,0.0
1788094672.65,0110,0,248,90,0.0
1788094672.67,003C,21,123,90,0.0
1788094672.71,0040,104,0,90,0.0
1788094672.74,0042,51,238,90,0.0
1788094672.75,0110,0,254,90,0.0
1788094672.77,0043,0,67,90,0.0
1788094672.80,0200,0,0,90,0.0
1788094672.83,0202,0,0,90,0.0
1788094672.85,0110,1,11,90,0.0
1788094672.87,0900,6,39,90,0.0
1788094672.91,0968,0,0,90,0.0
1788094672.94,096E,11,84,90,0.0
1788094672.95,0110,0,251,90,0.0
1788094672.97,097C,108,192,90,0.0
1788094673.00,098E,0,0,90,0.0
1788094673.00,010B,42,0,90,0.0
1788094673.03,1101,1,0,90,0.0
1788094673.05,0110,1,1,90,0.0
1788094673.07,1103,4,0,90,0.0
1788094673.10,1104,1,0,90,0.0
1788094673.10,010B,42,0,90,0.0
1788094673.13,114A,40,192,90,0.0
1788094673.15,0110,0,254,90,0.0
1788094673.16,114D,35,0,90,0.0
1788094673.19,1153,58,119,90,0.0
1788094673.20,010B,42,0,90,0.0
1788094673.23,1154,29,192,90,0.0
1788094673.25,0110,0,254,90,0.0
1788094673.26,1169,29,189,90,0.0
1788094673.29,1173,0,110,90,0.0
1788094673.30,010B,43,0,90,0.0
1788094673.33,1177,20,120,90,0.0
1788094673.35,0110,0,254,90,0.0
1788094673.36,1410,1,43,90,0.0
1788094673.39,1631,1,0,90,0.0
1788094673.40,010B,43,0,90,0.0
1788094673.43,1678,0,0,90,0.0
1788094673.45,0110,1,1,90,0.0
1788094673.46,17B3,138,0,90,0.0
1788094673.49,16CD,0,0,90,0.0
1788094673.50,010B,43,0,90,0.0
1788094673.52,16CE,255,252,90,0.0
1788094673.55,0110,1,17,90,0.0
1788094673.56,16CF,13,140,90,0.0
1788094673.59,16E8,90,196,90,0.0
1788094673.60,010B,43,0,90,0.0
1788094673.63,16E9,0,115,90,0.0
1788094673.66,16F0,3,131,90,0.0
1788094673.69,1704,0,0,90,0.0
1788094673.70,010B,43,0,90,0.0
1788094673.72,1706,128,0,90,0.0
1788094673.76,1709,0,0,90,0.0
1788094673.79,1717,1,0,90,0.0
1788094673.80,010B,44,0,90,0.0
1788094673.82,1718,1,0,90,0.0
1788094673.85,1746,0,0,90,0.0
1788094673.85,0110,1,14,90,0.0
1788094673.88,1782,134,0,90,0.0
1788094673.90,010B,44,0,90,0.0
1788094673.91,1783,110,192,90,0.0
1788094673.95,17A0,32,0,90,0.0
1788094673.95,0110,1,8,90,0.0
1788094673.98,17A6,0,0,90,0.0
1788094674.00,010B,44,0,90,0.0
1788094674.01,17B0,19,0,90,0.0
1788094674.04,17B1,32,0,90,0.0
1788094674.05,0110,1,14,90,0.0
1788094674.08,17B2,4,0,90,0.0
1788094674.10,010B,44,0,90,0.0
1788094674.11,17B3,138,0,90,0.0
1788094674.15,17B5,80,0,90,0.0
1788094674.15,0110,1,14,90,0.0
1788094674.18,17B6,0,0,90,0.0
1788094674.20,010B,44,0,90,0.0
1788094674.21,17B8,238,0,90,0.0
1788094674.24,17BA,0,0,90,0.0
1788094674.25,0110,1,14,90,0.0
1788094674.27,17BB,0,0,90,0.0
1788094674.31,17BC,0,0,90,0.0
1788094674.34,17BD,49,0,90,0.0
1788094674.35,0110,1,11,90,0.0
1788094674.37,17BE,0,0,90,0.0
1788094674.40,17C1,234,0,90,0.0
1788094674.40,010B,45,0,90,0.0
1788094674.43,3201,23,112,90,0.0
1788094674.45,0110,1,20,90,0.0
1788094674.47,990A,45,0,90,0.0
1788094674.50,996E,13,32,90,0.0
1788094674.50,010B,45,0,90,0.0
1788094674.53,A211,0,0,90,0.0
1788094674.55,0110,1,8,90,0.0
1788094674.56,D100,129,0,90,0.0
1788094674.59,E21B,90,74,90,0.0
1788094674.60,010B,45,0,90,0.0
1788094674.63,E21C,49,56,90,0.0
1788094674.65,0110,1,24,90,0.0
1788094674.66,E21D,56,56,90,0.0
1788094674.69,E21E,70,0,90,0.0
1788094674.70,010B,45,0,90,0.0
1788094674.72,E6F0,90,74,90,0.0
1788094674.75,0110,1,20,90,0.0
1788094674.76,E6F2,240,0,90,0.0
1788094674.79,E6F3,240,0,90,0.0
1788094674.80,010B,45,0,90,0.0
1788094674.82,0105,130,0,90,0.0
1788094674.85,010F,105,0,90,0.0
1788094674.85,0110,1,17,90,0.0
1788094674.88,0110,1,14,90,0.0
1788094674.90,010B,45,0,90,0.0
1788094674.91,010B,45,0,90,0.0
1788094674.95,0106,129,0,90,0.0
1788094674.95,0110,1,20,90,0.0
1788094674.98,0107,131,0,90,0.0
1788094675.00,010B,45,0,90,0.0
1788094675.01,010E,140,0,90,0.0
1788094675.05,0142,53,17,90,0.0
1788094675.05,0110,1,17,90,0.0
1788094675.08,0000,190,63,90,0.0
1788094675.10,010B,45,0,90,0.0
1788094675.11,0002,0,0,90,0.0
1788094675.15,0003,2,0,90,0.0
1788094675.15,0110,1,14,90,0.0
1788094675.18,0005,130,0,90,0.0
1788094675.20,010B,45,0,90,0.0
1788094675.21,0006,129,0,90,0.0
1788094675.24,0007,131,0,90,0.0
1788094675.25,0110,1,11,90,0.0
1788094675.28,000B,45,0,90,0.0
1788094675.30,010B,45,0,90,0.0
1788094675.30,000C,11,130,90,0.0
1788094675.34,000D,0,0,90,0.0
1788094675.35,0110,1,11,90,0.0
1788094675.38,000E,138,0,90,0.0
1788094675.40,010B,45,0,90,0.0
1788094675.41,000F,105,0,90,0.0
1788094675.44,0010,1,11,90,0.0
1788094675.45,0110,1,14,90,0.0
1788094675.46,17B3,138,0,90,0.0
1788094675.47,0011,30,0,90,0.0
1788094675.50,010B,45,0,90,0.0
1788094675.54,001C,10,0,90,0.0
1788094675.55,0110,1,11,90,0.0
1788094675.57,001F,0,196,90,0.0
1788094675.60,0020,128,21,90,0.0
1788094675.63,0021,0,0,90,0.0
1788094675.65,0110,1,4,90,0.0
1788094675.66,002C,0,0,90,0.0
1788094675.70,002E,37,0,90,0.0
1788094675.70,010B,44,0,90,0.0
1788094675.73,0030,255,0,90,0.0
1788094675.75,0110,1,4,90,0.0
1788094675.77,003C,21,121,90,0.0
1788094675.80,0040,104,0,90,0.0
1788094675.80,010B,44,0,90,0.0
1788094675.83,0042,53,50,90,0.0
1788094675.85,0110,1,4,90,0.0
1788094675.87,0043,0,70,90,0.0
1788094675.90,0200,0,0,90,0.0
1788094675.90,010B,44,0,90,0.0
1788094675.93,0202,0,0,90,0.0
1788094675.95,0110,0,254,90,0.0
1788094675.96,0900,6,74,90,0.0
1788094675.99,0968,0,0,90,0.0
1788094676.00,010B,44,0,90,0.0
1788094676.03,096E,11,56,90,0.0
1788094676.05,0110,1,4,90,0.0
1788094676.06,097C,108,193,90,0.0
1788094676.09,098E,0,0,90,0.0
1788094676.10,010B,44,0,90,0.0
1788094676.12,1101,1,0,90,0.0
1788094676.15,0110,0,251,90,0.0
1788094676.15,1103,4,0,90,0.0
1788094676.18,1104,1,0,90,0.0
1788094676.20,010B,43,0,90,0.0
1788094676.22,114A,40,192,90,0.0
1788094676.25,114D,35,0,90,0.0
1788094676.25,0110,0,254,90,0.0
1788094676.28,1153,58,187,90,0.0
1788094676.30,010B,43,0,90,0.0
1788094676.32,1154,29,192,90,0.0
1788094676.35,1169,29,189,90,0.0
1788094676.38,1173,3,112,90,0.0
1788094676.40,010B,43,0,90,0.0
1788094676.42,1177,20,160,90,0.0
1788094676.45,1410,1,52,90,0.0
1788094676.45,0110,0,251,90,0.0
1788094676.48,1631,1,0,90,0.0
1788094676.50,010B,43,0,90,0.0
1788094676.51,1678,0,0,90,0.0
1788094676.54,1681,0,0,90,0.0
1788094676.55,0110,0,254,90,0.0
1788094676.58,16CD,0,0,90,0.0
1788094676.60,010B,43,0,90,0.0
1788094676.61,16CE,255,253,90,0.0
1788094676.64,16CF,13,124,90,0.0
1788094676.65,0110,1,4,90,0.0
1788094676.67,16E8,86,112,90,0.0
1788094676.70,010B,43,0,90,0.0
1788094676.70,16E9,0,116,90,0.0
1788094676.74,16F0,3,131,90,0.0
1788094676.75,0110,0,245,90,0.0
1788094676.77,1704,0,0,90,0.0
1788094676.80,1706,128,0,90,0.0
1788094676.83,1709,0,0,90,0.0
1788094676.85,0110,0,248,90,0.0
1788094676.87,1717,1,0,90,0.0
1788094676.90,1718,1,0,90,0.0
1788094676.90,010B,43,0,90,0.0
1788094676.93,1746,0,0,90,0.0
1788094676.95,0110,1,1,90,0.0
1788094676.96,1782,134,0,90,0.0
1788094677.00,1783,110,192,90,0.0
1788094677.00,010B,43,0,90,0.0
1788094677.03,17A0,31,0,90,0.0
1788094677.05,0110,1,4,90,0.0
1788094677.07,17A6,0,0,90,0.0
1788094677.10,17B0,19,0,90,0.0
1788094677.10,010B,43,0,90,0.0
1788094677.13,17B1,32,0,90,0.0
1788094677.15,0110,0,254,90,0.0
1788094677.16,17B2,4,0,90,0.0
1788094677.19,17B3,138,0,90,0.0
1788094677.20,010B,43,0,90,0.0
1788094677.22,17B5,80,0,90,0.0
1788094677.25,0110,0,251,90,0.0
1788094677.26,17B6,0,0,90,0.0
1788094677.29,17B8,238,0,90,0.0
1788094677.30,010B,43,0,90,0.0
1788094677.32,17BA,0,0,90,0.0
1788094677.35,0110,0,248,90,0.0
1788094677.36,17BB,0,0,90,0.0
1788094677.39,17BC,0,0,90,0.0
1788094677.40,010B,43,0,90,0.0
1788094677.43,17BD,49,0,90,0.0
1788094677.46,17BE,0,0,90,0.0
1788094677.49,17C1,234,0,90,0.0
1788094677.50,010B,43,0,90,0.0
1788094677.52,3201,23,112,90,0.0
1788094677.55,990A,44,0,90,0.0
1788094677.59,996E,13,52,90,0.0
1788094677.60,010B,43,0,90,0.0
1788094677.62,A211,0,0,90,0.0
1788094677.65,D100,129,0,90,0.0
1788094677.65,0110,0,254,90,0.0
1788094677.68,E21B,90,74,90,0.0
1788094677.70,010B,43,0,90,0.0
1788094677.72,E21C,49,56,90,0.0
1788094677.74,E21D,56,56,90,0.0
1788094677.75,0110,0,254,90,0.0
1788094677.78,E21E,70,0,90,0.0
1788094677.80,010B,43,0,90,0.0
1788094677.82,E6F0,90,74,90,0.0
1788094677.85,E6F2,240,0,90,0.0
1788094677.85,0110,1,4,90,0.0
1788094677.88,E6F3,240,0,90,0.0
1788094677.90,010B,43,0,90,0.0
1788094677.91,0105,130,0,90,0.0
1788094677.94,010F,105,0,90,0.0
1788094677.95,0110,0,251,90,0.0
1788094677.97,0110,0,254,90,0.0
1788094678.00,010B,43,0,90,0.0
1788094678.01,010B,44,0,90,0.0
1788094678.04,0106,128,0,90,0.0
1788094678.05,0110,1,1,90,0.0
1788094678.07,0107,131,0,90,0.0
1788094678.10,010B,44,0,90,0.0
1788094678.10,010E,146,0,90,0.0
1788094678.14,0142,52,252,90,0.0
1788094678.15,0110,0,254,90,0.0
1788094678.17,0000,190,63,90,0.0
1788094678.20,0002,0,0,90,0.0
1788094678.20,010B,44,0,90,0.0
1788094678.23,0003,2,0,90,0.0
1788094678.25,0110,0,248,90,0.0
1788094678.26,0005,130,0,90,0.0
1788094678.30,0006,129,0,90,0.0
1788094678.30,010B,44,0,90,0.0
1788094678.33,0007,131,0,90,0.0
1788094678.35,0110,0,254,90,0.0
1788094678.36,000B,43,0,90,0.0
1788094678.40,000C,11,32,90,0.0
1788094678.40,010B,43,0,90,0.0
1788094678.43,000D,0,0,90,0.0
1788094678.45,0110,0,254,90,0.0
1788094678.46,000E,143,0,90,0.0
1788094678.50,000F,105,0,90,0.0
1788094678.50,010B,44,0,90,0.0
1788094678.53,0010,0,248,90,0.0
1788094678.55,0110,0,254,90,0.0
1788094678.56,0011,30,0,90,0.0
1788094678.59,0013,1,0,90,0.0
1788094678.60,010B,43,0,90,0.0
1788094678.62,001C,10,0,90,0.0
1788094678.65,0110,0,254,90,0.0
1788094678.69,0020,128,21,90,0.0
1788094678.70,010B,43,0,90,0.0
1788094678.72,0021,0,0,90,0.0
1788094678.75,002C,0,0,90,0.0
1788094678.79,002E,36,0,90,0.0
1788094678.80,010B,43,0,90,0.0
1788094678.82,0030,255,0,90,0.0
1788094678.85,003C,21,119,90,0.0
1788094678.85,0110,1,1,90,0.0
1788094678.88,0040,104,0,90,0.0
1788094678.90,010B,43,0,90,0.0
1788094678.91,0042,53,16,90,0.0
1788094678.94,0043,0,69,90,0.0
1788094678.95,0110,0,245,90,0.0
1788094678.98,0200,0,0,90,0.0
1788094679.00,010B,43,0,90,0.0
1788094679.02,0202,0,0,90,0.0
1788094679.05,0900,6,64,90,0.0
1788094679.05,0110,0,251,90,0.0
1788094679.08,0968,0,0,90,0.0
1788094679.10,010B,43,0,90,0.0
1788094679.11,096E,11,6,90,0.0
1788094679.14,097C,108,194,90,0.0
1788094679.15,0110,0,254,90,0.0
1788094679.18,098E,0,0,90,0.0
1788094679.20,010B,43,0,90,0.0
1788094679.21,1101,1,0,90,0.0
1788094679.24,1103,4,0,90,0.0
1788094679.25,0110,0,254,90,0.0
1788094679.27,1104,1,0,90,0.0
1788094679.30,010B,43,0,90,0.0
1788094679.30,114A,40,192,90,0.0
1788094679.34,114D,34,192,90,0.0
1788094679.35,0110,0,254,90,0.0
1788094679.37,1153,57,134,90,0.0
1788094679.40,1154,29,192,90,0.0
1788094679.43,1169,29,189,90,0.0
1788094679.45,0110,0,251,90,0.0
1788094679.46,17B3,137,0,90,0.0
1788094679.46,1173,3,32,90,0.0
1788094679.50,1177,20,160,90,0.0
1788094679.54,1410,1,55,90,0.0
1788094679.55,0110,0,251,90,0.0
1788094679.57,1631,1,0,90,0.0
1788094679.60,1678,0,0,90,0.0
1788094679.60,010B,43,0,90,0.0
1788094679.63,1681,0,0,90,0.0
1788094679.65,0110,0,251,90,0.0
1788094679.66,16CD,0,0,90,0.0
1788094679.70,16CE,255,251,90,0.0
1788094679.70,010B,43,0,90,0.0
1788094679.74,16CF,13,115,90,0.0
1788094679.75,0110,0,248,90,0.0
1788094679.77,16E8,93,49,90,0.0
1788094679.80,16E9,0,118,90,0.0
1788094679.83,16F0,3,131,90,0.0
1788094679.85,0110,0,245,90,0.0
1788094679.87,1704,0,0,90,0.0
1788094679.90,010B,43,0,90,0.0
1788094679.90,1706,128,0,90,0.0
1788094679.94,1709,0,0,90,0.0
1788094679.95,0110,1,4,90,0.0
1788094679.98,1717,1,0,90,0.0
1788094680.00,010B,43,0,90,0.0
1788094680.01,1718,1,0,90,0.0
1788094680.04,1746,0,0,90,0.0
1788094680.05,0110,0,254,90,0.0
1788094680.08,1782,134,0,90,0.0
1788094680.10,010B,43,0,90,0.0
1788094680.11,1783,110,192,90,0.0
1788094680.14,17A0,32,0,90,0.0
1788094680.15,0110,0,254,90,0.0
1788094680.18,17A6,0,0,90,0.0
1788094680.20,010B,43,0,90,0.0
1788094680.21,17B0,19,0,90,0.0
1788094680.25,17B1,32,0,90,0.0
1788094680.25,0110,0,254,90,0.0
1788094680.28,17B2,4,0,90,0.0
1788094680.30,010B,43,0,90,0.0
1788094680.31,17B3,137,0,90,0.0
1788094680.34,17B5,80,0,90,0.0
1788094680.35,0110,1,1,90,0.0
1788094680.38,17B6,0,0,90,0.0
1788094680.40,010B,43,0,90,0.0
1788094680.41,17B8,238,0,90,0.0
1788094680.44,17BA,0,0,90,0.0
1788094680.45,0110,0,251,90,0.0
1788094680.48,17BB,0,0,90,0.0
1788094680.50,010B,44,0,90,0.0
1788094680.51,17BC,0,0,90,0.0
1788094680.54,17BD,50,0,90,0.0
1788094680.55,0110,1,1,90,0.0
1788094680.58,17BE,0,0,90,0.0
1788094680.60,010B,43,0,90,0.0
1788094680.61,17C1,234,0,90,0.0
1788094680.65,3201,23,112,90,0.0
1788094680.65,0110,0,248,90,0.0
1788094680.68,990A,44,0,90,0.0
1788094680.70,010B,44,0,90,0.0
1788094680.71,996E,13,52,90,0.0
1788094680.74,A211,0,0,90,0.0
1788094680.75,0110,0,251,90,0.0
1788094680.78,D100,129,0,90,0.0
1788094680.80,010B,44,0,90,0.0
1788094680.81,E21B,90,74,90,0.0
1788094680.84,E21C,49,56,90,0.0
1788094680.85,0110,0,254,90,0.0
1788094680.87,E21D,56,56,90,0.0
1788094680.90,010B,44,0,90,0.0
1788094680.90,E21E,70,0,90,0.0
1788094680.94,E6F0,90,74,90,0.0
1788094680.95,0110,0,254,90,0.0
1788094680.98,E6F2,240,0,90,0.0
1788094681.00,010B,44,0,90,0.0
1788094681.01,E6F3,240,0,90,0.0
1788094681.04,0105,130,0,90,0.0
1788094681.05,0110,0,254,90,0.0
1788094681.07,010F,105,0,90,0.0
1788094681.10,010B,44,0,90,0.0
1788094681.10,0110,1,4,90,0.0
1788094681.14,010B,44,0,90,0.0
1788094681.15,0110,0,251,90,0.0
1788094681.17,0106,129,0,90,0.0
1788094681.20,010B,44,0,90,0.0
1788094681.20,0107,131,0,90,0.0
1788094681.24,010E,147,0,90,0.0
1788094681.25,0110,0,251,90,0.0
1788094681.27,0142,53,25,90,0.0
1788094681.30,010B,44,0,90,0.0
1788094681.31,0000,190,63,90,0.0
1788094681.34,0002,0,0,90,0.0
1788094681.35,0110,0,251,90,0.0
1788094681.38,0003,2,0,90,0.0
1788094681.40,010B,44,0,90,0.0
1788094681.41,0005,130,0,90,0.0
1788094681.44,0006,129,0,90,0.0
1788094681.45,0110,0,251,90,0.0
1788094681.47,0007,131,0,90,0.0
1788094681.50,010B,44,0,90,0.0
1788094681.50,000B,44,0,90,0.0
1788094681.54,000C,10,252,90,0.0
1788094681.55,0110,0,254,90,0.0
1788094681.58,000D,0,0,90,0.0
1788094681.60,010B,44,0,90,0.0
1788094681.64,000F,105,0,90,0.0
1788094681.65,0110,0,248,90,0.0
1788094681.67,0010,0,251,90,0.0
1788094681.70,0011,30,0,90,0.0
1788094681.74,0013,1,0,90,0.0
1788094681.75,0110,0,254,90,0.0
1788094681.77,001C,10,0,90,0.0
1788094681.80,001F,0,203,90,0.0
1788094681.80,010B,44,0,90,0.0
1788094681.83,0020,128,21,90,0.0
1788094681.85,0110,0,248,90,0.0
1788094681.86,0021,0,0,90,0.0
1788094681.90,002C,0,0,90,0.0
1788094681.94,002E,36,0,90,0.0
1788094681.95,0110,0,248,90,0.0
1788094681.97,0030,255,0,90,0.0
1788094682.00,003C,21,117,90,0.0
1788094682.00,010B,44,0,90,0.0
1788094682.03,0040,104,0,90,0.0
1788094682.05,0110,0,254,90,0.0
1788094682.06,0042,53,10,90,0.0
1788094682.10,0043,0,69,90,0.0
1788094682.10,010B,43,0,90,0.0
1788094682.13,0200,0,0,90,0.0
1788094682.15,0110,0,254,90,0.0
1788094682.16,0202,0,0,90,0.0
1788094682.19,0900,6,64,90,0.0
1788094682.20,010B,43,0,90,0.0
1788094682.23,0968,0,0,90,0.0
1788094682.25,0110,0,251,90,0.0
1788094682.27,096E,10,240,90,0.0
1788094682.30,097C,108,195,90,0.0
1788094682.30,010B,43,0,90,0.0
1788094682.33,098E,0,0,90,0.0
1788094682.35,0110,0,254,90,0.0
1788094682.36,1101,1,0,90,0.0
1788094682.39,1103,4,0,90,0.0
1788094682.40,010B,43,0,90,0.0
1788094682.42,1104,1,0,90,0.0
1788094682.46,114A,40,192,90,0.0
1788094682.49,114D,35,0,90,0.0
1788094682.50,010B,43,0,90,0.0
1788094682.52,1153,58,65,90,0.0
1788094682.55,1154,29,192,90,0.0
1788094682.58,1169,29,189,90,0.0
1788094682.60,010B,43,0,90,0.0
1788094682.62,1173,2,253,90,0.0
1788094682.65,1177,20,180,90,0.0
1788094682.65,0110,1,8,90,0.0
1788094682.68,1410,1,55,90,0.0
1788094682.70,010B,43,0,90,0.0
1788094682.71,1631,1,0,90,0.0
1788094682.74,1678,0,0,90,0.0
1788094682.75,0110,0,251,90,0.0
1788094682.78,1681,0,0,90,0.0
1788094682.80,010B,43,0,90,0.0
1788094682.82,16CD,0,0,90,0.0
1788094682.85,16CE,255,252,90,0.0
1788094682.85,0110,0,251,90,0.0
1788094682.88,16CF,13,137,90,0.0
1788094682.90,010B,44,0,90,0.0
1788094682.91,16E8,87,243,90,0.0
1788094682.94,16E9,0,117,90,0.0
1788094682.95,0110,0,254,90,0.0
1788094682.98,16F0,3,131,90,0.0
1788094683.00,010B,43,0,90,0.0
1788094683.01,1704,0,0,90,0.0
1788094683.05,1706,128,0,90,0.0
1788094683.05,0110,0,245,90,0.0
1788094683.08,1709,0,0,90,0.0
1788094683.10,010B,44,0,90,0.0
1788094683.11,1717,1,0,90,0.0
1788094683.14,1718,1,0,90,0.0
1788094683.15,0110,1,1,90,0.0
1788094683.18,1746,0,0,90,0.0
1788094683.20,010B,44,0,90,0.0
1788094683.21,1782,134,0,90,0.0
1788094683.24,1783,110,192,90,0.0
1788094683.25,0110,0,242,90,0.0
1788094683.27,17A0,31,0,90,0.0
1788094683.30,17A6,0,0,90,0.0
1788094683.34,17B0,18,0,90,0.0
1788094683.35,0110,0,248,90,0.0
1788094683.38,17B1,32,0,90,0.0
1788094683.41,17B2,4,0,90,0.0
1788094683.44,17B3,137,0,90,0.0
1788094683.45,0110,1,1,90,0.0
1788094683.47,17B5,80,0,90,0.0
1788094683.50,17B6,0,0,90,0.0
1788094683.54,17B8,238,0,90,0.0
1788094683.55,0110,0,254,90,0.0
1788094683.57,17BA,0,0,90,0.0
1788094683.60,17BB,0,0,90,0.0
1788094683.60,010B,44,0,90,0.0
1788094683.63,17BC,0,0,90,0.0
1788094683.65,0110,0,251,90,0.0
1788094683.66,17BD,50,0,90,0.0
1788094683.70,17BE,0,0,90,0.0
1788094683.70,010B,44,0,90,0.0
1788094683.73,17C1,234,0,90,0.0
1788094683.75,0110,0,254,90,0.0
1788094683.76,3201,23,112,90,0.0
1788094683.79,990A,44,0,90,0.0
1788094683.80,010B,44,0,90,0.0
1788094683.82,996E,13,72,90,0.0
1788094683.85,0110,0,248,90,0.0
1788094683.86,A211,0,0,90,0.0
1788094683.89,D100,129,0,90,0.0
1788094683.90,010B,44,0,90,0.0
1788094683.93,E21B,90,74,90,0.0
1788094683.95,0110,0,248,90,0.0
1788094683.96,E21C,49,56,90,0.0
1788094683.99,E21D,56,56,90,0.0
1788094684.00,010B,44,0,90,0.0
1788094684.02,E21E,70,0,90,0.0
1788094684.06,E6F0,90,74,90,0.0
1788094684.09,E6F2,240,0,90,0.0
1788094684.10,010B,44,0,90,0.0
1788094684.12,E6F3,240,0,90,0.0
1788094684.15,0105,130,0,90,0.0
1788094684.15,0110,0,251,90,0.0
1788094684.18,010F,105,0,90,0.0
1788094684.20,010B,44,0,90,0.0
1788094684.21,0110,0,245,90,0.0
1788094684.25,010B,44,0,90,0.0
1788094684.25,0110,0,239,90,0.0
1788094684.28,0106,129,0,90,0.0
1788094684.30,010B,44,0,90,0.0
1788094684.31,0107,131,0,90,0.0
1788094684.35,010E,144,0,90,0.0
1788094684.35,0110,0,251,90,0.0
1788094684.38,0142,53,7,90,0.0
1788094684.40,010B,44,0,90,0.0
1788094684.42,0000,190,63,90,0.0
1788094684.45,0002,0,0,90,0.0
1788094684.45,0110,0,254,90,0.0
1788094684.48,0003,2,0,90,0.0
1788094684.50,010B,44,0,90,0.0
1788094684.51,0005,130,0,90,0.0
1788094684.54,0006,129,0,90,0.0
1788094684.55,0110,0,251,90,0.0
1788094684.58,0007,131,0,90,0.0
1788094684.60,010B,44,0,90,0.0
1788094684.61,000B,44,0,90,0.0
1788094684.64,000C,10,255,90,0.0
1788094684.65,0110,0,254,90,0.0
1788094684.68,000D,0,0,90,0.0
1788094684.70,010B,44,0,90,0.0
1788094684.71,000E,143,0,90,0.0
1788094684.74,000F,105,0,90,0.0
1788094684.75,0110,0,242,90,0.0
1788094684.78,0010,0,248,90,0.0
1788094684.80,010B,43,0,90,0.0
1788094684.81,0011,30,0,90,0.0
1788094684.84,0013,1,0,90,0.0
1788094684.85,0110,0,245,90,0.0
1788094684.87,001C,10,0,90,0.0
1788094684.91,001F,0,206,90,0.0
1788094684.94,0020,128,21,90,0.0
1788094684.95,0110,1,1,90,0.0
1788094684.97,0021,0,0,90,0.0
1788094685.00,002C,0,0,90,0.0
1788094685.00,010B,43,0,90,0.0
1788094685.03,002E,35,0,90,0.0
1788094685.05,0110,0,245,90,0.0
1788094685.07,0030,255,0,90,0.0
1788094685.10,003C,21,116,90,0.0
1788094685.14,0040,104,0,90,0.0
1788094685.15,0110,0,254,90,0.0
1788094685.17,0042,52,255,90,0.0
1788094685.20,0043,0,69,90,0.0
1788094685.20,010B,44,0,90,0.0
1788094685.23,0200,0,0,90,0.0
1788094685.25,0110,0,254,90,0.0
1788094685.26,0202,0,0,90,0.0
1788094685.30,0900,6,64,90,0.0
1788094685.30,010B,43,0,90,0.0
1788094685.33,0968,0,0,90,0.0
1788094685.35,0110,0,248,90,0.0
1788094685.36,096E,10,240,90,0.0
1788094685.39,097C,108,196,90,0.0
1788094685.40,010B,43,0,90,0.0
1788094685.42,098E,0,0,90,0.0
1788094685.45,0110,0,248,90,0.0
1788094685.46,17B3,137,0,90,0.0
1788094685.50,1103,4,0,90,0.0
1788094685.50,010B,43,0,90,0.0
1788094685.53,1104,1,0,90,0.0
1788094685.55,0110,0,254,90,0.0
1788094685.56,114A,40,192,90,0.0
1788094685.59,114D,34,192,90,0.0
1788094685.60,010B,43,0,90,0.0
1788094685.62,1153,57,219,90,0.0
1788094685.65,0110,0,248,90,0.0
1788094685.66,1154,29,192,90,0.0
1788094685.69,1169,29,189,90,0.0
1788094685.70,010B,43,0,90,0.0
1788094685.72,1173,1,154,90,0.0
1788094685.75,1177,20,100,90,0.0
1788094685.78,1410,1,56,90,0.0
1788094685.80,010B,43,0,90,0.0
1788094685.82,1631,1,0,90,0.0
1788094685.85,1678,0,0,90,0.0
1788094685.85,0110,0,248,90,0.0
1788094685.88,1681,0,0,90,0.0
1788094685.90,010B,43,0,90,0.0
1788094685.92,16CD,0,0,90,0.0
1788094685.95,16CE,255,251,90,0.0
1788094685.98,16CF,13,77,90,0.0
1788094686.00,010B,43,0,90,0.0
1788094686.02,16E8,85,124,90,0.0
1788094686.05,16E9,0,116,90,0.0
1788094686.05,0110,1,1,90,0.0
1788094686.08,16F0,3,131,90,0.0
1788094686.10,010B,43,0,90,0.0
1788094686.11,1704,0,0,90,0.0
1788094686.14,1706,128,0,90,0.0
1788094686.15,0110,1,1,90,0.0
1788094686.18,1709,0,0,90,0.0
1788094686.21,1717,1,0,90,0.0
1788094686.24,1718,1,0,90,0.0
1788094686.25,0110,0,251,90,0.0
1788094686.27,1746,0,0,90,0.0
1788094686.30,1782,133,192,90,0.0
1788094686.34,1783,110,192,90,0.0
1788094686.35,0110,0,254,90,0.0
1788094686.37,17A0,32,0,90,0.0
1788094686.40,17A6,0,0,90,0.0
1788094686.40,010B,44,0,90,0.0
1788094686.43,17B0,18,0,90,0.0
1788094686.45,0110,0,254,90,0.0
1788094686.46,17B1,32,0,90,0.0
1788094686.50,17B2,4,0,90,0.0
1788094686.50,010B,43,0,90,0.0
1788094686.53,17B3,137,0,90,0.0
1788094686.55,0110,0,245,90,0.0
1788094686.56,17B5,80,0,90,0.0
1788094686.59,17B6,0,0,90,0.0
1788094686.60,010B,43,0,90,0.0
1788094686.63,17B8,238,0,90,0.0
1788094686.65,0110,0,251,90,0.0
1788094686.66,17BA,0,0,90,0.0
1788094686.70,17BB,0,0,90,0.0
1788094686.70,010B,44,0,90,0.0
1788094686.73,17BC,0,0,90,0.0
1788094686.75,0110,0,248,90,0.0
1788094686.76,17BD,50,0,90,0.0
1788094686.79,17BE,0,0,90,0.0
1788094686.80,010B,44,0,90,0.0
1788094686.82,17C1,234,0,90,0.0
1788094686.85,0110,0,248,90,0.0
1788094686.86,3201,23,112,90,0.0
1788094686.89,990A,43,0,90,0.0
1788094686.90,010B,44,0,90,0.0
1788094686.92,996E,13,92,90,0.0
1788094686.95,0110,0,254,90,0.0
1788094686.95,A211,0,0,90,0.0
1788094686.99,D100,129,0,90,0.0
1788094687.00,010B,44,0,90,0.0
1788094687.03,E21B,90,74,90,0.0
1788094687.06,E21C,49,56,90,0.0
1788094687.09,E21D,56,56,90,0.0
1788094687.10,010B,44,0,90,0.0
1788094687.12,E21E,70,0,90,0.0
1788094687.15,E6F0,90,74,90,0.0
1788094687.18,E6F2,240,0,90,0.0
1788094687.20,010B,44,0,90,0.0
1788094687.22,E6F3,240,0,90,0.0
1788094687.24,0105,130,0,90,0.0
1788094687.25,0110,0,251,90,0.0
1788094687.28,010F,105,0,90,0.0
1788094687.30,010B,44,0,90,0.0
1788094687.31,0110,0,254,90,0.0
1788094687.35,010B,44,0,90,0.0
1788094687.35,0110,1,1,90,0.0
1788094687.38,0106,129,0,90,0.0
1788094687.40,010B,44,0,90,0.0
1788094687.41,0107,131,0,90,0.0
1788094687.44,010E,145,0,90,0.0
1788094687.45,0110,0,254,90,0.0
1788094687.46,17B3,137,0,90,0.0
1788094687.48,0142,53,19,90,0.0
1788094687.50,010B,44,0,90,0.0
1788094687.52,0000,190,63,90,0.0
1788094687.55,0002,0,0,90,0.0
1788094687.58,0003,2,0,90,0.0
1788094687.60,010B,44,0,90,0.0
1788094687.62,0005,130,0,90,0.0
1788094687.65,0006,130,0,90,0.0
1788094687.65,0110,0,251,90,0.0
1788094687.68,0007,131,0,90,0.0
1788094687.70,010B,44,0,90,0.0
1788094687.71,000B,44,0,90,0.0
1788094687.74,000C,11,1,90,0.0
1788094687.75,0110,0,248,90,0.0
1788094687.78,000D,0,0,90,0.0
1788094687.80,010B,44,0,90,0.0
1788094687.81,000E,142,0,90,0.0
1788094687.84,000F,105,0,90,0.0
1788094687.85,0110,0,251,90,0.0
1788094687.88,0010,0,254,90,0.0
1788094687.90,010B,44,0,90,0.0
1788094687.91,0011,30,0,90,0.0
1788094687.94,0013,1,0,90,0.0
1788094687.95,0110,0,251,90,0.0
1788094687.98,001C,10,0,90,0.0
1788094688.00,010B,43,0,90,0.0
1788094688.01,001F,0,209,90,0.0
1788094688.04,0020,128,21,90,0.0
1788094688.05,0110,0,251,90,0.0
1788094688.07,0021,0,0,90,0.0
1788094688.10,002C,0,0,90,0.0
1788094688.14,002E,36,0,90,0.0
1788094688.15,0110,0,254,90,0.0
1788094688.17,0030,255,0,90,0.0
1788094688.20,003C,21,114,90,0.0
1788094688.20,010B,43,0,90,0.0
1788094688.23,0040,104,0,90,0.0
1788094688.25,0110,0,245,90,0.0
1788094688.26,0042,53,22,90,0.0
1788094688.30,0043,0,69,90,0.0
1788094688.30,010B,43,0,90,0.0
1788094688.34,0200,0,0,90,0.0
1788094688.35,0110,0,248,90,0.0
1788094688.37,0202,0,0,90,0.0
1788094688.40,0900,6,64,90,0.0
1788094688.40,010B,43,0,90,0.0
1788094688.44,0968,0,0,90,0.0
1788094688.45,0110,0,251,90,0.0
1788094688.47,096E,10,240,90,0.0
1788094688.50,097C,108,197,90,0.0
1788094688.54,098E,0,0,90,0.0
1788094688.55,0110,0,254,90,0.0
1788094688.57,1101,1,0,90,0.0
1788094688.60,1103,4,0,90,0.0
1788094688.60,010B,43,0,90,0.0
1788094688.63,1104,1,0,90,0.0
1788094688.65,0110,0,254,90,0.0
1788094688.66,114A,40,192,90,0.0
1788094688.70,114D,34,192,90,0.0
1788094688.70,010B,44,0,90,0.0
1788094688.73,1153,57,254,90,0.0
1788094688.75,0110,0,248,90,0.0
1788094688.76,1154,29,192,90,0.0
1788094688.80,1169,29,189,90,0.0
1788094688.80,010B,44,0,90,0.0
1788094688.83,1173,3,12,90,0.0
1788094688.85,0110,0,248,90,0.0
1788094688.86,1177,20,120,90,0.0
1788094688.90,1410,1,54,90,0.0
1788094688.90,010B,43,0,90,0.0
1788094688.93,1631,1,0,90,0.0
1788094688.95,0110,0,239,90,0.0
1788094688.96,1678,0,0,90,0.0
1788094688.99,1681,0,0,90,0.0
1788094689.00,010B,43,0,90,0.0
1788094689.02,16CD,0,0,90,0.0
1788094689.06,16CE,255,250,90,0.0
1788094689.09,16CF,13,157,90,0.0
1788094689.10,010B,42,0,90,0.0
1788094689.12,16E8,90,248,90,0.0
1788094689.15,16E9,0,118,90,0.0
1788094689.18,16F0,3,131,90,0.0
1788094689.20,010B,41,0,90,0.0
1788094689.22,1704,0,0,90,0.0
1788094689.25,1706,128,0,90,0.0
1788094689.25,0110,0,185,90,0.0
1788094689.29,1709,0,0,90,0.0
1788094689.30,010B,40,0,90,0.0
1788094689.32,1717,1,0,90,0.0
1788094689.35,1718,1,0,90,0.0
1788094689.38,1746,0,0,90,0.0
1788094689.40,010B,39,0,90,0.0
1788094689.42,1782,133,192,90,0.0
1788094689.45,1783,110,192,90,0.0
1788094689.45,0110,0,175,90,0.0
1788094689.46,17B3,137,0,90,0.0
1788094689.48,17A0,32,0,90,0.0
1788094689.50,010B,38,0,90,0.0
1788094689.51,17A6,0,0,90,0.0
1788094689.54,17B0,19,0,90,0.0
1788094689.55,0110,0,180,90,0.0
1788094689.58,17B1,32,0,90,0.0
1788094689.60,010B,37,0,90,0.0
1788094689.61,17B2,4,0,90,0.0
1788094689.64,17B3,137,0,90,0.0
1788094689.65,0110,0,180,90,0.0
1788094689.67,17B5,80,0,90,0.0
1788094689.70,010B,36,0,90,0.0
1788094689.70,17B6,0,0,90,0.0
1788094689.74,17B8,238,0,90,0.0
1788094689.75,0110,0,180,90,0.0
1788094689.78,17BA,0,0,90,0.0
1788094689.80,010B,36,0,90,0.0
1788094689.81,17BB,0,0,90,0.0
1788094689.84,17BC,0,0,90,0.0
1788094689.85,0110,0,178,90,0.0
1788094689.87,17BD,50,0,90,0.0
1788094689.90,17BE,0,0,90,0.0
1788094689.94,17C1,234,0,90,0.0
1788094689.95,0110,0,173,90,0.0
1788094689.97,3201,23,112,90,0.0
1788094690.01,990A,43,0,90,0.0
1788094690.04,996E,13,132,90,0.0
1788094690.05,0110,0,171,90,0.0
1788094690.08,A211,0,0,90,0.0
1788094690.10,010B,34,0,90,0.0
1788094690.11,D100,129,0,90,0.0
1788094690.14,E21B,90,74,90,0.0
1788094690.15,0110,0,168,90,0.0
1788094690.18,E21C,49,56,90,0.0
1788094690.20,010B,33,0,90,0.0
1788094690.21,E21D,56,56,90,0.0
1788094690.24,E21E,70,0,90,0.0
1788094690.25,0110,0,161,90,0.0
1788094690.28,E6F0,90,74,90,0.0
1788094690.30,010B,32,0,90,0.0
1788094690.31,E6F2,240,0,90,0.0
1788094690.35,E6F3,240,0,90,0.0
1788094690.35,0110,0,164,90,0.0
1788094690.37,0105,130,0,90,0.0
1788094690.40,010B,32,0,90,0.0
1788094690.41,010F,105,0,90,0.0
1788094690.44,0110,0,164,90,0.0
1788094690.45,0110,0,166,90,0.0
1788094690.47,010B,32,0,90,0.0
1788094690.50,010B,32,0,90,0.0
1788094690.51,0106,125,0,90,0.0
1788094690.54,0107,131,0,90,0.0
1788094690.55,0110,0,168,90,0.0
1788094690.57,010E,136,0,90,0.0
1788094690.60,010B,32,0,90,0.0
1788094690.60,0142,53,8,90,0.0
1788094690.64,0000,190,63,90,0.0
1788094690.65,0110,0,168,90,0.0
1788094690.67,0002,0,0,90,0.0
1788094690.70,0003,2,0,90,0.0
1788094690.74,0005,130,0,90,0.0
1788094690.75,0110,0,168,90,0.0
1788094690.77,0006,126,0,90,0.0
1788094690.80,0007,131,0,90,0.0
1788094690.80,010B,31,0,90,0.0
1788094690.83,000B,31,0,90,0.0
1788094690.85,0110,0,168,90,0.0
1788094690.87,000C,11,22,90,0.0
1788094690.90,000D,0,0,90,0.0
1788094690.94,000E,145,0,90,0.0
1788094690.95,0110,0,173,90,0.0
1788094690.97,000F,105,0,90,0.0
1788094691.00,0010,0,175,90,0.0
1788094691.00,010B,31,0,90,0.0
1788094691.03,0011,30,0,90,0.0
1788094691.05,0110,0,173,90,0.0
1788094691.06,0013,1,0,90,0.0
1788094691.10,001C,10,0,90,0.0
1788094691.10,010B,31,0,90,0.0
1788094691.13,001F,0,212,90,0.0
1788094691.15,0110,0,175,90,0.0
1788094691.16,0020,128,21,90,0.0
1788094691.20,0021,0,0,90,0.0
1788094691.20,010B,31,0,90,0.0
1788094691.23,002C,0,0,90,0.0
1788094691.25,0110,0,173,90,0.0
1788094691.26,002E,29,0,90,0.0
1788094691.30,0030,255,0,90,0.0
1788094691.30,010B,31,0,90,0.0
1788094691.33,003C,21,112,90,0.0
1788094691.35,0110,0,178,90,0.0
1788094691.36,0040,104,0,90,0.0
1788094691.40,0042,52,243,90,0.0
1788094691.40,010B,31,0,90,0.0
1788094691.43,0043,0,48,90,0.0
1788094691.45,0110,0,171,90,0.0
1788094691.46,17B3,137,0,90,0.0
1788094691.50,0202,0,0,90,0.0
1788094691.50,010B,31,0,90,0.0
1788094691.53,0900,5,90,90,0.0
1788094691.55,0110,0,175,90,0.0
1788094691.56,0968,0,0,90,0.0
1788094691.59,096E,10,240,90,0.0
1788094691.60,010B,31,0,90,0.0
1788094691.62,097C,108,198,90,0.0
1788094691.65,0110,0,171,90,0.0
1788094691.66,098E,0,0,90,0.0
1788094691.69,1101,0,0,90,0.0
1788094691.70,010B,31,0,90,0.0
1788094691.72,1103,0,0,90,0.0
1788094691.76,1104,0,0,90,0.0
1788094691.79,114A,40,192,90,0.0
1788094691.80,010B,32,0,90,0.0
1788094691.82,114D,34,192,90,0.0
1788094691.86,1153,40,244,90,0.0
1788094691.89,1154,29,192,90,0.0
1788094691.90,010B,32,0,90,0.0
1788094691.92,1169,29,189,90,0.0
1788094691.95,1173,0,65,90,0.0
1788094691.98,1177,18,52,90,0.0
1788094692.00,010B,32,0,90,0.0
1788094692.02,1410,0,214,90,0.0
1788094692.05,1631,1,0,90,0.0
1788094692.05,0110,0,171,90,0.0
1788094692.08,1678,0,0,90,0.0
1788094692.10,010B,32,0,90,0.0
1788094692.11,1681,0,0,90,0.0
1788094692.14,16CD,0,0,90,0.0
1788094692.15,0110,0,175,90,0.0
1788094692.18,16CE,0,0,90,0.0
1788094692.20,010B,32,0,90,0.0
1788094692.22,16CF,13,114,90,0.0
1788094692.25,16E8,73,215,90,0.0
1788094692.25,0110,0,173,90,0.0
1788094692.28,16E9,0,116,90,0.0
1788094692.30,010B,31,0,90,0.0
1788094692.32,16F0,3,131,90,0.0
1788094692.35,1704,0,0,90,0.0
1788094692.38,1706,128,0,90,0.0
1788094692.40,010B,32,0,90,0.0
1788094692.42,1709,0,0,90,0.0
1788094692.45,1717,1,0,90,0.0
1788094692.45,0110,0,171,90,0.0
1788094692.45,0142,53,32,90,0.0
1788094692.48,1718,1,0,90,0.0
1788094692.50,010B,31,0,90,0.0
1788094692.51,1746,0,0,90,0.0
1788094692.54,1782,133,192,90,0.0
1788094692.55,0110,0,171,90,0.0
1788094692.58,1783,110,192,90,0.0
1788094692.60,010B,31,0,90,0.0
1788094692.62,17A0,31,0,90,0.0
1788094692.65,17A6,0,0,90,0.0
1788094692.65,0110,0,175,90,0.0
1788094692.68,17B0,19,0,90,0.0
1788094692.70,010B,31,0,90,0.0
1788094692.71,17B1,32,0,90,0.0
1788094692.74,17B2,4,0,90,0.0
1788094692.75,0110,0,173,90,0.0
1788094692.78,17B3,137,0,90,0.0
1788094692.80,010B,31,0,90,0.0
1788094692.81,17B5,80,0,90,0.0
1788094692.84,17B6,0,0,90,0.0
1788094692.85,0110,0,173,90,0.0
1788094692.87,17B8,238,0,90,0.0
1788094692.90,010B,31,0,90,0.0
1788094692.90,17BA,0,0,90,0.0
1788094692.94,17BB,0,0,90,0.0
1788094692.95,0110,0,178,90,0.0
1788094692.97,17BC,0,0,90,0.0
1788094693.00,17BD,50,0,90,0.0
1788094693.00,010B,31,0,90,0.0
1788094693.04,17BE,0,0,90,0.0
1788094693.05,0110,0,168,90,0.0
1788094693.07,17C1,234,0,90,0.0
1788094693.10,3201,23,112,90,0.0
1788094693.14,990A,42,0,90,0.0
1788094693.15,0110,0,173,90,0.0
1788094693.17,996E,13,152,90,0.0
1788094693.21,A211,0,0,90,0.0
1788094693.24,D100,129,0,90,0.0
1788094693.25,0110,0,173,90,0.0
1788094693.27,E21B,90,74,90,0.0
1788094693.30,010B,31,0,90,0.0
1788094693.34,E21D,56,56,90,0.0
1788094693.35,0110,0,168,90,0.0
1788094693.37,E21E,70,0,90,0.0
1788094693.41,E6F0,90,74,90,0.0
1788094693.44,E6F2,240,0,90,0.0
1788094693.45,0110,0,171,90,0.0
1788094693.46,17B3,137,0,90,0.0
1788094693.47,E6F3,240,0,90,0.0
1788094693.50,0105,130,0,90,0.0
1788094693.53,010F,105,0,90,0.0
1788094693.55,0110,0,171,90,0.0
1788094693.57,0110,0,171,90,0.0
1788094693.60,010B,31,0,90,0.0
1788094693.60,010B,31,0,90,0.0
1788094693.63,0106,127,0,90,0.0
1788094693.65,0110,0,166,90,0.0
1788094693.67,0107,131,0,90,0.0
1788094693.70,010E,143,0,90,0.0
1788094693.70,010B,31,0,90,0.0
1788094693.73,0142,53,25,90,0.0
1788094693.75,0110,0,171,90,0.0
1788094693.77,0000,190,63,90,0.0
1788094693.80,0002,0,0,90,0.0
1788094693.80,010B,31,0,90,0.0
1788094693.83,0003,2,0,90,0.0
1788094693.85,0110,0,166,90,0.0
1788094693.86,0005,130,0,90,0.0
1788094693.90,0006,127,0,90,0.0
1788094693.90,010B,31,0,90,0.0
1788094693.93,0007,131,0,90,0.0
1788094693.95,0110,0,171,90,0.0
1788094693.96,000B,31,0,90,0.0
1788094693.99,000C,11,11,90,0.0
1788094694.00,010B,31,0,90,0.0
1788094694.02,000D,0,0,90,0.0
1788094694.05,0110,0,175,90,0.0
1788094694.06,000E,145,0,90,0.0
1788094694.10,000F,105,0,90,0.0
1788094694.10,010B,31,0,90,0.0
1788094694.13,0010,0,171,90,0.0
1788094694.15,0110,0,171,90,0.0
1788094694.16,0011,30,0,90,0.0
1788094694.19,0013,1,0,90,0.0
1788094694.20,010B,31,0,90,0.0
1788094694.22,001C,10,0,90,0.0
1788094694.25,0110,0,173,90,0.0
1788094694.29,0020,128,21,90,0.0
1788094694.30,010B,31,0,90,0.0
1788094694.32,0021,0,0,90,0.0
1788094694.35,0110,0,173,90,0.0
1788094694.36,002C,0,0,90,0.0
1788094694.39,002E,29,0,90,0.0
1788094694.40,010B,31,0,90,0.0
1788094694.42,0030,255,0,90,0.0
1788094694.46,003C,21,110,90,0.0
1788094694.49,0040,104,0,90,0.0
1788094694.50,010B,31,0,90,0.0
1788094694.52,0042,53,30,90,0.0
1788094694.55,0043,0,47,90,0.0
1788094694.58,0200,0,0,90,0.0
1788094694.60,010B,31,0,90,0.0
1788094694.62,0202,0,0,90,0.0
1788094694.66,0900,5,90,90,0.0
1788094694.69,0968,0,0,90,0.0
1788094694.70,010B,31,0,90,0.0
1788094694.72,096E,10,240,90,0.0
1788094694.75,097C,108,199,90,0.0
1788094694.78,098E,0,0,90,0.0
1788094694.80,010B,31,0,90,0.0
1788094694.82,1101,0,0,90,0.0
1788094694.86,1103,0,0,90,0.0
1788094694.89,1104,0,0,90,0.0
1788094694.90,010B,31,0,90,0.0
1788094694.92,114A,40,192,90,0.0
1788094694.95,114D,34,192,90,0.0
1788094694.98,1153,41,29,90,0.0
1788094695.00,010B,31,0,90,0.0
1788094695.02,1154,29,192,90,0.0
1788094695.05,1169,29,189,90,0.0
1788094695.05,0110,0,168,90,0.0
1788094695.08,1173,0,140,90,0.0
1788094695.10,010B,31,0,90,0.0
1788094695.11,1177,18,72,90,0.0
1788094695.15,1410,0,208,90,0.0
1788094695.18,1631,1,0,90,0.0
1788094695.20,010B,32,0,90,0.0
1788094695.21,1678,0,0,90,0.0
1788094695.25,1681,0,0,90,0.0
1788094695.25,0110,0,173,90,0.0
1788094695.28,16CD,0,0,90,0.0
1788094695.30,010B,32,0,90,0.0
1788094695.31,16CE,255,255,90,0.0
1788094695.34,16CF,13,101,90,0.0
1788094695.35,0110,0,171,90,0.0
1788094695.38,16E8,68,69,90,0.0
1788094695.40,010B,32,0,90,0.0
1788094695.41,16E9,0,116,90,0.0
1788094695.44,16F0,3,131,90,0.0
1788094695.45,0110,0,171,90,0.0
1788094695.46,17B3,137,0,90,0.0
1788094695.47,1704,0,0,90,0.0
1788094695.50,1706,128,0,90,0.0
1788094695.54,1709,0,0,90,0.0
1788094695.55,0110,0,171,90,0.0
1788094695.57,1717,1,0,90,0.0
1788094695.60,1718,1,0,90,0.0
1788094695.60,010B,31,0,90,0.0
1788094695.63,1746,0,0,90,0.0
1788094695.65,0110,0,173,90,0.0
1788094695.66,1782,133,128,90,0.0
1788094695.70,1783,110,192,90,0.0
1788094695.70,010B,31,0,90,0.0
1788094695.73,17A0,31,0,90,0.0
1788094695.75,0110,0,178,90,0.0
1788094695.76,17A6,0,0,90,0.0
1788094695.79,17B0,19,0,90,0.0
1788094695.80,010B,32,0,90,0.0
1788094695.83,17B1,32,0,90,0.0
1788094695.85,0110,0,175,90,0.0
1788094695.86,17B2,4,0,90,0.0
1788094695.90,17B3,137,0,90,0.0
1788094695.90,010B,31,0,90,0.0
1788094695.93,17B5,80,0,90,0.0
1788094695.95,0110,0,168,90,0.0
1788094695.96,17B6,0,0,90,0.0
1788094695.99,17B8,238,0,90,0.0
1788094696.00,010B,31,0,90,0.0
1788094696.03,17BA,0,0,90,0.0
1788094696.06,17BB,0,0,90,0.0
1788094696.09,17BC,0,0,90,0.0
1788094696.10,010B,31,0,90,0.0
1788094696.12,17BD,50,0,90,0.0
1788094696.15,17BE,0,0,90,0.0
1788094696.18,17C1,234,0,90,0.0
1788094696.20,010B,31,0,90,0.0
1788094696.22,3201,23,112,90,0.0
1788094696.26,990A,42,0,90,0.0
1788094696.29,996E,13,152,90,0.0
1788094696.30,010B,31,0,90,0.0
1788094696.32,A211,0,0,90,0.0
1788094696.35,D100,129,0,90,0.0
