t,pid,b1,b2,coolant,speed
1788104822.78,0000,190,63,0,0.0
1788104822.79,0110,1,1,0,0.0
1788104822.81,0002,0,0,0,0.0
1788104822.83,010B,43,0,0,0.0
1788104822.84,0003,2,0,0,0.0
1788104822.88,0005,128,0,88,0.0
1788104822.89,0110,0,254,88,0.0
1788104822.91,0006,127,0,88,0.0
1788104822.94,010B,43,0,88,0.0
1788104822.94,0007,134,0,88,0.0
1788104822.98,000B,43,0,88,0.0
1788104822.98,0110,0,248,88,0.0
1788104823.01,000C,11,1,88,0.0
1788104823.04,010B,43,0,88,0.0
1788104823.04,000D,0,0,88,0.0
1788104823.07,000E,143,0,88,0.0
1788104823.08,0110,0,251,88,0.0
1788104823.11,000F,97,0,88,0.0
1788104823.14,0010,1,1,88,0.0
1788104823.17,0011,30,0,88,0.0
1788104823.18,0110,0,248,88,0.0
1788104823.20,0013,1,0,88,0.0
1788104823.23,001C,10,0,88,0.0
1788104823.27,001F,0,230,88,0.0
1788104823.28,0110,0,248,88,0.0
1788104823.31,0020,128,21,88,0.0
1788104823.34,0021,0,0,88,0.0
1788104823.37,002C,0,0,88,0.0
1788104823.38,0110,0,248,88,0.0
1788104823.39,0142,53,125,88,0.0
1788104823.40,002E,35,0,88,0.0
1788104823.43,0030,255,0,88,0.0
1788104823.47,003C,20,226,88,0.0
1788104823.49,0110,0,245,88,0.0
1788104823.50,0040,104,0,88,0.0
1788104823.53,0042,53,118,88,0.0
1788104823.54,010B,43,0,88,0.0
1788104823.56,0043,0,69,88,0.0
1788104823.58,0110,0,248,88,0.0
1788104823.59,0200,0,0,88,0.0
1788104823.63,0202,0,0,88,0.0
1788104823.63,010B,43,0,88,0.0
1788104823.66,0900,6,59,88,0.0
1788104823.68,0110,0,254,88,0.0
1788104823.69,0968,0,0,88,0.0
1788104823.72,096E,10,240,88,0.0
1788104823.73,010B,43,0,88,0.0
1788104823.75,097C,109,171,88,0.0
1788104823.78,0110,0,248,88,0.0
1788104823.79,098E,0,0,88,0.0
1788104823.83,1101,1,0,88,0.0
1788104823.83,010B,43,0,88,0.0
1788104823.86,1103,4,0,88,0.0
1788104823.88,0110,0,248,88,0.0
1788104823.89,1104,1,0,88,0.0
1788104823.92,114A,48,192,88,0.0
1788104823.94,010B,43,0,88,0.0
1788104823.95,114D,36,128,88,0.0
1788104823.99,1153,56,249,88,0.0
1788104824.02,1154,29,192,88,0.0
1788104824.03,010B,43,0,88,0.0
1788104824.05,1169,29,181,88,0.0
1788104824.08,1173,2,48,88,0.0
1788104824.08,0110,0,254,88,0.0
1788104824.11,1177,20,140,88,0.0
1788104824.13,010B,43,0,88,0.0
1788104824.15,1410,1,62,88,0.0
1788104824.18,1631,1,0,88,0.0
1788104824.18,0110,0,254,88,0.0
1788104824.21,1678,0,0,88,0.0
1788104824.23,010B,43,0,88,0.0
1788104824.24,1681,0,0,88,0.0
1788104824.27,16CD,0,0,88,0.0
1788104824.28,0110,0,251,88,0.0
1788104824.31,16CE,255,246,88,0.0
1788104824.33,010B,43,0,88,0.0
1788104824.34,16CF,13,29,88,0.0
1788104824.37,16E8,85,66,88,0.0
1788104824.38,0110,0,251,88,0.0
1788104824.40,16E9,0,118,88,0.0
1788104824.43,16F0,3,131,88,0.0
1788104824.43,010B,43,0,88,0.0
1788104824.47,1704,0,0,88,0.0
1788104824.49,0110,0,251,88,0.0
1788104824.51,1706,128,0,88,0.0
1788104824.54,1709,0,0,88,0.0
1788104824.57,1717,1,0,88,0.0
1788104824.58,0110,0,242,88,0.0
1788104824.60,1718,1,0,88,0.0
1788104824.64,1746,0,0,88,0.0
1788104824.67,1782,144,0,88,0.0
1788104824.68,0110,0,242,88,0.0
1788104824.70,1783,110,192,88,0.0
1788104824.73,17A0,31,0,88,0.0
1788104824.73,010B,43,0,88,0.0
1788104824.76,17A6,0,0,88,0.0
1788104824.78,0110,1,1,88,0.0
1788104824.79,17B0,18,0,88,0.0
1788104824.83,17B1,32,0,88,0.0
1788104824.83,010B,43,0,88,0.0
1788104824.86,17B2,4,0,88,0.0
1788104824.88,0110,0,251,88,0.0
1788104824.89,17B3,132,0,88,0.0
1788104824.92,17B5,80,0,88,0.0
1788104824.93,010B,43,0,88,0.0
1788104824.95,17B6,0,0,88,0.0
1788104824.98,0110,0,251,88,0.0
1788104824.99,17B8,239,0,88,0.0
1788104825.02,17BA,0,0,88,0.0
1788104825.04,010B,43,0,88,0.0
1788104825.06,17BB,0,0,88,0.0
1788104825.09,17BC,0,0,88,0.0
1788104825.12,17BD,57,0,88,0.0
1788104825.13,010B,43,0,88,0.0
1788104825.15,17BE,0,0,88,0.0
1788104825.19,17C1,234,0,88,0.0
1788104825.22,3201,23,112,88,0.0
1788104825.23,010B,43,0,88,0.0
1788104825.25,990A,43,0,88,0.0
1788104825.29,996E,13,112,88,0.0
1788104825.32,A211,0,0,88,0.0
1788104825.33,010B,44,0,88,0.0
1788104825.35,D100,129,0,88,0.0
1788104825.39,E21B,90,74,88,0.0
1788104825.42,E21C,49,56,88,0.0
1788104825.43,010B,44,0,88,0.0
1788104825.45,E21D,56,56,88,0.0
1788104825.48,E21E,70,0,88,0.0
1788104825.49,0110,0,239,88,0.0
1788104825.52,E6F0,90,74,88,0.0
1788104825.54,010B,44,0,88,0.0
1788104825.55,E6F2,240,0,88,0.0
1788104825.58,E6F3,240,0,88,0.0
1788104825.58,0110,0,248,88,0.0
1788104825.60,0105,128,0,88,0.0
1788104825.64,010B,44,0,88,0.0
1788104825.64,010F,97,0,88,0.0
1788104825.67,0110,0,248,88,0.0
1788104825.68,0110,0,245,88,0.0
1788104825.70,010B,43,0,88,0.0
1788104825.73,010B,43,0,88,0.0
1788104825.74,0106,128,0,88,0.0
1788104825.77,0107,134,0,88,0.0
1788104825.78,0110,0,248,88,0.0
1788104825.80,010E,142,0,88,0.0
1788104825.83,0142,53,118,88,0.0
1788104825.83,010B,43,0,88,0.0
1788104825.87,0000,190,63,88,0.0
1788104825.88,0110,0,251,88,0.0
1788104825.91,0002,0,0,88,0.0
1788104825.94,0003,2,0,88,0.0
1788104825.97,0005,128,0,88,0.0
1788104825.98,0110,0,254,88,0.0
1788104826.00,0006,128,0,88,0.0
1788104826.03,0007,134,0,88,0.0
1788104826.04,010B,43,0,88,0.0
1788104826.07,000B,43,0,88,0.0
1788104826.08,0110,0,248,88,0.0
1788104826.10,000C,11,18,88,0.0
1788104826.13,000D,0,0,88,0.0
1788104826.14,010B,43,0,88,0.0
1788104826.16,000E,141,0,88,0.0
1788104826.18,0110,0,254,88,0.0
1788104826.19,000F,97,0,88,0.0
1788104826.23,0010,0,251,88,0.0
1788104826.23,010B,43,0,88,0.0
1788104826.26,0011,30,0,88,0.0
1788104826.28,0110,0,254,88,0.0
1788104826.29,0013,1,0,88,0.0
1788104826.32,001C,10,0,88,0.0
1788104826.34,010B,43,0,88,0.0
1788104826.35,001F,0,233,88,0.0
1788104826.39,0110,0,248,88,0.0
1788104826.39,0142,53,124,88,0.0
1788104826.39,0020,128,21,88,0.0
1788104826.43,0021,0,0,88,0.0
1788104826.43,010B,43,0,88,0.0
1788104826.46,002C,0,0,88,0.0
1788104826.49,002E,35,0,88,0.0
1788104826.52,0030,255,0,88,0.0
1788104826.53,010B,43,0,88,0.0
1788104826.55,003C,20,227,88,0.0
1788104826.59,0040,104,0,88,0.0
1788104826.62,0042,53,121,88,0.0
1788104826.64,010B,43,0,88,0.0
1788104826.65,0043,0,69,88,0.0
1788104826.68,0200,0,0,88,0.0
1788104826.68,0110,0,251,88,0.0
1788104826.71,0202,0,0,88,0.0
1788104826.73,010B,43,0,88,0.0
1788104826.75,0900,6,64,88,0.0
1788104826.78,0968,0,0,88,0.0
1788104826.78,0110,0,251,88,0.0
1788104826.81,096E,10,240,88,0.0
1788104826.83,010B,43,0,88,0.0
1788104826.84,097C,109,172,88,0.0
1788104826.87,098E,0,0,88,0.0
1788104826.88,0110,0,254,88,0.0
1788104826.91,1101,1,0,88,0.0
1788104826.93,010B,43,0,88,0.0
1788104826.94,1103,4,0,88,0.0
1788104826.98,1104,1,0,88,0.0
1788104826.98,0110,0,248,88,0.0
1788104827.01,114A,48,192,88,0.0
1788104827.04,114D,36,128,88,0.0
1788104827.07,1153,58,1,88,0.0
1788104827.08,0110,0,251,88,0.0
1788104827.11,1154,29,192,88,0.0
1788104827.14,1169,29,181,88,0.0
1788104827.17,1173,3,82,88,0.0
1788104827.18,0110,0,251,88,0.0
1788104827.20,1177,20,120,88,0.0
1788104827.23,1410,1,61,88,0.0
1788104827.23,010B,43,0,88,0.0
1788104827.27,1631,1,0,88,0.0
1788104827.28,0110,0,216,88,0.0
1788104827.30,1678,0,0,88,0.0
1788104827.33,1681,0,0,88,0.0
1788104827.33,010B,43,0,88,0.0
1788104827.36,16CD,0,0,88,0.0
1788104827.38,0110,0,197,88,0.0
1788104827.39,17B3,132,0,88,0.0
1788104827.39,16CE,255,247,88,0.0
1788104827.43,16CF,13,6,88,0.0
1788104827.43,010B,42,0,88,0.0
1788104827.46,16E8,90,54,88,0.0
1788104827.48,0110,0,185,88,0.0
1788104827.49,16E9,0,118,88,0.0
1788104827.52,16F0,3,131,88,0.0
1788104827.53,010B,40,0,88,0.0
1788104827.55,1704,0,0,88,0.0
1788104827.59,0110,0,187,88,0.0
1788104827.63,1709,0,0,88,0.0
1788104827.63,010B,40,0,88,0.0
1788104827.66,1717,1,0,88,0.0
1788104827.69,1718,1,0,88,0.0
1788104827.72,1746,0,0,88,0.0
1788104827.74,010B,39,0,88,0.0
1788104827.75,1782,144,0,88,0.0
1788104827.79,1783,110,192,88,0.0
1788104827.82,17A0,32,0,88,0.0
1788104827.83,010B,38,0,88,0.0
1788104827.85,17A6,0,0,88,0.0
1788104827.88,17B0,20,0,88,0.0
1788104827.88,0110,0,180,88,0.0
1788104827.91,17B1,32,0,88,0.0
1788104827.94,010B,37,0,88,0.0
1788104827.95,17B2,4,0,88,0.0
1788104827.98,17B3,132,0,88,0.0
1788104827.98,0110,0,175,88,0.0
1788104828.01,17B5,80,0,88,0.0
1788104828.04,17B6,0,0,88,0.0
1788104828.07,17B8,239,0,88,0.0
1788104828.09,0110,0,178,88,0.0
1788104828.11,17BA,0,0,88,0.0
1788104828.14,17BB,0,0,88,0.0
1788104828.17,17BC,0,0,88,0.0
1788104828.18,0110,0,173,88,0.0
1788104828.20,17BD,57,0,88,0.0
1788104828.23,17BE,0,0,88,0.0
1788104828.23,010B,35,0,88,0.0
1788104828.27,17C1,234,0,88,0.0
1788104828.28,0110,0,171,88,0.0
1788104828.30,3201,23,112,88,0.0
1788104828.33,990A,43,0,88,0.0
1788104828.33,010B,34,0,88,0.0
1788104828.36,996E,13,132,88,0.0
1788104828.39,0110,0,171,88,0.0
1788104828.39,A211,0,0,88,0.0
1788104828.43,D100,129,0,88,0.0
1788104828.43,010B,33,0,88,0.0
1788104828.46,E21B,90,74,88,0.0
1788104828.48,0110,0,168,88,0.0
1788104828.49,E21C,49,56,88,0.0
1788104828.53,E21D,56,56,88,0.0
1788104828.53,010B,33,0,88,0.0
1788104828.56,E21E,70,0,88,0.0
1788104828.58,0110,0,171,88,0.0
1788104828.59,E6F0,90,74,88,0.0
1788104828.63,E6F2,240,0,88,0.0
1788104828.64,010B,32,0,88,0.0
1788104828.66,E6F3,240,0,88,0.0
1788104828.68,0105,128,0,88,0.0
1788104828.72,010F,97,0,88,0.0
1788104828.73,010B,32,0,88,0.0
1788104828.75,0110,0,173,88,0.0
1788104828.78,010B,32,0,88,0.0
1788104828.79,0110,0,175,88,0.0
1788104828.81,0106,126,0,88,0.0
1788104828.84,010B,32,0,88,0.0
1788104828.85,0107,134,0,88,0.0
1788104828.88,010E,138,0,88,0.0
1788104828.88,0110,0,171,88,0.0
1788104828.91,0142,53,95,88,0.0
1788104828.93,010B,32,0,88,0.0
1788104828.95,0000,190,63,88,0.0
1788104828.99,0002,0,0,88,0.0
1788104829.02,0003,2,0,88,0.0
1788104829.03,010B,32,0,88,0.0
1788104829.05,0005,128,0,88,0.0
1788104829.08,0006,125,0,88,0.0
1788104829.08,0110,0,175,88,0.0
1788104829.11,0007,134,0,88,0.0
1788104829.14,010B,32,0,88,0.0
1788104829.15,000B,32,0,88,0.0
1788104829.18,000C,11,27,88,0.0
1788104829.18,0110,0,173,88,0.0
1788104829.21,000D,0,0,88,0.0
1788104829.23,010B,32,0,88,0.0
1788104829.24,000E,144,0,88,0.0
1788104829.27,000F,97,0,88,0.0
1788104829.29,0110,0,178,88,0.0
1788104829.31,0010,0,175,88,0.0
1788104829.33,010B,32,0,88,0.0
1788104829.34,0011,30,0,88,0.0
1788104829.37,0013,1,0,88,0.0
1788104829.38,0110,0,178,88,0.0
1788104829.39,17B3,132,0,88,0.0
1788104829.40,001C,10,0,88,0.0
1788104829.43,001F,0,236,88,0.0
1788104829.43,010B,32,0,88,0.0
1788104829.47,0020,128,21,88,0.0
1788104829.48,0110,0,178,88,0.0
1788104829.50,0021,0,0,88,0.0
1788104829.53,002C,0,0,88,0.0
1788104829.53,010B,32,0,88,0.0
1788104829.57,002E,29,0,88,0.0
1788104829.58,0110,0,180,88,0.0
1788104829.60,0030,255,0,88,0.0
1788104829.63,003C,20,228,88,0.0
1788104829.63,010B,32,0,88,0.0
1788104829.67,0040,104,0,88,0.0
1788104829.68,0110,0,168,88,0.0
1788104829.70,0042,53,138,88,0.0
1788104829.73,0043,0,48,88,0.0
1788104829.74,010B,32,0,88,0.0
1788104829.76,0200,0,0,88,0.0
1788104829.78,0110,0,175,88,0.0
1788104829.79,0202,0,0,88,0.0
1788104829.83,0900,5,100,88,0.0
1788104829.83,010B,32,0,88,0.0
1788104829.86,0968,0,0,88,0.0
1788104829.89,0110,0,178,88,0.0
1788104829.89,096E,10,240,88,0.0
1788104829.92,097C,109,173,88,0.0
1788104829.93,010B,32,0,88,0.0
1788104829.95,098E,0,0,88,0.0
1788104829.99,1101,0,0,88,0.0
1788104830.03,1103,0,0,88,0.0
1788104830.03,010B,32,0,88,0.0
1788104830.06,1104,0,0,88,0.0
1788104830.09,114A,49,0,88,0.0
1788104830.12,114D,36,128,88,0.0
1788104830.14,010B,32,0,88,0.0
1788104830.15,1153,41,98,88,0.0
1788104830.19,1154,29,192,88,0.0
1788104830.22,1169,29,181,88,0.0
1788104830.23,010B,32,0,88,0.0
1788104830.25,1173,0,65,88,0.0
1788104830.28,1177,18,72,88,0.0
1788104830.28,0110,0,173,88,0.0
1788104830.31,1410,0,219,88,0.0
1788104830.33,010B,32,0,88,0.0
1788104830.35,1631,1,0,88,0.0
1788104830.38,1678,0,0,88,0.0
1788104830.38,0110,0,168,88,0.0
1788104830.41,1681,0,0,88,0.0
1788104830.43,010B,32,0,88,0.0
1788104830.45,16CD,0,0,88,0.0
1788104830.48,16CE,255,251,88,0.0
1788104830.48,0110,0,171,88,0.0
1788104830.51,16CF,13,76,88,0.0
1788104830.53,010B,32,0,88,0.0
1788104830.55,16E8,70,86,88,0.0
1788104830.58,16E9,0,118,88,0.0
1788104830.58,0110,0,171,88,0.0
1788104830.61,16F0,3,131,88,0.0
1788104830.63,010B,32,0,88,0.0
1788104830.64,1704,0,0,88,0.0
1788104830.68,1706,128,0,88,0.0
1788104830.68,0110,0,173,88,0.0
1788104830.71,1709,0,0,88,0.0
1788104830.73,010B,32,0,88,0.0
1788104830.75,1717,1,0,88,0.0
1788104830.78,1718,1,0,88,0.0
1788104830.78,0110,0,175,88,0.0
1788104830.81,1746,0,0,88,0.0
1788104830.84,010B,32,0,88,0.0
1788104830.87,1783,110,192,88,0.0
1788104830.88,0110,0,168,88,0.0
1788104830.91,17A0,32,0,88,0.0
1788104830.94,17A6,0,0,88,0.0
1788104830.97,17B0,19,0,88,0.0
1788104830.98,0110,0,171,88,0.0
1788104831.00,17B1,32,0,88,0.0
1788104831.03,17B2,4,0,88,0.0
1788104831.07,17B3,132,0,88,0.0
1788104831.08,0110,0,171,88,0.0
1788104831.10,17B5,80,0,88,0.0
1788104831.13,17B6,0,0,88,0.0
1788104831.13,010B,32,0,88,0.0
1788104831.16,17B8,239,0,88,0.0
1788104831.19,0110,0,175,88,0.0
1788104831.20,17BA,0,0,88,0.0
1788104831.23,17BB,0,0,88,0.0
1788104831.23,010B,32,0,88,0.0
1788104831.27,17BC,0,0,88,0.0
1788104831.28,0110,0,175,88,0.0
1788104831.30,17BD,58,0,88,0.0
1788104831.33,17BE,0,0,88,0.0
1788104831.33,010B,32,0,88,0.0
1788104831.36,17C1,234,0,88,0.0
1788104831.38,0110,0,173,88,0.0
1788104831.39,17B3,132,0,88,0.0
1788104831.39,3201,23,112,88,0.0
1788104831.43,990A,43,0,88,0.0
1788104831.43,010B,32,0,88,0.0
1788104831.46,996E,13,112,88,0.0
1788104831.48,0110,0,171,88,0.0
1788104831.52,D100,129,0,88,0.0
1788104831.54,010B,32,0,88,0.0
1788104831.55,E21B,90,74,88,0.0
1788104831.59,E21C,49,56,88,0.0
1788104831.62,E21D,56,56,88,0.0
1788104831.63,010B,32,0,88,0.0
1788104831.66,E21E,70,0,88,0.0
1788104831.69,E6F0,90,74,88,0.0
1788104831.72,E6F2,240,0,88,0.0
1788104831.73,010B,32,0,88,0.0
1788104831.75,E6F3,240,0,88,0.0
1788104831.78,0105,128,0,88,0.0
1788104831.78,0110,0,178,88,0.0
1788104831.81,010F,97,0,88,0.0
1788104831.83,010B,32,0,88,0.0
1788104831.84,0110,0,175,88,0.0
1788104831.88,010B,32,0,88,0.0
1788104831.88,0110,0,171,88,0.0
1788104831.91,0106,129,0,88,0.0
1788104831.93,010B,32,0,88,0.0
1788104831.94,0107,134,0,88,0.0
1788104831.97,010E,144,0,88,0.0
1788104831.98,0110,0,173,88,0.0
1788104832.01,0142,53,136,88,0.0
1788104832.03,010B,32,0,88,0.0
1788104832.04,0000,190,63,88,0.0
1788104832.07,0002,0,0,88,0.0
1788104832.08,0110,0,173,88,0.0
1788104832.11,0003,2,0,88,0.0
1788104832.13,010B,32,0,88,0.0
1788104832.14,0005,128,0,88,0.0
1788104832.17,0006,130,0,88,0.0
1788104832.18,0110,0,168,88,0.0
1788104832.21,0007,134,0,88,0.0
1788104832.24,010B,32,0,88,0.0
1788104832.27,000C,11,34,88,0.0
1788104832.29,0110,0,173,88,0.0
1788104832.31,000D,0,0,88,0.0
1788104832.34,010B,32,0,88,0.0
1788104832.34,000E,143,0,88,0.0
1788104832.37,000F,97,0,88,0.0
1788104832.38,0110,0,166,88,0.0
1788104832.41,0010,0,168,88,0.0
1788104832.43,010B,32,0,88,0.0
1788104832.47,0013,1,0,88,0.0
1788104832.48,0110,0,171,88,0.0
1788104832.50,001C,10,0,88,0.0
1788104832.54,001F,0,240,88,0.0
1788104832.57,0020,128,21,88,0.0
1788104832.58,0110,0,175,88,0.0
1788104832.60,0021,0,0,88,0.0
1788104832.63,002C,0,0,88,0.0
1788104832.63,010B,32,0,88,0.0
1788104832.67,002E,28,0,88,0.0
1788104832.69,0110,0,171,88,0.0
1788104832.70,0030,255,0,88,0.0
1788104832.73,003C,20,228,88,0.0
1788104832.73,010B,32,0,88,0.0
1788104832.77,0040,104,0,88,0.0
1788104832.78,0110,0,173,88,0.0
1788104832.80,0042,53,122,88,0.0
1788104832.83,0043,0,48,88,0.0
1788104832.83,010B,32,0,88,0.0
1788104832.86,0200,0,0,88,0.0
1788104832.88,0110,0,175,88,0.0
1788104832.90,0202,0,0,88,0.0
1788104832.93,0900,5,95,88,0.0
1788104832.93,010B,32,0,88,0.0
1788104832.96,0968,0,0,88,0.0
1788104832.99,0110,0,173,88,0.0
1788104832.99,096E,10,240,88,0.0
1788104833.03,097C,109,182,88,0.0
1788104833.03,010B,32,0,88,0.0
1788104833.06,098E,0,0,88,0.0
1788104833.09,1101,0,0,88,0.0
1788104833.12,1103,0,0,88,0.0
1788104833.13,010B,32,0,88,0.0
1788104833.15,1104,0,0,88,0.0
1788104833.18,114A,48,192,88,0.0
1788104833.22,114D,36,128,88,0.0
1788104833.24,010B,32,0,88,0.0
1788104833.25,1153,41,163,88,0.0
1788104833.28,1154,29,128,88,0.0
1788104833.28,0110,0,173,88,0.0
1788104833.31,1169,29,181,88,0.0
1788104833.33,010B,32,0,88,0.0
1788104833.34,1173,2,243,88,0.0
1788104833.38,1177,18,32,88,0.0
1788104833.38,0110,0,171,88,0.0
1788104833.39,0142,53,143,88,0.0
1788104833.41,1410,0,217,88,0.0
1788104833.43,010B,32,0,88,0.0
1788104833.44,1631,1,0,88,0.0
1788104833.47,1678,0,0,88,0.0
1788104833.48,0110,0,175,88,0.0
1788104833.51,1681,0,0,88,0.0
1788104833.53,010B,32,0,88,0.0
1788104833.54,16CD,0,0,88,0.0
1788104833.57,16CE,255,251,88,0.0
1788104833.58,0110,0,168,88,0.0
1788104833.61,16CF,13,35,88,0.0
1788104833.63,010B,32,0,88,0.0
1788104833.64,16E8,71,66,88,0.0
1788104833.67,16E9,0,118,88,0.0
1788104833.68,0110,0,173,88,0.0
1788104833.70,16F0,3,131,88,0.0
1788104833.74,1704,0,0,88,0.0
1788104833.77,1706,128,0,88,0.0
1788104833.78,0110,0,173,88,0.0
1788104833.80,1709,0,0,88,0.0
1788104833.83,1717,1,0,88,0.0
1788104833.83,010B,32,0,88,0.0
1788104833.87,1718,1,0,88,0.0
1788104833.88,0110,0,166,88,0.0
1788104833.90,1746,0,0,88,0.0
1788104833.93,1782,144,0,88,0.0
1788104833.93,010B,32,0,88,0.0
1788104833.96,1783,110,192,88,0.0
1788104833.98,0110,0,173,88,0.0
1788104834.00,17A0,31,0,88,0.0
1788104834.03,17A6,0,0,88,0.0
1788104834.04,010B,32,0,88,0.0
1788104834.06,17B0,19,0,88,0.0
1788104834.08,0110,0,175,88,0.0
1788104834.10,17B1,32,0,88,0.0
1788104834.13,17B2,4,0,88,0.0
1788104834.13,010B,32,0,88,0.0
1788104834.16,17B3,132,0,88,0.0
1788104834.18,0110,0,173,88,0.0
1788104834.19,17B5,80,0,88,0.0
1788104834.22,17B6,0,0,88,0.0
1788104834.23,010B,32,0,88,0.0
1788104834.26,17B8,239,0,88,0.0
1788104834.29,0110,0,175,88,0.0
1788104834.29,17BA,0,0,88,0.0
1788104834.32,17BB,0,0,88,0.0
1788104834.33,010B,32,0,88,0.0
1788104834.35,17BC,0,0,88,0.0
1788104834.38,0110,0,171,88,0.0
1788104834.39,17BD,58,0,88,0.0
1788104834.43,17BE,0,0,88,0.0
1788104834.43,010B,32,0,88,0.0
1788104834.46,17C1,234,0,88,0.0
1788104834.49,3201,23,112,88,0.0
1788104834.52,990A,44,0,88,0.0
1788104834.53,010B,32,0,88,0.0
1788104834.55,996E,13,72,88,0.0
1788104834.58,A211,0,0,88,0.0
1788104834.62,D100,129,0,88,0.0
1788104834.63,010B,32,0,88,0.0
1788104834.65,E21B,90,74,88,0.0
1788104834.68,E21C,49,56,88,0.0
1788104834.69,0110,0,171,88,0.0
1788104834.71,E21D,56,56,88,0.0
1788104834.74,010B,32,0,88,0.0
1788104834.74,E21E,70,0,88,0.0
1788104834.78,E6F0,90,74,88,0.0
1788104834.79,0110,0,171,88,0.0
1788104834.81,E6F2,240,0,88,0.0
1788104834.83,010B,32,0,88,0.0
1788104834.84,E6F3,240,0,88,0.0
1788104834.87,0105,128,0,88,0.0
1788104834.88,0110,1,151,88,0.0
1788104834.90,010F,97,0,88,0.0
1788104834.93,010B,35,0,88,0.0
1788104834.94,0110,1,193,88,0.0
1788104834.97,010B,37,0,88,0.0
1788104834.98,0110,1,100,88,0.0
1788104835.00,0106,128,0,88,0.0
1788104835.04,0107,134,0,88,0.0
1788104835.04,010B,39,0,88,0.0
1788104835.07,010E,157,0,88,0.0
1788104835.08,0110,1,11,88,0.0
1788104835.10,0142,53,144,88,0.0
1788104835.14,0000,190,63,88,0.0
1788104835.17,0002,0,0,88,0.0
1788104835.18,0110,0,248,88,0.0
1788104835.20,0003,2,0,88,0.0
1788104835.23,0005,128,0,88,0.0
1788104835.23,010B,40,0,88,0.0
1788104835.26,0006,128,0,88,0.0
1788104835.28,0110,0,245,88,0.0
1788104835.30,0007,134,0,88,0.0
1788104835.33,000B,40,0,88,0.0
1788104835.33,010B,39,0,88,0.0
1788104835.36,000C,12,89,88,0.0
1788104835.38,0110,0,242,88,0.0
1788104835.39,17B3,132,0,88,0.0
1788104835.42,000E,132,0,88,0.0
1788104835.43,010B,40,0,88,0.0
1788104835.46,000F,97,0,88,0.0
1788104835.48,0110,1,47,88,0.0
1788104835.49,0010,1,47,88,0.0
1788104835.52,0011,30,0,88,0.0
1788104835.53,010B,41,0,88,0.0
1788104835.55,0013,1,0,88,0.0
1788104835.58,001C,10,0,88,0.0
1788104835.62,001F,0,243,88,0.0
1788104835.63,010B,41,0,88,0.0
1788104835.66,0020,128,21,88,0.0
1788104835.69,0021,0,0,88,0.0
1788104835.72,002C,0,0,88,0.0
1788104835.73,010B,41,0,88,0.0
1788104835.75,002E,35,0,88,0.0
1788104835.78,0030,255,0,88,0.0
1788104835.82,003C,20,228,88,0.0
1788104835.83,010B,42,0,88,0.0
1788104835.85,0040,104,0,88,0.0
1788104835.88,0042,52,82,88,0.0
1788104835.89,0110,1,33,88,0.0
1788104835.91,0043,0,69,88,0.0
1788104835.93,010B,42,0,88,0.0
1788104835.94,0200,0,0,88,0.0
1788104835.98,0202,0,0,88,0.0
1788104835.98,0110,1,20,88,0.0
1788104836.01,0900,6,44,88,0.0
1788104836.03,010B,42,0,88,0.0
1788104836.04,0968,0,0,88,0.0
1788104836.07,096E,11,84,88,0.0
1788104836.08,0110,1,4,88,0.0
1788104836.10,097C,109,176,88,0.0
1788104836.13,010B,43,0,88,0.0
1788104836.14,098E,0,0,88,0.0
1788104836.17,1101,1,0,88,0.0
1788104836.18,0110,1,4,88,0.0
1788104836.20,1103,4,0,88,0.0
1788104836.24,1104,1,0,88,0.0
1788104836.27,114A,48,192,88,0.0
1788104836.28,0110,1,11,88,0.0
1788104836.30,114D,36,128,88,0.0
1788104836.34,1153,58,92,88,0.0
1788104836.37,1154,29,192,88,0.0
1788104836.38,0110,1,1,88,0.0
1788104836.40,1169,29,181,88,0.0
1788104836.43,1173,2,118,88,0.0
1788104836.43,010B,43,0,88,0.0
1788104836.46,1177,20,120,88,0.0
1788104836.48,0110,0,254,88,0.0
1788104836.50,1410,1,54,88,0.0
1788104836.53,1631,1,0,88,0.0
1788104836.53,010B,43,0,88,0.0
1788104836.56,1678,0,0,88,0.0
1788104836.58,0110,1,4,88,0.0
1788104836.59,1681,0,0,88,0.0
1788104836.62,16CD,0,0,88,0.0
1788104836.63,010B,43,0,88,0.0
1788104836.66,16CE,255,249,88,0.0
1788104836.68,0110,1,1,88,0.0
1788104836.69,16CF,13,145,88,0.0
1788104836.73,16E8,89,41,88,0.0
1788104836.73,010B,43,0,88,0.0
1788104836.76,16E9,0,114,88,0.0
1788104836.78,0110,1,4,88,0.0
1788104836.79,16F0,3,131,88,0.0
1788104836.82,1704,0,0,88,0.0
1788104836.83,010B,43,0,88,0.0
1788104836.86,1706,128,0,88,0.0
1788104836.89,1709,0,0,88,0.0
1788104836.92,1717,1,0,88,0.0
1788104836.93,010B,43,0,88,0.0
1788104836.95,1718,1,0,88,0.0
1788104836.98,1746,0,0,88,0.0
1788104837.02,1782,144,0,88,0.0
1788104837.03,010B,43,0,88,0.0
1788104837.05,1783,110,192,88,0.0
1788104837.08,17A0,33,0,88,0.0
1788104837.08,0110,1,11,88,0.0
1788104837.11,17A6,0,0,88,0.0
1788104837.13,010B,43,0,88,0.0
1788104837.14,17B0,19,0,88,0.0
1788104837.18,17B1,32,0,88,0.0
1788104837.18,0110,1,11,88,0.0
1788104837.21,17B2,4,0,88,0.0
1788104837.23,010B,44,0,88,0.0
1788104837.24,17B3,132,0,88,0.0
1788104837.28,17B5,80,0,88,0.0
1788104837.28,0110,1,20,88,0.0
1788104837.31,17B6,0,0,88,0.0
1788104837.33,010B,44,0,88,0.0
1788104837.34,17B8,239,0,88,0.0
1788104837.38,17BA,0,0,88,0.0
1788104837.38,0110,1,14,88,0.0
1788104837.39,17B3,132,0,88,0.0
1788104837.41,17BB,0,0,88,0.0
1788104837.44,17BC,0,0,88,0.0
1788104837.47,17BD,58,0,88,0.0
1788104837.48,0110,1,8,88,0.0
1788104837.50,17BE,0,0,88,0.0
1788104837.54,17C1,234,0,88,0.0
1788104837.57,3201,23,112,88,0.0
1788104837.58,0110,1,17,88,0.0
1788104837.60,990A,45,0,88,0.0
1788104837.63,996E,13,12,88,0.0
1788104837.63,010B,44,0,88,0.0
1788104837.66,A211,0,0,88,0.0
1788104837.68,0110,1,8,88,0.0
1788104837.70,D100,129,0,88,0.0
1788104837.73,E21B,90,74,88,0.0
1788104837.73,010B,45,0,88,0.0
1788104837.76,E21C,49,56,88,0.0
1788104837.78,0110,1,17,88,0.0
1788104837.79,E21D,56,56,88,0.0
1788104837.83,E21E,70,0,88,0.0
1788104837.84,010B,45,0,88,0.0
1788104837.86,E6F0,90,74,88,0.0
1788104837.88,0110,1,11,88,0.0
1788104837.90,E6F2,240,0,88,0.0
1788104837.93,E6F3,240,0,88,0.0
1788104837.93,010B,45,0,88,0.0
1788104837.95,0105,128,0,88,0.0
1788104837.98,0110,1,20,88,0.0
1788104837.99,010F,97,0,88,0.0
1788104838.02,0110,1,14,88,0.0
1788104838.03,010B,45,0,88,0.0
1788104838.05,010B,45,0,88,0.0
1788104838.08,0106,127,0,88,0.0
1788104838.08,0110,1,17,88,0.0
1788104838.12,0107,134,0,88,0.0
1788104838.13,010B,45,0,88,0.0
1788104838.15,010E,144,0,88,0.0
1788104838.18,0142,53,55,88,0.0
1788104838.18,0110,1,17,88,0.0
1788104838.22,0000,190,63,88,0.0
1788104838.23,010B,45,0,88,0.0
1788104838.25,0002,0,0,88,0.0
1788104838.28,0003,2,0,88,0.0
1788104838.28,0110,1,20,88,0.0
1788104838.31,0005,128,0,88,0.0
1788104838.34,010B,45,0,88,0.0
1788104838.34,0006,128,0,88,0.0
1788104838.38,0007,134,0,88,0.0
1788104838.38,0110,1,11,88,0.0
1788104838.41,000B,45,0,88,0.0
1788104838.43,010B,45,0,88,0.0
1788104838.44,000C,11,107,88,0.0
1788104838.47,000D,0,0,88,0.0
1788104838.48,0110,1,14,88,0.0
1788104838.50,000E,140,0,88,0.0
1788104838.53,010B,45,0,88,0.0
1788104838.54,000F,97,0,88,0.0
1788104838.58,0010,1,11,88,0.0
1788104838.58,0110,1,8,88,0.0
1788104838.61,0011,30,0,88,0.0
1788104838.64,0013,1,0,88,0.0
1788104838.67,001C,10,0,88,0.0
1788104838.68,0110,1,4,88,0.0
1788104838.70,001F,0,246,88,0.0
1788104838.74,0020,128,21,88,0.0
1788104838.77,0021,0,0,88,0.0
1788104838.78,0110,1,1,88,0.0
1788104838.80,002C,0,0,88,0.0
1788104838.83,002E,36,0,88,0.0
1788104838.83,010B,44,0,88,0.0
1788104838.87,0030,255,0,88,0.0
1788104838.88,0110,0,254,88,0.0
1788104838.90,003C,20,229,88,0.0
1788104838.94,0040,104,0,88,0.0
1788104838.97,0042,53,210,88,0.0
1788104838.98,0110,0,248,88,0.0
1788104839.00,0043,0,69,88,0.0
1788104839.03,0200,0,0,88,0.0
1788104839.03,010B,43,0,88,0.0
1788104839.06,0202,0,0,88,0.0
1788104839.08,0110,0,251,88,0.0
1788104839.10,0900,6,59,88,0.0
1788104839.13,0968,0,0,88,0.0
1788104839.13,010B,43,0,88,0.0
1788104839.16,096E,11,63,88,0.0
1788104839.18,0110,0,251,88,0.0
1788104839.19,097C,109,177,88,0.0
1788104839.22,098E,0,0,88,0.0
1788104839.23,010B,43,0,88,0.0
1788104839.26,1101,1,0,88,0.0
1788104839.28,0110,0,248,88,0.0
1788104839.29,1103,4,0,88,0.0
1788104839.32,1104,1,0,88,0.0
1788104839.33,010B,43,0,88,0.0
1788104839.35,114A,49,0,88,0.0
1788104839.38,0110,0,248,88,0.0
1788104839.39,0142,53,107,88,0.0
1788104839.42,1153,58,35,88,0.0
1788104839.43,010B,43,0,88,0.0
1788104839.46,1154,29,192,88,0.0
1788104839.49,1169,29,181,88,0.0
1788104839.51,1173,3,127,88,0.0
1788104839.53,010B,43,0,88,0.0
1788104839.55,1177,20,140,88,0.0
1788104839.58,1410,1,49,88,0.0
1788104839.62,1631,1,0,88,0.0
1788104839.63,010B,43,0,88,0.0
1788104839.65,1678,0,0,88,0.0
1788104839.68,1681,0,0,88,0.0
1788104839.68,0110,0,251,88,0.0
1788104839.71,16CD,0,0,88,0.0
1788104839.73,010B,43,0,88,0.0
1788104839.74,16CE,255,246,88,0.0
1788104839.78,16CF,13,42,88,0.0
1788104839.78,0110,1,1,88,0.0
1788104839.81,16E8,84,180,88,0.0
1788104839.83,010B,43,0,88,0.0
1788104839.84,16E9,0,118,88,0.0
1788104839.87,16F0,3,131,88,0.0
1788104839.88,0110,1,1,88,0.0
1788104839.90,1704,0,0,88,0.0
1788104839.93,010B,43,0,88,0.0
1788104839.97,1709,0,0,88,0.0
1788104839.99,0110,0,254,88,0.0
1788104840.00,1717,1,0,88,0.0
1788104840.03,1718,1,0,88,0.0
1788104840.03,010B,43,0,88,0.0
1788104840.07,1746,0,0,88,0.0
1788104840.08,0110,1,1,88,0.0
1788104840.10,1782,143,192,88,0.0
1788104840.14,1783,110,192,88,0.0
1788104840.17,17A0,32,0,88,0.0
1788104840.18,0110,1,1,88,0.0
1788104840.20,17A6,0,0,88,0.0
1788104840.23,17B0,18,0,88,0.0
1788104840.23,010B,43,0,88,0.0
1788104840.26,17B1,32,0,88,0.0
1788104840.28,0110,1,1,88,0.0
1788104840.30,17B2,4,0,88,0.0
1788104840.33,17B3,132,0,88,0.0
1788104840.33,010B,43,0,88,0.0
1788104840.36,17B5,80,0,88,0.0
1788104840.38,0110,0,254,88,0.0
1788104840.39,17B6,0,0,88,0.0
1788104840.42,17B8,239,0,88,0.0
1788104840.43,010B,43,0,88,0.0
1788104840.46,17BA,0,0,88,0.0
1788104840.48,0110,0,254,88,0.0
1788104840.50,17BB,0,0,88,0.0
1788104840.53,17BC,0,0,88,0.0
1788104840.54,010B,43,0,88,0.0
1788104840.56,17BD,58,0,88,0.0
1788104840.59,0110,1,1,88,0.0
1788104840.59,17BE,0,0,88,0.0
1788104840.62,17C1,234,0,88,0.0
1788104840.63,010B,44,0,88,0.0
1788104840.66,3201,23,112,88,0.0
1788104840.68,0110,0,254,88,0.0
1788104840.69,990A,45,0,88,0.0
1788104840.72,996E,13,32,88,0.0
1788104840.73,010B,43,0,88,0.0
1788104840.75,A211,0,0,88,0.0
1788104840.78,0110,1,1,88,0.0
1788104840.79,D100,129,0,88,0.0
1788104840.82,E21B,90,74,88,0.0
1788104840.83,010B,43,0,88,0.0
1788104840.86,E21C,49,56,88,0.0
1788104840.89,E21D,56,56,88,0.0
1788104840.92,E21E,70,0,88,0.0
1788104840.93,010B,44,0,88,0.0
1788104840.95,E6F0,90,74,88,0.0
1788104840.98,E6F2,240,0,88,0.0
1788104841.02,E6F3,240,0,88,0.0
1788104841.03,010B,43,0,88,0.0
1788104841.04,0105,128,0,88,0.0
1788104841.08,010F,97,0,88,0.0
1788104841.08,0110,0,251,88,0.0
1788104841.11,0110,1,1,88,0.0
1788104841.13,010B,43,0,88,0.0
1788104841.14,010B,44,0,88,0.0
1788104841.17,0106,128,0,88,0.0
1788104841.18,0110,0,254,88,0.0
1788104841.21,0107,134,0,88,0.0
1788104841.23,010B,43,0,88,0.0
1788104841.24,010E,142,0,88,0.0
1788104841.27,0142,53,138,88,0.0
1788104841.28,0110,0,254,88,0.0
1788104841.30,0000,190,63,88,0.0
1788104841.33,010B,43,0,88,0.0
1788104841.37,0003,2,0,88,0.0
1788104841.38,0110,0,254,88,0.0
1788104841.39,17B3,132,0,88,0.0
1788104841.40,0005,128,0,88,0.0
1788104841.43,0006,128,0,88,0.0
1788104841.43,010B,43,0,88,0.0
1788104841.47,0007,134,0,88,0.0
1788104841.48,0110,1,1,88,0.0
1788104841.50,000B,43,0,88,0.0
1788104841.54,000C,11,59,88,0.0
1788104841.57,000D,0,0,88,0.0
1788104841.58,0110,0,248,88,0.0
1788104841.60,000E,141,0,88,0.0
1788104841.63,000F,97,0,88,0.0
1788104841.63,010B,43,0,88,0.0
1788104841.66,0010,0,248,88,0.0
1788104841.68,0110,0,251,88,0.0
1788104841.70,0011,30,0,88,0.0
1788104841.73,0013,1,0,88,0.0
1788104841.73,010B,43,0,88,0.0
1788104841.77,001C,10,0,88,0.0
1788104841.78,0110,0,248,88,0.0
1788104841.80,001F,0,249,88,0.0
1788104841.83,0020,128,21,88,0.0
1788104841.83,010B,43,0,88,0.0
1788104841.86,0021,0,0,88,0.0
1788104841.88,0110,0,242,88,0.0
1788104841.90,002C,0,0,88,0.0
1788104841.93,002E,35,0,88,0.0
1788104841.93,010B,43,0,88,0.0
1788104841.96,0030,255,0,88,0.0
1788104841.99,0110,0,254,88,0.0
1788104841.99,003C,20,231,88,0.0
1788104842.02,0040,104,0,88,0.0
1788104842.03,010B,43,0,88,0.0
1788104842.06,0042,53,118,88,0.0
1788104842.08,0110,0,248,88,0.0
1788104842.09,0043,0,68,88,0.0
1788104842.12,0200,0,0,88,0.0
1788104842.13,010B,43,0,88,0.0
1788104842.15,0202,0,0,88,0.0
1788104842.18,0900,6,54,88,0.0
1788104842.19,0110,0,245,88,0.0
1788104842.22,0968,0,0,88,0.0
1788104842.23,010B,43,0,88,0.0
1788104842.26,096E,11,13,88,0.0
1788104842.29,097C,109,185,88,0.0
1788104842.32,098E,0,0,88,0.0
1788104842.33,010B,43,0,88,0.0
1788104842.35,1101,1,0,88,0.0
1788104842.38,1103,4,0,88,0.0
1788104842.38,0110,1,1,88,0.0
1788104842.38,0142,53,130,88,0.0
1788104842.42,1104,1,0,88,0.0
1788104842.43,010B,43,0,88,0.0
1788104842.45,114A,49,0,88,0.0
1788104842.48,114D,36,128,88,0.0
1788104842.48,0110,1,1,88,0.0
1788104842.51,1153,58,11,88,0.0
1788104842.53,010B,43,0,88,0.0
1788104842.54,1154,29,192,88,0.0
1788104842.58,1169,29,181,88,0.0
1788104842.58,0110,0,251,88,0.0
1788104842.62,1173,3,112,88,0.0
1788104842.64,010B,43,0,88,0.0
1788104842.65,1177,20,160,88,0.0
1788104842.68,1410,1,58,88,0.0
1788104842.68,0110,0,251,88,0.0
1788104842.71,1631,1,0,88,0.0
1788104842.73,010B,43,0,88,0.0
1788104842.74,1678,0,0,88,0.0
1788104842.78,1681,0,0,88,0.0
1788104842.78,0110,0,254,88,0.0
1788104842.81,16CD,0,0,88,0.0
1788104842.83,010B,43,0,88,0.0
1788104842.84,16CE,255,246,88,0.0
1788104842.87,16CF,12,234,88,0.0
1788104842.88,0110,0,248,88,0.0
1788104842.90,16E8,79,141,88,0.0
1788104842.94,16E9,0,118,88,0.0
1788104842.97,16F0,3,131,88,0.0
1788104842.98,0110,0,251,88,0.0
1788104843.00,1704,0,0,88,0.0
1788104843.03,1706,128,0,88,0.0
1788104843.03,010B,43,0,88,0.0
1788104843.06,1709,0,0,88,0.0
1788104843.08,0110,0,254,88,0.0
1788104843.10,1717,1,0,88,0.0
1788104843.14,1718,1,0,88,0.0
1788104843.17,1746,0,0,88,0.0
1788104843.18,0110,0,248,88,0.0
1788104843.20,1782,144,0,88,0.0
1788104843.23,1783,110,192,88,0.0
1788104843.23,010B,43,0,88,0.0
1788104843.27,17A0,32,0,88,0.0
1788104843.28,0110,0,254,88,0.0
1788104843.30,17A6,0,0,88,0.0
1788104843.33,17B0,18,0,88,0.0
1788104843.33,010B,43,0,88,0.0
1788104843.36,17B1,32,0,88,0.0
1788104843.38,0110,0,254,88,0.0
1788104843.38,0142,53,126,88,0.0
1788104843.39,17B2,4,0,88,0.0
1788104843.43,17B3,132,0,88,0.0
1788104843.43,010B,43,0,88,0.0
1788104843.46,17B5,80,0,88,0.0
1788104843.48,0110,0,251,88,0.0
1788104843.50,17B6,0,0,88,0.0
1788104843.53,17B8,239,0,88,0.0
1788104843.53,010B,43,0,88,0.0
1788104843.56,17BA,0,0,88,0.0
1788104843.58,0110,0,254,88,0.0
1788104843.59,17BB,0,0,88,0.0
1788104843.62,17BC,0,0,88,0.0
1788104843.63,010B,43,0,88,0.0
1788104843.66,17BD,58,0,88,0.0
1788104843.69,0110,0,251,88,0.0
1788104843.69,17BE,0,0,88,0.0
1788104843.72,17C1,234,0,88,0.0
1788104843.73,010B,43,0,88,0.0
1788104843.75,3201,23,112,88,0.0
1788104843.78,0110,0,248,88,0.0
1788104843.79,990A,44,0,88,0.0
1788104843.82,996E,13,32,88,0.0
1788104843.83,010B,43,0,88,0.0
1788104843.86,A211,0,0,88,0.0
1788104843.89,D100,129,0,88,0.0
1788104843.92,E21B,90,74,88,0.0
1788104843.93,010B,43,0,88,0.0
1788104843.95,E21C,49,56,88,0.0
1788104843.98,E21D,56,56,88,0.0
1788104844.02,E21E,70,0,88,0.0
1788104844.03,010B,43,0,88,0.0
1788104844.05,E6F0,90,74,88,0.0
1788104844.08,E6F2,240,0,88,0.0
1788104844.08,0110,0,245,88,0.0
1788104844.11,E6F3,240,0,88,0.0
1788104844.13,010B,43,0,88,0.0
1788104844.14,0105,128,0,88,0.0
1788104844.17,010F,97,0,88,0.0
1788104844.18,0110,0,251,88,0.0
1788104844.21,0110,0,242,88,0.0
1788104844.23,010B,43,0,88,0.0
1788104844.24,010B,43,0,88,0.0
1788104844.27,0106,127,0,88,0.0
1788104844.29,0110,0,248,88,0.0
1788104844.31,0107,134,0,88,0.0
1788104844.33,010B,43,0,88,0.0
1788104844.34,010E,143,0,88,0.0
1788104844.37,0142,53,135,88,0.0
1788104844.38,0110,0,254,88,0.0
1788104844.41,0000,190,63,88,0.0
1788104844.43,010B,43,0,88,0.0
1788104844.44,0002,0,0,88,0.0
1788104844.47,0003,2,0,88,0.0
1788104844.48,0110,0,251,88,0.0
1788104844.50,0005,128,0,88,0.0
1788104844.53,010B,43,0,88,0.0
1788104844.54,0006,128,0,88,0.0
1788104844.58,0007,134,0,88,0.0
1788104844.58,0110,0,251,88,0.0
1788104844.61,000B,43,0,88,0.0
1788104844.64,000C,10,246,88,0.0
1788104844.67,000D,0,0,88,0.0
1788104844.68,0110,0,245,88,0.0
1788104844.70,000E,144,0,88,0.0
1788104844.74,000F,97,0,88,0.0
1788104844.77,0010,0,251,88,0.0
1788104844.79,0110,1,1,88,0.0
1788104844.80,0011,30,0,88,0.0
1788104844.83,0013,1,0,88,0.0
1788104844.83,010B,43,0,88,0.0
1788104844.86,001C,10,0,88,0.0
1788104844.88,0110,0,248,88,0.0
1788104844.90,001F,0,251,88,0.0
1788104844.93,0020,128,21,88,0.0
1788104844.93,010B,43,0,88,0.0
1788104844.96,0021,0,0,88,0.0
1788104844.98,0110,0,251,88,0.0
1788104844.99,002C,0,0,88,0.0
1788104845.03,002E,35,0,88,0.0
1788104845.03,010B,43,0,88,0.0
1788104845.06,0030,255,0,88,0.0
1788104845.08,0110,0,248,88,0.0
1788104845.10,003C,20,232,88,0.0
1788104845.13,0040,104,0,88,0.0
1788104845.13,010B,43,0,88,0.0
1788104845.16,0042,53,136,88,0.0
1788104845.18,0110,0,245,88,0.0
1788104845.19,0043,0,69,88,0.0
1788104845.22,0200,0,0,88,0.0
1788104845.23,010B,43,0,88,0.0
1788104845.26,0202,0,0,88,0.0
1788104845.29,0110,0,251,88,0.0
1788104845.30,0900,6,59,88,0.0
1788104845.33,0968,0,0,88,0.0
1788104845.34,010B,43,0,88,0.0
1788104845.36,096E,10,240,88,0.0
1788104845.38,0110,0,248,88,0.0
1788104845.39,17B3,132,0,88,0.0
1788104845.42,098E,0,0,88,0.0
1788104845.43,010B,43,0,88,0.0
1788104845.46,1101,1,0,88,0.0
1788104845.49,1103,4,0,88,0.0
1788104845.52,1104,1,0,88,0.0
1788104845.53,010B,43,0,88,0.0
1788104845.55,114A,49,0,88,0.0
1788104845.58,114D,36,64,88,0.0
1788104845.58,0110,0,254,88,0.0
1788104845.62,1153,56,174,88,0.0
1788104845.63,010B,43,0,88,0.0
1788104845.65,1154,29,192,88,0.0
1788104845.68,1169,29,181,88,0.0
1788104845.68,0110,0,251,88,0.0
1788104845.71,1173,2,188,88,0.0
1788104845.73,010B,43,0,88,0.0
1788104845.74,1177,20,80,88,0.0
1788104845.78,1410,1,64,88,0.0
1788104845.79,0110,0,245,88,0.0
1788104845.81,1631,1,0,88,0.0
1788104845.83,010B,43,0,88,0.0
1788104845.85,1678,0,0,88,0.0
1788104845.88,1681,0,0,88,0.0
1788104845.88,0110,0,254,88,0.0
1788104845.91,16CD,0,0,88,0.0
1788104845.94,010B,43,0,88,0.0
1788104845.94,16CE,255,247,88,0.0
1788104845.98,16CF,13,64,88,0.0
1788104845.98,0110,0,245,88,0.0
1788104846.01,16E8,92,47,88,0.0
1788104846.04,16E9,0,118,88,0.0
1788104846.07,16F0,3,131,88,0.0
1788104846.08,0110,0,245,88,0.0
1788104846.10,1704,0,0,88,0.0
1788104846.14,1706,128,0,88,0.0
1788104846.17,1709,0,0,88,0.0
1788104846.18,0110,0,254,88,0.0
1788104846.20,1717,1,0,88,0.0
1788104846.23,1718,1,0,88,0.0
1788104846.23,010B,43,0,88,0.0
1788104846.26,1746,0,0,88,0.0
1788104846.28,0110,0,251,88,0.0
1788104846.30,1782,143,192,88,0.0
1788104846.33,1783,110,192,88,0.0
1788104846.33,010B,43,0,88,0.0
1788104846.36,17A0,32,0,88,0.0
1788104846.38,0110,0,245,88,0.0
1788104846.39,17A6,0,0,88,0.0
1788104846.42,17B0,19,0,88,0.0
1788104846.43,010B,43,0,88,0.0
1788104846.46,17B1,32,0,88,0.0
1788104846.48,0110,0,254,88,0.0
1788104846.50,17B2,4,0,88,0.0
1788104846.53,17B3,132,0,88,0.0
1788104846.53,010B,43,0,88,0.0
1788104846.56,17B5,80,0,88,0.0
1788104846.58,0110,0,251,88,0.0
1788104846.59,17B6,0,0,88,0.0
1788104846.62,17B8,239,0,88,0.0
1788104846.63,010B,43,0,88,0.0
1788104846.66,17BA,0,0,88,0.0
1788104846.69,17BB,0,0,88,0.0
1788104846.72,17BC,0,0,88,0.0
1788104846.73,010B,43,0,88,0.0
1788104846.75,17BD,58,0,88,0.0
1788104846.78,17BE,0,0,88,0.0
1788104846.78,0110,0,248,88,0.0
1788104846.82,17C1,234,0,88,0.0
1788104846.83,010B,43,0,88,0.0
1788104846.85,3201,23,112,88,0.0
1788104846.89,990A,44,0,88,0.0
1788104846.92,996E,13,52,88,0.0
1788104846.94,010B,43,0,88,0.0
1788104846.95,A211,0,0,88,0.0
1788104846.98,D100,129,0,88,0.0
1788104846.98,0110,0,245,88,0.0
1788104847.02,E21B,90,74,88,0.0
1788104847.03,010B,43,0,88,0.0
1788104847.05,E21C,49,56,88,0.0
1788104847.08,E21D,56,56,88,0.0
1788104847.08,0110,0,245,88,0.0
1788104847.11,E21E,70,0,88,0.0
1788104847.13,010B,43,0,88,0.0
1788104847.14,E6F0,90,74,88,0.0
1788104847.18,E6F2,240,0,88,0.0
1788104847.19,0110,0,248,88,0.0
1788104847.21,E6F3,240,0,88,0.0
1788104847.23,010B,43,0,88,0.0
1788104847.24,0105,128,0,88,0.0
1788104847.27,010F,97,0,88,0.0
1788104847.28,0110,0,248,88,0.0
1788104847.30,0110,0,251,88,0.0
1788104847.33,010B,43,0,88,0.0
1788104847.33,010B,43,0,88,0.0
1788104847.37,0106,125,0,88,0.0
1788104847.38,0110,0,251,88,0.0
1788104847.39,17B3,132,0,88,0.0
1788104847.40,0107,134,0,88,0.0
1788104847.43,010E,147,0,88,0.0
1788104847.43,010B,43,0,88,0.0
1788104847.47,0142,53,144,88,0.0
1788104847.48,0110,0,251,88,0.0
1788104847.50,0000,190,63,88,0.0
1788104847.54,0002,0,0,88,0.0
1788104847.57,0003,2,0,88,0.0
1788104847.58,0110,0,242,88,0.0
1788104847.60,0005,128,0,88,0.0
1788104847.63,0006,127,0,88,0.0
1788104847.63,010B,43,0,88,0.0
1788104847.66,0007,134,0,88,0.0
1788104847.68,0110,0,251,88,0.0
1788104847.70,000B,43,0,88,0.0
1788104847.73,000C,10,237,88,0.0
1788104847.73,010B,43,0,88,0.0
1788104847.76,000D,0,0,88,0.0
1788104847.78,0110,0,254,88,0.0
1788104847.79,000E,146,0,88,0.0
1788104847.82,000F,97,0,88,0.0
1788104847.83,010B,43,0,88,0.0
1788104847.86,0010,0,245,88,0.0
1788104847.88,0110,0,251,88,0.0
1788104847.89,0011,30,0,88,0.0
1788104847.92,0013,1,0,88,0.0
1788104847.93,010B,43,0,88,0.0
1788104847.95,001C,10,0,88,0.0
1788104847.98,001F,0,254,88,0.0
1788104847.98,0110,0,245,88,0.0
1788104848.02,0020,128,21,88,0.0
1788104848.03,010B,43,0,88,0.0
1788104848.06,0021,0,0,88,0.0
1788104848.09,002C,0,0,88,0.0
1788104848.12,002E,35,0,88,0.0
1788104848.14,010B,43,0,88,0.0
1788104848.15,0030,255,0,88,0.0
1788104848.18,003C,20,232,88,0.0
1788104848.18,0110,0,242,88,0.0
1788104848.22,0040,104,0,88,0.0
1788104848.23,010B,43,0,88,0.0
1788104848.25,0042,53,125,88,0.0
1788104848.28,0043,0,68,88,0.0
1788104848.28,0110,0,251,88,0.0
1788104848.32,0200,0,0,88,0.0
1788104848.33,010B,43,0,88,0.0
1788104848.35,0202,0,0,88,0.0
1788104848.38,0900,6,59,88,0.0
1788104848.38,0110,0,248,88,0.0
1788104848.42,0968,0,0,88,0.0
1788104848.43,010B,43,0,88,0.0
1788104848.45,096E,10,240,88,0.0
1788104848.48,097C,109,188,88,0.0
1788104848.48,0110,0,248,88,0.0
1788104848.51,098E,0,0,88,0.0
1788104848.53,010B,43,0,88,0.0
1788104848.54,1101,1,0,88,0.0
1788104848.58,1103,4,0,88,0.0
1788104848.58,0110,0,251,88,0.0
1788104848.61,1104,1,0,88,0.0
1788104848.63,010B,43,0,88,0.0
1788104848.64,114A,49,0,88,0.0
1788104848.67,114D,36,128,88,0.0
1788104848.68,0110,0,248,88,0.0
1788104848.70,1153,57,34,88,0.0
1788104848.73,1154,29,192,88,0.0
1788104848.77,1169,29,181,88,0.0
1788104848.78,0110,0,245,88,0.0
1788104848.80,1173,1,69,88,0.0
1788104848.83,1177,20,100,88,0.0
1788104848.83,010B,43,0,88,0.0
1788104848.87,1410,1,62,88,0.0
1788104848.88,0110,0,248,88,0.0
1788104848.90,1631,1,0,88,0.0
1788104848.93,1678,0,0,88,0.0
1788104848.97,1681,0,0,88,0.0
1788104848.98,0110,0,248,88,0.0
1788104849.00,16CD,0,0,88,0.0
1788104849.03,16CE,255,244,88,0.0
1788104849.03,010B,43,0,88,0.0
1788104849.06,16CF,12,251,88,0.0
1788104849.09,0110,0,248,88,0.0
1788104849.10,16E8,89,90,88,0.0
1788104849.13,16E9,0,118,88,0.0
1788104849.13,010B,43,0,88,0.0
1788104849.16,16F0,3,131,88,0.0
1788104849.18,0110,0,251,88,0.0
1788104849.19,1704,0,0,88,0.0
1788104849.22,1706,128,0,88,0.0
1788104849.23,010B,43,0,88,0.0
1788104849.26,1709,0,0,88,0.0
1788104849.28,0110,0,245,88,0.0
1788104849.29,1717,1,0,88,0.0
1788104849.33,1718,1,0,88,0.0
1788104849.33,010B,43,0,88,0.0
1788104849.36,1746,0,0,88,0.0
1788104849.38,0110,0,245,88,0.0
1788104849.39,17B3,132,0,88,0.0
1788104849.42,1783,110,192,88,0.0
1788104849.43,010B,43,0,88,0.0
1788104849.45,17A0,33,0,88,0.0
1788104849.49,17A6,0,0,88,0.0
1788104849.52,17B0,19,0,88,0.0
1788104849.53,010B,43,0,88,0.0
1788104849.55,17B1,32,0,88,0.0
1788104849.58,17B2,4,0,88,0.0
1788104849.58,0110,0,248,88,0.0
1788104849.61,17B3,132,0,88,0.0
1788104849.64,010B,43,0,88,0.0
1788104849.65,17B5,80,0,88,0.0
1788104849.68,17B6,0,0,88,0.0
1788104849.69,0110,0,242,88,0.0
1788104849.71,17B8,239,0,88,0.0
1788104849.74,010B,43,0,88,0.0
1788104849.74,17BA,0,0,88,0.0
1788104849.78,17BB,0,0,88,0.0
1788104849.79,0110,0,245,88,0.0
1788104849.81,17BC,0,0,88,0.0
1788104849.84,010B,43,0,88,0.0
1788104849.84,17BD,58,0,88,0.0
1788104849.87,17BE,0,0,88,0.0
1788104849.88,0110,0,251,88,0.0
1788104849.91,17C1,234,0,88,0.0
1788104849.94,010B,43,0,88,0.0
1788104849.94,3201,23,112,88,0.0
1788104849.97,990A,44,0,88,0.0
1788104849.98,0110,0,245,88,0.0
1788104850.01,996E,13,92,88,0.0
1788104850.04,A211,0,0,88,0.0
1788104850.07,D100,129,0,88,0.0
1788104850.08,0110,0,248,88,0.0
1788104850.10,E21B,90,74,88,0.0
1788104850.13,E21C,49,56,88,0.0
1788104850.17,E21D,56,56,88,0.0
1788104850.18,0110,0,254,88,0.0
1788104850.20,E21E,70,0,88,0.0
1788104850.23,E6F0,90,74,88,0.0
1788104850.23,010B,43,0,88,0.0
1788104850.26,E6F2,240,0,88,0.0
1788104850.28,0110,0,251,88,0.0
1788104850.29,E6F3,240,0,88,0.0
1788104850.33,0105,128,0,88,0.0
1788104850.33,010B,43,0,88,0.0
1788104850.36,010F,97,0,88,0.0
1788104850.38,0110,0,248,88,0.0
1788104850.39,0110,0,248,88,0.0
1788104850.42,010B,43,0,88,0.0
1788104850.44,010B,43,0,88,0.0
1788104850.46,0106,126,0,88,0.0
1788104850.49,0110,0,245,88,0.0
1788104850.49,0107,134,0,88,0.0
1788104850.52,010E,154,0,88,0.0
1788104850.53,010B,43,0,88,0.0
1788104850.55,0142,53,125,88,0.0
1788104850.59,0000,190,63,88,0.0
1788104850.62,0002,0,0,88,0.0
1788104850.63,010B,43,0,88,0.0
1788104850.65,0003,2,0,88,0.0
1788104850.69,0005,128,0,88,0.0
1788104850.72,0006,126,0,88,0.0
1788104850.73,010B,43,0,88,0.0
1788104850.75,0007,134,0,88,0.0
1788104850.78,000B,43,0,88,0.0
1788104850.78,0110,0,248,88,0.0
1788104850.81,000C,10,171,88,0.0
1788104850.84,010B,43,0,88,0.0
1788104850.85,000D,0,0,88,0.0
1788104850.88,000E,156,0,88,0.0
1788104850.88,0110,0,248,88,0.0
1788104850.92,000F,97,0,88,0.0
1788104850.93,010B,43,0,88,0.0
1788104850.95,0010,0,251,88,0.0
1788104850.98,0011,30,0,88,0.0
1788104850.98,0110,0,245,88,0.0
1788104851.01,0013,1,0,88,0.0
1788104851.03,010B,43,0,88,0.0
1788104851.05,001C,10,0,88,0.0
1788104851.08,001F,1,1,88,0.0
1788104851.08,0110,0,248,88,0.0
1788104851.11,0020,128,21,88,0.0
1788104851.13,010B,44,0,88,0.0
1788104851.14,0021,0,0,88,0.0
1788104851.17,002C,0,0,88,0.0
1788104851.18,0110,0,251,88,0.0
1788104851.21,002E,0,0,88,0.0
1788104851.24,0030,255,0,88,0.0
1788104851.27,003C,20,233,88,0.0
1788104851.28,0110,1,1,88,0.0
1788104851.30,0040,104,0,88,0.0
1788104851.33,0042,53,126,88,0.0
1788104851.37,0043,0,71,88,0.0
1788104851.38,0110,0,251,88,0.0
1788104851.39,17B3,132,0,88,0.0
1788104851.40,0200,0,0,88,0.0
1788104851.43,0202,0,0,88,0.0
1788104851.44,010B,44,0,88,0.0
1788104851.46,0900,6,69,88,0.0
1788104851.48,0110,0,251,88,0.0
1788104851.50,0968,0,0,88,0.0
1788104851.53,096E,10,240,88,0.0
1788104851.53,010B,44,0,88,0.0
1788104851.56,097C,109,189,88,0.0
1788104851.58,0110,0,251,88,0.0
1788104851.60,098E,0,0,88,0.0
1788104851.63,1101,1,0,88,0.0
1788104851.63,010B,44,0,88,0.0
1788104851.66,1103,4,0,88,0.0
1788104851.68,0110,0,245,88,0.0
1788104851.69,1104,1,0,88,0.0
1788104851.73,114A,49,0,88,0.0
1788104851.73,010B,44,0,88,0.0
1788104851.76,114D,36,64,88,0.0
1788104851.79,1153,57,224,88,0.0
1788104851.82,1154,29,192,88,0.0
1788104851.83,010B,44,0,88,0.0
1788104851.85,1169,29,181,88,0.0
1788104851.89,1173,0,105,88,0.0
1788104851.92,1177,20,120,88,0.0
1788104851.93,010B,44,0,88,0.0
1788104851.95,1410,1,63,88,0.0
1788104851.98,1631,1,0,88,0.0
1788104851.98,0110,0,251,88,0.0
1788104852.01,1678,0,0,88,0.0
1788104852.03,010B,43,0,88,0.0
1788104852.05,1681,0,0,88,0.0
1788104852.08,16CD,0,0,88,0.0
1788104852.08,0110,0,245,88,0.0
1788104852.11,16CE,255,245,88,0.0
1788104852.13,010B,43,0,88,0.0
1788104852.14,16CF,13,23,88,0.0
1788104852.17,16E8,89,4,88,0.0
1788104852.18,0110,0,251,88,0.0
1788104852.21,16E9,0,118,88,0.0
1788104852.23,010B,43,0,88,0.0
1788104852.24,16F0,3,131,88,0.0
1788104852.27,1704,0,0,88,0.0
1788104852.28,0110,0,251,88,0.0
1788104852.31,1706,128,0,88,0.0
1788104852.33,010B,43,0,88,0.0
1788104852.37,1717,1,0,88,0.0
1788104852.39,0110,0,254,88,0.0
1788104852.41,1718,1,0,88,0.0
1788104852.44,1746,0,0,88,0.0
1788104852.47,1782,143,192,88,0.0
1788104852.48,0110,1,1,88,0.0
1788104852.50,1783,110,192,88,0.0
1788104852.53,17A0,32,0,88,0.0
1788104852.57,17A6,0,0,88,0.0
1788104852.58,0110,0,245,88,0.0
1788104852.60,17B0,18,0,88,0.0
1788104852.63,17B1,32,0,88,0.0
1788104852.63,010B,43,0,88,0.0
1788104852.66,17B2,4,0,88,0.0
1788104852.68,0110,1,1,88,0.0
1788104852.69,17B3,132,0,88,0.0
1788104852.73,17B5,80,0,88,0.0
1788104852.74,010B,43,0,88,0.0
1788104852.76,17B6,0,0,88,0.0
1788104852.78,0110,0,254,88,0.0
1788104852.79,17B8,239,0,88,0.0
1788104852.82,17BA,0,0,88,0.0
1788104852.84,010B,43,0,88,0.0
1788104852.85,17BB,0,0,88,0.0
1788104852.88,0110,0,251,88,0.0
1788104852.89,17BC,0,0,88,0.0
1788104852.92,17BD,58,0,88,0.0
1788104852.93,010B,43,0,88,0.0
1788104852.95,17BE,0,0,88,0.0
1788104852.99,17C1,234,0,88,0.0
1788104853.02,3201,23,112,88,0.0
1788104853.03,010B,43,0,88,0.0
1788104853.05,990A,43,0,88,0.0
1788104853.09,996E,13,112,88,0.0
1788104853.12,A211,0,0,88,0.0
1788104853.13,010B,43,0,88,0.0
1788104853.15,D100,129,0,88,0.0
1788104853.18,E21B,90,74,88,0.0
1788104853.18,0110,0,251,88,0.0
1788104853.21,E21C,49,56,88,0.0
1788104853.24,010B,43,0,88,0.0
1788104853.25,E21D,56,56,88,0.0
1788104853.29,E21E,70,0,88,0.0
1788104853.32,E6F0,90,74,88,0.0
1788104853.33,010B,43,0,88,0.0
1788104853.35,E6F2,240,0,88,0.0
1788104853.38,E6F3,240,0,88,0.0
1788104853.38,0110,0,248,88,0.0
1788104853.39,0142,53,131,88,0.0
1788104853.41,0105,128,0,88,0.0
1788104853.43,010B,43,0,88,0.0
1788104853.44,010F,97,0,88,0.0
1788104853.47,0110,0,248,88,0.0
1788104853.48,0110,0,248,88,0.0
1788104853.51,010B,43,0,88,0.0
1788104853.53,010B,43,0,88,0.0
1788104853.54,0106,126,0,88,0.0
1788104853.57,0107,134,0,88,0.0
1788104853.58,0110,1,1,88,0.0
1788104853.60,010E,147,0,88,0.0
1788104853.63,010B,43,0,88,0.0
1788104853.64,0142,53,133,88,0.0
1788104853.67,0000,190,63,88,0.0
1788104853.68,0110,0,254,88,0.0
1788104853.70,0002,0,0,88,0.0
1788104853.73,0003,2,0,88,0.0
1788104853.77,0005,128,0,88,0.0
1788104853.78,0110,0,251,88,0.0
1788104853.81,0006,125,0,88,0.0
1788104853.84,0007,134,0,88,0.0
1788104853.87,000B,43,0,88,0.0
1788104853.88,0110,0,254,88,0.0
1788104853.90,000C,10,221,88,0.0
1788104853.93,000D,0,0,88,0.0
1788104853.97,000E,147,0,88,0.0
1788104853.98,0110,0,254,88,0.0
1788104854.00,000F,97,0,88,0.0
1788104854.03,0010,0,254,88,0.0
1788104854.03,010B,43,0,88,0.0
1788104854.06,0011,30,0,88,0.0
1788104854.08,0110,0,251,88,0.0
1788104854.09,0013,1,0,88,0.0
1788104854.13,001C,10,0,88,0.0
1788104854.13,010B,43,0,88,0.0
1788104854.16,001F,1,4,88,0.0
1788104854.18,0110,1,1,88,0.0
1788104854.19,0020,128,21,88,0.0
1788104854.22,0021,0,0,88,0.0
1788104854.24,010B,43,0,88,0.0
1788104854.25,002C,0,0,88,0.0
1788104854.28,0110,0,219,88,0.0
1788104854.33,0030,255,0,88,0.0
1788104854.33,010B,42,0,88,0.0
1788104854.36,003C,20,234,88,0.0
1788104854.38,0110,0,192,88,0.0
1788104854.39,0040,104,0,88,0.0
1788104854.42,0042,53,146,88,0.0
1788104854.43,010B,41,0,88,0.0
1788104854.45,0043,0,66,88,0.0
1788104854.49,0200,0,0,88,0.0
1788104854.52,0202,0,0,88,0.0
1788104854.53,010B,40,0,88,0.0
1788104854.55,0900,5,255,88,0.0
1788104854.59,0968,0,0,88,0.0
1788104854.62,096E,10,240,88,0.0
1788104854.63,010B,39,0,88,0.0
1788104854.65,097C,109,196,88,0.0
1788104854.69,098E,0,0,88,0.0
1788104854.72,1101,0,0,88,0.0
1788104854.73,010B,39,0,88,0.0
1788104854.75,1103,4,0,88,0.0
1788104854.78,1104,0,0,88,0.0
1788104854.78,0110,0,187,88,0.0
1788104854.81,114A,49,64,88,0.0
1788104854.83,010B,38,0,88,0.0
1788104854.85,114D,36,64,88,0.0
1788104854.88,1153,44,45,88,0.0
1788104854.89,0110,0,185,88,0.0
1788104854.91,1154,29,192,88,0.0
1788104854.93,010B,37,0,88,0.0
1788104854.95,1169,29,181,88,0.0
1788104854.98,1173,3,132,88,0.0
1788104854.98,0110,0,180,88,0.0
1788104855.01,1177,18,92,88,0.0
1788104855.04,010B,36,0,88,0.0
1788104855.05,1410,0,245,88,0.0
1788104855.08,1631,1,0,88,0.0
1788104855.08,0110,0,180,88,0.0
1788104855.11,1678,0,0,88,0.0
1788104855.14,010B,35,0,88,0.0
1788104855.14,1681,0,0,88,0.0
1788104855.17,16CD,0,0,88,0.0
1788104855.19,0110,0,183,88,0.0
1788104855.21,16CE,255,254,88,0.0
1788104855.23,010B,34,0,88,0.0
1788104855.24,16CF,12,220,88,0.0
1788104855.27,16E8,65,219,88,0.0
1788104855.29,0110,0,171,88,0.0
1788104855.30,16E9,0,118,88,0.0
1788104855.33,16F0,3,131,88,0.0
1788104855.33,010B,34,0,88,0.0
1788104855.37,1704,0,0,88,0.0
1788104855.39,0110,0,175,88,0.0
1788104855.39,17B3,132,0,88,0.0
1788104855.40,1706,128,0,88,0.0
1788104855.43,1709,0,0,88,0.0
1788104855.43,010B,33,0,88,0.0
1788104855.47,1717,1,0,88,0.0
1788104855.48,0110,0,173,88,0.0
1788104855.50,1718,1,0,88,0.0
1788104855.53,1746,0,0,88,0.0
1788104855.57,1782,143,192,88,0.0
1788104855.59,0110,0,173,88,0.0
1788104855.60,1783,110,192,88,0.0
1788104855.63,17A0,31,0,88,0.0
1788104855.63,010B,32,0,88,0.0
1788104855.66,17A6,0,0,88,0.0
1788104855.69,0110,0,173,88,0.0
1788104855.69,17B0,19,0,88,0.0
1788104855.73,17B1,32,0,88,0.0
1788104855.73,010B,32,0,88,0.0
1788104855.76,17B2,4,0,88,0.0
1788104855.78,0110,0,171,88,0.0
1788104855.79,17B3,132,0,88,0.0
1788104855.82,17B5,80,0,88,0.0
1788104855.83,010B,32,0,88,0.0
1788104855.85,17B6,0,0,88,0.0
1788104855.89,17B8,239,0,88,0.0
1788104855.92,17BA,0,0,88,0.0
1788104855.93,010B,32,0,88,0.0
1788104855.96,17BB,0,0,88,0.0
1788104855.99,17BC,0,0,88,0.0
1788104856.02,17BD,58,0,88,0.0
1788104856.03,010B,32,0,88,0.0
1788104856.05,17BE,0,0,88,0.0
1788104856.09,17C1,234,0,88,0.0
1788104856.12,3201,23,112,88,0.0
1788104856.13,010B,32,0,88,0.0
1788104856.15,990A,43,0,88,0.0
1788104856.18,996E,13,132,88,0.0
1788104856.18,0110,0,178,88,0.0
1788104856.21,A211,0,0,88,0.0
1788104856.23,010B,32,0,88,0.0
1788104856.25,D100,129,0,88,0.0
1788104856.29,E21B,90,74,88,0.0
1788104856.32,E21C,49,56,88,0.0
1788104856.33,010B,32,0,88,0.0
1788104856.35,E21D,56,56,88,0.0
1788104856.38,E21E,70,0,88,0.0
1788104856.38,0110,0,178,88,0.0
1788104856.41,E6F0,90,74,88,0.0
1788104856.43,010B,32,0,88,0.0
1788104856.45,E6F2,240,0,88,0.0
1788104856.48,E6F3,240,0,88,0.0
1788104856.48,0110,0,183,88,0.0
1788104856.51,0105,128,0,88,0.0
1788104856.53,010B,32,0,88,0.0
1788104856.54,010F,97,0,88,0.0
1788104856.57,0110,0,175,88,0.0
1788104856.58,0110,0,175,88,0.0
1788104856.60,010B,32,0,88,0.0
1788104856.63,010B,32,0,88,0.0
1788104856.64,0106,123,0,88,0.0
1788104856.67,0107,134,0,88,0.0
1788104856.69,0110,0,173,88,0.0
1788104856.70,010E,149,0,88,0.0
1788104856.73,010B,32,0,88,0.0
1788104856.74,0142,53,163,88,0.0
1788104856.77,0000,190,63,88,0.0
1788104856.78,0110,0,178,88,0.0
1788104856.81,0002,0,0,88,0.0
1788104856.83,010B,32,0,88,0.0
1788104856.84,0003,2,0,88,0.0
1788104856.87,0005,128,0,88,0.0
1788104856.88,0110,0,175,88,0.0
1788104856.90,0006,124,0,88,0.0
1788104856.93,0007,134,0,88,0.0
1788104856.97,000B,32,0,88,0.0
1788104856.98,0110,0,173,88,0.0
1788104857.01,000C,10,246,88,0.0
1788104857.04,000D,0,0,88,0.0
1788104857.07,000E,147,0,88,0.0
1788104857.08,0110,0,178,88,0.0
1788104857.10,000F,97,0,88,0.0
1788104857.13,0010,0,178,88,0.0
1788104857.17,0011,30,0,88,0.0
1788104857.18,0110,0,175,88,0.0
1788104857.21,0013,1,0,88,0.0
1788104857.24,001C,10,0,88,0.0
1788104857.27,001F,1,8,88,0.0
1788104857.28,0110,0,173,88,0.0
1788104857.30,0020,128,21,88,0.0
1788104857.33,0021,0,0,88,0.0
1788104857.33,010B,32,0,88,0.0
1788104857.37,002C,0,0,88,0.0
1788104857.38,0110,0,175,88,0.0
1788104857.39,17B3,131,0,88,0.0
1788104857.40,002E,0,0,88,0.0
1788104857.43,0030,255,0,88,0.0
1788104857.43,010B,32,0,88,0.0
1788104857.47,003C,20,234,88,0.0
1788104857.48,0110,0,173,88,0.0
1788104857.50,0040,104,0,88,0.0
1788104857.53,0042,53,139,88,0.0
1788104857.54,010B,32,0,88,0.0
1788104857.57,0043,0,49,88,0.0
1788104857.58,0110,0,175,88,0.0
1788104857.60,0200,0,0,88,0.0
1788104857.63,0202,0,0,88,0.0
1788104857.63,010B,32,0,88,0.0
1788104857.66,0900,5,95,88,0.0
1788104857.68,0110,0,178,88,0.0
1788104857.69,0968,0,0,88,0.0
1788104857.73,096E,10,240,88,0.0
1788104857.73,010B,32,0,88,0.0
1788104857.76,097C,109,198,88,0.0
1788104857.78,0110,0,178,88,0.0
1788104857.79,098E,0,0,88,0.0
1788104857.82,1101,0,0,88,0.0
1788104857.83,010B,32,0,88,0.0
1788104857.85,1103,0,0,88,0.0
1788104857.88,0110,0,168,88,0.0
1788104857.92,114A,49,64,88,0.0
1788104857.93,010B,32,0,88,0.0
1788104857.96,114D,36,64,88,0.0
1788104857.99,1153,42,27,88,0.0
1788104858.02,1154,29,192,88,0.0
1788104858.03,010B,32,0,88,0.0
1788104858.05,1169,29,181,88,0.0
1788104858.09,1173,0,75,88,0.0
1788104858.12,1177,18,52,88,0.0
1788104858.13,010B,32,0,88,0.0
1788104858.15,1410,0,218,88,0.0
1788104858.18,1631,1,0,88,0.0
1788104858.18,0110,0,171,88,0.0
1788104858.21,1678,0,0,88,0.0
1788104858.23,010B,32,0,88,0.0
1788104858.25,1681,0,0,88,0.0
1788104858.29,16CD,0,0,88,0.0
1788104858.32,16CE,255,251,88,0.0
1788104858.33,010B,32,0,88,0.0
1788104858.35,16CF,13,3,88,0.0
1788104858.38,16E8,72,22,88,0.0
1788104858.39,0110,0,171,88,0.0
1788104858.41,16E9,0,118,88,0.0
1788104858.43,010B,32,0,88,0.0
1788104858.45,16F0,3,131,88,0.0
1788104858.48,1704,0,0,88,0.0
1788104858.48,0110,0,175,88,0.0
1788104858.52,1706,128,0,88,0.0
1788104858.53,010B,32,0,88,0.0
1788104858.55,1709,0,0,88,0.0
1788104858.58,1717,1,0,88,0.0
1788104858.58,0110,0,178,88,0.0
1788104858.61,1718,1,0,88,0.0
1788104858.63,010B,32,0,88,0.0
1788104858.65,1746,0,0,88,0.0
1788104858.68,1782,143,192,88,0.0
1788104858.68,0110,0,173,88,0.0
1788104858.71,1783,110,192,88,0.0
1788104858.73,010B,32,0,88,0.0
1788104858.74,17A0,31,0,88,0.0
1788104858.77,17A6,0,0,88,0.0
1788104858.78,0110,0,180,88,0.0
1788104858.81,17B0,19,0,88,0.0
1788104858.83,010B,32,0,88,0.0
1788104858.84,17B1,32,0,88,0.0
1788104858.87,17B2,4,0,88,0.0
1788104858.88,0110,0,178,88,0.0
1788104858.90,17B3,131,0,88,0.0
1788104858.93,17B5,80,0,88,0.0
1788104858.97,17B6,0,0,88,0.0
1788104858.98,0110,0,171,88,0.0
1788104859.01,17B8,239,0,88,0.0
1788104859.04,17BA,0,0,88,0.0
1788104859.07,17BB,0,0,88,0.0
1788104859.08,0110,0,175,88,0.0
1788104859.10,17BC,0,0,88,0.0
1788104859.13,17BD,58,0,88,0.0
1788104859.17,17BE,0,0,88,0.0
1788104859.18,0110,0,175,88,0.0
1788104859.20,17C1,234,0,88,0.0
1788104859.23,3201,23,112,88,0.0
1788104859.23,010B,31,0,88,0.0
1788104859.26,990A,43,0,88,0.0
1788104859.28,0110,0,173,88,0.0
1788104859.29,996E,13,112,88,0.0
1788104859.33,A211,0,0,88,0.0
1788104859.33,010B,32,0,88,0.0
1788104859.36,D100,129,0,88,0.0
1788104859.38,0110,0,175,88,0.0
1788104859.39,17B3,131,0,88,0.0
1788104859.42,E21C,49,56,88,0.0
1788104859.43,010B,32,0,88,0.0
1788104859.45,E21D,56,56,88,0.0
1788104859.48,0110,0,173,88,0.0
1788104859.49,E21E,70,0,88,0.0
1788104859.52,E6F0,90,74,88,0.0
1788104859.53,010B,31,0,88,0.0
1788104859.56,E6F2,240,0,88,0.0
1788104859.59,E6F3,240,0,88,0.0
1788104859.61,0105,128,0,88,0.0
1788104859.63,010B,32,0,88,0.0
1788104859.65,010F,97,0,88,0.0
1788104859.68,0110,0,178,88,0.0
1788104859.68,0110,0,178,88,0.0
1788104859.71,010B,32,0,88,0.0
1788104859.73,010B,31,0,88,0.0
1788104859.74,0106,126,0,88,0.0
1788104859.78,0107,134,0,88,0.0
1788104859.78,0110,0,173,88,0.0
1788104859.81,010E,143,0,88,0.0
1788104859.83,010B,31,0,88,0.0
1788104859.84,0142,53,145,88,0.0
1788104859.88,0000,190,63,88,0.0
1788104859.88,0110,0,175,88,0.0
1788104859.91,0002,0,0,88,0.0
1788104859.93,010B,32,0,88,0.0
1788104859.94,0003,2,0,88,0.0
1788104859.97,0005,128,0,88,0.0
1788104859.98,0110,0,178,88,0.0
1788104860.01,0006,126,0,88,0.0
1788104860.04,0007,134,0,88,0.0
1788104860.07,000B,31,0,88,0.0
1788104860.09,0110,0,173,88,0.0
1788104860.10,000C,11,18,88,0.0
1788104860.13,000D,0,0,88,0.0
1788104860.13,010B,31,0,88,0.0
1788104860.17,000E,143,0,88,0.0
1788104860.19,0110,0,178,88,0.0
1788104860.20,000F,97,0,88,0.0
1788104860.23,0010,0,168,88,0.0
1788104860.23,010B,32,0,88,0.0
1788104860.27,0011,30,0,88,0.0
1788104860.28,0110,0,173,88,0.0
1788104860.30,0013,1,0,88,0.0
1788104860.33,001C,10,0,88,0.0
1788104860.33,010B,31,0,88,0.0
1788104860.37,001F,1,11,88,0.0
1788104860.38,0110,0,168,88,0.0
1788104860.40,0020,128,21,88,0.0
1788104860.43,0021,0,0,88,0.0
1788104860.43,010B,31,0,88,0.0
1788104860.46,002C,0,0,88,0.0
1788104860.48,0110,0,178,88,0.0
1788104860.49,002E,0,0,88,0.0
1788104860.53,0030,255,0,88,0.0
1788104860.53,010B,31,0,88,0.0
1788104860.56,003C,20,234,88,0.0
1788104860.58,0110,0,173,88,0.0
1788104860.62,0042,53,151,88,0.0
1788104860.63,010B,31,0,88,0.0
1788104860.65,0043,0,48,88,0.0
1788104860.69,0200,0,0,88,0.0
1788104860.72,0202,0,0,88,0.0
1788104860.73,010B,31,0,88,0.0
1788104860.75,0900,5,90,88,0.0
1788104860.78,0968,0,0,88,0.0
1788104860.78,0110,0,175,88,0.0
1788104860.81,096E,10,240,88,0.0
1788104860.83,010B,31,0,88,0.0
1788104860.85,097C,109,199,88,0.0
1788104860.89,098E,0,0,88,0.0
1788104860.92,1101,0,0,88,0.0
1788104860.93,010B,31,0,88,0.0
1788104860.95,1103,0,0,88,0.0
1788104860.98,1104,0,0,88,0.0
1788104860.98,0110,0,173,88,0.0
1788104861.01,114A,49,64,88,0.0
1788104861.03,010B,32,0,88,0.0
1788104861.05,114D,36,64,88,0.0
1788104861.08,1153,42,15,88,0.0
1788104861.08,0110,0,175,88,0.0
1788104861.11,1154,29,192,88,0.0
1788104861.13,010B,32,0,88,0.0
1788104861.14,1169,29,181,88,0.0
1788104861.17,1173,2,93,88,0.0
1788104861.18,0110,0,173,88,0.0
1788104861.21,1177,18,72,88,0.0
1788104861.23,010B,31,0,88,0.0
1788104861.24,1410,0,214,88,0.0
1788104861.27,1631,1,0,88,0.0
1788104861.28,0110,0,175,88,0.0
1788104861.30,1678,0,0,88,0.0
1788104861.33,1681,0,0,88,0.0
1788104861.33,010B,32,0,88,0.0
1788104861.37,16CD,0,0,88,0.0
1788104861.38,0110,0,178,88,0.0
1788104861.39,17B3,131,0,88,0.0
1788104861.40,16CE,255,250,88,0.0
1788104861.43,16CF,13,9,88,0.0
1788104861.43,010B,32,0,88,0.0
1788104861.47,16E8,72,77,88,0.0
1788104861.48,0110,0,171,88,0.0
1788104861.50,16E9,0,116,88,0.0
1788104861.53,16F0,3,131,88,0.0
1788104861.53,010B,32,0,88,0.0
1788104861.57,1704,0,0,88,0.0
1788104861.58,0110,0,178,88,0.0
1788104861.60,1706,128,0,88,0.0
1788104861.63,1709,0,0,88,0.0
1788104861.63,010B,32,0,88,0.0
1788104861.66,1717,1,0,88,0.0
1788104861.68,0110,0,173,88,0.0
1788104861.69,1718,1,0,88,0.0
1788104861.73,1746,0,0,88,0.0
1788104861.73,010B,32,0,88,0.0
1788104861.76,1782,143,192,88,0.0
1788104861.78,0110,0,171,88,0.0
1788104861.79,1783,110,192,88,0.0
1788104861.83,17A0,31,0,88,0.0
1788104861.83,010B,32,0,88,0.0
1788104861.86,17A6,0,0,88,0.0
1788104861.88,0110,0,178,88,0.0
1788104861.89,17B0,19,0,88,0.0
1788104861.93,17B1,32,0,88,0.0
1788104861.93,010B,32,0,88,0.0
1788104861.96,17B2,4,0,88,0.0
1788104861.99,17B3,131,0,88,0.0
1788104862.02,17B5,80,0,88,0.0
1788104862.04,010B,32,0,88,0.0
1788104862.05,17B6,0,0,88,0.0
1788104862.09,17B8,239,0,88,0.0
1788104862.12,17BA,0,0,88,0.0
1788104862.13,010B,34,0,88,0.0
1788104862.15,17BB,0,0,88,0.0
1788104862.18,17BC,0,0,88,0.0
1788104862.19,0110,1,81,88,0.0
1788104862.22,17BD,58,0,88,0.0
1788104862.23,010B,36,0,88,0.0
1788104862.25,17BE,0,0,88,0.0
1788104862.28,17C1,234,0,88,0.0
1788104862.28,0110,1,11,88,0.0
1788104862.31,3201,23,112,88,0.0
1788104862.33,010B,38,0,88,0.0
1788104862.34,990A,44,0,88,0.0
1788104862.37,996E,13,52,88,0.0
1788104862.38,0110,0,248,88,0.0
1788104862.41,A211,0,0,88,0.0
1788104862.43,010B,38,0,88,0.0
1788104862.45,D100,129,0,88,0.0
1788104862.48,E21B,90,74,88,0.0
1788104862.48,0110,0,242,88,0.0
1788104862.51,E21C,49,56,88,0.0
1788104862.54,010B,38,0,88,0.0
1788104862.57,E21E,70,0,88,0.0
1788104862.58,0110,1,64,88,0.0
1788104862.61,E6F0,90,74,88,0.0
1788104862.64,E6F2,240,0,88,0.0
1788104862.67,E6F3,240,0,88,0.0
1788104862.69,0110,1,50,88,0.0
1788104862.70,0105,128,0,88,0.0
1788104862.73,010F,97,0,88,0.0
1788104862.73,010B,40,0,88,0.0
1788104862.76,0110,1,20,88,0.0
1788104862.79,0110,1,17,88,0.0
1788104862.80,010B,41,0,88,0.0
1788104862.83,0106,124,0,88,0.0
1788104862.83,010B,41,0,88,0.0
1788104862.86,0107,134,0,88,0.0
1788104862.88,0110,0,245,88,0.0
1788104862.90,010E,138,0,88,0.0
1788104862.93,0142,53,25,88,0.0
1788104862.94,010B,40,0,88,0.0
1788104862.97,0000,190,63,88,0.0
1788104862.98,0110,1,11,88,0.0
1788104863.00,0002,0,0,88,0.0
1788104863.03,0003,2,0,88,0.0
1788104863.03,010B,41,0,88,0.0
1788104863.06,0005,128,0,88,0.0
1788104863.08,0110,1,17,88,0.0
1788104863.09,0006,124,0,88,0.0
1788104863.13,0007,134,0,88,0.0
1788104863.14,010B,42,0,88,0.0
1788104863.16,000B,42,0,88,0.0
1788104863.19,0110,1,11,88,0.0
1788104863.19,000C,11,124,88,0.0
1788104863.23,000D,0,0,88,0.0
1788104863.24,010B,42,0,88,0.0
1788104863.26,000E,141,0,88,0.0
1788104863.28,0110,1,8,88,0.0
1788104863.29,000F,97,0,88,0.0
1788104863.33,0010,1,8,88,0.0
1788104863.33,010B,42,0,88,0.0
1788104863.36,0011,30,0,88,0.0
1788104863.39,0013,1,0,88,0.0
1788104863.42,001C,10,0,88,0.0
1788104863.43,010B,42,0,88,0.0
1788104863.45,001F,1,14,88,0.0
1788104863.49,0020,128,21,88,0.0
1788104863.52,0021,0,0,88,0.0
1788104863.53,010B,42,0,88,0.0
1788104863.55,002C,0,0,88,0.0
1788104863.58,002E,0,0,88,0.0
1788104863.58,0110,0,251,88,0.0
1788104863.61,0030,255,0,88,0.0
1788104863.63,010B,42,0,88,0.0
1788104863.65,003C,20,234,88,0.0
1788104863.69,0040,104,0,88,0.0
1788104863.72,0042,51,246,88,0.0
1788104863.74,010B,42,0,88,0.0
1788104863.75,0043,0,69,88,0.0
1788104863.78,0200,0,0,88,0.0
1788104863.78,0110,1,24,88,0.0
1788104863.81,0202,0,0,88,0.0
1788104863.83,010B,43,0,88,0.0
1788104863.85,0900,6,49,88,0.0
1788104863.88,0968,0,0,88,0.0
1788104863.88,0110,1,17,88,0.0
1788104863.91,096E,11,84,88,0.0
1788104863.93,010B,43,0,88,0.0
1788104863.94,097C,109,200,88,0.0
1788104863.97,098E,0,0,88,0.0
1788104863.98,0110,1,4,88,0.0
1788104864.01,1101,1,0,88,0.0
1788104864.04,010B,43,0,88,0.0
1788104864.04,1103,4,0,88,0.0
1788104864.07,1104,1,0,88,0.0
1788104864.08,0110,1,11,88,0.0
1788104864.10,114A,49,64,88,0.0
1788104864.13,114D,36,64,88,0.0
1788104864.14,010B,43,0,88,0.0
1788104864.17,1153,59,197,88,0.0
1788104864.18,0110,1,4,88,0.0
1788104864.20,1154,29,192,88,0.0
1788104864.24,1169,29,181,88,0.0
1788104864.27,1173,0,80,88,0.0
1788104864.28,0110,1,11,88,0.0
1788104864.30,1177,21,4,88,0.0
1788104864.33,1410,1,57,88,0.0
1788104864.33,010B,43,0,88,0.0
1788104864.37,1631,1,0,88,0.0
1788104864.38,0110,1,17,88,0.0
1788104864.40,1678,0,0,88,0.0
1788104864.43,1681,0,0,88,0.0
1788104864.43,010B,43,0,88,0.0
1788104864.46,16CD,0,0,88,0.0
1788104864.48,0110,1,11,88,0.0
1788104864.49,16CE,255,247,88,0.0
1788104864.53,16CF,13,88,88,0.0
1788104864.53,010B,44,0,88,0.0
1788104864.56,16E8,83,255,88,0.0
1788104864.58,0110,1,8,88,0.0
1788104864.59,16E9,0,116,88,0.0
1788104864.62,16F0,3,131,88,0.0
1788104864.63,010B,44,0,88,0.0
1788104864.65,1704,0,0,88,0.0
1788104864.69,1706,128,0,88,0.0
1788104864.72,1709,0,0,88,0.0
1788104864.73,010B,44,0,88,0.0
1788104864.75,1717,1,0,88,0.0
1788104864.78,1718,1,0,88,0.0
1788104864.78,0110,1,24,88,0.0
1788104864.81,1746,0,0,88,0.0
1788104864.83,010B,44,0,88,0.0
1788104864.85,1782,143,192,88,0.0
1788104864.89,1783,110,192,88,0.0
1788104864.92,17A0,32,0,88,0.0
1788104864.93,010B,44,0,88,0.0
1788104864.95,17A6,0,0,88,0.0
1788104864.98,17B0,19,0,88,0.0
1788104864.98,0110,1,17,88,0.0
1788104865.01,17B1,32,0,88,0.0
1788104865.03,010B,44,0,88,0.0
1788104865.05,17B2,4,0,88,0.0
1788104865.08,17B3,131,0,88,0.0
1788104865.08,0110,1,27,88,0.0
1788104865.11,17B5,80,0,88,0.0
1788104865.13,010B,45,0,88,0.0
1788104865.14,17B6,0,0,88,0.0
1788104865.17,17B8,239,0,88,0.0
1788104865.18,0110,1,17,88,0.0
1788104865.21,17BA,0,0,88,0.0
1788104865.24,17BB,0,0,88,0.0
1788104865.27,17BC,0,0,88,0.0
1788104865.29,0110,1,14,88,0.0
1788104865.30,17BD,59,0,88,0.0
1788104865.33,17BE,0,0,88,0.0
1788104865.33,010B,45,0,88,0.0
1788104865.37,17C1,234,0,88,0.0
1788104865.38,0110,1,30,88,0.0
1788104865.38,0142,53,60,88,0.0
1788104865.39,17B3,131,0,88,0.0
1788104865.40,3201,23,112,88,0.0
1788104865.44,990A,45,0,88,0.0
1788104865.47,996E,13,12,88,0.0
1788104865.49,0110,1,14,88,0.0
1788104865.50,A211,0,0,88,0.0
1788104865.53,D100,129,0,88,0.0
1788104865.53,010B,45,0,88,0.0
1788104865.57,E21B,90,74,88,0.0
1788104865.58,0110,1,20,88,0.0
1788104865.60,E21C,49,56,88,0.0
1788104865.63,E21D,56,56,88,0.0
1788104865.63,010B,45,0,88,0.0
1788104865.66,E21E,70,0,88,0.0
1788104865.68,0110,1,17,88,0.0
1788104865.69,E6F0,90,74,88,0.0
1788104865.73,E6F2,240,0,88,0.0
1788104865.73,010B,45,0,88,0.0
1788104865.77,E6F3,240,0,88,0.0
1788104865.79,0110,1,11,88,0.0
1788104865.79,0105,128,0,88,0.0
1788104865.83,010F,97,0,88,0.0
1788104865.84,010B,45,0,88,0.0
1788104865.86,0110,1,1,88,0.0
1788104865.88,0110,1,8,88,0.0
1788104865.89,010B,44,0,88,0.0
1788104865.92,0106,126,0,88,0.0
1788104865.93,010B,44,0,88,0.0
1788104865.96,0107,134,0,88,0.0
1788104865.98,0110,1,1,88,0.0
1788104865.99,010E,135,0,88,0.0
1788104866.02,0142,53,223,88,0.0
1788104866.03,010B,44,0,88,0.0
1788104866.05,0000,190,63,88,0.0
1788104866.08,0110,0,254,88,0.0
1788104866.09,0002,0,0,88,0.0
1788104866.13,0003,2,0,88,0.0
1788104866.13,010B,44,0,88,0.0
1788104866.16,0005,128,0,88,0.0
1788104866.19,0006,127,0,88,0.0
1788104866.22,0007,134,0,88,0.0
1788104866.23,010B,43,0,88,0.0
1788104866.25,000B,43,0,88,0.0
1788104866.29,000C,11,137,88,0.0
1788104866.32,000D,0,0,88,0.0
1788104866.33,010B,43,0,88,0.0
1788104866.35,000E,137,0,88,0.0
1788104866.38,000F,97,0,88,0.0
1788104866.38,0110,1,1,88,0.0
1788104866.41,0010,1,4,88,0.0
1788104866.43,010B,43,0,88,0.0
1788104866.44,0011,30,0,88,0.0
1788104866.48,0013,1,0,88,0.0
1788104866.49,0110,1,8,88,0.0
1788104866.51,001C,10,0,88,0.0
1788104866.53,010B,43,0,88,0.0
1788104866.54,001F,1,17,88,0.0
1788104866.57,0020,128,21,88,0.0
1788104866.58,0110,0,254,88,0.0
1788104866.61,0021,0,0,88,0.0
1788104866.64,002C,0,0,88,0.0
1788104866.67,002E,0,0,88,0.0
1788104866.68,0110,1,11,88,0.0
1788104866.70,0030,255,0,88,0.0
1788104866.73,003C,20,235,88,0.0
1788104866.74,010B,43,0,88,0.0
1788104866.76,0040,104,0,88,0.0
1788104866.78,0110,1,11,88,0.0
1788104866.80,0042,53,103,88,0.0
1788104866.83,0043,0,69,88,0.0
1788104866.83,010B,43,0,88,0.0
1788104866.86,0200,0,0,88,0.0
1788104866.89,0110,1,4,88,0.0
1788104866.90,0202,0,0,88,0.0
1788104866.93,0900,6,54,88,0.0
1788104866.93,010B,43,0,88,0.0
1788104866.96,0968,0,0,88,0.0
1788104866.98,0110,1,4,88,0.0
1788104867.00,096E,11,52,88,0.0
1788104867.03,097C,109,201,88,0.0
1788104867.03,010B,43,0,88,0.0
1788104867.06,098E,0,0,88,0.0
1788104867.08,0110,1,4,88,0.0
1788104867.09,1101,1,0,88,0.0
1788104867.12,1103,4,0,88,0.0
1788104867.13,010B,43,0,88,0.0
1788104867.16,1104,1,0,88,0.0
1788104867.19,0110,1,8,88,0.0
1788104867.22,114D,36,64,88,0.0
1788104867.23,010B,43,0,88,0.0
1788104867.25,1153,59,72,88,0.0
1788104867.29,1154,29,192,88,0.0
1788104867.32,1169,29,181,88,0.0
1788104867.33,010B,43,0,88,0.0
1788104867.35,1173,1,114,88,0.0
1788104867.38,1177,20,180,88,0.0
1788104867.38,0110,1,8,88,0.0
1788104867.39,0142,53,127,88,0.0
1788104867.41,1410,1,55,88,0.0
1788104867.43,010B,43,0,88,0.0
1788104867.44,1631,1,0,88,0.0
1788104867.48,1678,0,0,88,0.0
1788104867.48,0110,1,8,88,0.0
1788104867.52,1681,0,0,88,0.0
1788104867.54,010B,43,0,88,0.0
1788104867.55,16CD,0,0,88,0.0
1788104867.58,16CE,255,244,88,0.0
1788104867.58,0110,1,4,88,0.0
1788104867.61,16CF,12,245,88,0.0
1788104867.63,010B,43,0,88,0.0
1788104867.64,16E8,90,190,88,0.0
1788104867.68,16E9,0,118,88,0.0
1788104867.68,0110,1,1,88,0.0
1788104867.71,16F0,3,131,88,0.0
1788104867.74,1704,0,0,88,0.0
1788104867.77,1706,128,0,88,0.0
1788104867.78,0110,1,11,88,0.0
1788104867.81,1709,0,0,88,0.0
1788104867.84,1717,1,0,88,0.0
1788104867.87,1718,1,0,88,0.0
1788104867.88,0110,1,1,88,0.0
1788104867.90,1746,0,0,88,0.0
1788104867.94,1782,143,192,88,0.0
1788104867.97,1783,110,192,88,0.0
1788104867.98,0110,1,4,88,0.0
1788104868.00,17A0,32,0,88,0.0
1788104868.04,17A6,0,0,88,0.0
1788104868.07,17B0,18,0,88,0.0
1788104868.09,0110,0,254,88,0.0
1788104868.10,17B1,32,0,88,0.0
1788104868.13,17B2,4,0,88,0.0
1788104868.13,010B,43,0,88,0.0
1788104868.16,17B3,131,0,88,0.0
1788104868.18,0110,1,1,88,0.0
1788104868.20,17B5,80,0,88,0.0
1788104868.23,17B6,0,0,88,0.0
1788104868.23,010B,43,0,88,0.0
1788104868.26,17B8,239,0,88,0.0
1788104868.28,0110,1,4,88,0.0
1788104868.29,17BA,0,0,88,0.0
1788104868.33,17BB,0,0,88,0.0
1788104868.33,010B,43,0,88,0.0
1788104868.36,17BC,0,0,88,0.0
1788104868.38,0110,1,4,88,0.0
1788104868.39,17BD,59,0,88,0.0
1788104868.42,17BE,0,0,88,0.0
1788104868.44,010B,43,0,88,0.0
1788104868.45,17C1,234,0,88,0.0
1788104868.49,3201,23,112,88,0.0
1788104868.52,990A,45,0,88,0.0
1788104868.53,010B,43,0,88,0.0
1788104868.55,996E,13,32,88,0.0
1788104868.58,A211,0,0,88,0.0
1788104868.59,0110,1,4,88,0.0
1788104868.62,D100,129,0,88,0.0
1788104868.64,010B,43,0,88,0.0
1788104868.65,E21B,90,74,88,0.0
1788104868.69,E21C,49,56,88,0.0
1788104868.72,E21D,56,56,88,0.0
1788104868.73,010B,43,0,88,0.0
1788104868.75,E21E,70,0,88,0.0
1788104868.78,E6F0,90,74,88,0.0
1788104868.79,0110,1,4,88,0.0
1788104868.81,E6F2,240,0,88,0.0
1788104868.83,010B,43,0,88,0.0
1788104868.84,E6F3,240,0,88,0.0
1788104868.87,0105,128,0,88,0.0
1788104868.88,0110,0,254,88,0.0
1788104868.91,010F,97,0,88,0.0
1788104868.94,010B,43,0,88,0.0
1788104868.94,0110,1,1,88,0.0
1788104868.97,010B,43,0,88,0.0
1788104868.98,0110,1,1,88,0.0
1788104869.00,0106,127,0,88,0.0
1788104869.03,0107,134,0,88,0.0
1788104869.07,010E,142,0,88,0.0
1788104869.08,0110,1,1,88,0.0
1788104869.10,0142,53,133,88,0.0
1788104869.14,010B,43,0,88,0.0
1788104869.17,0002,0,0,88,0.0
1788104869.18,0110,1,8,88,0.0
1788104869.20,0003,2,0,88,0.0
1788104869.24,0005,128,0,88,0.0
1788104869.27,0006,125,0,88,0.0
1788104869.28,0110,1,1,88,0.0
1788104869.30,0007,134,0,88,0.0
1788104869.33,000B,43,0,88,0.0
1788104869.33,010B,43,0,88,0.0
1788104869.37,000C,11,30,88,0.0
1788104869.39,0110,1,4,88,0.0
1788104869.40,000D,0,0,88,0.0
1788104869.44,000E,143,0,88,0.0
1788104869.47,000F,97,0,88,0.0
1788104869.48,0110,1,1,88,0.0
1788104869.50,0010,1,4,88,0.0
1788104869.53,0011,30,0,88,0.0
1788104869.53,010B,43,0,88,0.0
1788104869.56,0013,1,0,88,0.0
1788104869.58,0110,1,8,88,0.0
1788104869.60,001C,10,0,88,0.0
1788104869.63,001F,1,20,88,0.0
1788104869.63,010B,43,0,88,0.0
1788104869.66,0020,128,21,88,0.0
1788104869.68,0110,1,1,88,0.0
1788104869.69,0021,0,0,88,0.0
1788104869.72,002C,0,0,88,0.0
1788104869.74,010B,43,0,88,0.0
1788104869.76,002E,0,0,88,0.0
1788104869.78,0110,1,1,88,0.0
1788104869.79,0030,255,0,88,0.0
1788104869.83,003C,20,237,88,0.0
1788104869.83,010B,43,0,88,0.0
1788104869.86,0040,104,0,88,0.0
1788104869.88,0110,1,1,88,0.0
1788104869.89,0042,53,143,88,0.0
1788104869.92,0043,0,70,88,0.0
1788104869.93,010B,43,0,88,0.0
1788104869.96,0200,0,0,88,0.0
1788104869.98,0110,0,254,88,0.0
1788104869.99,0202,0,0,88,0.0
1788104870.03,0900,6,59,88,0.0
1788104870.03,010B,43,0,88,0.0
1788104870.06,0968,0,0,88,0.0
1788104870.08,0110,1,4,88,0.0
1788104870.09,096E,11,3,88,0.0
1788104870.12,097C,109,202,88,0.0
1788104870.13,010B,43,0,88,0.0
1788104870.16,098E,0,0,88,0.0
1788104870.19,1101,1,0,88,0.0
1788104870.22,1103,4,0,88,0.0
1788104870.23,010B,43,0,88,0.0
1788104870.25,1104,1,0,88,0.0
1788104870.28,114A,49,64,88,0.0
1788104870.33,114D,36,64,88,0.0
1788104870.33,010B,43,0,88,0.0
1788104870.36,1153,57,204,88,0.0
1788104870.39,1154,29,192,88,0.0
1788104870.42,1169,29,181,88,0.0
1788104870.43,010B,43,0,88,0.0
1788104870.45,1173,0,205,88,0.0
1788104870.48,1177,20,120,88,0.0
1788104870.52,1410,1,55,88,0.0
1788104870.53,010B,43,0,88,0.0
1788104870.55,1631,1,0,88,0.0
1788104870.58,1678,0,0,88,0.0
1788104870.58,0110,1,4,88,0.0
1788104870.62,1681,0,0,88,0.0
1788104870.64,010B,43,0,88,0.0
1788104870.65,16CD,0,0,88,0.0
1788104870.69,16CE,255,246,88,0.0
1788104870.72,16CF,13,49,88,0.0
1788104870.73,010B,43,0,88,0.0
1788104870.75,16E8,90,119,88,0.0
1788104870.78,16E9,0,119,88,0.0
1788104870.78,0110,0,254,88,0.0
1788104870.81,16F0,3,131,88,0.0
1788104870.83,010B,43,0,88,0.0
1788104870.84,1704,0,0,88,0.0
1788104870.88,1706,128,0,88,0.0
1788104870.88,0110,0,254,88,0.0
1788104870.91,1709,0,0,88,0.0
1788104870.93,010B,43,0,88,0.0
1788104870.94,1717,1,0,88,0.0
1788104870.97,1718,1,0,88,0.0
1788104870.98,0110,0,251,88,0.0
1788104871.00,1746,0,0,88,0.0
1788104871.04,010B,43,0,88,0.0
1788104871.07,1783,110,192,88,0.0
1788104871.09,0110,0,248,88,0.0
1788104871.11,17A0,32,0,88,0.0
1788104871.14,17A6,0,0,88,0.0
1788104871.17,17B0,19,0,88,0.0
1788104871.19,0110,0,248,88,0.0
1788104871.20,17B1,32,0,88,0.0
1788104871.24,17B2,4,0,88,0.0
1788104871.27,17B3,131,0,88,0.0
1788104871.28,0110,1,8,88,0.0
1788104871.30,17B5,80,0,88,0.0
1788104871.33,17B6,0,0,88,0.0
1788104871.33,010B,43,0,88,0.0
1788104871.36,17B8,239,0,88,0.0
1788104871.39,0110,0,254,88,0.0
1788104871.40,17BA,0,0,88,0.0
1788104871.43,17BB,0,0,88,0.0
1788104871.43,010B,43,0,88,0.0
1788104871.46,17BC,0,0,88,0.0
1788104871.48,0110,1,1,88,0.0
1788104871.49,17BD,59,0,88,0.0
1788104871.52,17BE,0,0,88,0.0
1788104871.53,010B,43,0,88,0.0
1788104871.56,17C1,234,0,88,0.0
1788104871.58,0110,1,4,88,0.0
1788104871.60,3201,23,112,88,0.0
1788104871.63,990A,45,0,88,0.0
1788104871.63,010B,43,0,88,0.0
1788104871.66,996E,13,32,88,0.0
1788104871.69,0110,0,248,88,0.0
1788104871.69,A211,0,0,88,0.0
1788104871.72,D100,129,0,88,0.0
1788104871.73,010B,43,0,88,0.0
1788104871.76,E21B,90,74,88,0.0
1788104871.79,E21C,49,56,88,0.0
1788104871.82,E21D,56,56,88,0.0
1788104871.84,010B,43,0,88,0.0
1788104871.85,E21E,70,0,88,0.0
1788104871.88,E6F0,90,74,88,0.0
1788104871.92,E6F2,240,0,88,0.0
1788104871.93,010B,43,0,88,0.0
1788104871.95,E6F3,240,0,88,0.0
1788104871.98,0105,128,0,88,0.0
1788104871.98,0110,0,251,88,0.0
1788104872.01,010F,97,0,88,0.0
1788104872.03,010B,43,0,88,0.0
1788104872.04,0110,0,254,88,0.0
1788104872.08,010B,43,0,88,0.0
1788104872.08,0110,1,1,88,0.0
1788104872.11,0106,127,0,88,0.0
1788104872.13,010B,43,0,88,0.0
1788104872.14,0107,134,0,88,0.0
1788104872.17,010E,143,0,88,0.0
1788104872.18,0110,0,251,88,0.0
1788104872.21,0142,53,149,88,0.0
1788104872.23,010B,43,0,88,0.0
1788104872.24,0000,190,63,88,0.0
1788104872.28,0002,0,0,88,0.0
1788104872.28,0110,0,251,88,0.0
1788104872.31,0003,2,0,88,0.0
1788104872.34,010B,43,0,88,0.0
1788104872.34,0005,128,0,88,0.0
1788104872.37,0006,125,0,88,0.0
1788104872.38,0110,0,251,88,0.0
1788104872.40,0007,134,0,88,0.0
1788104872.44,000B,43,0,88,0.0
1788104872.47,000C,10,245,88,0.0
1788104872.48,0110,1,4,88,0.0
1788104872.51,000D,0,0,88,0.0
1788104872.54,000E,144,0,88,0.0
1788104872.57,000F,96,0,88,0.0
1788104872.58,0110,1,4,88,0.0
1788104872.60,0010,1,8,88,0.0
1788104872.64,0011,30,0,88,0.0
1788104872.67,0013,1,0,88,0.0
1788104872.68,0110,1,4,88,0.0
1788104872.70,001C,10,0,88,0.0
1788104872.73,001F,1,24,88,0.0
1788104872.73,010B,43,0,88,0.0
1788104872.76,0020,128,21,88,0.0
1788104872.78,0110,1,1,88,0.0
1788104872.80,0021,0,0,88,0.0
1788104872.83,002C,0,0,88,0.0
1788104872.83,010B,43,0,88,0.0
1788104872.87,002E,0,0,88,0.0
1788104872.88,0110,0,251,88,0.0
1788104872.90,0030,255,0,88,0.0
1788104872.93,003C,20,238,88,0.0
1788104872.93,010B,43,0,88,0.0
1788104872.96,0040,104,0,88,0.0
1788104872.98,0110,1,1,88,0.0
1788104873.00,0042,53,141,88,0.0
1788104873.03,0043,0,70,88,0.0
1788104873.03,010B,43,0,88,0.0
1788104873.06,0200,0,0,88,0.0
1788104873.08,0110,1,1,88,0.0
1788104873.09,0202,0,0,88,0.0
1788104873.12,0900,6,59,88,0.0
1788104873.13,010B,43,0,88,0.0
1788104873.16,0968,0,0,88,0.0
1788104873.18,0110,0,251,88,0.0
1788104873.19,096E,10,240,88,0.0
1788104873.22,097C,109,203,88,0.0
1788104873.23,010B,43,0,88,0.0
1788104873.25,098E,0,0,88,0.0
1788104873.29,1101,1,0,88,0.0
1788104873.32,1103,4,0,88,0.0
1788104873.34,010B,43,0,88,0.0
1788104873.36,1104,1,0,88,0.0
1788104873.39,114A,49,64,88,0.0
1788104873.42,114D,36,64,88,0.0
1788104873.43,010B,43,0,88,0.0
1788104873.45,1153,57,238,88,0.0
1788104873.48,1154,29,192,88,0.0
1788104873.52,1169,29,181,88,0.0
1788104873.53,010B,43,0,88,0.0
1788104873.55,1173,0,195,88,0.0
1788104873.58,1177,20,160,88,0.0
1788104873.58,0110,1,1,88,0.0
1788104873.61,1410,1,54,88,0.0
1788104873.63,010B,43,0,88,0.0
1788104873.64,1631,1,0,88,0.0
1788104873.68,1678,0,0,88,0.0
1788104873.68,0110,1,1,88,0.0
1788104873.72,1681,0,0,88,0.0
1788104873.74,010B,43,0,88,0.0
1788104873.75,16CD,0,0,88,0.0
1788104873.78,16CE,255,247,88,0.0
1788104873.78,0110,0,254,88,0.0
1788104873.81,16CF,12,241,88,0.0
1788104873.83,010B,43,0,88,0.0
1788104873.84,16E8,88,205,88,0.0
1788104873.88,16E9,0,118,88,0.0
1788104873.88,0110,1,1,88,0.0
1788104873.91,16F0,3,131,88,0.0
1788104873.93,010B,43,0,88,0.0
1788104873.94,1704,0,0,88,0.0
1788104873.97,1706,128,0,88,0.0
1788104873.98,0110,0,254,88,0.0
1788104874.00,1709,0,0,88,0.0
1788104874.04,1717,1,0,88,0.0
1788104874.07,1718,1,0,88,0.0
1788104874.08,0110,0,248,88,0.0
1788104874.10,1746,0,0,88,0.0
1788104874.13,1782,143,128,88,0.0
1788104874.13,010B,43,0,88,0.0
1788104874.16,1783,110,192,88,0.0
1788104874.18,0110,1,1,88,0.0
1788104874.20,17A0,33,0,88,0.0
1788104874.24,17A6,0,0,88,0.0
1788104874.27,17B0,19,0,88,0.0
1788104874.28,0110,0,254,88,0.0
1788104874.30,17B1,32,0,88,0.0
1788104874.33,17B2,4,0,88,0.0
1788104874.33,010B,43,0,88,0.0
1788104874.36,17B3,131,0,88,0.0
1788104874.38,0110,0,245,88,0.0
1788104874.38,0142,53,147,88,0.0
1788104874.40,17B5,80,0,88,0.0
1788104874.43,17B6,0,0,88,0.0
1788104874.43,010B,43,0,88,0.0
1788104874.46,17B8,239,0,88,0.0
1788104874.48,0110,0,251,88,0.0
1788104874.49,17BA,0,0,88,0.0
1788104874.53,17BB,0,0,88,0.0
1788104874.53,010B,43,0,88,0.0
1788104874.56,17BC,0,0,88,0.0
1788104874.58,0110,1,4,88,0.0
1788104874.60,17BD,59,0,88,0.0
1788104874.63,17BE,0,0,88,0.0
1788104874.63,010B,43,0,88,0.0
1788104874.66,17C1,234,0,88,0.0
1788104874.68,0110,0,254,88,0.0
1788104874.69,3201,23,112,88,0.0
1788104874.72,990A,44,0,88,0.0
1788104874.73,010B,43,0,88,0.0
1788104874.76,996E,13,72,88,0.0
1788104874.79,A211,0,0,88,0.0
1788104874.82,D100,129,0,88,0.0
1788104874.83,010B,43,0,88,0.0
1788104874.85,E21B,90,74,88,0.0
1788104874.88,E21C,49,56,88,0.0
1788104874.92,E21D,56,56,88,0.0
1788104874.93,010B,43,0,88,0.0
1788104874.95,E21E,70,0,88,0.0
1788104874.98,E6F0,90,74,88,0.0
1788104874.98,0110,0,251,88,0.0
1788104875.02,E6F2,240,0,88,0.0
1788104875.04,010B,43,0,88,0.0
1788104875.05,E6F3,240,0,88,0.0
1788104875.08,0105,128,0,88,0.0
1788104875.08,0110,1,1,88,0.0
1788104875.11,010F,96,0,88,0.0
1788104875.13,010B,43,0,88,0.0
1788104875.14,0110,0,245,88,0.0
1788104875.18,010B,43,0,88,0.0
1788104875.18,0110,0,254,88,0.0
1788104875.21,0106,126,0,88,0.0
1788104875.23,010B,43,0,88,0.0
1788104875.24,0107,131,0,88,0.0
1788104875.27,010E,142,0,88,0.0
1788104875.28,0110,0,251,88,0.0
1788104875.31,0142,53,127,88,0.0
1788104875.34,010B,43,0,88,0.0
1788104875.34,0000,190,63,88,0.0
1788104875.38,0002,0,0,88,0.0
1788104875.38,0110,0,254,88,0.0
1788104875.39,17B3,131,0,88,0.0
1788104875.41,0003,2,0,88,0.0
1788104875.43,010B,43,0,88,0.0
1788104875.44,0005,128,0,88,0.0
1788104875.48,0006,128,0,88,0.0
1788104875.48,0110,0,254,88,0.0
1788104875.52,0007,131,0,88,0.0
1788104875.53,010B,43,0,88,0.0
1788104875.55,000B,43,0,88,0.0
1788104875.58,000C,10,242,88,0.0
1788104875.58,0110,0,254,88,0.0
1788104875.61,000D,0,0,88,0.0
1788104875.63,010B,43,0,88,0.0
1788104875.64,000E,145,0,88,0.0
1788104875.68,000F,96,0,88,0.0
1788104875.68,0110,0,254,88,0.0
1788104875.71,0010,0,254,88,0.0
1788104875.73,010B,43,0,88,0.0
1788104875.74,0011,30,0,88,0.0
1788104875.77,0013,1,0,88,0.0
1788104875.78,0110,0,251,88,0.0
1788104875.80,001C,10,0,88,0.0
1788104875.83,010B,43,0,88,0.0
1788104875.84,001F,1,27,88,0.0
1788104875.88,0020,128,21,88,0.0
1788104875.88,0110,1,1,88,0.0
1788104875.91,0021,0,0,88,0.0
1788104875.93,010B,43,0,88,0.0
1788104875.97,002E,27,0,88,0.0
1788104875.98,0110,0,254,88,0.0
1788104876.00,0030,255,0,88,0.0
1788104876.04,003C,20,239,88,0.0
1788104876.07,0040,104,0,88,0.0
1788104876.08,0110,0,254,88,0.0
1788104876.10,0042,53,145,88,0.0
1788104876.13,0043,0,70,88,0.0
1788104876.14,010B,43,0,88,0.0
1788104876.17,0200,0,0,88,0.0
1788104876.18,0110,0,251,88,0.0
1788104876.20,0202,0,0,88,0.0
1788104876.24,0900,6,64,88,0.0
1788104876.27,0968,0,0,88,0.0
1788104876.28,0110,1,4,88,0.0
1788104876.30,096E,10,240,88,0.0
1788104876.33,097C,109,211,88,0.0
1788104876.33,010B,43,0,88,0.0
1788104876.36,098E,0,0,88,0.0
1788104876.38,0110,1,1,88,0.0
1788104876.40,1101,1,0,88,0.0
1788104876.43,1103,4,0,88,0.0
1788104876.43,010B,43,0,88,0.0
1788104876.46,1104,1,0,88,0.0
1788104876.48,0110,0,248,88,0.0
1788104876.49,114A,49,128,88,0.0
1788104876.52,114D,36,64,88,0.0
1788104876.53,010B,44,0,88,0.0
1788104876.56,1153,57,101,88,0.0
1788104876.58,0110,0,254,88,0.0
1788104876.60,1154,29,192,88,0.0
1788104876.63,1169,29,181,88,0.0
1788104876.63,010B,43,0,88,0.0
1788104876.66,1173,0,80,88,0.0
1788104876.68,0110,0,254,88,0.0
1788104876.69,1177,20,120,88,0.0
1788104876.72,1410,1,59,88,0.0
1788104876.73,010B,43,0,88,0.0
1788104876.76,1631,1,0,88,0.0
1788104876.79,1678,0,0,88,0.0
1788104876.82,1681,0,0,88,0.0
1788104876.83,010B,44,0,88,0.0
1788104876.85,16CD,0,0,88,0.0
1788104876.88,16CE,255,244,88,0.0
1788104876.92,16CF,13,34,88,0.0
1788104876.93,010B,43,0,88,0.0
1788104876.96,16E8,91,167,88,0.0
1788104876.99,16E9,0,118,88,0.0
1788104877.02,16F0,3,131,88,0.0
1788104877.03,010B,43,0,88,0.0
1788104877.05,1704,0,0,88,0.0
1788104877.08,1706,128,0,88,0.0
1788104877.12,1709,0,0,88,0.0
1788104877.13,010B,43,0,88,0.0
1788104877.15,1717,1,0,88,0.0
1788104877.18,1718,1,0,88,0.0
1788104877.18,0110,1,4,88,0.0
1788104877.21,1746,0,0,88,0.0
1788104877.23,010B,43,0,88,0.0
1788104877.24,1782,143,128,88,0.0
1788104877.28,1783,110,192,88,0.0
1788104877.28,0110,0,254,88,0.0
1788104877.31,17A0,32,0,88,0.0
1788104877.34,010B,43,0,88,0.0
1788104877.34,17A6,0,0,88,0.0
1788104877.37,17B0,18,0,88,0.0
1788104877.38,0110,0,254,88,0.0
1788104877.39,17B3,131,0,88,0.0
1788104877.40,17B1,32,0,88,0.0
1788104877.43,010B,43,0,88,0.0
1788104877.44,17B2,4,0,88,0.0
1788104877.48,17B3,131,0,88,0.0
1788104877.49,0110,0,251,88,0.0
1788104877.51,17B5,80,0,88,0.0
1788104877.54,17B6,0,0,88,0.0
1788104877.57,17B8,239,0,88,0.0
1788104877.58,0110,0,248,88,0.0
1788104877.60,17BA,0,0,88,0.0
1788104877.64,17BB,0,0,88,0.0
1788104877.67,17BC,0,0,88,0.0
1788104877.68,0110,1,1,88,0.0
1788104877.70,17BD,59,0,88,0.0
1788104877.73,17BE,0,0,88,0.0
1788104877.73,010B,43,0,88,0.0
1788104877.76,17C1,234,0,88,0.0
1788104877.78,0110,0,248,88,0.0
1788104877.80,3201,23,112,88,0.0
1788104877.83,990A,44,0,88,0.0
1788104877.83,010B,43,0,88,0.0
1788104877.86,996E,13,92,88,0.0
1788104877.88,0110,0,251,88,0.0
1788104877.89,A211,0,0,88,0.0
1788104877.92,D100,129,0,88,0.0
1788104877.93,010B,43,0,88,0.0
1788104877.96,E21B,90,74,88,0.0
1788104877.99,0110,0,251,88,0.0
1788104877.99,E21C,49,56,88,0.0
1788104878.03,E21D,56,56,88,0.0
1788104878.03,010B,43,0,88,0.0
1788104878.06,E21E,70,0,88,0.0
1788104878.08,0110,1,4,88,0.0
1788104878.09,E6F0,90,74,88,0.0
1788104878.12,E6F2,240,0,88,0.0
1788104878.13,010B,43,0,88,0.0
1788104878.16,E6F3,240,0,88,0.0
1788104878.18,0105,128,0,88,0.0
1788104878.22,010F,96,0,88,0.0
1788104878.23,010B,43,0,88,0.0
1788104878.25,0110,1,1,88,0.0
1788104878.28,010B,43,0,88,0.0
1788104878.28,0110,1,4,88,0.0
1788104878.31,0106,130,0,88,0.0
1788104878.33,010B,43,0,88,0.0
1788104878.35,0107,131,0,88,0.0
1788104878.38,010E,142,0,88,0.0
1788104878.38,0110,1,4,88,0.0
1788104878.41,0142,53,150,88,0.0
1788104878.43,010B,43,0,88,0.0
1788104878.45,0000,190,63,88,0.0
1788104878.48,0002,0,0,88,0.0
1788104878.48,0110,1,1,88,0.0
1788104878.52,0003,2,0,88,0.0
1788104878.53,010B,43,0,88,0.0
1788104878.55,0005,128,0,88,0.0
1788104878.58,0006,131,0,88,0.0
1788104878.58,0110,1,1,88,0.0
1788104878.61,0007,131,0,88,0.0
1788104878.64,010B,43,0,88,0.0
1788104878.65,000B,43,0,88,0.0
1788104878.68,000C,11,10,88,0.0
1788104878.72,000D,0,0,88,0.0
1788104878.73,010B,43,0,88,0.0
1788104878.75,000E,141,0,88,0.0
1788104878.78,000F,96,0,88,0.0
1788104878.78,0110,0,254,88,0.0
1788104878.81,0010,0,254,88,0.0
1788104878.83,010B,43,0,88,0.0
1788104878.84,0011,30,0,88,0.0
1788104878.88,0013,1,0,88,0.0
1788104878.88,0110,0,254,88,0.0
1788104878.91,001C,10,0,88,0.0
1788104878.93,010B,43,0,88,0.0
1788104878.94,001F,1,30,88,0.0
1788104878.97,0020,128,21,88,0.0
1788104878.98,0110,0,248,88,0.0
1788104879.00,0021,0,0,88,0.0
1788104879.04,010B,43,0,88,0.0
1788104879.08,002E,31,0,88,0.0
1788104879.08,0110,1,1,88,0.0
1788104879.11,0030,255,0,88,0.0
1788104879.14,003C,20,240,88,0.0
1788104879.17,0040,104,0,88,0.0
1788104879.18,0110,0,254,88,0.0
1788104879.20,0042,53,154,88,0.0
1788104879.24,0043,0,69,88,0.0
1788104879.27,0200,0,0,88,0.0
1788104879.28,0110,0,251,88,0.0
1788104879.30,0202,0,0,88,0.0
1788104879.33,0900,6,59,88,0.0
1788104879.33,010B,43,0,88,0.0
1788104879.36,0968,0,0,88,0.0
1788104879.38,0110,1,1,88,0.0
1788104879.39,17B3,131,0,88,0.0
1788104879.40,096E,10,240,88,0.0
1788104879.43,097C,109,212,88,0.0
1788104879.43,010B,43,0,88,0.0
1788104879.47,098E,0,0,88,0.0
1788104879.48,0110,0,254,88,0.0
1788104879.49,1101,1,0,88,0.0
1788104879.53,1103,4,0,88,0.0
1788104879.53,010B,43,0,88,0.0
1788104879.56,1104,1,0,88,0.0
1788104879.58,0110,0,251,88,0.0
1788104879.60,114A,49,128,88,0.0
1788104879.63,114D,36,64,88,0.0
1788104879.63,010B,43,0,88,0.0
1788104879.66,1153,58,6,88,0.0
1788104879.68,0110,0,251,88,0.0
1788104879.69,1154,29,192,88,0.0
1788104879.72,1169,29,181,88,0.0
1788104879.73,010B,43,0,88,0.0
1788104879.76,1173,3,27,88,0.0
1788104879.79,1177,20,140,88,0.0
1788104879.82,1410,1,58,88,0.0
1788104879.83,010B,43,0,88,0.0
1788104879.85,1631,1,0,88,0.0
1788104879.88,1678,0,0,88,0.0
1788104879.89,0110,0,254,88,0.0
1788104879.92,1681,0,0,88,0.0
1788104879.93,010B,43,0,88,0.0
1788104879.95,16CD,0,0,88,0.0
1788104879.98,16CE,255,246,88,0.0
1788104879.98,0110,1,1,88,0.0
1788104880.01,16CF,13,70,88,0.0
1788104880.04,010B,43,0,88,0.0
1788104880.05,16E8,87,84,88,0.0
1788104880.08,16E9,0,118,88,0.0
1788104880.12,16F0,3,131,88,0.0
1788104880.13,010B,43,0,88,0.0
1788104880.15,1704,0,0,88,0.0
1788104880.18,1706,128,0,88,0.0
1788104880.18,0110,0,254,88,0.0
1788104880.21,1709,0,0,88,0.0
1788104880.23,010B,43,0,88,0.0
1788104880.24,1717,1,0,88,0.0
1788104880.28,1718,1,0,88,0.0
1788104880.28,0110,0,251,88,0.0
1788104880.31,1746,0,0,88,0.0
1788104880.34,010B,43,0,88,0.0
1788104880.34,1782,143,128,88,0.0
1788104880.38,1783,110,192,88,0.0
1788104880.38,0110,0,251,88,0.0
1788104880.41,17A0,32,0,88,0.0
1788104880.43,010B,43,0,88,0.0
1788104880.44,17A6,0,0,88,0.0
1788104880.48,17B0,18,0,88,0.0
1788104880.48,0110,0,254,88,0.0
1788104880.51,17B1,32,0,88,0.0
1788104880.53,010B,43,0,88,0.0
1788104880.54,17B2,4,0,88,0.0
1788104880.57,17B3,131,0,88,0.0
1788104880.58,0110,1,4,88,0.0
1788104880.60,17B5,80,0,88,0.0
1788104880.64,17B6,0,0,88,0.0
1788104880.67,17B8,239,0,88,0.0
1788104880.68,0110,0,254,88,0.0
1788104880.70,17BA,0,0,88,0.0
1788104880.73,17BB,0,0,88,0.0
1788104880.73,010B,43,0,88,0.0
1788104880.77,17BC,0,0,88,0.0
1788104880.78,0110,0,254,88,0.0
1788104880.80,17BD,59,0,88,0.0
1788104880.83,17BE,0,0,88,0.0
1788104880.87,17C1,234,0,88,0.0
1788104880.88,0110,0,248,88,0.0
1788104880.90,3201,23,112,88,0.0
1788104880.93,990A,43,0,88,0.0
1788104880.93,010B,43,0,88,0.0
1788104880.96,996E,13,112,88,0.0
1788104880.98,0110,0,251,88,0.0
1788104880.99,A211,0,0,88,0.0
1788104881.03,D100,129,0,88,0.0
1788104881.03,010B,43,0,88,0.0
1788104881.06,E21B,90,74,88,0.0
1788104881.08,0110,0,248,88,0.0
1788104881.09,E21C,49,56,88,0.0
1788104881.12,E21D,56,56,88,0.0
1788104881.13,010B,44,0,88,0.0
1788104881.15,E21E,70,0,88,0.0
1788104881.18,0110,1,1,88,0.0
1788104881.22,E6F2,240,0,88,0.0
1788104881.23,010B,44,0,88,0.0
1788104881.25,E6F3,240,0,88,0.0
1788104881.28,0105,128,0,88,0.0
1788104881.28,0110,0,254,88,0.0
1788104881.31,010F,96,0,88,0.0
1788104881.33,010B,43,0,88,0.0
1788104881.35,0110,0,254,88,0.0
1788104881.38,010B,43,0,88,0.0
1788104881.39,0110,0,254,88,0.0
1788104881.39,17B3,131,0,88,0.0
1788104881.41,0106,128,0,88,0.0
1788104881.43,010B,44,0,88,0.0
1788104881.44,0107,131,0,88,0.0
1788104881.48,010E,144,0,88,0.0
1788104881.48,0110,1,1,88,0.0
1788104881.51,0142,53,149,88,0.0
1788104881.53,010B,44,0,88,0.0
1788104881.55,0000,190,63,88,0.0
1788104881.58,0002,0,0,88,0.0
1788104881.59,0110,0,251,88,0.0
1788104881.61,0003,2,0,88,0.0
1788104881.63,010B,43,0,88,0.0
1788104881.64,0005,128,0,88,0.0
1788104881.67,0006,129,0,88,0.0
1788104881.68,0110,0,251,88,0.0
1788104881.71,0007,131,0,88,0.0
1788104881.73,010B,44,0,88,0.0
1788104881.74,000B,43,0,88,0.0
1788104881.77,000C,11,7,88,0.0
1788104881.78,0110,0,254,88,0.0
1788104881.80,000D,0,0,88,0.0
1788104881.83,000E,143,0,88,0.0
1788104881.87,000F,96,0,88,0.0
1788104881.89,0110,0,248,88,0.0
1788104881.91,0010,1,1,88,0.0
1788104881.93,0011,30,0,88,0.0
1788104881.94,010B,43,0,88,0.0
1788104881.96,0013,1,0,88,0.0
1788104881.99,0110,0,248,88,0.0
1788104882.00,001C,10,0,88,0.0
1788104882.03,001F,1,33,88,0.0
1788104882.07,0020,128,21,88,0.0
1788104882.08,0110,0,254,88,0.0
1788104882.10,0021,0,0,88,0.0
1788104882.13,002C,0,0,88,0.0
1788104882.13,010B,43,0,88,0.0
1788104882.16,002E,31,0,88,0.0
1788104882.19,0110,0,248,88,0.0
1788104882.19,0030,255,0,88,0.0
1788104882.23,003C,20,241,88,0.0
1788104882.23,010B,43,0,88,0.0
1788104882.26,0040,104,0,88,0.0
1788104882.28,0110,0,254,88,0.0
1788104882.29,0042,53,131,88,0.0
1788104882.32,0043,0,69,88,0.0
1788104882.34,010B,43,0,88,0.0
1788104882.36,0200,0,0,88,0.0
1788104882.39,0202,0,0,88,0.0
1788104882.42,0900,6,64,88,0.0
1788104882.43,010B,43,0,88,0.0
1788104882.45,0968,0,0,88,0.0
1788104882.48,096E,10,240,88,0.0
1788104882.48,0110,0,245,88,0.0
1788104882.52,097C,109,214,88,0.0
1788104882.53,010B,43,0,88,0.0
1788104882.55,098E,0,0,88,0.0
1788104882.59,1101,1,0,88,0.0
1788104882.62,1103,4,0,88,0.0
1788104882.63,010B,43,0,88,0.0
1788104882.65,1104,1,0,88,0.0
1788104882.68,114A,49,128,88,0.0
1788104882.68,0110,0,254,88,0.0
1788104882.71,114D,36,64,88,0.0
1788104882.73,010B,43,0,88,0.0
1788104882.75,1153,58,24,88,0.0
1788104882.78,1154,29,192,88,0.0
1788104882.78,0110,0,254,88,0.0
1788104882.81,1169,29,181,88,0.0
1788104882.83,010B,43,0,88,0.0
1788104882.84,1173,0,120,88,0.0
1788104882.87,1177,20,140,88,0.0
1788104882.88,0110,1,1,88,0.0
1788104882.91,1410,1,60,88,0.0
1788104882.94,1631,1,0,88,0.0
1788104882.97,1678,0,0,88,0.0
1788104882.98,0110,0,254,88,0.0
1788104883.00,1681,0,0,88,0.0
1788104883.03,16CD,0,0,88,0.0
1788104883.07,16CE,255,247,88,0.0
1788104883.08,0110,1,8,88,0.0
1788104883.11,16CF,12,247,88,0.0
1788104883.14,16E8,79,243,88,0.0
1788104883.17,16E9,0,118,88,0.0
1788104883.18,0110,1,1,88,0.0
1788104883.20,16F0,3,131,88,0.0
1788104883.24,1704,0,0,88,0.0
1788104883.27,1706,128,0,88,0.0
1788104883.28,0110,1,1,88,0.0
1788104883.30,1709,0,0,88,0.0
1788104883.33,1717,1,0,88,0.0
1788104883.33,010B,43,0,88,0.0
1788104883.36,1718,1,0,88,0.0
1788104883.38,0110,0,251,88,0.0
1788104883.39,17B3,131,0,88,0.0
1788104883.39,1746,0,0,88,0.0
1788104883.43,1782,143,128,88,0.0
1788104883.43,010B,43,0,88,0.0
1788104883.47,1783,110,192,88,0.0
1788104883.48,0110,0,254,88,0.0
1788104883.50,17A0,32,0,88,0.0
1788104883.53,17A6,0,0,88,0.0
1788104883.53,010B,43,0,88,0.0
1788104883.56,17B0,19,0,88,0.0
1788104883.58,0110,0,251,88,0.0
1788104883.59,17B1,32,0,88,0.0
1788104883.63,17B2,4,0,88,0.0
1788104883.63,010B,43,0,88,0.0
1788104883.66,17B3,131,0,88,0.0
1788104883.68,0110,0,245,88,0.0
1788104883.69,17B5,80,0,88,0.0
1788104883.73,17B6,0,0,88,0.0
1788104883.73,010B,43,0,88,0.0
1788104883.76,17B8,239,0,88,0.0
1788104883.78,0110,0,254,88,0.0
1788104883.79,17BA,0,0,88,0.0
1788104883.83,17BB,0,0,88,0.0
1788104883.83,010B,43,0,88,0.0
1788104883.86,17BC,0,0,88,0.0
1788104883.88,0110,0,251,88,0.0
1788104883.89,17BD,59,0,88,0.0
1788104883.92,17BE,0,0,88,0.0
1788104883.93,010B,43,0,88,0.0
1788104883.95,17C1,234,0,88,0.0
1788104883.99,3201,23,112,88,0.0
1788104884.02,990A,43,0,88,0.0
1788104884.03,010B,43,0,88,0.0
1788104884.05,996E,13,112,88,0.0
1788104884.08,A211,0,0,88,0.0
1788104884.08,0110,0,251,88,0.0
1788104884.11,D100,129,0,88,0.0
1788104884.13,010B,43,0,88,0.0
1788104884.15,E21B,90,74,88,0.0
1788104884.19,E21C,49,56,88,0.0
1788104884.22,E21D,56,56,88,0.0
1788104884.23,010B,43,0,88,0.0
1788104884.25,E21E,70,0,88,0.0
1788104884.28,E6F0,90,74,88,0.0
1788104884.28,0110,0,251,88,0.0
1788104884.31,E6F2,240,0,88,0.0
1788104884.33,010B,43,0,88,0.0
1788104884.35,E6F3,240,0,88,0.0
1788104884.37,0105,128,0,88,0.0
1788104884.38,0110,1,1,88,0.0
1788104884.41,010F,96,0,88,0.0
1788104884.43,010B,43,0,88,0.0
1788104884.44,0110,0,254,88,0.0
1788104884.47,010B,43,0,88,0.0
1788104884.48,0110,0,251,88,0.0
1788104884.50,0106,129,0,88,0.0
1788104884.53,010B,43,0,88,0.0
1788104884.53,0107,131,0,88,0.0
1788104884.57,010E,144,0,88,0.0
1788104884.59,0110,1,4,88,0.0
1788104884.60,0142,53,144,88,0.0
1788104884.63,0000,190,63,88,0.0
1788104884.67,0002,0,0,88,0.0
1788104884.68,0110,0,254,88,0.0
1788104884.71,0003,2,0,88,0.0
1788104884.74,0005,128,0,88,0.0
1788104884.77,0006,128,0,88,0.0
1788104884.78,0110,0,245,88,0.0
1788104884.80,0007,131,0,88,0.0
1788104884.83,000B,43,0,88,0.0
1788104884.87,000C,10,244,88,0.0
1788104884.88,0110,0,251,88,0.0
1788104884.90,000D,0,0,88,0.0
1788104884.93,000E,144,0,88,0.0
1788104884.93,010B,43,0,88,0.0
1788104884.96,000F,96,0,88,0.0
1788104884.98,0110,1,1,88,0.0
1788104884.99,0010,1,1,88,0.0
1788104885.03,0011,30,0,88,0.0
1788104885.03,010B,43,0,88,0.0
1788104885.06,0013,1,0,88,0.0
1788104885.08,0110,0,251,88,0.0
1788104885.09,001C,10,0,88,0.0
1788104885.12,001F,1,36,88,0.0
1788104885.13,010B,44,0,88,0.0
1788104885.15,0020,128,21,88,0.0
1788104885.19,0021,0,0,88,0.0
1788104885.22,002C,0,0,88,0.0
1788104885.23,010B,44,0,88,0.0
1788104885.25,002E,35,0,88,0.0
1788104885.28,0030,255,0,88,0.0
1788104885.28,0110,0,248,88,0.0
1788104885.31,003C,20,242,88,0.0
1788104885.33,010B,43,0,88,0.0
1788104885.35,0040,104,0,88,0.0
1788104885.39,0042,53,150,88,0.0
1788104885.42,0043,0,69,88,0.0
1788104885.43,010B,44,0,88,0.0
1788104885.45,0200,0,0,88,0.0
1788104885.48,0202,0,0,88,0.0
1788104885.48,0110,1,1,88,0.0
1788104885.51,0900,6,69,88,0.0
1788104885.53,010B,44,0,88,0.0
1788104885.55,0968,0,0,88,0.0
1788104885.58,096E,10,240,88,0.0
1788104885.58,0110,0,248,88,0.0
1788104885.61,097C,109,215,88,0.0
1788104885.63,010B,44,0,88,0.0
1788104885.64,098E,0,0,88,0.0
1788104885.67,1101,1,0,88,0.0
1788104885.68,0110,0,248,88,0.0
1788104885.71,1103,4,0,88,0.0
1788104885.73,010B,44,0,88,0.0
1788104885.74,1104,1,0,88,0.0
1788104885.77,114A,49,128,88,0.0
1788104885.78,0110,0,251,88,0.0
1788104885.80,114D,36,64,88,0.0
1788104885.83,1153,58,95,88,0.0
1788104885.87,1154,29,192,88,0.0
1788104885.88,0110,0,251,88,0.0
1788104885.90,1169,29,181,88,0.0
1788104885.93,1173,0,75,88,0.0
1788104885.93,010B,44,0,88,0.0
1788104885.96,1177,20,120,88,0.0
1788104885.98,0110,0,248,88,0.0
1788104885.99,1410,1,60,88,0.0
1788104886.03,1631,1,0,88,0.0
1788104886.03,010B,44,0,88,0.0
1788104886.06,1678,0,0,88,0.0
1788104886.08,0110,0,251,88,0.0
1788104886.09,1681,0,0,88,0.0
1788104886.13,16CD,0,0,88,0.0
1788104886.13,010B,44,0,88,0.0
1788104886.16,16CE,255,246,88,0.0
1788104886.18,0110,0,248,88,0.0
1788104886.19,16CF,13,78,88,0.0
1788104886.23,16E8,88,22,88,0.0
1788104886.23,010B,44,0,88,0.0
1788104886.26,16E9,0,118,88,0.0
1788104886.28,0110,0,251,88,0.0
1788104886.29,16F0,3,131,88,0.0
1788104886.32,1704,0,0,88,0.0
1788104886.33,010B,44,0,88,0.0
1788104886.35,1706,128,0,88,0.0
1788104886.39,1709,0,0,88,0.0
1788104886.42,1717,1,0,88,0.0
1788104886.43,010B,44,0,88,0.0
1788104886.45,1718,1,0,88,0.0
1788104886.48,1746,0,0,88,0.0
1788104886.48,0110,0,251,88,0.0
1788104886.51,1782,143,128,88,0.0
1788104886.53,010B,44,0,88,0.0
1788104886.55,1783,110,192,88,0.0
1788104886.59,17A0,32,0,88,0.0
1788104886.62,17A6,0,0,88,0.0
1788104886.63,010B,44,0,88,0.0
1788104886.65,17B0,18,0,88,0.0
1788104886.68,17B1,32,0,88,0.0
1788104886.68,0110,0,254,88,0.0
1788104886.71,17B2,4,0,88,0.0
1788104886.73,010B,44,0,88,0.0
1788104886.75,17B3,131,0,88,0.0
1788104886.78,17B5,80,0,88,0.0
1788104886.78,0110,0,248,88,0.0
1788104886.81,17B6,0,0,88,0.0
1788104886.83,010B,43,0,88,0.0
1788104886.84,17B8,239,0,88,0.0
1788104886.87,17BA,0,0,88,0.0
1788104886.88,0110,0,254,88,0.0
1788104886.91,17BB,0,0,88,0.0
1788104886.93,010B,44,0,88,0.0
1788104886.94,17BC,0,0,88,0.0
1788104886.97,17BD,59,0,88,0.0
1788104886.98,0110,0,254,88,0.0
1788104887.00,17BE,0,0,88,0.0
1788104887.03,17C1,234,0,88,0.0
1788104887.07,3201,23,112,88,0.0
1788104887.08,0110,0,251,88,0.0
1788104887.11,990A,43,0,88,0.0
1788104887.14,996E,13,112,88,0.0
1788104887.17,A211,0,0,88,0.0
1788104887.18,0110,1,1,88,0.0
1788104887.20,D100,129,0,88,0.0
1788104887.23,E21B,90,74,88,0.0
1788104887.24,010B,44,0,88,0.0
1788104887.27,E21C,49,56,88,0.0
1788104887.28,0110,0,254,88,0.0
1788104887.30,E21D,56,56,88,0.0
1788104887.33,E21E,70,0,88,0.0
1788104887.34,010B,43,0,88,0.0
1788104887.37,E6F0,90,74,88,0.0
1788104887.38,0110,0,251,88,0.0
1788104887.39,17B3,131,0,88,0.0
1788104887.40,E6F2,240,0,88,0.0
1788104887.43,E6F3,240,0,88,0.0
1788104887.46,0105,128,0,88,0.0
1788104887.48,0110,1,4,88,0.0
1788104887.49,010F,96,0,88,0.0
1788104887.52,0110,1,1,88,0.0
1788104887.53,010B,43,0,88,0.0
1788104887.56,010B,43,0,88,0.0
1788104887.59,0110,1,1,88,0.0
1788104887.59,0106,129,0,88,0.0
1788104887.62,0107,131,0,88,0.0
1788104887.64,010B,43,0,88,0.0
1788104887.65,010E,141,0,88,0.0
1788104887.68,0110,0,248,88,0.0
1788104887.69,0142,53,157,88,0.0
1788104887.72,0000,190,63,88,0.0
1788104887.73,010B,43,0,88,0.0
1788104887.75,0002,0,0,88,0.0
1788104887.78,0110,1,1,88,0.0
1788104887.83,0005,128,0,88,0.0
1788104887.83,010B,43,0,88,0.0
1788104887.86,0006,129,0,88,0.0
1788104887.89,0007,131,0,88,0.0
1788104887.92,000B,43,0,88,0.0
1788104887.93,010B,43,0,88,0.0
1788104887.95,000C,11,6,88,0.0
1788104887.99,000D,0,0,88,0.0
1788104888.02,000E,142,0,88,0.0
1788104888.03,010B,43,0,88,0.0
1788104888.05,000F,96,0,88,0.0
1788104888.08,0010,0,251,88,0.0
1788104888.08,0110,0,251,88,0.0
1788104888.12,0011,30,0,88,0.0
1788104888.13,010B,43,0,88,0.0
1788104888.15,0013,1,0,88,0.0
1788104888.19,001C,10,0,88,0.0
1788104888.22,001F,1,40,88,0.0
1788104888.23,010B,43,0,88,0.0
1788104888.25,0020,128,21,88,0.0
1788104888.28,0021,0,0,88,0.0
1788104888.28,0110,1,1,88,0.0
1788104888.31,002C,0,0,88,0.0
1788104888.34,010B,43,0,88,0.0
1788104888.35,002E,35,0,88,0.0
1788104888.39,0030,255,0,88,0.0
1788104888.42,003C,20,243,88,0.0
1788104888.43,010B,43,0,88,0.0
1788104888.45,0040,104,0,88,0.0
1788104888.48,0042,53,153,88,0.0
1788104888.48,0110,0,245,88,0.0
1788104888.51,0043,0,70,88,0.0
1788104888.53,010B,43,0,88,0.0
1788104888.55,0200,0,0,88,0.0
1788104888.58,0202,0,0,88,0.0
1788104888.58,0110,0,251,88,0.0
1788104888.61,0900,6,64,88,0.0
1788104888.63,010B,43,0,88,0.0
1788104888.64,0968,0,0,88,0.0
1788104888.67,096E,10,240,88,0.0
1788104888.68,0110,0,254,88,0.0
1788104888.71,097C,109,223,88,0.0
1788104888.73,010B,43,0,88,0.0
1788104888.74,098E,0,0,88,0.0
1788104888.77,1101,1,0,88,0.0
1788104888.78,0110,1,1,88,0.0
1788104888.80,1103,4,0,88,0.0
1788104888.83,1104,1,0,88,0.0
1788104888.87,114A,49,192,88,0.0
1788104888.88,0110,0,254,88,0.0
1788104888.91,114D,36,64,88,0.0
1788104888.94,1153,57,250,88,0.0
1788104888.97,1154,29,192,88,0.0
1788104888.98,0110,0,248,88,0.0
1788104889.00,1169,29,181,88,0.0
1788104889.03,1173,1,164,88,0.0
1788104889.07,1177,20,180,88,0.0
1788104889.08,0110,0,254,88,0.0
1788104889.10,1410,1,55,88,0.0
1788104889.13,1631,1,0,88,0.0
1788104889.13,010B,44,0,88,0.0
1788104889.16,1678,0,0,88,0.0
1788104889.18,0110,0,254,88,0.0
1788104889.19,1681,0,0,88,0.0
1788104889.23,16CD,0,0,88,0.0
1788104889.23,010B,44,0,88,0.0
1788104889.26,16CE,255,244,88,0.0
1788104889.28,0110,0,254,88,0.0
1788104889.29,16CF,13,11,88,0.0
1788104889.32,16E8,81,114,88,0.0
1788104889.33,010B,44,0,88,0.0
1788104889.35,16E9,0,118,88,0.0
1788104889.38,0110,0,254,88,0.0
1788104889.39,16F0,3,131,88,0.0
1788104889.42,1704,0,0,88,0.0
1788104889.43,010B,44,0,88,0.0
1788104889.45,1706,128,0,88,0.0
1788104889.48,1709,0,0,88,0.0
1788104889.48,0110,0,254,88,0.0
1788104889.52,1717,1,0,88,0.0
1788104889.53,010B,44,0,88,0.0
1788104889.55,1718,1,0,88,0.0
1788104889.59,1746,0,0,88,0.0
1788104889.62,1782,143,128,88,0.0
1788104889.63,010B,44,0,88,0.0
1788104889.65,1783,110,192,88,0.0
1788104889.68,17A0,32,0,88,0.0
1788104889.69,0110,0,251,88,0.0
1788104889.71,17A6,0,0,88,0.0
1788104889.73,010B,44,0,88,0.0
1788104889.75,17B0,18,0,88,0.0
1788104889.78,17B1,32,0,88,0.0
1788104889.78,0110,1,1,88,0.0
1788104889.81,17B2,4,0,88,0.0
1788104889.83,010B,44,0,88,0.0
1788104889.84,17B3,131,0,88,0.0
1788104889.87,17B5,80,0,88,0.0
1788104889.88,0110,0,254,88,0.0
1788104889.91,17B6,0,0,88,0.0
1788104889.93,010B,44,0,88,0.0
1788104889.94,17B8,239,0,88,0.0
1788104889.98,17BA,0,0,88,0.0
1788104889.98,0110,0,251,88,0.0
1788104890.01,17BB,0,0,88,0.0
1788104890.03,010B,44,0,88,0.0
1788104890.04,17BC,0,0,88,0.0
1788104890.07,17BD,59,0,88,0.0
1788104890.08,0110,0,251,88,0.0
1788104890.11,17BE,0,0,88,0.0
1788104890.14,17C1,234,0,88,0.0
1788104890.17,3201,23,112,88,0.0
1788104890.18,0110,0,213,88,0.0
1788104890.20,990A,43,0,88,0.0
1788104890.23,996E,13,112,88,0.0
1788104890.23,010B,43,0,88,0.0
1788104890.27,A211,0,0,88,0.0
1788104890.28,0110,0,192,88,0.0
1788104890.30,D100,129,0,88,0.0
1788104890.33,E21B,90,74,88,0.0
1788104890.33,010B,42,0,88,0.0
1788104890.37,E21C,49,56,88,0.0
1788104890.38,0110,0,183,88,0.0
1788104890.40,E21D,56,56,88,0.0
1788104890.43,E21E,70,0,88,0.0
1788104890.43,010B,41,0,88,0.0
1788104890.47,E6F0,90,74,88,0.0
1788104890.49,0110,0,187,88,0.0
1788104890.50,E6F2,240,0,88,0.0
1788104890.53,E6F3,240,0,88,0.0
1788104890.53,010B,40,0,88,0.0
1788104890.56,0105,128,0,88,0.0
1788104890.58,0110,0,180,88,0.0
1788104890.59,010F,96,0,88,0.0
1788104890.62,0110,0,180,88,0.0
1788104890.63,010B,39,0,88,0.0
1788104890.65,010B,39,0,88,0.0
1788104890.68,0110,0,175,88,0.0
1788104890.69,0106,130,0,88,0.0
1788104890.72,0107,131,0,88,0.0
1788104890.73,010B,38,0,88,0.0
1788104890.75,010E,124,0,88,0.0
1788104890.78,0142,54,0,88,0.0
1788104890.78,0110,0,180,88,0.0
1788104890.82,0000,190,63,88,0.0
1788104890.83,010B,37,0,88,0.0
1788104890.85,0002,0,0,88,0.0
1788104890.88,0003,2,0,88,0.0
1788104890.88,0110,0,180,88,0.0
1788104890.91,0005,128,0,88,0.0
1788104890.93,010B,36,0,88,0.0
1788104890.95,0006,128,0,88,0.0
1788104890.98,0007,131,0,88,0.0
1788104890.98,0110,0,173,88,0.0
1788104891.01,000B,36,0,88,0.0
1788104891.03,010B,36,0,88,0.0
1788104891.04,000C,11,171,88,0.0
1788104891.07,000D,0,0,88,0.0
1788104891.08,0110,0,175,88,0.0
1788104891.11,000E,126,0,88,0.0
1788104891.13,010B,35,0,88,0.0
1788104891.14,000F,96,0,88,0.0
1788104891.18,0010,0,171,88,0.0
1788104891.18,0110,0,168,88,0.0
1788104891.21,0011,30,0,88,0.0
1788104891.23,010B,34,0,88,0.0
1788104891.24,0013,1,0,88,0.0
1788104891.27,001C,10,0,88,0.0
1788104891.28,0110,0,173,88,0.0
1788104891.31,001F,1,41,88,0.0
1788104891.34,0020,128,21,88,0.0
1788104891.37,0021,0,0,88,0.0
1788104891.39,0110,0,161,88,0.0
1788104891.39,17B3,131,0,88,0.0
1788104891.40,002C,0,0,88,0.0
1788104891.43,002E,29,0,88,0.0
1788104891.43,010B,33,0,88,0.0
1788104891.47,0030,255,0,88,0.0
1788104891.48,0110,0,171,88,0.0
1788104891.50,003C,20,243,88,0.0
1788104891.53,0040,104,0,88,0.0
1788104891.53,010B,33,0,88,0.0
1788104891.56,0042,53,155,88,0.0
1788104891.59,0110,0,168,88,0.0
1788104891.60,0043,0,48,88,0.0
1788104891.63,0200,0,0,88,0.0
1788104891.63,010B,32,0,88,0.0
1788104891.67,0202,0,0,88,0.0
1788104891.68,0110,0,178,88,0.0
1788104891.70,0900,5,105,88,0.0
1788104891.73,0968,0,0,88,0.0
1788104891.73,010B,32,0,88,0.0
1788104891.76,096E,10,240,88,0.0
1788104891.78,0110,0,178,88,0.0
1788104891.80,097C,109,224,88,0.0
1788104891.83,098E,0,0,88,0.0
1788104891.83,010B,32,0,88,0.0
1788104891.87,1101,0,0,88,0.0
1788104891.88,0110,0,173,88,0.0
1788104891.90,1103,0,0,88,0.0
1788104891.93,1104,0,0,88,0.0
1788104891.93,010B,32,0,88,0.0
1788104891.96,114A,49,192,88,0.0
1788104891.98,0110,0,173,88,0.0
1788104891.99,114D,36,64,88,0.0
1788104892.03,1153,42,90,88,0.0
1788104892.03,010B,32,0,88,0.0
1788104892.06,1154,29,192,88,0.0
1788104892.09,1169,29,181,88,0.0
1788104892.12,1173,0,100,88,0.0
1788104892.14,010B,32,0,88,0.0
1788104892.15,1177,18,52,88,0.0
1788104892.19,1410,0,210,88,0.0
1788104892.22,1631,1,0,88,0.0
1788104892.23,010B,32,0,88,0.0
1788104892.25,1678,0,0,88,0.0
1788104892.28,1681,0,0,88,0.0
1788104892.28,0110,0,180,88,0.0
1788104892.31,16CD,0,0,88,0.0
1788104892.33,010B,32,0,88,0.0
1788104892.35,16CE,255,251,88,0.0
1788104892.39,16CF,13,0,88,0.0
1788104892.42,16E8,69,232,88,0.0
1788104892.43,010B,32,0,88,0.0
1788104892.45,16E9,0,118,88,0.0
1788104892.48,16F0,3,131,88,0.0
1788104892.48,0110,0,175,88,0.0
1788104892.51,1704,0,0,88,0.0
1788104892.53,010B,32,0,88,0.0
1788104892.55,1706,128,0,88,0.0
1788104892.58,1709,0,0,88,0.0
1788104892.58,0110,0,180,88,0.0
1788104892.61,1717,1,0,88,0.0
1788104892.63,010B,32,0,88,0.0
1788104892.64,1718,1,0,88,0.0
1788104892.67,1746,0,0,88,0.0
1788104892.68,0110,0,178,88,0.0
1788104892.71,1782,143,128,88,0.0
1788104892.74,1783,110,192,88,0.0
1788104892.77,17A0,31,0,88,0.0
1788104892.78,0110,0,175,88,0.0
1788104892.80,17A6,0,0,88,0.0
1788104892.83,17B0,18,0,88,0.0
1788104892.83,010B,32,0,88,0.0
1788104892.87,17B1,32,0,88,0.0
1788104892.88,0110,0,178,88,0.0
1788104892.90,17B2,4,0,88,0.0
1788104892.93,17B3,131,0,88,0.0
1788104892.93,010B,32,0,88,0.0
1788104892.97,17B5,80,0,88,0.0
1788104892.98,0110,0,171,88,0.0
1788104893.00,17B6,0,0,88,0.0
1788104893.03,17B8,239,0,88,0.0
1788104893.03,010B,32,0,88,0.0
1788104893.07,17BA,0,0,88,0.0
1788104893.08,0110,0,178,88,0.0
1788104893.10,17BB,0,0,88,0.0
1788104893.13,17BC,0,0,88,0.0
1788104893.13,010B,32,0,88,0.0
1788104893.16,17BD,59,0,88,0.0
1788104893.18,0110,0,178,88,0.0
1788104893.19,17BE,0,0,88,0.0
1788104893.23,17C1,234,0,88,0.0
1788104893.23,010B,32,0,88,0.0
1788104893.26,3201,23,112,88,0.0
1788104893.28,0110,0,175,88,0.0
1788104893.29,990A,43,0,88,0.0
1788104893.32,996E,13,112,88,0.0
1788104893.33,010B,32,0,88,0.0
1788104893.35,A211,0,0,88,0.0
1788104893.39,D100,129,0,88,0.0
1788104893.43,E21B,90,74,88,0.0
1788104893.43,010B,32,0,88,0.0
1788104893.46,E21C,49,56,88,0.0
1788104893.49,E21D,56,56,88,0.0
1788104893.52,E21E,70,0,88,0.0
1788104893.53,010B,32,0,88,0.0
1788104893.55,E6F0,90,74,88,0.0
1788104893.59,E6F2,240,0,88,0.0
1788104893.62,E6F3,240,0,88,0.0
1788104893.63,010B,32,0,88,0.0
1788104893.64,0105,128,0,88,0.0
1788104893.68,010F,96,0,88,0.0
1788104893.68,0110,0,173,88,0.0
1788104893.71,0110,0,173,88,0.0
1788104893.73,010B,32,0,88,0.0
1788104893.74,010B,32,0,88,0.0
1788104893.78,0106,130,0,88,0.0
1788104893.78,0110,0,173,88,0.0
1788104893.81,0107,131,0,88,0.0
1788104893.84,010B,32,0,88,0.0
1788104893.84,010E,141,0,88,0.0
1788104893.88,0142,53,161,88,0.0
1788104893.88,0110,0,178,88,0.0
1788104893.91,0000,190,63,88,0.0
1788104893.93,010B,32,0,88,0.0
1788104893.94,0002,0,0,88,0.0
1788104893.98,0003,2,0,88,0.0
1788104893.98,0110,0,178,88,0.0
1788104894.01,0005,128,0,88,0.0
1788104894.04,010B,32,0,88,0.0
1788104894.04,0006,130,0,88,0.0
1788104894.07,0007,131,0,88,0.0
1788104894.08,0110,0,171,88,0.0
1788104894.10,000B,32,0,88,0.0
1788104894.14,000C,11,32,88,0.0
1788104894.18,000D,0,0,88,0.0
1788104894.18,0110,0,175,88,0.0
1788104894.21,000E,143,0,88,0.0
1788104894.23,010B,32,0,88,0.0
1788104894.24,000F,96,0,88,0.0
1788104894.27,0010,0,180,88,0.0
1788104894.28,0110,0,180,88,0.0
1788104894.30,0011,30,0,88,0.0
1788104894.34,0013,1,0,88,0.0
1788104894.37,001C,10,0,88,0.0
1788104894.38,0110,0,175,88,0.0
1788104894.40,001F,1,44,88,0.0
1788104894.43,0020,128,21,88,0.0
1788104894.43,010B,32,0,88,0.0
1788104894.47,0021,0,0,88,0.0
1788104894.48,0110,0,175,88,0.0
1788104894.50,002C,0,0,88,0.0
1788104894.54,002E,29,0,88,0.0
1788104894.57,0030,255,0,88,0.0
1788104894.58,0110,0,173,88,0.0
1788104894.60,003C,20,244,88,0.0
1788104894.63,0040,104,0,88,0.0
1788104894.63,010B,32,0,88,0.0
1788104894.67,0042,53,166,88,0.0
1788104894.69,0110,0,173,88,0.0
1788104894.70,0043,0,48,88,0.0
1788104894.73,0200,0,0,88,0.0
1788104894.73,010B,32,0,88,0.0
1788104894.76,0202,0,0,88,0.0
1788104894.78,0110,0,175,88,0.0
1788104894.79,0900,5,95,88,0.0
1788104894.83,0968,0,0,88,0.0
1788104894.83,010B,32,0,88,0.0
1788104894.86,096E,10,240,88,0.0
1788104894.88,0110,0,171,88,0.0
1788104894.90,097C,109,225,88,0.0
1788104894.93,098E,0,0,88,0.0
1788104894.93,010B,32,0,88,0.0
1788104894.96,1101,0,0,88,0.0
1788104894.98,0110,0,173,88,0.0
1788104894.99,1103,0,0,88,0.0
1788104895.02,1104,0,0,88,0.0
1788104895.03,010B,32,0,88,0.0
1788104895.06,114A,49,192,88,0.0
1788104895.09,114D,36,64,88,0.0
1788104895.12,1153,41,209,88,0.0
1788104895.13,010B,32,0,88,0.0
1788104895.15,1154,29,192,88,0.0
1788104895.18,0110,0,173,88,0.0
1788104895.19,1169,29,181,88,0.0
1788104895.22,1173,2,243,88,0.0
1788104895.23,010B,32,0,88,0.0
1788104895.26,1177,18,52,88,0.0
1788104895.29,1410,0,214,88,0.0
1788104895.32,1631,1,0,88,0.0
1788104895.33,010B,32,0,88,0.0
1788104895.35,1678,0,0,88,0.0
1788104895.38,1681,0,0,88,0.0
1788104895.42,16CD,0,0,88,0.0
1788104895.44,010B,32,0,88,0.0
1788104895.45,16CE,255,251,88,0.0
1788104895.49,16CF,13,84,88,0.0
1788104895.52,16E8,72,150,88,0.0
1788104895.53,010B,32,0,88,0.0
1788104895.55,16E9,0,118,88,0.0
1788104895.59,16F0,3,131,88,0.0
1788104895.62,1704,0,0,88,0.0
1788104895.63,010B,32,0,88,0.0
1788104895.65,1706,128,0,88,0.0
1788104895.68,1709,0,0,88,0.0
1788104895.68,0110,0,178,88,0.0
1788104895.71,1717,1,0,88,0.0
1788104895.74,010B,32,0,88,0.0
1788104895.74,1718,1,0,88,0.0
1788104895.78,1746,0,0,88,0.0
1788104895.78,0110,0,175,88,0.0
1788104895.81,1782,143,128,88,0.0
1788104895.83,010B,32,0,88,0.0
1788104895.84,1783,110,192,88,0.0
1788104895.87,17A0,31,0,88,0.0
1788104895.89,0110,0,173,88,0.0
1788104895.91,17A6,0,0,88,0.0
1788104895.94,17B0,18,0,88,0.0
1788104895.97,17B1,32,0,88,0.0
1788104895.98,0110,0,168,88,0.0
1788104896.00,17B2,4,0,88,0.0
1788104896.03,17B3,131,0,88,0.0
1788104896.03,010B,32,0,88,0.0
1788104896.06,17B5,80,0,88,0.0
1788104896.08,0110,0,175,88,0.0
1788104896.10,17B6,0,0,88,0.0
1788104896.13,17B8,239,0,88,0.0
1788104896.13,010B,32,0,88,0.0
1788104896.16,17BA,0,0,88,0.0
1788104896.18,0110,0,175,88,0.0
1788104896.19,17BB,0,0,88,0.0
1788104896.23,17BC,0,0,88,0.0
1788104896.23,010B,32,0,88,0.0
1788104896.26,17BD,59,0,88,0.0
1788104896.28,0110,0,175,88,0.0
1788104896.30,17BE,0,0,88,0.0
1788104896.33,17C1,234,0,88,0.0
1788104896.33,010B,32,0,88,0.0
1788104896.36,3201,23,112,88,0.0
1788104896.38,0110,0,171,88,0.0
1788104896.39,990A,44,0,88,0.0
1788104896.42,996E,13,72,88,0.0
1788104896.43,010B,32,0,88,0.0
1788104896.46,A211,0,0,88,0.0
1788104896.48,0110,0,175,88,0.0
1788104896.49,D100,129,0,88,0.0
1788104896.52,E21B,90,74,88,0.0
1788104896.54,010B,32,0,88,0.0
1788104896.55,E21C,49,56,88,0.0
1788104896.58,E21D,56,56,88,0.0
1788104896.62,E21E,70,0,88,0.0
1788104896.63,010B,32,0,88,0.0
1788104896.65,E6F0,90,74,88,0.0
1788104896.68,E6F2,240,0,88,0.0
1788104896.69,0110,0,175,88,0.0
1788104896.72,E6F3,240,0,88,0.0
1788104896.73,010B,32,0,88,0.0
1788104896.74,0105,128,0,88,0.0
1788104896.78,010F,96,0,88,0.0
1788104896.78,0110,0,171,88,0.0
1788104896.81,0110,0,171,88,0.0
1788104896.83,010B,32,0,88,0.0
1788104896.84,010B,32,0,88,0.0
1788104896.87,0106,129,0,88,0.0
1788104896.88,0110,0,168,88,0.0
1788104896.91,0107,131,0,88,0.0
1788104896.93,010B,32,0,88,0.0
1788104896.94,010E,142,0,88,0.0
1788104896.97,0142,53,177,88,0.0
1788104896.98,0110,0,173,88,0.0
1788104897.01,0000,190,63,88,0.0
1788104897.04,0002,0,0,88,0.0
1788104897.07,0003,2,0,88,0.0
1788104897.08,0110,0,171,88,0.0
1788104897.10,0005,128,0,88,0.0
1788104897.14,0006,129,0,88,0.0
1788104897.17,0007,131,0,88,0.0
1788104897.18,0110,1,129,88,0.0
1788104897.20,000B,33,0,88,0.0
1788104897.23,000C,11,28,88,0.0
1788104897.23,010B,34,0,88,0.0
1788104897.26,000D,0,0,88,0.0
1788104897.28,0110,1,93,88,0.0
1788104897.30,000E,143,0,88,0.0
1788104897.34,000F,96,0,88,0.0
1788104897.37,0010,0,254,88,0.0
1788104897.39,0110,0,248,88,0.0
1788104897.40,0011,30,0,88,0.0
1788104897.43,0013,1,0,88,0.0
1788104897.43,010B,38,0,88,0.0
1788104897.46,001C,10,0,88,0.0
1788104897.48,0110,0,245,88,0.0
1788104897.50,001F,1,48,88,0.0
1788104897.53,0020,128,21,88,0.0
1788104897.53,010B,38,0,88,0.0
1788104897.56,0021,0,0,88,0.0
1788104897.59,0110,0,233,88,0.0
1788104897.59,002C,0,0,88,0.0
1788104897.62,002E,34,0,88,0.0
1788104897.63,010B,38,0,88,0.0
1788104897.66,0030,255,0,88,0.0
1788104897.68,0110,1,27,88,0.0
1788104897.69,003C,20,243,88,0.0
1788104897.72,0040,104,0,88,0.0
1788104897.74,010B,39,0,88,0.0
1788104897.75,0042,53,95,88,0.0
1788104897.78,0043,0,65,88,0.0
1788104897.82,0200,0,0,88,0.0
1788104897.83,010B,40,0,88,0.0
1788104897.85,0202,0,0,88,0.0
1788104897.88,0900,6,4,88,0.0
1788104897.88,0110,1,1,88,0.0
1788104897.92,0968,0,0,88,0.0
1788104897.93,010B,40,0,88,0.0
1788104897.95,096E,11,84,88,0.0
1788104897.98,097C,109,226,88,0.0
1788104898.02,098E,0,0,88,0.0
1788104898.03,010B,40,0,88,0.0
1788104898.05,1101,1,0,88,0.0
1788104898.08,1103,4,0,88,0.0
1788104898.08,0110,1,8,88,0.0
1788104898.11,1104,1,0,88,0.0
1788104898.13,010B,41,0,88,0.0
1788104898.14,114A,49,192,88,0.0
1788104898.18,114D,36,64,88,0.0
1788104898.18,0110,1,24,88,0.0
1788104898.21,1153,61,209,88,0.0
1788104898.23,010B,42,0,88,0.0
1788104898.24,1154,29,192,88,0.0
1788104898.27,1169,29,181,88,0.0
1788104898.28,0110,1,20,88,0.0
1788104898.30,1173,3,12,88,0.0
1788104898.34,1177,20,200,88,0.0
1788104898.37,1410,1,56,88,0.0
1788104898.38,0110,1,1,88,0.0
1788104898.41,1631,1,0,88,0.0
1788104898.44,1678,0,0,88,0.0
1788104898.47,1681,0,0,88,0.0
1788104898.48,0110,1,11,88,0.0
1788104898.50,16CD,0,0,88,0.0
1788104898.54,16CE,255,248,88,0.0
1788104898.57,16CF,13,125,88,0.0
1788104898.58,0110,1,11,88,0.0
1788104898.60,16E8,82,54,88,0.0
1788104898.63,16E9,0,114,88,0.0
1788104898.63,010B,43,0,88,0.0
1788104898.67,16F0,3,131,88,0.0
1788104898.69,0110,1,1,88,0.0
1788104898.70,1704,0,0,88,0.0
1788104898.73,1706,128,0,88,0.0
1788104898.73,010B,43,0,88,0.0
1788104898.76,1709,0,0,88,0.0
1788104898.78,0110,1,17,88,0.0
1788104898.79,1717,1,0,88,0.0
1788104898.82,1718,1,0,88,0.0
1788104898.83,010B,43,0,88,0.0
1788104898.86,1746,0,0,88,0.0
1788104898.89,0110,1,1,88,0.0
1788104898.89,1782,143,128,88,0.0
1788104898.92,1783,110,192,88,0.0
1788104898.93,010B,43,0,88,0.0
1788104898.95,17A0,33,0,88,0.0
1788104898.98,17A6,0,0,88,0.0
1788104898.98,0110,1,14,88,0.0
1788104899.02,17B0,19,0,88,0.0
1788104899.03,010B,43,0,88,0.0
1788104899.05,17B1,32,0,88,0.0
1788104899.08,17B2,4,0,88,0.0
1788104899.08,0110,1,1,88,0.0
1788104899.12,17B3,131,0,88,0.0
1788104899.13,010B,43,0,88,0.0
1788104899.15,17B5,80,0,88,0.0
1788104899.18,17B6,0,0,88,0.0
1788104899.22,17B8,239,0,88,0.0
1788104899.23,010B,43,0,88,0.0
1788104899.25,17BA,0,0,88,0.0
1788104899.28,17BB,0,0,88,0.0
1788104899.28,0110,1,4,88,0.0
1788104899.31,17BC,0,0,88,0.0
1788104899.33,010B,43,0,88,0.0
1788104899.34,17BD,59,0,88,0.0
1788104899.38,17BE,0,0,88,0.0
1788104899.38,0110,1,8,88,0.0
1788104899.39,17B3,131,0,88,0.0
1788104899.41,17C1,234,0,88,0.0
1788104899.43,010B,43,0,88,0.0
1788104899.44,3201,23,112,88,0.0
1788104899.47,990A,45,0,88,0.0
1788104899.48,0110,1,17,88,0.0
1788104899.50,996E,13,32,88,0.0
1788104899.53,010B,44,0,88,0.0
1788104899.54,A211,0,0,88,0.0
1788104899.58,D100,129,0,88,0.0
1788104899.58,0110,1,8,88,0.0
1788104899.61,E21B,90,74,88,0.0
1788104899.64,E21C,49,56,88,0.0
1788104899.67,E21D,56,56,88,0.0
1788104899.68,0110,1,24,88,0.0
1788104899.70,E21E,70,0,88,0.0
1788104899.74,E6F0,90,74,88,0.0
1788104899.77,E6F2,240,0,88,0.0
1788104899.78,0110,1,17,88,0.0
1788104899.80,E6F3,240,0,88,0.0
1788104899.83,0105,128,0,88,0.0
1788104899.83,010B,44,0,88,0.0
1788104899.86,010F,96,0,88,0.0
1788104899.88,0110,1,27,88,0.0
1788104899.89,0110,1,30,88,0.0
1788104899.92,010B,44,0,88,0.0
1788104899.93,010B,44,0,88,0.0
1788104899.96,0106,130,0,88,0.0
1788104899.99,0110,1,20,88,0.0
1788104899.99,0107,131,0,88,0.0
1788104900.02,010E,147,0,88,0.0
1788104900.03,010B,44,0,88,0.0
1788104900.05,0142,52,168,88,0.0
1788104900.08,0110,1,11,88,0.0
1788104900.09,0000,190,63,88,0.0
1788104900.12,0002,0,0,88,0.0
1788104900.13,010B,45,0,88,0.0
1788104900.15,0003,2,0,88,0.0
1788104900.19,0005,128,0,88,0.0
1788104900.22,0006,130,0,88,0.0
1788104900.24,010B,45,0,88,0.0
1788104900.26,0007,131,0,88,0.0
1788104900.29,000B,45,0,88,0.0
1788104900.32,000C,11,85,88,0.0
1788104900.33,010B,45,0,88,0.0
1788104900.35,000D,0,0,88,0.0
1788104900.38,000E,143,0,88,0.0
1788104900.39,0110,1,20,88,0.0
1788104900.42,000F,96,0,88,0.0
1788104900.43,010B,45,0,88,0.0
1788104900.45,0010,1,20,88,0.0
1788104900.48,0011,30,0,88,0.0
1788104900.48,0110,1,24,88,0.0
1788104900.51,0013,1,0,88,0.0
1788104900.53,010B,45,0,88,0.0
1788104900.54,001C,10,0,88,0.0
1788104900.58,001F,1,51,88,0.0
1788104900.59,0110,1,14,88,0.0
1788104900.61,0020,128,21,88,0.0
1788104900.63,010B,45,0,88,0.0
1788104900.64,0021,0,0,88,0.0
1788104900.67,002C,0,0,88,0.0
1788104900.68,0110,1,17,88,0.0
1788104900.70,002E,37,0,88,0.0
1788104900.74,0030,255,0,88,0.0
1788104900.78,003C,20,244,88,0.0
1788104900.79,0110,1,14,88,0.0
1788104900.81,0040,104,0,88,0.0
1788104900.83,010B,45,0,88,0.0
1788104900.84,0042,53,229,88,0.0
1788104900.87,0043,0,72,88,0.0
1788104900.89,0110,1,14,88,0.0
1788104900.90,0200,0,0,88,0.0
1788104900.94,0202,0,0,88,0.0
1788104900.97,0900,6,89,88,0.0
1788104900.98,0110,0,251,88,0.0
1788104901.00,0968,0,0,88,0.0
1788104901.03,096E,11,70,88,0.0
1788104901.03,010B,44,0,88,0.0
1788104901.06,097C,109,226,88,0.0
1788104901.09,0110,1,4,88,0.0
1788104901.10,098E,0,0,88,0.0
1788104901.13,1101,1,0,88,0.0
1788104901.13,010B,44,0,88,0.0
1788104901.17,1103,4,0,88,0.0
1788104901.18,0110,1,1,88,0.0
1788104901.19,1104,1,0,88,0.0
1788104901.23,114A,49,192,88,0.0
1788104901.24,010B,44,0,88,0.0
1788104901.26,114D,36,64,88,0.0
1788104901.28,0110,1,1,88,0.0
1788104901.30,1153,57,195,88,0.0
1788104901.33,1154,29,192,88,0.0
1788104901.33,010B,44,0,88,0.0
1788104901.36,1169,29,181,88,0.0
1788104901.38,0110,0,248,88,0.0
1788104901.39,17B3,131,0,88,0.0
1788104901.42,1177,20,140,88,0.0
1788104901.43,010B,43,0,88,0.0
1788104901.46,1410,1,55,88,0.0
1788104901.49,1631,1,0,88,0.0
1788104901.52,1678,0,0,88,0.0
1788104901.53,010B,43,0,88,0.0
1788104901.55,1681,0,0,88,0.0
1788104901.58,16CD,0,0,88,0.0
1788104901.62,16CE,255,249,88,0.0
1788104901.63,010B,43,0,88,0.0
1788104901.65,16CF,13,37,88,0.0
1788104901.68,16E8,84,181,88,0.0
1788104901.68,0110,0,254,88,0.0
1788104901.71,16E9,0,118,88,0.0
1788104901.73,010B,43,0,88,0.0
1788104901.74,16F0,3,131,88,0.0
1788104901.78,1704,0,0,88,0.0
1788104901.78,0110,1,1,88,0.0
1788104901.81,1706,128,0,88,0.0
1788104901.83,010B,43,0,88,0.0
1788104901.85,1709,0,0,88,0.0
1788104901.88,1717,1,0,88,0.0
1788104901.88,0110,0,251,88,0.0
1788104901.91,1718,1,0,88,0.0
1788104901.93,010B,43,0,88,0.0
1788104901.94,1746,0,0,88,0.0
1788104901.98,1782,143,64,88,0.0
1788104901.98,0110,0,251,88,0.0
1788104902.01,1783,110,192,88,0.0
1788104902.03,010B,43,0,88,0.0
1788104902.04,17A0,32,0,88,0.0
1788104902.07,17A6,0,0,88,0.0
1788104902.09,0110,1,4,88,0.0
1788104902.10,17B0,19,0,88,0.0
1788104902.14,17B1,32,0,88,0.0
1788104902.17,17B2,4,0,88,0.0
1788104902.19,0110,1,4,88,0.0
1788104902.20,17B3,131,0,88,0.0
1788104902.23,17B5,80,0,88,0.0
1788104902.23,010B,43,0,88,0.0
1788104902.27,17B6,0,0,88,0.0
1788104902.28,0110,1,8,88,0.0
1788104902.30,17B8,239,0,88,0.0
1788104902.34,17BA,0,0,88,0.0
1788104902.37,17BB,0,0,88,0.0
1788104902.38,0110,1,1,88,0.0
1788104902.39,0142,53,145,88,0.0
1788104902.40,17BC,0,0,88,0.0
1788104902.43,17BD,60,0,88,0.0
1788104902.43,010B,43,0,88,0.0
1788104902.46,17BE,0,0,88,0.0
1788104902.48,0110,1,4,88,0.0
1788104902.50,17C1,234,0,88,0.0
1788104902.53,3201,23,112,88,0.0
1788104902.53,010B,44,0,88,0.0
1788104902.56,990A,44,0,88,0.0
1788104902.59,0110,1,8,88,0.0
1788104902.59,996E,13,32,88,0.0
1788104902.62,A211,0,0,88,0.0
1788104902.63,010B,44,0,88,0.0
1788104902.66,D100,129,0,88,0.0
1788104902.69,0110,1,4,88,0.0
1788104902.69,E21B,90,74,88,0.0
1788104902.72,E21C,49,56,88,0.0
1788104902.73,010B,44,0,88,0.0
1788104902.76,E21D,56,56,88,0.0
1788104902.79,E21E,70,0,88,0.0
1788104902.82,E6F0,90,74,88,0.0
1788104902.83,010B,44,0,88,0.0
1788104902.86,E6F2,240,0,88,0.0
1788104902.89,E6F3,240,0,88,0.0
1788104902.91,0105,128,0,88,0.0
1788104902.93,010B,44,0,88,0.0
1788104902.95,010F,96,0,88,0.0
1788104902.98,0110,1,1,88,0.0
1788104902.98,0110,1,1,88,0.0
1788104903.01,010B,44,0,88,0.0
1788104903.03,010B,44,0,88,0.0
1788104903.05,0106,129,0,88,0.0
1788104903.08,0107,131,0,88,0.0
1788104903.08,0110,1,4,88,0.0
1788104903.12,010E,144,0,88,0.0
1788104903.14,010B,44,0,88,0.0
1788104903.15,0142,53,177,88,0.0
1788104903.18,0000,190,63,88,0.0
1788104903.18,0110,1,8,88,0.0
1788104903.22,0002,0,0,88,0.0
1788104903.24,010B,44,0,88,0.0
1788104903.25,0003,2,0,88,0.0
1788104903.28,0005,128,0,88,0.0
1788104903.28,0110,1,4,88,0.0
1788104903.31,0006,129,0,88,0.0
1788104903.33,010B,44,0,88,0.0
1788104903.34,0007,131,0,88,0.0
1788104903.38,000B,43,0,88,0.0
1788104903.38,0110,0,254,88,0.0
1788104903.39,17B3,131,0,88,0.0
1788104903.41,000C,11,59,88,0.0
1788104903.43,010B,43,0,88,0.0
1788104903.44,000D,0,0,88,0.0
1788104903.47,000E,141,0,88,0.0
1788104903.48,0110,0,248,88,0.0
1788104903.50,000F,96,0,88,0.0
1788104903.54,010B,43,0,88,0.0
1788104903.58,0011,30,0,88,0.0
1788104903.59,0110,0,254,88,0.0
1788104903.61,0013,1,0,88,0.0
1788104903.63,010B,43,0,88,0.0
1788104903.64,001C,10,0,88,0.0
1788104903.67,001F,1,54,88,0.0
1788104903.68,0110,1,4,88,0.0
1788104903.70,0020,128,21,88,0.0
1788104903.74,0021,0,0,88,0.0
1788104903.77,002C,0,0,88,0.0
1788104903.78,0110,1,1,88,0.0
1788104903.80,002E,35,0,88,0.0
1788104903.83,0030,255,0,88,0.0
1788104903.83,010B,43,0,88,0.0
1788104903.86,003C,20,245,88,0.0
1788104903.88,0110,0,254,88,0.0
1788104903.90,0040,104,0,88,0.0
1788104903.94,0042,53,148,88,0.0
1788104903.97,0043,0,69,88,0.0
1788104903.98,0110,0,251,88,0.0
1788104904.00,0200,0,0,88,0.0
1788104904.03,0202,0,0,88,0.0
1788104904.04,010B,43,0,88,0.0
1788104904.06,0900,6,59,88,0.0
1788104904.08,0110,1,1,88,0.0
1788104904.10,0968,0,0,88,0.0
1788104904.13,096E,11,20,88,0.0
1788104904.14,010B,43,0,88,0.0
1788104904.16,097C,109,227,88,0.0
1788104904.18,0110,1,1,88,0.0
1788104904.19,098E,0,0,88,0.0
1788104904.22,1101,1,0,88,0.0
1788104904.23,010B,43,0,88,0.0
1788104904.26,1103,4,0,88,0.0
1788104904.29,1104,1,0,88,0.0
1788104904.32,114A,49,192,88,0.0
1788104904.34,010B,43,0,88,0.0
1788104904.35,114D,36,64,88,0.0
1788104904.38,1153,58,37,88,0.0
1788104904.38,0142,53,142,88,0.0
1788104904.42,1154,29,192,88,0.0
1788104904.43,010B,43,0,88,0.0
1788104904.46,1169,29,181,88,0.0
1788104904.48,0110,0,248,88,0.0
1788104904.49,1173,3,62,88,0.0
1788104904.53,1177,20,140,88,0.0
1788104904.53,010B,43,0,88,0.0
1788104904.56,1410,1,52,88,0.0
1788104904.59,0110,1,1,88,0.0
1788104904.62,1678,0,0,88,0.0
1788104904.63,010B,43,0,88,0.0
1788104904.66,1681,0,0,88,0.0
1788104904.69,16CD,0,0,88,0.0
1788104904.72,16CE,255,245,88,0.0
1788104904.73,010B,43,0,88,0.0
1788104904.75,16CF,13,43,88,0.0
1788104904.78,16E8,87,135,88,0.0
1788104904.78,0110,0,251,88,0.0
1788104904.82,16E9,0,118,88,0.0
1788104904.83,010B,43,0,88,0.0
1788104904.85,16F0,3,131,88,0.0
1788104904.88,1704,0,0,88,0.0
1788104904.88,0110,1,1,88,0.0
1788104904.91,1706,128,0,88,0.0
1788104904.93,010B,43,0,88,0.0
1788104904.94,1709,0,0,88,0.0
1788104904.98,1717,1,0,88,0.0
1788104904.98,0110,0,254,88,0.0
1788104905.01,1718,1,0,88,0.0
1788104905.03,010B,43,0,88,0.0
1788104905.04,1746,0,0,88,0.0
1788104905.07,1782,143,64,88,0.0
1788104905.08,0110,0,248,88,0.0
1788104905.10,1783,110,192,88,0.0
1788104905.14,17A0,32,0,88,0.0
1788104905.14,010B,44,0,88,0.0
1788104905.17,17A6,0,0,88,0.0
1788104905.18,0110,0,254,88,0.0
1788104905.21,17B0,18,0,88,0.0
1788104905.23,010B,44,0,88,0.0
1788104905.24,17B1,32,0,88,0.0
1788104905.27,17B2,4,0,88,0.0
1788104905.28,0110,1,4,88,0.0
1788104905.30,17B3,131,0,88,0.0
1788104905.34,17B5,80,0,88,0.0
1788104905.37,17B6,0,0,88,0.0
1788104905.39,0110,0,248,88,0.0
1788104905.39,17B3,131,0,88,0.0
1788104905.40,17B8,239,0,88,0.0
1788104905.43,17BA,0,0,88,0.0
1788104905.43,010B,44,0,88,0.0
1788104905.47,17BB,0,0,88,0.0
1788104905.49,0110,1,1,88,0.0
1788104905.50,17BC,0,0,88,0.0
1788104905.54,17BD,60,0,88,0.0
1788104905.57,17BE,0,0,88,0.0
1788104905.59,0110,0,254,88,0.0
1788104905.60,17C1,234,0,88,0.0
1788104905.63,3201,23,112,88,0.0
1788104905.63,010B,44,0,88,0.0
1788104905.66,990A,44,0,88,0.0
1788104905.69,0110,0,254,88,0.0
1788104905.70,996E,13,72,88,0.0
1788104905.73,A211,0,0,88,0.0
1788104905.73,010B,44,0,88,0.0
1788104905.76,D100,129,0,88,0.0
1788104905.78,0110,1,1,88,0.0
1788104905.79,E21B,90,74,88,0.0
1788104905.82,E21C,49,56,88,0.0
1788104905.83,010B,44,0,88,0.0
1788104905.86,E21D,56,56,88,0.0
1788104905.88,0110,0,248,88,0.0
1788104905.90,E21E,70,0,88,0.0
1788104905.93,E6F0,90,74,88,0.0
1788104905.94,010B,43,0,88,0.0
1788104905.96,E6F2,240,0,88,0.0
1788104905.98,0110,0,248,88,0.0
1788104905.99,E6F3,240,0,88,0.0
1788104906.02,0105,128,0,88,0.0
1788104906.04,010B,44,0,88,0.0
1788104906.05,010F,96,0,88,0.0
1788104906.08,0110,1,1,88,0.0
1788104906.12,010B,43,0,88,0.0
1788104906.13,010B,43,0,88,0.0
1788104906.15,0106,129,0,88,0.0
1788104906.18,0107,131,0,88,0.0
1788104906.19,0110,0,248,88,0.0
1788104906.21,010E,140,0,88,0.0
1788104906.23,010B,43,0,88,0.0
1788104906.25,0142,53,147,88,0.0
1788104906.28,0000,190,63,88,0.0
1788104906.28,0110,0,251,88,0.0
1788104906.31,0002,0,0,88,0.0
1788104906.33,010B,43,0,88,0.0
1788104906.34,0003,2,0,88,0.0
1788104906.38,0005,128,0,88,0.0
1788104906.38,0110,0,248,88,0.0
1788104906.41,0006,130,0,88,0.0
1788104906.43,010B,43,0,88,0.0
1788104906.44,0007,131,0,88,0.0
1788104906.48,000B,43,0,88,0.0
1788104906.49,0110,0,248,88,0.0
1788104906.51,000C,11,19,88,0.0
1788104906.54,010B,43,0,88,0.0
1788104906.54,000D,0,0,88,0.0
1788104906.58,000E,142,0,88,0.0
1788104906.58,0110,1,4,88,0.0
1788104906.61,000F,96,0,88,0.0
1788104906.63,010B,43,0,88,0.0
1788104906.64,0010,0,254,88,0.0
1788104906.67,0011,30,0,88,0.0
1788104906.68,0110,1,4,88,0.0
1788104906.70,0013,1,0,88,0.0
1788104906.74,001C,10,0,88,0.0
1788104906.77,001F,1,57,88,0.0
1788104906.79,0110,0,251,88,0.0
1788104906.80,0020,128,21,88,0.0
1788104906.83,0021,0,0,88,0.0
1788104906.83,010B,43,0,88,0.0
1788104906.86,002C,0,0,88,0.0
1788104906.88,0110,1,1,88,0.0
1788104906.90,002E,35,0,88,0.0
1788104906.94,0030,255,0,88,0.0
1788104906.97,003C,20,246,88,0.0
1788104906.99,0110,1,1,88,0.0
1788104907.00,0040,104,0,88,0.0
1788104907.03,0042,53,145,88,0.0
1788104907.03,010B,43,0,88,0.0
1788104907.06,0043,0,70,88,0.0
1788104907.08,0110,0,245,88,0.0
1788104907.10,0200,0,0,88,0.0
1788104907.14,0202,0,0,88,0.0
1788104907.17,0900,6,64,88,0.0
1788104907.18,0110,1,1,88,0.0
1788104907.20,0968,0,0,88,0.0
1788104907.23,096E,10,240,88,0.0
1788104907.23,010B,43,0,88,0.0
1788104907.26,097C,109,228,88,0.0
1788104907.28,0110,0,254,88,0.0
1788104907.30,098E,0,0,88,0.0
1788104907.33,1101,1,0,88,0.0
1788104907.33,010B,43,0,88,0.0
1788104907.36,1103,4,0,88,0.0
1788104907.38,0110,0,254,88,0.0
1788104907.39,17B3,131,0,88,0.0
1788104907.42,114A,49,192,88,0.0
1788104907.43,010B,43,0,88,0.0
1788104907.45,114D,36,64,88,0.0
1788104907.48,0110,0,254,88,0.0
1788104907.49,1153,57,201,88,0.0
1788104907.52,1154,29,192,88,0.0
1788104907.53,010B,43,0,88,0.0
1788104907.56,1169,29,181,88,0.0
1788104907.58,0110,0,245,88,0.0
1788104907.59,1173,3,127,88,0.0
1788104907.62,1177,20,100,88,0.0
1788104907.63,010B,43,0,88,0.0
1788104907.65,1410,1,57,88,0.0
1788104907.69,0110,0,254,88,0.0
1788104907.72,1678,0,0,88,0.0
1788104907.73,010B,43,0,88,0.0
1788104907.75,1681,0,0,88,0.0
1788104907.78,16CD,0,0,88,0.0
1788104907.78,0110,0,251,88,0.0
1788104907.81,16CE,255,247,88,0.0
1788104907.83,010B,43,0,88,0.0
1788104907.85,16CF,13,22,88,0.0
1788104907.88,16E8,85,191,88,0.0
1788104907.89,0110,0,245,88,0.0
1788104907.91,16E9,0,120,88,0.0
1788104907.93,010B,43,0,88,0.0
1788104907.95,16F0,3,131,88,0.0
1788104907.98,1704,0,0,88,0.0
1788104907.98,0110,0,251,88,0.0
1788104908.02,1706,128,0,88,0.0
1788104908.03,010B,43,0,88,0.0
1788104908.05,1709,0,0,88,0.0
1788104908.08,1717,1,0,88,0.0
1788104908.08,0110,0,248,88,0.0
1788104908.11,1718,1,0,88,0.0
1788104908.13,010B,43,0,88,0.0
1788104908.14,1746,0,0,88,0.0
1788104908.18,1782,143,64,88,0.0
1788104908.18,0110,0,251,88,0.0
1788104908.21,1783,110,192,88,0.0
1788104908.23,010B,43,0,88,0.0
1788104908.27,17A6,0,0,88,0.0
1788104908.28,0110,0,251,88,0.0
1788104908.30,17B0,18,0,88,0.0
1788104908.34,17B1,32,0,88,0.0
1788104908.37,17B2,4,0,88,0.0
1788104908.38,0110,0,248,88,0.0
1788104908.40,17B3,131,0,88,0.0
1788104908.44,17B5,80,0,88,0.0
1788104908.47,17B6,0,0,88,0.0
1788104908.48,0110,0,248,88,0.0
1788104908.50,17B8,239,0,88,0.0
1788104908.54,17BA,0,0,88,0.0
1788104908.57,17BB,0,0,88,0.0
1788104908.58,0110,0,254,88,0.0
1788104908.60,17BC,0,0,88,0.0
1788104908.63,17BD,60,0,88,0.0
1788104908.63,010B,43,0,88,0.0
1788104908.66,17BE,0,0,88,0.0
1788104908.68,0110,0,251,88,0.0
1788104908.69,17C1,234,0,88,0.0
1788104908.73,3201,23,112,88,0.0
1788104908.73,010B,43,0,88,0.0
1788104908.76,990A,43,0,88,0.0
1788104908.78,0110,0,251,88,0.0
1788104908.79,996E,13,112,88,0.0
1788104908.82,A211,0,0,88,0.0
1788104908.83,010B,43,0,88,0.0
1788104908.86,D100,129,0,88,0.0
1788104908.89,0110,0,248,88,0.0
1788104908.90,E21B,90,74,88,0.0
1788104908.93,E21C,49,56,88,0.0
1788104908.93,010B,43,0,88,0.0
1788104908.96,E21D,56,56,88,0.0
1788104908.98,0110,0,254,88,0.0
1788104908.99,E21E,70,0,88,0.0
1788104909.02,E6F0,90,74,88,0.0
1788104909.04,010B,43,0,88,0.0
1788104909.06,E6F2,240,0,88,0.0
1788104909.09,E6F3,240,0,88,0.0
1788104909.11,0105,128,0,88,0.0
1788104909.13,010B,43,0,88,0.0
1788104909.15,010F,96,0,88,0.0
1788104909.18,0110,1,1,88,0.0
1788104909.18,0110,1,1,88,0.0
1788104909.21,010B,43,0,88,0.0
1788104909.23,010B,43,0,88,0.0
1788104909.24,0106,128,0,88,0.0
1788104909.28,0107,131,0,88,0.0
1788104909.28,0110,0,251,88,0.0
1788104909.31,010E,142,0,88,0.0
1788104909.33,010B,43,0,88,0.0
1788104909.34,0142,53,154,88,0.0
1788104909.37,0000,190,63,88,0.0
1788104909.38,0110,0,248,88,0.0
1788104909.41,0002,0,0,88,0.0
1788104909.44,010B,43,0,88,0.0
1788104909.44,0003,2,0,88,0.0
1788104909.48,0005,128,0,88,0.0
1788104909.48,0110,0,254,88,0.0
1788104909.51,0006,129,0,88,0.0
1788104909.54,010B,43,0,88,0.0
1788104909.57,000B,43,0,88,0.0
1788104909.58,0110,0,245,88,0.0
1788104909.61,000C,11,3,88,0.0
1788104909.64,000D,0,0,88,0.0
1788104909.67,000E,143,0,88,0.0
1788104909.68,0110,1,1,88,0.0
1788104909.70,000F,96,0,88,0.0
1788104909.73,0010,0,251,88,0.0
1788104909.77,0011,30,0,88,0.0
1788104909.78,0110,1,1,88,0.0
1788104909.80,0013,1,0,88,0.0
1788104909.83,001C,10,0,88,0.0
1788104909.83,010B,43,0,88,0.0
1788104909.86,001F,1,60,88,0.0
1788104909.89,0110,0,254,88,0.0
1788104909.89,0020,128,21,88,0.0
1788104909.93,0021,0,0,88,0.0
1788104909.93,010B,43,0,88,0.0
1788104909.96,002C,0,0,88,0.0
1788104909.98,0110,1,8,88,0.0
1788104909.99,002E,35,0,88,0.0
1788104910.03,0030,255,0,88,0.0
1788104910.03,010B,43,0,88,0.0
1788104910.06,003C,20,247,88,0.0
1788104910.08,0110,1,4,88,0.0
1788104910.09,0040,104,0,88,0.0
1788104910.13,0042,53,153,88,0.0
1788104910.13,010B,43,0,88,0.0
1788104910.16,0043,0,69,88,0.0
1788104910.18,0110,0,251,88,0.0
1788104910.22,0202,0,0,88,0.0
1788104910.23,010B,43,0,88,0.0
1788104910.25,0900,6,59,88,0.0
1788104910.29,0968,0,0,88,0.0
1788104910.32,096E,10,240,88,0.0
1788104910.33,010B,43,0,88,0.0
1788104910.35,097C,109,236,88,0.0
1788104910.38,098E,0,0,88,0.0
1788104910.38,0110,0,254,88,0.0
1788104910.41,1101,1,0,88,0.0
1788104910.43,010B,43,0,88,0.0
1788104910.45,1103,4,0,88,0.0
1788104910.48,1104,1,0,88,0.0
1788104910.48,0110,0,245,88,0.0
1788104910.51,114A,50,0,88,0.0
1788104910.53,010B,43,0,88,0.0
1788104910.55,114D,36,64,88,0.0
1788104910.58,1153,57,208,88,0.0
1788104910.58,0110,1,1,88,0.0
1788104910.61,1154,29,192,88,0.0
1788104910.63,010B,43,0,88,0.0
1788104910.65,1169,29,181,88,0.0
1788104910.68,1173,2,58,88,0.0
1788104910.68,0110,0,239,88,0.0
1788104910.71,1177,20,120,88,0.0
1788104910.73,010B,43,0,88,0.0
1788104910.74,1410,1,60,88,0.0
1788104910.77,1631,1,0,88,0.0
1788104910.78,0110,0,254,88,0.0
1788104910.81,1678,0,0,88,0.0
1788104910.83,010B,43,0,88,0.0
1788104910.84,1681,0,0,88,0.0
1788104910.88,16CD,0,0,88,0.0
1788104910.88,0110,0,254,88,0.0
1788104910.91,16CE,255,247,88,0.0
1788104910.94,010B,43,0,88,0.0
1788104910.94,16CF,13,19,88,0.0
1788104910.97,16E8,87,53,88,0.0
1788104910.98,0110,0,245,88,0.0
1788104911.01,16E9,0,118,88,0.0
1788104911.03,010B,43,0,88,0.0
1788104911.07,1704,0,0,88,0.0
1788104911.08,0110,0,251,88,0.0
1788104911.10,1706,128,0,88,0.0
1788104911.13,1709,0,0,88,0.0
1788104911.17,1717,1,0,88,0.0
1788104911.18,0110,0,254,88,0.0
1788104911.20,1718,1,0,88,0.0
1788104911.23,1746,0,0,88,0.0
1788104911.23,010B,43,0,88,0.0
1788104911.26,1782,143,64,88,0.0
1788104911.28,0110,0,254,88,0.0
1788104911.30,1783,110,192,88,0.0
1788104911.33,17A0,32,0,88,0.0
1788104911.37,17A6,0,0,88,0.0
1788104911.38,0110,0,210,88,0.0
1788104911.39,17B3,131,0,88,0.0
1788104911.40,17B0,18,0,88,0.0
1788104911.43,17B1,32,0,88,0.0
1788104911.43,010B,42,0,88,0.0
1788104911.46,17B2,4,0,88,0.0
1788104911.48,0110,0,185,88,0.0
1788104911.50,17B3,131,0,88,0.0
1788104911.53,17B5,80,0,88,0.0
1788104911.57,17B6,0,0,88,0.0
1788104911.58,0110,0,183,88,0.0
1788104911.60,17B8,239,0,88,0.0
1788104911.63,17BA,0,0,88,0.0
1788104911.63,010B,40,0,88,0.0
1788104911.66,17BB,0,0,88,0.0
1788104911.69,0110,0,192,88,0.0
1788104911.69,17BC,0,0,88,0.0
1788104911.73,17BD,60,0,88,0.0
1788104911.73,010B,40,0,88,0.0
1788104911.76,17BE,0,0,88,0.0
1788104911.79,0110,0,187,88,0.0
1788104911.82,3201,23,112,88,0.0
1788104911.83,010B,39,0,88,0.0
1788104911.85,990A,43,0,88,0.0
1788104911.89,996E,13,132,88,0.0
1788104911.92,A211,0,0,88,0.0
1788104911.93,010B,38,0,88,0.0
1788104911.95,D100,129,0,88,0.0
1788104911.98,E21B,90,74,88,0.0
1788104911.98,0110,0,183,88,0.0
1788104912.01,E21C,49,56,88,0.0
1788104912.03,010B,37,0,88,0.0
1788104912.05,E21D,56,56,88,0.0
1788104912.08,E21E,70,0,88,0.0
1788104912.08,0110,0,183,88,0.0
1788104912.11,E6F0,90,74,88,0.0
1788104912.13,010B,36,0,88,0.0
1788104912.15,E6F2,240,0,88,0.0
1788104912.18,E6F3,240,0,88,0.0
1788104912.19,0110,0,180,88,0.0
1788104912.21,0105,128,0,88,0.0
1788104912.23,010B,36,0,88,0.0
1788104912.24,010F,96,0,88,0.0
1788104912.28,0110,0,180,88,0.0
1788104912.28,0110,0,180,88,0.0
1788104912.31,010B,35,0,88,0.0
1788104912.33,010B,35,0,88,0.0
1788104912.34,0106,126,0,88,0.0
1788104912.37,0107,131,0,88,0.0
1788104912.38,0110,0,168,88,0.0
1788104912.40,010E,128,0,88,0.0
1788104912.43,010B,34,0,88,0.0
1788104912.44,0142,54,52,88,0.0
1788104912.47,0000,190,63,88,0.0
1788104912.48,0110,0,164,88,0.0
1788104912.50,0002,0,0,88,0.0
1788104912.53,0003,2,0,88,0.0
1788104912.57,0005,128,0,88,0.0
1788104912.58,0110,0,171,88,0.0
1788104912.60,0006,126,0,88,0.0
1788104912.63,0007,131,0,88,0.0
1788104912.63,010B,33,0,88,0.0
1788104912.66,000B,33,0,88,0.0
1788104912.68,0110,0,171,88,0.0
1788104912.70,000C,11,96,88,0.0
1788104912.73,000D,0,0,88,0.0
1788104912.77,000E,134,0,88,0.0
1788104912.78,0110,0,173,88,0.0
1788104912.80,000F,96,0,88,0.0
1788104912.83,0010,0,173,88,0.0
1788104912.83,010B,32,0,88,0.0
1788104912.86,0011,30,0,88,0.0
1788104912.88,0110,0,171,88,0.0
1788104912.89,0013,1,0,88,0.0
1788104912.93,001C,10,0,88,0.0
1788104912.93,010B,32,0,88,0.0
1788104912.96,001F,1,64,88,0.0
1788104912.98,0110,0,173,88,0.0
1788104912.99,0020,128,21,88,0.0
1788104913.02,0021,0,0,88,0.0
1788104913.03,010B,32,0,88,0.0
1788104913.06,002C,0,0,88,0.0
1788104913.09,002E,29,0,88,0.0
1788104913.12,0030,255,0,88,0.0
1788104913.13,010B,32,0,88,0.0
1788104913.15,003C,20,247,88,0.0
1788104913.18,0040,104,0,88,0.0
1788104913.18,0110,0,173,88,0.0
1788104913.22,0042,53,123,88,0.0
1788104913.23,010B,32,0,88,0.0
1788104913.25,0043,0,48,88,0.0
1788104913.29,0200,0,0,88,0.0
1788104913.32,0202,0,0,88,0.0
1788104913.33,010B,32,0,88,0.0
1788104913.35,0900,5,100,88,0.0
1788104913.38,0968,0,0,88,0.0
1788104913.38,0110,0,178,88,0.0
1788104913.39,17B3,130,0,88,0.0
1788104913.41,096E,10,240,88,0.0
1788104913.43,010B,32,0,88,0.0
1788104913.45,097C,109,237,88,0.0
1788104913.48,098E,0,0,88,0.0
1788104913.48,0110,0,175,88,0.0
1788104913.51,1101,0,0,88,0.0
1788104913.53,010B,32,0,88,0.0
1788104913.55,1103,0,0,88,0.0
1788104913.58,1104,0,0,88,0.0
1788104913.59,0110,0,178,88,0.0
1788104913.61,114A,50,0,88,0.0
1788104913.63,010B,32,0,88,0.0
1788104913.65,114D,36,64,88,0.0
1788104913.68,1153,42,52,88,0.0
1788104913.68,0110,0,178,88,0.0
1788104913.71,1154,29,192,88,0.0
1788104913.73,010B,32,0,88,0.0
1788104913.74,1169,29,181,88,0.0
1788104913.77,1173,0,55,88,0.0
1788104913.78,0110,0,175,88,0.0
1788104913.81,1177,18,92,88,0.0
1788104913.84,1410,0,216,88,0.0
1788104913.87,1631,1,0,88,0.0
1788104913.88,0110,0,178,88,0.0
1788104913.90,1678,0,0,88,0.0
1788104913.93,1681,0,0,88,0.0
1788104913.97,16CD,0,0,88,0.0
1788104913.98,0110,0,173,88,0.0
1788104914.00,16CE,255,250,88,0.0
1788104914.03,16CF,13,13,88,0.0
1788104914.03,010B,32,0,88,0.0
1788104914.06,16E8,67,137,88,0.0
1788104914.08,0110,0,175,88,0.0
1788104914.09,16E9,0,118,88,0.0
1788104914.13,16F0,3,131,88,0.0
1788104914.13,010B,32,0,88,0.0
1788104914.17,1704,0,0,88,0.0
1788104914.18,0110,0,178,88,0.0
1788104914.20,1706,128,0,88,0.0
1788104914.23,1709,0,0,88,0.0
1788104914.23,010B,32,0,88,0.0
1788104914.26,1717,1,0,88,0.0
1788104914.28,0110,0,175,88,0.0
1788104914.29,1718,1,0,88,0.0
1788104914.33,1746,0,0,88,0.0
1788104914.33,010B,32,0,88,0.0
1788104914.36,1782,143,64,88,0.0
1788104914.38,0110,0,171,88,0.0
1788104914.39,1783,110,192,88,0.0
1788104914.42,17A0,31,0,88,0.0
1788104914.44,010B,32,0,88,0.0
1788104914.45,17A6,0,0,88,0.0
1788104914.48,0110,0,173,88,0.0
1788104914.49,17B0,19,0,88,0.0
1788104914.53,17B1,32,0,88,0.0
1788104914.53,010B,32,0,88,0.0
1788104914.56,17B2,4,0,88,0.0
1788104914.58,0110,0,173,88,0.0
1788104914.59,17B3,130,0,88,0.0
1788104914.62,17B5,80,0,88,0.0
1788104914.63,010B,32,0,88,0.0
1788104914.65,17B6,0,0,88,0.0
1788104914.69,17B8,239,0,88,0.0
1788104914.72,17BA,0,0,88,0.0
1788104914.73,010B,32,0,88,0.0
1788104914.75,17BB,0,0,88,0.0
1788104914.78,17BC,0,0,88,0.0
1788104914.78,0110,0,175,88,0.0
1788104914.82,17BD,60,0,88,0.0
1788104914.83,010B,32,0,88,0.0
1788104914.85,17BE,0,0,88,0.0
1788104914.89,17C1,234,0,88,0.0
1788104914.92,3201,23,112,88,0.0
1788104914.93,010B,32,0,88,0.0
1788104914.95,990A,43,0,88,0.0
1788104914.98,996E,13,132,88,0.0
1788104914.98,0110,0,173,88,0.0
1788104915.01,A211,0,0,88,0.0
1788104915.03,010B,32,0,88,0.0
1788104915.05,D100,129,0,88,0.0
1788104915.08,E21B,90,74,88,0.0
1788104915.08,0110,0,173,88,0.0
1788104915.11,E21C,49,56,88,0.0
1788104915.13,010B,32,0,88,0.0
1788104915.14,E21D,56,56,88,0.0
1788104915.17,E21E,70,0,88,0.0
1788104915.18,0110,0,173,88,0.0
1788104915.21,E6F0,90,74,88,0.0
1788104915.23,010B,32,0,88,0.0
1788104915.25,E6F2,240,0,88,0.0
1788104915.28,E6F3,240,0,88,0.0
1788104915.28,0110,0,178,88,0.0
1788104915.30,0105,128,0,88,0.0
1788104915.33,010B,32,0,88,0.0
1788104915.34,010F,96,0,88,0.0
1788104915.37,0110,0,173,88,0.0
1788104915.38,0110,0,171,88,0.0
1788104915.39,17B3,130,0,88,0.0
1788104915.40,010B,32,0,88,0.0
1788104915.43,0106,129,0,88,0.0
1788104915.47,0107,131,0,88,0.0
1788104915.48,0110,0,175,88,0.0
1788104915.50,010E,142,0,88,0.0
1788104915.53,0142,53,160,88,0.0
1788104915.54,010B,32,0,88,0.0
1788104915.57,0000,190,63,88,0.0
1788104915.58,0110,0,173,88,0.0
1788104915.60,0002,0,0,88,0.0
1788104915.63,0003,2,0,88,0.0
1788104915.63,010B,32,0,88,0.0
1788104915.66,0005,128,0,88,0.0
1788104915.68,0110,0,178,88,0.0
1788104915.69,0006,130,0,88,0.0
1788104915.73,0007,131,0,88,0.0
1788104915.73,010B,32,0,88,0.0
1788104915.77,000B,32,0,88,0.0
1788104915.78,0110,0,173,88,0.0
1788104915.80,000C,11,36,88,0.0
1788104915.83,000D,0,0,88,0.0
1788104915.83,010B,32,0,88,0.0
1788104915.86,000E,143,0,88,0.0
1788104915.88,0110,0,166,88,0.0
1788104915.89,000F,96,0,88,0.0
1788104915.93,0010,0,168,88,0.0
1788104915.93,010B,32,0,88,0.0
1788104915.96,0011,30,0,88,0.0
1788104915.98,0110,0,178,88,0.0
1788104915.99,0013,1,0,88,0.0
1788104916.02,001C,10,0,88,0.0
1788104916.03,010B,32,0,88,0.0
1788104916.05,001F,1,67,88,0.0
1788104916.09,0020,128,21,88,0.0
1788104916.12,0021,0,0,88,0.0
1788104916.13,010B,32,0,88,0.0
1788104916.15,002C,0,0,88,0.0
1788104916.18,002E,29,0,88,0.0
1788104916.18,0110,0,173,88,0.0
1788104916.21,0030,255,0,88,0.0
1788104916.23,010B,32,0,88,0.0
1788104916.25,003C,20,247,88,0.0
1788104916.28,0040,104,0,88,0.0
1788104916.28,0110,0,178,88,0.0
1788104916.31,0042,53,161,88,0.0
1788104916.33,010B,32,0,88,0.0
1788104916.34,0043,0,48,88,0.0
1788104916.38,0200,0,0,88,0.0
1788104916.38,0110,0,173,88,0.0
1788104916.41,0202,0,0,88,0.0
1788104916.43,010B,32,0,88,0.0
1788104916.45,0900,5,95,88,0.0
1788104916.48,0968,0,0,88,0.0
1788104916.48,0110,0,180,88,0.0
1788104916.51,096E,10,240,88,0.0
1788104916.53,010B,32,0,88,0.0
1788104916.54,097C,109,238,88,0.0
1788104916.57,098E,0,0,88,0.0
1788104916.58,0110,0,173,88,0.0
1788104916.61,1101,0,0,88,0.0
1788104916.64,1103,0,0,88,0.0
1788104916.67,1104,0,0,88,0.0
1788104916.68,0110,0,171,88,0.0
1788104916.70,114A,50,0,88,0.0
1788104916.73,114D,36,64,88,0.0
1788104916.73,010B,32,0,88,0.0
1788104916.77,1153,41,205,88,0.0
1788104916.78,0110,0,180,88,0.0
1788104916.80,1154,29,192,88,0.0
1788104916.83,1169,29,181,88,0.0
1788104916.83,010B,32,0,88,0.0
1788104916.87,1173,3,72,88,0.0
1788104916.88,0110,0,175,88,0.0
1788104916.90,1177,18,52,88,0.0
1788104916.93,1410,0,217,88,0.0
1788104916.94,010B,32,0,88,0.0
1788104916.97,1631,1,0,88,0.0
1788104916.98,0110,0,171,88,0.0
1788104917.00,1678,0,0,88,0.0
1788104917.03,1681,0,0,88,0.0
1788104917.03,010B,32,0,88,0.0
1788104917.06,16CD,0,0,88,0.0
1788104917.08,0110,0,175,88,0.0
1788104917.09,16CE,255,252,88,0.0
1788104917.13,16CF,12,250,88,0.0
1788104917.13,010B,32,0,88,0.0
1788104917.16,16E8,71,218,88,0.0
1788104917.18,0110,0,178,88,0.0
1788104917.19,16E9,0,117,88,0.0
1788104917.22,16F0,3,131,88,0.0
1788104917.23,010B,32,0,88,0.0
1788104917.26,1704,0,0,88,0.0
1788104917.29,1706,128,0,88,0.0
1788104917.32,1709,0,0,88,0.0
1788104917.33,010B,32,0,88,0.0
1788104917.35,1717,1,0,88,0.0
1788104917.38,1718,1,0,88,0.0
1788104917.38,0110,0,178,88,0.0
1788104917.39,17B3,130,0,88,0.0
1788104917.41,1746,0,0,88,0.0
1788104917.44,010B,32,0,88,0.0
1788104917.45,1782,143,64,88,0.0
1788104917.48,1783,110,192,88,0.0
1788104917.48,0110,0,173,88,0.0
1788104917.51,17A0,31,0,88,0.0
1788104917.53,010B,32,0,88,0.0
1788104917.54,17A6,0,0,88,0.0
1788104917.57,17B0,19,0,88,0.0
1788104917.58,0110,0,175,88,0.0
1788104917.61,17B1,32,0,88,0.0
1788104917.63,010B,32,0,88,0.0
1788104917.65,17B2,4,0,88,0.0
1788104917.68,17B3,130,0,88,0.0
1788104917.68,0110,0,173,88,0.0
1788104917.71,17B5,80,0,88,0.0
1788104917.73,010B,32,0,88,0.0
1788104917.74,17B6,0,0,88,0.0
1788104917.77,17B8,239,0,88,0.0
1788104917.78,0110,0,171,88,0.0
1788104917.81,17BA,0,0,88,0.0
1788104917.83,010B,32,0,88,0.0
1788104917.84,17BB,0,0,88,0.0
1788104917.87,17BC,0,0,88,0.0
1788104917.88,0110,0,175,88,0.0
1788104917.90,17BD,60,0,88,0.0
1788104917.93,17BE,0,0,88,0.0
1788104917.97,17C1,234,0,88,0.0
1788104917.99,0110,0,173,88,0.0
1788104918.00,3201,23,112,88,0.0
1788104918.04,990A,43,0,88,0.0
1788104918.07,996E,13,92,88,0.0
1788104918.08,0110,0,175,88,0.0
1788104918.10,A211,0,0,88,0.0
1788104918.13,D100,129,0,88,0.0
1788104918.17,E21B,90,74,88,0.0
1788104918.18,0110,0,175,88,0.0
1788104918.20,E21C,49,56,88,0.0
1788104918.23,E21D,56,56,88,0.0
1788104918.23,010B,32,0,88,0.0
1788104918.26,E21E,70,0,88,0.0
1788104918.28,0110,0,178,88,0.0
1788104918.29,E6F0,90,74,88,0.0
1788104918.33,E6F2,240,0,88,0.0
1788104918.33,010B,32,0,88,0.0
1788104918.36,E6F3,240,0,88,0.0
1788104918.38,0110,0,175,88,0.0
1788104918.39,0105,128,0,88,0.0
1788104918.42,010F,96,0,88,0.0
1788104918.43,010B,32,0,88,0.0
1788104918.45,0110,0,175,88,0.0
1788104918.48,0110,0,178,88,0.0
1788104918.49,010B,32,0,88,0.0
1788104918.52,0106,128,0,88,0.0
1788104918.53,010B,32,0,88,0.0
1788104918.55,0107,131,0,88,0.0
1788104918.58,010E,143,0,88,0.0
1788104918.59,0110,0,171,88,0.0
1788104918.62,0142,53,170,88,0.0
1788104918.63,010B,32,0,88,0.0
1788104918.65,0000,190,63,88,0.0
1788104918.69,0002,0,0,88,0.0
1788104918.72,0003,2,0,88,0.0
1788104918.73,010B,32,0,88,0.0
1788104918.75,0005,128,0,88,0.0
1788104918.78,0006,128,0,88,0.0
1788104918.78,0110,0,173,88,0.0
1788104918.81,0007,131,0,88,0.0
1788104918.83,010B,32,0,88,0.0
1788104918.85,000B,32,0,88,0.0
1788104918.88,000C,11,33,88,0.0
1788104918.88,0110,0,171,88,0.0
1788104918.91,000D,0,0,88,0.0
1788104918.93,010B,32,0,88,0.0
1788104918.94,000E,143,0,88,0.0
1788104918.97,000F,96,0,88,0.0
1788104918.98,0110,0,173,88,0.0
1788104919.01,0010,0,166,88,0.0
1788104919.03,010B,32,0,88,0.0
1788104919.04,0011,30,0,88,0.0
1788104919.08,0013,1,0,88,0.0
1788104919.08,0110,0,173,88,0.0
1788104919.11,001C,10,0,88,0.0
1788104919.13,010B,32,0,88,0.0
1788104919.14,001F,1,70,88,0.0
1788104919.17,0020,128,21,88,0.0
1788104919.19,0110,0,171,88,0.0
1788104919.21,0021,0,0,88,0.0
1788104919.24,002C,0,0,88,0.0
1788104919.27,002E,28,0,88,0.0
1788104919.28,0110,0,175,88,0.0
1788104919.30,0030,255,0,88,0.0
1788104919.33,003C,20,247,88,0.0
1788104919.33,010B,32,0,88,0.0
1788104919.37,0040,104,0,88,0.0
1788104919.39,0110,0,171,88,0.0
1788104919.39,0142,53,172,88,0.0
1788104919.40,0042,53,172,88,0.0
1788104919.44,0043,0,48,88,0.0
1788104919.47,0200,0,0,88,0.0
1788104919.48,0110,0,173,88,0.0
1788104919.50,0202,0,0,88,0.0
1788104919.53,0900,5,95,88,0.0
1788104919.57,0968,0,0,88,0.0
1788104919.58,0110,0,175,88,0.0
1788104919.60,096E,10,240,88,0.0
1788104919.63,097C,109,239,88,0.0
1788104919.63,010B,32,0,88,0.0
1788104919.66,098E,0,0,88,0.0
1788104919.68,0110,0,166,88,0.0
1788104919.69,1101,0,0,88,0.0
1788104919.73,1103,0,0,88,0.0
1788104919.73,010B,32,0,88,0.0
1788104919.76,1104,0,0,88,0.0
1788104919.78,0110,0,175,88,0.0
1788104919.79,114A,49,192,88,0.0
1788104919.82,114D,36,64,88,0.0
1788104919.83,010B,32,0,88,0.0
1788104919.85,1153,106,128,88,0.0
1788104919.88,0110,1,251,88,0.0
1788104919.89,1154,29,192,88,0.0
1788104919.93,1169,29,181,88,0.0
1788104919.93,010B,36,0,88,0.0
1788104919.96,1173,0,195,88,0.0
1788104919.99,1177,22,48,88,0.0
1788104920.02,1410,1,42,88,0.0
1788104920.03,010B,39,0,88,0.0
1788104920.05,1631,1,0,88,0.0
1788104920.09,1678,0,0,88,0.0
1788104920.12,1681,0,0,88,0.0
1788104920.13,010B,39,0,88,0.0
1788104920.15,16CD,0,0,88,0.0
1788104920.18,16CE,255,254,88,0.0
1788104920.18,0110,0,239,88,0.0
1788104920.21,16CF,12,226,88,0.0
1788104920.23,010B,39,0,88,0.0
1788104920.25,16E8,61,119,88,0.0
1788104920.29,16E9,0,118,88,0.0
1788104920.32,16F0,3,131,88,0.0
1788104920.33,010B,39,0,88,0.0
1788104920.35,1704,0,0,88,0.0
1788104920.38,1706,128,0,88,0.0
1788104920.38,0110,1,1,88,0.0
1788104920.41,1709,0,0,88,0.0
1788104920.43,010B,39,0,88,0.0
1788104920.45,1717,1,0,88,0.0
1788104920.48,1718,1,0,88,0.0
1788104920.48,0110,1,47,88,0.0
1788104920.51,1746,0,0,88,0.0
1788104920.53,010B,40,0,88,0.0
1788104920.54,1782,143,64,88,0.0
1788104920.57,1783,110,192,88,0.0
1788104920.58,0110,1,4,88,0.0
1788104920.61,17A0,31,0,88,0.0
1788104920.64,17A6,0,0,88,0.0
1788104920.67,17B0,20,0,88,0.0
1788104920.68,0110,0,245,88,0.0
1788104920.70,17B1,32,0,88,0.0
1788104920.73,17B2,4,0,88,0.0
1788104920.73,010B,41,0,88,0.0
1788104920.77,17B3,130,0,88,0.0
1788104920.78,0110,1,14,88,0.0
1788104920.80,17B5,80,0,88,0.0
1788104920.83,17B6,0,0,88,0.0
1788104920.83,010B,41,0,88,0.0
1788104920.87,17B8,239,0,88,0.0
1788104920.88,0110,1,27,88,0.0
1788104920.90,17BA,0,0,88,0.0
1788104920.93,17BB,0,0,88,0.0
1788104920.93,010B,42,0,88,0.0
1788104920.97,17BC,0,0,88,0.0
1788104920.98,0110,1,8,88,0.0
1788104921.00,17BD,60,0,88,0.0
1788104921.03,17BE,0,0,88,0.0
1788104921.04,010B,42,0,88,0.0
1788104921.06,17C1,234,0,89,0.0
1788104921.08,0110,1,8,89,0.0
1788104921.09,3201,23,112,89,0.0
1788104921.13,990A,45,0,89,0.0
1788104921.14,010B,42,0,89,0.0
1788104921.16,996E,13,32,88,0.0
1788104921.18,0110,0,251,88,0.0
1788104921.20,A211,0,0,88,0.0
1788104921.22,D100,129,0,88,0.0
1788104921.23,010B,43,0,88,0.0
1788104921.26,E21B,90,74,88,0.0
1788104921.29,0110,1,17,88,0.0
1788104921.29,E21C,49,56,88,0.0
1788104921.33,E21D,56,56,88,0.0
1788104921.34,010B,43,0,88,0.0
1788104921.36,E21E,70,0,88,0.0
1788104921.38,0110,0,251,88,0.0
1788104921.39,17B3,130,0,88,0.0
1788104921.42,E6F2,240,0,88,0.0
1788104921.43,010B,43,0,88,0.0
1788104921.45,E6F3,240,0,88,0.0
1788104921.48,0105,128,0,88,0.0
1788104921.48,0110,0,254,88,0.0
1788104921.51,010F,96,0,88,0.0
1788104921.53,010B,43,0,88,0.0
1788104921.55,0110,0,254,88,0.0
1788104921.58,010B,43,0,88,0.0
1788104921.58,0110,0,254,88,0.0
1788104921.62,0106,127,0,88,0.0
1788104921.63,010B,43,0,88,0.0
1788104921.65,0107,131,0,88,0.0
1788104921.68,010E,140,0,88,0.0
1788104921.68,0110,1,1,88,0.0
1788104921.71,0142,52,19,88,0.0
1788104921.73,010B,43,0,88,0.0
1788104921.75,0000,190,63,88,0.0
1788104921.78,0002,0,0,88,0.0
1788104921.79,0110,1,8,88,0.0
1788104921.81,0003,2,0,88,0.0
1788104921.83,010B,43,0,88,0.0
1788104921.85,0005,128,0,88,0.0
1788104921.88,0006,128,0,88,0.0
1788104921.89,0110,1,8,88,0.0
1788104921.91,0007,131,0,88,0.0
1788104921.93,010B,43,0,88,0.0
1788104921.94,000B,43,0,88,0.0
1788104921.97,000C,11,94,88,0.0
1788104921.98,0110,1,8,88,0.0
1788104922.01,000D,0,0,88,0.0
1788104922.04,000E,144,0,88,0.0
1788104922.07,000F,96,0,88,0.0
1788104922.08,0110,1,17,88,0.0
1788104922.10,0010,1,17,88,0.0
1788104922.13,0011,29,0,88,0.0
1788104922.13,010B,44,0,88,0.0
1788104922.17,0013,1,0,88,0.0
1788104922.18,0110,1,14,88,0.0
1788104922.20,001C,10,0,88,0.0
1788104922.23,001F,1,73,88,0.0
1788104922.23,010B,44,0,88,0.0
1788104922.26,0020,128,21,88,0.0
1788104922.28,0110,1,11,88,0.0
1788104922.30,0021,0,0,88,0.0
1788104922.33,002C,0,0,88,0.0
1788104922.33,010B,44,0,88,0.0
1788104922.37,002E,36,0,88,0.0
1788104922.38,0110,1,14,88,0.0
1788104922.40,0030,255,0,88,0.0
1788104922.43,003C,20,247,88,0.0
1788104922.43,010B,44,0,88,0.0
1788104922.46,0040,104,0,88,0.0
1788104922.48,0110,1,14,88,0.0
1788104922.49,0042,52,142,88,0.0
1788104922.53,0043,0,70,88,0.0
1788104922.54,010B,44,0,88,0.0
1788104922.56,0200,0,0,88,0.0
1788104922.59,0110,1,11,88,0.0
1788104922.59,0202,0,0,88,0.0
1788104922.62,0900,6,79,88,0.0
1788104922.63,010B,44,0,88,0.0
1788104922.66,0968,0,0,88,0.0
1788104922.68,0110,1,17,88,0.0
1788104922.69,096E,11,84,88,0.0
1788104922.73,097C,109,240,88,0.0
1788104922.73,010B,44,0,88,0.0
1788104922.76,098E,0,0,88,0.0
1788104922.79,1101,1,0,88,0.0
1788104922.82,1103,4,0,88,0.0
1788104922.83,010B,44,0,88,0.0
1788104922.85,1104,1,0,88,0.0
1788104922.89,114A,50,0,88,0.0
1788104922.92,114D,36,64,88,0.0
1788104922.93,010B,44,0,88,0.0
1788104922.95,1153,60,167,88,0.0
1788104922.98,1154,29,192,88,0.0
1788104922.98,0110,1,14,88,0.0
1788104923.01,1169,29,181,88,0.0
1788104923.04,010B,44,0,88,0.0
1788104923.05,1173,0,95,88,0.0
1788104923.08,1177,21,44,88,0.0
1788104923.08,0110,1,24,88,0.0
1788104923.11,1410,1,75,88,0.0
1788104923.14,010B,45,0,88,0.0
1788104923.14,1631,1,0,88,0.0
1788104923.17,1678,0,0,88,0.0
1788104923.18,0110,1,14,88,0.0
1788104923.21,1681,0,0,88,0.0
1788104923.23,010B,45,0,88,0.0
1788104923.24,16CD,0,0,88,0.0
1788104923.27,16CE,255,248,88,0.0
1788104923.28,0110,1,14,88,0.0
1788104923.30,16CF,12,226,88,0.0
1788104923.33,16E8,81,75,88,0.0
1788104923.33,010B,45,0,88,0.0
1788104923.37,16E9,0,119,88,0.0
1788104923.38,0110,1,8,88,0.0
1788104923.39,17B3,130,0,88,0.0
1788104923.40,16F0,3,131,88,0.0
1788104923.43,1704,0,0,88,0.0
1788104923.43,010B,44,0,88,0.0
1788104923.47,1706,128,0,88,0.0
1788104923.48,0110,0,248,88,0.0
1788104923.50,1709,0,0,88,0.0
1788104923.53,1717,1,0,88,0.0
1788104923.53,010B,44,0,88,0.0
1788104923.57,1718,1,0,88,0.0
1788104923.58,0110,1,1,88,0.0
1788104923.60,1746,0,0,88,0.0
1788104923.63,1782,143,64,88,0.0
1788104923.63,010B,44,0,88,0.0
1788104923.66,1783,110,192,88,0.0
1788104923.68,0110,0,254,88,0.0
1788104923.69,17A0,32,0,88,0.0
1788104923.73,17A6,0,0,88,0.0
1788104923.73,010B,44,0,88,0.0
1788104923.76,17B0,19,0,88,0.0
1788104923.79,0110,1,4,88,0.0
1788104923.79,17B1,32,0,88,0.0
1788104923.82,17B2,4,0,88,0.0
1788104923.83,010B,43,0,88,0.0
1788104923.85,17B3,130,0,88,0.0
1788104923.88,0110,0,245,88,0.0
1788104923.92,17B6,0,0,88,0.0
1788104923.93,010B,43,0,88,0.0
1788104923.96,17B8,239,0,88,0.0
1788104923.99,17BA,0,0,88,0.0
1788104924.02,17BB,0,0,88,0.0
1788104924.03,010B,43,0,88,0.0
1788104924.05,17BC,0,0,88,0.0
1788104924.08,17BD,60,0,88,0.0
1788104924.12,17BE,0,0,88,0.0
1788104924.13,010B,43,0,88,0.0
1788104924.15,17C1,234,0,88,0.0
1788104924.18,3201,23,112,88,0.0
1788104924.18,0110,0,251,88,0.0
1788104924.21,990A,45,0,88,0.0
1788104924.23,010B,43,0,88,0.0
1788104924.24,996E,13,32,88,0.0
1788104924.28,A211,0,0,88,0.0
1788104924.28,0110,0,254,88,0.0
1788104924.31,D100,129,0,88,0.0
1788104924.34,010B,43,0,88,0.0
1788104924.34,E21B,90,74,88,0.0
1788104924.37,E21C,49,56,88,0.0
1788104924.38,0110,0,251,88,0.0
1788104924.40,E21D,56,56,88,0.0
1788104924.44,010B,43,0,88,0.0
1788104924.44,E21E,70,0,88,0.0
1788104924.47,E6F0,90,74,88,0.0
1788104924.48,0110,0,242,88,0.0
1788104924.51,E6F2,240,0,88,0.0
1788104924.54,E6F3,240,0,88,0.0
1788104924.57,0105,128,0,88,0.0
1788104924.58,0110,0,245,88,0.0
1788104924.60,010F,96,0,88,0.0
1788104924.63,0110,0,251,88,0.0
1788104924.63,010B,43,0,88,0.0
1788104924.66,010B,43,0,88,0.0
1788104924.68,0110,1,4,88,0.0
1788104924.70,0106,128,0,88,0.0
1788104924.73,0107,131,0,88,0.0
1788104924.73,010B,43,0,88,0.0
1788104924.76,010E,145,0,88,0.0
1788104924.79,0110,0,254,88,0.0
1788104924.79,0142,53,133,88,0.0
1788104924.83,0000,190,63,88,0.0
1788104924.83,010B,43,0,88,0.0
1788104924.86,0002,0,0,88,0.0
1788104924.88,0110,0,251,88,0.0
1788104924.89,0003,2,0,88,0.0
1788104924.92,0005,128,0,88,0.0
1788104924.93,010B,43,0,88,0.0
1788104924.96,0006,127,0,88,0.0
1788104924.98,0110,1,1,88,0.0
1788104925.00,0007,131,0,88,0.0
1788104925.03,000B,43,0,88,0.0
1788104925.03,010B,43,0,88,0.0
1788104925.06,000C,11,37,88,0.0
1788104925.08,0110,0,248,88,0.0
1788104925.09,000D,0,0,88,0.0
1788104925.12,000E,148,0,88,0.0
1788104925.13,010B,43,0,88,0.0
1788104925.16,000F,96,0,88,0.0
1788104925.18,0110,0,254,88,0.0
1788104925.19,0010,1,1,88,0.0
1788104925.22,0011,30,0,88,0.0
1788104925.23,010B,43,0,88,0.0
1788104925.25,0013,1,0,88,0.0
1788104925.28,001C,10,0,88,0.0
1788104925.32,001F,1,76,88,0.0
1788104925.34,010B,43,0,88,0.0
1788104925.35,0020,128,21,88,0.0
1788104925.38,0021,0,0,88,0.0
1788104925.38,0110,0,254,88,0.0
1788104925.39,0142,53,165,88,0.0
1788104925.42,002C,0,0,88,0.0
1788104925.43,010B,43,0,88,0.0
1788104925.45,002E,35,0,88,0.0
1788104925.48,0030,255,0,88,0.0
1788104925.52,003C,20,248,88,0.0
1788104925.53,010B,43,0,88,0.0
1788104925.55,0040,104,0,88,0.0
1788104925.58,0042,53,154,88,0.0
1788104925.58,0110,1,1,88,0.0
1788104925.61,0043,0,69,88,0.0
1788104925.63,010B,43,0,88,0.0
1788104925.65,0200,0,0,88,0.0
1788104925.68,0202,0,0,88,0.0
1788104925.68,0110,0,254,88,0.0
1788104925.71,0900,6,59,88,0.0
1788104925.74,010B,43,0,88,0.0
1788104925.74,0968,0,0,88,0.0
1788104925.77,096E,11,37,88,0.0
1788104925.78,0110,0,254,88,0.0
1788104925.81,097C,109,241,88,0.0
1788104925.83,010B,43,0,88,0.0
1788104925.84,098E,0,0,88,0.0
1788104925.88,1101,1,0,88,0.0
1788104925.88,0110,0,245,88,0.0
1788104925.91,1103,4,0,88,0.0
1788104925.93,010B,43,0,88,0.0
1788104925.94,1104,1,0,88,0.0
1788104925.97,114A,50,0,88,0.0
1788104925.99,0110,1,1,88,0.0
1788104926.01,114D,36,64,88,0.0
1788104926.03,010B,43,0,88,0.0
1788104926.07,1154,29,192,88,0.0
1788104926.08,0110,0,251,88,0.0
1788104926.10,1169,29,181,88,0.0
1788104926.13,1173,0,115,88,0.0
1788104926.13,010B,43,0,88,0.0
1788104926.16,1177,20,120,88,0.0
1788104926.18,0110,0,254,88,0.0
1788104926.20,1410,1,57,88,0.0
1788104926.23,1631,1,0,88,0.0
1788104926.23,010B,43,0,88,0.0
1788104926.27,1678,0,0,88,0.0
1788104926.28,0110,1,1,88,0.0
1788104926.30,1681,0,0,88,0.0
1788104926.33,16CD,0,0,88,0.0
1788104926.33,010B,43,0,88,0.0
1788104926.36,16CE,255,248,88,0.0
1788104926.38,0110,0,254,88,0.0
1788104926.40,16CF,13,87,88,0.0
1788104926.43,16E8,84,235,88,0.0
1788104926.43,010B,43,0,88,0.0
1788104926.46,16E9,0,119,88,0.0
1788104926.48,0110,0,254,88,0.0
1788104926.49,16F0,3,131,88,0.0
1788104926.52,1704,0,0,88,0.0
1788104926.53,010B,43,0,88,0.0
1788104926.56,1706,128,0,88,0.0
1788104926.58,0110,0,254,88,0.0
1788104926.59,1709,0,0,88,0.0
1788104926.62,1717,1,0,88,0.0
1788104926.63,010B,43,0,88,0.0
1788104926.65,1718,1,0,88,0.0
1788104926.68,1746,0,0,88,0.0
1788104926.72,1782,143,64,88,0.0
1788104926.73,010B,43,0,88,0.0
1788104926.76,1783,110,192,88,0.0
1788104926.79,17A0,32,0,88,0.0
1788104926.82,17A6,0,0,88,0.0
1788104926.83,010B,43,0,88,0.0
1788104926.85,17B0,19,0,88,0.0
1788104926.89,17B1,32,0,88,0.0
1788104926.92,17B2,4,0,88,0.0
1788104926.93,010B,43,0,88,0.0
1788104926.95,17B3,130,0,88,0.0
1788104926.98,17B5,80,0,88,0.0
1788104926.98,0110,0,254,88,0.0
1788104927.01,17B6,0,0,88,0.0
1788104927.03,010B,43,0,88,0.0
1788104927.04,17B8,239,0,88,0.0
1788104927.08,17BA,0,0,88,0.0
1788104927.08,0110,0,251,88,0.0
1788104927.11,17BB,0,0,88,0.0
1788104927.13,010B,43,0,88,0.0
1788104927.14,17BC,0,0,88,0.0
1788104927.17,17BD,60,0,88,0.0
1788104927.18,0110,0,248,88,0.0
1788104927.20,17BE,0,0,88,0.0
1788104927.23,010B,43,0,88,0.0
1788104927.24,17C1,234,0,88,0.0
1788104927.28,3201,23,112,88,0.0
1788104927.28,0110,1,4,88,0.0
1788104927.31,990A,45,0,88,0.0
1788104927.34,996E,13,32,88,0.0
1788104927.37,A211,0,0,88,0.0
1788104927.38,0110,0,248,88,0.0
1788104927.39,17B3,130,0,88,0.0
1788104927.40,D100,129,0,88,0.0
1788104927.44,E21B,90,74,88,0.0
1788104927.47,E21C,49,56,88,0.0
1788104927.48,0110,0,251,88,0.0
1788104927.50,E21D,56,56,88,0.0
1788104927.53,E21E,70,0,88,0.0
1788104927.53,010B,43,0,88,0.0
1788104927.57,E6F0,90,74,88,0.0
1788104927.58,0110,0,251,88,0.0
1788104927.60,E6F2,240,0,88,0.0
1788104927.63,E6F3,240,0,88,0.0
1788104927.63,010B,43,0,88,0.0
1788104927.66,0105,128,0,88,0.0
1788104927.68,0110,0,251,88,0.0
1788104927.69,010F,96,0,88,0.0
1788104927.72,0110,1,1,88,0.0
1788104927.73,010B,43,0,88,0.0
1788104927.76,010B,43,0,88,0.0
1788104927.78,0110,1,1,88,0.0
1788104927.79,0106,128,0,88,0.0
1788104927.82,0107,131,0,88,0.0
1788104927.83,010B,43,0,88,0.0
1788104927.85,010E,144,0,88,0.0
1788104927.88,0142,53,163,88,0.0
1788104927.93,0000,190,63,88,0.0
1788104927.93,010B,43,0,88,0.0
1788104927.96,0002,0,0,88,0.0
1788104927.99,0003,2,0,88,0.0
1788104928.02,0005,128,0,88,0.0
1788104928.03,010B,43,0,88,0.0
1788104928.05,0006,127,0,88,0.0
1788104928.08,0007,131,0,88,0.0
1788104928.12,000B,43,0,88,0.0
1788104928.13,010B,43,0,88,0.0
1788104928.15,000C,11,10,88,0.0
1788104928.18,000D,0,0,88,0.0
1788104928.18,0110,0,254,88,0.0
1788104928.22,000E,144,0,88,0.0
1788104928.23,010B,43,0,88,0.0
1788104928.24,000F,96,0,88,0.0
1788104928.28,0010,0,254,88,0.0
1788104928.28,0110,0,251,88,0.0
1788104928.31,0011,30,0,88,0.0
1788104928.33,010B,43,0,88,0.0
1788104928.34,0013,1,0,88,0.0
1788104928.37,001C,10,0,88,0.0
1788104928.38,0110,1,1,88,0.0
1788104928.40,001F,1,80,88,0.0
1788104928.43,010B,43,0,88,0.0
1788104928.44,0020,128,21,88,0.0
1788104928.48,0021,0,0,88,0.0
1788104928.48,0110,0,248,88,0.0
1788104928.51,002C,0,0,88,0.0
1788104928.53,010B,43,0,88,0.0
1788104928.57,0030,255,0,88,0.0
1788104928.58,0110,0,251,88,0.0
1788104928.60,003C,20,249,88,0.0
1788104928.64,0040,104,0,88,0.0
1788104928.67,0042,53,169,88,0.0
1788104928.68,0110,0,254,88,0.0
1788104928.70,0043,0,69,88,0.0
1788104928.73,0200,0,0,88,0.0
1788104928.73,010B,43,0,88,0.0
1788104928.76,0202,0,0,88,0.0
1788104928.78,0110,0,245,88,0.0
1788104928.80,0900,6,59,88,0.0
1788104928.83,0968,0,0,88,0.0
1788104928.83,010B,43,0,88,0.0
1788104928.86,096E,10,243,88,0.0
1788104928.89,0110,0,245,88,0.0
1788104928.89,097C,109,242,88,0.0
1788104928.92,098E,0,0,88,0.0
1788104928.93,010B,43,0,88,0.0
1788104928.96,1101,1,0,88,0.0
1788104928.98,0110,0,251,88,0.0
1788104928.99,1103,4,0,88,0.0
1788104929.03,1104,1,0,88,0.0
1788104929.03,010B,43,0,88,0.0
1788104929.06,114A,50,0,88,0.0
1788104929.08,0110,0,248,88,0.0
1788104929.09,114D,36,64,88,0.0
1788104929.12,1153,56,191,88,0.0
1788104929.13,010B,43,0,88,0.0
1788104929.16,1154,29,192,88,0.0
1788104929.18,0110,0,248,88,0.0
1788104929.19,1169,29,181,88,0.0
1788104929.22,1173,0,135,88,0.0
1788104929.23,010B,43,0,88,0.0
1788104929.25,1177,20,80,88,0.0
1788104929.28,1410,1,55,88,0.0
1788104929.32,1631,1,0,88,0.0
1788104929.33,010B,43,0,88,0.0
1788104929.35,1678,0,0,88,0.0
1788104929.39,1681,0,0,88,0.0
1788104929.42,16CD,0,0,88,0.0
1788104929.43,010B,43,0,88,0.0
1788104929.45,16CE,255,245,88,0.0
1788104929.48,16CF,13,96,88,0.0
1788104929.48,0110,0,248,88,0.0
1788104929.52,16E8,87,173,88,0.0
1788104929.53,010B,43,0,88,0.0
1788104929.55,16E9,0,120,88,0.0
1788104929.58,16F0,3,131,88,0.0
1788104929.58,0110,0,251,88,0.0
1788104929.61,1704,0,0,88,0.0
1788104929.64,010B,43,0,88,0.0
1788104929.64,1706,128,0,88,0.0
1788104929.68,1709,0,0,88,0.0
1788104929.68,0110,0,248,88,0.0
1788104929.71,1717,1,0,88,0.0
1788104929.73,010B,43,0,88,0.0
1788104929.74,1718,1,0,88,0.0
1788104929.77,1746,0,0,88,0.0
1788104929.78,0110,0,248,88,0.0
1788104929.80,1782,143,64,88,0.0
1788104929.83,010B,43,0,88,0.0
1788104929.84,1783,110,192,88,0.0
1788104929.88,17A0,32,0,88,0.0
1788104929.88,0110,0,245,88,0.0
1788104929.91,17A6,0,0,88,0.0
1788104929.93,010B,43,0,88,0.0
1788104929.97,17B1,32,0,88,0.0
1788104929.98,0110,0,248,88,0.0
1788104930.00,17B2,4,0,88,0.0
1788104930.04,17B3,130,0,88,0.0
1788104930.07,17B5,80,0,88,0.0
1788104930.08,0110,0,245,88,0.0
1788104930.10,17B6,0,0,88,0.0
1788104930.13,17B8,239,0,88,0.0
1788104930.13,010B,43,0,88,0.0
1788104930.16,17BA,0,0,88,0.0
1788104930.18,0110,0,254,88,0.0
1788104930.20,17BB,0,0,88,0.0
1788104930.23,17BC,0,0,88,0.0
1788104930.23,010B,43,0,88,0.0
1788104930.26,17BD,60,0,88,0.0
1788104930.28,0110,0,248,88,0.0
1788104930.29,17BE,0,0,88,0.0
1788104930.33,17C1,234,0,88,0.0
1788104930.33,010B,43,0,88,0.0
1788104930.36,3201,23,112,88,0.0
1788104930.38,0110,0,248,88,0.0
1788104930.40,990A,45,0,88,0.0
1788104930.43,996E,13,32,88,0.0
1788104930.43,010B,43,0,88,0.0
1788104930.46,A211,0,0,88,0.0
1788104930.48,0110,0,245,88,0.0
1788104930.49,D100,129,0,88,0.0
1788104930.52,E21B,90,74,88,0.0
1788104930.53,010B,43,0,88,0.0
1788104930.56,E21C,49,56,88,0.0
1788104930.59,E21D,56,56,88,0.0
1788104930.62,E21E,70,0,88,0.0
1788104930.63,010B,43,0,88,0.0
1788104930.66,E6F0,90,74,88,0.0
1788104930.68,0110,0,251,88,0.0
1788104930.69,E6F2,240,0,88,0.0
1788104930.72,E6F3,240,0,88,0.0
1788104930.73,010B,43,0,88,0.0
1788104930.75,0105,128,0,88,0.0
1788104930.78,010F,96,0,88,0.0
1788104930.78,0110,0,248,88,0.0
1788104930.82,0110,0,251,88,0.0
1788104930.83,010B,43,0,88,0.0
1788104930.85,010B,43,0,88,0.0
1788104930.88,0110,0,245,88,0.0
1788104930.88,0106,129,0,88,0.0
1788104930.92,0107,131,0,88,0.0
1788104930.93,010B,43,0,88,0.0
1788104930.95,010E,146,0,88,0.0
1788104930.98,0142,53,171,88,0.0
1788104930.98,0110,0,245,88,0.0
1788104931.02,0000,190,63,88,0.0
1788104931.03,010B,43,0,88,0.0
1788104931.05,0002,0,0,88,0.0
1788104931.08,0003,2,0,88,0.0
1788104931.12,0005,128,0,88,0.0
1788104931.13,010B,43,0,88,0.0
1788104931.16,0006,129,0,88,0.0
1788104931.19,0007,131,0,88,0.0
1788104931.22,000B,43,0,88,0.0
1788104931.23,010B,43,0,88,0.0
1788104931.25,000C,10,252,88,0.0
1788104931.28,000D,0,0,88,0.0
1788104931.32,000E,143,0,88,0.0
1788104931.33,010B,43,0,88,0.0
1788104931.35,000F,96,0,88,0.0
1788104931.38,0010,0,254,88,0.0
1788104931.39,0110,0,254,88,0.0
1788104931.39,0142,53,167,88,0.0
1788104931.39,17B3,130,0,88,0.0
1788104931.41,0011,30,0,88,0.0
1788104931.43,010B,43,0,88,0.0
1788104931.44,0013,1,0,88,0.0
1788104931.48,001C,10,0,88,0.0
1788104931.49,0110,0,245,88,0.0
1788104931.51,001F,1,83,88,0.0
1788104931.54,010B,43,0,88,0.0
1788104931.54,0020,128,21,88,0.0
1788104931.57,0021,0,0,88,0.0
1788104931.58,0110,0,248,88,0.0
1788104931.60,002C,0,0,88,0.0
1788104931.63,010B,43,0,88,0.0
1788104931.64,002E,35,0,88,0.0
1788104931.68,0030,255,0,88,0.0
1788104931.69,0110,0,248,88,0.0
1788104931.71,003C,20,249,88,0.0
1788104931.73,010B,43,0,88,0.0
1788104931.74,0040,104,0,88,0.0
1788104931.77,0042,53,148,88,0.0
1788104931.78,0110,0,248,88,0.0
1788104931.80,0043,0,68,88,0.0
1788104931.84,0200,0,0,88,0.0
1788104931.87,0202,0,0,88,0.0
1788104931.89,0110,0,251,88,0.0
1788104931.90,0900,6,54,88,0.0
1788104931.93,0968,0,0,88,0.0
1788104931.93,010B,43,0,88,0.0
1788104931.96,096E,10,240,88,0.0
1788104931.99,0110,0,248,88,0.0
1788104932.00,097C,109,243,88,0.0
1788104932.03,098E,0,0,88,0.0
1788104932.03,010B,43,0,88,0.0
1788104932.06,1101,1,0,88,0.0
1788104932.08,0110,0,245,88,0.0
1788104932.09,1103,4,0,88,0.0
1788104932.12,1104,1,0,88,0.0
1788104932.13,010B,43,0,88,0.0
1788104932.16,114A,50,0,88,0.0
1788104932.18,0110,0,254,88,0.0
1788104932.20,114D,36,64,88,0.0
1788104932.23,1153,57,77,88,0.0
1788104932.23,010B,43,0,88,0.0
1788104932.26,1154,29,192,88,0.0
1788104932.28,0110,0,248,88,0.0
1788104932.29,1169,29,181,88,0.0
1788104932.32,1173,1,229,88,0.0
1788104932.34,010B,43,0,88,0.0
1788104932.36,1177,20,120,88,0.0
1788104932.38,0110,0,248,88,0.0
1788104932.39,1410,1,59,88,0.0
1788104932.42,1631,1,0,88,0.0
1788104932.43,010B,43,0,88,0.0
1788104932.46,1678,0,0,88,0.0
1788104932.48,1681,0,0,88,0.0
1788104932.52,16CD,0,0,88,0.0
1788104932.53,010B,43,0,88,0.0
1788104932.56,16CE,255,247,88,0.0
1788104932.59,16CF,13,17,88,0.0
1788104932.62,16E8,86,127,88,0.0
1788104932.63,010B,43,0,88,0.0
1788104932.65,16E9,0,118,88,0.0
1788104932.68,16F0,3,131,88,0.0
1788104932.68,0110,0,254,88,0.0
1788104932.72,1704,0,0,88,0.0
1788104932.74,010B,43,0,88,0.0
1788104932.75,1706,128,0,88,0.0
1788104932.78,1709,0,0,88,0.0
1788104932.79,0110,0,248,88,0.0
1788104932.81,1717,1,0,88,0.0
1788104932.83,010B,43,0,88,0.0
1788104932.84,1718,1,0,88,0.0
1788104932.88,1746,0,0,88,0.0
1788104932.88,0110,0,245,88,0.0
1788104932.91,1782,143,0,88,0.0
1788104932.93,010B,43,0,88,0.0
1788104932.94,1783,110,192,88,0.0
1788104932.97,17A0,31,0,88,0.0
1788104932.98,0110,0,251,88,0.0
1788104933.00,17A6,0,0,88,0.0
1788104933.04,010B,43,0,88,0.0
1788104933.04,17B0,18,0,88,0.0
1788104933.08,17B1,32,0,88,0.0
1788104933.08,0110,0,254,88,0.0
1788104933.11,17B2,4,0,88,0.0
1788104933.14,17B3,130,0,88,0.0
1788104933.17,17B5,80,0,88,0.0
1788104933.18,0110,0,251,88,0.0
1788104933.20,17B6,0,0,88,0.0
1788104933.23,010B,43,0,88,0.0
1788104933.24,17B8,239,0,88,0.0
1788104933.27,17BA,0,0,88,0.0
1788104933.28,0110,0,251,88,0.0
1788104933.30,17BB,0,0,88,0.0
1788104933.33,17BC,0,0,88,0.0
1788104933.33,010B,43,0,88,0.0
1788104933.37,17BD,60,0,88,0.0
1788104933.38,0110,0,248,88,0.0
1788104933.39,0142,53,164,88,0.0
1788104933.40,17BE,0,0,88,0.0
1788104933.44,17C1,234,0,88,0.0
1788104933.47,3201,23,112,88,0.0
1788104933.48,0110,0,239,88,0.0
1788104933.50,990A,45,0,88,0.0
1788104933.53,996E,13,12,88,0.0
1788104933.53,010B,43,0,88,0.0
1788104933.56,A211,0,0,88,0.0
1788104933.58,0110,0,254,88,0.0
1788104933.60,D100,129,0,88,0.0
1788104933.63,E21B,90,74,88,0.0
1788104933.63,010B,43,0,88,0.0
1788104933.66,E21C,49,56,88,0.0
1788104933.69,0110,0,251,88,0.0
1788104933.69,E21D,56,56,88,0.0
1788104933.72,E21E,70,0,88,0.0
1788104933.74,010B,43,0,88,0.0
1788104933.76,E6F0,90,74,88,0.0
1788104933.79,0110,0,245,88,0.0
1788104933.79,E6F2,240,0,88,0.0
1788104933.82,E6F3,240,0,88,0.0
1788104933.83,010B,43,0,88,0.0
1788104933.85,0105,128,0,88,0.0
1788104933.89,0110,0,254,88,0.0
1788104933.89,010F,96,0,88,0.0
1788104933.92,0110,0,254,88,0.0
1788104933.93,010B,43,0,88,0.0
1788104933.95,010B,43,0,88,0.0
1788104933.98,0106,127,0,88,0.0
1788104933.99,0110,0,251,88,0.0
1788104934.02,0107,131,0,88,0.0
1788104934.03,010B,43,0,88,0.0
1788104934.05,010E,143,0,88,0.0
1788104934.08,0142,53,153,88,0.0
1788104934.08,0110,0,248,88,0.0
1788104934.12,0000,190,63,88,0.0
1788104934.14,010B,43,0,88,0.0
1788104934.16,0002,0,0,88,0.0
1788104934.19,0003,2,0,88,0.0
1788104934.22,0005,128,0,88,0.0
1788104934.23,010B,43,0,88,0.0
1788104934.25,0006,126,0,88,0.0
1788104934.28,0007,131,0,88,0.0
1788104934.32,000B,43,0,88,0.0
1788104934.33,010B,43,0,88,0.0
1788104934.35,000C,10,244,88,0.0
1788104934.38,000D,0,0,88,0.0
1788104934.38,0110,0,248,88,0.0
1788104934.41,000E,144,0,88,0.0
1788104934.44,010B,43,0,88,0.0
1788104934.44,000F,96,0,88,0.0
1788104934.48,0010,0,248,88,0.0
1788104934.48,0110,0,248,88,0.0
1788104934.51,0011,29,0,88,0.0
1788104934.53,010B,43,0,88,0.0
1788104934.54,0013,1,0,88,0.0
1788104934.58,001C,10,0,88,0.0
1788104934.59,0110,1,1,88,0.0
1788104934.61,001F,1,86,88,0.0
1788104934.63,010B,43,0,88,0.0
1788104934.64,0020,128,21,88,0.0
1788104934.68,0021,0,0,88,0.0
1788104934.69,0110,0,251,88,0.0
1788104934.71,002C,0,0,88,0.0
1788104934.74,010B,43,0,88,0.0
1788104934.74,002E,35,0,88,0.0
1788104934.77,0030,255,0,88,0.0
1788104934.78,0110,0,251,88,0.0
1788104934.80,003C,20,250,88,0.0
1788104934.84,0040,104,0,88,0.0
1788104934.87,0042,53,159,88,0.0
1788104934.88,0110,0,248,88,0.0
1788104934.90,0043,0,69,88,0.0
1788104934.93,0200,0,0,88,0.0
1788104934.93,010B,43,0,88,0.0
1788104934.96,0202,0,0,88,0.0
1788104934.98,0110,0,248,88,0.0
1788104935.00,0900,6,54,88,0.0
1788104935.03,0968,0,0,88,0.0
1788104935.04,010B,43,0,88,0.0
1788104935.07,096E,10,240,88,0.0
1788104935.08,0110,0,251,88,0.0
1788104935.10,097C,109,244,88,0.0
1788104935.13,098E,0,0,88,0.0
1788104935.13,010B,43,0,88,0.0
1788104935.16,1101,1,0,88,0.0
1788104935.18,0110,0,239,88,0.0
1788104935.20,1103,4,0,88,0.0
1788104935.23,1104,1,0,88,0.0
1788104935.23,010B,43,0,88,0.0
1788104935.26,114A,50,0,88,0.0
1788104935.28,0110,0,251,88,0.0
1788104935.29,114D,36,64,88,0.0
1788104935.32,1153,57,41,88,0.0
1788104935.33,010B,43,0,88,0.0
1788104935.36,1154,29,192,88,0.0
1788104935.39,1169,29,181,88,0.0
1788104935.42,1173,0,175,88,0.0
1788104935.44,010B,43,0,88,0.0
1788104935.45,1177,20,140,88,0.0
1788104935.48,1410,1,55,88,0.0
1788104935.48,0110,0,242,88,0.0
1788104935.52,1631,1,0,88,0.0
1788104935.53,010B,43,0,88,0.0
1788104935.55,1678,0,0,88,0.0
1788104935.58,1681,0,0,88,0.0
1788104935.58,0110,0,245,88,0.0
1788104935.62,16CD,0,0,88,0.0
1788104935.63,010B,43,0,88,0.0
1788104935.65,16CE,255,247,88,0.0
1788104935.68,16CF,13,30,88,0.0
1788104935.72,16E8,80,61,88,0.0
1788104935.73,010B,43,0,88,0.0
1788104935.75,16E9,0,117,88,0.0
1788104935.78,16F0,3,131,88,0.0
1788104935.78,0110,0,248,88,0.0
1788104935.81,1704,0,0,88,0.0
1788104935.84,010B,43,0,88,0.0
1788104935.84,1706,128,0,88,0.0
1788104935.88,1709,0,0,88,0.0
1788104935.88,0110,0,251,88,0.0
1788104935.91,1717,1,0,88,0.0
1788104935.93,010B,43,0,88,0.0
1788104935.94,1718,1,0,88,0.0
1788104935.97,1746,0,0,88,0.0
1788104935.98,0110,0,248,88,0.0
1788104936.00,1782,143,64,88,0.0
1788104936.03,010B,43,0,88,0.0
1788104936.07,17A0,32,0,88,0.0
1788104936.08,0110,0,251,88,0.0
1788104936.11,17A6,0,0,88,0.0
1788104936.14,17B0,19,0,88,0.0
1788104936.17,17B1,32,0,88,0.0
1788104936.18,0110,0,254,88,0.0
1788104936.20,17B2,4,0,88,0.0
1788104936.24,17B3,130,0,88,0.0
1788104936.27,17B5,80,0,88,0.0
1788104936.28,0110,0,251,88,0.0
1788104936.30,17B6,0,0,88,0.0
1788104936.33,17B8,239,0,88,0.0
1788104936.34,010B,43,0,88,0.0
1788104936.36,17BA,0,0,88,0.0
1788104936.38,0110,0,251,88,0.0
1788104936.40,17BB,0,0,88,0.0
1788104936.43,17BC,0,0,88,0.0
1788104936.43,010B,43,0,88,0.0
1788104936.46,17BD,60,0,88,0.0
1788104936.48,0110,0,245,88,0.0
1788104936.49,17BE,0,0,88,0.0
1788104936.52,17C1,234,0,88,0.0
1788104936.54,010B,43,0,88,0.0
1788104936.56,3201,23,112,88,0.0
1788104936.58,0110,0,248,88,0.0
1788104936.59,990A,45,0,88,0.0
1788104936.63,996E,13,12,88,0.0
1788104936.64,010B,43,0,88,0.0
1788104936.66,A211,0,0,88,0.0
1788104936.69,0110,0,248,88,0.0
1788104936.69,D100,129,0,88,0.0
1788104936.72,E21B,90,74,88,0.0
1788104936.73,010B,43,0,88,0.0
1788104936.76,E21C,49,56,88,0.0
1788104936.78,0110,0,251,88,0.0
1788104936.79,E21D,56,56,88,0.0
1788104936.82,E21E,70,0,88,0.0
1788104936.83,010B,43,0,88,0.0
1788104936.86,E6F0,90,74,88,0.0
1788104936.89,E6F2,240,0,88,0.0
1788104936.92,E6F3,240,0,88,0.0
1788104936.93,010B,43,0,88,0.0
1788104936.95,0105,128,0,88,0.0
1788104936.99,0110,0,248,88,0.0
1788104937.02,0110,0,251,88,0.0
1788104937.03,010B,43,0,88,0.0
1788104937.05,010B,43,0,88,0.0
1788104937.08,0106,126,0,88,0.0
1788104937.08,0110,0,242,88,0.0
1788104937.12,0107,131,0,88,0.0
1788104937.13,010B,43,0,88,0.0
1788104937.15,010E,143,0,88,0.0
1788104937.18,0142,53,163,88,0.0
1788104937.18,0110,0,245,88,0.0
1788104937.22,0000,190,63,88,0.0
1788104937.23,010B,43,0,88,0.0
1788104937.25,0002,0,0,88,0.0
1788104937.28,0003,2,0,88,0.0
1788104937.28,0110,0,251,88,0.0
1788104937.32,0005,128,0,88,0.0
1788104937.33,010B,43,0,88,0.0
1788104937.35,0006,128,0,88,0.0
1788104937.38,0007,131,0,88,0.0
1788104937.38,0110,0,245,88,0.0
1788104937.39,17B3,130,0,88,0.0
1788104937.41,000B,43,0,88,0.0
1788104937.43,010B,43,0,88,0.0
1788104937.44,000C,10,244,88,0.0
1788104937.48,000D,0,0,88,0.0
1788104937.48,0110,0,245,88,0.0
1788104937.51,000E,144,0,88,0.0
1788104937.53,010B,43,0,88,0.0
1788104937.54,000F,96,0,88,0.0
1788104937.57,0010,0,248,88,0.0
1788104937.58,0110,0,254,88,0.0
1788104937.60,0011,30,0,88,0.0
1788104937.64,010B,43,0,88,0.0
1788104937.67,001C,10,0,88,0.0
1788104937.68,0110,0,254,88,0.0
1788104937.71,001F,1,88,88,0.0
1788104937.74,0020,128,21,88,0.0
1788104937.77,0021,0,0,88,0.0
1788104937.79,0110,0,254,88,0.0
1788104937.80,002C,0,0,88,0.0
1788104937.84,002E,35,0,88,0.0
1788104937.87,0030,255,0,88,0.0
1788104937.88,0110,0,254,88,0.0
1788104937.90,003C,20,250,88,0.0
1788104937.93,0040,104,0,88,0.0
1788104937.93,010B,43,0,88,0.0
1788104937.96,0042,53,165,88,0.0
1788104937.98,0110,0,242,88,0.0
1788104938.00,0043,0,68,88,0.0
1788104938.04,0200,0,0,88,0.0
1788104938.07,0202,0,0,88,0.0
1788104938.08,0110,0,242,88,0.0
1788104938.10,0900,6,54,88,0.0
1788104938.13,0968,0,0,88,0.0
1788104938.13,010B,43,0,88,0.0
1788104938.16,096E,10,240,88,0.0
1788104938.18,0110,0,254,88,0.0
1788104938.20,097C,109,245,88,0.0
1788104938.23,098E,0,0,88,0.0
1788104938.23,010B,43,0,88,0.0
1788104938.26,1101,1,0,88,0.0
1788104938.28,0110,0,248,88,0.0
1788104938.29,1103,4,0,88,0.0
1788104938.32,1104,1,0,88,0.0
1788104938.33,010B,43,0,88,0.0
1788104938.36,114A,50,0,88,0.0
1788104938.38,0110,0,236,88,0.0
1788104938.39,114D,36,64,88,0.0
1788104938.42,1153,56,224,88,0.0
1788104938.43,010B,43,0,88,0.0
1788104938.46,1154,29,192,88,0.0
1788104938.49,1169,29,181,88,0.0
1788104938.52,1173,1,244,88,0.0
1788104938.53,010B,43,0,88,0.0
1788104938.56,1177,20,100,88,0.0
1788104938.59,1410,1,55,88,0.0
1788104938.62,1631,1,0,88,0.0
1788104938.63,010B,43,0,88,0.0
1788104938.65,1678,0,0,88,0.0
1788104938.68,1681,0,0,88,0.0
1788104938.68,0110,0,248,88,0.0
1788104938.72,16CD,0,0,88,0.0
1788104938.73,010B,43,0,88,0.0
1788104938.75,16CE,255,246,88,0.0
1788104938.78,16CF,13,31,88,0.0
1788104938.78,0110,1,4,88,0.0
1788104938.81,16E8,88,50,88,0.0
1788104938.83,010B,43,0,88,0.0
1788104938.84,16E9,0,118,88,0.0
1788104938.88,16F0,3,131,88,0.0
1788104938.88,0110,0,242,88,0.0
1788104938.91,1704,0,0,88,0.0
1788104938.93,010B,43,0,88,0.0
1788104938.94,1706,128,0,88,0.0
1788104938.97,1709,0,0,88,0.0
1788104938.98,0110,0,248,88,0.0
1788104939.00,1717,1,0,88,0.0
1788104939.04,1718,1,0,88,0.0
1788104939.07,1746,0,0,88,0.0
1788104939.08,0110,0,251,88,0.0
1788104939.10,1782,143,0,88,0.0
1788104939.14,1783,110,192,88,0.0
1788104939.17,17A0,32,0,88,0.0
1788104939.18,0110,0,245,88,0.0
1788104939.20,17A6,0,0,88,0.0
1788104939.24,17B0,19,0,88,0.0
1788104939.27,17B1,32,0,88,0.0
1788104939.28,0110,0,254,88,0.0
1788104939.30,17B2,4,0,88,0.0
1788104939.33,17B3,130,0,88,0.0
1788104939.33,010B,43,0,88,0.0
1788104939.36,17B5,80,0,88,0.0
1788104939.39,0110,0,248,88,0.0
1788104939.40,17B6,0,0,88,0.0
1788104939.43,17B8,239,0,88,0.0
1788104939.43,010B,43,0,88,0.0
1788104939.47,17BA,0,0,88,0.0
1788104939.48,0110,0,245,88,0.0
1788104939.50,17BB,0,0,88,0.0
1788104939.53,17BC,0,0,88,0.0
1788104939.53,010B,43,0,88,0.0
1788104939.56,17BD,60,0,88,0.0
1788104939.58,0110,0,254,88,0.0
1788104939.60,17BE,0,0,88,0.0
1788104939.63,17C1,234,0,88,0.0
1788104939.63,010B,43,0,88,0.0
1788104939.66,3201,23,112,88,0.0
1788104939.68,0110,0,251,88,0.0
1788104939.69,990A,45,0,88,0.0
1788104939.72,996E,13,32,88,0.0
1788104939.73,010B,43,0,88,0.0
1788104939.75,A211,0,0,88,0.0
1788104939.79,D100,129,0,88,0.0
1788104939.82,E21B,90,74,88,0.0
1788104939.84,010B,43,0,88,0.0
1788104939.85,E21C,49,56,88,0.0
1788104939.88,E21D,56,56,88,0.0
1788104939.88,0110,0,245,88,0.0
1788104939.92,E21E,70,0,88,0.0
1788104939.93,010B,43,0,88,0.0
1788104939.95,E6F0,90,74,88,0.0
1788104939.99,E6F2,240,0,88,0.0
1788104940.02,E6F3,240,0,88,0.0
1788104940.03,010B,43,0,88,0.0
1788104940.04,0105,128,0,88,0.0
1788104940.08,010F,96,0,88,0.0
1788104940.08,0110,0,248,88,0.0
1788104940.11,0110,0,248,88,0.0
1788104940.13,010B,43,0,88,0.0
1788104940.14,010B,43,0,88,0.0
1788104940.17,0106,128,0,88,0.0
1788104940.19,0110,0,254,88,0.0
1788104940.21,0107,131,0,88,0.0
1788104940.23,010B,43,0,88,0.0
1788104940.24,010E,144,0,88,0.0
1788104940.27,0142,53,163,88,0.0
1788104940.28,0110,0,248,88,0.0
1788104940.31,0000,190,63,88,0.0
1788104940.34,010B,43,0,88,0.0
1788104940.34,0002,0,0,88,0.0
1788104940.37,0003,2,0,88,0.0
1788104940.38,0110,0,251,88,0.0
1788104940.40,0005,128,0,88,0.0
1788104940.43,0006,129,0,88,0.0
1788104940.48,0007,131,0,88,0.0
1788104940.48,0110,0,254,88,0.0
1788104940.51,000B,43,0,88,0.0
1788104940.54,000C,11,4,88,0.0
1788104940.57,000D,0,0,88,0.0
1788104940.58,0110,0,251,88,0.0
1788104940.60,000E,142,0,88,0.0
1788104940.63,000F,96,0,88,0.0
1788104940.67,0010,0,245,88,0.0
1788104940.69,0110,0,245,88,0.0
1788104940.70,0011,30,0,88,0.0
1788104940.73,0013,1,0,88,0.0
1788104940.73,010B,43,0,88,0.0
1788104940.76,001C,10,0,88,0.0
1788104940.78,0110,1,1,88,0.0
1788104940.79,001F,1,91,88,0.0
1788104940.83,0020,128,21,88,0.0
1788104940.83,010B,43,0,88,0.0
1788104940.86,0021,0,0,88,0.0
1788104940.88,0110,0,236,88,0.0
1788104940.89,002C,0,0,88,0.0
1788104940.93,002E,35,0,88,0.0
1788104940.93,010B,43,0,88,0.0
1788104940.96,0030,255,0,88,0.0
1788104940.98,0110,0,242,88,0.0
1788104940.99,003C,20,250,88,0.0
1788104941.03,0040,104,0,88,0.0
1788104941.03,010B,43,0,88,0.0
1788104941.06,0042,53,159,88,0.0
1788104941.09,0110,0,245,88,0.0
1788104941.12,0200,0,0,88,0.0
1788104941.13,010B,43,0,88,0.0
1788104941.16,0202,0,0,88,0.0
1788104941.19,0900,6,49,88,0.0
1788104941.22,0968,0,0,88,0.0
1788104941.23,010B,43,0,88,0.0
1788104941.25,096E,10,240,89,0.0
1788104941.28,097C,109,253,89,0.0
1788104941.28,0110,0,248,89,0.0
1788104941.31,098E,0,0,89,0.0
1788104941.34,010B,43,0,89,0.0
1788104941.35,1101,1,0,89,0.0
1788104941.38,1103,4,0,88,0.0
1788104941.38,0110,0,254,88,0.0
1788104941.39,17B3,130,0,88,0.0
1788104941.41,1104,1,0,88,0.0
1788104941.43,010B,43,0,88,0.0
1788104941.44,114A,50,64,88,0.0
1788104941.48,114D,36,0,88,0.0
1788104941.49,0110,0,245,88,0.0
1788104941.51,1153,57,52,88,0.0
1788104941.53,010B,43,0,88,0.0
1788104941.55,1154,29,192,88,0.0
1788104941.58,1169,29,181,89,0.0
1788104941.58,0110,0,245,89,0.0
1788104941.61,1173,2,173,89,0.0
1788104941.63,010B,43,0,89,0.0
1788104941.64,1177,20,120,89,0.0
1788104941.67,1410,1,58,88,0.0
1788104941.68,0110,0,251,88,0.0
1788104941.71,1631,1,0,88,0.0
1788104941.74,010B,43,0,88,0.0
1788104941.77,1681,0,0,88,0.0
1788104941.78,0110,0,254,88,0.0
1788104941.80,16CD,0,0,88,0.0
1788104941.83,010B,43,0,88,0.0
1788104941.87,16CF,13,45,89,0.0
1788104941.88,0110,0,248,89,0.0
1788104941.91,16E8,86,102,89,0.0
1788104941.94,16E9,0,118,89,0.0
1788104941.97,16F0,3,131,88,0.0
1788104941.98,0110,0,251,88,0.0
1788104942.00,1704,0,0,88,0.0
1788104942.03,1706,128,0,88,0.0
1788104942.04,010B,43,0,88,0.0
1788104942.07,1709,0,0,88,0.0
1788104942.08,0110,0,245,88,0.0
1788104942.10,1717,1,0,88,0.0
1788104942.13,1718,1,0,88,0.0
1788104942.14,010B,43,0,88,0.0
1788104942.16,1746,0,0,88,0.0
1788104942.18,0110,0,245,88,0.0
1788104942.19,1782,143,64,88,0.0
1788104942.23,1783,110,192,88,0.0
1788104942.23,010B,43,0,88,0.0
1788104942.26,17A0,31,0,88,0.0
1788104942.28,0110,0,248,88,0.0
1788104942.29,17A6,0,0,88,0.0
1788104942.33,17B0,19,0,88,0.0
1788104942.33,010B,43,0,88,0.0
1788104942.36,17B1,32,0,88,0.0
1788104942.38,0110,0,242,88,0.0
1788104942.39,17B2,4,0,88,0.0
1788104942.43,17B3,130,0,88,0.0
1788104942.43,010B,43,0,88,0.0
1788104942.46,17B5,80,0,88,0.0
1788104942.48,0110,0,242,88,0.0
1788104942.49,17B6,0,0,88,0.0
1788104942.52,17B8,239,0,88,0.0
1788104942.53,010B,43,0,88,0.0
1788104942.56,17BA,0,0,89,0.0
1788104942.59,17BB,0,0,89,0.0
1788104942.62,17BC,0,0,89,0.0
1788104942.63,010B,43,0,89,0.0
1788104942.65,17BD,61,0,89,0.0
1788104942.68,17BE,0,0,89,0.0
1788104942.68,0110,0,245,89,0.0
1788104942.71,17C1,234,0,89,0.0
1788104942.73,010B,43,0,89,0.0
1788104942.75,3201,23,112,89,0.0
1788104942.78,990A,44,0,88,0.0
1788104942.79,0110,0,248,88,0.0
1788104942.82,996E,13,52,88,0.0
1788104942.84,010B,43,0,88,0.0
1788104942.85,A211,0,0,88,0.0
1788104942.88,D100,129,0,88,0.0
1788104942.88,0110,0,248,88,0.0
1788104942.91,E21B,90,74,88,0.0
1788104942.93,010B,43,0,88,0.0
1788104942.95,E21C,49,56,88,0.0
1788104942.98,E21D,56,56,89,0.0
1788104942.98,0110,0,245,89,0.0
1788104943.01,E21E,70,0,89,0.0
1788104943.03,010B,43,0,89,0.0
1788104943.04,E6F0,90,74,89,0.0
1788104943.07,E6F2,240,0,89,0.0
1788104943.08,0110,0,254,89,0.0
1788104943.11,E6F3,240,0,89,0.0
1788104943.13,010B,43,0,89,0.0
1788104943.14,0105,128,0,89,0.0
1788104943.17,010F,96,0,88,0.0
1788104943.18,0110,0,254,88,0.0
1788104943.20,0110,0,239,88,0.0
1788104943.23,010B,43,0,88,0.0
1788104943.23,010B,43,0,88,0.0
1788104943.27,0106,127,0,88,0.0
1788104943.28,0110,0,245,88,0.0
1788104943.30,0107,131,0,88,0.0
1788104943.33,010E,147,0,88,0.0
1788104943.33,010B,43,0,88,0.0
1788104943.36,0142,53,168,88,0.0
1788104943.39,0110,0,248,88,0.0
1788104943.40,0000,190,63,88,0.0
1788104943.43,0002,0,0,88,0.0
1788104943.44,010B,43,0,88,0.0
1788104943.47,0003,2,0,89,0.0
1788104943.49,0110,0,251,89,0.0
1788104943.50,0005,129,0,89,0.0
1788104943.53,0006,126,0,89,0.0
1788104943.53,010B,43,0,89,0.0
1788104943.56,0007,131,0,89,0.0
1788104943.59,0110,0,248,89,0.0
1788104943.59,000B,43,0,89,0.0
1788104943.63,000C,10,224,89,0.0
1788104943.63,010B,43,0,89,0.0
1788104943.66,000D,0,0,88,0.0
1788104943.68,0110,0,248,88,0.0
1788104943.69,000E,148,0,88,0.0
1788104943.72,000F,96,0,88,0.0
1788104943.73,010B,43,0,88,0.0
1788104943.75,0010,0,251,88,0.0
1788104943.78,0110,0,251,88,0.0
1788104943.79,0011,30,0,88,0.0
1788104943.83,0013,1,0,88,0.0
1788104943.83,010B,43,0,88,0.0
1788104943.86,001C,10,0,88,0.0
1788104943.89,001F,1,94,88,0.0
1788104943.92,0020,128,21,88,0.0
1788104943.93,010B,43,0,88,0.0
1788104943.95,0021,0,0,88,0.0
1788104943.99,002C,0,0,88,0.0
1788104944.02,002E,35,0,88,0.0
1788104944.03,010B,43,0,88,0.0
1788104944.05,0030,255,0,88,0.0
1788104944.08,003C,20,251,88,0.0
1788104944.08,0110,0,251,88,0.0
1788104944.11,0040,104,0,88,0.0
1788104944.13,010B,43,0,88,0.0
1788104944.15,0042,53,170,88,0.0
1788104944.18,0043,0,69,89,0.0
1788104944.18,0110,0,254,89,0.0
1788104944.21,0200,0,0,89,0.0
1788104944.23,010B,43,0,89,0.0
1788104944.24,0202,0,0,89,0.0
1788104944.28,0900,6,59,89,0.0
1788104944.29,0110,0,251,89,0.0
1788104944.31,0968,0,0,89,0.0
1788104944.33,010B,43,0,89,0.0
1788104944.34,096E,10,240,89,0.0
1788104944.37,097C,109,254,88,0.0
1788104944.38,0110,0,254,88,0.0
1788104944.40,098E,0,0,88,0.0
1788104944.43,1101,1,0,88,0.0
1788104944.44,010B,43,0,88,0.0
1788104944.47,1103,4,0,88,0.0
1788104944.48,0110,0,254,88,0.0
1788104944.51,1104,1,0,88,0.0
1788104944.54,114A,50,64,88,0.0
1788104944.57,114D,36,64,88,0.0
1788104944.58,0110,0,248,88,0.0
1788104944.60,1153,57,104,88,0.0
1788104944.63,1154,29,192,88,0.0
1788104944.67,1169,29,181,88,0.0
1788104944.68,0110,0,251,88,0.0
1788104944.70,1173,0,85,88,0.0
1788104944.73,1177,20,100,88,0.0
1788104944.73,010B,43,0,88,0.0
1788104944.76,1410,1,56,89,0.0
1788104944.78,0110,0,248,89,0.0
1788104944.79,1631,1,0,89,0.0
1788104944.83,1678,0,0,89,0.0
1788104944.83,010B,43,0,89,0.0
1788104944.86,1681,0,0,88,0.0
1788104944.88,0110,0,242,88,0.0
1788104944.90,16CD,0,0,88,0.0
1788104944.93,16CE,255,247,88,0.0
1788104944.93,010B,43,0,88,0.0
1788104944.96,16CF,13,62,89,0.0
1788104944.98,0110,0,242,89,0.0
1788104944.99,16E8,86,144,89,0.0
1788104945.03,16E9,0,117,89,0.0
1788104945.03,010B,43,0,89,0.0
1788104945.06,16F0,3,131,89,0.0
1788104945.09,0110,0,245,89,0.0
1788104945.09,1704,0,0,89,0.0
1788104945.12,1706,128,0,89,0.0
1788104945.13,010B,43,0,89,0.0
1788104945.15,1709,0,0,89,0.0
1788104945.18,0110,0,248,89,0.0
1788104945.22,1718,1,0,89,0.0
1788104945.24,010B,43,0,89,0.0
1788104945.26,1746,0,0,89,0.0
1788104945.28,1782,143,0,89,0.0
1788104945.28,0110,0,248,89,0.0
1788104945.32,1783,110,192,89,0.0
1788104945.33,010B,43,0,89,0.0
1788104945.35,17A0,32,0,89,0.0
1788104945.39,17A6,0,0,89,0.0
1788104945.42,17B0,18,0,89,0.0
1788104945.43,010B,43,0,89,0.0
1788104945.45,17B1,32,0,89,0.0
1788104945.48,17B2,4,0,89,0.0
1788104945.48,0110,0,251,89,0.0
1788104945.51,17B3,130,0,89,0.0
1788104945.53,010B,43,0,89,0.0
1788104945.55,17B5,80,0,89,0.0
1788104945.58,17B6,0,0,89,0.0
1788104945.58,0110,0,248,89,0.0
1788104945.61,17B8,239,0,89,0.0
1788104945.63,010B,43,0,89,0.0
1788104945.64,17BA,0,0,89,0.0
1788104945.67,17BB,0,0,88,0.0
1788104945.68,0110,0,242,88,0.0
1788104945.71,17BC,0,0,88,0.0
1788104945.73,010B,43,0,88,0.0
1788104945.74,17BD,61,0,88,0.0
1788104945.78,17BE,0,0,88,0.0
1788104945.78,0110,0,248,88,0.0
1788104945.81,17C1,234,0,88,0.0
1788104945.83,010B,43,0,88,0.0
1788104945.87,990A,43,0,88,0.0
1788104945.88,0110,0,251,88,0.0
1788104945.91,996E,13,92,88,0.0
1788104945.94,A211,0,0,88,0.0
1788104945.97,D100,129,0,89,0.0
1788104945.98,0110,0,242,89,0.0
1788104946.00,E21B,90,74,89,0.0
1788104946.03,E21C,49,56,89,0.0
1788104946.07,E21D,56,56,89,0.0
1788104946.08,0110,0,245,89,0.0
1788104946.10,E21E,70,0,89,0.0
1788104946.13,E6F0,90,74,89,0.0
1788104946.13,010B,43,0,89,0.0
1788104946.16,E6F2,240,0,89,0.0
1788104946.18,0110,0,242,89,0.0
1788104946.19,E6F3,240,0,89,0.0
1788104946.23,0105,128,0,89,0.0
1788104946.24,010B,43,0,89,0.0
1788104946.26,010F,96,0,89,0.0
1788104946.28,0110,0,245,89,0.0
1788104946.29,0110,0,248,89,0.0
1788104946.33,010B,43,0,89,0.0
1788104946.33,010B,43,0,89,0.0
1788104946.36,0106,127,0,89,0.0
1788104946.38,0110,0,248,89,0.0
1788104946.39,0107,131,0,89,0.0
1788104946.43,010E,146,0,89,0.0
1788104946.43,010B,43,0,89,0.0
1788104946.46,0142,53,172,88,0.0
1788104946.48,0110,0,242,88,0.0
1788104946.49,0000,190,63,88,0.0
1788104946.52,0002,0,0,88,0.0
1788104946.53,010B,43,0,88,0.0
1788104946.56,0003,2,0,89,0.0
1788104946.59,0110,0,245,89,0.0
1788104946.59,0005,128,0,89,0.0
1788104946.63,0006,127,0,89,0.0
1788104946.63,010B,43,0,89,0.0
1788104946.66,0007,131,0,88,0.0
1788104946.68,0110,0,248,88,0.0
1788104946.69,000B,43,0,88,0.0
1788104946.72,000C,10,226,88,0.0
1788104946.74,010B,43,0,88,0.0
1788104946.75,000D,0,0,89,0.0
1788104946.79,000E,149,0,89,0.0
1788104946.82,000F,96,0,89,0.0
1788104946.83,010B,43,0,89,0.0
1788104946.85,0010,0,251,89,0.0
1788104946.88,0011,30,0,89,0.0
1788104946.88,0110,0,251,89,0.0
1788104946.91,0013,1,0,89,0.0
1788104946.93,010B,43,0,89,0.0
1788104946.95,001C,10,0,89,0.0
1788104946.98,001F,1,97,88,0.0
1788104946.98,0110,0,245,88,0.0
1788104947.01,0020,128,21,88,0.0
1788104947.03,010B,43,0,88,0.0
1788104947.04,0021,0,0,88,0.0
1788104947.07,002C,0,0,89,0.0
1788104947.08,0110,1,1,89,0.0
1788104947.11,002E,34,0,89,0.0
1788104947.13,010B,43,0,89,0.0
1788104947.14,0030,255,0,89,0.0
1788104947.18,003C,20,251,88,0.0
1788104947.18,0110,0,251,88,0.0
1788104947.21,0040,104,0,88,0.0
1788104947.23,010B,43,0,88,0.0
1788104947.27,0043,0,69,88,0.0
1788104947.28,0110,0,245,88,0.0
1788104947.31,0200,0,0,88,0.0
1788104947.34,0202,0,0,88,0.0
1788104947.37,0900,6,59,88,0.0
1788104947.39,0110,0,245,88,0.0
1788104947.39,17B3,130,0,88,0.0
1788104947.40,0968,0,0,88,0.0
1788104947.43,096E,10,240,88,0.0
1788104947.47,097C,109,254,88,0.0
1788104947.49,0110,0,248,88,0.0
1788104947.50,098E,0,0,88,0.0
1788104947.53,1101,1,0,88,0.0
1788104947.53,010B,43,0,88,0.0
1788104947.56,1103,4,0,89,0.0
1788104947.58,0110,0,245,89,0.0
1788104947.59,1104,1,0,89,0.0
1788104947.63,114A,50,64,89,0.0
1788104947.63,010B,43,0,89,0.0
1788104947.66,114D,36,64,89,0.0
1788104947.68,0110,0,248,89,0.0
1788104947.69,1153,56,91,89,0.0
1788104947.72,1154,29,128,89,0.0
1788104947.73,010B,43,0,89,0.0
1788104947.76,1169,29,181,89,0.0
1788104947.78,0110,0,251,89,0.0
1788104947.79,1173,0,105,89,0.0
1788104947.83,1177,20,120,89,0.0
1788104947.83,010B,43,0,89,0.0
1788104947.86,1410,1,56,89,0.0
1788104947.89,1631,1,0,89,0.0
1788104947.92,1678,0,0,89,0.0
1788104947.93,010B,43,0,89,0.0
1788104947.95,1681,0,0,88,0.0
1788104947.99,16CD,0,0,88,0.0
1788104948.02,16CE,255,247,88,0.0
1788104948.03,010B,43,0,88,0.0
1788104948.06,16CF,13,49,89,0.0
1788104948.09,16E8,89,26,89,0.0
1788104948.12,16E9,0,119,89,0.0
1788104948.13,010B,43,0,89,0.0
1788104948.15,16F0,3,131,89,0.0
1788104948.19,1704,0,0,89,0.0
1788104948.22,1706,128,0,89,0.0
1788104948.24,010B,43,0,89,0.0
1788104948.25,1709,0,0,89,0.0
1788104948.28,1717,1,0,89,0.0
1788104948.29,0110,0,248,89,0.0
1788104948.31,1718,1,0,89,0.0
1788104948.33,010B,43,0,89,0.0
1788104948.35,1746,0,0,89,0.0
1788104948.38,1782,143,0,88,0.0
1788104948.38,0110,0,248,88,0.0
1788104948.41,1783,110,192,88,0.0
1788104948.43,010B,43,0,88,0.0
1788104948.44,17A0,31,0,88,0.0
1788104948.48,17A6,0,0,88,0.0
1788104948.48,0110,0,207,88,0.0
1788104948.51,17B0,19,0,88,0.0
1788104948.53,010B,42,0,88,0.0
1788104948.55,17B1,32,0,88,0.0
1788104948.58,17B2,4,0,89,0.0
1788104948.58,0110,0,192,89,0.0
1788104948.61,17B3,130,0,89,0.0
1788104948.63,010B,41,0,89,0.0
1788104948.64,17B5,80,0,89,0.0
1788104948.67,17B6,0,0,89,0.0
1788104948.68,0110,0,192,89,0.0
1788104948.71,17B8,239,0,89,0.0
1788104948.73,010B,40,0,89,0.0
1788104948.77,17BB,0,0,88,0.0
1788104948.79,0110,0,192,88,0.0
1788104948.80,17BC,0,0,88,0.0
1788104948.83,17BD,61,0,88,0.0
1788104948.83,010B,39,0,88,0.0
1788104948.87,17BE,0,0,89,0.0
1788104948.88,0110,0,185,89,0.0
1788104948.91,17C1,234,0,89,0.0
1788104948.94,3201,23,112,89,0.0
1788104948.97,990A,43,0,89,0.0
1788104948.98,0110,0,180,89,0.0
1788104949.00,996E,13,132,89,0.0
1788104949.03,A211,0,0,89,0.0
1788104949.03,010B,38,0,89,0.0
1788104949.07,D100,129,0,89,0.0
1788104949.08,0110,0,187,89,0.0
1788104949.10,E21B,90,74,89,0.0
1788104949.13,E21C,49,56,89,0.0
1788104949.13,010B,37,0,89,0.0
1788104949.16,E21D,56,56,89,0.0
1788104949.19,0110,0,183,89,0.0
1788104949.19,E21E,70,0,89,0.0
1788104949.23,E6F0,90,74,89,0.0
1788104949.23,010B,36,0,89,0.0
1788104949.26,E6F2,240,0,89,0.0
1788104949.28,0110,0,178,89,0.0
1788104949.29,E6F3,240,0,89,0.0
1788104949.32,0105,128,0,89,0.0
1788104949.33,010B,35,0,89,0.0
1788104949.35,010F,96,0,89,0.0
1788104949.38,0110,0,180,89,0.0
1788104949.38,0142,54,55,89,0.0
1788104949.42,010B,35,0,89,0.0
1788104949.44,010B,35,0,89,0.0
1788104949.45,0106,127,0,88,0.0
1788104949.48,0107,131,0,88,0.0
1788104949.48,0110,0,175,88,0.0
1788104949.51,010E,127,0,88,0.0
1788104949.53,010B,34,0,88,0.0
1788104949.55,0142,54,39,88,0.0
1788104949.59,0000,190,63,89,0.0
1788104949.62,0002,0,0,89,0.0
1788104949.63,010B,33,0,89,0.0
1788104949.65,0003,2,0,88,0.0
1788104949.68,0005,129,0,88,0.0
1788104949.69,0110,0,173,88,0.0
1788104949.71,0006,127,0,88,0.0
1788104949.73,010B,33,0,88,0.0
1788104949.75,0007,131,0,88,0.0
1788104949.78,000B,33,0,89,0.0
1788104949.78,0110,0,175,89,0.0
1788104949.81,000C,11,114,89,0.0
1788104949.83,010B,33,0,89,0.0
1788104949.84,000D,0,0,89,0.0
1788104949.87,000E,132,0,89,0.0
1788104949.88,0110,0,175,89,0.0
1788104949.91,000F,96,0,89,0.0
1788104949.94,010B,32,0,89,0.0
1788104949.94,0010,0,175,89,0.0
1788104949.97,0011,30,0,89,0.0
1788104949.98,0110,0,175,89,0.0
1788104950.00,0013,1,0,89,0.0
1788104950.04,001C,10,0,89,0.0
1788104950.07,001F,1,100,89,0.0
1788104950.08,0110,0,178,89,0.0
1788104950.11,0020,128,21,89,0.0
1788104950.14,0021,0,0,89,0.0
1788104950.17,002C,0,0,89,0.0
1788104950.18,0110,0,171,89,0.0
1788104950.20,002E,29,0,89,0.0
1788104950.23,0030,255,0,89,0.0
1788104950.23,010B,32,0,89,0.0
1788104950.27,003C,20,251,89,0.0
1788104950.28,0110,0,178,89,0.0
1788104950.30,0040,104,0,89,0.0
1788104950.33,0042,53,114,89,0.0
1788104950.33,010B,32,0,89,0.0
1788104950.36,0043,0,48,89,0.0
1788104950.38,0110,0,180,89,0.0
1788104950.39,0200,0,0,89,0.0
1788104950.43,0202,0,0,89,0.0
1788104950.43,010B,32,0,89,0.0
1788104950.47,0900,5,100,88,0.0
1788104950.48,0110,0,178,88,0.0
1788104950.50,0968,0,0,88,0.0
1788104950.53,096E,10,240,88,0.0
1788104950.53,010B,32,0,88,0.0
1788104950.56,097C,109,255,89,0.0
1788104950.58,0110,0,183,89,0.0
1788104950.59,098E,0,0,89,0.0
1788104950.63,1101,0,0,89,0.0
1788104950.63,010B,32,0,89,0.0
1788104950.66,1103,0,0,89,0.0
1788104950.68,0110,0,183,89,0.0
1788104950.69,1104,0,0,89,0.0
1788104950.72,114A,50,64,89,0.0
1788104950.74,010B,32,0,89,0.0
1788104950.75,114D,36,0,89,0.0
1788104950.78,0110,0,180,89,0.0
1788104950.79,1153,42,65,89,0.0
1788104950.83,1154,29,192,89,0.0
1788104950.83,010B,32,0,89,0.0
1788104950.86,1169,29,181,89,0.0
1788104950.88,0110,0,180,89,0.0
1788104950.89,1173,0,65,89,0.0
1788104950.92,1177,18,132,89,0.0
1788104950.93,010B,32,0,89,0.0
1788104950.96,1410,0,218,88,0.0
1788104950.99,1631,1,0,88,0.0
1788104951.02,1678,0,0,88,0.0
1788104951.03,010B,32,0,88,0.0
1788104951.06,1681,0,0,89,0.0
1788104951.08,16CD,0,0,89,0.0
1788104951.08,0110,0,175,89,0.0
1788104951.12,16CE,255,251,89,0.0
1788104951.13,010B,32,0,89,0.0
1788104951.15,16CF,13,46,89,0.0
1788104951.19,16E8,66,171,89,0.0
1788104951.22,16E9,0,118,89,0.0
1788104951.24,010B,32,0,89,0.0
1788104951.25,16F0,3,131,89,0.0
1788104951.28,1704,0,0,89,0.0
1788104951.28,0110,0,173,89,0.0
1788104951.31,1706,128,0,89,0.0
1788104951.33,010B,32,0,89,0.0
1788104951.35,1709,0,0,89,0.0
1788104951.39,1717,1,0,89,0.0
1788104951.42,1718,1,0,89,0.0
1788104951.43,010B,32,0,89,0.0
1788104951.45,1746,0,0,89,0.0
1788104951.48,1782,143,0,89,0.0
1788104951.48,0110,0,175,89,0.0
1788104951.51,1783,110,192,89,0.0
1788104951.54,010B,32,0,89,0.0
1788104951.55,17A0,31,0,89,0.0
1788104951.58,17A6,0,0,89,0.0
1788104951.58,0110,0,171,89,0.0
1788104951.61,17B0,18,0,89,0.0
1788104951.63,010B,32,0,89,0.0
1788104951.64,17B1,32,0,89,0.0
1788104951.67,17B2,4,0,89,0.0
1788104951.68,0110,0,178,89,0.0
1788104951.71,17B3,130,0,89,0.0
1788104951.73,010B,32,0,89,0.0
1788104951.74,17B5,80,0,89,0.0
1788104951.78,17B6,0,0,89,0.0
1788104951.78,0110,0,173,89,0.0
1788104951.81,17B8,239,0,89,0.0
1788104951.83,010B,32,0,89,0.0
1788104951.84,17BA,0,0,89,0.0
1788104951.87,17BB,0,0,89,0.0
1788104951.88,0110,0,175,89,0.0
1788104951.91,17BC,0,0,89,0.0
1788104951.94,17BD,61,0,89,0.0
1788104951.97,17BE,0,0,89,0.0
1788104951.98,0110,0,171,89,0.0
1788104952.00,17C1,234,0,89,0.0
1788104952.03,3201,23,112,89,0.0
1788104952.03,010B,32,0,89,0.0
1788104952.07,990A,43,0,89,0.0
1788104952.08,0110,0,171,89,0.0
1788104952.10,996E,13,132,89,0.0
1788104952.13,A211,0,0,89,0.0
1788104952.13,010B,32,0,89,0.0
1788104952.16,D100,129,0,89,0.0
1788104952.18,0110,0,173,89,0.0
1788104952.20,E21B,90,74,89,0.0
1788104952.23,E21C,49,56,89,0.0
1788104952.23,010B,32,0,89,0.0
1788104952.26,E21D,56,56,89,0.0
1788104952.28,0110,0,173,89,0.0
1788104952.29,E21E,70,0,89,0.0
1788104952.32,E6F0,90,74,89,0.0
1788104952.33,010B,32,0,89,0.0
1788104952.35,E6F2,240,0,89,0.0
1788104952.38,0110,0,175,89,0.0
1788104952.39,E6F3,240,0,89,0.0
1788104952.42,0105,129,0,89,0.0
1788104952.43,010B,32,0,89,0.0
1788104952.45,010F,96,0,88,0.0
1788104952.48,0110,0,173,88,0.0
1788104952.48,0110,0,173,88,0.0
1788104952.52,010B,32,0,88,0.0
1788104952.53,010B,32,0,88,0.0
1788104952.55,0106,129,0,89,0.0
1788104952.58,0107,131,0,89,0.0
1788104952.58,0110,0,175,89,0.0
1788104952.62,010E,141,0,89,0.0
1788104952.63,010B,32,0,89,0.0
1788104952.65,0142,53,181,89,0.0
1788104952.68,0000,190,63,89,0.0
1788104952.68,0110,0,180,89,0.0
1788104952.71,0002,0,0,89,0.0
1788104952.73,010B,32,0,89,0.0
1788104952.75,0003,2,0,89,0.0
1788104952.79,0005,129,0,89,0.0
1788104952.82,0006,130,0,89,0.0
1788104952.83,010B,32,0,89,0.0
1788104952.85,0007,131,0,89,0.0
1788104952.88,000B,32,0,89,0.0
1788104952.88,0110,0,175,89,0.0
1788104952.91,000C,11,52,89,0.0
1788104952.93,010B,32,0,89,0.0
1788104952.95,000D,0,0,89,0.0
1788104952.98,000E,141,0,89,0.0
1788104952.98,0110,0,173,89,0.0
1788104953.01,000F,96,0,89,0.0
1788104953.03,010B,32,0,89,0.0
1788104953.04,0010,0,173,89,0.0
1788104953.07,0011,30,0,89,0.0
1788104953.08,0110,0,173,89,0.0
1788104953.11,0013,1,0,89,0.0
1788104953.13,010B,32,0,89,0.0
1788104953.14,001C,10,0,89,0.0
1788104953.17,001F,1,104,89,0.0
1788104953.18,0110,0,173,89,0.0
1788104953.20,0020,128,21,89,0.0
1788104953.24,0021,0,0,89,0.0
1788104953.27,002C,0,0,89,0.0
1788104953.29,0110,0,175,89,0.0
1788104953.30,002E,29,0,89,0.0
1788104953.33,0030,255,0,89,0.0
1788104953.33,010B,32,0,89,0.0
1788104953.36,003C,20,251,89,0.0
1788104953.38,0110,0,175,89,0.0
1788104953.39,17B3,130,0,89,0.0
1788104953.40,0040,104,0,89,0.0
1788104953.43,0042,53,186,89,0.0
1788104953.43,010B,32,0,89,0.0
1788104953.47,0043,0,48,89,0.0
1788104953.48,0110,0,173,89,0.0
1788104953.50,0200,0,0,89,0.0
1788104953.53,0202,0,0,89,0.0
1788104953.53,010B,32,0,89,0.0
1788104953.56,0900,5,95,89,0.0
1788104953.58,0110,0,173,89,0.0
1788104953.59,0968,0,0,89,0.0
1788104953.63,096E,10,240,89,0.0
1788104953.63,010B,32,0,89,0.0
1788104953.66,097C,110,0,89,0.0
1788104953.68,0110,0,171,89,0.0
1788104953.72,1101,0,0,89,0.0
1788104953.73,010B,32,0,89,0.0
1788104953.75,1103,0,0,89,0.0
1788104953.79,1104,0,0,89,0.0
1788104953.82,114A,50,64,89,0.0
1788104953.83,010B,32,0,89,0.0
1788104953.85,114D,36,0,89,0.0
1788104953.88,1153,41,123,89,0.0
1788104953.88,0110,0,173,89,0.0
1788104953.91,1154,29,192,89,0.0
1788104953.93,010B,32,0,89,0.0
1788104953.95,1169,29,181,89,0.0
1788104953.99,1173,2,223,89,0.0
1788104954.02,1177,18,72,89,0.0
1788104954.03,010B,32,0,89,0.0
1788104954.05,1410,0,212,89,0.0
1788104954.08,1631,1,0,89,0.0
1788104954.08,0110,0,173,89,0.0
1788104954.11,1678,0,0,89,0.0
1788104954.13,010B,32,0,89,0.0
1788104954.15,1681,0,0,89,0.0
1788104954.18,16CD,0,0,89,0.0
1788104954.18,0110,0,168,89,0.0
1788104954.21,16CE,255,252,89,0.0
1788104954.23,010B,32,0,89,0.0
1788104954.24,16CF,13,81,89,0.0
1788104954.27,16E8,76,137,89,0.0
1788104954.28,0110,0,178,89,0.0
1788104954.31,16E9,0,118,89,0.0
1788104954.33,010B,32,0,89,0.0
1788104954.34,16F0,3,131,89,0.0
1788104954.38,1704,0,0,89,0.0
1788104954.39,0110,0,175,89,0.0
1788104954.41,1706,128,0,89,0.0
1788104954.44,1709,0,0,89,0.0
1788104954.47,1717,1,0,89,0.0
1788104954.48,0110,0,171,89,0.0
1788104954.51,1718,1,0,89,0.0
1788104954.54,1746,0,0,89,0.0
1788104954.57,1782,143,0,89,0.0
1788104954.58,0110,0,175,89,0.0
1788104954.60,1783,110,192,89,0.0
1788104954.63,17A0,32,0,89,0.0
1788104954.64,010B,32,0,89,0.0
1788104954.67,17A6,0,0,89,0.0
1788104954.68,0110,0,175,89,0.0
1788104954.70,17B0,19,0,89,0.0
1788104954.74,17B1,32,0,89,0.0
1788104954.77,17B2,4,0,89,0.0
1788104954.78,0110,0,168,89,0.0
1788104954.80,17B3,130,0,89,0.0
1788104954.83,17B5,80,0,89,0.0
1788104954.84,010B,32,0,89,0.0
1788104954.87,17B6,0,0,89,0.0
1788104954.88,0110,0,175,89,0.0
1788104954.90,17B8,239,0,89,0.0
1788104954.93,17BA,0,0,89,0.0
1788104954.93,010B,32,0,89,0.0
1788104954.96,17BB,0,0,89,0.0
1788104954.98,0110,0,173,89,0.0
1788104954.99,17BC,0,0,89,0.0
1788104955.03,17BD,61,0,89,0.0
1788104955.03,010B,32,0,89,0.0
1788104955.06,17BE,0,0,89,0.0
1788104955.08,0110,0,178,89,0.0
1788104955.09,17C1,234,0,89,0.0
1788104955.12,3201,23,112,89,0.0
1788104955.13,010B,32,0,89,0.0
1788104955.15,990A,43,0,89,0.0
1788104955.19,996E,13,112,89,0.0
1788104955.23,A211,0,0,89,0.0
1788104955.24,010B,32,0,89,0.0
1788104955.26,D100,129,0,89,0.0
1788104955.29,E21B,90,74,89,0.0
1788104955.32,E21C,49,56,89,0.0
1788104955.33,010B,32,0,89,0.0
1788104955.35,E21D,56,56,89,0.0
1788104955.39,E21E,70,0,89,0.0
1788104955.42,E6F0,90,74,89,0.0
1788104955.43,010B,32,0,89,0.0
1788104955.45,E6F2,240,0,89,0.0
1788104955.48,E6F3,240,0,89,0.0
1788104955.48,0110,0,168,89,0.0
1788104955.51,0105,129,0,89,0.0
1788104955.53,010B,32,0,89,0.0
1788104955.54,010F,96,0,89,0.0
1788104955.57,0110,0,171,89,0.0
1788104955.58,0110,0,171,89,0.0
1788104955.61,010B,32,0,89,0.0
1788104955.64,010B,32,0,89,0.0
1788104955.64,0106,129,0,89,0.0
1788104955.67,0107,131,0,89,0.0
1788104955.68,0110,0,168,89,0.0
1788104955.70,010E,142,0,89,0.0
1788104955.73,0142,53,172,89,0.0
1788104955.77,0000,190,63,89,0.0
1788104955.78,0110,0,171,89,0.0
1788104955.80,0002,0,0,89,0.0
1788104955.84,0003,2,0,89,0.0
1788104955.87,0005,129,0,89,0.0
1788104955.88,0110,0,171,89,0.0
1788104955.90,0006,129,0,89,0.0
1788104955.94,0007,131,0,89,0.0
1788104955.97,000B,32,0,89,0.0
1788104955.98,0110,0,173,89,0.0
1788104956.00,000C,11,20,89,0.0
1788104956.03,000D,0,0,89,0.0
1788104956.03,010B,32,0,89,0.0
1788104956.07,000E,143,0,89,0.0
1788104956.09,0110,0,171,89,0.0
1788104956.10,000F,96,0,89,0.0
1788104956.13,0010,0,171,89,0.0
1788104956.13,010B,32,0,89,0.0
1788104956.16,0011,30,0,89,0.0
1788104956.18,0110,0,173,89,0.0
1788104956.19,0013,1,0,89,0.0
1788104956.23,001C,10,0,89,0.0
1788104956.23,010B,32,0,89,0.0
1788104956.27,001F,1,107,89,0.0
1788104956.28,0110,0,175,89,0.0
1788104956.30,0020,128,21,89,0.0
1788104956.33,0021,0,0,89,0.0
1788104956.33,010B,32,0,89,0.0
1788104956.36,002C,0,0,89,0.0
1788104956.38,0110,0,168,89,0.0
1788104956.39,002E,28,0,89,0.0
1788104956.43,0030,255,0,89,0.0
1788104956.44,010B,32,0,89,0.0
1788104956.46,003C,20,251,89,0.0
1788104956.49,0040,104,0,89,0.0
1788104956.52,0042,53,169,89,0.0
1788104956.53,010B,32,0,89,0.0
1788104956.55,0043,0,47,89,0.0
1788104956.58,0200,0,0,89,0.0
1788104956.62,0202,0,0,89,0.0
1788104956.63,010B,32,0,89,0.0
1788104956.66,0900,5,95,89,0.0
1788104956.69,0968,0,0,89,0.0
1788104956.72,096E,10,240,89,0.0
1788104956.73,010B,32,0,89,0.0
1788104956.75,097C,110,1,89,0.0
1788104956.79,098E,0,0,89,0.0
1788104956.82,1101,0,0,89,0.0
1788104956.83,010B,32,0,89,0.0
1788104956.85,1103,0,0,89,0.0
1788104956.88,1104,0,0,89,0.0
1788104956.88,0110,0,175,89,0.0
1788104956.91,114A,50,64,89,0.0
1788104956.94,010B,32,0,89,0.0
1788104956.94,114D,36,0,89,0.0
1788104956.98,1153,41,82,89,0.0
1788104956.98,0110,0,171,89,0.0
1788104957.02,1154,29,192,89,0.0
1788104957.03,010B,32,0,89,0.0
1788104957.05,1169,29,181,89,0.0
1788104957.08,1173,0,185,89,0.0
1788104957.08,0110,0,175,89,0.0
1788104957.11,1177,18,32,89,0.0
1788104957.14,010B,32,0,89,0.0
1788104957.14,1410,0,221,89,0.0
1788104957.18,1631,1,0,89,0.0
1788104957.18,0110,0,171,89,0.0
1788104957.21,1678,0,0,89,0.0
1788104957.23,010B,32,0,89,0.0
1788104957.24,1681,0,0,89,0.0
1788104957.27,16CD,0,0,89,0.0
1788104957.28,0110,1,138,89,0.0
1788104957.31,16CE,255,252,89,0.0
1788104957.34,16CF,12,252,89,0.0
1788104957.37,16E8,71,29,89,0.0
1788104957.38,0110,1,71,89,0.0
1788104957.39,17B3,130,0,89,0.0
1788104957.40,16E9,0,118,89,0.0
1788104957.43,16F0,3,131,89,0.0
1788104957.43,010B,36,0,89,0.0
1788104957.46,1704,0,0,89,0.0
1788104957.49,0110,0,245,89,0.0
1788104957.50,1706,128,0,89,0.0
1788104957.53,1709,0,0,89,0.0
1788104957.53,010B,37,0,89,0.0
1788104957.56,1717,1,0,89,0.0
1788104957.58,0110,0,236,89,0.0
1788104957.59,1718,1,0,89,0.0
1788104957.62,1746,0,0,89,0.0
1788104957.63,010B,37,0,89,0.0
1788104957.66,1782,143,0,89,0.0
1788104957.68,0110,0,230,89,0.0
1788104957.69,1783,110,192,89,0.0
1788104957.72,17A0,31,0,89,0.0
1788104957.73,010B,37,0,89,0.0
1788104957.75,17A6,0,0,89,0.0
1788104957.78,17B0,20,0,89,0.0
1788104957.82,17B1,32,0,89,0.0
1788104957.83,010B,38,0,89,0.0
1788104957.85,17B2,4,0,89,0.0
1788104957.88,17B3,130,0,89,0.0
1788104957.88,0110,1,20,89,0.0
1788104957.92,17B5,80,0,89,0.0
1788104957.93,010B,39,0,89,0.0
1788104957.95,17B6,0,0,89,0.0
1788104957.98,17B8,239,0,89,0.0
1788104958.02,17BA,0,0,89,0.0
1788104958.03,010B,40,0,89,0.0
1788104958.05,17BB,0,0,89,0.0
1788104958.08,17BC,0,0,89,0.0
1788104958.08,0110,0,245,89,0.0
1788104958.11,17BD,61,0,89,0.0
1788104958.13,010B,40,0,89,0.0
1788104958.14,17BE,0,0,89,0.0
1788104958.18,17C1,234,0,89,0.0
1788104958.18,0110,1,20,89,0.0
1788104958.21,3201,23,112,89,0.0
1788104958.23,010B,40,0,89,0.0
1788104958.24,990A,44,0,89,0.0
1788104958.27,996E,13,52,89,0.0
1788104958.28,0110,1,33,89,0.0
1788104958.30,A211,0,0,89,0.0
1788104958.33,010B,41,0,89,0.0
1788104958.34,D100,129,0,89,0.0
1788104958.38,E21B,90,74,89,0.0
1788104958.39,0110,1,14,89,0.0
1788104958.41,E21C,49,56,89,0.0
1788104958.44,E21D,56,56,89,0.0
1788104958.47,E21E,70,0,89,0.0
1788104958.48,0110,1,4,89,0.0
1788104958.50,E6F0,90,74,89,0.0
1788104958.54,E6F2,240,0,89,0.0
1788104958.57,E6F3,240,0,89,0.0
1788104958.58,0110,1,1,89,0.0
1788104958.60,0105,129,0,89,0.0
1788104958.63,010F,96,0,89,0.0
1788104958.63,010B,42,0,89,0.0
1788104958.66,0110,0,245,89,0.0
1788104958.68,0110,1,4,89,0.0
1788104958.70,010B,42,0,89,0.0
1788104958.73,0106,128,0,89,0.0
1788104958.73,010B,42,0,89,0.0
1788104958.76,0107,131,0,89,0.0
1788104958.78,0110,0,251,89,0.0
1788104958.79,010E,144,0,89,0.0
1788104958.82,0142,51,223,89,0.0
1788104958.83,010B,42,0,89,0.0
1788104958.86,0000,190,63,89,0.0
1788104958.88,0110,1,1,89,0.0
1788104958.90,0002,0,0,89,0.0
1788104958.93,0003,2,0,89,0.0
1788104958.94,010B,42,0,89,0.0
1788104958.96,0005,129,0,89,0.0
1788104958.98,0110,1,4,89,0.0
1788104958.99,0006,127,0,89,0.0
1788104959.02,0007,131,0,89,0.0
1788104959.03,010B,42,0,89,0.0
1788104959.06,000B,42,0,89,0.0
1788104959.08,0110,0,254,89,0.0
1788104959.09,000C,11,92,89,0.0
1788104959.12,000D,0,0,89,0.0
1788104959.13,010B,43,0,89,0.0
1788104959.15,000E,144,0,89,0.0
1788104959.18,000F,96,0,89,0.0
1788104959.22,0010,1,4,89,0.0
1788104959.24,010B,43,0,89,0.0
1788104959.26,0011,30,0,89,0.0
1788104959.29,0013,1,0,89,0.0
1788104959.31,001C,10,0,89,0.0
1788104959.33,010B,43,0,89,0.0
1788104959.35,001F,1,110,89,0.0
1788104959.38,0020,128,21,89,0.0
1788104959.39,17B3,130,0,89,0.0
1788104959.42,0021,0,0,89,0.0
1788104959.43,010B,43,0,89,0.0
1788104959.45,002C,0,0,89,0.0
1788104959.48,002E,36,0,89,0.0
1788104959.48,0110,1,8,89,0.0
1788104959.51,0030,255,0,89,0.0
1788104959.53,010B,43,0,89,0.0
1788104959.54,003C,20,251,89,0.0
1788104959.58,0040,104,0,89,0.0
1788104959.59,0110,1,4,89,0.0
1788104959.61,0042,52,88,89,0.0
1788104959.63,010B,43,0,89,0.0
1788104959.64,0043,0,69,89,0.0
1788104959.67,0200,0,0,89,0.0
1788104959.69,0110,1,4,89,0.0
1788104959.71,0202,0,0,89,0.0
1788104959.73,010B,43,0,89,0.0
1788104959.74,0900,6,64,89,0.0
1788104959.78,0968,0,0,89,0.0
1788104959.79,0110,1,8,89,0.0
1788104959.81,096E,11,84,89,0.0
1788104959.84,097C,110,1,89,0.0
1788104959.87,098E,0,0,89,0.0
1788104959.88,0110,1,11,89,0.0
1788104959.90,1101,1,0,89,0.0
1788104959.94,1103,4,0,89,0.0
1788104959.97,1104,1,0,89,0.0
1788104959.98,0110,1,11,89,0.0
1788104960.00,114A,50,64,89,0.0
1788104960.03,114D,36,0,89,0.0
1788104960.03,010B,44,0,89,0.0
1788104960.06,1153,60,12,89,0.0
1788104960.08,0110,1,20,89,0.0
1788104960.10,1154,29,192,89,0.0
1788104960.13,1169,29,181,89,0.0
1788104960.14,010B,44,0,89,0.0
1788104960.16,1173,0,70,89,0.0
1788104960.18,0110,1,11,89,0.0
1788104960.19,1177,20,200,89,0.0
1788104960.22,1410,1,67,89,0.0
1788104960.23,010B,44,0,89,0.0
1788104960.27,1631,1,0,89,0.0
1788104960.28,0110,1,17,89,0.0
1788104960.30,1678,0,0,89,0.0
1788104960.33,1681,0,0,89,0.0
1788104960.33,010B,44,0,89,0.0
1788104960.35,16CD,0,0,89,0.0
1788104960.39,0110,1,24,89,0.0
1788104960.39,16CE,255,245,89,0.0
1788104960.42,16CF,13,58,89,0.0
1788104960.43,010B,45,0,89,0.0
1788104960.46,16E8,101,155,89,0.0
1788104960.49,16E9,0,118,89,0.0
1788104960.52,16F0,3,131,89,0.0
1788104960.53,010B,45,0,89,0.0
1788104960.55,1704,0,0,89,0.0
1788104960.58,1706,128,0,89,0.0
1788104960.62,1709,0,0,89,0.0
1788104960.63,010B,45,0,89,0.0
1788104960.65,1717,1,0,89,0.0
1788104960.68,1718,1,0,89,0.0
1788104960.68,0110,1,8,89,0.0
1788104960.71,1746,0,0,89,0.0
1788104960.74,010B,45,0,89,0.0
1788104960.74,1782,143,0,89,0.0
1788104960.79,1783,110,192,89,0.0
1788104960.79,0110,1,14,89,0.0
1788104960.82,17A0,32,0,89,0.0
1788104960.83,010B,45,0,89,0.0
1788104960.85,17A6,0,0,89,0.0
1788104960.88,17B0,19,0,89,0.0
1788104960.88,0110,1,8,89,0.0
1788104960.91,17B1,32,0,89,0.0
1788104960.93,010B,44,0,89,0.0
1788104960.94,17B2,4,0,89,0.0
1788104960.98,17B3,130,0,89,0.0
1788104960.98,0110,0,254,89,0.0
1788104961.01,17B5,80,0,89,0.0
1788104961.04,17B6,0,0,89,0.0
1788104961.07,17B8,239,0,89,0.0
1788104961.08,0110,0,254,89,0.0
1788104961.10,17BA,0,0,89,0.0
1788104961.14,17BB,0,0,89,0.0
1788104961.17,17BC,0,0,89,0.0
1788104961.18,0110,0,242,89,0.0
1788104961.20,17BD,61,0,89,0.0
1788104961.23,17BE,0,0,89,0.0
1788104961.23,010B,43,0,89,0.0
1788104961.26,17C1,234,0,89,0.0
1788104961.28,0110,0,248,89,0.0
1788104961.30,3201,23,112,89,0.0
1788104961.33,990A,45,0,89,0.0
1788104961.33,010B,43,0,89,0.0
1788104961.37,996E,13,32,89,0.0
1788104961.38,0110,0,242,89,0.0
1788104961.39,17B3,130,0,89,0.0
1788104961.40,A211,0,0,89,0.0
1788104961.43,D100,129,0,89,0.0
1788104961.43,010B,43,0,89,0.0
1788104961.46,E21B,90,74,89,0.0
1788104961.49,0110,0,248,89,0.0
1788104961.50,E21C,49,56,89,0.0
1788104961.53,E21D,56,56,89,0.0
1788104961.53,010B,43,0,89,0.0
1788104961.56,E21E,70,0,89,0.0
1788104961.58,0110,0,251,89,0.0
1788104961.59,E6F0,90,74,89,0.0
1788104961.62,E6F2,240,0,89,0.0
1788104961.63,010B,42,0,89,0.0
1788104961.66,E6F3,240,0,89,0.0
1788104961.68,0110,0,251,89,0.0
1788104961.69,0105,129,0,89,0.0
1788104961.72,010F,96,0,89,0.0
1788104961.73,010B,42,0,89,0.0
1788104961.75,0110,0,251,89,0.0
1788104961.78,010B,42,0,89,0.0
1788104961.78,0110,0,251,89,0.0
1788104961.81,0106,128,0,89,0.0
1788104961.83,010B,42,0,89,0.0
1788104961.85,0107,131,0,89,0.0
1788104961.88,010E,143,0,89,0.0
1788104961.88,0110,0,251,89,0.0
1788104961.91,0142,53,131,89,0.0
1788104961.93,010B,42,0,89,0.0
1788104961.94,0000,190,63,89,0.0
1788104961.98,0002,0,0,89,0.0
1788104961.98,0110,1,1,89,0.0
1788104962.01,0003,2,0,89,0.0
1788104962.03,010B,42,0,89,0.0
1788104962.05,0005,129,0,89,0.0
1788104962.08,0006,127,0,89,0.0
1788104962.08,0110,0,248,89,0.0
1788104962.11,0007,131,0,89,0.0
1788104962.13,010B,42,0,89,0.0
1788104962.14,000B,42,0,89,0.0
1788104962.18,000C,11,20,89,0.0
1788104962.18,0110,0,254,89,0.0
1788104962.21,000D,0,0,89,0.0
1788104962.23,010B,43,0,89,0.0
1788104962.24,000E,151,0,89,0.0
1788104962.27,000F,96,0,89,0.0
1788104962.28,0110,0,254,89,0.0
1788104962.30,0010,0,248,89,0.0
1788104962.33,010B,43,0,89,0.0
1788104962.34,0011,30,0,89,0.0
1788104962.38,0013,1,0,89,0.0
1788104962.39,0110,0,251,89,0.0
1788104962.41,001C,10,0,89,0.0
1788104962.44,001F,1,113,89,0.0
1788104962.47,0020,128,21,89,0.0
1788104962.48,0110,0,248,89,0.0
1788104962.50,0021,0,0,89,0.0
1788104962.54,002C,0,0,89,0.0
1788104962.57,002E,34,0,89,0.0
1788104962.58,0110,1,4,89,0.0
1788104962.60,0030,255,0,89,0.0
1788104962.63,003C,20,251,89,0.0
1788104962.63,010B,43,0,89,0.0
1788104962.66,0040,104,0,89,0.0
1788104962.68,0110,0,251,89,0.0
1788104962.70,0042,53,171,89,0.0
1788104962.73,0043,0,69,89,0.0
1788104962.73,010B,43,0,89,0.0
1788104962.76,0200,0,0,89,0.0
1788104962.78,0110,0,254,89,0.0
1788104962.79,0202,0,0,89,0.0
1788104962.82,0900,6,59,89,0.0
1788104962.83,010B,43,0,89,0.0
1788104962.86,0968,0,0,89,0.0
1788104962.88,0110,0,254,89,0.0
1788104962.90,096E,11,41,89,0.0
1788104962.93,097C,110,2,89,0.0
1788104962.93,010B,43,0,89,0.0
1788104962.96,098E,0,0,89,0.0
1788104962.99,0110,0,248,89,0.0
1788104962.99,1101,1,0,89,0.0
1788104963.02,1103,4,0,89,0.0
1788104963.03,010B,43,0,89,0.0
1788104963.06,1104,1,0,89,0.0
1788104963.09,114A,50,64,89,0.0
1788104963.12,114D,36,0,89,0.0
1788104963.13,010B,43,0,89,0.0
1788104963.15,1153,57,111,89,0.0
1788104963.18,1154,29,192,89,0.0
1788104963.19,0110,1,4,89,0.0
1788104963.22,1169,29,181,89,0.0
1788104963.23,010B,43,0,89,0.0
1788104963.25,1173,0,85,89,0.0
1788104963.28,1177,20,100,89,0.0
1788104963.28,0110,0,248,89,0.0
1788104963.32,1410,1,60,89,0.0
1788104963.34,010B,43,0,89,0.0
1788104963.35,1631,1,0,89,0.0
1788104963.38,1678,0,0,89,0.0
1788104963.39,17B3,130,0,89,0.0
1788104963.42,1681,0,0,89,0.0
1788104963.43,010B,43,0,89,0.0
1788104963.45,16CD,0,0,89,0.0
1788104963.48,16CE,255,247,89,0.0
1788104963.48,0110,0,248,89,0.0
1788104963.51,16CF,13,22,89,0.0
1788104963.53,010B,43,0,89,0.0
1788104963.54,16E8,87,165,89,0.0
1788104963.58,16E9,0,119,89,0.0
1788104963.58,0110,0,245,89,0.0
1788104963.61,16F0,3,131,89,0.0
1788104963.63,010B,43,0,89,0.0
1788104963.64,1704,0,0,89,0.0
1788104963.67,1706,128,0,89,0.0
1788104963.68,0110,0,251,89,0.0
1788104963.70,1709,0,0,89,0.0
1788104963.74,010B,43,0,89,0.0
1788104963.74,1717,1,0,89,0.0
1788104963.78,1718,1,0,89,0.0
1788104963.78,0110,0,245,89,0.0
1788104963.81,1746,0,0,89,0.0
1788104963.84,1782,143,0,89,0.0
1788104963.87,1783,110,192,89,0.0
1788104963.88,0110,0,251,89,0.0
1788104963.90,17A0,32,0,89,0.0
1788104963.94,17A6,0,0,89,0.0
1788104963.97,17B0,19,0,89,0.0
1788104963.98,0110,0,254,89,0.0
1788104964.00,17B1,32,0,89,0.0
1788104964.03,17B2,4,0,89,0.0
1788104964.03,010B,43,0,89,0.0
1788104964.06,17B3,130,0,89,0.0
1788104964.08,0110,0,251,89,0.0
1788104964.10,17B5,80,0,89,0.0
1788104964.13,17B6,0,0,89,0.0
1788104964.13,010B,43,0,89,0.0
1788104964.16,17B8,239,0,89,0.0
1788104964.19,0110,1,1,89,0.0
1788104964.19,17BA,0,0,89,0.0
1788104964.23,17BB,0,0,89,0.0
1788104964.23,010B,43,0,89,0.0
1788104964.26,17BC,0,0,89,0.0
1788104964.29,0110,0,245,89,0.0
1788104964.30,17BD,61,0,89,0.0
1788104964.33,17BE,0,0,89,0.0
1788104964.33,010B,43,0,89,0.0
1788104964.36,17C1,234,0,89,0.0
1788104964.38,0110,0,248,89,0.0
1788104964.39,0142,53,163,89,0.0
1788104964.39,3201,23,112,89,0.0
1788104964.42,990A,44,0,89,0.0
1788104964.43,010B,43,0,89,0.0
1788104964.46,996E,13,52,89,0.0
1788104964.48,0110,0,254,89,0.0
1788104964.49,A211,0,0,89,0.0
1788104964.52,D100,129,0,89,0.0
1788104964.53,010B,43,0,89,0.0
1788104964.55,E21B,90,74,89,0.0
1788104964.58,E21C,49,56,89,0.0
1788104964.62,E21D,56,56,89,0.0
1788104964.63,010B,43,0,89,0.0
1788104964.66,E21E,70,0,89,0.0
1788104964.69,E6F0,90,74,89,0.0
1788104964.72,E6F2,240,0,89,0.0
1788104964.74,010B,43,0,89,0.0
1788104964.75,E6F3,240,0,89,0.0
1788104964.78,0105,129,0,89,0.0
1788104964.78,0110,0,251,89,0.0
1788104964.81,010F,96,0,89,0.0
1788104964.83,010B,43,0,89,0.0
1788104964.84,0110,0,245,89,0.0
1788104964.88,010B,43,0,89,0.0
1788104964.88,0110,0,248,89,0.0
1788104964.91,0106,127,0,89,0.0
1788104964.93,010B,43,0,89,0.0
1788104964.94,0107,131,0,89,0.0
1788104964.97,010E,148,0,89,0.0
1788104964.98,0110,0,251,89,0.0
1788104965.01,0142,53,158,89,0.0
1788104965.03,010B,43,0,89,0.0
1788104965.04,0000,190,63,89,0.0
1788104965.08,0002,0,0,89,0.0
1788104965.08,0110,0,248,89,0.0
1788104965.11,0003,2,0,89,0.0
1788104965.13,010B,43,0,89,0.0
1788104965.14,0005,129,0,89,0.0
1788104965.18,0006,127,0,89,0.0
1788104965.18,0110,0,251,89,0.0
1788104965.21,0007,131,0,89,0.0
1788104965.23,010B,43,0,89,0.0
1788104965.24,000B,43,0,89,0.0
1788104965.27,000C,10,241,89,0.0
1788104965.28,0110,0,251,89,0.0
1788104965.30,000D,0,0,89,0.0
1788104965.34,000E,148,0,89,0.0
1788104965.37,000F,96,0,89,0.0
1788104965.38,0110,0,251,89,0.0
1788104965.39,17B3,130,0,89,0.0
1788104965.40,0010,0,242,89,0.0
1788104965.43,0011,30,0,89,0.0
1788104965.43,010B,43,0,89,0.0
1788104965.47,0013,1,0,89,0.0
1788104965.48,0110,0,239,89,0.0
1788104965.50,001C,10,0,89,0.0
1788104965.54,001F,1,116,89,0.0
1788104965.57,0020,128,21,89,0.0
1788104965.58,0110,0,245,89,0.0
1788104965.60,0021,0,0,89,0.0
1788104965.63,002C,0,0,89,0.0
1788104965.63,010B,43,0,89,0.0
1788104965.66,002E,35,0,89,0.0
1788104965.69,0110,0,248,89,0.0
1788104965.70,0030,255,0,89,0.0
1788104965.73,003C,20,252,89,0.0
1788104965.73,010B,43,0,89,0.0
1788104965.76,0040,104,0,89,0.0
1788104965.78,0110,0,251,89,0.0
1788104965.79,0042,53,162,89,0.0
1788104965.82,0043,0,69,89,0.0
1788104965.83,010B,43,0,89,0.0
1788104965.86,0200,0,0,89,0.0
1788104965.88,0110,0,248,89,0.0
1788104965.89,0202,0,0,89,0.0
1788104965.93,0900,6,59,89,0.0
1788104965.93,010B,43,0,89,0.0
1788104965.96,0968,0,0,89,0.0
1788104965.98,0110,0,245,89,0.0
1788104965.99,096E,10,248,89,0.0
1788104966.02,097C,110,10,89,0.0
1788104966.03,010B,43,0,89,0.0
1788104966.06,098E,0,0,89,0.0
1788104966.09,1101,1,0,89,0.0
1788104966.12,1103,4,0,89,0.0
1788104966.14,010B,43,0,89,0.0
1788104966.15,1104,1,0,89,0.0
1788104966.18,114A,50,64,89,0.0
1788104966.22,114D,36,0,89,0.0
1788104966.23,010B,43,0,89,0.0
1788104966.26,1153,57,110,89,0.0
1788104966.28,1154,29,192,89,0.0
1788104966.28,0110,0,251,89,0.0
1788104966.32,1169,29,181,89,0.0
1788104966.33,010B,43,0,89,0.0
1788104966.35,1173,0,80,89,0.0
1788104966.38,1177,20,60,89,0.0
1788104966.38,0110,0,242,89,0.0
1788104966.42,1410,1,53,89,0.0
1788104966.43,010B,43,0,89,0.0
1788104966.45,1631,1,0,89,0.0
1788104966.48,1678,0,0,89,0.0
1788104966.48,0110,0,248,89,0.0
1788104966.51,1681,0,0,89,0.0
1788104966.54,16CD,0,0,89,0.0
1788104966.58,16CE,255,245,89,0.0
1788104966.58,0110,0,245,89,0.0
1788104966.61,16CF,13,63,89,0.0
1788104966.63,010B,43,0,89,0.0
1788104966.67,16E9,0,118,89,0.0
1788104966.68,0110,0,242,89,0.0
1788104966.70,16F0,3,131,89,0.0
1788104966.74,1704,0,0,89,0.0
1788104966.77,1706,128,0,89,0.0
1788104966.78,0110,0,251,89,0.0
1788104966.80,1709,0,0,89,0.0
1788104966.83,1717,1,0,89,0.0
1788104966.83,010B,43,0,89,0.0
1788104966.86,1718,1,0,89,0.0
1788104966.89,0110,0,251,89,0.0
1788104966.90,1746,0,0,89,0.0
1788104966.94,1782,143,0,89,0.0
1788104966.97,1783,110,192,89,0.0
1788104966.98,0110,0,242,89,0.0
1788104967.00,17A0,31,0,89,0.0
1788104967.03,17A6,0,0,89,0.0
1788104967.03,010B,43,0,89,0.0
1788104967.06,17B0,18,0,89,0.0
1788104967.08,0110,0,245,89,0.0
1788104967.10,17B1,32,0,89,0.0
1788104967.13,17B2,4,0,89,0.0
1788104967.13,010B,43,0,89,0.0
1788104967.16,17B3,130,0,89,0.0
1788104967.18,0110,0,251,89,0.0
1788104967.19,17B5,80,0,89,0.0
1788104967.22,17B6,0,0,89,0.0
1788104967.23,010B,43,0,89,0.0
1788104967.26,17B8,239,0,89,0.0
1788104967.29,17BA,0,0,89,0.0
1788104967.32,17BB,0,0,89,0.0
1788104967.33,010B,43,0,89,0.0
1788104967.35,17BC,0,0,89,0.0
1788104967.38,17BD,61,0,89,0.0
1788104967.39,0110,0,245,89,0.0
1788104967.39,17B3,130,0,89,0.0
1788104967.42,17BE,0,0,89,0.0
1788104967.43,010B,43,0,89,0.0
1788104967.46,17C1,234,0,89,0.0
1788104967.49,3201,23,112,89,0.0
1788104967.52,990A,44,0,89,0.0
1788104967.53,010B,43,0,89,0.0
1788104967.55,996E,13,52,89,0.0
1788104967.59,A211,0,0,89,0.0
1788104967.62,D100,129,0,89,0.0
1788104967.63,010B,43,0,89,0.0
1788104967.66,E21B,90,74,89,0.0
1788104967.69,E21C,49,56,89,0.0
1788104967.72,E21D,56,56,89,0.0
1788104967.73,010B,43,0,89,0.0
1788104967.75,E21E,70,0,89,0.0
1788104967.78,E6F0,90,74,89,0.0
1788104967.78,0110,0,248,89,0.0
1788104967.82,E6F2,240,0,89,0.0
1788104967.83,010B,43,0,89,0.0
1788104967.86,E6F3,240,0,89,0.0
1788104967.88,0105,129,0,89,0.0
1788104967.88,0110,0,239,89,0.0
1788104967.91,010F,95,0,89,0.0
1788104967.93,010B,43,0,89,0.0
1788104967.95,0110,0,251,89,0.0
1788104967.98,010B,43,0,89,0.0
1788104967.98,0110,0,245,89,0.0
1788104968.01,0106,129,0,89,0.0
1788104968.04,010B,43,0,89,0.0
1788104968.05,0107,131,0,89,0.0
1788104968.08,010E,144,0,89,0.0
1788104968.08,0110,0,251,89,0.0
1788104968.11,0142,53,166,89,0.0
1788104968.13,010B,43,0,89,0.0
1788104968.15,0000,190,63,89,0.0
1788104968.18,0002,0,0,89,0.0
1788104968.22,0003,2,0,89,0.0
1788104968.23,010B,43,0,89,0.0
1788104968.25,0005,129,0,89,0.0
1788104968.28,0006,128,0,89,0.0
1788104968.28,0110,0,248,89,0.0
1788104968.31,0007,131,0,89,0.0
1788104968.33,010B,43,0,89,0.0
1788104968.34,000B,43,0,89,0.0
1788104968.38,000C,10,255,89,0.0
1788104968.39,0110,0,245,89,0.0
1788104968.41,000D,0,0,89,0.0
1788104968.43,010B,43,0,89,0.0
1788104968.44,000E,144,0,89,0.0
1788104968.47,000F,95,0,89,0.0
1788104968.49,0110,0,242,89,0.0
1788104968.51,0010,0,245,89,0.0
1788104968.53,010B,43,0,89,0.0
1788104968.54,0011,30,0,89,0.0
1788104968.58,0013,1,0,89,0.0
1788104968.58,0110,0,248,89,0.0
1788104968.61,001C,10,0,89,0.0
1788104968.63,010B,43,0,89,0.0
1788104968.64,001F,1,120,89,0.0
1788104968.67,0020,128,21,89,0.0
1788104968.68,0110,0,242,89,0.0
1788104968.70,0021,0,0,89,0.0
1788104968.74,002C,0,0,89,0.0
1788104968.77,002E,34,0,89,0.0
1788104968.78,0110,0,248,89,0.0
1788104968.80,0030,255,0,89,0.0
1788104968.83,003C,20,252,89,0.0
1788104968.83,010B,43,0,89,0.0
1788104968.86,0040,104,0,89,0.0
1788104968.89,0110,0,248,89,0.0
1788104968.90,0042,53,168,89,0.0
1788104968.93,0043,0,68,89,0.0
1788104968.93,010B,43,0,89,0.0
1788104968.97,0200,0,0,89,0.0
1788104968.98,0110,0,245,89,0.0
1788104969.00,0202,0,0,89,0.0
1788104969.03,0900,6,54,89,0.0
1788104969.03,010B,43,0,89,0.0
1788104969.06,0968,0,0,89,0.0
1788104969.08,0110,0,239,89,0.0
1788104969.10,096E,10,240,89,0.0
1788104969.13,097C,110,11,89,0.0
1788104969.13,010B,43,0,89,0.0
1788104969.16,098E,0,0,89,0.0
1788104969.18,0110,0,245,89,0.0
1788104969.19,1101,1,0,89,0.0
1788104969.22,1103,4,0,89,0.0
1788104969.23,010B,43,0,89,0.0
1788104969.26,1104,1,0,89,0.0
1788104969.29,0110,0,245,89,0.0
1788104969.29,114A,50,64,89,0.0
1788104969.33,114D,36,0,89,0.0
1788104969.34,010B,43,0,89,0.0
1788104969.36,1153,56,159,89,0.0
1788104969.39,1154,29,192,89,0.0
1788104969.42,1169,29,181,89,0.0
1788104969.43,010B,43,0,89,0.0
1788104969.46,1173,0,195,89,0.0
1788104969.49,1177,20,100,89,0.0
1788104969.52,1410,1,46,89,0.0
1788104969.53,010B,43,0,89,0.0
1788104969.55,1631,1,0,89,0.0
1788104969.58,1678,0,0,89,0.0
1788104969.58,0110,0,248,89,0.0
1788104969.62,1681,0,0,89,0.0
1788104969.63,010B,43,0,89,0.0
1788104969.65,16CD,0,0,89,0.0
1788104969.68,16CE,255,245,89,0.0
1788104969.68,0110,0,242,89,0.0
1788104969.71,16CF,13,9,89,0.0
1788104969.73,010B,43,0,89,0.0
1788104969.74,16E8,85,105,89,0.0
1788104969.78,16E9,0,118,89,0.0
1788104969.79,0110,0,248,89,0.0
1788104969.82,16F0,3,131,89,0.0
1788104969.83,010B,43,0,89,0.0
1788104969.85,1704,0,0,89,0.0
1788104969.88,1706,128,0,89,0.0
1788104969.88,0110,0,248,89,0.0
1788104969.91,1709,0,0,89,0.0
1788104969.93,010B,43,0,89,0.0
1788104969.94,1717,1,0,89,0.0
1788104969.98,1718,1,0,89,0.0
1788104969.98,0110,0,242,89,0.0
1788104970.01,1746,0,0,89,0.0
1788104970.04,1782,143,0,89,0.0
1788104970.07,1783,110,192,89,0.0
1788104970.08,0110,0,245,89,0.0
1788104970.10,17A0,32,0,89,0.0
1788104970.14,17A6,0,0,89,0.0
1788104970.17,17B0,18,0,89,0.0
1788104970.18,0110,0,248,89,0.0
1788104970.21,17B1,32,0,89,0.0
1788104970.24,17B2,4,0,89,0.0
1788104970.27,17B3,130,0,89,0.0
1788104970.28,0110,0,248,89,0.0
1788104970.30,17B5,80,0,89,0.0
1788104970.34,17B6,0,0,89,0.0
1788104970.37,17B8,239,0,89,0.0
1788104970.38,0110,0,245,89,0.0
1788104970.41,17BA,0,0,89,0.0
1788104970.44,17BB,0,0,89,0.0
1788104970.47,17BC,0,0,89,0.0
1788104970.48,0110,0,254,89,0.0
1788104970.50,17BD,61,0,89,0.0
1788104970.54,17BE,0,0,89,0.0
1788104970.57,17C1,234,0,89,0.0
1788104970.58,0110,0,245,89,0.0
1788104970.60,3201,23,112,89,0.0
1788104970.63,990A,44,0,89,0.0
1788104970.63,010B,43,0,89,0.0
1788104970.66,996E,13,92,89,0.0
1788104970.68,0110,0,245,89,0.0
1788104970.70,A211,0,0,89,0.0
1788104970.73,D100,129,0,89,0.0
1788104970.73,010B,43,0,89,0.0
1788104970.76,E21B,90,74,89,0.0
1788104970.78,0110,0,248,89,0.0
1788104970.79,E21C,49,56,89,0.0
1788104970.82,E21D,56,56,89,0.0
1788104970.83,010B,43,0,89,0.0
1788104970.86,E21E,70,0,89,0.0
1788104970.88,0110,0,245,89,0.0
1788104970.89,E6F0,90,74,89,0.0
1788104970.92,E6F2,240,0,89,0.0
1788104970.94,010B,43,0,89,0.0
1788104970.96,E6F3,240,0,89,0.0
1788104970.98,0110,0,245,89,0.0
1788104971.02,010F,95,0,89,0.0
1788104971.04,010B,43,0,89,0.0
1788104971.05,0110,0,248,89,0.0
1788104971.08,010B,43,0,89,0.0
1788104971.08,0110,0,248,89,0.0
1788104971.11,0106,130,0,89,0.0
1788104971.13,010B,43,0,89,0.0
1788104971.15,0107,131,0,89,0.0
1788104971.18,010E,141,0,89,0.0
1788104971.18,0110,0,245,89,0.0
1788104971.21,0142,53,174,89,0.0
1788104971.23,010B,43,0,89,0.0
1788104971.25,0000,190,63,89,0.0
1788104971.28,0002,0,0,89,0.0
1788104971.28,0110,0,248,89,0.0
1788104971.31,0003,2,0,89,0.0
1788104971.33,010B,43,0,89,0.0
1788104971.34,0005,129,0,89,0.0
1788104971.38,0006,131,0,89,0.0
1788104971.38,0110,0,251,89,0.0
1788104971.39,17B3,129,0,89,0.0
1788104971.41,0007,131,0,89,0.0
1788104971.44,010B,43,0,89,0.0
1788104971.44,000B,43,0,89,0.0
1788104971.47,000C,11,5,89,0.0
1788104971.48,0110,0,245,89,0.0
1788104971.50,000D,0,0,89,0.0
1788104971.54,000E,142,0,89,0.0
1788104971.57,000F,95,0,89,0.0
1788104971.58,0110,0,251,89,0.0
1788104971.61,0010,0,248,89,0.0
1788104971.64,0011,30,0,89,0.0
1788104971.67,0013,1,0,89,0.0
1788104971.68,0110,0,251,89,0.0
1788104971.70,001C,10,0,89,0.0
1788104971.74,001F,1,123,89,0.0
1788104971.77,0020,128,21,89,0.0
1788104971.79,0110,0,248,89,0.0
1788104971.80,0021,0,0,89,0.0
1788104971.83,002C,0,0,89,0.0
1788104971.83,010B,43,0,89,0.0
1788104971.86,002E,34,0,89,0.0
1788104971.88,0110,0,245,89,0.0
1788104971.90,0030,255,0,89,0.0
1788104971.93,003C,20,253,89,0.0
1788104971.93,010B,43,0,89,0.0
1788104971.96,0040,104,0,89,0.0
1788104971.98,0110,0,239,89,0.0
1788104971.99,0042,53,179,89,0.0
1788104972.02,0043,0,68,89,0.0
1788104972.03,010B,43,0,89,0.0
1788104972.06,0200,0,0,89,0.0
1788104972.08,0110,0,242,89,0.0
1788104972.09,0202,0,0,89,0.0
1788104972.13,0900,6,54,89,0.0
1788104972.13,010B,43,0,89,0.0
1788104972.16,0968,0,0,89,0.0
1788104972.18,0110,0,254,89,0.0
1788104972.22,097C,110,12,89,0.0
1788104972.23,010B,43,0,89,0.0
1788104972.25,098E,0,0,89,0.0
1788104972.29,1101,1,0,89,0.0
1788104972.32,1103,4,0,89,0.0
1788104972.33,010B,43,0,89,0.0
1788104972.35,1104,1,0,89,0.0
1788104972.38,114A,50,128,89,0.0
1788104972.38,0110,0,248,89,0.0
1788104972.42,114D,36,0,89,0.0
1788104972.43,010B,43,0,89,0.0
1788104972.45,1153,57,85,89,0.0
1788104972.48,1154,29,192,89,0.0
1788104972.48,0110,0,245,89,0.0
1788104972.52,1169,29,181,89,0.0
1788104972.53,010B,43,0,89,0.0
1788104972.55,1173,2,83,89,0.0
1788104972.58,1177,20,80,89,0.0
1788104972.58,0110,0,245,89,0.0
1788104972.62,1410,1,51,89,0.0
1788104972.63,010B,43,0,89,0.0
1788104972.65,1631,1,0,89,0.0
1788104972.68,1678,0,0,89,0.0
1788104972.68,0110,0,245,89,0.0
1788104972.71,1681,0,0,89,0.0
1788104972.73,010B,43,0,89,0.0
1788104972.74,16CD,0,0,89,0.0
1788104972.77,16CE,255,246,89,0.0
1788104972.78,0110,0,248,89,0.0
1788104972.81,16CF,13,20,89,0.0
1788104972.84,16E8,86,10,89,0.0
1788104972.87,16E9,0,118,89,0.0
1788104972.88,0110,0,245,89,0.0
1788104972.90,16F0,3,131,89,0.0
1788104972.94,1704,0,0,89,0.0
1788104972.97,1706,128,0,89,0.0
1788104972.98,0110,0,239,89,0.0
1788104973.00,1709,0,0,89,0.0
1788104973.03,1717,1,0,89,0.0
1788104973.03,010B,43,0,89,0.0
1788104973.06,1718,1,0,89,0.0
1788104973.08,0110,0,251,89,0.0
1788104973.09,1746,0,0,89,0.0
1788104973.13,1782,142,192,89,0.0
1788104973.13,010B,43,0,89,0.0
1788104973.17,1783,110,192,89,0.0
1788104973.18,0110,0,254,89,0.0
1788104973.20,17A0,32,0,89,0.0
1788104973.23,17A6,0,0,89,0.0
1788104973.23,010B,43,0,89,0.0
1788104973.26,17B0,18,0,89,0.0
1788104973.29,0110,0,245,89,0.0
1788104973.29,17B1,32,0,89,0.0
1788104973.33,17B2,4,0,89,0.0
1788104973.34,010B,43,0,89,0.0
1788104973.36,17B3,129,0,89,0.0
1788104973.38,0110,0,251,89,0.0
1788104973.38,0142,53,167,89,0.0
1788104973.39,17B5,80,0,89,0.0
1788104973.42,17B6,0,0,89,0.0
1788104973.43,010B,43,0,89,0.0
1788104973.46,17B8,239,0,89,0.0
1788104973.49,17BA,0,0,89,0.0
1788104973.52,17BB,0,0,89,0.0
1788104973.53,010B,43,0,89,0.0
1788104973.55,17BC,0,0,89,0.0
1788104973.58,17BD,61,0,89,0.0
1788104973.58,0110,0,254,89,0.0
1788104973.61,17BE,0,0,89,0.0
1788104973.63,010B,43,0,89,0.0
1788104973.65,17C1,234,0,89,0.0
1788104973.68,3201,23,112,89,0.0
1788104973.68,0110,0,251,89,0.0
1788104973.72,990A,43,0,89,0.0
1788104973.73,010B,43,0,89,0.0
1788104973.75,996E,13,112,89,0.0
1788104973.78,A211,0,0,89,0.0
1788104973.78,0110,0,242,89,0.0
1788104973.81,D100,129,0,89,0.0
1788104973.84,010B,43,0,89,0.0
1788104973.85,E21B,90,74,89,0.0
1788104973.88,E21C,49,56,89,0.0
1788104973.88,0110,0,248,89,0.0
1788104973.91,E21D,56,56,89,0.0
1788104973.93,010B,43,0,89,0.0
1788104973.94,E21E,70,0,89,0.0
1788104973.97,E6F0,90,74,89,0.0
1788104973.98,0110,0,239,89,0.0
1788104974.01,E6F2,240,0,89,0.0
1788104974.03,010B,43,0,89,0.0
1788104974.04,E6F3,240,0,89,0.0
1788104974.07,0105,129,0,89,0.0
1788104974.08,0110,0,245,89,0.0
1788104974.10,010F,95,0,89,0.0
1788104974.13,010B,43,0,89,0.0
1788104974.17,010B,43,0,89,0.0
1788104974.18,0110,0,251,89,0.0
1788104974.20,0106,130,0,89,0.0
1788104974.23,0107,131,0,89,0.0
1788104974.23,010B,43,0,89,0.0
1788104974.27,010E,142,0,89,0.0
1788104974.28,0110,0,248,89,0.0
1788104974.30,0142,53,153,89,0.0
1788104974.33,0000,190,63,89,0.0
1788104974.37,0002,0,0,89,0.0
1788104974.39,0110,0,242,89,0.0
1788104974.40,0003,2,0,89,0.0
1788104974.43,0005,129,0,89,0.0
1788104974.43,010B,43,0,89,0.0
1788104974.46,0006,130,0,89,0.0
1788104974.48,0110,0,245,89,0.0
1788104974.49,0007,131,0,89,0.0
1788104974.53,000B,43,0,89,0.0
1788104974.53,010B,43,0,89,0.0
1788104974.56,000C,11,1,89,0.0
1788104974.59,0110,1,1,89,0.0
1788104974.59,000D,0,0,89,0.0
1788104974.63,000E,143,0,89,0.0
1788104974.63,010B,43,0,89,0.0
1788104974.66,000F,95,0,89,0.0
1788104974.69,0110,0,245,89,0.0
1788104974.69,0010,0,245,89,0.0
1788104974.73,0011,30,0,89,0.0
1788104974.73,010B,43,0,89,0.0
1788104974.76,0013,1,0,89,0.0
1788104974.78,0110,0,251,89,0.0
1788104974.79,001C,10,0,89,0.0
1788104974.82,001F,1,126,89,0.0
1788104974.83,010B,43,0,89,0.0
1788104974.85,0020,128,21,89,0.0
1788104974.89,0021,0,0,89,0.0
1788104974.92,002C,0,0,89,0.0
1788104974.93,010B,43,0,89,0.0
1788104974.95,002E,34,0,89,0.0
1788104974.98,0030,255,0,89,0.0
1788104974.98,0110,0,242,89,0.0
1788104975.01,003C,20,253,89,0.0
1788104975.03,010B,43,0,89,0.0
1788104975.05,0040,104,0,89,0.0
1788104975.09,0042,53,172,89,0.0
1788104975.12,0043,0,69,89,0.0
1788104975.13,010B,43,0,89,0.0
1788104975.15,0200,0,0,89,0.0
1788104975.18,0202,0,0,89,0.0
1788104975.18,0110,0,254,89,0.0
1788104975.21,0900,6,59,89,0.0
1788104975.23,010B,43,0,89,0.0
1788104975.25,0968,0,0,89,0.0
1788104975.28,096E,10,240,89,0.0
1788104975.28,0110,0,251,89,0.0
1788104975.31,097C,110,13,89,0.0
1788104975.33,010B,43,0,89,0.0
1788104975.34,098E,0,0,89,0.0
1788104975.37,1101,1,0,89,0.0
1788104975.38,0110,0,245,89,0.0
1788104975.39,17B3,129,0,89,0.0
1788104975.41,1103,4,0,89,0.0
1788104975.44,1104,1,0,89,0.0
1788104975.47,114A,50,128,89,0.0
1788104975.48,0110,0,248,89,0.0
1788104975.51,114D,36,0,89,0.0
1788104975.53,010B,43,0,89,0.0
1788104975.54,1153,56,110,89,0.0
1788104975.57,1154,29,192,89,0.0
1788104975.58,0110,0,242,89,0.0
1788104975.61,1169,29,181,89,0.0
1788104975.64,010B,43,0,89,0.0
1788104975.67,1177,20,60,89,0.0
1788104975.68,0110,0,245,89,0.0
1788104975.70,1410,1,54,89,0.0
1788104975.73,1631,1,0,89,0.0
1788104975.77,1678,0,0,89,0.0
1788104975.79,0110,0,207,89,0.0
1788104975.80,1681,0,0,89,0.0
1788104975.83,16CD,0,0,89,0.0
1788104975.83,010B,42,0,89,0.0
1788104975.86,16CE,255,247,89,0.0
1788104975.88,0110,0,187,89,0.0
1788104975.89,16CF,13,23,89,0.0
1788104975.93,16E8,88,0,89,0.0
1788104975.94,010B,41,0,89,0.0
1788104975.96,16E9,0,118,89,0.0
1788104975.98,0110,0,187,89,0.0
1788104975.99,16F0,3,131,89,0.0
1788104976.02,1704,0,0,89,0.0
1788104976.03,010B,40,0,89,0.0
1788104976.06,1706,128,0,89,0.0
1788104976.08,0110,0,192,89,0.0
1788104976.09,1709,0,0,89,0.0
1788104976.13,1717,1,0,89,0.0
1788104976.13,010B,39,0,89,0.0
1788104976.16,1718,1,0,89,0.0
1788104976.19,0110,0,183,89,0.0
1788104976.19,1746,0,0,89,0.0
1788104976.22,1782,142,192,89,0.0
1788104976.23,010B,39,0,89,0.0
1788104976.25,1783,110,192,89,0.0
1788104976.29,17A0,32,0,89,0.0
1788104976.32,17A6,0,0,89,0.0
1788104976.33,010B,38,0,89,0.0
1788104976.35,17B0,20,0,89,0.0
1788104976.38,17B1,32,0,89,0.0
1788104976.38,0110,0,183,89,0.0
1788104976.42,17B2,4,0,89,0.0
1788104976.43,010B,37,0,89,0.0
1788104976.45,17B3,129,0,89,0.0
1788104976.49,17B5,80,0,89,0.0
1788104976.52,17B6,0,0,89,0.0
1788104976.53,010B,36,0,89,0.0
1788104976.55,17B8,239,0,89,0.0
1788104976.58,17BA,0,0,89,0.0
1788104976.59,0110,0,175,89,0.0
1788104976.62,17BB,0,0,89,0.0
1788104976.63,010B,35,0,89,0.0
1788104976.65,17BC,0,0,89,0.0
1788104976.68,17BD,61,0,89,0.0
1788104976.68,0110,0,178,89,0.0
1788104976.71,17BE,0,0,89,0.0
1788104976.74,010B,35,0,89,0.0
1788104976.74,17C1,234,0,89,0.0
1788104976.77,3201,23,112,89,0.0
1788104976.78,0110,0,175,89,0.0
1788104976.81,990A,43,0,89,0.0
1788104976.84,010B,34,0,89,0.0
1788104976.84,996E,13,132,89,0.0
1788104976.87,A211,0,0,89,0.0
1788104976.88,0110,0,173,89,0.0
1788104976.90,D100,129,0,89,0.0
1788104976.93,E21B,90,74,89,0.0
1788104976.97,E21C,49,56,89,0.0
1788104976.99,0110,0,171,89,0.0
1788104977.00,E21D,56,56,89,0.0
1788104977.04,E21E,70,0,89,0.0
1788104977.07,E6F0,90,74,89,0.0
1788104977.08,0110,0,161,89,0.0
1788104977.10,E6F2,240,0,89,0.0
1788104977.14,E6F3,240,0,89,0.0
1788104977.16,0105,129,0,89,0.0
1788104977.18,0110,0,171,89,0.0
1788104977.19,010F,95,0,89,0.0
1788104977.23,0110,0,171,89,0.0
1788104977.23,010B,32,0,89,0.0
1788104977.26,010B,32,0,89,0.0
1788104977.28,0110,0,168,89,0.0
1788104977.29,0106,125,0,89,0.0
1788104977.32,0107,131,0,89,0.0
1788104977.33,010B,32,0,89,0.0
1788104977.36,010E,138,0,89,0.0
1788104977.38,0110,0,173,89,0.0
1788104977.39,17B3,129,0,89,0.0
1788104977.42,0000,190,63,89,0.0
1788104977.43,010B,32,0,89,0.0
1788104977.46,0002,0,0,89,0.0
1788104977.48,0110,0,175,89,0.0
1788104977.49,0003,2,0,89,0.0
1788104977.53,0005,129,0,89,0.0
1788104977.54,010B,32,0,89,0.0
1788104977.56,0006,125,0,89,0.0
1788104977.59,0007,131,0,89,0.0
1788104977.62,000B,32,0,89,0.0
1788104977.63,010B,32,0,89,0.0
1788104977.65,000C,11,5,89,0.0
1788104977.69,000D,0,0,89,0.0
1788104977.72,000E,146,0,89,0.0
1788104977.74,010B,32,0,89,0.0
1788104977.75,000F,95,0,89,0.0
1788104977.78,0010,0,178,89,0.0
1788104977.78,0110,0,175,89,0.0
1788104977.81,0011,30,0,89,0.0
1788104977.84,010B,32,0,89,0.0
1788104977.85,0013,1,0,89,0.0
1788104977.88,001C,10,0,89,0.0
1788104977.88,0110,0,178,89,0.0
1788104977.91,001F,1,129,89,0.0
1788104977.93,010B,32,0,89,0.0
1788104977.94,0020,128,21,89,0.0
1788104977.97,0021,0,0,89,0.0
1788104977.98,0110,0,178,89,0.0
1788104978.01,002C,0,0,89,0.0
1788104978.03,010B,32,0,89,0.0
1788104978.04,002E,29,0,89,0.0
1788104978.07,0030,255,0,89,0.0
1788104978.08,0110,0,175,89,0.0
1788104978.10,003C,20,253,89,0.0
1788104978.13,0040,104,0,89,0.0
1788104978.17,0042,53,201,89,0.0
1788104978.19,0110,0,175,89,0.0
1788104978.20,0043,0,48,89,0.0
1788104978.24,0200,0,0,89,0.0
1788104978.27,0202,0,0,89,0.0
1788104978.29,0110,0,178,89,0.0
1788104978.30,0900,5,105,89,0.0
1788104978.33,0968,0,0,89,0.0
1788104978.37,096E,10,240,89,0.0
1788104978.38,0110,0,175,89,0.0
1788104978.39,0142,53,205,89,0.0
1788104978.40,097C,110,13,89,0.0
1788104978.43,098E,0,0,89,0.0
1788104978.43,010B,32,0,89,0.0
1788104978.46,1101,0,0,89,0.0
1788104978.49,0110,0,178,89,0.0
1788104978.49,1103,0,0,89,0.0
1788104978.53,1104,0,0,89,0.0
1788104978.53,010B,32,0,89,0.0
1788104978.56,114A,50,128,89,0.0
1788104978.58,0110,0,178,89,0.0
1788104978.59,114D,36,0,89,0.0
1788104978.62,1153,41,219,89,0.0
1788104978.63,010B,32,0,89,0.0
1788104978.66,1154,29,192,89,0.0
1788104978.68,0110,0,175,89,0.0
1788104978.69,1169,29,181,89,0.0
1788104978.73,1173,0,60,89,0.0
1788104978.73,010B,32,0,89,0.0
1788104978.76,1177,18,32,89,0.0
1788104978.78,0110,0,175,89,0.0
1788104978.79,1410,0,218,89,0.0
1788104978.82,1631,1,0,89,0.0
1788104978.83,010B,32,0,89,0.0
1788104978.85,1678,0,0,89,0.0
1788104978.88,0110,0,171,89,0.0
1788104978.89,1681,0,0,89,0.0
1788104978.93,16CD,0,0,89,0.0
1788104978.93,010B,32,0,89,0.0
1788104978.96,16CE,255,251,89,0.0
1788104978.99,16CF,12,251,89,0.0
1788104979.02,16E8,72,200,89,0.0
1788104979.03,010B,32,0,89,0.0
1788104979.05,16E9,0,118,89,0.0
1788104979.08,0110,0,180,89,0.0
1788104979.09,16F0,3,131,89,0.0
1788104979.12,1704,0,0,89,0.0
1788104979.13,010B,32,0,89,0.0
1788104979.15,1706,128,0,89,0.0
1788104979.19,1709,0,0,89,0.0
1788104979.22,1717,1,0,89,0.0
1788104979.23,010B,32,0,89,0.0
1788104979.25,1718,1,0,89,0.0
1788104979.29,1746,0,0,89,0.0
1788104979.32,1782,142,192,89,0.0
1788104979.33,010B,32,0,89,0.0
1788104979.35,1783,110,192,89,0.0
1788104979.38,17A0,31,0,89,0.0
1788104979.39,0110,0,175,89,0.0
1788104979.39,17B3,129,0,89,0.0
1788104979.41,17A6,0,0,89,0.0
1788104979.43,010B,32,0,89,0.0
1788104979.45,17B0,18,0,89,0.0
1788104979.48,17B1,32,0,89,0.0
1788104979.48,0110,0,173,89,0.0
1788104979.51,17B2,4,0,89,0.0
1788104979.53,010B,32,0,89,0.0
1788104979.54,17B3,129,0,89,0.0
1788104979.57,17B5,80,0,89,0.0
1788104979.58,0110,0,173,89,0.0
1788104979.61,17B6,0,0,89,0.0
1788104979.63,010B,32,0,89,0.0
1788104979.64,17B8,239,0,89,0.0
1788104979.67,17BA,0,0,89,0.0
1788104979.68,0110,0,173,89,0.0
1788104979.71,17BB,0,0,89,0.0
1788104979.73,010B,32,0,89,0.0
1788104979.74,17BC,0,0,89,0.0
1788104979.77,17BD,61,0,89,0.0
1788104979.78,0110,0,175,89,0.0
1788104979.81,17BE,0,0,89,0.0
1788104979.84,17C1,234,0,89,0.0
1788104979.87,3201,23,112,89,0.0
1788104979.88,0110,0,175,89,0.0
1788104979.90,990A,43,0,89,0.0
1788104979.93,996E,13,112,89,0.0
1788104979.97,A211,0,0,89,0.0
1788104979.98,0110,0,171,89,0.0
1788104980.00,D100,129,0,89,0.0
1788104980.04,E21B,90,74,89,0.0
1788104980.07,E21C,49,56,89,0.0
1788104980.08,0110,0,171,89,0.0
1788104980.10,E21D,56,56,89,0.0
1788104980.13,E21E,70,0,89,0.0
1788104980.17,E6F0,90,74,89,0.0
1788104980.18,0110,0,173,89,0.0
1788104980.20,E6F2,240,0,89,0.0
1788104980.23,E6F3,240,0,89,0.0
1788104980.23,010B,32,0,89,0.0
1788104980.26,0105,129,0,89,0.0
1788104980.28,0110,0,175,89,0.0
1788104980.29,010F,95,0,89,0.0
1788104980.33,0110,0,171,89,0.0
1788104980.33,010B,32,0,89,0.0
1788104980.36,010B,32,0,89,0.0
1788104980.38,0110,0,175,89,0.0
1788104980.39,0106,130,0,89,0.0
1788104980.42,0107,131,0,89,0.0
1788104980.43,010B,32,0,89,0.0
1788104980.46,010E,140,0,89,0.0
1788104980.48,0110,0,173,89,0.0
1788104980.49,0142,53,185,89,0.0
1788104980.53,0000,190,63,89,0.0
1788104980.53,010B,32,0,89,0.0
1788104980.56,0002,0,0,89,0.0
1788104980.58,0110,0,175,89,0.0
1788104980.59,0003,2,0,89,0.0
1788104980.62,0005,129,0,89,0.0
1788104980.63,010B,32,0,89,0.0
1788104980.65,0006,129,0,89,0.0
1788104980.69,0110,0,173,89,0.0
1788104980.72,000B,32,0,89,0.0
1788104980.73,010B,32,0,89,0.0
1788104980.76,000C,11,44,89,0.0
1788104980.79,000D,0,0,89,0.0
1788104980.82,000E,141,0,89,0.0
1788104980.83,010B,32,0,89,0.0
1788104980.85,000F,95,0,89,0.0
1788104980.89,0010,0,178,89,0.0
1788104980.92,0011,30,0,89,0.0
1788104980.93,010B,32,0,89,0.0
1788104980.95,0013,1,0,89,0.0
1788104980.98,001C,10,0,89,0.0
1788104980.98,0110,0,173,89,0.0
1788104981.01,001F,1,132,89,0.0
1788104981.03,010B,32,0,89,0.0
1788104981.05,0020,128,21,89,0.0
1788104981.08,0021,0,0,89,0.0
1788104981.08,0110,0,178,89,0.0
1788104981.11,002C,0,0,89,0.0
1788104981.14,010B,32,0,89,0.0
1788104981.14,002E,28,0,89,0.0
1788104981.17,0030,255,0,89,0.0
1788104981.18,0110,0,168,89,0.0
1788104981.21,003C,20,253,89,0.0
1788104981.23,010B,32,0,89,0.0
1788104981.24,0040,104,0,89,0.0
1788104981.27,0042,53,174,89,0.0
1788104981.28,0110,0,173,89,0.0
1788104981.30,0043,0,48,89,0.0
1788104981.34,0200,0,0,89,0.0
1788104981.37,0202,0,0,89,0.0
1788104981.39,0110,0,171,89,0.0
1788104981.39,17B3,129,0,89,0.0
1788104981.41,0900,5,95,89,0.0
1788104981.44,0968,0,0,89,0.0
1788104981.47,096E,10,240,89,0.0
1788104981.48,0110,0,171,89,0.0
1788104981.50,097C,110,14,89,0.0
1788104981.53,098E,0,0,89,0.0
1788104981.57,1101,0,0,89,0.0
1788104981.58,0110,0,173,89,0.0
1788104981.60,1103,0,0,89,0.0
1788104981.63,1104,0,0,89,0.0
1788104981.63,010B,32,0,89,0.0
1788104981.66,114A,50,128,89,0.0
1788104981.68,0110,0,175,89,0.0
1788104981.69,114D,36,0,89,0.0
1788104981.73,1153,41,239,89,0.0
1788104981.73,010B,32,0,89,0.0
1788104981.76,1154,29,192,89,0.0
1788104981.78,0110,0,173,89,0.0
1788104981.79,1169,29,181,89,0.0
1788104981.83,1173,2,233,89,0.0
1788104981.83,010B,32,0,89,0.0
1788104981.86,1177,18,52,89,0.0
1788104981.88,0110,0,173,89,0.0
1788104981.89,1410,0,214,89,0.0
1788104981.93,1631,1,0,89,0.0
1788104981.93,010B,32,0,89,0.0
1788104981.96,1678,0,0,89,0.0
1788104981.98,0110,0,173,89,0.0
1788104981.99,1681,0,0,89,0.0
1788104982.02,16CD,0,0,89,0.0
1788104982.03,010B,32,0,89,0.0
1788104982.05,16CE,255,252,89,0.0
1788104982.09,16CF,12,253,89,0.0
1788104982.12,16E8,70,190,89,0.0
1788104982.13,010B,32,0,89,0.0
1788104982.15,16E9,0,118,89,0.0
1788104982.18,16F0,3,131,89,0.0
1788104982.18,0110,0,175,89,0.0
1788104982.21,1704,0,0,89,0.0
1788104982.23,010B,32,0,89,0.0
1788104982.25,1706,128,0,89,0.0
1788104982.28,1709,0,0,89,0.0
1788104982.28,0110,0,173,89,0.0
1788104982.31,1717,1,0,89,0.0
1788104982.33,010B,32,0,89,0.0
1788104982.34,1718,1,0,89,0.0
1788104982.38,1746,0,0,89,0.0
1788104982.38,0110,0,168,89,0.0
1788104982.41,1782,142,192,89,0.0
1788104982.43,010B,32,0,89,0.0
1788104982.45,1783,110,192,89,0.0
1788104982.48,17A0,31,0,89,0.0
1788104982.48,0110,0,175,89,0.0
1788104982.51,17A6,0,0,89,0.0
1788104982.53,010B,32,0,89,0.0
1788104982.54,17B0,19,0,89,0.0
1788104982.57,17B1,32,0,89,0.0
1788104982.58,0110,0,173,89,0.0
1788104982.61,17B2,4,0,89,0.0
1788104982.64,17B3,129,0,89,0.0
1788104982.67,17B5,80,0,89,0.0
1788104982.68,0110,0,168,89,0.0
1788104982.70,17B6,0,0,89,0.0
1788104982.73,17B8,239,0,89,0.0
1788104982.77,17BA,0,0,89,0.0
1788104982.78,0110,0,171,89,0.0
1788104982.80,17BB,0,0,89,0.0
1788104982.83,17BC,0,0,89,0.0
1788104982.83,010B,32,0,89,0.0
1788104982.86,17BD,62,0,89,0.0
1788104982.88,0110,0,173,89,0.0
1788104982.89,17BE,0,0,89,0.0
1788104982.93,17C1,234,0,89,0.0
1788104982.94,010B,32,0,89,0.0
1788104982.97,3201,23,112,89,0.0
1788104982.98,0110,0,178,89,0.0
1788104983.00,990A,44,0,89,0.0
1788104983.03,996E,13,72,89,0.0
1788104983.03,010B,32,0,89,0.0
1788104983.06,A211,0,0,89,0.0
1788104983.08,0110,0,171,89,0.0
1788104983.09,D100,129,0,89,0.0
1788104983.13,E21B,90,74,89,0.0
1788104983.13,010B,32,0,89,0.0
1788104983.16,E21C,49,56,89,0.0
1788104983.19,0110,0,168,89,0.0
1788104983.19,E21D,56,56,89,0.0
1788104983.22,E21E,70,0,89,0.0
1788104983.23,010B,32,0,89,0.0
1788104983.25,E6F0,90,74,89,0.0
1788104983.28,0110,0,175,89,0.0
1788104983.29,E6F2,240,0,89,0.0
1788104983.33,E6F3,240,0,89,0.0
1788104983.34,010B,32,0,89,0.0
1788104983.35,0105,129,0,89,0.0
1788104983.38,010F,95,0,89,0.0
1788104983.38,0110,0,171,89,0.0
1788104983.39,17B3,129,0,89,0.0
1788104983.42,0110,0,168,89,0.0
1788104983.43,010B,32,0,89,0.0
1788104983.45,010B,32,0,89,0.0
1788104983.48,0106,129,0,89,0.0
1788104983.48,0110,0,166,89,0.0
1788104983.51,0107,131,0,89,0.0
1788104983.53,010B,32,0,89,0.0
1788104983.55,010E,142,0,89,0.0
1788104983.58,0142,53,173,89,0.0
1788104983.58,0110,1,104,89,0.0
1788104983.61,0000,190,63,89,0.0
1788104983.63,010B,34,0,89,0.0
1788104983.65,0002,0,0,89,0.0
1788104983.68,0003,2,0,89,0.0
1788104983.68,0110,1,37,89,0.0
1788104983.71,0005,129,0,89,0.0
1788104983.73,010B,36,0,89,0.0
1788104983.74,0006,130,0,89,0.0
1788104983.77,0007,131,0,89,0.0
1788104983.78,0110,0,248,89,0.0
1788104983.81,000B,37,0,89,0.0
1788104983.83,010B,37,0,89,0.0
1788104983.84,000C,11,178,89,0.0
1788104983.87,000D,0,0,89,0.0
1788104983.88,0110,0,239,89,0.0
1788104983.90,000E,127,0,89,0.0
1788104983.93,000F,95,0,89,0.0
1788104983.93,010B,37,0,89,0.0
1788104983.97,0010,0,236,89,0.0
1788104983.98,0110,0,236,89,0.0
1788104984.01,0011,30,0,89,0.0
1788104984.04,0013,1,0,89,0.0
1788104984.07,001C,10,0,89,0.0
1788104984.08,0110,1,57,89,0.0
1788104984.10,001F,1,134,89,0.0
1788104984.13,0020,128,21,89,0.0
1788104984.13,010B,39,0,89,0.0
1788104984.17,0021,0,0,89,0.0
1788104984.19,0110,1,33,89,0.0
1788104984.20,002C,0,0,89,0.0
1788104984.23,002E,34,0,89,0.0
1788104984.23,010B,40,0,89,0.0
1788104984.26,0030,255,0,89,0.0
1788104984.29,0110,1,8,89,0.0
1788104984.29,003C,20,252,89,0.0
1788104984.33,0040,104,0,89,0.0
1788104984.33,010B,40,0,89,0.0
1788104984.36,0042,53,52,89,0.0
1788104984.38,0110,0,239,89,0.0
1788104984.39,0043,0,65,89,0.0
1788104984.42,0200,0,0,89,0.0
1788104984.43,010B,40,0,89,0.0
1788104984.45,0202,0,0,89,0.0
1788104984.48,0110,1,30,89,0.0
1788104984.49,0900,6,9,89,0.0
1788104984.52,0968,0,0,89,0.0
1788104984.53,010B,41,0,89,0.0
1788104984.55,096E,11,84,89,0.0
1788104984.58,097C,110,15,89,0.0
1788104984.58,0110,1,24,89,0.0
1788104984.61,098E,0,0,89,0.0
1788104984.64,010B,42,0,89,0.0
1788104984.65,1101,1,0,89,0.0
1788104984.68,1103,4,0,89,0.0
1788104984.68,0110,1,4,89,0.0
1788104984.71,1104,1,0,89,0.0
1788104984.73,010B,42,0,89,0.0
1788104984.74,114A,50,128,89,0.0
1788104984.78,114D,36,0,89,0.0
1788104984.78,0110,1,1,89,0.0
1788104984.81,1153,57,139,89,0.0
1788104984.84,010B,42,0,89,0.0
1788104984.85,1154,29,128,89,0.0
1788104984.88,1169,29,181,89,0.0
1788104984.88,0110,1,1,89,0.0
1788104984.91,1173,2,53,89,0.0
1788104984.94,010B,42,0,89,0.0
1788104984.94,1177,20,200,89,0.0
1788104984.97,1410,1,50,89,0.0
1788104984.98,0110,1,1,89,0.0
1788104985.01,1631,1,0,89,0.0
1788104985.03,010B,43,0,89,0.0
1788104985.04,1678,0,0,89,0.0
1788104985.07,1681,0,0,89,0.0
1788104985.08,0110,1,27,89,0.0
1788104985.10,16CD,0,0,89,0.0
1788104985.13,16CE,255,247,89,0.0
1788104985.14,010B,43,0,89,0.0
1788104985.17,16CF,13,183,89,0.0
1788104985.18,0110,1,14,89,0.0
1788104985.21,16E8,89,177,89,0.0
1788104985.24,16E9,0,115,89,0.0
1788104985.27,16F0,3,131,89,0.0
1788104985.28,0110,1,8,89,0.0
1788104985.30,1704,0,0,89,0.0
1788104985.33,1706,128,0,89,0.0
1788104985.34,010B,43,0,89,0.0
1788104985.37,1709,0,0,89,0.0
1788104985.39,0110,0,251,89,0.0
1788104985.40,1717,1,0,89,0.0
1788104985.43,1718,1,0,89,0.0
1788104985.43,010B,43,0,89,0.0
1788104985.46,1746,0,0,89,0.0
1788104985.48,0110,1,1,89,0.0
1788104985.49,1782,142,192,89,0.0
1788104985.53,1783,110,192,89,0.0
1788104985.53,010B,43,0,89,0.0
1788104985.56,17A0,32,0,89,0.0
1788104985.58,0110,1,8,89,0.0
1788104985.59,17A6,0,0,89,0.0
1788104985.62,17B0,20,0,89,0.0
1788104985.64,010B,43,0,89,0.0
1788104985.65,17B1,32,0,89,0.0
1788104985.69,17B2,4,0,89,0.0
1788104985.72,17B3,129,0,89,0.0
1788104985.73,010B,43,0,89,0.0
1788104985.75,17B5,80,0,89,0.0
1788104985.78,17B6,0,0,89,0.0
1788104985.78,0110,1,8,89,0.0
1788104985.81,17B8,239,0,89,0.0
1788104985.83,010B,43,0,89,0.0
1788104985.85,17BA,0,0,89,0.0
1788104985.88,17BB,0,0,89,0.0
1788104985.88,0110,1,11,89,0.0
1788104985.91,17BC,0,0,89,0.0
1788104985.94,010B,43,0,89,0.0
1788104985.94,17BD,62,0,89,0.0
1788104985.97,17BE,0,0,89,0.0
1788104985.98,0110,1,11,89,0.0
1788104986.01,17C1,234,0,89,0.0
1788104986.03,010B,44,0,89,0.0
1788104986.05,3201,23,112,89,0.0
1788104986.08,990A,45,0,89,0.0
1788104986.08,0110,1,14,89,0.0
1788104986.11,996E,13,12,89,0.0
1788104986.14,010B,44,0,89,0.0
1788104986.14,A211,0,0,89,0.0
1788104986.17,D100,129,0,89,0.0
1788104986.18,0110,1,14,89,0.0
1788104986.21,E21B,90,74,89,0.0
1788104986.24,E21C,49,56,89,0.0
1788104986.27,E21D,56,56,89,0.0
1788104986.28,0110,1,14,89,0.0
1788104986.30,E21E,70,0,89,0.0
1788104986.33,E6F0,90,74,89,0.0
1788104986.37,E6F2,240,0,89,0.0
1788104986.38,0110,1,11,89,0.0
1788104986.40,E6F3,240,0,89,0.0
1788104986.43,0105,129,0,89,0.0
1788104986.43,010B,44,0,89,0.0
1788104986.46,010F,96,0,89,0.0
1788104986.48,0110,1,11,89,0.0
1788104986.49,0110,1,14,89,0.0
1788104986.53,010B,44,0,89,0.0
1788104986.54,010B,44,0,89,0.0
1788104986.56,0106,130,0,89,0.0
1788104986.58,0110,1,17,89,0.0
1788104986.59,0107,131,0,89,0.0
1788104986.63,010E,145,0,89,0.0
1788104986.64,010B,44,0,89,0.0
1788104986.66,0142,53,53,89,0.0
1788104986.69,0110,1,17,89,0.0
1788104986.70,0000,190,63,89,0.0
1788104986.73,0002,0,0,89,0.0
1788104986.73,010B,45,0,89,0.0
1788104986.76,0003,2,0,89,0.0
1788104986.78,0110,1,30,89,0.0
1788104986.79,0005,129,0,89,0.0
1788104986.82,0006,130,0,89,0.0
1788104986.83,010B,45,0,89,0.0
1788104986.85,0007,131,0,89,0.0
1788104986.89,000B,45,0,89,0.0
1788104986.92,000C,11,100,89,0.0
1788104986.93,010B,45,0,89,0.0
1788104986.95,000D,0,0,89,0.0
1788104986.98,000E,141,0,89,0.0
1788104986.98,0110,1,14,89,0.0
1788104987.02,000F,95,0,89,0.0
1788104987.04,010B,45,0,89,0.0
1788104987.05,0010,1,4,89,0.0
1788104987.09,0011,30,0,89,0.0
1788104987.12,0013,1,0,89,0.0
1788104987.13,010B,44,0,89,0.0
1788104987.15,001C,10,0,89,0.0
1788104987.18,001F,1,137,89,0.0
1788104987.18,0110,0,251,89,0.0
1788104987.21,0020,128,21,89,0.0
1788104987.23,010B,44,0,89,0.0
1788104987.25,0021,0,0,89,0.0
1788104987.28,002C,0,0,89,0.0
1788104987.29,0110,0,248,89,0.0
1788104987.31,002E,36,0,89,0.0
1788104987.33,010B,44,0,89,0.0
1788104987.34,0030,255,0,89,0.0
1788104987.37,003C,20,253,89,0.0
1788104987.39,0110,0,251,89,0.0
1788104987.39,17B3,129,0,89,0.0
1788104987.41,0040,104,0,89,0.0
1788104987.44,0042,53,234,89,0.0
1788104987.47,0043,0,69,89,0.0
1788104987.48,0110,0,254,89,0.0
1788104987.50,0200,0,0,89,0.0
1788104987.53,0202,0,0,89,0.0
1788104987.53,010B,43,0,89,0.0
1788104987.57,0900,6,54,89,0.0
1788104987.58,0110,0,254,89,0.0
1788104987.61,0968,0,0,89,0.0
1788104987.64,096E,11,66,89,0.0
1788104987.67,097C,110,16,89,0.0
1788104987.68,0110,0,254,89,0.0
1788104987.70,098E,0,0,89,0.0
1788104987.73,1101,1,0,89,0.0
1788104987.73,010B,43,0,89,0.0
1788104987.77,1103,4,0,89,0.0
1788104987.78,0110,0,248,89,0.0
1788104987.80,1104,1,0,89,0.0
1788104987.83,114A,50,128,89,0.0
1788104987.84,010B,43,0,89,0.0
1788104987.86,114D,36,0,89,0.0
1788104987.89,0110,1,4,89,0.0
1788104987.89,1153,57,203,89,0.0
1788104987.92,1154,29,128,89,0.0
1788104987.94,010B,43,0,89,0.0
1788104987.96,1169,29,181,89,0.0
1788104987.99,0110,0,248,89,0.0
1788104988.00,1173,3,92,89,0.0
1788104988.03,1177,20,140,89,0.0
1788104988.03,010B,43,0,89,0.0
1788104988.06,1410,1,48,89,0.0
1788104988.08,0110,1,1,89,0.0
1788104988.09,1631,1,0,89,0.0
1788104988.13,1678,0,0,89,0.0
1788104988.13,010B,43,0,89,0.0
1788104988.16,1681,0,0,89,0.0
1788104988.19,16CD,0,0,89,0.0
1788104988.22,16CE,255,247,89,0.0
1788104988.24,010B,43,0,89,0.0
1788104988.25,16CF,13,79,89,0.0
1788104988.28,16E8,89,36,89,0.0
1788104988.32,16E9,0,118,89,0.0
1788104988.33,010B,43,0,89,0.0
1788104988.35,16F0,3,131,89,0.0
1788104988.38,1704,0,0,89,0.0
1788104988.38,0110,1,4,89,0.0
1788104988.41,1706,128,0,89,0.0
1788104988.43,010B,43,0,89,0.0
1788104988.45,1709,0,0,89,0.0
1788104988.48,1717,1,0,89,0.0
1788104988.48,0110,0,251,89,0.0
1788104988.51,1718,1,0,89,0.0
1788104988.53,010B,43,0,89,0.0
1788104988.54,1746,0,0,89,0.0
1788104988.58,1782,142,192,89,0.0
1788104988.58,0110,0,254,89,0.0
1788104988.61,1783,110,192,89,0.0
1788104988.63,010B,43,0,89,0.0
1788104988.64,17A0,32,0,89,0.0
1788104988.68,17A6,0,0,89,0.0
1788104988.69,0110,0,251,89,0.0
1788104988.71,17B0,19,0,89,0.0
1788104988.73,010B,43,0,89,0.0
1788104988.74,17B1,32,0,89,0.0
1788104988.77,17B2,4,0,89,0.0
1788104988.78,0110,0,254,89,0.0
1788104988.81,17B3,129,0,89,0.0
1788104988.83,010B,43,0,89,0.0
1788104988.84,17B5,80,0,89,0.0
1788104988.87,17B6,0,0,89,0.0
1788104988.88,0110,1,1,89,0.0
1788104988.90,17B8,239,0,89,0.0
1788104988.94,17BA,0,0,89,0.0
1788104988.97,17BB,0,0,89,0.0
1788104988.98,0110,1,1,89,0.0
1788104989.01,17BC,0,0,89,0.0
1788104989.04,17BD,62,0,89,0.0
1788104989.07,17BE,0,0,89,0.0
1788104989.08,0110,0,254,89,0.0
1788104989.10,17C1,234,0,89,0.0
1788104989.13,3201,23,112,89,0.0
1788104989.13,010B,43,0,89,0.0
1788104989.17,990A,44,0,89,0.0
1788104989.18,0110,1,1,89,0.0
1788104989.20,996E,13,32,89,0.0
1788104989.23,A211,0,0,89,0.0
1788104989.24,010B,43,0,89,0.0
1788104989.26,D100,129,0,89,0.0
1788104989.29,0110,1,4,89,0.0
1788104989.29,E21B,90,74,89,0.0
1788104989.33,E21C,49,56,89,0.0
1788104989.33,010B,43,0,89,0.0
1788104989.36,E21D,56,56,89,0.0
1788104989.39,0110,0,251,89,0.0
1788104989.39,17B3,129,0,89,0.0
1788104989.42,E6F0,90,74,89,0.0
1788104989.43,010B,43,0,89,0.0
1788104989.46,E6F2,240,0,89,0.0
1788104989.48,0110,0,251,89,0.0
1788104989.49,E6F3,240,0,89,0.0
1788104989.52,0105,129,0,89,0.0
1788104989.53,010B,43,0,89,0.0
1788104989.55,010F,95,0,89,0.0
1788104989.59,0110,0,251,89,0.0
1788104989.62,010B,43,0,89,0.0
1788104989.63,010B,43,0,89,0.0
1788104989.65,0106,129,0,89,0.0
1788104989.68,0107,131,0,89,0.0
1788104989.68,0110,0,245,89,0.0
1788104989.72,010E,145,0,89,0.0
1788104989.73,010B,43,0,89,0.0
1788104989.75,0142,53,174,89,0.0
1788104989.79,0000,190,63,89,0.0
1788104989.82,0002,0,0,89,0.0
1788104989.83,010B,43,0,89,0.0
1788104989.85,0003,2,0,89,0.0
1788104989.88,0005,129,0,89,0.0
1788104989.92,0006,129,0,89,0.0
1788104989.93,010B,43,0,89,0.0
1788104989.95,0007,131,0,89,0.0
1788104989.98,000B,43,0,89,0.0
1788104989.98,0110,1,1,89,0.0
1788104990.01,000C,11,46,89,0.0
1788104990.03,010B,43,0,89,0.0
1788104990.04,000D,0,0,89,0.0
1788104990.08,000E,143,0,89,0.0
1788104990.08,0110,0,251,89,0.0
1788104990.11,000F,95,0,89,0.0
1788104990.14,0010,0,251,89,0.0
1788104990.17,0011,30,0,89,0.0
1788104990.19,0110,0,254,89,0.0
1788104990.20,0013,1,0,89,0.0
1788104990.23,010B,43,0,89,0.0
1788104990.27,001F,1,140,89,0.0
1788104990.28,0110,1,4,89,0.0
1788104990.31,0020,128,21,89,0.0
1788104990.34,0021,0,0,89,0.0
1788104990.37,002C,0,0,89,0.0
1788104990.39,0110,0,251,89,0.0
1788104990.40,002E,35,0,89,0.0
1788104990.43,010B,43,0,89,0.0
1788104990.44,0030,255,0,89,0.0
1788104990.47,003C,20,254,89,0.0
1788104990.48,0110,0,251,89,0.0
1788104990.50,0040,104,0,89,0.0
1788104990.53,010B,43,0,89,0.0
1788104990.54,0042,53,153,89,0.0
1788104990.57,0043,0,69,89,0.0
1788104990.58,0110,0,251,89,0.0
1788104990.61,0200,0,0,89,0.0
1788104990.64,0202,0,0,89,0.0
1788104990.67,0900,6,54,89,0.0
1788104990.68,0110,0,242,89,0.0
1788104990.70,0968,0,0,89,0.0
1788104990.73,096E,11,16,89,0.0
1788104990.73,010B,43,0,89,0.0
1788104990.76,097C,110,16,89,0.0
1788104990.78,0110,0,254,89,0.0
1788104990.80,098E,0,0,89,0.0
1788104990.84,1101,1,0,89,0.0
1788104990.87,1103,4,0,89,0.0
1788104990.88,0110,0,254,89,0.0
1788104990.90,1104,1,0,89,0.0
1788104990.93,114A,50,128,89,0.0
1788104990.93,010B,43,0,89,0.0
1788104990.96,114D,36,0,89,0.0
1788104990.98,0110,0,251,89,0.0
1788104991.00,1153,58,4,89,0.0
1788104991.03,1154,29,192,89,0.0
1788104991.03,010B,43,0,89,0.0
1788104991.06,1169,29,181,89,0.0
1788104991.08,0110,0,254,89,0.0
1788104991.09,1173,3,107,89,0.0
1788104991.12,1177,20,120,89,0.0
1788104991.13,010B,43,0,89,0.0
1788104991.16,1410,1,53,89,0.0
1788104991.18,0110,0,248,89,0.0
1788104991.19,1631,1,0,89,0.0
1788104991.22,1678,0,0,89,0.0
1788104991.23,010B,43,0,89,0.0
1788104991.25,1681,0,0,89,0.0
1788104991.28,0110,1,1,89,0.0
1788104991.29,16CD,0,0,89,0.0
1788104991.32,16CE,255,247,89,0.0
1788104991.33,010B,43,0,89,0.0
1788104991.36,16CF,12,246,89,0.0
1788104991.39,16E8,83,55,89,0.0
1788104991.42,16E9,0,117,89,0.0
1788104991.43,010B,43,0,89,0.0
1788104991.45,16F0,3,131,89,0.0
1788104991.48,1704,0,0,89,0.0
1788104991.52,1706,128,0,89,0.0
1788104991.53,010B,43,0,89,0.0
1788104991.55,1709,0,0,89,0.0
1788104991.58,1717,1,0,89,0.0
1788104991.58,0110,0,251,89,0.0
1788104991.61,1718,1,0,89,0.0
1788104991.63,010B,43,0,89,0.0
1788104991.65,1746,0,0,89,0.0
1788104991.68,1782,142,192,89,0.0
1788104991.72,1783,110,192,89,0.0
1788104991.73,010B,43,0,89,0.0
1788104991.75,17A0,32,0,89,0.0
1788104991.78,17A6,0,0,89,0.0
1788104991.78,0110,0,248,89,0.0
1788104991.81,17B0,19,0,89,0.0
1788104991.83,010B,43,0,89,0.0
1788104991.84,17B1,32,0,89,0.0
1788104991.88,17B2,4,0,89,0.0
1788104991.88,0110,0,251,89,0.0
1788104991.91,17B3,129,0,89,0.0
1788104991.93,010B,43,0,89,0.0
1788104991.94,17B5,80,0,89,0.0
1788104991.98,17B6,0,0,89,0.0
1788104991.98,0110,1,1,89,0.0
1788104992.01,17B8,239,0,89,0.0
1788104992.03,010B,43,0,89,0.0
1788104992.04,17BA,0,0,89,0.0
1788104992.08,17BB,0,0,89,0.0
1788104992.09,0110,0,254,89,0.0
1788104992.11,17BC,0,0,89,0.0
1788104992.13,010B,43,0,89,0.0
1788104992.14,17BD,62,0,89,0.0
1788104992.17,17BE,0,0,89,0.0
1788104992.18,0110,0,245,89,0.0
1788104992.21,17C1,234,0,89,0.0
1788104992.23,010B,43,0,89,0.0
1788104992.24,3201,23,112,89,0.0
1788104992.27,990A,44,0,89,0.0
1788104992.28,0110,0,254,89,0.0
1788104992.30,996E,13,72,89,0.0
1788104992.33,A211,0,0,89,0.0
1788104992.33,010B,43,0,89,0.0
1788104992.37,D100,129,0,89,0.0
1788104992.38,0110,0,248,89,0.0
1788104992.40,E21B,90,74,89,0.0
1788104992.44,E21C,49,56,89,0.0
1788104992.47,E21D,56,56,89,0.0
1788104992.48,0110,0,251,89,0.0
1788104992.51,E21E,70,0,89,0.0
1788104992.54,E6F0,90,74,89,0.0
1788104992.57,E6F2,240,0,89,0.0
1788104992.58,0110,0,254,89,0.0
1788104992.60,E6F3,240,0,89,0.0
1788104992.63,0105,129,0,89,0.0
1788104992.64,010B,43,0,89,0.0
1788104992.67,010F,95,0,89,0.0
1788104992.68,0110,0,245,89,0.0
1788104992.70,0110,0,245,89,0.0
1788104992.73,010B,43,0,89,0.0
1788104992.73,010B,43,0,89,0.0
1788104992.77,0106,129,0,89,0.0
1788104992.78,0110,1,1,89,0.0
1788104992.80,0107,131,0,89,0.0
1788104992.83,010E,143,0,89,0.0
1788104992.83,010B,43,0,89,0.0
1788104992.86,0142,53,178,89,0.0
1788104992.88,0110,0,248,89,0.0
1788104992.90,0000,190,63,89,0.0
1788104992.93,0002,0,0,89,0.0
1788104992.93,010B,43,0,89,0.0
1788104992.96,0003,2,0,89,0.0
1788104992.98,0110,0,251,89,0.0
1788104993.00,0005,129,0,89,0.0
1788104993.03,0006,129,0,89,0.0
1788104993.03,010B,43,0,89,0.0
1788104993.07,0007,131,0,89,0.0
1788104993.08,0110,0,245,89,0.0
1788104993.10,000B,43,0,89,0.0
1788104993.13,000C,11,3,89,0.0
1788104993.13,010B,43,0,89,0.0
1788104993.17,000D,0,0,89,0.0
1788104993.18,0110,0,245,89,0.0
1788104993.20,000E,143,0,89,0.0
1788104993.23,000F,95,0,89,0.0
1788104993.23,010B,43,0,89,0.0
1788104993.26,0010,0,248,89,0.0
1788104993.28,0110,0,248,89,0.0
1788104993.29,0011,30,0,89,0.0
1788104993.32,0013,1,0,89,0.0
1788104993.33,010B,43,0,89,0.0
1788104993.36,001C,10,0,89,0.0
1788104993.39,0110,0,245,89,0.0
1788104993.39,17B3,129,0,89,0.0
1788104993.42,0020,128,21,89,0.0
1788104993.43,010B,43,0,89,0.0
1788104993.45,0021,0,0,89,0.0
1788104993.48,002C,0,0,89,0.0
1788104993.52,002E,35,0,89,0.0
1788104993.53,010B,43,0,89,0.0
1788104993.55,0030,255,0,89,0.0
1788104993.58,003C,20,254,89,0.0
1788104993.58,0110,0,245,89,0.0
1788104993.62,0040,104,0,89,0.0
1788104993.63,010B,43,0,89,0.0
1788104993.65,0042,53,178,89,0.0
1788104993.68,0043,0,68,89,0.0
1788104993.72,0200,0,0,89,0.0
1788104993.73,010B,43,0,89,0.0
1788104993.75,0202,0,0,89,0.0
1788104993.78,0900,6,59,89,0.0
1788104993.78,0110,0,248,89,0.0
1788104993.81,0968,0,0,89,0.0
1788104993.83,010B,43,0,89,0.0
1788104993.84,096E,10,240,89,0.0
1788104993.88,097C,110,17,89,0.0
1788104993.88,0110,0,251,89,0.0
1788104993.91,098E,0,0,89,0.0
1788104993.93,010B,43,0,89,0.0
1788104993.94,1101,1,0,89,0.0
1788104993.97,1103,4,0,89,0.0
1788104993.98,0110,0,254,89,0.0
1788104994.00,1104,1,0,89,0.0
1788104994.04,114A,50,128,89,0.0
1788104994.07,114D,36,0,89,0.0
1788104994.08,0110,0,248,89,0.0
1788104994.10,1153,56,122,89,0.0
1788104994.13,1154,29,192,89,0.0
1788104994.13,010B,43,0,89,0.0
1788104994.17,1169,29,181,89,0.0
1788104994.18,0110,0,245,89,0.0
1788104994.20,1173,1,194,89,0.0
1788104994.24,1177,20,120,89,0.0
1788104994.27,1410,1,50,89,0.0
1788104994.28,0110,0,254,89,0.0
1788104994.30,1631,1,0,89,0.0
1788104994.33,1678,0,0,89,0.0
1788104994.33,010B,43,0,89,0.0
1788104994.36,1681,0,0,89,0.0
1788104994.38,0110,0,251,89,0.0
1788104994.39,0142,53,180,89,0.0
1788104994.40,16CD,0,0,89,0.0
1788104994.43,16CE,255,244,89,0.0
1788104994.43,010B,43,0,89,0.0
1788104994.46,16CF,13,47,89,0.0
1788104994.48,0110,0,248,89,0.0
1788104994.50,16E8,87,146,89,0.0
1788104994.53,16E9,0,118,89,0.0
1788104994.53,010B,43,0,89,0.0
1788104994.56,16F0,3,131,89,0.0
1788104994.58,0110,0,248,89,0.0
1788104994.60,1704,0,0,89,0.0
1788104994.63,1706,128,0,89,0.0
1788104994.63,010B,43,0,89,0.0
1788104994.66,1709,0,0,89,0.0
1788104994.69,0110,0,251,89,0.0
1788104994.69,1717,1,0,89,0.0
1788104994.72,1718,1,0,89,0.0
1788104994.73,010B,43,0,89,0.0
1788104994.76,1746,0,0,89,0.0
1788104994.78,0110,0,248,89,0.0
1788104994.79,1782,142,192,89,0.0
1788104994.82,1783,110,192,89,0.0
1788104994.83,010B,43,0,89,0.0
1788104994.85,17A0,33,0,89,0.0
1788104994.88,17A6,0,0,89,0.0
1788104994.92,17B0,18,0,89,0.0
1788104994.93,010B,43,0,89,0.0
1788104994.96,17B1,32,0,89,0.0
1788104994.98,0110,0,251,89,0.0
1788104994.99,17B2,4,0,89,0.0
1788104995.02,17B3,129,0,89,0.0
1788104995.03,010B,43,0,89,0.0
1788104995.05,17B5,80,0,89,0.0
1788104995.08,17B6,0,0,89,0.0
1788104995.12,17B8,239,0,89,0.0
1788104995.13,010B,43,0,89,0.0
1788104995.15,17BA,0,0,89,0.0
1788104995.18,17BB,0,0,89,0.0
1788104995.18,0110,0,248,89,0.0
1788104995.21,17BC,0,0,89,0.0
1788104995.23,010B,43,0,89,0.0
1788104995.25,17BD,62,0,89,0.0
1788104995.28,17BE,0,0,89,0.0
1788104995.32,17C1,234,0,89,0.0
1788104995.33,010B,43,0,89,0.0
1788104995.35,3201,23,112,89,0.0
1788104995.38,990A,43,0,89,0.0
1788104995.38,0110,0,251,89,0.0
1788104995.39,17B3,129,0,89,0.0
1788104995.41,996E,13,92,89,0.0
1788104995.44,010B,43,0,89,0.0
1788104995.44,A211,0,0,89,0.0
1788104995.48,D100,129,0,89,0.0
1788104995.48,0110,0,245,89,0.0
1788104995.51,E21B,90,74,89,0.0
1788104995.54,010B,43,0,89,0.0
1788104995.54,E21C,49,56,89,0.0
1788104995.57,E21D,56,56,89,0.0
1788104995.58,0110,0,251,89,0.0
1788104995.60,E21E,70,0,89,0.0
1788104995.63,010B,43,0,89,0.0
1788104995.64,E6F0,90,74,89,0.0
1788104995.67,E6F2,240,0,89,0.0
1788104995.68,0110,0,248,89,0.0
1788104995.70,E6F3,240,0,89,0.0
1788104995.73,0105,129,0,89,0.0
1788104995.73,010B,43,0,89,0.0
1788104995.76,010F,95,0,89,0.0
1788104995.78,0110,0,254,89,0.0
1788104995.80,0110,0,254,89,0.0
1788104995.83,010B,43,0,89,0.0
1788104995.83,010B,43,0,89,0.0
1788104995.86,0106,130,0,89,0.0
1788104995.88,0110,1,1,89,0.0
1788104995.89,0107,131,0,89,0.0
1788104995.93,010E,143,0,89,0.0
1788104995.93,010B,43,0,89,0.0
1788104995.96,0142,53,171,89,0.0
1788104995.98,0110,0,248,89,0.0
1788104996.00,0000,190,63,89,0.0
1788104996.03,0002,0,0,89,0.0
1788104996.03,010B,43,0,89,0.0
1788104996.06,0003,2,0,89,0.0
1788104996.08,0110,0,245,89,0.0
1788104996.09,0005,129,0,89,0.0
1788104996.12,0006,128,0,89,0.0
1788104996.13,010B,43,0,89,0.0
1788104996.16,0007,131,0,89,0.0
1788104996.18,0110,0,248,89,0.0
1788104996.19,000B,43,0,89,0.0
1788104996.22,000C,10,254,89,0.0
1788104996.23,010B,43,0,89,0.0
1788104996.26,000D,0,0,89,0.0
1788104996.28,0110,0,245,89,0.0
1788104996.29,000E,143,0,89,0.0
1788104996.32,000F,95,0,89,0.0
1788104996.33,010B,43,0,89,0.0
1788104996.36,0010,0,245,89,0.0
1788104996.39,0011,30,0,89,0.0
1788104996.42,0013,1,0,89,0.0
1788104996.43,010B,43,0,89,0.0
1788104996.45,001C,10,0,89,0.0
1788104996.48,001F,1,147,89,0.0
1788104996.52,0020,128,21,89,0.0
1788104996.53,010B,43,0,89,0.0
1788104996.55,0021,0,0,89,0.0
1788104996.58,002C,0,0,89,0.0
1788104996.58,0110,0,251,89,0.0
1788104996.61,002E,35,0,89,0.0
1788104996.63,010B,43,0,89,0.0
1788104996.64,0030,255,0,89,0.0
1788104996.68,003C,20,255,89,0.0
1788104996.68,0110,0,251,89,0.0
1788104996.71,0040,104,0,89,0.0
1788104996.73,010B,43,0,89,0.0
1788104996.74,0042,53,171,89,0.0
1788104996.77,0043,0,69,89,0.0
1788104996.78,0110,0,242,89,0.0
1788104996.80,0200,0,0,89,0.0
1788104996.84,010B,43,0,89,0.0
1788104996.84,0202,0,0,89,0.0
1788104996.87,0900,6,59,89,0.0
1788104996.89,0110,0,248,89,0.0
1788104996.90,0968,0,0,89,0.0
1788104996.94,096E,10,240,89,0.0
1788104996.97,097C,110,18,89,0.0
1788104996.98,0110,0,254,89,0.0
1788104997.00,098E,0,0,89,0.0
1788104997.04,1101,1,0,89,0.0
1788104997.07,1103,4,0,89,0.0
1788104997.09,0110,0,251,89,0.0
1788104997.10,1104,1,0,89,0.0
1788104997.13,114A,50,128,89,0.0
1788104997.13,010B,43,0,89,0.0
1788104997.16,114D,36,0,89,0.0
1788104997.18,0110,0,251,89,0.0
1788104997.20,1153,57,67,89,0.0
1788104997.23,1154,29,192,89,0.0
1788104997.23,010B,43,0,89,0.0
1788104997.26,1169,29,181,89,0.0
1788104997.29,0110,1,1,89,0.0
1788104997.29,1173,1,119,89,0.0
1788104997.32,1177,20,140,89,0.0
1788104997.33,010B,43,0,89,0.0
1788104997.36,1410,1,53,89,0.0
1788104997.38,0110,0,248,89,0.0
1788104997.39,17B3,129,0,89,0.0
1788104997.40,1631,1,0,89,0.0
1788104997.43,1678,0,0,89,0.0
1788104997.43,010B,43,0,89,0.0
1788104997.46,1681,0,0,89,0.0
1788104997.48,0110,0,245,89,0.0
1788104997.49,16CD,0,0,89,0.0
1788104997.52,16CE,255,246,89,0.0
1788104997.54,010B,43,0,89,0.0
1788104997.56,16CF,13,23,89,0.0
1788104997.58,0110,0,251,89,0.0
1788104997.59,16E8,80,54,89,0.0
1788104997.62,16E9,0,118,89,0.0
1788104997.63,010B,43,0,89,0.0
1788104997.65,16F0,3,131,89,0.0
1788104997.68,1704,0,0,89,0.0
1788104997.68,0110,0,251,89,0.0
1788104997.72,1706,128,0,89,0.0
1788104997.74,010B,43,0,89,0.0
1788104997.75,1709,0,0,89,0.0
1788104997.78,1717,1,0,89,0.0
1788104997.78,0110,0,254,89,0.0
1788104997.81,1718,1,0,89,0.0
1788104997.83,010B,43,0,89,0.0
1788104997.84,1746,0,0,89,0.0
1788104997.88,1782,142,192,89,0.0
1788104997.88,0110,0,251,89,0.0
1788104997.92,1783,110,192,89,0.0
1788104997.93,010B,43,0,89,0.0
1788104997.95,17A0,33,0,89,0.0
1788104997.98,17A6,0,0,89,0.0
1788104997.98,0110,0,245,89,0.0
1788104998.01,17B0,19,0,89,0.0
1788104998.03,010B,43,0,89,0.0
1788104998.04,17B1,32,0,89,0.0
1788104998.08,17B2,4,0,89,0.0
1788104998.08,0110,0,245,89,0.0
1788104998.11,17B3,129,0,89,0.0
1788104998.13,010B,43,0,89,0.0
1788104998.17,17B6,0,0,89,0.0
1788104998.18,0110,0,251,89,0.0
1788104998.20,17B8,239,0,89,0.0
1788104998.24,17BA,0,0,89,0.0
1788104998.27,17BB,0,0,89,0.0
1788104998.28,0110,0,242,89,0.0
1788104998.30,17BC,0,0,89,0.0
1788104998.33,17BD,62,0,89,0.0
1788104998.33,010B,43,0,89,0.0
1788104998.36,17BE,0,0,89,0.0
1788104998.38,0110,0,245,89,0.0
1788104998.40,17C1,234,0,89,0.0
1788104998.43,3201,23,112,89,0.0
1788104998.43,010B,43,0,89,0.0
1788104998.46,990A,43,0,89,0.0
1788104998.48,0110,0,254,89,0.0
1788104998.49,996E,13,112,89,0.0
1788104998.53,A211,0,0,89,0.0
1788104998.54,010B,43,0,89,0.0
1788104998.56,D100,129,0,89,0.0
1788104998.59,0110,0,248,89,0.0
1788104998.60,E21B,90,74,89,0.0
1788104998.63,E21C,49,56,89,0.0
1788104998.63,010B,43,0,89,0.0
1788104998.66,E21D,56,56,89,0.0
1788104998.68,0110,0,245,89,0.0
1788104998.69,E21E,70,0,89,0.0
1788104998.72,E6F0,90,74,89,0.0
1788104998.73,010B,43,0,89,0.0
1788104998.76,E6F2,240,0,89,0.0
1788104998.78,0110,0,254,89,0.0
1788104998.79,E6F3,240,0,89,0.0
1788104998.82,0105,129,0,89,0.0
1788104998.83,010B,43,0,89,0.0
1788104998.85,010F,95,0,89,0.0
1788104998.88,0110,0,245,89,0.0
1788104998.88,0110,0,245,89,0.0
1788104998.92,010B,43,0,89,0.0
1788104998.94,010B,43,0,89,0.0
1788104998.95,0106,129,0,89,0.0
1788104998.98,0107,131,0,89,0.0
1788104998.98,0110,0,251,89,0.0
1788104999.01,010E,141,0,89,0.0
1788104999.03,010B,43,0,89,0.0
1788104999.05,0142,53,160,89,0.0
1788104999.08,0000,190,63,89,0.0
1788104999.12,0002,0,0,89,0.0
1788104999.13,010B,43,0,89,0.0
1788104999.15,0003,2,0,89,0.0
1788104999.18,0005,129,0,89,0.0
1788104999.18,0110,0,245,89,0.0
1788104999.21,0006,130,0,89,0.0
1788104999.23,010B,43,0,89,0.0
1788104999.24,0007,131,0,89,0.0
1788104999.28,000B,43,0,89,0.0
1788104999.28,0110,0,251,89,0.0
1788104999.31,000C,11,7,89,0.0
1788104999.33,010B,43,0,89,0.0
1788104999.34,000D,0,0,89,0.0
1788104999.37,000E,143,0,89,0.0
1788104999.39,0110,0,251,89,0.0
1788104999.39,17B3,129,0,89,0.0
1788104999.40,000F,95,0,89,0.0
1788104999.43,010B,43,0,89,0.0
1788104999.44,0010,0,251,89,0.0
1788104999.47,0011,29,0,89,0.0
1788104999.48,0110,0,251,89,0.0
1788104999.51,0013,1,0,89,0.0
1788104999.54,001C,10,0,89,0.0
1788104999.57,001F,1,150,89,0.0
1788104999.59,0110,0,254,89,0.0
1788104999.60,0020,128,21,89,0.0
1788104999.64,0021,0,0,89,0.0
1788104999.67,002C,0,0,89,0.0
1788104999.68,0110,0,251,89,0.0
1788104999.70,002E,35,0,89,0.0
1788104999.73,0030,255,0,89,0.0
1788104999.73,010B,43,0,89,0.0
1788104999.76,003C,20,255,89,0.0
1788104999.78,0110,0,254,89,0.0
1788104999.80,0040,104,0,89,0.0
1788104999.83,0042,53,171,89,0.0
1788104999.83,010B,43,0,89,0.0
1788104999.86,0043,0,69,89,0.0
1788104999.88,0110,0,210,89,0.0
1788104999.89,0200,0,0,89,0.0
1788104999.92,0202,0,0,89,0.0
1788104999.93,010B,42,0,89,0.0
1788104999.96,0900,6,34,89,0.0
1788104999.99,0110,0,195,89,0.0
1788104999.99,0968,0,0,89,0.0
1788105000.03,096E,10,240,89,0.0
1788105000.03,010B,41,0,89,0.0
1788105000.06,097C,110,18,89,0.0
1788105000.09,098E,0,0,89,0.0
1788105000.12,1101,0,0,89,0.0
1788105000.13,010B,40,0,89,0.0
1788105000.16,1103,4,0,89,0.0
1788105000.19,1104,0,0,89,0.0
1788105000.22,114A,50,128,89,0.0
1788105000.23,010B,40,0,89,0.0
1788105000.25,114D,36,0,89,0.0
1788105000.28,1153,44,227,89,0.0
1788105000.28,0110,0,187,89,0.0
1788105000.32,1154,29,192,89,0.0
1788105000.33,010B,39,0,89,0.0
1788105000.35,1169,29,181,89,0.0
1788105000.38,1173,3,142,89,0.0
1788105000.38,0110,0,185,89,0.0
1788105000.39,0142,54,44,89,0.0
1788105000.41,1177,18,152,89,0.0
1788105000.43,010B,38,0,89,0.0
1788105000.44,1410,1,6,89,0.0
1788105000.48,1631,1,0,89,0.0
1788105000.48,0110,0,185,89,0.0
1788105000.51,1678,0,0,89,0.0
1788105000.53,010B,37,0,89,0.0
1788105000.54,1681,0,0,89,0.0
1788105000.57,16CD,0,0,89,0.0
1788105000.58,0110,0,180,89,0.0
1788105000.60,16CE,255,255,89,0.0
1788105000.64,16CF,12,215,89,0.0
1788105000.67,16E8,68,170,89,0.0
1788105000.68,0110,0,185,89,0.0
1788105000.70,16E9,0,120,89,0.0
1788105000.73,16F0,3,131,89,0.0
1788105000.73,010B,35,0,89,0.0
1788105000.76,1704,0,0,89,0.0
1788105000.78,0110,0,175,89,0.0
1788105000.80,1706,128,0,89,0.0
1788105000.84,1709,0,0,89,0.0
1788105000.87,1717,1,0,89,0.0
1788105000.88,0110,0,173,89,0.0
1788105000.90,1718,1,0,89,0.0
1788105000.93,1746,0,0,89,0.0
1788105000.93,010B,34,0,89,0.0
1788105000.96,1782,142,192,89,0.0
1788105000.98,0110,0,166,89,0.0
1788105001.00,1783,110,192,89,0.0
1788105001.03,17A0,31,0,89,0.0
1788105001.03,010B,34,0,89,0.0
1788105001.06,17A6,0,0,89,0.0
1788105001.08,0110,0,173,89,0.0
1788105001.09,17B0,20,0,89,0.0
1788105001.12,17B1,32,0,89,0.0
1788105001.13,010B,33,0,89,0.0
1788105001.16,17B2,4,0,89,0.0
1788105001.19,17B3,129,0,89,0.0
1788105001.22,17B5,80,0,89,0.0
1788105001.23,010B,33,0,89,0.0
1788105001.25,17B6,0,0,89,0.0
1788105001.28,17B8,239,0,89,0.0
1788105001.29,0110,0,175,89,0.0
1788105001.32,17BA,0,0,89,0.0
1788105001.34,010B,32,0,89,0.0
1788105001.35,17BB,0,0,89,0.0
1788105001.38,17BC,0,0,89,0.0
1788105001.38,0110,0,173,89,0.0
1788105001.39,17B3,129,0,89,0.0
1788105001.41,17BD,62,0,89,0.0
1788105001.43,010B,32,0,89,0.0
1788105001.45,17BE,0,0,89,0.0
1788105001.48,17C1,234,0,89,0.0
1788105001.49,0110,0,178,89,0.0
1788105001.51,3201,23,112,89,0.0
1788105001.53,010B,32,0,89,0.0
1788105001.54,990A,43,0,89,0.0
1788105001.57,996E,13,132,89,0.0
1788105001.58,0110,0,178,89,0.0
1788105001.62,A211,0,0,89,0.0
1788105001.63,010B,32,0,89,0.0
1788105001.64,D100,129,0,89,0.0
1788105001.68,E21B,90,74,89,0.0
1788105001.68,0110,0,178,89,0.0
1788105001.71,E21C,49,56,89,0.0
1788105001.74,E21D,56,56,89,0.0
1788105001.77,E21E,70,0,89,0.0
1788105001.78,0110,0,180,89,0.0
1788105001.80,E6F0,90,74,89,0.0
1788105001.84,E6F2,240,0,89,0.0
1788105001.87,E6F3,240,0,89,0.0
1788105001.88,0110,0,175,89,0.0
1788105001.90,0105,129,0,89,0.0
1788105001.93,010F,95,0,89,0.0
1788105001.94,010B,32,0,89,0.0
1788105001.96,0110,0,178,89,0.0
1788105001.98,0110,0,175,89,0.0
1788105002.00,010B,32,0,89,0.0
1788105002.03,0106,126,0,89,0.0
1788105002.04,010B,32,0,89,0.0
1788105002.06,0107,131,0,89,0.0
1788105002.08,0110,0,180,89,0.0
1788105002.10,010E,143,0,89,0.0
1788105002.13,0142,53,174,89,0.0
1788105002.13,010B,32,0,89,0.0
1788105002.16,0000,190,63,89,0.0
1788105002.18,0110,0,175,89,0.0
1788105002.20,0002,0,0,89,0.0
1788105002.23,0003,2,0,89,0.0
1788105002.24,010B,32,0,89,0.0
1788105002.26,0005,129,0,89,0.0
1788105002.28,0110,0,178,89,0.0
1788105002.29,0006,126,0,89,0.0
1788105002.32,0007,131,0,89,0.0
1788105002.33,010B,32,0,89,0.0
1788105002.36,000B,32,0,89,0.0
1788105002.39,0110,0,178,89,0.0
1788105002.39,000C,11,11,89,0.0
1788105002.43,000D,0,0,89,0.0
1788105002.43,010B,32,0,89,0.0
1788105002.46,000E,143,0,89,0.0
1788105002.49,0110,0,175,89,0.0
1788105002.49,000F,95,0,89,0.0
1788105002.52,0010,0,178,89,0.0
1788105002.53,010B,32,0,89,0.0
1788105002.56,0011,30,0,89,0.0
1788105002.59,0013,1,0,89,0.0
1788105002.62,001C,10,0,89,0.0
1788105002.63,010B,32,0,89,0.0
1788105002.65,001F,1,153,89,0.0
1788105002.68,0020,128,21,89,0.0
1788105002.68,0110,0,175,89,0.0
1788105002.72,0021,0,0,89,0.0
1788105002.73,010B,32,0,89,0.0
1788105002.76,002C,0,0,89,0.0
1788105002.79,002E,29,0,89,0.0
1788105002.82,0030,255,0,89,0.0
1788105002.83,010B,32,0,89,0.0
1788105002.85,003C,20,255,89,0.0
1788105002.88,0040,104,0,89,0.0
1788105002.92,0042,53,198,89,0.0
1788105002.93,010B,32,0,89,0.0
1788105002.95,0043,0,48,89,0.0
1788105002.98,0200,0,0,89,0.0
1788105002.98,0110,0,178,89,0.0
1788105003.01,0202,0,0,89,0.0
1788105003.03,010B,32,0,89,0.0
1788105003.05,0900,5,100,89,0.0
1788105003.08,0968,0,0,89,0.0
1788105003.08,0110,0,178,89,0.0
1788105003.11,096E,10,240,89,0.0
1788105003.13,010B,32,0,89,0.0
1788105003.14,097C,110,19,89,0.0
1788105003.18,098E,0,0,89,0.0
1788105003.18,0110,0,175,89,0.0
1788105003.21,1101,0,0,89,0.0
1788105003.23,010B,32,0,89,0.0
1788105003.24,1103,0,0,89,0.0
1788105003.28,1104,0,0,89,0.0
1788105003.28,0110,0,175,89,0.0
1788105003.31,114A,50,128,89,0.0
1788105003.34,114D,36,0,89,0.0
1788105003.37,1153,41,128,89,0.0
1788105003.38,0110,0,178,89,0.0
1788105003.39,17B3,129,0,89,0.0
1788105003.40,1154,29,192,89,0.0
1788105003.44,1169,29,181,89,0.0
1788105003.47,1173,0,80,89,0.0
1788105003.48,0110,0,175,89,0.0
1788105003.50,1177,18,72,89,0.0
1788105003.53,1410,0,219,89,0.0
1788105003.53,010B,32,0,89,0.0
1788105003.56,1631,1,0,89,0.0
1788105003.58,0110,0,175,89,0.0
1788105003.60,1678,0,0,89,0.0
1788105003.63,1681,0,0,89,0.0
1788105003.63,010B,32,0,89,0.0
1788105003.67,16CD,0,0,89,0.0
1788105003.68,0110,0,180,89,0.0
1788105003.69,16CE,255,252,89,0.0
1788105003.72,16CF,13,47,89,0.0
1788105003.73,010B,32,0,89,0.0
1788105003.76,16E8,69,212,89,0.0
1788105003.78,0110,0,173,89,0.0
1788105003.80,16E9,0,117,89,0.0
1788105003.83,16F0,3,131,89,0.0
1788105003.83,010B,32,0,89,0.0
1788105003.86,1704,0,0,89,0.0
1788105003.88,0110,0,178,89,0.0
1788105003.89,1706,128,0,89,0.0
1788105003.92,1709,0,0,89,0.0
1788105003.93,010B,32,0,89,0.0
1788105003.96,1717,1,0,89,0.0
1788105003.98,0110,0,180,89,0.0
1788105004.02,1746,0,0,89,0.0
1788105004.03,010B,32,0,89,0.0
1788105004.05,1782,142,192,89,0.0
1788105004.08,1783,110,192,89,0.0
1788105004.08,0110,0,173,89,0.0
1788105004.12,17A0,32,0,89,0.0
1788105004.13,010B,32,0,89,0.0
1788105004.15,17A6,0,0,89,0.0
1788105004.18,17B0,18,0,89,0.0
1788105004.18,0110,0,173,89,0.0
1788105004.21,17B1,32,0,89,0.0
1788105004.23,010B,32,0,89,0.0
1788105004.25,17B2,4,0,89,0.0
1788105004.28,17B3,129,0,89,0.0
1788105004.28,0110,0,171,89,0.0
1788105004.32,17B5,80,0,89,0.0
1788105004.33,010B,32,0,89,0.0
1788105004.35,17B6,0,0,89,0.0
1788105004.38,17B8,239,0,89,0.0
1788105004.39,0110,0,178,89,0.0
1788105004.41,17BA,0,0,89,0.0
1788105004.44,010B,32,0,89,0.0
1788105004.44,17BB,0,0,89,0.0
1788105004.48,17BC,0,0,89,0.0
1788105004.48,0110,0,175,89,0.0
1788105004.51,17BD,62,0,89,0.0
1788105004.53,010B,32,0,89,0.0
1788105004.54,17BE,0,0,89,0.0
1788105004.57,17C1,234,0,89,0.0
1788105004.58,0110,0,173,89,0.0
1788105004.60,3201,23,112,89,0.0
1788105004.63,010B,32,0,89,0.0
1788105004.64,990A,43,0,89,0.0
1788105004.68,996E,13,112,89,0.0
1788105004.68,0110,0,175,89,0.0
1788105004.71,A211,0,0,89,0.0
1788105004.73,010B,32,0,89,0.0
1788105004.77,E21B,90,74,89,0.0
1788105004.78,0110,0,178,89,0.0
1788105004.80,E21C,49,56,89,0.0
1788105004.84,E21D,56,56,89,0.0
1788105004.87,E21E,70,0,89,0.0
1788105004.88,0110,0,171,89,0.0
1788105004.90,E6F0,90,74,89,0.0
1788105004.93,E6F2,240,0,89,0.0
1788105004.93,010B,32,0,89,0.0
1788105004.96,E6F3,240,0,89,0.0
1788105004.98,0110,0,178,89,0.0
1788105004.99,0105,129,0,89,0.0
1788105005.03,010F,95,0,89,0.0
1788105005.03,010B,32,0,89,0.0
1788105005.06,0110,0,175,89,0.0
1788105005.08,0110,0,175,89,0.0
1788105005.09,010B,32,0,89,0.0
1788105005.12,0106,127,0,89,0.0
1788105005.13,010B,32,0,89,0.0
1788105005.16,0107,131,0,89,0.0
1788105005.18,0110,0,173,89,0.0
1788105005.19,010E,143,0,89,0.0
1788105005.22,0142,53,191,89,0.0
1788105005.23,010B,32,0,89,0.0
1788105005.26,0000,190,63,89,0.0
1788105005.28,0110,0,180,89,0.0
1788105005.29,0002,0,0,89,0.0
1788105005.32,0003,2,0,89,0.0
1788105005.33,010B,32,0,89,0.0
1788105005.36,0005,129,0,89,0.0
1788105005.39,0110,0,175,89,0.0
1788105005.39,17B3,129,0,89,0.0
1788105005.42,0007,131,0,89,0.0
1788105005.43,010B,32,0,89,0.0
1788105005.45,000B,32,0,89,0.0
1788105005.48,0110,0,175,89,0.0
1788105005.49,000C,11,18,89,0.0
1788105005.52,000D,0,0,89,0.0
1788105005.53,010B,32,0,89,0.0
1788105005.56,000E,145,0,89,0.0
1788105005.59,000F,95,0,89,0.0
1788105005.62,0010,0,173,89,0.0
1788105005.63,010B,32,0,89,0.0
1788105005.65,0011,30,0,89,0.0
1788105005.68,0013,1,0,89,0.0
1788105005.72,001C,10,0,89,0.0
1788105005.73,010B,32,0,89,0.0
1788105005.75,001F,1,156,89,0.0
1788105005.78,0020,128,21,89,0.0
1788105005.78,0110,0,178,89,0.0
1788105005.81,0021,0,0,89,0.0
1788105005.83,010B,32,0,89,0.0
1788105005.84,002C,0,0,89,0.0
1788105005.88,002E,29,0,89,0.0
1788105005.88,0110,0,173,89,0.0
1788105005.91,0030,255,0,89,0.0
1788105005.93,010B,32,0,89,0.0
1788105005.94,003C,20,255,89,0.0
1788105005.97,0040,104,0,89,0.0
1788105005.98,0110,0,175,89,0.0
1788105006.00,0042,53,180,89,0.0
1788105006.04,010B,32,0,89,0.0
1788105006.04,0043,0,48,89,0.0
1788105006.08,0200,0,0,89,0.0
1788105006.08,0110,0,175,89,0.0
1788105006.11,0202,0,0,89,0.0
1788105006.13,010B,32,0,89,0.0
1788105006.14,0900,5,100,89,0.0
1788105006.17,0968,0,0,89,0.0
1788105006.18,0110,0,173,89,0.0
1788105006.20,096E,10,240,89,0.0
1788105006.23,010B,32,0,89,0.0
1788105006.24,097C,110,20,89,0.0
1788105006.28,098E,0,0,89,0.0
1788105006.28,0110,0,175,89,0.0
1788105006.31,1101,0,0,89,0.0
1788105006.34,1103,0,0,89,0.0
1788105006.37,1104,0,0,89,0.0
1788105006.38,0110,0,173,89,0.0
1788105006.40,114A,50,128,89,0.0
1788105006.44,114D,36,0,89,0.0
1788105006.47,1153,41,182,89,0.0
1788105006.48,0110,0,173,89,0.0
1788105006.50,1154,29,192,89,0.0
1788105006.53,1169,29,181,89,0.0
1788105006.53,010B,32,0,89,0.0
1788105006.56,1173,0,75,89,0.0
1788105006.58,0110,0,173,89,0.0
1788105006.60,1177,18,52,89,0.0
1788105006.64,1410,0,217,89,0.0
1788105006.67,1631,1,0,89,0.0
1788105006.68,0110,0,178,89,0.0
1788105006.70,1678,0,0,89,0.0
1788105006.73,1681,0,0,89,0.0
1788105006.73,010B,32,0,89,0.0
1788105006.76,16CD,0,0,89,0.0
1788105006.78,0110,0,173,89,0.0
1788105006.80,16CE,255,252,89,0.0
1788105006.83,16CF,12,255,89,0.0
1788105006.83,010B,32,0,89,0.0
1788105006.87,16E8,72,122,89,0.0
1788105006.89,0110,0,173,89,0.0
1788105006.90,16E9,0,118,89,0.0
1788105006.93,16F0,3,131,89,0.0
1788105006.93,010B,32,0,89,0.0
1788105006.96,1704,0,0,89,0.0
1788105006.98,0110,0,175,89,0.0
1788105007.00,1706,128,0,89,0.0
1788105007.03,1709,0,0,89,0.0
1788105007.03,010B,32,0,89,0.0
1788105007.06,1717,1,0,89,0.0
1788105007.08,0110,0,175,89,0.0
1788105007.09,1718,1,0,89,0.0
1788105007.12,1746,0,0,89,0.0
1788105007.13,010B,32,0,89,0.0
1788105007.16,1782,142,192,89,0.0
1788105007.19,1783,110,192,89,0.0
1788105007.22,17A0,31,0,89,0.0
1788105007.23,010B,32,0,89,0.0
1788105007.25,17A6,0,0,89,0.0
1788105007.28,17B0,19,0,89,0.0
1788105007.29,0110,0,173,89,0.0
1788105007.32,17B1,32,0,89,0.0
1788105007.33,010B,32,0,89,0.0
1788105007.35,17B2,4,0,89,0.0
1788105007.38,17B3,129,0,89,0.0
1788105007.38,0110,0,173,89,0.0
1788105007.39,17B3,129,0,89,0.0
1788105007.41,17B5,80,0,89,0.0
1788105007.43,010B,32,0,89,0.0
1788105007.45,17B6,0,0,89,0.0
1788105007.48,17B8,239,0,89,0.0
1788105007.49,0110,0,175,89,0.0
1788105007.51,17BA,0,0,89,0.0
1788105007.53,010B,32,0,89,0.0
1788105007.54,17BB,0,0,89,0.0
1788105007.58,17BC,0,0,89,0.0
1788105007.58,0110,0,173,89,0.0
1788105007.61,17BD,62,0,89,0.0
1788105007.63,010B,32,0,89,0.0
1788105007.64,17BE,0,0,89,0.0
1788105007.68,17C1,234,0,89,0.0
1788105007.68,0110,1,112,89,0.0
1788105007.71,3201,23,112,89,0.0
1788105007.74,010B,34,0,89,0.0
1788105007.77,996E,13,72,89,0.0
1788105007.78,0110,1,93,89,0.0
1788105007.80,A211,0,0,89,0.0
1788105007.84,D100,129,0,89,0.0
1788105007.87,E21B,90,74,89,0.0
1788105007.88,0110,0,251,89,0.0
1788105007.90,E21C,49,56,89,0.0
1788105007.93,E21D,56,56,89,0.0
1788105007.93,010B,38,0,89,0.0
1788105007.96,E21E,70,0,89,0.0
1788105007.98,0110,0,236,89,0.0
1788105008.00,E6F0,90,74,89,0.0
1788105008.03,E6F2,240,0,89,0.0
1788105008.03,010B,38,0,89,0.0
1788105008.06,E6F3,240,0,89,0.0
1788105008.08,0110,0,236,89,0.0
1788105008.09,0105,129,0,89,0.0
1788105008.12,010F,95,0,89,0.0
1788105008.13,010B,38,0,89,0.0
1788105008.16,0110,1,27,89,0.0
1788105008.18,0110,1,85,89,0.0
1788105008.19,010B,38,0,89,0.0
1788105008.22,0106,128,0,89,0.0
1788105008.23,010B,39,0,89,0.0
1788105008.25,0107,131,0,89,0.0
1788105008.28,0110,1,50,89,0.0
1788105008.29,010E,141,0,89,0.0
1788105008.32,0142,53,78,89,0.0
1788105008.34,010B,41,0,89,0.0
1788105008.36,0000,190,63,89,0.0
1788105008.38,0110,1,4,89,0.0
1788105008.39,0002,0,0,89,0.0
1788105008.42,0003,2,0,89,0.0
1788105008.44,010B,41,0,89,0.0
1788105008.45,0005,129,0,89,0.0
1788105008.48,0006,127,0,89,0.0
1788105008.52,0007,131,0,89,0.0
1788105008.53,010B,41,0,89,0.0
1788105008.56,000B,40,0,89,0.0
1788105008.59,000C,11,153,89,0.0
1788105008.62,000D,0,0,89,0.0
1788105008.63,010B,41,0,89,0.0
1788105008.65,000E,140,0,89,0.0
1788105008.68,000F,95,0,89,0.0
1788105008.68,0110,1,11,89,0.0
1788105008.72,0010,1,20,89,0.0
1788105008.73,010B,42,0,89,0.0
1788105008.75,0011,30,0,89,0.0
1788105008.78,0013,1,0,89,0.0
1788105008.78,0110,1,1,89,0.0
1788105008.81,001C,10,0,89,0.0
1788105008.83,010B,42,0,89,0.0
1788105008.84,001F,1,160,89,0.0
1788105008.88,0020,128,21,89,0.0
1788105008.88,0110,1,4,89,0.0
1788105008.91,0021,0,0,89,0.0
1788105008.93,010B,42,0,89,0.0
1788105008.94,002C,0,0,89,0.0
1788105008.97,002E,36,0,89,0.0
1788105008.98,0110,1,1,89,0.0
1788105009.00,0030,255,0,89,0.0
1788105009.03,010B,42,0,89,0.0
1788105009.04,003C,20,255,89,0.0
1788105009.07,0040,104,0,89,0.0
1788105009.08,0110,1,8,89,0.0
1788105009.10,0042,51,214,89,0.0
1788105009.13,0043,0,68,89,0.0
1788105009.13,010B,42,0,89,0.0
1788105009.17,0200,0,0,89,0.0
1788105009.18,0110,0,254,89,0.0
1788105009.20,0202,0,0,89,0.0
1788105009.24,0900,6,44,89,0.0
1788105009.27,0968,0,0,89,0.0
1788105009.28,0110,1,4,89,0.0
1788105009.30,096E,11,84,89,0.0
1788105009.33,097C,110,21,89,0.0
1788105009.34,010B,43,0,89,0.0
1788105009.36,098E,0,0,89,0.0
1788105009.38,0110,0,254,89,0.0
1788105009.39,17B3,129,0,89,0.0
1788105009.40,1101,1,0,89,0.0
1788105009.43,1103,4,0,89,0.0
1788105009.43,010B,43,0,89,0.0
1788105009.47,1104,1,0,89,0.0
1788105009.48,0110,1,1,89,0.0
1788105009.50,114A,50,128,89,0.0
1788105009.53,114D,36,0,89,0.0
1788105009.53,010B,43,0,89,0.0
1788105009.57,1153,58,250,89,0.0
1788105009.58,0110,1,24,89,0.0
1788105009.60,1154,29,192,89,0.0
1788105009.63,1169,29,181,89,0.0
1788105009.63,010B,44,0,89,0.0
1788105009.66,1173,2,133,89,0.0
1788105009.68,0110,1,24,89,0.0
1788105009.69,1177,21,24,89,0.0
1788105009.72,1410,1,57,89,0.0
1788105009.73,010B,44,0,89,0.0
1788105009.76,1631,1,0,89,0.0
1788105009.78,0110,1,11,89,0.0
1788105009.79,1678,0,0,89,0.0
1788105009.82,1681,0,0,89,0.0
1788105009.83,010B,44,0,89,0.0
1788105009.86,16CD,0,0,89,0.0
1788105009.88,0110,1,14,89,0.0
1788105009.89,16CE,255,248,89,0.0
1788105009.92,16CF,13,90,89,0.0
1788105009.93,010B,44,0,89,0.0
1788105009.96,16E8,94,94,89,0.0
1788105009.99,16E9,0,116,89,0.0
1788105010.02,16F0,3,131,89,0.0
1788105010.03,010B,44,0,89,0.0
1788105010.05,1704,0,0,89,0.0
1788105010.08,1706,128,0,89,0.0
1788105010.12,1709,0,0,89,0.0
1788105010.13,010B,44,0,89,0.0
1788105010.15,1717,1,0,89,0.0
1788105010.18,1718,1,0,89,0.0
1788105010.18,0110,1,4,89,0.0
1788105010.21,1746,0,0,89,0.0
1788105010.23,010B,44,0,89,0.0
1788105010.24,1782,142,192,89,0.0
1788105010.28,1783,110,192,89,0.0
1788105010.28,0110,1,11,89,0.0
1788105010.31,17A0,32,0,89,0.0
1788105010.33,010B,44,0,89,0.0
1788105010.34,17A6,0,0,89,0.0
1788105010.37,17B0,19,0,89,0.0
1788105010.38,0110,1,14,89,0.0
1788105010.41,17B1,32,0,89,0.0
1788105010.44,010B,44,0,89,0.0
1788105010.44,17B2,4,0,89,0.0
1788105010.48,17B3,129,0,89,0.0
1788105010.48,0110,1,11,89,0.0
1788105010.51,17B5,80,0,89,0.0
1788105010.53,010B,44,0,89,0.0
1788105010.54,17B6,0,0,89,0.0
1788105010.57,17B8,239,0,89,0.0
1788105010.58,0110,1,14,89,0.0
1788105010.60,17BA,0,0,89,0.0
1788105010.63,010B,44,0,89,0.0
1788105010.64,17BB,0,0,89,0.0
1788105010.67,17BC,0,0,89,0.0
1788105010.68,0110,1,11,89,0.0
1788105010.70,17BD,62,0,89,0.0
1788105010.73,17BE,0,0,89,0.0
1788105010.74,010B,45,0,89,0.0
1788105010.77,17C1,234,0,89,0.0
1788105010.78,0110,1,20,89,0.0
1788105010.80,3201,23,112,89,0.0
1788105010.84,990A,45,0,89,0.0
1788105010.87,996E,13,12,89,0.0
1788105010.88,0110,1,17,89,0.0
1788105010.90,A211,0,0,89,0.0
1788105010.93,D100,129,0,89,0.0
1788105010.93,010B,45,0,89,0.0
1788105010.96,E21B,90,74,89,0.0
1788105010.98,0110,1,14,89,0.0
1788105011.00,E21C,49,56,89,0.0
1788105011.03,E21D,56,56,89,0.0
1788105011.04,010B,45,0,89,0.0
1788105011.06,E21E,70,0,89,0.0
1788105011.08,0110,1,14,89,0.0
1788105011.09,E6F0,90,74,89,0.0
1788105011.12,E6F2,240,0,89,0.0
1788105011.13,010B,45,0,89,0.0
1788105011.16,E6F3,240,0,89,0.0
1788105011.18,0110,1,1,89,0.0
1788105011.19,0105,129,0,89,0.0
1788105011.22,010F,95,0,89,0.0
1788105011.24,010B,45,0,89,0.0
1788105011.25,0110,1,4,89,0.0
1788105011.28,010B,44,0,89,0.0
1788105011.28,0110,1,11,89,0.0
1788105011.32,0106,128,0,89,0.0
1788105011.33,010B,44,0,89,0.0
1788105011.35,0107,131,0,89,0.0
1788105011.38,010E,139,0,89,0.0
1788105011.38,0110,0,245,89,0.0
1788105011.39,17B3,129,0,89,0.0
1788105011.41,0142,54,25,89,0.0
1788105011.44,010B,44,0,89,0.0
1788105011.45,0000,190,63,89,0.0
1788105011.48,0002,0,0,89,0.0
1788105011.52,0003,2,0,89,0.0
1788105011.53,010B,44,0,89,0.0
1788105011.55,0005,129,0,89,0.0
1788105011.58,0006,128,0,89,0.0
1788105011.58,0110,0,248,89,0.0
1788105011.61,0007,131,0,89,0.0
1788105011.63,010B,43,0,89,0.0
1788105011.64,000B,43,0,89,0.0
1788105011.68,000C,11,140,89,0.0
1788105011.68,0110,0,245,89,0.0
1788105011.71,000D,0,0,89,0.0
1788105011.73,010B,43,0,89,0.0
1788105011.74,000E,137,0,89,0.0
1788105011.77,000F,95,0,89,0.0
1788105011.78,0110,0,251,89,0.0
1788105011.80,0010,0,242,89,0.0
1788105011.83,010B,43,0,89,0.0
1788105011.84,0011,30,0,89,0.0
1788105011.87,0013,1,0,89,0.0
1788105011.88,0110,0,248,89,0.0
1788105011.90,001C,10,0,89,0.0
1788105011.94,001F,1,163,89,0.0
1788105011.97,0020,128,21,89,0.0
1788105011.98,0110,0,251,89,0.0
1788105012.00,0021,0,0,89,0.0
1788105012.04,002C,0,0,89,0.0
1788105012.07,002E,35,0,89,0.0
1788105012.08,0110,0,251,89,0.0
1788105012.10,0030,255,0,89,0.0
1788105012.13,003C,20,255,89,0.0
1788105012.13,010B,43,0,89,0.0
1788105012.16,0040,104,0,89,0.0
1788105012.18,0110,0,251,89,0.0
1788105012.20,0042,53,153,89,0.0
1788105012.23,0043,0,67,89,0.0
1788105012.23,010B,43,0,89,0.0
1788105012.26,0200,0,0,89,0.0
1788105012.28,0110,0,251,89,0.0
1788105012.29,0202,0,0,89,0.0
1788105012.32,0900,6,49,89,0.0
1788105012.33,010B,43,0,89,0.0
1788105012.36,0968,0,0,89,0.0
1788105012.38,0110,0,248,89,0.0
1788105012.39,096E,11,56,89,0.0
1788105012.43,097C,110,21,89,0.0
1788105012.43,010B,43,0,89,0.0
1788105012.45,098E,0,0,89,0.0
1788105012.48,1101,1,0,89,0.0
1788105012.48,0110,0,248,89,0.0
1788105012.52,1103,4,0,89,0.0
1788105012.53,010B,43,0,89,0.0
1788105012.56,1104,1,0,89,0.0
1788105012.59,114A,50,128,89,0.0
1788105012.62,114D,36,0,89,0.0
1788105012.63,010B,43,0,89,0.0
1788105012.65,1153,57,51,89,0.0
1788105012.68,1154,29,192,89,0.0
1788105012.72,1169,29,181,89,0.0
1788105012.73,010B,43,0,89,0.0
1788105012.75,1173,0,145,89,0.0
1788105012.78,1177,20,180,89,0.0
1788105012.79,0110,1,4,89,0.0
1788105012.81,1410,1,47,89,0.0
1788105012.83,010B,43,0,89,0.0
1788105012.84,1631,1,0,89,0.0
1788105012.88,1678,0,0,89,0.0
1788105012.88,0110,0,251,89,0.0
1788105012.91,1681,0,0,89,0.0
1788105012.93,010B,43,0,89,0.0
1788105012.95,16CD,0,0,89,0.0
1788105012.98,16CE,255,245,89,0.0
1788105012.98,0110,0,254,89,0.0
1788105013.01,16CF,13,58,89,0.0
1788105013.03,010B,43,0,89,0.0
1788105013.04,16E8,87,217,89,0.0
1788105013.08,16E9,0,118,89,0.0
1788105013.08,0110,0,254,89,0.0
1788105013.11,16F0,3,131,89,0.0
1788105013.14,1704,0,0,89,0.0
1788105013.17,1706,128,0,89,0.0
1788105013.18,0110,0,248,89,0.0
1788105013.20,1709,0,0,89,0.0
1788105013.24,1717,1,0,89,0.0
1788105013.27,1718,1,0,89,0.0
1788105013.28,0110,0,254,89,0.0
1788105013.30,1746,0,0,89,0.0
1788105013.33,1782,142,128,89,0.0
1788105013.34,010B,44,0,89,0.0
1788105013.36,1783,110,192,89,0.0
1788105013.39,0110,0,254,89,0.0
1788105013.39,17B3,129,0,89,0.0
1788105013.40,17A0,32,0,89,0.0
1788105013.43,17A6,0,0,89,0.0
1788105013.43,010B,44,0,89,0.0
1788105013.46,17B0,18,0,89,0.0
1788105013.48,0110,1,1,89,0.0
1788105013.49,17B1,32,0,89,0.0
1788105013.52,17B2,4,0,89,0.0
1788105013.53,010B,44,0,89,0.0
1788105013.56,17B3,129,0,89,0.0
1788105013.59,0110,0,251,89,0.0
1788105013.59,17B5,80,0,89,0.0
1788105013.62,17B6,0,0,89,0.0
1788105013.63,010B,44,0,89,0.0
1788105013.65,17B8,239,0,89,0.0
1788105013.68,17BA,0,0,89,0.0
1788105013.72,17BB,0,0,89,0.0
1788105013.73,010B,44,0,89,0.0
1788105013.75,17BC,0,0,89,0.0
1788105013.78,17BD,62,0,89,0.0
1788105013.78,0110,0,245,89,0.0
1788105013.81,17BE,0,0,89,0.0
1788105013.83,010B,44,0,89,0.0
1788105013.85,17C1,234,0,89,0.0
1788105013.88,3201,23,112,89,0.0
1788105013.92,990A,44,0,89,0.0
1788105013.94,010B,44,0,89,0.0
1788105013.95,996E,13,52,89,0.0
1788105013.98,A211,0,0,89,0.0
1788105013.98,0110,0,248,89,0.0
1788105014.01,D100,129,0,89,0.0
1788105014.03,010B,43,0,89,0.0
1788105014.04,E21B,90,74,89,0.0
1788105014.08,E21C,49,56,89,0.0
1788105014.08,0110,0,248,89,0.0
1788105014.11,E21D,56,56,89,0.0
1788105014.14,010B,43,0,89,0.0
1788105014.14,E21E,70,0,89,0.0
1788105014.17,E6F0,90,74,89,0.0
1788105014.18,0110,1,1,89,0.0
1788105014.20,E6F2,240,0,89,0.0
1788105014.23,010B,43,0,89,0.0
1788105014.27,0105,129,0,89,0.0
1788105014.28,0110,0,251,89,0.0
1788105014.30,010F,95,0,89,0.0
1788105014.33,0110,0,248,89,0.0
1788105014.33,010B,43,0,89,0.0
1788105014.37,010B,43,0,89,0.0
1788105014.39,0110,0,248,89,0.0
1788105014.40,0106,129,0,89,0.0
1788105014.43,0107,131,0,89,0.0
1788105014.44,010B,43,0,89,0.0
1788105014.46,010E,142,0,89,0.0
1788105014.48,0110,0,251,89,0.0
1788105014.50,0142,53,166,89,0.0
1788105014.53,0000,190,63,89,0.0
1788105014.53,010B,43,0,89,0.0
1788105014.56,0002,0,0,89,0.0
1788105014.58,0110,0,251,89,0.0
1788105014.60,0003,2,0,89,0.0
1788105014.63,0005,129,0,89,0.0
1788105014.63,010B,43,0,89,0.0
1788105014.67,0006,130,0,89,0.0
1788105014.68,0110,0,248,89,0.0
1788105014.70,0007,131,0,89,0.0
1788105014.73,000B,43,0,89,0.0
1788105014.73,010B,43,0,89,0.0
1788105014.76,000C,11,36,89,0.0
1788105014.78,0110,0,254,89,0.0
1788105014.80,000D,0,0,89,0.0
1788105014.83,000E,143,0,89,0.0
1788105014.84,010B,43,0,89,0.0
1788105014.86,000F,95,0,89,0.0
1788105014.88,0110,0,254,89,0.0
1788105014.89,0010,1,1,89,0.0
1788105014.92,0011,30,0,89,0.0
1788105014.93,010B,43,0,89,0.0
1788105014.96,0013,1,0,89,0.0
1788105014.99,001C,10,0,89,0.0
1788105015.02,001F,1,166,89,0.0
1788105015.03,010B,43,0,89,0.0
1788105015.05,0020,128,21,89,0.0
1788105015.08,0021,0,0,89,0.0
1788105015.12,002C,0,0,89,0.0
1788105015.13,010B,43,0,89,0.0
1788105015.15,002E,35,0,89,0.0
1788105015.18,0030,255,0,89,0.0
1788105015.19,0110,0,248,89,0.0
1788105015.22,003C,21,0,89,0.0
1788105015.24,010B,43,0,89,0.0
1788105015.25,0040,104,0,89,0.0
1788105015.28,0042,53,158,89,0.0
1788105015.28,0110,1,1,89,0.0
1788105015.32,0043,0,68,89,0.0
1788105015.33,010B,43,0,89,0.0
1788105015.35,0200,0,0,89,0.0
1788105015.38,0202,0,0,89,0.0
1788105015.38,0110,0,251,89,0.0
1788105015.39,17B3,129,0,89,0.0
1788105015.41,0900,6,54,89,0.0
1788105015.43,010B,43,0,89,0.0
1788105015.44,0968,0,0,89,0.0
1788105015.48,096E,11,6,89,0.0
1788105015.48,0110,0,254,89,0.0
1788105015.51,097C,110,22,89,0.0
1788105015.53,010B,43,0,89,0.0
1788105015.54,098E,0,0,89,0.0
1788105015.57,1101,1,0,89,0.0
1788105015.58,0110,0,254,89,0.0
1788105015.60,1103,4,0,89,0.0
1788105015.64,1104,1,0,89,0.0
1788105015.67,114A,50,128,89,0.0
1788105015.68,0110,0,248,89,0.0
1788105015.71,114D,36,0,89,0.0
1788105015.74,1153,57,211,89,0.0
1788105015.77,1154,29,192,89,0.0
1788105015.78,0110,1,1,89,0.0
1788105015.80,1169,29,181,89,0.0
1788105015.84,1173,3,117,89,0.0
1788105015.87,1177,20,160,89,0.0
1788105015.88,0110,1,1,89,0.0
1788105015.90,1410,1,56,89,0.0
1788105015.93,1631,1,0,89,0.0
1788105015.93,010B,43,0,89,0.0
1788105015.96,1678,0,0,89,0.0
1788105015.98,0110,0,251,89,0.0
1788105016.00,1681,0,0,89,0.0
1788105016.03,16CD,0,0,89,0.0
1788105016.03,010B,43,0,89,0.0
1788105016.06,16CE,255,247,89,0.0
1788105016.08,0110,1,1,89,0.0
1788105016.09,16CF,12,233,89,0.0
1788105016.12,16E8,79,250,89,0.0
1788105016.13,010B,43,0,89,0.0
1788105016.16,16E9,0,118,89,0.0
1788105016.18,0110,0,251,89,0.0
1788105016.19,16F0,3,131,89,0.0
1788105016.22,1704,0,0,89,0.0
1788105016.23,010B,43,0,89,0.0
1788105016.25,1706,128,0,89,0.0
1788105016.28,0110,0,254,89,0.0
1788105016.29,1709,0,0,89,0.0
1788105016.32,1717,1,0,89,0.0
1788105016.33,010B,43,0,89,0.0
1788105016.36,1718,1,0,89,0.0
1788105016.39,1746,0,0,89,0.0
1788105016.42,1782,142,128,89,0.0
1788105016.43,010B,43,0,89,0.0
1788105016.45,1783,110,192,89,0.0
1788105016.48,0110,0,248,89,0.0
1788105016.52,17A6,0,0,89,0.0
1788105016.53,010B,43,0,89,0.0
1788105016.56,17B0,19,0,89,0.0
1788105016.59,17B1,32,0,89,0.0
1788105016.62,17B2,4,0,89,0.0
1788105016.63,010B,43,0,89,0.0
1788105016.65,17B3,129,0,89,0.0
1788105016.69,17B5,80,0,89,0.0
1788105016.72,17B6,0,0,89,0.0
1788105016.73,010B,43,0,89,0.0
1788105016.75,17B8,239,0,89,0.0
1788105016.78,17BA,0,0,89,0.0
1788105016.78,0110,0,245,89,0.0
1788105016.81,17BB,0,0,89,0.0
1788105016.83,010B,43,0,89,0.0
1788105016.84,17BC,0,0,89,0.0
1788105016.88,17BD,62,0,89,0.0
1788105016.88,0110,0,254,89,0.0
1788105016.91,17BE,0,0,89,0.0
1788105016.93,010B,43,0,89,0.0
1788105016.94,17C1,234,0,89,0.0
1788105016.97,3201,23,112,89,0.0
1788105016.98,0110,1,1,89,0.0
1788105017.00,990A,44,0,89,0.0
1788105017.04,010B,43,0,89,0.0
1788105017.04,996E,13,72,89,0.0
1788105017.07,A211,0,0,89,0.0
1788105017.08,0110,0,251,89,0.0
1788105017.11,D100,129,0,89,0.0
1788105017.14,E21B,90,74,89,0.0
1788105017.17,E21C,49,56,89,0.0
1788105017.18,0110,0,251,89,0.0
1788105017.20,E21D,56,56,89,0.0
1788105017.24,E21E,70,0,89,0.0
1788105017.27,E6F0,90,74,89,0.0
1788105017.28,0110,0,254,89,0.0
1788105017.30,E6F2,240,0,89,0.0
1788105017.33,E6F3,240,0,89,0.0
1788105017.33,010B,43,0,89,0.0
1788105017.36,0105,129,0,89,0.0
1788105017.38,0110,0,251,89,0.0
1788105017.39,17B3,129,0,89,0.0
1788105017.40,010F,95,0,89,0.0
1788105017.43,0110,0,242,89,0.0
1788105017.43,010B,43,0,89,0.0
1788105017.46,010B,43,0,89,0.0
1788105017.48,0110,0,245,89,0.0
1788105017.49,0106,126,0,89,0.0
1788105017.53,0107,131,0,89,0.0
1788105017.53,010B,43,0,89,0.0
1788105017.56,010E,145,0,89,0.0
1788105017.59,0110,0,251,89,0.0
1788105017.59,0142,53,173,89,0.0
1788105017.63,0000,190,63,89,0.0
1788105017.63,010B,43,0,89,0.0
1788105017.66,0002,0,0,89,0.0
1788105017.68,0110,0,248,89,0.0
1788105017.69,0003,2,0,89,0.0
1788105017.72,0005,129,0,89,0.0
1788105017.73,010B,43,0,89,0.0
1788105017.76,0006,127,0,89,0.0
1788105017.78,0110,0,251,89,0.0
1788105017.79,0007,131,0,89,0.0
1788105017.82,000B,43,0,89,0.0
1788105017.83,010B,43,0,89,0.0
1788105017.85,000C,10,232,89,0.0
1788105017.88,000D,0,0,89,0.0
1788105017.92,000E,146,0,89,0.0
1788105017.93,010B,43,0,89,0.0
1788105017.95,000F,95,0,89,0.0
1788105017.99,0010,0,245,89,0.0
1788105018.02,0011,30,0,89,0.0
1788105018.03,010B,43,0,89,0.0
1788105018.05,0013,1,0,89,0.0
1788105018.08,001C,10,0,89,0.0
1788105018.12,001F,1,169,89,0.0
1788105018.13,010B,43,0,89,0.0
1788105018.15,0020,128,21,89,0.0
1788105018.18,0021,0,0,89,0.0
1788105018.18,0110,0,245,89,0.0
1788105018.21,002C,0,0,89,0.0
1788105018.23,010B,43,0,89,0.0
1788105018.24,002E,35,0,89,0.0
1788105018.28,0030,255,0,89,0.0
1788105018.28,0110,0,254,89,0.0
1788105018.31,003C,21,0,89,0.0
1788105018.33,010B,43,0,89,0.0
1788105018.35,0040,104,0,89,0.0
1788105018.38,0042,53,185,89,0.0
1788105018.38,0110,0,233,89,0.0
1788105018.41,0043,0,68,89,0.0
1788105018.43,010B,43,0,89,0.0
1788105018.45,0200,0,0,89,0.0
1788105018.48,0202,0,0,89,0.0
1788105018.48,0110,0,248,89,0.0
1788105018.51,0900,6,64,89,0.0
1788105018.53,010B,43,0,89,0.0
1788105018.54,0968,0,0,89,0.0
1788105018.57,096E,10,240,89,0.0
1788105018.58,0110,0,248,89,0.0
1788105018.60,097C,110,30,89,0.0
1788105018.63,010B,43,0,89,0.0
1788105018.64,098E,0,0,89,0.0
1788105018.68,1101,1,0,89,0.0
1788105018.69,0110,0,248,89,0.0
1788105018.71,1103,4,0,89,0.0
1788105018.73,010B,43,0,89,0.0
1788105018.74,1104,1,0,89,0.0
1788105018.77,114A,50,128,89,0.0
1788105018.78,0110,0,245,89,0.0
1788105018.80,114D,36,0,89,0.0
1788105018.84,1153,56,220,89,0.0
1788105018.87,1154,29,192,89,0.0
1788105018.88,0110,0,242,89,0.0
1788105018.90,1169,29,181,89,0.0
1788105018.93,1173,0,95,89,0.0
1788105018.93,010B,43,0,89,0.0
1788105018.97,1177,20,60,89,0.0
1788105018.98,0110,0,248,89,0.0
1788105019.00,1410,1,55,89,0.0
1788105019.04,1631,1,0,89,0.0
1788105019.07,1678,0,0,89,0.0
1788105019.08,0110,0,242,89,0.0
1788105019.10,1681,0,0,89,0.0
1788105019.13,16CD,0,0,89,0.0
1788105019.13,010B,43,0,89,0.0
1788105019.16,16CE,255,247,89,0.0
1788105019.19,0110,0,245,89,0.0
1788105019.20,16CF,13,59,89,0.0
1788105019.23,16E8,89,103,89,0.0
1788105019.24,010B,43,0,89,0.0
1788105019.26,16E9,0,119,89,0.0
1788105019.28,0110,0,251,89,0.0
1788105019.29,16F0,3,131,89,0.0
1788105019.32,1704,0,0,89,0.0
1788105019.33,010B,43,0,89,0.0
1788105019.36,1706,128,0,89,0.0
1788105019.38,0110,1,1,89,0.0
1788105019.39,17B3,129,0,89,0.0
1788105019.42,1717,1,0,89,0.0
1788105019.43,010B,43,0,89,0.0
1788105019.45,1718,1,0,89,0.0
1788105019.48,1746,0,0,89,0.0
1788105019.52,1782,142,128,89,0.0
1788105019.53,010B,43,0,89,0.0
1788105019.56,1783,110,192,89,0.0
1788105019.59,17A0,31,0,89,0.0
1788105019.62,17A6,0,0,89,0.0
1788105019.63,010B,43,0,89,0.0
1788105019.65,17B0,18,0,89,0.0
1788105019.68,17B1,32,0,89,0.0
1788105019.72,17B2,4,0,89,0.0
1788105019.73,010B,43,0,89,0.0
1788105019.75,17B3,129,0,89,0.0
1788105019.78,17B5,80,0,89,0.0
1788105019.78,0110,0,251,89,0.0
1788105019.81,17B6,0,0,89,0.0
1788105019.83,010B,43,0,89,0.0
1788105019.84,17B8,239,0,89,0.0
1788105019.88,17BA,0,0,89,0.0
1788105019.88,0110,0,251,89,0.0
1788105019.91,17BB,0,0,89,0.0
1788105019.93,010B,43,0,89,0.0
1788105019.94,17BC,0,0,89,0.0
1788105019.97,17BD,63,0,89,0.0
1788105019.98,0110,0,245,89,0.0
1788105020.00,17BE,0,0,89,0.0
1788105020.03,010B,43,0,89,0.0
1788105020.08,3201,23,112,89,0.0
1788105020.08,0110,0,245,89,0.0
1788105020.11,990A,43,0,89,0.0
1788105020.13,010B,43,0,89,0.0
1788105020.14,996E,13,112,89,0.0
1788105020.17,A211,0,0,89,0.0
1788105020.18,0110,0,251,89,0.0
1788105020.20,D100,129,0,89,0.0
1788105020.24,E21B,90,74,89,0.0
1788105020.27,E21C,49,56,89,0.0
1788105020.28,0110,0,245,89,0.0
1788105020.30,E21D,56,56,89,0.0
1788105020.33,E21E,70,0,89,0.0
1788105020.33,010B,43,0,89,0.0
1788105020.36,E6F0,90,74,89,0.0
1788105020.38,0110,0,242,89,0.0
1788105020.40,E6F2,240,0,89,0.0
1788105020.43,E6F3,240,0,89,0.0
1788105020.43,010B,43,0,89,0.0
1788105020.46,0105,129,0,89,0.0
1788105020.48,0110,0,254,89,0.0
1788105020.49,010F,95,0,89,0.0
1788105020.53,0110,0,251,89,0.0
1788105020.53,010B,43,0,89,0.0
1788105020.56,010B,43,0,89,0.0
1788105020.58,0110,0,242,89,0.0
1788105020.59,0106,129,0,89,0.0
1788105020.62,0107,131,0,89,0.0
1788105020.63,010B,43,0,89,0.0
1788105020.65,010E,144,0,89,0.0
1788105020.68,0110,0,248,89,0.0
1788105020.69,0142,53,192,89,0.0
1788105020.72,0000,190,63,89,0.0
1788105020.73,010B,43,0,89,0.0
1788105020.76,0002,0,0,89,0.0
1788105020.79,0003,2,0,89,0.0
1788105020.82,0005,129,0,89,0.0
1788105020.83,010B,43,0,89,0.0
1788105020.85,0006,128,0,89,0.0
1788105020.88,0007,131,0,89,0.0
1788105020.92,000B,43,0,89,0.0
1788105020.93,010B,43,0,89,0.0
1788105020.96,000C,10,248,89,0.0
1788105020.99,000D,0,0,89,0.0
1788105021.02,000E,144,0,89,0.0
1788105021.03,010B,43,0,89,0.0
1788105021.05,000F,95,0,89,0.0
1788105021.08,0010,0,254,89,0.0
1788105021.12,0011,30,0,89,0.0
1788105021.13,010B,43,0,89,0.0
1788105021.15,0013,1,0,89,0.0
1788105021.18,001C,10,0,89,0.0
1788105021.18,0110,0,254,89,0.0
1788105021.21,001F,1,172,89,0.0
1788105021.24,010B,43,0,89,0.0
1788105021.24,0020,128,21,89,0.0
1788105021.28,0021,0,0,89,0.0
1788105021.28,0110,0,251,89,0.0
1788105021.31,002C,0,0,89,0.0
1788105021.34,010B,43,0,89,0.0
1788105021.34,002E,35,0,89,0.0
1788105021.37,0030,255,0,89,0.0
1788105021.38,0110,0,254,89,0.0
1788105021.40,003C,21,1,89,0.0
1788105021.44,0040,104,0,89,0.0
1788105021.47,0042,53,183,89,0.0
1788105021.49,0110,0,248,89,0.0
1788105021.50,0043,0,69,89,0.0
1788105021.53,0200,0,0,89,0.0
1788105021.53,010B,43,0,89,0.0
1788105021.56,0202,0,0,89,0.0
1788105021.58,0110,0,254,89,0.0
1788105021.60,0900,6,59,89,0.0
1788105021.63,0968,0,0,89,0.0
1788105021.63,010B,43,0,89,0.0
1788105021.66,096E,10,240,89,0.0
1788105021.68,0110,0,254,89,0.0
1788105021.70,097C,110,30,89,0.0
1788105021.73,098E,0,0,89,0.0
1788105021.73,010B,43,0,89,0.0
1788105021.76,1101,1,0,89,0.0
1788105021.78,0110,0,248,89,0.0
1788105021.80,1103,4,0,89,0.0
1788105021.83,1104,1,0,89,0.0
1788105021.83,010B,43,0,89,0.0
1788105021.85,114A,50,128,89,0.0
1788105021.88,0110,0,248,89,0.0
1788105021.89,114D,36,0,89,0.0
1788105021.92,1153,56,138,89,0.0
1788105021.93,010B,43,0,89,0.0
1788105021.96,1154,29,192,89,0.0
1788105021.98,0110,1,1,89,0.0
1788105022.02,1173,0,135,89,0.0
1788105022.03,010B,43,0,89,0.0
1788105022.05,1177,20,120,89,0.0
1788105022.08,1410,1,56,89,0.0
1788105022.12,1631,1,0,89,0.0
1788105022.14,010B,43,0,89,0.0
1788105022.16,1678,0,0,89,0.0
1788105022.19,1681,0,0,89,0.0
1788105022.22,16CD,0,0,89,0.0
1788105022.23,010B,43,0,89,0.0
1788105022.25,16CE,255,245,89,0.0
1788105022.28,16CF,12,239,89,0.0
1788105022.28,0110,0,251,89,0.0
1788105022.32,16E8,88,87,89,0.0
1788105022.33,010B,43,0,89,0.0
1788105022.35,16E9,0,118,89,0.0
1788105022.39,16F0,3,131,89,0.0
1788105022.42,1704,0,0,89,0.0
1788105022.43,010B,43,0,89,0.0
1788105022.45,1706,128,0,89,0.0
1788105022.49,1709,0,0,89,0.0
1788105022.52,1717,1,0,89,0.0
1788105022.53,010B,43,0,89,0.0
1788105022.55,1718,1,0,89,0.0
1788105022.58,1746,0,0,89,0.0
1788105022.58,0110,1,1,89,0.0
1788105022.61,1782,142,128,89,0.0
1788105022.63,010B,43,0,89,0.0
1788105022.64,1783,110,192,89,0.0
1788105022.68,17A0,32,0,89,0.0
1788105022.68,0110,0,248,89,0.0
1788105022.71,17A6,0,0,89,0.0
1788105022.73,010B,43,0,89,0.0
1788105022.74,17B0,19,0,89,0.0
1788105022.77,17B1,32,0,89,0.0
1788105022.78,0110,0,248,89,0.0
1788105022.80,17B2,4,0,89,0.0
1788105022.83,010B,43,0,89,0.0
1788105022.84,17B3,129,0,89,0.0
1788105022.88,17B5,80,0,89,0.0
1788105022.88,0110,0,251,89,0.0
1788105022.91,17B6,0,0,89,0.0
1788105022.94,010B,43,0,89,0.0
1788105022.97,17BA,0,0,89,0.0
1788105022.98,0110,0,251,89,0.0
1788105023.00,17BB,0,0,89,0.0
1788105023.04,17BC,0,0,89,0.0
1788105023.07,17BD,63,0,89,0.0
1788105023.08,0110,0,248,89,0.0
1788105023.10,17BE,0,0,89,0.0
1788105023.13,17C1,234,0,89,0.0
1788105023.13,010B,43,0,89,0.0
1788105023.16,3201,23,112,89,0.0
1788105023.18,0110,0,210,89,0.0
1788105023.20,990A,43,0,89,0.0
1788105023.23,996E,13,132,89,0.0
1788105023.23,010B,42,0,89,0.0
1788105023.27,A211,0,0,89,0.0
1788105023.28,0110,0,192,89,0.0
1788105023.30,D100,129,0,89,0.0
1788105023.33,E21B,90,74,89,0.0
1788105023.33,010B,41,0,89,0.0
1788105023.36,E21C,49,56,89,0.0
1788105023.38,0110,0,187,89,0.0
1788105023.39,17B3,129,0,89,0.0
1788105023.40,E21D,56,56,89,0.0
1788105023.43,E21E,70,0,89,0.0
1788105023.43,010B,40,0,89,0.0
1788105023.46,E6F0,90,74,89,0.0
1788105023.48,0110,0,190,89,0.0
1788105023.49,E6F2,240,0,89,0.0
1788105023.52,E6F3,240,0,89,0.0
1788105023.53,010B,39,0,89,0.0
1788105023.55,0105,129,0,89,0.0
1788105023.58,010F,95,0,89,0.0
1788105023.58,0110,0,192,89,0.0
1788105023.62,0110,0,192,89,0.0
1788105023.63,010B,38,0,89,0.0
1788105023.65,010B,38,0,89,0.0
1788105023.68,0110,0,185,89,0.0
1788105023.68,0106,127,0,89,0.0
1788105023.72,0107,131,0,89,0.0
1788105023.73,010B,38,0,89,0.0
1788105023.75,010E,125,0,89,0.0
1788105023.78,0142,54,31,89,0.0
1788105023.78,0110,0,185,89,0.0
1788105023.82,0000,190,63,89,0.0
1788105023.83,010B,37,0,89,0.0
1788105023.85,0002,0,0,89,0.0
1788105023.88,0003,2,0,89,0.0
1788105023.92,0005,129,0,89,0.0
1788105023.94,010B,36,0,89,0.0
1788105023.96,0006,127,0,89,0.0
1788105023.99,0007,131,0,89,0.0
1788105024.02,000B,35,0,89,0.0
1788105024.03,010B,35,0,89,0.0
1788105024.05,000C,11,174,89,0.0
1788105024.08,000D,0,0,89,0.0
1788105024.09,0110,0,175,89,0.0
1788105024.12,000E,126,0,89,0.0
1788105024.13,010B,34,0,89,0.0
1788105024.15,000F,95,0,89,0.0
1788105024.18,0010,0,173,89,0.0
1788105024.18,0110,0,171,89,0.0
1788105024.21,0011,30,0,89,0.0
1788105024.23,010B,34,0,89,0.0
1788105024.24,0013,1,0,89,0.0
1788105024.28,001C,10,0,89,0.0
1788105024.28,0110,0,171,89,0.0
1788105024.31,001F,1,176,89,0.0
1788105024.33,010B,33,0,89,0.0
1788105024.34,0020,128,21,89,0.0
1788105024.37,0021,0,0,89,0.0
1788105024.38,0110,0,173,89,0.0
1788105024.40,002C,0,0,89,0.0
1788105024.43,010B,33,0,89,0.0
1788105024.47,0030,255,0,89,0.0
1788105024.48,0110,0,171,89,0.0
1788105024.50,003C,21,1,89,0.0
1788105024.53,0040,104,0,89,0.0
1788105024.54,010B,32,0,89,0.0
1788105024.57,0042,53,177,89,0.0
1788105024.58,0110,0,175,89,0.0
1788105024.60,0043,0,49,89,0.0
1788105024.64,0200,0,0,89,0.0
1788105024.67,0202,0,0,89,0.0
1788105024.68,0110,0,173,89,0.0
1788105024.70,0900,5,100,89,0.0
1788105024.73,0968,0,0,89,0.0
1788105024.73,010B,32,0,89,0.0
1788105024.76,096E,10,240,89,0.0
1788105024.78,0110,0,175,89,0.0
1788105024.80,097C,110,31,89,0.0
1788105024.83,098E,0,0,89,0.0
1788105024.83,010B,32,0,89,0.0
1788105024.86,1101,0,0,89,0.0
1788105024.88,0110,0,178,89,0.0
1788105024.89,1103,0,0,89,0.0
1788105024.92,1104,0,0,89,0.0
1788105024.93,010B,32,0,89,0.0
1788105024.96,114A,50,192,89,0.0
1788105024.98,0110,0,175,89,0.0
1788105024.99,114D,36,0,89,0.0
1788105025.02,1153,42,101,89,0.0
1788105025.03,010B,32,0,89,0.0
1788105025.05,1154,29,192,89,0.0
1788105025.08,0110,0,175,89,0.0
1788105025.12,1173,1,29,89,0.0
1788105025.13,010B,32,0,89,0.0
1788105025.16,1177,18,72,89,0.0
1788105025.19,1410,0,207,89,0.0
1788105025.22,1631,1,0,89,0.0
1788105025.23,010B,32,0,89,0.0
1788105025.25,1678,0,0,89,0.0
1788105025.28,1681,0,0,89,0.0
1788105025.32,16CD,0,0,89,0.0
1788105025.33,010B,32,0,89,0.0
1788105025.35,16CE,255,251,89,0.0
1788105025.38,16CF,13,30,89,0.0
1788105025.38,0110,0,183,89,0.0
1788105025.39,17B3,129,0,89,0.0
1788105025.41,16E8,76,63,89,0.0
1788105025.43,010B,32,0,89,0.0
1788105025.44,16E9,0,118,89,0.0
1788105025.48,16F0,3,131,89,0.0
1788105025.48,0110,0,183,89,0.0
1788105025.51,1704,0,0,89,0.0
1788105025.53,010B,32,0,89,0.0
1788105025.54,1706,128,0,89,0.0
1788105025.57,1709,0,0,89,0.0
1788105025.58,0110,0,175,89,0.0
1788105025.60,1717,1,0,89,0.0
1788105025.63,010B,32,0,89,0.0
1788105025.64,1718,1,0,89,0.0
1788105025.67,1746,0,0,89,0.0
1788105025.68,0110,0,180,89,0.0
1788105025.70,1782,142,128,89,0.0
1788105025.73,1783,110,192,89,0.0
1788105025.73,010B,32,0,89,0.0
1788105025.77,17A0,30,0,89,0.0
1788105025.78,0110,0,178,89,0.0
1788105025.80,17A6,0,0,89,0.0
1788105025.84,17B0,19,0,89,0.0
1788105025.87,17B1,32,0,89,0.0
1788105025.88,0110,0,173,89,0.0
1788105025.90,17B2,4,0,89,0.0
1788105025.93,17B3,129,0,89,0.0
1788105025.93,010B,32,0,89,0.0
1788105025.96,17B5,80,0,89,0.0
1788105025.98,0110,0,178,89,0.0
1788105026.00,17B6,0,0,89,0.0
1788105026.03,17B8,239,0,89,0.0
1788105026.03,010B,32,0,89,0.0
1788105026.06,17BA,0,0,89,0.0
1788105026.08,0110,0,175,89,0.0
1788105026.09,17BB,0,0,89,0.0
1788105026.12,17BC,0,0,89,0.0
1788105026.13,010B,32,0,89,0.0
1788105026.16,17BD,63,0,89,0.0
1788105026.18,0110,0,173,89,0.0
1788105026.19,17BE,0,0,89,0.0
1788105026.22,17C1,234,0,89,0.0
1788105026.23,010B,32,0,89,0.0
1788105026.25,3201,23,112,89,0.0
1788105026.29,0110,0,178,89,0.0
1788105026.32,996E,13,132,89,0.0
1788105026.33,010B,32,0,89,0.0
1788105026.36,A211,0,0,89,0.0
1788105026.39,D100,129,0,89,0.0
1788105026.42,E21B,90,74,89,0.0
1788105026.43,010B,32,0,89,0.0
1788105026.45,E21C,49,56,89,0.0
1788105026.48,E21D,56,56,89,0.0
1788105026.52,E21E,70,0,89,0.0
1788105026.53,010B,32,0,89,0.0
1788105026.55,E6F0,90,74,89,0.0
1788105026.58,E6F2,240,0,89,0.0
1788105026.58,0110,0,175,89,0.0
1788105026.61,E6F3,240,0,89,0.0
1788105026.63,010B,32,0,89,0.0
1788105026.64,0105,129,0,89,0.0
1788105026.67,010F,95,0,89,0.0
1788105026.68,0110,0,173,89,0.0
1788105026.71,0110,0,175,89,0.0
1788105026.73,010B,32,0,89,0.0
1788105026.74,010B,32,0,89,0.0
1788105026.77,0106,128,0,89,0.0
1788105026.78,0110,0,183,89,0.0
1788105026.80,0107,131,0,89,0.0
1788105026.83,010B,32,0,89,0.0
1788105026.84,010E,143,0,89,0.0
1788105026.87,0142,53,190,89,0.0
1788105026.88,0110,0,178,89,0.0
1788105026.91,0000,190,63,89,0.0
1788105026.94,0002,0,0,89,0.0
1788105026.97,0003,2,0,89,0.0
1788105026.98,0110,0,175,89,0.0
1788105027.00,0005,129,0,89,0.0
1788105027.04,0006,128,0,89,0.0
1788105027.07,0007,131,0,89,0.0
1788105027.08,0110,0,183,89,0.0
1788105027.10,000B,32,0,89,0.0
1788105027.13,000C,11,23,89,0.0
1788105027.13,010B,32,0,89,0.0
1788105027.16,000D,0,0,89,0.0
1788105027.18,0110,0,178,89,0.0
1788105027.20,000E,142,0,89,0.0
1788105027.23,000F,95,0,89,0.0
1788105027.23,010B,32,0,89,0.0
1788105027.27,0010,0,173,89,0.0
1788105027.28,0110,0,173,89,0.0
1788105027.30,0011,30,0,89,0.0
1788105027.33,0013,1,0,89,0.0
1788105027.33,010B,32,0,89,0.0
1788105027.36,001C,10,0,89,0.0
1788105027.38,0110,0,178,89,0.0
1788105027.39,17B3,129,0,89,0.0
1788105027.40,001F,1,179,89,0.0
1788105027.43,0020,128,21,89,0.0
1788105027.43,010B,32,0,89,0.0
1788105027.46,0021,0,0,89,0.0
1788105027.48,0110,0,175,89,0.0
1788105027.49,002C,0,0,89,0.0
1788105027.52,002E,0,0,89,0.0
1788105027.54,010B,32,0,89,0.0
1788105027.56,0030,255,0,89,0.0
1788105027.58,0110,0,175,89,0.0
1788105027.59,003C,21,1,89,0.0
1788105027.63,0040,104,0,89,0.0
1788105027.63,010B,32,0,89,0.0
1788105027.66,0042,53,207,89,0.0
1788105027.68,0110,0,180,89,0.0
1788105027.69,0043,0,48,89,0.0
1788105027.72,0200,0,0,89,0.0
1788105027.73,010B,32,0,89,0.0
1788105027.76,0202,0,0,89,0.0
1788105027.79,0900,5,90,89,0.0
1788105027.82,0968,0,0,89,0.0
1788105027.84,010B,32,0,89,0.0
1788105027.85,096E,10,240,89,0.0
1788105027.88,097C,110,25,89,0.0
1788105027.92,098E,0,0,89,0.0
1788105027.93,010B,32,0,89,0.0
1788105027.95,1101,0,0,89,0.0
1788105027.99,1103,0,0,89,0.0
1788105028.02,1104,0,0,89,0.0
1788105028.03,010B,31,0,89,0.0
1788105028.05,114A,50,128,89,0.0
1788105028.08,114D,36,0,89,0.0
1788105028.12,1153,41,153,89,0.0
1788105028.13,010B,32,0,89,0.0
1788105028.15,1154,29,192,89,0.0
1788105028.18,1169,29,181,89,0.0
1788105028.18,0110,0,180,89,0.0
1788105028.21,1173,3,127,89,0.0
1788105028.23,010B,32,0,89,0.0
1788105028.24,1177,18,72,89,0.0
1788105028.28,1410,0,216,89,0.0
1788105028.28,0110,0,175,89,0.0
1788105028.31,1631,1,0,89,0.0
1788105028.33,010B,31,0,89,0.0
1788105028.34,1678,0,0,89,0.0
1788105028.38,1681,0,0,89,0.0
1788105028.38,0110,0,173,89,0.0
1788105028.41,16CD,0,0,89,0.0
1788105028.43,010B,32,0,89,0.0
1788105028.44,16CE,255,253,89,0.0
1788105028.48,16CF,13,67,89,0.0
1788105028.48,0110,0,178,89,0.0
1788105028.51,16E8,72,239,89,0.0
1788105028.53,010B,32,0,89,0.0
1788105028.54,16E9,0,118,89,0.0
1788105028.57,16F0,3,131,89,0.0
1788105028.58,0110,0,168,89,0.0
1788105028.60,1704,0,0,89,0.0
1788105028.63,010B,32,0,89,0.0
1788105028.64,1706,128,0,89,0.0
1788105028.67,1709,0,0,89,0.0
1788105028.68,0110,0,178,89,0.0
1788105028.71,1717,1,0,89,0.0
1788105028.74,010B,32,0,89,0.0
1788105028.77,1746,0,0,89,0.0
1788105028.78,0110,0,175,89,0.0
1788105028.81,1782,142,128,89,0.0
1788105028.84,1783,110,192,89,0.0
1788105028.87,17A0,31,0,89,0.0
1788105028.88,0110,0,175,89,0.0
1788105028.90,17A6,0,0,89,0.0
1788105028.93,17B0,18,0,89,0.0
1788105028.93,010B,32,0,89,0.0
1788105028.97,17B1,32,0,89,0.0
1788105028.98,0110,0,173,89,0.0
1788105029.00,17B2,4,0,89,0.0
1788105029.04,17B3,129,0,89,0.0
1788105029.07,17B5,80,0,89,0.0
1788105029.08,0110,0,178,89,0.0
1788105029.10,17B6,0,0,89,0.0
1788105029.13,17B8,239,0,89,0.0
1788105029.13,010B,32,0,89,0.0
1788105029.16,17BA,0,0,89,0.0
1788105029.18,0110,0,168,89,0.0
1788105029.20,17BB,0,0,89,0.0
1788105029.23,17BC,0,0,89,0.0
1788105029.23,010B,32,0,89,0.0
1788105029.26,17BD,63,0,89,0.0
1788105029.28,0110,0,173,89,0.0
1788105029.29,17BE,0,0,89,0.0
1788105029.32,17C1,234,0,89,0.0
1788105029.33,010B,32,0,89,0.0
1788105029.36,3201,23,112,89,0.0
1788105029.38,0110,0,173,89,0.0
1788105029.39,17B3,129,0,89,0.0
1788105029.43,996E,13,92,89,0.0
1788105029.43,010B,32,0,89,0.0
1788105029.46,A211,0,0,89,0.0
1788105029.48,0110,0,173,89,0.0
1788105029.49,D100,129,0,89,0.0
1788105029.52,E21B,90,74,89,0.0
1788105029.53,010B,32,0,89,0.0
1788105029.56,E21C,49,56,89,0.0
1788105029.59,E21D,56,56,89,0.0
1788105029.62,E21E,70,0,89,0.0
1788105029.64,010B,32,0,89,0.0
1788105029.65,E6F0,90,74,89,0.0
1788105029.68,E6F2,240,0,89,0.0
1788105029.72,E6F3,240,0,89,0.0
1788105029.73,010B,32,0,89,0.0
1788105029.75,0105,129,0,89,0.0
1788105029.78,010F,95,0,89,0.0
1788105029.79,0110,0,178,89,0.0
1788105029.81,0110,0,178,89,0.0
1788105029.84,010B,32,0,89,0.0
1788105029.84,010B,32,0,89,0.0
1788105029.88,0106,127,0,89,0.0
1788105029.88,0110,0,175,89,0.0
1788105029.91,0107,131,0,89,0.0
1788105029.93,010B,32,0,89,0.0
1788105029.94,010E,147,0,89,0.0
1788105029.97,0142,53,200,89,0.0
1788105029.98,0110,0,173,89,0.0
1788105030.01,0000,190,63,89,0.0
1788105030.03,010B,32,0,89,0.0
1788105030.04,0002,0,0,89,0.0
1788105030.08,0003,2,0,89,0.0
1788105030.08,0110,0,173,89,0.0
1788105030.11,0005,129,0,89,0.0
1788105030.13,010B,32,0,89,0.0
1788105030.14,0006,127,0,89,0.0
1788105030.17,0007,131,0,89,0.0
1788105030.18,0110,0,175,89,0.0
1788105030.20,000B,32,0,89,0.0
1788105030.24,000C,11,20,89,0.0
1788105030.27,000D,0,0,89,0.0
1788105030.28,0110,0,171,89,0.0
1788105030.30,000E,143,0,89,0.0
1788105030.33,000F,95,0,89,0.0
1788105030.34,010B,32,0,89,0.0
1788105030.36,0010,0,173,89,0.0
1788105030.38,0110,0,175,89,0.0
1788105030.40,0011,30,0,89,0.0
1788105030.43,0013,1,0,89,0.0
1788105030.43,010B,32,0,89,0.0
1788105030.46,001C,10,0,89,0.0
1788105030.48,0110,0,175,89,0.0
1788105030.49,001F,1,180,89,0.0
1788105030.52,0020,128,21,89,0.0
1788105030.53,010B,32,0,89,0.0
1788105030.56,0021,0,0,89,0.0
1788105030.58,0110,0,175,89,0.0
1788105030.59,002C,0,0,89,0.0
1788105030.62,002E,0,0,89,0.0
1788105030.63,010B,32,0,89,0.0
1788105030.66,0030,255,0,89,0.0
1788105030.68,0110,0,175,89,0.0
1788105030.69,003C,21,0,89,0.0
1788105030.72,0040,104,0,89,0.0
1788105030.73,010B,32,0,89,0.0
1788105030.76,0042,53,181,89,0.0
1788105030.79,0043,0,48,89,0.0
1788105030.82,0200,0,0,89,0.0
1788105030.83,010B,31,0,89,0.0
1788105030.85,0202,0,0,89,0.0
1788105030.88,0900,5,90,89,0.0
1788105030.92,0968,0,0,89,0.0
1788105030.93,010B,32,0,89,0.0
1788105030.96,096E,10,240,89,0.0
1788105030.99,097C,110,26,89,0.0
1788105031.02,098E,0,0,89,0.0
1788105031.03,010B,31,0,89,0.0
1788105031.05,1101,0,0,89,0.0
1788105031.08,1103,0,0,89,0.0
1788105031.12,1104,0,0,89,0.0
1788105031.13,010B,31,0,89,0.0
1788105031.15,114A,50,128,89,0.0
1788105031.18,114D,35,192,89,0.0
1788105031.18,0110,0,180,89,0.0
1788105031.21,1153,41,176,89,0.0
1788105031.23,010B,31,0,89,0.0
1788105031.24,1154,29,192,89,0.0
1788105031.28,1169,29,181,89,0.0
1788105031.28,0110,0,178,89,0.0
1788105031.31,1173,3,27,89,0.0
1788105031.34,010B,31,0,89,0.0
1788105031.34,1177,18,92,89,0.0
1788105031.37,1410,0,216,89,0.0
1788105031.38,0110,2,55,89,0.0
1788105031.39,17B3,128,0,89,0.0
1788105031.40,1631,1,0,89,0.0
1788105031.44,010B,36,0,89,0.0
1788105031.44,1678,0,0,89,0.0
1788105031.48,1681,0,0,89,0.0
1788105031.48,0110,1,47,89,0.0
1788105031.51,16CD,0,0,89,0.0
1788105031.54,010B,38,0,89,0.0
1788105031.54,16CE,255,250,89,0.0
1788105031.57,16CF,13,9,89,0.0
1788105031.58,0110,0,251,89,0.0
1788105031.60,16E8,67,224,89,0.0
1788105031.63,010B,39,0,89,0.0
1788105031.64,16E9,0,118,89,0.0
1788105031.68,16F0,3,131,89,0.0
1788105031.68,0110,0,239,89,0.0
1788105031.71,1704,0,0,89,0.0
1788105031.74,1706,128,0,89,0.0
1788105031.77,1709,0,0,89,0.0
1788105031.78,0110,0,236,89,0.0
1788105031.80,1717,1,0,89,0.0
1788105031.84,1718,1,0,89,0.0
1788105031.87,1746,0,0,89,0.0
1788105031.88,0110,1,24,89,0.0
1788105031.90,1782,142,128,89,0.0
1788105031.93,1783,110,192,89,0.0
1788105031.93,010B,39,0,89,0.0
1788105031.96,17A0,31,0,89,0.0
1788105031.98,0110,1,50,89,0.0
1788105032.00,17A6,0,0,89,0.0
1788105032.03,17B0,19,0,89,0.0
1788105032.03,010B,40,0,89,0.0
1788105032.06,17B1,32,0,89,0.0
1788105032.08,0110,1,4,89,0.0
1788105032.09,17B2,4,0,89,0.0
1788105032.12,17B3,128,0,89,0.0
1788105032.13,010B,40,0,89,0.0
1788105032.16,17B5,80,0,89,0.0
1788105032.18,0110,0,254,89,0.0
1788105032.19,17B6,0,0,89,0.0
1788105032.22,17B8,239,0,89,0.0
1788105032.24,010B,40,0,89,0.0
1788105032.25,17BA,0,0,89,0.0
1788105032.28,17BB,0,0,89,0.0
1788105032.29,0110,1,24,89,0.0
1788105032.32,17BC,0,0,89,0.0
1788105032.33,010B,41,0,89,0.0
1788105032.35,17BD,63,0,89,0.0
1788105032.38,17BE,0,0,89,0.0
1788105032.39,0110,1,30,89,0.0
1788105032.42,17C1,234,0,89,0.0
1788105032.43,010B,42,0,89,0.0
1788105032.45,3201,23,112,89,0.0
1788105032.48,990A,44,0,89,0.0
1788105032.52,996E,13,32,89,0.0
1788105032.54,010B,42,0,89,0.0
1788105032.55,A211,0,0,89,0.0
1788105032.58,D100,129,0,89,0.0
1788105032.58,0110,1,1,89,0.0
1788105032.61,E21B,90,74,89,0.0
1788105032.64,010B,42,0,89,0.0
1788105032.64,E21C,49,56,89,0.0
1788105032.68,E21D,56,56,89,0.0
1788105032.68,0110,1,11,89,0.0
1788105032.71,E21E,70,0,89,0.0
1788105032.73,010B,42,0,89,0.0
1788105032.74,E6F0,90,74,89,0.0
1788105032.77,E6F2,240,0,89,0.0
1788105032.78,0110,1,4,89,0.0
1788105032.80,E6F3,240,0,89,0.0
1788105032.83,010B,42,0,89,0.0
1788105032.84,0105,129,0,89,0.0
1788105032.87,010F,95,0,89,0.0
1788105032.88,0110,1,1,89,0.0
1788105032.90,0110,1,8,89,0.0
1788105032.93,010B,42,0,89,0.0
1788105032.93,010B,42,0,89,0.0
1788105032.96,0106,125,0,89,0.0
1788105032.98,0110,1,11,89,0.0
1788105033.00,0107,131,0,89,0.0
1788105033.03,010E,146,0,89,0.0
1788105033.03,010B,43,0,89,0.0
1788105033.06,0142,51,237,89,0.0
1788105033.08,0110,1,17,89,0.0
1788105033.10,0000,190,63,89,0.0
1788105033.13,0002,0,0,89,0.0
1788105033.13,010B,43,0,89,0.0
1788105033.16,0003,2,0,89,0.0
1788105033.18,0110,1,11,89,0.0
1788105033.20,0005,129,0,89,0.0
1788105033.23,0006,127,0,89,0.0
1788105033.23,010B,43,0,89,0.0
1788105033.26,0007,131,0,89,0.0
1788105033.29,0110,1,24,89,0.0
1788105033.29,000B,43,0,89,0.0
1788105033.32,000C,11,75,89,0.0
1788105033.33,010B,43,0,89,0.0
1788105033.36,000D,0,0,89,0.0
1788105033.38,0110,1,8,89,0.0
1788105033.39,17B3,128,0,89,0.0
1788105033.42,000F,95,0,89,0.0
1788105033.43,010B,43,0,89,0.0
1788105033.45,0010,1,4,89,0.0
1788105033.48,0011,30,0,89,0.0
1788105033.52,0013,1,0,89,0.0
1788105033.53,010B,43,0,89,0.0
1788105033.56,001C,10,0,89,0.0
1788105033.58,0110,1,4,89,0.0
1788105033.59,001F,1,184,89,0.0
1788105033.62,0020,128,21,89,0.0
1788105033.63,010B,43,0,89,0.0
1788105033.65,0021,0,0,89,0.0
1788105033.68,002C,0,0,89,0.0
1788105033.72,002E,0,0,89,0.0
1788105033.74,010B,43,0,89,0.0
1788105033.75,0030,255,0,89,0.0
1788105033.78,003C,21,0,89,0.0
1788105033.78,0110,1,17,89,0.0
1788105033.81,0040,104,0,89,0.0
1788105033.83,010B,43,0,89,0.0
1788105033.85,0042,52,107,89,0.0
1788105033.88,0043,0,71,89,0.0
1788105033.92,0200,0,0,89,0.0
1788105033.93,010B,44,0,89,0.0
1788105033.95,0202,0,0,89,0.0
1788105033.98,0900,6,69,89,0.0
1788105033.98,0110,1,17,89,0.0
1788105034.01,0968,0,0,89,0.0
1788105034.03,010B,44,0,89,0.0
1788105034.04,096E,11,84,89,0.0
1788105034.08,097C,110,26,89,0.0
1788105034.08,0110,1,11,89,0.0
1788105034.11,098E,0,0,89,0.0
1788105034.14,010B,44,0,89,0.0
1788105034.17,1103,4,0,89,0.0
1788105034.18,0110,1,14,89,0.0
1788105034.20,1104,1,0,89,0.0
1788105034.24,114A,50,192,89,0.0
1788105034.27,114D,35,192,89,0.0
1788105034.28,0110,1,20,89,0.0
1788105034.30,1153,60,129,89,0.0
1788105034.33,1154,29,192,89,0.0
1788105034.33,010B,44,0,89,0.0
1788105034.36,1169,29,181,89,0.0
1788105034.38,0110,1,11,89,0.0
1788105034.40,1173,0,105,89,0.0
1788105034.44,1177,21,24,89,0.0
1788105034.46,1410,1,68,89,0.0
1788105034.48,0110,1,11,89,0.0
1788105034.50,1631,0,0,89,0.0
1788105034.53,1678,0,0,89,0.0
1788105034.53,010B,44,0,89,0.0
1788105034.56,1681,0,0,89,0.0
1788105034.59,0110,1,17,89,0.0
1788105034.60,16CD,0,0,89,0.0
1788105034.63,16CE,255,247,89,0.0
1788105034.63,010B,44,0,89,0.0
1788105034.66,16CF,13,2,89,0.0
1788105034.68,0110,1,17,89,0.0
1788105034.69,16E8,90,200,89,0.0
1788105034.72,16E9,0,119,89,0.0
1788105034.73,010B,45,0,89,0.0
1788105034.76,16F0,3,131,89,0.0
1788105034.78,0110,1,14,89,0.0
1788105034.80,1704,0,0,89,0.0
1788105034.83,1706,128,0,89,0.0
1788105034.83,010B,44,0,89,0.0
1788105034.86,1709,0,0,89,0.0
1788105034.88,0110,0,254,89,0.0
1788105034.89,1717,1,0,89,0.0
1788105034.92,1718,1,0,89,0.0
1788105034.93,010B,44,0,89,0.0
1788105034.96,1746,0,0,89,0.0
1788105034.98,0110,1,8,89,0.0
1788105035.02,1783,110,192,89,0.0
1788105035.03,010B,44,0,89,0.0
1788105035.05,17A0,32,0,89,0.0
1788105035.08,17A6,0,0,89,0.0
1788105035.12,17B0,20,0,89,0.0
1788105035.13,010B,44,0,89,0.0
1788105035.15,17B1,32,0,89,0.0
1788105035.18,17B2,4,0,89,0.0
1788105035.18,0110,0,251,89,0.0
1788105035.21,17B3,128,0,89,0.0
1788105035.23,010B,43,0,89,0.0
1788105035.24,17B5,80,0,89,0.0
1788105035.28,17B6,0,0,89,0.0
1788105035.28,0110,0,251,89,0.0
1788105035.31,17B8,239,0,89,0.0
1788105035.33,010B,43,0,89,0.0
1788105035.34,17BA,0,0,89,0.0
1788105035.37,17BB,0,0,89,0.0
1788105035.39,0110,0,248,89,0.0
1788105035.39,17B3,128,0,89,0.0
1788105035.40,17BC,0,0,89,0.0
1788105035.43,010B,43,0,89,0.0
1788105035.44,17BD,63,0,89,0.0
1788105035.48,17BE,0,0,89,0.0
1788105035.48,0110,0,254,89,0.0
1788105035.51,17C1,234,0,89,0.0
1788105035.53,010B,42,0,89,0.0
1788105035.54,3201,23,112,89,0.0
1788105035.57,990A,45,0,89,0.0
1788105035.58,0110,0,251,89,0.0
1788105035.60,996E,13,32,89,0.0
1788105035.64,A211,0,0,89,0.0
1788105035.67,D100,129,0,89,0.0
1788105035.68,0110,1,1,89,0.0
1788105035.70,E21B,90,74,89,0.0
1788105035.73,E21C,49,56,89,0.0
1788105035.73,010B,42,0,89,0.0
1788105035.76,E21D,56,56,89,0.0
1788105035.78,0110,0,254,89,0.0
1788105035.80,E21E,70,0,89,0.0
1788105035.83,E6F0,90,74,89,0.0
1788105035.83,010B,42,0,89,0.0
1788105035.87,E6F2,240,0,89,0.0
1788105035.88,0110,0,254,89,0.0
1788105035.89,E6F3,240,0,89,0.0
1788105035.92,0105,129,0,89,0.0
1788105035.93,010B,42,0,89,0.0
1788105035.96,010F,95,0,89,0.0
1788105035.98,0110,1,8,89,0.0
1788105035.99,0110,1,4,89,0.0
1788105036.02,010B,42,0,89,0.0
1788105036.03,010B,42,0,89,0.0
1788105036.05,0106,127,0,89,0.0
1788105036.08,0110,1,4,89,0.0
1788105036.09,0107,131,0,89,0.0
1788105036.12,010E,149,0,89,0.0
1788105036.13,010B,42,0,89,0.0
1788105036.15,0142,53,155,89,0.0
1788105036.19,0000,190,63,89,0.0
1788105036.22,0002,0,0,89,0.0
1788105036.24,010B,43,0,89,0.0
1788105036.25,0003,2,0,89,0.0
1788105036.28,0005,129,0,89,0.0
1788105036.32,0006,126,0,89,0.0
1788105036.33,010B,43,0,89,0.0
1788105036.35,0007,131,0,89,0.0
1788105036.38,000B,43,0,89,0.0
1788105036.38,0110,1,4,89,0.0
1788105036.38,0142,53,169,89,0.0
1788105036.41,000C,11,0,89,0.0
1788105036.43,010B,43,0,89,0.0
1788105036.44,000D,0,0,89,0.0
1788105036.48,000E,155,0,89,0.0
1788105036.48,0110,1,4,89,0.0
1788105036.51,000F,95,0,89,0.0
1788105036.53,010B,43,0,89,0.0
1788105036.55,0010,1,4,89,0.0
1788105036.58,0011,30,0,89,0.0
1788105036.58,0110,1,1,89,0.0
1788105036.61,0013,1,0,89,0.0
1788105036.63,010B,43,0,89,0.0
1788105036.64,001C,10,0,89,0.0
1788105036.68,001F,1,187,89,0.0
1788105036.68,0110,1,4,89,0.0
1788105036.71,0020,128,21,89,0.0
1788105036.73,010B,43,0,89,0.0
1788105036.74,0021,0,0,89,0.0
1788105036.77,002C,0,0,89,0.0
1788105036.78,0110,1,1,89,0.0
1788105036.80,002E,0,0,89,0.0
1788105036.83,010B,43,0,89,0.0
1788105036.84,0030,255,0,89,0.0
1788105036.87,003C,21,1,89,0.0
1788105036.88,0110,0,251,89,0.0
1788105036.90,0040,104,0,89,0.0
1788105036.93,0042,53,195,89,0.0
1788105036.94,010B,43,0,89,0.0
1788105036.97,0043,0,70,89,0.0
1788105036.98,0110,0,254,89,0.0
1788105037.00,0200,0,0,89,0.0
1788105037.04,0202,0,0,89,0.0
1788105037.07,0900,6,59,89,0.0
1788105037.08,0110,1,4,89,0.0
1788105037.10,0968,0,0,89,0.0
1788105037.13,096E,11,39,89,0.0
1788105037.13,010B,43,0,89,0.0
1788105037.16,097C,110,34,89,0.0
1788105037.18,0110,1,1,89,0.0
1788105037.20,098E,0,0,89,0.0
1788105037.23,1101,1,0,89,0.0
1788105037.23,010B,43,0,89,0.0
1788105037.26,1103,4,0,89,0.0
1788105037.28,0110,0,254,89,0.0
1788105037.29,1104,1,0,89,0.0
1788105037.32,114A,50,128,89,0.0
1788105037.34,010B,43,0,89,0.0
1788105037.36,114D,36,0,89,0.0
1788105037.38,0110,1,4,89,0.0
1788105037.39,17B3,128,0,89,0.0
1788105037.42,1154,29,192,89,0.0
1788105037.43,010B,43,0,89,0.0
1788105037.45,1169,29,181,89,0.0
1788105037.48,0110,0,251,89,0.0
1788105037.49,1173,0,115,89,0.0
1788105037.52,1177,20,140,89,0.0
1788105037.53,010B,43,0,89,0.0
1788105037.56,1410,1,59,89,0.0
1788105037.59,1631,1,0,89,0.0
1788105037.62,1678,0,0,89,0.0
1788105037.63,010B,43,0,89,0.0
1788105037.65,1681,0,0,89,0.0
1788105037.68,16CD,0,0,89,0.0
1788105037.72,16CE,255,246,89,0.0
1788105037.73,010B,43,0,89,0.0
1788105037.75,16CF,13,16,89,0.0
1788105037.78,16E8,87,195,89,0.0
1788105037.78,0110,0,251,89,0.0
1788105037.81,16E9,0,119,89,0.0
1788105037.84,010B,43,0,89,0.0
1788105037.85,16F0,3,131,89,0.0
1788105037.88,1704,0,0,89,0.0
1788105037.92,1706,128,0,89,0.0
1788105037.94,010B,43,0,89,0.0
1788105037.95,1709,0,0,89,0.0
1788105037.98,1717,1,0,89,0.0
1788105037.98,0110,0,254,89,0.0
1788105038.01,1718,1,0,89,0.0
1788105038.03,010B,43,0,89,0.0
1788105038.04,1746,0,0,89,0.0
1788105038.08,1782,142,128,89,0.0
1788105038.08,0110,1,4,89,0.0
1788105038.11,1783,110,192,89,0.0
1788105038.13,010B,43,0,89,0.0
1788105038.14,17A0,31,0,89,0.0
1788105038.17,17A6,0,0,89,0.0
1788105038.18,0110,1,1,89,0.0
1788105038.20,17B0,19,0,89,0.0
1788105038.24,17B1,32,0,89,0.0
1788105038.27,17B2,4,0,89,0.0
1788105038.28,0110,0,254,89,0.0
1788105038.30,17B3,128,0,89,0.0
1788105038.34,17B5,80,0,89,0.0
1788105038.37,17B6,0,0,89,0.0
1788105038.38,0110,0,251,89,0.0
1788105038.40,17B8,239,0,89,0.0
1788105038.43,17BA,0,0,89,0.0
1788105038.43,010B,43,0,89,0.0
1788105038.47,17BB,0,0,89,0.0
1788105038.48,0110,0,254,89,0.0
1788105038.50,17BC,0,0,89,0.0
1788105038.53,17BD,63,0,89,0.0
1788105038.53,010B,43,0,89,0.0
1788105038.56,17BE,0,0,89,0.0
1788105038.58,0110,0,251,89,0.0
1788105038.60,17C1,234,0,89,0.0
1788105038.63,3201,23,112,89,0.0
1788105038.63,010B,43,0,89,0.0
1788105038.66,990A,44,0,89,0.0
1788105038.68,0110,1,1,89,0.0
1788105038.69,996E,13,52,89,0.0
1788105038.72,A211,0,0,89,0.0
1788105038.73,010B,43,0,89,0.0
1788105038.76,D100,129,0,89,0.0
1788105038.79,E21B,90,74,89,0.0
1788105038.82,E21C,49,56,89,0.0
1788105038.83,010B,43,0,89,0.0
1788105038.85,E21D,56,56,89,0.0
1788105038.88,E21E,70,0,89,0.0
1788105038.88,0110,0,254,89,0.0
1788105038.92,E6F0,90,74,89,0.0
1788105038.93,010B,43,0,89,0.0
1788105038.95,E6F2,240,0,89,0.0
1788105038.98,E6F3,240,0,89,0.0
1788105038.98,0110,1,1,89,0.0
1788105039.01,0105,129,0,89,0.0
1788105039.03,010B,43,0,89,0.0
1788105039.05,010F,95,0,89,0.0
1788105039.08,0110,0,254,89,0.0
1788105039.09,0110,1,1,89,0.0
1788105039.11,010B,43,0,89,0.0
1788105039.13,010B,43,0,89,0.0
1788105039.14,0106,126,0,89,0.0
1788105039.18,0107,131,0,89,0.0
1788105039.18,0110,0,254,89,0.0
1788105039.21,010E,148,0,89,0.0
1788105039.23,010B,43,0,89,0.0
1788105039.24,0142,53,178,89,0.0
1788105039.28,0000,190,63,89,0.0
1788105039.28,0110,1,4,89,0.0
1788105039.32,0002,0,0,89,0.0
1788105039.34,010B,43,0,89,0.0
1788105039.35,0003,2,0,89,0.0
1788105039.38,0005,129,0,89,0.0
1788105039.38,0110,0,251,89,0.0
1788105039.39,0142,53,188,89,0.0
1788105039.41,0006,127,0,89,0.0
1788105039.43,010B,43,0,89,0.0
1788105039.44,0007,131,0,89,0.0
1788105039.48,000B,43,0,89,0.0
1788105039.48,0110,0,254,89,0.0
1788105039.51,000C,10,248,89,0.0
1788105039.53,010B,43,0,89,0.0
1788105039.54,000D,0,0,89,0.0
1788105039.57,000E,146,0,89,0.0
1788105039.58,0110,1,1,89,0.0
1788105039.60,000F,95,0,89,0.0
1788105039.64,0010,0,254,89,0.0
1788105039.67,0011,30,0,89,0.0
1788105039.68,0110,1,1,89,0.0
1788105039.70,0013,1,0,89,0.0
1788105039.73,001C,10,0,89,0.0
1788105039.73,010B,43,0,89,0.0
1788105039.76,001F,1,190,89,0.0
1788105039.78,0110,0,254,89,0.0
1788105039.80,0020,128,21,89,0.0
1788105039.83,0021,0,0,89,0.0
1788105039.83,010B,43,0,89,0.0
1788105039.86,002C,0,0,89,0.0
1788105039.88,0110,1,1,89,0.0
1788105039.89,002E,0,0,89,0.0
1788105039.92,0030,255,0,89,0.0
1788105039.93,010B,43,0,89,0.0
1788105039.96,003C,21,2,89,0.0
1788105039.98,0110,0,254,89,0.0
1788105039.99,0040,104,0,89,0.0
1788105040.02,0042,53,174,89,0.0
1788105040.04,010B,43,0,89,0.0
1788105040.05,0043,0,70,89,0.0
1788105040.08,0200,0,0,89,0.0
1788105040.08,0110,0,254,89,0.0
1788105040.12,0202,0,0,89,0.0
1788105040.13,010B,43,0,89,0.0
1788105040.15,0900,6,54,89,0.0
1788105040.18,0968,0,0,89,0.0
1788105040.18,0110,1,4,89,0.0
1788105040.22,096E,10,246,89,0.0
1788105040.23,010B,43,0,89,0.0
1788105040.25,097C,110,34,89,0.0
1788105040.28,098E,0,0,89,0.0
1788105040.32,1101,1,0,89,0.0
1788105040.33,010B,43,0,89,0.0
1788105040.35,1103,4,0,89,0.0
1788105040.38,1104,1,0,89,0.0
1788105040.38,0110,0,248,89,0.0
1788105040.42,114A,50,128,89,0.0
1788105040.44,010B,43,0,89,0.0
1788105040.45,114D,35,192,89,0.0
1788105040.48,1153,57,230,89,0.0
1788105040.52,1154,29,192,89,0.0
1788105040.53,010B,43,0,89,0.0
1788105040.55,1169,29,181,89,0.0
1788105040.58,1173,1,54,89,0.0
1788105040.58,0110,0,254,89,0.0
1788105040.61,1177,20,140,89,0.0
1788105040.63,010B,43,0,89,0.0
1788105040.64,1410,1,58,89,0.0
1788105040.68,1631,1,0,89,0.0
1788105040.68,0110,0,254,89,0.0
1788105040.71,1678,0,0,89,0.0
1788105040.73,010B,43,0,89,0.0
1788105040.74,1681,0,0,89,0.0
1788105040.77,16CD,0,0,89,0.0
1788105040.78,0110,1,1,89,0.0
1788105040.80,16CE,255,246,89,0.0
1788105040.84,16CF,12,246,89,0.0
1788105040.87,16E8,77,250,89,0.0
1788105040.88,0110,0,245,89,0.0
1788105040.91,16E9,0,117,89,0.0
1788105040.94,16F0,3,131,89,0.0
1788105040.97,1704,0,0,89,0.0
1788105040.99,0110,0,251,89,0.0
1788105041.00,1706,128,0,89,0.0
1788105041.04,1709,0,0,89,0.0
1788105041.07,1717,1,0,89,0.0
1788105041.08,0110,1,1,89,0.0
1788105041.10,1718,1,0,89,0.0
1788105041.13,1746,0,0,89,0.0
1788105041.13,010B,43,0,89,0.0
1788105041.16,1782,142,128,89,0.0
1788105041.18,0110,0,248,89,0.0
1788105041.20,1783,110,192,89,0.0
1788105041.23,17A0,31,0,89,0.0
1788105041.23,010B,43,0,89,0.0
1788105041.26,17A6,0,0,89,0.0
1788105041.28,0110,0,251,89,0.0
1788105041.29,17B0,19,0,89,0.0
1788105041.32,17B1,32,0,89,0.0
1788105041.33,010B,43,0,89,0.0
1788105041.36,17B2,4,0,89,0.0
1788105041.38,0110,0,254,89,0.0
1788105041.39,17B3,128,0,89,0.0
1788105041.40,17B3,128,0,89,0.0
1788105041.43,17B5,80,0,89,0.0
1788105041.43,010B,43,0,89,0.0
1788105041.46,17B6,0,0,89,0.0
1788105041.48,0110,0,248,89,0.0
1788105041.49,17B8,239,0,89,0.0
1788105041.52,17BA,0,0,89,0.0
1788105041.53,010B,43,0,89,0.0
1788105041.56,17BB,0,0,89,0.0
1788105041.58,0110,0,251,89,0.0
1788105041.59,17BC,0,0,89,0.0
1788105041.62,17BD,63,0,89,0.0
1788105041.63,010B,43,0,89,0.0
1788105041.65,17BE,0,0,89,0.0
1788105041.68,17C1,234,0,89,0.0
1788105041.68,0110,0,254,89,0.0
1788105041.72,3201,23,112,89,0.0
1788105041.73,010B,43,0,89,0.0
1788105041.75,990A,44,0,89,0.0
1788105041.78,996E,13,92,89,0.0
1788105041.78,0110,0,254,89,0.0
1788105041.82,A211,0,0,89,0.0
1788105041.83,010B,43,0,89,0.0
1788105041.85,D100,129,0,89,0.0
1788105041.88,E21B,90,74,89,0.0
1788105041.92,E21C,49,56,89,0.0
1788105041.93,010B,43,0,89,0.0
1788105041.95,E21D,56,56,89,0.0
1788105041.98,E21E,70,0,89,0.0
1788105041.98,0110,0,254,89,0.0
1788105042.01,E6F0,90,74,89,0.0
1788105042.03,010B,43,0,89,0.0
1788105042.04,E6F2,240,0,89,0.0
1788105042.08,E6F3,240,0,89,0.0
1788105042.08,0110,1,1,89,0.0
1788105042.10,0105,129,0,89,0.0
1788105042.13,010B,43,0,89,0.0
1788105042.14,010F,95,0,89,0.0
1788105042.17,0110,0,251,89,0.0
1788105042.18,0110,0,254,89,0.0
1788105042.20,010B,43,0,89,0.0
1788105042.23,010B,43,0,89,0.0
1788105042.23,0106,125,0,89,0.0
1788105042.27,0107,131,0,89,0.0
1788105042.28,0110,1,4,89,0.0
1788105042.30,010E,148,0,89,0.0
1788105042.33,0142,53,176,89,0.0
1788105042.33,010B,43,0,89,0.0
1788105042.37,0000,190,63,89,0.0
1788105042.38,0110,0,245,89,0.0
1788105042.40,0002,0,0,89,0.0
1788105042.44,0003,2,0,89,0.0
1788105042.47,0005,129,0,89,0.0
1788105042.48,0110,0,254,89,0.0
1788105042.50,0006,126,0,89,0.0
1788105042.53,0007,131,0,89,0.0
1788105042.53,010B,43,0,89,0.0
1788105042.56,000B,43,0,89,0.0
1788105042.58,0110,1,1,89,0.0
1788105042.60,000C,10,221,89,0.0
1788105042.63,000D,0,0,89,0.0
1788105042.63,010B,43,0,89,0.0
1788105042.66,000E,148,0,89,0.0
1788105042.68,0110,0,251,89,0.0
1788105042.69,000F,95,0,89,0.0
1788105042.72,0010,1,4,89,0.0
1788105042.73,010B,43,0,89,0.0
1788105042.76,0011,30,0,89,0.0
1788105042.78,0110,0,251,89,0.0
1788105042.79,0013,1,0,89,0.0
1788105042.82,001C,10,0,89,0.0
1788105042.83,010B,43,0,89,0.0
1788105042.86,001F,1,193,89,0.0
1788105042.89,0110,0,254,89,0.0
1788105042.92,0021,0,0,89,0.0
1788105042.93,010B,43,0,89,0.0
1788105042.96,002C,0,0,89,0.0
1788105042.99,002E,0,0,89,0.0
1788105043.02,0030,255,0,89,0.0
1788105043.03,010B,43,0,89,0.0
1788105043.05,003C,21,2,89,0.0
1788105043.08,0040,104,0,89,0.0
1788105043.12,0042,53,188,89,0.0
1788105043.13,010B,43,0,89,0.0
1788105043.15,0043,0,70,89,0.0
1788105043.18,0200,0,0,89,0.0
1788105043.18,0110,1,1,89,0.0
1788105043.21,0202,0,0,89,0.0
1788105043.23,010B,43,0,89,0.0
1788105043.24,0900,6,59,89,0.0
1788105043.28,0968,0,0,89,0.0
1788105043.28,0110,0,248,89,0.0
1788105043.31,096E,10,240,89,0.0
1788105043.33,010B,43,0,89,0.0
1788105043.34,097C,110,35,89,0.0
1788105043.37,098E,0,0,89,0.0
1788105043.38,0110,0,248,89,0.0
1788105043.38,0142,53,190,89,0.0
1788105043.40,1101,1,0,89,0.0
1788105043.43,010B,43,0,89,0.0
1788105043.48,1104,1,0,89,0.0
1788105043.48,0110,0,254,89,0.0
1788105043.51,114A,50,192,89,0.0
1788105043.54,114D,36,0,89,0.0
1788105043.57,1153,57,168,89,0.0
1788105043.58,0110,0,242,89,0.0
1788105043.60,1154,29,192,89,0.0
1788105043.64,1169,29,181,89,0.0
1788105043.64,010B,43,0,89,0.0
1788105043.67,1173,0,150,89,0.0
1788105043.68,0110,0,251,89,0.0
1788105043.70,1177,20,140,89,0.0
1788105043.73,1410,1,56,89,0.0
1788105043.73,010B,43,0,89,0.0
1788105043.77,1631,1,0,89,0.0
1788105043.78,0110,0,251,89,0.0
1788105043.80,1678,0,0,89,0.0
1788105043.84,1681,0,0,89,0.0
1788105043.87,16CD,0,0,89,0.0
1788105043.88,0110,0,248,89,0.0
1788105043.90,16CE,255,247,89,0.0
1788105043.93,16CF,13,28,89,0.0
1788105043.93,010B,43,0,89,0.0
1788105043.96,16E8,89,74,89,0.0
1788105043.98,0110,0,254,89,0.0
1788105044.00,16E9,0,117,89,0.0
1788105044.03,16F0,3,131,89,0.0
1788105044.03,010B,43,0,89,0.0
1788105044.06,1704,0,0,89,0.0
1788105044.08,0110,1,1,89,0.0
1788105044.09,1706,128,0,89,0.0
1788105044.12,1709,0,0,89,0.0
1788105044.13,010B,43,0,89,0.0
1788105044.16,1717,1,0,89,0.0
1788105044.18,0110,0,248,89,0.0
1788105044.19,1718,1,0,89,0.0
1788105044.22,1746,0,0,89,0.0
1788105044.23,010B,43,0,89,0.0
1788105044.26,1782,142,128,89,0.0
1788105044.28,0110,0,251,89,0.0
1788105044.29,1783,110,192,89,0.0
1788105044.32,17A0,32,0,89,0.0
1788105044.33,010B,43,0,89,0.0
1788105044.36,17A6,0,0,89,0.0
1788105044.39,17B0,18,0,89,0.0
1788105044.42,17B1,32,0,89,0.0
1788105044.43,010B,43,0,89,0.0
1788105044.45,17B2,4,0,89,0.0
1788105044.48,17B3,128,0,89,0.0
1788105044.48,0110,0,248,89,0.0
1788105044.52,17B5,80,0,89,0.0
1788105044.53,010B,43,0,89,0.0
1788105044.55,17B6,0,0,89,0.0
1788105044.58,17B8,239,0,89,0.0
1788105044.58,0110,0,254,89,0.0
1788105044.61,17BA,0,0,89,0.0
1788105044.63,010B,43,0,89,0.0
1788105044.64,17BB,0,0,89,0.0
1788105044.68,17BC,0,0,89,0.0
1788105044.68,0110,0,254,89,0.0
1788105044.71,17BD,63,0,89,0.0
1788105044.73,010B,43,0,89,0.0
1788105044.74,17BE,0,0,89,0.0
1788105044.77,17C1,234,0,89,0.0
1788105044.78,0110,0,251,89,0.0
1788105044.80,3201,23,112,89,0.0
1788105044.83,010B,43,0,89,0.0
1788105044.84,990A,43,0,89,0.0
1788105044.88,996E,13,112,89,0.0
1788105044.88,0110,0,254,89,0.0
1788105044.91,A211,0,0,89,0.0
1788105044.94,D100,129,0,89,0.0
1788105044.97,E21B,90,74,89,0.0
1788105044.98,0110,1,4,89,0.0
1788105045.00,E21C,49,56,89,0.0
1788105045.04,E21D,56,56,89,0.0
1788105045.07,E21E,70,0,89,0.0
1788105045.08,0110,0,251,89,0.0
1788105045.10,E6F0,90,74,89,0.0
1788105045.13,E6F2,240,0,89,0.0
1788105045.13,010B,43,0,89,0.0
1788105045.16,E6F3,240,0,89,0.0
1788105045.18,0110,0,251,89,0.0
1788105045.20,0105,129,0,89,0.0
1788105045.23,010F,95,0,89,0.0
1788105045.23,010B,43,0,89,0.0
1788105045.26,0110,0,254,89,0.0
1788105045.29,0110,0,251,89,0.0
1788105045.29,010B,43,0,89,0.0
1788105045.33,0106,128,0,89,0.0
1788105045.34,010B,43,0,89,0.0
1788105045.36,0107,130,0,89,0.0
1788105045.39,0110,0,245,89,0.0
1788105045.39,17B3,128,0,89,0.0
1788105045.39,010E,145,0,89,0.0
1788105045.42,0142,53,186,89,0.0
1788105045.43,010B,43,0,89,0.0
1788105045.46,0000,190,63,89,0.0
1788105045.48,0110,0,254,89,0.0
1788105045.49,0002,0,0,89,0.0
1788105045.52,0003,2,0,89,0.0
1788105045.53,010B,43,0,89,0.0
1788105045.56,0005,129,0,89,0.0
1788105045.59,0006,129,0,89,0.0
1788105045.62,0007,130,0,89,0.0
1788105045.63,010B,43,0,89,0.0
1788105045.65,000B,43,0,89,0.0
1788105045.68,000C,11,8,89,0.0
1788105045.72,000D,0,0,89,0.0
1788105045.73,010B,43,0,89,0.0
1788105045.76,000E,141,0,89,0.0
1788105045.79,000F,95,0,89,0.0
1788105045.82,0010,1,1,89,0.0
1788105045.83,010B,43,0,89,0.0
1788105045.85,0011,30,0,89,0.0
1788105045.89,0013,1,0,89,0.0
1788105045.89,0110,0,251,89,0.0
1788105045.92,001C,10,0,89,0.0
1788105045.93,010B,43,0,89,0.0
1788105045.95,001F,1,196,89,0.0
1788105045.98,0020,128,21,89,0.0
1788105045.98,0110,0,254,89,0.0
1788105046.01,0021,0,0,89,0.0
1788105046.03,010B,43,0,89,0.0
1788105046.05,002C,0,0,89,0.0
1788105046.08,002E,27,0,89,0.0
1788105046.08,0110,1,4,89,0.0
1788105046.12,0030,255,0,89,0.0
1788105046.13,010B,43,0,89,0.0
1788105046.15,003C,21,3,89,0.0
1788105046.18,0040,104,0,89,0.0
1788105046.18,0110,1,1,89,0.0
1788105046.21,0042,53,184,89,0.0
1788105046.23,010B,43,0,89,0.0
1788105046.24,0043,0,69,89,0.0
1788105046.28,0200,0,0,89,0.0
1788105046.28,0110,0,251,89,0.0
1788105046.31,0202,0,0,89,0.0
1788105046.34,010B,43,0,89,0.0
1788105046.34,0900,6,59,89,0.0
1788105046.37,0968,0,0,89,0.0
1788105046.38,0110,0,254,89,0.0
1788105046.40,096E,10,240,89,0.0
1788105046.43,010B,43,0,89,0.0
1788105046.44,097C,110,35,89,0.0
1788105046.48,098E,0,0,89,0.0
1788105046.48,0110,0,254,89,0.0
1788105046.51,1101,1,0,89,0.0
1788105046.54,1103,4,0,89,0.0
1788105046.57,1104,1,0,89,0.0
1788105046.58,0110,1,4,89,0.0
1788105046.60,114A,50,192,89,0.0
1788105046.64,114D,36,0,89,0.0
1788105046.67,1153,57,158,89,0.0
1788105046.68,0110,1,4,89,0.0
1788105046.70,1154,29,192,89,0.0
1788105046.73,1169,29,181,89,0.0
1788105046.73,010B,43,0,89,0.0
1788105046.76,1173,3,117,89,0.0
1788105046.78,0110,0,251,89,0.0
1788105046.80,1177,20,140,89,0.0
1788105046.83,1410,1,56,89,0.0
1788105046.83,010B,43,0,89,0.0
1788105046.87,1631,1,0,89,0.0
1788105046.88,0110,0,251,89,0.0
1788105046.90,1678,0,0,89,0.0
1788105046.93,1681,0,0,89,0.0
1788105046.93,010B,43,0,89,0.0
1788105046.96,16CD,0,0,89,0.0
1788105046.98,0110,1,1,89,0.0
1788105047.00,16CE,255,248,89,0.0
1788105047.03,16CF,12,219,89,0.0
1788105047.03,010B,43,0,89,0.0
1788105047.06,16E8,80,50,89,0.0
1788105047.08,0110,0,210,89,0.0
1788105047.09,16E9,0,118,89,0.0
1788105047.12,16F0,3,131,89,0.0
1788105047.13,010B,42,0,89,0.0
1788105047.16,1704,0,0,89,0.0
1788105047.19,1706,128,0,89,0.0
1788105047.22,1709,0,0,89,0.0
1788105047.23,010B,41,0,89,0.0
1788105047.25,1717,1,0,89,0.0
1788105047.28,1718,1,0,89,0.0
1788105047.28,0110,0,187,89,0.0
1788105047.32,1746,0,0,89,0.0
1788105047.33,010B,40,0,89,0.0
1788105047.36,1782,142,64,89,0.0
1788105047.39,1783,110,192,89,0.0
1788105047.42,17A0,33,0,89,0.0
1788105047.43,010B,39,0,89,0.0
1788105047.45,17A6,0,0,89,0.0
1788105047.48,17B0,18,0,89,0.0
1788105047.49,0110,0,190,89,0.0
1788105047.52,17B1,32,0,89,0.0
1788105047.53,010B,38,0,89,0.0
1788105047.55,17B2,4,0,89,0.0
1788105047.58,17B3,128,0,89,0.0
1788105047.58,0110,0,183,89,0.0
1788105047.61,17B5,80,0,89,0.0
1788105047.63,010B,38,0,89,0.0
1788105047.64,17B6,0,0,89,0.0
1788105047.68,17B8,239,0,89,0.0
1788105047.69,0110,0,185,89,0.0
1788105047.71,17BA,0,0,89,0.0
1788105047.73,010B,37,0,89,0.0
1788105047.74,17BB,0,0,89,0.0
1788105047.77,17BC,0,0,89,0.0
1788105047.78,0110,0,185,89,0.0
1788105047.80,17BD,63,0,89,0.0
1788105047.84,17BE,0,0,89,0.0
1788105047.87,17C1,234,0,89,0.0
1788105047.88,0110,0,180,89,0.0
1788105047.90,3201,23,112,89,0.0
1788105047.93,990A,43,0,89,0.0
1788105047.93,010B,35,0,89,0.0
1788105047.96,996E,13,132,89,0.0
1788105047.98,0110,0,178,89,0.0
1788105048.00,A211,0,0,89,0.0
1788105048.04,D100,129,0,89,0.0
1788105048.07,E21B,90,74,89,0.0
1788105048.08,0110,0,178,89,0.0
1788105048.10,E21C,49,56,89,0.0
1788105048.13,E21D,56,56,89,0.0
1788105048.13,010B,34,0,89,0.0
1788105048.16,E21E,70,0,89,0.0
1788105048.18,0110,0,171,89,0.0
1788105048.20,E6F0,90,74,89,0.0
1788105048.23,E6F2,240,0,89,0.0
1788105048.23,010B,33,0,89,0.0
1788105048.26,E6F3,240,0,89,0.0
1788105048.28,0110,0,166,89,0.0
1788105048.29,0105,129,0,89,0.0
1788105048.32,010F,95,0,89,0.0
1788105048.33,010B,33,0,89,0.0
1788105048.36,0110,0,168,89,0.0
1788105048.39,0110,0,171,89,0.0
1788105048.39,010B,33,0,89,0.0
1788105048.42,0106,126,0,89,0.0
1788105048.43,010B,32,0,89,0.0
1788105048.46,0107,130,0,89,0.0
1788105048.48,0110,0,175,89,0.0
1788105048.49,010E,134,0,89,0.0
1788105048.52,0142,53,163,89,0.0
1788105048.53,010B,32,0,89,0.0
1788105048.56,0000,190,63,89,0.0
1788105048.58,0110,0,178,89,0.0
1788105048.59,0002,0,0,89,0.0
1788105048.62,0003,2,0,89,0.0
1788105048.63,010B,32,0,89,0.0
1788105048.65,0005,129,0,89,0.0
1788105048.68,0006,125,0,89,0.0
1788105048.68,0110,0,175,89,0.0
1788105048.72,0007,130,0,89,0.0
1788105048.73,010B,32,0,89,0.0
1788105048.75,000B,32,0,89,0.0
1788105048.78,000C,11,68,89,0.0
1788105048.78,0110,0,180,89,0.0
1788105048.82,000D,0,0,89,0.0
1788105048.83,010B,32,0,89,0.0
1788105048.85,000E,142,0,89,0.0
1788105048.88,000F,95,0,89,0.0
1788105048.89,0110,0,185,89,0.0
1788105048.91,0010,0,183,89,0.0
1788105048.93,010B,32,0,89,0.0
1788105048.94,0011,30,0,89,0.0
1788105048.98,0013,1,0,89,0.0
1788105048.98,0110,0,175,89,0.0
1788105049.01,001C,10,0,89,0.0
1788105049.03,010B,32,0,89,0.0
1788105049.04,001F,1,200,89,0.0
1788105049.08,0020,128,21,89,0.0
1788105049.08,0110,0,180,89,0.0
1788105049.11,0021,0,0,89,0.0
1788105049.13,010B,32,0,89,0.0
1788105049.14,002C,0,0,89,0.0
1788105049.17,002E,27,0,89,0.0
1788105049.18,0110,0,180,89,0.0
1788105049.20,0030,255,0,89,0.0
1788105049.24,003C,21,3,89,0.0
1788105049.27,0040,104,0,89,0.0
1788105049.28,0110,0,180,89,0.0
1788105049.30,0042,53,178,89,0.0
1788105049.33,0043,0,49,89,0.0
1788105049.33,010B,32,0,89,0.0
1788105049.36,0200,0,0,89,0.0
1788105049.38,0110,0,183,89,0.0
1788105049.39,17B3,128,0,89,0.0
1788105049.40,0202,0,0,89,0.0
1788105049.44,0900,5,105,89,0.0
1788105049.47,0968,0,0,89,0.0
1788105049.48,0110,0,178,89,0.0
1788105049.50,096E,10,240,89,0.0
1788105049.53,097C,110,36,89,0.0
1788105049.53,010B,32,0,89,0.0
1788105049.56,098E,0,0,89,0.0
1788105049.58,0110,0,180,89,0.0
1788105049.60,1101,0,0,89,0.0
1788105049.63,1103,0,0,89,0.0
1788105049.63,010B,32,0,89,0.0
1788105049.66,1104,0,0,89,0.0
1788105049.68,0110,0,175,89,0.0
1788105049.69,114A,50,192,89,0.0
1788105049.72,114D,35,192,89,0.0
1788105049.73,010B,32,0,89,0.0
1788105049.76,1153,42,53,89,0.0
1788105049.79,1154,29,192,89,0.0
1788105049.82,1169,29,181,89,0.0
1788105049.84,010B,32,0,89,0.0
1788105049.85,1173,0,60,89,0.0
1788105049.88,1177,18,72,89,0.0
1788105049.92,1410,0,216,89,0.0
1788105049.93,010B,32,0,89,0.0
1788105049.95,1631,1,0,89,0.0
1788105049.98,1678,0,0,89,0.0
1788105049.98,0110,0,178,89,0.0
1788105050.01,1681,0,0,89,0.0
1788105050.03,010B,32,0,89,0.0
1788105050.04,16CD,0,0,89,0.0
1788105050.08,16CE,255,251,89,0.0
1788105050.12,16CF,13,1,89,0.0
1788105050.13,010B,32,0,89,0.0
1788105050.15,16E8,67,24,89,0.0
1788105050.18,16E9,0,118,89,0.0
1788105050.18,0110,0,180,89,0.0
1788105050.21,16F0,3,131,89,0.0
1788105050.23,010B,32,0,89,0.0
1788105050.24,1704,0,0,89,0.0
1788105050.28,1706,128,0,89,0.0
1788105050.28,0110,0,175,89,0.0
1788105050.31,1709,0,0,89,0.0
1788105050.33,010B,32,0,89,0.0
1788105050.34,1717,1,0,89,0.0
1788105050.37,1718,1,0,89,0.0
1788105050.38,0110,0,178,89,0.0
1788105050.40,1746,0,0,89,0.0
1788105050.44,1782,142,64,89,0.0
1788105050.47,1783,110,192,89,0.0
1788105050.48,0110,0,175,89,0.0
1788105050.50,17A0,31,0,89,0.0
1788105050.53,17A6,0,0,89,0.0
1788105050.53,010B,32,0,89,0.0
1788105050.56,17B0,19,0,89,0.0
1788105050.58,0110,0,171,89,0.0
1788105050.60,17B1,32,0,89,0.0
1788105050.63,17B2,4,0,89,0.0
1788105050.63,010B,32,0,89,0.0
1788105050.66,17B3,128,0,89,0.0
1788105050.68,0110,0,175,89,0.0
1788105050.69,17B5,80,0,89,0.0
1788105050.73,17B6,0,0,89,0.0
1788105050.73,010B,32,0,89,0.0
1788105050.76,17B8,239,0,89,0.0
1788105050.78,0110,0,173,89,0.0
1788105050.80,17BA,0,0,89,0.0
1788105050.83,17BB,0,0,89,0.0
1788105050.83,010B,32,0,89,0.0
1788105050.86,17BC,0,0,89,0.0
1788105050.89,0110,0,175,89,0.0
1788105050.89,17BD,63,0,89,0.0
1788105050.92,17BE,0,0,89,0.0
1788105050.93,010B,32,0,89,0.0
1788105050.96,17C1,234,0,89,0.0
1788105050.99,3201,23,112,89,0.0
1788105051.02,990A,43,0,89,0.0
1788105051.03,010B,32,0,89,0.0
1788105051.05,996E,13,132,89,0.0
1788105051.08,A211,0,0,89,0.0
1788105051.09,0110,0,175,89,0.0
1788105051.12,D100,129,0,89,0.0
1788105051.13,010B,32,0,89,0.0
1788105051.15,E21B,90,74,89,0.0
1788105051.18,E21C,49,56,89,0.0
1788105051.18,0110,0,178,89,0.0
1788105051.22,E21D,56,56,89,0.0
1788105051.23,010B,32,0,89,0.0
1788105051.25,E21E,70,0,89,0.0
1788105051.28,E6F0,90,74,89,0.0
1788105051.32,E6F2,240,0,89,0.0
1788105051.33,010B,32,0,89,0.0
1788105051.35,E6F3,240,0,89,0.0
1788105051.37,0105,129,0,89,0.0
1788105051.38,0110,0,171,89,0.0
1788105051.39,17B3,128,0,89,0.0
1788105051.41,010F,95,0,89,0.0
1788105051.43,010B,32,0,89,0.0
1788105051.44,0110,0,175,89,0.0
1788105051.47,010B,32,0,89,0.0
1788105051.48,0110,0,178,89,0.0
1788105051.50,0106,130,0,89,0.0
1788105051.54,010B,32,0,89,0.0
1788105051.54,0107,130,0,89,0.0
1788105051.57,010E,141,0,89,0.0
1788105051.58,0110,0,178,89,0.0
1788105051.60,0142,53,195,89,0.0
1788105051.64,0000,190,63,89,0.0
1788105051.67,0002,0,0,89,0.0
1788105051.68,0110,0,175,89,0.0
1788105051.70,0003,2,0,89,0.0
1788105051.73,0005,129,0,89,0.0
1788105051.73,010B,32,0,89,0.0
1788105051.76,0006,128,0,89,0.0
1788105051.79,0110,0,178,89,0.0
1788105051.80,0007,130,0,89,0.0
1788105051.84,000B,32,0,89,0.0
1788105051.87,000C,11,48,89,0.0
1788105051.88,0110,0,173,89,0.0
1788105051.90,000D,0,0,89,0.0
1788105051.93,000E,140,0,89,0.0
1788105051.93,010B,32,0,89,0.0
1788105051.96,000F,95,0,89,0.0
1788105051.98,0110,0,175,89,0.0
1788105052.00,0010,0,173,89,0.0
1788105052.03,0011,30,0,89,0.0
1788105052.03,010B,32,0,89,0.0
1788105052.06,0013,1,0,89,0.0
1788105052.08,0110,0,171,89,0.0
1788105052.09,001C,10,0,89,0.0
1788105052.12,001F,1,203,89,0.0
1788105052.13,010B,32,0,89,0.0
1788105052.16,0020,128,21,89,0.0
1788105052.18,0110,0,171,89,0.0
1788105052.19,0021,0,0,89,0.0
1788105052.22,002C,0,0,89,0.0
1788105052.23,010B,32,0,89,0.0
1788105052.25,002E,28,0,89,0.0
1788105052.29,0030,255,0,89,0.0
1788105052.32,003C,21,3,89,0.0
1788105052.33,010B,32,0,89,0.0
1788105052.36,0040,104,0,89,0.0
1788105052.39,0042,53,190,89,0.0
1788105052.42,0043,0,48,89,0.0
1788105052.43,010B,32,0,89,0.0
1788105052.45,0200,0,0,89,0.0
1788105052.48,0202,0,0,89,0.0
1788105052.48,0110,0,175,89,0.0
1788105052.52,0900,5,95,89,0.0
1788105052.53,010B,32,0,89,0.0
1788105052.55,0968,0,0,89,0.0
1788105052.58,096E,10,240,89,0.0
1788105052.58,0110,0,173,89,0.0
1788105052.61,097C,110,37,89,0.0
1788105052.63,010B,32,0,89,0.0
1788105052.64,098E,0,0,89,0.0
1788105052.68,1101,0,0,89,0.0
1788105052.68,0110,0,171,89,0.0
1788105052.71,1103,0,0,89,0.0
1788105052.73,010B,32,0,89,0.0
1788105052.74,1104,0,0,89,0.0
1788105052.77,114A,50,128,89,0.0
1788105052.78,0110,0,180,89,0.0
1788105052.80,114D,35,192,89,0.0
1788105052.83,010B,32,0,89,0.0
1788105052.84,1153,41,184,89,0.0
1788105052.88,1154,29,192,89,0.0
1788105052.88,0110,0,175,89,0.0
1788105052.91,1169,29,181,89,0.0
1788105052.93,010B,32,0,89,0.0
1788105052.94,1173,2,83,89,0.0
1788105052.97,1177,18,52,89,0.0
1788105052.98,0110,0,173,89,0.0
1788105053.00,1410,0,213,89,0.0
1788105053.03,010B,32,0,89,0.0
1788105053.04,1631,1,0,89,0.0
1788105053.08,1678,0,0,89,0.0
1788105053.08,0110,0,175,89,0.0
1788105053.11,1681,0,0,89,0.0
1788105053.14,16CD,0,0,89,0.0
1788105053.17,16CE,255,252,89,0.0
1788105053.18,0110,0,178,89,0.0
1788105053.20,16CF,13,18,89,0.0
1788105053.24,16E8,73,77,89,0.0
1788105053.27,16E9,0,118,89,0.0
1788105053.29,0110,0,173,89,0.0
1788105053.30,16F0,3,131,89,0.0
1788105053.33,1704,0,0,89,0.0
1788105053.33,010B,32,0,89,0.0
1788105053.36,1706,128,0,89,0.0
1788105053.39,0110,0,175,89,0.0
1788105053.39,17B3,128,0,89,0.0
1788105053.40,1709,0,0,89,0.0
1788105053.43,1717,1,0,89,0.0
1788105053.43,010B,32,0,89,0.0
1788105053.47,1718,1,0,89,0.0
1788105053.48,0110,0,173,89,0.0
1788105053.50,1746,0,0,89,0.0
1788105053.53,1782,142,64,89,0.0
1788105053.53,010B,32,0,89,0.0
1788105053.56,1783,110,192,89,0.0
1788105053.58,0110,0,171,89,0.0
1788105053.60,17A0,31,0,89,0.0
1788105053.63,17A6,0,0,89,0.0
1788105053.63,010B,32,0,89,0.0
1788105053.66,17B0,19,0,89,0.0
1788105053.69,0110,0,180,89,0.0
1788105053.69,17B1,32,0,89,0.0
1788105053.72,17B2,4,0,89,0.0
1788105053.73,010B,32,0,89,0.0
1788105053.76,17B3,128,0,89,0.0
1788105053.78,0110,0,171,89,0.0
1788105053.79,17B5,80,0,89,0.0
1788105053.82,17B6,0,0,89,0.0
1788105053.83,010B,32,0,89,0.0
1788105053.86,17B8,239,0,89,0.0
1788105053.89,0110,0,180,89,0.0
1788105053.89,17BA,0,0,89,0.0
1788105053.92,17BB,0,0,89,0.0
1788105053.93,010B,32,0,89,0.0
1788105053.96,17BC,0,0,89,0.0
1788105053.99,0110,0,175,89,0.0
1788105053.99,17BD,63,0,89,0.0
1788105054.02,17BE,0,0,89,0.0
1788105054.03,010B,32,0,89,0.0
1788105054.05,17C1,234,0,89,0.0
1788105054.08,0110,0,173,89,0.0
1788105054.12,990A,44,0,89,0.0
1788105054.13,010B,32,0,89,0.0
1788105054.16,996E,13,92,89,0.0
1788105054.19,A211,0,0,89,0.0
1788105054.22,D100,129,0,89,0.0
1788105054.23,010B,32,0,89,0.0
1788105054.25,E21B,90,74,89,0.0
1788105054.28,E21C,49,56,89,0.0
1788105054.32,E21D,56,56,89,0.0
1788105054.34,010B,32,0,89,0.0
1788105054.35,E21E,70,0,89,0.0
1788105054.38,E6F0,90,74,89,0.0
1788105054.39,0110,0,173,89,0.0
1788105054.41,E6F2,240,0,89,0.0
1788105054.43,010B,32,0,89,0.0
1788105054.44,E6F3,240,0,89,0.0
1788105054.47,0105,129,0,89,0.0
1788105054.48,0110,0,175,89,0.0
1788105054.51,010F,95,0,89,0.0
1788105054.53,010B,32,0,89,0.0
1788105054.54,0110,0,178,89,0.0
1788105054.57,010B,32,0,89,0.0
1788105054.59,0110,0,173,89,0.0
1788105054.60,0106,129,0,89,0.0
1788105054.63,010B,32,0,89,0.0
1788105054.64,0107,130,0,89,0.0
1788105054.67,010E,140,0,89,0.0
1788105054.68,0110,0,175,89,0.0
1788105054.70,0142,53,210,89,0.0
1788105054.74,0000,190,63,89,0.0
1788105054.77,0002,0,0,89,0.0
1788105054.78,0110,0,175,89,0.0
1788105054.80,0003,2,0,89,0.0
1788105054.84,0005,129,0,89,0.0
1788105054.87,0006,129,0,89,0.0
1788105054.88,0110,0,173,89,0.0
1788105054.90,0007,130,0,89,0.0
1788105054.93,000B,32,0,89,0.0
1788105054.93,010B,32,0,89,0.0
1788105054.96,000C,11,41,89,0.0
1788105054.98,0110,0,178,89,0.0
1788105055.00,000D,0,0,89,0.0
1788105055.03,000E,140,0,89,0.0
1788105055.03,010B,32,0,89,0.0
1788105055.06,000F,95,0,89,0.0
1788105055.08,0110,0,173,89,0.0
1788105055.09,0010,0,173,89,0.0
1788105055.12,0011,30,0,89,0.0
1788105055.13,010B,32,0,89,0.0
1788105055.16,0013,1,0,89,0.0
1788105055.18,0110,0,173,89,0.0
1788105055.19,001C,10,0,89,0.0
1788105055.23,001F,1,206,89,0.0
1788105055.23,010B,32,0,89,0.0
1788105055.26,0020,128,21,89,0.0
1788105055.28,0110,0,178,89,0.0
1788105055.29,0021,0,0,89,0.0
1788105055.32,002C,0,0,89,0.0
1788105055.33,010B,31,0,89,0.0
1788105055.36,002E,28,0,89,0.0
1788105055.39,0030,255,0,89,0.0
1788105055.42,003C,21,3,89,0.0
1788105055.43,010B,32,0,89,0.0
1788105055.45,0040,104,0,89,0.0
1788105055.48,0042,53,185,89,0.0
1788105055.48,0110,1,133,89,0.0
1788105055.52,0043,0,57,89,0.0
1788105055.53,010B,34,0,89,0.0
1788105055.55,0200,0,0,89,0.0
1788105055.58,0202,0,0,89,0.0
1788105055.58,0110,1,116,89,0.0
1788105055.61,0900,5,200,89,0.0
1788105055.63,010B,37,0,89,0.0
1788105055.65,0968,0,0,89,0.0
1788105055.68,096E,11,50,89,0.0
1788105055.68,0110,0,254,89,0.0
1788105055.72,097C,110,30,89,0.0
1788105055.73,010B,38,0,89,0.0
1788105055.75,098E,0,0,89,0.0
1788105055.78,1101,1,0,89,0.0
1788105055.78,0110,0,239,89,0.0
1788105055.81,1103,0,0,89,0.0
1788105055.83,010B,38,0,89,0.0
1788105055.84,1104,1,0,89,0.0
1788105055.88,114A,50,128,89,0.0
1788105055.89,0110,0,236,89,0.0
1788105055.92,114D,35,192,89,0.0
1788105055.93,010B,38,0,89,0.0
1788105055.95,1153,73,177,89,0.0
1788105055.98,1154,29,192,89,0.0
1788105055.98,0110,1,100,89,0.0
1788105056.01,1169,29,181,89,0.0
1788105056.03,010B,40,0,89,0.0
1788105056.04,1173,3,187,89,0.0
1788105056.08,1177,21,184,89,0.0
1788105056.08,0110,1,43,89,0.0
1788105056.11,1410,1,48,89,0.0
1788105056.13,010B,41,0,89,0.0
1788105056.14,1631,1,0,89,0.0
1788105056.17,1678,0,0,89,0.0
1788105056.18,0110,1,1,89,0.0
1788105056.20,1681,0,0,89,0.0
1788105056.23,010B,41,0,89,0.0
1788105056.28,16CE,255,250,89,0.0
1788105056.28,0110,0,242,89,0.0
1788105056.31,16CF,13,17,89,0.0
1788105056.34,16E8,78,110,89,0.0
1788105056.37,16E9,0,114,89,0.0
1788105056.38,0110,1,33,89,0.0
1788105056.40,16F0,3,131,89,0.0
1788105056.44,1704,0,0,89,0.0
1788105056.47,1706,128,0,89,0.0
1788105056.48,0110,1,27,89,0.0
1788105056.50,1709,0,0,89,0.0
1788105056.53,1717,1,0,89,0.0
1788105056.53,010B,42,0,89,0.0
1788105056.56,1718,1,0,89,0.0
1788105056.58,0110,1,17,89,0.0
1788105056.60,1746,0,0,89,0.0
1788105056.63,1782,142,64,89,0.0
1788105056.63,010B,42,0,89,0.0
1788105056.66,1783,110,192,89,0.0
1788105056.68,0110,1,14,89,0.0
1788105056.69,17A0,31,0,89,0.0
1788105056.72,17A6,0,0,89,0.0
1788105056.74,010B,42,0,89,0.0
1788105056.76,17B0,20,0,89,0.0
1788105056.78,0110,1,27,89,0.0
1788105056.79,17B1,32,0,89,0.0
1788105056.82,17B2,4,0,89,0.0
1788105056.83,010B,43,0,89,0.0
1788105056.85,17B3,128,0,89,0.0
1788105056.89,0110,1,20,89,0.0
1788105056.92,17B6,0,0,89,0.0
1788105056.93,010B,43,0,89,0.0
1788105056.96,17B8,239,0,89,0.0
1788105056.99,17BA,0,0,89,0.0
1788105057.02,17BB,0,0,89,0.0
1788105057.04,010B,43,0,89,0.0
1788105057.05,17BC,0,0,89,0.0
1788105057.08,17BD,63,0,89,0.0
1788105057.08,0110,1,4,89,0.0
1788105057.12,17BE,0,0,89,0.0
1788105057.13,010B,43,0,89,0.0
1788105057.15,17C1,234,0,89,0.0
1788105057.18,3201,23,112,89,0.0
1788105057.19,0110,1,4,89,0.0
1788105057.21,990A,45,0,89,0.0
1788105057.23,010B,43,0,89,0.0
1788105057.24,996E,13,32,89,0.0
1788105057.28,A211,0,0,89,0.0
1788105057.29,0110,0,251,89,0.0
1788105057.31,D100,129,0,89,0.0
1788105057.33,010B,43,0,89,0.0
1788105057.34,E21B,90,74,89,0.0
1788105057.37,E21C,49,56,89,0.0
1788105057.38,0110,1,4,89,0.0
1788105057.39,17B3,128,0,89,0.0
1788105057.41,E21D,56,56,89,0.0
1788105057.43,010B,43,0,89,0.0
1788105057.44,E21E,70,0,89,0.0
1788105057.48,E6F0,90,74,89,0.0
1788105057.48,0110,1,8,89,0.0
1788105057.51,E6F2,240,0,89,0.0
1788105057.53,010B,43,0,89,0.0
1788105057.54,E6F3,240,0,89,0.0
1788105057.57,0105,129,0,89,0.0
1788105057.58,0110,1,4,89,0.0
1788105057.60,010F,95,0,89,0.0
1788105057.63,0110,1,14,89,0.0
1788105057.67,010B,43,0,89,0.0
1788105057.68,0110,1,8,89,0.0
1788105057.70,0106,127,0,89,0.0
1788105057.73,0107,130,0,89,0.0
1788105057.73,010B,43,0,89,0.0
1788105057.77,010E,145,0,89,0.0
1788105057.78,0110,1,14,89,0.0
1788105057.80,0142,52,70,89,0.0
1788105057.84,0000,190,63,89,0.0
1788105057.87,0002,0,0,89,0.0
1788105057.88,0110,1,8,89,0.0
1788105057.90,0003,2,0,89,0.0
1788105057.93,0005,129,0,89,0.0
1788105057.93,010B,44,0,89,0.0
1788105057.96,0006,127,0,89,0.0
1788105057.98,0110,1,8,89,0.0
1788105058.00,0007,130,0,89,0.0
1788105058.03,000B,44,0,89,0.0
1788105058.03,010B,44,0,89,0.0
1788105058.06,000C,11,65,89,0.0
1788105058.08,0110,1,14,89,0.0
1788105058.10,000D,0,0,89,0.0
1788105058.13,000E,147,0,89,0.0
1788105058.13,010B,44,0,89,0.0
1788105058.16,000F,95,0,89,0.0
1788105058.18,0110,1,11,89,0.0
1788105058.20,0010,1,8,89,0.0
1788105058.23,0011,30,0,89,0.0
1788105058.24,010B,44,0,89,0.0
1788105058.26,0013,1,0,89,0.0
1788105058.28,0110,1,17,89,0.0
1788105058.29,001C,10,0,89,0.0
1788105058.32,001F,1,209,89,0.0
1788105058.33,010B,44,0,89,0.0
1788105058.36,0020,128,21,89,0.0
1788105058.38,0110,1,20,89,0.0
1788105058.40,0021,0,0,89,0.0
1788105058.43,002C,0,0,89,0.0
1788105058.43,010B,45,0,89,0.0
1788105058.46,002E,36,0,89,0.0
1788105058.48,0110,1,17,89,0.0
1788105058.49,0030,255,0,89,0.0
1788105058.52,003C,21,3,89,0.0
1788105058.53,010B,45,0,89,0.0
1788105058.56,0040,104,0,89,0.0
1788105058.59,0042,53,37,89,0.0
1788105058.62,0043,0,72,89,0.0
1788105058.63,010B,45,0,89,0.0
1788105058.65,0200,0,0,89,0.0
1788105058.68,0202,0,0,89,0.0
1788105058.72,0900,6,94,89,0.0
1788105058.73,010B,45,0,89,0.0
1788105058.75,0968,0,0,89,0.0
1788105058.78,096E,11,78,89,0.0
1788105058.78,0110,1,8,89,0.0
1788105058.81,097C,110,31,89,0.0
1788105058.83,010B,45,0,89,0.0
1788105058.85,098E,0,0,89,0.0
1788105058.88,1101,1,0,89,0.0
1788105058.92,1103,4,0,89,0.0
1788105058.93,010B,45,0,89,0.0
1788105058.95,1104,1,0,89,0.0
1788105058.98,114A,50,128,89,0.0
1788105058.98,0110,0,251,89,0.0
1788105059.01,114D,35,192,89,0.0
1788105059.03,010B,45,0,89,0.0
1788105059.04,1153,58,204,89,0.0
1788105059.08,1154,29,192,89,0.0
1788105059.08,0110,1,4,89,0.0
1788105059.11,1169,29,181,89,0.0
1788105059.14,1173,0,85,89,0.0
1788105059.17,1177,20,140,89,0.0
1788105059.18,0110,0,248,89,0.0
1788105059.20,1410,1,63,89,0.0
1788105059.24,1631,1,0,89,0.0
1788105059.27,1678,0,0,89,0.0
1788105059.28,0110,1,1,89,0.0
1788105059.30,1681,0,0,89,0.0
1788105059.33,16CD,0,0,89,0.0
1788105059.33,010B,44,0,89,0.0
1788105059.37,16CE,255,250,89,0.0
1788105059.39,0110,0,251,89,0.0
1788105059.39,17B3,128,0,89,0.0
1788105059.40,16CF,13,48,89,0.0
1788105059.44,16E8,81,119,89,0.0
1788105059.47,16E9,0,120,89,0.0
1788105059.48,0110,0,254,89,0.0
1788105059.50,16F0,3,131,89,0.0
1788105059.53,1704,0,0,89,0.0
1788105059.53,010B,43,0,89,0.0
1788105059.56,1706,128,0,89,0.0
1788105059.58,0110,0,251,89,0.0
1788105059.60,1709,0,0,89,0.0
1788105059.63,1717,1,0,89,0.0
1788105059.63,010B,43,0,89,0.0
1788105059.66,1718,1,0,89,0.0
1788105059.68,0110,0,251,89,0.0
1788105059.69,1746,0,0,89,0.0
1788105059.72,1782,142,64,89,0.0
1788105059.73,010B,43,0,89,0.0
1788105059.76,1783,110,192,89,0.0
1788105059.78,0110,1,1,89,0.0
1788105059.80,17A0,33,0,89,0.0
1788105059.83,17A6,0,0,89,0.0
1788105059.83,010B,43,0,89,0.0
1788105059.86,17B0,19,0,89,0.0
1788105059.88,0110,0,245,89,0.0
1788105059.89,17B1,32,0,89,0.0
1788105059.92,17B2,4,0,89,0.0
1788105059.93,010B,43,0,89,0.0
1788105059.96,17B3,128,0,89,0.0
1788105059.98,0110,0,254,89,0.0
1788105059.99,17B5,80,0,89,0.0
1788105060.02,17B6,0,0,89,0.0
1788105060.03,010B,43,0,89,0.0
1788105060.05,17B8,239,0,89,0.0
1788105060.08,17BA,0,0,89,0.0
1788105060.08,0110,0,248,89,0.0
1788105060.12,17BB,0,0,89,0.0
1788105060.13,010B,43,0,89,0.0
1788105060.16,17BC,0,0,89,0.0
1788105060.19,17BD,63,0,89,0.0
1788105060.22,17BE,0,0,89,0.0
1788105060.23,010B,43,0,89,0.0
1788105060.25,17C1,234,0,89,0.0
1788105060.28,3201,23,112,89,0.0
1788105060.28,0110,0,251,89,0.0
1788105060.32,990A,45,0,89,0.0
1788105060.34,010B,43,0,89,0.0
1788105060.35,996E,13,32,89,0.0
1788105060.38,A211,0,0,89,0.0
1788105060.38,0110,0,251,89,0.0
1788105060.42,D100,129,0,89,0.0
1788105060.43,010B,43,0,89,0.0
1788105060.44,E21B,90,74,89,0.0
1788105060.48,E21C,49,56,89,0.0
1788105060.48,0110,1,1,89,0.0
1788105060.52,E21D,56,56,89,0.0
1788105060.53,010B,43,0,89,0.0
1788105060.55,E21E,70,0,89,0.0
1788105060.58,E6F0,90,74,89,0.0
1788105060.58,0110,1,4,89,0.0
1788105060.61,E6F2,240,0,89,0.0
1788105060.63,010B,43,0,89,0.0
1788105060.64,E6F3,240,0,89,0.0
1788105060.67,0105,129,0,89,0.0
1788105060.68,0110,0,254,89,0.0
1788105060.71,010F,95,0,89,0.0
1788105060.73,010B,43,0,89,0.0
1788105060.74,0110,0,254,89,0.0
1788105060.77,010B,43,0,89,0.0
1788105060.78,0110,0,254,89,0.0
1788105060.80,0106,129,0,89,0.0
1788105060.83,010B,43,0,89,0.0
1788105060.84,0107,130,0,89,0.0
1788105060.87,010E,144,0,89,0.0
1788105060.88,0110,0,254,89,0.0
1788105060.90,0142,53,192,89,0.0
1788105060.93,010B,43,0,89,0.0
1788105060.94,0000,190,63,89,0.0
1788105060.97,0002,0,0,89,0.0
1788105060.98,0110,0,254,89,0.0
1788105061.00,0003,2,0,89,0.0
1788105061.03,010B,43,0,89,0.0
1788105061.04,0005,129,0,89,0.0
1788105061.08,0006,129,0,89,0.0
1788105061.08,0110,1,1,89,0.0
1788105061.11,0007,130,0,89,0.0
1788105061.14,000B,43,0,89,0.0
1788105061.17,000C,11,46,89,0.0
1788105061.18,0110,0,254,89,0.0
1788105061.20,000D,0,0,89,0.0
1788105061.24,000E,145,0,89,0.0
1788105061.27,000F,95,0,89,0.0
1788105061.28,0110,1,1,89,0.0
1788105061.30,0010,0,254,89,0.0
1788105061.33,0011,30,0,89,0.0
1788105061.34,010B,43,0,89,0.0
1788105061.36,0013,1,0,89,0.0
1788105061.38,0110,1,4,89,0.0
1788105061.39,17B3,128,0,89,0.0
1788105061.40,001C,10,0,89,0.0
1788105061.44,001F,1,212,89,0.0
1788105061.47,0020,128,21,89,0.0
1788105061.48,0110,1,8,89,0.0
1788105061.50,0021,0,0,89,0.0
1788105061.53,002C,0,0,89,0.0
1788105061.53,010B,43,0,89,0.0
1788105061.56,002E,35,0,89,0.0
1788105061.58,0110,0,251,89,0.0
1788105061.60,0030,255,0,89,0.0
1788105061.63,003C,21,4,89,0.0
1788105061.63,010B,43,0,89,0.0
1788105061.66,0040,104,0,89,0.0
1788105061.68,0110,0,254,89,0.0
1788105061.69,0042,53,193,89,0.0
1788105061.72,0043,0,69,89,0.0
1788105061.73,010B,43,0,89,0.0
1788105061.76,0200,0,0,89,0.0
1788105061.78,0110,1,1,89,0.0
1788105061.79,0202,0,0,89,0.0
1788105061.82,0900,6,54,89,0.0
1788105061.83,010B,43,0,89,0.0
1788105061.85,0968,0,0,89,0.0
1788105061.89,096E,11,28,89,0.0
1788105061.93,097C,110,39,89,0.0
1788105061.93,010B,43,0,89,0.0
1788105061.96,098E,0,0,89,0.0
1788105061.99,1101,1,0,89,0.0
1788105062.02,1103,4,0,89,0.0
1788105062.03,010B,43,0,89,0.0
1788105062.05,1104,1,0,89,0.0
1788105062.08,114A,50,128,89,0.0
1788105062.08,0110,1,1,89,0.0
1788105062.12,114D,36,0,89,0.0
1788105062.13,010B,43,0,89,0.0
1788105062.15,1153,57,99,89,0.0
1788105062.18,1154,29,128,89,0.0
1788105062.19,0110,0,242,89,0.0
1788105062.21,1169,29,181,89,0.0
1788105062.23,010B,43,0,89,0.0
1788105062.25,1173,1,89,89,0.0
1788105062.28,1177,20,120,89,0.0
1788105062.28,0110,0,254,89,0.0
1788105062.31,1410,1,55,89,0.0
1788105062.33,010B,43,0,89,0.0
1788105062.35,1631,1,0,89,0.0
1788105062.38,1678,0,0,89,0.0
1788105062.38,0110,0,254,89,0.0
1788105062.41,1681,0,0,89,0.0
1788105062.43,010B,43,0,89,0.0
1788105062.44,16CD,0,0,89,0.0
1788105062.48,16CE,255,247,89,0.0
1788105062.48,0110,0,251,89,0.0
1788105062.51,16CF,13,2,89,0.0
1788105062.53,010B,43,0,89,0.0
1788105062.57,16E9,0,118,89,0.0
1788105062.58,0110,1,1,89,0.0
1788105062.60,16F0,3,131,89,0.0
1788105062.64,1704,0,0,89,0.0
1788105062.67,1706,128,0,89,0.0
1788105062.68,0110,0,254,89,0.0
1788105062.70,1709,0,0,89,0.0
1788105062.73,1717,1,0,89,0.0
1788105062.73,010B,43,0,89,0.0
1788105062.76,1718,1,0,89,0.0
1788105062.78,0110,0,254,89,0.0
1788105062.80,1746,0,0,89,0.0
1788105062.83,1782,142,64,89,0.0
1788105062.83,010B,43,0,89,0.0
1788105062.86,1783,110,192,89,0.0
1788105062.88,0110,0,254,89,0.0
1788105062.89,17A0,32,0,89,0.0
1788105062.92,17A6,0,0,89,0.0
1788105062.93,010B,43,0,89,0.0
1788105062.96,17B0,19,0,89,0.0
1788105062.98,0110,0,245,89,0.0
1788105063.00,17B1,32,0,89,0.0
1788105063.03,17B2,4,0,89,0.0
1788105063.03,010B,43,0,89,0.0
1788105063.06,17B3,128,0,89,0.0
1788105063.09,17B5,80,0,89,0.0
1788105063.12,17B6,0,0,89,0.0
1788105063.13,010B,43,0,89,0.0
1788105063.16,17B8,239,0,89,0.0
1788105063.19,17BA,0,0,89,0.0
1788105063.22,17BB,0,0,89,0.0
1788105063.23,010B,43,0,89,0.0
1788105063.25,17BC,0,0,89,0.0
1788105063.28,17BD,63,0,89,0.0
1788105063.28,0110,0,251,89,0.0
1788105063.32,17BE,0,0,89,0.0
1788105063.33,010B,43,0,89,0.0
1788105063.36,17C1,234,0,89,0.0
1788105063.39,3201,23,112,89,0.0
1788105063.42,990A,44,0,89,0.0
1788105063.43,010B,43,0,89,0.0
1788105063.45,996E,13,52,89,0.0
1788105063.48,A211,0,0,89,0.0
1788105063.52,D100,129,0,89,0.0
1788105063.53,010B,43,0,89,0.0
1788105063.55,E21B,90,74,89,0.0
1788105063.58,E21C,49,56,89,0.0
1788105063.59,0110,0,251,89,0.0
1788105063.61,E21D,56,56,89,0.0
1788105063.63,010B,43,0,89,0.0
1788105063.64,E21E,70,0,89,0.0
1788105063.68,E6F0,90,74,89,0.0
1788105063.68,0110,0,251,89,0.0
1788105063.71,E6F2,240,0,89,0.0
1788105063.73,010B,43,0,89,0.0
1788105063.74,E6F3,240,0,89,0.0
1788105063.77,0105,129,0,89,0.0
1788105063.78,0110,0,251,89,0.0
1788105063.80,010F,95,0,89,0.0
1788105063.83,010B,43,0,89,0.0
1788105063.83,0110,0,248,89,0.0
1788105063.87,010B,43,0,89,0.0
1788105063.88,0110,0,248,89,0.0
1788105063.90,0106,128,0,89,0.0
1788105063.93,0107,130,0,89,0.0
1788105063.93,010B,43,0,89,0.0
1788105063.96,010E,145,0,89,0.0
1788105063.98,0110,0,254,89,0.0
1788105064.00,0142,53,184,89,0.0
1788105064.04,0000,190,63,89,0.0
1788105064.07,0002,0,0,89,0.0
1788105064.08,0110,0,254,89,0.0
1788105064.10,0003,2,0,89,0.0
1788105064.13,0005,129,0,89,0.0
1788105064.13,010B,43,0,89,0.0
1788105064.16,0006,129,0,89,0.0
1788105064.18,0110,0,251,89,0.0
1788105064.20,0007,130,0,89,0.0
1788105064.23,000B,43,0,89,0.0
1788105064.23,010B,43,0,89,0.0
1788105064.26,000C,10,255,89,0.0
1788105064.28,0110,0,254,89,0.0
1788105064.29,000D,0,0,89,0.0
1788105064.32,000E,144,0,89,0.0
1788105064.33,010B,43,0,89,0.0
1788105064.36,000F,95,0,89,0.0
1788105064.38,0110,0,245,89,0.0
1788105064.39,0010,0,248,89,0.0
1788105064.43,0011,30,0,89,0.0
1788105064.43,010B,43,0,89,0.0
1788105064.46,0013,1,0,89,0.0
1788105064.48,0110,1,1,89,0.0
1788105064.49,001C,10,0,89,0.0
1788105064.52,001F,1,216,89,0.0
1788105064.53,010B,43,0,89,0.0
1788105064.56,0020,128,21,89,0.0
1788105064.59,0021,0,0,89,0.0
1788105064.62,002C,0,0,89,0.0
1788105064.63,010B,43,0,89,0.0
1788105064.65,002E,35,0,89,0.0
1788105064.68,0030,255,0,89,0.0
1788105064.68,0110,0,248,89,0.0
1788105064.72,003C,21,4,89,0.0
1788105064.73,010B,43,0,89,0.0
1788105064.75,0040,104,0,89,0.0
1788105064.78,0042,53,167,89,0.0
1788105064.78,0110,0,248,89,0.0
1788105064.81,0043,0,69,89,0.0
1788105064.83,010B,43,0,89,0.0
1788105064.84,0200,0,0,89,0.0
1788105064.88,0202,0,0,89,0.0
1788105064.88,0110,0,245,89,0.0
1788105064.92,0900,6,54,89,0.0
1788105064.93,010B,43,0,89,0.0
1788105064.95,0968,0,0,89,0.0
1788105064.98,096E,10,240,89,0.0
1788105064.98,0110,0,251,89,0.0
1788105065.01,097C,110,39,89,0.0
1788105065.03,010B,43,0,89,0.0
1788105065.04,098E,0,0,89,0.0
1788105065.08,1101,1,0,89,0.0
1788105065.08,0110,0,254,89,0.0
1788105065.11,1103,4,0,89,0.0
1788105065.14,010B,43,0,89,0.0
1788105065.14,1104,1,0,89,0.0
1788105065.17,114A,50,128,89,0.0
1788105065.18,0110,0,248,89,0.0
1788105065.20,114D,35,192,89,0.0
1788105065.24,1153,57,43,89,0.0
1788105065.27,1154,29,192,89,0.0
1788105065.28,0110,0,242,89,0.0
1788105065.30,1169,29,181,89,0.0
1788105065.33,1173,3,47,89,0.0
1788105065.33,010B,43,0,89,0.0
1788105065.36,1177,20,100,89,0.0
1788105065.38,0110,0,251,89,0.0
1788105065.39,17B3,128,0,89,0.0
1788105065.40,1410,1,53,89,0.0
1788105065.43,1631,1,0,89,0.0
1788105065.44,010B,43,0,89,0.0
1788105065.47,1678,0,0,89,0.0
1788105065.48,0110,0,248,89,0.0
1788105065.50,1681,0,0,89,0.0
1788105065.53,16CD,0,0,89,0.0
1788105065.53,010B,43,0,89,0.0
1788105065.56,16CE,255,246,89,0.0
1788105065.59,0110,0,251,89,0.0
1788105065.60,16CF,12,225,89,0.0
1788105065.63,16E8,88,9,89,0.0
1788105065.63,010B,43,0,89,0.0
1788105065.66,16E9,0,118,89,0.0
1788105065.68,0110,1,1,89,0.0
1788105065.69,16F0,3,131,89,0.0
1788105065.72,1704,0,0,89,0.0
1788105065.73,010B,43,0,89,0.0
1788105065.76,1706,128,0,89,0.0
1788105065.78,0110,0,251,89,0.0
1788105065.79,1709,0,0,89,0.0
1788105065.82,1717,1,0,89,0.0
1788105065.83,010B,43,0,89,0.0
1788105065.85,1718,1,0,89,0.0
1788105065.89,1746,0,0,89,0.0
1788105065.92,1782,142,64,89,0.0
1788105065.93,010B,43,0,89,0.0
1788105065.96,1783,110,192,89,0.0
1788105065.99,17A0,32,0,89,0.0
1788105066.02,17A6,0,0,89,0.0
1788105066.04,010B,43,0,89,0.0
1788105066.05,17B0,18,0,89,0.0
1788105066.08,17B1,32,0,89,0.0
1788105066.08,0110,0,245,89,0.0
1788105066.12,17B2,4,0,89,0.0
1788105066.13,010B,43,0,89,0.0
1788105066.15,17B3,128,0,89,0.0
1788105066.18,17B5,80,0,89,0.0
1788105066.18,0110,0,251,89,0.0
1788105066.21,17B6,0,0,89,0.0
1788105066.23,010B,43,0,89,0.0
1788105066.24,17B8,239,0,89,0.0
1788105066.28,17BA,0,0,89,0.0
1788105066.29,0110,0,251,89,0.0
1788105066.31,17BB,0,0,89,0.0
1788105066.34,010B,43,0,89,0.0
1788105066.35,17BC,0,0,89,0.0
1788105066.38,17BD,64,0,89,0.0
1788105066.38,0110,0,251,89,0.0
1788105066.41,17BE,0,0,89,0.0
1788105066.43,010B,43,0,89,0.0
1788105066.44,17C1,234,0,89,0.0
1788105066.47,3201,23,112,89,0.0
1788105066.48,0110,0,254,89,0.0
1788105066.51,990A,44,0,89,0.0
1788105066.53,010B,43,0,89,0.0
1788105066.57,A211,0,0,89,0.0
1788105066.58,0110,0,254,89,0.0
1788105066.60,D100,129,0,89,0.0
1788105066.64,E21B,90,74,89,0.0
1788105066.67,E21C,49,56,89,0.0
1788105066.68,0110,0,248,89,0.0
1788105066.70,E21D,56,56,89,0.0
1788105066.73,E21E,70,0,89,0.0
1788105066.73,010B,43,0,89,0.0
1788105066.76,E6F0,90,74,89,0.0
1788105066.78,0110,0,251,89,0.0
1788105066.80,E6F2,240,0,89,0.0
1788105066.84,E6F3,240,0,89,0.0
1788105066.86,0105,129,0,89,0.0
1788105066.88,0110,0,248,89,0.0
1788105066.89,010F,95,0,89,0.0
1788105066.93,0110,0,251,89,0.0
1788105066.93,010B,43,0,89,0.0
1788105066.96,010B,43,0,89,0.0
1788105066.98,0110,0,245,89,0.0
1788105066.99,0106,126,0,89,0.0
1788105067.02,0107,130,0,89,0.0
1788105067.03,010B,43,0,89,0.0
1788105067.06,010E,146,0,89,0.0
1788105067.08,0110,0,251,89,0.0
1788105067.09,0142,53,182,89,0.0
1788105067.12,0000,190,63,89,0.0
1788105067.13,010B,43,0,89,0.0
1788105067.16,0002,0,0,89,0.0
1788105067.18,0110,0,251,89,0.0
1788105067.19,0003,2,0,89,0.0
1788105067.22,0005,129,0,89,0.0
1788105067.23,010B,43,0,89,0.0
1788105067.25,0006,126,0,89,0.0
1788105067.29,0007,130,0,89,0.0
1788105067.32,000B,43,0,89,0.0
1788105067.33,010B,43,0,89,0.0
1788105067.35,000C,10,227,89,0.0
1788105067.39,000D,0,0,89,0.0
1788105067.42,000E,146,0,89,0.0
1788105067.43,010B,43,0,89,0.0
1788105067.45,000F,95,0,89,0.0
1788105067.48,0010,0,248,89,0.0
1788105067.48,0110,0,248,89,0.0
1788105067.52,0011,30,0,89,0.0
1788105067.53,010B,43,0,89,0.0
1788105067.55,0013,1,0,89,0.0
1788105067.58,001C,10,0,89,0.0
1788105067.58,0110,0,251,89,0.0
1788105067.61,001F,1,219,89,0.0
1788105067.63,010B,43,0,89,0.0
1788105067.64,0020,128,21,89,0.0
1788105067.67,0021,0,0,89,0.0
1788105067.68,0110,0,245,89,0.0
1788105067.71,002C,0,0,89,0.0
1788105067.73,010B,43,0,89,0.0
1788105067.74,002E,35,0,89,0.0
1788105067.78,0030,255,0,89,0.0
1788105067.78,0110,0,251,89,0.0
1788105067.81,003C,21,5,89,0.0
1788105067.83,010B,43,0,89,0.0
1788105067.84,0040,104,0,89,0.0
1788105067.88,0042,53,187,89,0.0
1788105067.89,0110,0,242,89,0.0
1788105067.91,0043,0,69,89,0.0
1788105067.93,010B,43,0,89,0.0
1788105067.97,0202,0,0,89,0.0
1788105067.98,0110,0,251,89,0.0
1788105068.00,0900,6,59,89,0.0
1788105068.04,0968,0,0,89,0.0
1788105068.07,096E,10,240,89,0.0
1788105068.08,0110,0,251,89,0.0
1788105068.10,097C,110,33,89,0.0
1788105068.13,098E,0,0,89,0.0
1788105068.14,010B,43,0,89,0.0
1788105068.16,1101,1,0,89,0.0
1788105068.18,0110,0,248,89,0.0
1788105068.20,1103,4,0,89,0.0
1788105068.23,1104,1,0,89,0.0
1788105068.24,010B,43,0,89,0.0
1788105068.26,114A,50,192,89,0.0
1788105068.29,0110,0,248,89,0.0
1788105068.30,114D,35,192,89,0.0
1788105068.33,1153,57,1,89,0.0
1788105068.33,010B,43,0,89,0.0
1788105068.36,1154,29,192,89,0.0
1788105068.38,0110,0,248,89,0.0
1788105068.39,1169,29,181,89,0.0
1788105068.43,1173,0,95,89,0.0
1788105068.43,010B,43,0,89,0.0
1788105068.46,1177,20,160,89,0.0
1788105068.48,0110,0,251,89,0.0
1788105068.49,1410,1,53,89,0.0
1788105068.52,1631,1,0,89,0.0
1788105068.53,010B,43,0,89,0.0
1788105068.56,1678,0,0,89,0.0
1788105068.59,0110,0,245,89,0.0
1788105068.62,16CD,0,0,89,0.0
1788105068.63,010B,43,0,89,0.0
1788105068.65,16CE,255,247,89,0.0
1788105068.68,16CF,13,7,89,0.0
1788105068.68,0110,0,248,89,0.0
1788105068.71,16E8,80,228,89,0.0
1788105068.74,010B,43,0,89,0.0
1788105068.75,16E9,0,118,89,0.0
1788105068.78,16F0,3,131,89,0.0
1788105068.78,0110,0,245,89,0.0
1788105068.81,1704,0,0,89,0.0
1788105068.83,010B,43,0,89,0.0
1788105068.85,1706,128,0,89,0.0
1788105068.88,1709,0,0,89,0.0
1788105068.88,0110,0,251,89,0.0
1788105068.92,1717,1,0,89,0.0
1788105068.93,010B,43,0,89,0.0
1788105068.95,1718,1,0,89,0.0
1788105068.98,1746,0,0,89,0.0
1788105068.98,0110,0,251,89,0.0
1788105069.01,1782,142,64,89,0.0
1788105069.03,010B,43,0,89,0.0
1788105069.04,1783,110,192,89,0.0
1788105069.07,17A0,32,0,89,0.0
1788105069.09,0110,0,245,89,0.0
1788105069.11,17A6,0,0,89,0.0
1788105069.14,17B0,18,0,89,0.0
1788105069.17,17B1,32,0,89,0.0
1788105069.18,0110,0,242,89,0.0
1788105069.20,17B2,4,0,89,0.0
1788105069.24,17B3,128,0,89,0.0
1788105069.27,17B5,80,0,89,0.0
1788105069.28,0110,0,245,89,0.0
1788105069.30,17B6,0,0,89,0.0
1788105069.33,17B8,239,0,89,0.0
1788105069.33,010B,43,0,89,0.0
1788105069.36,17BA,0,0,89,0.0
1788105069.38,0110,0,242,89,0.0
1788105069.39,17B3,128,0,89,0.0
1788105069.39,17BB,0,0,89,0.0
1788105069.43,17BC,0,0,89,0.0
1788105069.43,010B,43,0,89,0.0
1788105069.46,17BD,64,0,89,0.0
1788105069.48,0110,0,248,89,0.0
1788105069.50,17BE,0,0,89,0.0
1788105069.53,17C1,234,0,89,0.0
1788105069.53,010B,43,0,89,0.0
1788105069.56,3201,23,112,89,0.0
1788105069.59,0110,0,248,89,0.0
1788105069.59,990A,43,0,89,0.0
1788105069.63,996E,13,112,89,0.0
1788105069.63,010B,43,0,89,0.0
1788105069.66,A211,0,0,89,0.0
1788105069.68,0110,0,245,89,0.0
1788105069.69,D100,129,0,89,0.0
1788105069.72,E21B,90,74,89,0.0
1788105069.73,010B,43,0,89,0.0
1788105069.76,E21C,49,56,89,0.0
1788105069.79,E21D,56,56,89,0.0
1788105069.82,E21E,70,0,89,0.0
1788105069.83,010B,43,0,89,0.0
1788105069.85,E6F0,90,74,89,0.0
1788105069.88,E6F2,240,0,89,0.0
1788105069.88,0110,0,245,89,0.0
1788105069.91,E6F3,240,0,89,0.0
1788105069.94,010B,43,0,89,0.0
1788105069.95,0105,129,0,89,0.0
1788105069.98,010F,95,0,89,0.0
1788105069.98,0110,0,251,89,0.0
1788105070.01,0110,0,254,89,0.0
1788105070.03,010B,43,0,89,0.0
1788105070.04,010B,43,0,89,0.0
1788105070.08,0106,128,0,89,0.0
1788105070.08,0110,0,254,89,0.0
1788105070.11,0107,130,0,89,0.0
1788105070.13,010B,43,0,89,0.0
1788105070.14,010E,143,0,89,0.0
1788105070.18,0142,53,190,89,0.0
1788105070.18,0110,0,248,89,0.0
1788105070.21,0000,190,63,89,0.0
1788105070.23,010B,43,0,89,0.0
1788105070.25,0002,0,0,89,0.0
1788105070.28,0003,2,0,89,0.0
1788105070.28,0110,0,248,89,0.0
1788105070.31,0005,129,0,89,0.0
1788105070.33,010B,43,0,89,0.0
1788105070.35,0006,128,0,89,0.0
1788105070.38,0007,130,0,89,0.0
1788105070.38,0110,0,251,89,0.0
1788105070.41,000B,43,0,89,0.0
1788105070.43,010B,43,0,89,0.0
1788105070.44,000C,10,245,89,0.0
1788105070.47,000D,0,0,89,0.0
1788105070.48,0110,0,248,89,0.0
1788105070.51,000E,144,0,89,0.0
1788105070.53,010B,43,0,89,0.0
1788105070.54,000F,95,0,89,0.0
1788105070.57,0010,0,248,89,0.0
1788105070.58,0110,0,251,89,0.0
1788105070.60,0011,29,0,89,0.0
1788105070.63,0013,1,0,89,0.0
1788105070.67,001C,10,0,89,0.0
1788105070.68,0110,0,248,89,0.0
1788105070.70,001F,1,222,89,0.0
1788105070.74,0020,128,21,89,0.0
1788105070.77,0021,0,0,89,0.0
1788105070.78,0110,0,245,89,0.0
1788105070.80,002C,0,0,89,0.0
1788105070.83,002E,35,0,89,0.0
1788105070.87,0030,255,0,89,0.0
1788105070.88,0110,0,245,89,0.0
1788105070.90,003C,21,5,89,0.0
1788105070.93,0040,104,0,89,0.0
1788105070.93,010B,43,0,89,0.0
1788105070.96,0042,53,200,89,0.0
1788105070.98,0110,0,254,89,0.0
1788105070.99,0043,0,69,89,0.0
1788105071.03,0200,0,0,89,0.0
1788105071.03,010B,43,0,89,0.0
1788105071.06,0202,0,0,89,0.0
1788105071.08,0110,0,245,89,0.0
1788105071.09,0900,6,59,89,0.0
1788105071.12,0968,0,0,89,0.0
1788105071.13,010B,43,0,89,0.0
1788105071.16,096E,10,240,89,0.0
1788105071.18,0110,0,251,89,0.0
1788105071.19,097C,110,40,89,0.0
1788105071.23,098E,0,0,89,0.0
1788105071.23,010B,43,0,89,0.0
1788105071.26,1101,0,0,89,0.0
1788105071.28,0110,0,251,89,0.0
1788105071.32,1104,1,0,89,0.0
1788105071.33,010B,43,0,89,0.0
1788105071.35,114A,50,192,89,0.0
1788105071.39,114D,35,192,89,0.0
1788105071.42,1153,57,4,89,0.0
1788105071.43,010B,43,0,89,0.0
1788105071.45,1154,29,192,89,0.0
1788105071.48,1169,29,181,89,0.0
1788105071.48,0110,0,254,89,0.0
1788105071.51,1173,0,180,89,0.0
1788105071.53,010B,43,0,89,0.0
1788105071.55,1177,19,196,89,0.0
1788105071.58,1410,1,55,89,0.0
1788105071.58,0110,0,207,89,0.0
1788105071.61,1631,1,0,89,0.0
1788105071.63,010B,42,0,89,0.0
1788105071.64,1678,0,0,89,0.0
1788105071.67,1681,0,0,89,0.0
1788105071.68,0110,0,190,89,0.0
1788105071.71,16CD,0,0,89,0.0
1788105071.73,010B,41,0,89,0.0
1788105071.74,16CE,255,248,89,0.0
1788105071.77,16CF,13,62,89,0.0
1788105071.78,0110,0,190,89,0.0
1788105071.80,16E8,89,192,89,0.0
1788105071.83,16E9,0,118,89,0.0
1788105071.87,16F0,3,131,89,0.0
1788105071.88,0110,0,192,89,0.0
1788105071.91,1704,0,0,89,0.0
1788105071.94,1706,128,0,89,0.0
1788105071.97,1709,0,0,89,0.0
1788105071.98,0110,0,180,89,0.0
1788105072.00,1717,1,0,89,0.0
1788105072.03,1718,1,0,89,0.0
1788105072.07,1746,0,0,89,0.0
1788105072.09,0110,0,187,89,0.0
1788105072.11,1782,142,64,89,0.0
1788105072.14,1783,110,192,89,0.0
1788105072.17,17A0,32,0,89,0.0
1788105072.18,0110,0,180,89,0.0
1788105072.20,17A6,0,0,89,0.0
1788105072.23,17B0,19,0,89,0.0
1788105072.27,17B1,32,0,89,0.0
1788105072.28,0110,0,185,89,0.0
1788105072.30,17B2,4,0,89,0.0
1788105072.33,17B3,128,0,89,0.0
1788105072.33,010B,36,0,89,0.0
1788105072.36,17B5,80,0,89,0.0
1788105072.38,0110,0,178,89,0.0
1788105072.40,17B6,0,0,89,0.0
1788105072.43,17B8,239,0,89,0.0
1788105072.44,010B,35,0,89,0.0
1788105072.46,17BA,0,0,89,0.0
1788105072.48,0110,0,178,89,0.0
1788105072.50,17BB,0,0,89,0.0
1788105072.53,17BC,0,0,89,0.0
1788105072.53,010B,34,0,89,0.0
1788105072.56,17BD,64,0,89,0.0
1788105072.59,0110,0,164,89,0.0
1788105072.59,17BE,0,0,89,0.0
1788105072.63,17C1,234,0,89,0.0
1788105072.63,010B,34,0,89,0.0
1788105072.66,3201,23,112,89,0.0
1788105072.69,0110,0,168,89,0.0
1788105072.69,990A,43,0,89,0.0
1788105072.72,996E,13,132,89,0.0
1788105072.73,010B,33,0,89,0.0
1788105072.75,A211,0,0,89,0.0
1788105072.79,D100,129,0,89,0.0
1788105072.82,E21B,90,74,89,0.0
1788105072.83,010B,33,0,89,0.0
1788105072.85,E21C,49,56,89,0.0
1788105072.89,E21D,56,56,89,0.0
1788105072.92,E21E,70,0,89,0.0
1788105072.93,010B,33,0,89,0.0
1788105072.96,E6F0,90,74,89,0.0
1788105072.99,E6F2,240,0,89,0.0
1788105073.02,E6F3,240,0,89,0.0
1788105073.03,010B,32,0,89,0.0
1788105073.05,0105,129,0,89,0.0
1788105073.08,010F,95,0,89,0.0
1788105073.09,0110,0,171,89,0.0
1788105073.11,0110,0,166,89,0.0
1788105073.13,010B,32,0,89,0.0
1788105073.15,010B,32,0,89,0.0
1788105073.18,0106,126,0,89,0.0
1788105073.19,0110,0,171,89,0.0
1788105073.21,0107,130,0,89,0.0
1788105073.23,010B,32,0,89,0.0
1788105073.25,010E,141,0,89,0.0
1788105073.28,0142,53,122,89,0.0
1788105073.28,0110,0,166,89,0.0
1788105073.32,0000,190,63,89,0.0
1788105073.33,010B,32,0,89,0.0
1788105073.35,0002,0,0,89,0.0
1788105073.38,0003,2,0,89,0.0
1788105073.38,0110,0,175,89,0.0
1788105073.39,17B3,128,0,89,0.0
1788105073.41,0005,129,0,89,0.0
1788105073.43,010B,32,0,89,0.0
1788105073.44,0006,125,0,89,0.0
1788105073.47,0007,130,0,89,0.0
1788105073.48,0110,0,180,89,0.0
1788105073.51,000B,32,0,89,0.0
1788105073.53,010B,32,0,89,0.0
1788105073.55,000C,10,254,89,0.0
1788105073.58,000D,0,0,89,0.0
1788105073.58,0110,0,171,89,0.0
1788105073.61,000E,145,0,89,0.0
1788105073.64,010B,32,0,89,0.0
1788105073.64,000F,95,0,89,0.0
1788105073.67,0010,0,175,89,0.0
1788105073.68,0110,0,178,89,0.0
1788105073.71,0011,30,0,89,0.0
1788105073.73,010B,32,0,89,0.0
1788105073.74,0013,1,0,89,0.0
1788105073.77,001C,10,0,89,0.0
1788105073.78,0110,0,178,89,0.0
1788105073.80,001F,1,225,89,0.0
1788105073.83,010B,32,0,89,0.0
1788105073.84,0020,128,21,89,0.0
1788105073.87,0021,0,0,89,0.0
1788105073.88,0110,0,180,89,0.0
1788105073.91,002C,0,0,89,0.0
1788105073.94,002E,28,0,89,0.0
1788105073.97,0030,255,0,89,0.0
1788105073.98,0110,0,183,89,0.0
1788105074.00,003C,21,5,89,0.0
1788105074.04,0040,104,0,89,0.0
1788105074.07,0042,53,205,89,0.0
1788105074.09,0110,0,178,89,0.0
1788105074.10,0043,0,49,89,0.0
1788105074.13,0200,0,0,89,0.0
1788105074.13,010B,32,0,89,0.0
1788105074.16,0202,0,0,89,0.0
1788105074.18,0110,0,171,89,0.0
1788105074.19,0900,5,105,89,0.0
1788105074.23,0968,0,0,89,0.0
1788105074.23,010B,32,0,89,0.0
1788105074.26,096E,10,240,89,0.0
1788105074.28,0110,0,178,89,0.0
1788105074.29,097C,110,41,89,0.0
1788105074.32,098E,0,0,89,0.0
1788105074.33,010B,32,0,89,0.0
1788105074.35,1101,0,0,89,0.0
1788105074.38,0110,0,171,89,0.0
1788105074.38,0142,53,220,89,0.0
1788105074.42,1104,0,0,89,0.0
1788105074.43,010B,32,0,89,0.0
1788105074.45,114A,50,192,89,0.0
1788105074.49,114D,35,192,89,0.0
1788105074.52,1153,41,139,89,0.0
1788105074.53,010B,32,0,89,0.0
1788105074.55,1154,29,192,89,0.0
1788105074.58,1169,29,181,89,0.0
1788105074.58,0110,0,175,89,0.0
1788105074.62,1173,0,60,89,0.0
1788105074.64,010B,32,0,89,0.0
1788105074.65,1177,18,52,89,0.0
1788105074.68,1410,0,215,89,0.0
1788105074.68,0110,0,171,89,0.0
1788105074.71,1631,1,0,89,0.0
1788105074.73,010B,32,0,89,0.0
1788105074.75,1678,0,0,89,0.0
1788105074.78,1681,0,0,89,0.0
1788105074.78,0110,0,180,89,0.0
1788105074.81,16CD,0,0,89,0.0
1788105074.83,010B,32,0,89,0.0
1788105074.84,16CE,255,251,89,0.0
1788105074.88,16CF,12,228,89,0.0
1788105074.88,0110,0,173,89,0.0
1788105074.91,16E8,71,5,89,0.0
1788105074.93,010B,32,0,89,0.0
1788105074.94,16E9,0,118,89,0.0
1788105074.97,16F0,3,131,89,0.0
1788105074.98,0110,0,175,89,0.0
1788105075.00,1704,0,0,89,0.0
1788105075.03,010B,32,0,89,0.0
1788105075.07,1709,0,0,89,0.0
1788105075.09,0110,0,173,89,0.0
1788105075.11,1717,1,0,89,0.0
1788105075.14,1718,1,0,89,0.0
1788105075.17,1746,0,0,89,0.0
1788105075.19,0110,0,178,89,0.0
1788105075.20,1782,142,64,89,0.0
1788105075.23,1783,110,192,89,0.0
1788105075.27,17A0,31,0,89,0.0
1788105075.28,0110,0,178,89,0.0
1788105075.30,17A6,0,0,89,0.0
1788105075.33,17B0,19,0,89,0.0
1788105075.33,010B,32,0,89,0.0
1788105075.36,17B1,32,0,89,0.0
1788105075.38,0110,0,173,89,0.0
1788105075.39,17B3,128,0,89,0.0
1788105075.39,17B2,4,0,89,0.0
1788105075.43,17B3,128,0,89,0.0
1788105075.43,010B,32,0,89,0.0
1788105075.46,17B5,80,0,89,0.0
1788105075.48,0110,0,171,89,0.0
1788105075.49,17B6,0,0,89,0.0
1788105075.52,17B8,239,0,89,0.0
1788105075.53,010B,32,0,89,0.0
1788105075.56,17BA,0,0,89,0.0
1788105075.58,0110,0,175,89,0.0
1788105075.60,17BB,0,0,89,0.0
1788105075.63,17BC,0,0,89,0.0
1788105075.63,010B,32,0,89,0.0
1788105075.66,17BD,64,0,89,0.0
1788105075.68,0110,0,173,89,0.0
1788105075.69,17BE,0,0,89,0.0
1788105075.72,17C1,234,0,89,0.0
1788105075.73,010B,32,0,89,0.0
1788105075.76,3201,23,112,89,0.0
1788105075.79,990A,43,0,89,0.0
1788105075.82,996E,13,112,89,0.0
1788105075.83,010B,32,0,89,0.0
1788105075.85,A211,0,0,89,0.0
1788105075.88,D100,129,0,89,0.0
1788105075.88,0110,0,178,89,0.0
1788105075.91,E21B,90,74,89,0.0
1788105075.93,010B,32,0,89,0.0
1788105075.95,E21C,49,56,89,0.0
1788105075.98,E21D,56,56,89,0.0
1788105075.98,0110,0,175,89,0.0
1788105076.02,E21E,70,0,89,0.0
1788105076.03,010B,32,0,89,0.0
1788105076.05,E6F0,90,74,89,0.0
1788105076.08,E6F2,240,0,89,0.0
1788105076.08,0110,0,173,89,0.0
1788105076.11,E6F3,240,0,89,0.0
1788105076.13,010B,32,0,89,0.0
1788105076.14,0105,129,0,89,0.0
1788105076.17,010F,95,0,89,0.0
1788105076.19,0110,0,175,89,0.0
1788105076.20,0110,0,173,89,0.0
1788105076.24,010B,32,0,89,0.0
1788105076.24,010B,32,0,89,0.0
1788105076.27,0106,130,0,89,0.0
1788105076.28,0110,0,171,89,0.0
1788105076.30,0107,130,0,89,0.0
1788105076.33,010E,142,0,89,0.0
1788105076.33,010B,32,0,89,0.0
1788105076.37,0142,53,200,89,0.0
1788105076.39,0110,0,173,89,0.0
1788105076.40,0000,190,63,89,0.0
1788105076.43,0002,0,0,89,0.0
1788105076.47,0003,2,0,89,0.0
1788105076.48,0110,0,173,89,0.0
1788105076.50,0005,129,0,89,0.0
1788105076.53,0006,131,0,89,0.0
1788105076.53,010B,32,0,89,0.0
1788105076.56,0007,130,0,89,0.0
1788105076.58,0110,0,171,89,0.0
1788105076.59,000B,32,0,89,0.0
1788105076.63,000C,11,41,89,0.0
1788105076.63,010B,32,0,89,0.0
1788105076.66,000D,0,0,89,0.0
1788105076.68,0110,0,178,89,0.0
1788105076.69,000E,141,0,89,0.0
1788105076.72,000F,95,0,89,0.0
1788105076.73,010B,32,0,89,0.0
1788105076.76,0010,0,178,89,0.0
1788105076.78,0110,0,175,89,0.0
1788105076.80,0011,30,0,89,0.0
1788105076.82,0013,1,0,89,0.0
1788105076.83,010B,32,0,89,0.0
1788105076.86,001C,10,0,89,0.0
1788105076.89,001F,1,227,89,0.0
1788105076.92,0020,128,21,89,0.0
1788105076.93,010B,32,0,89,0.0
1788105076.95,0021,0,0,89,0.0
1788105076.99,002C,0,0,89,0.0
1788105077.02,002E,28,0,89,0.0
1788105077.03,010B,31,0,89,0.0
1788105077.05,0030,255,0,89,0.0
1788105077.08,003C,21,5,89,0.0
1788105077.08,0110,0,173,89,0.0
1788105077.11,0040,104,0,89,0.0
1788105077.13,010B,32,0,89,0.0
1788105077.15,0042,53,197,89,0.0
1788105077.18,0043,0,48,89,0.0
1788105077.18,0110,0,175,89,0.0
1788105077.21,0200,0,0,89,0.0
1788105077.23,010B,32,0,89,0.0
1788105077.24,0202,0,0,89,0.0
1788105077.27,0900,5,95,89,0.0
1788105077.28,0110,0,173,89,0.0
1788105077.31,0968,0,0,89,0.0
1788105077.33,010B,32,0,89,0.0
1788105077.34,096E,10,240,89,0.0
1788105077.37,097C,110,35,89,0.0
1788105077.39,0110,0,173,89,0.0
1788105077.39,17B3,128,0,89,0.0
1788105077.41,098E,0,0,89,0.0
1788105077.43,010B,32,0,89,0.0
1788105077.44,1101,0,0,89,0.0
1788105077.47,1103,0,0,89,0.0
1788105077.49,0110,0,175,89,0.0
1788105077.51,1104,0,0,89,0.0
1788105077.54,114A,50,128,89,0.0
1788105077.57,114D,35,192,89,0.0
1788105077.58,0110,0,173,89,0.0
1788105077.60,1153,41,131,89,0.0
1788105077.63,1154,29,192,89,0.0
1788105077.67,1169,29,181,89,0.0
1788105077.68,0110,0,178,89,0.0
1788105077.70,1173,3,112,89,0.0
1788105077.73,1177,18,112,89,0.0
1788105077.73,010B,32,0,89,0.0
1788105077.76,1410,0,216,89,0.0
1788105077.78,0110,0,178,89,0.0
1788105077.79,1631,1,0,89,0.0
1788105077.83,1678,0,0,89,0.0
1788105077.84,010B,32,0,89,0.0
1788105077.86,1681,0,0,89,0.0
1788105077.88,0110,0,175,89,0.0
1788105077.89,16CD,0,0,89,0.0
1788105077.93,16CE,255,252,89,0.0
1788105077.93,010B,32,0,89,0.0
1788105077.96,16CF,13,35,89,0.0
1788105077.98,0110,0,180,89,0.0
1788105077.99,16E8,72,226,89,0.0
1788105078.03,16E9,0,116,89,0.0
1788105078.04,010B,32,0,89,0.0
1788105078.06,16F0,3,131,89,0.0
1788105078.09,1704,0,0,89,0.0
1788105078.12,1706,128,0,89,0.0
1788105078.13,010B,32,0,89,0.0
1788105078.15,1709,0,0,89,0.0
1788105078.19,1717,1,0,89,0.0
1788105078.22,1718,1,0,89,0.0
1788105078.23,010B,32,0,89,0.0
1788105078.25,1746,0,0,89,0.0
1788105078.28,1782,142,64,89,0.0
1788105078.28,0110,0,180,89,0.0
1788105078.31,1783,110,192,89,0.0
1788105078.33,010B,32,0,89,0.0
1788105078.35,17A0,32,0,89,0.0
1788105078.38,17A6,0,0,89,0.0
1788105078.38,0110,0,173,89,0.0
1788105078.42,17B0,18,0,89,0.0
1788105078.43,010B,32,0,89,0.0
1788105078.45,17B1,32,0,89,0.0
1788105078.48,17B2,4,0,89,0.0
1788105078.48,0110,0,175,89,0.0
1788105078.51,17B3,128,0,89,0.0
1788105078.53,010B,32,0,89,0.0
1788105078.55,17B5,80,0,89,0.0
1788105078.58,17B6,0,0,89,0.0
1788105078.58,0110,0,175,89,0.0
1788105078.61,17B8,239,0,89,0.0
1788105078.64,010B,32,0,89,0.0
1788105078.64,17BA,0,0,89,0.0
1788105078.67,17BB,0,0,89,0.0
1788105078.68,0110,0,173,89,0.0
1788105078.71,17BC,0,0,89,0.0
1788105078.74,17BD,64,0,89,0.0
1788105078.77,17BE,0,0,89,0.0
1788105078.78,0110,0,175,89,0.0
1788105078.80,17C1,234,0,89,0.0
1788105078.83,3201,23,112,89,0.0
1788105078.87,990A,44,0,89,0.0
1788105078.88,0110,0,175,89,0.0
1788105078.91,996E,13,72,89,0.0
1788105078.94,A211,0,0,89,0.0
1788105078.97,D100,129,0,89,0.0
1788105078.98,0110,0,173,89,0.0
1788105079.00,E21B,90,74,89,0.0
1788105079.03,E21C,49,56,89,0.0
1788105079.07,E21D,56,56,89,0.0
1788105079.08,0110,0,175,89,0.0
1788105079.10,E21E,70,0,89,0.0
1788105079.13,E6F0,90,74,89,0.0
1788105079.14,010B,32,0,89,0.0
1788105079.16,E6F2,240,0,89,0.0
1788105079.19,0110,0,175,89,0.0
1788105079.19,E6F3,240,0,89,0.0
1788105079.22,0105,129,0,89,0.0
1788105079.23,010B,32,0,89,0.0
1788105079.26,010F,95,0,89,0.0
1788105079.29,0110,0,175,89,0.0
1788105079.29,0110,0,175,89,0.0
1788105079.32,010B,32,0,89,0.0
1788105079.33,010B,32,0,89,0.0
1788105079.36,0106,125,0,89,0.0
1788105079.38,0110,0,175,89,0.0
1788105079.39,17B3,128,0,89,0.0
1788105079.39,0107,130,0,89,0.0
1788105079.42,010E,145,0,89,0.0
1788105079.43,010B,32,0,89,0.0
1788105079.45,0142,53,205,89,0.0
1788105079.48,0110,0,171,89,0.0
1788105079.49,0000,190,63,89,0.0
1788105079.52,0002,0,0,89,0.0
1788105079.53,010B,32,0,89,0.0
1788105079.55,0003,2,0,89,0.0
1788105079.59,0005,129,0,89,0.0
1788105079.62,0006,127,0,89,0.0
1788105079.63,010B,32,0,89,0.0
1788105079.65,0007,130,0,89,0.0
1788105079.68,000B,32,0,89,0.0
1788105079.68,0110,0,173,89,0.0
1788105079.72,000C,11,17,89,0.0
1788105079.73,010B,32,0,89,0.0
1788105079.75,000D,0,0,89,0.0
1788105079.79,000E,144,0,89,0.0
1788105079.82,000F,95,0,89,0.0
1788105079.83,010B,36,0,89,0.0
1788105079.85,0010,1,112,89,0.0
1788105079.88,0011,30,0,89,0.0
1788105079.88,0110,1,47,89,0.0
1788105079.91,0013,1,0,89,0.0
1788105079.93,010B,39,0,89,0.0
1788105079.95,001C,10,0,89,0.0
1788105079.98,001F,1,230,89,0.0
1788105079.98,0110,1,50,89,0.0
1788105080.01,0020,128,21,89,0.0
1788105080.03,010B,40,0,89,0.0
1788105080.04,0021,0,0,89,0.0
1788105080.07,002C,0,0,89,0.0
1788105080.08,0110,0,248,89,0.0
1788105080.11,002E,35,0,89,0.0
1788105080.13,010B,40,0,89,0.0
1788105080.17,003C,21,4,89,0.0
1788105080.18,0110,0,236,89,0.0
1788105080.20,0040,104,0,89,0.0
1788105080.23,0042,53,249,89,0.0
1788105080.27,0043,0,63,89,0.0
1788105080.28,0110,1,17,89,0.0
1788105080.30,0200,0,0,89,0.0
1788105080.33,0202,0,0,89,0.0
1788105080.33,010B,40,0,89,0.0
1788105080.36,0900,6,4,89,0.0
1788105080.38,0110,1,53,89,0.0
1788105080.39,0968,0,0,89,0.0
1788105080.43,096E,11,84,89,0.0
1788105080.43,010B,41,0,89,0.0
1788105080.46,097C,110,35,89,0.0
1788105080.48,0110,0,254,89,0.0
1788105080.50,098E,0,0,89,0.0
1788105080.53,1101,1,0,89,0.0
1788105080.53,010B,41,0,89,0.0
1788105080.56,1103,0,0,89,0.0
1788105080.58,0110,0,245,89,0.0
1788105080.59,1104,1,0,89,0.0
1788105080.63,114A,50,128,89,0.0
1788105080.63,010B,41,0,89,0.0
1788105080.66,114D,35,192,89,0.0
1788105080.68,0110,1,20,89,0.0
1788105080.69,1153,73,145,89,0.0
1788105080.72,1154,29,192,89,0.0
1788105080.73,010B,41,0,89,0.0
1788105080.75,1169,29,181,89,0.0
1788105080.79,1173,2,238,89,0.0
1788105080.82,1177,21,104,89,0.0
1788105080.83,010B,42,0,89,0.0
1788105080.85,1410,1,50,89,0.0
1788105080.88,1631,1,0,89,0.0
1788105080.88,0110,1,4,89,0.0
1788105080.91,1678,0,0,89,0.0
1788105080.93,010B,42,0,89,0.0
1788105080.95,1681,0,0,89,0.0
1788105080.98,16CD,0,0,89,0.0
1788105080.98,0110,0,254,89,0.0
1788105081.01,16CE,255,250,89,0.0
1788105081.03,010B,42,0,89,0.0
1788105081.05,16CF,13,190,89,0.0
1788105081.08,16E8,82,195,89,0.0
1788105081.08,0110,1,4,89,0.0
1788105081.12,16E9,0,115,89,0.0
1788105081.13,010B,42,0,89,0.0
1788105081.15,16F0,3,131,89,0.0
1788105081.18,1704,0,0,89,0.0
1788105081.18,0110,1,1,89,0.0
1788105081.21,1706,128,0,89,0.0
1788105081.23,010B,42,0,89,0.0
1788105081.24,1709,0,0,89,0.0
1788105081.27,1717,1,0,89,0.0
1788105081.28,0110,1,30,89,0.0
1788105081.31,1718,1,0,89,0.0
1788105081.33,010B,43,0,89,0.0
1788105081.34,1746,0,0,89,0.0
1788105081.37,1782,142,64,89,0.0
1788105081.38,0110,1,17,89,0.0
1788105081.39,17B3,128,0,89,0.0
1788105081.40,1783,110,192,89,0.0
1788105081.43,17A0,33,0,89,0.0
1788105081.47,17A6,0,0,89,0.0
1788105081.48,0110,1,20,89,0.0
1788105081.50,17B0,19,0,89,0.0
1788105081.53,17B1,32,0,89,0.0
1788105081.53,010B,43,0,89,0.0
1788105081.57,17B2,4,0,89,0.0
1788105081.58,0110,1,11,89,0.0
1788105081.60,17B3,128,0,89,0.0
1788105081.63,17B5,80,0,89,0.0
1788105081.67,17B6,0,0,89,0.0
1788105081.68,0110,1,4,89,0.0
1788105081.70,17B8,239,0,89,0.0
1788105081.73,17BA,0,0,89,0.0
1788105081.73,010B,43,0,89,0.0
1788105081.76,17BB,0,0,89,0.0
1788105081.78,0110,1,8,89,0.0
1788105081.79,17BC,0,0,89,0.0
1788105081.83,17BD,64,0,89,0.0
1788105081.84,010B,43,0,89,0.0
1788105081.86,17BE,0,0,89,0.0
1788105081.88,0110,1,1,89,0.0
1788105081.89,17C1,234,0,89,0.0
1788105081.92,3201,23,112,89,0.0
1788105081.93,010B,43,0,89,0.0
1788105081.95,990A,45,0,89,0.0
1788105081.99,996E,13,32,89,0.0
1788105082.02,A211,0,0,89,0.0
1788105082.03,010B,43,0,89,0.0
1788105082.05,D100,129,0,89,0.0
1788105082.08,E21B,90,74,89,0.0
1788105082.08,0110,1,8,89,0.0
1788105082.12,E21C,49,56,89,0.0
1788105082.13,010B,43,0,89,0.0
1788105082.15,E21D,56,56,89,0.0
1788105082.19,E21E,70,0,89,0.0
1788105082.22,E6F0,90,74,89,0.0
1788105082.23,010B,43,0,89,0.0
1788105082.25,E6F2,240,0,89,0.0
1788105082.28,E6F3,240,0,89,0.0
1788105082.28,0110,1,11,89,0.0
1788105082.31,0105,129,0,89,0.0
1788105082.33,010B,43,0,89,0.0
1788105082.34,010F,95,0,89,0.0
1788105082.38,0110,1,14,89,0.0
1788105082.38,0110,1,14,89,0.0
1788105082.41,010B,44,0,89,0.0
1788105082.43,010B,44,0,89,0.0
1788105082.44,0106,128,0,89,0.0
1788105082.47,0107,130,0,89,0.0
1788105082.48,0110,1,14,89,0.0
1788105082.50,010E,151,0,89,0.0
1788105082.53,010B,44,0,89,0.0
1788105082.54,0142,52,147,89,0.0
1788105082.57,0000,190,63,89,0.0
1788105082.58,0110,1,17,89,0.0
1788105082.60,0002,0,0,89,0.0
1788105082.63,010B,44,0,89,0.0
1788105082.67,0005,129,0,89,0.0
1788105082.68,0110,1,8,89,0.0
1788105082.71,0006,128,0,89,0.0
1788105082.74,0007,130,0,89,0.0
1788105082.77,000B,44,0,89,0.0
1788105082.78,0110,1,17,89,0.0
1788105082.80,000C,11,50,89,0.0
1788105082.83,000D,0,0,89,0.0
1788105082.87,000E,149,0,89,0.0
1788105082.89,0110,1,17,89,0.0
1788105082.90,000F,95,0,89,0.0
1788105082.93,0010,1,17,89,0.0
1788105082.94,010B,44,0,89,0.0
1788105082.96,0011,30,0,89,0.0
1788105082.98,0110,1,20,89,0.0
1788105082.99,0013,1,0,89,0.0
1788105083.03,001C,10,0,89,0.0
1788105083.03,010B,45,0,89,0.0
1788105083.06,001F,1,233,89,0.0
1788105083.08,0110,1,14,89,0.0
1788105083.09,0020,128,21,89,0.0
1788105083.12,0021,0,0,89,0.0
1788105083.13,010B,45,0,89,0.0
1788105083.16,002C,0,0,89,0.0
1788105083.18,0110,0,254,89,0.0
1788105083.19,002E,36,0,89,0.0
1788105083.23,0030,255,0,89,0.0
1788105083.23,010B,45,0,89,0.0
1788105083.26,003C,21,4,89,0.0
1788105083.28,0110,1,11,89,0.0
1788105083.29,0040,104,0,89,0.0
1788105083.32,0042,53,236,89,0.0
1788105083.33,010B,45,0,89,0.0
1788105083.35,0043,0,71,89,0.0
1788105083.39,0200,0,0,89,0.0
1788105083.42,0202,0,0,89,0.0
1788105083.44,010B,44,0,89,0.0
1788105083.45,0900,6,84,89,0.0
1788105083.49,0968,0,0,89,0.0
1788105083.52,096E,11,71,89,0.0
1788105083.53,010B,44,0,89,0.0
1788105083.55,097C,110,43,89,0.0
1788105083.59,098E,0,0,89,0.0
1788105083.62,1101,1,0,89,0.0
1788105083.63,010B,44,0,89,0.0
1788105083.65,1103,4,0,89,0.0
1788105083.68,1104,1,0,89,0.0
1788105083.68,0110,0,242,89,0.0
1788105083.71,114A,50,128,89,0.0
1788105083.73,010B,43,0,89,0.0
1788105083.75,114D,35,192,89,0.0
1788105083.78,1153,56,248,89,0.0
1788105083.78,0110,0,245,89,0.0
1788105083.81,1154,29,192,89,0.0
1788105083.83,010B,43,0,89,0.0
1788105083.84,1169,29,181,89,0.0
1788105083.87,1173,3,102,89,0.0
1788105083.88,0110,0,248,89,0.0
1788105083.91,1177,20,100,89,0.0
1788105083.93,010B,43,0,89,0.0
1788105083.94,1410,1,49,89,0.0
1788105083.97,1631,1,0,89,0.0
1788105083.98,0110,0,254,89,0.0
1788105084.00,1678,0,0,89,0.0
1788105084.03,010B,43,0,89,0.0
1788105084.07,16CD,0,0,89,0.0
1788105084.08,0110,0,245,89,0.0
1788105084.11,16CE,255,249,89,0.0
1788105084.14,16CF,13,37,89,0.0
1788105084.17,16E8,83,112,89,0.0
1788105084.18,0110,0,254,89,0.0
1788105084.20,16E9,0,119,89,0.0
1788105084.23,16F0,3,131,89,0.0
1788105084.27,1704,0,0,89,0.0
1788105084.28,0110,0,254,89,0.0
1788105084.30,1706,128,0,89,0.0
1788105084.33,1709,0,0,89,0.0
1788105084.33,010B,42,0,89,0.0
1788105084.36,1717,1,0,89,0.0
1788105084.38,0110,0,254,89,0.0
1788105084.39,1718,1,0,89,0.0
1788105084.43,1746,0,0,89,0.0
1788105084.43,010B,42,0,89,0.0
1788105084.46,1782,142,64,89,0.0
1788105084.49,0110,0,251,89,0.0
1788105084.49,1783,110,192,89,0.0
1788105084.52,17A0,31,0,89,0.0
1788105084.53,010B,42,0,89,0.0
1788105084.55,17A6,0,0,89,0.0
1788105084.59,17B0,19,0,89,0.0
1788105084.62,17B1,32,0,89,0.0
1788105084.64,010B,43,0,89,0.0
1788105084.65,17B2,4,0,89,0.0
1788105084.68,17B3,128,0,89,0.0
1788105084.68,0110,0,254,89,0.0
1788105084.72,17B5,80,0,89,0.0
1788105084.73,010B,43,0,89,0.0
1788105084.75,17B6,0,0,89,0.0
1788105084.79,17B8,239,0,89,0.0
1788105084.82,17BA,0,0,89,0.0
1788105084.84,010B,43,0,89,0.0
1788105084.85,17BB,0,0,89,0.0
1788105084.88,17BC,0,0,89,0.0
1788105084.88,0110,0,254,89,0.0
1788105084.91,17BD,64,0,89,0.0
1788105084.93,010B,43,0,89,0.0
1788105084.95,17BE,0,0,89,0.0
1788105084.98,17C1,234,0,89,0.0
1788105084.98,0110,0,251,89,0.0
1788105085.01,3201,23,112,89,0.0
1788105085.04,010B,43,0,89,0.0
1788105085.04,990A,45,0,89,0.0
1788105085.07,996E,13,32,89,0.0
1788105085.09,0110,0,254,89,0.0
1788105085.11,A211,0,0,89,0.0
1788105085.13,010B,43,0,89,0.0
1788105085.15,D100,129,0,89,0.0
1788105085.18,E21B,90,74,89,0.0
1788105085.19,0110,0,254,89,0.0
1788105085.21,E21C,49,56,89,0.0
1788105085.23,010B,43,0,89,0.0
1788105085.27,E21E,70,0,89,0.0
1788105085.28,0110,0,251,89,0.0
1788105085.31,E6F0,90,74,89,0.0
1788105085.34,E6F2,240,0,89,0.0
1788105085.37,E6F3,240,0,89,0.0
1788105085.38,0110,1,1,89,0.0
1788105085.39,17B3,128,0,89,0.0
1788105085.40,0105,129,0,89,0.0
1788105085.43,010F,95,0,89,0.0
1788105085.43,010B,43,0,89,0.0
1788105085.46,0110,1,1,89,0.0
1788105085.49,0110,0,251,89,0.0
1788105085.50,010B,44,0,89,0.0
1788105085.53,0106,129,0,89,0.0
1788105085.53,010B,44,0,89,0.0
1788105085.56,0107,130,0,89,0.0
1788105085.58,0110,0,251,89,0.0
1788105085.59,010E,157,0,89,0.0
1788105085.63,0142,53,202,89,0.0
1788105085.63,010B,44,0,89,0.0
1788105085.67,0000,190,63,89,0.0
1788105085.68,0110,0,242,89,0.0
1788105085.70,0002,0,0,89,0.0
1788105085.73,0003,2,0,89,0.0
1788105085.73,010B,44,0,89,0.0
1788105085.76,0005,129,0,89,0.0
1788105085.78,0110,0,245,89,0.0
1788105085.79,0006,129,0,89,0.0
1788105085.83,0007,130,0,89,0.0
1788105085.84,010B,44,0,89,0.0
1788105085.86,000B,44,0,89,0.0
1788105085.88,0110,0,254,89,0.0
1788105085.89,000C,11,7,89,0.0
1788105085.92,000D,0,0,89,0.0
1788105085.93,010B,44,0,89,0.0
1788105085.95,000E,149,0,89,0.0
1788105085.98,0110,0,254,89,0.0
1788105085.99,000F,95,0,89,0.0
1788105086.02,0010,1,4,89,0.0
1788105086.03,010B,43,0,89,0.0
1788105086.05,0011,30,0,89,0.0
1788105086.09,0013,1,0,89,0.0
1788105086.12,001C,10,0,89,0.0
1788105086.13,010B,43,0,89,0.0
1788105086.16,001F,1,236,89,0.0
1788105086.19,0020,128,21,89,0.0
1788105086.22,0021,0,0,89,0.0
1788105086.23,010B,43,0,89,0.0
1788105086.25,002C,0,0,89,0.0
1788105086.28,002E,35,0,89,0.0
1788105086.28,0110,0,254,89,0.0
1788105086.31,0030,255,0,89,0.0
1788105086.33,010B,43,0,89,0.0
1788105086.35,003C,21,5,89,0.0
1788105086.39,0040,104,0,89,0.0
1788105086.42,0042,53,197,89,0.0
1788105086.43,010B,43,0,89,0.0
1788105086.45,0043,0,69,89,0.0
1788105086.48,0200,0,0,89,0.0
1788105086.48,0110,0,248,89,0.0
1788105086.51,0202,0,0,89,0.0
1788105086.53,010B,43,0,89,0.0
1788105086.55,0900,6,54,89,0.0
1788105086.58,0968,0,0,89,0.0
1788105086.58,0110,0,251,89,0.0
1788105086.61,096E,11,22,89,0.0
1788105086.64,010B,43,0,89,0.0
1788105086.64,097C,110,43,89,0.0
1788105086.67,098E,0,0,89,0.0
1788105086.68,0110,0,251,89,0.0
1788105086.71,1101,1,0,89,0.0
1788105086.73,010B,43,0,89,0.0
1788105086.74,1103,4,0,89,0.0
1788105086.77,1104,1,0,89,0.0
1788105086.78,0110,0,248,89,0.0
1788105086.80,114A,50,192,89,0.0
1788105086.83,114D,35,192,89,0.0
1788105086.87,1153,57,134,89,0.0
1788105086.88,0110,0,251,89,0.0
1788105086.91,1154,29,192,89,0.0
1788105086.94,1169,29,181,89,0.0
1788105086.97,1173,3,87,89,0.0
1788105086.98,0110,0,251,89,0.0
1788105087.00,1177,20,100,89,0.0
1788105087.03,1410,1,49,89,0.0
1788105087.07,1631,1,0,89,0.0
1788105087.08,0110,0,245,89,0.0
1788105087.10,1678,0,0,89,0.0
1788105087.13,1681,0,0,89,0.0
1788105087.13,010B,43,0,89,0.0
1788105087.16,16CD,0,0,89,0.0
1788105087.19,0110,1,1,89,0.0
1788105087.19,16CE,255,248,89,0.0
1788105087.23,16CF,13,27,89,0.0
1788105087.24,010B,43,0,89,0.0
1788105087.26,16E8,88,218,89,0.0
1788105087.28,0110,0,254,89,0.0
1788105087.29,16E9,0,120,89,0.0
1788105087.32,16F0,3,131,89,0.0
1788105087.33,010B,43,0,89,0.0
1788105087.35,1704,0,0,89,0.0
1788105087.38,0110,0,251,89,0.0
1788105087.39,17B3,128,0,89,0.0
1788105087.43,1709,0,0,89,0.0
1788105087.43,010B,43,0,89,0.0
1788105087.46,1717,1,0,89,0.0
1788105087.49,1718,1,0,89,0.0
1788105087.52,1746,0,0,89,0.0
1788105087.53,010B,43,0,89,0.0
1788105087.55,1782,142,64,89,0.0
1788105087.59,1783,110,192,89,0.0
1788105087.62,17A0,32,0,89,0.0
1788105087.64,010B,43,0,89,0.0
1788105087.65,17A6,0,0,89,0.0
1788105087.68,17B0,19,0,89,0.0
1788105087.68,0110,0,254,89,0.0
1788105087.71,17B1,32,0,89,0.0
1788105087.73,010B,43,0,89,0.0
1788105087.75,17B2,4,0,89,0.0
1788105087.78,17B3,128,0,89,0.0
1788105087.78,0110,0,254,89,0.0
1788105087.82,17B5,80,0,89,0.0
1788105087.83,010B,43,0,89,0.0
1788105087.85,17B6,0,0,89,0.0
1788105087.88,17B8,239,0,89,0.0
1788105087.88,0110,0,242,89,0.0
1788105087.91,17BA,0,0,89,0.0
1788105087.93,010B,43,0,89,0.0
1788105087.95,17BB,0,0,89,0.0
1788105087.98,17BC,0,0,89,0.0
1788105087.98,0110,0,245,89,0.0
1788105088.01,17BD,64,0,89,0.0
1788105088.04,010B,43,0,89,0.0
1788105088.07,17C1,234,0,89,0.0
1788105088.08,0110,0,251,89,0.0
1788105088.11,3201,23,112,89,0.0
1788105088.14,990A,44,0,89,0.0
1788105088.17,996E,13,72,89,0.0
1788105088.18,0110,0,242,89,0.0
1788105088.20,A211,0,0,89,0.0
1788105088.23,D100,129,0,89,0.0
1788105088.27,E21B,90,74,89,0.0
1788105088.28,0110,0,254,89,0.0
1788105088.30,E21C,49,56,89,0.0
1788105088.33,E21D,56,56,89,0.0
1788105088.33,010B,43,0,89,0.0
1788105088.36,E21E,70,0,89,0.0
1788105088.38,0110,0,251,89,0.0
1788105088.39,E6F0,90,74,89,0.0
1788105088.43,E6F2,240,0,89,0.0
1788105088.43,010B,43,0,89,0.0
1788105088.46,E6F3,240,0,89,0.0
1788105088.48,0110,0,248,89,0.0
1788105088.49,0105,129,0,89,0.0
1788105088.52,010F,95,0,89,0.0
1788105088.53,010B,43,0,89,0.0
1788105088.55,0110,0,254,89,0.0
1788105088.58,0110,1,1,89,0.0
1788105088.59,010B,43,0,89,0.0
1788105088.62,0106,129,0,89,0.0
1788105088.63,010B,43,0,89,0.0
1788105088.65,0107,130,0,89,0.0
1788105088.68,0110,0,248,89,0.0
1788105088.69,010E,145,0,89,0.0
1788105088.72,0142,53,201,89,0.0
1788105088.74,010B,43,0,89,0.0
1788105088.75,0000,190,63,89,0.0
1788105088.78,0110,0,254,89,0.0
1788105088.79,0002,0,0,89,0.0
1788105088.83,0003,2,0,89,0.0
1788105088.84,010B,43,0,89,0.0
1788105088.86,0005,129,0,89,0.0
1788105088.89,0006,129,0,89,0.0
1788105088.92,0007,130,0,89,0.0
1788105088.93,010B,43,0,89,0.0
1788105088.95,000B,43,0,89,0.0
1788105088.99,000C,10,254,89,0.0
1788105089.02,000D,0,0,89,0.0
1788105089.03,010B,43,0,89,0.0
1788105089.05,000E,143,0,89,0.0
1788105089.08,000F,95,0,89,0.0
1788105089.08,0110,0,248,89,0.0
1788105089.12,0010,0,245,89,0.0
1788105089.13,010B,43,0,89,0.0
1788105089.15,0011,30,0,89,0.0
1788105089.19,0013,1,0,89,0.0
1788105089.22,001C,10,0,89,0.0
1788105089.23,010B,43,0,89,0.0
1788105089.25,001F,1,240,89,0.0
1788105089.28,0020,128,21,89,0.0
1788105089.28,0110,0,254,89,0.0
1788105089.31,0021,0,0,89,0.0
1788105089.33,010B,43,0,89,0.0
1788105089.35,002C,0,0,89,0.0
1788105089.38,002E,35,0,89,0.0
1788105089.38,0110,0,248,89,0.0
1788105089.38,0142,53,187,89,0.0
1788105089.41,0030,255,0,89,0.0
1788105089.43,010B,43,0,89,0.0
1788105089.44,003C,21,6,89,0.0
1788105089.47,0040,104,0,89,0.0
1788105089.48,0110,0,251,89,0.0
1788105089.51,0042,53,173,89,0.0
1788105089.53,010B,43,0,89,0.0
1788105089.54,0043,0,69,89,0.0
1788105089.57,0200,0,0,89,0.0
1788105089.58,0110,0,245,89,0.0
1788105089.60,0202,0,0,89,0.0
1788105089.63,0900,6,59,89,0.0
1788105089.67,0968,0,0,89,0.0
1788105089.68,0110,0,245,89,0.0
1788105089.71,096E,10,240,89,0.0
1788105089.74,097C,110,44,89,0.0
1788105089.77,098E,0,0,89,0.0
1788105089.78,0110,0,251,89,0.0
1788105089.80,1101,1,0,89,0.0
1788105089.83,1103,4,0,89,0.0
1788105089.83,010B,43,0,89,0.0
1788105089.87,1104,1,0,89,0.0
1788105089.88,0110,0,251,89,0.0
1788105089.91,114A,50,192,89,0.0
1788105089.94,114D,35,192,89,0.0
1788105089.97,1153,57,108,89,0.0
1788105089.98,0110,0,248,89,0.0
1788105090.00,1154,29,192,89,0.0
1788105090.03,1169,29,181,89,0.0
1788105090.03,010B,43,0,89,0.0
1788105090.07,1173,3,12,89,0.0
1788105090.08,0110,0,254,89,0.0
1788105090.10,1177,20,160,89,0.0
1788105090.13,1410,1,52,89,0.0
1788105090.13,010B,43,0,89,0.0
1788105090.16,1631,1,0,89,0.0
1788105090.18,0110,0,251,89,0.0
1788105090.20,1678,0,0,89,0.0
1788105090.23,1681,0,0,89,0.0
1788105090.27,16CD,0,0,89,0.0
1788105090.28,0110,0,251,89,0.0
1788105090.30,16CE,255,246,89,0.0
1788105090.33,16CF,13,15,89,0.0
1788105090.33,010B,43,0,89,0.0
1788105090.36,16E8,87,89,89,0.0
1788105090.39,0110,0,251,89,0.0
1788105090.39,16E9,0,117,89,0.0
1788105090.43,16F0,3,131,89,0.0
1788105090.43,010B,43,0,89,0.0
1788105090.46,1704,0,0,89,0.0
1788105090.48,0110,0,248,89,0.0
1788105090.49,1706,128,0,89,0.0
1788105090.52,1709,0,0,89,0.0
1788105090.53,010B,43,0,89,0.0
1788105090.55,1717,1,0,89,0.0
1788105090.58,0110,0,242,89,0.0
1788105090.59,1718,1,0,89,0.0
1788105090.62,1746,0,0,89,0.0
1788105090.64,010B,43,0,89,0.0
1788105090.65,1782,142,0,89,0.0
1788105090.68,1783,110,192,89,0.0
1788105090.68,0110,0,248,89,0.0
1788105090.72,17A0,32,0,89,0.0
1788105090.73,010B,43,0,89,0.0
1788105090.75,17A6,0,0,89,0.0
1788105090.79,17B0,18,0,89,0.0
1788105090.82,17B1,32,0,89,0.0
1788105090.83,010B,43,0,89,0.0
1788105090.85,17B2,4,0,89,0.0
1788105090.88,17B3,127,0,89,0.0
1788105090.89,0110,0,254,89,0.0
1788105090.91,17B5,80,0,89,0.0
1788105090.93,010B,43,0,89,0.0
1788105090.95,17B6,0,0,89,0.0
1788105090.98,17B8,239,0,89,0.0
1788105090.98,0110,0,254,89,0.0
1788105091.01,17BA,0,0,89,0.0
1788105091.03,010B,43,0,89,0.0
1788105091.04,17BB,0,0,89,0.0
1788105091.07,17BC,0,0,89,0.0
1788105091.08,0110,0,248,89,0.0
1788105091.11,17BD,64,0,89,0.0
1788105091.13,010B,43,0,89,0.0
1788105091.14,17BE,0,0,89,0.0
1788105091.17,17C1,234,0,89,0.0
1788105091.18,0110,0,245,89,0.0
1788105091.20,3201,23,112,89,0.0
1788105091.23,990A,43,0,89,0.0
1788105091.23,010B,43,0,89,0.0
1788105091.27,996E,13,92,89,0.0
1788105091.28,0110,0,254,89,0.0
1788105091.31,A211,0,0,89,0.0
1788105091.34,D100,129,0,89,0.0
1788105091.37,E21B,90,74,89,0.0
1788105091.38,0110,0,251,89,0.0
1788105091.39,17B3,127,0,89,0.0
1788105091.40,E21C,49,56,89,0.0
1788105091.43,E21D,56,56,89,0.0
1788105091.44,010B,43,0,89,0.0
1788105091.47,E21E,70,0,89,0.0
1788105091.48,0110,0,245,89,0.0
1788105091.50,E6F0,90,74,89,0.0
1788105091.53,E6F2,240,0,89,0.0
1788105091.53,010B,43,0,89,0.0
1788105091.56,E6F3,240,0,89,0.0
1788105091.59,0110,0,248,89,0.0
1788105091.59,0105,129,0,89,0.0
1788105091.62,010F,95,0,89,0.0
1788105091.63,010B,43,0,89,0.0
1788105091.65,0110,0,248,89,0.0
1788105091.68,0110,1,1,89,0.0
1788105091.68,010B,43,0,89,0.0
1788105091.72,0106,129,0,89,0.0
1788105091.73,010B,43,0,89,0.0
1788105091.75,0107,130,0,89,0.0
1788105091.78,010E,143,0,89,0.0
1788105091.78,0110,0,248,89,0.0
1788105091.82,0142,53,177,89,0.0
1788105091.83,010B,43,0,89,0.0
1788105091.86,0000,190,63,89,0.0
1788105091.89,0002,0,0,89,0.0
1788105091.92,0003,2,0,89,0.0
1788105091.93,010B,43,0,89,0.0
1788105091.95,0005,129,0,89,0.0
1788105091.99,0006,130,0,89,0.0
1788105092.02,0007,130,0,89,0.0
1788105092.03,010B,43,0,89,0.0
1788105092.05,000B,43,0,89,0.0
1788105092.08,000C,10,254,89,0.0
1788105092.08,0110,0,248,89,0.0
1788105092.11,000D,0,0,89,0.0
1788105092.13,010B,43,0,89,0.0
1788105092.15,000E,143,0,89,0.0
1788105092.18,000F,95,0,89,0.0
1788105092.18,0110,0,251,89,0.0
1788105092.21,0010,0,245,89,0.0
1788105092.23,010B,43,0,89,0.0
1788105092.24,0011,30,0,89,0.0
1788105092.28,0013,1,0,89,0.0
1788105092.28,0110,0,251,89,0.0
1788105092.31,001C,10,0,89,0.0
1788105092.33,010B,43,0,89,0.0
1788105092.35,001F,1,243,89,0.0
1788105092.38,0020,128,21,89,0.0
1788105092.38,0110,0,251,89,0.0
1788105092.38,0142,53,189,89,0.0
1788105092.41,0021,0,0,89,0.0
1788105092.43,010B,43,0,89,0.0
1788105092.44,002C,0,0,89,0.0
1788105092.47,002E,35,0,89,0.0
1788105092.48,0110,0,248,89,0.0
1788105092.51,0030,255,0,89,0.0
1788105092.54,003C,21,6,89,0.0
1788105092.57,0040,104,0,89,0.0
1788105092.58,0110,0,245,89,0.0
1788105092.60,0042,53,183,89,0.0
1788105092.63,0043,0,69,89,0.0
1788105092.67,0200,0,0,89,0.0
1788105092.68,0110,0,242,89,0.0
1788105092.70,0202,0,0,89,0.0
1788105092.73,0900,6,54,89,0.0
1788105092.73,010B,43,0,89,0.0
1788105092.76,0968,0,0,89,0.0
1788105092.78,0110,0,248,89,0.0
1788105092.79,096E,10,240,89,0.0
1788105092.83,097C,110,44,89,0.0
1788105092.83,010B,43,0,89,0.0
1788105092.86,098E,0,0,89,0.0
1788105092.88,0110,0,248,89,0.0
1788105092.89,1101,1,0,89,0.0
1788105092.92,1103,4,0,89,0.0
1788105092.93,010B,43,0,89,0.0
1788105092.95,1104,1,0,89,0.0
1788105092.98,0110,0,245,89,0.0
1788105092.99,114A,50,128,89,0.0
1788105093.03,114D,35,192,89,0.0
1788105093.03,010B,43,0,89,0.0
1788105093.06,1153,56,170,89,0.0
1788105093.09,1154,29,192,89,0.0
1788105093.12,1169,29,181,89,0.0
1788105093.13,010B,43,0,89,0.0
1788105093.15,1173,2,228,89,0.0
1788105093.19,1177,20,60,89,0.0
1788105093.22,1410,1,50,89,0.0
1788105093.23,010B,43,0,89,0.0
1788105093.25,1631,1,0,89,0.0
1788105093.28,1678,0,0,89,0.0
1788105093.29,0110,0,254,89,0.0
1788105093.31,1681,0,0,89,0.0
1788105093.34,010B,43,0,89,0.0
1788105093.35,16CD,0,0,89,0.0
1788105093.38,16CE,255,245,89,0.0
1788105093.38,0110,0,251,89,0.0
1788105093.39,17B3,127,0,89,0.0
1788105093.41,16CF,13,13,89,0.0
1788105093.43,010B,43,0,89,0.0
1788105093.44,16E8,87,248,89,0.0
1788105093.47,16E9,0,118,89,0.0
1788105093.48,0110,0,248,89,0.0
1788105093.51,16F0,3,131,89,0.0
1788105093.53,010B,43,0,89,0.0
1788105093.55,1704,0,0,89,0.0
1788105093.58,1706,128,0,89,0.0
1788105093.58,0110,0,245,89,0.0
1788105093.61,1709,0,0,89,0.0
1788105093.63,010B,43,0,89,0.0
1788105093.64,1717,1,0,89,0.0
1788105093.67,1718,1,0,89,0.0
1788105093.68,0110,0,242,89,0.0
1788105093.71,1746,0,0,89,0.0
1788105093.73,010B,43,0,89,0.0
1788105093.77,1783,110,192,89,0.0
1788105093.78,0110,0,248,89,0.0
1788105093.81,17A0,32,0,89,0.0
1788105093.84,010B,43,0,89,0.0
1788105093.87,17B0,18,0,89,0.0
1788105093.88,0110,0,245,89,0.0
1788105093.91,17B1,32,0,89,0.0
1788105093.94,17B2,4,0,89,0.0
1788105093.97,17B3,127,0,89,0.0
1788105093.98,0110,0,251,89,0.0
1788105094.00,17B5,80,0,89,0.0
1788105094.03,17B6,0,0,89,0.0
1788105094.07,17B8,239,0,89,0.0
1788105094.08,0110,0,245,89,0.0
1788105094.10,17BA,0,0,89,0.0
1788105094.13,17BB,0,0,89,0.0
1788105094.13,010B,43,0,89,0.0
1788105094.17,17BC,0,0,89,0.0
1788105094.18,0110,0,248,89,0.0
1788105094.20,17BD,64,0,89,0.0
1788105094.23,17BE,0,0,89,0.0
1788105094.23,010B,43,0,89,0.0
1788105094.27,17C1,234,0,89,0.0
1788105094.28,0110,0,254,89,0.0
1788105094.30,3201,23,112,89,0.0
1788105094.33,990A,43,0,89,0.0
1788105094.33,010B,43,0,89,0.0
1788105094.36,996E,13,112,89,0.0
1788105094.38,0110,0,254,89,0.0
1788105094.39,A211,0,0,89,0.0
1788105094.43,D100,129,0,89,0.0
1788105094.43,010B,43,0,89,0.0
1788105094.46,E21B,90,74,89,0.0
1788105094.48,0110,0,245,89,0.0
1788105094.49,E21C,49,56,89,0.0
1788105094.52,E21D,56,56,89,0.0
1788105094.53,010B,43,0,89,0.0
1788105094.55,E21E,70,0,89,0.0
1788105094.58,0110,0,248,89,0.0
1788105094.59,E6F0,90,74,89,0.0
1788105094.63,E6F2,240,0,89,0.0
1788105094.63,010B,43,0,89,0.0
1788105094.66,E6F3,240,0,89,0.0
1788105094.68,0105,129,0,89,0.0
1788105094.72,010F,95,0,89,0.0
1788105094.73,010B,43,0,89,0.0
1788105094.75,0110,0,254,89,0.0
1788105094.78,0110,0,251,89,0.0
1788105094.79,010B,43,0,89,0.0
1788105094.82,0106,129,0,89,0.0
1788105094.83,010B,43,0,89,0.0
1788105094.85,0107,130,0,89,0.0
1788105094.88,010E,143,0,89,0.0
1788105094.92,0142,53,200,89,0.0
1788105094.93,010B,43,0,89,0.0
1788105094.95,0000,190,63,89,0.0
1788105094.99,0002,0,0,89,0.0
1788105095.02,0003,2,0,89,0.0
1788105095.04,010B,43,0,89,0.0
1788105095.06,0005,129,0,89,0.0
1788105095.09,0006,130,0,89,0.0
1788105095.12,0007,130,0,89,0.0
1788105095.13,010B,43,0,89,0.0
1788105095.15,000B,43,0,89,0.0
1788105095.19,000C,11,6,89,0.0
1788105095.22,000D,0,0,89,0.0
1788105095.23,010B,43,0,89,0.0
1788105095.25,000E,142,0,89,0.0
1788105095.28,000F,95,0,89,0.0
1788105095.28,0110,0,251,89,0.0
1788105095.31,0010,0,251,89,0.0
1788105095.34,010B,43,0,89,0.0
1788105095.35,0011,30,0,89,0.0
1788105095.38,0013,1,0,89,0.0
1788105095.39,0110,0,251,89,0.0
1788105095.39,17B3,127,0,89,0.0
1788105095.41,001C,10,0,89,0.0
1788105095.44,010B,43,0,89,0.0
1788105095.44,001F,1,246,89,0.0
1788105095.47,0020,128,21,89,0.0
1788105095.48,0110,0,248,89,0.0
1788105095.51,0021,0,0,89,0.0
1788105095.54,002C,0,0,89,0.0
1788105095.57,002E,35,0,89,0.0
1788105095.58,0110,0,245,89,0.0
1788105095.60,0030,255,0,89,0.0
1788105095.63,003C,21,6,89,0.0
1788105095.63,010B,43,0,89,0.0
1788105095.67,0040,104,0,89,0.0
1788105095.68,0110,1,1,89,0.0
1788105095.71,0042,53,194,89,0.0
1788105095.74,0043,0,68,89,0.0
1788105095.77,0200,0,0,89,0.0
1788105095.78,0110,0,202,89,0.0
1788105095.80,0202,0,0,89,0.0
1788105095.83,0900,6,39,89,0.0
1788105095.87,0968,0,0,89,0.0
1788105095.88,0110,0,187,89,0.0
1788105095.90,096E,10,240,89,0.0
1788105095.93,097C,110,45,89,0.0
1788105095.93,010B,41,0,89,0.0
1788105095.96,098E,0,0,89,0.0
1788105095.98,0110,0,183,89,0.0
1788105095.99,1101,0,0,89,0.0
1788105096.03,1103,4,0,89,0.0
1788105096.03,010B,40,0,89,0.0
1788105096.06,1104,0,0,89,0.0
1788105096.08,0110,0,190,89,0.0
1788105096.10,114A,50,192,89,0.0
1788105096.13,114D,35,192,89,0.0
1788105096.13,010B,39,0,89,0.0
1788105096.16,1153,45,97,89,0.0
1788105096.19,0110,0,183,89,0.0
1788105096.19,1154,29,192,89,0.0
1788105096.23,1169,29,181,89,0.0
1788105096.24,010B,38,0,89,0.0
1788105096.26,1173,3,142,89,0.0
1788105096.28,0110,0,183,89,0.0
1788105096.29,1177,18,132,89,0.0
1788105096.32,1410,1,2,89,0.0
1788105096.34,010B,38,0,89,0.0
1788105096.35,1631,1,0,89,0.0
1788105096.38,0110,0,185,89,0.0
1788105096.38,0142,54,50,89,0.0
1788105096.40,1678,0,0,89,0.0
1788105096.43,1681,0,0,89,0.0
1788105096.43,010B,37,0,89,0.0
1788105096.46,16CD,0,0,89,0.0
1788105096.49,16CE,255,255,89,0.0
1788105096.52,16CF,12,189,89,0.0
1788105096.53,010B,36,0,89,0.0
1788105096.55,16E8,69,120,89,0.0
1788105096.59,16E9,0,119,89,0.0
1788105096.62,16F0,3,131,89,0.0
1788105096.63,010B,35,0,89,0.0
1788105096.65,1704,0,0,89,0.0
1788105096.68,1706,128,0,89,0.0
1788105096.68,0110,0,183,89,0.0
1788105096.72,1709,0,0,89,0.0
1788105096.73,010B,35,0,89,0.0
1788105096.75,1717,1,0,89,0.0
1788105096.79,1718,1,0,89,0.0
1788105096.82,1746,0,0,89,0.0
1788105096.83,010B,34,0,89,0.0
1788105096.85,1782,142,0,89,0.0
1788105096.88,1783,110,192,89,0.0
1788105096.88,0110,0,171,89,0.0
1788105096.91,17A0,31,0,89,0.0
1788105096.93,010B,33,0,89,0.0
1788105096.95,17A6,0,0,89,0.0
1788105096.98,17B0,20,0,89,0.0
1788105096.98,0110,0,168,89,0.0
1788105097.01,17B1,32,0,89,0.0
1788105097.03,010B,33,0,89,0.0
1788105097.04,17B2,4,0,89,0.0
1788105097.07,17B3,127,0,89,0.0
1788105097.09,0110,0,171,89,0.0
1788105097.11,17B5,80,0,89,0.0
1788105097.14,17B6,0,0,89,0.0
1788105097.17,17B8,239,0,89,0.0
1788105097.18,0110,0,171,89,0.0
1788105097.20,17BA,0,0,89,0.0
1788105097.23,17BB,0,0,89,0.0
1788105097.23,010B,32,0,89,0.0
1788105097.27,17BC,0,0,89,0.0
1788105097.29,0110,0,173,89,0.0
1788105097.30,17BD,64,0,89,0.0
1788105097.34,17BE,0,0,89,0.0
1788105097.37,17C1,234,0,89,0.0
1788105097.38,0110,0,178,89,0.0
1788105097.40,3201,23,112,89,0.0
1788105097.43,990A,43,0,89,0.0
1788105097.43,010B,32,0,89,0.0
1788105097.47,996E,13,132,89,0.0
1788105097.48,0110,0,175,89,0.0
1788105097.50,A211,0,0,89,0.0
1788105097.53,D100,129,0,89,0.0
1788105097.53,010B,32,0,89,0.0
1788105097.56,E21B,90,74,89,0.0
1788105097.59,0110,0,178,89,0.0
1788105097.59,E21C,49,56,89,0.0
1788105097.63,E21D,56,56,89,0.0
1788105097.63,010B,32,0,89,0.0
1788105097.66,E21E,70,0,89,0.0
1788105097.68,0110,0,178,89,0.0
1788105097.69,E6F0,90,74,89,0.0
1788105097.72,E6F2,240,0,89,0.0
1788105097.74,010B,32,0,89,0.0
1788105097.75,E6F3,240,0,89,0.0
1788105097.78,0110,0,180,89,0.0
1788105097.79,0105,129,0,89,0.0
1788105097.82,010F,95,0,89,0.0
1788105097.83,010B,32,0,89,0.0
1788105097.85,0110,0,178,89,0.0
1788105097.88,010B,32,0,89,0.0
1788105097.88,0110,0,180,89,0.0
1788105097.91,0106,127,0,89,0.0
1788105097.94,010B,32,0,89,0.0
1788105097.95,0107,130,0,89,0.0
1788105097.98,010E,144,0,89,0.0
1788105097.98,0110,0,180,89,0.0
1788105098.01,0142,53,180,89,0.0
1788105098.04,010B,32,0,89,0.0
1788105098.05,0000,190,63,89,0.0
1788105098.08,0002,0,0,89,0.0
1788105098.08,0110,0,175,89,0.0
1788105098.11,0003,2,0,89,0.0
1788105098.13,010B,32,0,89,0.0
1788105098.15,0005,129,0,89,0.0
1788105098.18,0006,127,0,89,0.0
1788105098.19,0110,0,180,89,0.0
1788105098.21,0007,130,0,89,0.0
1788105098.23,010B,32,0,89,0.0
1788105098.24,000B,32,0,89,0.0
1788105098.27,000C,11,32,89,0.0
1788105098.28,0110,0,178,89,0.0
1788105098.31,000D,0,0,89,0.0
1788105098.33,010B,32,0,89,0.0
1788105098.34,000E,142,0,89,0.0
1788105098.37,000F,95,0,89,0.0
1788105098.38,0110,0,175,89,0.0
1788105098.41,0010,0,180,89,0.0
1788105098.43,010B,32,0,89,0.0
1788105098.44,0011,30,0,89,0.0
1788105098.47,0013,1,0,89,0.0
1788105098.48,0110,0,178,89,0.0
1788105098.51,001C,10,0,89,0.0
1788105098.54,001F,1,249,89,0.0
1788105098.57,0020,128,21,89,0.0
1788105098.59,0110,0,175,89,0.0
1788105098.60,0021,0,0,89,0.0
1788105098.63,002C,0,0,89,0.0
1788105098.63,010B,32,0,89,0.0
1788105098.67,002E,29,0,89,0.0
1788105098.68,0110,0,173,89,0.0
1788105098.70,0030,255,0,89,0.0
1788105098.73,003C,21,6,89,0.0
1788105098.73,010B,32,0,89,0.0
1788105098.76,0040,104,0,89,0.0
1788105098.78,0110,0,180,89,0.0
1788105098.80,0042,53,199,89,0.0
1788105098.83,0043,0,48,89,0.0
1788105098.83,010B,32,0,89,0.0
1788105098.86,0200,0,0,89,0.0
1788105098.88,0110,0,171,89,0.0
1788105098.89,0202,0,0,89,0.0
1788105098.93,0900,5,100,89,0.0
1788105098.93,010B,32,0,89,0.0
1788105098.96,0968,0,0,89,0.0
1788105098.98,0110,0,180,89,0.0
1788105098.99,096E,10,240,89,0.0
1788105099.03,097C,110,45,89,0.0
1788105099.03,010B,32,0,89,0.0
1788105099.06,098E,0,0,89,0.0
1788105099.08,0110,0,175,89,0.0
1788105099.09,1101,0,0,89,0.0
1788105099.12,1103,0,0,89,0.0
1788105099.14,010B,32,0,89,0.0
1788105099.15,1104,0,0,89,0.0
1788105099.19,114A,50,192,89,0.0
1788105099.19,0110,0,178,89,0.0
1788105099.23,114D,35,192,89,0.0
1788105099.23,010B,32,0,89,0.0
1788105099.26,1153,41,181,89,0.0
1788105099.29,1154,29,192,89,0.0
1788105099.32,1169,29,181,89,0.0
1788105099.33,010B,32,0,89,0.0
1788105099.35,1173,0,95,89,0.0
1788105099.39,1177,18,72,89,0.0
1788105099.42,1410,0,218,89,0.0
1788105099.44,010B,32,0,89,0.0
1788105099.45,1631,1,0,89,0.0
1788105099.48,1678,0,0,89,0.0
1788105099.48,0110,0,175,89,0.0
1788105099.51,1681,0,0,89,0.0
1788105099.53,010B,32,0,89,0.0
1788105099.55,16CD,0,0,89,0.0
1788105099.58,16CE,255,253,89,0.0
1788105099.59,0110,0,175,89,0.0
1788105099.61,16CF,13,18,89,0.0
1788105099.63,010B,32,0,89,0.0
1788105099.64,16E8,72,100,89,0.0
1788105099.67,16E9,0,118,89,0.0
1788105099.68,0110,0,178,89,0.0
1788105099.71,16F0,3,131,89,0.0
1788105099.73,010B,32,0,89,0.0
1788105099.74,1704,0,0,89,0.0
1788105099.78,1706,128,0,89,0.0
1788105099.78,0110,0,178,89,0.0
1788105099.81,1709,0,0,89,0.0
1788105099.84,1717,1,0,89,0.0
1788105099.87,1718,1,0,89,0.0
1788105099.88,0110,0,173,89,0.0
1788105099.91,1746,0,0,89,0.0
1788105099.94,1782,142,0,89,0.0
1788105099.97,1783,110,192,89,0.0
1788105099.99,0110,0,178,89,0.0
1788105100.00,17A0,31,0,89,0.0
1788105100.03,17A6,0,0,89,0.0
1788105100.03,010B,32,0,89,0.0
1788105100.07,17B0,18,0,89,0.0
1788105100.08,0110,0,173,89,0.0
1788105100.10,17B1,32,0,89,0.0
1788105100.13,17B2,4,0,89,0.0
1788105100.13,010B,32,0,89,0.0
1788105100.16,17B3,127,0,89,0.0
1788105100.18,0110,0,175,89,0.0
1788105100.19,17B5,80,0,89,0.0
1788105100.23,17B6,0,0,89,0.0
1788105100.23,010B,32,0,89,0.0
1788105100.26,17B8,239,0,89,0.0
1788105100.28,0110,0,173,89,0.0
1788105100.29,17BA,0,0,89,0.0
1788105100.32,17BB,0,0,89,0.0
1788105100.33,010B,32,0,89,0.0
1788105100.35,17BC,0,0,89,0.0
1788105100.38,0110,0,171,89,0.0
1788105100.39,17BD,64,0,89,0.0
1788105100.43,17BE,0,0,89,0.0
1788105100.43,010B,32,0,89,0.0
1788105100.46,17C1,234,0,89,0.0
1788105100.49,3201,23,112,89,0.0
1788105100.52,990A,43,0,89,0.0
1788105100.53,010B,32,0,89,0.0
1788105100.55,996E,13,112,89,0.0
1788105100.59,A211,0,0,89,0.0
1788105100.62,D100,129,0,89,0.0
1788105100.63,010B,32,0,89,0.0
1788105100.65,E21B,90,74,89,0.0
1788105100.68,E21C,49,56,89,0.0
1788105100.68,0110,0,173,89,0.0
1788105100.71,E21D,56,56,89,0.0
1788105100.73,010B,32,0,89,0.0
1788105100.75,E21E,70,0,89,0.0
1788105100.78,E6F0,90,74,89,0.0
1788105100.78,0110,0,178,89,0.0
1788105100.82,E6F2,240,0,89,0.0
1788105100.83,010B,32,0,89,0.0
1788105100.85,E6F3,240,0,89,0.0
1788105100.88,0105,129,0,89,0.0
1788105100.88,0110,0,168,89,0.0
1788105100.91,010F,95,0,89,0.0
1788105100.94,010B,32,0,89,0.0
1788105100.94,0110,0,168,89,0.0
1788105100.97,010B,32,0,89,0.0
1788105100.98,0110,0,175,89,0.0
1788105101.01,0106,127,0,89,0.0
1788105101.04,010B,32,0,89,0.0
1788105101.04,0107,130,0,89,0.0
1788105101.07,010E,143,0,89,0.0
1788105101.08,0110,0,178,89,0.0
1788105101.10,0142,53,199,89,0.0
1788105101.14,010B,32,0,89,0.0
1788105101.14,0000,190,63,89,0.0
1788105101.17,0002,0,0,89,0.0
1788105101.18,0110,0,173,89,0.0
1788105101.21,0003,2,0,89,0.0
1788105101.24,0005,129,0,89,0.0
1788105101.27,0006,126,0,89,0.0
1788105101.28,0110,0,173,89,0.0
1788105101.31,0007,130,0,89,0.0
1788105101.34,000B,32,0,89,0.0
1788105101.37,000C,11,4,89,0.0
1788105101.38,0110,0,173,89,0.0
1788105101.39,17B3,127,0,89,0.0
1788105101.40,000D,0,0,89,0.0
1788105101.43,000E,145,0,89,0.0
1788105101.43,010B,32,0,89,0.0
1788105101.47,000F,95,0,89,0.0
1788105101.48,0110,0,175,89,0.0
1788105101.50,0010,0,178,89,0.0
1788105101.53,0011,30,0,89,0.0
1788105101.54,010B,32,0,89,0.0
1788105101.56,0013,1,0,89,0.0
1788105101.58,0110,0,173,89,0.0
1788105101.60,001C,10,0,89,0.0
1788105101.63,001F,1,252,89,0.0
1788105101.63,010B,32,0,89,0.0
1788105101.67,0020,128,21,89,0.0
1788105101.68,0110,0,178,89,0.0
1788105101.70,0021,0,0,89,0.0
1788105101.73,002C,0,0,89,0.0
1788105101.73,010B,32,0,89,0.0
1788105101.76,002E,28,0,89,0.0
1788105101.78,0110,0,173,89,0.0
1788105101.79,0030,255,0,89,0.0
1788105101.83,003C,21,6,89,0.0
1788105101.83,010B,32,0,89,0.0
1788105101.86,0040,104,0,89,0.0
1788105101.89,0042,53,204,89,0.0
1788105101.92,0043,0,48,89,0.0
1788105101.93,010B,32,0,89,0.0
1788105101.96,0200,0,0,89,0.0
1788105101.98,0110,0,173,89,0.0
1788105101.99,0202,0,0,89,0.0
1788105102.03,0900,5,100,89,0.0
1788105102.03,010B,32,0,89,0.0
1788105102.06,0968,0,0,89,0.0
1788105102.08,0110,0,171,89,0.0
1788105102.09,096E,10,240,89,0.0
1788105102.12,097C,110,46,89,0.0
1788105102.14,010B,32,0,89,0.0
1788105102.15,098E,0,0,89,0.0
1788105102.19,1101,0,0,89,0.0
1788105102.23,1103,0,0,89,0.0
1788105102.24,010B,32,0,89,0.0
1788105102.26,1104,0,0,89,0.0
1788105102.29,0110,0,178,89,0.0
1788105102.29,114A,50,128,89,0.0
1788105102.32,114D,35,192,89,0.0
1788105102.33,010B,32,0,89,0.0
1788105102.35,1153,41,146,89,0.0
1788105102.38,0110,0,173,89,0.0
1788105102.39,0142,53,213,89,0.0
1788105102.43,1169,29,181,89,0.0
1788105102.43,010B,32,0,89,0.0
1788105102.46,1173,0,70,89,0.0
1788105102.49,1177,18,72,89,0.0
1788105102.52,1410,0,217,89,0.0
1788105102.53,010B,32,0,89,0.0
1788105102.56,1631,1,0,89,0.0
1788105102.59,1678,0,0,89,0.0
1788105102.62,1681,0,0,89,0.0
1788105102.63,010B,32,0,89,0.0
1788105102.65,16CD,0,0,89,0.0
1788105102.68,16CE,255,252,89,0.0
1788105102.68,0110,0,178,89,0.0
1788105102.71,16CF,13,52,89,0.0
1788105102.73,010B,32,0,89,0.0
1788105102.74,16E8,70,204,89,0.0
1788105102.78,16E9,0,116,89,0.0
1788105102.79,0110,0,180,89,0.0
1788105102.81,16F0,3,131,89,0.0
1788105102.84,010B,32,0,89,0.0
1788105102.84,1704,0,0,89,0.0
1788105102.87,1706,128,0,89,0.0
1788105102.88,0110,0,173,89,0.0
1788105102.90,1709,0,0,89,0.0
1788105102.93,010B,32,0,89,0.0
1788105102.94,1717,1,0,89,0.0
1788105102.97,1718,1,0,89,0.0
1788105102.98,0110,0,175,89,0.0
1788105103.01,1746,0,0,89,0.0
1788105103.04,1782,142,0,89,0.0
1788105103.07,1783,110,192,89,0.0
1788105103.08,0110,0,173,89,0.0
1788105103.10,17A0,31,0,89,0.0
1788105103.14,17A6,0,0,89,0.0
1788105103.17,17B0,18,0,89,0.0
1788105103.18,0110,0,175,89,0.0
1788105103.20,17B1,32,0,89,0.0
1788105103.23,17B2,4,0,89,0.0
1788105103.23,010B,32,0,89,0.0
1788105103.27,17B3,127,0,89,0.0
1788105103.28,0110,0,180,89,0.0
1788105103.30,17B5,80,0,89,0.0
1788105103.33,17B6,0,0,89,0.0
1788105103.33,010B,32,0,89,0.0
1788105103.36,17B8,239,0,89,0.0
1788105103.39,0110,0,168,89,0.0
1788105103.39,17BA,0,0,89,0.0
1788105103.43,17BB,0,0,89,0.0
1788105103.43,010B,32,0,89,0.0
1788105103.47,17BC,0,0,89,0.0
1788105103.48,0110,0,171,89,0.0
1788105103.50,17BD,64,0,89,0.0
1788105103.53,17BE,0,0,89,0.0
1788105103.53,010B,32,0,89,0.0
1788105103.56,17C1,234,0,89,0.0
1788105103.58,0110,0,178,89,0.0
1788105103.59,3201,23,112,89,0.0
1788105103.62,990A,44,0,89,0.0
1788105103.63,010B,32,0,89,0.0
1788105103.66,996E,13,72,89,0.0
1788105103.69,0110,0,173,89,0.0
1788105103.69,A211,0,0,89,0.0
1788105103.72,D100,129,0,89,0.0
1788105103.73,010B,32,0,89,0.0
1788105103.75,E21B,90,74,89,0.0
1788105103.78,E21C,49,56,89,0.0
1788105103.82,E21D,56,56,89,0.0
1788105103.83,010B,32,0,89,0.0
1788105103.86,E21E,70,0,89,0.0
1788105103.89,E6F0,90,74,89,0.0
1788105103.92,E6F2,240,0,89,0.0
1788105103.93,010B,32,0,89,0.0
1788105103.95,E6F3,240,0,89,0.0
1788105103.98,0105,129,0,89,0.0
1788105103.98,0110,0,171,89,0.0
1788105104.01,010F,95,0,89,0.0
1788105104.04,010B,32,0,89,0.0
1788105104.04,0110,0,224,89,0.0
1788105104.08,010B,33,0,89,0.0
1788105104.08,0110,1,112,89,0.0
1788105104.11,0106,127,0,89,0.0
1788105104.13,010B,34,0,89,0.0
1788105104.14,0107,130,0,89,0.0
1788105104.17,010E,149,0,89,0.0
1788105104.18,0110,1,40,89,0.0
1788105104.21,0142,53,194,89,0.0
1788105104.23,010B,36,0,89,0.0
1788105104.24,0000,190,63,89,0.0
1788105104.27,0002,0,0,89,0.0
1788105104.28,0110,0,254,89,0.0
1788105104.31,0003,2,0,89,0.0
1788105104.34,010B,37,0,89,0.0
1788105104.34,0005,129,0,89,0.0
1788105104.38,0006,127,0,89,0.0
1788105104.38,0110,0,236,89,0.0
1788105104.41,0007,130,0,89,0.0
1788105104.44,000B,37,0,89,0.0
1788105104.47,000C,12,38,89,0.0
1788105104.48,0110,0,230,89,0.0
1788105104.50,000D,0,0,89,0.0
1788105104.54,000E,131,0,89,0.0
1788105104.57,000F,95,0,89,0.0
1788105104.58,0110,1,50,89,0.0
1788105104.60,0010,1,53,89,0.0
1788105104.63,0011,30,0,89,0.0
1788105104.63,010B,39,0,89,0.0
1788105104.67,0013,1,0,89,0.0
1788105104.68,0110,1,27,89,0.0
1788105104.70,001C,10,0,89,0.0
1788105104.74,001F,2,0,89,0.0
1788105104.77,0020,128,21,89,0.0
1788105104.78,0110,1,8,89,0.0
1788105104.80,0021,0,0,89,0.0
1788105104.83,002C,0,0,89,0.0
1788105104.83,010B,40,0,89,0.0
1788105104.87,002E,34,0,89,0.0
1788105104.88,0110,1,1,89,0.0
1788105104.90,0030,255,0,89,0.0
1788105104.93,003C,21,5,89,0.0
1788105104.93,010B,40,0,89,0.0
1788105104.96,0040,104,0,89,0.0
1788105104.98,0110,1,33,89,0.0
1788105104.99,0042,52,215,89,0.0
1788105105.03,0043,0,67,89,0.0
1788105105.03,010B,41,0,89,0.0
1788105105.06,0200,0,0,89,0.0
1788105105.09,0110,1,30,89,0.0
1788105105.09,0202,0,0,89,0.0
1788105105.12,0900,6,39,89,0.0
1788105105.13,010B,42,0,89,0.0
1788105105.15,0968,0,0,89,0.0
1788105105.18,0110,1,11,89,0.0
1788105105.18,096E,11,84,89,0.0
1788105105.22,097C,110,40,89,0.0
1788105105.23,010B,43,0,89,0.0
1788105105.26,098E,0,0,89,0.0
1788105105.29,1101,1,0,89,0.0
1788105105.32,1103,4,0,89,0.0
1788105105.34,010B,43,0,89,0.0
1788105105.35,1104,1,0,89,0.0
1788105105.39,114A,50,128,89,0.0
1788105105.42,114D,35,192,89,0.0
1788105105.43,010B,43,0,89,0.0
1788105105.45,1153,58,34,89,0.0
1788105105.48,1154,29,192,89,0.0
1788105105.48,0110,1,4,89,0.0
1788105105.51,1169,29,181,89,0.0
1788105105.53,010B,43,0,89,0.0
1788105105.54,1173,0,60,89,0.0
1788105105.58,1177,20,160,89,0.0
1788105105.58,0110,1,4,89,0.0
1788105105.61,1410,1,52,89,0.0
1788105105.64,1631,1,0,89,0.0
1788105105.67,1678,0,0,89,0.0
1788105105.68,0110,1,8,89,0.0
1788105105.70,1681,0,0,89,0.0
1788105105.74,16CD,0,0,89,0.0
1788105105.77,16CE,255,249,89,0.0
1788105105.78,0110,1,1,89,0.0
1788105105.80,16CF,13,84,89,0.0
1788105105.83,16E8,88,214,89,0.0
1788105105.84,010B,43,0,89,0.0
1788105105.87,16E9,0,114,89,0.0
1788105105.88,0110,1,8,89,0.0
1788105105.90,16F0,3,131,89,0.0
1788105105.93,1704,0,0,89,0.0
1788105105.94,010B,43,0,89,0.0
1788105105.96,1706,128,0,89,0.0
1788105105.98,0110,0,254,89,0.0
1788105105.99,1709,0,0,89,0.0
1788105106.03,1717,1,0,89,0.0
1788105106.03,010B,43,0,89,0.0
1788105106.06,1718,1,0,89,0.0
1788105106.08,0110,1,4,89,0.0
1788105106.10,1746,0,0,89,0.0
1788105106.13,1782,142,0,89,0.0
1788105106.13,010B,43,0,89,0.0
1788105106.16,1783,110,192,89,0.0
1788105106.18,0110,1,8,89,0.0
1788105106.19,17A0,32,0,89,0.0
1788105106.22,17A6,0,0,89,0.0
1788105106.23,010B,43,0,89,0.0
1788105106.26,17B0,19,0,89,0.0
1788105106.28,0110,1,8,89,0.0
1788105106.29,17B1,32,0,89,0.0
1788105106.32,17B2,4,0,89,0.0
1788105106.33,010B,43,0,89,0.0
1788105106.35,17B3,127,0,89,0.0
1788105106.38,17B5,80,0,89,0.0
1788105106.42,17B6,0,0,89,0.0
1788105106.43,010B,44,0,89,0.0
1788105106.45,17B8,239,0,89,0.0
1788105106.48,17BA,0,0,89,0.0
1788105106.48,0110,1,8,89,0.0
1788105106.51,17BB,0,0,89,0.0
1788105106.53,010B,44,0,89,0.0
1788105106.54,17BC,0,0,89,0.0
1788105106.58,17BD,64,0,89,0.0
1788105106.58,0110,1,20,89,0.0
1788105106.62,17BE,0,0,89,0.0
1788105106.63,010B,44,0,89,0.0
1788105106.65,17C1,234,0,89,0.0
1788105106.68,3201,23,112,89,0.0
1788105106.68,0110,1,17,89,0.0
1788105106.71,990A,45,0,89,0.0
1788105106.73,010B,44,0,89,0.0
1788105106.74,996E,13,32,89,0.0
1788105106.78,A211,0,0,89,0.0
1788105106.78,0110,1,20,89,0.0
1788105106.81,D100,129,0,89,0.0
1788105106.83,010B,44,0,89,0.0
1788105106.84,E21B,90,74,89,0.0
1788105106.87,E21C,49,56,89,0.0
1788105106.88,0110,1,17,89,0.0
1788105106.90,E21D,56,56,89,0.0
1788105106.94,E21E,70,0,89,0.0
1788105106.97,E6F0,90,74,89,0.0
1788105106.98,0110,1,17,89,0.0
1788105107.00,E6F2,240,0,89,0.0
1788105107.03,E6F3,240,0,89,0.0
1788105107.03,010B,45,0,89,0.0
1788105107.07,0105,129,0,89,0.0
1788105107.08,0110,1,17,89,0.0
1788105107.10,010F,95,0,89,0.0
1788105107.13,0110,1,17,89,0.0
1788105107.13,010B,45,0,89,0.0
1788105107.16,010B,45,0,89,0.0
1788105107.18,0110,1,11,89,0.0
1788105107.20,0106,129,0,89,0.0
1788105107.23,0107,130,0,89,0.0
1788105107.23,010B,45,0,89,0.0
1788105107.26,010E,145,0,89,0.0
1788105107.28,0110,1,17,89,0.0
1788105107.30,0142,53,114,89,0.0
1788105107.33,0000,190,63,89,0.0
1788105107.33,010B,45,0,89,0.0
1788105107.36,0002,0,0,89,0.0
1788105107.38,0110,1,8,89,0.0
1788105107.39,17B3,127,0,89,0.0
1788105107.42,0005,129,0,89,0.0
1788105107.43,010B,45,0,89,0.0
1788105107.46,0006,129,0,89,0.0
1788105107.48,0110,1,4,89,0.0
1788105107.49,0007,130,0,89,0.0
1788105107.52,000B,45,0,89,0.0
1788105107.53,010B,45,0,89,0.0
1788105107.55,000C,11,120,89,0.0
1788105107.58,0110,1,8,89,0.0
1788105107.59,000D,0,0,89,0.0
1788105107.62,000E,138,0,89,0.0
1788105107.64,010B,44,0,89,0.0
1788105107.66,000F,95,0,89,0.0
1788105107.69,0010,0,254,89,0.0
1788105107.72,0011,30,0,89,0.0
1788105107.73,010B,44,0,89,0.0
1788105107.75,0013,1,0,89,0.0
1788105107.78,001C,10,0,89,0.0
1788105107.82,001F,2,3,89,0.0
1788105107.83,010B,44,0,89,0.0
1788105107.85,0020,128,21,89,0.0
1788105107.88,0021,0,0,89,0.0
1788105107.88,0110,0,248,89,0.0
1788105107.91,002C,0,0,89,0.0
1788105107.93,010B,43,0,89,0.0
1788105107.94,002E,36,0,89,0.0
1788105107.98,0030,255,0,89,0.0
1788105107.98,0110,0,245,89,0.0
1788105108.01,003C,21,6,89,0.0
1788105108.03,010B,43,0,89,0.0
1788105108.04,0040,104,0,89,0.0
1788105108.07,0042,53,196,89,0.0
1788105108.08,0110,0,251,89,0.0
1788105108.10,0043,0,68,89,0.0
1788105108.13,010B,43,0,89,0.0
1788105108.14,0200,0,0,89,0.0
1788105108.17,0202,0,0,89,0.0
1788105108.18,0110,0,254,89,0.0
1788105108.20,0900,6,54,89,0.0
1788105108.23,0968,0,0,89,0.0
1788105108.23,010B,43,0,89,0.0
1788105108.26,096E,11,64,89,0.0
1788105108.29,0110,0,251,89,0.0
1788105108.30,097C,110,40,89,0.0
1788105108.34,098E,0,0,89,0.0
1788105108.37,1101,1,0,89,0.0
1788105108.39,0110,0,248,89,0.0
1788105108.39,0142,53,171,89,0.0
1788105108.40,1103,4,0,89,0.0
1788105108.43,1104,1,0,89,0.0
1788105108.43,010B,43,0,89,0.0
1788105108.47,114A,50,128,89,0.0
1788105108.48,0110,0,254,89,0.0
1788105108.50,114D,35,192,89,0.0
1788105108.53,1153,57,127,89,0.0
1788105108.53,010B,43,0,89,0.0
1788105108.56,1154,29,192,89,0.0
1788105108.59,0110,0,245,89,0.0
1788105108.59,1169,29,181,89,0.0
1788105108.62,1173,3,32,89,0.0
1788105108.64,010B,43,0,89,0.0
1788105108.66,1177,20,140,89,0.0
1788105108.69,0110,1,1,89,0.0
1788105108.69,1410,1,46,89,0.0
1788105108.72,1631,1,0,89,0.0
1788105108.73,010B,43,0,89,0.0
1788105108.75,1678,0,0,89,0.0
1788105108.78,1681,0,0,89,0.0
1788105108.82,16CD,0,0,89,0.0
1788105108.83,010B,43,0,89,0.0
1788105108.85,16CE,255,245,89,0.0
1788105108.88,16CF,13,51,89,0.0
1788105108.88,0110,1,1,89,0.0
1788105108.92,16E8,89,29,89,0.0
1788105108.93,010B,43,0,89,0.0
1788105108.95,16E9,0,119,89,0.0
1788105108.98,16F0,3,131,89,0.0
1788105109.02,1704,0,0,89,0.0
1788105109.03,010B,43,0,89,0.0
1788105109.05,1706,128,0,89,0.0
1788105109.08,1709,0,0,89,0.0
1788105109.08,0110,0,248,89,0.0
1788105109.11,1717,1,0,89,0.0
1788105109.13,010B,43,0,89,0.0
1788105109.14,1718,1,0,89,0.0
1788105109.18,1746,0,0,89,0.0
1788105109.18,0110,1,1,89,0.0
1788105109.21,1782,142,0,89,0.0
1788105109.23,010B,43,0,89,0.0
1788105109.24,1783,110,192,89,0.0
1788105109.27,17A0,31,0,89,0.0
1788105109.28,0110,0,254,89,0.0
1788105109.30,17A6,0,0,89,0.0
1788105109.34,17B0,19,0,89,0.0
1788105109.37,17B1,32,0,89,0.0
1788105109.38,0110,0,251,89,0.0
1788105109.39,17B3,127,0,89,0.0
1788105109.40,17B2,4,0,89,0.0
1788105109.43,17B3,127,0,89,0.0
1788105109.43,010B,43,0,89,0.0
1788105109.46,17B5,80,0,89,0.0
1788105109.48,0110,1,1,89,0.0
1788105109.50,17B6,0,0,89,0.0
1788105109.53,17B8,239,0,89,0.0
1788105109.53,010B,43,0,89,0.0
1788105109.57,17BA,0,0,89,0.0
1788105109.58,0110,0,254,89,0.0
1788105109.60,17BB,0,0,89,0.0
1788105109.63,17BC,0,0,89,0.0
1788105109.63,010B,43,0,89,0.0
1788105109.66,17BD,64,0,89,0.0
1788105109.68,0110,0,251,89,0.0
1788105109.70,17BE,0,0,89,0.0
1788105109.73,17C1,234,0,89,0.0
1788105109.73,010B,43,0,89,0.0
1788105109.76,3201,23,112,89,0.0
1788105109.78,0110,0,254,89,0.0
1788105109.79,990A,44,0,89,0.0
1788105109.82,996E,13,32,89,0.0
1788105109.83,010B,43,0,89,0.0
1788105109.86,A211,0,0,89,0.0
1788105109.88,0110,0,254,89,0.0
1788105109.89,D100,129,0,89,0.0
1788105109.92,E21B,90,74,89,0.0
1788105109.93,010B,43,0,89,0.0
1788105109.96,E21C,49,56,89,0.0
1788105109.99,0110,1,1,89,0.0
1788105109.99,E21D,56,56,89,0.0
1788105110.02,E21E,70,0,89,0.0
1788105110.03,010B,43,0,89,0.0
1788105110.06,E6F0,90,74,89,0.0
1788105110.08,0110,0,248,89,0.0
1788105110.09,E6F2,240,0,89,0.0
1788105110.12,E6F3,240,0,89,0.0
1788105110.13,010B,43,0,89,0.0
1788105110.15,0105,129,0,89,0.0
1788105110.18,010F,95,0,89,0.0
1788105110.19,0110,0,245,89,0.0
1788105110.22,0110,0,251,89,0.0
1788105110.23,010B,43,0,89,0.0
1788105110.25,010B,43,0,89,0.0
1788105110.28,0106,129,0,89,0.0
1788105110.28,0110,0,248,89,0.0
1788105110.31,0107,130,0,89,0.0
1788105110.33,010B,43,0,89,0.0
1788105110.35,010E,144,0,89,0.0
1788105110.38,0142,53,191,89,0.0
1788105110.38,0110,0,248,89,0.0
1788105110.42,0000,190,63,89,0.0
1788105110.43,010B,43,0,89,0.0
1788105110.45,0002,0,0,89,0.0
1788105110.48,0003,2,0,89,0.0
1788105110.48,0110,0,251,89,0.0
1788105110.51,0005,129,0,89,0.0
1788105110.53,010B,43,0,89,0.0
1788105110.54,0006,130,0,89,0.0
1788105110.58,0007,130,0,89,0.0
1788105110.58,0110,1,1,89,0.0
1788105110.61,000B,43,0,89,0.0
1788105110.64,010B,43,0,89,0.0
1788105110.65,000C,11,46,89,0.0
1788105110.68,000D,0,0,89,0.0
1788105110.68,0110,0,254,89,0.0
1788105110.71,000E,142,0,89,0.0
1788105110.74,010B,43,0,89,0.0
1788105110.74,000F,95,0,89,0.0
1788105110.78,0010,0,251,89,0.0
1788105110.78,0110,0,254,89,0.0
1788105110.81,0011,30,0,89,0.0
1788105110.83,010B,43,0,89,0.0
1788105110.84,0013,1,0,89,0.0
1788105110.87,001C,10,0,89,0.0
1788105110.88,0110,0,254,89,0.0
1788105110.90,001F,2,6,89,0.0
1788105110.94,0020,128,21,89,0.0
1788105110.97,0021,0,0,89,0.0
1788105110.98,0110,0,248,89,0.0
1788105111.00,002C,0,0,89,0.0
1788105111.03,002E,35,0,89,0.0
1788105111.03,010B,43,0,89,0.0
1788105111.06,0030,255,0,89,0.0
1788105111.08,0110,0,251,89,0.0
1788105111.10,003C,21,6,89,0.0
1788105111.14,0040,104,0,89,0.0
1788105111.17,0042,53,188,89,0.0
1788105111.18,0110,0,251,89,0.0
1788105111.20,0043,0,68,89,0.0
1788105111.23,0200,0,0,89,0.0
1788105111.23,010B,43,0,89,0.0
1788105111.26,0202,0,0,89,0.0
1788105111.28,0110,0,248,89,0.0
1788105111.30,0900,6,54,89,0.0
1788105111.33,0968,0,0,89,0.0
1788105111.33,010B,43,0,89,0.0
1788105111.36,096E,11,14,89,0.0
1788105111.38,0110,0,245,89,0.0
1788105111.39,17B3,127,0,89,0.0
1788105111.42,098E,0,0,89,0.0
1788105111.44,010B,43,0,89,0.0
1788105111.46,1101,1,0,89,0.0
1788105111.48,0110,1,1,89,0.0
1788105111.49,1103,4,0,89,0.0
1788105111.52,1104,1,0,89,0.0
1788105111.53,010B,43,0,89,0.0
1788105111.55,114A,50,128,89,0.0
1788105111.58,114D,35,192,89,0.0
1788105111.62,1153,57,198,89,0.0
1788105111.63,010B,43,0,89,0.0
1788105111.65,1154,29,192,89,0.0
1788105111.69,1169,29,181,89,0.0
1788105111.72,1173,2,153,89,0.0
1788105111.73,010B,43,0,89,0.0
1788105111.75,1177,20,140,89,0.0
1788105111.78,1410,1,50,89,0.0
1788105111.79,0110,1,1,89,0.0
1788105111.82,1631,1,0,89,0.0
1788105111.83,010B,43,0,89,0.0
1788105111.85,1678,0,0,89,0.0
1788105111.88,1681,0,0,89,0.0
1788105111.88,0110,0,251,89,0.0
1788105111.91,16CD,0,0,89,0.0
1788105111.93,010B,43,0,89,0.0
1788105111.94,16CE,255,247,89,0.0
1788105111.98,16CF,13,48,89,0.0
1788105111.98,0110,0,254,89,0.0
1788105112.01,16E8,88,253,89,0.0
1788105112.03,010B,43,0,89,0.0
1788105112.04,16E9,0,120,89,0.0
1788105112.07,16F0,3,131,89,0.0
1788105112.08,0110,0,254,89,0.0
1788105112.11,1704,0,0,89,0.0
1788105112.13,010B,43,0,89,0.0
1788105112.14,1706,128,0,89,0.0
1788105112.18,1709,0,0,89,0.0
1788105112.18,0110,0,251,89,0.0
1788105112.21,1717,1,0,89,0.0
1788105112.23,010B,43,0,89,0.0
1788105112.24,1718,1,0,89,0.0
1788105112.27,1746,0,0,89,0.0
1788105112.28,0110,0,254,89,0.0
1788105112.30,1782,142,0,89,0.0
1788105112.34,1783,110,192,89,0.0
1788105112.37,17A0,32,0,89,0.0
1788105112.38,0110,0,248,89,0.0
1788105112.40,17A6,0,0,89,0.0
1788105112.43,17B0,18,0,89,0.0
1788105112.43,010B,43,0,89,0.0
1788105112.47,17B1,32,0,89,0.0
1788105112.48,0110,0,248,89,0.0
1788105112.50,17B2,4,0,89,0.0
1788105112.54,17B3,127,0,89,0.0
1788105112.57,17B5,80,0,89,0.0
1788105112.58,0110,0,254,89,0.0
1788105112.60,17B6,0,0,89,0.0
1788105112.63,17B8,239,0,89,0.0
1788105112.63,010B,43,0,89,0.0
1788105112.66,17BA,0,0,89,0.0
1788105112.68,0110,1,1,89,0.0
1788105112.70,17BB,0,0,89,0.0
1788105112.73,17BC,0,0,89,0.0
1788105112.73,010B,43,0,89,0.0
1788105112.76,17BD,65,0,89,0.0
1788105112.78,0110,0,251,89,0.0
1788105112.79,17BE,0,0,89,0.0
1788105112.82,17C1,234,0,89,0.0
1788105112.83,010B,43,0,89,0.0
1788105112.86,3201,23,112,89,0.0
1788105112.88,0110,0,251,89,0.0
1788105112.89,990A,44,0,89,0.0
1788105112.93,996E,13,72,89,0.0
1788105112.93,010B,43,0,89,0.0
1788105112.96,A211,0,0,89,0.0
1788105112.99,0110,0,245,89,0.0
1788105112.99,D100,129,0,89,0.0
1788105113.02,E21B,90,74,89,0.0
1788105113.04,010B,43,0,89,0.0
1788105113.06,E21C,49,56,89,0.0
1788105113.09,E21D,56,56,89,0.0
1788105113.12,E21E,70,0,89,0.0
1788105113.13,010B,43,0,89,0.0
1788105113.15,E6F0,90,74,89,0.0
1788105113.18,E6F2,240,0,89,0.0
1788105113.22,E6F3,240,0,89,0.0
1788105113.23,010B,43,0,89,0.0
1788105113.25,0105,129,0,89,0.0
1788105113.28,010F,95,0,89,0.0
1788105113.28,0110,0,251,89,0.0
1788105113.31,0110,0,251,89,0.0
1788105113.33,010B,43,0,89,0.0
1788105113.34,010B,43,0,89,0.0
1788105113.38,0106,128,0,89,0.0
1788105113.39,0110,0,254,89,0.0
1788105113.39,17B3,127,0,89,0.0
1788105113.41,0107,130,0,89,0.0
1788105113.43,010B,43,0,89,0.0
1788105113.44,010E,141,0,89,0.0
1788105113.48,0142,53,176,89,0.0
1788105113.48,0110,0,248,89,0.0
1788105113.51,0000,190,63,89,0.0
1788105113.53,010B,43,0,89,0.0
1788105113.54,0002,0,0,89,0.0
1788105113.58,0003,2,0,89,0.0
1788105113.58,0110,0,242,89,0.0
1788105113.61,0005,129,0,89,0.0
1788105113.63,010B,43,0,89,0.0
1788105113.64,0006,128,0,89,0.0
1788105113.67,0007,130,0,89,0.0
1788105113.68,0110,0,251,89,0.0
1788105113.70,000B,43,0,89,0.0
1788105113.74,000C,10,251,89,0.0
1788105113.78,000D,0,0,89,0.0
1788105113.78,0110,0,251,89,0.0
1788105113.80,000E,143,0,89,0.0
1788105113.84,000F,95,0,89,0.0
1788105113.87,0010,0,254,89,0.0
1788105113.88,0110,0,248,89,0.0
1788105113.90,0011,30,0,89,0.0
1788105113.94,0013,1,0,89,0.0
1788105113.97,001C,10,0,89,0.0
1788105113.98,0110,0,254,89,0.0
1788105114.00,001F,2,9,89,0.0
1788105114.03,0020,128,21,89,0.0
1788105114.03,010B,43,0,89,0.0
1788105114.06,0021,0,0,89,0.0
1788105114.08,0110,0,254,89,0.0
1788105114.10,002C,0,0,89,0.0
1788105114.13,002E,35,0,89,0.0
1788105114.13,010B,43,0,89,0.0
1788105114.16,0030,255,0,89,0.0
1788105114.18,0110,0,248,89,0.0
1788105114.19,003C,21,7,89,0.0
1788105114.23,0040,104,0,89,0.0
1788105114.23,010B,43,0,89,0.0
1788105114.26,0042,53,176,89,0.0
1788105114.28,0110,0,245,89,0.0
1788105114.30,0043,0,69,89,0.0
1788105114.33,0200,0,0,89,0.0
1788105114.34,010B,43,0,89,0.0
1788105114.36,0202,0,0,89,0.0
1788105114.39,0110,0,251,89,0.0
1788105114.39,0900,6,59,89,0.0
1788105114.42,0968,0,0,89,0.0
1788105114.43,010B,43,0,89,0.0
1788105114.46,096E,10,240,89,0.0
1788105114.49,097C,110,41,89,0.0
1788105114.52,098E,0,0,89,0.0
1788105114.53,010B,43,0,89,0.0
1788105114.55,1101,1,0,89,0.0
1788105114.58,1103,4,0,89,0.0
1788105114.62,1104,1,0,89,0.0
1788105114.63,010B,43,0,89,0.0
1788105114.65,114A,50,128,89,0.0
1788105114.68,114D,35,192,89,0.0
1788105114.68,0110,0,254,89,0.0
1788105114.71,1153,57,35,89,0.0
1788105114.73,010B,43,0,89,0.0
1788105114.74,1154,29,192,89,0.0
1788105114.78,1169,29,181,89,0.0
1788105114.82,1173,0,100,89,0.0
1788105114.83,010B,43,0,89,0.0
1788105114.85,1177,20,120,89,0.0
1788105114.88,1410,1,54,89,0.0
1788105114.88,0110,0,245,89,0.0
1788105114.91,1631,1,0,89,0.0
1788105114.93,010B,43,0,89,0.0
1788105114.94,1678,0,0,89,0.0
1788105114.98,1681,0,0,89,0.0
1788105114.98,0110,0,254,89,0.0
1788105115.01,16CD,0,0,89,0.0
1788105115.03,010B,43,0,89,0.0
1788105115.04,16CE,255,247,89,0.0
1788105115.07,16CF,12,211,89,0.0
1788105115.08,0110,0,248,89,0.0
1788105115.10,16E8,92,35,89,0.0
1788105115.14,16E9,0,118,89,0.0
1788105115.17,16F0,3,131,89,0.0
1788105115.18,0110,0,245,89,0.0
1788105115.20,1704,0,0,89,0.0
1788105115.24,1706,128,0,89,0.0
1788105115.27,1709,0,0,89,0.0
1788105115.28,0110,0,245,89,0.0
1788105115.30,1717,1,0,89,0.0
1788105115.34,1718,1,0,89,0.0
1788105115.37,1746,0,0,89,0.0
1788105115.39,0110,0,242,89,0.0
1788105115.40,1782,142,0,89,0.0
1788105115.43,1783,110,192,89,0.0
1788105115.43,010B,43,0,89,0.0
1788105115.46,17A0,31,0,89,0.0
1788105115.48,0110,0,248,89,0.0
1788105115.50,17A6,0,0,89,0.0
1788105115.53,17B0,19,0,89,0.0
1788105115.53,010B,43,0,89,0.0
1788105115.56,17B1,32,0,89,0.0
1788105115.58,0110,1,1,89,0.0
1788105115.59,17B2,4,0,89,0.0
1788105115.62,17B3,127,0,89,0.0
1788105115.64,010B,43,0,89,0.0
1788105115.66,17B5,80,0,89,0.0
1788105115.68,0110,0,251,89,0.0
1788105115.69,17B6,0,0,89,0.0
1788105115.72,17B8,239,0,89,0.0
1788105115.73,010B,43,0,89,0.0
1788105115.75,17BA,0,0,89,0.0
1788105115.78,17BB,0,0,89,0.0
1788105115.78,0110,0,254,89,0.0
1788105115.82,17BC,0,0,89,0.0
1788105115.83,010B,43,0,89,0.0
1788105115.85,17BD,65,0,89,0.0
1788105115.88,17BE,0,0,89,0.0
1788105115.88,0110,0,251,89,0.0
1788105115.91,17C1,234,0,89,0.0
1788105115.93,010B,43,0,89,0.0
1788105115.94,3201,23,112,89,0.0
1788105115.98,990A,43,0,89,0.0
1788105115.98,0110,0,245,89,0.0
1788105116.01,996E,13,112,89,0.0
1788105116.03,010B,43,0,89,0.0
1788105116.05,A211,0,0,89,0.0
1788105116.08,D100,129,0,89,0.0
1788105116.08,0110,0,251,89,0.0
1788105116.11,E21B,90,74,89,0.0
1788105116.13,010B,43,0,89,0.0
1788105116.14,E21C,49,56,89,0.0
1788105116.18,E21D,56,56,89,0.0
1788105116.18,0110,1,1,89,0.0
1788105116.21,E21E,70,0,89,0.0
1788105116.23,010B,43,0,89,0.0
1788105116.24,E6F0,90,74,89,0.0
1788105116.27,E6F2,240,0,89,0.0
1788105116.28,0110,0,248,89,0.0
1788105116.30,E6F3,240,0,89,0.0
1788105116.33,0105,129,0,89,0.0
1788105116.33,010B,43,0,89,0.0
1788105116.37,010F,95,0,89,0.0
1788105116.39,0110,0,245,89,0.0
1788105116.40,0110,0,248,89,0.0
1788105116.43,010B,43,0,89,0.0
1788105116.43,010B,43,0,89,0.0
1788105116.46,0106,131,0,89,0.0
1788105116.48,0110,0,248,89,0.0
1788105116.49,0107,130,0,89,0.0
1788105116.53,010E,143,0,89,0.0
1788105116.53,010B,43,0,89,0.0
1788105116.56,0142,53,179,89,0.0
1788105116.58,0110,0,251,89,0.0
1788105116.60,0000,190,63,89,0.0
1788105116.63,0002,0,0,89,0.0
1788105116.63,010B,43,0,89,0.0
1788105116.66,0003,2,0,89,0.0
1788105116.68,0110,0,248,89,0.0
1788105116.70,0005,129,0,89,0.0
1788105116.73,0006,129,0,89,0.0
1788105116.73,010B,43,0,89,0.0
1788105116.76,0007,130,0,89,0.0
1788105116.78,0110,0,251,89,0.0
1788105116.79,000B,43,0,89,0.0
1788105116.82,000C,10,254,89,0.0
1788105116.83,010B,43,0,89,0.0
1788105116.86,000D,0,0,89,0.0
1788105116.88,0110,0,245,89,0.0
1788105116.92,000F,95,0,89,0.0
1788105116.93,010B,43,0,89,0.0
1788105116.95,0010,0,245,89,0.0
1788105116.98,0011,30,0,89,0.0
1788105116.99,0110,0,251,89,0.0
1788105117.02,0013,1,0,89,0.0
1788105117.03,010B,43,0,89,0.0
1788105117.05,001C,10,0,89,0.0
1788105117.08,001F,2,12,89,0.0
1788105117.08,0110,0,248,89,0.0
1788105117.11,0020,128,21,89,0.0
1788105117.13,010B,43,0,89,0.0
1788105117.14,0021,0,0,89,0.0
1788105117.18,002C,0,0,89,0.0
1788105117.18,0110,0,242,89,0.0
1788105117.22,002E,34,0,89,0.0
1788105117.23,010B,43,0,89,0.0
1788105117.25,0030,255,0,89,0.0
1788105117.28,003C,21,7,89,0.0
1788105117.28,0110,0,254,89,0.0
1788105117.31,0040,104,0,89,0.0
1788105117.33,010B,43,0,89,0.0
1788105117.34,0042,53,179,89,0.0
1788105117.38,0043,0,69,89,0.0
1788105117.38,0110,0,251,89,0.0
1788105117.39,17B3,127,0,89,0.0
1788105117.41,0200,0,0,89,0.0
1788105117.44,0202,0,0,89,0.0
1788105117.47,0900,6,59,89,0.0
1788105117.48,0110,0,248,89,0.0
1788105117.50,0968,0,0,89,0.0
1788105117.54,096E,10,240,89,0.0
1788105117.57,097C,110,49,89,0.0
1788105117.58,0110,0,251,89,0.0
1788105117.61,098E,0,0,89,0.0
1788105117.64,1101,1,0,89,0.0
1788105117.67,1103,4,0,89,0.0
1788105117.68,0110,0,254,89,0.0
1788105117.70,1104,1,0,89,0.0
1788105117.74,114A,50,128,89,0.0
1788105117.77,114D,35,192,89,0.0
1788105117.78,0110,0,251,89,0.0
1788105117.80,1153,57,169,89,0.0
1788105117.84,1154,29,192,89,0.0
1788105117.87,1169,29,181,89,0.0
1788105117.88,0110,0,248,89,0.0
1788105117.90,1173,0,230,89,0.0
1788105117.94,1177,20,160,89,0.0
1788105117.97,1410,1,52,89,0.0
1788105117.98,0110,0,248,89,0.0
1788105118.00,1631,1,0,89,0.0
1788105118.03,1678,0,0,89,0.0
1788105118.03,010B,43,0,89,0.0
1788105118.06,1681,0,0,89,0.0
1788105118.08,0110,0,245,89,0.0
1788105118.10,16CD,0,0,89,0.0
1788105118.13,16CE,255,246,89,0.0
1788105118.13,010B,43,0,89,0.0
1788105118.16,16CF,13,55,89,0.0
1788105118.19,0110,0,242,89,0.0
1788105118.19,16E8,78,225,89,0.0
1788105118.22,16E9,0,118,89,0.0
1788105118.23,010B,43,0,89,0.0
1788105118.26,16F0,3,131,89,0.0
1788105118.29,1704,0,0,89,0.0
1788105118.32,1706,128,0,89,0.0
1788105118.33,010B,43,0,89,0.0
1788105118.35,1709,0,0,89,0.0
1788105118.38,1717,1,0,89,0.0
1788105118.42,1718,1,0,89,0.0
1788105118.44,010B,43,0,89,0.0
1788105118.46,1746,0,0,89,0.0
1788105118.49,1782,141,192,89,0.0
1788105118.52,1783,110,192,89,0.0
1788105118.54,010B,43,0,89,0.0
1788105118.55,17A0,32,0,89,0.0
1788105118.58,17A6,0,0,89,0.0
1788105118.58,0110,0,254,89,0.0
1788105118.62,17B0,19,0,89,0.0
1788105118.63,010B,43,0,89,0.0
1788105118.65,17B1,32,0,89,0.0
1788105118.68,17B2,4,0,89,0.0
1788105118.68,0110,0,242,89,0.0
1788105118.72,17B3,127,0,89,0.0
1788105118.73,010B,43,0,89,0.0
1788105118.75,17B5,80,0,89,0.0
1788105118.78,17B6,0,0,89,0.0
1788105118.79,0110,0,251,89,0.0
1788105118.82,17B8,239,0,89,0.0
1788105118.83,010B,43,0,89,0.0
1788105118.85,17BA,0,0,89,0.0
1788105118.88,17BB,0,0,89,0.0
1788105118.88,0110,0,254,89,0.0
1788105118.91,17BC,0,0,89,0.0
1788105118.93,010B,43,0,89,0.0
1788105118.94,17BD,65,0,89,0.0
1788105118.98,17BE,0,0,89,0.0
1788105118.98,0110,0,245,89,0.0
1788105119.01,17C1,234,0,89,0.0
1788105119.03,010B,43,0,89,0.0
1788105119.04,3201,23,112,89,0.0
1788105119.07,990A,43,0,89,0.0
1788105119.08,0110,0,248,89,0.0
1788105119.10,996E,13,132,89,0.0
1788105119.13,010B,43,0,89,0.0
1788105119.14,A211,0,0,89,0.0
1788105119.18,D100,129,0,89,0.0
1788105119.18,0110,0,207,89,0.0
1788105119.21,E21B,90,74,89,0.0
1788105119.24,E21C,49,56,89,0.0
1788105119.27,E21D,56,56,89,0.0
1788105119.28,0110,0,187,89,0.0
1788105119.30,E21E,70,0,89,0.0
1788105119.34,E6F0,90,74,89,0.0
1788105119.37,E6F2,240,0,89,0.0
1788105119.39,0110,0,192,89,0.0
1788105119.39,17B3,127,0,89,0.0
1788105119.40,E6F3,240,0,89,0.0
1788105119.43,0105,129,0,89,0.0
1788105119.43,010B,40,0,89,0.0
1788105119.46,010F,95,0,89,0.0
1788105119.48,0110,0,187,89,0.0
1788105119.49,0110,0,183,89,0.0
1788105119.53,010B,39,0,89,0.0
1788105119.53,010B,39,0,89,0.0
1788105119.56,0106,129,0,89,0.0
1788105119.58,0110,0,180,89,0.0
1788105119.59,0107,130,0,89,0.0
1788105119.62,010E,130,0,89,0.0
1788105119.63,010B,39,0,89,0.0
1788105119.66,0142,54,46,89,0.0
1788105119.68,0110,0,187,89,0.0
1788105119.69,0000,190,63,89,0.0
1788105119.72,0002,0,0,89,0.0
1788105119.74,010B,38,0,89,0.0
1788105119.75,0003,2,0,89,0.0
1788105119.78,0110,0,180,89,0.0
1788105119.82,0006,128,0,89,0.0
1788105119.84,010B,37,0,89,0.0
1788105119.86,0007,130,0,89,0.0
1788105119.89,000B,36,0,89,0.0
1788105119.92,000C,11,175,89,0.0
1788105119.93,010B,36,0,89,0.0
1788105119.95,000D,0,0,89,0.0
1788105119.98,000E,123,0,89,0.0
1788105119.98,0110,0,178,89,0.0
1788105120.02,000F,95,0,89,0.0
1788105120.03,010B,35,0,89,0.0
1788105120.05,0010,0,178,89,0.0
1788105120.08,0011,30,0,89,0.0
1788105120.08,0110,0,178,89,0.0
1788105120.11,0013,1,0,89,0.0
1788105120.13,010B,34,0,89,0.0
1788105120.14,001C,10,0,89,0.0
1788105120.18,001F,2,16,89,0.0
1788105120.19,0110,0,168,89,0.0
1788105120.21,0020,128,21,89,0.0
1788105120.23,010B,34,0,89,0.0
1788105120.24,0021,0,0,89,0.0
1788105120.27,002C,0,0,89,0.0
1788105120.28,0110,0,173,89,0.0
1788105120.30,002E,30,0,89,0.0
1788105120.34,0030,255,0,89,0.0
1788105120.38,003C,21,7,89,0.0
1788105120.39,0110,0,168,89,0.0
1788105120.41,0040,104,0,89,0.0
1788105120.44,0042,53,251,89,0.0
1788105120.47,0043,0,49,89,0.0
1788105120.48,0110,0,178,89,0.0
1788105120.50,0200,0,0,89,0.0
1788105120.54,0202,0,0,89,0.0
1788105120.57,0900,5,110,89,0.0
1788105120.58,0110,0,175,89,0.0
1788105120.60,0968,0,0,89,0.0
1788105120.63,096E,10,240,89,0.0
1788105120.63,010B,32,0,89,0.0
1788105120.66,097C,110,49,89,0.0
1788105120.68,0110,0,171,89,0.0
1788105120.70,098E,0,0,89,0.0
1788105120.73,1101,0,0,89,0.0
1788105120.73,010B,32,0,89,0.0
1788105120.76,1103,0,0,89,0.0
1788105120.78,0110,0,175,89,0.0
1788105120.79,1104,0,0,89,0.0
1788105120.82,114A,50,128,89,0.0
1788105120.83,010B,32,0,89,0.0
1788105120.86,114D,35,192,89,0.0
1788105120.88,0110,0,175,89,0.0
1788105120.89,1153,41,208,89,0.0
1788105120.92,1154,29,192,89,0.0
1788105120.93,010B,32,0,89,0.0
1788105120.95,1169,29,181,89,0.0
1788105120.98,1173,2,168,89,0.0
1788105120.98,0110,0,183,89,0.0
1788105121.02,1177,18,132,89,0.0
1788105121.03,010B,32,0,89,0.0
1788105121.05,1410,0,213,89,0.0
1788105121.08,1631,1,0,89,0.0
1788105121.08,0110,0,175,89,0.0
1788105121.12,1678,0,0,89,0.0
1788105121.13,010B,32,0,89,0.0
1788105121.15,1681,0,0,89,0.0
1788105121.18,16CD,0,0,89,0.0
1788105121.18,0110,0,175,89,0.0
1788105121.22,16CE,255,252,89,0.0
1788105121.23,010B,32,0,89,0.0
1788105121.25,16CF,13,32,89,0.0
1788105121.28,16E8,68,192,89,0.0
1788105121.28,0110,0,178,89,0.0
1788105121.31,16E9,0,117,89,0.0
1788105121.33,010B,32,0,89,0.0
1788105121.34,16F0,3,131,89,0.0
1788105121.38,1704,0,0,89,0.0
1788105121.38,0110,0,178,89,0.0
1788105121.39,17B3,127,0,89,0.0
1788105121.41,1706,128,0,89,0.0
1788105121.44,010B,32,0,89,0.0
1788105121.44,1709,0,0,89,0.0
1788105121.47,1717,1,0,89,0.0
1788105121.48,0110,0,180,89,0.0
1788105121.50,1718,1,0,89,0.0
1788105121.53,010B,32,0,89,0.0
1788105121.54,1746,0,0,89,0.0
1788105121.57,1782,141,192,89,0.0
1788105121.58,0110,0,178,89,0.0
1788105121.60,1783,110,192,89,0.0
1788105121.63,17A0,32,0,89,0.0
1788105121.63,010B,32,0,89,0.0
1788105121.67,17A6,0,0,89,0.0
1788105121.68,0110,0,178,89,0.0
1788105121.70,17B0,18,0,89,0.0
1788105121.74,17B1,32,0,89,0.0
1788105121.77,17B2,4,0,89,0.0
1788105121.78,0110,0,178,89,0.0
1788105121.80,17B3,127,0,89,0.0
1788105121.83,17B5,80,0,89,0.0
1788105121.83,010B,32,0,89,0.0
1788105121.86,17B6,0,0,89,0.0
1788105121.89,0110,0,175,89,0.0
1788105121.90,17B8,239,0,89,0.0
1788105121.93,17BA,0,0,89,0.0
1788105121.93,010B,32,0,89,0.0
1788105121.96,17BB,0,0,89,0.0
1788105121.98,0110,0,180,89,0.0
1788105121.99,17BC,0,0,89,0.0
1788105122.02,17BD,65,0,89,0.0
1788105122.03,010B,32,0,89,0.0
1788105122.06,17BE,0,0,89,0.0
1788105122.08,0110,0,180,89,0.0
1788105122.09,17C1,234,0,89,0.0
1788105122.12,3201,23,112,89,0.0
1788105122.13,010B,32,0,89,0.0
1788105122.16,990A,43,0,89,0.0
1788105122.19,996E,13,132,89,0.0
1788105122.22,A211,0,0,89,0.0
1788105122.23,010B,32,0,89,0.0
1788105122.26,D100,129,0,89,0.0
1788105122.29,E21B,90,74,89,0.0
1788105122.32,E21C,49,56,89,0.0
1788105122.33,010B,32,0,89,0.0
1788105122.35,E21D,56,56,89,0.0
1788105122.38,E21E,70,0,89,0.0
1788105122.38,0110,0,175,89,0.0
1788105122.42,E6F0,90,74,89,0.0
1788105122.43,010B,32,0,89,0.0
1788105122.45,E6F2,240,0,89,0.0
1788105122.48,E6F3,240,0,89,0.0
1788105122.48,0110,0,173,89,0.0
1788105122.51,0105,129,0,89,0.0
1788105122.53,010B,32,0,89,0.0
1788105122.54,010F,95,0,89,0.0
1788105122.58,0110,0,173,89,0.0
1788105122.58,0110,0,173,89,0.0
1788105122.61,010B,32,0,89,0.0
1788105122.63,010B,32,0,89,0.0
1788105122.64,0106,129,0,89,0.0
1788105122.67,0107,130,0,89,0.0
1788105122.68,0110,0,175,89,0.0
1788105122.70,010E,141,0,89,0.0
1788105122.74,010B,32,0,89,0.0
1788105122.74,0142,53,199,89,0.0
1788105122.78,0000,190,63,89,0.0
1788105122.78,0110,0,178,89,0.0
1788105122.81,0002,0,0,89,0.0
1788105122.84,0003,2,0,89,0.0
1788105122.87,0005,129,0,89,0.0
1788105122.88,0110,0,180,89,0.0
1788105122.90,0006,128,0,89,0.0
1788105122.94,0007,130,0,89,0.0
1788105122.97,000B,32,0,89,0.0
1788105122.98,0110,0,173,89,0.0
1788105123.00,000C,11,43,89,0.0
1788105123.03,000D,0,0,89,0.0
1788105123.03,010B,32,0,89,0.0
1788105123.06,000E,140,0,89,0.0
1788105123.08,0110,0,175,89,0.0
1788105123.10,000F,95,0,89,0.0
1788105123.13,0010,0,175,89,0.0
1788105123.13,010B,32,0,89,0.0
1788105123.16,0011,30,0,89,0.0
1788105123.19,0110,0,173,89,0.0
1788105123.19,0013,1,0,89,0.0
1788105123.22,001C,10,0,89,0.0
1788105123.23,010B,32,0,89,0.0
1788105123.26,001F,2,17,89,0.0
1788105123.28,0110,0,175,89,0.0
1788105123.29,0020,128,21,89,0.0
1788105123.32,0021,0,0,89,0.0
1788105123.33,010B,32,0,89,0.0
1788105123.36,002C,0,0,89,0.0
1788105123.38,0110,0,173,89,0.0
1788105123.39,002E,29,0,89,0.0
1788105123.42,0030,255,0,89,0.0
1788105123.43,010B,32,0,89,0.0
1788105123.46,003C,21,7,89,0.0
1788105123.49,0040,104,0,89,0.0
1788105123.52,0042,53,189,89,0.0
1788105123.53,010B,32,0,89,0.0
1788105123.55,0043,0,48,89,0.0
1788105123.58,0200,0,0,89,0.0
1788105123.58,0110,0,175,89,0.0
1788105123.62,0202,0,0,89,0.0
1788105123.63,010B,32,0,89,0.0
1788105123.66,0900,5,95,89,0.0
1788105123.69,0968,0,0,89,0.0
1788105123.72,096E,10,240,89,0.0
1788105123.73,010B,32,0,89,0.0
1788105123.75,097C,110,43,89,0.0
1788105123.78,098E,0,0,89,0.0
1788105123.78,0110,0,175,89,0.0
1788105123.82,1101,0,0,89,0.0
1788105123.83,010B,32,0,89,0.0
1788105123.85,1103,0,0,89,0.0
1788105123.88,1104,0,0,89,0.0
1788105123.88,0110,0,175,89,0.0
1788105123.91,114A,50,128,89,0.0
1788105123.93,010B,32,0,89,0.0
1788105123.94,114D,35,192,89,0.0
1788105123.98,1153,41,152,89,0.0
1788105123.98,0110,0,171,89,0.0
1788105124.01,1154,29,192,89,0.0
1788105124.03,010B,32,0,89,0.0
1788105124.04,1169,29,181,89,0.0
1788105124.07,1173,2,183,89,0.0
1788105124.08,0110,0,173,89,0.0
1788105124.10,1177,18,72,89,0.0
1788105124.14,1410,0,212,89,0.0
1788105124.17,1631,1,0,89,0.0
1788105124.18,0110,0,180,89,0.0
1788105124.21,1678,0,0,89,0.0
1788105124.24,1681,0,0,89,0.0
1788105124.27,16CD,0,0,89,0.0
1788105124.28,0110,0,173,89,0.0
1788105124.30,16CE,255,253,89,0.0
1788105124.34,16CF,13,3,89,0.0
1788105124.37,16E8,70,121,89,0.0
1788105124.38,0110,0,171,89,0.0
1788105124.40,16E9,0,118,89,0.0
1788105124.43,16F0,3,131,89,0.0
1788105124.43,010B,32,0,89,0.0
1788105124.46,1704,0,0,89,0.0
1788105124.48,0110,0,178,89,0.0
1788105124.50,1706,128,0,89,0.0
1788105124.53,1709,0,0,89,0.0
1788105124.53,010B,32,0,89,0.0
1788105124.56,1717,1,0,89,0.0
1788105124.58,0110,0,171,89,0.0
1788105124.59,1718,1,0,89,0.0
1788105124.62,1746,0,0,89,0.0
1788105124.63,010B,32,0,89,0.0
1788105124.66,1782,141,192,89,0.0
1788105124.68,0110,0,173,89,0.0
1788105124.69,1783,110,192,89,0.0
1788105124.73,17A0,31,0,89,0.0
1788105124.73,010B,32,0,89,0.0
1788105124.76,17A6,0,0,89,0.0
1788105124.79,0110,0,173,89,0.0
1788105124.82,17B1,32,0,89,0.0
1788105124.83,010B,32,0,89,0.0
1788105124.86,17B2,4,0,89,0.0
1788105124.89,17B3,127,0,89,0.0
1788105124.92,17B5,80,0,89,0.0
1788105124.93,010B,32,0,89,0.0
1788105124.95,17B6,0,0,89,0.0
1788105124.98,17B8,239,0,89,0.0
1788105124.98,0110,0,178,89,0.0
1788105125.02,17BA,0,0,89,0.0
1788105125.03,010B,32,0,89,0.0
1788105125.05,17BB,0,0,89,0.0
1788105125.09,17BC,0,0,89,0.0
1788105125.12,17BD,65,0,89,0.0
1788105125.13,010B,32,0,89,0.0
1788105125.15,17BE,0,0,89,0.0
1788105125.18,17C1,234,0,89,0.0
1788105125.22,3201,23,112,89,0.0
1788105125.23,010B,32,0,89,0.0
1788105125.25,990A,43,0,89,0.0
1788105125.28,996E,13,92,89,0.0
1788105125.28,0110,0,178,89,0.0
1788105125.31,A211,0,0,89,0.0
1788105125.33,010B,32,0,89,0.0
1788105125.34,D100,129,0,89,0.0
1788105125.38,E21B,90,74,89,0.0
1788105125.39,0110,0,173,89,0.0
1788105125.39,17B3,127,0,89,0.0
1788105125.41,E21C,49,56,89,0.0
1788105125.43,010B,32,0,89,0.0
1788105125.45,E21D,56,56,89,0.0
1788105125.47,E21E,70,0,89,0.0
1788105125.48,0110,0,171,89,0.0
1788105125.51,E6F0,90,74,89,0.0
1788105125.53,010B,32,0,89,0.0
1788105125.54,E6F2,240,0,89,0.0
1788105125.58,E6F3,240,0,89,0.0
1788105125.58,0110,0,173,89,0.0
1788105125.60,0105,129,0,89,0.0
1788105125.63,010F,95,0,89,0.0
1788105125.67,0110,0,178,89,0.0
1788105125.68,0110,0,173,89,0.0
1788105125.70,010B,32,0,89,0.0
1788105125.73,0106,128,0,89,0.0
1788105125.73,010B,32,0,89,0.0
1788105125.76,0107,130,0,89,0.0
1788105125.78,0110,0,175,89,0.0
1788105125.80,010E,142,0,89,0.0
1788105125.83,0142,53,191,89,0.0
1788105125.83,010B,32,0,89,0.0
1788105125.86,0000,190,63,89,0.0
1788105125.88,0110,0,175,89,0.0
1788105125.90,0002,0,0,89,0.0
1788105125.93,0003,2,0,89,0.0
1788105125.93,010B,32,0,89,0.0
1788105125.97,0005,129,0,89,0.0
1788105125.99,0110,0,173,89,0.0
1788105126.00,0006,129,0,89,0.0
1788105126.03,0007,130,0,89,0.0
1788105126.03,010B,32,0,89,0.0
1788105126.06,000B,32,0,89,0.0
1788105126.08,0110,0,175,89,0.0
1788105126.10,000C,11,32,89,0.0
1788105126.14,000D,0,0,89,0.0
1788105126.17,000E,141,0,89,0.0
1788105126.18,0110,0,175,89,0.0
1788105126.19,000F,95,0,89,0.0
1788105126.23,0010,0,173,89,0.0
1788105126.23,010B,32,0,89,0.0
1788105126.26,0011,30,0,89,0.0
1788105126.28,0110,0,171,89,0.0
1788105126.30,0013,1,0,89,0.0
1788105126.33,001C,10,0,89,0.0
1788105126.33,010B,32,0,89,0.0
1788105126.36,001F,2,20,89,0.0
1788105126.38,0110,0,175,89,0.0
1788105126.39,0020,128,21,89,0.0
1788105126.42,0021,0,0,89,0.0
1788105126.43,010B,32,0,89,0.0
1788105126.46,002C,0,0,89,0.0
1788105126.48,0110,0,173,89,0.0
1788105126.49,002E,28,0,89,0.0
1788105126.52,0030,255,0,89,0.0
1788105126.54,010B,32,0,89,0.0
1788105126.55,003C,21,6,89,0.0
1788105126.59,0040,104,0,89,0.0
1788105126.62,0042,53,199,89,0.0
1788105126.63,010B,32,0,89,0.0
1788105126.66,0043,0,48,89,0.0
1788105126.69,0200,0,0,89,0.0
1788105126.72,0202,0,0,89,0.0
1788105126.73,010B,31,0,89,0.0
1788105126.75,0900,5,90,89,0.0
1788105126.78,0968,0,0,89,0.0
1788105126.78,0110,0,175,89,0.0
1788105126.82,096E,10,240,89,0.0
1788105126.83,010B,32,0,89,0.0
1788105126.85,097C,110,43,89,0.0
1788105126.88,098E,0,0,89,0.0
1788105126.88,0110,0,173,89,0.0
1788105126.91,1101,0,0,89,0.0
1788105126.93,010B,32,0,89,0.0
1788105126.94,1103,0,0,89,0.0
1788105126.98,1104,0,0,89,0.0
1788105126.99,0110,0,173,89,0.0
1788105127.01,114A,50,128,89,0.0
1788105127.03,010B,31,0,89,0.0
1788105127.04,114D,35,192,89,0.0
1788105127.07,1153,41,178,89,0.0
1788105127.08,0110,0,171,89,0.0
1788105127.10,1154,29,192,89,0.0
1788105127.14,1169,29,181,89,0.0
1788105127.17,1173,3,117,89,0.0
1788105127.19,0110,0,173,89,0.0
1788105127.20,1177,18,32,89,0.0
1788105127.23,1410,0,214,89,0.0
1788105127.23,010B,31,0,89,0.0
1788105127.26,1631,1,0,89,0.0
1788105127.28,0110,0,168,89,0.0
1788105127.30,1678,0,0,89,0.0
1788105127.33,1681,0,0,89,0.0
1788105127.33,010B,32,0,89,0.0
1788105127.37,16CD,0,0,89,0.0
1788105127.39,0110,0,175,89,0.0
1788105127.39,17B3,127,0,89,0.0
1788105127.40,16CE,255,252,89,0.0
1788105127.43,16CF,12,243,89,0.0
1788105127.43,010B,32,0,89,0.0
1788105127.46,16E8,73,193,89,0.0
1788105127.48,0110,1,100,89,0.0
1788105127.50,16E9,0,118,89,0.0
1788105127.53,16F0,3,131,89,0.0
1788105127.53,010B,34,0,89,0.0
1788105127.56,1704,0,0,89,0.0
1788105127.58,0110,1,43,89,0.0
1788105127.59,1706,128,0,89,0.0
1788105127.62,1709,0,0,89,0.0
1788105127.63,010B,36,0,89,0.0
1788105127.66,1717,1,0,89,0.0
1788105127.69,1718,1,0,89,0.0
1788105127.72,1746,0,0,89,0.0
1788105127.73,010B,37,0,89,0.0
1788105127.75,1782,141,192,89,0.0
1788105127.78,1783,110,192,89,0.0
1788105127.78,0110,0,236,89,0.0
1788105127.82,17A0,31,0,89,0.0
1788105127.83,010B,37,0,89,0.0
1788105127.85,17A6,0,0,89,0.0
1788105127.89,17B0,20,0,89,0.0
1788105127.92,17B1,32,0,89,0.0
1788105127.93,010B,37,0,89,0.0
1788105127.95,17B2,4,0,89,0.0
1788105127.98,17B3,127,0,89,0.0
1788105127.98,0110,1,57,89,0.0
1788105128.02,17B5,80,0,89,0.0
1788105128.03,010B,39,0,89,0.0
1788105128.05,17B6,0,0,89,0.0
1788105128.08,17B8,239,0,89,0.0
1788105128.08,0110,1,27,89,0.0
1788105128.11,17BA,0,0,89,0.0
1788105128.13,010B,40,0,89,0.0
1788105128.14,17BB,0,0,89,0.0
1788105128.18,17BC,0,0,89,0.0
1788105128.18,0110,0,251,89,0.0
1788105128.21,17BD,65,0,89,0.0
1788105128.23,010B,40,0,89,0.0
1788105128.24,17BE,0,0,89,0.0
1788105128.27,17C1,234,0,89,0.0
1788105128.28,0110,0,251,89,0.0
1788105128.30,3201,23,112,89,0.0
1788105128.33,010B,40,0,89,0.0
1788105128.33,990A,44,0,89,0.0
1788105128.38,996E,13,52,89,0.0
1788105128.39,0110,1,27,89,0.0
1788105128.41,A211,0,0,89,0.0
1788105128.44,D100,129,0,89,0.0
1788105128.47,E21B,90,74,89,0.0
1788105128.48,0110,1,24,89,0.0
1788105128.50,E21C,49,56,89,0.0
1788105128.54,E21D,56,56,89,0.0
1788105128.57,E21E,70,0,89,0.0
1788105128.58,0110,0,254,89,0.0
1788105128.60,E6F0,90,74,89,0.0
1788105128.63,E6F2,240,0,89,0.0
1788105128.63,010B,42,0,89,0.0
1788105128.66,E6F3,240,0,89,0.0
1788105128.68,0110,0,254,89,0.0
1788105128.69,0105,129,0,89,0.0
1788105128.72,010F,95,0,89,0.0
1788105128.74,010B,42,0,89,0.0
1788105128.75,0110,0,254,89,0.0
1788105128.78,0110,1,1,89,0.0
1788105128.79,010B,42,0,89,0.0
1788105128.82,0106,129,0,89,0.0
1788105128.83,010B,42,0,89,0.0
1788105128.85,0107,130,0,89,0.0
1788105128.88,010E,143,0,89,0.0
1788105128.92,0142,51,216,89,0.0
1788105128.94,010B,42,0,89,0.0
1788105128.95,0000,190,63,89,0.0
1788105128.98,0002,0,0,89,0.0
1788105128.98,0110,1,4,89,0.0
1788105129.01,0003,2,0,89,0.0
1788105129.03,010B,43,0,89,0.0
1788105129.05,0005,129,0,89,0.0
1788105129.08,0006,129,0,89,0.0
1788105129.08,0110,1,1,89,0.0
1788105129.11,0007,130,0,89,0.0
1788105129.13,010B,43,0,89,0.0
1788105129.14,000B,43,0,89,0.0
1788105129.17,000C,11,104,89,0.0
1788105129.19,0110,1,1,89,0.0
1788105129.21,000D,0,0,89,0.0
1788105129.23,010B,43,0,89,0.0
1788105129.25,000E,142,0,89,0.0
1788105129.27,000F,95,0,89,0.0
1788105129.28,0110,0,254,89,0.0
1788105129.30,0010,0,254,89,0.0
1788105129.34,010B,43,0,89,0.0
1788105129.34,0011,30,0,89,0.0
1788105129.38,0013,1,0,89,0.0
1788105129.38,0110,1,1,89,0.0
1788105129.39,17B3,127,0,89,0.0
1788105129.41,001C,10,0,89,0.0
1788105129.44,001F,2,24,89,0.0
1788105129.47,0020,128,21,89,0.0
1788105129.48,0110,1,8,89,0.0
1788105129.50,0021,0,0,89,0.0
1788105129.53,002C,0,0,89,0.0
1788105129.57,002E,36,0,89,0.0
1788105129.59,0110,1,8,89,0.0
1788105129.60,0030,255,0,89,0.0
1788105129.63,003C,21,6,89,0.0
1788105129.63,010B,43,0,89,0.0
1788105129.66,0040,104,0,89,0.0
1788105129.69,0110,1,4,89,0.0
1788105129.69,0042,52,79,89,0.0
1788105129.73,0043,0,69,89,0.0
1788105129.73,010B,43,0,89,0.0
1788105129.76,0200,0,0,89,0.0
1788105129.78,0110,1,8,89,0.0
1788105129.79,0202,0,0,89,0.0
1788105129.82,0900,6,64,89,0.0
1788105129.83,010B,43,0,89,0.0
1788105129.86,0968,0,0,89,0.0
1788105129.89,0110,1,11,89,0.0
1788105129.89,096E,11,84,89,0.0
1788105129.92,097C,110,43,89,0.0
1788105129.93,010B,44,0,89,0.0
1788105129.95,098E,0,0,89,0.0
1788105129.99,1101,1,0,89,0.0
1788105130.02,1103,4,0,89,0.0
1788105130.03,010B,44,0,89,0.0
1788105130.05,1104,1,0,89,0.0
1788105130.09,114A,50,128,89,0.0
1788105130.12,114D,35,192,89,0.0
1788105130.14,010B,44,0,89,0.0
1788105130.16,1153,59,159,89,0.0
1788105130.19,1154,29,192,89,0.0
1788105130.22,1169,29,181,89,0.0
1788105130.23,010B,44,0,89,0.0
1788105130.26,1173,0,80,89,0.0
1788105130.29,1177,20,240,89,0.0
1788105130.32,1410,1,62,89,0.0
1788105130.33,010B,44,0,89,0.0
1788105130.35,1631,1,0,89,0.0
1788105130.38,1678,0,0,89,0.0
1788105130.38,0110,1,14,89,0.0
1788105130.41,1681,0,0,89,0.0
1788105130.43,010B,45,0,89,0.0
1788105130.45,16CD,0,0,89,0.0
1788105130.48,16CE,255,247,89,0.0
1788105130.48,0110,1,17,89,0.0
1788105130.51,16CF,13,102,89,0.0
1788105130.53,010B,45,0,89,0.0
1788105130.54,16E8,95,188,89,0.0
1788105130.57,16E9,0,119,89,0.0
1788105130.58,0110,1,17,89,0.0
1788105130.61,16F0,3,131,89,0.0
1788105130.63,010B,45,0,89,0.0
1788105130.64,1704,0,0,89,0.0
1788105130.68,1706,128,0,89,0.0
1788105130.69,0110,1,24,89,0.0
1788105130.71,1709,0,0,89,0.0
1788105130.74,010B,45,0,89,0.0
1788105130.74,1717,1,0,89,0.0
1788105130.77,1718,1,0,89,0.0
1788105130.78,0110,1,14,89,0.0
1788105130.81,1746,0,0,89,0.0
1788105130.83,010B,45,0,89,0.0
1788105130.84,1782,141,192,89,0.0
1788105130.87,1783,110,192,89,0.0
1788105130.88,0110,1,1,89,0.0
1788105130.90,17A0,32,0,89,0.0
1788105130.94,17A6,0,0,89,0.0
1788105130.97,17B0,20,0,89,0.0
1788105130.98,0110,1,11,89,0.0
1788105131.01,17B1,32,0,89,0.0
1788105131.04,17B2,4,0,89,0.0
1788105131.07,17B3,127,0,89,0.0
1788105131.08,0110,0,248,89,0.0
1788105131.10,17B5,80,0,89,0.0
1788105131.14,17B6,0,0,89,0.0
1788105131.17,17B8,239,0,89,0.0
1788105131.18,0110,0,251,89,0.0
1788105131.20,17BA,0,0,89,0.0
1788105131.23,17BB,0,0,89,0.0
1788105131.23,010B,44,0,89,0.0
1788105131.26,17BC,0,0,89,0.0
1788105131.28,0110,0,239,89,0.0
1788105131.30,17BD,65,0,89,0.0
1788105131.34,17BE,0,0,89,0.0
1788105131.37,17C1,234,0,89,0.0
1788105131.38,0110,0,251,89,0.0
1788105131.39,17B3,127,0,89,0.0
1788105131.40,3201,23,112,89,0.0
1788105131.43,990A,45,0,89,0.0
1788105131.43,010B,43,0,89,0.0
1788105131.46,996E,13,32,89,0.0
1788105131.48,0110,0,251,89,0.0
1788105131.50,A211,0,0,89,0.0
1788105131.53,D100,129,0,89,0.0
1788105131.53,010B,43,0,89,0.0
1788105131.56,E21B,90,74,89,0.0
1788105131.58,0110,1,8,89,0.0
1788105131.59,E21C,49,56,89,0.0
1788105131.62,E21D,56,56,89,0.0
1788105131.63,010B,43,0,89,0.0
1788105131.65,E21E,70,0,89,0.0
1788105131.68,0110,0,251,89,0.0
1788105131.69,E6F0,90,74,89,0.0
1788105131.73,E6F2,240,0,89,0.0
1788105131.73,010B,43,0,89,0.0
1788105131.76,E6F3,240,0,89,0.0
1788105131.78,0110,0,251,89,0.0
1788105131.79,0105,129,0,89,0.0
1788105131.82,010F,95,0,89,0.0
1788105131.83,010B,43,0,89,0.0
1788105131.85,0110,0,251,89,0.0
1788105131.88,0110,0,251,89,0.0
1788105131.89,010B,43,0,89,0.0
1788105131.92,0106,128,0,89,0.0
1788105131.93,010B,43,0,89,0.0
1788105131.95,0107,130,0,89,0.0
1788105131.98,010E,142,0,89,0.0
1788105131.99,0110,0,251,89,0.0
1788105132.02,0142,53,146,89,0.0
1788105132.03,010B,43,0,89,0.0
1788105132.05,0000,190,63,89,0.0
1788105132.09,0002,0,0,89,0.0
1788105132.12,0003,2,0,89,0.0
1788105132.13,010B,43,0,89,0.0
1788105132.15,0005,129,0,89,0.0
1788105132.18,0006,128,0,89,0.0
1788105132.18,0110,0,254,89,0.0
1788105132.21,0007,130,0,89,0.0
1788105132.23,010B,43,0,89,0.0
1788105132.25,000B,43,0,89,0.0
1788105132.28,000C,11,38,89,0.0
1788105132.28,0110,0,251,89,0.0
1788105132.31,000D,0,0,89,0.0
1788105132.33,010B,43,0,89,0.0
1788105132.35,000E,149,0,89,0.0
1788105132.38,000F,95,0,89,0.0
1788105132.38,0110,1,1,89,0.0
1788105132.41,0010,0,254,89,0.0
1788105132.43,010B,43,0,89,0.0
1788105132.45,0011,30,0,89,0.0
1788105132.48,0013,1,0,89,0.0
1788105132.48,0110,0,254,89,0.0
1788105132.51,001C,10,0,89,0.0
1788105132.53,010B,43,0,89,0.0
1788105132.54,001F,2,27,89,0.0
1788105132.58,0020,128,21,89,0.0
1788105132.58,0110,0,248,89,0.0
1788105132.61,0021,0,0,89,0.0
1788105132.64,010B,43,0,89,0.0
1788105132.64,002C,0,0,89,0.0
1788105132.67,002E,35,0,89,0.0
1788105132.68,0110,0,251,89,0.0
1788105132.70,0030,255,0,89,0.0
1788105132.73,003C,21,7,89,0.0
1788105132.77,0040,104,0,89,0.0
1788105132.78,0110,0,254,89,0.0
1788105132.81,0042,53,175,89,0.0
1788105132.83,0043,0,69,89,0.0
1788105132.83,010B,43,0,89,0.0
1788105132.87,0200,0,0,89,0.0
1788105132.89,0110,1,1,89,0.0
1788105132.90,0202,0,0,89,0.0
1788105132.93,0900,6,59,89,0.0
1788105132.97,0968,0,0,89,0.0
1788105132.98,0110,0,254,89,0.0
1788105133.00,096E,11,42,89,0.0
1788105133.03,097C,110,44,89,0.0
1788105133.03,010B,43,0,89,0.0
1788105133.06,098E,0,0,89,0.0
1788105133.08,0110,0,251,89,0.0
1788105133.09,1101,1,0,89,0.0
1788105133.13,1103,4,0,89,0.0
1788105133.13,010B,43,0,89,0.0
1788105133.16,1104,1,0,89,0.0
1788105133.18,0110,0,248,89,0.0
1788105133.19,114A,50,128,89,0.0
1788105133.23,114D,35,192,89,0.0
1788105133.23,010B,43,0,89,0.0
1788105133.26,1153,58,74,89,0.0
1788105133.28,0110,1,1,89,0.0
1788105133.29,1154,29,192,89,0.0
1788105133.33,1169,29,181,89,0.0
1788105133.33,010B,43,0,89,0.0
1788105133.36,1173,0,80,89,0.0
1788105133.39,1177,20,140,89,0.0
1788105133.42,1410,1,57,89,0.0
1788105133.43,010B,43,0,89,0.0
1788105133.45,1631,1,0,89,0.0
1788105133.49,1678,0,0,89,0.0
1788105133.52,1681,0,0,89,0.0
1788105133.53,010B,43,0,89,0.0
1788105133.55,16CD,0,0,89,0.0
1788105133.58,16CE,255,247,89,0.0
1788105133.58,0110,0,248,89,0.0
1788105133.61,16CF,13,9,89,0.0
1788105133.63,010B,43,0,89,0.0
1788105133.65,16E8,81,113,89,0.0
1788105133.68,16E9,0,118,89,0.0
1788105133.68,0110,0,254,89,0.0
1788105133.71,16F0,3,131,89,0.0
1788105133.73,010B,43,0,89,0.0
1788105133.74,1704,0,0,89,0.0
1788105133.77,1706,128,0,89,0.0
1788105133.78,0110,1,1,89,0.0
1788105133.81,1709,0,0,89,0.0
1788105133.84,010B,43,0,89,0.0
1788105133.84,1717,1,0,89,0.0
1788105133.88,1718,1,0,89,0.0
1788105133.88,0110,0,251,89,0.0
1788105133.91,1746,0,0,89,0.0
1788105133.94,010B,43,0,89,0.0
1788105133.94,1782,141,192,89,0.0
1788105133.97,1783,110,192,89,0.0
1788105133.98,0110,0,251,89,0.0
1788105134.01,17A0,31,0,89,0.0
1788105134.04,17A6,0,0,89,0.0
1788105134.07,17B0,19,0,89,0.0
1788105134.08,0110,0,254,89,0.0
1788105134.10,17B1,32,0,89,0.0
1788105134.13,17B2,4,0,89,0.0
1788105134.17,17B3,127,0,89,0.0
1788105134.18,0110,0,251,89,0.0
1788105134.20,17B5,80,0,89,0.0
1788105134.23,17B6,0,0,89,0.0
1788105134.23,010B,43,0,89,0.0
1788105134.27,17B8,239,0,89,0.0
1788105134.28,0110,1,1,89,0.0
1788105134.30,17BA,0,0,89,0.0
1788105134.34,17BB,0,0,89,0.0
1788105134.37,17BC,0,0,89,0.0
1788105134.38,0110,0,248,89,0.0
1788105134.40,17BD,65,0,89,0.0
1788105134.43,17BE,0,0,89,0.0
1788105134.43,010B,43,0,89,0.0
1788105134.46,17C1,234,0,89,0.0
1788105134.48,0110,0,251,89,0.0
1788105134.49,3201,23,112,89,0.0
1788105134.53,990A,44,0,89,0.0
1788105134.53,010B,43,0,89,0.0
1788105134.57,996E,13,52,89,0.0
1788105134.58,0110,1,1,89,0.0
1788105134.60,A211,0,0,89,0.0
1788105134.63,D100,129,0,89,0.0
1788105134.64,010B,43,0,89,0.0
1788105134.66,E21B,90,74,89,0.0
1788105134.68,0110,0,254,89,0.0
1788105134.69,E21C,49,56,89,0.0
1788105134.73,E21D,56,56,89,0.0
1788105134.73,010B,43,0,89,0.0
1788105134.76,E21E,70,0,89,0.0
1788105134.79,0110,0,251,89,0.0
1788105134.79,E6F0,90,74,89,0.0
1788105134.82,E6F2,240,0,89,0.0
1788105134.83,010B,43,0,89,0.0
1788105134.85,E6F3,240,0,89,0.0
1788105134.88,0110,1,1,89,0.0
1788105134.89,0105,129,0,89,0.0
1788105134.92,010F,95,0,89,0.0
1788105134.94,010B,43,0,89,0.0
1788105134.95,0110,0,254,89,0.0
1788105134.98,010B,43,0,89,0.0
1788105134.98,0110,0,251,89,0.0
1788105135.02,0106,128,0,89,0.0
1788105135.03,010B,43,0,89,0.0
1788105135.05,0107,130,0,89,0.0
1788105135.08,010E,144,0,89,0.0
1788105135.08,0110,0,254,89,0.0
1788105135.11,0142,53,187,89,0.0
1788105135.13,010B,43,0,89,0.0
1788105135.15,0000,190,63,89,0.0
1788105135.18,0002,0,0,89,0.0
1788105135.18,0110,0,242,89,0.0
1788105135.21,0003,2,0,89,0.0
1788105135.23,010B,43,0,89,0.0
1788105135.25,0005,129,0,89,0.0
1788105135.28,0006,128,0,89,0.0
1788105135.28,0110,0,248,89,0.0
1788105135.31,0007,130,0,89,0.0
1788105135.33,010B,43,0,89,0.0
1788105135.34,000B,43,0,89,0.0
1788105135.37,000C,11,2,89,0.0
1788105135.38,0110,0,251,89,0.0
1788105135.39,17B3,127,0,89,0.0
1788105135.41,000D,0,0,89,0.0
1788105135.43,010B,43,0,89,0.0
1788105135.44,000E,146,0,89,0.0
1788105135.47,000F,95,0,89,0.0
1788105135.49,0110,0,248,89,0.0
1788105135.50,0010,0,254,89,0.0
1788105135.53,010B,43,0,89,0.0
1788105135.54,0011,30,0,89,0.0
1788105135.58,0013,1,0,89,0.0
1788105135.58,0110,0,254,89,0.0
1788105135.61,001C,10,0,89,0.0
1788105135.64,001F,2,30,89,0.0
1788105135.67,0020,128,21,89,0.0
1788105135.68,0110,0,254,89,0.0
1788105135.70,0021,0,0,89,0.0
1788105135.73,002C,0,0,89,0.0
1788105135.77,002E,35,0,89,0.0
1788105135.78,0110,0,242,89,0.0
1788105135.80,0030,255,0,89,0.0
1788105135.83,003C,21,7,89,0.0
1788105135.83,010B,43,0,89,0.0
1788105135.86,0040,104,0,89,0.0
1788105135.88,0110,0,254,89,0.0
1788105135.90,0042,53,199,89,0.0
1788105135.93,0043,0,69,89,0.0
1788105135.97,0200,0,0,89,0.0
1788105135.98,0110,0,251,89,0.0
1788105136.00,0202,0,0,89,0.0
1788105136.03,0900,6,59,89,0.0
1788105136.03,010B,43,0,89,0.0
1788105136.06,0968,0,0,89,0.0
1788105136.08,0110,0,251,89,0.0
1788105136.09,096E,10,249,89,0.0
1788105136.13,097C,110,44,89,0.0
1788105136.13,010B,43,0,89,0.0
1788105136.16,098E,0,0,89,0.0
1788105136.18,0110,0,251,89,0.0
1788105136.19,1101,1,0,89,0.0
1788105136.22,1103,4,0,89,0.0
1788105136.24,010B,43,0,89,0.0
1788105136.25,1104,1,0,89,0.0
1788105136.29,114A,50,128,89,0.0
1788105136.32,114D,35,192,89,0.0
1788105136.33,010B,43,0,89,0.0
1788105136.36,1153,57,27,89,0.0
1788105136.39,1154,29,192,89,0.0
1788105136.42,1169,29,181,89,0.0
1788105136.43,010B,43,0,89,0.0
1788105136.45,1173,0,170,89,0.0
1788105136.49,1177,20,80,89,0.0
1788105136.52,1410,1,48,89,0.0
1788105136.53,010B,43,0,89,0.0
1788105136.55,1631,1,0,89,0.0
1788105136.58,1678,0,0,89,0.0
1788105136.58,0110,0,248,89,0.0
1788105136.61,1681,0,0,89,0.0
1788105136.63,010B,43,0,89,0.0
1788105136.65,16CD,0,0,89,0.0
1788105136.68,16CE,255,245,89,0.0
1788105136.69,0110,0,245,89,0.0
1788105136.71,16CF,13,42,89,0.0
1788105136.73,010B,43,0,89,0.0
1788105136.74,16E8,93,152,89,0.0
1788105136.77,16E9,0,118,89,0.0
1788105136.78,0110,0,248,89,0.0
1788105136.81,16F0,3,131,89,0.0
1788105136.83,010B,43,0,89,0.0
1788105136.85,1704,0,0,89,0.0
1788105136.88,1706,128,0,89,0.0
1788105136.88,0110,0,248,89,0.0
1788105136.91,1709,0,0,89,0.0
1788105136.93,010B,43,0,89,0.0
1788105136.94,1717,1,0,89,0.0
1788105136.98,1718,1,0,89,0.0
1788105136.98,0110,0,245,89,0.0
1788105137.01,1746,0,0,89,0.0
1788105137.04,1782,141,192,89,0.0
1788105137.07,1783,110,192,89,0.0
1788105137.08,0110,0,251,89,0.0
1788105137.10,17A0,32,0,89,0.0
1788105137.13,17A6,0,0,89,0.0
1788105137.17,17B0,18,0,89,0.0
1788105137.18,0110,0,245,89,0.0
1788105137.20,17B1,32,0,89,0.0
1788105137.23,17B2,4,0,89,0.0
1788105137.23,010B,43,0,89,0.0
1788105137.26,17B3,127,0,89,0.0
1788105137.28,0110,0,251,89,0.0
1788105137.29,17B5,80,0,89,0.0
1788105137.33,17B6,0,0,89,0.0
1788105137.33,010B,43,0,89,0.0
1788105137.36,17B8,239,0,89,0.0
1788105137.38,0110,0,254,89,0.0
1788105137.39,17B3,127,0,89,0.0
1788105137.42,17BB,0,0,89,0.0
1788105137.43,010B,43,0,89,0.0
1788105137.46,17BC,0,0,89,0.0
1788105137.48,0110,1,1,89,0.0
1788105137.49,17BD,65,0,89,0.0
1788105137.53,17BE,0,0,89,0.0
1788105137.53,010B,43,0,89,0.0
1788105137.56,17C1,234,0,89,0.0
1788105137.59,3201,23,112,89,0.0
1788105137.62,990A,44,0,89,0.0
1788105137.63,010B,43,0,89,0.0
1788105137.66,996E,13,92,89,0.0
1788105137.69,A211,0,0,89,0.0
1788105137.72,D100,129,0,89,0.0
1788105137.73,010B,43,0,89,0.0
1788105137.75,E21B,90,74,89,0.0
1788105137.78,E21C,49,56,89,0.0
1788105137.78,0110,0,251,89,0.0
1788105137.81,E21D,56,56,89,0.0
1788105137.83,010B,43,0,89,0.0
1788105137.85,E21E,70,0,89,0.0
1788105137.88,E6F0,90,74,89,0.0
1788105137.88,0110,0,245,89,0.0
1788105137.91,E6F2,240,0,89,0.0
1788105137.94,010B,43,0,89,0.0
1788105137.95,E6F3,240,0,89,0.0
1788105137.97,0105,129,0,89,0.0
1788105137.98,0110,0,251,89,0.0
1788105138.01,010F,95,0,89,0.0
1788105138.03,010B,43,0,89,0.0
1788105138.04,0110,0,248,89,0.0
1788105138.07,010B,43,0,89,0.0
1788105138.08,0110,0,254,89,0.0
1788105138.10,0106,130,0,89,0.0
1788105138.14,010B,43,0,89,0.0
1788105138.14,0107,130,0,89,0.0
1788105138.17,010E,144,0,89,0.0
1788105138.18,0110,0,242,89,0.0
1788105138.20,0142,53,187,89,0.0
1788105138.23,010B,43,0,89,0.0
1788105138.24,0000,190,63,89,0.0
1788105138.27,0002,0,0,89,0.0
1788105138.28,0110,0,251,89,0.0
1788105138.30,0003,2,0,89,0.0
1788105138.33,0005,129,0,89,0.0
1788105138.34,010B,43,0,89,0.0
1788105138.37,0006,128,0,89,0.0
1788105138.38,0110,0,248,89,0.0
1788105138.40,0007,130,0,89,0.0
1788105138.43,000B,43,0,89,0.0
1788105138.43,010B,43,0,89,0.0
1788105138.46,000C,10,245,89,0.0
1788105138.48,0110,0,251,89,0.0
1788105138.50,000D,0,0,89,0.0
1788105138.53,000E,145,0,89,0.0
1788105138.57,000F,95,0,89,0.0
1788105138.58,0110,0,251,89,0.0
1788105138.60,0010,0,251,89,0.0
1788105138.63,0011,30,0,89,0.0
1788105138.64,010B,43,0,89,0.0
1788105138.66,0013,1,0,89,0.0
1788105138.68,0110,0,248,89,0.0
1788105138.69,001C,10,0,89,0.0
1788105138.73,001F,2,33,89,0.0
1788105138.73,010B,43,0,89,0.0
1788105138.76,0020,128,21,89,0.0
1788105138.78,0110,0,245,89,0.0
1788105138.79,0021,0,0,89,0.0
1788105138.82,002C,0,0,89,0.0
1788105138.83,010B,43,0,89,0.0
1788105138.85,002E,35,0,89,0.0
1788105138.88,0110,0,245,89,0.0
1788105138.89,0030,255,0,89,0.0
1788105138.93,003C,21,8,89,0.0
1788105138.93,010B,43,0,89,0.0
1788105138.96,0040,104,0,89,0.0
1788105138.99,0042,53,186,89,0.0
1788105139.02,0043,0,69,89,0.0
1788105139.03,010B,43,0,89,0.0
1788105139.05,0200,0,0,89,0.0
1788105139.09,0202,0,0,89,0.0
1788105139.12,0900,6,59,89,0.0
1788105139.13,010B,43,0,89,0.0
1788105139.15,0968,0,0,89,0.0
1788105139.19,096E,10,240,89,0.0
1788105139.22,097C,110,45,89,0.0
1788105139.23,010B,43,0,89,0.0
1788105139.25,098E,0,0,89,0.0
1788105139.29,1101,1,0,89,0.0
1788105139.32,1103,4,0,89,0.0
1788105139.33,010B,43,0,89,0.0
1788105139.35,1104,1,0,89,0.0
1788105139.38,114A,50,128,89,0.0
1788105139.38,0110,0,239,89,0.0
1788105139.39,17B3,127,0,89,0.0
1788105139.42,114D,35,192,89,0.0
1788105139.44,010B,43,0,89,0.0
1788105139.45,1153,56,197,89,0.0
1788105139.48,1154,29,192,89,0.0
1788105139.49,0110,0,251,89,0.0
1788105139.51,1169,29,181,89,0.0
1788105139.54,010B,43,0,89,0.0
1788105139.54,1173,0,175,89,0.0
1788105139.58,1177,20,100,89,0.0
1788105139.58,0110,0,248,89,0.0
1788105139.62,1410,1,50,89,0.0
1788105139.63,010B,43,0,89,0.0
1788105139.65,1631,1,0,89,0.0
1788105139.68,1678,0,0,89,0.0
1788105139.68,0110,0,248,89,0.0
1788105139.71,1681,0,0,89,0.0
1788105139.73,010B,43,0,89,0.0
1788105139.74,16CD,0,0,89,0.0
1788105139.77,16CE,255,246,89,0.0
1788105139.79,0110,0,251,89,0.0
1788105139.81,16CF,13,36,89,0.0
1788105139.83,010B,43,0,89,0.0
1788105139.84,16E8,85,67,89,0.0
1788105139.87,16E9,0,117,89,0.0
1788105139.88,0110,0,254,89,0.0
1788105139.90,16F0,3,131,89,0.0
1788105139.93,1704,0,0,89,0.0
1788105139.97,1706,128,0,89,0.0
1788105139.98,0110,0,245,89,0.0
1788105140.00,1709,0,0,89,0.0
1788105140.03,1717,1,0,89,0.0
1788105140.03,010B,43,0,89,0.0
1788105140.06,1718,1,0,89,0.0
1788105140.08,0110,0,251,89,0.0
1788105140.10,1746,0,0,89,0.0
1788105140.13,1782,141,192,89,0.0
1788105140.17,1783,110,192,89,0.0
1788105140.18,0110,0,248,89,0.0
1788105140.20,17A0,31,0,89,0.0
1788105140.23,17A6,0,0,89,0.0
1788105140.24,010B,43,0,89,0.0
1788105140.26,17B0,19,0,89,0.0
1788105140.29,0110,0,251,89,0.0
1788105140.29,17B1,32,0,89,0.0
1788105140.33,17B2,4,0,89,0.0
1788105140.33,010B,43,0,89,0.0
1788105140.36,17B3,127,0,89,0.0
1788105140.38,0110,0,251,89,0.0
1788105140.39,17B5,80,0,89,0.0
1788105140.42,17B6,0,0,89,0.0
1788105140.43,010B,43,0,89,0.0
1788105140.45,17B8,239,0,89,0.0
1788105140.49,17BA,0,0,89,0.0
1788105140.52,17BB,0,0,89,0.0
1788105140.53,010B,43,0,89,0.0
1788105140.55,17BC,0,0,89,0.0
1788105140.58,17BD,65,0,89,0.0
1788105140.58,0110,0,251,89,0.0
1788105140.61,17BE,0,0,89,0.0
1788105140.63,010B,43,0,89,0.0
1788105140.65,17C1,234,0,89,0.0
1788105140.68,3201,23,112,89,0.0
1788105140.68,0110,0,254,89,0.0
1788105140.71,990A,43,0,89,0.0
1788105140.74,010B,43,0,89,0.0
1788105140.74,996E,13,112,89,0.0
1788105140.78,A211,0,0,89,0.0
1788105140.78,0110,0,242,89,0.0
1788105140.81,D100,129,0,89,0.0
1788105140.83,010B,43,0,89,0.0
1788105140.85,E21B,90,74,89,0.0
1788105140.88,E21C,49,56,89,0.0
1788105140.89,0110,0,248,89,0.0
1788105140.91,E21D,56,56,89,0.0
1788105140.93,010B,43,0,89,0.0
1788105140.94,E21E,70,0,89,0.0
1788105140.97,E6F0,90,74,89,0.0
1788105140.98,0110,0,251,89,0.0
1788105141.01,E6F2,240,0,89,0.0
1788105141.03,010B,43,0,89,0.0
1788105141.05,E6F3,240,0,89,0.0
1788105141.07,0105,129,0,89,0.0
1788105141.09,0110,0,245,89,0.0
1788105141.10,010F,95,0,89,0.0
1788105141.13,010B,43,0,89,0.0
1788105141.14,0110,0,248,89,0.0
1788105141.17,010B,43,0,89,0.0
1788105141.18,0110,1,1,89,0.0
1788105141.20,0106,128,0,89,0.0
1788105141.24,010B,43,0,89,0.0
1788105141.24,0107,130,0,89,0.0
1788105141.27,010E,142,0,89,0.0
1788105141.28,0110,0,251,89,0.0
1788105141.30,0142,53,185,89,0.0
1788105141.33,010B,43,0,89,0.0
1788105141.34,0000,190,63,89,0.0
1788105141.37,0002,0,0,89,0.0
1788105141.39,0110,0,245,89,0.0
1788105141.41,0003,2,0,89,0.0
1788105141.44,0005,129,0,89,0.0
1788105141.47,0006,128,0,89,0.0
1788105141.48,0110,0,251,89,0.0
1788105141.50,0007,130,0,89,0.0
1788105141.53,000B,43,0,89,0.0
1788105141.57,000C,11,8,89,0.0
1788105141.58,0110,1,1,89,0.0
1788105141.60,000D,0,0,89,0.0
1788105141.63,000E,143,0,89,0.0
1788105141.63,010B,43,0,89,0.0
1788105141.66,000F,95,0,89,0.0
1788105141.69,0110,0,251,89,0.0
1788105141.69,0010,0,254,89,0.0
1788105141.73,0011,30,0,89,0.0
1788105141.77,0013,1,0,89,0.0
1788105141.79,0110,0,254,89,0.0
1788105141.80,001C,10,0,89,0.0
1788105141.83,001F,2,36,89,0.0
1788105141.83,010B,43,0,89,0.0
1788105141.86,0020,128,21,89,0.0
1788105141.89,0110,1,1,89,0.0
1788105141.89,0021,0,0,89,0.0
1788105141.93,002C,0,0,89,0.0
1788105141.93,010B,43,0,89,0.0
1788105141.96,002E,35,0,89,0.0
1788105141.98,0110,0,245,89,0.0
1788105141.99,0030,255,0,89,0.0
1788105142.02,003C,21,8,89,0.0
1788105142.03,010B,43,0,89,0.0
1788105142.05,0040,104,0,89,0.0
1788105142.09,0042,53,186,89,0.0
1788105142.12,0043,0,69,89,0.0
1788105142.13,010B,43,0,89,0.0
1788105142.16,0200,0,0,89,0.0
1788105142.19,0202,0,0,89,0.0
1788105142.22,0900,6,64,89,0.0
1788105142.23,010B,43,0,89,0.0
1788105142.25,0968,0,0,89,0.0
1788105142.29,096E,10,240,89,0.0
1788105142.32,097C,110,45,89,0.0
1788105142.33,010B,43,0,89,0.0
1788105142.35,098E,0,0,89,0.0
1788105142.38,1101,1,0,89,0.0
1788105142.39,0110,0,251,89,0.0
1788105142.39,0142,53,197,89,0.0
1788105142.41,1103,4,0,89,0.0
1788105142.43,010B,43,0,89,0.0
1788105142.45,1104,1,0,89,0.0
1788105142.48,114A,50,128,89,0.0
1788105142.48,0110,0,251,89,0.0
1788105142.51,114D,35,192,89,0.0
1788105142.53,010B,43,0,89,0.0
1788105142.54,1153,57,67,89,0.0
1788105142.57,1154,29,192,89,0.0
1788105142.59,0110,0,245,89,0.0
1788105142.61,1169,29,181,89,0.0
1788105142.63,010B,43,0,89,0.0
1788105142.65,1173,0,125,89,0.0
1788105142.68,1177,20,120,89,0.0
1788105142.68,0110,0,251,89,0.0
1788105142.71,1410,1,51,89,0.0
1788105142.73,010B,43,0,89,0.0
1788105142.74,1631,1,0,89,0.0
1788105142.77,1678,0,0,89,0.0
1788105142.78,0110,0,254,89,0.0
1788105142.81,1681,0,0,89,0.0
1788105142.83,010B,43,0,89,0.0
1788105142.84,16CD,0,0,89,0.0
1788105142.87,16CE,255,247,89,0.0
1788105142.88,0110,0,207,89,0.0
1788105142.90,16CF,13,84,89,0.0
1788105142.93,16E8,87,1,89,0.0
1788105142.94,010B,42,0,89,0.0
1788105142.97,16E9,0,119,89,0.0
1788105142.98,0110,0,190,89,0.0
1788105143.00,16F0,3,131,89,0.0
1788105143.03,1704,0,0,89,0.0
1788105143.04,010B,42,0,89,0.0
1788105143.06,1706,128,0,89,0.0
1788105143.09,0110,0,192,89,0.0
1788105143.10,1709,0,0,89,0.0
1788105143.13,1717,1,0,89,0.0
1788105143.13,010B,40,0,89,0.0
1788105143.17,1718,1,0,89,0.0
1788105143.18,0110,0,187,89,0.0
1788105143.20,1746,0,0,89,0.0
1788105143.23,1782,141,192,89,0.0
1788105143.23,010B,40,0,89,0.0
1788105143.26,1783,110,192,89,0.0
1788105143.28,0110,0,183,89,0.0
1788105143.29,17A0,32,0,89,0.0
1788105143.33,17A6,0,0,89,0.0
1788105143.33,010B,39,0,89,0.0
1788105143.36,17B0,19,0,89,0.0
1788105143.39,17B1,32,0,89,0.0
1788105143.42,17B2,4,0,89,0.0
1788105143.43,010B,38,0,89,0.0
1788105143.45,17B3,127,0,89,0.0
1788105143.49,17B5,80,0,89,0.0
1788105143.52,17B6,0,0,89,0.0
1788105143.53,010B,37,0,89,0.0
1788105143.55,17B8,239,0,89,0.0
1788105143.58,17BA,0,0,89,0.0
1788105143.58,0110,0,183,89,0.0
1788105143.61,17BB,0,0,89,0.0
1788105143.64,010B,36,0,89,0.0
1788105143.65,17BC,0,0,89,0.0
1788105143.68,17BD,65,0,89,0.0
1788105143.68,0110,0,178,89,0.0
1788105143.71,17BE,0,0,89,0.0
1788105143.73,010B,36,0,89,0.0
1788105143.74,17C1,234,0,89,0.0
1788105143.78,3201,23,112,89,0.0
1788105143.79,0110,0,178,89,0.0
1788105143.81,990A,43,0,89,0.0
1788105143.83,010B,35,0,89,0.0
1788105143.85,996E,13,132,89,0.0
1788105143.88,A211,0,0,89,0.0
1788105143.88,0110,0,168,89,0.0
1788105143.91,D100,129,0,89,0.0
1788105143.94,010B,34,0,89,0.0
1788105143.94,E21B,90,74,89,0.0
1788105143.97,E21C,49,56,89,0.0
1788105143.98,0110,0,171,89,0.0
1788105144.01,E21D,56,56,89,0.0
1788105144.03,010B,33,0,89,0.0
1788105144.05,E21E,70,0,89,0.0
1788105144.08,E6F0,90,74,89,0.0
1788105144.08,0110,0,168,89,0.0
1788105144.11,E6F2,240,0,89,0.0
1788105144.13,010B,33,0,89,0.0
1788105144.14,E6F3,240,0,89,0.0
1788105144.17,0105,129,0,89,0.0
1788105144.18,0110,0,178,89,0.0
1788105144.20,010F,95,0,89,0.0
1788105144.23,010B,32,0,89,0.0
1788105144.24,0110,0,173,89,0.0
1788105144.27,010B,32,0,89,0.0
1788105144.28,0110,0,175,89,0.0
1788105144.30,0106,126,0,89,0.0
1788105144.33,0107,130,0,89,0.0
1788105144.33,010B,32,0,89,0.0
1788105144.37,010E,135,0,89,0.0
1788105144.38,0110,0,173,89,0.0
1788105144.40,0142,53,154,89,0.0
1788105144.44,0000,190,63,89,0.0
1788105144.47,0002,0,0,89,0.0
1788105144.48,0110,0,175,89,0.0
1788105144.50,0003,2,0,89,0.0
1788105144.53,0005,129,0,89,0.0
1788105144.57,0006,126,0,89,0.0
1788105144.58,0110,0,183,89,0.0
1788105144.60,0007,130,0,89,0.0
1788105144.63,000B,32,0,89,0.0
1788105144.63,010B,32,0,89,0.0
1788105144.66,000C,11,50,89,0.0
1788105144.68,0110,0,173,89,0.0
1788105144.69,000D,0,0,89,0.0
1788105144.73,000E,140,0,89,0.0
1788105144.73,010B,32,0,89,0.0
1788105144.76,000F,95,0,89,0.0
1788105144.79,0110,0,178,89,0.0
1788105144.79,0010,0,178,89,0.0
1788105144.82,0011,30,0,89,0.0
1788105144.83,010B,32,0,89,0.0
1788105144.85,0013,1,0,89,0.0
1788105144.88,0110,0,175,89,0.0
1788105144.89,001C,10,0,89,0.0
1788105144.93,001F,2,40,89,0.0
1788105144.93,010B,32,0,89,0.0
1788105144.96,0020,128,21,89,0.0
1788105144.98,0110,0,178,89,0.0
1788105144.99,0021,0,0,89,0.0
1788105145.02,002C,0,0,89,0.0
1788105145.03,010B,32,0,89,0.0
1788105145.05,002E,29,0,89,0.0
1788105145.09,0030,255,0,89,0.0
1788105145.12,003C,21,8,89,0.0
1788105145.13,010B,32,0,89,0.0
1788105145.15,0040,104,0,89,0.0
1788105145.18,0042,53,203,89,0.0
1788105145.18,0110,0,178,89,0.0
1788105145.21,0043,0,48,89,0.0
1788105145.23,010B,32,0,89,0.0
1788105145.25,0200,0,0,89,0.0
1788105145.28,0202,0,0,89,0.0
1788105145.28,0110,0,178,89,0.0
1788105145.31,0900,5,105,89,0.0
1788105145.34,010B,32,0,89,0.0
1788105145.35,0968,0,0,89,0.0
1788105145.38,096E,10,240,89,0.0
1788105145.38,0110,0,173,89,0.0
1788105145.39,17B3,127,0,89,0.0
1788105145.41,097C,110,46,89,0.0
1788105145.43,010B,32,0,89,0.0
1788105145.45,098E,0,0,89,0.0
1788105145.48,1101,0,0,89,0.0
1788105145.49,0110,0,183,89,0.0
1788105145.51,1103,0,0,89,0.0
1788105145.53,010B,32,0,89,0.0
1788105145.54,1104,0,0,89,0.0
1788105145.57,114A,50,128,89,0.0
1788105145.58,0110,0,173,89,0.0
1788105145.61,114D,35,192,89,0.0
1788105145.64,010B,32,0,89,0.0
1788105145.65,1153,41,209,89,0.0
1788105145.68,1154,29,192,89,0.0
1788105145.68,0110,0,173,89,0.0
1788105145.71,1169,29,181,89,0.0
1788105145.73,010B,32,0,89,0.0
1788105145.74,1173,0,60,89,0.0
1788105145.77,1177,18,72,89,0.0
1788105145.78,0110,0,175,89,0.0
1788105145.81,1410,0,215,89,0.0
1788105145.84,1631,1,0,89,0.0
1788105145.87,1678,0,0,89,0.0
1788105145.88,0110,0,178,89,0.0
1788105145.90,1681,0,0,89,0.0
1788105145.93,16CD,0,0,89,0.0
1788105145.97,16CE,255,252,89,0.0
1788105145.99,0110,0,175,89,0.0
1788105146.00,16CF,13,15,89,0.0
1788105146.03,16E8,67,9,89,0.0
1788105146.03,010B,32,0,89,0.0
1788105146.06,16E9,0,118,89,0.0
1788105146.08,0110,0,178,89,0.0
1788105146.09,16F0,3,131,89,0.0
1788105146.14,1704,0,0,89,0.0
1788105146.17,1706,128,0,89,0.0
1788105146.18,0110,0,173,89,0.0
1788105146.20,1709,0,0,89,0.0
1788105146.23,1717,1,0,89,0.0
1788105146.23,010B,32,0,89,0.0
1788105146.26,1718,1,0,89,0.0
1788105146.28,0110,0,180,89,0.0
1788105146.29,1746,0,0,89,0.0
1788105146.33,1782,141,192,89,0.0
1788105146.33,010B,32,0,89,0.0
1788105146.36,1783,110,192,89,0.0
1788105146.38,0110,0,171,89,0.0
1788105146.39,17A0,32,0,89,0.0
1788105146.42,17A6,0,0,89,0.0
1788105146.43,010B,32,0,89,0.0
1788105146.46,17B0,19,0,89,0.0
1788105146.49,17B1,32,0,89,0.0
1788105146.52,17B2,4,0,89,0.0
1788105146.53,010B,32,0,89,0.0
1788105146.55,17B3,127,0,89,0.0
1788105146.58,17B5,80,0,89,0.0
1788105146.58,0110,0,171,89,0.0
1788105146.61,17B6,0,0,89,0.0
1788105146.63,010B,32,0,89,0.0
1788105146.65,17B8,239,0,89,0.0
1788105146.69,17BA,0,0,89,0.0
1788105146.72,17BB,0,0,89,0.0
1788105146.73,010B,32,0,89,0.0
1788105146.75,17BC,0,0,89,0.0
1788105146.78,17BD,65,0,89,0.0
1788105146.79,0110,0,180,89,0.0
1788105146.81,17BE,0,0,89,0.0
1788105146.83,010B,32,0,89,0.0
1788105146.85,17C1,234,0,89,0.0
1788105146.88,3201,23,112,89,0.0
1788105146.88,0110,0,175,89,0.0
1788105146.91,990A,43,0,89,0.0
1788105146.93,010B,32,0,89,0.0
1788105146.94,996E,13,112,89,0.0
1788105146.97,A211,0,0,89,0.0
1788105146.98,0110,0,178,89,0.0
1788105147.01,D100,129,0,89,0.0
1788105147.04,010B,32,0,89,0.0
1788105147.05,E21B,90,74,89,0.0
1788105147.08,E21C,49,56,89,0.0
1788105147.08,0110,0,175,89,0.0
1788105147.11,E21D,56,56,89,0.0
1788105147.14,010B,32,0,89,0.0
1788105147.14,E21E,70,0,89,0.0
1788105147.17,E6F0,90,74,89,0.0
1788105147.18,0110,0,175,89,0.0
1788105147.21,E6F2,240,0,89,0.0
1788105147.23,010B,32,0,89,0.0
1788105147.27,0105,129,0,89,0.0
1788105147.28,0110,0,178,89,0.0
1788105147.30,010F,95,0,89,0.0
1788105147.33,0110,0,178,89,0.0
1788105147.33,010B,32,0,89,0.0
1788105147.36,010B,32,0,89,0.0
1788105147.38,0110,0,173,89,0.0
1788105147.39,17B3,127,0,89,0.0
1788105147.40,0106,130,0,89,0.0
1788105147.43,0107,130,0,89,0.0
1788105147.43,010B,32,0,89,0.0
1788105147.46,010E,140,0,89,0.0
1788105147.48,0110,0,173,89,0.0
1788105147.49,0142,53,194,89,0.0
1788105147.53,0000,190,63,89,0.0
1788105147.54,010B,32,0,89,0.0
1788105147.57,0002,0,0,89,0.0
1788105147.58,0110,0,178,89,0.0
1788105147.60,0003,2,0,89,0.0
1788105147.63,0005,129,0,89,0.0
1788105147.63,010B,32,0,89,0.0
1788105147.66,0006,128,0,89,0.0
1788105147.68,0110,0,173,89,0.0
1788105147.69,0007,130,0,89,0.0
1788105147.73,000B,32,0,89,0.0
1788105147.73,010B,32,0,89,0.0
1788105147.76,000C,11,36,89,0.0
1788105147.78,0110,0,178,89,0.0
1788105147.79,000D,0,0,89,0.0
1788105147.82,000E,141,0,89,0.0
1788105147.83,010B,32,0,89,0.0
1788105147.86,000F,95,0,89,0.0
1788105147.88,0110,0,178,89,0.0
1788105147.89,0010,0,175,89,0.0
1788105147.93,0011,30,0,89,0.0
1788105147.93,010B,32,0,89,0.0
1788105147.96,0013,1,0,89,0.0
1788105147.99,001C,10,0,89,0.0
1788105148.02,001F,2,43,89,0.0
1788105148.03,010B,32,0,89,0.0
1788105148.05,0020,128,21,89,0.0
1788105148.08,0110,0,173,89,0.0
1788105148.12,002C,0,0,89,0.0
1788105148.13,010B,32,0,89,0.0
1788105148.16,002E,29,0,89,0.0
1788105148.18,0030,255,0,89,0.0
1788105148.18,0110,0,175,89,0.0
1788105148.22,003C,21,8,89,0.0
1788105148.23,010B,32,0,89,0.0
1788105148.25,0040,104,0,89,0.0
1788105148.29,0042,53,181,89,0.0
1788105148.32,0043,0,48,89,0.0
1788105148.33,010B,32,0,89,0.0
1788105148.35,0200,0,0,89,0.0
1788105148.38,0202,0,0,89,0.0
1788105148.38,0110,0,178,89,0.0
1788105148.39,0142,53,195,89,0.0
1788105148.41,0900,5,95,89,0.0
1788105148.43,010B,32,0,89,0.0
1788105148.45,0968,0,0,89,0.0
1788105148.48,096E,10,240,89,0.0
1788105148.48,0110,0,171,89,0.0
1788105148.51,097C,110,46,89,0.0
1788105148.53,010B,32,0,89,0.0
1788105148.54,098E,0,0,89,0.0
1788105148.57,1101,0,0,89,0.0
1788105148.58,0110,0,175,89,0.0
1788105148.61,1103,0,0,89,0.0
1788105148.63,010B,32,0,89,0.0
1788105148.64,1104,0,0,89,0.0
1788105148.67,114A,50,128,89,0.0
1788105148.68,0110,0,171,89,0.0
1788105148.70,114D,35,192,89,0.0
1788105148.73,1153,41,145,89,0.0
1788105148.73,010B,32,0,89,0.0
1788105148.77,1154,29,192,89,0.0
1788105148.78,0110,0,171,89,0.0
1788105148.81,1169,29,181,89,0.0
1788105148.84,1173,2,198,89,0.0
1788105148.87,1177,18,32,89,0.0
1788105148.88,0110,0,175,89,0.0
1788105148.90,1410,0,213,89,0.0
1788105148.93,1631,1,0,89,0.0
1788105148.93,010B,32,0,89,0.0
1788105148.97,1678,0,0,89,0.0
1788105148.98,0110,0,175,89,0.0
1788105149.00,1681,0,0,89,0.0
1788105149.04,16CD,0,0,89,0.0
1788105149.07,16CE,255,253,89,0.0
1788105149.08,0110,0,178,89,0.0
1788105149.10,16CF,12,250,89,0.0
1788105149.13,16E8,73,76,89,0.0
1788105149.13,010B,32,0,89,0.0
1788105149.17,16E9,0,118,89,0.0
1788105149.18,0110,0,178,89,0.0
1788105149.20,16F0,3,131,89,0.0
1788105149.23,1704,0,0,89,0.0
1788105149.23,010B,32,0,89,0.0
1788105149.26,1706,128,0,89,0.0
1788105149.28,0110,0,175,89,0.0
1788105149.29,1709,0,0,89,0.0
1788105149.33,1717,1,0,89,0.0
1788105149.33,010B,32,0,89,0.0
1788105149.37,1718,1,0,89,0.0
1788105149.40,1746,0,0,89,0.0
1788105149.43,1782,141,192,89,0.0
1788105149.46,1783,110,192,89,0.0
1788105149.49,17A0,31,0,89,0.0
1788105149.53,17A6,0,0,89,0.0
1788105149.56,17B0,19,0,89,0.0
1788105149.59,17B1,32,0,89,0.0
1788105149.62,17B2,4,0,89,0.0
1788105149.65,17B3,127,0,89,0.0
1788105149.69,17B5,80,0,89,0.0
1788105149.72,17B6,0,0,89,0.0
1788105149.75,17B8,239,0,89,0.0
1788105149.78,17BA,0,0,89,0.0
