t,pid,b1,b2,coolant,speed
1788105483.16,010B,36,0,0,0.0
1788105483.16,0000,190,63,0,0.0
1788105483.20,0002,0,0,36,0.0
1788105483.21,0110,1,159,36,0.0
1788105483.23,0003,2,0,36,0.0
1788105483.26,0005,76,0,36,0.0
1788105483.29,0006,126,0,36,0.0
1788105483.31,0110,1,164,36,0.0
1788105483.32,0007,127,0,36,0.0
1788105483.36,000B,36,0,36,0.0
1788105483.39,000C,20,2,36,0.0
1788105483.41,0110,1,168,36,0.0
1788105483.42,000D,0,0,36,0.0
1788105483.45,000E,142,0,36,0.0
1788105483.46,010B,36,0,36,0.0
1788105483.48,000F,67,0,36,0.0
1788105483.51,0110,1,168,36,0.0
1788105483.52,0010,1,172,36,0.0
1788105483.56,0011,29,0,36,0.0
1788105483.59,0013,1,0,36,0.0
1788105483.61,0110,1,177,36,0.0
1788105483.62,001C,10,0,36,0.0
1788105483.65,001F,0,52,36,0.0
1788105483.66,010B,36,0,36,0.0
1788105483.68,0020,128,21,36,0.0
1788105483.71,0110,1,168,36,0.0
1788105483.72,0021,0,0,36,0.0
1788105483.75,002C,0,0,36,0.0
1788105483.76,010B,36,0,36,0.0
1788105483.78,002E,0,0,36,0.0
1788105483.81,0110,1,159,36,0.0
1788105483.81,17B3,82,0,36,0.0
1788105483.84,003C,6,88,36,0.0
1788105483.86,010B,36,0,36,0.0
1788105483.88,0040,104,0,36,0.0
1788105483.91,0110,1,151,36,0.0
1788105483.92,0042,55,103,36,0.0
1788105483.95,0043,0,62,36,0.0
1788105483.96,010B,36,0,36,0.0
1788187424.64,0200,0,0,36,0.0
1788187424.66,0110,1,164,36,0.0
1788187424.67,0202,0,0,36,0.0
1788187424.70,0900,5,185,36,0.0
1788187424.71,010B,36,0,36,0.0
1788187424.73,0968,0,0,36,0.0
1788187424.77,096E,19,195,36,0.0
1788187424.80,097C,113,131,36,0.0
1788187424.81,010B,36,0,36,0.0
1788187424.83,098E,0,0,36,0.0
1788187424.86,1101,0,0,36,0.0
1788187424.86,0110,1,159,36,0.0
1788187424.89,1103,16,0,36,0.0
1788187424.91,010B,36,0,36,0.0
1788187424.93,1104,0,0,36,0.0
1788187424.97,114A,105,0,36,0.0
1788187425.00,114D,120,128,36,0.0
1788187425.01,010B,36,0,36,0.0
1788187425.03,1153,72,45,36,0.0
1788187425.06,1154,29,128,36,0.0
1788187425.06,0110,1,164,36,0.0
1788187425.09,1169,29,125,36,0.0
1788187425.11,010B,36,0,36,0.0
1788187425.13,1173,3,112,36,0.0
1788187425.16,1177,24,16,36,0.0
1788187425.16,0110,1,168,36,0.0
1788187425.19,1410,1,10,36,0.0
1788187425.21,010B,36,0,36,0.0
1788187425.22,1631,1,0,36,0.0
1788187425.25,1678,0,0,36,0.0
1788187425.26,0110,1,168,36,0.0
1788187425.29,1681,0,0,36,0.0
1788187425.31,010B,36,0,36,0.0
1788187425.32,16CD,0,0,36,0.0
1788187425.35,16CE,0,0,36,0.0
1788187425.36,0110,1,155,36,0.0
1788187425.38,16CF,12,44,36,0.0
1788187425.41,16E8,40,4,36,0.0
1788187425.41,010B,36,0,36,0.0
1788187425.45,16E9,0,120,36,0.0
1788187425.46,0110,1,151,36,0.0
1788187425.49,16F0,3,131,36,0.0
1788187425.52,1704,0,0,36,0.0
1788187425.55,1706,128,0,36,0.0
1788187425.56,0110,1,159,36,0.0
1788187425.58,1709,0,0,36,0.0
1788187425.61,1717,1,0,36,0.0
1788187425.65,1718,1,0,36,0.0
1788187425.66,0110,1,155,36,0.0
1788187425.68,1746,0,0,36,0.0
1788187425.71,1782,211,0,36,0.0
1788187425.71,010B,36,0,36,0.0
1788187425.74,1783,110,192,36,0.0
1788187425.76,0110,1,155,36,0.0
1788187425.77,17A0,255,0,36,0.0
1788187425.81,17A6,0,0,36,0.0
1788187425.81,010B,36,0,36,0.0
1788187425.84,17B0,34,0,36,0.0
1788187425.86,0110,1,155,36,0.0
1788187425.88,17B1,32,0,36,0.0
1788187425.91,17B2,4,0,36,0.0
1788187425.91,010B,36,0,36,0.0
1788187425.94,17B3,82,0,36,0.0
1788187425.96,0110,1,159,36,0.0
1788187425.97,17B5,80,0,36,0.0
1788187426.01,17B6,0,0,36,0.0
1788187426.01,010B,36,0,36,0.0
1788187426.04,17B8,242,0,36,0.0
1788187426.07,17BA,0,0,36,0.0
1788187426.10,17BB,0,0,36,0.0
1788187426.11,010B,36,0,36,0.0
1788187426.13,17BC,0,0,36,0.0
1788187426.17,17BD,154,0,36,0.0
1788187426.20,17BE,0,0,36,0.0
1788187426.21,010B,36,0,36,0.0
1788187426.23,17C1,234,0,36,0.0
1788187426.26,3201,23,112,36,0.0
1788187426.26,0110,1,168,36,0.0
1788187426.29,990A,43,0,36,0.0
1788187426.31,010B,36,0,36,0.0
1788187426.33,996E,13,112,36,0.0
1788187426.37,A211,0,0,36,0.0
1788187426.40,D100,129,0,36,0.0
1788187426.41,010B,36,0,36,0.0
1788187426.43,E21B,90,74,36,0.0
1788187426.46,E21C,49,56,36,0.0
1788187426.46,0110,1,155,36,0.0
1788187426.47,17B3,82,0,36,0.0
1788187426.49,E21D,56,56,36,0.0
1788187426.51,010B,36,0,36,0.0
1788187426.53,E21E,70,0,36,0.0
1788187426.56,E6F0,90,74,36,0.0
1788187426.56,0110,1,155,36,0.0
1788187426.59,E6F2,240,0,36,0.0
1788187426.61,010B,36,0,36,0.0
1788187426.62,E6F3,240,0,36,0.0
1788187426.65,0105,76,0,36,0.0
1788187426.66,0110,1,146,36,0.0
1788187426.68,010F,67,0,36,0.0
1788187426.71,010B,36,0,36,0.0
1788187426.71,0110,1,159,36,0.0
1788187426.75,010B,36,0,36,0.0
1788187426.77,0110,1,159,36,0.0
1788187426.78,0106,123,0,36,0.0
1788187426.81,0107,127,0,36,0.0
1788187426.81,010B,36,0,36,0.0
1788187426.84,010E,144,0,36,0.0
1788187426.86,0110,1,151,36,0.0
1788187426.88,0142,55,116,36,0.0
1788187426.91,0000,190,63,36,0.0
1788187426.91,010B,36,0,36,0.0
1788187426.94,0002,0,0,36,0.0
1788187426.96,0110,1,155,36,0.0
1788187426.97,0003,2,0,36,0.0
1788187427.00,0005,76,0,36,0.0
1788187427.01,010B,36,0,36,0.0
1788187427.04,0006,124,0,36,0.0
1788187427.06,0110,1,151,36,0.0
1788187427.07,0007,127,0,36,0.0
1788187427.10,000B,36,0,36,0.0
1788187427.11,010B,36,0,36,0.0
1788187427.14,000C,19,132,36,0.0
1788187427.17,0110,1,151,36,0.0
1788187427.17,000D,0,0,36,0.0
1788187427.21,000E,145,0,36,0.0
1788187427.21,010B,36,0,36,0.0
1788187427.24,000F,67,0,36,0.0
1788187427.26,0110,1,159,36,0.0
1788187427.27,0010,1,159,36,0.0
1788187427.30,0011,29,0,36,0.0
1788187427.31,010B,36,0,36,0.0
1788187427.33,0013,1,0,36,0.0
1788187427.36,0110,1,155,36,0.0
1788187427.36,001C,10,0,36,0.0
1788187427.41,001F,0,56,36,0.0
1788187427.41,010B,36,0,36,0.0
1788187427.44,0020,128,21,36,0.0
1788187427.47,0021,0,0,36,0.0
1788187427.50,002C,0,0,36,0.0
1788187427.51,010B,36,0,36,0.0
1788187427.53,002E,0,0,36,0.0
1788187427.57,0030,255,0,37,0.0
1788187427.60,003C,6,131,37,0.0
1788187427.61,010B,36,0,37,0.0
1788187427.63,0040,104,0,37,0.0
1788187427.66,0042,55,112,37,0.0
1788187427.66,0110,1,155,37,0.0
1788187427.69,0043,0,62,37,0.0
1788187427.71,010B,36,0,37,0.0
1788187427.72,0200,0,0,37,0.0
1788187427.76,0202,0,0,37,0.0
1788187427.76,0110,1,159,37,0.0
1788187427.79,0900,5,180,37,0.0
1788187427.81,010B,36,0,37,0.0
1788187427.82,0968,0,0,37,0.0
1788187427.86,096E,19,109,37,0.0
1788187427.86,0110,1,151,37,0.0
1788187427.89,097C,113,129,37,0.0
1788187427.91,010B,36,0,37,0.0
1788187427.93,098E,0,0,37,0.0
1788187427.96,1101,0,0,37,0.0
1788187427.96,0110,1,151,37,0.0
1788187427.99,1103,16,0,37,0.0
1788187428.01,010B,36,0,37,0.0
1788187428.02,1104,0,0,37,0.0
1788187428.05,114A,104,192,37,0.0
1788187428.06,0110,1,159,37,0.0
1788187428.08,114D,118,192,37,0.0
1788187428.12,1153,71,78,37,0.0
1788187428.15,1154,29,128,37,0.0
1788187428.16,0110,1,146,37,0.0
1788187428.18,1169,29,125,37,0.0
1788187428.21,1173,3,97,37,0.0
1788187428.21,010B,36,0,37,0.0
1788187428.24,1177,23,192,37,0.0
1788187428.26,0110,1,155,37,0.0
1788187428.28,1410,1,8,37,0.0
1788187428.31,1631,1,0,37,0.0
1788187428.31,010B,36,0,37,0.0
1788187428.35,1678,0,0,37,0.0
1788187428.36,0110,1,142,37,0.0
1788187428.38,1681,0,0,37,0.0
1788187428.41,16CD,0,0,37,0.0
1788187428.41,010B,36,0,37,0.0
1788187428.45,16CE,0,0,37,0.0
1788187428.46,0110,1,155,37,0.0
1788187428.47,17B3,82,0,37,0.0
1788187428.48,16CF,11,251,37,0.0
1788187428.51,16E8,40,87,37,0.0
1788187428.51,010B,36,0,37,0.0
1788187428.55,16E9,0,120,37,0.0
1788187428.56,0110,1,159,37,0.0
1788187428.58,16F0,3,131,37,0.0
1788187428.61,1704,0,0,37,0.0
1788187428.65,1706,128,0,37,0.0
1788187428.66,0110,1,159,37,0.0
1788187428.68,1709,0,0,37,0.0
1788187428.71,1717,1,0,37,0.0
1788187428.71,010B,36,0,37,0.0
1788187428.74,1718,1,0,37,0.0
1788187428.76,0110,1,151,37,0.0
1788187428.77,1746,0,0,37,0.0
1788187428.81,1782,210,192,37,0.0
1788187428.81,010B,36,0,37,0.0
1788187428.84,1783,110,192,37,0.0
1788187428.87,17A0,255,0,37,0.0
1788187428.90,17A6,0,0,37,0.0
1788187428.91,010B,36,0,37,0.0
1788187428.93,17B0,33,0,37,0.0
1788187428.97,17B1,32,0,37,0.0
1788187429.00,17B2,4,0,37,0.0
1788187429.01,010B,36,0,37,0.0
1788187429.03,17B3,82,0,37,0.0
1788187429.06,17B5,80,0,37,0.0
1788187429.06,0110,1,142,37,0.0
1788187429.09,17B6,0,0,37,0.0
1788187429.11,010B,36,0,37,0.0
1788187429.13,17B8,242,0,37,0.0
1788187429.16,17BA,0,0,37,0.0
1788187429.20,17BB,0,0,37,0.0
1788187429.21,010B,36,0,37,0.0
1788187429.23,17BC,0,0,37,0.0
1788187429.26,17BD,154,0,37,0.0
1788187429.26,0110,1,142,37,0.0
1788187429.29,17BE,0,0,37,0.0
1788187429.31,010B,36,0,37,0.0
1788187429.33,17C1,234,0,37,0.0
1788187429.36,3201,23,112,37,0.0
1788187429.36,0110,1,151,37,0.0
1788187429.39,990A,44,0,37,0.0
1788187429.41,010B,36,0,37,0.0
1788187429.42,996E,13,92,37,0.0
1788187429.45,A211,0,0,37,0.0
1788187429.46,0110,1,146,37,0.0
1788187429.48,D100,129,0,37,0.0
1788187429.52,010B,36,0,37,0.0
1788187429.55,E21C,49,56,37,0.0
1788187429.56,0110,1,155,37,0.0
1788187429.58,E21D,56,56,37,0.0
1788187429.61,E21E,70,0,37,0.0
1788187429.65,E6F0,90,74,37,0.0
1788187429.66,0110,1,155,37,0.0
1788187429.69,E6F2,240,0,37,0.0
1788187429.72,E6F3,240,0,37,0.0
1788187429.74,0105,77,0,37,0.0
1788187429.76,0110,1,155,37,0.0
1788187429.78,010F,67,0,37,0.0
1788187429.81,0110,1,151,37,0.0
1788187429.81,010B,36,0,37,0.0
1788187429.85,010B,36,0,37,0.0
1788187429.87,0110,1,159,37,0.0
1788187429.88,0106,122,0,37,0.0
1788187429.91,0107,127,0,37,0.0
1788187429.91,010B,36,0,37,0.0
1788187429.94,010E,144,0,37,0.0
1788187429.96,0110,1,155,37,0.0
1788187429.98,0142,55,102,37,0.0
1788187430.01,0000,190,63,37,0.0
1788187430.04,0002,0,0,37,0.0
1788187430.06,0110,1,159,37,0.0
1788187430.08,0003,2,0,37,0.0
1788187430.11,0005,77,0,37,0.0
1788187430.11,010B,36,0,37,0.0
1788187430.14,0006,123,0,37,0.0
1788187430.16,0110,1,155,37,0.0
1788187430.17,0007,127,0,37,0.0
1788187430.20,000B,36,0,37,0.0
1788187430.21,010B,36,0,37,0.0
1788187430.24,000C,19,110,37,0.0
1788187430.26,0110,1,155,37,0.0
1788187430.27,000D,0,0,37,0.0
1788187430.30,000E,144,0,37,0.0
1788187430.31,010B,36,0,37,0.0
1788187430.33,000F,67,0,37,0.0
1788187430.36,0110,1,142,37,0.0
1788187430.37,0010,1,146,37,0.0
1788187430.40,0011,29,0,37,0.0
1788187430.41,010B,36,0,37,0.0
1788187430.44,0013,1,0,37,0.0
1788187430.47,001C,10,0,37,0.0
1788187430.50,001F,0,57,37,0.0
1788187430.51,010B,36,0,37,0.0
1788187430.53,0020,128,21,37,0.0
1788187430.56,0021,0,0,37,0.0
1788187430.60,002C,0,0,37,0.0
1788187430.62,010B,36,0,37,0.0
1788187430.63,002E,0,0,37,0.0
1788187430.66,0030,255,0,37,0.0
1788187430.66,0110,1,151,37,0.0
1788187430.69,003C,6,168,37,0.0
1788187430.71,010B,36,0,37,0.0
1788187430.72,0040,104,0,37,0.0
1788187430.76,0042,55,101,37,0.0
1788187430.76,0110,1,142,37,0.0
1788187430.79,0043,0,62,37,0.0
1788187430.81,010B,36,0,37,0.0
1788187430.82,0200,0,0,37,0.0
1788187430.85,0202,0,0,37,0.0
1788187430.86,0110,1,155,37,0.0
1788187430.88,0900,5,180,37,0.0
1788187430.91,010B,36,0,37,0.0
1788187430.92,0968,0,0,37,0.0
1788187430.96,096E,19,74,37,0.0
1788187430.96,0110,1,142,37,0.0
1788187430.99,097C,113,133,37,0.0
1788187431.02,098E,0,0,37,0.0
1788187431.05,1101,0,0,37,0.0
1788187431.06,0110,1,146,37,0.0
1788187431.08,1103,16,0,37,0.0
1788187431.12,1104,0,0,37,0.0
1788187431.15,114A,104,192,37,0.0
1788187431.16,0110,1,142,37,0.0
1788187431.18,114D,117,0,37,0.0
1788187431.21,1153,70,226,37,0.0
1788187431.24,1154,29,128,37,0.0
1788187431.26,0110,1,146,37,0.0
1788187431.28,1169,29,125,37,0.0
1788187431.31,1173,2,233,37,0.0
1788187431.31,010B,36,0,37,0.0
1788187431.34,1177,23,212,37,0.0
1788187431.36,0110,1,142,37,0.0
1788187431.37,1410,1,11,37,0.0
1788187431.40,1631,1,0,37,0.0
1788187431.41,010B,36,0,37,0.0
1788187431.44,1678,0,0,37,0.0
1788187431.46,0110,1,159,37,0.0
1788187431.48,1681,0,0,37,0.0
1788187431.51,16CD,0,0,37,0.0
1788187431.51,010B,36,0,37,0.0
1788187431.54,16CE,0,0,37,0.0
1788187431.56,0110,1,133,37,0.0
1788187431.57,16CF,12,9,37,0.0
1788187431.60,16E8,38,225,37,0.0
1788187431.61,010B,36,0,37,0.0
1788187431.64,16E9,0,120,37,0.0
1788187431.66,0110,1,151,37,0.0
1788187431.68,16F0,3,131,37,0.0
1788187431.71,1704,0,0,37,0.0
1788187431.71,010B,36,0,37,0.0
1788187431.74,1706,128,0,37,0.0
1788187431.76,0110,1,129,37,0.0
1788187431.77,1709,0,0,37,0.0
1788187431.80,1717,1,0,37,0.0
1788187431.81,010B,36,0,37,0.0
1788187431.84,1718,1,0,37,0.0
1788187431.87,1746,0,0,37,0.0
1788187431.90,1782,210,192,37,0.0
1788187431.91,010B,36,0,37,0.0
1788187431.93,1783,110,192,37,0.0
1788187431.96,17A0,255,0,38,0.0
1788187432.00,17A6,0,0,38,0.0
1788187432.01,010B,36,0,38,0.0
1788187432.03,17B0,33,0,38,0.0
1788187432.06,17B1,32,0,38,0.0
1788187432.06,0110,1,146,38,0.0
1788187432.09,17B2,4,0,38,0.0
1788187432.11,010B,36,0,38,0.0
1788187432.13,17B3,82,0,38,0.0
1788187432.16,17B5,80,0,38,0.0
1788187432.20,17B6,0,0,38,0.0
1788187432.21,010B,36,0,38,0.0
1788187432.23,17B8,242,0,38,0.0
1788187432.26,17BA,0,0,38,0.0
1788187432.26,0110,1,146,38,0.0
1788187432.29,17BB,0,0,38,0.0
1788187432.31,010B,36,0,38,0.0
1788187432.32,17BC,0,0,38,0.0
1788187432.36,17BD,154,0,38,0.0
1788187432.36,0110,1,142,38,0.0
1788187432.39,17BE,0,0,38,0.0
1788187432.42,010B,36,0,38,0.0
1788187432.42,17C1,234,0,38,0.0
1788187432.45,3201,23,112,38,0.0
1788187432.47,0110,1,146,38,0.0
1788187432.47,17B3,82,0,38,0.0
1788187432.48,990A,44,0,38,0.0
1788187432.51,010B,36,0,38,0.0
1788187432.52,996E,13,72,38,0.0
1788187432.55,A211,0,0,38,0.0
1788187432.57,0110,1,146,38,0.0
1788187432.58,D100,129,0,38,0.0
1788187432.61,E21B,90,74,38,0.0
1788187432.65,E21C,49,56,38,0.0
1788187432.66,0110,1,155,38,0.0
1788187432.68,E21D,56,56,38,0.0
1788187432.72,E21E,70,0,38,0.0
1788187432.75,E6F0,90,74,38,0.0
1788187432.76,0110,1,155,38,0.0
1788187432.78,E6F2,240,0,38,0.0
1788187432.81,E6F3,240,0,38,0.0
1788187432.81,010B,36,0,38,0.0
1788187432.84,0105,78,0,38,0.0
1788187432.86,0110,1,142,38,0.0
1788187432.87,010F,67,0,38,0.0
1788187432.91,0110,1,155,38,0.0
1788187432.92,010B,36,0,38,0.0
1788187432.94,010B,36,0,38,0.0
1788187432.96,0110,1,133,38,0.0
1788187432.97,0106,123,0,38,0.0
1788187433.00,0107,127,0,38,0.0
1788187433.01,010B,36,0,38,0.0
1788187433.03,010E,143,0,38,0.0
1788187433.06,0110,1,146,38,0.0
1788187433.07,0142,55,110,38,0.0
1788187433.11,0000,190,63,38,0.0
1788187433.11,010B,36,0,38,0.0
1788187433.14,0002,0,0,38,0.0
1788187433.16,0110,1,138,38,0.0
1788187433.17,0003,2,0,38,0.0
1788187433.20,0005,78,0,38,0.0
1788187433.21,010B,36,0,38,0.0
1788187433.24,0006,123,0,38,0.0
1788187433.26,0110,1,146,38,0.0
1788187433.27,0007,127,0,38,0.0
1788187433.30,000B,36,0,38,0.0
1788187433.31,010B,36,0,38,0.0
1788187433.33,000C,19,99,38,0.0
1788187433.36,000D,0,0,38,0.0
1788187433.40,000E,142,0,38,0.0
1788187433.41,010B,36,0,38,0.0
1788187433.44,000F,67,0,38,0.0
1788187433.47,0010,1,146,38,0.0
1788187433.50,0011,29,0,38,0.0
1788187433.51,010B,36,0,38,0.0
1788187433.53,0013,1,0,38,0.0
1788187433.56,001C,10,0,38,0.0
1788187433.60,001F,0,60,38,0.0
1788187433.61,010B,36,0,38,0.0
1788187433.63,0020,128,21,38,0.0
1788187433.66,0021,0,0,38,0.0
1788187433.66,0110,1,146,38,0.0
1788187433.69,002C,0,0,38,0.0
1788187433.71,010B,36,0,38,0.0
1788187433.72,002E,0,0,38,0.0
1788187433.76,0030,255,0,38,0.0
1788187433.76,0110,1,142,38,0.0
1788187433.80,003C,6,211,38,0.0
1788187433.81,010B,36,0,38,0.0
1788187433.83,0040,104,0,38,0.0
1788187433.86,0042,55,113,38,0.0
1788187433.86,0110,1,142,38,0.0
1788187433.89,0043,0,62,38,0.0
1788187433.91,010B,36,0,38,0.0
1788187433.92,0200,0,0,38,0.0
1788187433.96,0202,0,0,38,0.0
1788187433.96,0110,1,146,38,0.0
1788187433.99,0900,5,175,38,0.0
1788187434.01,010B,36,0,38,0.0
1788187434.02,0968,0,0,38,0.0
1788187434.05,096E,19,40,38,0.0
1788187434.06,0110,1,159,38,0.0
1788187434.08,097C,113,136,38,0.0
1788187434.12,098E,0,0,38,0.0
1788187434.15,1101,0,0,38,0.0
1788187434.16,0110,1,138,38,0.0
1788187434.18,1103,16,0,38,0.0
1788187434.21,1104,0,0,38,0.0
1788187434.25,114A,104,128,38,0.0
1788187434.26,0110,1,146,38,0.0
1788187434.28,114D,115,128,38,0.0
1788187434.32,1153,70,69,38,0.0
1788187434.35,1154,29,128,38,0.0
1788187434.36,0110,1,138,38,0.0
1788187434.38,1169,29,125,38,0.0
1788187434.41,1173,3,122,38,0.0
1788187434.41,010B,36,0,38,0.0
1788187434.44,1177,23,152,38,0.0
1788187434.46,0110,1,138,38,0.0
1788187434.47,17B3,82,0,38,0.0
1788187434.48,1410,1,7,38,0.0
1788187434.51,1631,1,0,38,0.0
1788187434.51,010B,36,0,38,0.0
1788187434.55,1678,0,0,38,0.0
1788187434.56,0110,1,142,38,0.0
1788187434.58,1681,0,0,38,0.0
1788187434.61,16CD,0,0,38,0.0
1788187434.61,010B,36,0,38,0.0
1788187434.64,16CE,0,0,38,0.0
1788187434.66,0110,1,142,38,0.0
1788187434.68,16CF,12,43,38,0.0
1788187434.71,16E8,40,191,38,0.0
1788187434.71,010B,36,0,38,0.0
1788187434.74,16E9,0,120,38,0.0
1788187434.76,0110,1,146,38,0.0
1788187434.77,16F0,3,131,38,0.0
1788187434.80,1704,0,0,38,0.0
1788187434.81,010B,36,0,38,0.0
1788187434.84,1706,128,0,38,0.0
1788187434.86,0110,1,142,38,0.0
1788187434.87,1709,0,0,38,0.0
1788187434.90,1717,1,0,38,0.0
1788187434.91,010B,36,0,38,0.0
1788187434.93,1718,1,0,38,0.0
1788187434.96,0110,1,133,38,0.0
1788187434.96,1746,0,0,38,0.0
1788187435.00,1782,210,128,38,0.0
1788187435.01,010B,36,0,38,0.0
1788187435.03,1783,110,192,38,0.0
1788187435.06,17A0,255,0,38,0.0
1788187435.06,0110,1,142,38,0.0
1788187435.10,17A6,0,0,38,0.0
1788187435.11,010B,36,0,38,0.0
1788187435.13,17B0,33,0,38,0.0
1788187435.16,17B1,32,0,38,0.0
1788187435.20,17B2,4,0,38,0.0
1788187435.21,010B,36,0,38,0.0
1788187435.23,17B3,82,0,38,0.0
1788187435.26,17B5,80,0,38,0.0
1788187435.26,0110,1,138,38,0.0
1788187435.29,17B6,0,0,38,0.0
1788187435.31,010B,36,0,38,0.0
1788187435.32,17B8,242,0,38,0.0
1788187435.36,17BA,0,0,38,0.0
1788187435.37,0110,1,138,38,0.0
1788187435.39,17BB,0,0,38,0.0
1788187435.41,010B,36,0,38,0.0
1788187435.42,17BC,0,0,38,0.0
1788187435.45,17BD,154,0,38,0.0
1788187435.46,0110,1,133,38,0.0
1788187435.46,0142,55,104,38,0.0
1788187435.48,17BE,0,0,38,0.0
1788187435.51,010B,36,0,38,0.0
1788187435.52,17C1,234,0,38,0.0
1788187435.55,3201,23,112,38,0.0
1788187435.56,0110,1,138,38,0.0
1788187435.58,990A,44,0,38,0.0
1788187435.61,996E,13,52,38,0.0
1788187435.61,010B,36,0,38,0.0
1788187435.65,A211,0,0,38,0.0
1788187435.66,0110,1,129,38,0.0
1788187435.68,D100,129,0,38,0.0
1788187435.72,E21B,90,74,38,0.0
1788187435.75,E21C,49,56,38,0.0
1788187435.76,0110,1,129,38,0.0
1788187435.78,E21D,56,56,38,0.0
1788187435.81,E21E,70,0,38,0.0
1788187435.81,010B,36,0,38,0.0
1788187435.84,E6F0,90,74,38,0.0
1788187435.86,0110,1,146,38,0.0
1788187435.88,E6F2,240,0,38,0.0
1788187435.91,E6F3,240,0,38,0.0
1788187435.91,010B,36,0,38,0.0
1788187435.94,0105,78,0,38,0.0
1788187435.96,0110,1,133,38,0.0
1788187435.97,010F,67,0,38,0.0
1788187436.00,0110,1,138,38,0.0
1788187436.01,010B,36,0,38,0.0
1788187436.03,010B,36,0,38,0.0
1788187436.06,0110,1,138,38,0.0
1788187436.07,0106,123,0,38,0.0
1788187436.10,0107,127,0,38,0.0
1788187436.11,010B,36,0,38,0.0
1788187436.13,010E,145,0,38,0.0
1788187436.16,0110,1,146,38,0.0
1788187436.16,0142,55,114,38,0.0
1788187436.20,0000,190,63,38,0.0
1788187436.21,010B,36,0,38,0.0
1788187436.24,0002,0,0,38,0.0
1788187436.27,0003,2,0,38,0.0
1788187436.30,0005,78,0,38,0.0
1788187436.31,010B,36,0,38,0.0
1788187436.33,0006,124,0,38,0.0
1788187436.36,0007,127,0,38,0.0
1788187436.40,000B,36,0,38,0.0
1788187436.41,010B,36,0,38,0.0
1788187436.43,000C,19,34,38,0.0
1788187436.46,000D,0,0,38,0.0
1788187436.46,0110,1,142,38,0.0
1788187436.47,17B3,82,0,38,0.0
1788187436.49,000E,145,0,38,0.0
1788187436.51,010B,36,0,38,0.0
1788187436.52,000F,67,0,38,0.0
1788187436.56,0010,1,146,38,0.0
1788187436.57,0110,1,151,38,0.0
1788187436.59,0011,29,0,38,0.0
1788187436.61,010B,36,0,38,0.0
1788187436.62,0013,1,0,38,0.0
1788187436.65,001C,10,0,38,0.0
1788187436.66,0110,1,146,38,0.0
1788187436.69,001F,0,64,38,0.0
1788187436.71,010B,36,0,38,0.0
1788187436.72,0020,128,21,38,0.0
1788187436.76,0021,0,0,38,0.0
1788187436.76,0110,1,129,38,0.0
1788187436.79,002C,0,0,38,0.0
1788187436.81,010B,36,0,38,0.0
1788187436.85,0030,255,0,39,0.0
1788187436.86,0110,1,138,39,0.0
1788187436.88,003C,6,253,39,0.0
1788187436.91,010B,36,0,39,0.0
1788187436.95,0042,55,110,38,0.0
1788187436.96,0110,1,138,38,0.0
1788187436.98,0043,0,61,38,0.0
1788187437.01,0200,0,0,38,0.0
1788187437.01,010B,36,0,38,0.0
1788187437.05,0202,0,0,39,0.0
1788187437.06,0110,1,138,39,0.0
1788187437.08,0900,5,170,39,0.0
1788187437.12,0968,0,0,39,0.0
1788187437.15,096E,19,11,39,0.0
1788187437.16,0110,1,146,39,0.0
1788187437.18,097C,113,134,39,0.0
1788187437.21,098E,0,0,39,0.0
1788187437.21,010B,36,0,39,0.0
1788187437.24,1101,0,0,39,0.0
1788187437.27,0110,1,138,39,0.0
1788187437.28,1103,16,0,39,0.0
1788187437.31,1104,0,0,39,0.0
1788187437.31,010B,36,0,39,0.0
1788187437.34,114A,104,128,39,0.0
1788187437.36,0110,1,125,39,0.0
1788187437.37,114D,113,192,39,0.0
1788187437.41,1153,69,230,39,0.0
1788187437.41,010B,36,0,39,0.0
1788187437.44,1154,29,128,39,0.0
1788187437.46,0110,1,138,39,0.0
1788187437.48,1169,29,125,39,0.0
1788187437.51,1173,3,47,39,0.0
1788187437.51,010B,36,0,39,0.0
1788187437.54,1177,23,172,39,0.0
1788187437.56,0110,1,129,39,0.0
1788187437.57,1410,1,9,39,0.0
1788187437.60,1631,1,0,39,0.0
1788187437.61,010B,36,0,39,0.0
1788187437.64,1678,0,0,39,0.0
1788187437.66,0110,1,146,39,0.0
1788187437.67,1681,0,0,39,0.0
1788187437.70,16CD,0,0,39,0.0
1788187437.71,010B,36,0,39,0.0
1788187437.73,16CE,0,0,39,0.0
1788187437.76,0110,1,142,39,0.0
1788187437.80,16E8,38,146,39,0.0
1788187437.81,010B,36,0,39,0.0
1788187437.84,16E9,0,120,39,0.0
1788187437.87,16F0,3,131,39,0.0
1788187437.90,1704,0,0,39,0.0
1788187437.91,010B,36,0,39,0.0
1788187437.93,1706,128,0,39,0.0
1788187437.96,1709,0,0,39,0.0
1788187438.00,1717,1,0,39,0.0
1788187438.01,010B,36,0,39,0.0
1788187438.04,1718,1,0,39,0.0
1788187438.07,1746,0,0,39,0.0
1788187438.10,1782,210,128,39,0.0
1788187438.11,010B,36,0,39,0.0
1788187438.13,1783,110,192,39,0.0
1788187438.16,17A0,255,0,39,0.0
1788187438.20,17A6,0,0,39,0.0
1788187438.21,010B,36,0,39,0.0
1788187438.23,17B0,32,0,39,0.0
1788187438.27,17B1,32,0,39,0.0
1788187438.30,17B2,4,0,39,0.0
1788187438.31,010B,36,0,39,0.0
1788187438.33,17B3,82,0,39,0.0
1788187438.36,17B5,80,0,39,0.0
1788187438.40,17B6,0,0,39,0.0
1788187438.41,010B,36,0,39,0.0
1788187438.43,17B8,242,0,39,0.0
1788187438.46,17BA,0,0,39,0.0
1788187438.46,0110,1,133,39,0.0
1788187438.47,17B3,82,0,39,0.0
1788187438.49,17BB,0,0,39,0.0
1788187438.52,010B,36,0,39,0.0
1788187438.52,17BC,0,0,39,0.0
1788187438.56,17BD,154,0,39,0.0
1788187438.56,0110,1,138,39,0.0
1788187438.60,17BE,0,0,39,0.0
1788187438.62,010B,36,0,39,0.0
1788187438.63,17C1,234,0,39,0.0
1788187438.66,3201,23,112,39,0.0
1788187438.66,0110,1,129,39,0.0
1788187438.69,990A,44,0,39,0.0
1788187438.71,010B,36,0,39,0.0
1788187438.72,996E,13,32,39,0.0
1788187438.76,A211,0,0,39,0.0
1788187438.76,0110,1,138,39,0.0
1788187438.79,D100,129,0,39,0.0
1788187438.81,010B,36,0,39,0.0
1788187438.82,E21B,90,74,39,0.0
1788187438.85,E21C,49,56,39,0.0
1788187438.86,0110,1,125,39,0.0
1788187438.89,E21D,56,56,39,0.0
1788187438.91,010B,36,0,39,0.0
1788187438.92,E21E,70,0,39,0.0
1788187438.96,E6F0,90,74,39,0.0
1788187438.96,0110,1,129,39,0.0
1788187438.99,E6F2,240,0,39,0.0
1788187439.01,010B,36,0,39,0.0
1788187439.02,E6F3,240,0,39,0.0
1788187439.05,0105,79,0,39,0.0
1788187439.06,0110,1,138,39,0.0
1788187439.08,010F,67,0,39,0.0
1788187439.11,0110,1,129,39,0.0
1788187439.11,010B,36,0,39,0.0
1788187439.15,010B,36,0,39,0.0
1788187439.16,0110,1,125,39,0.0
1788187439.18,0106,123,0,39,0.0
1788187439.21,0107,127,0,39,0.0
1788187439.21,010B,36,0,39,0.0
1788187439.24,010E,145,0,39,0.0
1788187439.26,0110,1,133,39,0.0
1788187439.28,0142,55,104,39,0.0
1788187439.32,0000,190,63,39,0.0
1788187439.35,0002,0,0,39,0.0
1788187439.36,0110,1,133,39,0.0
1788187439.38,0003,2,0,39,0.0
1788187439.41,0005,79,0,39,0.0
1788187439.41,010B,36,0,39,0.0
1788187439.44,0006,124,0,39,0.0
1788187439.46,0110,1,138,39,0.0
1788187439.48,0007,127,0,39,0.0
1788187439.51,000B,36,0,39,0.0
1788187439.51,010B,36,0,39,0.0
1788187439.54,000C,19,4,39,0.0
1788187439.56,0110,1,142,39,0.0
1788187439.57,000D,0,0,39,0.0
1788187439.60,000E,144,0,39,0.0
1788187439.61,010B,36,0,39,0.0
1788187439.64,000F,67,0,39,0.0
1788187439.66,0110,1,133,39,0.0
1788187439.68,0010,1,120,39,0.0
1788187439.71,0011,29,0,39,0.0
1788187439.71,010B,36,0,39,0.0
1788187439.74,0013,1,0,39,0.0
1788187439.76,0110,1,138,39,0.0
1788187439.77,001C,10,0,39,0.0
1788187439.80,001F,0,67,39,0.0
1788187439.81,010B,36,0,39,0.0
1788187439.84,0020,128,21,39,0.0
1788187439.87,0021,0,0,39,0.0
1788187439.90,002C,0,0,39,0.0
1788187439.91,010B,36,0,39,0.0
1788187439.93,002E,0,0,39,0.0
1788187439.96,0030,255,0,39,0.0
1788187440.00,003C,7,39,39,0.0
1788187440.01,010B,36,0,39,0.0
1788187440.03,0040,104,0,39,0.0
1788187440.06,0042,55,111,39,0.0
1788187440.06,0110,1,125,39,0.0
1788187440.09,0043,0,61,39,0.0
1788187440.11,010B,36,0,39,0.0
1788187440.12,0200,0,0,39,0.0
1788187440.16,0202,0,0,39,0.0
1788187440.16,0110,1,125,39,0.0
1788187440.20,0900,5,170,39,0.0
1788187440.21,010B,36,0,39,0.0
1788187440.23,0968,0,0,39,0.0
1788187440.26,096E,18,237,39,0.0
1788187440.26,0110,1,125,39,0.0
1788187440.29,097C,113,136,39,0.0
1788187440.31,010B,36,0,39,0.0
1788187440.32,098E,0,0,39,0.0
1788187440.36,1101,0,0,39,0.0
1788187440.36,0110,1,125,39,0.0
1788187440.39,1103,16,0,39,0.0
1788187440.41,010B,35,0,39,0.0
1788187440.42,1104,0,0,39,0.0
1788187440.45,114A,104,128,39,0.0
1788187440.46,0110,1,129,39,0.0
1788187440.47,17B3,82,0,39,0.0
1788187440.49,114D,112,64,39,0.0
1788187440.51,010B,35,0,39,0.0
1788187440.52,1153,69,121,39,0.0
1788187440.56,1154,29,128,39,0.0
1788187440.56,0110,1,138,39,0.0
1788187440.59,1169,29,125,39,0.0
1788187440.62,1173,2,193,39,0.0
1788187440.65,1177,23,112,39,0.0
1788187440.66,0110,1,129,39,0.0
1788187440.68,1410,1,4,39,0.0
1788187440.72,1631,1,0,39,0.0
1788187440.75,1678,0,0,39,0.0
1788187440.76,0110,1,129,39,0.0
1788187440.78,1681,0,0,39,0.0
1788187440.81,16CD,0,0,39,0.0
1788187440.81,010B,36,0,39,0.0
1788187440.84,16CE,0,0,39,0.0
1788187440.86,0110,1,133,39,0.0
1788187440.88,16CF,12,29,39,0.0
1788187440.92,16E8,40,183,39,0.0
1788187440.95,16E9,0,120,39,0.0
1788187440.96,0110,1,129,39,0.0
1788187440.98,16F0,3,131,39,0.0
1788187441.01,1704,0,0,39,0.0
1788187441.01,010B,36,0,39,0.0
1788187441.04,1706,128,0,39,0.0
1788187441.06,0110,1,142,39,0.0
1788187441.08,1709,0,0,39,0.0
1788187441.11,1717,1,0,39,0.0
1788187441.11,010B,36,0,39,0.0
1788187441.14,1718,1,0,39,0.0
1788187441.16,0110,1,120,39,0.0
1788187441.17,1746,0,0,39,0.0
1788187441.20,1782,210,64,39,0.0
1788187441.21,010B,36,0,39,0.0
1788187441.24,1783,110,192,39,0.0
1788187441.27,17A0,255,0,39,0.0
1788187441.30,17A6,0,0,39,0.0
1788187441.31,010B,36,0,39,0.0
1788187441.33,17B0,32,0,39,0.0
1788187441.36,17B1,32,0,39,0.0
1788187441.40,17B2,4,0,39,0.0
1788187441.41,010B,36,0,39,0.0
1788187441.43,17B3,82,0,39,0.0
1788187441.46,17B5,80,0,39,0.0
1788187441.46,0110,1,133,39,0.0
1788187441.49,17B6,0,0,39,0.0
1788187441.51,010B,36,0,39,0.0
1788187441.52,17B8,242,0,39,0.0
1788187441.56,17BA,0,0,39,0.0
1788187441.56,0110,1,129,39,0.0
1788187441.59,17BB,0,0,39,0.0
1788187441.61,010B,36,0,39,0.0
1788187441.62,17BC,0,0,39,0.0
1788187441.65,17BD,154,0,39,0.0
1788187441.66,0110,1,129,39,0.0
1788187441.68,17BE,0,0,39,0.0
1788187441.71,010B,36,0,39,0.0
1788187441.72,17C1,234,0,39,0.0
1788187441.75,3201,23,112,39,0.0
1788187441.76,0110,1,133,39,0.0
1788187441.79,990A,45,0,39,0.0
1788187441.82,996E,13,32,39,0.0
1788187441.85,A211,0,0,39,0.0
1788187441.87,0110,1,133,39,0.0
1788187441.89,D100,129,0,39,0.0
1788187441.92,E21B,90,74,39,0.0
1788187441.95,E21C,49,56,39,0.0
1788187441.96,0110,1,120,39,0.0
1788187441.98,E21D,56,56,39,0.0
1788187442.01,E21E,70,0,39,0.0
1788187442.01,010B,36,0,39,0.0
1788187442.05,E6F0,90,74,39,0.0
1788187442.06,0110,1,125,39,0.0
1788187442.08,E6F2,240,0,39,0.0
1788187442.11,E6F3,240,0,39,0.0
1788187442.11,010B,36,0,39,0.0
1788187442.14,0105,80,0,39,0.0
1788187442.16,0110,1,129,39,0.0
1788187442.17,010F,67,0,39,0.0
1788187442.20,0110,1,133,39,0.0
1788187442.21,010B,35,0,39,0.0
1788187442.24,010B,35,0,39,0.0
1788187442.26,0110,1,129,40,0.0
1788187442.27,0106,125,0,40,0.0
1788187442.30,0107,127,0,40,0.0
1788187442.31,010B,35,0,40,0.0
1788187442.33,010E,143,0,40,0.0
1788187442.36,0110,1,125,40,0.0
1788187442.37,0142,55,120,40,0.0
1788187442.40,0000,190,63,40,0.0
1788187442.41,010B,35,0,40,0.0
1788187442.44,0002,0,0,40,0.0
1788187442.46,0110,1,129,40,0.0
1788187442.47,17B3,82,0,40,0.0
1788187442.50,0005,80,0,40,0.0
1788187442.51,010B,35,0,40,0.0
1788187442.53,0006,126,0,40,0.0
1788187442.56,0007,127,0,40,0.0
1788187442.60,000B,35,0,40,0.0
1788187442.61,010B,35,0,40,0.0
1788187442.63,000C,18,239,40,0.0
1788187442.66,000D,0,0,40,0.0
1788187442.66,0110,1,138,40,0.0
1788187442.69,000E,144,0,40,0.0
1788187442.71,010B,35,0,40,0.0
1788187442.73,000F,67,0,40,0.0
1788187442.76,0010,1,125,40,0.0
1788187442.80,0011,29,0,40,0.0
1788187442.81,010B,35,0,40,0.0
1788187442.83,0013,1,0,40,0.0
1788187442.86,001C,10,0,40,0.0
1788187442.86,0110,1,125,40,0.0
1788187442.89,001F,0,70,40,0.0
1788187442.91,010B,35,0,40,0.0
1788187442.92,0020,128,21,40,0.0
1788187442.96,0021,0,0,40,0.0
1788187442.96,0110,1,133,40,0.0
1788187442.99,002C,0,0,40,0.0
1788187443.01,010B,35,0,40,0.0
1788187443.02,002E,0,0,40,0.0
1788187443.05,0030,255,0,40,0.0
1788187443.06,0110,1,138,40,0.0
1788187443.08,003C,7,76,40,0.0
1788187443.12,0040,104,0,40,0.0
1788187443.15,0042,55,116,40,0.0
1788187443.16,0110,1,129,40,0.0
1788187443.18,0043,0,60,40,0.0
1788187443.21,0200,0,0,40,0.0
1788187443.21,010B,35,0,40,0.0
1788187443.24,0202,0,0,40,0.0
1788187443.26,0110,1,142,40,0.0
1788187443.28,0900,5,165,40,0.0
1788187443.31,0968,0,0,40,0.0
1788187443.31,010B,35,0,40,0.0
1788187443.34,096E,18,205,40,0.0
1788187443.36,0110,1,125,40,0.0
1788187443.37,097C,113,139,40,0.0
1788187443.40,098E,0,0,40,0.0
1788187443.41,010B,35,0,40,0.0
1788187443.44,1101,0,0,40,0.0
1788187443.46,0110,1,133,40,0.0
1788187443.48,1103,16,0,40,0.0
1788187443.51,1104,0,0,40,0.0
1788187443.51,010B,35,0,40,0.0
1788187443.54,114A,104,128,40,0.0
1788187443.56,0110,1,125,40,0.0
1788187443.57,114D,111,0,40,0.0
1788187443.60,1153,69,7,40,0.0
1788187443.61,010B,35,0,40,0.0
1788187443.64,1154,29,128,40,0.0
1788187443.67,1169,29,125,40,0.0
1788187443.70,1173,3,117,40,0.0
1788187443.71,010B,35,0,40,0.0
1788187443.73,1177,23,132,40,0.0
1788187443.76,1410,1,7,40,0.0
1788187443.80,1631,1,0,40,0.0
1788187443.81,010B,35,0,40,0.0
1788187443.83,1678,0,0,40,0.0
1788187443.86,1681,0,0,40,0.0
1788187443.86,0110,1,138,40,0.0
1788187443.89,16CD,0,0,40,0.0
1788187443.91,010B,35,0,40,0.0
1788187443.92,16CE,0,0,40,0.0
1788187443.96,16CF,12,15,40,0.0
1788187443.96,0110,1,133,40,0.0
1788187443.99,16E8,39,94,40,0.0
1788187444.01,010B,35,0,40,0.0
1788187444.03,16E9,0,121,40,0.0
1788187444.06,16F0,3,131,40,0.0
1788187444.06,0110,1,125,40,0.0
1788187444.09,1704,0,0,40,0.0
1788187444.11,010B,35,0,40,0.0
1788187444.12,1706,128,0,40,0.0
1788187444.16,1709,0,0,40,0.0
1788187444.16,0110,1,125,40,0.0
1788187444.19,1717,1,0,40,0.0
1788187444.21,010B,35,0,40,0.0
1788187444.22,1718,1,0,40,0.0
1788187444.25,1746,0,0,40,0.0
1788187444.26,0110,1,125,40,0.0
1788187444.29,1782,210,64,40,0.0
1788187444.31,010B,35,0,40,0.0
1788187444.32,1783,110,192,40,0.0
1788187444.36,17A0,255,0,40,0.0
1788187444.36,0110,1,129,40,0.0
1788187444.39,17A6,0,0,40,0.0
1788187444.42,17B0,32,0,40,0.0
1788187444.45,17B1,32,0,40,0.0
1788187444.46,0110,1,116,40,0.0
1788187444.47,17B3,82,0,40,0.0
1788187444.48,17B2,4,0,40,0.0
1788187444.52,17B3,82,0,40,0.0
1788187444.55,17B5,80,0,40,0.0
1788187444.56,0110,1,116,40,0.0
1788187444.58,17B6,0,0,40,0.0
1788187444.61,17B8,242,0,40,0.0
1788187444.61,010B,35,0,40,0.0
1788187444.64,17BA,0,0,40,0.0
1788187444.66,0110,1,125,40,0.0
1788187444.68,17BB,0,0,40,0.0
1788187444.71,17BC,0,0,40,0.0
1788187444.71,010B,35,0,40,0.0
1788187444.74,17BD,153,0,40,0.0
1788187444.76,0110,1,116,40,0.0
1788187444.77,17BE,0,0,40,0.0
1788187444.80,17C1,234,0,40,0.0
1788187444.81,010B,35,0,40,0.0
1788187444.84,3201,23,112,40,0.0
1788187444.86,0110,1,116,40,0.0
1788187444.87,990A,45,0,40,0.0
1788187444.91,996E,13,12,40,0.0
1788187444.91,010B,35,0,40,0.0
1788187444.94,A211,0,0,40,0.0
1788187444.96,0110,1,120,40,0.0
1788187444.97,D100,129,0,40,0.0
1788187445.00,E21B,90,74,40,0.0
1788187445.01,010B,35,0,40,0.0
1788187445.04,E21C,49,56,40,0.0
1788187445.06,0110,1,129,40,0.0
1788187445.10,E21E,70,0,40,0.0
1788187445.11,010B,35,0,40,0.0
1788187445.13,E6F0,90,74,40,0.0
1788187445.16,E6F2,240,0,40,0.0
1788187445.20,E6F3,240,0,40,0.0
1788187445.21,010B,35,0,40,0.0
1788187445.22,0105,80,0,40,0.0
1788187445.26,010F,67,0,40,0.0
1788187445.26,0110,1,125,40,0.0
1788187445.29,0110,1,129,40,0.0
1788187445.31,010B,35,0,40,0.0
1788187445.32,010B,35,0,40,0.0
1788187445.35,0106,120,0,40,0.0
1788187445.36,0110,1,129,40,0.0
1788187445.39,0107,130,0,40,0.0
1788187445.41,010B,35,0,40,0.0
1788187445.42,010E,146,0,40,0.0
1788187445.45,0142,55,105,40,0.0
1788187445.46,0110,1,116,40,0.0
1788187445.46,0142,55,105,40,0.0
1788187445.49,0000,190,63,40,0.0
1788187445.51,010B,35,0,40,0.0
1788187445.52,0002,0,0,40,0.0
1788187445.56,0003,2,0,40,0.0
1788187445.56,0110,1,129,40,0.0
1788187445.59,0005,80,0,40,0.0
1788187445.62,0006,120,0,40,0.0
1788187445.65,0007,130,0,40,0.0
1788187445.66,0110,1,125,40,0.0
1788187445.68,000B,35,0,40,0.0
1788187445.72,000C,18,196,40,0.0
1788187445.75,000D,0,0,40,0.0
1788187445.76,0110,1,120,40,0.0
1788187445.78,000E,146,0,40,0.0
1788187445.81,000F,67,0,40,0.0
1788187445.81,010B,35,0,40,0.0
1788187445.85,0010,1,129,40,0.0
1788187445.86,0110,1,125,40,0.0
1788187445.88,0011,29,0,40,0.0
1788187445.92,0013,1,0,40,0.0
1788187445.95,001C,10,0,40,0.0
1788187445.96,0110,1,120,40,0.0
1788187445.98,001F,0,73,40,0.0
1788187446.01,0020,128,21,40,0.0
1788187446.01,010B,35,0,40,0.0
1788187446.04,0021,0,0,40,0.0
1788187446.06,0110,1,133,40,0.0
1788187446.08,002C,0,0,40,0.0
1788187446.11,002E,0,0,40,0.0
1788187446.11,010B,35,0,40,0.0
1788187446.14,0030,255,0,40,0.0
1788187446.16,0110,1,125,40,0.0
1788187446.17,003C,7,118,40,0.0
1788187446.20,0040,104,0,40,0.0
1788187446.21,010B,35,0,40,0.0
1788187446.24,0042,55,97,40,0.0
1788187446.26,0110,1,129,40,0.0
1788187446.27,0043,0,61,40,0.0
1788187446.30,0200,0,0,40,0.0
1788187446.31,010B,35,0,40,0.0
1788187446.33,0202,0,0,40,0.0
1788187446.36,0900,5,165,40,0.0
1788187446.40,0968,0,0,40,0.0
1788187446.41,010B,35,0,40,0.0
1788187446.44,096E,18,169,40,0.0
1788187446.46,097C,113,142,40,0.0
1788187446.46,0110,1,129,40,0.0
1788187446.47,17B3,82,0,40,0.0
1788187446.50,098E,0,0,40,0.0
1788187446.51,010B,35,0,40,0.0
1788187446.53,1101,0,0,40,0.0
1788187446.56,1103,16,0,40,0.0
1788187446.60,1104,0,0,40,0.0
1788187446.61,010B,35,0,40,0.0
1788187446.63,114A,104,128,40,0.0
1788187446.66,114D,109,192,40,0.0
1788187446.66,0110,1,125,40,0.0
1788187446.69,1153,68,157,40,0.0
1788187446.71,010B,35,0,40,0.0
1788187446.72,1154,29,128,40,0.0
1788187446.76,1169,29,125,40,0.0
1788187446.76,0110,1,116,40,0.0
1788187446.79,1173,0,115,40,0.0
1788187446.81,010B,35,0,40,0.0
1788187446.83,1177,23,112,40,0.0
1788187446.86,1410,1,10,40,0.0
1788187446.86,0110,1,116,40,0.0
1788187446.89,1631,1,0,40,0.0
1788187446.91,010B,35,0,40,0.0
1788187446.92,1678,0,0,40,0.0
1788187446.96,1681,0,0,40,0.0
1788187446.96,0110,1,125,40,0.0
1788187446.99,16CD,0,0,40,0.0
1788187447.02,16CE,0,0,40,0.0
1788187447.05,16CF,12,14,40,0.0
1788187447.06,0110,1,116,40,0.0
1788187447.08,16E8,40,40,40,0.0
1788187447.12,16E9,0,121,40,0.0
1788187447.15,16F0,3,131,40,0.0
1788187447.16,0110,1,116,40,0.0
1788187447.18,1704,0,0,40,0.0
1788187447.21,1706,128,0,40,0.0
1788187447.21,010B,35,0,40,0.0
1788187447.24,1709,0,0,40,0.0
1788187447.26,0110,1,120,40,0.0
1788187447.28,1717,1,0,40,0.0
1788187447.31,1718,1,0,40,0.0
1788187447.31,010B,35,0,40,0.0
1788187447.34,1746,0,0,40,0.0
1788187447.36,0110,1,133,40,0.0
1788187447.37,1782,210,64,40,0.0
1788187447.40,1783,110,192,40,0.0
1788187447.41,010B,35,0,40,0.0
1788187447.44,17A0,255,0,40,0.0
1788187447.46,0110,1,108,41,0.0
1788187447.47,17A6,0,0,41,0.0
1788187447.50,17B0,31,0,41,0.0
1788187447.51,010B,35,0,41,0.0
1788187447.54,17B1,32,0,41,0.0
1788187447.56,0110,1,120,41,0.0
1788187447.57,17B2,4,0,41,0.0
1788187447.60,17B3,82,0,41,0.0
1788187447.61,010B,35,0,41,0.0
1788187447.64,17B5,80,0,41,0.0
1788187447.67,17B6,0,0,41,0.0
1788187447.70,17B8,242,0,41,0.0
1788187447.71,010B,35,0,41,0.0
1788187447.73,17BA,0,0,41,0.0
1788187447.76,17BB,0,0,41,0.0
1788187447.80,17BC,0,0,41,0.0
1788187447.81,010B,35,0,41,0.0
1788187447.83,17BD,153,0,41,0.0
1788187447.86,17BE,0,0,41,0.0
1788187447.86,0110,1,112,41,0.0
1788187447.90,17C1,234,0,41,0.0
1788187447.91,010B,35,0,41,0.0
1788187447.93,3201,23,112,41,0.0
1788187447.96,990A,45,0,41,0.0
1788187448.00,996E,13,12,41,0.0
1788187448.01,010B,35,0,41,0.0
1788187448.03,A211,0,0,41,0.0
1788187448.06,D100,129,0,41,0.0
1788187448.07,0110,1,112,41,0.0
1788187448.09,E21B,90,74,41,0.0
1788187448.11,010B,35,0,41,0.0
1788187448.12,E21C,49,56,41,0.0
1788187448.16,E21D,56,56,41,0.0
1788187448.16,0110,1,125,41,0.0
1788187448.19,E21E,70,0,41,0.0
1788187448.21,010B,35,0,41,0.0
1788187448.22,E6F0,90,74,41,0.0
1788187448.25,E6F2,240,0,41,0.0
1788187448.26,0110,1,120,41,0.0
1788187448.28,E6F3,240,0,41,0.0
1788187448.31,0105,81,0,41,0.0
1788187448.35,010F,67,0,41,0.0
1788187448.36,0110,1,120,41,0.0
1788187448.38,0110,1,112,41,0.0
1788187448.41,010B,35,0,41,0.0
1788187448.41,010B,35,0,41,0.0
1788187448.44,0106,120,0,41,0.0
1788187448.46,0110,1,116,41,0.0
1788187448.47,17B3,82,0,41,0.0
1788187448.48,0107,130,0,41,0.0
1788187448.51,010E,147,0,41,0.0
1788187448.51,010B,35,0,41,0.0
1788187448.54,0142,55,112,41,0.0
1788187448.56,0110,1,120,41,0.0
1788187448.58,0000,190,63,41,0.0
1788187448.61,0002,0,0,41,0.0
1788187448.61,010B,35,0,41,0.0
1788187448.64,0003,2,0,41,0.0
1788187448.66,0110,1,112,41,0.0
1788187448.68,0005,81,0,41,0.0
1788187448.71,0006,121,0,41,0.0
1788187448.71,010B,35,0,41,0.0
1788187448.74,0007,130,0,41,0.0
1788187448.76,0110,1,125,41,0.0
1788187448.77,000B,35,0,41,0.0
1788187448.81,000C,18,147,41,0.0
1788187448.81,010B,35,0,41,0.0
1788187448.84,000D,0,0,41,0.0
1788187448.86,0110,1,120,41,0.0
1788187448.88,000E,146,0,41,0.0
1788187448.91,000F,67,0,41,0.0
1788187448.91,010B,35,0,41,0.0
1788187448.94,0010,1,120,41,0.0
1788187448.96,0110,1,112,41,0.0
1788187448.97,0011,29,0,41,0.0
1788187449.00,0013,1,0,41,0.0
1788187449.01,010B,35,0,41,0.0
1788187449.04,001C,10,0,41,0.0
1788187449.07,001F,0,76,41,0.0
1788187449.10,0020,128,21,41,0.0
1788187449.11,010B,35,0,41,0.0
1788187449.13,0021,0,0,41,0.0
1788187449.16,002C,0,0,41,0.0
1788187449.19,002E,0,0,41,0.0
1788187449.21,010B,35,0,41,0.0
1788187449.23,0030,255,0,41,0.0
1788187449.27,003C,7,159,41,0.0
1788187449.30,0040,104,0,41,0.0
1788187449.31,010B,35,0,41,0.0
1788187449.33,0042,55,120,41,0.0
1788187449.36,0043,0,60,41,0.0
1788187449.40,0200,0,0,41,0.0
1788187449.41,010B,35,0,41,0.0
1788187449.43,0202,0,0,41,0.0
1788187449.47,0900,5,160,41,0.0
1788187449.50,0968,0,0,41,0.0
1788187449.51,010B,35,0,41,0.0
1788187449.53,096E,18,127,41,0.0
1788187449.56,097C,113,144,41,0.0
1788187449.60,098E,0,0,41,0.0
1788187449.62,010B,35,0,41,0.0
1788187449.63,1101,0,0,41,0.0
1788187449.66,1103,16,0,41,0.0
1788187449.66,0110,1,125,41,0.0
1788187449.69,1104,0,0,41,0.0
1788187449.71,010B,35,0,41,0.0
1788187449.72,114A,104,128,41,0.0
1788187449.75,114D,108,64,41,0.0
1788187449.76,0110,1,112,41,0.0
1788187449.79,1153,68,24,41,0.0
1788187449.81,010B,35,0,41,0.0
1788187449.82,1154,29,128,41,0.0
1788187449.85,1169,29,125,41,0.0
1788187449.86,0110,1,125,41,0.0
1788187449.89,1173,1,64,41,0.0
1788187449.91,010B,35,0,41,0.0
1788187449.92,1177,23,92,41,0.0
1788187449.95,1410,1,11,41,0.0
1788187449.96,0110,1,125,41,0.0
1788187449.99,1631,1,0,41,0.0
1788187450.01,010B,35,0,41,0.0
1788187450.02,1678,0,0,41,0.0
1788187450.05,1681,0,0,41,0.0
1788187450.06,0110,1,116,41,0.0
1788187450.08,16CD,0,0,41,0.0
1788187450.11,16CE,0,0,41,0.0
1788187450.16,16CF,12,62,41,0.0
1788187450.16,0110,1,112,41,0.0
1788187450.19,16E8,42,44,41,0.0
1788187450.22,16E9,0,120,41,0.0
1788187450.25,16F0,3,131,41,0.0
1788187450.26,0110,1,125,41,0.0
1788187450.28,1704,0,0,41,0.0
1788187450.32,1706,128,0,41,0.0
1788187450.35,1709,0,0,41,0.0
1788187450.36,0110,1,125,41,0.0
1788187450.38,1717,1,0,41,0.0
1788187450.41,1718,1,0,41,0.0
1788187450.41,010B,35,0,41,0.0
1788187450.44,1746,0,0,41,0.0
1788187450.46,0110,1,116,41,0.0
1788187450.47,17B3,82,0,41,0.0
1788187450.48,1782,210,0,41,0.0
1788187450.51,1783,110,192,41,0.0
1788187450.51,010B,35,0,41,0.0
1788187450.54,17A0,255,0,41,0.0
1788187450.56,0110,1,129,41,0.0
1788187450.57,17A6,0,0,41,0.0
1788187450.60,17B0,32,0,41,0.0
1788187450.61,010B,35,0,41,0.0
1788187450.63,17B1,32,0,41,0.0
1788187450.66,0110,1,112,41,0.0
1788187450.67,17B2,4,0,41,0.0
1788187450.71,17B3,82,0,41,0.0
1788187450.71,010B,35,0,41,0.0
1788187450.74,17B5,80,0,41,0.0
1788187450.76,0110,1,108,41,0.0
1788187450.77,17B6,0,0,41,0.0
1788187450.80,17B8,242,0,41,0.0
1788187450.81,010B,35,0,41,0.0
1788187450.83,17BA,0,0,41,0.0
1788187450.87,17BB,0,0,41,0.0
1788187450.90,17BC,0,0,41,0.0
1788187450.91,010B,35,0,41,0.0
1788187450.93,17BD,153,0,41,0.0
1788187450.96,17BE,0,0,41,0.0
1788187450.99,17C1,234,0,41,0.0
1788187451.01,010B,35,0,41,0.0
1788187451.03,3201,23,112,41,0.0
1788187451.06,990A,45,0,41,0.0
1788187451.06,0110,1,129,41,0.0
1788187451.09,996E,12,248,41,0.0
1788187451.11,010B,35,0,41,0.0
1788187451.13,A211,0,0,41,0.0
1788187451.16,D100,129,0,41,0.0
1788187451.16,0110,1,116,41,0.0
1788187451.19,E21B,90,74,41,0.0
1788187451.21,010B,35,0,41,0.0
1788187451.23,E21C,49,56,41,0.0
1788187451.26,E21D,56,56,41,0.0
1788187451.26,0110,1,112,41,0.0
1788187451.29,E21E,70,0,41,0.0
1788187451.31,010B,35,0,41,0.0
1788187451.33,E6F0,90,74,41,0.0
1788187451.36,E6F2,240,0,41,0.0
1788187451.36,0110,1,112,41,0.0
1788187451.39,E6F3,240,0,41,0.0
1788187451.41,010B,35,0,41,0.0
1788187451.42,0105,81,0,41,0.0
1788187451.45,010F,67,0,41,0.0
1788187451.46,0110,1,112,41,0.0
1788187451.49,0110,1,116,41,0.0
1788187451.51,010B,35,0,41,0.0
1788187451.52,010B,35,0,41,0.0
1788187451.55,0106,119,0,41,0.0
1788187451.56,0110,1,120,41,0.0
1788187451.58,0107,130,0,41,0.0
1788187451.61,010B,35,0,41,0.0
1788187451.62,010E,146,0,41,0.0
1788187451.65,0142,55,120,41,0.0
1788187451.66,0110,1,112,41,0.0
1788187451.68,0000,190,63,41,0.0
1788187451.71,0002,0,0,41,0.0
1788187451.75,0003,2,0,41,0.0
1788187451.76,0110,1,112,41,0.0
1788187451.78,0005,81,0,41,0.0
1788187451.82,0006,121,0,41,0.0
1788187451.85,0007,130,0,41,0.0
1788187451.86,0110,1,116,41,0.0
1788187451.88,000B,35,0,41,0.0
1788187451.91,000C,18,110,41,0.0
1788187451.95,000D,0,0,41,0.0
1788187451.96,0110,1,112,41,0.0
1788187451.98,000E,146,0,41,0.0
1788187452.01,000F,67,0,41,0.0
1788187452.01,010B,35,0,41,0.0
1788187452.04,0010,1,120,41,0.0
1788187452.06,0110,1,120,41,0.0
1788187452.07,0011,29,0,41,0.0
1788187452.11,0013,1,0,41,0.0
1788187452.11,010B,35,0,41,0.0
1788187452.14,001C,10,0,41,0.0
1788187452.16,0110,1,112,41,0.0
1788187452.17,001F,0,80,41,0.0
1788187452.20,0020,128,21,41,0.0
1788187452.21,010B,35,0,41,0.0
1788187452.23,0021,0,0,41,0.0
1788187452.26,0110,1,112,41,0.0
1788187452.27,002C,0,0,41,0.0
1788187452.31,002E,0,0,41,0.0
1788187452.31,010B,35,0,41,0.0
1788187452.34,0030,255,0,41,0.0
1788187452.36,0110,1,120,41,0.0
1788187452.37,003C,7,201,41,0.0
1788187452.40,0040,104,0,41,0.0
1788187452.41,010B,35,0,41,0.0
1788187452.43,0042,55,115,41,0.0
1788187452.46,0110,1,116,41,0.0
1788187452.47,17B3,82,0,41,0.0
1788187452.50,0200,0,0,41,0.0
1788187452.51,010B,35,0,41,0.0
1788187452.54,0202,0,0,41,0.0
1788187452.56,0110,1,116,41,0.0
1788187452.57,0900,5,160,41,0.0
1788187452.60,0968,0,0,41,0.0
1788187452.61,010B,35,0,41,0.0
1788187452.63,096E,18,86,41,0.0
1788187452.67,097C,113,147,41,0.0
1788187452.70,098E,0,0,41,0.0
1788187452.71,010B,35,0,41,0.0
1788187452.73,1101,0,0,41,0.0
1788187452.76,1103,16,0,41,0.0
1788187452.76,0110,1,116,41,0.0
1788187452.79,1104,0,0,41,0.0
1788187452.81,010B,35,0,41,0.0
1788187452.83,114A,104,128,41,0.0
1788187452.86,114D,107,64,41,0.0
1788187452.86,0110,1,104,41,0.0
1788187452.90,1153,67,114,41,0.0
1788187452.91,010B,35,0,41,0.0
1788187452.93,1154,29,128,41,0.0
1788187452.96,1169,29,125,42,0.0
1788187452.96,0110,1,116,42,0.0
1788187452.99,1173,0,155,42,0.0
1788187453.01,010B,35,0,42,0.0
1788187453.03,1177,23,12,42,0.0
1788187453.06,1410,1,8,42,0.0
1788187453.06,0110,1,112,42,0.0
1788187453.09,1631,1,0,42,0.0
1788187453.11,010B,35,0,42,0.0
1788187453.12,1678,0,0,42,0.0
1788187453.15,1681,0,0,42,0.0
1788187453.17,0110,1,104,42,0.0
1788187453.19,16CD,0,0,42,0.0
1788187453.21,010B,35,0,42,0.0
1788187453.22,16CE,0,0,42,0.0
1788187453.25,16CF,12,16,42,0.0
1788187453.26,0110,1,112,42,0.0
1788187453.28,16E8,39,196,42,0.0
1788187453.31,010B,35,0,42,0.0
1788187453.32,16E9,0,121,42,0.0
1788187453.35,16F0,3,131,42,0.0
1788187453.36,0110,1,112,42,0.0
1788187453.39,1704,0,0,42,0.0
1788187453.42,1706,128,0,42,0.0
1788187453.45,1709,0,0,42,0.0
1788187453.46,0110,1,116,42,0.0
1788187453.48,1717,1,0,42,0.0
1788187453.51,1718,1,0,42,0.0
1788187453.55,1746,0,0,42,0.0
1788187453.56,0110,1,116,42,0.0
1788187453.58,1782,209,192,42,0.0
1788187453.61,1783,110,192,42,0.0
1788187453.61,010B,35,0,42,0.0
1788187453.64,17A0,255,0,42,0.0
1788187453.66,0110,1,116,42,0.0
1788187453.68,17A6,0,0,42,0.0
1788187453.71,17B0,31,0,42,0.0
1788187453.75,17B1,32,0,42,0.0
1788187453.76,0110,1,104,42,0.0
1788187453.78,17B2,4,0,42,0.0
1788187453.81,17B3,82,0,42,0.0
1788187453.81,010B,35,0,42,0.0
1788187453.84,17B5,80,0,42,0.0
1788187453.86,0110,1,116,42,0.0
1788187453.87,17B6,0,0,42,0.0
1788187453.91,17B8,242,0,42,0.0
1788187453.91,010B,35,0,42,0.0
1788187453.94,17BA,0,0,42,0.0
1788187453.96,0110,1,104,42,0.0
1788187453.97,17BB,0,0,42,0.0
1788187454.00,17BC,0,0,42,0.0
1788187454.01,010B,35,0,42,0.0
1788187454.03,17BD,153,0,42,0.0
1788187454.06,0110,1,116,42,0.0
1788187454.10,17C1,234,0,42,0.0
1788187454.11,010B,35,0,42,0.0
1788187454.13,3201,23,112,42,0.0
1788187454.16,990A,45,0,42,0.0
1788187454.16,0110,1,108,42,0.0
1788187454.20,996E,12,248,42,0.0
1788187454.21,010B,35,0,42,0.0
1788187454.23,A211,0,0,42,0.0
1788187454.27,D100,129,0,42,0.0
1788187454.30,E21B,90,74,42,0.0
1788187454.31,010B,35,0,42,0.0
1788187454.33,E21C,49,56,42,0.0
1788187454.36,E21D,56,56,42,0.0
1788187454.36,0110,1,112,42,0.0
1788187454.39,E21E,70,0,42,0.0
1788187454.41,010B,35,0,42,0.0
1788187454.43,E6F0,90,74,42,0.0
1788187454.46,E6F2,240,0,42,0.0
1788187454.46,0110,1,116,42,0.0
1788187454.47,17B3,82,0,42,0.0
1788187454.49,E6F3,240,0,42,0.0
1788187454.51,010B,35,0,42,0.0
1788187454.52,0105,82,0,42,0.0
1788187454.55,010F,67,0,42,0.0
1788187454.56,0110,1,125,42,0.0
1788187454.58,0110,1,120,42,0.0
1788187454.61,010B,35,0,42,0.0
1788187454.62,010B,35,0,42,0.0
1788187454.65,0106,123,0,42,0.0
1788187454.66,0110,1,112,42,0.0
1788187454.68,0107,130,0,42,0.0
1788187454.71,010B,35,0,42,0.0
1788187454.72,010E,145,0,42,0.0
1788187454.75,0142,55,107,42,0.0
1788187454.76,0110,1,104,42,0.0
1788187454.79,0000,190,63,42,0.0
1788187454.81,010B,35,0,42,0.0
1788187454.85,0003,2,0,42,0.0
1788187454.86,0110,1,108,42,0.0
1788187454.88,0005,82,0,42,0.0
1788187454.91,0006,123,0,42,0.0
1788187454.95,0007,130,0,42,0.0
1788187454.96,0110,1,112,42,0.0
1788187454.98,000B,35,0,42,0.0
1788187455.01,000C,18,67,42,0.0
1788187455.01,010B,35,0,42,0.0
1788187455.04,000D,0,0,42,0.0
1788187455.06,0110,1,104,42,0.0
1788187455.08,000E,145,0,42,0.0
1788187455.11,000F,67,0,42,0.0
1788187455.11,010B,35,0,42,0.0
1788187455.14,0010,1,97,42,0.0
1788187455.16,0110,1,100,42,0.0
1788187455.18,0011,29,0,42,0.0
1788187455.21,0013,1,0,42,0.0
1788187455.21,010B,35,0,42,0.0
1788187455.24,001C,10,0,42,0.0
1788187455.26,0110,1,108,42,0.0
1788187455.27,001F,0,83,42,0.0
1788187455.31,0020,128,21,42,0.0
1788187455.35,0021,0,0,42,0.0
1788187455.36,0110,1,112,42,0.0
1788187455.38,002C,0,0,42,0.0
1788187455.41,002E,0,0,42,0.0
1788187455.41,010B,35,0,42,0.0
1788187455.44,0030,255,0,42,0.0
1788187455.46,0110,1,108,42,0.0
1788187455.47,003C,7,237,42,0.0
1788187455.51,0040,104,0,42,0.0
1788187455.51,010B,35,0,42,0.0
1788187455.54,0042,55,116,42,0.0
1788187455.56,0110,1,104,42,0.0
1788187455.57,0043,0,59,42,0.0
1788187455.60,0200,0,0,42,0.0
1788187455.61,010B,35,0,42,0.0
1788187455.63,0202,0,0,42,0.0
1788187455.67,0900,5,155,42,0.0
1788187455.70,0968,0,0,42,0.0
1788187455.71,010B,35,0,42,0.0
1788187455.73,096E,18,44,42,0.0
1788187455.76,097C,113,150,42,0.0
1788187455.76,0110,1,120,42,0.0
1788187455.80,098E,0,0,42,0.0
1788187455.81,010B,35,0,42,0.0
1788187455.83,1101,0,0,42,0.0
1788187455.87,1103,16,0,42,0.0
1788187455.90,1104,0,0,42,0.0
1788187455.91,010B,35,0,42,0.0
1788187455.93,114A,104,128,42,0.0
1788187455.96,114D,105,192,42,0.0
1788187455.97,0110,1,112,42,0.0
1788187455.99,1153,66,238,42,0.0
1788187456.01,010B,35,0,42,0.0
1788187456.03,1154,29,128,42,0.0
1788187456.07,1169,29,125,42,0.0
1788187456.10,1173,2,188,42,0.0
1788187456.11,010B,35,0,42,0.0
1788187456.13,1177,22,248,42,0.0
1788187456.16,1410,1,0,42,0.0
1788187456.16,0110,1,97,42,0.0
1788187456.19,1631,1,0,42,0.0
1788187456.21,010B,35,0,42,0.0
1788187456.23,1678,0,0,42,0.0
1788187456.27,1681,0,0,42,0.0
1788187456.30,16CD,0,0,42,0.0
1788187456.31,010B,35,0,42,0.0
1788187456.33,16CE,0,0,42,0.0
1788187456.36,16CF,12,26,42,0.0
1788187456.36,0110,1,108,42,0.0
1788187456.39,16E8,41,6,42,0.0
1788187456.41,010B,35,0,42,0.0
1788187456.43,16E9,0,120,42,0.0
1788187456.47,16F0,3,131,42,0.0
1788187456.50,1704,0,0,42,0.0
1788187456.51,010B,35,0,42,0.0
1788187456.53,1706,128,0,42,0.0
1788187456.56,1709,0,0,42,0.0
1788187456.56,0110,1,108,42,0.0
1788187456.59,1717,1,0,42,0.0
1788187456.61,010B,35,0,42,0.0
1788187456.63,1718,1,0,42,0.0
1788187456.66,1746,0,0,42,0.0
1788187456.66,0110,1,112,42,0.0
1788187456.69,1782,209,192,42,0.0
1788187456.71,010B,35,0,42,0.0
1788187456.72,1783,110,192,42,0.0
1788187456.75,17A0,255,0,42,0.0
1788187456.76,0110,1,100,42,0.0
1788187456.79,17A6,0,0,42,0.0
1788187456.81,010B,35,0,42,0.0
1788187456.82,17B0,31,0,42,0.0
1788187456.85,17B1,32,0,42,0.0
1788187456.87,0110,1,100,42,0.0
1788187456.89,17B2,4,0,42,0.0
1788187456.91,010B,35,0,42,0.0
1788187456.92,17B3,82,0,42,0.0
1788187456.95,17B5,80,0,42,0.0
1788187456.96,0110,1,108,42,0.0
1788187456.99,17B6,0,0,42,0.0
1788187457.02,17B8,242,0,42,0.0
1788187457.05,17BA,0,0,42,0.0
1788187457.06,0110,1,112,42,0.0
1788187457.08,17BB,0,0,42,0.0
1788187457.11,17BC,0,0,42,0.0
1788187457.15,17BD,153,0,42,0.0
1788187457.16,0110,1,97,42,0.0
1788187457.18,17BE,0,0,42,0.0
1788187457.21,17C1,234,0,42,0.0
1788187457.21,010B,35,0,42,0.0
1788187457.24,3201,23,112,42,0.0
1788187457.26,0110,1,97,42,0.0
1788187457.27,990A,46,0,42,0.0
1788187457.31,996E,12,228,42,0.0
1788187457.31,010B,35,0,42,0.0
1788187457.34,A211,0,0,42,0.0
1788187457.36,0110,1,108,42,0.0
1788187457.37,D100,129,0,42,0.0
1788187457.40,E21B,90,74,42,0.0
1788187457.41,010B,35,0,42,0.0
1788187457.43,E21C,49,56,42,0.0
1788187457.46,0110,1,116,42,0.0
1788187457.47,0142,55,110,42,0.0
1788187457.47,E21D,56,56,42,0.0
1788187457.51,E21E,70,0,42,0.0
1788187457.51,010B,35,0,42,0.0
1788187457.54,E6F0,90,74,42,0.0
1788187457.57,E6F2,240,0,42,0.0
1788187457.60,E6F3,240,0,42,0.0
1788187457.61,010B,35,0,42,0.0
1788187457.63,0105,82,0,42,0.0
1788187457.66,010F,67,0,42,0.0
1788187457.66,0110,1,112,42,0.0
1788187457.69,0110,1,108,42,0.0
1788187457.71,010B,35,0,42,0.0
1788187457.73,010B,35,0,42,0.0
1788187457.76,0106,123,0,42,0.0
1788187457.76,0110,1,108,42,0.0
1788187457.79,0107,130,0,42,0.0
1788187457.81,010B,35,0,42,0.0
1788187457.82,010E,145,0,42,0.0
1788187457.86,0142,55,123,42,0.0
1788187457.86,0110,1,108,42,0.0
1788187457.89,0000,190,63,42,0.0
1788187457.91,010B,35,0,42,0.0
1788187457.92,0002,0,0,42,0.0
1788187457.95,0003,2,0,43,0.0
1788187457.96,0110,1,104,43,0.0
1788187457.99,0005,83,0,43,0.0
1788187458.01,010B,35,0,43,0.0
1788187458.03,0006,124,0,43,0.0
1788187458.06,0007,130,0,43,0.0
1788187458.06,0110,1,100,43,0.0
1788187458.09,000B,35,0,43,0.0
1788187458.11,010B,35,0,43,0.0
1788187458.12,000C,18,35,43,0.0
1788187458.15,000D,0,0,42,0.0
1788187458.16,0110,1,108,42,0.0
1788187458.19,000E,144,0,42,0.0
1788187458.22,000F,67,0,42,0.0
1788187458.25,0010,1,104,43,0.0
1788187458.26,0110,1,108,43,0.0
1788187458.28,0011,29,0,43,0.0
1788187458.32,0013,1,0,43,0.0
1788187458.35,001C,10,0,43,0.0
1788187458.36,0110,1,104,43,0.0
1788187458.38,001F,0,86,43,0.0
1788187458.41,0020,128,21,43,0.0
1788187458.41,010B,35,0,43,0.0
1788187458.44,0021,0,0,43,0.0
1788187458.46,0110,1,108,43,0.0
1788187458.47,17B3,83,0,43,0.0
1788187458.47,002C,0,0,43,0.0
1788187458.50,002E,0,0,43,0.0
1788187458.51,010B,35,0,43,0.0
1788187458.54,0030,255,0,43,0.0
1788187458.56,0110,1,104,43,0.0
1788187458.57,003C,8,22,43,0.0
1788187458.61,0040,104,0,43,0.0
1788187458.61,010B,35,0,43,0.0
1788187458.64,0042,55,124,43,0.0
1788187458.66,0110,1,104,43,0.0
1788187458.67,0043,0,59,43,0.0
1788187458.71,0200,0,0,43,0.0
1788187458.71,010B,35,0,43,0.0
1788187458.74,0202,0,0,43,0.0
1788187458.77,0900,5,155,43,0.0
1788187458.80,0968,0,0,43,0.0
1788187458.81,010B,35,0,43,0.0
1788187458.83,096E,18,2,43,0.0
1788187458.87,097C,113,153,43,0.0
1788187458.90,098E,0,0,43,0.0
1788187458.91,010B,35,0,43,0.0
1788187458.93,1101,0,0,43,0.0
1788187458.96,1103,16,0,43,0.0
1788187458.96,0110,1,100,43,0.0
1788187459.00,1104,0,0,43,0.0
1788187459.01,010B,35,0,43,0.0
1788187459.03,114A,104,128,43,0.0
1788187459.06,114D,104,192,43,0.0
1788187459.06,0110,1,100,43,0.0
1788187459.09,1153,66,83,43,0.0
1788187459.11,010B,35,0,43,0.0
1788187459.13,1154,29,128,43,0.0
1788187459.16,1169,29,125,43,0.0
1788187459.19,1173,2,163,43,0.0
1788187459.21,010B,35,0,43,0.0
1788187459.23,1177,22,228,43,0.0
1788187459.26,1410,0,255,43,0.0
1788187459.26,0110,1,116,43,0.0
1788187459.29,1631,1,0,43,0.0
1788187459.31,010B,35,0,43,0.0
1788187459.33,1678,0,0,43,0.0
1788187459.36,1681,0,0,43,0.0
1788187459.36,0110,1,108,43,0.0
1788187459.39,16CD,0,0,43,0.0
1788187459.41,010B,35,0,43,0.0
1788187459.42,16CE,0,0,43,0.0
1788187459.45,16CF,11,253,43,0.0
1788187459.46,0110,1,108,43,0.0
1788187459.49,16E8,40,110,43,0.0
1788187459.51,010B,35,0,43,0.0
1788187459.52,16E9,0,121,43,0.0
1788187459.55,16F0,3,131,43,0.0
1788187459.56,0110,1,89,43,0.0
1788187459.58,1704,0,0,43,0.0
1788187459.61,1706,128,0,43,0.0
1788187459.64,1709,0,0,43,0.0
1788187459.66,0110,1,104,43,0.0
1788187459.68,1717,1,0,43,0.0
1788187459.71,1718,1,0,43,0.0
1788187459.75,1746,0,0,43,0.0
1788187459.76,0110,1,104,43,0.0
1788187459.78,1782,209,128,43,0.0
1788187459.81,1783,110,192,43,0.0
1788187459.81,010B,35,0,43,0.0
1788187459.84,17A0,255,0,43,0.0
1788187459.86,0110,1,100,43,0.0
1788187459.87,17A6,0,0,43,0.0
1788187459.91,17B0,30,0,43,0.0
1788187459.91,010B,35,0,43,0.0
1788187459.95,17B1,32,0,43,0.0
1788187459.96,0110,1,108,43,0.0
1788187459.98,17B2,4,0,43,0.0
1788187460.01,17B3,83,0,43,0.0
1788187460.01,010B,35,0,43,0.0
1788187460.04,17B5,80,0,43,0.0
1788187460.06,0110,1,104,43,0.0
1788187460.08,17B6,0,0,43,0.0
1788187460.11,17B8,242,0,43,0.0
1788187460.11,010B,35,0,43,0.0
1788187460.14,17BA,0,0,43,0.0
1788187460.16,0110,1,100,43,0.0
1788187460.17,17BB,0,0,43,0.0
1788187460.20,17BC,0,0,43,0.0
1788187460.21,010B,35,0,43,0.0
1788187460.24,17BD,152,0,43,0.0
1788187460.26,0110,1,104,43,0.0
1788187460.27,17BE,0,0,43,0.0
1788187460.31,17C1,234,0,43,0.0
1788187460.31,010B,35,0,43,0.0
1788187460.34,3201,23,112,43,0.0
1788187460.36,0110,1,93,43,0.0
1788187460.37,990A,46,0,43,0.0
1788187460.40,996E,12,228,43,0.0
1788187460.41,010B,35,0,43,0.0
1788187460.43,A211,0,0,43,0.0
1788187460.47,D100,129,0,43,0.0
1788187460.50,E21B,90,74,43,0.0
1788187460.51,010B,34,0,43,0.0
1788187460.53,E21C,49,56,43,0.0
1788187460.56,E21D,56,56,43,0.0
1788187460.59,E21E,70,0,43,0.0
1788187460.61,010B,35,0,43,0.0
1788187460.63,E6F0,90,74,43,0.0
1788187460.66,E6F2,240,0,43,0.0
1788187460.66,0110,1,97,43,0.0
1788187460.69,E6F3,240,0,43,0.0
1788187460.71,010B,35,0,43,0.0
1788187460.72,0105,83,0,43,0.0
1788187460.75,010F,67,0,43,0.0
1788187460.76,0110,1,100,43,0.0
1788187460.79,0110,1,104,43,0.0
1788187460.81,010B,35,0,43,0.0
1788187460.82,010B,35,0,43,0.0
1788187460.85,0106,124,0,43,0.0
1788187460.86,0110,1,108,43,0.0
1788187460.88,0107,130,0,43,0.0
1788187460.91,010B,35,0,43,0.0
1788187460.91,010E,143,0,43,0.0
1788187460.95,0142,55,116,43,0.0
1788187460.96,0110,1,97,43,0.0
1788187460.98,0000,190,63,43,0.0
1788187461.01,010B,35,0,43,0.0
1788187461.01,0002,0,0,43,0.0
1788187461.05,0003,2,0,43,0.0
1788187461.06,0110,1,100,43,0.0
1788187461.09,0005,83,0,43,0.0
1788187461.12,0006,125,0,43,0.0
1788187461.15,0007,130,0,43,0.0
1788187461.16,0110,1,104,43,0.0
1788187461.18,000B,35,0,43,0.0
1788187461.21,000C,18,9,43,0.0
1788187461.21,010B,35,0,43,0.0
1788187461.25,000D,0,0,43,0.0
1788187461.26,0110,1,100,43,0.0
1788187461.28,000E,142,0,43,0.0
1788187461.31,000F,67,0,43,0.0
1788187461.31,010B,35,0,43,0.0
1788187461.34,0010,1,89,43,0.0
1788187461.36,0110,1,93,43,0.0
1788187461.37,0011,29,0,43,0.0
1788187461.41,0013,1,0,43,0.0
1788187461.41,010B,35,0,43,0.0
1788187461.45,001C,10,0,43,0.0
1788187461.46,0110,1,97,43,0.0
1788187461.46,0142,55,116,43,0.0
1788187461.48,001F,0,89,43,0.0
1788187461.51,0020,128,21,43,0.0
1788187461.52,010B,35,0,43,0.0
1788187461.54,0021,0,0,43,0.0
1788187461.56,0110,1,97,43,0.0
1788187461.57,002C,0,0,43,0.0
1788187461.60,002E,0,0,43,0.0
1788187461.61,010B,34,0,43,0.0
1788187461.63,0030,255,0,43,0.0
1788187461.66,0110,1,100,43,0.0
1788187461.67,003C,8,62,43,0.0
1788187461.70,0040,104,0,43,0.0
1788187461.71,010B,35,0,43,0.0
1788187461.73,0042,55,122,43,0.0
1788187461.77,0043,0,59,43,0.0
1788187461.80,0200,0,0,43,0.0
1788187461.81,010B,34,0,43,0.0
1788187461.83,0202,0,0,43,0.0
1788187461.86,0900,5,150,43,0.0
1788187461.86,0110,1,100,43,0.0
1788187461.90,0968,0,0,43,0.0
1788187461.91,010B,35,0,43,0.0
1788187461.93,096E,17,217,43,0.0
1788187461.96,097C,113,156,43,0.0
1788187461.96,0110,1,100,43,0.0
1788187461.99,098E,0,0,43,0.0
1788187462.01,010B,34,0,43,0.0
1788187462.02,1101,0,0,43,0.0
1788187462.06,1103,16,0,43,0.0
1788187462.06,0110,1,97,43,0.0
1788187462.09,1104,0,0,43,0.0
1788187462.11,010B,34,0,43,0.0
1788187462.13,114A,104,128,43,0.0
1788187462.16,114D,103,128,43,0.0
1788187462.16,0110,1,104,43,0.0
1788187462.19,1153,65,215,43,0.0
1788187462.21,010B,34,0,43,0.0
1788187462.22,1154,29,128,43,0.0
1788187462.25,1169,29,125,43,0.0
1788187462.26,0110,1,97,43,0.0
1788187462.28,1173,2,103,43,0.0
1788187462.31,1177,22,228,43,0.0
1788187462.35,1410,0,254,43,0.0
1788187462.36,0110,1,100,43,0.0
1788187462.38,1631,1,0,43,0.0
1788187462.42,1678,0,0,43,0.0
1788187462.45,1681,0,0,43,0.0
1788187462.46,0110,1,104,43,0.0
1788187462.46,0142,55,119,43,0.0
1788187462.48,16CD,0,0,43,0.0
1788187462.51,16CE,0,0,43,0.0
1788187462.51,010B,34,0,43,0.0
1788187462.54,16CF,12,43,43,0.0
1788187462.56,0110,1,100,43,0.0
1788187462.57,16E8,44,35,43,0.0
1788187462.60,16E9,0,120,43,0.0
1788187462.61,010B,35,0,43,0.0
1788187462.64,16F0,3,131,43,0.0
1788187462.66,0110,1,100,43,0.0
1788187462.67,1704,0,0,43,0.0
1788187462.71,1706,128,0,43,0.0
1788187462.71,010B,35,0,43,0.0
1788187462.74,1709,0,0,43,0.0
1788187462.76,0110,1,100,43,0.0
1788187462.77,1717,1,0,43,0.0
1788187462.80,1718,1,0,43,0.0
1788187462.81,010B,35,0,43,0.0
1788187462.83,1746,0,0,43,0.0
1788187462.86,0110,1,93,43,0.0
1788187462.90,1783,110,192,43,0.0
1788187462.91,010B,35,0,43,0.0
1788187462.93,17A0,255,0,43,0.0
1788187462.97,17A6,0,0,43,0.0
1788187463.00,17B0,30,0,43,0.0
1788187463.01,010B,35,0,43,0.0
1788187463.03,17B1,32,0,43,0.0
1788187463.06,17B2,4,0,43,0.0
1788187463.06,0110,1,89,43,0.0
1788187463.09,17B3,83,0,43,0.0
1788187463.11,010B,34,0,43,0.0
1788187463.12,17B5,80,0,43,0.0
1788187463.16,17B6,0,0,43,0.0
1788187463.16,0110,1,97,43,0.0
1788187463.19,17B8,242,0,43,0.0
1788187463.21,010B,34,0,43,0.0
1788187463.22,17BA,0,0,43,0.0
1788187463.26,17BB,0,0,43,0.0
1788187463.26,0110,1,89,43,0.0
1788187463.29,17BC,0,0,43,0.0
1788187463.31,010B,34,0,43,0.0
1788187463.32,17BD,152,0,43,0.0
1788187463.35,17BE,0,0,43,0.0
1788187463.36,0110,1,93,43,0.0
1788187463.38,17C1,234,0,43,0.0
1788187463.41,3201,23,112,43,0.0
1788187463.41,010B,34,0,43,0.0
1788187463.45,990A,46,0,43,0.0
1788187463.46,0110,1,93,43,0.0
1788187463.48,996E,12,208,43,0.0
1788187463.52,A211,0,0,43,0.0
1788187463.55,D100,129,0,43,0.0
1788187463.56,0110,1,97,43,0.0
1788187463.58,E21B,90,74,43,0.0
1788187463.61,E21C,49,56,43,0.0
1788187463.61,010B,34,0,43,0.0
1788187463.64,E21D,56,56,43,0.0
1788187463.66,0110,1,93,43,0.0
1788187463.68,E21E,70,0,43,0.0
1788187463.71,E6F0,90,74,43,0.0
1788187463.71,010B,35,0,43,0.0
1788187463.74,E6F2,240,0,43,0.0
1788187463.76,0110,1,97,43,0.0
1788187463.78,E6F3,240,0,43,0.0
1788187463.80,0105,83,0,43,0.0
1788187463.81,010B,34,0,43,0.0
1788187463.84,010F,67,0,43,0.0
1788187463.86,0110,1,89,43,0.0
1788187463.87,0110,1,93,43,0.0
1788187463.90,010B,34,0,43,0.0
1788187463.91,010B,34,0,43,0.0
1788187463.93,0106,124,0,43,0.0
1788187463.96,0110,1,104,43,0.0
1788187463.97,0107,130,0,43,0.0
1788187464.00,010E,143,0,44,0.0
1788187464.01,010B,34,0,44,0.0
1788187464.03,0142,55,125,44,0.0
1788187464.06,0110,1,97,44,0.0
1788187464.10,0002,0,0,44,0.0
1788187464.11,010B,34,0,44,0.0
1788187464.13,0003,2,0,44,0.0
1788187464.17,0005,84,0,44,0.0
1788187464.20,0006,125,0,44,0.0
1788187464.21,010B,34,0,44,0.0
1788187464.23,0007,130,0,44,0.0
1788187464.26,000B,34,0,44,0.0
1788187464.29,000C,17,230,44,0.0
1788187464.31,010B,34,0,44,0.0
1788187464.33,000D,0,0,44,0.0
1788187464.36,000E,142,0,44,0.0
1788187464.36,0110,1,97,44,0.0
1788187464.39,000F,67,0,44,0.0
1788187464.41,010B,34,0,44,0.0
1788187464.43,0010,1,89,44,0.0
1788187464.46,0011,29,0,44,0.0
1788187464.46,0110,1,89,44,0.0
1788187464.47,17B3,83,0,44,0.0
1788187464.49,0013,1,0,44,0.0
1788187464.51,010B,34,0,44,0.0
1788187464.52,001C,10,0,44,0.0
1788187464.55,001F,0,92,44,0.0
1788187464.56,0110,1,104,44,0.0
1788187464.59,0020,128,21,44,0.0
1788187464.62,0021,0,0,44,0.0
1788187464.65,002C,0,0,44,0.0
1788187464.66,0110,1,89,44,0.0
1788187464.69,002E,0,0,44,0.0
1788187464.72,0030,255,0,44,0.0
1788187464.75,003C,8,103,44,0.0
1788187464.76,0110,1,97,44,0.0
1788187464.78,0040,104,0,44,0.0
1788187464.81,010B,34,0,44,0.0
1788187464.85,0043,0,59,44,0.0
1788187464.86,0110,1,97,44,0.0
1788187464.89,0200,0,0,44,0.0
1788187464.92,0202,0,0,44,0.0
1788187464.95,0900,5,150,44,0.0
1788187464.96,0110,1,89,44,0.0
1788187464.98,0968,0,0,44,0.0
1788187465.01,096E,17,183,44,0.0
1788187465.02,010B,34,0,44,0.0
1788187465.04,097C,113,159,44,0.0
1788187465.06,0110,1,81,44,0.0
1788187465.08,098E,0,0,44,0.0
1788187465.11,1101,0,0,44,0.0
1788187465.11,010B,34,0,44,0.0
1788187465.15,1103,16,0,44,0.0
1788187465.16,0110,1,89,44,0.0
1788187465.18,1104,0,0,44,0.0
1788187465.21,114A,104,128,44,0.0
1788187465.21,010B,34,0,44,0.0
1788187465.24,114D,102,128,44,0.0
1788187465.26,0110,1,100,44,0.0
1788187465.27,1153,65,166,44,0.0
1788187465.30,1154,29,128,44,0.0
1788187465.31,010B,34,0,44,0.0
1788187465.34,1169,29,125,44,0.0
1788187465.36,0110,1,93,44,0.0
1788187465.38,1173,3,17,44,0.0
1788187465.41,1177,22,188,44,0.0
1788187465.41,010B,34,0,44,0.0
1788187465.44,1410,0,253,44,0.0
1788187465.46,0110,1,89,44,0.0
1788187465.47,1631,1,0,44,0.0
1788187465.50,1678,0,0,44,0.0
1788187465.51,010B,34,0,44,0.0
1788187465.53,1681,0,0,44,0.0
1788187465.56,16CD,0,0,44,0.0
1788187465.60,16CE,0,0,44,0.0
1788187465.61,010B,34,0,44,0.0
1788187465.64,16CF,11,253,44,0.0
1788187465.67,16E8,42,119,44,0.0
1788187465.70,16E9,0,121,44,0.0
1788187465.71,010B,34,0,44,0.0
1788187465.73,16F0,3,131,44,0.0
1788187465.76,1704,0,0,44,0.0
1788187465.76,0110,1,97,44,0.0
1788187465.79,1706,128,0,44,0.0
1788187465.81,010B,34,0,44,0.0
1788187465.82,1709,0,0,44,0.0
1788187465.86,1717,1,0,44,0.0
1788187465.86,0110,1,100,44,0.0
1788187465.89,1718,1,0,44,0.0
1788187465.91,010B,34,0,44,0.0
1788187465.93,1746,0,0,44,0.0
1788187465.96,1782,209,64,44,0.0
1788187465.96,0110,1,89,44,0.0
1788187465.99,1783,110,192,44,0.0
1788187466.01,010B,34,0,44,0.0
1788187466.02,17A0,255,0,44,0.0
1788187466.05,17A6,0,0,44,0.0
1788187466.06,0110,1,100,44,0.0
1788187466.09,17B0,29,0,44,0.0
1788187466.11,010B,34,0,44,0.0
1788187466.12,17B1,32,0,44,0.0
1788187466.15,17B2,4,0,44,0.0
1788187466.16,0110,1,89,44,0.0
1788187466.19,17B3,83,0,44,0.0
1788187466.21,010B,34,0,44,0.0
1788187466.25,17B6,0,0,44,0.0
1788187466.26,0110,1,93,44,0.0
1788187466.28,17B8,242,0,44,0.0
1788187466.31,17BA,0,0,44,0.0
1788187466.35,17BB,0,0,44,0.0
1788187466.37,0110,1,85,44,0.0
1788187466.39,17BC,0,0,44,0.0
1788187466.42,17BD,152,0,44,0.0
1788187466.45,17BE,0,0,44,0.0
1788187466.46,0110,1,97,44,0.0
1788187466.46,17B3,83,0,44,0.0
1788187466.48,17C1,234,0,44,0.0
1788187466.51,3201,23,112,44,0.0
1788187466.55,990A,46,0,44,0.0
1788187466.56,0110,1,100,44,0.0
1788187466.58,996E,12,208,44,0.0
1788187466.61,A211,0,0,44,0.0
1788187466.65,D100,129,0,44,0.0
1788187466.66,0110,1,100,44,0.0
1788187466.68,E21B,90,74,44,0.0
1788187466.71,E21C,49,56,44,0.0
1788187466.71,010B,34,0,44,0.0
1788187466.74,E21D,56,56,44,0.0
1788187466.77,0110,1,85,44,0.0
1788187466.77,E21E,70,0,44,0.0
1788187466.80,E6F0,90,74,44,0.0
1788187466.81,010B,34,0,44,0.0
1788187466.84,E6F2,240,0,44,0.0
1788187466.87,0110,1,97,44,0.0
1788187466.88,E6F3,240,0,44,0.0
1788187466.90,0105,84,0,44,0.0
1788187466.91,010B,34,0,44,0.0
1788187466.93,010F,67,0,44,0.0
1788187466.96,0110,1,89,44,0.0
1788187466.97,0110,1,93,44,0.0
1788187467.00,010B,34,0,44,0.0
1788187467.01,010B,34,0,44,0.0
1788187467.03,0106,123,0,44,0.0
1788187467.06,0110,1,89,44,0.0
1788187467.06,0107,130,0,44,0.0
1788187467.10,010E,143,0,44,0.0
1788187467.11,010B,34,0,44,0.0
1788187467.13,0142,55,119,44,0.0
1788187467.17,0000,190,63,44,0.0
1788187467.20,0002,0,0,44,0.0
1788187467.21,010B,34,0,44,0.0
1788187467.23,0003,2,0,44,0.0
1788187467.26,0005,84,0,44,0.0
1788187467.30,0006,124,0,44,0.0
1788187467.31,010B,34,0,44,0.0
1788187467.34,0007,130,0,44,0.0
1788187467.37,000B,34,0,44,0.0
1788187467.40,000C,17,186,44,0.0
1788187467.41,010B,34,0,44,0.0
1788187467.43,000D,0,0,44,0.0
1788187467.46,000E,143,0,44,0.0
1788187467.46,0110,1,100,44,0.0
1788187467.49,000F,67,0,44,0.0
1788187467.51,010B,34,0,44,0.0
1788187467.53,0010,1,104,44,0.0
1788187467.56,0011,29,0,44,0.0
1788187467.60,0013,1,0,44,0.0
1788187467.61,010B,34,0,44,0.0
1788187467.63,001C,10,0,44,0.0
1788187467.66,001F,0,96,44,0.0
1788187467.66,0110,1,97,44,0.0
1788187467.69,0020,128,21,44,0.0
1788187467.71,010B,34,0,44,0.0
1788187467.72,0021,0,0,44,0.0
1788187467.75,002C,0,0,44,0.0
1788187467.76,0110,1,97,44,0.0
1788187467.79,002E,0,0,44,0.0
1788187467.81,010B,34,0,44,0.0
1788187467.82,0030,255,0,44,0.0
1788187467.86,003C,8,143,44,0.0
1788187467.86,0110,1,93,44,0.0
1788187467.89,0040,104,0,44,0.0
1788187467.91,010B,34,0,44,0.0
1788187467.92,0042,55,129,44,0.0
1788187467.95,0043,0,59,44,0.0
1788187467.96,0110,1,85,44,0.0
1788187467.98,0200,0,0,44,0.0
1788187468.02,0202,0,0,44,0.0
1788187468.05,0900,5,145,44,0.0
1788187468.06,0110,1,100,44,0.0
1788187468.08,0968,0,0,44,0.0
1788187468.11,096E,17,150,44,0.0
1788187468.11,010B,34,0,44,0.0
1788187468.14,097C,113,161,44,0.0
1788187468.16,0110,1,93,44,0.0
1788187468.17,098E,0,0,44,0.0
1788187468.21,1101,0,0,44,0.0
1788187468.21,010B,34,0,44,0.0
1788187468.25,1103,16,0,44,0.0
1788187468.26,0110,1,85,44,0.0
1788187468.28,1104,0,0,44,0.0
1788187468.31,114A,104,64,44,0.0
1788187468.31,010B,34,0,44,0.0
1788187468.34,114D,101,64,44,0.0
1788187468.36,0110,1,97,44,0.0
1788187468.37,1153,64,239,44,0.0
1788187468.40,1154,29,128,44,0.0
1788187468.41,010B,34,0,44,0.0
1788187468.44,1169,29,125,44,0.0
1788187468.46,0110,1,97,44,0.0
1788187468.47,1173,3,107,44,0.0
1788187468.50,1177,22,148,44,0.0
1788187468.51,010B,34,0,44,0.0
1788187468.53,1410,0,253,44,0.0
1788187468.56,1631,1,0,44,0.0
1788187468.60,1678,0,0,44,0.0
1788187468.61,010B,34,0,44,0.0
1788187468.63,1681,0,0,44,0.0
1788187468.66,16CD,0,0,44,0.0
1788187468.66,0110,1,97,44,0.0
1788187468.69,16CE,0,0,44,0.0
1788187468.71,010B,34,0,44,0.0
1788187468.73,16CF,12,13,44,0.0
1788187468.76,16E8,44,97,44,0.0
1788187468.76,0110,1,89,44,0.0
1788187468.79,16E9,0,120,44,0.0
1788187468.81,010B,34,0,44,0.0
1788187468.82,16F0,3,131,44,0.0
1788187468.86,1704,0,0,44,0.0
1788187468.90,1706,128,0,44,0.0
1788187468.91,010B,34,0,44,0.0
1788187468.93,1709,0,0,44,0.0
1788187468.96,1717,1,0,44,0.0
1788187468.96,0110,1,100,44,0.0
1788187468.99,1718,1,0,44,0.0
1788187469.01,010B,34,0,44,0.0
1788187469.02,1746,0,0,44,0.0
1788187469.06,1782,209,0,44,0.0
1788187469.06,0110,1,81,44,0.0
1788187469.09,1783,110,192,44,0.0
1788187469.11,010B,34,0,44,0.0
1788187469.12,17A0,255,0,44,0.0
1788187469.16,17A6,0,0,44,0.0
1788187469.16,0110,1,78,44,0.0
1788187469.19,17B0,30,0,44,0.0
1788187469.21,010B,34,0,44,0.0
1788187469.22,17B1,32,0,44,0.0
1788187469.25,17B2,4,0,44,0.0
1788187469.26,0110,1,81,44,0.0
1788187469.29,17B3,83,0,44,0.0
1788187469.31,010B,34,0,44,0.0
1788187469.32,17B5,80,0,44,0.0
1788187469.35,17B6,0,0,44,0.0
1788187469.36,0110,1,81,44,0.0
1788187469.38,17B8,242,0,44,0.0
1788187469.41,17BA,0,0,44,0.0
1788187469.41,010B,34,0,44,0.0
1788187469.44,17BB,0,0,44,0.0
1788187469.46,0110,1,97,44,0.0
1788187469.48,17BC,0,0,44,0.0
1788187469.52,17BD,152,0,44,0.0
1788187469.55,17BE,0,0,44,0.0
1788187469.56,0110,1,93,44,0.0
1788187469.58,17C1,234,0,44,0.0
1788187469.61,3201,23,112,44,0.0
1788187469.61,010B,34,0,44,0.0
1788187469.64,990A,46,0,44,0.0
1788187469.66,0110,1,93,44,0.0
1788187469.67,996E,12,208,44,0.0
1788187469.71,A211,0,0,44,0.0
1788187469.71,010B,34,0,44,0.0
1788187469.74,D100,129,0,45,0.0
1788187469.76,0110,1,93,45,0.0
1788187469.77,E21B,90,74,45,0.0
1788187469.80,E21C,49,56,45,0.0
1788187469.81,010B,34,0,45,0.0
1788187469.83,E21D,56,56,45,0.0
1788187469.86,0110,1,93,45,0.0
1788187469.87,E21E,70,0,45,0.0
1788187469.90,E6F0,90,74,45,0.0
1788187469.91,010B,34,0,45,0.0
1788187469.94,E6F2,240,0,45,0.0
1788187469.96,0110,1,93,45,0.0
1788187469.97,E6F3,240,0,45,0.0
1788187470.00,0105,85,0,45,0.0
1788187470.01,010B,34,0,45,0.0
1788187470.03,010F,67,0,45,0.0
1788187470.06,0110,1,93,45,0.0
1788187470.06,0110,1,93,45,0.0
1788187470.09,010B,34,0,45,0.0
1788187470.11,010B,34,0,45,0.0
1788187470.13,0106,122,0,45,0.0
1788187470.16,0107,130,0,45,0.0
1788187470.16,0110,1,85,45,0.0
1788187470.19,010E,145,0,45,0.0
1788187470.21,010B,34,0,45,0.0
1788187470.22,0142,55,125,45,0.0
1788187470.26,0000,190,63,45,0.0
1788187470.26,0110,1,89,45,0.0
1788187470.29,0002,0,0,45,0.0
1788187470.31,010B,34,0,45,0.0
1788187470.33,0003,2,0,45,0.0
1788187470.36,0005,85,0,45,0.0
1788187470.36,0110,1,81,45,0.0
1788187470.39,0006,123,0,45,0.0
1788187470.41,010B,34,0,45,0.0
1788187470.43,0007,130,0,45,0.0
1788187470.45,000B,34,0,45,0.0
1788187470.46,0110,1,85,45,0.0
1788187470.47,17B3,83,0,45,0.0
1788187470.48,000C,17,135,45,0.0
1788187470.51,010B,34,0,45,0.0
1788187470.52,000D,0,0,45,0.0
1788187470.56,000E,145,0,45,0.0
1788187470.56,0110,1,85,45,0.0
1788187470.59,000F,67,0,45,0.0
1788187470.62,0010,1,93,45,0.0
1788187470.65,0011,29,0,45,0.0
1788187470.66,0110,1,104,45,0.0
1788187470.68,0013,1,0,45,0.0
1788187470.71,001C,10,0,45,0.0
1788187470.75,001F,0,99,45,0.0
1788187470.76,0110,1,97,45,0.0
1788187470.78,0020,128,21,45,0.0
1788187470.81,0021,0,0,45,0.0
1788187470.81,010B,34,0,45,0.0
1788187470.85,002C,0,0,45,0.0
1788187470.86,0110,1,97,45,0.0
1788187470.88,002E,0,0,45,0.0
1788187470.91,0030,255,0,45,0.0
1788187470.95,003C,8,182,45,0.0
1788187470.96,0110,1,93,45,0.0
1788187470.98,0040,104,0,45,0.0
1788187471.01,0042,55,109,45,0.0
1788187471.01,010B,34,0,45,0.0
1788187471.04,0043,0,59,45,0.0
1788187471.06,0110,1,81,45,0.0
1788187471.07,0200,0,0,45,0.0
1788187471.11,0202,0,0,45,0.0
1788187471.11,010B,34,0,45,0.0
1788187471.14,0900,5,145,45,0.0
1788187471.16,0110,1,89,45,0.0
1788187471.18,0968,0,0,45,0.0
1788187471.21,096E,17,113,45,0.0
1788187471.21,010B,34,0,45,0.0
1788187471.24,097C,113,160,45,0.0
1788187471.26,0110,1,89,45,0.0
1788187471.27,098E,0,0,45,0.0
1788187471.30,1101,0,0,45,0.0
1788187471.32,010B,34,0,45,0.0
1788187471.33,1103,16,0,45,0.0
1788187471.37,1104,0,0,45,0.0
1788187471.40,114A,104,64,45,0.0
1788187471.41,010B,34,0,45,0.0
1788187471.43,114D,100,64,45,0.0
1788187471.46,1153,64,144,45,0.0
1788187471.46,0110,1,85,45,0.0
1788187471.49,1154,29,128,45,0.0
1788187471.51,010B,34,0,45,0.0
1788187471.53,1169,29,125,45,0.0
1788187471.56,1173,3,107,45,0.0
1788187471.56,0110,1,78,45,0.0
1788187471.60,1177,22,148,45,0.0
1788187471.61,010B,34,0,45,0.0
1788187471.63,1410,0,255,45,0.0
1788187471.66,1631,1,0,45,0.0
1788187471.66,0110,1,97,45,0.0
1788187471.69,1678,0,0,45,0.0
1788187471.71,010B,34,0,45,0.0
1788187471.72,1681,0,0,45,0.0
1788187471.76,16CD,0,0,45,0.0
1788187471.76,0110,1,93,45,0.0
1788187471.79,16CE,0,0,45,0.0
1788187471.81,010B,34,0,45,0.0
1788187471.82,16CF,12,5,45,0.0
1788187471.86,16E8,41,78,45,0.0
1788187471.86,0110,1,81,45,0.0
1788187471.89,16E9,0,121,45,0.0
1788187471.91,010B,34,0,45,0.0
1788187471.92,16F0,3,131,45,0.0
1788187471.96,1704,0,0,45,0.0
1788187471.96,0110,1,97,45,0.0
1788187471.99,1706,128,0,45,0.0
1788187472.02,1709,0,0,45,0.0
1788187472.05,1717,1,0,45,0.0
1788187472.06,0110,1,85,45,0.0
1788187472.08,1718,1,0,45,0.0
1788187472.11,1746,0,0,45,0.0
1788187472.15,1782,209,0,45,0.0
1788187472.16,0110,1,81,45,0.0
1788187472.18,1783,110,192,45,0.0
1788187472.22,17A0,255,0,45,0.0
1788187472.25,17A6,0,0,45,0.0
1788187472.26,0110,1,89,45,0.0
1788187472.28,17B0,30,0,45,0.0
1788187472.31,17B1,32,0,45,0.0
1788187472.34,17B2,4,0,45,0.0
1788187472.36,0110,1,93,45,0.0
1788187472.38,17B3,83,0,45,0.0
1788187472.41,17B5,80,0,45,0.0
1788187472.41,010B,34,0,45,0.0
1788187472.45,17B6,0,0,45,0.0
1788187472.46,0110,1,93,45,0.0
1788187472.47,17B3,83,0,45,0.0
1788187472.48,17B8,241,0,45,0.0
1788187472.51,17BA,0,0,45,0.0
1788187472.51,010B,34,0,45,0.0
1788187472.54,17BB,0,0,45,0.0
1788187472.57,0110,1,81,45,0.0
1788187472.58,17BC,0,0,45,0.0
1788187472.61,17BD,152,0,45,0.0
1788187472.61,010B,34,0,45,0.0
1788187472.64,17BE,0,0,45,0.0
1788187472.66,0110,1,85,45,0.0
1788187472.67,17C1,234,0,45,0.0
1788187472.70,3201,23,112,45,0.0
1788187472.71,010B,34,0,45,0.0
1788187472.73,990A,46,0,45,0.0
1788187472.76,0110,1,89,45,0.0
1788187472.77,996E,12,188,45,0.0
1788187472.81,A211,0,0,45,0.0
1788187472.81,010B,34,0,45,0.0
1788187472.84,D100,129,0,45,0.0
1788187472.86,0110,1,85,45,0.0
1788187472.90,E21C,49,56,45,0.0
1788187472.91,010B,34,0,45,0.0
1788187472.93,E21D,56,56,45,0.0
1788187472.97,E21E,70,0,45,0.0
1788187473.00,E6F0,90,74,45,0.0
1788187473.01,010B,34,0,45,0.0
1788187473.03,E6F2,240,0,45,0.0
1788187473.06,E6F3,240,0,45,0.0
1788187473.06,0110,1,93,45,0.0
1788187473.09,0105,85,0,45,0.0
1788187473.11,010B,34,0,45,0.0
1788187473.12,010F,67,0,45,0.0
1788187473.15,0110,1,81,45,0.0
1788187473.16,0110,1,81,45,0.0
1788187473.19,010B,34,0,45,0.0
1788187473.21,010B,34,0,45,0.0
1788187473.22,0106,122,0,45,0.0
1788187473.25,0107,130,0,45,0.0
1788187473.26,0110,1,85,45,0.0
1788187473.29,010E,146,0,45,0.0
1788187473.31,010B,34,0,45,0.0
1788187473.32,0142,55,125,45,0.0
1788187473.36,0000,190,63,45,0.0
1788187473.37,0110,1,74,45,0.0
1788187473.39,0002,0,0,45,0.0
1788187473.41,010B,34,0,45,0.0
1788187473.42,0003,2,0,45,0.0
1788187473.45,0005,85,0,45,0.0
1788187473.46,0110,1,78,45,0.0
1788187473.48,0006,123,0,45,0.0
1788187473.52,0007,130,0,45,0.0
1788187473.55,000B,34,0,45,0.0
1788187473.56,0110,1,81,45,0.0
1788187473.58,000C,17,110,45,0.0
1788187473.61,000D,0,0,45,0.0
1788187473.61,010B,34,0,45,0.0
1788187473.65,000E,143,0,45,0.0
1788187473.66,0110,1,78,45,0.0
1788187473.68,000F,67,0,45,0.0
1788187473.71,0010,1,81,45,0.0
1788187473.75,0011,29,0,45,0.0
1788187473.76,0110,1,89,45,0.0
1788187473.78,0013,1,0,45,0.0
1788187473.81,001C,10,0,45,0.0
1788187473.81,010B,34,0,45,0.0
1788187473.84,001F,0,102,45,0.0
1788187473.86,0110,1,85,45,0.0
1788187473.87,0020,128,21,45,0.0
1788187473.91,0021,0,0,45,0.0
1788187473.91,010B,34,0,45,0.0
1788187473.94,002C,0,0,45,0.0
1788187473.96,0110,1,89,45,0.0
1788187473.97,002E,0,0,45,0.0
1788187474.01,0030,255,0,45,0.0
1788187474.01,010B,34,0,45,0.0
1788187474.04,003C,8,216,45,0.0
1788187474.06,0110,1,85,45,0.0
1788187474.07,0040,104,0,45,0.0
1788187474.10,0042,55,126,45,0.0
1788187474.11,010B,34,0,45,0.0
1788187474.14,0043,0,59,45,0.0
1788187474.17,0200,0,0,45,0.0
1788187474.20,0202,0,0,45,0.0
1788187474.21,010B,34,0,45,0.0
1788187474.23,0900,5,145,45,0.0
1788187474.26,0968,0,0,45,0.0
1788187474.30,096E,17,83,45,0.0
1788187474.31,010B,34,0,45,0.0
1788187474.33,097C,113,162,45,0.0
1788187474.36,098E,0,0,45,0.0
1788187474.36,0110,1,85,45,0.0
1788187474.40,1101,0,0,45,0.0
1788187474.41,010B,34,0,45,0.0
1788187474.43,1103,16,0,45,0.0
1788187474.46,1104,0,0,45,0.0
1788187474.46,0142,55,116,45,0.0
1788187474.50,114A,104,64,45,0.0
1788187474.51,010B,34,0,45,0.0
1788187474.53,114D,99,64,45,0.0
1788187474.56,1153,63,247,45,0.0
1788187474.56,0110,1,81,45,0.0
1788187474.59,1154,29,128,45,0.0
1788187474.61,010B,34,0,45,0.0
1788187474.62,1169,29,125,45,0.0
1788187474.65,1173,3,142,45,0.0
1788187474.66,0110,1,85,45,0.0
1788187474.69,1177,22,108,45,0.0
1788187474.71,010B,34,0,45,0.0
1788187474.72,1410,0,255,45,0.0
1788187474.75,1631,1,0,45,0.0
1788187474.76,0110,1,74,45,0.0
1788187474.79,1678,0,0,45,0.0
1788187474.81,010B,34,0,45,0.0
1788187474.82,1681,0,0,45,0.0
1788187474.85,16CD,0,0,45,0.0
1788187474.87,0110,1,81,45,0.0
1788187474.89,16CE,0,0,45,0.0
1788187474.92,16CF,12,8,45,0.0
1788187474.95,16E8,43,212,45,0.0
1788187474.96,0110,1,78,45,0.0
1788187474.98,16E9,0,120,45,0.0
1788187475.01,16F0,3,131,45,0.0
1788187475.01,010B,34,0,45,0.0
1788187475.04,1704,0,0,45,0.0
1788187475.06,0110,1,81,45,0.0
1788187475.08,1706,128,0,45,0.0
1788187475.11,1709,0,0,45,0.0
1788187475.11,010B,34,0,45,0.0
1788187475.14,1717,1,0,45,0.0
1788187475.16,0110,1,78,45,0.0
1788187475.18,1718,1,0,45,0.0
1788187475.21,1746,0,0,45,0.0
1788187475.21,010B,34,0,45,0.0
1788187475.24,1782,208,192,45,0.0
1788187475.26,0110,1,81,45,0.0
1788187475.28,1783,110,192,45,0.0
1788187475.31,17A0,255,0,45,0.0
1788187475.31,010B,34,0,45,0.0
1788187475.34,17A6,0,0,45,0.0
1788187475.36,0110,1,78,45,0.0
1788187475.37,17B0,29,0,45,0.0
1788187475.41,17B1,32,0,45,0.0
1788187475.41,010B,34,0,45,0.0
1788187475.44,17B2,4,0,45,0.0
1788187475.46,0110,1,85,45,0.0
1788187475.47,17B3,83,0,45,0.0
1788187475.51,17B5,80,0,45,0.0
1788187475.51,010B,34,0,45,0.0
1788187475.54,17B6,0,0,45,0.0
1788187475.56,0110,1,81,45,0.0
1788187475.57,17B8,241,0,45,0.0
1788187475.60,17BA,0,0,45,0.0
1788187475.61,010B,34,0,45,0.0
1788187475.63,17BB,0,0,45,0.0
1788187475.66,0110,1,89,45,0.0
1788187475.70,17BD,151,0,45,0.0
1788187475.71,010B,34,0,45,0.0
1788187475.73,17BE,0,0,45,0.0
1788187475.76,17C1,234,0,45,0.0
1788187475.80,3201,23,112,45,0.0
1788187475.81,010B,34,0,45,0.0
1788187475.83,990A,46,0,45,0.0
1788187475.87,996E,12,188,45,0.0
1788187475.91,A211,0,0,45,0.0
1788187475.92,010B,34,0,45,0.0
1788187475.94,D100,129,0,45,0.0
1788187475.97,0110,1,81,45,0.0
1788187476.00,E21C,49,56,45,0.0
1788187476.01,010B,34,0,45,0.0
1788187476.03,E21D,56,56,45,0.0
1788187476.06,0110,1,74,45,0.0
1788187476.06,E21E,70,0,45,0.0
1788187476.11,E6F0,90,74,45,0.0
1788187476.11,010B,34,0,45,0.0
1788187476.14,E6F2,240,0,45,0.0
1788187476.16,0110,1,78,45,0.0
1788187476.17,E6F3,240,0,45,0.0
1788187476.20,0105,85,0,45,0.0
1788187476.21,010B,34,0,45,0.0
1788187476.23,010F,67,0,45,0.0
1788187476.26,0110,1,78,45,0.0
1788187476.26,0110,1,74,45,0.0
1788187476.29,010B,34,0,45,0.0
1788187476.31,010B,34,0,45,0.0
1788187476.33,0106,122,0,45,0.0
1788187476.36,0107,130,0,45,0.0
1788187476.36,0110,1,81,45,0.0
1788187476.39,010E,145,0,45,0.0
1788187476.41,010B,34,0,45,0.0
1788187476.43,0142,55,119,45,0.0
1788187476.46,0000,190,63,45,0.0
1788187476.46,0110,1,78,45,0.0
1788187476.50,0002,0,0,46,0.0
1788187476.51,010B,34,0,46,0.0
1788187476.53,0003,2,0,46,0.0
1788187476.56,0005,85,0,46,0.0
1788187476.56,0110,1,85,46,0.0
1788187476.60,0006,123,0,46,0.0
1788187476.61,010B,34,0,46,0.0
1788187476.63,0007,130,0,46,0.0
1788187476.66,000B,34,0,46,0.0
1788187476.66,0110,1,81,46,0.0
1788187476.70,000C,17,68,46,0.0
1788187476.71,010B,34,0,46,0.0
1788187476.73,000D,0,0,46,0.0
1788187476.76,000E,144,0,46,0.0
1788187476.76,0110,1,85,46,0.0
1788187476.79,000F,67,0,46,0.0
1788187476.81,010B,34,0,46,0.0
1788187476.82,0010,1,81,46,0.0
1788187476.85,0011,29,0,46,0.0
1788187476.86,0110,1,74,46,0.0
1788187476.89,0013,1,0,46,0.0
1788187476.91,010B,34,0,46,0.0
1788187476.92,001C,10,0,46,0.0
1788187476.95,001F,0,105,46,0.0
1788187476.96,0110,1,85,46,0.0
1788187476.98,0020,128,21,46,0.0
1788187477.01,010B,34,0,46,0.0
1788187477.02,0021,0,0,46,0.0
1788187477.05,002C,0,0,46,0.0
1788187477.06,0110,1,93,46,0.0
1788187477.09,002E,0,0,46,0.0
1788187477.12,0030,255,0,46,0.0
1788187477.15,003C,8,255,46,0.0
1788187477.16,0110,1,81,46,0.0
1788187477.18,0040,104,0,46,0.0
1788187477.21,0042,55,120,46,0.0
1788187477.25,0043,0,59,46,0.0
1788187477.26,0110,1,78,46,0.0
1788187477.28,0200,0,0,46,0.0
1788187477.31,0202,0,0,46,0.0
1788187477.31,010B,34,0,46,0.0
1788187477.34,0900,5,145,46,0.0
1788187477.36,0110,1,78,46,0.0
1788187477.38,0968,0,0,46,0.0
1788187477.41,096E,17,49,46,0.0
1788187477.45,097C,113,165,46,0.0
1788187477.46,0110,1,78,46,0.0
1788187477.48,098E,0,0,46,0.0
1788187477.51,1101,0,0,46,0.0
1788187477.51,010B,34,0,46,0.0
1788187477.54,1103,16,0,46,0.0
1788187477.56,0110,1,74,46,0.0
1788187477.57,1104,0,0,46,0.0
1788187477.60,114A,104,64,46,0.0
1788187477.61,010B,34,0,46,0.0
1788187477.64,114D,98,64,46,0.0
1788187477.66,0110,1,81,46,0.0
1788187477.67,1153,63,201,46,0.0
1788187477.70,1154,29,128,46,0.0
1788187477.71,010B,34,0,46,0.0
1788187477.73,1169,29,125,46,0.0
1788187477.76,0110,1,81,46,0.0
1788187477.76,1173,3,137,46,0.0
1788187477.80,1177,22,208,46,0.0
1788187477.81,010B,34,0,46,0.0
1788187477.83,1410,0,253,46,0.0
1788187477.86,1631,1,0,46,0.0
1788187477.86,0110,1,78,46,0.0
1788187477.90,1678,0,0,46,0.0
1788187477.91,010B,34,0,46,0.0
1788187477.93,1681,0,0,46,0.0
1788187477.96,16CD,0,0,46,0.0
1788187478.00,16CE,0,0,46,0.0
1788187478.01,010B,34,0,46,0.0
1788187478.03,16CF,12,12,46,0.0
1788187478.06,16E8,42,147,46,0.0
1788187478.06,0110,1,85,46,0.0
1788187478.09,16E9,0,120,46,0.0
1788187478.11,010B,34,0,46,0.0
1788187478.12,16F0,3,131,46,0.0
1788187478.16,1704,0,0,46,0.0
1788187478.16,0110,1,85,46,0.0
1788187478.19,1706,128,0,46,0.0
1788187478.21,010B,34,0,46,0.0
1788187478.22,1709,0,0,46,0.0
1788187478.25,1717,1,0,46,0.0
1788187478.26,0110,1,81,46,0.0
1788187478.28,1718,1,0,46,0.0
1788187478.31,010B,34,0,46,0.0
1788187478.32,1746,0,0,46,0.0
1788187478.35,1782,208,128,46,0.0
1788187478.36,0110,1,85,46,0.0
1788187478.39,1783,110,192,46,0.0
1788187478.42,17A0,255,0,46,0.0
1788187478.45,17A6,0,0,46,0.0
1788187478.46,0110,1,74,46,0.0
1788187478.47,17B3,83,0,46,0.0
1788187478.48,17B0,28,0,46,0.0
1788187478.51,17B1,32,0,46,0.0
1788187478.52,010B,34,0,46,0.0
1788187478.55,17B2,4,0,46,0.0
1788187478.56,0110,1,71,46,0.0
1788187478.58,17B3,83,0,46,0.0
1788187478.61,17B5,80,0,46,0.0
1788187478.61,010B,34,0,46,0.0
1788187478.64,17B6,0,0,46,0.0
1788187478.66,0110,1,78,46,0.0
1788187478.67,17B8,241,0,46,0.0
1788187478.71,17BA,0,0,46,0.0
1788187478.75,17BB,0,0,46,0.0
1788187478.76,0110,1,78,46,0.0
1788187478.78,17BC,0,0,46,0.0
1788187478.81,17BD,151,0,46,0.0
1788187478.81,010B,34,0,46,0.0
1788187478.84,17BE,0,0,46,0.0
1788187478.86,0110,1,78,46,0.0
1788187478.87,17C1,234,0,46,0.0
1788187478.91,3201,23,112,46,0.0
1788187478.91,010B,34,0,46,0.0
1788187478.94,990A,46,0,46,0.0
1788187478.96,0110,1,74,46,0.0
1788187478.97,996E,12,188,46,0.0
1788187479.00,A211,0,0,46,0.0
1788187479.01,010B,34,0,46,0.0
1788187479.03,D100,129,0,46,0.0
1788187479.06,E21B,90,74,46,0.0
1788187479.10,E21C,49,56,46,0.0
1788187479.11,010B,34,0,46,0.0
1788187479.13,E21D,56,56,46,0.0
1788187479.16,E21E,70,0,46,0.0
1788187479.16,0110,1,78,46,0.0
1788187479.19,E6F0,90,74,46,0.0
1788187479.21,010B,34,0,46,0.0
1788187479.23,E6F2,240,0,46,0.0
1788187479.26,E6F3,240,0,46,0.0
1788187479.29,0105,86,0,46,0.0
1788187479.31,010B,34,0,46,0.0
1788187479.32,010F,67,0,46,0.0
1788187479.36,0110,1,74,46,0.0
1788187479.36,0110,1,74,46,0.0
1788187479.39,010B,34,0,46,0.0
1788187479.41,010B,34,0,46,0.0
1788187479.42,0106,122,0,46,0.0
1788187479.45,0107,130,0,46,0.0
1788187479.46,0110,1,85,46,0.0
1788187479.48,010E,146,0,46,0.0
1788187479.51,010B,34,0,46,0.0
1788187479.52,0142,55,122,46,0.0
1788187479.55,0000,190,63,46,0.0
1788187479.56,0110,1,78,46,0.0
1788187479.58,0002,0,0,46,0.0
1788187479.62,0003,2,0,46,0.0
1788187479.65,0005,86,0,46,0.0
1788187479.66,0110,1,78,46,0.0
1788187479.68,0006,123,0,46,0.0
1788187479.71,0007,130,0,46,0.0
1788187479.71,010B,34,0,46,0.0
1788187479.74,000B,34,0,46,0.0
1788187479.76,0110,1,71,46,0.0
1788187479.78,000C,17,26,46,0.0
1788187479.82,000D,0,0,46,0.0
1788187479.85,000E,147,0,46,0.0
1788187479.86,0110,1,78,46,0.0
1788187479.88,000F,67,0,46,0.0
1788187479.91,0010,1,81,46,0.0
1788187479.91,010B,34,0,46,0.0
1788187479.94,0011,29,0,46,0.0
1788187479.96,0110,1,78,46,0.0
1788187479.97,0013,1,0,46,0.0
1788187480.01,001C,10,0,46,0.0
1788187480.01,010B,34,0,46,0.0
1788187480.04,001F,0,108,46,0.0
1788187480.06,0110,1,78,46,0.0
1788187480.07,0020,128,21,46,0.0
1788187480.10,0021,0,0,46,0.0
1788187480.11,010B,34,0,46,0.0
1788187480.14,002C,0,0,46,0.0
1788187480.16,0110,1,81,46,0.0
1788187480.17,002E,0,0,46,0.0
1788187480.21,0030,255,0,46,0.0
1788187480.21,010B,34,0,46,0.0
1788187480.24,003C,9,38,46,0.0
1788187480.26,0110,1,74,46,0.0
1788187480.27,0040,104,0,46,0.0
1788187480.30,0042,55,127,46,0.0
1788187480.31,010B,34,0,46,0.0
1788187480.33,0043,0,59,46,0.0
1788187480.37,0200,0,0,46,0.0
1788187480.40,0202,0,0,46,0.0
1788187480.41,010B,34,0,46,0.0
1788187480.43,0900,5,145,46,0.0
1788187480.46,0968,0,0,46,0.0
1788187480.46,0110,1,78,46,0.0
1788187480.47,17B3,83,0,46,0.0
1788187480.49,096E,17,16,46,0.0
1788187480.51,010B,34,0,46,0.0
1788187480.53,097C,113,168,46,0.0
1788187480.56,098E,0,0,46,0.0
1788187480.56,0110,1,74,46,0.0
1788187480.60,1101,0,0,46,0.0
1788187480.61,010B,34,0,46,0.0
1788187480.63,1103,16,0,46,0.0
1788187480.66,1104,0,0,46,0.0
1788187480.66,0110,1,74,46,0.0
1788187480.69,114A,104,64,46,0.0
1788187480.71,010B,34,0,46,0.0
1788187480.73,114D,97,64,46,0.0
1788187480.76,1153,63,78,46,0.0
1788187480.76,0110,1,81,46,0.0
1788187480.79,1154,29,128,46,0.0
1788187480.81,010B,34,0,46,0.0
1788187480.82,1169,29,125,46,0.0
1788187480.86,1173,3,67,46,0.0
1788187480.86,0110,1,81,46,0.0
1788187480.89,1177,22,128,46,0.0
1788187480.92,1410,0,255,46,0.0
1788187480.95,1631,1,0,46,0.0
1788187480.96,0110,1,71,46,0.0
1788187480.98,1678,0,0,46,0.0
1788187481.01,1681,0,0,46,0.0
1788187481.05,16CD,0,0,46,0.0
1788187481.06,0110,1,78,46,0.0
1788187481.08,16CE,0,0,46,0.0
1788187481.11,16CF,12,8,46,0.0
1788187481.11,010B,34,0,46,0.0
1788187481.14,16E8,45,152,46,0.0
1788187481.16,0110,1,60,46,0.0
1788187481.18,16E9,0,120,46,0.0
1788187481.21,16F0,3,131,46,0.0
1788187481.25,1704,0,0,46,0.0
1788187481.26,0110,1,81,46,0.0
1788187481.28,1706,128,0,46,0.0
1788187481.31,1709,0,0,46,0.0
1788187481.31,010B,34,0,46,0.0
1788187481.34,1717,1,0,46,0.0
1788187481.36,0110,1,81,46,0.0
1788187481.37,1718,1,0,46,0.0
1788187481.41,1746,0,0,46,0.0
1788187481.41,010B,34,0,46,0.0
1788187481.44,1782,208,128,46,0.0
1788187481.46,0110,1,71,46,0.0
1788187481.47,1783,110,192,46,0.0
1788187481.50,17A0,255,0,46,0.0
1788187481.51,010B,34,0,46,0.0
1788187481.53,17A6,0,0,46,0.0
1788187481.56,17B0,28,0,46,0.0
1788187481.56,0110,1,71,46,0.0
1788187481.60,17B1,32,0,46,0.0
1788187481.61,010B,34,0,46,0.0
1788187481.64,17B2,4,0,46,0.0
1788187481.67,17B3,83,0,46,0.0
1788187481.70,17B5,80,0,46,0.0
1788187481.71,010B,34,0,46,0.0
1788187481.73,17B6,0,0,46,0.0
1788187481.76,17B8,241,0,46,0.0
1788187481.80,17BA,0,0,46,0.0
1788187481.81,010B,34,0,46,0.0
1788187481.83,17BB,0,0,46,0.0
1788187481.86,17BC,0,0,46,0.0
1788187481.86,0110,1,81,46,0.0
1788187481.89,17BD,151,0,46,0.0
1788187481.91,010B,34,0,46,0.0
1788187481.93,17BE,0,0,46,0.0
1788187481.96,17C1,234,0,46,0.0
1788187482.00,3201,23,112,46,0.0
1788187482.01,010B,34,0,46,0.0
1788187482.03,990A,47,0,46,0.0
1788187482.06,996E,12,168,46,0.0
1788187482.06,0110,1,71,46,0.0
1788187482.09,A211,0,0,46,0.0
1788187482.11,010B,34,0,46,0.0
1788187482.12,D100,129,0,46,0.0
1788187482.16,E21B,90,74,46,0.0
1788187482.16,0110,1,74,46,0.0
1788187482.20,E21C,49,56,46,0.0
1788187482.21,010B,34,0,46,0.0
1788187482.23,E21D,56,56,46,0.0
1788187482.26,E21E,70,0,46,0.0
1788187482.26,0110,1,71,46,0.0
1788187482.29,E6F0,90,74,46,0.0
1788187482.31,010B,34,0,46,0.0
1788187482.32,E6F2,240,0,46,0.0
1788187482.35,E6F3,240,0,46,0.0
1788187482.36,0110,1,67,46,0.0
1788187482.38,0105,86,0,46,0.0
1788187482.41,010B,34,0,46,0.0
1788187482.45,0110,1,67,46,0.0
1788187482.46,0110,1,64,46,0.0
1788187482.47,17B3,83,0,46,0.0
1788187482.48,010B,34,0,46,0.0
1788187482.51,0106,122,0,46,0.0
1788187482.51,010B,34,0,46,0.0
1788187482.54,0107,130,0,46,0.0
1788187482.56,0110,1,64,46,0.0
1788187482.58,010E,145,0,46,0.0
1788187482.61,0142,55,129,46,0.0
1788187482.61,010B,34,0,46,0.0
1788187482.64,0000,190,63,46,0.0
1788187482.66,0110,1,74,46,0.0
1788187482.67,0002,0,0,46,0.0
1788187482.71,0003,2,0,46,0.0
1788187482.75,0005,86,0,46,0.0
1788187482.76,0110,1,67,46,0.0
1788187482.78,0006,123,0,46,0.0
1788187482.81,0007,130,0,46,0.0
1788187482.81,010B,34,0,46,0.0
1788187482.84,000B,34,0,46,0.0
1788187482.86,0110,1,78,46,0.0
1788187482.87,000C,16,244,46,0.0
1788187482.91,000D,0,0,46,0.0
1788187482.91,010B,34,0,46,0.0
1788187482.94,000E,148,0,46,0.0
1788187482.96,0110,1,78,46,0.0
1788187482.97,000F,67,0,46,0.0
1788187483.00,0010,1,78,46,0.0
1788187483.01,010B,34,0,46,0.0
1788187483.03,0011,29,0,46,0.0
1788187483.06,0110,1,78,46,0.0
1788187483.07,0013,1,0,46,0.0
1788187483.10,001C,10,0,46,0.0
1788187483.11,010B,34,0,46,0.0
1788187483.13,001F,0,112,46,0.0
1788187483.16,0020,128,21,46,0.0
1788187483.16,0110,1,81,46,0.0
1788187483.20,0021,0,0,47,0.0
1788187483.21,010B,34,0,47,0.0
1788187483.23,002C,0,0,47,0.0
1788187483.27,002E,0,0,47,0.0
1788187483.30,0030,255,0,47,0.0
1788187483.31,010B,34,0,47,0.0
1788187483.33,003C,9,76,47,0.0
1788187483.36,0040,104,0,47,0.0
1788187483.36,0110,1,67,47,0.0
1788187483.39,0042,55,138,47,0.0
1788187483.41,010B,34,0,47,0.0
1788187483.44,0043,0,58,47,0.0
1788187483.47,0200,0,0,47,0.0
1788187483.50,0202,0,0,47,0.0
1788187483.51,010B,34,0,47,0.0
1788187483.53,0900,5,145,47,0.0
1788187483.56,0968,0,0,47,0.0
1788187483.56,0110,1,74,47,0.0
1788187483.59,096E,16,238,47,0.0
1788187483.61,010B,34,0,47,0.0
1788187483.63,097C,113,170,47,0.0
1788187483.66,098E,0,0,47,0.0
1788187483.67,0110,1,74,47,0.0
1788187483.70,1101,0,0,47,0.0
1788187483.71,010B,34,0,47,0.0
1788187483.73,1103,16,0,47,0.0
1788187483.76,1104,0,0,47,0.0
1788187483.76,0110,1,74,47,0.0
1788187483.79,114A,104,64,47,0.0
1788187483.81,010B,34,0,47,0.0
1788187483.82,114D,96,128,47,0.0
1788187483.86,1153,62,251,47,0.0
1788187483.86,0110,1,78,47,0.0
1788187483.89,1154,29,128,47,0.0
1788187483.91,010B,34,0,47,0.0
1788187483.92,1169,29,125,47,0.0
1788187483.96,1173,2,133,47,0.0
1788187483.96,0110,1,78,47,0.0
1788187483.99,1177,22,48,47,0.0
1788187484.01,010B,34,0,47,0.0
1788187484.02,1410,1,0,47,0.0
1788187484.06,1631,1,0,47,0.0
1788187484.06,0110,1,78,47,0.0
1788187484.09,1678,0,0,47,0.0
1788187484.11,010B,34,0,47,0.0
1788187484.12,1681,0,0,47,0.0
1788187484.15,16CD,0,0,47,0.0
1788187484.16,0110,1,64,47,0.0
1788187484.18,16CE,0,0,47,0.0
1788187484.21,010B,34,0,47,0.0
1788187484.22,16CF,11,243,47,0.0
1788187484.25,16E8,42,208,47,0.0
1788187484.26,0110,1,64,47,0.0
1788187484.28,16E9,0,120,47,0.0
1788187484.31,16F0,3,131,47,0.0
1788187484.34,1704,0,0,47,0.0
1788187484.36,0110,1,78,47,0.0
1788187484.38,1706,128,0,47,0.0
1788187484.42,1709,0,0,47,0.0
1788187484.45,1717,1,0,47,0.0
1788187484.47,0110,1,67,47,0.0
1788187484.47,17B3,83,0,47,0.0
1788187484.48,1718,1,0,47,0.0
1788187484.51,1746,0,0,47,0.0
1788187484.51,010B,34,0,47,0.0
1788187484.54,1782,208,64,47,0.0
1788187484.56,0110,1,74,47,0.0
1788187484.58,1783,110,192,47,0.0
1788187484.61,17A0,255,0,47,0.0
1788187484.61,010B,34,0,47,0.0
1788187484.64,17A6,0,0,47,0.0
1788187484.67,0110,1,71,47,0.0
1788187484.67,17B0,29,0,47,0.0
1788187484.70,17B1,32,0,47,0.0
1788187484.71,010B,34,0,47,0.0
1788187484.74,17B2,4,0,47,0.0
1788187484.76,0110,1,64,47,0.0
1788187484.77,17B3,83,0,47,0.0
1788187484.80,17B5,80,0,47,0.0
1788187484.81,010B,34,0,47,0.0
1788187484.83,17B6,0,0,47,0.0
1788187484.86,0110,1,78,47,0.0
1788187484.87,17B8,241,0,47,0.0
1788187484.90,17BA,0,0,47,0.0
1788187484.91,010B,34,0,47,0.0
1788187484.94,17BB,0,0,47,0.0
1788187484.97,17BC,0,0,47,0.0
1788187485.00,17BD,151,0,47,0.0
1788187485.01,010B,34,0,47,0.0
1788187485.03,17BE,0,0,47,0.0
1788187485.06,17C1,234,0,47,0.0
1788187485.07,0110,1,74,47,0.0
1788187485.10,3201,23,112,47,0.0
1788187485.11,010B,34,0,47,0.0
1788187485.13,990A,47,0,47,0.0
1788187485.16,996E,12,168,47,0.0
1788187485.16,0110,1,74,47,0.0
1788187485.19,A211,0,0,47,0.0
1788187485.21,010B,34,0,47,0.0
1788187485.22,D100,129,0,47,0.0
1788187485.26,E21B,90,74,47,0.0
1788187485.26,0110,1,67,47,0.0
1788187485.29,E21C,49,56,47,0.0
1788187485.31,010B,34,0,47,0.0
1788187485.32,E21D,56,56,47,0.0
1788187485.35,E21E,70,0,47,0.0
1788187485.36,0110,1,74,47,0.0
1788187485.38,E6F0,90,74,47,0.0
1788187485.41,010B,34,0,47,0.0
1788187485.41,E6F2,240,0,47,0.0
1788187485.45,E6F3,240,0,47,0.0
1788187485.46,0110,1,81,47,0.0
1788187485.46,0142,55,114,47,0.0
1788187485.48,0105,87,0,47,0.0
1788187485.51,010F,67,0,47,0.0
1788187485.51,010B,34,0,47,0.0
1788187485.54,0110,1,71,47,0.0
1788187485.56,0110,1,67,47,0.0
1788187485.58,010B,34,0,47,0.0
1788187485.61,0106,120,0,47,0.0
1788187485.61,010B,34,0,47,0.0
1788187485.64,0107,130,0,47,0.0
1788187485.66,0110,1,74,47,0.0
1788187485.67,010E,146,0,47,0.0
1788187485.71,0142,55,116,47,0.0
1788187485.71,010B,34,0,47,0.0
1788187485.74,0000,190,63,47,0.0
1788187485.76,0110,1,74,47,0.0
1788187485.77,0002,0,0,47,0.0
1788187485.81,0003,2,0,47,0.0
1788187485.81,010B,34,0,47,0.0
1788187485.85,0005,87,0,47,0.0
1788187485.87,0110,1,71,47,0.0
1788187485.88,0006,122,0,47,0.0
1788187485.91,0007,130,0,47,0.0
1788187485.91,010B,34,0,47,0.0
1788187485.94,000B,34,0,47,0.0
1788187485.96,0110,1,81,47,0.0
1788187485.97,000C,16,219,47,0.0
1788187486.01,000D,0,0,47,0.0
1788187486.01,010B,34,0,47,0.0
1788187486.04,000E,146,0,47,0.0
1788187486.06,0110,1,67,47,0.0
1788187486.07,000F,67,0,47,0.0
1788187486.10,0010,1,71,47,0.0
1788187486.11,010B,34,0,47,0.0
1788187486.13,0011,29,0,47,0.0
1788187486.16,0110,1,81,47,0.0
1788187486.17,0013,1,0,47,0.0
1788187486.20,001C,10,0,47,0.0
1788187486.21,010B,34,0,47,0.0
1788187486.23,001F,0,113,47,0.0
1788187486.27,0020,128,21,47,0.0
1788187486.30,0021,0,0,47,0.0
1788187486.31,010B,34,0,47,0.0
1788187486.33,002C,0,0,47,0.0
1788187486.37,002E,0,0,47,0.0
1788187486.40,0030,255,0,47,0.0
1788187486.41,010B,34,0,47,0.0
1788187486.43,003C,9,109,47,0.0
1788187486.46,0040,104,0,47,0.0
1788187486.46,0110,1,78,47,0.0
1788187486.46,0142,55,117,47,0.0
1788187486.49,0042,55,123,47,0.0
1788187486.51,010B,34,0,47,0.0
1788187486.53,0043,0,58,47,0.0
1788187486.56,0200,0,0,47,0.0
1788187486.56,0110,1,71,47,0.0
1788187486.59,0202,0,0,47,0.0
1788187486.62,010B,34,0,47,0.0
1788187486.62,0900,5,140,47,0.0
1788187486.66,0968,0,0,47,0.0
1788187486.66,0110,1,71,47,0.0
1788187486.69,096E,16,213,47,0.0
1788187486.71,010B,34,0,47,0.0
1788187486.73,097C,113,173,47,0.0
1788187486.76,098E,0,0,47,0.0
1788187486.76,0110,1,67,47,0.0
1788187486.79,1101,0,0,47,0.0
1788187486.81,010B,34,0,47,0.0
1788187486.82,1103,16,0,47,0.0
1788187486.85,1104,0,0,47,0.0
1788187486.86,0110,1,67,47,0.0
1788187486.89,114A,104,64,47,0.0
1788187486.92,114D,95,128,47,0.0
1788187486.95,1153,62,189,47,0.0
1788187486.96,0110,1,67,47,0.0
1788187486.98,1154,29,128,47,0.0
1788187487.01,1169,29,125,47,0.0
1788187487.05,1173,0,145,47,0.0
1788187487.07,0110,1,71,47,0.0
1788187487.08,1177,22,88,47,0.0
1788187487.11,1410,0,254,47,0.0
1788187487.11,010B,34,0,47,0.0
1788187487.14,1631,1,0,47,0.0
1788187487.16,0110,1,71,47,0.0
1788187487.17,1678,0,0,47,0.0
1788187487.21,1681,0,0,47,0.0
1788187487.21,010B,34,0,47,0.0
1788187487.25,16CD,0,0,47,0.0
1788187487.26,0110,1,64,47,0.0
1788187487.28,16CE,0,0,47,0.0
1788187487.31,16CF,11,249,47,0.0
1788187487.31,010B,34,0,47,0.0
1788187487.34,16E8,44,39,47,0.0
1788187487.36,0110,1,67,47,0.0
1788187487.37,16E9,0,120,47,0.0
1788187487.41,16F0,3,131,47,0.0
1788187487.41,010B,34,0,47,0.0
1788187487.44,1704,0,0,47,0.0
1788187487.46,0110,1,74,47,0.0
1788187487.47,1706,128,0,47,0.0
1788187487.50,1709,0,0,47,0.0
1788187487.51,010B,34,0,47,0.0
1788187487.53,1717,1,0,47,0.0
1788187487.56,0110,1,71,47,0.0
1788187487.60,1746,0,0,47,0.0
1788187487.62,010B,34,0,47,0.0
1788187487.63,1782,208,64,47,0.0
1788187487.66,1783,110,192,47,0.0
1788187487.66,0110,1,71,47,0.0
1788187487.70,17A0,255,0,47,0.0
1788187487.71,010B,34,0,47,0.0
1788187487.73,17A6,0,0,47,0.0
1788187487.76,17B0,28,0,47,0.0
1788187487.80,17B1,32,0,47,0.0
1788187487.81,010B,34,0,47,0.0
1788187487.83,17B2,4,0,47,0.0
1788187487.86,17B3,83,0,47,0.0
1788187487.86,0110,1,67,47,0.0
1788187487.89,17B5,80,0,47,0.0
1788187487.91,010B,34,0,47,0.0
1788187487.92,17B6,0,0,47,0.0
1788187487.96,17B8,241,0,47,0.0
1788187487.96,0110,1,74,47,0.0
1788187487.99,17BA,0,0,47,0.0
1788187488.01,010B,34,0,47,0.0
1788187488.02,17BB,0,0,47,0.0
1788187488.06,17BC,0,0,47,0.0
1788187488.06,0110,1,64,47,0.0
1788187488.09,17BD,151,0,47,0.0
1788187488.11,010B,34,0,47,0.0
1788187488.12,17BE,0,0,47,0.0
1788187488.16,17C1,234,0,47,0.0
1788187488.16,0110,1,60,47,0.0
1788187488.19,3201,23,112,47,0.0
1788187488.21,010B,34,0,47,0.0
1788187488.22,990A,47,0,47,0.0
1788187488.25,996E,12,168,47,0.0
1788187488.26,0110,1,71,47,0.0
1788187488.28,A211,0,0,47,0.0
1788187488.31,010B,34,0,47,0.0
1788187488.32,D100,129,0,47,0.0
1788187488.35,E21B,90,74,47,0.0
1788187488.36,0110,1,67,47,0.0
1788187488.38,E21C,49,56,47,0.0
1788187488.41,E21D,56,56,47,0.0
1788187488.44,E21E,70,0,47,0.0
1788187488.46,0110,1,64,47,0.0
1788187488.47,17B3,83,0,47,0.0
1788187488.48,E6F0,90,74,47,0.0
1788187488.52,E6F2,240,0,47,0.0
1788187488.55,E6F3,240,0,47,0.0
1788187488.56,0110,1,64,47,0.0
1788187488.57,0105,87,0,47,0.0
1788187488.61,010F,67,0,47,0.0
1788187488.61,010B,34,0,47,0.0
1788187488.64,0110,1,67,47,0.0
1788187488.66,0110,1,67,47,0.0
1788187488.67,010B,34,0,47,0.0
1788187488.71,0106,121,0,47,0.0
1788187488.71,010B,34,0,47,0.0
1788187488.74,0107,130,0,47,0.0
1788187488.76,0110,1,74,47,0.0
1788187488.77,010E,145,0,47,0.0
1788187488.80,0142,55,132,47,0.0
1788187488.81,010B,34,0,47,0.0
1788187488.84,0000,190,63,47,0.0
1788187488.86,0110,1,67,47,0.0
1788187488.88,0002,0,0,47,0.0
1788187488.91,0003,2,0,47,0.0
1788187488.91,010B,34,0,47,0.0
1788187488.94,0005,87,0,47,0.0
1788187488.96,0110,1,74,47,0.0
1788187488.97,0006,123,0,47,0.0
1788187489.00,0007,130,0,47,0.0
1788187489.01,010B,34,0,47,0.0
1788187489.04,000B,34,0,47,0.0
1788187489.07,000C,16,206,47,0.0
1788187489.10,000D,0,0,47,0.0
1788187489.11,010B,34,0,47,0.0
1788187489.13,000E,143,0,47,0.0
1788187489.16,000F,67,0,47,0.0
1788187489.20,0010,1,64,47,0.0
1788187489.21,010B,34,0,47,0.0
1788187489.23,0011,29,0,47,0.0
1788187489.26,0013,1,0,47,0.0
1788187489.26,0110,1,60,47,0.0
1788187489.30,001C,10,0,47,0.0
1788187489.31,010B,34,0,47,0.0
1788187489.33,001F,0,116,47,0.0
1788187489.36,0020,128,21,47,0.0
1788187489.40,0021,0,0,47,0.0
1788187489.41,010B,34,0,47,0.0
1788187489.43,002C,0,0,47,0.0
1788187489.46,002E,0,0,47,0.0
1788187489.46,0110,1,60,47,0.0
1788187489.49,0030,255,0,47,0.0
1788187489.51,010B,34,0,47,0.0
1788187489.52,003C,9,146,47,0.0
1788187489.56,0040,104,0,47,0.0
1788187489.56,0110,1,74,47,0.0
1788187489.59,0042,55,133,47,0.0
1788187489.61,010B,34,0,47,0.0
1788187489.62,0043,0,58,47,0.0
1788187489.65,0200,0,0,47,0.0
1788187489.66,0110,1,74,47,0.0
1788187489.69,0202,0,0,47,0.0
1788187489.72,010B,34,0,47,0.0
1788187489.72,0900,5,140,47,0.0
1788187489.76,0968,0,0,47,0.0
1788187489.76,0110,1,67,47,0.0
1788187489.79,096E,16,179,47,0.0
1788187489.82,097C,113,176,47,0.0
1788187489.85,098E,0,0,47,0.0
1788187489.86,0110,1,71,47,0.0
1788187489.88,1101,0,0,47,0.0
1788187489.92,1103,16,0,47,0.0
1788187489.95,1104,0,0,47,0.0
1788187489.96,0110,1,64,47,0.0
1788187489.98,114A,104,64,47,0.0
1788187490.01,114D,94,192,47,0.0
1788187490.01,010B,34,0,47,0.0
1788187490.05,1153,62,44,47,0.0
1788187490.06,0110,1,67,47,0.0
1788187490.08,1154,29,128,47,0.0
1788187490.11,1169,29,125,47,0.0
1788187490.11,010B,34,0,47,0.0
1788187490.14,1173,2,238,47,0.0
1788187490.16,0110,1,64,47,0.0
1788187490.18,1177,22,8,47,0.0
1788187490.21,1410,0,248,47,0.0
1788187490.21,010B,34,0,47,0.0
1788187490.24,1631,1,0,47,0.0
1788187490.26,0110,1,67,47,0.0
1788187490.28,1678,0,0,47,0.0
1788187490.31,1681,0,0,47,0.0
1788187490.31,010B,34,0,47,0.0
1788187490.34,16CD,0,0,47,0.0
1788187490.36,0110,1,78,47,0.0
1788187490.37,16CE,0,0,47,0.0
1788187490.41,16CF,12,11,47,0.0
1788187490.41,010B,34,0,47,0.0
1788187490.43,16E8,44,216,47,0.0
1788187490.46,0110,1,74,47,0.0
1788187490.46,16E9,0,120,47,0.0
1788187490.50,16F0,3,131,47,0.0
1788187490.51,010B,34,0,47,0.0
1788187490.53,1704,0,0,47,0.0
1788187490.56,1706,128,0,47,0.0
1788187490.60,1709,0,0,47,0.0
1788187490.61,010B,34,0,47,0.0
1788187490.63,1717,1,0,47,0.0
1788187490.66,1718,1,0,47,0.0
1788187490.67,0110,1,67,47,0.0
1788187490.70,1746,0,0,47,0.0
1788187490.71,010B,34,0,47,0.0
1788187490.73,1782,208,0,47,0.0
1788187490.76,1783,110,192,47,0.0
1788187490.76,0110,1,67,47,0.0
1788187490.79,17A0,255,0,47,0.0
1788187490.81,010B,34,0,47,0.0
1788187490.83,17A6,0,0,47,0.0
1788187490.86,17B0,28,0,47,0.0
1788187490.86,0110,1,67,47,0.0
1788187490.89,17B1,32,0,47,0.0
1788187490.91,010B,34,0,47,0.0
1788187490.93,17B2,4,0,47,0.0
1788187490.96,17B3,83,0,47,0.0
1788187490.96,0110,1,71,47,0.0
1788187490.99,17B5,80,0,47,0.0
1788187491.01,010B,34,0,47,0.0
1788187491.03,17B6,0,0,47,0.0
1788187491.06,17B8,241,0,47,0.0
1788187491.06,0110,1,67,47,0.0
1788187491.09,17BA,0,0,47,0.0
1788187491.11,010B,34,0,47,0.0
1788187491.12,17BB,0,0,47,0.0
1788187491.16,17BC,0,0,47,0.0
1788187491.16,0110,1,74,47,0.0
1788187491.19,17BD,151,0,47,0.0
1788187491.21,010B,34,0,48,0.0
1788187491.22,17BE,0,0,48,0.0
1788187491.26,17C1,234,0,48,0.0
1788187491.26,0110,1,78,48,0.0
1788187491.29,3201,23,112,48,0.0
1788187491.31,010B,34,0,48,0.0
1788187491.32,990A,47,0,48,0.0
1788187491.35,996E,12,168,48,0.0
1788187491.36,0110,1,60,48,0.0
1788187491.39,A211,0,0,48,0.0
1788187491.42,D100,129,0,48,0.0
1788187491.45,E21B,90,74,48,0.0
1788187491.46,0110,1,64,48,0.0
1788187491.49,E21C,49,56,48,0.0
1788187491.52,E21D,56,56,48,0.0
1788187491.54,E21E,70,0,48,0.0
1788187491.56,0110,1,60,48,0.0
1788187491.58,E6F0,90,74,48,0.0
1788187491.62,E6F2,240,0,48,0.0
1788187491.65,E6F3,240,0,48,0.0
1788187491.66,0110,1,67,48,0.0
1788187491.67,0105,88,0,48,0.0
1788187491.71,010F,67,0,48,0.0
1788187491.71,010B,34,0,48,0.0
1788187491.74,0110,1,57,48,0.0
1788187491.76,0110,1,60,48,0.0
1788187491.77,010B,34,0,48,0.0
1788187491.80,0106,123,0,48,0.0
1788187491.81,010B,34,0,48,0.0
1788187491.84,0107,130,0,48,0.0
1788187491.86,0110,1,67,48,0.0
1788187491.87,010E,146,0,48,0.0
1788187491.90,0142,55,137,48,0.0
1788187491.91,010B,34,0,48,0.0
1788187491.94,0000,190,63,48,0.0
1788187491.96,0110,1,57,48,0.0
1788187491.97,0002,0,0,48,0.0
1788187492.00,0003,2,0,48,0.0
1788187492.01,010B,34,0,48,0.0
1788187492.04,0005,88,0,48,0.0
1788187492.06,0110,1,64,48,0.0
1788187492.07,0006,123,0,48,0.0
1788187492.10,0007,130,0,48,0.0
1788187492.11,010B,34,0,48,0.0
1788187492.13,000B,34,0,48,0.0
1788187492.17,000C,16,186,48,0.0
1788187492.20,000D,0,0,48,0.0
1788187492.21,010B,34,0,48,0.0
1788187492.23,000E,142,0,48,0.0
1788187492.26,000F,67,0,48,0.0
1788187492.30,0010,1,74,48,0.0
1788187492.31,010B,34,0,48,0.0
1788187492.33,0011,29,0,48,0.0
1788187492.36,0013,1,0,48,0.0
1788187492.40,001C,10,0,48,0.0
1788187492.41,010B,34,0,48,0.0
1788187492.43,001F,0,120,48,0.0
1788187492.46,0020,128,21,48,0.0
1788187492.46,0110,1,64,48,0.0
1788187492.47,17B3,83,0,48,0.0
1788187492.49,0021,0,0,48,0.0
1788187492.51,010B,34,0,48,0.0
1788187492.53,002C,0,0,48,0.0
1788187492.56,002E,0,0,48,0.0
1788187492.56,0110,1,64,48,0.0
1788187492.59,0030,255,0,48,0.0
1788187492.61,010B,34,0,48,0.0
1788187492.62,003C,9,183,48,0.0
1788187492.65,0040,104,0,48,0.0
1788187492.66,0110,1,67,48,0.0
1788187492.68,0042,55,136,48,0.0
1788187492.71,0043,0,58,48,0.0
1788187492.76,0200,0,0,48,0.0
1788187492.76,0110,1,71,48,0.0
1788187492.78,0202,0,0,48,0.0
1788187492.81,0900,5,140,48,0.0
1788187492.85,0968,0,0,48,0.0
1788187492.86,0110,1,67,48,0.0
1788187492.88,096E,16,154,48,0.0
1788187492.91,097C,113,177,48,0.0
1788187492.91,010B,34,0,48,0.0
1788187492.94,098E,0,0,48,0.0
1788187492.96,0110,1,67,48,0.0
1788187492.98,1101,0,0,48,0.0
1788187493.01,1103,16,0,48,0.0
1788187493.01,010B,34,0,48,0.0
1788187493.04,1104,0,0,48,0.0
1788187493.06,0110,1,60,48,0.0
1788187493.08,114A,104,64,48,0.0
1788187493.11,114D,93,192,48,0.0
1788187493.11,010B,34,0,48,0.0
1788187493.14,1153,61,225,48,0.0
1788187493.16,0110,1,71,48,0.0
1788187493.17,1154,29,128,48,0.0
1788187493.21,1169,29,125,48,0.0
1788187493.21,010B,34,0,48,0.0
1788187493.24,1173,3,117,48,0.0
1788187493.26,0110,1,71,48,0.0
1788187493.27,1177,22,68,48,0.0
1788187493.30,1410,0,252,48,0.0
1788187493.31,010B,34,0,48,0.0
1788187493.34,1631,1,0,48,0.0
1788187493.36,0110,1,64,48,0.0
1788187493.37,1678,0,0,48,0.0
1788187493.40,1681,0,0,48,0.0
1788187493.41,010B,34,0,48,0.0
1788187493.43,16CD,0,0,48,0.0
1788187493.47,16CE,0,0,48,0.0
1788187493.50,16CF,12,7,48,0.0
1788187493.51,010B,34,0,48,0.0
1788187493.53,16E8,45,176,48,0.0
1788187493.56,16E9,0,120,48,0.0
1788187493.60,16F0,3,131,48,0.0
1788187493.61,010B,34,0,48,0.0
1788187493.63,1704,0,0,48,0.0
1788187493.66,1706,128,0,48,0.0
1788187493.66,0110,1,64,48,0.0
1788187493.70,1709,0,0,48,0.0
1788187493.71,010B,34,0,48,0.0
1788187493.73,1717,1,0,48,0.0
1788187493.76,1718,1,0,48,0.0
1788187493.76,0110,1,53,48,0.0
1788187493.80,1746,0,0,48,0.0
1788187493.81,010B,34,0,48,0.0
1788187493.83,1782,208,0,48,0.0
1788187493.86,1783,110,192,48,0.0
1788187493.86,0110,1,67,48,0.0
1788187493.89,17A0,255,0,48,0.0
1788187493.91,010B,34,0,48,0.0
1788187493.93,17A6,0,0,48,0.0
1788187493.96,17B0,27,0,48,0.0
1788187493.96,0110,1,64,48,0.0
1788187493.99,17B1,32,0,48,0.0
1788187494.01,010B,34,0,48,0.0
1788187494.02,17B2,4,0,48,0.0
1788187494.05,17B3,83,0,48,0.0
1788187494.06,0110,1,67,48,0.0
1788187494.09,17B5,80,0,48,0.0
1788187494.11,010B,34,0,48,0.0
1788187494.12,17B6,0,0,48,0.0
1788187494.15,17B8,241,0,48,0.0
1788187494.16,0110,1,74,48,0.0
1788187494.18,17BA,0,0,48,0.0
1788187494.21,010B,34,0,48,0.0
1788187494.22,17BB,0,0,48,0.0
1788187494.25,17BC,0,0,48,0.0
1788187494.26,0110,1,64,48,0.0
1788187494.28,17BD,150,0,48,0.0
1788187494.31,17BE,0,0,48,0.0
1788187494.35,17C1,234,0,48,0.0
1788187494.36,0110,1,60,48,0.0
1788187494.38,3201,23,112,48,0.0
1788187494.41,990A,47,0,48,0.0
1788187494.41,010B,34,0,48,0.0
1788187494.45,996E,12,148,48,0.0
1788187494.46,0110,1,60,48,0.0
1788187494.47,17B3,83,0,48,0.0
1788187494.48,A211,0,0,48,0.0
1788187494.51,D100,129,0,48,0.0
1788187494.51,010B,34,0,48,0.0
1788187494.54,E21B,90,74,48,0.0
1788187494.56,0110,1,57,48,0.0
1788187494.58,E21C,49,56,48,0.0
1788187494.61,E21D,56,56,48,0.0
1788187494.61,010B,34,0,48,0.0
1788187494.64,E21E,70,0,48,0.0
1788187494.66,0110,1,71,48,0.0
1788187494.67,E6F0,90,74,48,0.0
1788187494.71,E6F2,240,0,48,0.0
1788187494.71,010B,34,0,48,0.0
1788187494.74,E6F3,240,0,48,0.0
1788187494.76,0110,1,60,48,0.0
1788187494.77,0105,88,0,48,0.0
1788187494.80,010F,67,0,48,0.0
1788187494.82,010B,34,0,48,0.0
1788187494.83,0110,1,67,48,0.0
1788187494.86,0110,1,64,48,0.0
1788187494.86,010B,34,0,48,0.0
1788187494.90,0106,120,0,48,0.0
1788187494.91,010B,34,0,48,0.0
1788187494.93,0107,130,0,48,0.0
1788187494.96,010E,144,0,48,0.0
1788187494.96,0110,1,67,48,0.0
1788187495.00,0142,55,140,48,0.0
1788187495.01,010B,34,0,48,0.0
1788187495.03,0000,190,63,48,0.0
1788187495.07,0002,0,0,48,0.0
1788187495.10,0003,2,0,48,0.0
1788187495.11,010B,34,0,48,0.0
1788187495.13,0005,88,0,48,0.0
1788187495.16,0006,122,0,48,0.0
1788187495.16,0110,1,67,48,0.0
1788187495.20,0007,130,0,48,0.0
1788187495.21,010B,34,0,48,0.0
1788187495.23,000B,34,0,48,0.0
1788187495.27,000C,16,134,48,0.0
1788187495.30,000D,0,0,48,0.0
1788187495.31,010B,34,0,48,0.0
1788187495.33,000E,146,0,48,0.0
1788187495.36,000F,67,0,48,0.0
1788187495.40,0010,1,67,48,0.0
1788187495.41,010B,34,0,48,0.0
1788187495.43,0011,29,0,48,0.0
1788187495.46,0013,1,0,48,0.0
1788187495.47,0110,1,57,48,0.0
1788187495.49,001C,10,0,48,0.0
1788187495.51,010B,34,0,48,0.0
1788187495.53,001F,0,123,48,0.0
1788187495.56,0020,128,21,48,0.0
1788187495.56,0110,1,57,48,0.0
1788187495.59,0021,0,0,48,0.0
1788187495.61,010B,34,0,48,0.0
1788187495.62,002C,0,0,48,0.0
1788187495.66,002E,0,0,48,0.0
1788187495.66,0110,1,67,48,0.0
1788187495.69,0030,255,0,48,0.0
1788187495.71,010B,34,0,48,0.0
1788187495.72,003C,9,215,48,0.0
1788187495.75,0040,104,0,48,0.0
1788187495.76,0110,1,71,48,0.0
1788187495.79,0042,55,130,48,0.0
1788187495.81,010B,34,0,48,0.0
1788187495.82,0043,0,58,48,0.0
1788187495.85,0200,0,0,48,0.0
1788187495.86,0110,1,64,48,0.0
1788187495.88,0202,0,0,48,0.0
1788187495.92,0900,5,140,48,0.0
1788187495.95,0968,0,0,48,0.0
1788187495.96,0110,1,60,48,0.0
1788187495.98,096E,16,121,48,0.0
1788187496.01,097C,113,179,48,0.0
1788187496.05,098E,0,0,48,0.0
1788187496.06,0110,1,67,48,0.0
1788187496.08,1101,0,0,48,0.0
1788187496.11,1103,16,0,48,0.0
1788187496.11,010B,34,0,48,0.0
1788187496.14,1104,0,0,48,0.0
1788187496.16,0110,1,60,48,0.0
1788187496.18,114A,104,0,48,0.0
1788187496.21,114D,93,0,48,0.0
1788187496.21,010B,34,0,48,0.0
1788187496.24,1153,61,103,48,0.0
1788187496.26,0110,1,57,48,0.0
1788187496.27,1154,29,128,48,0.0
1788187496.31,1169,29,125,48,0.0
1788187496.31,010B,34,0,48,0.0
1788187496.34,1173,3,72,48,0.0
1788187496.36,0110,1,64,48,0.0
1788187496.37,1177,22,48,48,0.0
1788187496.41,1410,0,248,48,0.0
1788187496.41,010B,34,0,48,0.0
1788187496.44,1631,1,0,48,0.0
1788187496.46,0110,1,64,48,0.0
1788187496.47,17B3,83,0,48,0.0
1788187496.50,1681,0,0,48,0.0
1788187496.51,010B,34,0,48,0.0
1788187496.53,16CD,0,0,48,0.0
1788187496.57,16CE,0,0,48,0.0
1788187496.60,16CF,12,11,48,0.0
1788187496.61,010B,34,0,48,0.0
1788187496.63,16E8,43,164,48,0.0
1788187496.66,16E9,0,120,48,0.0
1788187496.70,16F0,3,131,48,0.0
1788187496.71,010B,34,0,48,0.0
1788187496.73,1704,0,0,48,0.0
1788187496.76,1706,128,0,48,0.0
1788187496.76,0110,1,67,48,0.0
1788187496.79,1709,0,0,48,0.0
1788187496.81,010B,34,0,48,0.0
1788187496.83,1717,1,0,48,0.0
1788187496.87,1718,1,0,48,0.0
1788187496.90,1746,0,0,48,0.0
1788187496.91,010B,34,0,48,0.0
1788187496.93,1782,207,192,48,0.0
1788187496.96,1783,110,192,48,0.0
1788187497.00,17A0,255,0,48,0.0
1788187497.01,010B,34,0,48,0.0
1788187497.03,17A6,0,0,48,0.0
1788187497.06,17B0,28,0,48,0.0
1788187497.06,0110,1,71,48,0.0
1788187497.09,17B1,32,0,48,0.0
1788187497.11,010B,34,0,48,0.0
1788187497.13,17B2,4,0,48,0.0
1788187497.16,17B3,83,0,48,0.0
1788187497.16,0110,1,64,48,0.0
1788187497.19,17B5,80,0,48,0.0
1788187497.21,010B,34,0,48,0.0
1788187497.22,17B6,0,0,48,0.0
1788187497.26,17B8,241,0,48,0.0
1788187497.26,0110,1,57,48,0.0
1788187497.30,17BA,0,0,48,0.0
1788187497.31,010B,34,0,48,0.0
1788187497.33,17BB,0,0,48,0.0
1788187497.35,17BC,0,0,48,0.0
1788187497.36,0110,1,57,48,0.0
1788187497.38,17BD,150,0,48,0.0
1788187497.41,010B,34,0,48,0.0
1788187497.42,17BE,0,0,48,0.0
1788187497.45,17C1,234,0,48,0.0
1788187497.46,0110,1,64,48,0.0
1788187497.46,0142,55,136,48,0.0
1788187497.48,3201,23,112,48,0.0
1788187497.52,990A,47,0,48,0.0
1788187497.55,996E,12,148,48,0.0
1788187497.56,0110,1,60,48,0.0
1788187497.58,A211,0,0,48,0.0
1788187497.61,D100,129,0,48,0.0
1788187497.61,010B,34,0,48,0.0
1788187497.64,E21B,90,74,48,0.0
1788187497.66,0110,1,53,48,0.0
1788187497.68,E21C,49,56,48,0.0
1788187497.71,E21D,56,56,48,0.0
1788187497.71,010B,34,0,48,0.0
1788187497.74,E21E,70,0,48,0.0
1788187497.76,0110,1,64,48,0.0
1788187497.77,E6F0,90,74,48,0.0
1788187497.81,E6F2,240,0,48,0.0
1788187497.81,010B,34,0,48,0.0
1788187497.84,E6F3,240,0,48,0.0
1788187497.86,0110,1,64,48,0.0
1788187497.87,0105,88,0,48,0.0
1788187497.90,010F,67,0,48,0.0
1788187497.91,010B,34,0,48,0.0
1788187497.93,0110,1,67,48,0.0
1788187497.96,0110,1,57,48,0.0
1788187497.97,010B,34,0,48,0.0
1788187498.00,0106,123,0,48,0.0
1788187498.01,010B,34,0,48,0.0
1788187498.03,0107,130,0,48,0.0
1788187498.06,0110,1,67,48,0.0
1788187498.06,010E,144,0,48,0.0
1788187498.10,0142,55,123,48,0.0
1788187498.11,010B,34,0,48,0.0
1788187498.14,0000,190,63,48,0.0
1788187498.17,0002,0,0,48,0.0
1788187498.20,0003,2,0,48,0.0
1788187498.21,010B,34,0,48,0.0
1788187498.24,0005,88,0,48,0.0
1788187498.27,0006,124,0,48,0.0
1788187498.30,0007,130,0,48,0.0
1788187498.31,010B,34,0,48,0.0
1788187498.33,000B,34,0,48,0.0
1788187498.36,000C,16,120,48,0.0
1788187498.40,000D,0,0,48,0.0
1788187498.41,010B,34,0,48,0.0
1788187498.43,000E,145,0,48,0.0
1788187498.46,000F,67,0,48,0.0
1788187498.46,0110,1,53,48,0.0
1788187498.47,17B3,84,0,48,0.0
1788187498.49,0010,1,53,48,0.0
1788187498.51,010B,34,0,48,0.0
1788187498.53,0011,29,0,48,0.0
1788187498.56,0013,1,0,48,0.0
1788187498.57,0110,1,57,48,0.0
1788187498.60,001C,10,0,48,0.0
1788187498.61,010B,34,0,48,0.0
1788187498.63,001F,0,126,48,0.0
1788187498.66,0020,128,21,48,0.0
1788187498.70,0021,0,0,48,0.0
1788187498.71,010B,34,0,48,0.0
1788187498.73,002C,0,0,48,0.0
1788187498.76,002E,0,0,49,0.0
1788187498.76,0110,1,57,49,0.0
1788187498.79,0030,255,0,49,0.0
1788187498.81,010B,34,0,49,0.0
1788187498.82,003C,9,251,49,0.0
1788187498.86,0040,104,0,49,0.0
1788187498.86,0110,1,57,49,0.0
1788187498.89,0042,55,121,49,0.0
1788187498.91,010B,34,0,49,0.0
1788187498.92,0043,0,58,49,0.0
1788187498.96,0200,0,0,49,0.0
1788187498.96,0110,1,71,49,0.0
1788187498.99,0202,0,0,49,0.0
1788187499.02,0900,5,140,49,0.0
1788187499.05,0968,0,0,49,0.0
1788187499.06,0110,1,60,49,0.0
1788187499.08,096E,16,96,49,0.0
1788187499.12,097C,113,177,49,0.0
1788187499.15,098E,0,0,49,0.0
1788187499.16,0110,1,57,49,0.0
1788187499.18,1101,0,0,49,0.0
1788187499.21,1103,16,0,49,0.0
1788187499.21,010B,34,0,49,0.0
1788187499.24,1104,0,0,49,0.0
1788187499.26,0110,1,57,49,0.0
1788187499.28,114A,104,0,49,0.0
1788187499.31,114D,92,64,49,0.0
1788187499.31,010B,34,0,49,0.0
1788187499.34,1153,61,49,49,0.0
1788187499.36,0110,1,53,49,0.0
1788187499.37,1154,29,128,49,0.0
1788187499.41,1169,29,125,49,0.0
1788187499.41,010B,34,0,49,0.0
1788187499.44,1173,3,57,49,0.0
1788187499.46,0110,1,60,49,0.0
1788187499.47,1177,22,28,49,0.0
1788187499.50,1410,0,248,49,0.0
1788187499.51,010B,34,0,49,0.0
1788187499.54,1631,1,0,49,0.0
1788187499.57,1678,0,0,49,0.0
1788187499.60,1681,0,0,49,0.0
1788187499.61,010B,34,0,49,0.0
1788187499.63,16CD,0,0,49,0.0
1788187499.66,16CE,0,0,49,0.0
1788187499.70,16CF,12,36,49,0.0
1788187499.71,010B,34,0,49,0.0
1788187499.73,16E8,43,79,49,0.0
1788187499.76,16E9,0,121,49,0.0
1788187499.76,0110,1,57,49,0.0
1788187499.79,16F0,3,131,49,0.0
1788187499.81,010B,34,0,49,0.0
1788187499.83,1704,0,0,49,0.0
1788187499.86,1706,128,0,49,0.0
1788187499.86,0110,1,53,49,0.0
1788187499.89,1709,0,0,49,0.0
1788187499.91,010B,34,0,49,0.0
1788187499.92,1717,1,0,49,0.0
1788187499.96,1718,1,0,49,0.0
1788187499.96,0110,1,53,49,0.0
1788187499.99,1746,0,0,49,0.0
1788187500.01,010B,34,0,49,0.0
1788187500.02,1782,207,128,49,0.0
1788187500.06,1783,110,192,49,0.0
1788187500.06,0110,1,64,49,0.0
1788187500.09,17A0,255,0,49,0.0
1788187500.11,010B,34,0,49,0.0
1788187500.12,17A6,0,0,49,0.0
1788187500.16,17B0,27,0,49,0.0
1788187500.16,0110,1,57,49,0.0
1788187500.19,17B1,32,0,49,0.0
1788187500.21,010B,34,0,49,0.0
1788187500.22,17B2,4,0,49,0.0
1788187500.25,17B3,84,0,49,0.0
1788187500.26,0110,1,64,49,0.0
1788187500.29,17B5,80,0,49,0.0
1788187500.31,010B,34,0,49,0.0
1788187500.32,17B6,0,0,49,0.0
1788187500.35,17B8,241,0,49,0.0
1788187500.36,0110,1,57,49,0.0
1788187500.38,17BA,0,0,49,0.0
1788187500.42,17BB,0,0,49,0.0
1788187500.45,17BC,0,0,49,0.0
1788187500.46,0110,1,60,49,0.0
1788187500.47,17B3,84,0,49,0.0
1788187500.48,17BD,150,0,49,0.0
1788187500.51,17BE,0,0,49,0.0
1788187500.51,010B,34,0,49,0.0
1788187500.54,17C1,234,0,49,0.0
1788187500.56,0110,1,60,49,0.0
1788187500.58,3201,23,112,49,0.0
1788187500.61,990A,47,0,49,0.0
1788187500.61,010B,34,0,49,0.0
1788187500.64,996E,12,148,49,0.0
1788187500.66,0110,1,57,49,0.0
1788187500.67,A211,0,0,49,0.0
1788187500.71,D100,129,0,49,0.0
1788187500.71,010B,34,0,49,0.0
1788187500.74,E21B,90,74,49,0.0
1788187500.76,0110,1,60,49,0.0
1788187500.78,E21C,49,56,49,0.0
1788187500.80,E21D,56,56,49,0.0
1788187500.81,010B,34,0,49,0.0
1788187500.84,E21E,70,0,49,0.0
1788187500.86,0110,1,57,49,0.0
1788187500.87,E6F0,90,74,49,0.0
1788187500.91,E6F2,240,0,49,0.0
1788187500.91,010B,34,0,49,0.0
1788187500.94,E6F3,240,0,49,0.0
1788187500.96,0110,1,60,49,0.0
1788187500.96,0105,89,0,49,0.0
1788187501.00,010F,67,0,49,0.0
1788187501.01,010B,34,0,49,0.0
1788187501.03,0110,1,57,49,0.0
1788187501.06,010B,34,0,49,0.0
1788187501.10,0106,123,0,49,0.0
1788187501.11,010B,34,0,49,0.0
1788187501.13,0107,130,0,49,0.0
1788187501.16,010E,145,0,49,0.0
1788187501.16,0110,1,53,49,0.0
1788187501.19,0142,55,124,49,0.0
1788187501.21,010B,34,0,49,0.0
1788187501.23,0000,190,63,49,0.0
1788187501.26,0002,0,0,49,0.0
1788187501.26,0110,1,50,49,0.0
1788187501.29,0003,2,0,49,0.0
1788187501.31,010B,34,0,49,0.0
1788187501.33,0005,89,0,49,0.0
1788187501.36,0006,123,0,49,0.0
1788187501.36,0110,1,50,49,0.0
1788187501.39,0007,130,0,49,0.0
1788187501.41,010B,34,0,49,0.0
1788187501.42,000B,34,0,49,0.0
1788187501.46,000C,16,82,49,0.0
1788187501.46,0110,1,57,49,0.0
1788187501.46,0142,55,123,49,0.0
1788187501.49,000D,0,0,49,0.0
1788187501.51,010B,34,0,49,0.0
1788187501.52,000E,145,0,49,0.0
1788187501.55,000F,67,0,49,0.0
1788187501.56,0110,1,57,49,0.0
1788187501.58,0010,1,60,49,0.0
1788187501.61,010B,34,0,49,0.0
1788187501.62,0011,29,0,49,0.0
1788187501.65,0013,1,0,49,0.0
1788187501.66,0110,1,50,49,0.0
1788187501.68,001C,10,0,49,0.0
1788187501.71,001F,0,129,49,0.0
1788187501.75,0020,128,21,49,0.0
1788187501.76,0110,1,64,49,0.0
1788187501.79,0021,0,0,49,0.0
1788187501.82,002C,0,0,49,0.0
1788187501.85,002E,0,0,49,0.0
1788187501.86,0110,1,53,49,0.0
1788187501.88,0030,255,0,49,0.0
1788187501.91,003C,10,31,49,0.0
1788187501.95,0040,104,0,49,0.0
1788187501.96,0110,1,50,49,0.0
1788187501.98,0042,55,126,49,0.0
1788187502.01,0043,0,57,49,0.0
1788187502.01,010B,34,0,49,0.0
1788187502.05,0200,0,0,49,0.0
1788187502.06,0110,1,57,49,0.0
1788187502.08,0202,0,0,49,0.0
1788187502.12,0900,5,140,49,0.0
1788187502.15,0968,0,0,49,0.0
1788187502.16,0110,1,60,49,0.0
1788187502.18,096E,16,70,49,0.0
1788187502.21,097C,113,180,49,0.0
1788187502.24,098E,0,0,49,0.0
1788187502.26,0110,1,67,49,0.0
1788187502.28,1101,0,0,49,0.0
1788187502.31,1103,16,0,49,0.0
1788187502.31,010B,34,0,49,0.0
1788187502.34,1104,0,0,49,0.0
1788187502.36,0110,1,60,49,0.0
1788187502.37,114A,104,0,49,0.0
1788187502.41,114D,91,64,49,0.0
1788187502.41,010B,34,0,49,0.0
1788187502.44,1153,60,222,49,0.0
1788187502.46,0110,1,60,49,0.0
1788187502.47,17B3,84,0,49,0.0
1788187502.50,1169,29,125,49,0.0
1788187502.52,010B,34,0,49,0.0
1788187502.53,1173,2,238,49,0.0
1788187502.57,1177,21,204,49,0.0
1788187502.60,1410,0,252,49,0.0
1788187502.61,010B,34,0,49,0.0
1788187502.63,1631,1,0,49,0.0
1788187502.66,1678,0,0,49,0.0
1788187502.70,1681,0,0,49,0.0
1788187502.71,010B,34,0,49,0.0
1788187502.73,16CD,0,0,49,0.0
1788187502.76,16CE,0,0,49,0.0
1788187502.76,0110,1,53,49,0.0
1788187502.79,16CF,12,5,49,0.0
1788187502.81,010B,34,0,49,0.0
1788187502.83,16E8,46,82,49,0.0
1788187502.87,16E9,0,120,49,0.0
1788187502.90,16F0,3,131,49,0.0
1788187502.91,010B,34,0,49,0.0
1788187502.93,1704,0,0,49,0.0
1788187502.96,1706,128,0,49,0.0
1788187502.96,0110,1,60,49,0.0
1788187502.99,1709,0,0,49,0.0
1788187503.01,010B,34,0,49,0.0
1788187503.03,1717,1,0,49,0.0
1788187503.06,1718,1,0,49,0.0
1788187503.06,0110,1,60,49,0.0
1788187503.09,1746,0,0,49,0.0
1788187503.11,010B,34,0,49,0.0
1788187503.12,1782,207,128,49,0.0
1788187503.15,1783,110,192,49,0.0
1788187503.16,0110,1,60,49,0.0
1788187503.19,17A0,255,0,49,0.0
1788187503.21,010B,34,0,49,0.0
1788187503.22,17A6,0,0,49,0.0
1788187503.25,17B0,28,0,49,0.0
1788187503.26,0110,1,50,49,0.0
1788187503.28,17B1,32,0,49,0.0
1788187503.31,010B,34,0,49,0.0
1788187503.32,17B2,4,0,49,0.0
1788187503.35,17B3,84,0,49,0.0
1788187503.36,0110,1,60,49,0.0
1788187503.39,17B5,80,0,49,0.0
1788187503.42,17B6,0,0,49,0.0
1788187503.45,17B8,241,0,49,0.0
1788187503.46,0110,1,53,49,0.0
1788187503.49,17BA,0,0,49,0.0
1788187503.52,17BB,0,0,49,0.0
1788187503.55,17BC,0,0,49,0.0
1788187503.56,0110,1,57,49,0.0
1788187503.58,17BD,150,0,49,0.0
1788187503.61,17BE,0,0,49,0.0
1788187503.65,17C1,234,0,49,0.0
1788187503.66,0110,1,60,49,0.0
1788187503.68,3201,23,112,49,0.0
1788187503.71,990A,47,0,49,0.0
1788187503.71,010B,34,0,49,0.0
1788187503.74,996E,12,148,49,0.0
1788187503.76,0110,1,53,49,0.0
1788187503.77,A211,0,0,49,0.0
1788187503.81,D100,129,0,49,0.0
1788187503.81,010B,34,0,49,0.0
1788187503.84,E21B,90,74,49,0.0
1788187503.86,0110,1,50,49,0.0
1788187503.87,E21C,49,56,49,0.0
1788187503.90,E21D,56,56,49,0.0
1788187503.91,010B,34,0,49,0.0
1788187503.94,E21E,70,0,49,0.0
1788187503.96,0110,1,53,49,0.0
1788187503.98,E6F0,90,74,49,0.0
1788187504.01,E6F2,240,0,49,0.0
1788187504.01,010B,34,0,49,0.0
1788187504.04,E6F3,240,0,49,0.0
1788187504.06,0110,1,57,49,0.0
1788187504.07,0105,89,0,49,0.0
1788187504.10,010F,67,0,49,0.0
1788187504.11,010B,34,0,49,0.0
1788187504.13,0110,1,57,49,0.0
1788187504.16,0110,1,57,49,0.0
1788187504.20,0106,121,0,49,0.0
1788187504.21,010B,34,0,49,0.0
1788187504.23,0107,130,0,49,0.0
1788187504.26,010E,148,0,49,0.0
1788187504.26,0110,1,57,49,0.0
1788187504.29,0142,55,134,49,0.0
1788187504.31,010B,34,0,49,0.0
1788187504.33,0000,190,63,49,0.0
1788187504.36,0002,0,0,49,0.0
1788187504.36,0110,1,57,49,0.0
1788187504.39,0003,2,0,49,0.0
1788187504.41,010B,34,0,49,0.0
1788187504.43,0005,89,0,49,0.0
1788187504.46,0006,122,0,49,0.0
1788187504.46,0110,1,53,49,0.0
1788187504.47,17B3,84,0,49,0.0
1788187504.49,0007,130,0,49,0.0
1788187504.51,010B,34,0,49,0.0
1788187504.52,000B,34,0,49,0.0
1788187504.55,000C,16,39,49,0.0
1788187504.56,0110,1,50,49,0.0
1788187504.59,000D,0,0,49,0.0
1788187504.61,010B,34,0,49,0.0
1788187504.62,000E,147,0,49,0.0
1788187504.65,000F,67,0,49,0.0
1788187504.66,0110,1,50,49,0.0
1788187504.68,0010,1,53,49,0.0
1788187504.71,0011,29,0,49,0.0
1788187504.75,0013,1,0,49,0.0
1788187504.76,0110,1,57,49,0.0
1788187504.78,001C,10,0,49,0.0
1788187504.81,001F,0,132,49,0.0
1788187504.81,010B,34,0,49,0.0
1788187504.84,0020,128,21,49,0.0
1788187504.86,0110,1,60,49,0.0
1788187504.88,0021,0,0,49,0.0
1788187504.91,002C,0,0,49,0.0
1788187504.91,010B,34,0,49,0.0
1788187504.95,002E,0,0,49,0.0
1788187504.97,0110,1,57,49,0.0
1788187504.98,0030,255,0,49,0.0
1788187505.01,003C,10,62,49,0.0
1788187505.01,010B,34,0,49,0.0
1788187505.04,0040,104,0,49,0.0
1788187505.06,0110,1,50,49,0.0
1788187505.08,0042,55,138,49,0.0
1788187505.11,0043,0,58,49,0.0
1788187505.11,010B,34,0,49,0.0
1788187505.14,0200,0,0,49,0.0
1788187505.16,0110,1,53,49,0.0
1788187505.17,0202,0,0,49,0.0
1788187505.21,0900,5,140,49,0.0
1788187505.21,010B,34,0,49,0.0
1788187505.24,0968,0,0,49,0.0
1788187505.27,096E,16,45,49,0.0
1788187505.30,097C,113,182,49,0.0
1788187505.31,010B,34,0,49,0.0
1788187505.33,098E,0,0,49,0.0
1788187505.37,1101,0,0,49,0.0
1788187505.40,1103,16,0,49,0.0
1788187505.41,010B,34,0,49,0.0
1788187505.43,1104,0,0,49,0.0
1788187505.46,114A,104,0,49,0.0
1788187505.46,0142,55,125,49,0.0
1788187505.49,114D,90,128,49,0.0
1788187505.51,010B,34,0,49,0.0
1788187505.53,1153,60,86,49,0.0
1788187505.56,1154,29,128,49,0.0
1788187505.56,0110,1,53,49,0.0
1788187505.59,1169,29,125,49,0.0
1788187505.61,010B,34,0,49,0.0
1788187505.63,1173,0,130,49,0.0
1788187505.66,1177,21,204,49,0.0
1788187505.70,1410,0,251,49,0.0
1788187505.71,010B,34,0,49,0.0
1788187505.73,1631,1,0,49,0.0
1788187505.76,1678,0,0,49,0.0
1788187505.76,0110,1,47,49,0.0
1788187505.79,1681,0,0,49,0.0
1788187505.81,010B,34,0,49,0.0
1788187505.82,16CD,0,0,49,0.0
1788187505.86,16CE,0,0,49,0.0
1788187505.86,0110,1,53,49,0.0
1788187505.89,16CF,11,255,49,0.0
1788187505.91,010B,34,0,49,0.0
1788187505.92,16E8,42,252,49,0.0
1788187505.95,16E9,0,120,49,0.0
1788187505.96,0110,1,47,49,0.0
1788187505.98,16F0,3,131,49,0.0
1788187506.01,010B,34,0,49,0.0
1788187506.05,1706,128,0,49,0.0
1788187506.06,0110,1,50,49,0.0
1788187506.08,1709,0,0,49,0.0
1788187506.11,1717,1,0,49,0.0
1788187506.15,1718,1,0,49,0.0
1788187506.16,0110,1,50,49,0.0
1788187506.19,1746,0,0,49,0.0
1788187506.22,1782,207,64,49,0.0
1788187506.25,1783,110,192,49,0.0
1788187506.26,0110,1,57,49,0.0
1788187506.28,17A0,255,0,49,0.0
1788187506.31,17A6,0,0,49,0.0
1788187506.35,17B0,27,0,49,0.0
1788187506.36,0110,1,50,49,0.0
1788187506.38,17B1,32,0,49,0.0
1788187506.41,17B2,4,0,49,0.0
1788187506.41,010B,34,0,49,0.0
1788187506.44,17B3,84,0,49,0.0
1788187506.46,0110,1,57,49,0.0
1788187506.47,17B3,84,0,49,0.0
1788187506.47,17B5,80,0,49,0.0
1788187506.51,17B6,0,0,49,0.0
1788187506.55,17B8,241,0,49,0.0
1788187506.56,0110,1,60,49,0.0
1788187506.58,17BA,0,0,49,0.0
1788187506.61,17BB,0,0,49,0.0
1788187506.61,010B,34,0,49,0.0
1788187506.64,17BC,0,0,49,0.0
1788187506.66,0110,1,57,49,0.0
1788187506.68,17BD,150,0,49,0.0
1788187506.72,17BE,0,0,49,0.0
1788187506.75,17C1,234,0,49,0.0
1788187506.76,0110,1,53,49,0.0
1788187506.78,3201,23,112,49,0.0
1788187506.81,990A,47,0,49,0.0
1788187506.81,010B,34,0,49,0.0
1788187506.84,996E,12,148,49,0.0
1788187506.86,0110,1,50,49,0.0
1788187506.88,A211,0,0,49,0.0
1788187506.91,D100,129,0,49,0.0
1788187506.91,010B,34,0,49,0.0
1788187506.94,E21B,90,74,49,0.0
1788187506.96,0110,1,57,49,0.0
1788187506.97,E21C,49,56,49,0.0
1788187507.00,E21D,56,56,49,0.0
1788187507.01,010B,34,0,49,0.0
1788187507.04,E21E,70,0,49,0.0
1788187507.06,0110,1,50,49,0.0
1788187507.08,E6F0,90,74,49,0.0
1788187507.11,E6F2,240,0,49,0.0
1788187507.11,010B,34,0,49,0.0
1788187507.14,E6F3,240,0,49,0.0
1788187507.16,0110,1,53,49,0.0
1788187507.17,0105,89,0,49,0.0
1788187507.20,010F,67,0,49,0.0
1788187507.21,010B,34,0,49,0.0
1788187507.24,0110,1,43,49,0.0
1788187507.26,0110,1,50,49,0.0
1788187507.27,010B,34,0,49,0.0
1788187507.30,0106,123,0,49,0.0
1788187507.31,010B,34,0,49,0.0
1788187507.33,0107,130,0,49,0.0
1788187507.36,0110,1,50,49,0.0
1788187507.37,010E,147,0,49,0.0
1788187507.40,0142,55,120,49,0.0
1788187507.41,010B,34,0,49,0.0
1788187507.44,0000,190,63,49,0.0
1788187507.47,0002,0,0,49,0.0
1788187507.50,0003,2,0,50,0.0
1788187507.51,010B,34,0,50,0.0
1788187507.53,0005,89,0,50,0.0
1788187507.57,0006,123,0,50,0.0
1788187507.60,0007,130,0,49,0.0
1788187507.61,010B,34,0,49,0.0
1788187507.63,000B,34,0,49,0.0
1788187507.66,000C,16,45,49,0.0
1788187507.69,000D,0,0,50,0.0
1788187507.71,010B,34,0,50,0.0
1788187507.73,000E,144,0,50,0.0
1788187507.76,000F,67,0,50,0.0
1788187507.76,0110,1,40,50,0.0
1788187507.80,0010,1,47,50,0.0
1788187507.81,010B,34,0,50,0.0
1788187507.83,0011,29,0,50,0.0
1788187507.86,0013,1,0,50,0.0
1788187507.90,001C,10,0,50,0.0
1788187507.91,010B,34,0,50,0.0
1788187507.93,001F,0,136,50,0.0
1788187507.96,0020,128,21,50,0.0
1788187507.96,0110,1,60,50,0.0
1788187507.99,0021,0,0,50,0.0
1788187508.01,010B,34,0,50,0.0
1788187508.02,002C,0,0,50,0.0
1788187508.06,002E,0,0,50,0.0
1788187508.06,0110,1,53,50,0.0
1788187508.09,0030,255,0,50,0.0
1788187508.11,010B,34,0,50,0.0
1788187508.12,003C,10,97,50,0.0
1788187508.15,0040,104,0,50,0.0
1788187508.16,0110,1,53,50,0.0
1788187508.18,0042,55,124,50,0.0
1788187508.21,010B,34,0,50,0.0
1788187508.22,0043,0,57,50,0.0
1788187508.26,0200,0,0,50,0.0
1788187508.26,0110,1,47,50,0.0
1788187508.29,0202,0,0,50,0.0
1788187508.31,010B,34,0,50,0.0
1788187508.32,0900,5,135,50,0.0
1788187508.35,0968,0,0,50,0.0
1788187508.36,0110,1,50,50,0.0
1788187508.39,096E,16,20,50,0.0
1788187508.42,097C,113,185,50,0.0
1788187508.45,098E,0,0,50,0.0
1788187508.46,0110,1,43,50,0.0
1788187508.47,17B3,84,0,50,0.0
1788187508.48,1101,0,0,50,0.0
1788187508.51,1103,16,0,50,0.0
1788187508.55,1104,0,0,50,0.0
1788187508.56,0110,1,53,50,0.0
1788187508.58,114A,104,0,50,0.0
1788187508.61,114D,89,192,50,0.0
1788187508.61,010B,34,0,50,0.0
1788187508.64,1153,60,18,50,0.0
1788187508.66,0110,1,43,50,0.0
1788187508.67,1154,29,128,50,0.0
1788187508.71,1169,29,125,50,0.0
1788187508.71,010B,34,0,50,0.0
1788187508.74,1173,3,92,50,0.0
1788187508.76,0110,1,50,50,0.0
1788187508.77,1177,21,204,50,0.0
1788187508.80,1410,0,248,50,0.0
1788187508.81,010B,34,0,50,0.0
1788187508.84,1631,1,0,50,0.0
1788187508.87,0110,1,50,50,0.0
1788187508.87,1678,0,0,50,0.0
1788187508.91,1681,0,0,50,0.0
1788187508.91,010B,34,0,50,0.0
1788187508.94,16CD,0,0,50,0.0
1788187508.97,16CE,0,0,50,0.0
1788187509.00,16CF,12,3,50,0.0
1788187509.01,010B,34,0,50,0.0
1788187509.04,16E8,42,187,50,0.0
1788187509.07,16E9,0,121,50,0.0
1788187509.10,16F0,3,131,50,0.0
1788187509.11,010B,34,0,50,0.0
1788187509.13,1704,0,0,50,0.0
1788187509.16,1706,128,0,50,0.0
1788187509.20,1709,0,0,50,0.0
1788187509.21,010B,34,0,50,0.0
1788187509.23,1717,1,0,50,0.0
1788187509.26,1718,1,0,50,0.0
1788187509.26,0110,1,57,50,0.0
1788187509.29,1746,0,0,50,0.0
1788187509.31,010B,34,0,50,0.0
1788187509.32,1782,207,64,50,0.0
1788187509.36,1783,110,192,50,0.0
1788187509.36,0110,1,47,50,0.0
1788187509.40,17A0,255,0,50,0.0
1788187509.41,010B,34,0,50,0.0
1788187509.43,17A6,0,0,50,0.0
1788187509.46,17B0,28,0,50,0.0
1788187509.46,0110,1,43,50,0.0
1788187509.49,17B1,32,0,50,0.0
1788187509.51,010B,34,0,50,0.0
1788187509.52,17B2,4,0,50,0.0
1788187509.56,17B3,84,0,50,0.0
1788187509.56,0110,1,47,50,0.0
1788187509.59,17B5,80,0,50,0.0
1788187509.61,010B,34,0,50,0.0
1788187509.62,17B6,0,0,50,0.0
1788187509.65,17B8,241,0,50,0.0
1788187509.66,0110,1,43,50,0.0
1788187509.69,17BA,0,0,50,0.0
1788187509.72,17BB,0,0,50,0.0
1788187509.75,17BC,0,0,50,0.0
1788187509.76,0110,1,57,50,0.0
1788187509.78,17BD,150,0,50,0.0
1788187509.81,17BE,0,0,50,0.0
1788187509.85,17C1,234,0,50,0.0
1788187509.86,0110,1,50,50,0.0
1788187509.88,3201,23,112,50,0.0
1788187509.91,990A,47,0,50,0.0
1788187509.91,010B,34,0,50,0.0
1788187509.94,996E,12,128,50,0.0
1788187509.96,0110,1,43,50,0.0
1788187509.97,A211,0,0,50,0.0
1788187510.01,D100,129,0,50,0.0
1788187510.01,010B,34,0,50,0.0
1788187510.04,E21B,90,74,50,0.0
1788187510.07,0110,1,50,50,0.0
1788187510.07,E21C,49,56,50,0.0
1788187510.11,E21D,56,56,50,0.0
1788187510.11,010B,34,0,50,0.0
1788187510.14,E21E,70,0,50,0.0
1788187510.16,0110,1,47,50,0.0
1788187510.17,E6F0,90,74,50,0.0
1788187510.21,E6F2,240,0,50,0.0
1788187510.21,010B,34,0,50,0.0
1788187510.24,E6F3,240,0,50,0.0
1788187510.26,0110,1,47,50,0.0
1788187510.27,0105,90,0,50,0.0
1788187510.30,010F,67,0,50,0.0
1788187510.31,010B,34,0,50,0.0
1788187510.33,0110,1,57,50,0.0
1788187510.36,0110,1,50,50,0.0
1788187510.36,010B,34,0,50,0.0
1788187510.40,0106,122,0,50,0.0
1788187510.41,010B,34,0,50,0.0
1788187510.43,0107,130,0,50,0.0
1788187510.46,010E,149,0,50,0.0
1788187510.46,0110,1,50,50,0.0
1788187510.47,17B3,84,0,50,0.0
1788187510.49,0142,55,129,50,0.0
1788187510.51,010B,34,0,50,0.0
1788187510.54,0000,190,63,50,0.0
1788187510.57,0002,0,0,50,0.0
1788187510.60,0003,2,0,50,0.0
1788187510.61,010B,34,0,50,0.0
1788187510.63,0005,90,0,50,0.0
1788187510.66,0006,122,0,50,0.0
1788187510.70,0007,130,0,50,0.0
1788187510.71,010B,34,0,50,0.0
1788187510.73,000B,34,0,50,0.0
1788187510.76,000C,16,14,50,0.0
1788187510.76,0110,1,47,50,0.0
1788187510.79,000D,0,0,50,0.0
1788187510.81,010B,34,0,50,0.0
1788187510.83,000E,144,0,50,0.0
1788187510.86,000F,67,0,50,0.0
1788187510.90,0010,1,33,50,0.0
1788187510.91,010B,34,0,50,0.0
1788187510.93,0011,29,0,50,0.0
1788187510.96,0013,1,0,50,0.0
1788187510.96,0110,1,50,50,0.0
1788187510.99,001C,10,0,50,0.0
1788187511.01,010B,34,0,50,0.0
1788187511.02,001F,0,139,50,0.0
1788187511.06,0020,128,21,50,0.0
1788187511.06,0110,1,47,50,0.0
1788187511.09,0021,0,0,50,0.0
1788187511.11,010B,34,0,50,0.0
1788187511.12,002C,0,0,50,0.0
1788187511.15,002E,0,0,50,0.0
1788187511.16,0110,1,43,50,0.0
1788187511.19,0030,255,0,50,0.0
1788187511.22,003C,10,132,50,0.0
1788187511.25,0040,104,0,50,0.0
1788187511.26,0110,1,50,50,0.0
1788187511.28,0042,55,130,50,0.0
1788187511.31,0043,0,57,50,0.0
1788187511.35,0200,0,0,50,0.0
1788187511.36,0110,1,37,50,0.0
1788187511.39,0202,0,0,50,0.0
1788187511.42,0900,5,135,50,0.0
1788187511.45,0968,0,0,50,0.0
1788187511.46,0110,1,40,50,0.0
1788187511.48,096E,15,251,50,0.0
1788187511.51,097C,113,187,50,0.0
1788187511.55,098E,0,0,50,0.0
1788187511.56,0110,1,40,50,0.0
1788187511.58,1101,0,0,50,0.0
1788187511.62,1103,16,0,50,0.0
1788187511.65,1104,0,0,50,0.0
1788187511.66,0110,1,50,50,0.0
1788187511.68,114A,104,0,50,0.0
1788187511.71,114D,89,64,50,0.0
1788187511.75,1153,59,178,50,0.0
1788187511.76,0110,1,60,50,0.0
1788187511.78,1154,29,128,50,0.0
1788187511.81,1169,29,125,50,0.0
1788187511.81,010B,34,0,50,0.0
1788187511.84,1173,0,105,50,0.0
1788187511.86,0110,1,43,50,0.0
1788187511.87,1177,21,204,50,0.0
1788187511.91,1410,0,250,50,0.0
1788187511.91,010B,34,0,50,0.0
1788187511.94,1631,1,0,50,0.0
1788187511.96,0110,1,43,50,0.0
1788187511.97,1678,0,0,50,0.0
1788187512.01,1681,0,0,50,0.0
1788187512.01,010B,34,0,50,0.0
1788187512.04,16CD,0,0,50,0.0
1788187512.06,0110,1,43,50,0.0
1788187512.07,16CE,0,0,50,0.0
1788187512.11,16CF,12,32,50,0.0
1788187512.11,010B,34,0,50,0.0
1788187512.14,16E8,44,247,50,0.0
1788187512.16,0110,1,47,50,0.0
1788187512.17,16E9,0,120,50,0.0
1788187512.20,16F0,3,131,50,0.0
1788187512.21,010B,34,0,50,0.0
1788187512.24,1704,0,0,50,0.0
1788187512.27,1706,128,0,50,0.0
1788187512.30,1709,0,0,50,0.0
1788187512.31,010B,34,0,50,0.0
1788187512.33,1717,1,0,50,0.0
1788187512.36,1718,1,0,50,0.0
1788187512.40,1746,0,0,50,0.0
1788187512.41,010B,34,0,50,0.0
1788187512.43,1782,207,0,50,0.0
1788187512.46,1783,110,192,50,0.0
1788187512.46,0110,1,53,50,0.0
1788187512.47,17B3,84,0,50,0.0
1788187512.49,17A0,255,0,50,0.0
1788187512.51,010B,34,0,50,0.0
1788187512.53,17A6,0,0,50,0.0
1788187512.56,17B0,27,0,50,0.0
1788187512.56,0110,1,47,50,0.0
1788187512.60,17B1,32,0,50,0.0
1788187512.61,010B,34,0,50,0.0
1788187512.63,17B2,4,0,50,0.0
1788187512.66,17B3,84,0,50,0.0
1788187512.66,0110,1,50,50,0.0
1788187512.69,17B5,80,0,50,0.0
1788187512.71,010B,34,0,50,0.0
1788187512.72,17B6,0,0,50,0.0
1788187512.76,17B8,241,0,50,0.0
1788187512.76,0110,1,50,50,0.0
1788187512.79,17BA,0,0,50,0.0
1788187512.81,010B,34,0,50,0.0
1788187512.82,17BB,0,0,50,0.0
1788187512.85,17BC,0,0,50,0.0
1788187512.86,0110,1,40,50,0.0
1788187512.88,17BD,150,0,50,0.0
1788187512.92,17BE,0,0,50,0.0
1788187512.95,17C1,234,0,50,0.0
1788187512.96,0110,1,47,50,0.0
1788187512.98,3201,23,112,50,0.0
1788187513.01,990A,47,0,50,0.0
1788187513.01,010B,34,0,50,0.0
1788187513.05,996E,12,128,50,0.0
1788187513.06,0110,1,37,50,0.0
1788187513.08,A211,0,0,50,0.0
1788187513.11,D100,129,0,50,0.0
1788187513.11,010B,34,0,50,0.0
1788187513.14,E21B,90,74,50,0.0
1788187513.16,0110,1,43,50,0.0
1788187513.17,E21C,49,56,50,0.0
1788187513.21,E21D,56,56,50,0.0
1788187513.24,E21E,70,0,50,0.0
1788187513.26,0110,1,43,50,0.0
1788187513.28,E6F0,90,74,50,0.0
1788187513.31,E6F2,240,0,50,0.0
1788187513.31,010B,34,0,50,0.0
1788187513.34,E6F3,240,0,50,0.0
1788187513.36,0110,1,40,50,0.0
1788187513.37,0105,90,0,50,0.0
1788187513.40,010F,67,0,50,0.0
1788187513.41,010B,34,0,50,0.0
1788187513.44,0110,1,40,50,0.0
1788187513.46,0110,1,50,50,0.0
1788187513.47,010B,34,0,50,0.0
1788187513.50,0106,122,0,50,0.0
1788187513.51,010B,34,0,50,0.0
1788187513.53,0107,130,0,50,0.0
1788187513.56,0110,1,53,50,0.0
1788187513.60,0142,55,141,50,0.0
1788187513.61,010B,34,0,50,0.0
1788187513.63,0000,190,63,50,0.0
1788187513.66,0002,0,0,50,0.0
1788187513.66,0110,1,50,50,0.0
1788187513.69,0003,2,0,50,0.0
1788187513.71,010B,34,0,50,0.0
1788187513.73,0005,90,0,50,0.0
1788187513.77,0006,122,0,50,0.0
1788187513.80,0007,130,0,50,0.0
1788187513.81,010B,34,0,50,0.0
1788187513.83,000B,34,0,50,0.0
1788187513.86,000C,15,237,50,0.0
1788187513.86,0110,1,43,50,0.0
1788187513.89,000D,0,0,50,0.0
1788187513.91,010B,34,0,50,0.0
1788187513.93,000E,146,0,50,0.0
1788187513.96,000F,67,0,50,0.0
1788187513.96,0110,1,47,50,0.0
1788187513.99,0010,1,47,50,0.0
1788187514.01,010B,34,0,50,0.0
1788187514.02,0011,29,0,50,0.0
1788187514.06,0013,1,0,50,0.0
1788187514.06,0110,1,43,50,0.0
1788187514.09,001C,10,0,50,0.0
1788187514.11,010B,34,0,50,0.0
1788187514.13,001F,0,142,50,0.0
1788187514.16,0020,128,21,50,0.0
1788187514.16,0110,1,40,50,0.0
1788187514.19,0021,0,0,50,0.0
1788187514.21,010B,34,0,50,0.0
1788187514.22,002C,0,0,50,0.0
1788187514.25,002E,0,0,50,0.0
1788187514.26,0110,1,47,50,0.0
1788187514.29,0030,255,0,50,0.0
1788187514.31,010B,34,0,50,0.0
1788187514.32,003C,10,166,50,0.0
1788187514.35,0040,104,0,50,0.0
1788187514.36,0110,1,47,50,0.0
1788187514.38,0042,55,144,50,0.0
1788187514.41,0043,0,57,50,0.0
1788187514.46,0200,0,0,50,0.0
1788187514.46,0110,1,43,50,0.0
1788187514.47,17B3,84,0,50,0.0
1788187514.48,0202,0,0,50,0.0
1788187514.51,0900,5,135,50,0.0
1788187514.51,010B,34,0,50,0.0
1788187514.55,0968,0,0,50,0.0
1788187514.57,0110,1,47,50,0.0
1788187514.58,096E,15,226,50,0.0
1788187514.62,097C,113,190,50,0.0
1788187514.65,098E,0,0,50,0.0
1788187514.66,0110,1,43,50,0.0
1788187514.68,1101,0,0,50,0.0
1788187514.71,1103,16,0,50,0.0
1788187514.71,010B,34,0,50,0.0
1788187514.74,1104,0,0,50,0.0
1788187514.76,0110,1,47,50,0.0
1788187514.78,114A,104,0,50,0.0
1788187514.81,114D,88,128,50,0.0
1788187514.81,010B,34,0,50,0.0
1788187514.84,1153,59,180,50,0.0
1788187514.87,0110,1,53,50,0.0
1788187514.87,1154,29,128,50,0.0
1788187514.91,1169,29,125,50,0.0
1788187514.91,010B,34,0,50,0.0
1788187514.94,1173,0,65,50,0.0
1788187514.96,0110,1,47,50,0.0
1788187514.98,1177,21,144,50,0.0
1788187515.01,1410,0,250,50,0.0
1788187515.01,010B,34,0,50,0.0
1788187515.03,1631,1,0,50,0.0
1788187515.06,0110,1,50,50,0.0
1788187515.07,1678,0,0,50,0.0
1788187515.10,1681,0,0,50,0.0
1788187515.11,010B,34,0,50,0.0
1788187515.14,16CD,0,0,50,0.0
1788187515.17,16CE,0,0,50,0.0
1788187515.20,16CF,12,31,50,0.0
1788187515.21,010B,34,0,50,0.0
1788187515.23,16E8,44,194,50,0.0
1788187515.26,16E9,0,120,50,0.0
1788187515.30,16F0,3,131,50,0.0
1788187515.31,010B,34,0,50,0.0
1788187515.33,1704,0,0,50,0.0
1788187515.36,1706,128,0,50,0.0
1788187515.36,0110,1,40,50,0.0
1788187515.39,1709,0,0,50,0.0
1788187515.41,010B,34,0,50,0.0
1788187515.42,1717,1,0,50,0.0
1788187515.46,1718,1,0,50,0.0
1788187515.46,0110,1,50,50,0.0
1788187515.50,1746,0,0,50,0.0
1788187515.51,010B,34,0,50,0.0
1788187515.53,1782,206,192,50,0.0
1788187515.56,1783,110,192,50,0.0
1788187515.56,0110,1,43,50,0.0
1788187515.59,17A0,255,0,50,0.0
1788187515.61,010B,34,0,50,0.0
1788187515.62,17A6,0,0,50,0.0
1788187515.66,17B0,27,0,50,0.0
1788187515.66,0110,1,50,50,0.0
1788187515.69,17B1,32,0,50,0.0
1788187515.71,010B,34,0,50,0.0
1788187515.72,17B2,4,0,50,0.0
1788187515.75,17B3,84,0,50,0.0
1788187515.76,0110,1,37,50,0.0
1788187515.79,17B5,80,0,50,0.0
1788187515.81,010B,34,0,50,0.0
1788187515.82,17B6,0,0,50,0.0
1788187515.86,17B8,241,0,50,0.0
1788187515.86,0110,1,43,50,0.0
1788187515.89,17BA,0,0,50,0.0
1788187515.91,010B,34,0,50,0.0
1788187515.92,17BB,0,0,50,0.0
1788187515.95,17BC,0,0,50,0.0
1788187515.97,0110,1,53,50,0.0
1788187515.99,17BD,149,0,50,0.0
1788187516.02,17BE,0,0,50,0.0
1788187516.05,17C1,234,0,50,0.0
1788187516.06,0110,1,47,50,0.0
1788187516.08,3201,23,112,50,0.0
1788187516.11,990A,47,0,51,0.0
1788187516.15,996E,12,128,51,0.0
1788187516.16,0110,1,47,51,0.0
1788187516.18,A211,0,0,51,0.0
1788187516.21,D100,129,0,51,0.0
1788187516.21,010B,34,0,51,0.0
1788187516.24,E21B,90,74,51,0.0
1788187516.26,0110,1,43,51,0.0
1788187516.27,E21C,49,56,51,0.0
1788187516.31,E21D,56,56,51,0.0
1788187516.31,010B,34,0,51,0.0
1788187516.34,E21E,70,0,51,0.0
1788187516.36,0110,1,57,51,0.0
1788187516.37,E6F0,90,74,51,0.0
1788187516.40,E6F2,240,0,51,0.0
1788187516.41,010B,34,0,51,0.0
1788187516.43,E6F3,240,0,51,0.0
1788187516.46,0110,1,40,51,0.0
1788187516.47,17B3,84,0,51,0.0
1788187516.50,010F,67,0,51,0.0
1788187516.51,010B,34,0,51,0.0
1788187516.53,0110,1,40,51,0.0
1788187516.56,0110,1,47,51,0.0
1788187516.56,010B,34,0,51,0.0
1788187516.60,0106,122,0,51,0.0
1788187516.61,010B,34,0,51,0.0
1788187516.63,0107,130,0,51,0.0
1788187516.66,010E,145,0,51,0.0
1788187516.66,0110,1,43,51,0.0
1788187516.69,0142,55,125,51,0.0
1788187516.71,010B,34,0,51,0.0
1788187516.73,0000,190,63,51,0.0
1788187516.76,0002,0,0,51,0.0
1788187516.76,0110,1,50,51,0.0
1788187516.79,0003,2,0,51,0.0
1788187516.81,010B,34,0,51,0.0
1788187516.83,0005,91,0,51,0.0
1788187516.86,0006,121,0,51,0.0
1788187516.86,0110,1,43,51,0.0
1788187516.90,0007,130,0,51,0.0
1788187516.91,010B,34,0,51,0.0
1788187516.93,000B,34,0,51,0.0
1788187516.96,000C,15,215,51,0.0
1788187516.96,0110,1,47,51,0.0
1788187516.99,000D,0,0,51,0.0
1788187517.01,010B,34,0,51,0.0
1788187517.03,000E,148,0,51,0.0
1788187517.06,000F,67,0,51,0.0
1788187517.06,0110,1,43,51,0.0
1788187517.09,0010,1,47,51,0.0
1788187517.11,010B,34,0,51,0.0
1788187517.12,0011,29,0,51,0.0
1788187517.16,0013,1,0,51,0.0
1788187517.16,0110,1,43,51,0.0
1788187517.19,001C,10,0,51,0.0
1788187517.21,010B,34,0,51,0.0
1788187517.22,001F,0,145,51,0.0
1788187517.25,0020,128,21,51,0.0
1788187517.27,0110,1,37,51,0.0
1788187517.28,0021,0,0,51,0.0
1788187517.32,002C,0,0,51,0.0
1788187517.35,002E,0,0,51,0.0
1788187517.36,0110,1,40,51,0.0
1788187517.38,0030,255,0,51,0.0
1788187517.41,003C,10,195,51,0.0
1788187517.41,010B,34,0,51,0.0
1788187517.44,0040,104,0,51,0.0
1788187517.46,0110,1,43,51,0.0
1788187517.48,0042,55,133,51,0.0
1788187517.51,0043,0,57,51,0.0
1788187517.51,010B,34,0,51,0.0
1788187517.55,0200,0,0,51,0.0
1788187517.57,0110,1,43,51,0.0
1788187517.58,0202,0,0,51,0.0
1788187517.61,0900,5,140,51,0.0
1788187517.61,010B,34,0,51,0.0
1788187517.64,0968,0,0,51,0.0
1788187517.66,0110,1,43,51,0.0
1788187517.68,096E,15,201,51,0.0
1788187517.71,097C,113,192,51,0.0
1788187517.71,010B,34,0,51,0.0
1788187517.75,098E,0,0,51,0.0
1788187517.76,0110,1,47,51,0.0
1788187517.78,1101,0,0,51,0.0
1788187517.81,1103,16,0,51,0.0
1788187517.81,010B,34,0,51,0.0
1788187517.84,1104,0,0,51,0.0
1788187517.86,0110,1,50,51,0.0
1788187517.88,114A,104,0,51,0.0
1788187517.91,114D,87,192,51,0.0
1788187517.91,010B,34,0,51,0.0
1788187517.94,1153,59,123,51,0.0
1788187517.96,0110,1,40,51,0.0
1788187517.97,1154,29,128,51,0.0
1788187518.00,1169,29,125,51,0.0
1788187518.01,010B,34,0,51,0.0
1788187518.04,1173,0,65,51,0.0
1788187518.06,0110,1,53,51,0.0
1788187518.07,1177,21,224,51,0.0
1788187518.10,1410,0,246,51,0.0
1788187518.11,010B,34,0,51,0.0
1788187518.13,1631,1,0,51,0.0
1788187518.16,1678,0,0,51,0.0
1788187518.20,1681,0,0,51,0.0
1788187518.21,010B,34,0,51,0.0
1788187518.24,16CD,0,0,51,0.0
1788187518.27,16CE,0,0,51,0.0
1788187518.30,16CF,12,26,51,0.0
1788187518.31,010B,34,0,51,0.0
1788187518.33,16E8,45,150,51,0.0
1788187518.36,16E9,0,121,51,0.0
1788187518.40,16F0,3,131,51,0.0
1788187518.41,010B,34,0,51,0.0
1788187518.43,1704,0,0,51,0.0
1788187518.46,1706,128,0,51,0.0
1788187518.46,0110,1,40,51,0.0
1788187518.47,17B3,84,0,51,0.0
1788187518.49,1709,0,0,51,0.0
1788187518.51,010B,34,0,51,0.0
1788187518.52,1717,1,0,51,0.0
1788187518.56,1718,1,0,51,0.0
1788187518.56,0110,1,43,51,0.0
1788187518.60,1746,0,0,51,0.0
1788187518.61,010B,34,0,51,0.0
1788187518.63,1782,206,192,51,0.0
1788187518.66,1783,110,192,51,0.0
1788187518.66,0110,1,47,51,0.0
1788187518.69,17A0,255,0,51,0.0
1788187518.71,010B,34,0,51,0.0
1788187518.72,17A6,0,0,51,0.0
1788187518.76,17B0,26,0,51,0.0
1788187518.76,0110,1,53,51,0.0
1788187518.79,17B1,32,0,51,0.0
1788187518.81,010B,34,0,51,0.0
1788187518.82,17B2,4,0,51,0.0
1788187518.85,17B3,84,0,51,0.0
1788187518.86,0110,1,47,51,0.0
1788187518.89,17B5,80,0,51,0.0
1788187518.91,010B,34,0,51,0.0
1788187518.92,17B6,0,0,51,0.0
1788187518.95,17B8,241,0,51,0.0
1788187518.96,0110,1,47,51,0.0
1788187518.98,17BA,0,0,51,0.0
1788187519.01,17BB,0,0,51,0.0
1788187519.01,010B,34,0,51,0.0
1788187519.05,17BC,0,0,51,0.0
1788187519.06,0110,1,47,51,0.0
1788187519.09,17BD,149,0,51,0.0
1788187519.12,17BE,0,0,51,0.0
1788187519.15,17C1,234,0,51,0.0
1788187519.16,0110,1,40,51,0.0
1788187519.18,3201,23,112,51,0.0
1788187519.21,990A,47,0,51,0.0
1788187519.25,996E,12,128,51,0.0
1788187519.26,0110,1,40,51,0.0
1788187519.28,A211,0,0,51,0.0
1788187519.31,D100,129,0,51,0.0
1788187519.31,010B,34,0,51,0.0
1788187519.34,E21B,90,74,51,0.0
1788187519.36,0110,1,53,51,0.0
1788187519.37,E21C,49,56,51,0.0
1788187519.41,E21D,56,56,51,0.0
1788187519.41,010B,34,0,51,0.0
1788187519.44,E21E,70,0,51,0.0
1788187519.46,0110,1,47,51,0.0
1788187519.47,E6F0,90,74,51,0.0
1788187519.50,E6F2,240,0,51,0.0
1788187519.51,010B,34,0,51,0.0
1788187519.53,E6F3,240,0,51,0.0
1788187519.56,0105,91,0,51,0.0
1788187519.56,0110,1,37,51,0.0
1788187519.59,010F,67,0,51,0.0
1788187519.61,010B,34,0,51,0.0
1788187519.63,0110,1,33,51,0.0
1788187519.66,010B,34,0,51,0.0
1788187519.66,0110,1,43,51,0.0
1788187519.69,0106,124,0,51,0.0
1788187519.71,010B,34,0,51,0.0
1788187519.72,0107,130,0,51,0.0
1788187519.76,010E,147,0,51,0.0
1788187519.76,0110,1,40,51,0.0
1788187519.79,0142,55,136,51,0.0
1788187519.81,010B,34,0,51,0.0
1788187519.83,0000,190,63,51,0.0
1788187519.86,0002,0,0,51,0.0
1788187519.87,0110,1,37,51,0.0
1788187519.89,0003,2,0,51,0.0
1788187519.91,010B,34,0,51,0.0
1788187519.93,0005,91,0,51,0.0
1788187519.96,0006,123,0,51,0.0
1788187519.96,0110,1,43,51,0.0
1788187519.99,0007,130,0,51,0.0
1788187520.01,010B,34,0,51,0.0
1788187520.02,000B,34,0,51,0.0
1788187520.05,000C,15,183,51,0.0
1788187520.06,0110,1,40,51,0.0
1788187520.09,000D,0,0,51,0.0
1788187520.11,010B,34,0,51,0.0
1788187520.12,000E,145,0,51,0.0
1788187520.15,000F,67,0,51,0.0
1788187520.16,0110,1,47,51,0.0
1788187520.18,0010,1,37,51,0.0
1788187520.21,010B,34,0,51,0.0
1788187520.25,0013,1,0,51,0.0
1788187520.26,0110,1,40,51,0.0
1788187520.28,001C,10,0,51,0.0
1788187520.32,001F,0,148,51,0.0
1788187520.35,0020,128,21,51,0.0
1788187520.36,0110,1,40,51,0.0
1788187520.38,0021,0,0,51,0.0
1788187520.41,002C,0,0,51,0.0
1788187520.45,002E,0,0,51,0.0
1788187520.46,0110,1,47,51,0.0
1788187520.47,17B3,84,0,51,0.0
1788187520.48,0030,255,0,51,0.0
1788187520.51,003C,10,229,51,0.0
1788187520.51,010B,34,0,51,0.0
1788187520.54,0040,104,0,51,0.0
1788187520.56,0110,1,37,51,0.0
1788187520.57,0042,55,137,51,0.0
1788187520.61,0043,0,57,51,0.0
1788187520.61,010B,34,0,51,0.0
1788187520.64,0200,0,0,51,0.0
1788187520.66,0110,1,40,51,0.0
1788187520.67,0202,0,0,51,0.0
1788187520.70,0900,5,140,51,0.0
1788187520.71,010B,34,0,51,0.0
1788187520.74,0968,0,0,51,0.0
1788187520.76,0110,1,50,51,0.0
1788187520.77,096E,15,171,51,0.0
1788187520.81,097C,113,190,51,0.0
1788187520.81,010B,34,0,51,0.0
1788187520.84,098E,0,0,51,0.0
1788187520.86,0110,1,43,51,0.0
1788187520.87,1101,0,0,51,0.0
1788187520.90,1103,16,0,51,0.0
1788187520.91,010B,34,0,51,0.0
1788187520.93,1104,0,0,51,0.0
1788187520.97,114A,103,192,51,0.0
1788187521.00,114D,87,0,51,0.0
1788187521.01,010B,34,0,51,0.0
1788187521.03,1153,59,55,51,0.0
1788187521.06,1154,29,128,51,0.0
1788187521.06,0110,1,50,51,0.0
1788187521.09,1169,29,125,51,0.0
1788187521.11,010B,34,0,51,0.0
1788187521.13,1173,0,75,51,0.0
1788187521.16,1177,21,164,51,0.0
1788187521.16,0110,1,40,51,0.0
1788187521.19,1410,0,246,51,0.0
1788187521.21,010B,34,0,51,0.0
1788187521.22,1631,1,0,51,0.0
1788187521.26,1678,0,0,51,0.0
1788187521.30,1681,0,0,51,0.0
1788187521.31,010B,34,0,51,0.0
1788187521.33,16CD,0,0,51,0.0
1788187521.36,16CE,0,0,51,0.0
1788187521.36,0110,1,47,51,0.0
1788187521.39,16CF,12,28,51,0.0
1788187521.41,010B,34,0,51,0.0
1788187521.42,16E8,47,108,51,0.0
1788187521.46,16E9,0,120,51,0.0
1788187521.46,0110,1,50,51,0.0
1788187521.49,16F0,3,131,51,0.0
1788187521.51,010B,34,0,51,0.0
1788187521.52,1704,0,0,51,0.0
1788187521.55,1706,128,0,51,0.0
1788187521.56,0110,1,43,51,0.0
1788187521.58,1709,0,0,51,0.0
1788187521.61,010B,34,0,51,0.0
1788187521.62,1717,1,0,51,0.0
1788187521.65,1718,1,0,51,0.0
1788187521.66,0110,1,50,51,0.0
1788187521.68,1746,0,0,51,0.0
1788187521.71,1782,206,128,51,0.0
1788187521.71,010B,34,0,51,0.0
1788187521.74,1783,110,192,51,0.0
1788187521.76,0110,1,40,51,0.0
1788187521.78,17A0,255,0,51,0.0
1788187521.81,17A6,0,0,51,0.0
1788187521.81,010B,34,0,51,0.0
1788187521.85,17B0,26,0,51,0.0
1788187521.86,0110,1,53,51,0.0
1788187521.88,17B1,32,0,51,0.0
1788187521.91,17B2,4,0,51,0.0
1788187521.91,010B,34,0,51,0.0
1788187521.94,17B3,84,0,51,0.0
1788187521.96,0110,1,47,51,0.0
1788187521.98,17B5,80,0,51,0.0
1788187522.01,17B6,0,0,51,0.0
1788187522.01,010B,34,0,51,0.0
1788187522.04,17B8,241,0,51,0.0
1788187522.06,0110,1,43,51,0.0
1788187522.07,17BA,0,0,51,0.0
1788187522.10,17BB,0,0,51,0.0
1788187522.11,010B,34,0,51,0.0
1788187522.14,17BC,0,0,51,0.0
1788187522.16,0110,1,33,51,0.0
1788187522.17,17BD,149,0,51,0.0
1788187522.20,17BE,0,0,51,0.0
1788187522.21,010B,34,0,51,0.0
1788187522.24,17C1,234,0,51,0.0
1788187522.27,3201,23,112,51,0.0
1788187522.30,990A,48,0,51,0.0
1788187522.31,010B,34,0,51,0.0
1788187522.34,996E,12,128,51,0.0
1788187522.37,A211,0,0,51,0.0
1788187522.40,D100,129,0,51,0.0
1788187522.42,010B,34,0,51,0.0
1788187522.43,E21B,90,74,51,0.0
1788187522.46,E21C,49,56,51,0.0
1788187522.50,E21D,56,56,51,0.0
1788187522.51,010B,34,0,51,0.0
1788187522.53,E21E,70,0,51,0.0
1788187522.56,E6F0,90,74,51,0.0
1788187522.56,0110,1,47,51,0.0
1788187522.59,E6F2,240,0,51,0.0
1788187522.61,010B,34,0,51,0.0
1788187522.62,E6F3,240,0,51,0.0
1788187522.65,0105,91,0,51,0.0
1788187522.66,0110,1,43,51,0.0
1788187522.69,010F,67,0,51,0.0
1788187522.71,010B,34,0,51,0.0
1788187522.72,0110,1,40,51,0.0
1788187522.75,010B,34,0,51,0.0
1788187522.76,0110,1,33,51,0.0
1788187522.78,0106,122,0,51,0.0
1788187522.81,010B,34,0,51,0.0
1788187522.82,0107,130,0,51,0.0
1788187522.85,010E,143,0,51,0.0
1788187522.86,0110,1,50,51,0.0
1788187522.88,0142,55,142,51,0.0
1788187522.91,0000,190,63,51,0.0
1788187522.91,010B,34,0,51,0.0
1788187522.95,0002,0,0,51,0.0
1788187522.96,0110,1,50,51,0.0
1788187522.98,0003,2,0,51,0.0
1788187523.02,0005,91,0,51,0.0
1788187523.05,0006,121,0,51,0.0
1788187523.06,0110,1,43,51,0.0
1788187523.08,0007,130,0,51,0.0
1788187523.11,000B,34,0,51,0.0
1788187523.11,010B,34,0,51,0.0
1788187523.14,000C,15,176,51,0.0
1788187523.17,0110,1,43,51,0.0
1788187523.18,000D,0,0,51,0.0
1788187523.21,000E,144,0,51,0.0
1788187523.21,010B,34,0,51,0.0
1788187523.24,000F,67,0,51,0.0
1788187523.26,0110,1,40,51,0.0
1788187523.27,0010,1,40,51,0.0
1788187523.30,0011,29,0,51,0.0
1788187523.31,010B,34,0,51,0.0
1788187523.34,0013,1,0,51,0.0
1788187523.36,0110,1,40,51,0.0
1788187523.38,001C,10,0,51,0.0
1788187523.41,001F,0,152,51,0.0
1788187523.41,010B,34,0,51,0.0
1788187523.44,0020,128,21,51,0.0
1788187523.46,0110,1,47,51,0.0
1788187523.47,0021,0,0,51,0.0
1788187523.51,002C,0,0,51,0.0
1788187523.51,010B,34,0,51,0.0
1788187523.54,002E,0,0,51,0.0
1788187523.56,0110,1,43,51,0.0
1788187523.57,0030,255,0,51,0.0
1788187523.60,003C,11,6,51,0.0
1788187523.61,010B,34,0,51,0.0
1788187523.63,0040,104,0,51,0.0
1788187523.67,0042,55,135,51,0.0
1788187523.70,0043,0,57,51,0.0
1788187523.71,010B,34,0,51,0.0
1788187523.73,0200,0,0,51,0.0
1788187523.76,0202,0,0,51,0.0
1788187523.76,0110,1,50,51,0.0
1788187523.79,0900,5,135,51,0.0
1788187523.81,010B,34,0,51,0.0
1788187523.83,0968,0,0,51,0.0
1788187523.86,096E,15,152,51,0.0
1788187523.86,0110,1,40,51,0.0
1788187523.90,097C,113,192,51,0.0
1788187523.91,010B,34,0,51,0.0
1788187523.93,098E,0,0,51,0.0
1788187523.96,1101,0,0,51,0.0
1788187523.96,0110,1,50,51,0.0
1788187523.99,1103,16,0,51,0.0
1788187524.01,010B,34,0,51,0.0
1788187524.03,1104,0,0,51,0.0
1788187524.06,114A,103,192,51,0.0
1788187524.06,0110,1,47,51,0.0
1788187524.09,114D,86,64,51,0.0
1788187524.11,010B,34,0,51,0.0
1788187524.12,1153,58,146,51,0.0
1788187524.15,1154,29,128,51,0.0
1788187524.16,0110,1,40,51,0.0
1788187524.19,1169,29,125,51,0.0
1788187524.21,010B,34,0,51,0.0
1788187524.22,1173,0,75,51,0.0
1788187524.25,1177,21,124,51,0.0
1788187524.26,0110,1,30,51,0.0
1788187524.28,1410,0,246,51,0.0
1788187524.31,1631,1,0,51,0.0
1788187524.35,1678,0,0,51,0.0
1788187524.36,0110,1,37,51,0.0
1788187524.38,1681,0,0,51,0.0
1788187524.41,16CD,0,0,51,0.0
1788187524.41,010B,34,0,51,0.0
1788187524.44,16CE,0,0,51,0.0
1788187524.46,0110,1,37,51,0.0
1788187524.46,0142,55,124,51,0.0
1788187524.48,16CF,11,245,51,0.0
1788187524.51,16E8,45,245,51,0.0
1788187524.51,010B,34,0,51,0.0
1788187524.55,16E9,0,121,51,0.0
1788187524.56,0110,1,43,51,0.0
1788187524.58,16F0,3,131,51,0.0
1788187524.61,1704,0,0,51,0.0
1788187524.61,010B,34,0,51,0.0
1788187524.64,1706,128,0,51,0.0
1788187524.66,0110,1,40,51,0.0
1788187524.67,1709,0,0,51,0.0
1788187524.71,1717,1,0,51,0.0
1788187524.71,010B,34,0,51,0.0
1788187524.74,1718,1,0,51,0.0
1788187524.76,0110,1,43,51,0.0
1788187524.77,1746,0,0,51,0.0
1788187524.80,1782,206,64,51,0.0
1788187524.81,010B,34,0,51,0.0
1788187524.83,1783,110,192,51,0.0
1788187524.87,17A0,255,0,51,0.0
1788187524.90,17A6,0,0,51,0.0
1788187524.91,010B,34,0,51,0.0
1788187524.93,17B0,26,0,51,0.0
1788187524.96,17B1,32,0,51,0.0
1788187524.96,0110,1,47,51,0.0
1788187524.99,17B2,4,0,51,0.0
1788187525.02,010B,34,0,51,0.0
1788187525.03,17B3,84,0,51,0.0
1788187525.06,17B5,80,0,51,0.0
1788187525.06,0110,1,50,51,0.0
1788187525.09,17B6,0,0,51,0.0
1788187525.11,010B,34,0,51,0.0
1788187525.13,17B8,241,0,52,0.0
1788187525.16,17BA,0,0,52,0.0
1788187525.16,0110,1,37,52,0.0
1788187525.19,17BB,0,0,52,0.0
1788187525.21,010B,34,0,52,0.0
1788187525.23,17BC,0,0,52,0.0
1788187525.26,17BD,149,0,52,0.0
1788187525.26,0110,1,37,52,0.0
1788187525.29,17BE,0,0,52,0.0
1788187525.32,010B,34,0,52,0.0
1788187525.32,17C1,234,0,51,0.0
1788187525.35,3201,23,112,51,0.0
1788187525.36,0110,1,40,51,0.0
1788187525.39,990A,48,0,51,0.0
1788187525.41,010B,34,0,51,0.0
1788187525.43,996E,12,108,52,0.0
1788187525.46,A211,0,0,52,0.0
1788187525.46,0110,1,47,52,0.0
1788187525.49,D100,129,0,52,0.0
1788187525.51,010B,34,0,52,0.0
1788187525.52,E21B,90,74,52,0.0
1788187525.55,E21C,49,56,52,0.0
1788187525.56,0110,1,37,52,0.0
1788187525.59,E21D,56,56,52,0.0
1788187525.61,010B,34,0,52,0.0
1788187525.62,E21E,70,0,52,0.0
1788187525.65,E6F0,90,74,52,0.0
1788187525.66,0110,1,40,52,0.0
1788187525.68,E6F2,240,0,52,0.0
1788187525.71,010B,34,0,52,0.0
1788187525.71,E6F3,240,0,52,0.0
1788187525.75,0105,92,0,52,0.0
1788187525.76,0110,1,47,52,0.0
1788187525.78,010F,67,0,52,0.0
1788187525.81,0110,1,37,52,0.0
1788187525.84,010B,34,0,52,0.0
1788187525.86,0110,1,37,52,0.0
1788187525.88,0106,122,0,52,0.0
1788187525.91,0107,130,0,52,0.0
1788187525.91,010B,34,0,52,0.0
1788187525.94,010E,142,0,52,0.0
1788187525.96,0110,1,40,52,0.0
1788187525.97,0142,55,126,52,0.0
1788187526.01,0000,190,63,52,0.0
1788187526.01,010B,34,0,52,0.0
1788187526.04,0002,0,0,52,0.0
1788187526.06,0110,1,33,52,0.0
1788187526.08,0003,2,0,52,0.0
1788187526.11,0005,92,0,52,0.0
1788187526.11,010B,34,0,52,0.0
1788187526.14,0006,121,0,52,0.0
1788187526.16,0110,1,40,52,0.0
1788187526.17,0007,130,0,52,0.0
1788187526.21,000B,34,0,52,0.0
1788187526.21,010B,34,0,52,0.0
1788187526.24,000C,15,142,52,0.0
1788187526.26,0110,1,40,52,0.0
1788187526.28,000D,0,0,52,0.0
1788187526.31,000E,145,0,52,0.0
1788187526.31,010B,34,0,52,0.0
1788187526.34,000F,67,0,52,0.0
1788187526.36,0110,1,37,52,0.0
1788187526.37,0010,1,43,52,0.0
1788187526.41,0011,29,0,52,0.0
1788187526.41,010B,34,0,52,0.0
1788187526.44,0013,1,0,52,0.0
1788187526.47,001C,10,0,52,0.0
1788187526.50,001F,0,153,52,0.0
1788187526.51,010B,34,0,52,0.0
1788187526.53,0020,128,21,52,0.0
1788187526.56,0021,0,0,52,0.0
1788187526.60,002C,0,0,52,0.0
1788187526.61,010B,34,0,52,0.0
1788187526.63,002E,0,0,52,0.0
1788187526.66,0030,255,0,52,0.0
1788187526.66,0110,1,33,52,0.0
1788187526.70,003C,11,34,52,0.0
1788187526.71,010B,34,0,52,0.0
1788187526.73,0040,104,0,52,0.0
1788187526.76,0042,55,129,52,0.0
1788187526.80,0043,0,56,52,0.0
1788187526.81,010B,34,0,52,0.0
1788187526.83,0200,0,0,52,0.0
1788187526.86,0202,0,0,52,0.0
1788187526.86,0110,1,40,52,0.0
1788187526.89,0900,5,135,52,0.0
1788187526.91,010B,34,0,52,0.0
1788187526.92,0968,0,0,52,0.0
1788187526.96,096E,15,123,52,0.0
1788187526.96,0110,1,40,52,0.0
1788187526.99,097C,113,194,52,0.0
1788187527.01,010B,34,0,52,0.0
1788187527.02,098E,0,0,52,0.0
1788187527.05,1101,0,0,52,0.0
1788187527.07,0110,1,37,52,0.0
1788187527.08,1103,16,0,52,0.0
1788187527.11,010B,34,0,52,0.0
1788187527.15,114A,103,192,52,0.0
1788187527.16,0110,1,40,52,0.0
1788187527.19,114D,85,192,52,0.0
1788187527.21,010B,34,0,52,0.0
1788187527.22,1153,58,109,52,0.0
1788187527.25,1154,29,128,52,0.0
1788187527.26,0110,1,33,52,0.0
1788187527.28,1169,29,125,52,0.0
1788187527.32,1173,0,65,52,0.0
1788187527.35,1177,21,144,52,0.0
1788187527.36,0110,1,33,52,0.0
1788187527.38,1410,0,246,52,0.0
1788187527.41,1631,1,0,52,0.0
1788187527.41,010B,34,0,52,0.0
1788187527.44,1678,0,0,52,0.0
1788187527.46,0110,1,37,52,0.0
1788187527.48,1681,0,0,52,0.0
1788187527.52,16CD,0,0,52,0.0
1788187527.55,16CE,0,0,52,0.0
1788187527.56,0110,1,37,52,0.0
1788187527.58,16CF,11,251,52,0.0
1788187527.61,16E8,45,237,52,0.0
1788187527.61,010B,34,0,52,0.0
1788187527.64,16E9,0,120,52,0.0
1788187527.66,0110,1,37,52,0.0
1788187527.68,16F0,3,131,52,0.0
1788187527.71,1704,0,0,52,0.0
1788187527.71,010B,34,0,52,0.0
1788187527.74,1706,128,0,52,0.0
1788187527.76,0110,1,33,52,0.0
1788187527.77,1709,0,0,52,0.0
1788187527.80,1717,1,0,52,0.0
1788187527.81,010B,34,0,52,0.0
1788187527.84,1718,1,0,52,0.0
1788187527.86,0110,1,33,52,0.0
1788187527.87,1746,0,0,52,0.0
1788187527.90,1782,206,64,52,0.0
1788187527.91,010B,34,0,52,0.0
1788187527.93,1783,110,192,52,0.0
1788187527.96,17A0,255,0,52,0.0
1788187528.00,17A6,0,0,52,0.0
1788187528.01,010B,34,0,52,0.0
1788187528.04,17B0,26,0,52,0.0
1788187528.07,17B1,32,0,52,0.0
1788187528.10,17B2,4,0,52,0.0
1788187528.11,010B,34,0,52,0.0
1788187528.13,17B3,84,0,52,0.0
1788187528.16,17B5,80,0,52,0.0
1788187528.20,17B6,0,0,52,0.0
1788187528.21,010B,34,0,52,0.0
1788187528.23,17B8,241,0,52,0.0
1788187528.26,17BA,0,0,52,0.0
1788187528.26,0110,1,40,52,0.0
1788187528.29,17BB,0,0,52,0.0
1788187528.31,010B,34,0,52,0.0
1788187528.32,17BC,0,0,52,0.0
1788187528.36,17BD,149,0,52,0.0
1788187528.36,0110,1,33,52,0.0
1788187528.39,17BE,0,0,52,0.0
1788187528.41,010B,33,0,52,0.0
1788187528.42,17C1,234,0,52,0.0
1788187528.45,3201,23,112,52,0.0
1788187528.46,0110,1,40,52,0.0
1788187528.47,17B3,84,0,52,0.0
1788187528.48,990A,48,0,52,0.0
1788187528.51,010B,34,0,52,0.0
1788187528.52,996E,12,108,52,0.0
1788187528.55,A211,0,0,52,0.0
1788187528.56,0110,1,43,52,0.0
1788187528.58,D100,129,0,52,0.0
1788187528.61,E21B,90,74,52,0.0
1788187528.61,010B,34,0,52,0.0
1788187528.64,E21C,49,56,52,0.0
1788187528.66,0110,1,43,52,0.0
1788187528.69,E21D,56,56,52,0.0
1788187528.72,E21E,70,0,52,0.0
1788187528.75,E6F0,90,74,52,0.0
1788187528.76,0110,1,47,52,0.0
1788187528.78,E6F2,240,0,52,0.0
1788187528.81,E6F3,240,0,52,0.0
1788187528.84,0105,92,0,52,0.0
1788187528.86,0110,1,37,52,0.0
1788187528.87,010F,67,0,52,0.0
1788187528.90,0110,1,37,52,0.0
1788187528.91,010B,34,0,52,0.0
1788187528.94,010B,34,0,52,0.0
1788187528.97,0110,1,37,52,0.0
1788187528.97,0106,122,0,52,0.0
1788187529.00,0107,130,0,52,0.0
1788187529.01,010B,34,0,52,0.0
1788187529.03,010E,143,0,52,0.0
1788187529.06,0110,1,37,52,0.0
1788187529.07,0142,55,144,52,0.0
1788187529.10,0000,190,63,52,0.0
1788187529.11,010B,33,0,52,0.0
1788187529.13,0002,0,0,52,0.0
1788187529.17,0003,2,0,52,0.0
1788187529.20,0005,92,0,52,0.0
1788187529.21,010B,34,0,52,0.0
1788187529.23,0006,121,0,52,0.0
1788187529.26,0007,130,0,52,0.0
1788187529.26,0110,1,27,52,0.0
1788187529.29,000B,33,0,52,0.0
1788187529.31,010B,34,0,52,0.0
1788187529.32,000C,15,109,52,0.0
1788187529.36,000D,0,0,52,0.0
1788187529.37,0110,1,40,52,0.0
1788187529.39,000E,145,0,52,0.0
1788187529.41,010B,34,0,52,0.0
1788187529.43,000F,67,0,52,0.0
1788187529.45,0010,1,33,52,0.0
1788187529.46,0110,1,33,52,0.0
1788187529.49,0011,29,0,52,0.0
1788187529.51,010B,34,0,52,0.0
1788187529.52,0013,1,0,52,0.0
1788187529.56,001C,10,0,52,0.0
1788187529.56,0110,1,30,52,0.0
1788187529.59,001F,0,156,52,0.0
1788187529.61,010B,34,0,52,0.0
1788187529.62,0020,128,21,52,0.0
1788187529.65,0021,0,0,52,0.0
1788187529.67,0110,1,40,52,0.0
1788187529.69,002C,0,0,52,0.0
1788187529.71,010B,34,0,52,0.0
1788187529.72,002E,0,0,52,0.0
1788187529.75,0030,255,0,52,0.0
1788187529.76,0110,1,37,52,0.0
1788187529.78,003C,11,67,52,0.0
1788187529.82,0040,104,0,52,0.0
1788187529.85,0042,55,143,52,0.0
1788187529.86,0110,1,37,52,0.0
1788187529.89,0043,0,57,52,0.0
1788187529.92,0200,0,0,52,0.0
1788187529.95,0202,0,0,52,0.0
1788187529.96,0110,1,33,52,0.0
1788187529.98,0900,5,135,52,0.0
1788187530.01,0968,0,0,52,0.0
1788187530.05,096E,15,93,52,0.0
1788187530.06,0110,1,37,52,0.0
1788187530.08,097C,113,197,52,0.0
1788187530.11,098E,0,0,52,0.0
1788187530.11,010B,34,0,52,0.0
1788187530.14,1101,0,0,52,0.0
1788187530.16,0110,1,33,52,0.0
1788187530.17,1103,16,0,52,0.0
1788187530.21,1104,0,0,52,0.0
1788187530.21,010B,34,0,52,0.0
1788187530.24,114A,103,192,52,0.0
1788187530.26,0110,1,33,52,0.0
1788187530.27,114D,85,0,52,0.0
1788187530.30,1153,57,240,52,0.0
1788187530.31,010B,34,0,52,0.0
1788187530.33,1154,29,128,52,0.0
1788187530.37,1169,29,125,52,0.0
1788187530.40,1173,0,65,52,0.0
1788187530.41,010B,34,0,52,0.0
1788187530.43,1177,21,124,52,0.0
1788187530.46,1410,0,245,52,0.0
1788187530.46,0110,1,27,52,0.0
1788187530.47,17B3,84,0,52,0.0
1788187530.49,1631,1,0,52,0.0
1788187530.51,010B,34,0,52,0.0
1788187530.53,1678,0,0,52,0.0
1788187530.57,1681,0,0,52,0.0
1788187530.60,16CD,0,0,52,0.0
1788187530.61,010B,34,0,52,0.0
1788187530.63,16CE,0,0,52,0.0
1788187530.66,16CF,12,76,52,0.0
1788187530.66,0110,1,37,52,0.0
1788187530.69,16E8,48,233,52,0.0
1788187530.71,010B,34,0,52,0.0
1788187530.73,16E9,0,121,52,0.0
1788187530.76,16F0,3,131,52,0.0
1788187530.76,0110,1,37,52,0.0
1788187530.79,1704,0,0,52,0.0
1788187530.81,010B,34,0,52,0.0
1788187530.82,1706,128,0,52,0.0
1788187530.85,1709,0,0,52,0.0
1788187530.86,0110,1,30,52,0.0
1788187530.89,1717,1,0,52,0.0
1788187530.91,010B,34,0,52,0.0
1788187530.92,1718,1,0,52,0.0
1788187530.95,1746,0,0,52,0.0
1788187530.96,0110,1,33,52,0.0
1788187530.98,1782,206,0,52,0.0
1788187531.01,010B,34,0,52,0.0
1788187531.02,1783,110,192,52,0.0
1788187531.05,17A0,255,0,52,0.0
1788187531.06,0110,1,33,52,0.0
1788187531.09,17A6,0,0,52,0.0
1788187531.12,17B0,25,0,52,0.0
1788187531.15,17B1,32,0,52,0.0
1788187531.16,0110,1,27,52,0.0
1788187531.18,17B2,4,0,52,0.0
1788187531.21,17B3,84,0,52,0.0
1788187531.25,17B5,80,0,52,0.0
1788187531.27,0110,1,33,52,0.0
1788187531.28,17B6,0,0,52,0.0
1788187531.31,17B8,241,0,52,0.0
1788187531.31,010B,34,0,52,0.0
1788187531.34,17BA,0,0,52,0.0
1788187531.36,0110,1,33,52,0.0
1788187531.37,17BB,0,0,52,0.0
1788187531.41,17BC,0,0,52,0.0
1788187531.41,010B,34,0,52,0.0
1788187531.45,17BD,149,0,52,0.0
1788187531.46,0110,1,30,52,0.0
1788187531.48,17BE,0,0,52,0.0
1788187531.51,17C1,234,0,52,0.0
1788187531.51,010B,33,0,52,0.0
1788187531.54,3201,23,112,52,0.0
1788187531.56,0110,1,27,52,0.0
1788187531.57,990A,48,0,52,0.0
1788187531.61,996E,12,108,52,0.0
1788187531.61,010B,34,0,52,0.0
1788187531.64,A211,0,0,52,0.0
1788187531.66,0110,1,40,52,0.0
1788187531.67,D100,129,0,52,0.0
1788187531.71,E21B,90,74,52,0.0
1788187531.71,010B,34,0,52,0.0
1788187531.74,E21C,49,56,52,0.0
1788187531.76,0110,1,33,52,0.0
1788187531.77,E21D,56,56,52,0.0
1788187531.81,E21E,70,0,52,0.0
1788187531.81,010B,34,0,52,0.0
1788187531.84,E6F0,90,74,52,0.0
1788187531.86,0110,1,37,52,0.0
1788187531.87,E6F2,240,0,52,0.0
1788187531.90,E6F3,240,0,52,0.0
1788187531.91,010B,33,0,52,0.0
1788187531.93,0105,92,0,52,0.0
1788187531.96,010F,67,0,52,0.0
1788187531.96,0110,1,33,52,0.0
1788187531.99,0110,1,37,52,0.0
1788187532.01,010B,34,0,52,0.0
1788187532.03,010B,33,0,52,0.0
1788187532.06,0106,125,0,52,0.0
1788187532.06,0110,1,33,52,0.0
1788187532.09,0107,130,0,52,0.0
1788187532.11,010B,34,0,52,0.0
1788187532.12,010E,141,0,52,0.0
1788187532.16,0142,55,144,52,0.0
1788187532.16,0110,1,33,52,0.0
1788187532.20,0000,190,63,52,0.0
1788187532.21,010B,33,0,52,0.0
1788187532.23,0002,0,0,52,0.0
1788187532.26,0003,2,0,52,0.0
1788187532.26,0110,1,30,52,0.0
1788187532.29,0005,92,0,52,0.0
1788187532.31,010B,33,0,52,0.0
1788187532.33,0006,123,0,52,0.0
1788187532.36,0007,130,0,52,0.0
1788187532.36,0110,1,27,52,0.0
1788187532.39,000B,33,0,52,0.0
1788187532.41,010B,33,0,52,0.0
1788187532.42,000C,15,104,52,0.0
1788187532.45,000D,0,0,52,0.0
1788187532.46,0110,1,30,52,0.0
1788187532.47,17B3,84,0,52,0.0
1788187532.49,000E,143,0,52,0.0
1788187532.51,010B,33,0,52,0.0
1788187532.52,000F,67,0,52,0.0
1788187532.55,0010,1,27,52,0.0
1788187532.56,0110,1,33,52,0.0
1788187532.58,0011,29,0,52,0.0
1788187532.62,0013,1,0,52,0.0
1788187532.65,001C,10,0,52,0.0
1788187532.66,0110,1,33,52,0.0
1788187532.68,001F,0,160,52,0.0
1788187532.71,0020,128,21,52,0.0
1788187532.71,010B,33,0,52,0.0
1788187532.74,0021,0,0,52,0.0
1788187532.76,0110,1,30,52,0.0
1788187532.77,002C,0,0,52,0.0
1788187532.81,002E,0,0,52,0.0
1788187532.81,010B,33,0,52,0.0
1788187532.85,0030,255,0,52,0.0
1788187532.86,0110,1,43,52,0.0
1788187532.88,003C,11,98,52,0.0
1788187532.91,0040,104,0,52,0.0
1788187532.91,010B,33,0,52,0.0
1788187532.94,0042,55,134,52,0.0
1788187532.96,0110,1,37,52,0.0
1788187532.97,0043,0,57,52,0.0
1788187533.01,0200,0,0,52,0.0
1788187533.01,010B,33,0,52,0.0
1788187533.04,0202,0,0,52,0.0
1788187533.06,0110,1,33,52,0.0
1788187533.07,0900,5,130,52,0.0
1788187533.10,0968,0,0,52,0.0
1788187533.11,010B,33,0,52,0.0
1788187533.13,096E,15,74,52,0.0
1788187533.17,097C,113,194,52,0.0
1788187533.20,098E,0,0,52,0.0
1788187533.21,010B,33,0,52,0.0
1788187533.23,1101,0,0,52,0.0
1788187533.26,1103,16,0,52,0.0
1788187533.30,1104,0,0,52,0.0
1788187533.32,010B,33,0,52,0.0
1788187533.33,114A,103,128,52,0.0
1788187533.36,114D,84,64,52,0.0
1788187533.36,0110,1,30,52,0.0
1788187533.39,1153,57,160,52,0.0
1788187533.41,010B,33,0,52,0.0
1788187533.42,1154,29,128,52,0.0
1788187533.45,1169,29,125,52,0.0
1788187533.46,0110,1,27,52,0.0
1788187533.50,1173,2,178,52,0.0
1788187533.51,010B,33,0,52,0.0
1788187533.53,1177,21,104,53,0.0
1788187533.56,1410,0,239,53,0.0
1788187533.56,0110,1,24,53,0.0
1788187533.59,1631,1,0,53,0.0
1788187533.61,010B,33,0,53,0.0
1788187533.62,1678,0,0,53,0.0
1788187533.66,1681,0,0,53,0.0
1788187533.66,0110,1,30,53,0.0
1788187533.69,16CD,0,0,53,0.0
1788187533.71,010B,33,0,53,0.0
1788187533.72,16CE,0,0,53,0.0
1788187533.75,16CF,12,3,53,0.0
1788187533.76,0110,1,30,53,0.0
1788187533.78,16E8,46,71,53,0.0
1788187533.82,16E9,0,120,53,0.0
1788187533.85,16F0,3,131,53,0.0
1788187533.86,0110,1,33,53,0.0
1788187533.88,1704,0,0,53,0.0
1788187533.91,1706,128,0,53,0.0
1788187533.91,010B,34,0,53,0.0
1788187533.94,1709,0,0,53,0.0
1788187533.96,0110,1,40,53,0.0
1788187533.98,1717,1,0,53,0.0
1788187534.01,1718,1,0,53,0.0
1788187534.01,010B,34,0,53,0.0
1788187534.05,1746,0,0,53,0.0
1788187534.07,0110,1,30,53,0.0
1788187534.08,1782,206,0,53,0.0
1788187534.11,1783,110,192,53,0.0
1788187534.11,010B,34,0,53,0.0
1788187534.14,17A0,255,0,53,0.0
1788187534.16,0110,1,30,53,0.0
1788187534.18,17A6,0,0,53,0.0
1788187534.21,17B0,25,0,53,0.0
1788187534.21,010B,34,0,53,0.0
1788187534.23,17B1,32,0,53,0.0
1788187534.27,17B2,4,0,53,0.0
1788187534.30,17B3,84,0,53,0.0
1788187534.31,010B,34,0,53,0.0
1788187534.34,17B5,80,0,53,0.0
1788187534.37,17B6,0,0,53,0.0
1788187534.40,17B8,241,0,53,0.0
1788187534.41,010B,34,0,53,0.0
1788187534.43,17BA,0,0,53,0.0
1788187534.47,17BB,0,0,53,0.0
1788187534.50,17BC,0,0,53,0.0
1788187534.51,010B,33,0,53,0.0
1788187534.53,17BD,149,0,53,0.0
1788187534.56,17BE,0,0,53,0.0
1788187534.56,0110,1,40,53,0.0
1788187534.59,17C1,234,0,53,0.0
1788187534.61,010B,34,0,53,0.0
1788187534.62,3201,23,112,53,0.0
1788187534.66,990A,48,0,53,0.0
1788187534.66,0110,1,33,53,0.0
1788187534.69,996E,12,108,53,0.0
1788187534.71,010B,33,0,53,0.0
1788187534.72,A211,0,0,53,0.0
1788187534.75,D100,129,0,53,0.0
1788187534.76,0110,1,30,53,0.0
1788187534.78,E21B,90,74,53,0.0
1788187534.82,E21C,49,56,53,0.0
1788187534.85,E21D,56,56,53,0.0
1788187534.86,0110,1,37,53,0.0
1788187534.88,E21E,70,0,53,0.0
1788187534.91,E6F0,90,74,53,0.0
1788187534.91,010B,33,0,53,0.0
1788187534.94,E6F2,240,0,53,0.0
1788187534.96,0110,1,33,53,0.0
1788187534.98,E6F3,240,0,53,0.0
1788187535.01,0105,93,0,53,0.0
1788187535.01,010B,33,0,53,0.0
1788187535.04,010F,67,0,53,0.0
1788187535.06,0110,1,30,53,0.0
1788187535.07,0110,1,30,53,0.0
1788187535.10,010B,33,0,53,0.0
1788187535.11,010B,34,0,53,0.0
1788187535.14,0106,123,0,53,0.0
1788187535.16,0110,1,24,53,0.0
1788187535.17,0107,130,0,53,0.0
1788187535.20,010E,143,0,53,0.0
1788187535.21,010B,33,0,53,0.0
1788187535.23,0142,55,137,53,0.0
1788187535.26,0110,1,24,53,0.0
1788187535.27,0000,190,63,53,0.0
1788187535.30,0002,0,0,53,0.0
1788187535.31,010B,33,0,53,0.0
1788187535.34,0003,2,0,53,0.0
1788187535.37,0005,93,0,53,0.0
1788187535.40,0006,124,0,53,0.0
1788187535.41,010B,33,0,53,0.0
1788187535.43,0007,130,0,53,0.0
1788187535.46,000B,33,0,53,0.0
1788187535.50,000C,15,56,53,0.0
1788187535.51,010B,33,0,53,0.0
1788187535.53,000D,0,0,53,0.0
1788187535.56,000E,144,0,53,0.0
1788187535.56,0110,1,17,53,0.0
1788187535.59,000F,67,0,53,0.0
1788187535.61,010B,33,0,53,0.0
1788187535.62,0010,1,24,53,0.0
1788187535.66,0011,29,0,53,0.0
1788187535.66,0110,1,27,53,0.0
1788187535.69,0013,1,0,53,0.0
1788187535.71,010B,33,0,53,0.0
1788187535.73,001C,10,0,53,0.0
1788187535.76,001F,0,163,53,0.0
1788187535.77,0110,1,27,53,0.0
1788187535.79,0020,128,21,53,0.0
1788187535.81,010B,33,0,53,0.0
1788187535.82,0021,0,0,53,0.0
1788187535.86,002C,0,0,53,0.0
1788187535.86,0110,1,27,53,0.0
1788187535.89,002E,0,0,53,0.0
1788187535.91,010B,33,0,53,0.0
1788187535.92,0030,255,0,53,0.0
1788187535.95,003C,11,130,53,0.0
1788187535.96,0110,1,33,53,0.0
1788187535.98,0040,104,0,53,0.0
1788187536.02,0042,55,134,53,0.0
1788187536.05,0043,0,57,53,0.0
1788187536.06,0110,1,37,53,0.0
1788187536.08,0200,0,0,53,0.0
1788187536.11,0202,0,0,53,0.0
1788187536.11,010B,33,0,53,0.0
1788187536.14,0900,5,130,53,0.0
1788187536.16,0110,1,37,53,0.0
1788187536.18,0968,0,0,53,0.0
1788187536.21,096E,15,51,53,0.0
1788187536.21,010B,33,0,53,0.0
1788187536.25,097C,113,196,53,0.0
1788187536.26,0110,1,27,53,0.0
1788187536.28,098E,0,0,53,0.0
1788187536.31,1101,0,0,53,0.0
1788187536.31,010B,33,0,53,0.0
1788187536.34,1103,16,0,53,0.0
1788187536.36,0110,1,30,53,0.0
1788187536.38,1104,0,0,53,0.0
1788187536.41,114A,103,128,53,0.0
1788187536.41,010B,33,0,53,0.0
1788187536.44,114D,83,192,53,0.0
1788187536.46,0110,1,30,53,0.0
1788187536.47,1153,57,66,53,0.0
1788187536.50,1154,29,128,53,0.0
1788187536.51,010B,33,0,53,0.0
1788187536.54,1169,29,125,53,0.0
1788187536.56,0110,1,30,53,0.0
1788187536.57,1173,0,140,53,0.0
1788187536.60,1177,21,104,53,0.0
1788187536.61,010B,33,0,53,0.0
1788187536.63,1410,0,244,53,0.0
1788187536.66,0110,1,33,53,0.0
1788187536.66,1631,1,0,53,0.0
1788187536.70,1678,0,0,53,0.0
1788187536.71,010B,33,0,53,0.0
1788187536.74,1681,0,0,53,0.0
1788187536.77,16CD,0,0,53,0.0
1788187536.80,16CE,0,0,53,0.0
1788187536.81,010B,33,0,53,0.0
1788187536.83,16CF,12,0,53,0.0
1788187536.86,16E8,45,15,53,0.0
1788187536.90,16E9,0,120,53,0.0
1788187536.91,010B,33,0,53,0.0
1788187536.93,16F0,3,131,53,0.0
1788187536.96,1704,0,0,53,0.0
1788187536.96,0110,1,33,53,0.0
1788187536.99,1706,128,0,53,0.0
1788187537.01,010B,33,0,53,0.0
1788187537.02,1709,0,0,53,0.0
1788187537.06,1717,1,0,53,0.0
1788187537.06,0110,1,30,53,0.0
1788187537.09,1718,1,0,53,0.0
1788187537.11,010B,33,0,53,0.0
1788187537.12,1746,0,0,53,0.0
1788187537.15,1782,205,192,53,0.0
1788187537.16,0110,1,27,53,0.0
1788187537.18,1783,110,192,53,0.0
1788187537.21,010B,33,0,53,0.0
1788187537.22,17A0,255,0,53,0.0
1788187537.25,17A6,0,0,53,0.0
1788187537.26,0110,1,30,53,0.0
1788187537.28,17B0,25,0,53,0.0
1788187537.31,17B1,32,0,53,0.0
1788187537.35,17B2,4,0,53,0.0
1788187537.36,0110,1,33,53,0.0
1788187537.38,17B3,84,0,53,0.0
1788187537.42,17B5,80,0,53,0.0
1788187537.45,17B6,0,0,53,0.0
1788187537.46,0110,1,27,53,0.0
1788187537.48,17B8,241,0,53,0.0
1788187537.51,17BA,0,0,53,0.0
1788187537.54,17BB,0,0,53,0.0
1788187537.56,0110,1,20,53,0.0
1788187537.58,17BC,0,0,53,0.0
1788187537.61,17BD,149,0,53,0.0
1788187537.61,010B,33,0,53,0.0
1788187537.64,17BE,0,0,53,0.0
1788187537.66,0110,1,33,53,0.0
1788187537.67,17C1,234,0,53,0.0
1788187537.71,3201,23,112,53,0.0
1788187537.71,010B,33,0,53,0.0
1788187537.74,990A,48,0,53,0.0
1788187537.76,0110,1,33,53,0.0
1788187537.77,996E,12,108,53,0.0
1788187537.80,A211,0,0,53,0.0
1788187537.81,010B,33,0,53,0.0
1788187537.83,D100,129,0,53,0.0
1788187537.86,0110,1,30,53,0.0
1788187537.87,E21B,90,74,53,0.0
1788187537.91,E21C,49,56,53,0.0
1788187537.91,010B,33,0,53,0.0
1788187537.94,E21D,56,56,53,0.0
1788187537.96,0110,1,30,53,0.0
1788187538.00,E6F0,90,74,53,0.0
1788187538.01,010B,33,0,53,0.0
1788187538.03,E6F2,240,0,53,0.0
1788187538.07,E6F3,240,0,53,0.0
1788187538.09,0105,93,0,53,0.0
1788187538.11,010B,33,0,53,0.0
1788187538.13,010F,67,0,53,0.0
1788187538.16,0110,1,30,53,0.0
1788187538.16,0110,1,30,53,0.0
1788187538.19,010B,33,0,53,0.0
1788187538.21,010B,33,0,53,0.0
1788187538.23,0106,122,0,53,0.0
1788187538.26,0107,130,0,53,0.0
1788187538.26,0110,1,27,53,0.0
1788187538.29,010E,143,0,53,0.0
1788187538.31,010B,33,0,53,0.0
1788187538.32,0142,55,143,53,0.0
1788187538.36,0000,190,63,53,0.0
1788187538.36,0110,1,30,53,0.0
1788187538.39,0002,0,0,53,0.0
1788187538.41,010B,33,0,53,0.0
1788187538.43,0003,2,0,53,0.0
1788187538.46,0005,93,0,53,0.0
1788187538.46,0110,1,30,53,0.0
1788187538.46,0142,55,123,53,0.0
1788187538.49,0006,122,0,53,0.0
1788187538.51,010B,33,0,53,0.0
1788187538.52,0007,130,0,53,0.0
1788187538.55,000B,33,0,53,0.0
1788187538.57,0110,1,30,53,0.0
1788187538.59,000C,15,36,53,0.0
1788187538.61,010B,33,0,53,0.0
1788187538.62,000D,0,0,53,0.0
1788187538.65,000E,144,0,53,0.0
1788187538.66,0110,1,30,53,0.0
1788187538.69,000F,67,0,53,0.0
1788187538.71,010B,33,0,53,0.0
1788187538.75,0011,29,0,53,0.0
1788187538.76,0110,1,17,53,0.0
1788187538.79,0013,1,0,53,0.0
1788187538.82,001C,10,0,53,0.0
1788187538.85,001F,0,166,53,0.0
1788187538.86,0110,1,24,53,0.0
1788187538.88,0020,128,21,53,0.0
1788187538.91,0021,0,0,53,0.0
1788187538.95,002C,0,0,53,0.0
1788187538.96,0110,1,27,53,0.0
1788187538.98,002E,0,0,53,0.0
1788187539.01,0030,255,0,53,0.0
1788187539.01,010B,33,0,53,0.0
1788187539.04,003C,11,157,53,0.0
1788187539.06,0110,1,30,53,0.0
1788187539.07,0040,104,0,53,0.0
1788187539.11,0042,55,141,53,0.0
1788187539.11,010B,33,0,53,0.0
1788187539.14,0043,0,56,53,0.0
1788187539.16,0110,1,33,53,0.0
1788187539.18,0200,0,0,53,0.0
1788187539.21,0202,0,0,53,0.0
1788187539.21,010B,33,0,53,0.0
1788187539.24,0900,5,130,53,0.0
1788187539.26,0110,1,30,53,0.0
1788187539.27,0968,0,0,53,0.0
1788187539.31,096E,15,25,53,0.0
1788187539.31,010B,33,0,53,0.0
1788187539.34,097C,113,198,53,0.0
1788187539.36,0110,1,37,53,0.0
1788187539.37,098E,0,0,53,0.0
1788187539.40,1101,0,0,53,0.0
1788187539.41,010B,33,0,53,0.0
1788187539.43,1103,16,0,53,0.0
1788187539.46,0110,1,33,53,0.0
1788187539.47,1104,0,0,53,0.0
1788187539.50,114A,103,64,53,0.0
1788187539.51,010B,33,0,53,0.0
1788187539.54,114D,83,0,53,0.0
1788187539.56,0110,1,33,53,0.0
1788187539.57,1153,56,235,53,0.0
1788187539.60,1154,29,128,53,0.0
1788187539.61,010B,33,0,53,0.0
1788187539.63,1169,29,125,53,0.0
1788187539.67,1173,0,80,53,0.0
1788187539.70,1177,21,44,53,0.0
1788187539.71,010B,33,0,53,0.0
1788187539.73,1410,0,245,53,0.0
1788187539.76,1631,1,0,53,0.0
1788187539.76,0110,1,24,53,0.0
1788187539.79,1678,0,0,53,0.0
1788187539.81,010B,33,0,53,0.0
1788187539.83,1681,0,0,53,0.0
1788187539.86,16CD,0,0,53,0.0
1788187539.86,0110,1,30,53,0.0
1788187539.89,16CE,0,0,53,0.0
1788187539.91,010B,33,0,53,0.0
1788187539.92,16CF,12,56,53,0.0
1788187539.95,16E8,49,198,53,0.0
1788187539.96,0110,1,20,53,0.0
1788187539.99,16E9,0,120,53,0.0
1788187540.01,010B,33,0,53,0.0
1788187540.02,16F0,3,131,53,0.0
1788187540.05,1704,0,0,53,0.0
1788187540.06,0110,1,40,53,0.0
1788187540.08,1706,128,0,53,0.0
1788187540.11,1709,0,0,53,0.0
1788187540.15,1717,1,0,53,0.0
1788187540.16,0110,1,30,53,0.0
1788187540.19,1718,1,0,53,0.0
1788187540.22,1746,0,0,53,0.0
1788187540.25,1782,205,128,53,0.0
1788187540.26,0110,1,30,53,0.0
1788187540.28,1783,110,192,53,0.0
1788187540.31,17A0,255,0,53,0.0
1788187540.35,17A6,0,0,53,0.0
1788187540.36,0110,1,20,53,0.0
1788187540.38,17B0,25,0,53,0.0
1788187540.41,17B1,32,0,53,0.0
1788187540.41,010B,33,0,53,0.0
1788187540.44,17B2,4,0,53,0.0
1788187540.46,0110,1,27,53,0.0
1788187540.47,17B3,84,0,53,0.0
1788187540.47,17B3,84,0,53,0.0
1788187540.51,17B5,80,0,53,0.0
1788187540.51,010B,33,0,53,0.0
1788187540.54,17B6,0,0,53,0.0
1788187540.56,0110,1,30,53,0.0
1788187540.57,17B8,241,0,53,0.0
1788187540.61,17BA,0,0,53,0.0
1788187540.61,010B,33,0,53,0.0
1788187540.64,17BB,0,0,53,0.0
1788187540.66,0110,1,24,53,0.0
1788187540.67,17BC,0,0,53,0.0
1788187540.71,17BD,148,0,53,0.0
1788187540.71,010B,33,0,53,0.0
1788187540.74,17BE,0,0,53,0.0
1788187540.76,0110,1,30,53,0.0
1788187540.80,3201,23,112,53,0.0
1788187540.81,010B,33,0,53,0.0
1788187540.83,990A,48,0,53,0.0
1788187540.87,996E,12,108,53,0.0
1788187540.90,A211,0,0,53,0.0
1788187540.91,010B,33,0,53,0.0
1788187540.93,D100,129,0,53,0.0
1788187540.96,E21B,90,74,53,0.0
1788187540.99,E21C,49,56,53,0.0
1788187541.01,010B,33,0,53,0.0
1788187541.03,E21D,56,56,53,0.0
1788187541.06,E21E,70,0,53,0.0
1788187541.06,0110,1,20,53,0.0
1788187541.09,E6F0,90,74,53,0.0
1788187541.11,010B,33,0,53,0.0
1788187541.12,E6F2,240,0,53,0.0
1788187541.16,E6F3,240,0,53,0.0
1788187541.16,0110,1,24,53,0.0
1788187541.19,0105,93,0,53,0.0
1788187541.21,010B,33,0,53,0.0
1788187541.22,010F,68,0,53,0.0
1788187541.25,0110,1,27,53,0.0
1788187541.26,0110,1,24,53,0.0
1788187541.28,010B,33,0,53,0.0
1788187541.31,010B,33,0,53,0.0
1788187541.32,0106,120,0,53,0.0
1788187541.35,0107,130,0,53,0.0
1788187541.36,0110,1,33,53,0.0
1788187541.38,010E,145,0,53,0.0
1788187541.41,010B,33,0,53,0.0
1788187541.42,0142,55,139,53,0.0
1788187541.45,0000,190,63,53,0.0
1788187541.46,0110,1,27,53,0.0
1788187541.48,0002,0,0,53,0.0
1788187541.51,0003,2,0,53,0.0
1788187541.55,0005,93,0,53,0.0
1788187541.56,0110,1,30,53,0.0
1788187541.58,0006,121,0,53,0.0
1788187541.61,0007,130,0,53,0.0
1788187541.61,010B,33,0,53,0.0
1788187541.64,000B,33,0,53,0.0
1788187541.66,0110,1,30,53,0.0
1788187541.67,000C,15,10,53,0.0
1788187541.71,000D,0,0,53,0.0
1788187541.71,010B,33,0,53,0.0
1788187541.75,000E,145,0,53,0.0
1788187541.76,0110,1,30,53,0.0
1788187541.78,000F,68,0,53,0.0
1788187541.81,0010,1,24,53,0.0
1788187541.81,010B,33,0,53,0.0
1788187541.84,0011,29,0,53,0.0
1788187541.86,0110,1,30,53,0.0
1788187541.87,0013,1,0,53,0.0
1788187541.91,001C,10,0,53,0.0
1788187541.91,010B,33,0,53,0.0
1788187541.94,001F,0,169,53,0.0
1788187541.96,0110,1,30,53,0.0
1788187541.97,0020,128,21,53,0.0
1788187542.00,0021,0,0,53,0.0
1788187542.01,010B,33,0,53,0.0
1788187542.04,002C,0,0,53,0.0
1788187542.06,0110,1,30,53,0.0
1788187542.07,002E,0,0,53,0.0
1788187542.10,0030,255,0,53,0.0
1788187542.11,010B,33,0,53,0.0
1788187542.13,003C,11,188,53,0.0
1788187542.16,0040,104,0,53,0.0
1788187542.16,0110,1,27,53,0.0
1788187542.19,0042,55,137,53,0.0
1788187542.21,010B,33,0,53,0.0
1788187542.24,0043,0,57,53,0.0
1788187542.27,0200,0,0,53,0.0
1788187542.30,0202,0,0,53,0.0
1788187542.31,010B,33,0,53,0.0
1788187542.33,0900,5,130,53,0.0
1788187542.36,0968,0,0,53,0.0
1788187542.36,0110,1,30,53,0.0
1788187542.40,096E,15,5,53,0.0
1788187542.41,010B,33,0,53,0.0
1788187542.43,097C,113,200,53,0.0
1788187542.46,098E,0,0,53,0.0
1788187542.46,0110,1,20,53,0.0
1788187542.47,17B3,84,0,53,0.0
1788187542.49,1101,0,0,53,0.0
1788187542.51,010B,33,0,53,0.0
1788187542.52,1103,16,0,53,0.0
1788187542.56,1104,0,0,53,0.0
1788187542.60,114A,103,64,53,0.0
1788187542.61,010B,33,0,53,0.0
1788187542.63,114D,82,128,54,0.0
1788187542.66,1153,56,214,54,0.0
1788187542.66,0110,1,27,54,0.0
1788187542.69,1154,29,128,54,0.0
1788187542.72,010B,33,0,54,0.0
1788187542.72,1169,29,125,54,0.0
1788187542.76,1173,2,173,54,0.0
1788187542.76,0110,1,24,54,0.0
1788187542.79,1177,21,24,54,0.0
1788187542.81,010B,33,0,54,0.0
1788187542.82,1410,0,246,54,0.0
1788187542.85,1631,1,0,54,0.0
1788187542.86,0110,1,24,54,0.0
1788187542.88,1678,0,0,54,0.0
1788187542.92,1681,0,0,54,0.0
1788187542.95,16CD,0,0,54,0.0
1788187542.96,0110,1,37,54,0.0
1788187542.98,16CE,0,0,54,0.0
1788187543.01,16CF,11,229,54,0.0
1788187543.01,010B,33,0,54,0.0
1788187543.05,16E8,45,232,54,0.0
1788187543.06,0110,1,20,54,0.0
1788187543.08,16E9,0,121,54,0.0
1788187543.12,16F0,3,131,54,0.0
1788187543.15,1704,0,0,54,0.0
1788187543.16,0110,1,27,54,0.0
1788187543.18,1706,128,0,54,0.0
1788187543.21,1709,0,0,54,0.0
1788187543.21,010B,33,0,54,0.0
1788187543.24,1717,1,0,54,0.0
1788187543.26,0110,1,30,54,0.0
1788187543.28,1718,1,0,54,0.0
1788187543.31,1746,0,0,54,0.0
1788187543.31,010B,33,0,54,0.0
1788187543.35,1782,205,128,54,0.0
1788187543.36,0110,1,30,54,0.0
1788187543.38,1783,110,192,54,0.0
1788187543.41,17A0,255,0,54,0.0
1788187543.41,010B,33,0,54,0.0
1788187543.44,17A6,0,0,54,0.0
1788187543.46,0110,1,20,54,0.0
1788187543.48,17B0,25,0,54,0.0
1788187543.51,17B1,32,0,54,0.0
1788187543.51,010B,33,0,54,0.0
1788187543.54,17B2,4,0,54,0.0
1788187543.56,0110,1,24,54,0.0
1788187543.57,17B3,84,0,54,0.0
1788187543.60,17B5,80,0,54,0.0
1788187543.61,010B,33,0,54,0.0
1788187543.64,17B6,0,0,54,0.0
1788187543.66,0110,1,24,54,0.0
1788187543.67,17B8,241,0,54,0.0
1788187543.70,17BA,0,0,54,0.0
1788187543.71,010B,33,0,54,0.0
1788187543.73,17BB,0,0,54,0.0
1788187543.76,17BC,0,0,54,0.0
1788187543.80,17BD,148,0,54,0.0
1788187543.81,010B,33,0,54,0.0
1788187543.84,17BE,0,0,54,0.0
1788187543.87,17C1,234,0,54,0.0
1788187543.90,3201,23,112,54,0.0
1788187543.91,010B,33,0,54,0.0
1788187543.93,990A,48,0,54,0.0
1788187543.96,996E,12,88,54,0.0
1788187544.00,A211,0,0,54,0.0
1788187544.01,010B,33,0,54,0.0
1788187544.04,D100,129,0,54,0.0
1788187544.07,E21B,90,74,54,0.0
1788187544.10,E21C,49,56,54,0.0
1788187544.11,010B,33,0,54,0.0
1788187544.13,E21D,56,56,54,0.0
1788187544.16,E21E,70,0,54,0.0
1788187544.20,E6F0,90,74,54,0.0
1788187544.21,010B,33,0,54,0.0
1788187544.23,E6F2,240,0,54,0.0
1788187544.26,E6F3,240,0,54,0.0
1788187544.26,0110,1,24,54,0.0
1788187544.29,0105,94,0,54,0.0
1788187544.31,010B,33,0,54,0.0
1788187544.32,010F,68,0,54,0.0
1788187544.36,0110,1,30,54,0.0
1788187544.36,0110,1,27,54,0.0
1788187544.39,010B,33,0,54,0.0
1788187544.41,010B,33,0,54,0.0
1788187544.42,0106,119,0,54,0.0
1788187544.46,0107,130,0,54,0.0
1788187544.46,0110,1,33,54,0.0
1788187544.47,17B3,84,0,54,0.0
1788187544.49,010E,147,0,54,0.0
1788187544.51,010B,33,0,54,0.0
1788187544.52,0142,55,134,54,0.0
1788187544.56,0000,190,63,54,0.0
1788187544.56,0110,1,27,54,0.0
1788187544.59,0002,0,0,54,0.0
1788187544.61,010B,33,0,54,0.0
1788187544.62,0003,2,0,54,0.0
1788187544.65,0005,94,0,54,0.0
1788187544.66,0110,1,20,54,0.0
1788187544.68,0006,121,0,54,0.0
1788187544.71,010B,33,0,54,0.0
1788187544.72,0007,130,0,54,0.0
1788187544.76,000B,33,0,54,0.0
1788187544.76,0110,1,20,54,0.0
1788187544.79,000C,14,234,54,0.0
1788187544.81,010B,33,0,54,0.0
1788187544.82,000D,0,0,54,0.0
1788187544.85,000E,146,0,54,0.0
1788187544.86,0110,1,27,54,0.0
1788187544.88,000F,68,0,54,0.0
1788187544.92,0010,1,27,54,0.0
1788187544.95,0011,29,0,54,0.0
1788187544.96,0110,1,27,54,0.0
1788187544.98,0013,1,0,54,0.0
1788187545.01,001C,10,0,54,0.0
1788187545.01,010B,33,0,54,0.0
1788187545.04,001F,0,172,54,0.0
1788187545.06,0110,1,24,54,0.0
1788187545.08,0020,128,21,54,0.0
1788187545.12,0021,0,0,54,0.0
1788187545.15,002C,0,0,54,0.0
1788187545.16,0110,1,17,54,0.0
1788187545.18,002E,0,0,54,0.0
1788187545.21,0030,255,0,54,0.0
1788187545.24,003C,11,218,54,0.0
1788187545.26,0110,1,24,54,0.0
1788187545.28,0040,104,0,54,0.0
1788187545.31,0042,55,144,54,0.0
1788187545.31,010B,33,0,54,0.0
1788187545.34,0043,0,57,54,0.0
1788187545.36,0110,1,17,54,0.0
1788187545.37,0200,0,0,54,0.0
1788187545.40,0202,0,0,54,0.0
1788187545.41,010B,33,0,54,0.0
1788187545.44,0900,5,130,54,0.0
1788187545.46,0110,1,24,54,0.0
1788187545.48,0968,0,0,54,0.0
1788187545.51,096E,14,232,54,0.0
1788187545.51,010B,33,0,54,0.0
1788187545.54,097C,113,202,54,0.0
1788187545.56,0110,1,27,54,0.0
1788187545.57,098E,0,0,54,0.0
1788187545.60,1101,0,0,54,0.0
1788187545.61,010B,33,0,54,0.0
1788187545.64,1103,16,0,54,0.0
1788187545.66,0110,1,24,54,0.0
1788187545.67,1104,0,0,54,0.0
1788187545.70,114A,103,64,54,0.0
1788187545.71,010B,33,0,54,0.0
1788187545.73,114D,82,0,54,0.0
1788187545.76,1153,56,115,54,0.0
1788187545.80,1154,29,128,54,0.0
1788187545.81,010B,33,0,54,0.0
1788187545.83,1169,29,125,54,0.0
1788187545.86,1173,0,95,54,0.0
1788187545.87,0110,1,33,54,0.0
1788187545.89,1177,21,84,54,0.0
1788187545.91,010B,33,0,54,0.0
1788187545.93,1410,0,245,54,0.0
1788187545.97,1631,1,0,54,0.0
1788187546.00,1678,0,0,54,0.0
1788187546.01,010B,33,0,54,0.0
1788187546.03,1681,0,0,54,0.0
1788187546.06,16CD,0,0,54,0.0
1788187546.06,0110,1,27,54,0.0
1788187546.09,16CE,0,0,54,0.0
1788187546.11,010B,33,0,54,0.0
1788187546.13,16CF,12,2,54,0.0
1788187546.16,16E8,47,185,54,0.0
1788187546.16,0110,1,20,54,0.0
1788187546.19,16E9,0,120,54,0.0
1788187546.21,010B,33,0,54,0.0
1788187546.22,16F0,3,131,54,0.0
1788187546.25,1704,0,0,54,0.0
1788187546.26,0110,1,30,54,0.0
1788187546.28,1706,128,0,54,0.0
1788187546.31,010B,33,0,54,0.0
1788187546.35,1717,1,0,54,0.0
1788187546.36,0110,1,24,54,0.0
1788187546.38,1718,1,0,54,0.0
1788187546.41,1746,0,0,54,0.0
1788187546.41,010B,33,0,54,0.0
1788187546.44,1782,205,64,54,0.0
1788187546.46,0110,1,24,54,0.0
1788187546.47,17B3,84,0,54,0.0
1788187546.48,1783,110,192,54,0.0
1788187546.51,17A0,255,0,54,0.0
1788187546.51,010B,33,0,54,0.0
1788187546.55,17A6,0,0,54,0.0
1788187546.56,0110,1,30,54,0.0
1788187546.58,17B0,25,0,54,0.0
1788187546.61,17B1,32,0,54,0.0
1788187546.61,010B,33,0,54,0.0
1788187546.65,17B2,4,0,54,0.0
1788187546.66,0110,1,24,54,0.0
1788187546.68,17B3,84,0,54,0.0
1788187546.71,17B5,80,0,54,0.0
1788187546.71,010B,33,0,54,0.0
1788187546.75,17B6,0,0,54,0.0
1788187546.76,0110,1,24,54,0.0
1788187546.78,17B8,241,0,54,0.0
1788187546.81,17BA,0,0,54,0.0
1788187546.81,010B,33,0,54,0.0
1788187546.85,17BB,0,0,54,0.0
1788187546.86,0110,1,24,54,0.0
1788187546.88,17BC,0,0,54,0.0
1788187546.91,17BD,148,0,54,0.0
1788187546.91,010B,33,0,54,0.0
1788187546.94,17BE,0,0,54,0.0
1788187546.96,0110,1,20,54,0.0
1788187546.97,17C1,234,0,54,0.0
1788187547.01,3201,23,112,54,0.0
1788187547.01,010B,33,0,54,0.0
1788187547.04,990A,48,0,54,0.0
1788187547.06,0110,1,20,54,0.0
1788187547.07,996E,12,88,54,0.0
1788187547.10,A211,0,0,54,0.0
1788187547.11,010B,33,0,54,0.0
1788187547.13,D100,129,0,54,0.0
1788187547.16,0110,1,30,54,0.0
1788187547.20,E21C,49,56,54,0.0
1788187547.21,010B,33,0,54,0.0
1788187547.23,E21D,56,56,54,0.0
1788187547.26,E21E,70,0,54,0.0
1788187547.26,0110,1,20,54,0.0
1788187547.29,E6F0,90,74,54,0.0
1788187547.31,010B,33,0,54,0.0
1788187547.33,E6F2,240,0,54,0.0
1788187547.36,E6F3,240,0,54,0.0
1788187547.36,0110,1,27,54,0.0
1788187547.39,0105,94,0,54,0.0
1788187547.41,010B,33,0,54,0.0
1788187547.42,010F,68,0,54,0.0
1788187547.45,0110,1,27,54,0.0
1788187547.46,0110,1,37,54,0.0
1788187547.49,010B,33,0,54,0.0
1788187547.51,010B,33,0,54,0.0
1788187547.52,0106,120,0,54,0.0
1788187547.55,0107,130,0,54,0.0
1788187547.56,0110,1,33,54,0.0
1788187547.58,010E,144,0,54,0.0
1788187547.61,010B,33,0,54,0.0
1788187547.62,0142,55,147,54,0.0
1788187547.65,0000,190,63,54,0.0
1788187547.66,0110,1,20,54,0.0
1788187547.69,0002,0,0,54,0.0
1788187547.72,0003,2,0,54,0.0
1788187547.75,0005,94,0,54,0.0
1788187547.76,0110,1,27,54,0.0
1788187547.78,0006,120,0,54,0.0
1788187547.81,0007,130,0,54,0.0
1788187547.85,000B,33,0,54,0.0
1788187547.86,0110,1,27,54,0.0
1788187547.88,000C,14,215,54,0.0
1788187547.92,000D,0,0,54,0.0
1788187547.95,000E,146,0,54,0.0
1788187547.96,0110,1,24,54,0.0
1788187547.98,000F,68,0,54,0.0
1788187548.01,0010,1,30,54,0.0
1788187548.05,0011,29,0,54,0.0
1788187548.06,0110,1,24,54,0.0
1788187548.08,0013,1,0,54,0.0
1788187548.11,001C,10,0,54,0.0
1788187548.11,010B,33,0,54,0.0
1788187548.14,001F,0,176,54,0.0
1788187548.16,0110,1,27,54,0.0
1788187548.17,0020,128,21,54,0.0
1788187548.21,0021,0,0,54,0.0
1788187548.21,010B,33,0,54,0.0
1788187548.24,002C,0,0,54,0.0
1788187548.26,0110,1,27,54,0.0
1788187548.27,002E,0,0,54,0.0
1788187548.30,0030,255,0,54,0.0
1788187548.31,010B,33,0,54,0.0
1788187548.33,003C,11,249,54,0.0
1788187548.37,0040,104,0,54,0.0
1788187548.40,0042,55,148,54,0.0
1788187548.41,010B,33,0,54,0.0
1788187548.43,0043,0,57,54,0.0
1788187548.46,0200,0,0,54,0.0
1788187548.46,0110,1,20,54,0.0
1788187548.47,17B3,84,0,54,0.0
1788187548.49,0202,0,0,54,0.0
1788187548.51,010B,33,0,54,0.0
1788187548.53,0900,5,130,54,0.0
1788187548.56,0968,0,0,54,0.0
1788187548.56,0110,1,17,54,0.0
1788187548.60,096E,14,213,54,0.0
1788187548.61,010B,33,0,54,0.0
1788187548.63,097C,113,200,54,0.0
1788187548.66,098E,0,0,54,0.0
1788187548.66,0110,1,20,54,0.0
1788187548.69,1101,0,0,54,0.0
1788187548.71,010B,33,0,54,0.0
1788187548.73,1103,16,0,54,0.0
1788187548.76,1104,0,0,54,0.0
1788187548.76,0110,1,27,54,0.0
1788187548.79,114A,103,64,54,0.0
1788187548.81,010B,33,0,54,0.0
1788187548.82,114D,81,128,54,0.0
1788187548.85,1153,56,46,54,0.0
1788187548.86,0110,1,27,54,0.0
1788187548.89,1154,29,128,54,0.0
1788187548.91,010B,33,0,54,0.0
1788187548.92,1169,29,125,54,0.0
1788187548.95,1173,0,95,54,0.0
1788187548.96,0110,1,14,54,0.0
1788187548.98,1177,21,4,54,0.0
1788187549.01,1410,0,242,54,0.0
1788187549.05,1631,1,0,54,0.0
1788187549.06,0110,1,17,54,0.0
1788187549.08,1678,0,0,54,0.0
1788187549.11,1681,0,0,54,0.0
1788187549.11,010B,33,0,54,0.0
1788187549.14,16CD,0,0,54,0.0
1788187549.17,0110,1,20,54,0.0
1788187549.17,16CE,0,0,54,0.0
1788187549.21,16CF,11,242,54,0.0
1788187549.25,16E8,47,7,54,0.0
1788187549.26,0110,1,14,54,0.0
1788187549.28,16E9,0,121,54,0.0
1788187549.31,16F0,3,131,54,0.0
1788187549.31,010B,33,0,54,0.0
1788187549.34,1704,0,0,54,0.0
1788187549.36,0110,1,11,54,0.0
1788187549.37,1706,128,0,54,0.0
1788187549.41,1709,0,0,54,0.0
1788187549.41,010B,33,0,54,0.0
1788187549.44,1717,1,0,54,0.0
1788187549.46,0110,1,24,54,0.0
1788187549.47,1718,1,0,54,0.0
1788187549.50,1746,0,0,54,0.0
1788187549.51,010B,33,0,54,0.0
1788187549.53,1782,205,64,54,0.0
1788187549.56,0110,1,20,54,0.0
1788187549.57,1783,110,192,54,0.0
1788187549.60,17A0,255,0,54,0.0
1788187549.61,010B,33,0,54,0.0
1788187549.63,17A6,0,0,54,0.0
1788187549.66,17B0,25,0,54,0.0
1788187549.66,0110,1,20,54,0.0
1788187549.69,17B1,32,0,54,0.0
1788187549.71,010B,33,0,54,0.0
1788187549.73,17B2,4,0,54,0.0
1788187549.76,17B3,84,0,54,0.0
1788187549.76,0110,1,20,54,0.0
1788187549.80,17B5,80,0,54,0.0
1788187549.81,010B,33,0,54,0.0
1788187549.83,17B6,0,0,54,0.0
1788187549.86,17B8,241,0,54,0.0
1788187549.86,0110,1,20,54,0.0
1788187549.89,17BA,0,0,54,0.0
1788187549.91,010B,33,0,54,0.0
1788187549.93,17BB,0,0,54,0.0
1788187549.96,17BC,0,0,54,0.0
1788187549.96,0110,1,17,54,0.0
1788187549.99,17BD,148,0,54,0.0
1788187550.01,010B,33,0,54,0.0
1788187550.02,17BE,0,0,54,0.0
1788187550.05,17C1,234,0,54,0.0
1788187550.06,0110,1,20,54,0.0
1788187550.09,3201,23,112,54,0.0
1788187550.11,010B,33,0,54,0.0
1788187550.12,990A,48,0,54,0.0
1788187550.15,996E,12,88,54,0.0
1788187550.16,0110,1,20,54,0.0
1788187550.18,A211,0,0,54,0.0
1788187550.21,D100,129,0,54,0.0
1788187550.25,E21B,90,74,54,0.0
1788187550.26,0110,1,20,54,0.0
1788187550.28,E21C,49,56,54,0.0
1788187550.32,E21D,56,56,54,0.0
1788187550.35,E21E,70,0,54,0.0
1788187550.36,0110,1,11,54,0.0
1788187550.38,E6F0,90,74,54,0.0
1788187550.41,E6F2,240,0,54,0.0
1788187550.45,E6F3,240,0,54,0.0
1788187550.46,0110,1,20,54,0.0
1788187550.47,17B3,84,0,54,0.0
1788187550.48,0105,94,0,54,0.0
1788187550.51,010F,68,0,54,0.0
1788187550.51,010B,33,0,54,0.0
1788187550.54,0110,1,14,54,0.0
1788187550.56,0110,1,20,54,0.0
1788187550.58,010B,33,0,54,0.0
1788187550.61,0106,122,0,54,0.0
1788187550.61,010B,33,0,54,0.0
1788187550.64,0107,130,0,54,0.0
1788187550.66,0110,1,24,54,0.0
1788187550.67,010E,142,0,54,0.0
1788187550.71,0142,55,125,54,0.0
1788187550.71,010B,33,0,54,0.0
1788187550.74,0000,190,63,54,0.0
1788187550.76,0110,1,20,54,0.0
1788187550.77,0002,0,0,54,0.0
1788187550.81,0003,2,0,54,0.0
1788187550.81,010B,33,0,54,0.0
1788187550.84,0005,94,0,54,0.0
1788187550.86,0110,1,17,54,0.0
1788187550.87,0006,122,0,54,0.0
1788187550.91,0007,130,0,54,0.0
1788187550.91,010B,33,0,54,0.0
1788187550.94,000B,33,0,54,0.0
1788187550.96,0110,1,14,54,0.0
1788187550.97,000C,14,191,54,0.0
1788187551.01,000D,0,0,54,0.0
1788187551.01,010B,33,0,54,0.0
1788187551.04,000E,146,0,54,0.0
1788187551.06,0110,1,24,54,0.0
1788187551.07,000F,68,0,54,0.0
1788187551.10,0010,1,17,54,0.0
1788187551.11,010B,33,0,54,0.0
1788187551.14,0011,29,0,54,0.0
1788187551.17,0013,1,0,54,0.0
1788187551.20,001C,10,0,54,0.0
1788187551.21,010B,33,0,54,0.0
1788187551.23,001F,0,179,54,0.0
1788187551.26,0020,128,21,54,0.0
1788187551.26,0110,1,24,54,0.0
1788187551.29,0021,0,0,54,0.0
1788187551.31,010B,33,0,54,0.0
1788187551.33,002C,0,0,54,0.0
1788187551.36,002E,0,0,54,0.0
1788187551.36,0110,1,14,54,0.0
1788187551.39,0030,255,0,54,0.0
1788187551.41,010B,33,0,54,0.0
1788187551.43,003C,12,19,54,0.0
1788187551.46,0040,104,0,54,0.0
1788187551.46,0142,55,130,54,0.0
1788187551.50,0042,55,135,54,0.0
1788187551.51,010B,33,0,54,0.0
1788187551.53,0043,0,57,54,0.0
1788187551.56,0200,0,0,54,0.0
1788187551.56,0110,1,27,54,0.0
1788187551.59,0202,0,0,54,0.0
1788187551.61,010B,33,0,54,0.0
1788187551.62,0900,5,130,54,0.0
1788187551.66,0968,0,0,54,0.0
1788187551.66,0110,1,20,54,0.0
1788187551.69,096E,14,193,54,0.0
1788187551.71,010B,33,0,54,0.0
1788187551.72,097C,113,202,54,0.0
1788187551.75,098E,0,0,54,0.0
1788187551.76,0110,1,20,54,0.0
1788187551.78,1101,0,0,54,0.0
1788187551.82,1103,16,0,54,0.0
1788187551.85,1104,0,0,54,0.0
1788187551.86,0110,1,30,54,0.0
1788187551.88,114A,103,0,54,0.0
1788187551.91,114D,81,0,54,0.0
1788187551.91,010B,33,0,54,0.0
1788187551.94,1153,56,34,54,0.0
1788187551.96,0110,1,24,54,0.0
1788187551.98,1154,29,128,54,0.0
1788187552.01,1169,29,125,54,0.0
1788187552.01,010B,33,0,54,0.0
1788187552.04,1173,0,85,54,0.0
1788187552.06,0110,1,20,54,0.0
1788187552.07,1177,21,24,54,0.0
1788187552.10,1410,0,245,54,0.0
1788187552.11,010B,33,0,54,0.0
1788187552.14,1631,1,0,54,0.0
1788187552.16,0110,1,14,54,0.0
1788187552.17,1678,0,0,54,0.0
1788187552.21,1681,0,0,54,0.0
1788187552.21,010B,33,0,54,0.0
1788187552.24,16CD,0,0,54,0.0
1788187552.26,0110,1,27,54,0.0
1788187552.27,16CE,0,0,54,0.0
1788187552.30,16CF,11,254,54,0.0
1788187552.31,010B,33,0,54,0.0
1788187552.34,16E8,47,240,54,0.0
1788187552.36,0110,1,27,54,0.0
1788187552.37,16E9,0,120,54,0.0
1788187552.40,16F0,3,131,54,0.0
1788187552.41,010B,33,0,54,0.0
1788187552.43,1704,0,0,54,0.0
1788187552.46,1706,128,0,54,0.0
1788187552.50,1709,0,0,54,0.0
1788187552.51,010B,33,0,54,0.0
1788187552.53,1717,1,0,54,0.0
1788187552.56,1718,1,0,54,0.0
1788187552.56,0110,1,24,54,0.0
1788187552.60,1746,0,0,54,0.0
1788187552.61,010B,33,0,54,0.0
1788187552.63,1782,205,0,54,0.0
1788187552.66,1783,110,192,54,0.0
1788187552.70,17A0,255,0,54,0.0
1788187552.71,010B,33,0,54,0.0
1788187552.73,17A6,0,0,54,0.0
1788187552.76,17B0,25,0,54,0.0
1788187552.76,0110,1,17,54,0.0
1788187552.79,17B1,32,0,54,0.0
1788187552.81,010B,33,0,54,0.0
1788187552.82,17B2,4,0,54,0.0
1788187552.86,17B3,85,0,54,0.0
1788187552.86,0110,1,17,54,0.0
1788187552.89,17B5,80,0,54,0.0
1788187552.91,010B,33,0,54,0.0
1788187552.92,17B6,0,0,54,0.0
1788187552.95,17B8,241,0,54,0.0
1788187552.96,0110,1,17,54,0.0
1788187552.98,17BA,0,0,54,0.0
1788187553.01,010B,33,0,54,0.0
1788187553.02,17BB,0,0,54,0.0
1788187553.05,17BC,0,0,54,0.0
1788187553.06,0110,1,20,54,0.0
1788187553.08,17BD,148,0,54,0.0
1788187553.11,17BE,0,0,54,0.0
1788187553.11,010B,33,0,54,0.0
1788187553.15,17C1,234,0,54,0.0
1788187553.16,0110,1,20,54,0.0
1788187553.18,3201,23,112,54,0.0
1788187553.22,990A,48,0,54,0.0
1788187553.25,996E,12,88,54,0.0
1788187553.26,0110,1,17,54,0.0
1788187553.28,A211,0,0,54,0.0
1788187553.31,D100,129,0,54,0.0
1788187553.31,010B,33,0,54,0.0
1788187553.34,E21B,90,74,54,0.0
1788187553.36,0110,1,17,54,0.0
1788187553.38,E21C,49,56,54,0.0
1788187553.41,E21D,56,56,54,0.0
1788187553.41,010B,33,0,54,0.0
1788187553.44,E21E,70,0,55,0.0
1788187553.46,0110,1,20,55,0.0
1788187553.48,E6F0,90,74,55,0.0
1788187553.51,E6F2,240,0,55,0.0
1788187553.51,010B,33,0,55,0.0
1788187553.54,E6F3,240,0,55,0.0
1788187553.56,0110,1,14,55,0.0
1788187553.57,0105,95,0,55,0.0
1788187553.60,010F,68,0,55,0.0
1788187553.61,010B,33,0,55,0.0
1788187553.63,0110,1,14,55,0.0
1788187553.66,0110,1,8,55,0.0
1788187553.67,010B,33,0,55,0.0
1788187553.70,0106,121,0,55,0.0
1788187553.71,010B,33,0,55,0.0
1788187553.73,0107,130,0,55,0.0
1788187553.76,0110,1,27,55,0.0
1788187553.76,010E,146,0,55,0.0
1788187553.80,0142,55,140,55,0.0
1788187553.81,010B,33,0,55,0.0
1788187553.83,0000,190,63,55,0.0
1788187553.86,0002,0,0,55,0.0
1788187553.90,0003,2,0,55,0.0
1788187553.91,010B,33,0,55,0.0
1788187553.93,0005,95,0,55,0.0
1788187553.96,0006,120,0,55,0.0
1788187553.96,0110,1,20,55,0.0
1788187553.99,0007,130,0,55,0.0
1788187554.01,010B,33,0,55,0.0
1788187554.03,000B,33,0,55,0.0
1788187554.06,000C,14,153,55,0.0
1788187554.10,000D,0,0,55,0.0
1788187554.11,010B,33,0,55,0.0
1788187554.13,000E,148,0,55,0.0
1788187554.16,000F,68,0,55,0.0
1788187554.16,0110,1,17,55,0.0
1788187554.19,0010,1,14,55,0.0
1788187554.21,010B,33,0,55,0.0
1788187554.22,0011,29,0,55,0.0
1788187554.26,0013,1,0,55,0.0
1788187554.26,0110,1,20,55,0.0
1788187554.30,001C,10,0,55,0.0
1788187554.31,010B,33,0,55,0.0
1788187554.33,001F,0,182,55,0.0
1788187554.36,0020,128,21,55,0.0
1788187554.36,0110,1,17,55,0.0
1788187554.39,0021,0,0,55,0.0
1788187554.41,010B,33,0,55,0.0
1788187554.42,002C,0,0,55,0.0
1788187554.46,002E,0,0,55,0.0
1788187554.46,0110,1,17,55,0.0
1788187554.46,17B3,85,0,55,0.0
1788187554.49,0030,255,0,55,0.0
1788187554.52,010B,33,0,55,0.0
1788187554.52,003C,12,48,55,0.0
1788187554.55,0040,104,0,55,0.0
1788187554.56,0110,1,17,55,0.0
1788187554.58,0042,55,147,55,0.0
1788187554.62,0043,0,56,55,0.0
1788187554.65,0200,0,0,55,0.0
1788187554.66,0110,1,17,55,0.0
1788187554.68,0202,0,0,55,0.0
1788187554.71,0900,5,130,55,0.0
1788187554.71,010B,33,0,55,0.0
1788187554.74,0968,0,0,55,0.0
1788187554.76,0110,1,17,55,0.0
1788187554.78,096E,14,174,55,0.0
1788187554.81,097C,113,204,55,0.0
1788187554.81,010B,33,0,55,0.0
1788187554.84,098E,0,0,55,0.0
1788187554.86,0110,1,17,55,0.0
1788187554.87,1101,0,0,55,0.0
1788187554.91,1103,16,0,55,0.0
1788187554.94,1104,0,0,55,0.0
1788187554.96,0110,1,20,55,0.0
1788187554.98,114A,103,0,55,0.0
1788187555.01,114D,80,64,55,0.0
1788187555.01,010B,33,0,55,0.0
1788187555.04,1153,55,202,55,0.0
1788187555.06,0110,1,17,55,0.0
1788187555.07,1154,29,128,55,0.0
1788187555.10,1169,29,125,55,0.0
1788187555.11,010B,33,0,55,0.0
1788187555.14,1173,0,85,55,0.0
1788187555.16,0110,1,24,55,0.0
1788187555.17,1177,21,24,55,0.0
1788187555.20,1410,0,244,55,0.0
1788187555.21,010B,33,0,55,0.0
1788187555.23,1631,1,0,55,0.0
1788187555.26,0110,1,20,55,0.0
1788187555.26,1678,0,0,55,0.0
1788187555.30,1681,0,0,55,0.0
1788187555.31,010B,33,0,55,0.0
1788187555.34,16CD,0,0,55,0.0
1788187555.37,16CE,0,0,55,0.0
1788187555.40,16CF,11,249,55,0.0
1788187555.41,010B,33,0,55,0.0
1788187555.43,16E8,47,123,55,0.0
1788187555.46,16E9,0,120,55,0.0
1788187555.50,16F0,3,131,55,0.0
1788187555.51,010B,33,0,55,0.0
1788187555.53,1704,0,0,55,0.0
1788187555.56,1706,128,0,55,0.0
1788187555.57,0110,1,20,55,0.0
1788187555.59,1709,0,0,55,0.0
1788187555.61,010B,33,0,55,0.0
1788187555.62,1717,1,0,55,0.0
1788187555.66,1718,1,0,55,0.0
1788187555.66,0110,1,14,55,0.0
1788187555.70,1746,0,0,55,0.0
1788187555.71,010B,33,0,55,0.0
1788187555.73,1782,204,192,55,0.0
1788187555.76,1783,110,192,55,0.0
1788187555.76,0110,1,17,55,0.0
1788187555.79,17A0,255,0,55,0.0
1788187555.81,010B,33,0,55,0.0
1788187555.82,17A6,0,0,55,0.0
1788187555.86,17B0,24,0,55,0.0
1788187555.86,0110,1,14,55,0.0
1788187555.89,17B1,32,0,55,0.0
1788187555.91,010B,33,0,55,0.0
1788187555.92,17B2,4,0,55,0.0
1788187555.95,17B3,85,0,55,0.0
1788187555.96,0110,1,17,55,0.0
1788187555.99,17B5,80,0,55,0.0
1788187556.01,010B,33,0,55,0.0
1788187556.03,17B6,0,0,55,0.0
1788187556.06,17B8,241,0,55,0.0
1788187556.06,0110,1,20,55,0.0
1788187556.09,17BA,0,0,55,0.0
1788187556.12,17BB,0,0,55,0.0
1788187556.15,17BC,0,0,55,0.0
1788187556.16,0110,1,20,55,0.0
1788187556.18,17BD,148,0,55,0.0
1788187556.22,17BE,0,0,55,0.0
1788187556.25,17C1,234,0,55,0.0
1788187556.26,0110,1,24,55,0.0
1788187556.28,3201,23,112,55,0.0
1788187556.31,990A,48,0,55,0.0
1788187556.35,996E,12,88,55,0.0
1788187556.36,0110,1,17,55,0.0
1788187556.38,A211,0,0,55,0.0
1788187556.41,D100,129,0,55,0.0
1788187556.41,010B,33,0,55,0.0
1788187556.44,E21B,90,74,55,0.0
1788187556.46,0110,1,11,55,0.0
1788187556.47,17B3,85,0,55,0.0
1788187556.47,E21C,49,56,55,0.0
1788187556.51,E21D,56,56,55,0.0
1788187556.51,010B,33,0,55,0.0
1788187556.55,E21E,70,0,55,0.0
1788187556.56,0110,1,17,55,0.0
1788187556.58,E6F0,90,74,55,0.0
1788187556.61,E6F2,240,0,55,0.0
1788187556.61,010B,33,0,55,0.0
1788187556.64,E6F3,240,0,55,0.0
1788187556.66,0110,1,8,55,0.0
1788187556.67,0105,95,0,55,0.0
1788187556.70,010F,68,0,55,0.0
1788187556.71,010B,33,0,55,0.0
1788187556.73,0110,1,17,55,0.0
1788187556.76,010B,33,0,55,0.0
1788187556.76,0110,1,17,55,0.0
1788187556.80,0106,121,0,55,0.0
1788187556.81,010B,33,0,55,0.0
1788187556.83,0107,130,0,55,0.0
1788187556.86,010E,145,0,55,0.0
1788187556.86,0110,1,20,55,0.0
1788187556.89,0142,55,149,55,0.0
1788187556.91,010B,33,0,55,0.0
1788187556.93,0000,190,63,55,0.0
1788187556.96,0002,0,0,55,0.0
1788187556.96,0110,1,20,55,0.0
1788187556.99,0003,2,0,55,0.0
1788187557.01,010B,33,0,55,0.0
1788187557.03,0005,95,0,55,0.0
1788187557.06,0006,120,0,55,0.0
1788187557.06,0110,1,17,55,0.0
1788187557.09,0007,130,0,55,0.0
1788187557.11,010B,33,0,55,0.0
1788187557.12,000B,33,0,55,0.0
1788187557.15,000C,14,157,55,0.0
1788187557.17,0110,1,20,55,0.0
1788187557.19,000D,0,0,55,0.0
1788187557.21,010B,33,0,55,0.0
1788187557.23,000E,146,0,55,0.0
1788187557.26,000F,68,0,55,0.0
1788187557.26,0110,1,27,55,0.0
1788187557.29,0010,1,24,55,0.0
1788187557.31,010B,33,0,55,0.0
1788187557.32,0011,29,0,55,0.0
1788187557.35,0013,1,0,55,0.0
1788187557.36,0110,1,24,55,0.0
1788187557.39,001C,10,0,55,0.0
1788187557.41,010B,33,0,55,0.0
1788187557.42,001F,0,185,55,0.0
1788187557.45,0020,128,21,55,0.0
1788187557.46,0110,1,24,55,0.0
1788187557.48,0021,0,0,55,0.0
1788187557.51,002C,0,0,55,0.0
1788187557.55,002E,0,0,55,0.0
1788187557.56,0110,1,14,55,0.0
1788187557.58,0030,255,0,55,0.0
1788187557.61,003C,12,77,55,0.0
1788187557.61,010B,33,0,55,0.0
1788187557.64,0040,104,0,55,0.0
1788187557.66,0110,1,11,55,0.0
1788187557.67,0042,55,143,55,0.0
1788187557.71,0043,0,57,55,0.0
1788187557.75,0200,0,0,55,0.0
1788187557.76,0110,1,17,55,0.0
1788187557.78,0202,0,0,55,0.0
1788187557.81,0900,5,130,55,0.0
1788187557.81,010B,33,0,55,0.0
1788187557.84,0968,0,0,55,0.0
1788187557.86,0110,1,17,55,0.0
1788187557.87,096E,14,144,55,0.0
1788187557.91,097C,113,202,55,0.0
1788187557.91,010B,33,0,55,0.0
1788187557.95,098E,0,0,55,0.0
1788187557.96,0110,1,14,55,0.0
1788187557.98,1101,0,0,55,0.0
1788187558.00,1103,16,0,55,0.0
1788187558.01,010B,33,0,55,0.0
1788187558.04,1104,0,0,55,0.0
1788187558.06,0110,1,17,55,0.0
1788187558.07,114A,103,0,55,0.0
1788187558.11,114D,79,192,55,0.0
1788187558.11,010B,33,0,55,0.0
1788187558.14,1153,55,139,55,0.0
1788187558.16,0110,1,14,55,0.0
1788187558.20,1169,29,125,55,0.0
1788187558.21,010B,33,0,55,0.0
1788187558.23,1173,0,65,55,0.0
1788187558.27,1177,21,4,55,0.0
1788187558.30,1410,0,241,55,0.0
1788187558.31,010B,33,0,55,0.0
1788187558.33,1631,1,0,55,0.0
1788187558.36,1678,0,0,55,0.0
1788187558.36,0110,1,20,55,0.0
1788187558.39,1681,0,0,55,0.0
1788187558.41,010B,33,0,55,0.0
1788187558.43,16CD,0,0,55,0.0
1788187558.46,16CE,0,0,55,0.0
1788187558.46,0110,1,17,55,0.0
1788187558.47,17B3,85,0,55,0.0
1788187558.50,16CF,11,236,55,0.0
1788187558.51,010B,33,0,55,0.0
1788187558.53,16E8,48,140,55,0.0
1788187558.56,16E9,0,121,55,0.0
1788187558.56,0110,1,11,55,0.0
1788187558.59,16F0,3,131,55,0.0
1788187558.61,010B,33,0,55,0.0
1788187558.63,1704,0,0,55,0.0
1788187558.66,1706,128,0,55,0.0
1788187558.66,0110,1,11,55,0.0
1788187558.69,1709,0,0,55,0.0
1788187558.71,010B,33,0,55,0.0
1788187558.72,1717,1,0,55,0.0
1788187558.75,1718,1,0,55,0.0
1788187558.76,0110,1,11,55,0.0
1788187558.79,1746,0,0,55,0.0
1788187558.81,010B,33,0,55,0.0
1788187558.83,1782,204,192,55,0.0
1788187558.86,1783,110,192,55,0.0
1788187558.86,0110,1,14,55,0.0
1788187558.89,17A0,255,0,55,0.0
1788187558.91,010B,33,0,55,0.0
1788187558.92,17A6,0,0,55,0.0
1788187558.95,17B0,24,0,55,0.0
1788187558.96,0110,1,24,55,0.0
1788187558.99,17B1,32,0,55,0.0
1788187559.01,010B,33,0,55,0.0
1788187559.05,17B3,85,0,55,0.0
1788187559.06,0110,1,11,55,0.0
1788187559.08,17B5,80,0,55,0.0
1788187559.11,17B6,0,0,55,0.0
1788187559.15,17B8,241,0,55,0.0
1788187559.16,0110,1,11,55,0.0
1788187559.18,17BA,0,0,55,0.0
1788187559.21,17BB,0,0,55,0.0
1788187559.21,010B,33,0,55,0.0
1788187559.24,17BC,0,0,55,0.0
1788187559.26,0110,1,14,55,0.0
1788187559.28,17BD,148,0,55,0.0
1788187559.31,17BE,0,0,55,0.0
1788187559.35,17C1,234,0,55,0.0
1788187559.36,0110,1,11,55,0.0
1788187559.38,3201,23,112,55,0.0
1788187559.41,990A,48,0,55,0.0
1788187559.41,010B,33,0,55,0.0
1788187559.44,996E,12,68,55,0.0
1788187559.46,0110,1,14,55,0.0
1788187559.47,A211,0,0,55,0.0
1788187559.51,D100,129,0,55,0.0
1788187559.51,010B,33,0,55,0.0
1788187559.54,E21B,90,74,55,0.0
1788187559.56,0110,1,17,55,0.0
1788187559.57,E21C,49,56,55,0.0
1788187559.60,E21D,56,56,55,0.0
1788187559.61,010B,33,0,55,0.0
1788187559.63,E21E,70,0,55,0.0
1788187559.66,0110,1,17,55,0.0
1788187559.67,E6F0,90,74,55,0.0
1788187559.70,E6F2,240,0,55,0.0
1788187559.71,010B,33,0,55,0.0
1788187559.74,E6F3,240,0,55,0.0
1788187559.76,0110,1,24,55,0.0
1788187559.76,0105,95,0,55,0.0
1788187559.80,010F,68,0,55,0.0
1788187559.81,010B,33,0,55,0.0
1788187559.83,0110,1,20,55,0.0
1788187559.86,010B,33,0,55,0.0
1788187559.86,0110,1,14,55,0.0
1788187559.89,0106,122,0,55,0.0
1788187559.91,010B,33,0,55,0.0
1788187559.93,0107,130,0,55,0.0
1788187559.96,010E,143,0,55,0.0
1788187559.96,0110,1,17,55,0.0
1788187559.99,0142,55,138,55,0.0
1788187560.01,010B,33,0,55,0.0
1788187560.03,0000,190,63,55,0.0
1788187560.06,0002,0,0,55,0.0
1788187560.06,0110,1,14,55,0.0
1788187560.10,0003,2,0,55,0.0
1788187560.11,010B,33,0,55,0.0
1788187560.13,0005,95,0,55,0.0
1788187560.16,0006,122,0,55,0.0
1788187560.19,0007,130,0,55,0.0
1788187560.21,010B,33,0,55,0.0
1788187560.23,000B,33,0,55,0.0
1788187560.26,000C,14,130,55,0.0
1788187560.26,0110,1,14,55,0.0
1788187560.29,000D,0,0,55,0.0
1788187560.32,010B,33,0,55,0.0
1788187560.32,000E,145,0,55,0.0
1788187560.36,000F,68,0,55,0.0
1788187560.36,0110,1,11,55,0.0
1788187560.39,0010,1,14,55,0.0
1788187560.41,010B,33,0,55,0.0
1788187560.42,0011,29,0,55,0.0
1788187560.46,0013,1,0,55,0.0
1788187560.46,0110,1,17,55,0.0
1788187560.47,17B3,85,0,55,0.0
1788187560.49,001C,10,0,55,0.0
1788187560.51,010B,33,0,55,0.0
1788187560.52,001F,0,188,55,0.0
1788187560.56,0020,128,21,55,0.0
1788187560.56,0110,1,14,55,0.0
1788187560.59,0021,0,0,55,0.0
1788187560.62,002C,0,0,55,0.0
1788187560.65,002E,0,0,55,0.0
1788187560.66,0110,1,24,55,0.0
1788187560.69,0030,255,0,55,0.0
1788187560.72,003C,12,102,55,0.0
1788187560.75,0040,104,0,55,0.0
1788187560.76,0110,1,17,55,0.0
1788187560.78,0042,55,139,55,0.0
1788187560.81,0043,0,56,55,0.0
1788187560.81,010B,33,0,55,0.0
1788187560.84,0200,0,0,55,0.0
1788187560.86,0110,1,14,55,0.0
1788187560.88,0202,0,0,55,0.0
1788187560.91,0900,5,125,55,0.0
1788187560.91,010B,33,0,55,0.0
1788187560.94,0968,0,0,55,0.0
1788187560.96,0110,1,20,55,0.0
1788187560.97,096E,14,133,55,0.0
1788187561.00,097C,113,204,55,0.0
1788187561.01,010B,33,0,55,0.0
1788187561.04,098E,0,0,55,0.0
1788187561.06,0110,1,14,55,0.0
1788187561.08,1101,0,0,55,0.0
1788187561.11,1103,16,0,55,0.0
1788187561.12,010B,33,0,55,0.0
1788187561.14,1104,0,0,55,0.0
1788187561.16,0110,1,20,55,0.0
1788187561.17,114A,103,0,55,0.0
1788187561.20,114D,79,64,55,0.0
1788187561.21,010B,33,0,55,0.0
1788187561.24,1153,55,35,55,0.0
1788187561.26,0110,1,24,55,0.0
1788187561.30,1169,29,125,55,0.0
1788187561.31,010B,33,0,55,0.0
1788187561.33,1173,0,75,55,0.0
1788187561.36,1177,20,240,55,0.0
1788187561.40,1410,0,242,55,0.0
1788187561.41,010B,33,0,55,0.0
1788187561.43,1631,1,0,55,0.0
1788187561.46,1678,0,0,55,0.0
1788187561.46,0110,1,14,55,0.0
1788187561.49,1681,0,0,55,0.0
1788187561.51,010B,33,0,55,0.0
1788187561.52,16CD,0,0,55,0.0
1788187561.56,16CE,0,0,55,0.0
1788187561.56,0110,1,8,55,0.0
1788187561.59,16CF,11,249,55,0.0
1788187561.61,010B,33,0,55,0.0
1788187561.63,16E8,47,201,55,0.0
1788187561.66,16E9,0,120,55,0.0
1788187561.66,0110,1,11,55,0.0
1788187561.69,16F0,3,131,55,0.0
1788187561.71,010B,33,0,55,0.0
1788187561.72,1704,0,0,55,0.0
1788187561.76,1706,128,0,55,0.0
1788187561.76,0110,1,17,55,0.0
1788187561.79,1709,0,0,55,0.0
1788187561.82,010B,33,0,55,0.0
1788187561.85,1718,1,0,55,0.0
1788187561.86,0110,1,14,55,0.0
1788187561.88,1746,0,0,55,0.0
1788187561.92,1782,204,128,55,0.0
1788187561.95,1783,110,192,55,0.0
1788187561.96,0110,1,14,55,0.0
1788187561.98,17A0,255,0,55,0.0
1788187562.01,17A6,0,0,55,0.0
1788187562.01,010B,33,0,55,0.0
1788187562.05,17B0,24,0,55,0.0
1788187562.06,0110,1,14,55,0.0
1788187562.08,17B1,32,0,55,0.0
1788187562.12,17B2,4,0,55,0.0
1788187562.15,17B3,85,0,55,0.0
1788187562.16,0110,1,17,55,0.0
1788187562.18,17B5,80,0,55,0.0
1788187562.21,17B6,0,0,55,0.0
1788187562.21,010B,33,0,55,0.0
1788187562.24,17B8,241,0,55,0.0
1788187562.26,0110,1,11,55,0.0
1788187562.28,17BA,0,0,55,0.0
1788187562.31,17BB,0,0,55,0.0
1788187562.31,010B,33,0,55,0.0
1788187562.34,17BC,0,0,55,0.0
1788187562.36,0110,1,17,55,0.0
1788187562.37,17BD,148,0,55,0.0
1788187562.40,17BE,0,0,55,0.0
1788187562.41,010B,33,0,55,0.0
1788187562.45,17C1,234,0,55,0.0
1788187562.46,0110,1,8,55,0.0
1788187562.48,3201,23,112,55,0.0
1788187562.51,990A,48,0,55,0.0
1788187562.52,010B,33,0,55,0.0
1788187562.54,996E,12,68,55,0.0
1788187562.56,0110,1,8,55,0.0
1788187562.57,A211,0,0,55,0.0
1788187562.60,D100,129,0,55,0.0
1788187562.61,010B,33,0,55,0.0
1788187562.64,E21B,90,74,55,0.0
1788187562.67,E21C,49,56,55,0.0
1788187562.70,E21D,56,56,55,0.0
1788187562.71,010B,33,0,55,0.0
1788187562.73,E21E,70,0,55,0.0
1788187562.76,E6F0,90,74,55,0.0
1788187562.80,E6F2,240,0,55,0.0
1788187562.81,010B,33,0,55,0.0
1788187562.83,E6F3,240,0,55,0.0
1788187562.86,0105,95,0,55,0.0
1788187562.86,0110,1,14,55,0.0
1788187562.89,010F,68,0,55,0.0
1788187562.91,010B,33,0,55,0.0
1788187562.93,0110,1,11,55,0.0
1788187562.96,010B,33,0,55,0.0
1788187562.96,0110,1,14,55,0.0
1788187562.99,0106,125,0,55,0.0
1788187563.01,010B,33,0,55,0.0
1788187563.02,0107,130,0,55,0.0
1788187563.06,010E,143,0,55,0.0
1788187563.06,0110,1,14,55,0.0
1788187563.09,0142,55,149,55,0.0
1788187563.11,010B,33,0,55,0.0
1788187563.13,0000,190,63,55,0.0
1788187563.16,0002,0,0,55,0.0
1788187563.16,0110,1,17,55,0.0
1788187563.20,0003,2,0,55,0.0
1788187563.21,010B,33,0,55,0.0
1788187563.23,0005,95,0,55,0.0
1788187563.26,0006,124,0,55,0.0
1788187563.27,0110,1,14,55,0.0
1788187563.29,0007,130,0,55,0.0
1788187563.31,010B,33,0,55,0.0
1788187563.32,000B,33,0,55,0.0
1788187563.36,000C,14,129,55,0.0
1788187563.36,0110,1,11,55,0.0
1788187563.40,000D,0,0,55,0.0
1788187563.41,010B,33,0,55,0.0
1788187563.43,000E,142,0,55,0.0
1788187563.46,000F,68,0,55,0.0
1788187563.46,0110,1,20,55,0.0
1788187563.49,0010,1,17,55,0.0
1788187563.51,010B,33,0,55,0.0
1788187563.52,0011,29,0,55,0.0
1788187563.57,0013,1,0,55,0.0
1788187563.60,001C,10,0,55,0.0
1788187563.61,010B,33,0,55,0.0
1788187563.63,001F,0,192,55,0.0
1788187563.66,0020,128,21,56,0.0
1788187563.66,0110,1,14,56,0.0
1788187563.69,0021,0,0,56,0.0
1788187563.71,010B,33,0,56,0.0
1788187563.72,002C,0,0,56,0.0
1788187563.76,002E,0,0,55,0.0
1788187563.76,0110,1,14,55,0.0
1788187563.79,0030,255,0,55,0.0
1788187563.81,010B,33,0,55,0.0
1788187563.82,003C,12,130,55,0.0
1788187563.85,0040,104,0,56,0.0
1788187563.86,0110,1,14,56,0.0
1788187563.88,0042,55,151,56,0.0
1788187563.91,010B,33,0,56,0.0
1788187563.95,0200,0,0,56,0.0
1788187563.96,0110,1,20,56,0.0
1788187563.98,0202,0,0,56,0.0
1788187564.01,0900,5,125,56,0.0
1788187564.04,0968,0,0,56,0.0
1788187564.06,0110,1,8,56,0.0
1788187564.08,096E,14,100,56,0.0
1788187564.12,097C,113,206,56,0.0
1788187564.15,098E,0,0,56,0.0
1788187564.16,0110,1,11,56,0.0
1788187564.18,1101,0,0,56,0.0
1788187564.21,1103,16,0,56,0.0
1788187564.21,010B,33,0,56,0.0
1788187564.24,1104,0,0,56,0.0
1788187564.26,0110,1,11,56,0.0
1788187564.28,114A,103,0,56,0.0
1788187564.31,114D,78,192,56,0.0
1788187564.31,010B,33,0,56,0.0
1788187564.34,1153,54,191,56,0.0
1788187564.36,0110,1,8,56,0.0
1788187564.37,1154,29,128,56,0.0
1788187564.41,1169,29,125,56,0.0
1788187564.41,010B,33,0,56,0.0
1788187564.45,1173,2,253,56,0.0
1788187564.46,0110,1,14,56,0.0
1788187564.47,17B3,85,0,56,0.0
1788187564.48,1177,21,4,56,0.0
1788187564.51,1410,0,237,56,0.0
1788187564.51,010B,33,0,56,0.0
1788187564.54,1631,1,0,56,0.0
1788187564.56,0110,1,14,56,0.0
1788187564.57,1678,0,0,56,0.0
1788187564.61,1681,0,0,56,0.0
1788187564.61,010B,33,0,56,0.0
1788187564.64,16CD,0,0,56,0.0
1788187564.66,0110,1,4,56,0.0
1788187564.67,16CE,0,0,56,0.0
1788187564.70,16CF,12,11,56,0.0
1788187564.71,010B,33,0,56,0.0
1788187564.73,16E8,48,138,56,0.0
1788187564.76,0110,1,11,56,0.0
1788187564.77,16E9,0,120,56,0.0
1788187564.81,16F0,3,131,56,0.0
1788187564.81,010B,33,0,56,0.0
1788187564.84,1704,0,0,56,0.0
1788187564.87,1706,128,0,56,0.0
1788187564.90,1709,0,0,56,0.0
1788187564.91,010B,33,0,56,0.0
1788187564.93,1717,1,0,56,0.0
1788187564.97,1718,1,0,56,0.0
1788187565.00,1746,0,0,56,0.0
1788187565.01,010B,33,0,56,0.0
1788187565.03,1782,204,64,56,0.0
1788187565.06,1783,110,192,56,0.0
1788187565.06,0110,1,8,56,0.0
1788187565.09,17A0,255,0,56,0.0
1788187565.11,010B,33,0,56,0.0
1788187565.13,17A6,0,0,56,0.0
1788187565.16,17B0,24,0,56,0.0
1788187565.16,0110,1,14,56,0.0
1788187565.19,17B1,32,0,56,0.0
1788187565.21,010B,33,0,56,0.0
1788187565.22,17B2,4,0,56,0.0
1788187565.25,17B3,85,0,56,0.0
1788187565.26,0110,1,11,56,0.0
1788187565.29,17B5,80,0,56,0.0
1788187565.31,010B,33,0,56,0.0
1788187565.32,17B6,0,0,56,0.0
1788187565.35,17B8,241,0,56,0.0
1788187565.36,0110,1,17,56,0.0
1788187565.38,17BA,0,0,56,0.0
1788187565.41,17BB,0,0,56,0.0
1788187565.41,010B,33,0,56,0.0
1788187565.45,17BC,0,0,56,0.0
1788187565.46,0110,1,17,56,0.0
1788187565.48,17BD,147,0,56,0.0
1788187565.51,17BE,0,0,56,0.0
1788187565.51,010B,33,0,56,0.0
1788187565.54,17C1,234,0,56,0.0
1788187565.56,0110,1,17,56,0.0
1788187565.58,3201,23,112,56,0.0
1788187565.61,990A,48,0,56,0.0
1788187565.65,996E,12,68,56,0.0
1788187565.66,0110,1,8,56,0.0
1788187565.68,A211,0,0,56,0.0
1788187565.71,D100,129,0,56,0.0
1788187565.71,010B,33,0,56,0.0
1788187565.74,E21B,90,74,56,0.0
1788187565.76,0110,1,11,56,0.0
1788187565.77,E21C,49,56,56,0.0
1788187565.81,E21D,56,56,56,0.0
1788187565.81,010B,33,0,56,0.0
1788187565.84,E21E,70,0,56,0.0
1788187565.86,0110,1,14,56,0.0
1788187565.87,E6F0,90,74,56,0.0
1788187565.90,E6F2,240,0,56,0.0
1788187565.91,010B,33,0,56,0.0
1788187565.93,E6F3,240,0,56,0.0
1788187565.96,0105,96,0,56,0.0
1788187566.00,010F,68,0,56,0.0
1788187566.01,010B,33,0,56,0.0
1788187566.03,0110,1,17,56,0.0
1788187566.06,010B,33,0,56,0.0
1788187566.06,0110,1,8,56,0.0
1788187566.09,0106,122,0,56,0.0
1788187566.11,010B,33,0,56,0.0
1788187566.13,0107,130,0,56,0.0
1788187566.16,010E,145,0,56,0.0
1788187566.16,0110,1,14,56,0.0
1788187566.19,0142,55,136,56,0.0
1788187566.21,010B,33,0,56,0.0
1788187566.23,0000,190,63,56,0.0
1788187566.26,0002,0,0,56,0.0
1788187566.26,0110,1,20,56,0.0
1788187566.29,0003,2,0,56,0.0
1788187566.31,010B,33,0,56,0.0
1788187566.33,0005,96,0,56,0.0
1788187566.36,0006,123,0,56,0.0
1788187566.36,0110,1,11,56,0.0
1788187566.39,0007,130,0,56,0.0
1788187566.41,010B,33,0,56,0.0
1788187566.42,000B,33,0,56,0.0
1788187566.45,000C,14,96,56,0.0
1788187566.46,0110,1,14,56,0.0
1788187566.47,17B3,85,0,56,0.0
1788187566.49,000D,0,0,56,0.0
1788187566.51,010B,33,0,56,0.0
1788187566.53,000E,142,0,56,0.0
1788187566.56,000F,68,0,56,0.0
1788187566.57,0110,1,14,56,0.0
1788187566.59,0010,1,8,56,0.0
1788187566.61,010B,33,0,56,0.0
1788187566.62,0011,29,0,56,0.0
1788187566.65,0013,1,0,56,0.0
1788187566.66,0110,1,11,56,0.0
1788187566.69,001C,10,0,56,0.0
1788187566.72,001F,0,195,56,0.0
1788187566.75,0020,128,21,56,0.0
1788187566.76,0110,1,17,56,0.0
1788187566.78,0021,0,0,56,0.0
1788187566.81,002C,0,0,56,0.0
1788187566.85,002E,0,0,56,0.0
1788187566.86,0110,1,11,56,0.0
1788187566.88,0030,255,0,56,0.0
1788187566.92,003C,12,158,56,0.0
1788187566.95,0040,104,0,56,0.0
1788187566.96,0110,1,17,56,0.0
1788187566.98,0042,55,132,56,0.0
1788187567.01,0043,0,56,56,0.0
1788187567.05,0200,0,0,56,0.0
1788187567.06,0110,1,14,56,0.0
1788187567.08,0202,0,0,56,0.0
1788187567.11,0900,5,125,56,0.0
1788187567.11,010B,33,0,56,0.0
1788187567.14,0968,0,0,56,0.0
1788187567.16,0110,1,8,56,0.0
1788187567.18,096E,14,78,56,0.0
1788187567.21,097C,113,203,56,0.0
1788187567.25,098E,0,0,56,0.0
1788187567.26,0110,1,11,56,0.0
1788187567.28,1101,0,0,56,0.0
1788187567.31,1103,16,0,56,0.0
1788187567.31,010B,33,0,56,0.0
1788187567.34,1104,0,0,56,0.0
1788187567.36,0110,1,1,56,0.0
1788187567.37,114A,102,192,56,0.0
1788187567.41,114D,78,64,56,0.0
1788187567.41,010B,33,0,56,0.0
1788187567.44,1153,54,164,56,0.0
1788187567.46,0110,1,1,56,0.0
1788187567.47,1154,29,128,56,0.0
1788187567.50,1169,29,125,56,0.0
1788187567.51,010B,33,0,56,0.0
1788187567.53,1173,2,193,56,0.0
1788187567.56,0110,1,11,56,0.0
1788187567.57,1177,20,200,56,0.0
1788187567.60,1410,0,235,56,0.0
1788187567.61,010B,33,0,56,0.0
1788187567.63,1631,1,0,56,0.0
1788187567.66,1678,0,0,56,0.0
1788187567.66,0110,1,14,56,0.0
1788187567.69,1681,0,0,56,0.0
1788187567.71,010B,33,0,56,0.0
1788187567.74,16CD,0,0,56,0.0
1788187567.77,16CE,0,0,56,0.0
1788187567.80,16CF,11,237,56,0.0
1788187567.81,010B,33,0,56,0.0
1788187567.83,16E8,52,43,56,0.0
1788187567.86,16E9,0,121,56,0.0
1788187567.89,16F0,3,131,56,0.0
1788187567.91,010B,33,0,56,0.0
1788187567.93,1704,0,0,56,0.0
1788187567.96,1706,128,0,56,0.0
1788187567.96,0110,1,4,56,0.0
1788187567.99,1709,0,0,56,0.0
1788187568.01,010B,33,0,56,0.0
1788187568.02,1717,1,0,56,0.0
1788187568.05,1718,1,0,56,0.0
1788187568.06,0110,1,8,56,0.0
1788187568.09,1746,0,0,56,0.0
1788187568.11,010B,33,0,56,0.0
1788187568.12,1782,204,64,56,0.0
1788187568.15,1783,110,192,56,0.0
1788187568.16,0110,1,11,56,0.0
1788187568.18,17A0,255,0,56,0.0
1788187568.21,010B,33,0,56,0.0
1788187568.25,17B0,24,0,56,0.0
1788187568.26,0110,1,8,56,0.0
1788187568.28,17B1,32,0,56,0.0
1788187568.31,17B2,4,0,56,0.0
1788187568.31,010B,33,0,56,0.0
1788187568.35,17B3,85,0,56,0.0
1788187568.36,0110,0,254,56,0.0
1788187568.38,17B5,80,0,56,0.0
1788187568.41,17B6,0,0,56,0.0
1788187568.41,010B,33,0,56,0.0
1788187568.45,17B8,241,0,56,0.0
1788187568.46,0110,1,14,56,0.0
1788187568.47,17B3,85,0,56,0.0
1788187568.48,17BA,0,0,56,0.0
1788187568.51,17BB,0,0,56,0.0
1788187568.51,010B,33,0,56,0.0
1788187568.54,17BC,0,0,56,0.0
1788187568.56,0110,1,11,56,0.0
1788187568.58,17BD,147,0,56,0.0
1788187568.61,17BE,0,0,56,0.0
1788187568.61,010B,33,0,56,0.0
1788187568.64,17C1,234,0,56,0.0
1788187568.66,0110,1,11,56,0.0
1788187568.67,3201,23,112,56,0.0
1788187568.70,990A,49,0,56,0.0
1788187568.71,010B,33,0,56,0.0
1788187568.73,996E,12,68,56,0.0
1788187568.77,A211,0,0,56,0.0
1788187568.80,D100,129,0,56,0.0
1788187568.81,010B,33,0,56,0.0
1788187568.83,E21B,90,74,56,0.0
1788187568.86,E21C,49,56,56,0.0
1788187568.90,E21D,56,56,56,0.0
1788187568.91,010B,33,0,56,0.0
1788187568.93,E21E,70,0,56,0.0
1788187568.97,E6F0,90,74,56,0.0
1788187569.00,E6F2,240,0,56,0.0
1788187569.01,010B,33,0,56,0.0
1788187569.03,E6F3,240,0,56,0.0
1788187569.06,0105,96,0,56,0.0
1788187569.06,0110,1,14,56,0.0
1788187569.09,010F,68,0,56,0.0
1788187569.11,010B,33,0,56,0.0
1788187569.13,0110,1,8,56,0.0
1788187569.16,010B,33,0,56,0.0
1788187569.16,0110,1,8,56,0.0
1788187569.20,0106,123,0,56,0.0
1788187569.22,010B,33,0,56,0.0
1788187569.23,0107,130,0,56,0.0
1788187569.26,010E,144,0,56,0.0
1788187569.26,0110,1,4,56,0.0
1788187569.29,0142,55,140,56,0.0
1788187569.31,010B,33,0,56,0.0
1788187569.34,0000,190,63,56,0.0
1788187569.37,0002,0,0,56,0.0
1788187569.40,0003,2,0,56,0.0
1788187569.41,010B,33,0,56,0.0
1788187569.43,0005,96,0,56,0.0
1788187569.46,0006,123,0,56,0.0
1788187569.50,0007,130,0,56,0.0
1788187569.51,010B,33,0,56,0.0
1788187569.53,000B,33,0,56,0.0
1788187569.56,000C,14,58,56,0.0
1788187569.56,0110,1,14,56,0.0
1788187569.60,000D,0,0,56,0.0
1788187569.62,010B,33,0,56,0.0
1788187569.63,000E,144,0,56,0.0
1788187569.66,000F,68,0,56,0.0
1788187569.70,0010,1,14,56,0.0
1788187569.71,010B,33,0,56,0.0
1788187569.73,0011,29,0,56,0.0
1788187569.76,0013,1,0,56,0.0
1788187569.76,0110,1,11,56,0.0
1788187569.79,001C,10,0,56,0.0
1788187569.81,010B,33,0,56,0.0
1788187569.82,001F,0,198,56,0.0
1788187569.86,0020,128,21,56,0.0
1788187569.86,0110,1,11,56,0.0
1788187569.89,0021,0,0,56,0.0
1788187569.91,010B,33,0,56,0.0
1788187569.92,002C,0,0,56,0.0
1788187569.95,002E,0,0,56,0.0
1788187569.96,0110,1,17,56,0.0
1788187569.99,0030,255,0,56,0.0
1788187570.01,010B,33,0,56,0.0
1788187570.02,003C,12,186,56,0.0
1788187570.06,0040,104,0,56,0.0
1788187570.06,0110,1,20,56,0.0
1788187570.09,0042,55,148,56,0.0
1788187570.12,0043,0,57,56,0.0
1788187570.15,0200,0,0,56,0.0
1788187570.16,0110,1,20,56,0.0
1788187570.18,0202,0,0,56,0.0
1788187570.22,0900,5,125,56,0.0
1788187570.25,0968,0,0,56,0.0
1788187570.26,0110,1,14,56,0.0
1788187570.28,096E,14,60,56,0.0
1788187570.31,097C,113,210,56,0.0
1788187570.31,010B,33,0,56,0.0
1788187570.34,098E,0,0,56,0.0
1788187570.36,0110,1,4,56,0.0
1788187570.38,1101,0,0,56,0.0
1788187570.41,1103,16,0,56,0.0
1788187570.41,010B,33,0,56,0.0
1788187570.45,1104,0,0,56,0.0
1788187570.46,0110,1,14,56,0.0
1788187570.46,17B3,85,0,56,0.0
1788187570.48,114A,102,192,56,0.0
1788187570.51,114D,77,192,56,0.0
1788187570.51,010B,33,0,56,0.0
1788187570.54,1153,54,88,56,0.0
1788187570.56,0110,1,8,56,0.0
1788187570.58,1154,29,128,56,0.0
1788187570.61,1169,29,125,56,0.0
1788187570.61,010B,33,0,56,0.0
1788187570.64,1173,3,137,56,0.0
1788187570.66,0110,1,8,56,0.0
1788187570.67,1177,20,200,56,0.0
1788187570.70,1410,0,241,56,0.0
1788187570.72,010B,33,0,56,0.0
1788187570.74,1631,1,0,56,0.0
1788187570.76,0110,1,11,56,0.0
1788187570.77,1678,0,0,56,0.0
1788187570.81,1681,0,0,56,0.0
1788187570.81,010B,33,0,56,0.0
1788187570.84,16CD,0,0,56,0.0
1788187570.86,0110,1,11,56,0.0
1788187570.87,16CE,0,0,56,0.0
1788187570.90,16CF,12,29,56,0.0
1788187570.91,010B,33,0,56,0.0
1788187570.94,16E8,49,151,56,0.0
1788187570.97,16E9,0,120,56,0.0
1788187571.00,16F0,3,131,56,0.0
1788187571.01,010B,33,0,56,0.0
1788187571.03,1704,0,0,56,0.0
1788187571.06,1706,128,0,56,0.0
1788187571.10,1709,0,0,56,0.0
1788187571.11,010B,33,0,56,0.0
1788187571.14,1717,1,0,56,0.0
1788187571.17,1718,1,0,56,0.0
1788187571.20,1746,0,0,56,0.0
1788187571.21,010B,33,0,56,0.0
1788187571.23,1782,204,0,56,0.0
1788187571.26,1783,110,192,56,0.0
1788187571.30,17A0,255,0,56,0.0
1788187571.31,010B,33,0,56,0.0
1788187571.33,17A6,0,0,56,0.0
1788187571.36,17B0,23,0,56,0.0
1788187571.36,0110,1,11,56,0.0
1788187571.39,17B1,32,0,56,0.0
1788187571.41,010B,33,0,56,0.0
1788187571.42,17B2,4,0,56,0.0
1788187571.46,17B3,85,0,56,0.0
1788187571.46,0110,1,8,56,0.0
1788187571.49,17B5,80,0,56,0.0
1788187571.51,010B,33,0,56,0.0
1788187571.52,17B6,0,0,56,0.0
1788187571.55,17B8,241,0,56,0.0
1788187571.56,0110,1,8,56,0.0
1788187571.59,17BA,0,0,56,0.0
1788187571.61,010B,33,0,56,0.0
1788187571.62,17BB,0,0,56,0.0
1788187571.66,17BC,0,0,56,0.0
1788187571.66,0110,1,11,56,0.0
1788187571.69,17BD,147,0,56,0.0
1788187571.71,010B,33,0,56,0.0
1788187571.72,17BE,0,0,56,0.0
1788187571.75,17C1,234,0,56,0.0
1788187571.76,0110,1,11,56,0.0
1788187571.78,3201,23,112,56,0.0
1788187571.82,990A,49,0,56,0.0
1788187571.85,996E,12,68,56,0.0
1788187571.86,0110,1,8,56,0.0
1788187571.88,A211,0,0,56,0.0
1788187571.91,D100,129,0,56,0.0
1788187571.91,010B,33,0,56,0.0
1788187571.94,E21B,90,74,56,0.0
1788187571.96,0110,1,8,56,0.0
1788187571.98,E21C,49,56,56,0.0
1788187572.02,E21D,56,56,56,0.0
1788187572.05,E21E,70,0,56,0.0
1788187572.06,0110,1,24,56,0.0
1788187572.08,E6F0,90,74,56,0.0
1788187572.11,E6F2,240,0,56,0.0
1788187572.11,010B,33,0,56,0.0
1788187572.14,E6F3,240,0,56,0.0
1788187572.16,0110,1,11,56,0.0
1788187572.17,0105,96,0,56,0.0
1788187572.20,010F,68,0,56,0.0
1788187572.21,010B,33,0,56,0.0
1788187572.24,0110,1,8,56,0.0
1788187572.26,0110,1,4,56,0.0
1788187572.27,010B,33,0,56,0.0
1788187572.30,0106,119,0,56,0.0
1788187572.31,010B,33,0,56,0.0
1788187572.33,0107,130,0,56,0.0
1788187572.36,0110,1,8,56,0.0
1788187572.37,010E,146,0,56,0.0
1788187572.40,0142,55,152,56,0.0
1788187572.41,010B,33,0,56,0.0
1788187572.43,0000,190,63,56,0.0
1788187572.46,0110,1,11,56,0.0
1788187572.47,17B3,85,0,56,0.0
1788187572.50,0003,2,0,56,0.0
1788187572.51,010B,33,0,56,0.0
1788187572.54,0005,96,0,56,0.0
1788187572.57,0006,121,0,56,0.0
1788187572.60,0007,130,0,56,0.0
1788187572.61,010B,33,0,56,0.0
1788187572.63,000B,33,0,56,0.0
1788187572.67,000C,14,44,56,0.0
1788187572.70,000D,0,0,56,0.0
1788187572.71,010B,33,0,56,0.0
1788187572.73,000E,144,0,56,0.0
1788187572.76,000F,68,0,56,0.0
1788187572.76,0110,1,8,56,0.0
1788187572.79,0010,1,11,56,0.0
1788187572.81,010B,33,0,56,0.0
1788187572.83,0011,29,0,56,0.0
1788187572.86,0013,1,0,56,0.0
1788187572.86,0110,0,254,56,0.0
1788187572.89,001C,10,0,56,0.0
1788187572.91,010B,33,0,56,0.0
1788187572.92,001F,0,200,56,0.0
1788187572.96,0020,128,21,56,0.0
1788187572.96,0110,1,1,56,0.0
1788187572.99,0021,0,0,56,0.0
1788187573.01,010B,33,0,56,0.0
1788187573.03,002C,0,0,56,0.0
1788187573.06,002E,0,0,56,0.0
1788187573.06,0110,1,1,56,0.0
1788187573.09,0030,255,0,56,0.0
1788187573.11,010B,33,0,56,0.0
1788187573.15,0040,104,0,57,0.0
1788187573.16,0110,1,8,57,0.0
1788187573.19,0042,55,141,57,0.0
1788187573.22,0043,0,56,57,0.0
1788187573.25,0200,0,0,57,0.0
1788187573.26,0110,1,11,57,0.0
1788187573.28,0202,0,0,57,0.0
1788187573.31,0900,5,130,57,0.0
1788187573.35,0968,0,0,57,0.0
1788187573.36,0110,1,11,57,0.0
1788187573.38,096E,14,33,57,0.0
1788187573.41,097C,113,207,57,0.0
1788187573.41,010B,33,0,57,0.0
1788187573.45,098E,0,0,57,0.0
1788187573.46,0110,1,8,57,0.0
1788187573.48,1101,0,0,57,0.0
1788187573.51,1103,16,0,57,0.0
1788187573.55,1104,0,0,57,0.0
1788187573.56,0110,1,4,57,0.0
1788187573.58,114A,102,192,57,0.0
1788187573.61,114D,77,64,57,0.0
1788187573.61,010B,33,0,57,0.0
1788187573.64,1153,54,35,57,0.0
1788187573.66,0110,1,4,57,0.0
1788187573.67,1154,29,128,57,0.0
1788187573.71,1169,29,125,57,0.0
1788187573.71,010B,33,0,57,0.0
1788187573.74,1173,0,75,57,0.0
1788187573.76,0110,1,8,57,0.0
1788187573.77,1177,20,200,57,0.0
1788187573.80,1410,0,242,57,0.0
1788187573.81,010B,33,0,57,0.0
1788187573.83,1631,1,0,57,0.0
1788187573.86,0110,1,11,57,0.0
1788187573.87,1678,0,0,57,0.0
1788187573.91,1681,0,0,57,0.0
1788187573.91,010B,33,0,57,0.0
1788187573.94,16CD,0,0,57,0.0
1788187573.97,16CE,0,0,57,0.0
1788187574.00,16CF,11,243,57,0.0
1788187574.01,010B,33,0,57,0.0
1788187574.03,16E8,49,55,57,0.0
1788187574.07,16E9,0,121,57,0.0
1788187574.10,16F0,3,131,57,0.0
1788187574.11,010B,33,0,57,0.0
1788187574.13,1704,0,0,57,0.0
1788187574.16,1706,128,0,57,0.0
1788187574.17,0110,1,11,57,0.0
1788187574.19,1709,0,0,57,0.0
1788187574.21,010B,33,0,57,0.0
1788187574.23,1717,1,0,57,0.0
1788187574.26,1718,1,0,57,0.0
1788187574.26,0110,1,1,57,0.0
1788187574.30,1746,0,0,57,0.0
1788187574.31,010B,33,0,57,0.0
1788187574.33,1782,204,0,57,0.0
1788187574.36,1783,110,192,57,0.0
1788187574.36,0110,1,4,57,0.0
1788187574.39,17A0,255,0,57,0.0
1788187574.41,010B,33,0,57,0.0
1788187574.43,17A6,0,0,57,0.0
1788187574.46,17B0,23,0,57,0.0
1788187574.47,0110,1,11,57,0.0
1788187574.47,17B3,85,0,57,0.0
1788187574.49,17B1,32,0,57,0.0
1788187574.51,010B,33,0,57,0.0
1788187574.52,17B2,4,0,57,0.0
1788187574.55,17B3,85,0,57,0.0
1788187574.56,0110,1,11,57,0.0
1788187574.59,17B5,80,0,57,0.0
1788187574.61,010B,33,0,57,0.0
1788187574.62,17B6,0,0,57,0.0
1788187574.66,17B8,241,0,57,0.0
1788187574.66,0110,1,4,57,0.0
1788187574.69,17BA,0,0,57,0.0
1788187574.71,010B,33,0,57,0.0
1788187574.72,17BB,0,0,57,0.0
1788187574.75,17BC,0,0,57,0.0
1788187574.76,0110,1,14,57,0.0
1788187574.79,17BD,147,0,57,0.0
1788187574.82,17BE,0,0,57,0.0
1788187574.85,17C1,234,0,57,0.0
1788187574.86,0110,1,11,57,0.0
1788187574.88,3201,23,112,57,0.0
1788187574.91,990A,49,0,57,0.0
1788187574.95,996E,12,68,57,0.0
1788187574.96,0110,1,1,57,0.0
1788187574.98,A211,0,0,57,0.0
1788187575.01,D100,129,0,57,0.0
1788187575.01,010B,33,0,57,0.0
1788187575.05,E21B,90,74,57,0.0
1788187575.06,0110,1,4,57,0.0
1788187575.07,E21C,49,56,57,0.0
1788187575.11,E21D,56,56,57,0.0
1788187575.11,010B,33,0,57,0.0
1788187575.15,E21E,70,0,57,0.0
1788187575.17,0110,1,11,57,0.0
1788187575.18,E6F0,90,74,57,0.0
1788187575.21,E6F2,240,0,57,0.0
1788187575.21,010B,33,0,57,0.0
1788187575.24,E6F3,240,0,57,0.0
1788187575.26,0110,1,8,57,0.0
1788187575.27,0105,97,0,57,0.0
1788187575.31,010F,68,0,57,0.0
1788187575.31,010B,33,0,57,0.0
1788187575.34,0110,1,11,57,0.0
1788187575.36,0110,1,4,57,0.0
1788187575.37,010B,33,0,57,0.0
1788187575.40,0106,121,0,57,0.0
1788187575.41,010B,33,0,57,0.0
1788187575.43,0107,130,0,57,0.0
1788187575.46,0110,1,14,57,0.0
1788187575.47,010E,143,0,57,0.0
1788187575.50,0142,55,141,57,0.0
1788187575.51,010B,33,0,57,0.0
1788187575.54,0000,190,63,57,0.0
1788187575.56,0110,1,8,57,0.0
1788187575.57,0002,0,0,57,0.0
1788187575.60,0003,2,0,57,0.0
1788187575.61,010B,33,0,57,0.0
1788187575.63,0005,97,0,57,0.0
1788187575.67,0006,120,0,57,0.0
1788187575.70,0007,130,0,57,0.0
1788187575.71,010B,33,0,57,0.0
1788187575.73,000B,33,0,57,0.0
1788187575.77,000C,14,18,57,0.0
1788187575.80,000D,0,0,57,0.0
1788187575.81,010B,33,0,57,0.0
1788187575.83,000E,144,0,57,0.0
1788187575.87,000F,68,0,57,0.0
1788187575.90,0010,1,4,57,0.0
1788187575.91,010B,33,0,57,0.0
1788187575.93,0011,29,0,57,0.0
1788187575.96,0013,1,0,57,0.0
1788187575.96,0110,1,11,57,0.0
1788187575.99,001C,10,0,57,0.0
1788187576.01,010B,33,0,57,0.0
1788187576.03,001F,0,203,57,0.0
1788187576.06,0020,128,21,57,0.0
1788187576.06,0110,1,8,57,0.0
1788187576.09,0021,0,0,57,0.0
1788187576.11,010B,33,0,57,0.0
1788187576.12,002C,0,0,57,0.0
1788187576.15,002E,0,0,57,0.0
1788187576.16,0110,1,11,57,0.0
1788187576.19,0030,255,0,57,0.0
1788187576.21,010B,33,0,57,0.0
1788187576.22,003C,12,237,57,0.0
1788187576.25,0040,104,0,57,0.0
1788187576.26,0110,1,17,57,0.0
1788187576.28,0042,55,141,57,0.0
1788187576.31,010B,33,0,57,0.0
1788187576.31,0043,0,57,57,0.0
1788187576.36,0200,0,0,57,0.0
1788187576.36,0110,1,14,57,0.0
1788187576.39,0202,0,0,57,0.0
1788187576.42,0900,5,125,57,0.0
1788187576.45,0968,0,0,57,0.0
1788187576.46,0110,1,14,57,0.0
1788187576.47,17B3,85,0,57,0.0
1788187576.48,096E,14,16,57,0.0
1788187576.51,097C,113,205,57,0.0
1788187576.55,098E,0,0,57,0.0
1788187576.56,0110,1,11,57,0.0
1788187576.58,1101,0,0,57,0.0
1788187576.61,1103,16,0,57,0.0
1788187576.61,010B,33,0,57,0.0
1788187576.64,1104,0,0,57,0.0
1788187576.66,0110,1,14,57,0.0
1788187576.68,114A,102,192,57,0.0
1788187576.71,114D,76,192,57,0.0
1788187576.75,1153,54,37,57,0.0
1788187576.76,0110,1,4,57,0.0
1788187576.78,1154,29,128,57,0.0
1788187576.81,1169,29,125,57,0.0
1788187576.81,010B,33,0,57,0.0
1788187576.84,1173,0,90,57,0.0
1788187576.86,0110,1,11,57,0.0
1788187576.88,1177,20,220,57,0.0
1788187576.91,1410,0,243,57,0.0
1788187576.91,010B,33,0,57,0.0
1788187576.94,1631,1,0,57,0.0
1788187576.96,0110,1,11,57,0.0
1788187576.97,1678,0,0,57,0.0
1788187577.00,1681,0,0,57,0.0
1788187577.01,010B,33,0,57,0.0
1788187577.03,16CD,0,0,57,0.0
1788187577.06,0110,1,11,57,0.0
1788187577.07,16CE,0,0,57,0.0
1788187577.10,16CF,11,239,57,0.0
1788187577.11,010B,33,0,57,0.0
1788187577.14,16E8,46,187,57,0.0
1788187577.17,16E9,0,120,57,0.0
1788187577.20,16F0,3,131,57,0.0
1788187577.21,010B,33,0,57,0.0
1788187577.23,1704,0,0,57,0.0
1788187577.27,1706,128,0,57,0.0
1788187577.30,1709,0,0,57,0.0
1788187577.31,010B,33,0,57,0.0
1788187577.33,1717,1,0,57,0.0
1788187577.36,1718,1,0,57,0.0
1788187577.36,0110,1,1,57,0.0
1788187577.40,1746,0,0,57,0.0
1788187577.41,010B,33,0,57,0.0
1788187577.43,1782,203,192,57,0.0
1788187577.46,1783,110,192,57,0.0
1788187577.46,0110,1,8,57,0.0
1788187577.49,17A0,255,0,57,0.0
1788187577.51,010B,33,0,57,0.0
1788187577.53,17A6,0,0,57,0.0
1788187577.55,17B0,24,0,57,0.0
1788187577.56,0110,1,14,57,0.0
1788187577.59,17B1,32,0,57,0.0
1788187577.61,010B,33,0,57,0.0
1788187577.63,17B2,4,0,57,0.0
1788187577.66,17B3,85,0,57,0.0
1788187577.66,0110,1,8,57,0.0
1788187577.69,17B5,80,0,57,0.0
1788187577.71,010B,33,0,57,0.0
1788187577.72,17B6,0,0,57,0.0
1788187577.76,17B8,241,0,57,0.0
1788187577.76,0110,1,8,57,0.0
1788187577.79,17BA,0,0,57,0.0
1788187577.82,17BB,0,0,57,0.0
1788187577.85,17BC,0,0,57,0.0
1788187577.86,0110,1,4,57,0.0
1788187577.88,17BD,147,0,57,0.0
1788187577.92,17BE,0,0,57,0.0
1788187577.95,17C1,234,0,57,0.0
1788187577.96,0110,1,11,57,0.0
1788187577.98,3201,23,112,57,0.0
1788187578.01,990A,49,0,57,0.0
1788187578.01,010B,33,0,57,0.0
1788187578.04,996E,12,48,57,0.0
1788187578.06,0110,1,4,57,0.0
1788187578.08,A211,0,0,57,0.0
1788187578.12,D100,129,0,57,0.0
1788187578.15,E21B,90,74,57,0.0
1788187578.16,0110,1,1,57,0.0
1788187578.18,E21C,49,56,57,0.0
1788187578.21,E21D,56,56,57,0.0
1788187578.21,010B,33,0,57,0.0
1788187578.24,E21E,70,0,57,0.0
1788187578.26,0110,1,8,57,0.0
1788187578.28,E6F0,90,74,57,0.0
1788187578.32,E6F2,240,0,57,0.0
1788187578.35,E6F3,240,0,57,0.0
1788187578.36,0110,1,8,57,0.0
1788187578.37,0105,97,0,57,0.0
1788187578.40,010F,68,0,57,0.0
1788187578.41,010B,33,0,57,0.0
1788187578.44,0110,1,8,57,0.0
1788187578.47,0110,1,4,57,0.0
1788187578.47,17B3,85,0,57,0.0
1788187578.47,010B,33,0,57,0.0
1788187578.50,0106,120,0,57,0.0
1788187578.51,010B,33,0,57,0.0
1788187578.54,0107,130,0,57,0.0
1788187578.56,0110,1,11,57,0.0
1788187578.57,010E,149,0,57,0.0
1788187578.60,0142,55,142,57,0.0
1788187578.61,010B,33,0,57,0.0
1788187578.64,0000,190,63,57,0.0
1788187578.66,0110,1,11,57,0.0
1788187578.67,0002,0,0,57,0.0
1788187578.70,0003,2,0,57,0.0
1788187578.71,010B,33,0,57,0.0
1788187578.73,0005,97,0,57,0.0
1788187578.77,0006,121,0,57,0.0
1788187578.80,0007,130,0,57,0.0
1788187578.81,010B,33,0,57,0.0
1788187578.84,000B,33,0,57,0.0
1788187578.87,000C,13,242,57,0.0
1788187578.90,000D,0,0,57,0.0
1788187578.91,010B,33,0,57,0.0
1788187578.93,000E,145,0,57,0.0
1788187578.96,000F,68,0,57,0.0
1788187579.00,0010,1,4,57,0.0
1788187579.01,010B,33,0,57,0.0
1788187579.03,0011,29,0,57,0.0
1788187579.06,0013,1,0,57,0.0
1788187579.06,0110,1,11,57,0.0
1788187579.09,001C,10,0,57,0.0
1788187579.11,010B,33,0,57,0.0
1788187579.12,001F,0,206,57,0.0
1788187579.16,0020,128,21,57,0.0
1788187579.16,0110,0,251,57,0.0
1788187579.19,0021,0,0,57,0.0
1788187579.21,010B,33,0,57,0.0
1788187579.22,002C,0,0,57,0.0
1788187579.25,002E,0,0,57,0.0
1788187579.26,0110,1,1,57,0.0
1788187579.28,0030,255,0,57,0.0
1788187579.31,010B,33,0,57,0.0
1788187579.32,003C,13,7,57,0.0
1788187579.36,0040,104,0,57,0.0
1788187579.36,0110,1,8,57,0.0
1788187579.39,0042,55,150,57,0.0
1788187579.42,0043,0,56,57,0.0
1788187579.45,0200,0,0,57,0.0
1788187579.46,0110,1,4,57,0.0
1788187579.48,0202,0,0,57,0.0
1788187579.52,0900,5,130,57,0.0
1788187579.55,0968,0,0,57,0.0
1788187579.56,0110,1,4,57,0.0
1788187579.58,096E,13,249,57,0.0
1788187579.61,097C,113,207,57,0.0
1788187579.61,010B,33,0,57,0.0
1788187579.65,098E,0,0,57,0.0
1788187579.66,0110,1,1,57,0.0
1788187579.68,1101,0,0,57,0.0
1788187579.72,1103,16,0,57,0.0
1788187579.75,1104,0,0,57,0.0
1788187579.76,0110,1,11,57,0.0
1788187579.78,114A,102,128,57,0.0
1788187579.81,114D,76,64,57,0.0
1788187579.81,010B,33,0,57,0.0
1788187579.84,1153,53,231,57,0.0
1788187579.86,0110,1,4,57,0.0
1788187579.88,1154,29,128,57,0.0
1788187579.91,1169,29,125,57,0.0
1788187579.91,010B,33,0,57,0.0
1788187579.94,1173,0,80,57,0.0
1788187579.96,0110,0,254,57,0.0
1788187579.97,1177,20,180,57,0.0
1788187580.00,1410,0,241,57,0.0
1788187580.01,010B,33,0,57,0.0
1788187580.04,1631,1,0,57,0.0
1788187580.06,0110,1,11,57,0.0
1788187580.07,1678,0,0,57,0.0
1788187580.10,1681,0,0,57,0.0
1788187580.11,010B,33,0,57,0.0
1788187580.14,16CD,0,0,57,0.0
1788187580.16,0110,1,11,57,0.0
1788187580.17,16CE,0,0,57,0.0
1788187580.20,16CF,12,47,57,0.0
1788187580.21,010B,33,0,57,0.0
1788187580.24,16E8,49,201,57,0.0
1788187580.27,16E9,0,121,57,0.0
1788187580.30,16F0,3,131,57,0.0
1788187580.31,010B,33,0,57,0.0
1788187580.33,1704,0,0,57,0.0
1788187580.36,1706,128,0,57,0.0
1788187580.40,1709,0,0,57,0.0
1788187580.41,010B,33,0,57,0.0
1788187580.43,1717,1,0,57,0.0
1788187580.46,1718,1,0,57,0.0
1788187580.46,0110,0,254,57,0.0
1788187580.47,17B3,85,0,57,0.0
1788187580.49,1746,0,0,57,0.0
1788187580.51,010B,33,0,57,0.0
1788187580.52,1782,203,192,57,0.0
1788187580.56,1783,110,192,57,0.0
1788187580.56,0110,0,248,57,0.0
1788187580.60,17A0,255,0,57,0.0
1788187580.61,010B,33,0,57,0.0
1788187580.63,17A6,0,0,57,0.0
1788187580.66,17B0,23,0,57,0.0
1788187580.66,0110,1,4,57,0.0
1788187580.69,17B1,32,0,57,0.0
1788187580.71,010B,33,0,57,0.0
1788187580.72,17B2,4,0,57,0.0
1788187580.76,17B3,85,0,57,0.0
1788187580.76,0110,1,4,57,0.0
1788187580.79,17B5,80,0,57,0.0
1788187580.81,010B,33,0,57,0.0
1788187580.82,17B6,0,0,57,0.0
1788187580.85,17B8,241,0,57,0.0
1788187580.86,0110,1,4,57,0.0
1788187580.88,17BA,0,0,57,0.0
1788187580.91,010B,33,0,57,0.0
1788187580.92,17BB,0,0,57,0.0
1788187580.95,17BC,0,0,57,0.0
1788187580.96,0110,1,11,57,0.0
1788187580.98,17BD,147,0,57,0.0
1788187581.01,17BE,0,0,57,0.0
1788187581.05,17C1,234,0,57,0.0
1788187581.07,0110,1,4,57,0.0
1788187581.08,3201,23,112,57,0.0
1788187581.12,990A,49,0,57,0.0
1788187581.15,996E,12,48,57,0.0
1788187581.16,0110,1,11,57,0.0
1788187581.18,A211,0,0,57,0.0
1788187581.21,D100,129,0,57,0.0
1788187581.24,E21B,90,74,57,0.0
1788187581.26,0110,1,8,57,0.0
1788187581.28,E21C,49,56,57,0.0
1788187581.31,E21D,56,56,57,0.0
1788187581.31,010B,33,0,57,0.0
1788187581.34,E21E,70,0,57,0.0
1788187581.36,0110,1,1,57,0.0
1788187581.37,E6F0,90,74,57,0.0
1788187581.40,E6F2,240,0,57,0.0
1788187581.41,010B,33,0,57,0.0
1788187581.44,E6F3,240,0,57,0.0
1788187581.46,0110,0,251,57,0.0
1788187581.47,0105,97,0,57,0.0
1788187581.50,010F,68,0,57,0.0
1788187581.51,010B,33,0,57,0.0
1788187581.53,0110,1,1,57,0.0
1788187581.56,0110,1,4,57,0.0
1788187581.56,010B,33,0,57,0.0
1788187581.60,0106,121,0,57,0.0
1788187581.61,010B,33,0,57,0.0
1788187581.63,0107,130,0,57,0.0
1788187581.66,010E,141,0,57,0.0
1788187581.66,0110,1,4,57,0.0
1788187581.70,0142,55,138,57,0.0
1788187581.71,010B,33,0,57,0.0
1788187581.73,0000,190,63,57,0.0
1788187581.76,0002,0,0,57,0.0
1788187581.80,0003,2,0,57,0.0
1788187581.81,010B,33,0,57,0.0
1788187581.83,0005,97,0,57,0.0
1788187581.86,0006,121,0,57,0.0
1788187581.87,0110,1,11,57,0.0
1788187581.89,0007,130,0,57,0.0
1788187581.91,010B,33,0,57,0.0
1788187581.92,000B,33,0,57,0.0
1788187581.96,000C,13,232,57,0.0
1788187582.00,000D,0,0,57,0.0
1788187582.02,010B,33,0,57,0.0
1788187582.03,000E,144,0,57,0.0
1788187582.06,000F,68,0,57,0.0
1788187582.06,0110,0,251,57,0.0
1788187582.09,0010,1,1,57,0.0
1788187582.11,010B,33,0,57,0.0
1788187582.12,0011,29,0,57,0.0
1788187582.16,0013,1,0,57,0.0
1788187582.16,0110,1,1,57,0.0
1788187582.19,001C,10,0,57,0.0
1788187582.21,010B,33,0,57,0.0
1788187582.22,001F,0,209,57,0.0
1788187582.25,0020,128,21,57,0.0
1788187582.26,0110,1,1,57,0.0
1788187582.29,0021,0,0,57,0.0
1788187582.31,010B,33,0,57,0.0
1788187582.32,002C,0,0,57,0.0
1788187582.35,002E,0,0,57,0.0
1788187582.36,0110,1,1,57,0.0
1788187582.38,0030,255,0,57,0.0
1788187582.41,010B,33,0,57,0.0
1788187582.42,003C,13,34,57,0.0
1788187582.45,0040,104,0,57,0.0
1788187582.46,0110,1,1,57,0.0
1788187582.47,17B3,85,0,57,0.0
1788187582.48,0042,55,132,57,0.0
1788187582.52,0043,0,56,57,0.0
1788187582.55,0200,0,0,57,0.0
1788187582.56,0110,1,4,57,0.0
1788187582.58,0202,0,0,57,0.0
1788187582.61,0900,5,125,57,0.0
1788187582.64,0968,0,0,57,0.0
1788187582.66,0110,0,254,57,0.0
1788187582.68,096E,13,234,57,0.0
1788187582.71,097C,113,208,57,0.0
1788187582.71,010B,33,0,57,0.0
1788187582.74,098E,0,0,57,0.0
1788187582.76,0110,1,4,57,0.0
1788187582.77,1101,0,0,57,0.0
1788187582.81,1103,16,0,57,0.0
1788187582.81,010B,33,0,57,0.0
1788187582.84,1104,0,0,57,0.0
1788187582.86,0110,0,254,57,0.0
1788187582.87,114A,102,128,57,0.0
1788187582.90,114D,76,0,57,0.0
1788187582.91,010B,33,0,57,0.0
1788187582.93,1153,53,189,57,0.0
1788187582.97,0110,0,254,57,0.0
1788187582.97,1154,29,128,57,0.0
1788187583.01,1169,29,125,57,0.0
1788187583.01,010B,33,0,57,0.0
1788187583.04,1173,0,65,57,0.0
1788187583.06,0110,1,11,58,0.0
1788187583.07,1177,20,220,58,0.0
1788187583.10,1410,0,239,58,0.0
1788187583.11,010B,33,0,58,0.0
1788187583.13,1631,1,0,58,0.0
1788187583.17,1678,0,0,58,0.0
1788187583.20,1681,0,0,58,0.0
1788187583.21,010B,33,0,58,0.0
1788187583.23,16CD,0,0,58,0.0
1788187583.26,16CE,0,0,58,0.0
1788187583.26,0110,1,1,58,0.0
1788187583.29,16CF,12,9,58,0.0
1788187583.31,010B,33,0,58,0.0
1788187583.33,16E8,49,134,58,0.0
1788187583.36,16E9,0,121,57,0.0
1788187583.36,0110,1,4,57,0.0
1788187583.39,16F0,3,131,57,0.0
1788187583.41,010B,33,0,57,0.0
1788187583.43,1704,0,0,57,0.0
1788187583.46,1706,128,0,58,0.0
1788187583.46,0110,1,4,58,0.0
1788187583.49,1709,0,0,58,0.0
1788187583.51,010B,33,0,58,0.0
1788187583.53,1717,1,0,58,0.0
1788187583.56,1718,1,0,58,0.0
1788187583.56,0110,1,11,58,0.0
1788187583.59,1746,0,0,58,0.0
1788187583.61,010B,33,0,58,0.0
1788187583.62,1782,203,128,58,0.0
1788187583.65,1783,110,192,58,0.0
1788187583.66,0110,1,1,58,0.0
1788187583.69,17A0,255,0,58,0.0
1788187583.71,010B,33,0,58,0.0
1788187583.75,17B0,23,0,58,0.0
1788187583.76,0110,1,4,58,0.0
1788187583.78,17B1,32,0,58,0.0
1788187583.81,17B2,4,0,58,0.0
1788187583.85,17B3,85,0,58,0.0
1788187583.86,0110,1,4,58,0.0
1788187583.88,17B5,80,0,58,0.0
1788187583.91,17B6,0,0,58,0.0
1788187583.91,010B,33,0,58,0.0
1788187583.95,17B8,241,0,58,0.0
1788187583.96,0110,0,254,58,0.0
1788187583.98,17BA,0,0,58,0.0
1788187584.01,17BB,0,0,58,0.0
1788187584.05,17BC,0,0,58,0.0
1788187584.06,0110,1,1,58,0.0
1788187584.08,17BD,147,0,58,0.0
1788187584.11,17BE,0,0,58,0.0
1788187584.11,010B,33,0,58,0.0
1788187584.14,17C1,234,0,58,0.0
1788187584.16,0110,1,4,58,0.0
1788187584.17,3201,23,112,58,0.0
1788187584.21,990A,49,0,58,0.0
1788187584.21,010B,33,0,58,0.0
1788187584.24,996E,12,48,58,0.0
1788187584.26,0110,1,8,58,0.0
1788187584.27,A211,0,0,58,0.0
1788187584.30,D100,129,0,58,0.0
1788187584.31,010B,33,0,58,0.0
1788187584.34,E21B,90,74,58,0.0
1788187584.36,0110,1,8,58,0.0
1788187584.37,E21C,49,56,58,0.0
1788187584.41,E21D,56,56,58,0.0
1788187584.41,010B,33,0,58,0.0
1788187584.44,E21E,70,0,58,0.0
1788187584.46,0110,1,8,58,0.0
1788187584.47,17B3,85,0,58,0.0
1788187584.50,E6F2,240,0,58,0.0
1788187584.51,010B,33,0,58,0.0
1788187584.53,E6F3,240,0,58,0.0
1788187584.56,0105,98,0,58,0.0
1788187584.56,0110,1,8,58,0.0
1788187584.59,010F,68,0,58,0.0
1788187584.61,010B,33,0,58,0.0
1788187584.63,0110,1,4,58,0.0
1788187584.66,010B,33,0,58,0.0
1788187584.66,0110,1,8,58,0.0
1788187584.69,0106,123,0,58,0.0
1788187584.71,010B,33,0,58,0.0
1788187584.72,0107,130,0,58,0.0
1788187584.76,010E,140,0,58,0.0
1788187584.76,0110,1,1,58,0.0
1788187584.79,0142,55,139,58,0.0
1788187584.81,010B,33,0,58,0.0
1788187584.82,0000,190,63,58,0.0
1788187584.86,0002,0,0,58,0.0
1788187584.87,0110,0,248,58,0.0
1788187584.89,0003,2,0,58,0.0
1788187584.91,010B,33,0,58,0.0
1788187584.93,0005,98,0,58,0.0
1788187584.96,0006,122,0,58,0.0
1788187584.96,0110,1,4,58,0.0
1788187584.99,0007,130,0,58,0.0
1788187585.01,010B,33,0,58,0.0
1788187585.02,000B,33,0,58,0.0
1788187585.05,000C,13,245,58,0.0
1788187585.06,0110,1,1,58,0.0
1788187585.09,000D,0,0,58,0.0
1788187585.12,000E,141,0,58,0.0
1788187585.15,000F,68,0,58,0.0
1788187585.16,0110,0,251,58,0.0
1788187585.18,0010,1,1,58,0.0
1788187585.21,0011,29,0,58,0.0
1788187585.25,0013,1,0,58,0.0
1788187585.26,0110,0,251,58,0.0
1788187585.28,001C,10,0,58,0.0
1788187585.32,001F,0,212,58,0.0
1788187585.35,0020,128,21,58,0.0
1788187585.36,0110,1,4,58,0.0
1788187585.38,0021,0,0,58,0.0
1788187585.41,002C,0,0,58,0.0
1788187585.45,002E,0,0,58,0.0
1788187585.46,0110,1,11,58,0.0
1788187585.48,0030,255,0,58,0.0
1788187585.51,003C,13,56,58,0.0
1788187585.51,010B,33,0,58,0.0
1788187585.54,0040,104,0,58,0.0
1788187585.56,0110,1,1,58,0.0
1788187585.57,0042,55,144,58,0.0
1788187585.61,0043,0,56,58,0.0
1788187585.61,010B,33,0,58,0.0
1788187585.64,0200,0,0,58,0.0
1788187585.66,0110,1,1,58,0.0
1788187585.67,0202,0,0,58,0.0
1788187585.71,0900,5,125,58,0.0
1788187585.71,010B,33,0,58,0.0
1788187585.74,0968,0,0,58,0.0
1788187585.76,0110,1,1,58,0.0
1788187585.77,096E,13,211,58,0.0
1788187585.81,097C,113,210,58,0.0
1788187585.81,010B,33,0,58,0.0
1788187585.84,098E,0,0,58,0.0
1788187585.86,0110,1,4,58,0.0
1788187585.87,1101,0,0,58,0.0
1788187585.90,1103,16,0,58,0.0
1788187585.91,010B,33,0,58,0.0
1788187585.93,1104,0,0,58,0.0
1788187585.97,114A,102,128,58,0.0
1788187586.00,114D,75,128,58,0.0
1788187586.01,010B,33,0,58,0.0
1788187586.03,1153,53,131,58,0.0
1788187586.06,1154,29,128,58,0.0
1788187586.06,0110,1,8,58,0.0
1788187586.09,1169,29,125,58,0.0
1788187586.11,010B,33,0,58,0.0
1788187586.13,1173,1,39,58,0.0
1788187586.16,1177,20,180,58,0.0
1788187586.16,0110,1,4,58,0.0
1788187586.19,1410,0,239,58,0.0
1788187586.21,010B,33,0,58,0.0
1788187586.22,1631,1,0,58,0.0
1788187586.26,1678,0,0,58,0.0
1788187586.26,0110,1,4,58,0.0
1788187586.29,1681,0,0,58,0.0
1788187586.31,010B,33,0,58,0.0
1788187586.32,16CD,0,0,58,0.0
1788187586.36,16CE,0,0,58,0.0
1788187586.36,0110,0,254,58,0.0
1788187586.39,16CF,12,47,58,0.0
1788187586.41,010B,33,0,58,0.0
1788187586.42,16E8,53,251,58,0.0
1788187586.45,16E9,0,121,58,0.0
1788187586.46,0110,0,251,58,0.0
1788187586.47,17B3,85,0,58,0.0
1788187586.49,16F0,3,131,58,0.0
1788187586.51,010B,33,0,58,0.0
1788187586.52,1704,0,0,58,0.0
1788187586.55,1706,128,0,58,0.0
1788187586.56,0110,0,254,58,0.0
1788187586.58,1709,0,0,58,0.0
1788187586.61,1717,1,0,58,0.0
1788187586.65,1718,1,0,58,0.0
1788187586.66,0110,1,4,58,0.0
1788187586.68,1746,0,0,58,0.0
1788187586.71,1782,203,64,58,0.0
1788187586.71,010B,33,0,58,0.0
1788187586.74,1783,110,192,58,0.0
1788187586.76,0110,0,251,58,0.0
1788187586.78,17A0,255,0,58,0.0
1788187586.81,17A6,0,0,58,0.0
1788187586.81,010B,33,0,58,0.0
1788187586.84,17B0,23,0,58,0.0
1788187586.86,0110,0,251,58,0.0
1788187586.87,17B1,32,0,58,0.0
1788187586.91,17B2,4,0,58,0.0
1788187586.91,010B,33,0,58,0.0
1788187586.94,17B3,85,0,58,0.0
1788187586.97,0110,1,8,58,0.0
1788187586.98,17B5,80,0,58,0.0
1788187587.01,17B6,0,0,58,0.0
1788187587.01,010B,33,0,58,0.0
1788187587.04,17B8,241,0,58,0.0
1788187587.06,0110,1,4,58,0.0
1788187587.07,17BA,0,0,58,0.0
1788187587.10,17BB,0,0,58,0.0
1788187587.11,010B,33,0,58,0.0
1788187587.14,17BC,0,0,58,0.0
1788187587.16,0110,0,254,58,0.0
1788187587.20,17BE,0,0,58,0.0
1788187587.21,010B,33,0,58,0.0
1788187587.23,17C1,234,0,58,0.0
1788187587.26,3201,23,112,58,0.0
1788187587.30,990A,49,0,58,0.0
1788187587.31,010B,33,0,58,0.0
1788187587.33,996E,12,48,58,0.0
1788187587.37,A211,0,0,58,0.0
1788187587.40,D100,129,0,58,0.0
1788187587.41,010B,33,0,58,0.0
1788187587.43,E21B,90,74,58,0.0
1788187587.46,E21C,49,56,58,0.0
1788187587.46,0142,55,136,58,0.0
1788187587.50,E21D,56,56,58,0.0
1788187587.51,010B,33,0,58,0.0
1788187587.53,E21E,70,0,58,0.0
1788187587.56,E6F0,90,74,58,0.0
1788187587.56,0110,0,254,58,0.0
1788187587.59,E6F2,240,0,58,0.0
1788187587.61,010B,33,0,58,0.0
1788187587.62,E6F3,240,0,58,0.0
1788187587.65,0105,98,0,58,0.0
1788187587.67,0110,1,4,58,0.0
1788187587.69,010F,68,0,58,0.0
1788187587.71,010B,33,0,58,0.0
1788187587.72,0110,1,1,58,0.0
1788187587.75,010B,33,0,58,0.0
1788187587.76,0110,1,4,58,0.0
1788187587.78,0106,124,0,58,0.0
1788187587.81,010B,33,0,58,0.0
1788187587.81,0107,130,0,58,0.0
1788187587.85,010E,141,0,58,0.0
1788187587.86,0110,1,4,58,0.0
1788187587.88,0142,55,158,58,0.0
1788187587.92,0000,190,63,58,0.0
1788187587.95,0002,0,0,58,0.0
1788187587.97,0110,1,8,58,0.0
1788187587.98,0003,2,0,58,0.0
1788187588.02,0005,98,0,58,0.0
1788187588.05,0006,124,0,58,0.0
1788187588.06,0110,0,248,58,0.0
1788187588.08,0007,130,0,58,0.0
1788187588.11,000B,33,0,58,0.0
1788187588.11,010B,33,0,58,0.0
1788187588.14,000C,13,220,58,0.0
1788187588.16,0110,0,254,58,0.0
1788187588.18,000D,0,0,58,0.0
1788187588.21,000E,142,0,58,0.0
1788187588.21,010B,33,0,58,0.0
1788187588.24,000F,68,0,58,0.0
1788187588.26,0110,1,1,58,0.0
1788187588.27,0010,1,4,58,0.0
1788187588.30,0011,29,0,58,0.0
1788187588.31,010B,33,0,58,0.0
1788187588.34,0013,1,0,58,0.0
1788187588.36,0110,0,254,58,0.0
1788187588.37,001C,10,0,58,0.0
1788187588.40,001F,0,216,58,0.0
1788187588.41,010B,33,0,58,0.0
1788187588.44,0020,128,21,58,0.0
1788187588.46,0110,0,254,58,0.0
1788187588.47,17B3,85,0,58,0.0
1788187588.50,002C,0,0,58,0.0
1788187588.51,010B,33,0,58,0.0
1788187588.54,002E,0,0,58,0.0
1788187588.57,0030,255,0,58,0.0
1788187588.60,003C,13,82,58,0.0
1788187588.61,010B,33,0,58,0.0
1788187588.63,0040,104,0,58,0.0
1788187588.66,0042,55,150,58,0.0
1788187588.70,0043,0,56,58,0.0
1788187588.71,010B,33,0,58,0.0
1788187588.73,0200,0,0,58,0.0
1788187588.76,0202,0,0,58,0.0
1788187588.76,0110,0,254,58,0.0
1788187588.80,0900,5,125,58,0.0
1788187588.81,010B,33,0,58,0.0
1788187588.83,0968,0,0,58,0.0
1788187588.86,096E,13,189,58,0.0
1788187588.90,097C,113,212,58,0.0
1788187588.91,010B,33,0,58,0.0
1788187588.93,098E,0,0,58,0.0
1788187588.96,1101,0,0,58,0.0
1788187588.96,0110,1,1,58,0.0
1788187588.99,1103,16,0,58,0.0
1788187589.01,010B,33,0,58,0.0
1788187589.02,1104,0,0,58,0.0
1788187589.06,114A,102,128,58,0.0
1788187589.06,0110,0,254,58,0.0
1788187589.09,114D,75,0,58,0.0
1788187589.12,1153,53,45,58,0.0
1788187589.15,1154,29,128,58,0.0
1788187589.16,0110,1,8,58,0.0
1788187589.18,1169,29,125,58,0.0
1788187589.22,1173,2,153,58,0.0
1788187589.25,1177,20,140,58,0.0
1788187589.26,0110,1,8,58,0.0
1788187589.28,1410,0,239,58,0.0
1788187589.31,1631,1,0,58,0.0
1788187589.31,010B,33,0,58,0.0
1788187589.34,1678,0,0,58,0.0
1788187589.36,0110,1,4,58,0.0
1788187589.38,1681,0,0,58,0.0
1788187589.42,16CD,0,0,58,0.0
1788187589.45,16CE,0,0,58,0.0
1788187589.46,0110,1,8,58,0.0
1788187589.48,16CF,12,11,58,0.0
1788187589.51,16E8,52,101,58,0.0
1788187589.51,010B,33,0,58,0.0
1788187589.54,16E9,0,121,58,0.0
1788187589.56,0110,1,4,58,0.0
1788187589.58,16F0,3,131,58,0.0
1788187589.61,1704,0,0,58,0.0
1788187589.61,010B,33,0,58,0.0
1788187589.64,1706,128,0,58,0.0
1788187589.66,0110,0,254,58,0.0
1788187589.67,1709,0,0,58,0.0
1788187589.70,1717,1,0,58,0.0
1788187589.71,010B,33,0,58,0.0
1788187589.74,1718,1,0,58,0.0
1788187589.76,0110,1,1,58,0.0
1788187589.77,1746,0,0,58,0.0
1788187589.80,1782,203,64,58,0.0
1788187589.81,010B,33,0,58,0.0
1788187589.84,1783,110,192,58,0.0
1788187589.86,0110,0,254,58,0.0
1788187589.87,17A0,255,0,58,0.0
1788187589.90,17A6,0,0,58,0.0
1788187589.91,010B,33,0,58,0.0
1788187589.94,17B0,23,0,58,0.0
1788187589.97,17B1,32,0,58,0.0
1788187590.00,17B2,4,0,58,0.0
1788187590.01,010B,33,0,58,0.0
1788187590.03,17B3,85,0,58,0.0
1788187590.06,17B5,80,0,58,0.0
1788187590.10,17B6,0,0,58,0.0
1788187590.11,010B,33,0,58,0.0
1788187590.13,17B8,241,0,58,0.0
1788187590.16,17BA,0,0,58,0.0
1788187590.16,0110,1,4,58,0.0
1788187590.19,17BB,0,0,58,0.0
1788187590.21,010B,33,0,58,0.0
1788187590.23,17BC,0,0,58,0.0
1788187590.26,17BD,147,0,58,0.0
1788187590.26,0110,0,251,58,0.0
1788187590.30,17BE,0,0,58,0.0
1788187590.31,010B,33,0,58,0.0
1788187590.33,17C1,234,0,58,0.0
1788187590.36,3201,23,112,58,0.0
1788187590.36,0110,1,4,58,0.0
1788187590.39,990A,49,0,58,0.0
1788187590.41,010B,33,0,58,0.0
1788187590.42,996E,12,48,58,0.0
1788187590.46,A211,0,0,58,0.0
1788187590.46,0110,1,1,58,0.0
1788187590.46,17B3,85,0,58,0.0
1788187590.49,D100,129,0,58,0.0
1788187590.51,010B,33,0,58,0.0
1788187590.52,E21B,90,74,58,0.0
1788187590.55,E21C,49,56,58,0.0
1788187590.56,0110,1,4,58,0.0
1788187590.58,E21D,56,56,58,0.0
1788187590.61,010B,33,0,58,0.0
1788187590.62,E21E,70,0,58,0.0
1788187590.65,E6F0,90,74,58,0.0
1788187590.66,0110,0,254,58,0.0
1788187590.68,E6F2,240,0,58,0.0
1788187590.71,E6F3,240,0,58,0.0
1788187590.71,010B,33,0,58,0.0
1788187590.74,0105,98,0,58,0.0
1788187590.76,0110,1,4,58,0.0
1788187590.78,010F,68,0,58,0.0
1788187590.81,0110,1,4,58,0.0
1788187590.81,010B,33,0,58,0.0
1788187590.84,010B,33,0,58,0.0
1788187590.86,0110,0,254,58,0.0
1788187590.87,0106,123,0,58,0.0
1788187590.91,0107,130,0,58,0.0
1788187590.91,010B,33,0,58,0.0
1788187590.94,010E,141,0,58,0.0
1788187590.96,0110,1,1,58,0.0
1788187590.97,0142,55,138,58,0.0
1788187591.01,0000,190,63,58,0.0
1788187591.01,010B,33,0,58,0.0
1788187591.04,0002,0,0,58,0.0
1788187591.06,0110,1,4,58,0.0
1788187591.07,0003,2,0,58,0.0
1788187591.10,0005,98,0,58,0.0
1788187591.11,010B,33,0,58,0.0
1788187591.14,0006,123,0,58,0.0
1788187591.16,0110,1,1,58,0.0
1788187591.17,0007,130,0,58,0.0
1788187591.20,000B,33,0,58,0.0
1788187591.21,010B,33,0,58,0.0
1788187591.23,000C,13,198,58,0.0
1788187591.26,000D,0,0,58,0.0
1788187591.30,000E,141,0,58,0.0
1788187591.31,010B,33,0,58,0.0
1788187591.33,000F,68,0,58,0.0
1788187591.36,0010,1,1,58,0.0
1788187591.36,0110,1,1,58,0.0
1788187591.39,0011,29,0,58,0.0
1788187591.41,010B,33,0,58,0.0
1788187591.42,0013,1,0,58,0.0
1788187591.46,001C,10,0,58,0.0
1788187591.50,001F,0,219,58,0.0
1788187591.51,010B,33,0,58,0.0
1788187591.53,0020,128,21,58,0.0
1788187591.56,0021,0,0,58,0.0
1788187591.56,0110,0,254,58,0.0
1788187591.59,002C,0,0,58,0.0
1788187591.61,010B,33,0,58,0.0
1788187591.62,002E,0,0,58,0.0
1788187591.66,0030,255,0,58,0.0
1788187591.66,0110,1,1,58,0.0
1788187591.69,003C,13,107,58,0.0
1788187591.71,010B,33,0,58,0.0
1788187591.72,0040,104,0,58,0.0
1788187591.75,0042,55,134,58,0.0
1788187591.76,0110,0,254,58,0.0
1788187591.79,0043,0,56,58,0.0
1788187591.82,0200,0,0,58,0.0
1788187591.85,0202,0,0,58,0.0
1788187591.86,0110,1,1,58,0.0
1788187591.88,0900,5,125,58,0.0
1788187591.91,0968,0,0,58,0.0
1788187591.95,096E,13,175,58,0.0
1788187591.96,0110,0,254,58,0.0
1788187591.99,097C,113,214,58,0.0
1788187592.01,098E,0,0,58,0.0
1788187592.01,010B,33,0,58,0.0
1788187592.05,1101,0,0,58,0.0
1788187592.06,0110,0,242,58,0.0
1788187592.08,1103,16,0,58,0.0
1788187592.11,1104,0,0,58,0.0
1788187592.15,114A,102,64,58,0.0
1788187592.16,0110,0,248,58,0.0
1788187592.18,114D,74,128,58,0.0
1788187592.21,1153,52,249,58,0.0
1788187592.21,010B,33,0,58,0.0
1788187592.24,1154,29,128,58,0.0
1788187592.26,0110,0,254,58,0.0
1788187592.27,1169,29,125,58,0.0
1788187592.31,1173,3,57,58,0.0
1788187592.31,010B,33,0,58,0.0
1788187592.34,1177,20,140,58,0.0
1788187592.36,0110,1,1,58,0.0
1788187592.37,1410,0,237,58,0.0
1788187592.40,1631,1,0,58,0.0
1788187592.41,010B,33,0,58,0.0
1788187592.43,1678,0,0,58,0.0
1788187592.46,0110,0,251,58,0.0
1788187592.46,0142,55,138,58,0.0
1788187592.47,1681,0,0,58,0.0
1788187592.50,16CD,0,0,58,0.0
1788187592.51,010B,33,0,58,0.0
1788187592.53,16CE,0,0,58,0.0
1788187592.56,16CF,12,4,58,0.0
1788187592.56,0110,0,251,58,0.0
1788187592.60,16E8,48,19,58,0.0
1788187592.61,010B,33,0,58,0.0
1788187592.63,16E9,0,121,58,0.0
1788187592.67,16F0,3,131,58,0.0
1788187592.70,1704,0,0,58,0.0
1788187592.71,010B,33,0,58,0.0
1788187592.73,1706,128,0,58,0.0
1788187592.76,1709,0,0,58,0.0
1788187592.76,0110,1,1,58,0.0
1788187592.79,1717,1,0,58,0.0
1788187592.81,010B,33,0,58,0.0
1788187592.83,1718,1,0,58,0.0
1788187592.86,1746,0,0,58,0.0
1788187592.86,0110,0,248,58,0.0
1788187592.89,1782,203,0,58,0.0
1788187592.92,010B,33,0,58,0.0
1788187592.92,1783,110,192,58,0.0
1788187592.95,17A0,255,0,58,0.0
1788187592.96,0110,0,245,58,0.0
1788187592.99,17A6,0,0,58,0.0
1788187593.01,010B,33,0,58,0.0
1788187593.03,17B0,23,0,58,0.0
1788187593.06,17B1,32,0,58,0.0
1788187593.06,0110,0,248,58,0.0
1788187593.09,17B2,4,0,58,0.0
1788187593.11,010B,33,0,58,0.0
1788187593.12,17B3,85,0,58,0.0
1788187593.15,17B5,80,0,58,0.0
1788187593.16,0110,0,248,58,0.0
1788187593.19,17B6,0,0,58,0.0
1788187593.22,17B8,241,0,58,0.0
1788187593.25,17BA,0,0,58,0.0
1788187593.26,0110,1,1,58,0.0
1788187593.28,17BB,0,0,58,0.0
1788187593.31,17BC,0,0,58,0.0
1788187593.35,17BD,147,0,58,0.0
1788187593.36,0110,0,251,58,0.0
1788187593.38,17BE,0,0,58,0.0
1788187593.41,17C1,234,0,58,0.0
1788187593.41,010B,33,0,58,0.0
1788187593.44,3201,23,112,58,0.0
1788187593.46,0110,0,251,58,0.0
1788187593.47,990A,49,0,58,0.0
1788187593.51,996E,12,28,58,0.0
1788187593.51,010B,33,0,58,0.0
1788187593.55,A211,0,0,58,0.0
1788187593.56,0110,1,1,58,0.0
1788187593.58,D100,129,0,58,0.0
1788187593.61,E21B,90,74,58,0.0
1788187593.61,010B,33,0,58,0.0
1788187593.64,E21C,49,56,58,0.0
1788187593.66,0110,0,254,58,0.0
1788187593.67,E21D,56,56,58,0.0
1788187593.71,E21E,70,0,58,0.0
1788187593.71,010B,33,0,58,0.0
1788187593.74,E6F0,90,74,58,0.0
1788187593.76,0110,1,1,58,0.0
1788187593.77,E6F2,240,0,58,0.0
1788187593.80,E6F3,240,0,58,0.0
1788187593.81,010B,33,0,58,0.0
1788187593.83,0105,98,0,58,0.0
1788187593.86,0110,0,254,58,0.0
1788187593.90,0110,1,1,58,0.0
1788187593.91,010B,33,0,58,0.0
1788187593.93,010B,33,0,58,0.0
1788187593.96,0106,122,0,58,0.0
1788187593.96,0110,0,251,58,0.0
1788187593.99,0107,130,0,58,0.0
1788187594.01,010B,33,0,58,0.0
1788187594.03,010E,141,0,58,0.0
1788187594.06,0142,55,143,58,0.0
1788187594.06,0110,0,251,58,0.0
1788187594.10,0000,190,63,58,0.0
1788187594.11,010B,33,0,58,0.0
1788187594.13,0002,0,0,58,0.0
1788187594.16,0003,2,0,58,0.0
1788187594.17,0110,0,254,58,0.0
1788187594.19,0005,98,0,58,0.0
1788187594.21,010B,33,0,58,0.0
1788187594.23,0006,123,0,58,0.0
1788187594.26,0007,130,0,58,0.0
1788187594.26,0110,0,248,58,0.0
1788187594.29,000B,33,0,58,0.0
1788187594.31,010B,33,0,58,0.0
1788187594.32,000C,13,156,58,0.0
1788187594.36,000D,0,0,58,0.0
1788187594.36,0110,0,245,58,0.0
1788187594.39,000E,143,0,58,0.0
1788187594.41,010B,33,0,58,0.0
1788187594.43,000F,68,0,58,0.0
1788187594.46,0010,0,251,58,0.0
1788187594.46,0110,0,248,58,0.0
1788187594.47,17B3,85,0,58,0.0
1788187594.49,0011,29,0,58,0.0
1788187594.51,010B,33,0,58,0.0
1788187594.52,0013,1,0,58,0.0
1788187594.55,001C,10,0,58,0.0
1788187594.56,0110,1,1,58,0.0
1788187594.59,001F,0,222,58,0.0
1788187594.61,010B,33,0,58,0.0
1788187594.62,0020,128,21,58,0.0
1788187594.65,0021,0,0,58,0.0
1788187594.66,0110,1,1,58,0.0
1788187594.68,002C,0,0,58,0.0
1788187594.71,002E,0,0,58,0.0
1788187594.75,0030,255,0,58,0.0
1788187594.76,0110,0,251,58,0.0
1788187594.79,003C,13,132,58,0.0
1788187594.82,0040,104,0,58,0.0
1788187594.85,0042,55,152,58,0.0
1788187594.86,0110,0,251,58,0.0
1788187594.88,0043,0,56,58,0.0
1788187594.91,0200,0,0,58,0.0
1788187594.95,0202,0,0,58,0.0
1788187594.96,0110,1,1,58,0.0
1788187594.98,0900,5,125,58,0.0
1788187595.01,0968,0,0,58,0.0
1788187595.01,010B,33,0,58,0.0
1788187595.04,096E,13,156,58,0.0
1788187595.06,0110,0,251,58,0.0
1788187595.07,097C,113,211,58,0.0
1788187595.11,098E,0,0,58,0.0
1788187595.11,010B,33,0,58,0.0
1788187595.14,1101,0,0,58,0.0
1788187595.16,0110,0,254,58,0.0
1788187595.17,1103,16,0,58,0.0
1788187595.21,1104,0,0,58,0.0
1788187595.21,010B,33,0,58,0.0
1788187595.24,114A,102,64,58,0.0
1788187595.26,0110,0,242,59,0.0
1788187595.27,114D,74,0,59,0.0
1788187595.31,1153,52,129,59,0.0
1788187595.31,010B,33,0,59,0.0
1788187595.34,1154,29,128,59,0.0
1788187595.36,0110,1,1,59,0.0
1788187595.37,1169,29,125,59,0.0
1788187595.40,1173,2,98,59,0.0
1788187595.41,010B,33,0,59,0.0
1788187595.43,1177,20,140,59,0.0
1788187595.47,1410,0,245,59,0.0
1788187595.50,1631,1,0,59,0.0
1788187595.51,010B,33,0,59,0.0
1788187595.53,1678,0,0,59,0.0
1788187595.56,1681,0,0,59,0.0
1788187595.59,16CD,0,0,59,0.0
1788187595.61,010B,33,0,59,0.0
1788187595.63,16CE,0,0,59,0.0
1788187595.67,16CF,12,5,59,0.0
1788187595.70,16E8,50,197,59,0.0
1788187595.71,010B,33,0,59,0.0
1788187595.73,16E9,0,121,59,0.0
1788187595.76,16F0,3,131,59,0.0
1788187595.79,1704,0,0,59,0.0
1788187595.81,010B,33,0,59,0.0
1788187595.83,1706,128,0,59,0.0
1788187595.86,1709,0,0,59,0.0
1788187595.86,0110,0,254,59,0.0
1788187595.89,1717,1,0,59,0.0
1788187595.91,010B,33,0,59,0.0
1788187595.93,1718,1,0,59,0.0
1788187595.96,1746,0,0,59,0.0
1788187595.96,0110,1,1,59,0.0
1788187595.99,1782,203,0,59,0.0
1788187596.01,010B,33,0,59,0.0
1788187596.03,1783,110,192,59,0.0
1788187596.06,17A0,255,0,59,0.0
1788187596.06,0110,1,1,59,0.0
1788187596.09,17A6,0,0,59,0.0
1788187596.11,010B,33,0,59,0.0
1788187596.12,17B0,23,0,59,0.0
1788187596.15,17B1,32,0,59,0.0
1788187596.16,0110,0,251,59,0.0
1788187596.19,17B2,4,0,59,0.0
1788187596.21,010B,33,0,59,0.0
1788187596.23,17B3,85,0,59,0.0
1788187596.26,17B5,80,0,59,0.0
1788187596.26,0110,1,1,59,0.0
1788187596.29,17B6,0,0,59,0.0
1788187596.32,010B,33,0,59,0.0
1788187596.32,17B8,241,0,59,0.0
1788187596.35,17BA,0,0,59,0.0
1788187596.36,0110,1,1,59,0.0
1788187596.39,17BB,0,0,59,0.0
1788187596.41,010B,33,0,59,0.0
1788187596.42,17BC,0,0,59,0.0
1788187596.45,17BD,146,0,59,0.0
1788187596.46,0110,0,248,59,0.0
1788187596.47,17B3,85,0,59,0.0
1788187596.48,17BE,0,0,59,0.0
1788187596.51,17C1,234,0,59,0.0
1788187596.55,3201,23,112,59,0.0
1788187596.56,0110,0,254,59,0.0
1788187596.58,990A,49,0,59,0.0
1788187596.61,996E,12,28,59,0.0
1788187596.61,010B,33,0,59,0.0
1788187596.64,A211,0,0,59,0.0
1788187596.66,0110,0,251,59,0.0
1788187596.68,D100,129,0,59,0.0
1788187596.72,E21B,90,74,59,0.0
1788187596.75,E21C,49,56,59,0.0
1788187596.76,0110,0,251,59,0.0
1788187596.78,E21D,56,56,59,0.0
1788187596.81,E21E,70,0,59,0.0
1788187596.81,010B,33,0,59,0.0
1788187596.84,E6F0,90,74,59,0.0
1788187596.86,0110,0,254,59,0.0
1788187596.88,E6F2,240,0,59,0.0
1788187596.91,E6F3,240,0,59,0.0
1788187596.91,010B,33,0,59,0.0
1788187596.93,0105,99,0,59,0.0
1788187596.96,0110,0,251,59,0.0
1788187596.97,010F,68,0,59,0.0
1788187597.00,0110,0,251,59,0.0
1788187597.01,010B,33,0,59,0.0
1788187597.03,010B,33,0,59,0.0
1788187597.06,0110,1,1,59,0.0
1788187597.10,0107,130,0,59,0.0
1788187597.11,010B,33,0,59,0.0
1788187597.13,010E,143,0,59,0.0
1788187597.16,0142,55,148,59,0.0
1788187597.16,0110,0,245,59,0.0
1788187597.20,0000,190,63,59,0.0
1788187597.21,010B,33,0,59,0.0
1788187597.23,0002,0,0,59,0.0
1788187597.26,0003,2,0,59,0.0
1788187597.26,0110,0,248,59,0.0
1788187597.29,0005,99,0,59,0.0
1788187597.31,010B,33,0,59,0.0
1788187597.33,0006,120,0,59,0.0
1788187597.36,0007,130,0,59,0.0
1788187597.40,000B,33,0,59,0.0
1788187597.41,010B,33,0,59,0.0
1788187597.43,000C,13,123,59,0.0
1788187597.46,000D,0,0,59,0.0
1788187597.46,0110,0,248,59,0.0
1788187597.49,000E,147,0,59,0.0
1788187597.51,010B,33,0,59,0.0
1788187597.52,000F,68,0,59,0.0
1788187597.56,0010,0,251,59,0.0
1788187597.56,0110,0,248,59,0.0
1788187597.59,0011,29,0,59,0.0
1788187597.61,010B,33,0,59,0.0
1788187597.62,0013,1,0,59,0.0
1788187597.66,001C,10,0,59,0.0
1788187597.66,0110,0,251,59,0.0
1788187597.68,001F,0,225,59,0.0
1788187597.71,010B,33,0,59,0.0
1788187597.72,0020,128,21,59,0.0
1788187597.76,0021,0,0,59,0.0
1788187597.77,0110,1,4,59,0.0
1788187597.79,002C,0,0,59,0.0
1788187597.82,002E,0,0,59,0.0
1788187597.85,0030,255,0,59,0.0
1788187597.87,0110,0,251,59,0.0
1788187597.88,003C,13,154,59,0.0
1788187597.92,0040,104,0,59,0.0
1788187597.95,0042,55,145,59,0.0
1788187597.96,0110,0,248,59,0.0
1788187597.98,0043,0,56,59,0.0
1788187598.02,0200,0,0,59,0.0
1788187598.05,0202,0,0,59,0.0
1788187598.06,0110,0,251,59,0.0
1788187598.08,0900,5,125,59,0.0
1788187598.12,0968,0,0,59,0.0
1788187598.15,096E,13,134,59,0.0
1788187598.16,0110,0,254,59,0.0
1788187598.18,097C,113,213,59,0.0
1788187598.21,098E,0,0,59,0.0
1788187598.21,010B,33,0,59,0.0
1788187598.24,1101,0,0,59,0.0
1788187598.26,0110,0,251,59,0.0
1788187598.28,1103,16,0,59,0.0
1788187598.31,1104,0,0,59,0.0
1788187598.31,010B,33,0,59,0.0
1788187598.34,114A,102,64,59,0.0
1788187598.36,0110,0,248,59,0.0
1788187598.37,114D,73,192,59,0.0
1788187598.40,1153,52,73,59,0.0
1788187598.41,010B,33,0,59,0.0
1788187598.44,1154,29,128,59,0.0
1788187598.46,0110,0,242,59,0.0
1788187598.47,17B3,85,0,59,0.0
1788187598.50,1173,0,65,59,0.0
1788187598.51,010B,33,0,59,0.0
1788187598.53,1177,20,120,59,0.0
1788187598.56,1410,0,237,59,0.0
1788187598.60,1631,1,0,59,0.0
1788187598.61,010B,33,0,59,0.0
1788187598.64,1678,0,0,59,0.0
1788187598.67,1681,0,0,59,0.0
1788187598.70,16CD,0,0,59,0.0
1788187598.71,010B,33,0,59,0.0
1788187598.73,16CE,0,0,59,0.0
1788187598.76,16CF,12,32,59,0.0
1788187598.80,16E8,50,167,59,0.0
1788187598.81,010B,33,0,59,0.0
1788187598.83,16E9,0,121,59,0.0
1788187598.86,16F0,3,131,59,0.0
1788187598.86,0110,0,248,59,0.0
1788187598.89,1704,0,0,59,0.0
1788187598.91,010B,33,0,59,0.0
1788187598.92,1706,128,0,59,0.0
1788187598.96,1709,0,0,59,0.0
1788187598.96,0110,0,248,59,0.0
1788187599.00,1717,1,0,59,0.0
1788187599.01,010B,33,0,59,0.0
1788187599.03,1718,1,0,59,0.0
1788187599.06,1746,0,0,59,0.0
1788187599.06,0110,0,245,59,0.0
1788187599.09,1782,202,192,59,0.0
1788187599.11,010B,33,0,59,0.0
1788187599.13,1783,110,192,59,0.0
1788187599.16,17A0,255,0,59,0.0
1788187599.16,0110,0,251,59,0.0
1788187599.19,17A6,0,0,59,0.0
1788187599.21,010B,33,0,59,0.0
1788187599.22,17B0,22,0,59,0.0
1788187599.25,17B1,32,0,59,0.0
1788187599.26,0110,0,245,59,0.0
1788187599.28,17B2,4,0,59,0.0
1788187599.32,17B3,85,0,59,0.0
1788187599.35,17B5,80,0,59,0.0
1788187599.36,0110,0,248,59,0.0
1788187599.38,17B6,0,0,59,0.0
1788187599.41,17B8,241,0,59,0.0
1788187599.41,010B,33,0,59,0.0
1788187599.44,17BA,0,0,59,0.0
1788187599.46,0110,0,254,59,0.0
1788187599.46,0142,55,141,59,0.0
1788187599.48,17BB,0,0,59,0.0
1788187599.51,17BC,0,0,59,0.0
1788187599.51,010B,33,0,59,0.0
1788187599.55,17BD,146,0,59,0.0
1788187599.56,0110,0,245,59,0.0
1788187599.58,17BE,0,0,59,0.0
1788187599.61,17C1,234,0,59,0.0
1788187599.61,010B,33,0,59,0.0
1788187599.64,3201,23,112,59,0.0
1788187599.66,0110,0,251,59,0.0
1788187599.68,990A,49,0,59,0.0
1788187599.71,996E,12,28,59,0.0
1788187599.71,010B,33,0,59,0.0
1788187599.74,A211,0,0,59,0.0
1788187599.76,0110,0,254,59,0.0
1788187599.77,D100,129,0,59,0.0
1788187599.80,E21B,90,74,59,0.0
1788187599.81,010B,33,0,59,0.0
1788187599.84,E21C,49,56,59,0.0
1788187599.86,0110,0,251,59,0.0
1788187599.87,E21D,56,56,59,0.0
1788187599.90,E21E,70,0,59,0.0
1788187599.91,010B,33,0,59,0.0
1788187599.93,E6F0,90,74,59,0.0
1788187599.96,E6F2,240,0,59,0.0
1788187600.00,E6F3,240,0,59,0.0
1788187600.01,010B,33,0,59,0.0
1788187600.03,0105,99,0,59,0.0
1788187600.06,010F,68,0,59,0.0
1788187600.06,0110,1,1,59,0.0
1788187600.09,0110,0,248,59,0.0
1788187600.11,010B,33,0,59,0.0
1788187600.13,010B,33,0,59,0.0
1788187600.16,0106,124,0,59,0.0
1788187600.16,0110,0,254,59,0.0
1788187600.19,0107,130,0,59,0.0
1788187600.21,010B,33,0,59,0.0
1788187600.23,010E,140,0,59,0.0
1788187600.26,0142,55,143,59,0.0
1788187600.26,0110,0,254,59,0.0
1788187600.29,0000,190,63,59,0.0
1788187600.31,010B,33,0,59,0.0
1788187600.33,0002,0,0,59,0.0
1788187600.36,0003,2,0,59,0.0
1788187600.40,0005,99,0,59,0.0
1788187600.41,010B,33,0,59,0.0
1788187600.43,0006,123,0,59,0.0
1788187600.46,0007,130,0,59,0.0
1788187600.46,0110,0,251,59,0.0
1788187600.47,17B3,85,0,59,0.0
1788187600.49,000B,33,0,59,0.0
1788187600.51,010B,33,0,59,0.0
1788187600.52,000C,13,143,59,0.0
1788187600.56,000D,0,0,59,0.0
1788187600.56,0110,0,254,59,0.0
1788187600.59,000E,141,0,59,0.0
1788187600.61,010B,33,0,59,0.0
1788187600.62,000F,68,0,59,0.0
1788187600.65,0010,0,254,59,0.0
1788187600.66,0110,1,1,59,0.0
1788187600.68,0011,29,0,59,0.0
1788187600.71,010B,33,0,59,0.0
1788187600.72,0013,1,0,59,0.0
1788187600.75,001C,10,0,59,0.0
1788187600.76,0110,0,248,59,0.0
1788187600.78,001F,0,228,59,0.0
1788187600.81,0020,128,21,59,0.0
1788187600.84,0021,0,0,59,0.0
1788187600.86,0110,0,242,59,0.0
1788187600.88,002C,0,0,59,0.0
1788187600.91,002E,0,0,59,0.0
1788187600.91,010B,33,0,59,0.0
1788187600.94,0030,255,0,59,0.0
1788187600.96,0110,0,245,59,0.0
1788187600.98,003C,13,178,59,0.0
1788187601.01,0040,104,0,59,0.0
1788187601.01,010B,33,0,59,0.0
1788187601.05,0042,55,139,59,0.0
1788187601.06,0110,0,251,59,0.0
1788187601.08,0043,0,56,59,0.0
1788187601.11,0200,0,0,59,0.0
1788187601.12,010B,33,0,59,0.0
1788187601.14,0202,0,0,59,0.0
1788187601.16,0110,0,248,59,0.0
1788187601.17,0900,5,120,59,0.0
1788187601.20,0968,0,0,59,0.0
1788187601.21,010B,33,0,59,0.0
1788187601.24,096E,13,113,59,0.0
1788187601.26,0110,0,248,59,0.0
1788187601.28,097C,113,215,59,0.0
1788187601.31,098E,0,0,59,0.0
1788187601.31,010B,33,0,59,0.0
1788187601.34,1101,0,0,59,0.0
1788187601.36,0110,0,248,59,0.0
1788187601.37,1103,16,0,59,0.0
1788187601.40,1104,0,0,59,0.0
1788187601.41,010B,33,0,59,0.0
1788187601.44,114A,102,64,59,0.0
1788187601.46,0110,0,254,59,0.0
1788187601.47,114D,73,64,59,0.0
1788187601.50,1153,52,63,59,0.0
1788187601.51,010B,33,0,59,0.0
1788187601.53,1154,29,128,59,0.0
1788187601.56,1169,29,125,59,0.0
1788187601.57,0110,0,254,59,0.0
1788187601.60,1173,2,213,59,0.0
1788187601.61,010B,33,0,59,0.0
1788187601.63,1177,20,100,59,0.0
1788187601.66,1410,0,238,59,0.0
1788187601.66,0110,0,251,59,0.0
1788187601.69,1631,1,0,59,0.0
1788187601.71,010B,33,0,59,0.0
1788187601.73,1678,0,0,59,0.0
1788187601.77,1681,0,0,59,0.0
1788187601.80,16CD,0,0,59,0.0
1788187601.81,010B,33,0,59,0.0
1788187601.83,16CE,0,0,59,0.0
1788187601.86,16CF,12,25,59,0.0
1788187601.86,0110,0,248,59,0.0
1788187601.89,16E8,50,3,59,0.0
1788187601.91,010B,33,0,59,0.0
1788187601.93,16E9,0,120,59,0.0
1788187601.96,16F0,3,131,59,0.0
1788187601.97,0110,0,245,59,0.0
1788187601.99,1704,0,0,59,0.0
1788187602.01,010B,33,0,59,0.0
1788187602.02,1706,128,0,59,0.0
1788187602.06,1709,0,0,59,0.0
1788187602.06,0110,0,248,59,0.0
1788187602.09,1717,1,0,59,0.0
1788187602.11,010B,33,0,59,0.0
1788187602.13,1718,1,0,59,0.0
1788187602.16,1746,0,0,59,0.0
1788187602.16,0110,0,248,59,0.0
1788187602.19,1782,202,192,59,0.0
1788187602.21,010B,33,0,59,0.0
1788187602.22,1783,110,192,59,0.0
1788187602.25,17A0,255,0,59,0.0
1788187602.26,0110,0,251,59,0.0
1788187602.29,17A6,0,0,59,0.0
1788187602.31,010B,33,0,59,0.0
1788187602.35,17B1,32,0,59,0.0
1788187602.36,0110,0,248,59,0.0
1788187602.38,17B2,4,0,59,0.0
1788187602.41,17B3,85,0,59,0.0
1788187602.45,17B5,80,0,59,0.0
1788187602.46,0110,1,1,59,0.0
1788187602.47,17B3,85,0,59,0.0
1788187602.48,17B6,0,0,59,0.0
1788187602.51,17B8,240,0,59,0.0
1788187602.51,010B,33,0,59,0.0
1788187602.55,17BA,0,0,59,0.0
1788187602.56,0110,0,248,59,0.0
1788187602.58,17BB,0,0,59,0.0
1788187602.61,17BC,0,0,59,0.0
1788187602.65,17BD,146,0,59,0.0
1788187602.66,0110,0,248,59,0.0
1788187602.68,17BE,0,0,59,0.0
1788187602.71,17C1,234,0,59,0.0
1788187602.71,010B,33,0,59,0.0
1788187602.75,3201,23,112,59,0.0
1788187602.76,0110,0,245,59,0.0
1788187602.78,990A,49,0,59,0.0
1788187602.81,996E,12,28,59,0.0
1788187602.85,A211,0,0,59,0.0
1788187602.86,0110,0,245,59,0.0
1788187602.88,D100,129,0,59,0.0
1788187602.91,E21B,90,74,59,0.0
1788187602.91,010B,33,0,59,0.0
1788187602.94,E21C,49,56,59,0.0
1788187602.96,0110,0,239,59,0.0
1788187602.97,E21D,56,56,59,0.0
1788187603.01,E21E,70,0,59,0.0
1788187603.01,010B,33,0,59,0.0
1788187603.04,E6F0,90,74,59,0.0
1788187603.06,0110,0,248,59,0.0
1788187603.07,E6F2,240,0,59,0.0
1788187603.10,E6F3,240,0,59,0.0
1788187603.11,010B,33,0,59,0.0
1788187603.13,0105,99,0,59,0.0
1788187603.16,0110,0,251,59,0.0
1788187603.17,010F,68,0,59,0.0
1788187603.20,0110,0,251,59,0.0
1788187603.21,010B,33,0,59,0.0
1788187603.23,010B,33,0,59,0.0
1788187603.26,0110,0,251,59,0.0
1788187603.26,0106,122,0,59,0.0
1788187603.30,0107,130,0,59,0.0
1788187603.31,010B,33,0,59,0.0
1788187603.33,010E,142,0,59,0.0
1788187603.36,0142,55,154,59,0.0
1788187603.40,0000,190,63,59,0.0
1788187603.42,010B,33,0,59,0.0
1788187603.44,0002,0,0,59,0.0
1788187603.46,0110,0,251,59,0.0
1788187603.47,0003,2,0,59,0.0
1788187603.50,0005,99,0,59,0.0
1788187603.52,010B,33,0,59,0.0
1788187603.53,0006,123,0,59,0.0
1788187603.57,0007,130,0,59,0.0
1788187603.60,000B,33,0,59,0.0
1788187603.61,010B,33,0,59,0.0
1788187603.63,000C,13,105,59,0.0
1788187603.66,000D,0,0,59,0.0
1788187603.66,0110,0,245,59,0.0
1788187603.69,000E,142,0,59,0.0
1788187603.71,010B,33,0,59,0.0
1788187603.73,000F,68,0,59,0.0
1788187603.77,0010,0,251,59,0.0
1788187603.80,0011,29,0,59,0.0
1788187603.82,010B,33,0,59,0.0
1788187603.83,0013,1,0,59,0.0
1788187603.86,001C,10,0,59,0.0
1788187603.86,0110,0,248,59,0.0
1788187603.89,001F,0,232,59,0.0
1788187603.91,010B,33,0,59,0.0
1788187603.93,0020,128,21,59,0.0
1788187603.96,0021,0,0,59,0.0
1788187603.96,0110,0,245,59,0.0
1788187603.99,002C,0,0,59,0.0
1788187604.01,010B,33,0,59,0.0
1788187604.02,002E,0,0,59,0.0
1788187604.05,0030,255,0,59,0.0
1788187604.06,0110,0,239,59,0.0
1788187604.09,003C,13,202,59,0.0
1788187604.11,010B,33,0,59,0.0
1788187604.12,0040,104,0,59,0.0
1788187604.15,0042,55,153,59,0.0
1788187604.17,0110,0,245,59,0.0
1788187604.18,0043,0,56,59,0.0
1788187604.21,0200,0,0,59,0.0
1788187604.25,0202,0,0,59,0.0
1788187604.26,0110,0,245,59,0.0
1788187604.28,0900,5,125,59,0.0
1788187604.31,0968,0,0,59,0.0
1788187604.31,010B,33,0,59,0.0
1788187604.35,096E,13,100,59,0.0
1788187604.37,0110,0,245,59,0.0
1788187604.38,097C,113,212,59,0.0
1788187604.41,098E,0,0,59,0.0
1788187604.45,1101,0,0,59,0.0
1788187604.46,0110,1,1,59,0.0
1788187604.47,17B3,85,0,59,0.0
1788187604.48,1103,16,0,59,0.0
1788187604.51,1104,0,0,59,0.0
1788187604.51,010B,33,0,59,0.0
1788187604.54,114A,102,0,59,0.0
1788187604.56,0110,0,242,59,0.0
1788187604.57,114D,73,0,59,0.0
1788187604.61,1153,51,242,59,0.0
1788187604.65,1154,29,128,59,0.0
1788187604.66,0110,0,251,59,0.0
1788187604.68,1169,29,125,59,0.0
1788187604.71,1173,2,228,59,0.0
1788187604.71,010B,33,0,59,0.0
1788187604.74,1177,20,120,59,0.0
1788187604.76,0110,0,254,59,0.0
1788187604.77,1410,0,239,59,0.0
1788187604.81,1631,1,0,59,0.0
1788187604.81,010B,33,0,59,0.0
1788187604.84,1678,0,0,59,0.0
1788187604.86,0110,0,248,59,0.0
1788187604.87,1681,0,0,59,0.0
1788187604.90,16CD,0,0,59,0.0
1788187604.91,010B,33,0,59,0.0
1788187604.93,16CE,0,0,59,0.0
1788187604.96,0110,0,254,59,0.0
1788187604.97,16CF,11,251,59,0.0
1788187605.00,16E8,48,163,59,0.0
1788187605.01,010B,33,0,59,0.0
1788187605.03,16E9,0,121,59,0.0
1788187605.06,16F0,3,131,59,0.0
1788187605.10,1704,0,0,59,0.0
1788187605.11,010B,33,0,59,0.0
1788187605.13,1706,128,0,59,0.0
1788187605.17,1709,0,0,59,0.0
1788187605.20,1717,1,0,59,0.0
1788187605.21,010B,33,0,59,0.0
1788187605.23,1718,1,0,59,0.0
1788187605.26,1746,0,0,59,0.0
1788187605.26,0110,0,248,59,0.0
1788187605.29,1782,202,128,59,0.0
1788187605.31,010B,33,0,59,0.0
1788187605.33,1783,110,192,59,0.0
1788187605.36,17A0,255,0,59,0.0
1788187605.36,0110,0,248,59,0.0
1788187605.39,17A6,0,0,59,0.0
1788187605.41,010B,33,0,59,0.0
1788187605.43,17B0,23,0,59,0.0
1788187605.46,17B1,32,0,59,0.0
1788187605.46,0110,0,245,59,0.0
1788187605.49,17B2,4,0,59,0.0
1788187605.51,010B,33,0,59,0.0
1788187605.53,17B3,85,0,59,0.0
1788187605.56,17B5,80,0,59,0.0
1788187605.56,0110,0,251,59,0.0
1788187605.59,17B6,0,0,59,0.0
1788187605.61,010B,33,0,59,0.0
1788187605.62,17B8,240,0,59,0.0
1788187605.65,17BA,0,0,59,0.0
1788187605.66,0110,0,248,59,0.0
1788187605.69,17BB,0,0,59,0.0
1788187605.71,010B,33,0,59,0.0
1788187605.73,17BC,0,0,59,0.0
1788187605.76,17BD,146,0,59,0.0
1788187605.76,0110,0,248,59,0.0
1788187605.79,17BE,0,0,59,0.0
1788187605.81,010B,33,0,59,0.0
1788187605.82,17C1,234,0,59,0.0
1788187605.85,3201,23,112,59,0.0
1788187605.86,0110,0,245,59,0.0
1788187605.89,990A,49,0,59,0.0
1788187605.92,996E,12,28,59,0.0
1788187605.95,A211,0,0,59,0.0
1788187605.96,0110,0,245,59,0.0
1788187605.98,D100,129,0,59,0.0
1788187606.01,E21B,90,74,59,0.0
1788187606.05,E21C,49,56,59,0.0
1788187606.06,0110,0,245,59,0.0
1788187606.08,E21D,56,56,59,0.0
1788187606.11,E21E,70,0,59,0.0
1788187606.11,010B,33,0,59,0.0
1788187606.14,E6F0,90,74,59,0.0
1788187606.16,0110,0,245,59,0.0
1788187606.18,E6F2,240,0,59,0.0
1788187606.21,E6F3,240,0,59,0.0
1788187606.24,0105,99,0,59,0.0
1788187606.26,0110,0,251,59,0.0
1788187606.27,010F,68,0,59,0.0
1788187606.30,0110,0,254,59,0.0
1788187606.31,010B,33,0,59,0.0
1788187606.34,010B,33,0,59,0.0
1788187606.36,0110,0,254,59,0.0
1788187606.37,0106,122,0,59,0.0
1788187606.40,0107,130,0,59,0.0
1788187606.41,010B,33,0,59,0.0
1788187606.43,010E,143,0,59,0.0
1788187606.46,0110,0,251,60,0.0
1788187606.47,0142,55,141,60,0.0
1788187606.50,0000,190,63,60,0.0
1788187606.51,010B,33,0,60,0.0
1788187606.54,0002,0,0,60,0.0
1788187606.57,0003,2,0,59,0.0
1788187606.60,0005,100,0,59,0.0
1788187606.61,010B,33,0,59,0.0
1788187606.63,0006,123,0,59,0.0
1788187606.66,0007,130,0,60,0.0
1788187606.70,000B,33,0,60,0.0
1788187606.71,010B,33,0,60,0.0
1788187606.73,000C,13,101,60,0.0
1788187606.76,000D,0,0,60,0.0
1788187606.76,0110,0,245,60,0.0
1788187606.80,000E,139,0,60,0.0
1788187606.81,010B,33,0,60,0.0
1788187606.83,000F,68,0,60,0.0
1788187606.86,0010,0,242,60,0.0
1788187606.90,0011,29,0,60,0.0
1788187606.91,010B,33,0,60,0.0
1788187606.93,0013,1,0,60,0.0
1788187606.96,001C,10,0,60,0.0
1788187606.96,0110,0,242,60,0.0
1788187606.99,001F,0,235,60,0.0
1788187607.01,010B,33,0,60,0.0
1788187607.02,0020,128,21,60,0.0
1788187607.06,0021,0,0,60,0.0
1788187607.06,0110,0,245,60,0.0
1788187607.09,002C,0,0,60,0.0
1788187607.11,010B,33,0,60,0.0
1788187607.12,002E,0,0,60,0.0
1788187607.15,0030,255,0,60,0.0
1788187607.16,0110,0,242,60,0.0
1788187607.18,003C,13,226,60,0.0
1788187607.22,0040,104,0,60,0.0
1788187607.25,0042,55,123,60,0.0
1788187607.26,0110,0,239,60,0.0
1788187607.28,0043,0,55,60,0.0
1788187607.31,0200,0,0,60,0.0
1788187607.31,010B,33,0,60,0.0
1788187607.34,0202,0,0,60,0.0
1788187607.36,0110,0,251,60,0.0
1788187607.38,0900,5,120,60,0.0
1788187607.42,0968,0,0,60,0.0
1788187607.45,096E,13,78,60,0.0
1788187607.46,0110,0,245,60,0.0
1788187607.48,097C,113,214,60,0.0
1788187607.51,098E,0,0,60,0.0
1788187607.51,010B,33,0,60,0.0
1788187607.54,1101,0,0,60,0.0
1788187607.56,0110,0,242,60,0.0
1788187607.58,1103,16,0,60,0.0
1788187607.61,1104,0,0,60,0.0
1788187607.61,010B,33,0,60,0.0
1788187607.64,114A,102,0,60,0.0
1788187607.66,0110,0,245,60,0.0
1788187607.67,114D,72,128,60,0.0
1788187607.70,1153,51,227,60,0.0
1788187607.72,010B,33,0,60,0.0
1788187607.74,1154,29,128,60,0.0
1788187607.76,0110,0,251,60,0.0
1788187607.77,1169,29,125,60,0.0
1788187607.80,1173,1,54,60,0.0
1788187607.81,010B,33,0,60,0.0
1788187607.83,1177,20,100,60,0.0
1788187607.86,0110,0,248,60,0.0
1788187607.90,1631,1,0,60,0.0
1788187607.91,010B,33,0,60,0.0
1788187607.94,1678,0,0,60,0.0
1788187607.97,1681,0,0,60,0.0
1788187608.00,16CD,0,0,60,0.0
1788187608.01,010B,33,0,60,0.0
1788187608.03,16CE,0,0,60,0.0
1788187608.06,16CF,12,16,60,0.0
1788187608.10,16E8,51,230,60,0.0
1788187608.11,010B,33,0,60,0.0
1788187608.13,16E9,0,121,60,0.0
1788187608.16,16F0,3,131,60,0.0
1788187608.16,0110,0,242,60,0.0
1788187608.19,1704,0,0,60,0.0
1788187608.21,010B,33,0,60,0.0
1788187608.22,1706,128,0,60,0.0
1788187608.26,1709,0,0,60,0.0
1788187608.26,0110,0,242,60,0.0
1788187608.29,1717,1,0,60,0.0
1788187608.31,010B,33,0,60,0.0
1788187608.32,1718,1,0,60,0.0
1788187608.35,1746,0,0,60,0.0
1788187608.36,0110,0,245,60,0.0
1788187608.38,1782,202,128,60,0.0
1788187608.42,1783,110,192,60,0.0
1788187608.45,17A0,255,0,60,0.0
1788187608.46,0110,0,254,60,0.0
1788187608.47,17B3,85,0,60,0.0
1788187608.48,17A6,0,0,60,0.0
1788187608.51,17B0,22,0,60,0.0
1788187608.51,010B,33,0,60,0.0
1788187608.54,17B1,32,0,60,0.0
1788187608.56,0110,0,254,60,0.0
1788187608.58,17B2,4,0,60,0.0
1788187608.62,17B3,85,0,60,0.0
1788187608.65,17B5,80,0,60,0.0
1788187608.66,0110,0,242,60,0.0
1788187608.68,17B6,0,0,60,0.0
1788187608.71,17B8,240,0,60,0.0
1788187608.71,010B,33,0,60,0.0
1788187608.74,17BA,0,0,60,0.0
1788187608.76,0110,0,239,60,0.0
1788187608.78,17BB,0,0,60,0.0
1788187608.81,17BC,0,0,60,0.0
1788187608.81,010B,33,0,60,0.0
1788187608.84,17BD,146,0,60,0.0
1788187608.86,0110,0,242,60,0.0
1788187608.87,17BE,0,0,60,0.0
1788187608.90,17C1,234,0,60,0.0
1788187608.91,010B,33,0,60,0.0
1788187608.94,3201,23,112,60,0.0
1788187608.96,0110,0,242,60,0.0
1788187608.97,990A,49,0,60,0.0
1788187609.00,996E,12,8,60,0.0
1788187609.01,010B,33,0,60,0.0
1788187609.03,A211,0,0,60,0.0
1788187609.06,D100,129,0,60,0.0
1788187609.10,E21B,90,74,60,0.0
1788187609.11,010B,33,0,60,0.0
1788187609.14,E21C,49,56,60,0.0
1788187609.17,E21D,56,56,60,0.0
1788187609.20,E21E,70,0,60,0.0
1788187609.21,010B,33,0,60,0.0
1788187609.23,E6F0,90,74,60,0.0
1788187609.26,E6F2,240,0,60,0.0
1788187609.30,E6F3,240,0,60,0.0
1788187609.31,010B,33,0,60,0.0
1788187609.33,0105,100,0,60,0.0
1788187609.36,010F,68,0,60,0.0
1788187609.36,0110,0,242,60,0.0
1788187609.40,0110,0,242,60,0.0
1788187609.41,010B,33,0,60,0.0
1788187609.43,010B,33,0,60,0.0
1788187609.46,0106,121,0,60,0.0
1788187609.46,0110,0,236,60,0.0
1788187609.49,0107,130,0,60,0.0
1788187609.51,010B,33,0,60,0.0
1788187609.53,010E,142,0,60,0.0
1788187609.56,0142,55,149,60,0.0
1788187609.56,0110,0,245,60,0.0
1788187609.60,0000,190,63,60,0.0
1788187609.61,010B,33,0,60,0.0
1788187609.63,0002,0,0,60,0.0
1788187609.66,0003,2,0,60,0.0
1788187609.70,0005,100,0,60,0.0
1788187609.71,010B,33,0,60,0.0
1788187609.73,0006,120,0,60,0.0
1788187609.77,0007,130,0,60,0.0
1788187609.80,000B,33,0,60,0.0
1788187609.81,010B,33,0,60,0.0
1788187609.83,000C,13,67,60,0.0
1788187609.86,000D,0,0,60,0.0
1788187609.90,000E,143,0,60,0.0
1788187609.91,010B,33,0,60,0.0
1788187609.93,000F,68,0,60,0.0
1788187609.96,0010,0,245,60,0.0
1788187609.96,0110,0,245,60,0.0
1788187609.99,0011,29,0,60,0.0
1788187610.01,010B,33,0,60,0.0
1788187610.02,0013,1,0,60,0.0
1788187610.06,001C,10,0,60,0.0
1788187610.06,0110,0,242,60,0.0
1788187610.09,001F,0,238,60,0.0
1788187610.11,010B,33,0,60,0.0
1788187610.12,0020,128,21,60,0.0
1788187610.15,0021,0,0,60,0.0
1788187610.16,0110,0,239,60,0.0
1788187610.18,002C,0,0,60,0.0
1788187610.21,010B,33,0,60,0.0
1788187610.22,002E,0,0,60,0.0
1788187610.25,0030,255,0,60,0.0
1788187610.26,0110,0,251,60,0.0
1788187610.28,003C,13,246,60,0.0
1788187610.31,0040,104,0,60,0.0
1788187610.31,010B,33,0,60,0.0
1788187610.35,0042,55,152,60,0.0
1788187610.36,0110,0,245,60,0.0
1788187610.38,0043,0,56,60,0.0
1788187610.42,0200,0,0,60,0.0
1788187610.45,0202,0,0,60,0.0
1788187610.46,0110,0,242,60,0.0
1788187610.46,17B3,85,0,60,0.0
1788187610.48,0900,5,125,60,0.0
1788187610.51,0968,0,0,60,0.0
1788187610.51,010B,33,0,60,0.0
1788187610.54,096E,13,64,60,0.0
1788187610.56,0110,0,245,60,0.0
1788187610.58,097C,113,215,60,0.0
1788187610.61,098E,0,0,60,0.0
1788187610.61,010B,33,0,60,0.0
1788187610.64,1101,0,0,60,0.0
1788187610.66,0110,0,248,60,0.0
1788187610.67,1103,16,0,60,0.0
1788187610.70,1104,0,0,60,0.0
1788187610.71,010B,33,0,60,0.0
1788187610.74,114A,102,0,60,0.0
1788187610.76,0110,0,245,60,0.0
1788187610.77,114D,72,0,60,0.0
1788187610.81,1153,51,105,60,0.0
1788187610.81,010B,33,0,60,0.0
1788187610.84,1154,29,128,60,0.0
1788187610.86,0110,0,248,60,0.0
1788187610.87,1169,29,125,60,0.0
1788187610.90,1173,0,70,60,0.0
1788187610.91,010B,33,0,60,0.0
1788187610.94,1177,20,60,60,0.0
1788187610.96,0110,0,242,60,0.0
1788187611.00,1631,1,0,60,0.0
1788187611.01,010B,33,0,60,0.0
1788187611.03,1678,0,0,60,0.0
1788187611.06,1681,0,0,60,0.0
1788187611.10,16CD,0,0,60,0.0
1788187611.11,010B,33,0,60,0.0
1788187611.13,16CE,0,0,60,0.0
1788187611.16,16CF,11,251,60,0.0
1788187611.16,0110,0,242,60,0.0
1788187611.19,16E8,51,223,60,0.0
1788187611.21,010B,33,0,60,0.0
1788187611.23,16E9,0,121,60,0.0
1788187611.27,16F0,3,131,60,0.0
1788187611.30,1704,0,0,60,0.0
1788187611.31,010B,33,0,60,0.0
1788187611.33,1706,128,0,60,0.0
1788187611.36,1709,0,0,60,0.0
1788187611.36,0110,0,242,60,0.0
1788187611.39,1717,1,0,60,0.0
1788187611.41,010B,33,0,60,0.0
1788187611.43,1718,1,0,60,0.0
1788187611.46,1746,0,0,60,0.0
1788187611.46,0110,0,245,60,0.0
1788187611.46,0142,55,139,60,0.0
1788187611.50,1782,202,64,60,0.0
1788187611.51,010B,33,0,60,0.0
1788187611.53,1783,110,192,60,0.0
1788187611.56,17A0,255,0,60,0.0
1788187611.56,0110,0,248,60,0.0
1788187611.59,17A6,0,0,60,0.0
1788187611.63,17B0,22,0,60,0.0
1788187611.67,17B1,32,0,60,0.0
